dataset_id,paper_name,distribution,value,survival_probability,value_count,population_size,with_split_sha256
intermittent,Intermittent,sequence_length,2,1,4683,23387,dab4d8a7217f9c14d1c2336f649aef9ddaf2ba440d074e446d8fd5cc41506a30
intermittent,Intermittent,sequence_length,3,0.799760550733,2327,23387,dab4d8a7217f9c14d1c2336f649aef9ddaf2ba440d074e446d8fd5cc41506a30
intermittent,Intermittent,sequence_length,4,0.700260828665,2748,23387,dab4d8a7217f9c14d1c2336f649aef9ddaf2ba440d074e446d8fd5cc41506a30
intermittent,Intermittent,sequence_length,5,0.582759652799,1561,23387,dab4d8a7217f9c14d1c2336f649aef9ddaf2ba440d074e446d8fd5cc41506a30
intermittent,Intermittent,sequence_length,6,0.51601316971,1825,23387,dab4d8a7217f9c14d1c2336f649aef9ddaf2ba440d074e446d8fd5cc41506a30
intermittent,Intermittent,sequence_length,7,0.437978364048,1135,23387,dab4d8a7217f9c14d1c2336f649aef9ddaf2ba440d074e446d8fd5cc41506a30
intermittent,Intermittent,sequence_length,8,0.389447128747,1065,23387,dab4d8a7217f9c14d1c2336f649aef9ddaf2ba440d074e446d8fd5cc41506a30
intermittent,Intermittent,sequence_length,9,0.343909009279,745,23387,dab4d8a7217f9c14d1c2336f649aef9ddaf2ba440d074e446d8fd5cc41506a30
intermittent,Intermittent,sequence_length,10,0.31205370505,727,23387,dab4d8a7217f9c14d1c2336f649aef9ddaf2ba440d074e446d8fd5cc41506a30
intermittent,Intermittent,sequence_length,11,0.280968059178,521,23387,dab4d8a7217f9c14d1c2336f649aef9ddaf2ba440d074e446d8fd5cc41506a30
intermittent,Intermittent,sequence_length,12,0.258690725617,588,23387,dab4d8a7217f9c14d1c2336f649aef9ddaf2ba440d074e446d8fd5cc41506a30
intermittent,Intermittent,sequence_length,13,0.233548552615,419,23387,dab4d8a7217f9c14d1c2336f649aef9ddaf2ba440d074e446d8fd5cc41506a30
intermittent,Intermittent,sequence_length,14,0.215632616411,450,23387,dab4d8a7217f9c14d1c2336f649aef9ddaf2ba440d074e446d8fd5cc41506a30
intermittent,Intermittent,sequence_length,15,0.196391157481,308,23387,dab4d8a7217f9c14d1c2336f649aef9ddaf2ba440d074e446d8fd5cc41506a30
intermittent,Intermittent,sequence_length,16,0.183221447813,348,23387,dab4d8a7217f9c14d1c2336f649aef9ddaf2ba440d074e446d8fd5cc41506a30
intermittent,Intermittent,sequence_length,17,0.16834138624,262,23387,dab4d8a7217f9c14d1c2336f649aef9ddaf2ba440d074e446d8fd5cc41506a30
intermittent,Intermittent,sequence_length,18,0.157138581263,257,23387,dab4d8a7217f9c14d1c2336f649aef9ddaf2ba440d074e446d8fd5cc41506a30
intermittent,Intermittent,sequence_length,19,0.146149570274,221,23387,dab4d8a7217f9c14d1c2336f649aef9ddaf2ba440d074e446d8fd5cc41506a30
intermittent,Intermittent,sequence_length,20,0.136699875999,224,23387,dab4d8a7217f9c14d1c2336f649aef9ddaf2ba440d074e446d8fd5cc41506a30
intermittent,Intermittent,sequence_length,21,0.127121905332,205,23387,dab4d8a7217f9c14d1c2336f649aef9ddaf2ba440d074e446d8fd5cc41506a30
intermittent,Intermittent,sequence_length,22,0.118356351819,206,23387,dab4d8a7217f9c14d1c2336f649aef9ddaf2ba440d074e446d8fd5cc41506a30
intermittent,Intermittent,sequence_length,23,0.109548039509,175,23387,dab4d8a7217f9c14d1c2336f649aef9ddaf2ba440d074e446d8fd5cc41506a30
intermittent,Intermittent,sequence_length,24,0.102065249925,159,23387,dab4d8a7217f9c14d1c2336f649aef9ddaf2ba440d074e446d8fd5cc41506a30
intermittent,Intermittent,sequence_length,25,0.0952666011032,151,23387,dab4d8a7217f9c14d1c2336f649aef9ddaf2ba440d074e446d8fd5cc41506a30
intermittent,Intermittent,sequence_length,26,0.0888100226622,128,23387,dab4d8a7217f9c14d1c2336f649aef9ddaf2ba440d074e446d8fd5cc41506a30
intermittent,Intermittent,sequence_length,27,0.0833368965665,121,23387,dab4d8a7217f9c14d1c2336f649aef9ddaf2ba440d074e446d8fd5cc41506a30
intermittent,Intermittent,sequence_length,28,0.0781630820541,119,23387,dab4d8a7217f9c14d1c2336f649aef9ddaf2ba440d074e446d8fd5cc41506a30
intermittent,Intermittent,sequence_length,29,0.073074785137,98,23387,dab4d8a7217f9c14d1c2336f649aef9ddaf2ba440d074e446d8fd5cc41506a30
intermittent,Intermittent,sequence_length,30,0.06888442297,106,23387,dab4d8a7217f9c14d1c2336f649aef9ddaf2ba440d074e446d8fd5cc41506a30
intermittent,Intermittent,sequence_length,31,0.064351990422,75,23387,dab4d8a7217f9c14d1c2336f649aef9ddaf2ba440d074e446d8fd5cc41506a30
intermittent,Intermittent,sequence_length,32,0.0611450806003,102,23387,dab4d8a7217f9c14d1c2336f649aef9ddaf2ba440d074e446d8fd5cc41506a30
intermittent,Intermittent,sequence_length,33,0.0567836832428,82,23387,dab4d8a7217f9c14d1c2336f649aef9ddaf2ba440d074e446d8fd5cc41506a30
intermittent,Intermittent,sequence_length,34,0.0532774618378,57,23387,dab4d8a7217f9c14d1c2336f649aef9ddaf2ba440d074e446d8fd5cc41506a30
intermittent,Intermittent,sequence_length,35,0.0508402103733,56,23387,dab4d8a7217f9c14d1c2336f649aef9ddaf2ba440d074e446d8fd5cc41506a30
intermittent,Intermittent,sequence_length,36,0.0484457177064,56,23387,dab4d8a7217f9c14d1c2336f649aef9ddaf2ba440d074e446d8fd5cc41506a30
intermittent,Intermittent,sequence_length,37,0.0460512250396,55,23387,dab4d8a7217f9c14d1c2336f649aef9ddaf2ba440d074e446d8fd5cc41506a30
intermittent,Intermittent,sequence_length,38,0.0436994911703,54,23387,dab4d8a7217f9c14d1c2336f649aef9ddaf2ba440d074e446d8fd5cc41506a30
intermittent,Intermittent,sequence_length,39,0.0413905160987,48,23387,dab4d8a7217f9c14d1c2336f649aef9ddaf2ba440d074e446d8fd5cc41506a30
intermittent,Intermittent,sequence_length,40,0.0393380938128,51,23387,dab4d8a7217f9c14d1c2336f649aef9ddaf2ba440d074e446d8fd5cc41506a30
intermittent,Intermittent,sequence_length,41,0.037157395134,52,23387,dab4d8a7217f9c14d1c2336f649aef9ddaf2ba440d074e446d8fd5cc41506a30
intermittent,Intermittent,sequence_length,42,0.0349339376577,31,23387,dab4d8a7217f9c14d1c2336f649aef9ddaf2ba440d074e446d8fd5cc41506a30
intermittent,Intermittent,sequence_length,43,0.0336084149314,28,23387,dab4d8a7217f9c14d1c2336f649aef9ddaf2ba440d074e446d8fd5cc41506a30
intermittent,Intermittent,sequence_length,44,0.0324111685979,42,23387,dab4d8a7217f9c14d1c2336f649aef9ddaf2ba440d074e446d8fd5cc41506a30
intermittent,Intermittent,sequence_length,45,0.0306152990978,32,23387,dab4d8a7217f9c14d1c2336f649aef9ddaf2ba440d074e446d8fd5cc41506a30
intermittent,Intermittent,sequence_length,46,0.0292470175739,23,23387,dab4d8a7217f9c14d1c2336f649aef9ddaf2ba440d074e446d8fd5cc41506a30
intermittent,Intermittent,sequence_length,47,0.0282635652285,32,23387,dab4d8a7217f9c14d1c2336f649aef9ddaf2ba440d074e446d8fd5cc41506a30
intermittent,Intermittent,sequence_length,48,0.0268952837046,17,23387,dab4d8a7217f9c14d1c2336f649aef9ddaf2ba440d074e446d8fd5cc41506a30
intermittent,Intermittent,sequence_length,49,0.026168384145,31,23387,dab4d8a7217f9c14d1c2336f649aef9ddaf2ba440d074e446d8fd5cc41506a30
intermittent,Intermittent,sequence_length,50,0.0248428614187,28,23387,dab4d8a7217f9c14d1c2336f649aef9ddaf2ba440d074e446d8fd5cc41506a30
intermittent,Intermittent,sequence_length,51,0.0236456150853,23,23387,dab4d8a7217f9c14d1c2336f649aef9ddaf2ba440d074e446d8fd5cc41506a30
intermittent,Intermittent,sequence_length,52,0.02266216274,33,23387,dab4d8a7217f9c14d1c2336f649aef9ddaf2ba440d074e446d8fd5cc41506a30
intermittent,Intermittent,sequence_length,53,0.0212511224184,28,23387,dab4d8a7217f9c14d1c2336f649aef9ddaf2ba440d074e446d8fd5cc41506a30
intermittent,Intermittent,sequence_length,54,0.020053876085,16,23387,dab4d8a7217f9c14d1c2336f649aef9ddaf2ba440d074e446d8fd5cc41506a30
intermittent,Intermittent,sequence_length,55,0.019369735323,20,23387,dab4d8a7217f9c14d1c2336f649aef9ddaf2ba440d074e446d8fd5cc41506a30
intermittent,Intermittent,sequence_length,56,0.0185145593706,14,23387,dab4d8a7217f9c14d1c2336f649aef9ddaf2ba440d074e446d8fd5cc41506a30
intermittent,Intermittent,sequence_length,57,0.0179159362039,17,23387,dab4d8a7217f9c14d1c2336f649aef9ddaf2ba440d074e446d8fd5cc41506a30
intermittent,Intermittent,sequence_length,58,0.0171890366443,15,23387,dab4d8a7217f9c14d1c2336f649aef9ddaf2ba440d074e446d8fd5cc41506a30
intermittent,Intermittent,sequence_length,59,0.01654765468,12,23387,dab4d8a7217f9c14d1c2336f649aef9ddaf2ba440d074e446d8fd5cc41506a30
intermittent,Intermittent,sequence_length,60,0.0160345491085,15,23387,dab4d8a7217f9c14d1c2336f649aef9ddaf2ba440d074e446d8fd5cc41506a30
intermittent,Intermittent,sequence_length,61,0.0153931671441,12,23387,dab4d8a7217f9c14d1c2336f649aef9ddaf2ba440d074e446d8fd5cc41506a30
intermittent,Intermittent,sequence_length,62,0.0148800615727,12,23387,dab4d8a7217f9c14d1c2336f649aef9ddaf2ba440d074e446d8fd5cc41506a30
intermittent,Intermittent,sequence_length,63,0.0143669560012,14,23387,dab4d8a7217f9c14d1c2336f649aef9ddaf2ba440d074e446d8fd5cc41506a30
intermittent,Intermittent,sequence_length,64,0.0137683328345,13,23387,dab4d8a7217f9c14d1c2336f649aef9ddaf2ba440d074e446d8fd5cc41506a30
intermittent,Intermittent,sequence_length,65,0.0132124684654,5,23387,dab4d8a7217f9c14d1c2336f649aef9ddaf2ba440d074e446d8fd5cc41506a30
intermittent,Intermittent,sequence_length,66,0.0129986744773,12,23387,dab4d8a7217f9c14d1c2336f649aef9ddaf2ba440d074e446d8fd5cc41506a30
intermittent,Intermittent,sequence_length,67,0.0124855689058,11,23387,dab4d8a7217f9c14d1c2336f649aef9ddaf2ba440d074e446d8fd5cc41506a30
intermittent,Intermittent,sequence_length,68,0.012015222132,8,23387,dab4d8a7217f9c14d1c2336f649aef9ddaf2ba440d074e446d8fd5cc41506a30
intermittent,Intermittent,sequence_length,69,0.011673151751,6,23387,dab4d8a7217f9c14d1c2336f649aef9ddaf2ba440d074e446d8fd5cc41506a30
intermittent,Intermittent,sequence_length,70,0.0114165989652,7,23387,dab4d8a7217f9c14d1c2336f649aef9ddaf2ba440d074e446d8fd5cc41506a30
intermittent,Intermittent,sequence_length,71,0.0111172873819,8,23387,dab4d8a7217f9c14d1c2336f649aef9ddaf2ba440d074e446d8fd5cc41506a30
intermittent,Intermittent,sequence_length,72,0.0107752170009,13,23387,dab4d8a7217f9c14d1c2336f649aef9ddaf2ba440d074e446d8fd5cc41506a30
intermittent,Intermittent,sequence_length,73,0.0102193526318,15,23387,dab4d8a7217f9c14d1c2336f649aef9ddaf2ba440d074e446d8fd5cc41506a30
intermittent,Intermittent,sequence_length,74,0.00957797066746,10,23387,dab4d8a7217f9c14d1c2336f649aef9ddaf2ba440d074e446d8fd5cc41506a30
intermittent,Intermittent,sequence_length,75,0.00915038269124,3,23387,dab4d8a7217f9c14d1c2336f649aef9ddaf2ba440d074e446d8fd5cc41506a30
intermittent,Intermittent,sequence_length,76,0.00902210629837,3,23387,dab4d8a7217f9c14d1c2336f649aef9ddaf2ba440d074e446d8fd5cc41506a30
intermittent,Intermittent,sequence_length,77,0.0088938299055,3,23387,dab4d8a7217f9c14d1c2336f649aef9ddaf2ba440d074e446d8fd5cc41506a30
intermittent,Intermittent,sequence_length,78,0.00876555351264,6,23387,dab4d8a7217f9c14d1c2336f649aef9ddaf2ba440d074e446d8fd5cc41506a30
intermittent,Intermittent,sequence_length,79,0.0085090007269,6,23387,dab4d8a7217f9c14d1c2336f649aef9ddaf2ba440d074e446d8fd5cc41506a30
intermittent,Intermittent,sequence_length,80,0.00825244794116,6,23387,dab4d8a7217f9c14d1c2336f649aef9ddaf2ba440d074e446d8fd5cc41506a30
intermittent,Intermittent,sequence_length,81,0.00799589515543,5,23387,dab4d8a7217f9c14d1c2336f649aef9ddaf2ba440d074e446d8fd5cc41506a30
intermittent,Intermittent,sequence_length,82,0.00778210116732,8,23387,dab4d8a7217f9c14d1c2336f649aef9ddaf2ba440d074e446d8fd5cc41506a30
intermittent,Intermittent,sequence_length,83,0.00744003078633,4,23387,dab4d8a7217f9c14d1c2336f649aef9ddaf2ba440d074e446d8fd5cc41506a30
intermittent,Intermittent,sequence_length,84,0.00726899559584,7,23387,dab4d8a7217f9c14d1c2336f649aef9ddaf2ba440d074e446d8fd5cc41506a30
intermittent,Intermittent,sequence_length,85,0.00696968401249,6,23387,dab4d8a7217f9c14d1c2336f649aef9ddaf2ba440d074e446d8fd5cc41506a30
intermittent,Intermittent,sequence_length,86,0.00671313122675,3,23387,dab4d8a7217f9c14d1c2336f649aef9ddaf2ba440d074e446d8fd5cc41506a30
intermittent,Intermittent,sequence_length,87,0.00658485483388,5,23387,dab4d8a7217f9c14d1c2336f649aef9ddaf2ba440d074e446d8fd5cc41506a30
intermittent,Intermittent,sequence_length,88,0.00637106084577,5,23387,dab4d8a7217f9c14d1c2336f649aef9ddaf2ba440d074e446d8fd5cc41506a30
intermittent,Intermittent,sequence_length,89,0.00615726685766,4,23387,dab4d8a7217f9c14d1c2336f649aef9ddaf2ba440d074e446d8fd5cc41506a30
intermittent,Intermittent,sequence_length,90,0.00598623166717,4,23387,dab4d8a7217f9c14d1c2336f649aef9ddaf2ba440d074e446d8fd5cc41506a30
intermittent,Intermittent,sequence_length,91,0.00581519647668,5,23387,dab4d8a7217f9c14d1c2336f649aef9ddaf2ba440d074e446d8fd5cc41506a30
intermittent,Intermittent,sequence_length,92,0.00560140248856,4,23387,dab4d8a7217f9c14d1c2336f649aef9ddaf2ba440d074e446d8fd5cc41506a30
intermittent,Intermittent,sequence_length,93,0.00543036729807,2,23387,dab4d8a7217f9c14d1c2336f649aef9ddaf2ba440d074e446d8fd5cc41506a30
intermittent,Intermittent,sequence_length,94,0.00534484970283,5,23387,dab4d8a7217f9c14d1c2336f649aef9ddaf2ba440d074e446d8fd5cc41506a30
intermittent,Intermittent,sequence_length,95,0.00513105571471,4,23387,dab4d8a7217f9c14d1c2336f649aef9ddaf2ba440d074e446d8fd5cc41506a30
intermittent,Intermittent,sequence_length,96,0.00496002052422,5,23387,dab4d8a7217f9c14d1c2336f649aef9ddaf2ba440d074e446d8fd5cc41506a30
intermittent,Intermittent,sequence_length,97,0.00474622653611,1,23387,dab4d8a7217f9c14d1c2336f649aef9ddaf2ba440d074e446d8fd5cc41506a30
intermittent,Intermittent,sequence_length,98,0.00470346773849,2,23387,dab4d8a7217f9c14d1c2336f649aef9ddaf2ba440d074e446d8fd5cc41506a30
intermittent,Intermittent,sequence_length,100,0.00461795014324,2,23387,dab4d8a7217f9c14d1c2336f649aef9ddaf2ba440d074e446d8fd5cc41506a30
intermittent,Intermittent,sequence_length,101,0.004532432548,3,23387,dab4d8a7217f9c14d1c2336f649aef9ddaf2ba440d074e446d8fd5cc41506a30
intermittent,Intermittent,sequence_length,102,0.00440415615513,5,23387,dab4d8a7217f9c14d1c2336f649aef9ddaf2ba440d074e446d8fd5cc41506a30
intermittent,Intermittent,sequence_length,103,0.00419036216702,2,23387,dab4d8a7217f9c14d1c2336f649aef9ddaf2ba440d074e446d8fd5cc41506a30
intermittent,Intermittent,sequence_length,104,0.00410484457177,7,23387,dab4d8a7217f9c14d1c2336f649aef9ddaf2ba440d074e446d8fd5cc41506a30
intermittent,Intermittent,sequence_length,105,0.00380553298841,9,23387,dab4d8a7217f9c14d1c2336f649aef9ddaf2ba440d074e446d8fd5cc41506a30
intermittent,Intermittent,sequence_length,106,0.00342070380981,14,23387,dab4d8a7217f9c14d1c2336f649aef9ddaf2ba440d074e446d8fd5cc41506a30
intermittent,Intermittent,sequence_length,107,0.00282208064309,8,23387,dab4d8a7217f9c14d1c2336f649aef9ddaf2ba440d074e446d8fd5cc41506a30
intermittent,Intermittent,sequence_length,108,0.00248001026211,19,23387,dab4d8a7217f9c14d1c2336f649aef9ddaf2ba440d074e446d8fd5cc41506a30
intermittent,Intermittent,sequence_length,109,0.00166759310728,11,23387,dab4d8a7217f9c14d1c2336f649aef9ddaf2ba440d074e446d8fd5cc41506a30
intermittent,Intermittent,sequence_length,110,0.00119724633343,28,23387,dab4d8a7217f9c14d1c2336f649aef9ddaf2ba440d074e446d8fd5cc41506a30
intermittent,Intermittent,quantity,1,1,98888,242888,dab4d8a7217f9c14d1c2336f649aef9ddaf2ba440d074e446d8fd5cc41506a30
intermittent,Intermittent,quantity,2,0.592865847633,51776,242888,dab4d8a7217f9c14d1c2336f649aef9ddaf2ba440d074e446d8fd5cc41506a30
intermittent,Intermittent,quantity,3,0.379697638418,19837,242888,dab4d8a7217f9c14d1c2336f649aef9ddaf2ba440d074e446d8fd5cc41506a30
intermittent,Intermittent,quantity,4,0.298026250782,13143,242888,dab4d8a7217f9c14d1c2336f649aef9ddaf2ba440d074e446d8fd5cc41506a30
intermittent,Intermittent,quantity,5,0.243914890814,20885,242888,dab4d8a7217f9c14d1c2336f649aef9ddaf2ba440d074e446d8fd5cc41506a30
intermittent,Intermittent,quantity,6,0.157928757287,4784,242888,dab4d8a7217f9c14d1c2336f649aef9ddaf2ba440d074e446d8fd5cc41506a30
intermittent,Intermittent,quantity,7,0.138232436349,2321,242888,dab4d8a7217f9c14d1c2336f649aef9ddaf2ba440d074e446d8fd5cc41506a30
intermittent,Intermittent,quantity,8,0.12867659168,2383,242888,dab4d8a7217f9c14d1c2336f649aef9ddaf2ba440d074e446d8fd5cc41506a30
intermittent,Intermittent,quantity,9,0.118865485327,1110,242888,dab4d8a7217f9c14d1c2336f649aef9ddaf2ba440d074e446d8fd5cc41506a30
intermittent,Intermittent,quantity,10,0.114295477751,11054,242888,dab4d8a7217f9c14d1c2336f649aef9ddaf2ba440d074e446d8fd5cc41506a30
intermittent,Intermittent,quantity,11,0.0687847896973,904,242888,dab4d8a7217f9c14d1c2336f649aef9ddaf2ba440d074e446d8fd5cc41506a30
intermittent,Intermittent,quantity,12,0.0650629096538,957,242888,dab4d8a7217f9c14d1c2336f649aef9ddaf2ba440d074e446d8fd5cc41506a30
intermittent,Intermittent,quantity,13,0.0611228220414,570,242888,dab4d8a7217f9c14d1c2336f649aef9ddaf2ba440d074e446d8fd5cc41506a30
intermittent,Intermittent,quantity,14,0.0587760613946,515,242888,dab4d8a7217f9c14d1c2336f649aef9ddaf2ba440d074e446d8fd5cc41506a30
intermittent,Intermittent,quantity,15,0.0566557425645,1537,242888,dab4d8a7217f9c14d1c2336f649aef9ddaf2ba440d074e446d8fd5cc41506a30
intermittent,Intermittent,quantity,16,0.0503277230658,480,242888,dab4d8a7217f9c14d1c2336f649aef9ddaf2ba440d074e446d8fd5cc41506a30
intermittent,Intermittent,quantity,17,0.0483515035737,329,242888,dab4d8a7217f9c14d1c2336f649aef9ddaf2ba440d074e446d8fd5cc41506a30
intermittent,Intermittent,quantity,18,0.0469969697968,359,242888,dab4d8a7217f9c14d1c2336f649aef9ddaf2ba440d074e446d8fd5cc41506a30
intermittent,Intermittent,quantity,19,0.0455189223016,246,242888,dab4d8a7217f9c14d1c2336f649aef9ddaf2ba440d074e446d8fd5cc41506a30
intermittent,Intermittent,quantity,20,0.0445061098119,2593,242888,dab4d8a7217f9c14d1c2336f649aef9ddaf2ba440d074e446d8fd5cc41506a30
intermittent,Intermittent,quantity,21,0.0338304074306,230,242888,dab4d8a7217f9c14d1c2336f649aef9ddaf2ba440d074e446d8fd5cc41506a30
intermittent,Intermittent,quantity,22,0.0328834689239,288,242888,dab4d8a7217f9c14d1c2336f649aef9ddaf2ba440d074e446d8fd5cc41506a30
intermittent,Intermittent,quantity,23,0.0316977372287,197,242888,dab4d8a7217f9c14d1c2336f649aef9ddaf2ba440d074e446d8fd5cc41506a30
intermittent,Intermittent,quantity,24,0.0308866638121,244,242888,dab4d8a7217f9c14d1c2336f649aef9ddaf2ba440d074e446d8fd5cc41506a30
intermittent,Intermittent,quantity,25,0.0298820855703,501,242888,dab4d8a7217f9c14d1c2336f649aef9ddaf2ba440d074e446d8fd5cc41506a30
intermittent,Intermittent,quantity,26,0.0278194064754,174,242888,dab4d8a7217f9c14d1c2336f649aef9ddaf2ba440d074e446d8fd5cc41506a30
intermittent,Intermittent,quantity,27,0.0271030269095,170,242888,dab4d8a7217f9c14d1c2336f649aef9ddaf2ba440d074e446d8fd5cc41506a30
intermittent,Intermittent,quantity,28,0.0264031158394,155,242888,dab4d8a7217f9c14d1c2336f649aef9ddaf2ba440d074e446d8fd5cc41506a30
intermittent,Intermittent,quantity,29,0.0257649616284,118,242888,dab4d8a7217f9c14d1c2336f649aef9ddaf2ba440d074e446d8fd5cc41506a30
intermittent,Intermittent,quantity,30,0.0252791410033,780,242888,dab4d8a7217f9c14d1c2336f649aef9ddaf2ba440d074e446d8fd5cc41506a30
intermittent,Intermittent,quantity,31,0.0220677843286,137,242888,dab4d8a7217f9c14d1c2336f649aef9ddaf2ba440d074e446d8fd5cc41506a30
intermittent,Intermittent,quantity,32,0.0215037383485,149,242888,dab4d8a7217f9c14d1c2336f649aef9ddaf2ba440d074e446d8fd5cc41506a30
intermittent,Intermittent,quantity,33,0.0208902868812,108,242888,dab4d8a7217f9c14d1c2336f649aef9ddaf2ba440d074e446d8fd5cc41506a30
intermittent,Intermittent,quantity,34,0.0204456374955,97,242888,dab4d8a7217f9c14d1c2336f649aef9ddaf2ba440d074e446d8fd5cc41506a30
intermittent,Intermittent,quantity,35,0.0200462764731,194,242888,dab4d8a7217f9c14d1c2336f649aef9ddaf2ba440d074e446d8fd5cc41506a30
intermittent,Intermittent,quantity,36,0.0192475544284,120,242888,dab4d8a7217f9c14d1c2336f649aef9ddaf2ba440d074e446d8fd5cc41506a30
intermittent,Intermittent,quantity,37,0.0187534995554,77,242888,dab4d8a7217f9c14d1c2336f649aef9ddaf2ba440d074e446d8fd5cc41506a30
intermittent,Intermittent,quantity,38,0.0184364810118,110,242888,dab4d8a7217f9c14d1c2336f649aef9ddaf2ba440d074e446d8fd5cc41506a30
intermittent,Intermittent,quantity,39,0.0179835973782,102,242888,dab4d8a7217f9c14d1c2336f649aef9ddaf2ba440d074e446d8fd5cc41506a30
intermittent,Intermittent,quantity,40,0.0175636507361,293,242888,dab4d8a7217f9c14d1c2336f649aef9ddaf2ba440d074e446d8fd5cc41506a30
intermittent,Intermittent,quantity,41,0.0163573334212,72,242888,dab4d8a7217f9c14d1c2336f649aef9ddaf2ba440d074e446d8fd5cc41506a30
intermittent,Intermittent,quantity,42,0.0160609004973,82,242888,dab4d8a7217f9c14d1c2336f649aef9ddaf2ba440d074e446d8fd5cc41506a30
intermittent,Intermittent,quantity,43,0.0157232963341,55,242888,dab4d8a7217f9c14d1c2336f649aef9ddaf2ba440d074e446d8fd5cc41506a30
intermittent,Intermittent,quantity,44,0.0154968545173,95,242888,dab4d8a7217f9c14d1c2336f649aef9ddaf2ba440d074e446d8fd5cc41506a30
intermittent,Intermittent,quantity,45,0.0151057277428,91,242888,dab4d8a7217f9c14d1c2336f649aef9ddaf2ba440d074e446d8fd5cc41506a30
intermittent,Intermittent,quantity,46,0.0147310694641,77,242888,dab4d8a7217f9c14d1c2336f649aef9ddaf2ba440d074e446d8fd5cc41506a30
intermittent,Intermittent,quantity,47,0.0144140509206,62,242888,dab4d8a7217f9c14d1c2336f649aef9ddaf2ba440d074e446d8fd5cc41506a30
intermittent,Intermittent,quantity,48,0.0141587892362,54,242888,dab4d8a7217f9c14d1c2336f649aef9ddaf2ba440d074e446d8fd5cc41506a30
intermittent,Intermittent,quantity,49,0.0139364645433,53,242888,dab4d8a7217f9c14d1c2336f649aef9ddaf2ba440d074e446d8fd5cc41506a30
intermittent,Intermittent,quantity,50,0.0137182569744,262,242888,dab4d8a7217f9c14d1c2336f649aef9ddaf2ba440d074e446d8fd5cc41506a30
intermittent,Intermittent,quantity,51,0.0126395705016,60,242888,dab4d8a7217f9c14d1c2336f649aef9ddaf2ba440d074e446d8fd5cc41506a30
intermittent,Intermittent,quantity,52,0.0123925430651,54,242888,dab4d8a7217f9c14d1c2336f649aef9ddaf2ba440d074e446d8fd5cc41506a30
intermittent,Intermittent,quantity,53,0.0121702183723,52,242888,dab4d8a7217f9c14d1c2336f649aef9ddaf2ba440d074e446d8fd5cc41506a30
intermittent,Intermittent,quantity,54,0.0119561279273,49,242888,dab4d8a7217f9c14d1c2336f649aef9ddaf2ba440d074e446d8fd5cc41506a30
intermittent,Intermittent,quantity,55,0.0117543888541,74,242888,dab4d8a7217f9c14d1c2336f649aef9ddaf2ba440d074e446d8fd5cc41506a30
intermittent,Intermittent,quantity,56,0.0114497216824,51,242888,dab4d8a7217f9c14d1c2336f649aef9ddaf2ba440d074e446d8fd5cc41506a30
intermittent,Intermittent,quantity,57,0.0112397483614,29,242888,dab4d8a7217f9c14d1c2336f649aef9ddaf2ba440d074e446d8fd5cc41506a30
intermittent,Intermittent,quantity,58,0.0111203517671,31,242888,dab4d8a7217f9c14d1c2336f649aef9ddaf2ba440d074e446d8fd5cc41506a30
intermittent,Intermittent,quantity,59,0.0109927209249,38,242888,dab4d8a7217f9c14d1c2336f649aef9ddaf2ba440d074e446d8fd5cc41506a30
intermittent,Intermittent,quantity,60,0.0108362702151,122,242888,dab4d8a7217f9c14d1c2336f649aef9ddaf2ba440d074e446d8fd5cc41506a30
intermittent,Intermittent,quantity,61,0.0103339810942,28,242888,dab4d8a7217f9c14d1c2336f649aef9ddaf2ba440d074e446d8fd5cc41506a30
intermittent,Intermittent,quantity,62,0.0102187016238,28,242888,dab4d8a7217f9c14d1c2336f649aef9ddaf2ba440d074e446d8fd5cc41506a30
intermittent,Intermittent,quantity,63,0.0101034221534,39,242888,dab4d8a7217f9c14d1c2336f649aef9ddaf2ba440d074e446d8fd5cc41506a30
intermittent,Intermittent,quantity,64,0.00994285431969,25,242888,dab4d8a7217f9c14d1c2336f649aef9ddaf2ba440d074e446d8fd5cc41506a30
intermittent,Intermittent,quantity,65,0.00983992622114,29,242888,dab4d8a7217f9c14d1c2336f649aef9ddaf2ba440d074e446d8fd5cc41506a30
intermittent,Intermittent,quantity,66,0.00972052962682,32,242888,dab4d8a7217f9c14d1c2336f649aef9ddaf2ba440d074e446d8fd5cc41506a30
intermittent,Intermittent,quantity,67,0.00958878166068,18,242888,dab4d8a7217f9c14d1c2336f649aef9ddaf2ba440d074e446d8fd5cc41506a30
intermittent,Intermittent,quantity,68,0.00951467342973,29,242888,dab4d8a7217f9c14d1c2336f649aef9ddaf2ba440d074e446d8fd5cc41506a30
intermittent,Intermittent,quantity,69,0.00939527683541,31,242888,dab4d8a7217f9c14d1c2336f649aef9ddaf2ba440d074e446d8fd5cc41506a30
intermittent,Intermittent,quantity,70,0.00926764599321,48,242888,dab4d8a7217f9c14d1c2336f649aef9ddaf2ba440d074e446d8fd5cc41506a30
intermittent,Intermittent,quantity,71,0.009070024044,33,242888,dab4d8a7217f9c14d1c2336f649aef9ddaf2ba440d074e446d8fd5cc41506a30
intermittent,Intermittent,quantity,72,0.00893415895392,32,242888,dab4d8a7217f9c14d1c2336f649aef9ddaf2ba440d074e446d8fd5cc41506a30
intermittent,Intermittent,quantity,73,0.00880241098778,19,242888,dab4d8a7217f9c14d1c2336f649aef9ddaf2ba440d074e446d8fd5cc41506a30
intermittent,Intermittent,quantity,74,0.00872418563288,20,242888,dab4d8a7217f9c14d1c2336f649aef9ddaf2ba440d074e446d8fd5cc41506a30
intermittent,Intermittent,quantity,75,0.00864184315405,34,242888,dab4d8a7217f9c14d1c2336f649aef9ddaf2ba440d074e446d8fd5cc41506a30
intermittent,Intermittent,quantity,76,0.00850186094002,14,242888,dab4d8a7217f9c14d1c2336f649aef9ddaf2ba440d074e446d8fd5cc41506a30
intermittent,Intermittent,quantity,77,0.00844422120484,21,242888,dab4d8a7217f9c14d1c2336f649aef9ddaf2ba440d074e446d8fd5cc41506a30
intermittent,Intermittent,quantity,78,0.00835776160206,10,242888,dab4d8a7217f9c14d1c2336f649aef9ddaf2ba440d074e446d8fd5cc41506a30
intermittent,Intermittent,quantity,79,0.00831659036264,9,242888,dab4d8a7217f9c14d1c2336f649aef9ddaf2ba440d074e446d8fd5cc41506a30
intermittent,Intermittent,quantity,80,0.00827953624716,49,242888,dab4d8a7217f9c14d1c2336f649aef9ddaf2ba440d074e446d8fd5cc41506a30
intermittent,Intermittent,quantity,81,0.00807779717401,19,242888,dab4d8a7217f9c14d1c2336f649aef9ddaf2ba440d074e446d8fd5cc41506a30
intermittent,Intermittent,quantity,82,0.00799957181911,22,242888,dab4d8a7217f9c14d1c2336f649aef9ddaf2ba440d074e446d8fd5cc41506a30
intermittent,Intermittent,quantity,83,0.00790899509239,9,242888,dab4d8a7217f9c14d1c2336f649aef9ddaf2ba440d074e446d8fd5cc41506a30
intermittent,Intermittent,quantity,84,0.00787194097691,14,242888,dab4d8a7217f9c14d1c2336f649aef9ddaf2ba440d074e446d8fd5cc41506a30
intermittent,Intermittent,quantity,85,0.00781430124172,19,242888,dab4d8a7217f9c14d1c2336f649aef9ddaf2ba440d074e446d8fd5cc41506a30
intermittent,Intermittent,quantity,86,0.00773607588683,15,242888,dab4d8a7217f9c14d1c2336f649aef9ddaf2ba440d074e446d8fd5cc41506a30
intermittent,Intermittent,quantity,87,0.0076743190277,25,242888,dab4d8a7217f9c14d1c2336f649aef9ddaf2ba440d074e446d8fd5cc41506a30
intermittent,Intermittent,quantity,88,0.00757139092915,15,242888,dab4d8a7217f9c14d1c2336f649aef9ddaf2ba440d074e446d8fd5cc41506a30
intermittent,Intermittent,quantity,89,0.00750963407002,13,242888,dab4d8a7217f9c14d1c2336f649aef9ddaf2ba440d074e446d8fd5cc41506a30
intermittent,Intermittent,quantity,90,0.00745611145878,37,242888,dab4d8a7217f9c14d1c2336f649aef9ddaf2ba440d074e446d8fd5cc41506a30
intermittent,Intermittent,quantity,91,0.00730377787293,15,242888,dab4d8a7217f9c14d1c2336f649aef9ddaf2ba440d074e446d8fd5cc41506a30
intermittent,Intermittent,quantity,92,0.0072420210138,16,242888,dab4d8a7217f9c14d1c2336f649aef9ddaf2ba440d074e446d8fd5cc41506a30
intermittent,Intermittent,quantity,93,0.00717614703073,15,242888,dab4d8a7217f9c14d1c2336f649aef9ddaf2ba440d074e446d8fd5cc41506a30
intermittent,Intermittent,quantity,94,0.0071143901716,15,242888,dab4d8a7217f9c14d1c2336f649aef9ddaf2ba440d074e446d8fd5cc41506a30
intermittent,Intermittent,quantity,95,0.00705263331247,10,242888,dab4d8a7217f9c14d1c2336f649aef9ddaf2ba440d074e446d8fd5cc41506a30
intermittent,Intermittent,quantity,96,0.00701146207305,23,242888,dab4d8a7217f9c14d1c2336f649aef9ddaf2ba440d074e446d8fd5cc41506a30
intermittent,Intermittent,quantity,97,0.00691676822239,9,242888,dab4d8a7217f9c14d1c2336f649aef9ddaf2ba440d074e446d8fd5cc41506a30
intermittent,Intermittent,quantity,98,0.00687971410691,13,242888,dab4d8a7217f9c14d1c2336f649aef9ddaf2ba440d074e446d8fd5cc41506a30
intermittent,Intermittent,quantity,99,0.00682619149567,14,242888,dab4d8a7217f9c14d1c2336f649aef9ddaf2ba440d074e446d8fd5cc41506a30
intermittent,Intermittent,quantity,100,0.00676855176048,145,242888,dab4d8a7217f9c14d1c2336f649aef9ddaf2ba440d074e446d8fd5cc41506a30
intermittent,Intermittent,quantity,101,0.00617156878891,8,242888,dab4d8a7217f9c14d1c2336f649aef9ddaf2ba440d074e446d8fd5cc41506a30
intermittent,Intermittent,quantity,102,0.00613863179737,15,242888,dab4d8a7217f9c14d1c2336f649aef9ddaf2ba440d074e446d8fd5cc41506a30
intermittent,Intermittent,quantity,103,0.00607687493824,13,242888,dab4d8a7217f9c14d1c2336f649aef9ddaf2ba440d074e446d8fd5cc41506a30
intermittent,Intermittent,quantity,104,0.006023352327,8,242888,dab4d8a7217f9c14d1c2336f649aef9ddaf2ba440d074e446d8fd5cc41506a30
intermittent,Intermittent,quantity,105,0.00599041533546,18,242888,dab4d8a7217f9c14d1c2336f649aef9ddaf2ba440d074e446d8fd5cc41506a30
intermittent,Intermittent,quantity,106,0.00591630710451,15,242888,dab4d8a7217f9c14d1c2336f649aef9ddaf2ba440d074e446d8fd5cc41506a30
intermittent,Intermittent,quantity,107,0.00585455024538,15,242888,dab4d8a7217f9c14d1c2336f649aef9ddaf2ba440d074e446d8fd5cc41506a30
intermittent,Intermittent,quantity,108,0.00579279338625,10,242888,dab4d8a7217f9c14d1c2336f649aef9ddaf2ba440d074e446d8fd5cc41506a30
intermittent,Intermittent,quantity,109,0.00575162214683,9,242888,dab4d8a7217f9c14d1c2336f649aef9ddaf2ba440d074e446d8fd5cc41506a30
intermittent,Intermittent,quantity,110,0.00571456803136,15,242888,dab4d8a7217f9c14d1c2336f649aef9ddaf2ba440d074e446d8fd5cc41506a30
intermittent,Intermittent,quantity,111,0.00565281117223,9,242888,dab4d8a7217f9c14d1c2336f649aef9ddaf2ba440d074e446d8fd5cc41506a30
intermittent,Intermittent,quantity,112,0.00561575705675,11,242888,dab4d8a7217f9c14d1c2336f649aef9ddaf2ba440d074e446d8fd5cc41506a30
intermittent,Intermittent,quantity,113,0.00557046869339,3,242888,dab4d8a7217f9c14d1c2336f649aef9ddaf2ba440d074e446d8fd5cc41506a30
intermittent,Intermittent,quantity,114,0.00555811732156,16,242888,dab4d8a7217f9c14d1c2336f649aef9ddaf2ba440d074e446d8fd5cc41506a30
intermittent,Intermittent,quantity,115,0.00549224333849,14,242888,dab4d8a7217f9c14d1c2336f649aef9ddaf2ba440d074e446d8fd5cc41506a30
intermittent,Intermittent,quantity,116,0.00543460360331,9,242888,dab4d8a7217f9c14d1c2336f649aef9ddaf2ba440d074e446d8fd5cc41506a30
intermittent,Intermittent,quantity,117,0.00539754948783,11,242888,dab4d8a7217f9c14d1c2336f649aef9ddaf2ba440d074e446d8fd5cc41506a30
intermittent,Intermittent,quantity,118,0.00535226112447,15,242888,dab4d8a7217f9c14d1c2336f649aef9ddaf2ba440d074e446d8fd5cc41506a30
intermittent,Intermittent,quantity,119,0.00529050426534,8,242888,dab4d8a7217f9c14d1c2336f649aef9ddaf2ba440d074e446d8fd5cc41506a30
intermittent,Intermittent,quantity,120,0.00525756727381,17,242888,dab4d8a7217f9c14d1c2336f649aef9ddaf2ba440d074e446d8fd5cc41506a30
intermittent,Intermittent,quantity,121,0.00518757616679,10,242888,dab4d8a7217f9c14d1c2336f649aef9ddaf2ba440d074e446d8fd5cc41506a30
intermittent,Intermittent,quantity,122,0.00514640492737,7,242888,dab4d8a7217f9c14d1c2336f649aef9ddaf2ba440d074e446d8fd5cc41506a30
intermittent,Intermittent,quantity,123,0.00511758505978,14,242888,dab4d8a7217f9c14d1c2336f649aef9ddaf2ba440d074e446d8fd5cc41506a30
intermittent,Intermittent,quantity,124,0.00505994532459,5,242888,dab4d8a7217f9c14d1c2336f649aef9ddaf2ba440d074e446d8fd5cc41506a30
intermittent,Intermittent,quantity,125,0.00503935970488,9,242888,dab4d8a7217f9c14d1c2336f649aef9ddaf2ba440d074e446d8fd5cc41506a30
intermittent,Intermittent,quantity,126,0.00500230558941,5,242888,dab4d8a7217f9c14d1c2336f649aef9ddaf2ba440d074e446d8fd5cc41506a30
intermittent,Intermittent,quantity,127,0.0049817199697,10,242888,dab4d8a7217f9c14d1c2336f649aef9ddaf2ba440d074e446d8fd5cc41506a30
intermittent,Intermittent,quantity,128,0.00494054873028,15,242888,dab4d8a7217f9c14d1c2336f649aef9ddaf2ba440d074e446d8fd5cc41506a30
intermittent,Intermittent,quantity,129,0.00487879187115,1,242888,dab4d8a7217f9c14d1c2336f649aef9ddaf2ba440d074e446d8fd5cc41506a30
intermittent,Intermittent,quantity,130,0.00487467474721,11,242888,dab4d8a7217f9c14d1c2336f649aef9ddaf2ba440d074e446d8fd5cc41506a30
intermittent,Intermittent,quantity,131,0.00482938638385,7,242888,dab4d8a7217f9c14d1c2336f649aef9ddaf2ba440d074e446d8fd5cc41506a30
intermittent,Intermittent,quantity,132,0.00480056651625,11,242888,dab4d8a7217f9c14d1c2336f649aef9ddaf2ba440d074e446d8fd5cc41506a30
intermittent,Intermittent,quantity,133,0.00475527815289,7,242888,dab4d8a7217f9c14d1c2336f649aef9ddaf2ba440d074e446d8fd5cc41506a30
intermittent,Intermittent,quantity,134,0.0047264582853,4,242888,dab4d8a7217f9c14d1c2336f649aef9ddaf2ba440d074e446d8fd5cc41506a30
intermittent,Intermittent,quantity,135,0.00470998978953,17,242888,dab4d8a7217f9c14d1c2336f649aef9ddaf2ba440d074e446d8fd5cc41506a30
intermittent,Intermittent,quantity,136,0.00463999868252,7,242888,dab4d8a7217f9c14d1c2336f649aef9ddaf2ba440d074e446d8fd5cc41506a30
intermittent,Intermittent,quantity,137,0.00461117881493,6,242888,dab4d8a7217f9c14d1c2336f649aef9ddaf2ba440d074e446d8fd5cc41506a30
intermittent,Intermittent,quantity,138,0.00458647607128,9,242888,dab4d8a7217f9c14d1c2336f649aef9ddaf2ba440d074e446d8fd5cc41506a30
intermittent,Intermittent,quantity,139,0.0045494219558,1,242888,dab4d8a7217f9c14d1c2336f649aef9ddaf2ba440d074e446d8fd5cc41506a30
intermittent,Intermittent,quantity,140,0.00454530483186,10,242888,dab4d8a7217f9c14d1c2336f649aef9ddaf2ba440d074e446d8fd5cc41506a30
intermittent,Intermittent,quantity,141,0.00450413359244,5,242888,dab4d8a7217f9c14d1c2336f649aef9ddaf2ba440d074e446d8fd5cc41506a30
intermittent,Intermittent,quantity,142,0.00448354797273,6,242888,dab4d8a7217f9c14d1c2336f649aef9ddaf2ba440d074e446d8fd5cc41506a30
intermittent,Intermittent,quantity,143,0.00445884522908,1,242888,dab4d8a7217f9c14d1c2336f649aef9ddaf2ba440d074e446d8fd5cc41506a30
intermittent,Intermittent,quantity,144,0.00445472810513,11,242888,dab4d8a7217f9c14d1c2336f649aef9ddaf2ba440d074e446d8fd5cc41506a30
intermittent,Intermittent,quantity,145,0.00440943974177,9,242888,dab4d8a7217f9c14d1c2336f649aef9ddaf2ba440d074e446d8fd5cc41506a30
intermittent,Intermittent,quantity,146,0.0043723856263,2,242888,dab4d8a7217f9c14d1c2336f649aef9ddaf2ba440d074e446d8fd5cc41506a30
intermittent,Intermittent,quantity,147,0.00436415137841,6,242888,dab4d8a7217f9c14d1c2336f649aef9ddaf2ba440d074e446d8fd5cc41506a30
intermittent,Intermittent,quantity,148,0.00433944863476,4,242888,dab4d8a7217f9c14d1c2336f649aef9ddaf2ba440d074e446d8fd5cc41506a30
intermittent,Intermittent,quantity,150,0.00432298013899,35,242888,dab4d8a7217f9c14d1c2336f649aef9ddaf2ba440d074e446d8fd5cc41506a30
intermittent,Intermittent,quantity,151,0.00417888080103,6,242888,dab4d8a7217f9c14d1c2336f649aef9ddaf2ba440d074e446d8fd5cc41506a30
intermittent,Intermittent,quantity,152,0.00415417805738,1,242888,dab4d8a7217f9c14d1c2336f649aef9ddaf2ba440d074e446d8fd5cc41506a30
intermittent,Intermittent,quantity,153,0.00415006093343,7,242888,dab4d8a7217f9c14d1c2336f649aef9ddaf2ba440d074e446d8fd5cc41506a30
intermittent,Intermittent,quantity,154,0.00412124106584,5,242888,dab4d8a7217f9c14d1c2336f649aef9ddaf2ba440d074e446d8fd5cc41506a30
intermittent,Intermittent,quantity,155,0.00410065544613,12,242888,dab4d8a7217f9c14d1c2336f649aef9ddaf2ba440d074e446d8fd5cc41506a30
intermittent,Intermittent,quantity,156,0.00405124995883,2,242888,dab4d8a7217f9c14d1c2336f649aef9ddaf2ba440d074e446d8fd5cc41506a30
intermittent,Intermittent,quantity,157,0.00404301571094,3,242888,dab4d8a7217f9c14d1c2336f649aef9ddaf2ba440d074e446d8fd5cc41506a30
intermittent,Intermittent,quantity,158,0.00403066433912,4,242888,dab4d8a7217f9c14d1c2336f649aef9ddaf2ba440d074e446d8fd5cc41506a30
intermittent,Intermittent,quantity,159,0.00401419584335,2,242888,dab4d8a7217f9c14d1c2336f649aef9ddaf2ba440d074e446d8fd5cc41506a30
intermittent,Intermittent,quantity,160,0.00400596159547,6,242888,dab4d8a7217f9c14d1c2336f649aef9ddaf2ba440d074e446d8fd5cc41506a30
intermittent,Intermittent,quantity,161,0.00398125885182,2,242888,dab4d8a7217f9c14d1c2336f649aef9ddaf2ba440d074e446d8fd5cc41506a30
intermittent,Intermittent,quantity,162,0.00397302460393,2,242888,dab4d8a7217f9c14d1c2336f649aef9ddaf2ba440d074e446d8fd5cc41506a30
intermittent,Intermittent,quantity,163,0.00396479035605,1,242888,dab4d8a7217f9c14d1c2336f649aef9ddaf2ba440d074e446d8fd5cc41506a30
intermittent,Intermittent,quantity,164,0.00396067323211,5,242888,dab4d8a7217f9c14d1c2336f649aef9ddaf2ba440d074e446d8fd5cc41506a30
intermittent,Intermittent,quantity,165,0.0039400876124,6,242888,dab4d8a7217f9c14d1c2336f649aef9ddaf2ba440d074e446d8fd5cc41506a30
intermittent,Intermittent,quantity,166,0.00391538486875,1,242888,dab4d8a7217f9c14d1c2336f649aef9ddaf2ba440d074e446d8fd5cc41506a30
intermittent,Intermittent,quantity,167,0.0039112677448,6,242888,dab4d8a7217f9c14d1c2336f649aef9ddaf2ba440d074e446d8fd5cc41506a30
intermittent,Intermittent,quantity,168,0.00388656500115,4,242888,dab4d8a7217f9c14d1c2336f649aef9ddaf2ba440d074e446d8fd5cc41506a30
intermittent,Intermittent,quantity,169,0.00387009650539,3,242888,dab4d8a7217f9c14d1c2336f649aef9ddaf2ba440d074e446d8fd5cc41506a30
intermittent,Intermittent,quantity,170,0.00385774513356,7,242888,dab4d8a7217f9c14d1c2336f649aef9ddaf2ba440d074e446d8fd5cc41506a30
intermittent,Intermittent,quantity,171,0.00382892526597,4,242888,dab4d8a7217f9c14d1c2336f649aef9ddaf2ba440d074e446d8fd5cc41506a30
intermittent,Intermittent,quantity,172,0.0038124567702,2,242888,dab4d8a7217f9c14d1c2336f649aef9ddaf2ba440d074e446d8fd5cc41506a30
intermittent,Intermittent,quantity,173,0.00380422252231,1,242888,dab4d8a7217f9c14d1c2336f649aef9ddaf2ba440d074e446d8fd5cc41506a30
intermittent,Intermittent,quantity,174,0.00380010539837,5,242888,dab4d8a7217f9c14d1c2336f649aef9ddaf2ba440d074e446d8fd5cc41506a30
intermittent,Intermittent,quantity,175,0.00377951977866,2,242888,dab4d8a7217f9c14d1c2336f649aef9ddaf2ba440d074e446d8fd5cc41506a30
intermittent,Intermittent,quantity,176,0.00377128553078,3,242888,dab4d8a7217f9c14d1c2336f649aef9ddaf2ba440d074e446d8fd5cc41506a30
intermittent,Intermittent,quantity,177,0.00375893415895,3,242888,dab4d8a7217f9c14d1c2336f649aef9ddaf2ba440d074e446d8fd5cc41506a30
intermittent,Intermittent,quantity,178,0.00374658278713,2,242888,dab4d8a7217f9c14d1c2336f649aef9ddaf2ba440d074e446d8fd5cc41506a30
intermittent,Intermittent,quantity,179,0.00373834853924,5,242888,dab4d8a7217f9c14d1c2336f649aef9ddaf2ba440d074e446d8fd5cc41506a30
intermittent,Intermittent,quantity,180,0.00371776291953,19,242888,dab4d8a7217f9c14d1c2336f649aef9ddaf2ba440d074e446d8fd5cc41506a30
intermittent,Intermittent,quantity,181,0.00363953756464,1,242888,dab4d8a7217f9c14d1c2336f649aef9ddaf2ba440d074e446d8fd5cc41506a30
intermittent,Intermittent,quantity,182,0.0036354204407,3,242888,dab4d8a7217f9c14d1c2336f649aef9ddaf2ba440d074e446d8fd5cc41506a30
intermittent,Intermittent,quantity,184,0.00362306906887,3,242888,dab4d8a7217f9c14d1c2336f649aef9ddaf2ba440d074e446d8fd5cc41506a30
intermittent,Intermittent,quantity,185,0.00361071769705,2,242888,dab4d8a7217f9c14d1c2336f649aef9ddaf2ba440d074e446d8fd5cc41506a30
intermittent,Intermittent,quantity,186,0.00360248344916,6,242888,dab4d8a7217f9c14d1c2336f649aef9ddaf2ba440d074e446d8fd5cc41506a30
intermittent,Intermittent,quantity,187,0.00357778070551,12,242888,dab4d8a7217f9c14d1c2336f649aef9ddaf2ba440d074e446d8fd5cc41506a30
intermittent,Intermittent,quantity,188,0.00352837521821,6,242888,dab4d8a7217f9c14d1c2336f649aef9ddaf2ba440d074e446d8fd5cc41506a30
intermittent,Intermittent,quantity,190,0.00350367247456,4,242888,dab4d8a7217f9c14d1c2336f649aef9ddaf2ba440d074e446d8fd5cc41506a30
intermittent,Intermittent,quantity,191,0.00348720397879,1,242888,dab4d8a7217f9c14d1c2336f649aef9ddaf2ba440d074e446d8fd5cc41506a30
intermittent,Intermittent,quantity,192,0.00348308685485,1,242888,dab4d8a7217f9c14d1c2336f649aef9ddaf2ba440d074e446d8fd5cc41506a30
intermittent,Intermittent,quantity,193,0.0034789697309,2,242888,dab4d8a7217f9c14d1c2336f649aef9ddaf2ba440d074e446d8fd5cc41506a30
intermittent,Intermittent,quantity,194,0.00347073548302,1,242888,dab4d8a7217f9c14d1c2336f649aef9ddaf2ba440d074e446d8fd5cc41506a30
intermittent,Intermittent,quantity,196,0.00346661835908,3,242888,dab4d8a7217f9c14d1c2336f649aef9ddaf2ba440d074e446d8fd5cc41506a30
intermittent,Intermittent,quantity,197,0.00345426698725,5,242888,dab4d8a7217f9c14d1c2336f649aef9ddaf2ba440d074e446d8fd5cc41506a30
intermittent,Intermittent,quantity,199,0.00343368136754,2,242888,dab4d8a7217f9c14d1c2336f649aef9ddaf2ba440d074e446d8fd5cc41506a30
intermittent,Intermittent,quantity,200,0.00342544711966,96,242888,dab4d8a7217f9c14d1c2336f649aef9ddaf2ba440d074e446d8fd5cc41506a30
intermittent,Intermittent,quantity,201,0.00303020322124,4,242888,dab4d8a7217f9c14d1c2336f649aef9ddaf2ba440d074e446d8fd5cc41506a30
intermittent,Intermittent,quantity,202,0.00301373472547,3,242888,dab4d8a7217f9c14d1c2336f649aef9ddaf2ba440d074e446d8fd5cc41506a30
intermittent,Intermittent,quantity,203,0.00300138335364,2,242888,dab4d8a7217f9c14d1c2336f649aef9ddaf2ba440d074e446d8fd5cc41506a30
intermittent,Intermittent,quantity,204,0.00299314910576,3,242888,dab4d8a7217f9c14d1c2336f649aef9ddaf2ba440d074e446d8fd5cc41506a30
intermittent,Intermittent,quantity,205,0.00298079773393,11,242888,dab4d8a7217f9c14d1c2336f649aef9ddaf2ba440d074e446d8fd5cc41506a30
intermittent,Intermittent,quantity,206,0.00293550937057,4,242888,dab4d8a7217f9c14d1c2336f649aef9ddaf2ba440d074e446d8fd5cc41506a30
intermittent,Intermittent,quantity,207,0.00291904087481,2,242888,dab4d8a7217f9c14d1c2336f649aef9ddaf2ba440d074e446d8fd5cc41506a30
intermittent,Intermittent,quantity,208,0.00291080662692,2,242888,dab4d8a7217f9c14d1c2336f649aef9ddaf2ba440d074e446d8fd5cc41506a30
intermittent,Intermittent,quantity,209,0.00290257237904,2,242888,dab4d8a7217f9c14d1c2336f649aef9ddaf2ba440d074e446d8fd5cc41506a30
intermittent,Intermittent,quantity,210,0.00289433813116,3,242888,dab4d8a7217f9c14d1c2336f649aef9ddaf2ba440d074e446d8fd5cc41506a30
intermittent,Intermittent,quantity,211,0.00288198675933,1,242888,dab4d8a7217f9c14d1c2336f649aef9ddaf2ba440d074e446d8fd5cc41506a30
intermittent,Intermittent,quantity,212,0.00287786963539,2,242888,dab4d8a7217f9c14d1c2336f649aef9ddaf2ba440d074e446d8fd5cc41506a30
intermittent,Intermittent,quantity,213,0.0028696353875,4,242888,dab4d8a7217f9c14d1c2336f649aef9ddaf2ba440d074e446d8fd5cc41506a30
intermittent,Intermittent,quantity,214,0.00285316689174,1,242888,dab4d8a7217f9c14d1c2336f649aef9ddaf2ba440d074e446d8fd5cc41506a30
intermittent,Intermittent,quantity,215,0.00284904976779,1,242888,dab4d8a7217f9c14d1c2336f649aef9ddaf2ba440d074e446d8fd5cc41506a30
intermittent,Intermittent,quantity,216,0.00284493264385,1,242888,dab4d8a7217f9c14d1c2336f649aef9ddaf2ba440d074e446d8fd5cc41506a30
intermittent,Intermittent,quantity,217,0.00284081551991,1,242888,dab4d8a7217f9c14d1c2336f649aef9ddaf2ba440d074e446d8fd5cc41506a30
intermittent,Intermittent,quantity,220,0.00283669839597,2,242888,dab4d8a7217f9c14d1c2336f649aef9ddaf2ba440d074e446d8fd5cc41506a30
intermittent,Intermittent,quantity,221,0.00282846414808,4,242888,dab4d8a7217f9c14d1c2336f649aef9ddaf2ba440d074e446d8fd5cc41506a30
intermittent,Intermittent,quantity,222,0.00281199565232,3,242888,dab4d8a7217f9c14d1c2336f649aef9ddaf2ba440d074e446d8fd5cc41506a30
intermittent,Intermittent,quantity,223,0.00279964428049,5,242888,dab4d8a7217f9c14d1c2336f649aef9ddaf2ba440d074e446d8fd5cc41506a30
intermittent,Intermittent,quantity,224,0.00277905866078,1,242888,dab4d8a7217f9c14d1c2336f649aef9ddaf2ba440d074e446d8fd5cc41506a30
intermittent,Intermittent,quantity,225,0.00277494153684,5,242888,dab4d8a7217f9c14d1c2336f649aef9ddaf2ba440d074e446d8fd5cc41506a30
intermittent,Intermittent,quantity,226,0.00275435591713,2,242888,dab4d8a7217f9c14d1c2336f649aef9ddaf2ba440d074e446d8fd5cc41506a30
intermittent,Intermittent,quantity,227,0.00274612166925,2,242888,dab4d8a7217f9c14d1c2336f649aef9ddaf2ba440d074e446d8fd5cc41506a30
intermittent,Intermittent,quantity,229,0.00273788742136,5,242888,dab4d8a7217f9c14d1c2336f649aef9ddaf2ba440d074e446d8fd5cc41506a30
intermittent,Intermittent,quantity,230,0.00271730180165,6,242888,dab4d8a7217f9c14d1c2336f649aef9ddaf2ba440d074e446d8fd5cc41506a30
intermittent,Intermittent,quantity,231,0.002692599058,1,242888,dab4d8a7217f9c14d1c2336f649aef9ddaf2ba440d074e446d8fd5cc41506a30
intermittent,Intermittent,quantity,235,0.00268848193406,2,242888,dab4d8a7217f9c14d1c2336f649aef9ddaf2ba440d074e446d8fd5cc41506a30
intermittent,Intermittent,quantity,237,0.00268024768618,2,242888,dab4d8a7217f9c14d1c2336f649aef9ddaf2ba440d074e446d8fd5cc41506a30
intermittent,Intermittent,quantity,239,0.00267201343829,2,242888,dab4d8a7217f9c14d1c2336f649aef9ddaf2ba440d074e446d8fd5cc41506a30
intermittent,Intermittent,quantity,240,0.00266377919041,7,242888,dab4d8a7217f9c14d1c2336f649aef9ddaf2ba440d074e446d8fd5cc41506a30
intermittent,Intermittent,quantity,241,0.00263495932282,2,242888,dab4d8a7217f9c14d1c2336f649aef9ddaf2ba440d074e446d8fd5cc41506a30
intermittent,Intermittent,quantity,242,0.00262672507493,1,242888,dab4d8a7217f9c14d1c2336f649aef9ddaf2ba440d074e446d8fd5cc41506a30
intermittent,Intermittent,quantity,243,0.00262260795099,1,242888,dab4d8a7217f9c14d1c2336f649aef9ddaf2ba440d074e446d8fd5cc41506a30
intermittent,Intermittent,quantity,244,0.00261849082705,2,242888,dab4d8a7217f9c14d1c2336f649aef9ddaf2ba440d074e446d8fd5cc41506a30
intermittent,Intermittent,quantity,246,0.00261025657916,1,242888,dab4d8a7217f9c14d1c2336f649aef9ddaf2ba440d074e446d8fd5cc41506a30
intermittent,Intermittent,quantity,249,0.00260613945522,3,242888,dab4d8a7217f9c14d1c2336f649aef9ddaf2ba440d074e446d8fd5cc41506a30
intermittent,Intermittent,quantity,250,0.0025937880834,22,242888,dab4d8a7217f9c14d1c2336f649aef9ddaf2ba440d074e446d8fd5cc41506a30
intermittent,Intermittent,quantity,251,0.00250321135667,1,242888,dab4d8a7217f9c14d1c2336f649aef9ddaf2ba440d074e446d8fd5cc41506a30
intermittent,Intermittent,quantity,252,0.00249909423273,2,242888,dab4d8a7217f9c14d1c2336f649aef9ddaf2ba440d074e446d8fd5cc41506a30
intermittent,Intermittent,quantity,253,0.00249085998485,2,242888,dab4d8a7217f9c14d1c2336f649aef9ddaf2ba440d074e446d8fd5cc41506a30
intermittent,Intermittent,quantity,255,0.00248262573697,1,242888,dab4d8a7217f9c14d1c2336f649aef9ddaf2ba440d074e446d8fd5cc41506a30
intermittent,Intermittent,quantity,256,0.00247850861302,6,242888,dab4d8a7217f9c14d1c2336f649aef9ddaf2ba440d074e446d8fd5cc41506a30
intermittent,Intermittent,quantity,258,0.00245380586937,2,242888,dab4d8a7217f9c14d1c2336f649aef9ddaf2ba440d074e446d8fd5cc41506a30
intermittent,Intermittent,quantity,259,0.00244557162149,6,242888,dab4d8a7217f9c14d1c2336f649aef9ddaf2ba440d074e446d8fd5cc41506a30
intermittent,Intermittent,quantity,260,0.00242086887784,2,242888,dab4d8a7217f9c14d1c2336f649aef9ddaf2ba440d074e446d8fd5cc41506a30
intermittent,Intermittent,quantity,263,0.00241263462995,3,242888,dab4d8a7217f9c14d1c2336f649aef9ddaf2ba440d074e446d8fd5cc41506a30
intermittent,Intermittent,quantity,265,0.00240028325813,2,242888,dab4d8a7217f9c14d1c2336f649aef9ddaf2ba440d074e446d8fd5cc41506a30
intermittent,Intermittent,quantity,266,0.00239204901024,1,242888,dab4d8a7217f9c14d1c2336f649aef9ddaf2ba440d074e446d8fd5cc41506a30
intermittent,Intermittent,quantity,269,0.0023879318863,2,242888,dab4d8a7217f9c14d1c2336f649aef9ddaf2ba440d074e446d8fd5cc41506a30
intermittent,Intermittent,quantity,270,0.00237969763842,3,242888,dab4d8a7217f9c14d1c2336f649aef9ddaf2ba440d074e446d8fd5cc41506a30
intermittent,Intermittent,quantity,271,0.00236734626659,2,242888,dab4d8a7217f9c14d1c2336f649aef9ddaf2ba440d074e446d8fd5cc41506a30
intermittent,Intermittent,quantity,272,0.00235911201871,2,242888,dab4d8a7217f9c14d1c2336f649aef9ddaf2ba440d074e446d8fd5cc41506a30
intermittent,Intermittent,quantity,273,0.00235087777082,2,242888,dab4d8a7217f9c14d1c2336f649aef9ddaf2ba440d074e446d8fd5cc41506a30
intermittent,Intermittent,quantity,274,0.00234264352294,1,242888,dab4d8a7217f9c14d1c2336f649aef9ddaf2ba440d074e446d8fd5cc41506a30
intermittent,Intermittent,quantity,275,0.002338526399,2,242888,dab4d8a7217f9c14d1c2336f649aef9ddaf2ba440d074e446d8fd5cc41506a30
intermittent,Intermittent,quantity,277,0.00233029215111,1,242888,dab4d8a7217f9c14d1c2336f649aef9ddaf2ba440d074e446d8fd5cc41506a30
intermittent,Intermittent,quantity,278,0.00232617502717,3,242888,dab4d8a7217f9c14d1c2336f649aef9ddaf2ba440d074e446d8fd5cc41506a30
intermittent,Intermittent,quantity,280,0.00231382365535,1,242888,dab4d8a7217f9c14d1c2336f649aef9ddaf2ba440d074e446d8fd5cc41506a30
intermittent,Intermittent,quantity,281,0.00230970653141,2,242888,dab4d8a7217f9c14d1c2336f649aef9ddaf2ba440d074e446d8fd5cc41506a30
intermittent,Intermittent,quantity,282,0.00230147228352,2,242888,dab4d8a7217f9c14d1c2336f649aef9ddaf2ba440d074e446d8fd5cc41506a30
intermittent,Intermittent,quantity,283,0.00229323803564,2,242888,dab4d8a7217f9c14d1c2336f649aef9ddaf2ba440d074e446d8fd5cc41506a30
intermittent,Intermittent,quantity,284,0.00228500378775,1,242888,dab4d8a7217f9c14d1c2336f649aef9ddaf2ba440d074e446d8fd5cc41506a30
intermittent,Intermittent,quantity,287,0.00228088666381,2,242888,dab4d8a7217f9c14d1c2336f649aef9ddaf2ba440d074e446d8fd5cc41506a30
intermittent,Intermittent,quantity,288,0.00227265241593,2,242888,dab4d8a7217f9c14d1c2336f649aef9ddaf2ba440d074e446d8fd5cc41506a30
intermittent,Intermittent,quantity,292,0.00226441816804,1,242888,dab4d8a7217f9c14d1c2336f649aef9ddaf2ba440d074e446d8fd5cc41506a30
intermittent,Intermittent,quantity,296,0.0022603010441,2,242888,dab4d8a7217f9c14d1c2336f649aef9ddaf2ba440d074e446d8fd5cc41506a30
intermittent,Intermittent,quantity,298,0.00225206679622,1,242888,dab4d8a7217f9c14d1c2336f649aef9ddaf2ba440d074e446d8fd5cc41506a30
intermittent,Intermittent,quantity,300,0.00224794967228,24,242888,dab4d8a7217f9c14d1c2336f649aef9ddaf2ba440d074e446d8fd5cc41506a30
intermittent,Intermittent,quantity,301,0.00214913869767,2,242888,dab4d8a7217f9c14d1c2336f649aef9ddaf2ba440d074e446d8fd5cc41506a30
intermittent,Intermittent,quantity,303,0.00214090444979,1,242888,dab4d8a7217f9c14d1c2336f649aef9ddaf2ba440d074e446d8fd5cc41506a30
intermittent,Intermittent,quantity,305,0.00213678732585,1,242888,dab4d8a7217f9c14d1c2336f649aef9ddaf2ba440d074e446d8fd5cc41506a30
intermittent,Intermittent,quantity,307,0.0021326702019,1,242888,dab4d8a7217f9c14d1c2336f649aef9ddaf2ba440d074e446d8fd5cc41506a30
intermittent,Intermittent,quantity,308,0.00212855307796,1,242888,dab4d8a7217f9c14d1c2336f649aef9ddaf2ba440d074e446d8fd5cc41506a30
intermittent,Intermittent,quantity,310,0.00212443595402,3,242888,dab4d8a7217f9c14d1c2336f649aef9ddaf2ba440d074e446d8fd5cc41506a30
intermittent,Intermittent,quantity,311,0.00211208458219,1,242888,dab4d8a7217f9c14d1c2336f649aef9ddaf2ba440d074e446d8fd5cc41506a30
intermittent,Intermittent,quantity,314,0.00210796745825,2,242888,dab4d8a7217f9c14d1c2336f649aef9ddaf2ba440d074e446d8fd5cc41506a30
intermittent,Intermittent,quantity,315,0.00209973321037,2,242888,dab4d8a7217f9c14d1c2336f649aef9ddaf2ba440d074e446d8fd5cc41506a30
intermittent,Intermittent,quantity,316,0.00209149896248,2,242888,dab4d8a7217f9c14d1c2336f649aef9ddaf2ba440d074e446d8fd5cc41506a30
intermittent,Intermittent,quantity,317,0.0020832647146,2,242888,dab4d8a7217f9c14d1c2336f649aef9ddaf2ba440d074e446d8fd5cc41506a30
intermittent,Intermittent,quantity,318,0.00207503046672,1,242888,dab4d8a7217f9c14d1c2336f649aef9ddaf2ba440d074e446d8fd5cc41506a30
intermittent,Intermittent,quantity,320,0.00207091334278,4,242888,dab4d8a7217f9c14d1c2336f649aef9ddaf2ba440d074e446d8fd5cc41506a30
intermittent,Intermittent,quantity,322,0.00205444484701,2,242888,dab4d8a7217f9c14d1c2336f649aef9ddaf2ba440d074e446d8fd5cc41506a30
intermittent,Intermittent,quantity,327,0.00204621059912,1,242888,dab4d8a7217f9c14d1c2336f649aef9ddaf2ba440d074e446d8fd5cc41506a30
intermittent,Intermittent,quantity,328,0.00204209347518,1,242888,dab4d8a7217f9c14d1c2336f649aef9ddaf2ba440d074e446d8fd5cc41506a30
intermittent,Intermittent,quantity,330,0.00203797635124,4,242888,dab4d8a7217f9c14d1c2336f649aef9ddaf2ba440d074e446d8fd5cc41506a30
intermittent,Intermittent,quantity,332,0.00202150785547,1,242888,dab4d8a7217f9c14d1c2336f649aef9ddaf2ba440d074e446d8fd5cc41506a30
intermittent,Intermittent,quantity,334,0.00201739073153,3,242888,dab4d8a7217f9c14d1c2336f649aef9ddaf2ba440d074e446d8fd5cc41506a30
intermittent,Intermittent,quantity,336,0.0020050393597,3,242888,dab4d8a7217f9c14d1c2336f649aef9ddaf2ba440d074e446d8fd5cc41506a30
intermittent,Intermittent,quantity,339,0.00199268798788,1,242888,dab4d8a7217f9c14d1c2336f649aef9ddaf2ba440d074e446d8fd5cc41506a30
intermittent,Intermittent,quantity,340,0.00198857086394,3,242888,dab4d8a7217f9c14d1c2336f649aef9ddaf2ba440d074e446d8fd5cc41506a30
intermittent,Intermittent,quantity,341,0.00197621949211,1,242888,dab4d8a7217f9c14d1c2336f649aef9ddaf2ba440d074e446d8fd5cc41506a30
intermittent,Intermittent,quantity,342,0.00197210236817,1,242888,dab4d8a7217f9c14d1c2336f649aef9ddaf2ba440d074e446d8fd5cc41506a30
intermittent,Intermittent,quantity,345,0.00196798524423,1,242888,dab4d8a7217f9c14d1c2336f649aef9ddaf2ba440d074e446d8fd5cc41506a30
intermittent,Intermittent,quantity,346,0.00196386812029,2,242888,dab4d8a7217f9c14d1c2336f649aef9ddaf2ba440d074e446d8fd5cc41506a30
intermittent,Intermittent,quantity,349,0.0019556338724,2,242888,dab4d8a7217f9c14d1c2336f649aef9ddaf2ba440d074e446d8fd5cc41506a30
intermittent,Intermittent,quantity,350,0.00194739962452,5,242888,dab4d8a7217f9c14d1c2336f649aef9ddaf2ba440d074e446d8fd5cc41506a30
intermittent,Intermittent,quantity,352,0.00192681400481,2,242888,dab4d8a7217f9c14d1c2336f649aef9ddaf2ba440d074e446d8fd5cc41506a30
intermittent,Intermittent,quantity,355,0.00191857975693,3,242888,dab4d8a7217f9c14d1c2336f649aef9ddaf2ba440d074e446d8fd5cc41506a30
intermittent,Intermittent,quantity,363,0.0019062283851,2,242888,dab4d8a7217f9c14d1c2336f649aef9ddaf2ba440d074e446d8fd5cc41506a30
intermittent,Intermittent,quantity,365,0.00189799413722,2,242888,dab4d8a7217f9c14d1c2336f649aef9ddaf2ba440d074e446d8fd5cc41506a30
intermittent,Intermittent,quantity,366,0.00188975988933,1,242888,dab4d8a7217f9c14d1c2336f649aef9ddaf2ba440d074e446d8fd5cc41506a30
intermittent,Intermittent,quantity,368,0.00188564276539,2,242888,dab4d8a7217f9c14d1c2336f649aef9ddaf2ba440d074e446d8fd5cc41506a30
intermittent,Intermittent,quantity,370,0.00187740851751,3,242888,dab4d8a7217f9c14d1c2336f649aef9ddaf2ba440d074e446d8fd5cc41506a30
intermittent,Intermittent,quantity,375,0.00186505714568,1,242888,dab4d8a7217f9c14d1c2336f649aef9ddaf2ba440d074e446d8fd5cc41506a30
intermittent,Intermittent,quantity,383,0.00186094002174,2,242888,dab4d8a7217f9c14d1c2336f649aef9ddaf2ba440d074e446d8fd5cc41506a30
intermittent,Intermittent,quantity,387,0.00185270577385,1,242888,dab4d8a7217f9c14d1c2336f649aef9ddaf2ba440d074e446d8fd5cc41506a30
intermittent,Intermittent,quantity,389,0.00184858864991,1,242888,dab4d8a7217f9c14d1c2336f649aef9ddaf2ba440d074e446d8fd5cc41506a30
intermittent,Intermittent,quantity,400,0.00184447152597,48,242888,dab4d8a7217f9c14d1c2336f649aef9ddaf2ba440d074e446d8fd5cc41506a30
intermittent,Intermittent,quantity,403,0.00164684957676,1,242888,dab4d8a7217f9c14d1c2336f649aef9ddaf2ba440d074e446d8fd5cc41506a30
intermittent,Intermittent,quantity,404,0.00164273245282,3,242888,dab4d8a7217f9c14d1c2336f649aef9ddaf2ba440d074e446d8fd5cc41506a30
intermittent,Intermittent,quantity,411,0.00163038108099,1,242888,dab4d8a7217f9c14d1c2336f649aef9ddaf2ba440d074e446d8fd5cc41506a30
intermittent,Intermittent,quantity,416,0.00162626395705,1,242888,dab4d8a7217f9c14d1c2336f649aef9ddaf2ba440d074e446d8fd5cc41506a30
intermittent,Intermittent,quantity,418,0.00162214683311,2,242888,dab4d8a7217f9c14d1c2336f649aef9ddaf2ba440d074e446d8fd5cc41506a30
intermittent,Intermittent,quantity,423,0.00161391258522,2,242888,dab4d8a7217f9c14d1c2336f649aef9ddaf2ba440d074e446d8fd5cc41506a30
intermittent,Intermittent,quantity,424,0.00160567833734,1,242888,dab4d8a7217f9c14d1c2336f649aef9ddaf2ba440d074e446d8fd5cc41506a30
intermittent,Intermittent,quantity,426,0.0016015612134,1,242888,dab4d8a7217f9c14d1c2336f649aef9ddaf2ba440d074e446d8fd5cc41506a30
intermittent,Intermittent,quantity,431,0.00159744408946,1,242888,dab4d8a7217f9c14d1c2336f649aef9ddaf2ba440d074e446d8fd5cc41506a30
intermittent,Intermittent,quantity,432,0.00159332696551,1,242888,dab4d8a7217f9c14d1c2336f649aef9ddaf2ba440d074e446d8fd5cc41506a30
intermittent,Intermittent,quantity,435,0.00158920984157,2,242888,dab4d8a7217f9c14d1c2336f649aef9ddaf2ba440d074e446d8fd5cc41506a30
intermittent,Intermittent,quantity,440,0.00158097559369,2,242888,dab4d8a7217f9c14d1c2336f649aef9ddaf2ba440d074e446d8fd5cc41506a30
intermittent,Intermittent,quantity,450,0.00157274134581,5,242888,dab4d8a7217f9c14d1c2336f649aef9ddaf2ba440d074e446d8fd5cc41506a30
intermittent,Intermittent,quantity,455,0.0015521557261,2,242888,dab4d8a7217f9c14d1c2336f649aef9ddaf2ba440d074e446d8fd5cc41506a30
intermittent,Intermittent,quantity,460,0.00154392147821,2,242888,dab4d8a7217f9c14d1c2336f649aef9ddaf2ba440d074e446d8fd5cc41506a30
intermittent,Intermittent,quantity,471,0.00153568723033,2,242888,dab4d8a7217f9c14d1c2336f649aef9ddaf2ba440d074e446d8fd5cc41506a30
intermittent,Intermittent,quantity,475,0.00152745298244,2,242888,dab4d8a7217f9c14d1c2336f649aef9ddaf2ba440d074e446d8fd5cc41506a30
intermittent,Intermittent,quantity,476,0.00151921873456,1,242888,dab4d8a7217f9c14d1c2336f649aef9ddaf2ba440d074e446d8fd5cc41506a30
intermittent,Intermittent,quantity,478,0.00151510161062,2,242888,dab4d8a7217f9c14d1c2336f649aef9ddaf2ba440d074e446d8fd5cc41506a30
intermittent,Intermittent,quantity,480,0.00150686736274,2,242888,dab4d8a7217f9c14d1c2336f649aef9ddaf2ba440d074e446d8fd5cc41506a30
intermittent,Intermittent,quantity,487,0.00149863311485,1,242888,dab4d8a7217f9c14d1c2336f649aef9ddaf2ba440d074e446d8fd5cc41506a30
intermittent,Intermittent,quantity,489,0.00149451599091,2,242888,dab4d8a7217f9c14d1c2336f649aef9ddaf2ba440d074e446d8fd5cc41506a30
intermittent,Intermittent,quantity,498,0.00148628174303,1,242888,dab4d8a7217f9c14d1c2336f649aef9ddaf2ba440d074e446d8fd5cc41506a30
intermittent,Intermittent,quantity,499,0.00148216461908,1,242888,dab4d8a7217f9c14d1c2336f649aef9ddaf2ba440d074e446d8fd5cc41506a30
intermittent,Intermittent,quantity,500,0.00147804749514,73,242888,dab4d8a7217f9c14d1c2336f649aef9ddaf2ba440d074e446d8fd5cc41506a30
intermittent,Intermittent,quantity,502,0.00117749744738,2,242888,dab4d8a7217f9c14d1c2336f649aef9ddaf2ba440d074e446d8fd5cc41506a30
intermittent,Intermittent,quantity,505,0.0011692631995,4,242888,dab4d8a7217f9c14d1c2336f649aef9ddaf2ba440d074e446d8fd5cc41506a30
intermittent,Intermittent,quantity,511,0.00115279470373,1,242888,dab4d8a7217f9c14d1c2336f649aef9ddaf2ba440d074e446d8fd5cc41506a30
intermittent,Intermittent,quantity,524,0.00114867757979,2,242888,dab4d8a7217f9c14d1c2336f649aef9ddaf2ba440d074e446d8fd5cc41506a30
intermittent,Intermittent,quantity,529,0.00114044333191,1,242888,dab4d8a7217f9c14d1c2336f649aef9ddaf2ba440d074e446d8fd5cc41506a30
intermittent,Intermittent,quantity,535,0.00113632620796,2,242888,dab4d8a7217f9c14d1c2336f649aef9ddaf2ba440d074e446d8fd5cc41506a30
intermittent,Intermittent,quantity,537,0.00112809196008,2,242888,dab4d8a7217f9c14d1c2336f649aef9ddaf2ba440d074e446d8fd5cc41506a30
intermittent,Intermittent,quantity,540,0.0011198577122,2,242888,dab4d8a7217f9c14d1c2336f649aef9ddaf2ba440d074e446d8fd5cc41506a30
intermittent,Intermittent,quantity,545,0.00111162346431,1,242888,dab4d8a7217f9c14d1c2336f649aef9ddaf2ba440d074e446d8fd5cc41506a30
intermittent,Intermittent,quantity,546,0.00110750634037,2,242888,dab4d8a7217f9c14d1c2336f649aef9ddaf2ba440d074e446d8fd5cc41506a30
intermittent,Intermittent,quantity,555,0.00109927209249,1,242888,dab4d8a7217f9c14d1c2336f649aef9ddaf2ba440d074e446d8fd5cc41506a30
intermittent,Intermittent,quantity,556,0.00109515496855,1,242888,dab4d8a7217f9c14d1c2336f649aef9ddaf2ba440d074e446d8fd5cc41506a30
intermittent,Intermittent,quantity,565,0.0010910378446,1,242888,dab4d8a7217f9c14d1c2336f649aef9ddaf2ba440d074e446d8fd5cc41506a30
intermittent,Intermittent,quantity,568,0.00108692072066,2,242888,dab4d8a7217f9c14d1c2336f649aef9ddaf2ba440d074e446d8fd5cc41506a30
intermittent,Intermittent,quantity,597,0.00107868647278,3,242888,dab4d8a7217f9c14d1c2336f649aef9ddaf2ba440d074e446d8fd5cc41506a30
intermittent,Intermittent,quantity,598,0.00106633510095,2,242888,dab4d8a7217f9c14d1c2336f649aef9ddaf2ba440d074e446d8fd5cc41506a30
intermittent,Intermittent,quantity,600,0.00105810085307,10,242888,dab4d8a7217f9c14d1c2336f649aef9ddaf2ba440d074e446d8fd5cc41506a30
intermittent,Intermittent,quantity,606,0.00101692961365,1,242888,dab4d8a7217f9c14d1c2336f649aef9ddaf2ba440d074e446d8fd5cc41506a30
intermittent,Intermittent,quantity,620,0.00101281248971,1,242888,dab4d8a7217f9c14d1c2336f649aef9ddaf2ba440d074e446d8fd5cc41506a30
intermittent,Intermittent,quantity,631,0.00100869536577,1,242888,dab4d8a7217f9c14d1c2336f649aef9ddaf2ba440d074e446d8fd5cc41506a30
intermittent,Intermittent,quantity,634,0.00100457824182,1,242888,dab4d8a7217f9c14d1c2336f649aef9ddaf2ba440d074e446d8fd5cc41506a30
intermittent,Intermittent,quantity,650,0.00100046111788,3,242888,dab4d8a7217f9c14d1c2336f649aef9ddaf2ba440d074e446d8fd5cc41506a30
intermittent,Intermittent,quantity,654,0.000988109746056,1,242888,dab4d8a7217f9c14d1c2336f649aef9ddaf2ba440d074e446d8fd5cc41506a30
intermittent,Intermittent,quantity,659,0.000983992622114,1,242888,dab4d8a7217f9c14d1c2336f649aef9ddaf2ba440d074e446d8fd5cc41506a30
intermittent,Intermittent,quantity,661,0.000979875498172,2,242888,dab4d8a7217f9c14d1c2336f649aef9ddaf2ba440d074e446d8fd5cc41506a30
intermittent,Intermittent,quantity,667,0.000971641250288,1,242888,dab4d8a7217f9c14d1c2336f649aef9ddaf2ba440d074e446d8fd5cc41506a30
intermittent,Intermittent,quantity,679,0.000967524126346,1,242888,dab4d8a7217f9c14d1c2336f649aef9ddaf2ba440d074e446d8fd5cc41506a30
intermittent,Intermittent,quantity,680,0.000963407002404,1,242888,dab4d8a7217f9c14d1c2336f649aef9ddaf2ba440d074e446d8fd5cc41506a30
intermittent,Intermittent,quantity,686,0.000959289878463,2,242888,dab4d8a7217f9c14d1c2336f649aef9ddaf2ba440d074e446d8fd5cc41506a30
intermittent,Intermittent,quantity,689,0.000951055630579,1,242888,dab4d8a7217f9c14d1c2336f649aef9ddaf2ba440d074e446d8fd5cc41506a30
intermittent,Intermittent,quantity,700,0.000946938506637,3,242888,dab4d8a7217f9c14d1c2336f649aef9ddaf2ba440d074e446d8fd5cc41506a30
intermittent,Intermittent,quantity,702,0.000934587134811,1,242888,dab4d8a7217f9c14d1c2336f649aef9ddaf2ba440d074e446d8fd5cc41506a30
intermittent,Intermittent,quantity,708,0.000930470010869,1,242888,dab4d8a7217f9c14d1c2336f649aef9ddaf2ba440d074e446d8fd5cc41506a30
intermittent,Intermittent,quantity,738,0.000926352886927,2,242888,dab4d8a7217f9c14d1c2336f649aef9ddaf2ba440d074e446d8fd5cc41506a30
intermittent,Intermittent,quantity,747,0.000918118639044,1,242888,dab4d8a7217f9c14d1c2336f649aef9ddaf2ba440d074e446d8fd5cc41506a30
intermittent,Intermittent,quantity,750,0.000914001515102,1,242888,dab4d8a7217f9c14d1c2336f649aef9ddaf2ba440d074e446d8fd5cc41506a30
intermittent,Intermittent,quantity,758,0.00090988439116,1,242888,dab4d8a7217f9c14d1c2336f649aef9ddaf2ba440d074e446d8fd5cc41506a30
intermittent,Intermittent,quantity,781,0.000905767267218,2,242888,dab4d8a7217f9c14d1c2336f649aef9ddaf2ba440d074e446d8fd5cc41506a30
intermittent,Intermittent,quantity,800,0.000897533019334,4,242888,dab4d8a7217f9c14d1c2336f649aef9ddaf2ba440d074e446d8fd5cc41506a30
intermittent,Intermittent,quantity,801,0.000881064523566,1,242888,dab4d8a7217f9c14d1c2336f649aef9ddaf2ba440d074e446d8fd5cc41506a30
intermittent,Intermittent,quantity,804,0.000876947399625,1,242888,dab4d8a7217f9c14d1c2336f649aef9ddaf2ba440d074e446d8fd5cc41506a30
intermittent,Intermittent,quantity,816,0.000872830275683,2,242888,dab4d8a7217f9c14d1c2336f649aef9ddaf2ba440d074e446d8fd5cc41506a30
intermittent,Intermittent,quantity,826,0.000864596027799,1,242888,dab4d8a7217f9c14d1c2336f649aef9ddaf2ba440d074e446d8fd5cc41506a30
intermittent,Intermittent,quantity,861,0.000860478903857,1,242888,dab4d8a7217f9c14d1c2336f649aef9ddaf2ba440d074e446d8fd5cc41506a30
intermittent,Intermittent,quantity,866,0.000856361779915,2,242888,dab4d8a7217f9c14d1c2336f649aef9ddaf2ba440d074e446d8fd5cc41506a30
intermittent,Intermittent,quantity,894,0.000848127532031,2,242888,dab4d8a7217f9c14d1c2336f649aef9ddaf2ba440d074e446d8fd5cc41506a30
intermittent,Intermittent,quantity,921,0.000839893284147,1,242888,dab4d8a7217f9c14d1c2336f649aef9ddaf2ba440d074e446d8fd5cc41506a30
intermittent,Intermittent,quantity,1000,0.000835776160206,99,242888,dab4d8a7217f9c14d1c2336f649aef9ddaf2ba440d074e446d8fd5cc41506a30
intermittent,Intermittent,quantity,1010,0.000428180889958,2,242888,dab4d8a7217f9c14d1c2336f649aef9ddaf2ba440d074e446d8fd5cc41506a30
intermittent,Intermittent,quantity,1027,0.000419946642074,1,242888,dab4d8a7217f9c14d1c2336f649aef9ddaf2ba440d074e446d8fd5cc41506a30
intermittent,Intermittent,quantity,1038,0.000415829518132,1,242888,dab4d8a7217f9c14d1c2336f649aef9ddaf2ba440d074e446d8fd5cc41506a30
intermittent,Intermittent,quantity,1050,0.00041171239419,1,242888,dab4d8a7217f9c14d1c2336f649aef9ddaf2ba440d074e446d8fd5cc41506a30
intermittent,Intermittent,quantity,1051,0.000407595270248,1,242888,dab4d8a7217f9c14d1c2336f649aef9ddaf2ba440d074e446d8fd5cc41506a30
intermittent,Intermittent,quantity,1100,0.000403478146306,4,242888,dab4d8a7217f9c14d1c2336f649aef9ddaf2ba440d074e446d8fd5cc41506a30
intermittent,Intermittent,quantity,1104,0.000387009650539,1,242888,dab4d8a7217f9c14d1c2336f649aef9ddaf2ba440d074e446d8fd5cc41506a30
intermittent,Intermittent,quantity,1186,0.000382892526597,2,242888,dab4d8a7217f9c14d1c2336f649aef9ddaf2ba440d074e446d8fd5cc41506a30
intermittent,Intermittent,quantity,1435,0.000374658278713,2,242888,dab4d8a7217f9c14d1c2336f649aef9ddaf2ba440d074e446d8fd5cc41506a30
intermittent,Intermittent,quantity,1500,0.000366424030829,25,242888,dab4d8a7217f9c14d1c2336f649aef9ddaf2ba440d074e446d8fd5cc41506a30
intermittent,Intermittent,quantity,1874,0.000263495932282,2,242888,dab4d8a7217f9c14d1c2336f649aef9ddaf2ba440d074e446d8fd5cc41506a30
intermittent,Intermittent,quantity,2000,0.000255261684398,46,242888,dab4d8a7217f9c14d1c2336f649aef9ddaf2ba440d074e446d8fd5cc41506a30
intermittent,Intermittent,quantity,2500,6.58739830704e-05,1,242888,dab4d8a7217f9c14d1c2336f649aef9ddaf2ba440d074e446d8fd5cc41506a30
intermittent,Intermittent,quantity,3000,6.17568591285e-05,4,242888,dab4d8a7217f9c14d1c2336f649aef9ddaf2ba440d074e446d8fd5cc41506a30
intermittent,Intermittent,quantity,4000,4.52883633609e-05,9,242888,dab4d8a7217f9c14d1c2336f649aef9ddaf2ba440d074e446d8fd5cc41506a30
intermittent,Intermittent,quantity,5000,8.2342478838e-06,2,242888,dab4d8a7217f9c14d1c2336f649aef9ddaf2ba440d074e446d8fd5cc41506a30
yellow_trip_hourly,Taxi,sequence_length,72,1,3,131,b47e98e9fdb75d4274a18e3f8a5d8f463418a1d56a6db4db7d9b834c9d89ca46
yellow_trip_hourly,Taxi,sequence_length,73,0.977099236641,2,131,b47e98e9fdb75d4274a18e3f8a5d8f463418a1d56a6db4db7d9b834c9d89ca46
yellow_trip_hourly,Taxi,sequence_length,74,0.961832061069,2,131,b47e98e9fdb75d4274a18e3f8a5d8f463418a1d56a6db4db7d9b834c9d89ca46
yellow_trip_hourly,Taxi,sequence_length,80,0.946564885496,1,131,b47e98e9fdb75d4274a18e3f8a5d8f463418a1d56a6db4db7d9b834c9d89ca46
yellow_trip_hourly,Taxi,sequence_length,86,0.93893129771,2,131,b47e98e9fdb75d4274a18e3f8a5d8f463418a1d56a6db4db7d9b834c9d89ca46
yellow_trip_hourly,Taxi,sequence_length,88,0.923664122137,1,131,b47e98e9fdb75d4274a18e3f8a5d8f463418a1d56a6db4db7d9b834c9d89ca46
yellow_trip_hourly,Taxi,sequence_length,91,0.916030534351,1,131,b47e98e9fdb75d4274a18e3f8a5d8f463418a1d56a6db4db7d9b834c9d89ca46
yellow_trip_hourly,Taxi,sequence_length,92,0.908396946565,1,131,b47e98e9fdb75d4274a18e3f8a5d8f463418a1d56a6db4db7d9b834c9d89ca46
yellow_trip_hourly,Taxi,sequence_length,94,0.900763358779,2,131,b47e98e9fdb75d4274a18e3f8a5d8f463418a1d56a6db4db7d9b834c9d89ca46
yellow_trip_hourly,Taxi,sequence_length,97,0.885496183206,1,131,b47e98e9fdb75d4274a18e3f8a5d8f463418a1d56a6db4db7d9b834c9d89ca46
yellow_trip_hourly,Taxi,sequence_length,100,0.87786259542,1,131,b47e98e9fdb75d4274a18e3f8a5d8f463418a1d56a6db4db7d9b834c9d89ca46
yellow_trip_hourly,Taxi,sequence_length,104,0.870229007634,1,131,b47e98e9fdb75d4274a18e3f8a5d8f463418a1d56a6db4db7d9b834c9d89ca46
yellow_trip_hourly,Taxi,sequence_length,105,0.862595419847,1,131,b47e98e9fdb75d4274a18e3f8a5d8f463418a1d56a6db4db7d9b834c9d89ca46
yellow_trip_hourly,Taxi,sequence_length,111,0.854961832061,1,131,b47e98e9fdb75d4274a18e3f8a5d8f463418a1d56a6db4db7d9b834c9d89ca46
yellow_trip_hourly,Taxi,sequence_length,113,0.847328244275,1,131,b47e98e9fdb75d4274a18e3f8a5d8f463418a1d56a6db4db7d9b834c9d89ca46
yellow_trip_hourly,Taxi,sequence_length,115,0.839694656489,1,131,b47e98e9fdb75d4274a18e3f8a5d8f463418a1d56a6db4db7d9b834c9d89ca46
yellow_trip_hourly,Taxi,sequence_length,118,0.832061068702,2,131,b47e98e9fdb75d4274a18e3f8a5d8f463418a1d56a6db4db7d9b834c9d89ca46
yellow_trip_hourly,Taxi,sequence_length,119,0.81679389313,1,131,b47e98e9fdb75d4274a18e3f8a5d8f463418a1d56a6db4db7d9b834c9d89ca46
yellow_trip_hourly,Taxi,sequence_length,120,0.809160305344,1,131,b47e98e9fdb75d4274a18e3f8a5d8f463418a1d56a6db4db7d9b834c9d89ca46
yellow_trip_hourly,Taxi,sequence_length,121,0.801526717557,1,131,b47e98e9fdb75d4274a18e3f8a5d8f463418a1d56a6db4db7d9b834c9d89ca46
yellow_trip_hourly,Taxi,sequence_length,122,0.793893129771,1,131,b47e98e9fdb75d4274a18e3f8a5d8f463418a1d56a6db4db7d9b834c9d89ca46
yellow_trip_hourly,Taxi,sequence_length,123,0.786259541985,1,131,b47e98e9fdb75d4274a18e3f8a5d8f463418a1d56a6db4db7d9b834c9d89ca46
yellow_trip_hourly,Taxi,sequence_length,129,0.778625954198,1,131,b47e98e9fdb75d4274a18e3f8a5d8f463418a1d56a6db4db7d9b834c9d89ca46
yellow_trip_hourly,Taxi,sequence_length,137,0.770992366412,1,131,b47e98e9fdb75d4274a18e3f8a5d8f463418a1d56a6db4db7d9b834c9d89ca46
yellow_trip_hourly,Taxi,sequence_length,142,0.763358778626,1,131,b47e98e9fdb75d4274a18e3f8a5d8f463418a1d56a6db4db7d9b834c9d89ca46
yellow_trip_hourly,Taxi,sequence_length,151,0.75572519084,2,131,b47e98e9fdb75d4274a18e3f8a5d8f463418a1d56a6db4db7d9b834c9d89ca46
yellow_trip_hourly,Taxi,sequence_length,152,0.740458015267,1,131,b47e98e9fdb75d4274a18e3f8a5d8f463418a1d56a6db4db7d9b834c9d89ca46
yellow_trip_hourly,Taxi,sequence_length,155,0.732824427481,1,131,b47e98e9fdb75d4274a18e3f8a5d8f463418a1d56a6db4db7d9b834c9d89ca46
yellow_trip_hourly,Taxi,sequence_length,162,0.725190839695,1,131,b47e98e9fdb75d4274a18e3f8a5d8f463418a1d56a6db4db7d9b834c9d89ca46
yellow_trip_hourly,Taxi,sequence_length,169,0.717557251908,1,131,b47e98e9fdb75d4274a18e3f8a5d8f463418a1d56a6db4db7d9b834c9d89ca46
yellow_trip_hourly,Taxi,sequence_length,174,0.709923664122,1,131,b47e98e9fdb75d4274a18e3f8a5d8f463418a1d56a6db4db7d9b834c9d89ca46
yellow_trip_hourly,Taxi,sequence_length,177,0.702290076336,1,131,b47e98e9fdb75d4274a18e3f8a5d8f463418a1d56a6db4db7d9b834c9d89ca46
yellow_trip_hourly,Taxi,sequence_length,181,0.69465648855,1,131,b47e98e9fdb75d4274a18e3f8a5d8f463418a1d56a6db4db7d9b834c9d89ca46
yellow_trip_hourly,Taxi,sequence_length,194,0.687022900763,1,131,b47e98e9fdb75d4274a18e3f8a5d8f463418a1d56a6db4db7d9b834c9d89ca46
yellow_trip_hourly,Taxi,sequence_length,212,0.679389312977,1,131,b47e98e9fdb75d4274a18e3f8a5d8f463418a1d56a6db4db7d9b834c9d89ca46
yellow_trip_hourly,Taxi,sequence_length,217,0.671755725191,1,131,b47e98e9fdb75d4274a18e3f8a5d8f463418a1d56a6db4db7d9b834c9d89ca46
yellow_trip_hourly,Taxi,sequence_length,219,0.664122137405,1,131,b47e98e9fdb75d4274a18e3f8a5d8f463418a1d56a6db4db7d9b834c9d89ca46
yellow_trip_hourly,Taxi,sequence_length,224,0.656488549618,1,131,b47e98e9fdb75d4274a18e3f8a5d8f463418a1d56a6db4db7d9b834c9d89ca46
yellow_trip_hourly,Taxi,sequence_length,230,0.648854961832,1,131,b47e98e9fdb75d4274a18e3f8a5d8f463418a1d56a6db4db7d9b834c9d89ca46
yellow_trip_hourly,Taxi,sequence_length,233,0.641221374046,1,131,b47e98e9fdb75d4274a18e3f8a5d8f463418a1d56a6db4db7d9b834c9d89ca46
yellow_trip_hourly,Taxi,sequence_length,262,0.63358778626,1,131,b47e98e9fdb75d4274a18e3f8a5d8f463418a1d56a6db4db7d9b834c9d89ca46
yellow_trip_hourly,Taxi,sequence_length,269,0.625954198473,1,131,b47e98e9fdb75d4274a18e3f8a5d8f463418a1d56a6db4db7d9b834c9d89ca46
yellow_trip_hourly,Taxi,sequence_length,271,0.618320610687,2,131,b47e98e9fdb75d4274a18e3f8a5d8f463418a1d56a6db4db7d9b834c9d89ca46
yellow_trip_hourly,Taxi,sequence_length,273,0.603053435115,1,131,b47e98e9fdb75d4274a18e3f8a5d8f463418a1d56a6db4db7d9b834c9d89ca46
yellow_trip_hourly,Taxi,sequence_length,283,0.595419847328,1,131,b47e98e9fdb75d4274a18e3f8a5d8f463418a1d56a6db4db7d9b834c9d89ca46
yellow_trip_hourly,Taxi,sequence_length,289,0.587786259542,1,131,b47e98e9fdb75d4274a18e3f8a5d8f463418a1d56a6db4db7d9b834c9d89ca46
yellow_trip_hourly,Taxi,sequence_length,294,0.580152671756,1,131,b47e98e9fdb75d4274a18e3f8a5d8f463418a1d56a6db4db7d9b834c9d89ca46
yellow_trip_hourly,Taxi,sequence_length,295,0.572519083969,1,131,b47e98e9fdb75d4274a18e3f8a5d8f463418a1d56a6db4db7d9b834c9d89ca46
yellow_trip_hourly,Taxi,sequence_length,299,0.564885496183,1,131,b47e98e9fdb75d4274a18e3f8a5d8f463418a1d56a6db4db7d9b834c9d89ca46
yellow_trip_hourly,Taxi,sequence_length,311,0.557251908397,1,131,b47e98e9fdb75d4274a18e3f8a5d8f463418a1d56a6db4db7d9b834c9d89ca46
yellow_trip_hourly,Taxi,sequence_length,340,0.549618320611,1,131,b47e98e9fdb75d4274a18e3f8a5d8f463418a1d56a6db4db7d9b834c9d89ca46
yellow_trip_hourly,Taxi,sequence_length,342,0.541984732824,1,131,b47e98e9fdb75d4274a18e3f8a5d8f463418a1d56a6db4db7d9b834c9d89ca46
yellow_trip_hourly,Taxi,sequence_length,359,0.534351145038,1,131,b47e98e9fdb75d4274a18e3f8a5d8f463418a1d56a6db4db7d9b834c9d89ca46
yellow_trip_hourly,Taxi,sequence_length,375,0.526717557252,1,131,b47e98e9fdb75d4274a18e3f8a5d8f463418a1d56a6db4db7d9b834c9d89ca46
yellow_trip_hourly,Taxi,sequence_length,382,0.519083969466,1,131,b47e98e9fdb75d4274a18e3f8a5d8f463418a1d56a6db4db7d9b834c9d89ca46
yellow_trip_hourly,Taxi,sequence_length,385,0.511450381679,1,131,b47e98e9fdb75d4274a18e3f8a5d8f463418a1d56a6db4db7d9b834c9d89ca46
yellow_trip_hourly,Taxi,sequence_length,405,0.503816793893,2,131,b47e98e9fdb75d4274a18e3f8a5d8f463418a1d56a6db4db7d9b834c9d89ca46
yellow_trip_hourly,Taxi,sequence_length,415,0.488549618321,1,131,b47e98e9fdb75d4274a18e3f8a5d8f463418a1d56a6db4db7d9b834c9d89ca46
yellow_trip_hourly,Taxi,sequence_length,447,0.480916030534,1,131,b47e98e9fdb75d4274a18e3f8a5d8f463418a1d56a6db4db7d9b834c9d89ca46
yellow_trip_hourly,Taxi,sequence_length,448,0.473282442748,1,131,b47e98e9fdb75d4274a18e3f8a5d8f463418a1d56a6db4db7d9b834c9d89ca46
yellow_trip_hourly,Taxi,sequence_length,489,0.465648854962,1,131,b47e98e9fdb75d4274a18e3f8a5d8f463418a1d56a6db4db7d9b834c9d89ca46
yellow_trip_hourly,Taxi,sequence_length,492,0.458015267176,1,131,b47e98e9fdb75d4274a18e3f8a5d8f463418a1d56a6db4db7d9b834c9d89ca46
yellow_trip_hourly,Taxi,sequence_length,504,0.450381679389,1,131,b47e98e9fdb75d4274a18e3f8a5d8f463418a1d56a6db4db7d9b834c9d89ca46
yellow_trip_hourly,Taxi,sequence_length,515,0.442748091603,1,131,b47e98e9fdb75d4274a18e3f8a5d8f463418a1d56a6db4db7d9b834c9d89ca46
yellow_trip_hourly,Taxi,sequence_length,530,0.435114503817,2,131,b47e98e9fdb75d4274a18e3f8a5d8f463418a1d56a6db4db7d9b834c9d89ca46
yellow_trip_hourly,Taxi,sequence_length,540,0.419847328244,1,131,b47e98e9fdb75d4274a18e3f8a5d8f463418a1d56a6db4db7d9b834c9d89ca46
yellow_trip_hourly,Taxi,sequence_length,566,0.412213740458,1,131,b47e98e9fdb75d4274a18e3f8a5d8f463418a1d56a6db4db7d9b834c9d89ca46
yellow_trip_hourly,Taxi,sequence_length,578,0.404580152672,1,131,b47e98e9fdb75d4274a18e3f8a5d8f463418a1d56a6db4db7d9b834c9d89ca46
yellow_trip_hourly,Taxi,sequence_length,581,0.396946564885,2,131,b47e98e9fdb75d4274a18e3f8a5d8f463418a1d56a6db4db7d9b834c9d89ca46
yellow_trip_hourly,Taxi,sequence_length,584,0.381679389313,1,131,b47e98e9fdb75d4274a18e3f8a5d8f463418a1d56a6db4db7d9b834c9d89ca46
yellow_trip_hourly,Taxi,sequence_length,600,0.374045801527,1,131,b47e98e9fdb75d4274a18e3f8a5d8f463418a1d56a6db4db7d9b834c9d89ca46
yellow_trip_hourly,Taxi,sequence_length,610,0.36641221374,1,131,b47e98e9fdb75d4274a18e3f8a5d8f463418a1d56a6db4db7d9b834c9d89ca46
yellow_trip_hourly,Taxi,sequence_length,617,0.358778625954,1,131,b47e98e9fdb75d4274a18e3f8a5d8f463418a1d56a6db4db7d9b834c9d89ca46
yellow_trip_hourly,Taxi,sequence_length,634,0.351145038168,1,131,b47e98e9fdb75d4274a18e3f8a5d8f463418a1d56a6db4db7d9b834c9d89ca46
yellow_trip_hourly,Taxi,sequence_length,637,0.343511450382,1,131,b47e98e9fdb75d4274a18e3f8a5d8f463418a1d56a6db4db7d9b834c9d89ca46
yellow_trip_hourly,Taxi,sequence_length,644,0.335877862595,1,131,b47e98e9fdb75d4274a18e3f8a5d8f463418a1d56a6db4db7d9b834c9d89ca46
yellow_trip_hourly,Taxi,sequence_length,652,0.328244274809,1,131,b47e98e9fdb75d4274a18e3f8a5d8f463418a1d56a6db4db7d9b834c9d89ca46
yellow_trip_hourly,Taxi,sequence_length,655,0.320610687023,1,131,b47e98e9fdb75d4274a18e3f8a5d8f463418a1d56a6db4db7d9b834c9d89ca46
yellow_trip_hourly,Taxi,sequence_length,666,0.312977099237,1,131,b47e98e9fdb75d4274a18e3f8a5d8f463418a1d56a6db4db7d9b834c9d89ca46
yellow_trip_hourly,Taxi,sequence_length,669,0.30534351145,1,131,b47e98e9fdb75d4274a18e3f8a5d8f463418a1d56a6db4db7d9b834c9d89ca46
yellow_trip_hourly,Taxi,sequence_length,679,0.297709923664,1,131,b47e98e9fdb75d4274a18e3f8a5d8f463418a1d56a6db4db7d9b834c9d89ca46
yellow_trip_hourly,Taxi,sequence_length,684,0.290076335878,1,131,b47e98e9fdb75d4274a18e3f8a5d8f463418a1d56a6db4db7d9b834c9d89ca46
yellow_trip_hourly,Taxi,sequence_length,695,0.282442748092,1,131,b47e98e9fdb75d4274a18e3f8a5d8f463418a1d56a6db4db7d9b834c9d89ca46
yellow_trip_hourly,Taxi,sequence_length,706,0.274809160305,1,131,b47e98e9fdb75d4274a18e3f8a5d8f463418a1d56a6db4db7d9b834c9d89ca46
yellow_trip_hourly,Taxi,sequence_length,718,0.267175572519,1,131,b47e98e9fdb75d4274a18e3f8a5d8f463418a1d56a6db4db7d9b834c9d89ca46
yellow_trip_hourly,Taxi,sequence_length,727,0.259541984733,1,131,b47e98e9fdb75d4274a18e3f8a5d8f463418a1d56a6db4db7d9b834c9d89ca46
yellow_trip_hourly,Taxi,sequence_length,728,0.251908396947,1,131,b47e98e9fdb75d4274a18e3f8a5d8f463418a1d56a6db4db7d9b834c9d89ca46
yellow_trip_hourly,Taxi,sequence_length,731,0.24427480916,1,131,b47e98e9fdb75d4274a18e3f8a5d8f463418a1d56a6db4db7d9b834c9d89ca46
yellow_trip_hourly,Taxi,sequence_length,734,0.236641221374,1,131,b47e98e9fdb75d4274a18e3f8a5d8f463418a1d56a6db4db7d9b834c9d89ca46
yellow_trip_hourly,Taxi,sequence_length,735,0.229007633588,1,131,b47e98e9fdb75d4274a18e3f8a5d8f463418a1d56a6db4db7d9b834c9d89ca46
yellow_trip_hourly,Taxi,sequence_length,736,0.221374045802,3,131,b47e98e9fdb75d4274a18e3f8a5d8f463418a1d56a6db4db7d9b834c9d89ca46
yellow_trip_hourly,Taxi,sequence_length,737,0.198473282443,1,131,b47e98e9fdb75d4274a18e3f8a5d8f463418a1d56a6db4db7d9b834c9d89ca46
yellow_trip_hourly,Taxi,sequence_length,738,0.190839694656,3,131,b47e98e9fdb75d4274a18e3f8a5d8f463418a1d56a6db4db7d9b834c9d89ca46
yellow_trip_hourly,Taxi,sequence_length,739,0.167938931298,2,131,b47e98e9fdb75d4274a18e3f8a5d8f463418a1d56a6db4db7d9b834c9d89ca46
yellow_trip_hourly,Taxi,sequence_length,740,0.152671755725,6,131,b47e98e9fdb75d4274a18e3f8a5d8f463418a1d56a6db4db7d9b834c9d89ca46
yellow_trip_hourly,Taxi,sequence_length,741,0.106870229008,3,131,b47e98e9fdb75d4274a18e3f8a5d8f463418a1d56a6db4db7d9b834c9d89ca46
yellow_trip_hourly,Taxi,sequence_length,742,0.0839694656489,3,131,b47e98e9fdb75d4274a18e3f8a5d8f463418a1d56a6db4db7d9b834c9d89ca46
yellow_trip_hourly,Taxi,sequence_length,743,0.0610687022901,6,131,b47e98e9fdb75d4274a18e3f8a5d8f463418a1d56a6db4db7d9b834c9d89ca46
yellow_trip_hourly,Taxi,sequence_length,744,0.0152671755725,2,131,b47e98e9fdb75d4274a18e3f8a5d8f463418a1d56a6db4db7d9b834c9d89ca46
yellow_trip_hourly,Taxi,quantity,1,1,13030,55119,b47e98e9fdb75d4274a18e3f8a5d8f463418a1d56a6db4db7d9b834c9d89ca46
yellow_trip_hourly,Taxi,quantity,2,0.763602387561,5844,55119,b47e98e9fdb75d4274a18e3f8a5d8f463418a1d56a6db4db7d9b834c9d89ca46
yellow_trip_hourly,Taxi,quantity,3,0.657577241967,3441,55119,b47e98e9fdb75d4274a18e3f8a5d8f463418a1d56a6db4db7d9b834c9d89ca46
yellow_trip_hourly,Taxi,quantity,4,0.595148678314,2153,55119,b47e98e9fdb75d4274a18e3f8a5d8f463418a1d56a6db4db7d9b834c9d89ca46
yellow_trip_hourly,Taxi,quantity,5,0.556087737441,1597,55119,b47e98e9fdb75d4274a18e3f8a5d8f463418a1d56a6db4db7d9b834c9d89ca46
yellow_trip_hourly,Taxi,quantity,6,0.527114062302,1159,55119,b47e98e9fdb75d4274a18e3f8a5d8f463418a1d56a6db4db7d9b834c9d89ca46
yellow_trip_hourly,Taxi,quantity,7,0.506086830313,935,55119,b47e98e9fdb75d4274a18e3f8a5d8f463418a1d56a6db4db7d9b834c9d89ca46
yellow_trip_hourly,Taxi,quantity,8,0.48912353272,804,55119,b47e98e9fdb75d4274a18e3f8a5d8f463418a1d56a6db4db7d9b834c9d89ca46
yellow_trip_hourly,Taxi,quantity,9,0.474536911047,721,55119,b47e98e9fdb75d4274a18e3f8a5d8f463418a1d56a6db4db7d9b834c9d89ca46
yellow_trip_hourly,Taxi,quantity,10,0.461456122208,571,55119,b47e98e9fdb75d4274a18e3f8a5d8f463418a1d56a6db4db7d9b834c9d89ca46
yellow_trip_hourly,Taxi,quantity,11,0.45109671801,569,55119,b47e98e9fdb75d4274a18e3f8a5d8f463418a1d56a6db4db7d9b834c9d89ca46
yellow_trip_hourly,Taxi,quantity,12,0.44077359894,506,55119,b47e98e9fdb75d4274a18e3f8a5d8f463418a1d56a6db4db7d9b834c9d89ca46
yellow_trip_hourly,Taxi,quantity,13,0.43159346142,411,55119,b47e98e9fdb75d4274a18e3f8a5d8f463418a1d56a6db4db7d9b834c9d89ca46
yellow_trip_hourly,Taxi,quantity,14,0.424136867505,449,55119,b47e98e9fdb75d4274a18e3f8a5d8f463418a1d56a6db4db7d9b834c9d89ca46
yellow_trip_hourly,Taxi,quantity,15,0.415990856148,417,55119,b47e98e9fdb75d4274a18e3f8a5d8f463418a1d56a6db4db7d9b834c9d89ca46
yellow_trip_hourly,Taxi,quantity,16,0.408425406847,413,55119,b47e98e9fdb75d4274a18e3f8a5d8f463418a1d56a6db4db7d9b834c9d89ca46
yellow_trip_hourly,Taxi,quantity,17,0.400932527803,387,55119,b47e98e9fdb75d4274a18e3f8a5d8f463418a1d56a6db4db7d9b834c9d89ca46
yellow_trip_hourly,Taxi,quantity,18,0.393911355431,395,55119,b47e98e9fdb75d4274a18e3f8a5d8f463418a1d56a6db4db7d9b834c9d89ca46
yellow_trip_hourly,Taxi,quantity,19,0.386745042544,383,55119,b47e98e9fdb75d4274a18e3f8a5d8f463418a1d56a6db4db7d9b834c9d89ca46
yellow_trip_hourly,Taxi,quantity,20,0.379796440429,366,55119,b47e98e9fdb75d4274a18e3f8a5d8f463418a1d56a6db4db7d9b834c9d89ca46
yellow_trip_hourly,Taxi,quantity,21,0.373156261906,369,55119,b47e98e9fdb75d4274a18e3f8a5d8f463418a1d56a6db4db7d9b834c9d89ca46
yellow_trip_hourly,Taxi,quantity,22,0.36646165569,289,55119,b47e98e9fdb75d4274a18e3f8a5d8f463418a1d56a6db4db7d9b834c9d89ca46
yellow_trip_hourly,Taxi,quantity,23,0.361218454616,326,55119,b47e98e9fdb75d4274a18e3f8a5d8f463418a1d56a6db4db7d9b834c9d89ca46
yellow_trip_hourly,Taxi,quantity,24,0.355303978664,272,55119,b47e98e9fdb75d4274a18e3f8a5d8f463418a1d56a6db4db7d9b834c9d89ca46
yellow_trip_hourly,Taxi,quantity,25,0.350369201183,269,55119,b47e98e9fdb75d4274a18e3f8a5d8f463418a1d56a6db4db7d9b834c9d89ca46
yellow_trip_hourly,Taxi,quantity,26,0.345488851394,269,55119,b47e98e9fdb75d4274a18e3f8a5d8f463418a1d56a6db4db7d9b834c9d89ca46
yellow_trip_hourly,Taxi,quantity,27,0.340608501606,251,55119,b47e98e9fdb75d4274a18e3f8a5d8f463418a1d56a6db4db7d9b834c9d89ca46
yellow_trip_hourly,Taxi,quantity,28,0.336054717974,245,55119,b47e98e9fdb75d4274a18e3f8a5d8f463418a1d56a6db4db7d9b834c9d89ca46
yellow_trip_hourly,Taxi,quantity,29,0.331609789728,244,55119,b47e98e9fdb75d4274a18e3f8a5d8f463418a1d56a6db4db7d9b834c9d89ca46
yellow_trip_hourly,Taxi,quantity,30,0.327183004046,231,55119,b47e98e9fdb75d4274a18e3f8a5d8f463418a1d56a6db4db7d9b834c9d89ca46
yellow_trip_hourly,Taxi,quantity,31,0.322992071699,194,55119,b47e98e9fdb75d4274a18e3f8a5d8f463418a1d56a6db4db7d9b834c9d89ca46
yellow_trip_hourly,Taxi,quantity,32,0.319472414231,185,55119,b47e98e9fdb75d4274a18e3f8a5d8f463418a1d56a6db4db7d9b834c9d89ca46
yellow_trip_hourly,Taxi,quantity,33,0.316116039841,178,55119,b47e98e9fdb75d4274a18e3f8a5d8f463418a1d56a6db4db7d9b834c9d89ca46
yellow_trip_hourly,Taxi,quantity,34,0.312886663401,222,55119,b47e98e9fdb75d4274a18e3f8a5d8f463418a1d56a6db4db7d9b834c9d89ca46
yellow_trip_hourly,Taxi,quantity,35,0.308859014133,190,55119,b47e98e9fdb75d4274a18e3f8a5d8f463418a1d56a6db4db7d9b834c9d89ca46
yellow_trip_hourly,Taxi,quantity,36,0.305411926922,173,55119,b47e98e9fdb75d4274a18e3f8a5d8f463418a1d56a6db4db7d9b834c9d89ca46
yellow_trip_hourly,Taxi,quantity,37,0.302273263303,164,55119,b47e98e9fdb75d4274a18e3f8a5d8f463418a1d56a6db4db7d9b834c9d89ca46
yellow_trip_hourly,Taxi,quantity,38,0.299297882763,162,55119,b47e98e9fdb75d4274a18e3f8a5d8f463418a1d56a6db4db7d9b834c9d89ca46
yellow_trip_hourly,Taxi,quantity,39,0.296358787351,152,55119,b47e98e9fdb75d4274a18e3f8a5d8f463418a1d56a6db4db7d9b834c9d89ca46
yellow_trip_hourly,Taxi,quantity,40,0.293601117582,146,55119,b47e98e9fdb75d4274a18e3f8a5d8f463418a1d56a6db4db7d9b834c9d89ca46
yellow_trip_hourly,Taxi,quantity,41,0.290952303199,163,55119,b47e98e9fdb75d4274a18e3f8a5d8f463418a1d56a6db4db7d9b834c9d89ca46
yellow_trip_hourly,Taxi,quantity,42,0.287995065223,140,55119,b47e98e9fdb75d4274a18e3f8a5d8f463418a1d56a6db4db7d9b834c9d89ca46
yellow_trip_hourly,Taxi,quantity,43,0.285455106225,132,55119,b47e98e9fdb75d4274a18e3f8a5d8f463418a1d56a6db4db7d9b834c9d89ca46
yellow_trip_hourly,Taxi,quantity,44,0.283060287741,147,55119,b47e98e9fdb75d4274a18e3f8a5d8f463418a1d56a6db4db7d9b834c9d89ca46
yellow_trip_hourly,Taxi,quantity,45,0.280393330793,129,55119,b47e98e9fdb75d4274a18e3f8a5d8f463418a1d56a6db4db7d9b834c9d89ca46
yellow_trip_hourly,Taxi,quantity,46,0.278052940003,107,55119,b47e98e9fdb75d4274a18e3f8a5d8f463418a1d56a6db4db7d9b834c9d89ca46
yellow_trip_hourly,Taxi,quantity,47,0.276111685626,110,55119,b47e98e9fdb75d4274a18e3f8a5d8f463418a1d56a6db4db7d9b834c9d89ca46
yellow_trip_hourly,Taxi,quantity,48,0.274116003556,107,55119,b47e98e9fdb75d4274a18e3f8a5d8f463418a1d56a6db4db7d9b834c9d89ca46
yellow_trip_hourly,Taxi,quantity,49,0.272174749179,111,55119,b47e98e9fdb75d4274a18e3f8a5d8f463418a1d56a6db4db7d9b834c9d89ca46
yellow_trip_hourly,Taxi,quantity,50,0.270160924545,92,55119,b47e98e9fdb75d4274a18e3f8a5d8f463418a1d56a6db4db7d9b834c9d89ca46
yellow_trip_hourly,Taxi,quantity,51,0.268491808632,108,55119,b47e98e9fdb75d4274a18e3f8a5d8f463418a1d56a6db4db7d9b834c9d89ca46
yellow_trip_hourly,Taxi,quantity,52,0.266532411691,109,55119,b47e98e9fdb75d4274a18e3f8a5d8f463418a1d56a6db4db7d9b834c9d89ca46
yellow_trip_hourly,Taxi,quantity,53,0.264554872186,98,55119,b47e98e9fdb75d4274a18e3f8a5d8f463418a1d56a6db4db7d9b834c9d89ca46
yellow_trip_hourly,Taxi,quantity,54,0.262776900887,88,55119,b47e98e9fdb75d4274a18e3f8a5d8f463418a1d56a6db4db7d9b834c9d89ca46
yellow_trip_hourly,Taxi,quantity,55,0.261180355231,98,55119,b47e98e9fdb75d4274a18e3f8a5d8f463418a1d56a6db4db7d9b834c9d89ca46
yellow_trip_hourly,Taxi,quantity,56,0.259402383933,86,55119,b47e98e9fdb75d4274a18e3f8a5d8f463418a1d56a6db4db7d9b834c9d89ca46
yellow_trip_hourly,Taxi,quantity,57,0.257842123406,87,55119,b47e98e9fdb75d4274a18e3f8a5d8f463418a1d56a6db4db7d9b834c9d89ca46
yellow_trip_hourly,Taxi,quantity,58,0.256263720314,87,55119,b47e98e9fdb75d4274a18e3f8a5d8f463418a1d56a6db4db7d9b834c9d89ca46
yellow_trip_hourly,Taxi,quantity,59,0.254685317223,75,55119,b47e98e9fdb75d4274a18e3f8a5d8f463418a1d56a6db4db7d9b834c9d89ca46
yellow_trip_hourly,Taxi,quantity,60,0.253324624902,71,55119,b47e98e9fdb75d4274a18e3f8a5d8f463418a1d56a6db4db7d9b834c9d89ca46
yellow_trip_hourly,Taxi,quantity,61,0.252036502839,64,55119,b47e98e9fdb75d4274a18e3f8a5d8f463418a1d56a6db4db7d9b834c9d89ca46
yellow_trip_hourly,Taxi,quantity,62,0.250875378726,79,55119,b47e98e9fdb75d4274a18e3f8a5d8f463418a1d56a6db4db7d9b834c9d89ca46
yellow_trip_hourly,Taxi,quantity,63,0.249442116149,71,55119,b47e98e9fdb75d4274a18e3f8a5d8f463418a1d56a6db4db7d9b834c9d89ca46
yellow_trip_hourly,Taxi,quantity,64,0.248153994086,78,55119,b47e98e9fdb75d4274a18e3f8a5d8f463418a1d56a6db4db7d9b834c9d89ca46
yellow_trip_hourly,Taxi,quantity,65,0.246738874072,81,55119,b47e98e9fdb75d4274a18e3f8a5d8f463418a1d56a6db4db7d9b834c9d89ca46
yellow_trip_hourly,Taxi,quantity,66,0.245269326367,58,55119,b47e98e9fdb75d4274a18e3f8a5d8f463418a1d56a6db4db7d9b834c9d89ca46
yellow_trip_hourly,Taxi,quantity,67,0.244217057639,76,55119,b47e98e9fdb75d4274a18e3f8a5d8f463418a1d56a6db4db7d9b834c9d89ca46
yellow_trip_hourly,Taxi,quantity,68,0.242838222754,58,55119,b47e98e9fdb75d4274a18e3f8a5d8f463418a1d56a6db4db7d9b834c9d89ca46
yellow_trip_hourly,Taxi,quantity,69,0.241785954027,57,55119,b47e98e9fdb75d4274a18e3f8a5d8f463418a1d56a6db4db7d9b834c9d89ca46
yellow_trip_hourly,Taxi,quantity,70,0.240751827863,68,55119,b47e98e9fdb75d4274a18e3f8a5d8f463418a1d56a6db4db7d9b834c9d89ca46
yellow_trip_hourly,Taxi,quantity,71,0.239518133493,70,55119,b47e98e9fdb75d4274a18e3f8a5d8f463418a1d56a6db4db7d9b834c9d89ca46
yellow_trip_hourly,Taxi,quantity,72,0.238248153994,62,55119,b47e98e9fdb75d4274a18e3f8a5d8f463418a1d56a6db4db7d9b834c9d89ca46
yellow_trip_hourly,Taxi,quantity,73,0.237123315009,53,55119,b47e98e9fdb75d4274a18e3f8a5d8f463418a1d56a6db4db7d9b834c9d89ca46
yellow_trip_hourly,Taxi,quantity,74,0.236161759103,63,55119,b47e98e9fdb75d4274a18e3f8a5d8f463418a1d56a6db4db7d9b834c9d89ca46
yellow_trip_hourly,Taxi,quantity,75,0.235018777554,62,55119,b47e98e9fdb75d4274a18e3f8a5d8f463418a1d56a6db4db7d9b834c9d89ca46
yellow_trip_hourly,Taxi,quantity,76,0.233893938569,56,55119,b47e98e9fdb75d4274a18e3f8a5d8f463418a1d56a6db4db7d9b834c9d89ca46
yellow_trip_hourly,Taxi,quantity,77,0.23287795497,51,55119,b47e98e9fdb75d4274a18e3f8a5d8f463418a1d56a6db4db7d9b834c9d89ca46
yellow_trip_hourly,Taxi,quantity,78,0.231952684192,41,55119,b47e98e9fdb75d4274a18e3f8a5d8f463418a1d56a6db4db7d9b834c9d89ca46
yellow_trip_hourly,Taxi,quantity,79,0.231208839057,45,55119,b47e98e9fdb75d4274a18e3f8a5d8f463418a1d56a6db4db7d9b834c9d89ca46
yellow_trip_hourly,Taxi,quantity,80,0.230392423665,51,55119,b47e98e9fdb75d4274a18e3f8a5d8f463418a1d56a6db4db7d9b834c9d89ca46
yellow_trip_hourly,Taxi,quantity,81,0.229467152887,52,55119,b47e98e9fdb75d4274a18e3f8a5d8f463418a1d56a6db4db7d9b834c9d89ca46
yellow_trip_hourly,Taxi,quantity,82,0.228523739545,47,55119,b47e98e9fdb75d4274a18e3f8a5d8f463418a1d56a6db4db7d9b834c9d89ca46
yellow_trip_hourly,Taxi,quantity,83,0.227671039025,41,55119,b47e98e9fdb75d4274a18e3f8a5d8f463418a1d56a6db4db7d9b834c9d89ca46
yellow_trip_hourly,Taxi,quantity,84,0.22692719389,40,55119,b47e98e9fdb75d4274a18e3f8a5d8f463418a1d56a6db4db7d9b834c9d89ca46
yellow_trip_hourly,Taxi,quantity,85,0.226201491319,48,55119,b47e98e9fdb75d4274a18e3f8a5d8f463418a1d56a6db4db7d9b834c9d89ca46
yellow_trip_hourly,Taxi,quantity,86,0.225330648234,45,55119,b47e98e9fdb75d4274a18e3f8a5d8f463418a1d56a6db4db7d9b834c9d89ca46
yellow_trip_hourly,Taxi,quantity,87,0.224514232842,49,55119,b47e98e9fdb75d4274a18e3f8a5d8f463418a1d56a6db4db7d9b834c9d89ca46
yellow_trip_hourly,Taxi,quantity,88,0.223625247192,42,55119,b47e98e9fdb75d4274a18e3f8a5d8f463418a1d56a6db4db7d9b834c9d89ca46
yellow_trip_hourly,Taxi,quantity,89,0.222863259493,39,55119,b47e98e9fdb75d4274a18e3f8a5d8f463418a1d56a6db4db7d9b834c9d89ca46
yellow_trip_hourly,Taxi,quantity,90,0.222155699487,41,55119,b47e98e9fdb75d4274a18e3f8a5d8f463418a1d56a6db4db7d9b834c9d89ca46
yellow_trip_hourly,Taxi,quantity,91,0.221411854351,36,55119,b47e98e9fdb75d4274a18e3f8a5d8f463418a1d56a6db4db7d9b834c9d89ca46
yellow_trip_hourly,Taxi,quantity,92,0.220758722038,46,55119,b47e98e9fdb75d4274a18e3f8a5d8f463418a1d56a6db4db7d9b834c9d89ca46
yellow_trip_hourly,Taxi,quantity,93,0.219924164081,43,55119,b47e98e9fdb75d4274a18e3f8a5d8f463418a1d56a6db4db7d9b834c9d89ca46
yellow_trip_hourly,Taxi,quantity,94,0.219144033818,40,55119,b47e98e9fdb75d4274a18e3f8a5d8f463418a1d56a6db4db7d9b834c9d89ca46
yellow_trip_hourly,Taxi,quantity,95,0.218418331247,42,55119,b47e98e9fdb75d4274a18e3f8a5d8f463418a1d56a6db4db7d9b834c9d89ca46
yellow_trip_hourly,Taxi,quantity,96,0.217656343548,43,55119,b47e98e9fdb75d4274a18e3f8a5d8f463418a1d56a6db4db7d9b834c9d89ca46
yellow_trip_hourly,Taxi,quantity,97,0.216876213284,37,55119,b47e98e9fdb75d4274a18e3f8a5d8f463418a1d56a6db4db7d9b834c9d89ca46
yellow_trip_hourly,Taxi,quantity,98,0.216204938406,41,55119,b47e98e9fdb75d4274a18e3f8a5d8f463418a1d56a6db4db7d9b834c9d89ca46
yellow_trip_hourly,Taxi,quantity,99,0.215461093271,58,55119,b47e98e9fdb75d4274a18e3f8a5d8f463418a1d56a6db4db7d9b834c9d89ca46
yellow_trip_hourly,Taxi,quantity,100,0.214408824543,35,55119,b47e98e9fdb75d4274a18e3f8a5d8f463418a1d56a6db4db7d9b834c9d89ca46
yellow_trip_hourly,Taxi,quantity,101,0.213773834794,29,55119,b47e98e9fdb75d4274a18e3f8a5d8f463418a1d56a6db4db7d9b834c9d89ca46
yellow_trip_hourly,Taxi,quantity,102,0.21324770043,38,55119,b47e98e9fdb75d4274a18e3f8a5d8f463418a1d56a6db4db7d9b834c9d89ca46
yellow_trip_hourly,Taxi,quantity,103,0.212558282988,35,55119,b47e98e9fdb75d4274a18e3f8a5d8f463418a1d56a6db4db7d9b834c9d89ca46
yellow_trip_hourly,Taxi,quantity,104,0.211923293238,46,55119,b47e98e9fdb75d4274a18e3f8a5d8f463418a1d56a6db4db7d9b834c9d89ca46
yellow_trip_hourly,Taxi,quantity,105,0.211088735282,38,55119,b47e98e9fdb75d4274a18e3f8a5d8f463418a1d56a6db4db7d9b834c9d89ca46
yellow_trip_hourly,Taxi,quantity,106,0.21039931784,28,55119,b47e98e9fdb75d4274a18e3f8a5d8f463418a1d56a6db4db7d9b834c9d89ca46
yellow_trip_hourly,Taxi,quantity,107,0.20989132604,34,55119,b47e98e9fdb75d4274a18e3f8a5d8f463418a1d56a6db4db7d9b834c9d89ca46
yellow_trip_hourly,Taxi,quantity,108,0.209274478855,42,55119,b47e98e9fdb75d4274a18e3f8a5d8f463418a1d56a6db4db7d9b834c9d89ca46
yellow_trip_hourly,Taxi,quantity,109,0.208512491155,46,55119,b47e98e9fdb75d4274a18e3f8a5d8f463418a1d56a6db4db7d9b834c9d89ca46
yellow_trip_hourly,Taxi,quantity,110,0.207677933199,35,55119,b47e98e9fdb75d4274a18e3f8a5d8f463418a1d56a6db4db7d9b834c9d89ca46
yellow_trip_hourly,Taxi,quantity,111,0.20704294345,32,55119,b47e98e9fdb75d4274a18e3f8a5d8f463418a1d56a6db4db7d9b834c9d89ca46
yellow_trip_hourly,Taxi,quantity,112,0.206462381393,27,55119,b47e98e9fdb75d4274a18e3f8a5d8f463418a1d56a6db4db7d9b834c9d89ca46
yellow_trip_hourly,Taxi,quantity,113,0.205972532158,39,55119,b47e98e9fdb75d4274a18e3f8a5d8f463418a1d56a6db4db7d9b834c9d89ca46
yellow_trip_hourly,Taxi,quantity,114,0.205264972151,35,55119,b47e98e9fdb75d4274a18e3f8a5d8f463418a1d56a6db4db7d9b834c9d89ca46
yellow_trip_hourly,Taxi,quantity,115,0.204629982402,41,55119,b47e98e9fdb75d4274a18e3f8a5d8f463418a1d56a6db4db7d9b834c9d89ca46
yellow_trip_hourly,Taxi,quantity,116,0.203886137267,27,55119,b47e98e9fdb75d4274a18e3f8a5d8f463418a1d56a6db4db7d9b834c9d89ca46
yellow_trip_hourly,Taxi,quantity,117,0.203396288031,38,55119,b47e98e9fdb75d4274a18e3f8a5d8f463418a1d56a6db4db7d9b834c9d89ca46
yellow_trip_hourly,Taxi,quantity,118,0.202706870589,38,55119,b47e98e9fdb75d4274a18e3f8a5d8f463418a1d56a6db4db7d9b834c9d89ca46
yellow_trip_hourly,Taxi,quantity,119,0.202017453147,35,55119,b47e98e9fdb75d4274a18e3f8a5d8f463418a1d56a6db4db7d9b834c9d89ca46
yellow_trip_hourly,Taxi,quantity,120,0.201382463397,33,55119,b47e98e9fdb75d4274a18e3f8a5d8f463418a1d56a6db4db7d9b834c9d89ca46
yellow_trip_hourly,Taxi,quantity,121,0.200783758776,35,55119,b47e98e9fdb75d4274a18e3f8a5d8f463418a1d56a6db4db7d9b834c9d89ca46
yellow_trip_hourly,Taxi,quantity,122,0.200148769027,39,55119,b47e98e9fdb75d4274a18e3f8a5d8f463418a1d56a6db4db7d9b834c9d89ca46
yellow_trip_hourly,Taxi,quantity,123,0.19944120902,36,55119,b47e98e9fdb75d4274a18e3f8a5d8f463418a1d56a6db4db7d9b834c9d89ca46
yellow_trip_hourly,Taxi,quantity,124,0.198788076707,34,55119,b47e98e9fdb75d4274a18e3f8a5d8f463418a1d56a6db4db7d9b834c9d89ca46
yellow_trip_hourly,Taxi,quantity,125,0.198171229522,36,55119,b47e98e9fdb75d4274a18e3f8a5d8f463418a1d56a6db4db7d9b834c9d89ca46
yellow_trip_hourly,Taxi,quantity,126,0.197518097208,43,55119,b47e98e9fdb75d4274a18e3f8a5d8f463418a1d56a6db4db7d9b834c9d89ca46
yellow_trip_hourly,Taxi,quantity,127,0.196737966944,27,55119,b47e98e9fdb75d4274a18e3f8a5d8f463418a1d56a6db4db7d9b834c9d89ca46
yellow_trip_hourly,Taxi,quantity,128,0.196248117709,33,55119,b47e98e9fdb75d4274a18e3f8a5d8f463418a1d56a6db4db7d9b834c9d89ca46
yellow_trip_hourly,Taxi,quantity,129,0.195649413088,35,55119,b47e98e9fdb75d4274a18e3f8a5d8f463418a1d56a6db4db7d9b834c9d89ca46
yellow_trip_hourly,Taxi,quantity,130,0.195014423339,36,55119,b47e98e9fdb75d4274a18e3f8a5d8f463418a1d56a6db4db7d9b834c9d89ca46
yellow_trip_hourly,Taxi,quantity,131,0.194361291025,39,55119,b47e98e9fdb75d4274a18e3f8a5d8f463418a1d56a6db4db7d9b834c9d89ca46
yellow_trip_hourly,Taxi,quantity,132,0.193653731018,20,55119,b47e98e9fdb75d4274a18e3f8a5d8f463418a1d56a6db4db7d9b834c9d89ca46
yellow_trip_hourly,Taxi,quantity,133,0.193290879733,28,55119,b47e98e9fdb75d4274a18e3f8a5d8f463418a1d56a6db4db7d9b834c9d89ca46
yellow_trip_hourly,Taxi,quantity,134,0.192782887933,26,55119,b47e98e9fdb75d4274a18e3f8a5d8f463418a1d56a6db4db7d9b834c9d89ca46
yellow_trip_hourly,Taxi,quantity,135,0.192311181262,36,55119,b47e98e9fdb75d4274a18e3f8a5d8f463418a1d56a6db4db7d9b834c9d89ca46
yellow_trip_hourly,Taxi,quantity,136,0.191658048949,33,55119,b47e98e9fdb75d4274a18e3f8a5d8f463418a1d56a6db4db7d9b834c9d89ca46
yellow_trip_hourly,Taxi,quantity,137,0.191059344328,25,55119,b47e98e9fdb75d4274a18e3f8a5d8f463418a1d56a6db4db7d9b834c9d89ca46
yellow_trip_hourly,Taxi,quantity,138,0.190605780221,25,55119,b47e98e9fdb75d4274a18e3f8a5d8f463418a1d56a6db4db7d9b834c9d89ca46
yellow_trip_hourly,Taxi,quantity,139,0.190152216114,28,55119,b47e98e9fdb75d4274a18e3f8a5d8f463418a1d56a6db4db7d9b834c9d89ca46
yellow_trip_hourly,Taxi,quantity,140,0.189644224315,26,55119,b47e98e9fdb75d4274a18e3f8a5d8f463418a1d56a6db4db7d9b834c9d89ca46
yellow_trip_hourly,Taxi,quantity,141,0.189172517644,18,55119,b47e98e9fdb75d4274a18e3f8a5d8f463418a1d56a6db4db7d9b834c9d89ca46
yellow_trip_hourly,Taxi,quantity,142,0.188845951487,39,55119,b47e98e9fdb75d4274a18e3f8a5d8f463418a1d56a6db4db7d9b834c9d89ca46
yellow_trip_hourly,Taxi,quantity,143,0.18813839148,30,55119,b47e98e9fdb75d4274a18e3f8a5d8f463418a1d56a6db4db7d9b834c9d89ca46
yellow_trip_hourly,Taxi,quantity,144,0.187594114552,25,55119,b47e98e9fdb75d4274a18e3f8a5d8f463418a1d56a6db4db7d9b834c9d89ca46
yellow_trip_hourly,Taxi,quantity,145,0.187140550445,30,55119,b47e98e9fdb75d4274a18e3f8a5d8f463418a1d56a6db4db7d9b834c9d89ca46
yellow_trip_hourly,Taxi,quantity,146,0.186596273517,28,55119,b47e98e9fdb75d4274a18e3f8a5d8f463418a1d56a6db4db7d9b834c9d89ca46
yellow_trip_hourly,Taxi,quantity,147,0.186088281718,31,55119,b47e98e9fdb75d4274a18e3f8a5d8f463418a1d56a6db4db7d9b834c9d89ca46
yellow_trip_hourly,Taxi,quantity,148,0.185525862225,33,55119,b47e98e9fdb75d4274a18e3f8a5d8f463418a1d56a6db4db7d9b834c9d89ca46
yellow_trip_hourly,Taxi,quantity,149,0.184927157604,23,55119,b47e98e9fdb75d4274a18e3f8a5d8f463418a1d56a6db4db7d9b834c9d89ca46
yellow_trip_hourly,Taxi,quantity,150,0.184509878626,30,55119,b47e98e9fdb75d4274a18e3f8a5d8f463418a1d56a6db4db7d9b834c9d89ca46
yellow_trip_hourly,Taxi,quantity,151,0.183965601698,22,55119,b47e98e9fdb75d4274a18e3f8a5d8f463418a1d56a6db4db7d9b834c9d89ca46
yellow_trip_hourly,Taxi,quantity,152,0.183566465284,26,55119,b47e98e9fdb75d4274a18e3f8a5d8f463418a1d56a6db4db7d9b834c9d89ca46
yellow_trip_hourly,Taxi,quantity,153,0.183094758613,30,55119,b47e98e9fdb75d4274a18e3f8a5d8f463418a1d56a6db4db7d9b834c9d89ca46
yellow_trip_hourly,Taxi,quantity,154,0.182550481685,23,55119,b47e98e9fdb75d4274a18e3f8a5d8f463418a1d56a6db4db7d9b834c9d89ca46
yellow_trip_hourly,Taxi,quantity,155,0.182133202707,22,55119,b47e98e9fdb75d4274a18e3f8a5d8f463418a1d56a6db4db7d9b834c9d89ca46
yellow_trip_hourly,Taxi,quantity,156,0.181734066293,26,55119,b47e98e9fdb75d4274a18e3f8a5d8f463418a1d56a6db4db7d9b834c9d89ca46
yellow_trip_hourly,Taxi,quantity,157,0.181262359622,33,55119,b47e98e9fdb75d4274a18e3f8a5d8f463418a1d56a6db4db7d9b834c9d89ca46
yellow_trip_hourly,Taxi,quantity,158,0.180663655001,25,55119,b47e98e9fdb75d4274a18e3f8a5d8f463418a1d56a6db4db7d9b834c9d89ca46
yellow_trip_hourly,Taxi,quantity,159,0.180210090894,22,55119,b47e98e9fdb75d4274a18e3f8a5d8f463418a1d56a6db4db7d9b834c9d89ca46
yellow_trip_hourly,Taxi,quantity,160,0.17981095448,24,55119,b47e98e9fdb75d4274a18e3f8a5d8f463418a1d56a6db4db7d9b834c9d89ca46
yellow_trip_hourly,Taxi,quantity,161,0.179375532938,19,55119,b47e98e9fdb75d4274a18e3f8a5d8f463418a1d56a6db4db7d9b834c9d89ca46
yellow_trip_hourly,Taxi,quantity,162,0.179030824217,21,55119,b47e98e9fdb75d4274a18e3f8a5d8f463418a1d56a6db4db7d9b834c9d89ca46
yellow_trip_hourly,Taxi,quantity,163,0.178649830367,28,55119,b47e98e9fdb75d4274a18e3f8a5d8f463418a1d56a6db4db7d9b834c9d89ca46
yellow_trip_hourly,Taxi,quantity,164,0.178141838567,27,55119,b47e98e9fdb75d4274a18e3f8a5d8f463418a1d56a6db4db7d9b834c9d89ca46
yellow_trip_hourly,Taxi,quantity,165,0.177651989332,20,55119,b47e98e9fdb75d4274a18e3f8a5d8f463418a1d56a6db4db7d9b834c9d89ca46
yellow_trip_hourly,Taxi,quantity,166,0.177289138047,29,55119,b47e98e9fdb75d4274a18e3f8a5d8f463418a1d56a6db4db7d9b834c9d89ca46
yellow_trip_hourly,Taxi,quantity,167,0.176763003683,24,55119,b47e98e9fdb75d4274a18e3f8a5d8f463418a1d56a6db4db7d9b834c9d89ca46
yellow_trip_hourly,Taxi,quantity,168,0.17632758214,24,55119,b47e98e9fdb75d4274a18e3f8a5d8f463418a1d56a6db4db7d9b834c9d89ca46
yellow_trip_hourly,Taxi,quantity,169,0.175892160598,27,55119,b47e98e9fdb75d4274a18e3f8a5d8f463418a1d56a6db4db7d9b834c9d89ca46
yellow_trip_hourly,Taxi,quantity,170,0.175402311363,19,55119,b47e98e9fdb75d4274a18e3f8a5d8f463418a1d56a6db4db7d9b834c9d89ca46
yellow_trip_hourly,Taxi,quantity,171,0.175057602642,27,55119,b47e98e9fdb75d4274a18e3f8a5d8f463418a1d56a6db4db7d9b834c9d89ca46
yellow_trip_hourly,Taxi,quantity,172,0.174567753406,20,55119,b47e98e9fdb75d4274a18e3f8a5d8f463418a1d56a6db4db7d9b834c9d89ca46
yellow_trip_hourly,Taxi,quantity,173,0.174204902121,26,55119,b47e98e9fdb75d4274a18e3f8a5d8f463418a1d56a6db4db7d9b834c9d89ca46
yellow_trip_hourly,Taxi,quantity,174,0.17373319545,24,55119,b47e98e9fdb75d4274a18e3f8a5d8f463418a1d56a6db4db7d9b834c9d89ca46
yellow_trip_hourly,Taxi,quantity,175,0.173297773907,19,55119,b47e98e9fdb75d4274a18e3f8a5d8f463418a1d56a6db4db7d9b834c9d89ca46
yellow_trip_hourly,Taxi,quantity,176,0.172953065186,24,55119,b47e98e9fdb75d4274a18e3f8a5d8f463418a1d56a6db4db7d9b834c9d89ca46
yellow_trip_hourly,Taxi,quantity,177,0.172517643644,34,55119,b47e98e9fdb75d4274a18e3f8a5d8f463418a1d56a6db4db7d9b834c9d89ca46
yellow_trip_hourly,Taxi,quantity,178,0.171900796459,24,55119,b47e98e9fdb75d4274a18e3f8a5d8f463418a1d56a6db4db7d9b834c9d89ca46
yellow_trip_hourly,Taxi,quantity,179,0.171465374916,25,55119,b47e98e9fdb75d4274a18e3f8a5d8f463418a1d56a6db4db7d9b834c9d89ca46
yellow_trip_hourly,Taxi,quantity,180,0.171011810809,23,55119,b47e98e9fdb75d4274a18e3f8a5d8f463418a1d56a6db4db7d9b834c9d89ca46
yellow_trip_hourly,Taxi,quantity,181,0.170594531831,23,55119,b47e98e9fdb75d4274a18e3f8a5d8f463418a1d56a6db4db7d9b834c9d89ca46
yellow_trip_hourly,Taxi,quantity,182,0.170177252853,19,55119,b47e98e9fdb75d4274a18e3f8a5d8f463418a1d56a6db4db7d9b834c9d89ca46
yellow_trip_hourly,Taxi,quantity,183,0.169832544132,24,55119,b47e98e9fdb75d4274a18e3f8a5d8f463418a1d56a6db4db7d9b834c9d89ca46
yellow_trip_hourly,Taxi,quantity,184,0.169397122589,20,55119,b47e98e9fdb75d4274a18e3f8a5d8f463418a1d56a6db4db7d9b834c9d89ca46
yellow_trip_hourly,Taxi,quantity,185,0.169034271304,14,55119,b47e98e9fdb75d4274a18e3f8a5d8f463418a1d56a6db4db7d9b834c9d89ca46
yellow_trip_hourly,Taxi,quantity,186,0.168780275404,21,55119,b47e98e9fdb75d4274a18e3f8a5d8f463418a1d56a6db4db7d9b834c9d89ca46
yellow_trip_hourly,Taxi,quantity,187,0.168399281554,19,55119,b47e98e9fdb75d4274a18e3f8a5d8f463418a1d56a6db4db7d9b834c9d89ca46
yellow_trip_hourly,Taxi,quantity,188,0.168054572833,20,55119,b47e98e9fdb75d4274a18e3f8a5d8f463418a1d56a6db4db7d9b834c9d89ca46
yellow_trip_hourly,Taxi,quantity,189,0.167691721548,29,55119,b47e98e9fdb75d4274a18e3f8a5d8f463418a1d56a6db4db7d9b834c9d89ca46
yellow_trip_hourly,Taxi,quantity,190,0.167165587184,36,55119,b47e98e9fdb75d4274a18e3f8a5d8f463418a1d56a6db4db7d9b834c9d89ca46
yellow_trip_hourly,Taxi,quantity,191,0.16651245487,17,55119,b47e98e9fdb75d4274a18e3f8a5d8f463418a1d56a6db4db7d9b834c9d89ca46
yellow_trip_hourly,Taxi,quantity,192,0.166204031278,17,55119,b47e98e9fdb75d4274a18e3f8a5d8f463418a1d56a6db4db7d9b834c9d89ca46
yellow_trip_hourly,Taxi,quantity,193,0.165895607685,21,55119,b47e98e9fdb75d4274a18e3f8a5d8f463418a1d56a6db4db7d9b834c9d89ca46
yellow_trip_hourly,Taxi,quantity,194,0.165514613836,21,55119,b47e98e9fdb75d4274a18e3f8a5d8f463418a1d56a6db4db7d9b834c9d89ca46
yellow_trip_hourly,Taxi,quantity,195,0.165133619986,25,55119,b47e98e9fdb75d4274a18e3f8a5d8f463418a1d56a6db4db7d9b834c9d89ca46
yellow_trip_hourly,Taxi,quantity,196,0.164680055879,24,55119,b47e98e9fdb75d4274a18e3f8a5d8f463418a1d56a6db4db7d9b834c9d89ca46
yellow_trip_hourly,Taxi,quantity,197,0.164244634337,34,55119,b47e98e9fdb75d4274a18e3f8a5d8f463418a1d56a6db4db7d9b834c9d89ca46
yellow_trip_hourly,Taxi,quantity,198,0.163627787151,20,55119,b47e98e9fdb75d4274a18e3f8a5d8f463418a1d56a6db4db7d9b834c9d89ca46
yellow_trip_hourly,Taxi,quantity,199,0.163264935866,19,55119,b47e98e9fdb75d4274a18e3f8a5d8f463418a1d56a6db4db7d9b834c9d89ca46
yellow_trip_hourly,Taxi,quantity,200,0.162920227145,22,55119,b47e98e9fdb75d4274a18e3f8a5d8f463418a1d56a6db4db7d9b834c9d89ca46
yellow_trip_hourly,Taxi,quantity,201,0.162521090731,16,55119,b47e98e9fdb75d4274a18e3f8a5d8f463418a1d56a6db4db7d9b834c9d89ca46
yellow_trip_hourly,Taxi,quantity,202,0.162230809703,24,55119,b47e98e9fdb75d4274a18e3f8a5d8f463418a1d56a6db4db7d9b834c9d89ca46
yellow_trip_hourly,Taxi,quantity,203,0.16179538816,20,55119,b47e98e9fdb75d4274a18e3f8a5d8f463418a1d56a6db4db7d9b834c9d89ca46
yellow_trip_hourly,Taxi,quantity,204,0.161432536875,14,55119,b47e98e9fdb75d4274a18e3f8a5d8f463418a1d56a6db4db7d9b834c9d89ca46
yellow_trip_hourly,Taxi,quantity,205,0.161178540975,17,55119,b47e98e9fdb75d4274a18e3f8a5d8f463418a1d56a6db4db7d9b834c9d89ca46
yellow_trip_hourly,Taxi,quantity,206,0.160870117382,23,55119,b47e98e9fdb75d4274a18e3f8a5d8f463418a1d56a6db4db7d9b834c9d89ca46
yellow_trip_hourly,Taxi,quantity,207,0.160452838404,14,55119,b47e98e9fdb75d4274a18e3f8a5d8f463418a1d56a6db4db7d9b834c9d89ca46
yellow_trip_hourly,Taxi,quantity,208,0.160198842504,21,55119,b47e98e9fdb75d4274a18e3f8a5d8f463418a1d56a6db4db7d9b834c9d89ca46
yellow_trip_hourly,Taxi,quantity,209,0.159817848655,18,55119,b47e98e9fdb75d4274a18e3f8a5d8f463418a1d56a6db4db7d9b834c9d89ca46
yellow_trip_hourly,Taxi,quantity,210,0.159491282498,22,55119,b47e98e9fdb75d4274a18e3f8a5d8f463418a1d56a6db4db7d9b834c9d89ca46
yellow_trip_hourly,Taxi,quantity,211,0.159092146084,19,55119,b47e98e9fdb75d4274a18e3f8a5d8f463418a1d56a6db4db7d9b834c9d89ca46
yellow_trip_hourly,Taxi,quantity,212,0.158747437363,21,55119,b47e98e9fdb75d4274a18e3f8a5d8f463418a1d56a6db4db7d9b834c9d89ca46
yellow_trip_hourly,Taxi,quantity,213,0.158366443513,16,55119,b47e98e9fdb75d4274a18e3f8a5d8f463418a1d56a6db4db7d9b834c9d89ca46
yellow_trip_hourly,Taxi,quantity,214,0.158076162485,19,55119,b47e98e9fdb75d4274a18e3f8a5d8f463418a1d56a6db4db7d9b834c9d89ca46
yellow_trip_hourly,Taxi,quantity,215,0.157731453764,18,55119,b47e98e9fdb75d4274a18e3f8a5d8f463418a1d56a6db4db7d9b834c9d89ca46
yellow_trip_hourly,Taxi,quantity,216,0.157404887607,15,55119,b47e98e9fdb75d4274a18e3f8a5d8f463418a1d56a6db4db7d9b834c9d89ca46
yellow_trip_hourly,Taxi,quantity,217,0.157132749143,16,55119,b47e98e9fdb75d4274a18e3f8a5d8f463418a1d56a6db4db7d9b834c9d89ca46
yellow_trip_hourly,Taxi,quantity,218,0.156842468114,17,55119,b47e98e9fdb75d4274a18e3f8a5d8f463418a1d56a6db4db7d9b834c9d89ca46
yellow_trip_hourly,Taxi,quantity,219,0.156534044522,14,55119,b47e98e9fdb75d4274a18e3f8a5d8f463418a1d56a6db4db7d9b834c9d89ca46
yellow_trip_hourly,Taxi,quantity,220,0.156280048622,13,55119,b47e98e9fdb75d4274a18e3f8a5d8f463418a1d56a6db4db7d9b834c9d89ca46
yellow_trip_hourly,Taxi,quantity,221,0.156044195287,5,55119,b47e98e9fdb75d4274a18e3f8a5d8f463418a1d56a6db4db7d9b834c9d89ca46
yellow_trip_hourly,Taxi,quantity,222,0.155953482465,14,55119,b47e98e9fdb75d4274a18e3f8a5d8f463418a1d56a6db4db7d9b834c9d89ca46
yellow_trip_hourly,Taxi,quantity,223,0.155699486565,12,55119,b47e98e9fdb75d4274a18e3f8a5d8f463418a1d56a6db4db7d9b834c9d89ca46
yellow_trip_hourly,Taxi,quantity,224,0.155481775794,15,55119,b47e98e9fdb75d4274a18e3f8a5d8f463418a1d56a6db4db7d9b834c9d89ca46
yellow_trip_hourly,Taxi,quantity,225,0.15520963733,17,55119,b47e98e9fdb75d4274a18e3f8a5d8f463418a1d56a6db4db7d9b834c9d89ca46
yellow_trip_hourly,Taxi,quantity,226,0.154901213738,6,55119,b47e98e9fdb75d4274a18e3f8a5d8f463418a1d56a6db4db7d9b834c9d89ca46
yellow_trip_hourly,Taxi,quantity,227,0.154792358352,13,55119,b47e98e9fdb75d4274a18e3f8a5d8f463418a1d56a6db4db7d9b834c9d89ca46
yellow_trip_hourly,Taxi,quantity,228,0.154556505016,13,55119,b47e98e9fdb75d4274a18e3f8a5d8f463418a1d56a6db4db7d9b834c9d89ca46
yellow_trip_hourly,Taxi,quantity,229,0.154320651681,21,55119,b47e98e9fdb75d4274a18e3f8a5d8f463418a1d56a6db4db7d9b834c9d89ca46
yellow_trip_hourly,Taxi,quantity,230,0.153939657831,12,55119,b47e98e9fdb75d4274a18e3f8a5d8f463418a1d56a6db4db7d9b834c9d89ca46
yellow_trip_hourly,Taxi,quantity,231,0.15372194706,10,55119,b47e98e9fdb75d4274a18e3f8a5d8f463418a1d56a6db4db7d9b834c9d89ca46
yellow_trip_hourly,Taxi,quantity,232,0.153540521417,16,55119,b47e98e9fdb75d4274a18e3f8a5d8f463418a1d56a6db4db7d9b834c9d89ca46
yellow_trip_hourly,Taxi,quantity,233,0.153250240389,11,55119,b47e98e9fdb75d4274a18e3f8a5d8f463418a1d56a6db4db7d9b834c9d89ca46
yellow_trip_hourly,Taxi,quantity,234,0.153050672182,17,55119,b47e98e9fdb75d4274a18e3f8a5d8f463418a1d56a6db4db7d9b834c9d89ca46
yellow_trip_hourly,Taxi,quantity,235,0.152742248589,11,55119,b47e98e9fdb75d4274a18e3f8a5d8f463418a1d56a6db4db7d9b834c9d89ca46
yellow_trip_hourly,Taxi,quantity,236,0.152542680382,15,55119,b47e98e9fdb75d4274a18e3f8a5d8f463418a1d56a6db4db7d9b834c9d89ca46
yellow_trip_hourly,Taxi,quantity,237,0.152270541918,8,55119,b47e98e9fdb75d4274a18e3f8a5d8f463418a1d56a6db4db7d9b834c9d89ca46
yellow_trip_hourly,Taxi,quantity,238,0.152125401404,8,55119,b47e98e9fdb75d4274a18e3f8a5d8f463418a1d56a6db4db7d9b834c9d89ca46
yellow_trip_hourly,Taxi,quantity,239,0.15198026089,9,55119,b47e98e9fdb75d4274a18e3f8a5d8f463418a1d56a6db4db7d9b834c9d89ca46
yellow_trip_hourly,Taxi,quantity,240,0.151816977812,10,55119,b47e98e9fdb75d4274a18e3f8a5d8f463418a1d56a6db4db7d9b834c9d89ca46
yellow_trip_hourly,Taxi,quantity,241,0.151635552169,13,55119,b47e98e9fdb75d4274a18e3f8a5d8f463418a1d56a6db4db7d9b834c9d89ca46
yellow_trip_hourly,Taxi,quantity,242,0.151399698833,9,55119,b47e98e9fdb75d4274a18e3f8a5d8f463418a1d56a6db4db7d9b834c9d89ca46
yellow_trip_hourly,Taxi,quantity,243,0.151236415755,10,55119,b47e98e9fdb75d4274a18e3f8a5d8f463418a1d56a6db4db7d9b834c9d89ca46
yellow_trip_hourly,Taxi,quantity,244,0.151054990112,14,55119,b47e98e9fdb75d4274a18e3f8a5d8f463418a1d56a6db4db7d9b834c9d89ca46
yellow_trip_hourly,Taxi,quantity,245,0.150800994213,13,55119,b47e98e9fdb75d4274a18e3f8a5d8f463418a1d56a6db4db7d9b834c9d89ca46
yellow_trip_hourly,Taxi,quantity,246,0.150565140877,12,55119,b47e98e9fdb75d4274a18e3f8a5d8f463418a1d56a6db4db7d9b834c9d89ca46
yellow_trip_hourly,Taxi,quantity,247,0.150347430106,8,55119,b47e98e9fdb75d4274a18e3f8a5d8f463418a1d56a6db4db7d9b834c9d89ca46
yellow_trip_hourly,Taxi,quantity,248,0.150202289592,9,55119,b47e98e9fdb75d4274a18e3f8a5d8f463418a1d56a6db4db7d9b834c9d89ca46
yellow_trip_hourly,Taxi,quantity,249,0.150039006513,13,55119,b47e98e9fdb75d4274a18e3f8a5d8f463418a1d56a6db4db7d9b834c9d89ca46
yellow_trip_hourly,Taxi,quantity,250,0.149803153178,5,55119,b47e98e9fdb75d4274a18e3f8a5d8f463418a1d56a6db4db7d9b834c9d89ca46
yellow_trip_hourly,Taxi,quantity,251,0.149712440356,11,55119,b47e98e9fdb75d4274a18e3f8a5d8f463418a1d56a6db4db7d9b834c9d89ca46
yellow_trip_hourly,Taxi,quantity,252,0.149512872149,14,55119,b47e98e9fdb75d4274a18e3f8a5d8f463418a1d56a6db4db7d9b834c9d89ca46
yellow_trip_hourly,Taxi,quantity,253,0.14925887625,6,55119,b47e98e9fdb75d4274a18e3f8a5d8f463418a1d56a6db4db7d9b834c9d89ca46
yellow_trip_hourly,Taxi,quantity,254,0.149150020864,10,55119,b47e98e9fdb75d4274a18e3f8a5d8f463418a1d56a6db4db7d9b834c9d89ca46
yellow_trip_hourly,Taxi,quantity,255,0.148968595221,8,55119,b47e98e9fdb75d4274a18e3f8a5d8f463418a1d56a6db4db7d9b834c9d89ca46
yellow_trip_hourly,Taxi,quantity,256,0.148823454707,13,55119,b47e98e9fdb75d4274a18e3f8a5d8f463418a1d56a6db4db7d9b834c9d89ca46
yellow_trip_hourly,Taxi,quantity,257,0.148587601372,10,55119,b47e98e9fdb75d4274a18e3f8a5d8f463418a1d56a6db4db7d9b834c9d89ca46
yellow_trip_hourly,Taxi,quantity,258,0.148406175729,11,55119,b47e98e9fdb75d4274a18e3f8a5d8f463418a1d56a6db4db7d9b834c9d89ca46
yellow_trip_hourly,Taxi,quantity,259,0.148206607522,8,55119,b47e98e9fdb75d4274a18e3f8a5d8f463418a1d56a6db4db7d9b834c9d89ca46
yellow_trip_hourly,Taxi,quantity,260,0.148061467008,6,55119,b47e98e9fdb75d4274a18e3f8a5d8f463418a1d56a6db4db7d9b834c9d89ca46
yellow_trip_hourly,Taxi,quantity,261,0.147952611622,8,55119,b47e98e9fdb75d4274a18e3f8a5d8f463418a1d56a6db4db7d9b834c9d89ca46
yellow_trip_hourly,Taxi,quantity,262,0.147807471108,13,55119,b47e98e9fdb75d4274a18e3f8a5d8f463418a1d56a6db4db7d9b834c9d89ca46
yellow_trip_hourly,Taxi,quantity,263,0.147571617772,14,55119,b47e98e9fdb75d4274a18e3f8a5d8f463418a1d56a6db4db7d9b834c9d89ca46
yellow_trip_hourly,Taxi,quantity,264,0.147317621873,7,55119,b47e98e9fdb75d4274a18e3f8a5d8f463418a1d56a6db4db7d9b834c9d89ca46
yellow_trip_hourly,Taxi,quantity,265,0.147190623923,14,55119,b47e98e9fdb75d4274a18e3f8a5d8f463418a1d56a6db4db7d9b834c9d89ca46
yellow_trip_hourly,Taxi,quantity,266,0.146936628023,11,55119,b47e98e9fdb75d4274a18e3f8a5d8f463418a1d56a6db4db7d9b834c9d89ca46
yellow_trip_hourly,Taxi,quantity,267,0.146737059816,14,55119,b47e98e9fdb75d4274a18e3f8a5d8f463418a1d56a6db4db7d9b834c9d89ca46
yellow_trip_hourly,Taxi,quantity,268,0.146483063916,11,55119,b47e98e9fdb75d4274a18e3f8a5d8f463418a1d56a6db4db7d9b834c9d89ca46
yellow_trip_hourly,Taxi,quantity,269,0.146283495709,7,55119,b47e98e9fdb75d4274a18e3f8a5d8f463418a1d56a6db4db7d9b834c9d89ca46
yellow_trip_hourly,Taxi,quantity,270,0.146156497759,13,55119,b47e98e9fdb75d4274a18e3f8a5d8f463418a1d56a6db4db7d9b834c9d89ca46
yellow_trip_hourly,Taxi,quantity,271,0.145920644424,5,55119,b47e98e9fdb75d4274a18e3f8a5d8f463418a1d56a6db4db7d9b834c9d89ca46
yellow_trip_hourly,Taxi,quantity,272,0.145829931603,7,55119,b47e98e9fdb75d4274a18e3f8a5d8f463418a1d56a6db4db7d9b834c9d89ca46
yellow_trip_hourly,Taxi,quantity,273,0.145702933653,8,55119,b47e98e9fdb75d4274a18e3f8a5d8f463418a1d56a6db4db7d9b834c9d89ca46
yellow_trip_hourly,Taxi,quantity,274,0.145557793138,8,55119,b47e98e9fdb75d4274a18e3f8a5d8f463418a1d56a6db4db7d9b834c9d89ca46
yellow_trip_hourly,Taxi,quantity,275,0.145412652624,17,55119,b47e98e9fdb75d4274a18e3f8a5d8f463418a1d56a6db4db7d9b834c9d89ca46
yellow_trip_hourly,Taxi,quantity,276,0.145104229032,11,55119,b47e98e9fdb75d4274a18e3f8a5d8f463418a1d56a6db4db7d9b834c9d89ca46
yellow_trip_hourly,Taxi,quantity,277,0.144904660825,5,55119,b47e98e9fdb75d4274a18e3f8a5d8f463418a1d56a6db4db7d9b834c9d89ca46
yellow_trip_hourly,Taxi,quantity,278,0.144813948003,15,55119,b47e98e9fdb75d4274a18e3f8a5d8f463418a1d56a6db4db7d9b834c9d89ca46
yellow_trip_hourly,Taxi,quantity,279,0.144541809539,7,55119,b47e98e9fdb75d4274a18e3f8a5d8f463418a1d56a6db4db7d9b834c9d89ca46
yellow_trip_hourly,Taxi,quantity,280,0.144414811589,12,55119,b47e98e9fdb75d4274a18e3f8a5d8f463418a1d56a6db4db7d9b834c9d89ca46
yellow_trip_hourly,Taxi,quantity,281,0.144197100818,13,55119,b47e98e9fdb75d4274a18e3f8a5d8f463418a1d56a6db4db7d9b834c9d89ca46
yellow_trip_hourly,Taxi,quantity,282,0.143961247483,7,55119,b47e98e9fdb75d4274a18e3f8a5d8f463418a1d56a6db4db7d9b834c9d89ca46
yellow_trip_hourly,Taxi,quantity,283,0.143834249533,11,55119,b47e98e9fdb75d4274a18e3f8a5d8f463418a1d56a6db4db7d9b834c9d89ca46
yellow_trip_hourly,Taxi,quantity,284,0.143634681326,5,55119,b47e98e9fdb75d4274a18e3f8a5d8f463418a1d56a6db4db7d9b834c9d89ca46
yellow_trip_hourly,Taxi,quantity,285,0.143543968505,6,55119,b47e98e9fdb75d4274a18e3f8a5d8f463418a1d56a6db4db7d9b834c9d89ca46
yellow_trip_hourly,Taxi,quantity,286,0.143435113119,3,55119,b47e98e9fdb75d4274a18e3f8a5d8f463418a1d56a6db4db7d9b834c9d89ca46
yellow_trip_hourly,Taxi,quantity,287,0.143380685426,16,55119,b47e98e9fdb75d4274a18e3f8a5d8f463418a1d56a6db4db7d9b834c9d89ca46
yellow_trip_hourly,Taxi,quantity,288,0.143090404398,8,55119,b47e98e9fdb75d4274a18e3f8a5d8f463418a1d56a6db4db7d9b834c9d89ca46
yellow_trip_hourly,Taxi,quantity,289,0.142945263884,6,55119,b47e98e9fdb75d4274a18e3f8a5d8f463418a1d56a6db4db7d9b834c9d89ca46
yellow_trip_hourly,Taxi,quantity,290,0.142836408498,12,55119,b47e98e9fdb75d4274a18e3f8a5d8f463418a1d56a6db4db7d9b834c9d89ca46
yellow_trip_hourly,Taxi,quantity,291,0.142618697727,9,55119,b47e98e9fdb75d4274a18e3f8a5d8f463418a1d56a6db4db7d9b834c9d89ca46
yellow_trip_hourly,Taxi,quantity,292,0.142455414648,9,55119,b47e98e9fdb75d4274a18e3f8a5d8f463418a1d56a6db4db7d9b834c9d89ca46
yellow_trip_hourly,Taxi,quantity,293,0.14229213157,4,55119,b47e98e9fdb75d4274a18e3f8a5d8f463418a1d56a6db4db7d9b834c9d89ca46
yellow_trip_hourly,Taxi,quantity,294,0.142219561313,12,55119,b47e98e9fdb75d4274a18e3f8a5d8f463418a1d56a6db4db7d9b834c9d89ca46
yellow_trip_hourly,Taxi,quantity,295,0.142001850542,7,55119,b47e98e9fdb75d4274a18e3f8a5d8f463418a1d56a6db4db7d9b834c9d89ca46
yellow_trip_hourly,Taxi,quantity,296,0.141874852592,10,55119,b47e98e9fdb75d4274a18e3f8a5d8f463418a1d56a6db4db7d9b834c9d89ca46
yellow_trip_hourly,Taxi,quantity,297,0.141693426949,6,55119,b47e98e9fdb75d4274a18e3f8a5d8f463418a1d56a6db4db7d9b834c9d89ca46
yellow_trip_hourly,Taxi,quantity,298,0.141584571563,8,55119,b47e98e9fdb75d4274a18e3f8a5d8f463418a1d56a6db4db7d9b834c9d89ca46
yellow_trip_hourly,Taxi,quantity,299,0.141439431049,8,55119,b47e98e9fdb75d4274a18e3f8a5d8f463418a1d56a6db4db7d9b834c9d89ca46
yellow_trip_hourly,Taxi,quantity,300,0.141294290535,11,55119,b47e98e9fdb75d4274a18e3f8a5d8f463418a1d56a6db4db7d9b834c9d89ca46
yellow_trip_hourly,Taxi,quantity,301,0.141094722328,5,55119,b47e98e9fdb75d4274a18e3f8a5d8f463418a1d56a6db4db7d9b834c9d89ca46
yellow_trip_hourly,Taxi,quantity,302,0.141004009507,6,55119,b47e98e9fdb75d4274a18e3f8a5d8f463418a1d56a6db4db7d9b834c9d89ca46
yellow_trip_hourly,Taxi,quantity,303,0.140895154121,6,55119,b47e98e9fdb75d4274a18e3f8a5d8f463418a1d56a6db4db7d9b834c9d89ca46
yellow_trip_hourly,Taxi,quantity,304,0.140786298735,6,55119,b47e98e9fdb75d4274a18e3f8a5d8f463418a1d56a6db4db7d9b834c9d89ca46
yellow_trip_hourly,Taxi,quantity,305,0.14067744335,4,55119,b47e98e9fdb75d4274a18e3f8a5d8f463418a1d56a6db4db7d9b834c9d89ca46
yellow_trip_hourly,Taxi,quantity,306,0.140604873093,8,55119,b47e98e9fdb75d4274a18e3f8a5d8f463418a1d56a6db4db7d9b834c9d89ca46
yellow_trip_hourly,Taxi,quantity,307,0.140459732579,8,55119,b47e98e9fdb75d4274a18e3f8a5d8f463418a1d56a6db4db7d9b834c9d89ca46
yellow_trip_hourly,Taxi,quantity,308,0.140314592064,9,55119,b47e98e9fdb75d4274a18e3f8a5d8f463418a1d56a6db4db7d9b834c9d89ca46
yellow_trip_hourly,Taxi,quantity,309,0.140151308986,7,55119,b47e98e9fdb75d4274a18e3f8a5d8f463418a1d56a6db4db7d9b834c9d89ca46
yellow_trip_hourly,Taxi,quantity,310,0.140024311036,2,55119,b47e98e9fdb75d4274a18e3f8a5d8f463418a1d56a6db4db7d9b834c9d89ca46
yellow_trip_hourly,Taxi,quantity,311,0.139988025908,10,55119,b47e98e9fdb75d4274a18e3f8a5d8f463418a1d56a6db4db7d9b834c9d89ca46
yellow_trip_hourly,Taxi,quantity,312,0.139806600265,10,55119,b47e98e9fdb75d4274a18e3f8a5d8f463418a1d56a6db4db7d9b834c9d89ca46
yellow_trip_hourly,Taxi,quantity,313,0.139625174622,6,55119,b47e98e9fdb75d4274a18e3f8a5d8f463418a1d56a6db4db7d9b834c9d89ca46
yellow_trip_hourly,Taxi,quantity,314,0.139516319237,14,55119,b47e98e9fdb75d4274a18e3f8a5d8f463418a1d56a6db4db7d9b834c9d89ca46
yellow_trip_hourly,Taxi,quantity,315,0.139262323337,11,55119,b47e98e9fdb75d4274a18e3f8a5d8f463418a1d56a6db4db7d9b834c9d89ca46
yellow_trip_hourly,Taxi,quantity,316,0.13906275513,3,55119,b47e98e9fdb75d4274a18e3f8a5d8f463418a1d56a6db4db7d9b834c9d89ca46
yellow_trip_hourly,Taxi,quantity,317,0.139008327437,8,55119,b47e98e9fdb75d4274a18e3f8a5d8f463418a1d56a6db4db7d9b834c9d89ca46
yellow_trip_hourly,Taxi,quantity,318,0.138863186923,9,55119,b47e98e9fdb75d4274a18e3f8a5d8f463418a1d56a6db4db7d9b834c9d89ca46
yellow_trip_hourly,Taxi,quantity,319,0.138699903844,8,55119,b47e98e9fdb75d4274a18e3f8a5d8f463418a1d56a6db4db7d9b834c9d89ca46
yellow_trip_hourly,Taxi,quantity,320,0.13855476333,4,55119,b47e98e9fdb75d4274a18e3f8a5d8f463418a1d56a6db4db7d9b834c9d89ca46
yellow_trip_hourly,Taxi,quantity,321,0.138482193073,5,55119,b47e98e9fdb75d4274a18e3f8a5d8f463418a1d56a6db4db7d9b834c9d89ca46
yellow_trip_hourly,Taxi,quantity,322,0.138391480252,6,55119,b47e98e9fdb75d4274a18e3f8a5d8f463418a1d56a6db4db7d9b834c9d89ca46
yellow_trip_hourly,Taxi,quantity,323,0.138282624866,5,55119,b47e98e9fdb75d4274a18e3f8a5d8f463418a1d56a6db4db7d9b834c9d89ca46
yellow_trip_hourly,Taxi,quantity,324,0.138191912045,15,55119,b47e98e9fdb75d4274a18e3f8a5d8f463418a1d56a6db4db7d9b834c9d89ca46
yellow_trip_hourly,Taxi,quantity,325,0.137919773581,9,55119,b47e98e9fdb75d4274a18e3f8a5d8f463418a1d56a6db4db7d9b834c9d89ca46
yellow_trip_hourly,Taxi,quantity,326,0.137756490502,5,55119,b47e98e9fdb75d4274a18e3f8a5d8f463418a1d56a6db4db7d9b834c9d89ca46
yellow_trip_hourly,Taxi,quantity,327,0.137665777681,6,55119,b47e98e9fdb75d4274a18e3f8a5d8f463418a1d56a6db4db7d9b834c9d89ca46
yellow_trip_hourly,Taxi,quantity,328,0.137556922295,4,55119,b47e98e9fdb75d4274a18e3f8a5d8f463418a1d56a6db4db7d9b834c9d89ca46
yellow_trip_hourly,Taxi,quantity,329,0.137484352038,9,55119,b47e98e9fdb75d4274a18e3f8a5d8f463418a1d56a6db4db7d9b834c9d89ca46
yellow_trip_hourly,Taxi,quantity,330,0.13732106896,8,55119,b47e98e9fdb75d4274a18e3f8a5d8f463418a1d56a6db4db7d9b834c9d89ca46
yellow_trip_hourly,Taxi,quantity,331,0.137175928446,12,55119,b47e98e9fdb75d4274a18e3f8a5d8f463418a1d56a6db4db7d9b834c9d89ca46
yellow_trip_hourly,Taxi,quantity,332,0.136958217674,4,55119,b47e98e9fdb75d4274a18e3f8a5d8f463418a1d56a6db4db7d9b834c9d89ca46
yellow_trip_hourly,Taxi,quantity,333,0.136885647417,5,55119,b47e98e9fdb75d4274a18e3f8a5d8f463418a1d56a6db4db7d9b834c9d89ca46
yellow_trip_hourly,Taxi,quantity,334,0.136794934596,8,55119,b47e98e9fdb75d4274a18e3f8a5d8f463418a1d56a6db4db7d9b834c9d89ca46
yellow_trip_hourly,Taxi,quantity,335,0.136649794082,5,55119,b47e98e9fdb75d4274a18e3f8a5d8f463418a1d56a6db4db7d9b834c9d89ca46
yellow_trip_hourly,Taxi,quantity,336,0.136559081261,9,55119,b47e98e9fdb75d4274a18e3f8a5d8f463418a1d56a6db4db7d9b834c9d89ca46
yellow_trip_hourly,Taxi,quantity,337,0.136395798182,3,55119,b47e98e9fdb75d4274a18e3f8a5d8f463418a1d56a6db4db7d9b834c9d89ca46
yellow_trip_hourly,Taxi,quantity,338,0.136341370489,7,55119,b47e98e9fdb75d4274a18e3f8a5d8f463418a1d56a6db4db7d9b834c9d89ca46
yellow_trip_hourly,Taxi,quantity,339,0.136214372539,9,55119,b47e98e9fdb75d4274a18e3f8a5d8f463418a1d56a6db4db7d9b834c9d89ca46
yellow_trip_hourly,Taxi,quantity,340,0.136051089461,7,55119,b47e98e9fdb75d4274a18e3f8a5d8f463418a1d56a6db4db7d9b834c9d89ca46
yellow_trip_hourly,Taxi,quantity,341,0.135924091511,7,55119,b47e98e9fdb75d4274a18e3f8a5d8f463418a1d56a6db4db7d9b834c9d89ca46
yellow_trip_hourly,Taxi,quantity,342,0.135797093561,9,55119,b47e98e9fdb75d4274a18e3f8a5d8f463418a1d56a6db4db7d9b834c9d89ca46
yellow_trip_hourly,Taxi,quantity,343,0.135633810483,11,55119,b47e98e9fdb75d4274a18e3f8a5d8f463418a1d56a6db4db7d9b834c9d89ca46
yellow_trip_hourly,Taxi,quantity,344,0.135434242276,10,55119,b47e98e9fdb75d4274a18e3f8a5d8f463418a1d56a6db4db7d9b834c9d89ca46
yellow_trip_hourly,Taxi,quantity,345,0.135252816633,5,55119,b47e98e9fdb75d4274a18e3f8a5d8f463418a1d56a6db4db7d9b834c9d89ca46
yellow_trip_hourly,Taxi,quantity,346,0.135162103812,6,55119,b47e98e9fdb75d4274a18e3f8a5d8f463418a1d56a6db4db7d9b834c9d89ca46
yellow_trip_hourly,Taxi,quantity,347,0.135053248426,6,55119,b47e98e9fdb75d4274a18e3f8a5d8f463418a1d56a6db4db7d9b834c9d89ca46
yellow_trip_hourly,Taxi,quantity,348,0.134944393041,11,55119,b47e98e9fdb75d4274a18e3f8a5d8f463418a1d56a6db4db7d9b834c9d89ca46
yellow_trip_hourly,Taxi,quantity,349,0.134744824834,6,55119,b47e98e9fdb75d4274a18e3f8a5d8f463418a1d56a6db4db7d9b834c9d89ca46
yellow_trip_hourly,Taxi,quantity,350,0.134635969448,7,55119,b47e98e9fdb75d4274a18e3f8a5d8f463418a1d56a6db4db7d9b834c9d89ca46
yellow_trip_hourly,Taxi,quantity,351,0.134508971498,11,55119,b47e98e9fdb75d4274a18e3f8a5d8f463418a1d56a6db4db7d9b834c9d89ca46
yellow_trip_hourly,Taxi,quantity,352,0.134309403291,10,55119,b47e98e9fdb75d4274a18e3f8a5d8f463418a1d56a6db4db7d9b834c9d89ca46
yellow_trip_hourly,Taxi,quantity,353,0.134127977648,10,55119,b47e98e9fdb75d4274a18e3f8a5d8f463418a1d56a6db4db7d9b834c9d89ca46
yellow_trip_hourly,Taxi,quantity,354,0.133946552006,7,55119,b47e98e9fdb75d4274a18e3f8a5d8f463418a1d56a6db4db7d9b834c9d89ca46
yellow_trip_hourly,Taxi,quantity,355,0.133819554056,9,55119,b47e98e9fdb75d4274a18e3f8a5d8f463418a1d56a6db4db7d9b834c9d89ca46
yellow_trip_hourly,Taxi,quantity,356,0.133656270977,5,55119,b47e98e9fdb75d4274a18e3f8a5d8f463418a1d56a6db4db7d9b834c9d89ca46
yellow_trip_hourly,Taxi,quantity,357,0.133565558156,6,55119,b47e98e9fdb75d4274a18e3f8a5d8f463418a1d56a6db4db7d9b834c9d89ca46
yellow_trip_hourly,Taxi,quantity,358,0.13345670277,6,55119,b47e98e9fdb75d4274a18e3f8a5d8f463418a1d56a6db4db7d9b834c9d89ca46
yellow_trip_hourly,Taxi,quantity,359,0.133347847385,3,55119,b47e98e9fdb75d4274a18e3f8a5d8f463418a1d56a6db4db7d9b834c9d89ca46
yellow_trip_hourly,Taxi,quantity,360,0.133293419692,2,55119,b47e98e9fdb75d4274a18e3f8a5d8f463418a1d56a6db4db7d9b834c9d89ca46
yellow_trip_hourly,Taxi,quantity,361,0.133257134563,9,55119,b47e98e9fdb75d4274a18e3f8a5d8f463418a1d56a6db4db7d9b834c9d89ca46
yellow_trip_hourly,Taxi,quantity,362,0.133093851485,8,55119,b47e98e9fdb75d4274a18e3f8a5d8f463418a1d56a6db4db7d9b834c9d89ca46
yellow_trip_hourly,Taxi,quantity,363,0.132948710971,11,55119,b47e98e9fdb75d4274a18e3f8a5d8f463418a1d56a6db4db7d9b834c9d89ca46
yellow_trip_hourly,Taxi,quantity,364,0.132749142764,8,55119,b47e98e9fdb75d4274a18e3f8a5d8f463418a1d56a6db4db7d9b834c9d89ca46
yellow_trip_hourly,Taxi,quantity,365,0.13260400225,7,55119,b47e98e9fdb75d4274a18e3f8a5d8f463418a1d56a6db4db7d9b834c9d89ca46
yellow_trip_hourly,Taxi,quantity,366,0.1324770043,7,55119,b47e98e9fdb75d4274a18e3f8a5d8f463418a1d56a6db4db7d9b834c9d89ca46
yellow_trip_hourly,Taxi,quantity,367,0.13235000635,6,55119,b47e98e9fdb75d4274a18e3f8a5d8f463418a1d56a6db4db7d9b834c9d89ca46
yellow_trip_hourly,Taxi,quantity,368,0.132241150964,9,55119,b47e98e9fdb75d4274a18e3f8a5d8f463418a1d56a6db4db7d9b834c9d89ca46
yellow_trip_hourly,Taxi,quantity,369,0.132077867886,6,55119,b47e98e9fdb75d4274a18e3f8a5d8f463418a1d56a6db4db7d9b834c9d89ca46
yellow_trip_hourly,Taxi,quantity,370,0.1319690125,2,55119,b47e98e9fdb75d4274a18e3f8a5d8f463418a1d56a6db4db7d9b834c9d89ca46
yellow_trip_hourly,Taxi,quantity,371,0.131932727372,9,55119,b47e98e9fdb75d4274a18e3f8a5d8f463418a1d56a6db4db7d9b834c9d89ca46
yellow_trip_hourly,Taxi,quantity,372,0.131769444293,6,55119,b47e98e9fdb75d4274a18e3f8a5d8f463418a1d56a6db4db7d9b834c9d89ca46
yellow_trip_hourly,Taxi,quantity,373,0.131660588908,5,55119,b47e98e9fdb75d4274a18e3f8a5d8f463418a1d56a6db4db7d9b834c9d89ca46
yellow_trip_hourly,Taxi,quantity,374,0.131569876086,5,55119,b47e98e9fdb75d4274a18e3f8a5d8f463418a1d56a6db4db7d9b834c9d89ca46
yellow_trip_hourly,Taxi,quantity,375,0.131479163265,6,55119,b47e98e9fdb75d4274a18e3f8a5d8f463418a1d56a6db4db7d9b834c9d89ca46
yellow_trip_hourly,Taxi,quantity,376,0.131370307879,9,55119,b47e98e9fdb75d4274a18e3f8a5d8f463418a1d56a6db4db7d9b834c9d89ca46
yellow_trip_hourly,Taxi,quantity,377,0.131207024801,9,55119,b47e98e9fdb75d4274a18e3f8a5d8f463418a1d56a6db4db7d9b834c9d89ca46
yellow_trip_hourly,Taxi,quantity,378,0.131043741722,5,55119,b47e98e9fdb75d4274a18e3f8a5d8f463418a1d56a6db4db7d9b834c9d89ca46
yellow_trip_hourly,Taxi,quantity,379,0.130953028901,8,55119,b47e98e9fdb75d4274a18e3f8a5d8f463418a1d56a6db4db7d9b834c9d89ca46
yellow_trip_hourly,Taxi,quantity,380,0.130807888387,8,55119,b47e98e9fdb75d4274a18e3f8a5d8f463418a1d56a6db4db7d9b834c9d89ca46
yellow_trip_hourly,Taxi,quantity,381,0.130662747873,12,55119,b47e98e9fdb75d4274a18e3f8a5d8f463418a1d56a6db4db7d9b834c9d89ca46
yellow_trip_hourly,Taxi,quantity,382,0.130445037102,11,55119,b47e98e9fdb75d4274a18e3f8a5d8f463418a1d56a6db4db7d9b834c9d89ca46
yellow_trip_hourly,Taxi,quantity,383,0.130245468895,6,55119,b47e98e9fdb75d4274a18e3f8a5d8f463418a1d56a6db4db7d9b834c9d89ca46
yellow_trip_hourly,Taxi,quantity,384,0.130136613509,10,55119,b47e98e9fdb75d4274a18e3f8a5d8f463418a1d56a6db4db7d9b834c9d89ca46
yellow_trip_hourly,Taxi,quantity,385,0.129955187866,6,55119,b47e98e9fdb75d4274a18e3f8a5d8f463418a1d56a6db4db7d9b834c9d89ca46
yellow_trip_hourly,Taxi,quantity,386,0.129846332481,4,55119,b47e98e9fdb75d4274a18e3f8a5d8f463418a1d56a6db4db7d9b834c9d89ca46
yellow_trip_hourly,Taxi,quantity,387,0.129773762224,13,55119,b47e98e9fdb75d4274a18e3f8a5d8f463418a1d56a6db4db7d9b834c9d89ca46
yellow_trip_hourly,Taxi,quantity,388,0.129537908888,8,55119,b47e98e9fdb75d4274a18e3f8a5d8f463418a1d56a6db4db7d9b834c9d89ca46
yellow_trip_hourly,Taxi,quantity,389,0.129392768374,10,55119,b47e98e9fdb75d4274a18e3f8a5d8f463418a1d56a6db4db7d9b834c9d89ca46
yellow_trip_hourly,Taxi,quantity,390,0.129211342731,11,55119,b47e98e9fdb75d4274a18e3f8a5d8f463418a1d56a6db4db7d9b834c9d89ca46
yellow_trip_hourly,Taxi,quantity,391,0.129011774524,9,55119,b47e98e9fdb75d4274a18e3f8a5d8f463418a1d56a6db4db7d9b834c9d89ca46
yellow_trip_hourly,Taxi,quantity,392,0.128848491446,7,55119,b47e98e9fdb75d4274a18e3f8a5d8f463418a1d56a6db4db7d9b834c9d89ca46
yellow_trip_hourly,Taxi,quantity,393,0.128721493496,11,55119,b47e98e9fdb75d4274a18e3f8a5d8f463418a1d56a6db4db7d9b834c9d89ca46
yellow_trip_hourly,Taxi,quantity,394,0.128521925289,4,55119,b47e98e9fdb75d4274a18e3f8a5d8f463418a1d56a6db4db7d9b834c9d89ca46
yellow_trip_hourly,Taxi,quantity,395,0.128449355032,5,55119,b47e98e9fdb75d4274a18e3f8a5d8f463418a1d56a6db4db7d9b834c9d89ca46
yellow_trip_hourly,Taxi,quantity,396,0.12835864221,4,55119,b47e98e9fdb75d4274a18e3f8a5d8f463418a1d56a6db4db7d9b834c9d89ca46
yellow_trip_hourly,Taxi,quantity,397,0.128286071953,7,55119,b47e98e9fdb75d4274a18e3f8a5d8f463418a1d56a6db4db7d9b834c9d89ca46
yellow_trip_hourly,Taxi,quantity,398,0.128159074004,3,55119,b47e98e9fdb75d4274a18e3f8a5d8f463418a1d56a6db4db7d9b834c9d89ca46
yellow_trip_hourly,Taxi,quantity,399,0.128104646311,4,55119,b47e98e9fdb75d4274a18e3f8a5d8f463418a1d56a6db4db7d9b834c9d89ca46
yellow_trip_hourly,Taxi,quantity,400,0.128032076054,4,55119,b47e98e9fdb75d4274a18e3f8a5d8f463418a1d56a6db4db7d9b834c9d89ca46
yellow_trip_hourly,Taxi,quantity,401,0.127959505797,7,55119,b47e98e9fdb75d4274a18e3f8a5d8f463418a1d56a6db4db7d9b834c9d89ca46
yellow_trip_hourly,Taxi,quantity,402,0.127832507847,3,55119,b47e98e9fdb75d4274a18e3f8a5d8f463418a1d56a6db4db7d9b834c9d89ca46
yellow_trip_hourly,Taxi,quantity,403,0.127778080154,3,55119,b47e98e9fdb75d4274a18e3f8a5d8f463418a1d56a6db4db7d9b834c9d89ca46
yellow_trip_hourly,Taxi,quantity,404,0.127723652461,6,55119,b47e98e9fdb75d4274a18e3f8a5d8f463418a1d56a6db4db7d9b834c9d89ca46
yellow_trip_hourly,Taxi,quantity,406,0.127614797075,5,55119,b47e98e9fdb75d4274a18e3f8a5d8f463418a1d56a6db4db7d9b834c9d89ca46
yellow_trip_hourly,Taxi,quantity,407,0.127524084254,8,55119,b47e98e9fdb75d4274a18e3f8a5d8f463418a1d56a6db4db7d9b834c9d89ca46
yellow_trip_hourly,Taxi,quantity,408,0.12737894374,10,55119,b47e98e9fdb75d4274a18e3f8a5d8f463418a1d56a6db4db7d9b834c9d89ca46
yellow_trip_hourly,Taxi,quantity,409,0.127197518097,5,55119,b47e98e9fdb75d4274a18e3f8a5d8f463418a1d56a6db4db7d9b834c9d89ca46
yellow_trip_hourly,Taxi,quantity,410,0.127106805276,7,55119,b47e98e9fdb75d4274a18e3f8a5d8f463418a1d56a6db4db7d9b834c9d89ca46
yellow_trip_hourly,Taxi,quantity,411,0.126979807326,4,55119,b47e98e9fdb75d4274a18e3f8a5d8f463418a1d56a6db4db7d9b834c9d89ca46
yellow_trip_hourly,Taxi,quantity,412,0.126907237069,7,55119,b47e98e9fdb75d4274a18e3f8a5d8f463418a1d56a6db4db7d9b834c9d89ca46
yellow_trip_hourly,Taxi,quantity,413,0.126780239119,5,55119,b47e98e9fdb75d4274a18e3f8a5d8f463418a1d56a6db4db7d9b834c9d89ca46
yellow_trip_hourly,Taxi,quantity,414,0.126689526298,10,55119,b47e98e9fdb75d4274a18e3f8a5d8f463418a1d56a6db4db7d9b834c9d89ca46
yellow_trip_hourly,Taxi,quantity,415,0.126508100655,4,55119,b47e98e9fdb75d4274a18e3f8a5d8f463418a1d56a6db4db7d9b834c9d89ca46
yellow_trip_hourly,Taxi,quantity,416,0.126435530398,7,55119,b47e98e9fdb75d4274a18e3f8a5d8f463418a1d56a6db4db7d9b834c9d89ca46
yellow_trip_hourly,Taxi,quantity,417,0.126308532448,3,55119,b47e98e9fdb75d4274a18e3f8a5d8f463418a1d56a6db4db7d9b834c9d89ca46
yellow_trip_hourly,Taxi,quantity,418,0.126254104755,7,55119,b47e98e9fdb75d4274a18e3f8a5d8f463418a1d56a6db4db7d9b834c9d89ca46
yellow_trip_hourly,Taxi,quantity,419,0.126127106805,6,55119,b47e98e9fdb75d4274a18e3f8a5d8f463418a1d56a6db4db7d9b834c9d89ca46
yellow_trip_hourly,Taxi,quantity,420,0.12601825142,8,55119,b47e98e9fdb75d4274a18e3f8a5d8f463418a1d56a6db4db7d9b834c9d89ca46
yellow_trip_hourly,Taxi,quantity,421,0.125873110905,4,55119,b47e98e9fdb75d4274a18e3f8a5d8f463418a1d56a6db4db7d9b834c9d89ca46
yellow_trip_hourly,Taxi,quantity,422,0.125800540648,3,55119,b47e98e9fdb75d4274a18e3f8a5d8f463418a1d56a6db4db7d9b834c9d89ca46
yellow_trip_hourly,Taxi,quantity,423,0.125746112956,4,55119,b47e98e9fdb75d4274a18e3f8a5d8f463418a1d56a6db4db7d9b834c9d89ca46
yellow_trip_hourly,Taxi,quantity,424,0.125673542699,5,55119,b47e98e9fdb75d4274a18e3f8a5d8f463418a1d56a6db4db7d9b834c9d89ca46
yellow_trip_hourly,Taxi,quantity,425,0.125582829877,7,55119,b47e98e9fdb75d4274a18e3f8a5d8f463418a1d56a6db4db7d9b834c9d89ca46
yellow_trip_hourly,Taxi,quantity,426,0.125455831927,7,55119,b47e98e9fdb75d4274a18e3f8a5d8f463418a1d56a6db4db7d9b834c9d89ca46
yellow_trip_hourly,Taxi,quantity,427,0.125328833977,6,55119,b47e98e9fdb75d4274a18e3f8a5d8f463418a1d56a6db4db7d9b834c9d89ca46
yellow_trip_hourly,Taxi,quantity,428,0.125219978592,8,55119,b47e98e9fdb75d4274a18e3f8a5d8f463418a1d56a6db4db7d9b834c9d89ca46
yellow_trip_hourly,Taxi,quantity,429,0.125074838078,4,55119,b47e98e9fdb75d4274a18e3f8a5d8f463418a1d56a6db4db7d9b834c9d89ca46
yellow_trip_hourly,Taxi,quantity,430,0.125002267821,7,55119,b47e98e9fdb75d4274a18e3f8a5d8f463418a1d56a6db4db7d9b834c9d89ca46
yellow_trip_hourly,Taxi,quantity,431,0.124875269871,7,55119,b47e98e9fdb75d4274a18e3f8a5d8f463418a1d56a6db4db7d9b834c9d89ca46
yellow_trip_hourly,Taxi,quantity,432,0.124748271921,9,55119,b47e98e9fdb75d4274a18e3f8a5d8f463418a1d56a6db4db7d9b834c9d89ca46
yellow_trip_hourly,Taxi,quantity,433,0.124584988842,4,55119,b47e98e9fdb75d4274a18e3f8a5d8f463418a1d56a6db4db7d9b834c9d89ca46
yellow_trip_hourly,Taxi,quantity,434,0.124512418585,4,55119,b47e98e9fdb75d4274a18e3f8a5d8f463418a1d56a6db4db7d9b834c9d89ca46
yellow_trip_hourly,Taxi,quantity,435,0.124439848328,8,55119,b47e98e9fdb75d4274a18e3f8a5d8f463418a1d56a6db4db7d9b834c9d89ca46
yellow_trip_hourly,Taxi,quantity,436,0.124294707814,9,55119,b47e98e9fdb75d4274a18e3f8a5d8f463418a1d56a6db4db7d9b834c9d89ca46
yellow_trip_hourly,Taxi,quantity,437,0.124131424736,5,55119,b47e98e9fdb75d4274a18e3f8a5d8f463418a1d56a6db4db7d9b834c9d89ca46
yellow_trip_hourly,Taxi,quantity,438,0.124040711914,9,55119,b47e98e9fdb75d4274a18e3f8a5d8f463418a1d56a6db4db7d9b834c9d89ca46
yellow_trip_hourly,Taxi,quantity,439,0.123877428836,9,55119,b47e98e9fdb75d4274a18e3f8a5d8f463418a1d56a6db4db7d9b834c9d89ca46
yellow_trip_hourly,Taxi,quantity,440,0.123714145757,3,55119,b47e98e9fdb75d4274a18e3f8a5d8f463418a1d56a6db4db7d9b834c9d89ca46
yellow_trip_hourly,Taxi,quantity,441,0.123659718065,10,55119,b47e98e9fdb75d4274a18e3f8a5d8f463418a1d56a6db4db7d9b834c9d89ca46
yellow_trip_hourly,Taxi,quantity,442,0.123478292422,7,55119,b47e98e9fdb75d4274a18e3f8a5d8f463418a1d56a6db4db7d9b834c9d89ca46
yellow_trip_hourly,Taxi,quantity,443,0.123351294472,3,55119,b47e98e9fdb75d4274a18e3f8a5d8f463418a1d56a6db4db7d9b834c9d89ca46
yellow_trip_hourly,Taxi,quantity,444,0.123296866779,2,55119,b47e98e9fdb75d4274a18e3f8a5d8f463418a1d56a6db4db7d9b834c9d89ca46
yellow_trip_hourly,Taxi,quantity,445,0.123260581651,8,55119,b47e98e9fdb75d4274a18e3f8a5d8f463418a1d56a6db4db7d9b834c9d89ca46
yellow_trip_hourly,Taxi,quantity,446,0.123115441136,9,55119,b47e98e9fdb75d4274a18e3f8a5d8f463418a1d56a6db4db7d9b834c9d89ca46
yellow_trip_hourly,Taxi,quantity,447,0.122952158058,6,55119,b47e98e9fdb75d4274a18e3f8a5d8f463418a1d56a6db4db7d9b834c9d89ca46
yellow_trip_hourly,Taxi,quantity,448,0.122843302672,4,55119,b47e98e9fdb75d4274a18e3f8a5d8f463418a1d56a6db4db7d9b834c9d89ca46
yellow_trip_hourly,Taxi,quantity,449,0.122770732415,4,55119,b47e98e9fdb75d4274a18e3f8a5d8f463418a1d56a6db4db7d9b834c9d89ca46
yellow_trip_hourly,Taxi,quantity,450,0.122698162158,4,55119,b47e98e9fdb75d4274a18e3f8a5d8f463418a1d56a6db4db7d9b834c9d89ca46
yellow_trip_hourly,Taxi,quantity,451,0.122625591901,7,55119,b47e98e9fdb75d4274a18e3f8a5d8f463418a1d56a6db4db7d9b834c9d89ca46
yellow_trip_hourly,Taxi,quantity,452,0.122498593951,7,55119,b47e98e9fdb75d4274a18e3f8a5d8f463418a1d56a6db4db7d9b834c9d89ca46
yellow_trip_hourly,Taxi,quantity,453,0.122371596001,7,55119,b47e98e9fdb75d4274a18e3f8a5d8f463418a1d56a6db4db7d9b834c9d89ca46
yellow_trip_hourly,Taxi,quantity,454,0.122244598051,7,55119,b47e98e9fdb75d4274a18e3f8a5d8f463418a1d56a6db4db7d9b834c9d89ca46
yellow_trip_hourly,Taxi,quantity,455,0.122117600102,2,55119,b47e98e9fdb75d4274a18e3f8a5d8f463418a1d56a6db4db7d9b834c9d89ca46
yellow_trip_hourly,Taxi,quantity,456,0.122081314973,10,55119,b47e98e9fdb75d4274a18e3f8a5d8f463418a1d56a6db4db7d9b834c9d89ca46
yellow_trip_hourly,Taxi,quantity,457,0.12189988933,10,55119,b47e98e9fdb75d4274a18e3f8a5d8f463418a1d56a6db4db7d9b834c9d89ca46
yellow_trip_hourly,Taxi,quantity,458,0.121718463688,5,55119,b47e98e9fdb75d4274a18e3f8a5d8f463418a1d56a6db4db7d9b834c9d89ca46
yellow_trip_hourly,Taxi,quantity,459,0.121627750866,10,55119,b47e98e9fdb75d4274a18e3f8a5d8f463418a1d56a6db4db7d9b834c9d89ca46
yellow_trip_hourly,Taxi,quantity,460,0.121446325224,5,55119,b47e98e9fdb75d4274a18e3f8a5d8f463418a1d56a6db4db7d9b834c9d89ca46
yellow_trip_hourly,Taxi,quantity,461,0.121355612402,6,55119,b47e98e9fdb75d4274a18e3f8a5d8f463418a1d56a6db4db7d9b834c9d89ca46
yellow_trip_hourly,Taxi,quantity,462,0.121246757017,3,55119,b47e98e9fdb75d4274a18e3f8a5d8f463418a1d56a6db4db7d9b834c9d89ca46
yellow_trip_hourly,Taxi,quantity,463,0.121192329324,7,55119,b47e98e9fdb75d4274a18e3f8a5d8f463418a1d56a6db4db7d9b834c9d89ca46
yellow_trip_hourly,Taxi,quantity,464,0.121065331374,6,55119,b47e98e9fdb75d4274a18e3f8a5d8f463418a1d56a6db4db7d9b834c9d89ca46
yellow_trip_hourly,Taxi,quantity,465,0.120956475988,6,55119,b47e98e9fdb75d4274a18e3f8a5d8f463418a1d56a6db4db7d9b834c9d89ca46
yellow_trip_hourly,Taxi,quantity,466,0.120847620603,3,55119,b47e98e9fdb75d4274a18e3f8a5d8f463418a1d56a6db4db7d9b834c9d89ca46
yellow_trip_hourly,Taxi,quantity,467,0.12079319291,3,55119,b47e98e9fdb75d4274a18e3f8a5d8f463418a1d56a6db4db7d9b834c9d89ca46
yellow_trip_hourly,Taxi,quantity,468,0.120738765217,2,55119,b47e98e9fdb75d4274a18e3f8a5d8f463418a1d56a6db4db7d9b834c9d89ca46
yellow_trip_hourly,Taxi,quantity,469,0.120702480089,11,55119,b47e98e9fdb75d4274a18e3f8a5d8f463418a1d56a6db4db7d9b834c9d89ca46
yellow_trip_hourly,Taxi,quantity,470,0.120502911882,7,55119,b47e98e9fdb75d4274a18e3f8a5d8f463418a1d56a6db4db7d9b834c9d89ca46
yellow_trip_hourly,Taxi,quantity,471,0.120375913932,10,55119,b47e98e9fdb75d4274a18e3f8a5d8f463418a1d56a6db4db7d9b834c9d89ca46
yellow_trip_hourly,Taxi,quantity,472,0.120194488289,7,55119,b47e98e9fdb75d4274a18e3f8a5d8f463418a1d56a6db4db7d9b834c9d89ca46
yellow_trip_hourly,Taxi,quantity,473,0.120067490339,5,55119,b47e98e9fdb75d4274a18e3f8a5d8f463418a1d56a6db4db7d9b834c9d89ca46
yellow_trip_hourly,Taxi,quantity,474,0.119976777518,4,55119,b47e98e9fdb75d4274a18e3f8a5d8f463418a1d56a6db4db7d9b834c9d89ca46
yellow_trip_hourly,Taxi,quantity,475,0.119904207261,10,55119,b47e98e9fdb75d4274a18e3f8a5d8f463418a1d56a6db4db7d9b834c9d89ca46
yellow_trip_hourly,Taxi,quantity,476,0.119722781618,5,55119,b47e98e9fdb75d4274a18e3f8a5d8f463418a1d56a6db4db7d9b834c9d89ca46
yellow_trip_hourly,Taxi,quantity,477,0.119632068797,4,55119,b47e98e9fdb75d4274a18e3f8a5d8f463418a1d56a6db4db7d9b834c9d89ca46
yellow_trip_hourly,Taxi,quantity,478,0.11955949854,11,55119,b47e98e9fdb75d4274a18e3f8a5d8f463418a1d56a6db4db7d9b834c9d89ca46
yellow_trip_hourly,Taxi,quantity,479,0.119359930333,7,55119,b47e98e9fdb75d4274a18e3f8a5d8f463418a1d56a6db4db7d9b834c9d89ca46
yellow_trip_hourly,Taxi,quantity,480,0.119232932383,13,55119,b47e98e9fdb75d4274a18e3f8a5d8f463418a1d56a6db4db7d9b834c9d89ca46
yellow_trip_hourly,Taxi,quantity,481,0.118997079047,12,55119,b47e98e9fdb75d4274a18e3f8a5d8f463418a1d56a6db4db7d9b834c9d89ca46
yellow_trip_hourly,Taxi,quantity,482,0.118779368276,6,55119,b47e98e9fdb75d4274a18e3f8a5d8f463418a1d56a6db4db7d9b834c9d89ca46
yellow_trip_hourly,Taxi,quantity,483,0.11867051289,6,55119,b47e98e9fdb75d4274a18e3f8a5d8f463418a1d56a6db4db7d9b834c9d89ca46
yellow_trip_hourly,Taxi,quantity,484,0.118561657505,10,55119,b47e98e9fdb75d4274a18e3f8a5d8f463418a1d56a6db4db7d9b834c9d89ca46
yellow_trip_hourly,Taxi,quantity,485,0.118380231862,8,55119,b47e98e9fdb75d4274a18e3f8a5d8f463418a1d56a6db4db7d9b834c9d89ca46
yellow_trip_hourly,Taxi,quantity,486,0.118235091348,5,55119,b47e98e9fdb75d4274a18e3f8a5d8f463418a1d56a6db4db7d9b834c9d89ca46
yellow_trip_hourly,Taxi,quantity,487,0.118144378526,13,55119,b47e98e9fdb75d4274a18e3f8a5d8f463418a1d56a6db4db7d9b834c9d89ca46
yellow_trip_hourly,Taxi,quantity,488,0.117908525191,8,55119,b47e98e9fdb75d4274a18e3f8a5d8f463418a1d56a6db4db7d9b834c9d89ca46
yellow_trip_hourly,Taxi,quantity,489,0.117763384677,7,55119,b47e98e9fdb75d4274a18e3f8a5d8f463418a1d56a6db4db7d9b834c9d89ca46
yellow_trip_hourly,Taxi,quantity,490,0.117636386727,6,55119,b47e98e9fdb75d4274a18e3f8a5d8f463418a1d56a6db4db7d9b834c9d89ca46
yellow_trip_hourly,Taxi,quantity,491,0.117527531341,9,55119,b47e98e9fdb75d4274a18e3f8a5d8f463418a1d56a6db4db7d9b834c9d89ca46
yellow_trip_hourly,Taxi,quantity,492,0.117364248263,7,55119,b47e98e9fdb75d4274a18e3f8a5d8f463418a1d56a6db4db7d9b834c9d89ca46
yellow_trip_hourly,Taxi,quantity,493,0.117237250313,8,55119,b47e98e9fdb75d4274a18e3f8a5d8f463418a1d56a6db4db7d9b834c9d89ca46
yellow_trip_hourly,Taxi,quantity,494,0.117092109799,4,55119,b47e98e9fdb75d4274a18e3f8a5d8f463418a1d56a6db4db7d9b834c9d89ca46
yellow_trip_hourly,Taxi,quantity,495,0.117019539542,6,55119,b47e98e9fdb75d4274a18e3f8a5d8f463418a1d56a6db4db7d9b834c9d89ca46
yellow_trip_hourly,Taxi,quantity,496,0.116910684156,6,55119,b47e98e9fdb75d4274a18e3f8a5d8f463418a1d56a6db4db7d9b834c9d89ca46
yellow_trip_hourly,Taxi,quantity,497,0.11680182877,9,55119,b47e98e9fdb75d4274a18e3f8a5d8f463418a1d56a6db4db7d9b834c9d89ca46
yellow_trip_hourly,Taxi,quantity,498,0.116638545692,8,55119,b47e98e9fdb75d4274a18e3f8a5d8f463418a1d56a6db4db7d9b834c9d89ca46
yellow_trip_hourly,Taxi,quantity,499,0.116493405178,5,55119,b47e98e9fdb75d4274a18e3f8a5d8f463418a1d56a6db4db7d9b834c9d89ca46
yellow_trip_hourly,Taxi,quantity,500,0.116402692357,5,55119,b47e98e9fdb75d4274a18e3f8a5d8f463418a1d56a6db4db7d9b834c9d89ca46
yellow_trip_hourly,Taxi,quantity,501,0.116311979535,6,55119,b47e98e9fdb75d4274a18e3f8a5d8f463418a1d56a6db4db7d9b834c9d89ca46
yellow_trip_hourly,Taxi,quantity,502,0.11620312415,6,55119,b47e98e9fdb75d4274a18e3f8a5d8f463418a1d56a6db4db7d9b834c9d89ca46
yellow_trip_hourly,Taxi,quantity,503,0.116094268764,8,55119,b47e98e9fdb75d4274a18e3f8a5d8f463418a1d56a6db4db7d9b834c9d89ca46
yellow_trip_hourly,Taxi,quantity,504,0.11594912825,8,55119,b47e98e9fdb75d4274a18e3f8a5d8f463418a1d56a6db4db7d9b834c9d89ca46
yellow_trip_hourly,Taxi,quantity,505,0.115803987736,6,55119,b47e98e9fdb75d4274a18e3f8a5d8f463418a1d56a6db4db7d9b834c9d89ca46
yellow_trip_hourly,Taxi,quantity,506,0.11569513235,9,55119,b47e98e9fdb75d4274a18e3f8a5d8f463418a1d56a6db4db7d9b834c9d89ca46
yellow_trip_hourly,Taxi,quantity,507,0.115531849272,5,55119,b47e98e9fdb75d4274a18e3f8a5d8f463418a1d56a6db4db7d9b834c9d89ca46
yellow_trip_hourly,Taxi,quantity,508,0.11544113645,5,55119,b47e98e9fdb75d4274a18e3f8a5d8f463418a1d56a6db4db7d9b834c9d89ca46
yellow_trip_hourly,Taxi,quantity,509,0.115350423629,5,55119,b47e98e9fdb75d4274a18e3f8a5d8f463418a1d56a6db4db7d9b834c9d89ca46
yellow_trip_hourly,Taxi,quantity,510,0.115259710808,6,55119,b47e98e9fdb75d4274a18e3f8a5d8f463418a1d56a6db4db7d9b834c9d89ca46
yellow_trip_hourly,Taxi,quantity,511,0.115150855422,3,55119,b47e98e9fdb75d4274a18e3f8a5d8f463418a1d56a6db4db7d9b834c9d89ca46
yellow_trip_hourly,Taxi,quantity,512,0.115096427729,11,55119,b47e98e9fdb75d4274a18e3f8a5d8f463418a1d56a6db4db7d9b834c9d89ca46
yellow_trip_hourly,Taxi,quantity,513,0.114896859522,5,55119,b47e98e9fdb75d4274a18e3f8a5d8f463418a1d56a6db4db7d9b834c9d89ca46
yellow_trip_hourly,Taxi,quantity,514,0.114806146701,10,55119,b47e98e9fdb75d4274a18e3f8a5d8f463418a1d56a6db4db7d9b834c9d89ca46
yellow_trip_hourly,Taxi,quantity,515,0.114624721058,5,55119,b47e98e9fdb75d4274a18e3f8a5d8f463418a1d56a6db4db7d9b834c9d89ca46
yellow_trip_hourly,Taxi,quantity,516,0.114534008237,4,55119,b47e98e9fdb75d4274a18e3f8a5d8f463418a1d56a6db4db7d9b834c9d89ca46
yellow_trip_hourly,Taxi,quantity,517,0.11446143798,8,55119,b47e98e9fdb75d4274a18e3f8a5d8f463418a1d56a6db4db7d9b834c9d89ca46
yellow_trip_hourly,Taxi,quantity,518,0.114316297465,4,55119,b47e98e9fdb75d4274a18e3f8a5d8f463418a1d56a6db4db7d9b834c9d89ca46
yellow_trip_hourly,Taxi,quantity,519,0.114243727208,5,55119,b47e98e9fdb75d4274a18e3f8a5d8f463418a1d56a6db4db7d9b834c9d89ca46
yellow_trip_hourly,Taxi,quantity,520,0.114153014387,3,55119,b47e98e9fdb75d4274a18e3f8a5d8f463418a1d56a6db4db7d9b834c9d89ca46
yellow_trip_hourly,Taxi,quantity,521,0.114098586694,5,55119,b47e98e9fdb75d4274a18e3f8a5d8f463418a1d56a6db4db7d9b834c9d89ca46
yellow_trip_hourly,Taxi,quantity,522,0.114007873873,3,55119,b47e98e9fdb75d4274a18e3f8a5d8f463418a1d56a6db4db7d9b834c9d89ca46
yellow_trip_hourly,Taxi,quantity,523,0.11395344618,7,55119,b47e98e9fdb75d4274a18e3f8a5d8f463418a1d56a6db4db7d9b834c9d89ca46
yellow_trip_hourly,Taxi,quantity,524,0.11382644823,7,55119,b47e98e9fdb75d4274a18e3f8a5d8f463418a1d56a6db4db7d9b834c9d89ca46
yellow_trip_hourly,Taxi,quantity,525,0.11369945028,9,55119,b47e98e9fdb75d4274a18e3f8a5d8f463418a1d56a6db4db7d9b834c9d89ca46
yellow_trip_hourly,Taxi,quantity,526,0.113536167202,3,55119,b47e98e9fdb75d4274a18e3f8a5d8f463418a1d56a6db4db7d9b834c9d89ca46
yellow_trip_hourly,Taxi,quantity,527,0.113481739509,3,55119,b47e98e9fdb75d4274a18e3f8a5d8f463418a1d56a6db4db7d9b834c9d89ca46
yellow_trip_hourly,Taxi,quantity,528,0.113427311816,3,55119,b47e98e9fdb75d4274a18e3f8a5d8f463418a1d56a6db4db7d9b834c9d89ca46
yellow_trip_hourly,Taxi,quantity,529,0.113372884123,4,55119,b47e98e9fdb75d4274a18e3f8a5d8f463418a1d56a6db4db7d9b834c9d89ca46
yellow_trip_hourly,Taxi,quantity,530,0.113300313866,7,55119,b47e98e9fdb75d4274a18e3f8a5d8f463418a1d56a6db4db7d9b834c9d89ca46
yellow_trip_hourly,Taxi,quantity,531,0.113173315916,6,55119,b47e98e9fdb75d4274a18e3f8a5d8f463418a1d56a6db4db7d9b834c9d89ca46
yellow_trip_hourly,Taxi,quantity,532,0.113064460531,7,55119,b47e98e9fdb75d4274a18e3f8a5d8f463418a1d56a6db4db7d9b834c9d89ca46
yellow_trip_hourly,Taxi,quantity,533,0.112937462581,7,55119,b47e98e9fdb75d4274a18e3f8a5d8f463418a1d56a6db4db7d9b834c9d89ca46
yellow_trip_hourly,Taxi,quantity,534,0.112810464631,4,55119,b47e98e9fdb75d4274a18e3f8a5d8f463418a1d56a6db4db7d9b834c9d89ca46
yellow_trip_hourly,Taxi,quantity,535,0.112737894374,4,55119,b47e98e9fdb75d4274a18e3f8a5d8f463418a1d56a6db4db7d9b834c9d89ca46
yellow_trip_hourly,Taxi,quantity,536,0.112665324117,6,55119,b47e98e9fdb75d4274a18e3f8a5d8f463418a1d56a6db4db7d9b834c9d89ca46
yellow_trip_hourly,Taxi,quantity,537,0.112556468731,7,55119,b47e98e9fdb75d4274a18e3f8a5d8f463418a1d56a6db4db7d9b834c9d89ca46
yellow_trip_hourly,Taxi,quantity,538,0.112429470781,6,55119,b47e98e9fdb75d4274a18e3f8a5d8f463418a1d56a6db4db7d9b834c9d89ca46
yellow_trip_hourly,Taxi,quantity,539,0.112320615396,4,55119,b47e98e9fdb75d4274a18e3f8a5d8f463418a1d56a6db4db7d9b834c9d89ca46
yellow_trip_hourly,Taxi,quantity,540,0.112248045139,2,55119,b47e98e9fdb75d4274a18e3f8a5d8f463418a1d56a6db4db7d9b834c9d89ca46
yellow_trip_hourly,Taxi,quantity,541,0.11221176001,5,55119,b47e98e9fdb75d4274a18e3f8a5d8f463418a1d56a6db4db7d9b834c9d89ca46
yellow_trip_hourly,Taxi,quantity,542,0.112121047189,1,55119,b47e98e9fdb75d4274a18e3f8a5d8f463418a1d56a6db4db7d9b834c9d89ca46
yellow_trip_hourly,Taxi,quantity,543,0.112102904625,6,55119,b47e98e9fdb75d4274a18e3f8a5d8f463418a1d56a6db4db7d9b834c9d89ca46
yellow_trip_hourly,Taxi,quantity,544,0.111994049239,6,55119,b47e98e9fdb75d4274a18e3f8a5d8f463418a1d56a6db4db7d9b834c9d89ca46
yellow_trip_hourly,Taxi,quantity,545,0.111885193853,4,55119,b47e98e9fdb75d4274a18e3f8a5d8f463418a1d56a6db4db7d9b834c9d89ca46
yellow_trip_hourly,Taxi,quantity,546,0.111812623596,4,55119,b47e98e9fdb75d4274a18e3f8a5d8f463418a1d56a6db4db7d9b834c9d89ca46
yellow_trip_hourly,Taxi,quantity,547,0.111740053339,5,55119,b47e98e9fdb75d4274a18e3f8a5d8f463418a1d56a6db4db7d9b834c9d89ca46
yellow_trip_hourly,Taxi,quantity,548,0.111649340518,3,55119,b47e98e9fdb75d4274a18e3f8a5d8f463418a1d56a6db4db7d9b834c9d89ca46
yellow_trip_hourly,Taxi,quantity,549,0.111594912825,5,55119,b47e98e9fdb75d4274a18e3f8a5d8f463418a1d56a6db4db7d9b834c9d89ca46
yellow_trip_hourly,Taxi,quantity,550,0.111504200004,6,55119,b47e98e9fdb75d4274a18e3f8a5d8f463418a1d56a6db4db7d9b834c9d89ca46
yellow_trip_hourly,Taxi,quantity,551,0.111395344618,10,55119,b47e98e9fdb75d4274a18e3f8a5d8f463418a1d56a6db4db7d9b834c9d89ca46
yellow_trip_hourly,Taxi,quantity,552,0.111213918975,8,55119,b47e98e9fdb75d4274a18e3f8a5d8f463418a1d56a6db4db7d9b834c9d89ca46
yellow_trip_hourly,Taxi,quantity,553,0.111068778461,2,55119,b47e98e9fdb75d4274a18e3f8a5d8f463418a1d56a6db4db7d9b834c9d89ca46
yellow_trip_hourly,Taxi,quantity,554,0.111032493333,7,55119,b47e98e9fdb75d4274a18e3f8a5d8f463418a1d56a6db4db7d9b834c9d89ca46
yellow_trip_hourly,Taxi,quantity,555,0.110905495383,5,55119,b47e98e9fdb75d4274a18e3f8a5d8f463418a1d56a6db4db7d9b834c9d89ca46
yellow_trip_hourly,Taxi,quantity,556,0.110814782561,9,55119,b47e98e9fdb75d4274a18e3f8a5d8f463418a1d56a6db4db7d9b834c9d89ca46
yellow_trip_hourly,Taxi,quantity,557,0.110651499483,6,55119,b47e98e9fdb75d4274a18e3f8a5d8f463418a1d56a6db4db7d9b834c9d89ca46
yellow_trip_hourly,Taxi,quantity,558,0.110542644097,5,55119,b47e98e9fdb75d4274a18e3f8a5d8f463418a1d56a6db4db7d9b834c9d89ca46
yellow_trip_hourly,Taxi,quantity,559,0.110451931276,2,55119,b47e98e9fdb75d4274a18e3f8a5d8f463418a1d56a6db4db7d9b834c9d89ca46
yellow_trip_hourly,Taxi,quantity,560,0.110415646147,7,55119,b47e98e9fdb75d4274a18e3f8a5d8f463418a1d56a6db4db7d9b834c9d89ca46
yellow_trip_hourly,Taxi,quantity,561,0.110288648198,5,55119,b47e98e9fdb75d4274a18e3f8a5d8f463418a1d56a6db4db7d9b834c9d89ca46
yellow_trip_hourly,Taxi,quantity,562,0.110197935376,11,55119,b47e98e9fdb75d4274a18e3f8a5d8f463418a1d56a6db4db7d9b834c9d89ca46
yellow_trip_hourly,Taxi,quantity,563,0.109998367169,10,55119,b47e98e9fdb75d4274a18e3f8a5d8f463418a1d56a6db4db7d9b834c9d89ca46
yellow_trip_hourly,Taxi,quantity,564,0.109816941527,2,55119,b47e98e9fdb75d4274a18e3f8a5d8f463418a1d56a6db4db7d9b834c9d89ca46
yellow_trip_hourly,Taxi,quantity,565,0.109780656398,3,55119,b47e98e9fdb75d4274a18e3f8a5d8f463418a1d56a6db4db7d9b834c9d89ca46
yellow_trip_hourly,Taxi,quantity,566,0.109726228705,9,55119,b47e98e9fdb75d4274a18e3f8a5d8f463418a1d56a6db4db7d9b834c9d89ca46
yellow_trip_hourly,Taxi,quantity,567,0.109562945627,2,55119,b47e98e9fdb75d4274a18e3f8a5d8f463418a1d56a6db4db7d9b834c9d89ca46
yellow_trip_hourly,Taxi,quantity,568,0.109526660498,3,55119,b47e98e9fdb75d4274a18e3f8a5d8f463418a1d56a6db4db7d9b834c9d89ca46
yellow_trip_hourly,Taxi,quantity,569,0.109472232805,4,55119,b47e98e9fdb75d4274a18e3f8a5d8f463418a1d56a6db4db7d9b834c9d89ca46
yellow_trip_hourly,Taxi,quantity,570,0.109399662548,8,55119,b47e98e9fdb75d4274a18e3f8a5d8f463418a1d56a6db4db7d9b834c9d89ca46
yellow_trip_hourly,Taxi,quantity,571,0.109254522034,17,55119,b47e98e9fdb75d4274a18e3f8a5d8f463418a1d56a6db4db7d9b834c9d89ca46
yellow_trip_hourly,Taxi,quantity,572,0.108946098442,7,55119,b47e98e9fdb75d4274a18e3f8a5d8f463418a1d56a6db4db7d9b834c9d89ca46
yellow_trip_hourly,Taxi,quantity,573,0.108819100492,2,55119,b47e98e9fdb75d4274a18e3f8a5d8f463418a1d56a6db4db7d9b834c9d89ca46
yellow_trip_hourly,Taxi,quantity,574,0.108782815363,7,55119,b47e98e9fdb75d4274a18e3f8a5d8f463418a1d56a6db4db7d9b834c9d89ca46
yellow_trip_hourly,Taxi,quantity,575,0.108655817413,5,55119,b47e98e9fdb75d4274a18e3f8a5d8f463418a1d56a6db4db7d9b834c9d89ca46
yellow_trip_hourly,Taxi,quantity,576,0.108565104592,5,55119,b47e98e9fdb75d4274a18e3f8a5d8f463418a1d56a6db4db7d9b834c9d89ca46
yellow_trip_hourly,Taxi,quantity,577,0.108474391771,2,55119,b47e98e9fdb75d4274a18e3f8a5d8f463418a1d56a6db4db7d9b834c9d89ca46
yellow_trip_hourly,Taxi,quantity,578,0.108438106642,7,55119,b47e98e9fdb75d4274a18e3f8a5d8f463418a1d56a6db4db7d9b834c9d89ca46
yellow_trip_hourly,Taxi,quantity,579,0.108311108692,3,55119,b47e98e9fdb75d4274a18e3f8a5d8f463418a1d56a6db4db7d9b834c9d89ca46
yellow_trip_hourly,Taxi,quantity,580,0.108256680999,4,55119,b47e98e9fdb75d4274a18e3f8a5d8f463418a1d56a6db4db7d9b834c9d89ca46
yellow_trip_hourly,Taxi,quantity,581,0.108184110742,5,55119,b47e98e9fdb75d4274a18e3f8a5d8f463418a1d56a6db4db7d9b834c9d89ca46
yellow_trip_hourly,Taxi,quantity,582,0.108093397921,8,55119,b47e98e9fdb75d4274a18e3f8a5d8f463418a1d56a6db4db7d9b834c9d89ca46
yellow_trip_hourly,Taxi,quantity,583,0.107948257407,1,55119,b47e98e9fdb75d4274a18e3f8a5d8f463418a1d56a6db4db7d9b834c9d89ca46
yellow_trip_hourly,Taxi,quantity,584,0.107930114842,6,55119,b47e98e9fdb75d4274a18e3f8a5d8f463418a1d56a6db4db7d9b834c9d89ca46
yellow_trip_hourly,Taxi,quantity,585,0.107821259457,4,55119,b47e98e9fdb75d4274a18e3f8a5d8f463418a1d56a6db4db7d9b834c9d89ca46
yellow_trip_hourly,Taxi,quantity,586,0.1077486892,2,55119,b47e98e9fdb75d4274a18e3f8a5d8f463418a1d56a6db4db7d9b834c9d89ca46
yellow_trip_hourly,Taxi,quantity,587,0.107712404071,4,55119,b47e98e9fdb75d4274a18e3f8a5d8f463418a1d56a6db4db7d9b834c9d89ca46
yellow_trip_hourly,Taxi,quantity,588,0.107639833814,3,55119,b47e98e9fdb75d4274a18e3f8a5d8f463418a1d56a6db4db7d9b834c9d89ca46
yellow_trip_hourly,Taxi,quantity,589,0.107585406121,5,55119,b47e98e9fdb75d4274a18e3f8a5d8f463418a1d56a6db4db7d9b834c9d89ca46
yellow_trip_hourly,Taxi,quantity,590,0.1074946933,6,55119,b47e98e9fdb75d4274a18e3f8a5d8f463418a1d56a6db4db7d9b834c9d89ca46
yellow_trip_hourly,Taxi,quantity,591,0.107385837914,8,55119,b47e98e9fdb75d4274a18e3f8a5d8f463418a1d56a6db4db7d9b834c9d89ca46
yellow_trip_hourly,Taxi,quantity,592,0.1072406974,4,55119,b47e98e9fdb75d4274a18e3f8a5d8f463418a1d56a6db4db7d9b834c9d89ca46
yellow_trip_hourly,Taxi,quantity,593,0.107168127143,3,55119,b47e98e9fdb75d4274a18e3f8a5d8f463418a1d56a6db4db7d9b834c9d89ca46
yellow_trip_hourly,Taxi,quantity,594,0.10711369945,5,55119,b47e98e9fdb75d4274a18e3f8a5d8f463418a1d56a6db4db7d9b834c9d89ca46
yellow_trip_hourly,Taxi,quantity,595,0.107022986629,5,55119,b47e98e9fdb75d4274a18e3f8a5d8f463418a1d56a6db4db7d9b834c9d89ca46
yellow_trip_hourly,Taxi,quantity,596,0.106932273808,1,55119,b47e98e9fdb75d4274a18e3f8a5d8f463418a1d56a6db4db7d9b834c9d89ca46
yellow_trip_hourly,Taxi,quantity,597,0.106914131243,5,55119,b47e98e9fdb75d4274a18e3f8a5d8f463418a1d56a6db4db7d9b834c9d89ca46
yellow_trip_hourly,Taxi,quantity,598,0.106823418422,3,55119,b47e98e9fdb75d4274a18e3f8a5d8f463418a1d56a6db4db7d9b834c9d89ca46
yellow_trip_hourly,Taxi,quantity,599,0.106768990729,3,55119,b47e98e9fdb75d4274a18e3f8a5d8f463418a1d56a6db4db7d9b834c9d89ca46
yellow_trip_hourly,Taxi,quantity,600,0.106714563036,7,55119,b47e98e9fdb75d4274a18e3f8a5d8f463418a1d56a6db4db7d9b834c9d89ca46
yellow_trip_hourly,Taxi,quantity,601,0.106587565086,4,55119,b47e98e9fdb75d4274a18e3f8a5d8f463418a1d56a6db4db7d9b834c9d89ca46
yellow_trip_hourly,Taxi,quantity,602,0.106514994829,7,55119,b47e98e9fdb75d4274a18e3f8a5d8f463418a1d56a6db4db7d9b834c9d89ca46
yellow_trip_hourly,Taxi,quantity,603,0.106387996879,10,55119,b47e98e9fdb75d4274a18e3f8a5d8f463418a1d56a6db4db7d9b834c9d89ca46
yellow_trip_hourly,Taxi,quantity,604,0.106206571237,5,55119,b47e98e9fdb75d4274a18e3f8a5d8f463418a1d56a6db4db7d9b834c9d89ca46
yellow_trip_hourly,Taxi,quantity,605,0.106115858415,3,55119,b47e98e9fdb75d4274a18e3f8a5d8f463418a1d56a6db4db7d9b834c9d89ca46
yellow_trip_hourly,Taxi,quantity,606,0.106061430723,2,55119,b47e98e9fdb75d4274a18e3f8a5d8f463418a1d56a6db4db7d9b834c9d89ca46
yellow_trip_hourly,Taxi,quantity,607,0.106025145594,6,55119,b47e98e9fdb75d4274a18e3f8a5d8f463418a1d56a6db4db7d9b834c9d89ca46
yellow_trip_hourly,Taxi,quantity,608,0.105916290208,11,55119,b47e98e9fdb75d4274a18e3f8a5d8f463418a1d56a6db4db7d9b834c9d89ca46
yellow_trip_hourly,Taxi,quantity,609,0.105716722001,8,55119,b47e98e9fdb75d4274a18e3f8a5d8f463418a1d56a6db4db7d9b834c9d89ca46
yellow_trip_hourly,Taxi,quantity,610,0.105571581487,8,55119,b47e98e9fdb75d4274a18e3f8a5d8f463418a1d56a6db4db7d9b834c9d89ca46
yellow_trip_hourly,Taxi,quantity,611,0.105426440973,5,55119,b47e98e9fdb75d4274a18e3f8a5d8f463418a1d56a6db4db7d9b834c9d89ca46
yellow_trip_hourly,Taxi,quantity,612,0.105335728152,4,55119,b47e98e9fdb75d4274a18e3f8a5d8f463418a1d56a6db4db7d9b834c9d89ca46
yellow_trip_hourly,Taxi,quantity,613,0.105263157895,4,55119,b47e98e9fdb75d4274a18e3f8a5d8f463418a1d56a6db4db7d9b834c9d89ca46
yellow_trip_hourly,Taxi,quantity,614,0.105190587638,4,55119,b47e98e9fdb75d4274a18e3f8a5d8f463418a1d56a6db4db7d9b834c9d89ca46
yellow_trip_hourly,Taxi,quantity,615,0.105118017381,3,55119,b47e98e9fdb75d4274a18e3f8a5d8f463418a1d56a6db4db7d9b834c9d89ca46
yellow_trip_hourly,Taxi,quantity,616,0.105063589688,2,55119,b47e98e9fdb75d4274a18e3f8a5d8f463418a1d56a6db4db7d9b834c9d89ca46
yellow_trip_hourly,Taxi,quantity,617,0.105027304559,8,55119,b47e98e9fdb75d4274a18e3f8a5d8f463418a1d56a6db4db7d9b834c9d89ca46
yellow_trip_hourly,Taxi,quantity,619,0.104882164045,3,55119,b47e98e9fdb75d4274a18e3f8a5d8f463418a1d56a6db4db7d9b834c9d89ca46
yellow_trip_hourly,Taxi,quantity,620,0.104827736352,3,55119,b47e98e9fdb75d4274a18e3f8a5d8f463418a1d56a6db4db7d9b834c9d89ca46
yellow_trip_hourly,Taxi,quantity,621,0.104773308659,3,55119,b47e98e9fdb75d4274a18e3f8a5d8f463418a1d56a6db4db7d9b834c9d89ca46
yellow_trip_hourly,Taxi,quantity,622,0.104718880967,5,55119,b47e98e9fdb75d4274a18e3f8a5d8f463418a1d56a6db4db7d9b834c9d89ca46
yellow_trip_hourly,Taxi,quantity,623,0.104628168145,4,55119,b47e98e9fdb75d4274a18e3f8a5d8f463418a1d56a6db4db7d9b834c9d89ca46
yellow_trip_hourly,Taxi,quantity,624,0.104555597888,5,55119,b47e98e9fdb75d4274a18e3f8a5d8f463418a1d56a6db4db7d9b834c9d89ca46
yellow_trip_hourly,Taxi,quantity,625,0.104464885067,9,55119,b47e98e9fdb75d4274a18e3f8a5d8f463418a1d56a6db4db7d9b834c9d89ca46
yellow_trip_hourly,Taxi,quantity,626,0.104301601988,6,55119,b47e98e9fdb75d4274a18e3f8a5d8f463418a1d56a6db4db7d9b834c9d89ca46
yellow_trip_hourly,Taxi,quantity,627,0.104192746603,5,55119,b47e98e9fdb75d4274a18e3f8a5d8f463418a1d56a6db4db7d9b834c9d89ca46
yellow_trip_hourly,Taxi,quantity,628,0.104102033781,4,55119,b47e98e9fdb75d4274a18e3f8a5d8f463418a1d56a6db4db7d9b834c9d89ca46
yellow_trip_hourly,Taxi,quantity,629,0.104029463524,5,55119,b47e98e9fdb75d4274a18e3f8a5d8f463418a1d56a6db4db7d9b834c9d89ca46
yellow_trip_hourly,Taxi,quantity,630,0.103938750703,7,55119,b47e98e9fdb75d4274a18e3f8a5d8f463418a1d56a6db4db7d9b834c9d89ca46
yellow_trip_hourly,Taxi,quantity,631,0.103811752753,7,55119,b47e98e9fdb75d4274a18e3f8a5d8f463418a1d56a6db4db7d9b834c9d89ca46
yellow_trip_hourly,Taxi,quantity,632,0.103684754803,7,55119,b47e98e9fdb75d4274a18e3f8a5d8f463418a1d56a6db4db7d9b834c9d89ca46
yellow_trip_hourly,Taxi,quantity,633,0.103557756853,6,55119,b47e98e9fdb75d4274a18e3f8a5d8f463418a1d56a6db4db7d9b834c9d89ca46
yellow_trip_hourly,Taxi,quantity,634,0.103448901468,2,55119,b47e98e9fdb75d4274a18e3f8a5d8f463418a1d56a6db4db7d9b834c9d89ca46
yellow_trip_hourly,Taxi,quantity,635,0.103412616339,8,55119,b47e98e9fdb75d4274a18e3f8a5d8f463418a1d56a6db4db7d9b834c9d89ca46
yellow_trip_hourly,Taxi,quantity,636,0.103267475825,7,55119,b47e98e9fdb75d4274a18e3f8a5d8f463418a1d56a6db4db7d9b834c9d89ca46
yellow_trip_hourly,Taxi,quantity,637,0.103140477875,6,55119,b47e98e9fdb75d4274a18e3f8a5d8f463418a1d56a6db4db7d9b834c9d89ca46
yellow_trip_hourly,Taxi,quantity,638,0.10303162249,5,55119,b47e98e9fdb75d4274a18e3f8a5d8f463418a1d56a6db4db7d9b834c9d89ca46
yellow_trip_hourly,Taxi,quantity,639,0.102940909668,3,55119,b47e98e9fdb75d4274a18e3f8a5d8f463418a1d56a6db4db7d9b834c9d89ca46
yellow_trip_hourly,Taxi,quantity,640,0.102886481975,2,55119,b47e98e9fdb75d4274a18e3f8a5d8f463418a1d56a6db4db7d9b834c9d89ca46
yellow_trip_hourly,Taxi,quantity,641,0.102850196847,5,55119,b47e98e9fdb75d4274a18e3f8a5d8f463418a1d56a6db4db7d9b834c9d89ca46
yellow_trip_hourly,Taxi,quantity,642,0.102759484025,3,55119,b47e98e9fdb75d4274a18e3f8a5d8f463418a1d56a6db4db7d9b834c9d89ca46
yellow_trip_hourly,Taxi,quantity,643,0.102705056333,5,55119,b47e98e9fdb75d4274a18e3f8a5d8f463418a1d56a6db4db7d9b834c9d89ca46
yellow_trip_hourly,Taxi,quantity,644,0.102614343511,6,55119,b47e98e9fdb75d4274a18e3f8a5d8f463418a1d56a6db4db7d9b834c9d89ca46
yellow_trip_hourly,Taxi,quantity,645,0.102505488126,1,55119,b47e98e9fdb75d4274a18e3f8a5d8f463418a1d56a6db4db7d9b834c9d89ca46
yellow_trip_hourly,Taxi,quantity,646,0.102487345561,7,55119,b47e98e9fdb75d4274a18e3f8a5d8f463418a1d56a6db4db7d9b834c9d89ca46
yellow_trip_hourly,Taxi,quantity,647,0.102360347612,8,55119,b47e98e9fdb75d4274a18e3f8a5d8f463418a1d56a6db4db7d9b834c9d89ca46
yellow_trip_hourly,Taxi,quantity,648,0.102215207097,4,55119,b47e98e9fdb75d4274a18e3f8a5d8f463418a1d56a6db4db7d9b834c9d89ca46
yellow_trip_hourly,Taxi,quantity,649,0.10214263684,17,55119,b47e98e9fdb75d4274a18e3f8a5d8f463418a1d56a6db4db7d9b834c9d89ca46
yellow_trip_hourly,Taxi,quantity,650,0.101834213248,6,55119,b47e98e9fdb75d4274a18e3f8a5d8f463418a1d56a6db4db7d9b834c9d89ca46
yellow_trip_hourly,Taxi,quantity,651,0.101725357862,4,55119,b47e98e9fdb75d4274a18e3f8a5d8f463418a1d56a6db4db7d9b834c9d89ca46
yellow_trip_hourly,Taxi,quantity,652,0.101652787605,2,55119,b47e98e9fdb75d4274a18e3f8a5d8f463418a1d56a6db4db7d9b834c9d89ca46
yellow_trip_hourly,Taxi,quantity,653,0.101616502476,5,55119,b47e98e9fdb75d4274a18e3f8a5d8f463418a1d56a6db4db7d9b834c9d89ca46
yellow_trip_hourly,Taxi,quantity,654,0.101525789655,7,55119,b47e98e9fdb75d4274a18e3f8a5d8f463418a1d56a6db4db7d9b834c9d89ca46
yellow_trip_hourly,Taxi,quantity,655,0.101398791705,6,55119,b47e98e9fdb75d4274a18e3f8a5d8f463418a1d56a6db4db7d9b834c9d89ca46
yellow_trip_hourly,Taxi,quantity,656,0.10128993632,4,55119,b47e98e9fdb75d4274a18e3f8a5d8f463418a1d56a6db4db7d9b834c9d89ca46
yellow_trip_hourly,Taxi,quantity,657,0.101217366063,1,55119,b47e98e9fdb75d4274a18e3f8a5d8f463418a1d56a6db4db7d9b834c9d89ca46
yellow_trip_hourly,Taxi,quantity,658,0.101199223498,3,55119,b47e98e9fdb75d4274a18e3f8a5d8f463418a1d56a6db4db7d9b834c9d89ca46
yellow_trip_hourly,Taxi,quantity,659,0.101144795805,7,55119,b47e98e9fdb75d4274a18e3f8a5d8f463418a1d56a6db4db7d9b834c9d89ca46
yellow_trip_hourly,Taxi,quantity,660,0.101017797856,7,55119,b47e98e9fdb75d4274a18e3f8a5d8f463418a1d56a6db4db7d9b834c9d89ca46
yellow_trip_hourly,Taxi,quantity,661,0.100890799906,11,55119,b47e98e9fdb75d4274a18e3f8a5d8f463418a1d56a6db4db7d9b834c9d89ca46
yellow_trip_hourly,Taxi,quantity,662,0.100691231699,4,55119,b47e98e9fdb75d4274a18e3f8a5d8f463418a1d56a6db4db7d9b834c9d89ca46
yellow_trip_hourly,Taxi,quantity,663,0.100618661442,3,55119,b47e98e9fdb75d4274a18e3f8a5d8f463418a1d56a6db4db7d9b834c9d89ca46
yellow_trip_hourly,Taxi,quantity,664,0.100564233749,7,55119,b47e98e9fdb75d4274a18e3f8a5d8f463418a1d56a6db4db7d9b834c9d89ca46
yellow_trip_hourly,Taxi,quantity,665,0.100437235799,4,55119,b47e98e9fdb75d4274a18e3f8a5d8f463418a1d56a6db4db7d9b834c9d89ca46
yellow_trip_hourly,Taxi,quantity,666,0.100364665542,7,55119,b47e98e9fdb75d4274a18e3f8a5d8f463418a1d56a6db4db7d9b834c9d89ca46
yellow_trip_hourly,Taxi,quantity,667,0.100237667592,5,55119,b47e98e9fdb75d4274a18e3f8a5d8f463418a1d56a6db4db7d9b834c9d89ca46
yellow_trip_hourly,Taxi,quantity,668,0.100146954771,7,55119,b47e98e9fdb75d4274a18e3f8a5d8f463418a1d56a6db4db7d9b834c9d89ca46
yellow_trip_hourly,Taxi,quantity,669,0.100019956821,3,55119,b47e98e9fdb75d4274a18e3f8a5d8f463418a1d56a6db4db7d9b834c9d89ca46
yellow_trip_hourly,Taxi,quantity,670,0.0999655291279,4,55119,b47e98e9fdb75d4274a18e3f8a5d8f463418a1d56a6db4db7d9b834c9d89ca46
yellow_trip_hourly,Taxi,quantity,671,0.0998929588708,3,55119,b47e98e9fdb75d4274a18e3f8a5d8f463418a1d56a6db4db7d9b834c9d89ca46
yellow_trip_hourly,Taxi,quantity,672,0.099838531178,8,55119,b47e98e9fdb75d4274a18e3f8a5d8f463418a1d56a6db4db7d9b834c9d89ca46
yellow_trip_hourly,Taxi,quantity,673,0.0996933906638,4,55119,b47e98e9fdb75d4274a18e3f8a5d8f463418a1d56a6db4db7d9b834c9d89ca46
yellow_trip_hourly,Taxi,quantity,674,0.0996208204068,4,55119,b47e98e9fdb75d4274a18e3f8a5d8f463418a1d56a6db4db7d9b834c9d89ca46
yellow_trip_hourly,Taxi,quantity,675,0.0995482501497,1,55119,b47e98e9fdb75d4274a18e3f8a5d8f463418a1d56a6db4db7d9b834c9d89ca46
yellow_trip_hourly,Taxi,quantity,676,0.0995301075854,4,55119,b47e98e9fdb75d4274a18e3f8a5d8f463418a1d56a6db4db7d9b834c9d89ca46
yellow_trip_hourly,Taxi,quantity,677,0.0994575373283,9,55119,b47e98e9fdb75d4274a18e3f8a5d8f463418a1d56a6db4db7d9b834c9d89ca46
yellow_trip_hourly,Taxi,quantity,678,0.0992942542499,4,55119,b47e98e9fdb75d4274a18e3f8a5d8f463418a1d56a6db4db7d9b834c9d89ca46
yellow_trip_hourly,Taxi,quantity,679,0.0992216839928,4,55119,b47e98e9fdb75d4274a18e3f8a5d8f463418a1d56a6db4db7d9b834c9d89ca46
yellow_trip_hourly,Taxi,quantity,680,0.0991491137357,3,55119,b47e98e9fdb75d4274a18e3f8a5d8f463418a1d56a6db4db7d9b834c9d89ca46
yellow_trip_hourly,Taxi,quantity,681,0.0990946860429,6,55119,b47e98e9fdb75d4274a18e3f8a5d8f463418a1d56a6db4db7d9b834c9d89ca46
yellow_trip_hourly,Taxi,quantity,682,0.0989858306573,5,55119,b47e98e9fdb75d4274a18e3f8a5d8f463418a1d56a6db4db7d9b834c9d89ca46
yellow_trip_hourly,Taxi,quantity,683,0.098895117836,2,55119,b47e98e9fdb75d4274a18e3f8a5d8f463418a1d56a6db4db7d9b834c9d89ca46
yellow_trip_hourly,Taxi,quantity,684,0.0988588327074,5,55119,b47e98e9fdb75d4274a18e3f8a5d8f463418a1d56a6db4db7d9b834c9d89ca46
yellow_trip_hourly,Taxi,quantity,685,0.0987681198861,1,55119,b47e98e9fdb75d4274a18e3f8a5d8f463418a1d56a6db4db7d9b834c9d89ca46
yellow_trip_hourly,Taxi,quantity,686,0.0987499773218,6,55119,b47e98e9fdb75d4274a18e3f8a5d8f463418a1d56a6db4db7d9b834c9d89ca46
yellow_trip_hourly,Taxi,quantity,687,0.0986411219362,2,55119,b47e98e9fdb75d4274a18e3f8a5d8f463418a1d56a6db4db7d9b834c9d89ca46
yellow_trip_hourly,Taxi,quantity,688,0.0986048368076,9,55119,b47e98e9fdb75d4274a18e3f8a5d8f463418a1d56a6db4db7d9b834c9d89ca46
yellow_trip_hourly,Taxi,quantity,689,0.0984415537292,9,55119,b47e98e9fdb75d4274a18e3f8a5d8f463418a1d56a6db4db7d9b834c9d89ca46
yellow_trip_hourly,Taxi,quantity,690,0.0982782706508,5,55119,b47e98e9fdb75d4274a18e3f8a5d8f463418a1d56a6db4db7d9b834c9d89ca46
yellow_trip_hourly,Taxi,quantity,691,0.0981875578294,7,55119,b47e98e9fdb75d4274a18e3f8a5d8f463418a1d56a6db4db7d9b834c9d89ca46
yellow_trip_hourly,Taxi,quantity,692,0.0980605598795,6,55119,b47e98e9fdb75d4274a18e3f8a5d8f463418a1d56a6db4db7d9b834c9d89ca46
yellow_trip_hourly,Taxi,quantity,693,0.0979517044939,8,55119,b47e98e9fdb75d4274a18e3f8a5d8f463418a1d56a6db4db7d9b834c9d89ca46
yellow_trip_hourly,Taxi,quantity,694,0.0978065639798,4,55119,b47e98e9fdb75d4274a18e3f8a5d8f463418a1d56a6db4db7d9b834c9d89ca46
yellow_trip_hourly,Taxi,quantity,695,0.0977339937227,6,55119,b47e98e9fdb75d4274a18e3f8a5d8f463418a1d56a6db4db7d9b834c9d89ca46
yellow_trip_hourly,Taxi,quantity,696,0.0976251383371,2,55119,b47e98e9fdb75d4274a18e3f8a5d8f463418a1d56a6db4db7d9b834c9d89ca46
yellow_trip_hourly,Taxi,quantity,697,0.0975888532085,3,55119,b47e98e9fdb75d4274a18e3f8a5d8f463418a1d56a6db4db7d9b834c9d89ca46
yellow_trip_hourly,Taxi,quantity,698,0.0975344255157,7,55119,b47e98e9fdb75d4274a18e3f8a5d8f463418a1d56a6db4db7d9b834c9d89ca46
yellow_trip_hourly,Taxi,quantity,699,0.0974074275658,8,55119,b47e98e9fdb75d4274a18e3f8a5d8f463418a1d56a6db4db7d9b834c9d89ca46
yellow_trip_hourly,Taxi,quantity,700,0.0972622870517,5,55119,b47e98e9fdb75d4274a18e3f8a5d8f463418a1d56a6db4db7d9b834c9d89ca46
yellow_trip_hourly,Taxi,quantity,701,0.0971715742303,1,55119,b47e98e9fdb75d4274a18e3f8a5d8f463418a1d56a6db4db7d9b834c9d89ca46
yellow_trip_hourly,Taxi,quantity,702,0.097153431666,8,55119,b47e98e9fdb75d4274a18e3f8a5d8f463418a1d56a6db4db7d9b834c9d89ca46
yellow_trip_hourly,Taxi,quantity,703,0.0970082911519,9,55119,b47e98e9fdb75d4274a18e3f8a5d8f463418a1d56a6db4db7d9b834c9d89ca46
yellow_trip_hourly,Taxi,quantity,704,0.0968450080734,6,55119,b47e98e9fdb75d4274a18e3f8a5d8f463418a1d56a6db4db7d9b834c9d89ca46
yellow_trip_hourly,Taxi,quantity,705,0.0967361526878,3,55119,b47e98e9fdb75d4274a18e3f8a5d8f463418a1d56a6db4db7d9b834c9d89ca46
yellow_trip_hourly,Taxi,quantity,706,0.096681724995,6,55119,b47e98e9fdb75d4274a18e3f8a5d8f463418a1d56a6db4db7d9b834c9d89ca46
yellow_trip_hourly,Taxi,quantity,707,0.0965728696094,2,55119,b47e98e9fdb75d4274a18e3f8a5d8f463418a1d56a6db4db7d9b834c9d89ca46
yellow_trip_hourly,Taxi,quantity,708,0.0965365844809,8,55119,b47e98e9fdb75d4274a18e3f8a5d8f463418a1d56a6db4db7d9b834c9d89ca46
yellow_trip_hourly,Taxi,quantity,709,0.0963914439667,5,55119,b47e98e9fdb75d4274a18e3f8a5d8f463418a1d56a6db4db7d9b834c9d89ca46
yellow_trip_hourly,Taxi,quantity,710,0.0963007311453,5,55119,b47e98e9fdb75d4274a18e3f8a5d8f463418a1d56a6db4db7d9b834c9d89ca46
yellow_trip_hourly,Taxi,quantity,711,0.096210018324,4,55119,b47e98e9fdb75d4274a18e3f8a5d8f463418a1d56a6db4db7d9b834c9d89ca46
yellow_trip_hourly,Taxi,quantity,712,0.0961374480669,5,55119,b47e98e9fdb75d4274a18e3f8a5d8f463418a1d56a6db4db7d9b834c9d89ca46
yellow_trip_hourly,Taxi,quantity,713,0.0960467352456,5,55119,b47e98e9fdb75d4274a18e3f8a5d8f463418a1d56a6db4db7d9b834c9d89ca46
yellow_trip_hourly,Taxi,quantity,714,0.0959560224242,4,55119,b47e98e9fdb75d4274a18e3f8a5d8f463418a1d56a6db4db7d9b834c9d89ca46
yellow_trip_hourly,Taxi,quantity,715,0.0958834521671,4,55119,b47e98e9fdb75d4274a18e3f8a5d8f463418a1d56a6db4db7d9b834c9d89ca46
yellow_trip_hourly,Taxi,quantity,716,0.09581088191,9,55119,b47e98e9fdb75d4274a18e3f8a5d8f463418a1d56a6db4db7d9b834c9d89ca46
yellow_trip_hourly,Taxi,quantity,717,0.0956475988316,4,55119,b47e98e9fdb75d4274a18e3f8a5d8f463418a1d56a6db4db7d9b834c9d89ca46
yellow_trip_hourly,Taxi,quantity,718,0.0955750285745,6,55119,b47e98e9fdb75d4274a18e3f8a5d8f463418a1d56a6db4db7d9b834c9d89ca46
yellow_trip_hourly,Taxi,quantity,719,0.0954661731889,7,55119,b47e98e9fdb75d4274a18e3f8a5d8f463418a1d56a6db4db7d9b834c9d89ca46
yellow_trip_hourly,Taxi,quantity,720,0.095339175239,4,55119,b47e98e9fdb75d4274a18e3f8a5d8f463418a1d56a6db4db7d9b834c9d89ca46
yellow_trip_hourly,Taxi,quantity,721,0.0952666049819,3,55119,b47e98e9fdb75d4274a18e3f8a5d8f463418a1d56a6db4db7d9b834c9d89ca46
yellow_trip_hourly,Taxi,quantity,722,0.0952121772891,6,55119,b47e98e9fdb75d4274a18e3f8a5d8f463418a1d56a6db4db7d9b834c9d89ca46
yellow_trip_hourly,Taxi,quantity,723,0.0951033219035,4,55119,b47e98e9fdb75d4274a18e3f8a5d8f463418a1d56a6db4db7d9b834c9d89ca46
yellow_trip_hourly,Taxi,quantity,724,0.0950307516464,6,55119,b47e98e9fdb75d4274a18e3f8a5d8f463418a1d56a6db4db7d9b834c9d89ca46
yellow_trip_hourly,Taxi,quantity,725,0.0949218962608,4,55119,b47e98e9fdb75d4274a18e3f8a5d8f463418a1d56a6db4db7d9b834c9d89ca46
yellow_trip_hourly,Taxi,quantity,726,0.0948493260037,4,55119,b47e98e9fdb75d4274a18e3f8a5d8f463418a1d56a6db4db7d9b834c9d89ca46
yellow_trip_hourly,Taxi,quantity,727,0.0947767557467,5,55119,b47e98e9fdb75d4274a18e3f8a5d8f463418a1d56a6db4db7d9b834c9d89ca46
yellow_trip_hourly,Taxi,quantity,728,0.0946860429253,4,55119,b47e98e9fdb75d4274a18e3f8a5d8f463418a1d56a6db4db7d9b834c9d89ca46
yellow_trip_hourly,Taxi,quantity,729,0.0946134726682,3,55119,b47e98e9fdb75d4274a18e3f8a5d8f463418a1d56a6db4db7d9b834c9d89ca46
yellow_trip_hourly,Taxi,quantity,730,0.0945590449754,7,55119,b47e98e9fdb75d4274a18e3f8a5d8f463418a1d56a6db4db7d9b834c9d89ca46
yellow_trip_hourly,Taxi,quantity,731,0.0944320470255,8,55119,b47e98e9fdb75d4274a18e3f8a5d8f463418a1d56a6db4db7d9b834c9d89ca46
yellow_trip_hourly,Taxi,quantity,732,0.0942869065114,2,55119,b47e98e9fdb75d4274a18e3f8a5d8f463418a1d56a6db4db7d9b834c9d89ca46
yellow_trip_hourly,Taxi,quantity,733,0.0942506213828,4,55119,b47e98e9fdb75d4274a18e3f8a5d8f463418a1d56a6db4db7d9b834c9d89ca46
yellow_trip_hourly,Taxi,quantity,734,0.0941780511257,6,55119,b47e98e9fdb75d4274a18e3f8a5d8f463418a1d56a6db4db7d9b834c9d89ca46
yellow_trip_hourly,Taxi,quantity,735,0.0940691957401,5,55119,b47e98e9fdb75d4274a18e3f8a5d8f463418a1d56a6db4db7d9b834c9d89ca46
yellow_trip_hourly,Taxi,quantity,736,0.0939784829188,4,55119,b47e98e9fdb75d4274a18e3f8a5d8f463418a1d56a6db4db7d9b834c9d89ca46
yellow_trip_hourly,Taxi,quantity,737,0.0939059126617,3,55119,b47e98e9fdb75d4274a18e3f8a5d8f463418a1d56a6db4db7d9b834c9d89ca46
yellow_trip_hourly,Taxi,quantity,738,0.0938514849689,7,55119,b47e98e9fdb75d4274a18e3f8a5d8f463418a1d56a6db4db7d9b834c9d89ca46
yellow_trip_hourly,Taxi,quantity,739,0.093724487019,1,55119,b47e98e9fdb75d4274a18e3f8a5d8f463418a1d56a6db4db7d9b834c9d89ca46
yellow_trip_hourly,Taxi,quantity,740,0.0937063444547,5,55119,b47e98e9fdb75d4274a18e3f8a5d8f463418a1d56a6db4db7d9b834c9d89ca46
yellow_trip_hourly,Taxi,quantity,741,0.0936156316334,3,55119,b47e98e9fdb75d4274a18e3f8a5d8f463418a1d56a6db4db7d9b834c9d89ca46
yellow_trip_hourly,Taxi,quantity,742,0.0935612039406,5,55119,b47e98e9fdb75d4274a18e3f8a5d8f463418a1d56a6db4db7d9b834c9d89ca46
yellow_trip_hourly,Taxi,quantity,743,0.0934704911192,4,55119,b47e98e9fdb75d4274a18e3f8a5d8f463418a1d56a6db4db7d9b834c9d89ca46
yellow_trip_hourly,Taxi,quantity,744,0.0933979208621,6,55119,b47e98e9fdb75d4274a18e3f8a5d8f463418a1d56a6db4db7d9b834c9d89ca46
yellow_trip_hourly,Taxi,quantity,745,0.0932890654765,5,55119,b47e98e9fdb75d4274a18e3f8a5d8f463418a1d56a6db4db7d9b834c9d89ca46
yellow_trip_hourly,Taxi,quantity,746,0.0931983526552,4,55119,b47e98e9fdb75d4274a18e3f8a5d8f463418a1d56a6db4db7d9b834c9d89ca46
yellow_trip_hourly,Taxi,quantity,747,0.0931257823981,3,55119,b47e98e9fdb75d4274a18e3f8a5d8f463418a1d56a6db4db7d9b834c9d89ca46
yellow_trip_hourly,Taxi,quantity,748,0.0930713547053,2,55119,b47e98e9fdb75d4274a18e3f8a5d8f463418a1d56a6db4db7d9b834c9d89ca46
yellow_trip_hourly,Taxi,quantity,750,0.0930350695767,5,55119,b47e98e9fdb75d4274a18e3f8a5d8f463418a1d56a6db4db7d9b834c9d89ca46
yellow_trip_hourly,Taxi,quantity,751,0.0929443567554,6,55119,b47e98e9fdb75d4274a18e3f8a5d8f463418a1d56a6db4db7d9b834c9d89ca46
yellow_trip_hourly,Taxi,quantity,752,0.0928355013698,1,55119,b47e98e9fdb75d4274a18e3f8a5d8f463418a1d56a6db4db7d9b834c9d89ca46
yellow_trip_hourly,Taxi,quantity,753,0.0928173588055,3,55119,b47e98e9fdb75d4274a18e3f8a5d8f463418a1d56a6db4db7d9b834c9d89ca46
yellow_trip_hourly,Taxi,quantity,754,0.0927629311127,5,55119,b47e98e9fdb75d4274a18e3f8a5d8f463418a1d56a6db4db7d9b834c9d89ca46
yellow_trip_hourly,Taxi,quantity,755,0.0926722182913,3,55119,b47e98e9fdb75d4274a18e3f8a5d8f463418a1d56a6db4db7d9b834c9d89ca46
yellow_trip_hourly,Taxi,quantity,756,0.0926177905985,7,55119,b47e98e9fdb75d4274a18e3f8a5d8f463418a1d56a6db4db7d9b834c9d89ca46
yellow_trip_hourly,Taxi,quantity,757,0.0924907926486,5,55119,b47e98e9fdb75d4274a18e3f8a5d8f463418a1d56a6db4db7d9b834c9d89ca46
yellow_trip_hourly,Taxi,quantity,758,0.0924000798273,2,55119,b47e98e9fdb75d4274a18e3f8a5d8f463418a1d56a6db4db7d9b834c9d89ca46
yellow_trip_hourly,Taxi,quantity,759,0.0923637946987,3,55119,b47e98e9fdb75d4274a18e3f8a5d8f463418a1d56a6db4db7d9b834c9d89ca46
yellow_trip_hourly,Taxi,quantity,760,0.0923093670059,4,55119,b47e98e9fdb75d4274a18e3f8a5d8f463418a1d56a6db4db7d9b834c9d89ca46
yellow_trip_hourly,Taxi,quantity,761,0.0922367967489,3,55119,b47e98e9fdb75d4274a18e3f8a5d8f463418a1d56a6db4db7d9b834c9d89ca46
yellow_trip_hourly,Taxi,quantity,762,0.092182369056,1,55119,b47e98e9fdb75d4274a18e3f8a5d8f463418a1d56a6db4db7d9b834c9d89ca46
yellow_trip_hourly,Taxi,quantity,763,0.0921642264918,6,55119,b47e98e9fdb75d4274a18e3f8a5d8f463418a1d56a6db4db7d9b834c9d89ca46
yellow_trip_hourly,Taxi,quantity,764,0.0920553711062,4,55119,b47e98e9fdb75d4274a18e3f8a5d8f463418a1d56a6db4db7d9b834c9d89ca46
yellow_trip_hourly,Taxi,quantity,765,0.0919828008491,8,55119,b47e98e9fdb75d4274a18e3f8a5d8f463418a1d56a6db4db7d9b834c9d89ca46
yellow_trip_hourly,Taxi,quantity,766,0.0918376603349,3,55119,b47e98e9fdb75d4274a18e3f8a5d8f463418a1d56a6db4db7d9b834c9d89ca46
yellow_trip_hourly,Taxi,quantity,767,0.0917832326421,3,55119,b47e98e9fdb75d4274a18e3f8a5d8f463418a1d56a6db4db7d9b834c9d89ca46
yellow_trip_hourly,Taxi,quantity,768,0.0917288049493,4,55119,b47e98e9fdb75d4274a18e3f8a5d8f463418a1d56a6db4db7d9b834c9d89ca46
yellow_trip_hourly,Taxi,quantity,769,0.0916562346922,8,55119,b47e98e9fdb75d4274a18e3f8a5d8f463418a1d56a6db4db7d9b834c9d89ca46
yellow_trip_hourly,Taxi,quantity,770,0.0915110941781,2,55119,b47e98e9fdb75d4274a18e3f8a5d8f463418a1d56a6db4db7d9b834c9d89ca46
yellow_trip_hourly,Taxi,quantity,771,0.0914748090495,4,55119,b47e98e9fdb75d4274a18e3f8a5d8f463418a1d56a6db4db7d9b834c9d89ca46
yellow_trip_hourly,Taxi,quantity,772,0.0914022387924,4,55119,b47e98e9fdb75d4274a18e3f8a5d8f463418a1d56a6db4db7d9b834c9d89ca46
yellow_trip_hourly,Taxi,quantity,773,0.0913296685354,5,55119,b47e98e9fdb75d4274a18e3f8a5d8f463418a1d56a6db4db7d9b834c9d89ca46
yellow_trip_hourly,Taxi,quantity,774,0.091238955714,3,55119,b47e98e9fdb75d4274a18e3f8a5d8f463418a1d56a6db4db7d9b834c9d89ca46
yellow_trip_hourly,Taxi,quantity,775,0.0911845280212,3,55119,b47e98e9fdb75d4274a18e3f8a5d8f463418a1d56a6db4db7d9b834c9d89ca46
yellow_trip_hourly,Taxi,quantity,776,0.0911301003284,5,55119,b47e98e9fdb75d4274a18e3f8a5d8f463418a1d56a6db4db7d9b834c9d89ca46
yellow_trip_hourly,Taxi,quantity,777,0.091039387507,8,55119,b47e98e9fdb75d4274a18e3f8a5d8f463418a1d56a6db4db7d9b834c9d89ca46
yellow_trip_hourly,Taxi,quantity,778,0.0908942469929,2,55119,b47e98e9fdb75d4274a18e3f8a5d8f463418a1d56a6db4db7d9b834c9d89ca46
yellow_trip_hourly,Taxi,quantity,779,0.0908579618643,3,55119,b47e98e9fdb75d4274a18e3f8a5d8f463418a1d56a6db4db7d9b834c9d89ca46
yellow_trip_hourly,Taxi,quantity,780,0.0908035341715,7,55119,b47e98e9fdb75d4274a18e3f8a5d8f463418a1d56a6db4db7d9b834c9d89ca46
yellow_trip_hourly,Taxi,quantity,781,0.0906765362216,5,55119,b47e98e9fdb75d4274a18e3f8a5d8f463418a1d56a6db4db7d9b834c9d89ca46
yellow_trip_hourly,Taxi,quantity,782,0.0905858234003,4,55119,b47e98e9fdb75d4274a18e3f8a5d8f463418a1d56a6db4db7d9b834c9d89ca46
yellow_trip_hourly,Taxi,quantity,783,0.0905132531432,4,55119,b47e98e9fdb75d4274a18e3f8a5d8f463418a1d56a6db4db7d9b834c9d89ca46
yellow_trip_hourly,Taxi,quantity,784,0.0904406828861,8,55119,b47e98e9fdb75d4274a18e3f8a5d8f463418a1d56a6db4db7d9b834c9d89ca46
yellow_trip_hourly,Taxi,quantity,785,0.090295542372,5,55119,b47e98e9fdb75d4274a18e3f8a5d8f463418a1d56a6db4db7d9b834c9d89ca46
yellow_trip_hourly,Taxi,quantity,786,0.0902048295506,6,55119,b47e98e9fdb75d4274a18e3f8a5d8f463418a1d56a6db4db7d9b834c9d89ca46
yellow_trip_hourly,Taxi,quantity,787,0.090095974165,2,55119,b47e98e9fdb75d4274a18e3f8a5d8f463418a1d56a6db4db7d9b834c9d89ca46
yellow_trip_hourly,Taxi,quantity,788,0.0900596890364,3,55119,b47e98e9fdb75d4274a18e3f8a5d8f463418a1d56a6db4db7d9b834c9d89ca46
yellow_trip_hourly,Taxi,quantity,789,0.0900052613436,2,55119,b47e98e9fdb75d4274a18e3f8a5d8f463418a1d56a6db4db7d9b834c9d89ca46
yellow_trip_hourly,Taxi,quantity,790,0.0899689762151,6,55119,b47e98e9fdb75d4274a18e3f8a5d8f463418a1d56a6db4db7d9b834c9d89ca46
yellow_trip_hourly,Taxi,quantity,791,0.0898601208295,1,55119,b47e98e9fdb75d4274a18e3f8a5d8f463418a1d56a6db4db7d9b834c9d89ca46
yellow_trip_hourly,Taxi,quantity,792,0.0898419782652,9,55119,b47e98e9fdb75d4274a18e3f8a5d8f463418a1d56a6db4db7d9b834c9d89ca46
yellow_trip_hourly,Taxi,quantity,793,0.0896786951868,3,55119,b47e98e9fdb75d4274a18e3f8a5d8f463418a1d56a6db4db7d9b834c9d89ca46
yellow_trip_hourly,Taxi,quantity,794,0.089624267494,3,55119,b47e98e9fdb75d4274a18e3f8a5d8f463418a1d56a6db4db7d9b834c9d89ca46
yellow_trip_hourly,Taxi,quantity,795,0.0895698398012,5,55119,b47e98e9fdb75d4274a18e3f8a5d8f463418a1d56a6db4db7d9b834c9d89ca46
yellow_trip_hourly,Taxi,quantity,796,0.0894791269798,3,55119,b47e98e9fdb75d4274a18e3f8a5d8f463418a1d56a6db4db7d9b834c9d89ca46
yellow_trip_hourly,Taxi,quantity,797,0.089424699287,6,55119,b47e98e9fdb75d4274a18e3f8a5d8f463418a1d56a6db4db7d9b834c9d89ca46
yellow_trip_hourly,Taxi,quantity,798,0.0893158439014,2,55119,b47e98e9fdb75d4274a18e3f8a5d8f463418a1d56a6db4db7d9b834c9d89ca46
yellow_trip_hourly,Taxi,quantity,799,0.0892795587728,6,55119,b47e98e9fdb75d4274a18e3f8a5d8f463418a1d56a6db4db7d9b834c9d89ca46
yellow_trip_hourly,Taxi,quantity,800,0.0891707033872,1,55119,b47e98e9fdb75d4274a18e3f8a5d8f463418a1d56a6db4db7d9b834c9d89ca46
yellow_trip_hourly,Taxi,quantity,801,0.0891525608229,3,55119,b47e98e9fdb75d4274a18e3f8a5d8f463418a1d56a6db4db7d9b834c9d89ca46
yellow_trip_hourly,Taxi,quantity,802,0.0890981331301,5,55119,b47e98e9fdb75d4274a18e3f8a5d8f463418a1d56a6db4db7d9b834c9d89ca46
yellow_trip_hourly,Taxi,quantity,803,0.0890074203088,2,55119,b47e98e9fdb75d4274a18e3f8a5d8f463418a1d56a6db4db7d9b834c9d89ca46
yellow_trip_hourly,Taxi,quantity,804,0.0889711351802,2,55119,b47e98e9fdb75d4274a18e3f8a5d8f463418a1d56a6db4db7d9b834c9d89ca46
yellow_trip_hourly,Taxi,quantity,805,0.0889348500517,6,55119,b47e98e9fdb75d4274a18e3f8a5d8f463418a1d56a6db4db7d9b834c9d89ca46
yellow_trip_hourly,Taxi,quantity,806,0.0888259946661,3,55119,b47e98e9fdb75d4274a18e3f8a5d8f463418a1d56a6db4db7d9b834c9d89ca46
yellow_trip_hourly,Taxi,quantity,807,0.0887715669733,6,55119,b47e98e9fdb75d4274a18e3f8a5d8f463418a1d56a6db4db7d9b834c9d89ca46
yellow_trip_hourly,Taxi,quantity,808,0.0886627115877,5,55119,b47e98e9fdb75d4274a18e3f8a5d8f463418a1d56a6db4db7d9b834c9d89ca46
yellow_trip_hourly,Taxi,quantity,809,0.0885719987663,5,55119,b47e98e9fdb75d4274a18e3f8a5d8f463418a1d56a6db4db7d9b834c9d89ca46
yellow_trip_hourly,Taxi,quantity,810,0.088481285945,6,55119,b47e98e9fdb75d4274a18e3f8a5d8f463418a1d56a6db4db7d9b834c9d89ca46
yellow_trip_hourly,Taxi,quantity,811,0.0883724305593,9,55119,b47e98e9fdb75d4274a18e3f8a5d8f463418a1d56a6db4db7d9b834c9d89ca46
yellow_trip_hourly,Taxi,quantity,812,0.0882091474809,10,55119,b47e98e9fdb75d4274a18e3f8a5d8f463418a1d56a6db4db7d9b834c9d89ca46
yellow_trip_hourly,Taxi,quantity,813,0.0880277218382,3,55119,b47e98e9fdb75d4274a18e3f8a5d8f463418a1d56a6db4db7d9b834c9d89ca46
yellow_trip_hourly,Taxi,quantity,814,0.0879732941454,6,55119,b47e98e9fdb75d4274a18e3f8a5d8f463418a1d56a6db4db7d9b834c9d89ca46
yellow_trip_hourly,Taxi,quantity,815,0.0878644387598,5,55119,b47e98e9fdb75d4274a18e3f8a5d8f463418a1d56a6db4db7d9b834c9d89ca46
yellow_trip_hourly,Taxi,quantity,816,0.0877737259384,5,55119,b47e98e9fdb75d4274a18e3f8a5d8f463418a1d56a6db4db7d9b834c9d89ca46
yellow_trip_hourly,Taxi,quantity,817,0.0876830131171,4,55119,b47e98e9fdb75d4274a18e3f8a5d8f463418a1d56a6db4db7d9b834c9d89ca46
yellow_trip_hourly,Taxi,quantity,818,0.08761044286,4,55119,b47e98e9fdb75d4274a18e3f8a5d8f463418a1d56a6db4db7d9b834c9d89ca46
yellow_trip_hourly,Taxi,quantity,819,0.0875378726029,4,55119,b47e98e9fdb75d4274a18e3f8a5d8f463418a1d56a6db4db7d9b834c9d89ca46
yellow_trip_hourly,Taxi,quantity,820,0.0874653023458,3,55119,b47e98e9fdb75d4274a18e3f8a5d8f463418a1d56a6db4db7d9b834c9d89ca46
yellow_trip_hourly,Taxi,quantity,821,0.087410874653,1,55119,b47e98e9fdb75d4274a18e3f8a5d8f463418a1d56a6db4db7d9b834c9d89ca46
yellow_trip_hourly,Taxi,quantity,822,0.0873927320888,5,55119,b47e98e9fdb75d4274a18e3f8a5d8f463418a1d56a6db4db7d9b834c9d89ca46
yellow_trip_hourly,Taxi,quantity,823,0.0873020192674,6,55119,b47e98e9fdb75d4274a18e3f8a5d8f463418a1d56a6db4db7d9b834c9d89ca46
yellow_trip_hourly,Taxi,quantity,824,0.0871931638818,5,55119,b47e98e9fdb75d4274a18e3f8a5d8f463418a1d56a6db4db7d9b834c9d89ca46
yellow_trip_hourly,Taxi,quantity,825,0.0871024510604,4,55119,b47e98e9fdb75d4274a18e3f8a5d8f463418a1d56a6db4db7d9b834c9d89ca46
yellow_trip_hourly,Taxi,quantity,826,0.0870298808034,3,55119,b47e98e9fdb75d4274a18e3f8a5d8f463418a1d56a6db4db7d9b834c9d89ca46
yellow_trip_hourly,Taxi,quantity,827,0.0869754531105,5,55119,b47e98e9fdb75d4274a18e3f8a5d8f463418a1d56a6db4db7d9b834c9d89ca46
yellow_trip_hourly,Taxi,quantity,828,0.0868847402892,3,55119,b47e98e9fdb75d4274a18e3f8a5d8f463418a1d56a6db4db7d9b834c9d89ca46
yellow_trip_hourly,Taxi,quantity,829,0.0868303125964,7,55119,b47e98e9fdb75d4274a18e3f8a5d8f463418a1d56a6db4db7d9b834c9d89ca46
yellow_trip_hourly,Taxi,quantity,830,0.0867033146465,6,55119,b47e98e9fdb75d4274a18e3f8a5d8f463418a1d56a6db4db7d9b834c9d89ca46
yellow_trip_hourly,Taxi,quantity,831,0.0865944592609,8,55119,b47e98e9fdb75d4274a18e3f8a5d8f463418a1d56a6db4db7d9b834c9d89ca46
yellow_trip_hourly,Taxi,quantity,832,0.0864493187467,6,55119,b47e98e9fdb75d4274a18e3f8a5d8f463418a1d56a6db4db7d9b834c9d89ca46
yellow_trip_hourly,Taxi,quantity,833,0.0863404633611,5,55119,b47e98e9fdb75d4274a18e3f8a5d8f463418a1d56a6db4db7d9b834c9d89ca46
yellow_trip_hourly,Taxi,quantity,834,0.0862497505397,5,55119,b47e98e9fdb75d4274a18e3f8a5d8f463418a1d56a6db4db7d9b834c9d89ca46
yellow_trip_hourly,Taxi,quantity,835,0.0861590377184,6,55119,b47e98e9fdb75d4274a18e3f8a5d8f463418a1d56a6db4db7d9b834c9d89ca46
yellow_trip_hourly,Taxi,quantity,836,0.0860501823328,6,55119,b47e98e9fdb75d4274a18e3f8a5d8f463418a1d56a6db4db7d9b834c9d89ca46
yellow_trip_hourly,Taxi,quantity,837,0.0859413269472,3,55119,b47e98e9fdb75d4274a18e3f8a5d8f463418a1d56a6db4db7d9b834c9d89ca46
yellow_trip_hourly,Taxi,quantity,838,0.0858868992543,11,55119,b47e98e9fdb75d4274a18e3f8a5d8f463418a1d56a6db4db7d9b834c9d89ca46
yellow_trip_hourly,Taxi,quantity,839,0.0856873310474,4,55119,b47e98e9fdb75d4274a18e3f8a5d8f463418a1d56a6db4db7d9b834c9d89ca46
yellow_trip_hourly,Taxi,quantity,840,0.0856147607903,7,55119,b47e98e9fdb75d4274a18e3f8a5d8f463418a1d56a6db4db7d9b834c9d89ca46
yellow_trip_hourly,Taxi,quantity,841,0.0854877628404,3,55119,b47e98e9fdb75d4274a18e3f8a5d8f463418a1d56a6db4db7d9b834c9d89ca46
yellow_trip_hourly,Taxi,quantity,842,0.0854333351476,5,55119,b47e98e9fdb75d4274a18e3f8a5d8f463418a1d56a6db4db7d9b834c9d89ca46
yellow_trip_hourly,Taxi,quantity,843,0.0853426223262,4,55119,b47e98e9fdb75d4274a18e3f8a5d8f463418a1d56a6db4db7d9b834c9d89ca46
yellow_trip_hourly,Taxi,quantity,844,0.0852700520692,7,55119,b47e98e9fdb75d4274a18e3f8a5d8f463418a1d56a6db4db7d9b834c9d89ca46
yellow_trip_hourly,Taxi,quantity,845,0.0851430541193,7,55119,b47e98e9fdb75d4274a18e3f8a5d8f463418a1d56a6db4db7d9b834c9d89ca46
yellow_trip_hourly,Taxi,quantity,846,0.0850160561694,2,55119,b47e98e9fdb75d4274a18e3f8a5d8f463418a1d56a6db4db7d9b834c9d89ca46
yellow_trip_hourly,Taxi,quantity,847,0.0849797710408,3,55119,b47e98e9fdb75d4274a18e3f8a5d8f463418a1d56a6db4db7d9b834c9d89ca46
yellow_trip_hourly,Taxi,quantity,848,0.084925343348,4,55119,b47e98e9fdb75d4274a18e3f8a5d8f463418a1d56a6db4db7d9b834c9d89ca46
yellow_trip_hourly,Taxi,quantity,849,0.0848527730909,7,55119,b47e98e9fdb75d4274a18e3f8a5d8f463418a1d56a6db4db7d9b834c9d89ca46
yellow_trip_hourly,Taxi,quantity,850,0.0847257751411,3,55119,b47e98e9fdb75d4274a18e3f8a5d8f463418a1d56a6db4db7d9b834c9d89ca46
yellow_trip_hourly,Taxi,quantity,851,0.0846713474482,4,55119,b47e98e9fdb75d4274a18e3f8a5d8f463418a1d56a6db4db7d9b834c9d89ca46
yellow_trip_hourly,Taxi,quantity,852,0.0845987771912,5,55119,b47e98e9fdb75d4274a18e3f8a5d8f463418a1d56a6db4db7d9b834c9d89ca46
yellow_trip_hourly,Taxi,quantity,853,0.0845080643698,3,55119,b47e98e9fdb75d4274a18e3f8a5d8f463418a1d56a6db4db7d9b834c9d89ca46
yellow_trip_hourly,Taxi,quantity,854,0.084453636677,2,55119,b47e98e9fdb75d4274a18e3f8a5d8f463418a1d56a6db4db7d9b834c9d89ca46
yellow_trip_hourly,Taxi,quantity,855,0.0844173515485,4,55119,b47e98e9fdb75d4274a18e3f8a5d8f463418a1d56a6db4db7d9b834c9d89ca46
yellow_trip_hourly,Taxi,quantity,856,0.0843447812914,1,55119,b47e98e9fdb75d4274a18e3f8a5d8f463418a1d56a6db4db7d9b834c9d89ca46
yellow_trip_hourly,Taxi,quantity,857,0.0843266387271,6,55119,b47e98e9fdb75d4274a18e3f8a5d8f463418a1d56a6db4db7d9b834c9d89ca46
yellow_trip_hourly,Taxi,quantity,858,0.0842177833415,4,55119,b47e98e9fdb75d4274a18e3f8a5d8f463418a1d56a6db4db7d9b834c9d89ca46
yellow_trip_hourly,Taxi,quantity,859,0.0841452130844,7,55119,b47e98e9fdb75d4274a18e3f8a5d8f463418a1d56a6db4db7d9b834c9d89ca46
yellow_trip_hourly,Taxi,quantity,860,0.0840182151345,5,55119,b47e98e9fdb75d4274a18e3f8a5d8f463418a1d56a6db4db7d9b834c9d89ca46
yellow_trip_hourly,Taxi,quantity,861,0.0839275023132,5,55119,b47e98e9fdb75d4274a18e3f8a5d8f463418a1d56a6db4db7d9b834c9d89ca46
yellow_trip_hourly,Taxi,quantity,862,0.0838367894918,2,55119,b47e98e9fdb75d4274a18e3f8a5d8f463418a1d56a6db4db7d9b834c9d89ca46
yellow_trip_hourly,Taxi,quantity,863,0.0838005043633,4,55119,b47e98e9fdb75d4274a18e3f8a5d8f463418a1d56a6db4db7d9b834c9d89ca46
yellow_trip_hourly,Taxi,quantity,864,0.0837279341062,4,55119,b47e98e9fdb75d4274a18e3f8a5d8f463418a1d56a6db4db7d9b834c9d89ca46
yellow_trip_hourly,Taxi,quantity,865,0.0836553638491,3,55119,b47e98e9fdb75d4274a18e3f8a5d8f463418a1d56a6db4db7d9b834c9d89ca46
yellow_trip_hourly,Taxi,quantity,866,0.0836009361563,3,55119,b47e98e9fdb75d4274a18e3f8a5d8f463418a1d56a6db4db7d9b834c9d89ca46
yellow_trip_hourly,Taxi,quantity,867,0.0835465084635,6,55119,b47e98e9fdb75d4274a18e3f8a5d8f463418a1d56a6db4db7d9b834c9d89ca46
yellow_trip_hourly,Taxi,quantity,868,0.0834376530779,4,55119,b47e98e9fdb75d4274a18e3f8a5d8f463418a1d56a6db4db7d9b834c9d89ca46
yellow_trip_hourly,Taxi,quantity,869,0.0833650828208,4,55119,b47e98e9fdb75d4274a18e3f8a5d8f463418a1d56a6db4db7d9b834c9d89ca46
yellow_trip_hourly,Taxi,quantity,870,0.0832925125637,1,55119,b47e98e9fdb75d4274a18e3f8a5d8f463418a1d56a6db4db7d9b834c9d89ca46
yellow_trip_hourly,Taxi,quantity,871,0.0832743699995,6,55119,b47e98e9fdb75d4274a18e3f8a5d8f463418a1d56a6db4db7d9b834c9d89ca46
yellow_trip_hourly,Taxi,quantity,872,0.0831655146138,4,55119,b47e98e9fdb75d4274a18e3f8a5d8f463418a1d56a6db4db7d9b834c9d89ca46
yellow_trip_hourly,Taxi,quantity,873,0.0830929443568,6,55119,b47e98e9fdb75d4274a18e3f8a5d8f463418a1d56a6db4db7d9b834c9d89ca46
yellow_trip_hourly,Taxi,quantity,874,0.0829840889711,5,55119,b47e98e9fdb75d4274a18e3f8a5d8f463418a1d56a6db4db7d9b834c9d89ca46
yellow_trip_hourly,Taxi,quantity,875,0.0828933761498,6,55119,b47e98e9fdb75d4274a18e3f8a5d8f463418a1d56a6db4db7d9b834c9d89ca46
yellow_trip_hourly,Taxi,quantity,876,0.0827845207642,5,55119,b47e98e9fdb75d4274a18e3f8a5d8f463418a1d56a6db4db7d9b834c9d89ca46
yellow_trip_hourly,Taxi,quantity,877,0.0826938079428,6,55119,b47e98e9fdb75d4274a18e3f8a5d8f463418a1d56a6db4db7d9b834c9d89ca46
yellow_trip_hourly,Taxi,quantity,878,0.0825849525572,3,55119,b47e98e9fdb75d4274a18e3f8a5d8f463418a1d56a6db4db7d9b834c9d89ca46
yellow_trip_hourly,Taxi,quantity,879,0.0825305248644,6,55119,b47e98e9fdb75d4274a18e3f8a5d8f463418a1d56a6db4db7d9b834c9d89ca46
yellow_trip_hourly,Taxi,quantity,880,0.0824216694788,5,55119,b47e98e9fdb75d4274a18e3f8a5d8f463418a1d56a6db4db7d9b834c9d89ca46
yellow_trip_hourly,Taxi,quantity,881,0.0823309566574,9,55119,b47e98e9fdb75d4274a18e3f8a5d8f463418a1d56a6db4db7d9b834c9d89ca46
yellow_trip_hourly,Taxi,quantity,882,0.082167673579,6,55119,b47e98e9fdb75d4274a18e3f8a5d8f463418a1d56a6db4db7d9b834c9d89ca46
yellow_trip_hourly,Taxi,quantity,883,0.0820588181934,1,55119,b47e98e9fdb75d4274a18e3f8a5d8f463418a1d56a6db4db7d9b834c9d89ca46
yellow_trip_hourly,Taxi,quantity,884,0.0820406756291,2,55119,b47e98e9fdb75d4274a18e3f8a5d8f463418a1d56a6db4db7d9b834c9d89ca46
yellow_trip_hourly,Taxi,quantity,885,0.0820043905006,6,55119,b47e98e9fdb75d4274a18e3f8a5d8f463418a1d56a6db4db7d9b834c9d89ca46
yellow_trip_hourly,Taxi,quantity,886,0.0818955351149,5,55119,b47e98e9fdb75d4274a18e3f8a5d8f463418a1d56a6db4db7d9b834c9d89ca46
yellow_trip_hourly,Taxi,quantity,887,0.0818048222936,3,55119,b47e98e9fdb75d4274a18e3f8a5d8f463418a1d56a6db4db7d9b834c9d89ca46
yellow_trip_hourly,Taxi,quantity,888,0.0817503946008,6,55119,b47e98e9fdb75d4274a18e3f8a5d8f463418a1d56a6db4db7d9b834c9d89ca46
yellow_trip_hourly,Taxi,quantity,889,0.0816415392152,2,55119,b47e98e9fdb75d4274a18e3f8a5d8f463418a1d56a6db4db7d9b834c9d89ca46
yellow_trip_hourly,Taxi,quantity,890,0.0816052540866,4,55119,b47e98e9fdb75d4274a18e3f8a5d8f463418a1d56a6db4db7d9b834c9d89ca46
yellow_trip_hourly,Taxi,quantity,891,0.0815326838295,4,55119,b47e98e9fdb75d4274a18e3f8a5d8f463418a1d56a6db4db7d9b834c9d89ca46
yellow_trip_hourly,Taxi,quantity,892,0.0814601135725,7,55119,b47e98e9fdb75d4274a18e3f8a5d8f463418a1d56a6db4db7d9b834c9d89ca46
yellow_trip_hourly,Taxi,quantity,893,0.0813331156226,4,55119,b47e98e9fdb75d4274a18e3f8a5d8f463418a1d56a6db4db7d9b834c9d89ca46
yellow_trip_hourly,Taxi,quantity,894,0.0812605453655,7,55119,b47e98e9fdb75d4274a18e3f8a5d8f463418a1d56a6db4db7d9b834c9d89ca46
yellow_trip_hourly,Taxi,quantity,895,0.0811335474156,5,55119,b47e98e9fdb75d4274a18e3f8a5d8f463418a1d56a6db4db7d9b834c9d89ca46
yellow_trip_hourly,Taxi,quantity,896,0.0810428345942,3,55119,b47e98e9fdb75d4274a18e3f8a5d8f463418a1d56a6db4db7d9b834c9d89ca46
yellow_trip_hourly,Taxi,quantity,897,0.0809884069014,2,55119,b47e98e9fdb75d4274a18e3f8a5d8f463418a1d56a6db4db7d9b834c9d89ca46
yellow_trip_hourly,Taxi,quantity,898,0.0809521217729,5,55119,b47e98e9fdb75d4274a18e3f8a5d8f463418a1d56a6db4db7d9b834c9d89ca46
yellow_trip_hourly,Taxi,quantity,899,0.0808614089515,3,55119,b47e98e9fdb75d4274a18e3f8a5d8f463418a1d56a6db4db7d9b834c9d89ca46
yellow_trip_hourly,Taxi,quantity,900,0.0808069812587,1,55119,b47e98e9fdb75d4274a18e3f8a5d8f463418a1d56a6db4db7d9b834c9d89ca46
yellow_trip_hourly,Taxi,quantity,901,0.0807888386945,6,55119,b47e98e9fdb75d4274a18e3f8a5d8f463418a1d56a6db4db7d9b834c9d89ca46
yellow_trip_hourly,Taxi,quantity,902,0.0806799833088,3,55119,b47e98e9fdb75d4274a18e3f8a5d8f463418a1d56a6db4db7d9b834c9d89ca46
yellow_trip_hourly,Taxi,quantity,903,0.080625555616,3,55119,b47e98e9fdb75d4274a18e3f8a5d8f463418a1d56a6db4db7d9b834c9d89ca46
yellow_trip_hourly,Taxi,quantity,904,0.0805711279232,2,55119,b47e98e9fdb75d4274a18e3f8a5d8f463418a1d56a6db4db7d9b834c9d89ca46
yellow_trip_hourly,Taxi,quantity,906,0.0805348427947,3,55119,b47e98e9fdb75d4274a18e3f8a5d8f463418a1d56a6db4db7d9b834c9d89ca46
yellow_trip_hourly,Taxi,quantity,907,0.0804804151019,2,55119,b47e98e9fdb75d4274a18e3f8a5d8f463418a1d56a6db4db7d9b834c9d89ca46
yellow_trip_hourly,Taxi,quantity,908,0.0804441299733,4,55119,b47e98e9fdb75d4274a18e3f8a5d8f463418a1d56a6db4db7d9b834c9d89ca46
yellow_trip_hourly,Taxi,quantity,909,0.0803715597163,7,55119,b47e98e9fdb75d4274a18e3f8a5d8f463418a1d56a6db4db7d9b834c9d89ca46
yellow_trip_hourly,Taxi,quantity,910,0.0802445617664,2,55119,b47e98e9fdb75d4274a18e3f8a5d8f463418a1d56a6db4db7d9b834c9d89ca46
yellow_trip_hourly,Taxi,quantity,911,0.0802082766378,3,55119,b47e98e9fdb75d4274a18e3f8a5d8f463418a1d56a6db4db7d9b834c9d89ca46
yellow_trip_hourly,Taxi,quantity,912,0.080153848945,2,55119,b47e98e9fdb75d4274a18e3f8a5d8f463418a1d56a6db4db7d9b834c9d89ca46
yellow_trip_hourly,Taxi,quantity,913,0.0801175638165,4,55119,b47e98e9fdb75d4274a18e3f8a5d8f463418a1d56a6db4db7d9b834c9d89ca46
yellow_trip_hourly,Taxi,quantity,914,0.0800449935594,6,55119,b47e98e9fdb75d4274a18e3f8a5d8f463418a1d56a6db4db7d9b834c9d89ca46
yellow_trip_hourly,Taxi,quantity,915,0.0799361381738,6,55119,b47e98e9fdb75d4274a18e3f8a5d8f463418a1d56a6db4db7d9b834c9d89ca46
yellow_trip_hourly,Taxi,quantity,916,0.0798272827881,9,55119,b47e98e9fdb75d4274a18e3f8a5d8f463418a1d56a6db4db7d9b834c9d89ca46
yellow_trip_hourly,Taxi,quantity,917,0.0796639997097,2,55119,b47e98e9fdb75d4274a18e3f8a5d8f463418a1d56a6db4db7d9b834c9d89ca46
yellow_trip_hourly,Taxi,quantity,918,0.0796277145812,4,55119,b47e98e9fdb75d4274a18e3f8a5d8f463418a1d56a6db4db7d9b834c9d89ca46
yellow_trip_hourly,Taxi,quantity,919,0.0795551443241,5,55119,b47e98e9fdb75d4274a18e3f8a5d8f463418a1d56a6db4db7d9b834c9d89ca46
yellow_trip_hourly,Taxi,quantity,920,0.0794644315027,2,55119,b47e98e9fdb75d4274a18e3f8a5d8f463418a1d56a6db4db7d9b834c9d89ca46
yellow_trip_hourly,Taxi,quantity,921,0.0794281463742,4,55119,b47e98e9fdb75d4274a18e3f8a5d8f463418a1d56a6db4db7d9b834c9d89ca46
yellow_trip_hourly,Taxi,quantity,922,0.0793555761171,4,55119,b47e98e9fdb75d4274a18e3f8a5d8f463418a1d56a6db4db7d9b834c9d89ca46
yellow_trip_hourly,Taxi,quantity,923,0.07928300586,3,55119,b47e98e9fdb75d4274a18e3f8a5d8f463418a1d56a6db4db7d9b834c9d89ca46
yellow_trip_hourly,Taxi,quantity,924,0.0792285781672,4,55119,b47e98e9fdb75d4274a18e3f8a5d8f463418a1d56a6db4db7d9b834c9d89ca46
yellow_trip_hourly,Taxi,quantity,925,0.0791560079102,1,55119,b47e98e9fdb75d4274a18e3f8a5d8f463418a1d56a6db4db7d9b834c9d89ca46
yellow_trip_hourly,Taxi,quantity,926,0.0791378653459,5,55119,b47e98e9fdb75d4274a18e3f8a5d8f463418a1d56a6db4db7d9b834c9d89ca46
yellow_trip_hourly,Taxi,quantity,927,0.0790471525245,5,55119,b47e98e9fdb75d4274a18e3f8a5d8f463418a1d56a6db4db7d9b834c9d89ca46
yellow_trip_hourly,Taxi,quantity,928,0.0789564397032,7,55119,b47e98e9fdb75d4274a18e3f8a5d8f463418a1d56a6db4db7d9b834c9d89ca46
yellow_trip_hourly,Taxi,quantity,929,0.0788294417533,3,55119,b47e98e9fdb75d4274a18e3f8a5d8f463418a1d56a6db4db7d9b834c9d89ca46
yellow_trip_hourly,Taxi,quantity,930,0.0787750140605,7,55119,b47e98e9fdb75d4274a18e3f8a5d8f463418a1d56a6db4db7d9b834c9d89ca46
yellow_trip_hourly,Taxi,quantity,931,0.0786480161106,4,55119,b47e98e9fdb75d4274a18e3f8a5d8f463418a1d56a6db4db7d9b834c9d89ca46
yellow_trip_hourly,Taxi,quantity,932,0.0785754458535,3,55119,b47e98e9fdb75d4274a18e3f8a5d8f463418a1d56a6db4db7d9b834c9d89ca46
yellow_trip_hourly,Taxi,quantity,933,0.0785210181607,2,55119,b47e98e9fdb75d4274a18e3f8a5d8f463418a1d56a6db4db7d9b834c9d89ca46
yellow_trip_hourly,Taxi,quantity,934,0.0784847330322,6,55119,b47e98e9fdb75d4274a18e3f8a5d8f463418a1d56a6db4db7d9b834c9d89ca46
yellow_trip_hourly,Taxi,quantity,935,0.0783758776465,2,55119,b47e98e9fdb75d4274a18e3f8a5d8f463418a1d56a6db4db7d9b834c9d89ca46
yellow_trip_hourly,Taxi,quantity,936,0.078339592518,3,55119,b47e98e9fdb75d4274a18e3f8a5d8f463418a1d56a6db4db7d9b834c9d89ca46
yellow_trip_hourly,Taxi,quantity,937,0.0782851648252,5,55119,b47e98e9fdb75d4274a18e3f8a5d8f463418a1d56a6db4db7d9b834c9d89ca46
yellow_trip_hourly,Taxi,quantity,938,0.0781944520038,2,55119,b47e98e9fdb75d4274a18e3f8a5d8f463418a1d56a6db4db7d9b834c9d89ca46
yellow_trip_hourly,Taxi,quantity,939,0.0781581668753,3,55119,b47e98e9fdb75d4274a18e3f8a5d8f463418a1d56a6db4db7d9b834c9d89ca46
yellow_trip_hourly,Taxi,quantity,940,0.0781037391825,2,55119,b47e98e9fdb75d4274a18e3f8a5d8f463418a1d56a6db4db7d9b834c9d89ca46
yellow_trip_hourly,Taxi,quantity,941,0.078067454054,8,55119,b47e98e9fdb75d4274a18e3f8a5d8f463418a1d56a6db4db7d9b834c9d89ca46
yellow_trip_hourly,Taxi,quantity,942,0.0779223135398,3,55119,b47e98e9fdb75d4274a18e3f8a5d8f463418a1d56a6db4db7d9b834c9d89ca46
yellow_trip_hourly,Taxi,quantity,943,0.077867885847,7,55119,b47e98e9fdb75d4274a18e3f8a5d8f463418a1d56a6db4db7d9b834c9d89ca46
yellow_trip_hourly,Taxi,quantity,944,0.0777408878971,3,55119,b47e98e9fdb75d4274a18e3f8a5d8f463418a1d56a6db4db7d9b834c9d89ca46
yellow_trip_hourly,Taxi,quantity,945,0.0776864602043,5,55119,b47e98e9fdb75d4274a18e3f8a5d8f463418a1d56a6db4db7d9b834c9d89ca46
yellow_trip_hourly,Taxi,quantity,946,0.0775957473829,9,55119,b47e98e9fdb75d4274a18e3f8a5d8f463418a1d56a6db4db7d9b834c9d89ca46
yellow_trip_hourly,Taxi,quantity,947,0.0774324643045,6,55119,b47e98e9fdb75d4274a18e3f8a5d8f463418a1d56a6db4db7d9b834c9d89ca46
yellow_trip_hourly,Taxi,quantity,948,0.0773236089189,6,55119,b47e98e9fdb75d4274a18e3f8a5d8f463418a1d56a6db4db7d9b834c9d89ca46
yellow_trip_hourly,Taxi,quantity,949,0.0772147535333,8,55119,b47e98e9fdb75d4274a18e3f8a5d8f463418a1d56a6db4db7d9b834c9d89ca46
yellow_trip_hourly,Taxi,quantity,950,0.0770696130191,1,55119,b47e98e9fdb75d4274a18e3f8a5d8f463418a1d56a6db4db7d9b834c9d89ca46
yellow_trip_hourly,Taxi,quantity,951,0.0770514704548,6,55119,b47e98e9fdb75d4274a18e3f8a5d8f463418a1d56a6db4db7d9b834c9d89ca46
yellow_trip_hourly,Taxi,quantity,952,0.0769426150692,2,55119,b47e98e9fdb75d4274a18e3f8a5d8f463418a1d56a6db4db7d9b834c9d89ca46
yellow_trip_hourly,Taxi,quantity,953,0.0769063299407,2,55119,b47e98e9fdb75d4274a18e3f8a5d8f463418a1d56a6db4db7d9b834c9d89ca46
yellow_trip_hourly,Taxi,quantity,954,0.0768700448121,5,55119,b47e98e9fdb75d4274a18e3f8a5d8f463418a1d56a6db4db7d9b834c9d89ca46
yellow_trip_hourly,Taxi,quantity,955,0.0767793319908,2,55119,b47e98e9fdb75d4274a18e3f8a5d8f463418a1d56a6db4db7d9b834c9d89ca46
yellow_trip_hourly,Taxi,quantity,956,0.0767430468622,5,55119,b47e98e9fdb75d4274a18e3f8a5d8f463418a1d56a6db4db7d9b834c9d89ca46
yellow_trip_hourly,Taxi,quantity,957,0.0766523340409,6,55119,b47e98e9fdb75d4274a18e3f8a5d8f463418a1d56a6db4db7d9b834c9d89ca46
yellow_trip_hourly,Taxi,quantity,958,0.0765434786553,8,55119,b47e98e9fdb75d4274a18e3f8a5d8f463418a1d56a6db4db7d9b834c9d89ca46
yellow_trip_hourly,Taxi,quantity,959,0.0763983381411,2,55119,b47e98e9fdb75d4274a18e3f8a5d8f463418a1d56a6db4db7d9b834c9d89ca46
yellow_trip_hourly,Taxi,quantity,960,0.0763620530126,3,55119,b47e98e9fdb75d4274a18e3f8a5d8f463418a1d56a6db4db7d9b834c9d89ca46
yellow_trip_hourly,Taxi,quantity,961,0.0763076253198,6,55119,b47e98e9fdb75d4274a18e3f8a5d8f463418a1d56a6db4db7d9b834c9d89ca46
yellow_trip_hourly,Taxi,quantity,962,0.0761987699341,3,55119,b47e98e9fdb75d4274a18e3f8a5d8f463418a1d56a6db4db7d9b834c9d89ca46
yellow_trip_hourly,Taxi,quantity,963,0.0761443422413,1,55119,b47e98e9fdb75d4274a18e3f8a5d8f463418a1d56a6db4db7d9b834c9d89ca46
yellow_trip_hourly,Taxi,quantity,964,0.0761261996771,4,55119,b47e98e9fdb75d4274a18e3f8a5d8f463418a1d56a6db4db7d9b834c9d89ca46
yellow_trip_hourly,Taxi,quantity,965,0.07605362942,5,55119,b47e98e9fdb75d4274a18e3f8a5d8f463418a1d56a6db4db7d9b834c9d89ca46
yellow_trip_hourly,Taxi,quantity,966,0.0759629165986,2,55119,b47e98e9fdb75d4274a18e3f8a5d8f463418a1d56a6db4db7d9b834c9d89ca46
yellow_trip_hourly,Taxi,quantity,967,0.0759266314701,4,55119,b47e98e9fdb75d4274a18e3f8a5d8f463418a1d56a6db4db7d9b834c9d89ca46
yellow_trip_hourly,Taxi,quantity,968,0.075854061213,4,55119,b47e98e9fdb75d4274a18e3f8a5d8f463418a1d56a6db4db7d9b834c9d89ca46
yellow_trip_hourly,Taxi,quantity,969,0.0757814909559,3,55119,b47e98e9fdb75d4274a18e3f8a5d8f463418a1d56a6db4db7d9b834c9d89ca46
yellow_trip_hourly,Taxi,quantity,970,0.0757270632631,3,55119,b47e98e9fdb75d4274a18e3f8a5d8f463418a1d56a6db4db7d9b834c9d89ca46
yellow_trip_hourly,Taxi,quantity,971,0.0756726355703,3,55119,b47e98e9fdb75d4274a18e3f8a5d8f463418a1d56a6db4db7d9b834c9d89ca46
yellow_trip_hourly,Taxi,quantity,972,0.0756182078775,4,55119,b47e98e9fdb75d4274a18e3f8a5d8f463418a1d56a6db4db7d9b834c9d89ca46
yellow_trip_hourly,Taxi,quantity,973,0.0755456376204,5,55119,b47e98e9fdb75d4274a18e3f8a5d8f463418a1d56a6db4db7d9b834c9d89ca46
yellow_trip_hourly,Taxi,quantity,974,0.0754549247991,2,55119,b47e98e9fdb75d4274a18e3f8a5d8f463418a1d56a6db4db7d9b834c9d89ca46
yellow_trip_hourly,Taxi,quantity,975,0.0754186396705,4,55119,b47e98e9fdb75d4274a18e3f8a5d8f463418a1d56a6db4db7d9b834c9d89ca46
yellow_trip_hourly,Taxi,quantity,976,0.0753460694135,2,55119,b47e98e9fdb75d4274a18e3f8a5d8f463418a1d56a6db4db7d9b834c9d89ca46
yellow_trip_hourly,Taxi,quantity,977,0.0753097842849,4,55119,b47e98e9fdb75d4274a18e3f8a5d8f463418a1d56a6db4db7d9b834c9d89ca46
yellow_trip_hourly,Taxi,quantity,978,0.0752372140278,2,55119,b47e98e9fdb75d4274a18e3f8a5d8f463418a1d56a6db4db7d9b834c9d89ca46
yellow_trip_hourly,Taxi,quantity,979,0.0752009288993,3,55119,b47e98e9fdb75d4274a18e3f8a5d8f463418a1d56a6db4db7d9b834c9d89ca46
yellow_trip_hourly,Taxi,quantity,980,0.0751465012065,7,55119,b47e98e9fdb75d4274a18e3f8a5d8f463418a1d56a6db4db7d9b834c9d89ca46
yellow_trip_hourly,Taxi,quantity,981,0.0750195032566,3,55119,b47e98e9fdb75d4274a18e3f8a5d8f463418a1d56a6db4db7d9b834c9d89ca46
yellow_trip_hourly,Taxi,quantity,982,0.0749650755638,3,55119,b47e98e9fdb75d4274a18e3f8a5d8f463418a1d56a6db4db7d9b834c9d89ca46
yellow_trip_hourly,Taxi,quantity,983,0.074910647871,10,55119,b47e98e9fdb75d4274a18e3f8a5d8f463418a1d56a6db4db7d9b834c9d89ca46
yellow_trip_hourly,Taxi,quantity,984,0.0747292222283,7,55119,b47e98e9fdb75d4274a18e3f8a5d8f463418a1d56a6db4db7d9b834c9d89ca46
yellow_trip_hourly,Taxi,quantity,985,0.0746022242784,2,55119,b47e98e9fdb75d4274a18e3f8a5d8f463418a1d56a6db4db7d9b834c9d89ca46
yellow_trip_hourly,Taxi,quantity,986,0.0745659391498,3,55119,b47e98e9fdb75d4274a18e3f8a5d8f463418a1d56a6db4db7d9b834c9d89ca46
yellow_trip_hourly,Taxi,quantity,987,0.074511511457,5,55119,b47e98e9fdb75d4274a18e3f8a5d8f463418a1d56a6db4db7d9b834c9d89ca46
yellow_trip_hourly,Taxi,quantity,988,0.0744207986357,3,55119,b47e98e9fdb75d4274a18e3f8a5d8f463418a1d56a6db4db7d9b834c9d89ca46
yellow_trip_hourly,Taxi,quantity,989,0.0743663709429,3,55119,b47e98e9fdb75d4274a18e3f8a5d8f463418a1d56a6db4db7d9b834c9d89ca46
yellow_trip_hourly,Taxi,quantity,990,0.0743119432501,7,55119,b47e98e9fdb75d4274a18e3f8a5d8f463418a1d56a6db4db7d9b834c9d89ca46
yellow_trip_hourly,Taxi,quantity,991,0.0741849453002,1,55119,b47e98e9fdb75d4274a18e3f8a5d8f463418a1d56a6db4db7d9b834c9d89ca46
yellow_trip_hourly,Taxi,quantity,992,0.0741668027359,6,55119,b47e98e9fdb75d4274a18e3f8a5d8f463418a1d56a6db4db7d9b834c9d89ca46
yellow_trip_hourly,Taxi,quantity,993,0.0740579473503,8,55119,b47e98e9fdb75d4274a18e3f8a5d8f463418a1d56a6db4db7d9b834c9d89ca46
yellow_trip_hourly,Taxi,quantity,994,0.0739128068361,3,55119,b47e98e9fdb75d4274a18e3f8a5d8f463418a1d56a6db4db7d9b834c9d89ca46
yellow_trip_hourly,Taxi,quantity,995,0.0738583791433,3,55119,b47e98e9fdb75d4274a18e3f8a5d8f463418a1d56a6db4db7d9b834c9d89ca46
yellow_trip_hourly,Taxi,quantity,996,0.0738039514505,1,55119,b47e98e9fdb75d4274a18e3f8a5d8f463418a1d56a6db4db7d9b834c9d89ca46
yellow_trip_hourly,Taxi,quantity,997,0.0737858088862,6,55119,b47e98e9fdb75d4274a18e3f8a5d8f463418a1d56a6db4db7d9b834c9d89ca46
yellow_trip_hourly,Taxi,quantity,998,0.0736769535006,3,55119,b47e98e9fdb75d4274a18e3f8a5d8f463418a1d56a6db4db7d9b834c9d89ca46
yellow_trip_hourly,Taxi,quantity,999,0.0736225258078,2,55119,b47e98e9fdb75d4274a18e3f8a5d8f463418a1d56a6db4db7d9b834c9d89ca46
yellow_trip_hourly,Taxi,quantity,1000,0.0735862406793,7,55119,b47e98e9fdb75d4274a18e3f8a5d8f463418a1d56a6db4db7d9b834c9d89ca46
yellow_trip_hourly,Taxi,quantity,1001,0.0734592427294,3,55119,b47e98e9fdb75d4274a18e3f8a5d8f463418a1d56a6db4db7d9b834c9d89ca46
yellow_trip_hourly,Taxi,quantity,1002,0.0734048150366,5,55119,b47e98e9fdb75d4274a18e3f8a5d8f463418a1d56a6db4db7d9b834c9d89ca46
yellow_trip_hourly,Taxi,quantity,1003,0.0733141022152,6,55119,b47e98e9fdb75d4274a18e3f8a5d8f463418a1d56a6db4db7d9b834c9d89ca46
yellow_trip_hourly,Taxi,quantity,1004,0.0732052468296,2,55119,b47e98e9fdb75d4274a18e3f8a5d8f463418a1d56a6db4db7d9b834c9d89ca46
yellow_trip_hourly,Taxi,quantity,1005,0.073168961701,1,55119,b47e98e9fdb75d4274a18e3f8a5d8f463418a1d56a6db4db7d9b834c9d89ca46
yellow_trip_hourly,Taxi,quantity,1006,0.0731508191368,7,55119,b47e98e9fdb75d4274a18e3f8a5d8f463418a1d56a6db4db7d9b834c9d89ca46
yellow_trip_hourly,Taxi,quantity,1007,0.0730238211869,2,55119,b47e98e9fdb75d4274a18e3f8a5d8f463418a1d56a6db4db7d9b834c9d89ca46
yellow_trip_hourly,Taxi,quantity,1008,0.0729875360583,2,55119,b47e98e9fdb75d4274a18e3f8a5d8f463418a1d56a6db4db7d9b834c9d89ca46
yellow_trip_hourly,Taxi,quantity,1009,0.0729512509298,3,55119,b47e98e9fdb75d4274a18e3f8a5d8f463418a1d56a6db4db7d9b834c9d89ca46
yellow_trip_hourly,Taxi,quantity,1010,0.072896823237,4,55119,b47e98e9fdb75d4274a18e3f8a5d8f463418a1d56a6db4db7d9b834c9d89ca46
yellow_trip_hourly,Taxi,quantity,1011,0.0728242529799,2,55119,b47e98e9fdb75d4274a18e3f8a5d8f463418a1d56a6db4db7d9b834c9d89ca46
yellow_trip_hourly,Taxi,quantity,1012,0.0727879678514,2,55119,b47e98e9fdb75d4274a18e3f8a5d8f463418a1d56a6db4db7d9b834c9d89ca46
yellow_trip_hourly,Taxi,quantity,1013,0.0727516827228,3,55119,b47e98e9fdb75d4274a18e3f8a5d8f463418a1d56a6db4db7d9b834c9d89ca46
yellow_trip_hourly,Taxi,quantity,1014,0.07269725503,2,55119,b47e98e9fdb75d4274a18e3f8a5d8f463418a1d56a6db4db7d9b834c9d89ca46
yellow_trip_hourly,Taxi,quantity,1015,0.0726609699015,1,55119,b47e98e9fdb75d4274a18e3f8a5d8f463418a1d56a6db4db7d9b834c9d89ca46
yellow_trip_hourly,Taxi,quantity,1016,0.0726428273372,1,55119,b47e98e9fdb75d4274a18e3f8a5d8f463418a1d56a6db4db7d9b834c9d89ca46
yellow_trip_hourly,Taxi,quantity,1017,0.0726246847729,2,55119,b47e98e9fdb75d4274a18e3f8a5d8f463418a1d56a6db4db7d9b834c9d89ca46
yellow_trip_hourly,Taxi,quantity,1018,0.0725883996444,4,55119,b47e98e9fdb75d4274a18e3f8a5d8f463418a1d56a6db4db7d9b834c9d89ca46
yellow_trip_hourly,Taxi,quantity,1019,0.0725158293873,4,55119,b47e98e9fdb75d4274a18e3f8a5d8f463418a1d56a6db4db7d9b834c9d89ca46
yellow_trip_hourly,Taxi,quantity,1020,0.0724432591302,1,55119,b47e98e9fdb75d4274a18e3f8a5d8f463418a1d56a6db4db7d9b834c9d89ca46
yellow_trip_hourly,Taxi,quantity,1021,0.072425116566,3,55119,b47e98e9fdb75d4274a18e3f8a5d8f463418a1d56a6db4db7d9b834c9d89ca46
yellow_trip_hourly,Taxi,quantity,1022,0.0723706888732,5,55119,b47e98e9fdb75d4274a18e3f8a5d8f463418a1d56a6db4db7d9b834c9d89ca46
yellow_trip_hourly,Taxi,quantity,1023,0.0722799760518,4,55119,b47e98e9fdb75d4274a18e3f8a5d8f463418a1d56a6db4db7d9b834c9d89ca46
yellow_trip_hourly,Taxi,quantity,1024,0.0722074057947,5,55119,b47e98e9fdb75d4274a18e3f8a5d8f463418a1d56a6db4db7d9b834c9d89ca46
yellow_trip_hourly,Taxi,quantity,1025,0.0721166929734,4,55119,b47e98e9fdb75d4274a18e3f8a5d8f463418a1d56a6db4db7d9b834c9d89ca46
yellow_trip_hourly,Taxi,quantity,1026,0.0720441227163,3,55119,b47e98e9fdb75d4274a18e3f8a5d8f463418a1d56a6db4db7d9b834c9d89ca46
yellow_trip_hourly,Taxi,quantity,1027,0.0719896950235,2,55119,b47e98e9fdb75d4274a18e3f8a5d8f463418a1d56a6db4db7d9b834c9d89ca46
yellow_trip_hourly,Taxi,quantity,1028,0.071953409895,5,55119,b47e98e9fdb75d4274a18e3f8a5d8f463418a1d56a6db4db7d9b834c9d89ca46
yellow_trip_hourly,Taxi,quantity,1029,0.0718626970736,3,55119,b47e98e9fdb75d4274a18e3f8a5d8f463418a1d56a6db4db7d9b834c9d89ca46
yellow_trip_hourly,Taxi,quantity,1030,0.0718082693808,2,55119,b47e98e9fdb75d4274a18e3f8a5d8f463418a1d56a6db4db7d9b834c9d89ca46
yellow_trip_hourly,Taxi,quantity,1031,0.0717719842523,4,55119,b47e98e9fdb75d4274a18e3f8a5d8f463418a1d56a6db4db7d9b834c9d89ca46
yellow_trip_hourly,Taxi,quantity,1032,0.0716994139952,4,55119,b47e98e9fdb75d4274a18e3f8a5d8f463418a1d56a6db4db7d9b834c9d89ca46
yellow_trip_hourly,Taxi,quantity,1033,0.0716268437381,3,55119,b47e98e9fdb75d4274a18e3f8a5d8f463418a1d56a6db4db7d9b834c9d89ca46
yellow_trip_hourly,Taxi,quantity,1034,0.0715724160453,6,55119,b47e98e9fdb75d4274a18e3f8a5d8f463418a1d56a6db4db7d9b834c9d89ca46
yellow_trip_hourly,Taxi,quantity,1035,0.0714635606597,6,55119,b47e98e9fdb75d4274a18e3f8a5d8f463418a1d56a6db4db7d9b834c9d89ca46
yellow_trip_hourly,Taxi,quantity,1036,0.071354705274,2,55119,b47e98e9fdb75d4274a18e3f8a5d8f463418a1d56a6db4db7d9b834c9d89ca46
yellow_trip_hourly,Taxi,quantity,1037,0.0713184201455,3,55119,b47e98e9fdb75d4274a18e3f8a5d8f463418a1d56a6db4db7d9b834c9d89ca46
yellow_trip_hourly,Taxi,quantity,1038,0.0712639924527,5,55119,b47e98e9fdb75d4274a18e3f8a5d8f463418a1d56a6db4db7d9b834c9d89ca46
yellow_trip_hourly,Taxi,quantity,1039,0.0711732796313,4,55119,b47e98e9fdb75d4274a18e3f8a5d8f463418a1d56a6db4db7d9b834c9d89ca46
yellow_trip_hourly,Taxi,quantity,1040,0.0711007093743,2,55119,b47e98e9fdb75d4274a18e3f8a5d8f463418a1d56a6db4db7d9b834c9d89ca46
yellow_trip_hourly,Taxi,quantity,1041,0.0710644242457,3,55119,b47e98e9fdb75d4274a18e3f8a5d8f463418a1d56a6db4db7d9b834c9d89ca46
yellow_trip_hourly,Taxi,quantity,1042,0.0710099965529,1,55119,b47e98e9fdb75d4274a18e3f8a5d8f463418a1d56a6db4db7d9b834c9d89ca46
yellow_trip_hourly,Taxi,quantity,1043,0.0709918539886,5,55119,b47e98e9fdb75d4274a18e3f8a5d8f463418a1d56a6db4db7d9b834c9d89ca46
yellow_trip_hourly,Taxi,quantity,1044,0.0709011411673,4,55119,b47e98e9fdb75d4274a18e3f8a5d8f463418a1d56a6db4db7d9b834c9d89ca46
yellow_trip_hourly,Taxi,quantity,1045,0.0708285709102,2,55119,b47e98e9fdb75d4274a18e3f8a5d8f463418a1d56a6db4db7d9b834c9d89ca46
yellow_trip_hourly,Taxi,quantity,1046,0.0707922857817,4,55119,b47e98e9fdb75d4274a18e3f8a5d8f463418a1d56a6db4db7d9b834c9d89ca46
yellow_trip_hourly,Taxi,quantity,1047,0.0707197155246,3,55119,b47e98e9fdb75d4274a18e3f8a5d8f463418a1d56a6db4db7d9b834c9d89ca46
yellow_trip_hourly,Taxi,quantity,1048,0.0706652878318,7,55119,b47e98e9fdb75d4274a18e3f8a5d8f463418a1d56a6db4db7d9b834c9d89ca46
yellow_trip_hourly,Taxi,quantity,1049,0.0705382898819,1,55119,b47e98e9fdb75d4274a18e3f8a5d8f463418a1d56a6db4db7d9b834c9d89ca46
yellow_trip_hourly,Taxi,quantity,1050,0.0705201473176,4,55119,b47e98e9fdb75d4274a18e3f8a5d8f463418a1d56a6db4db7d9b834c9d89ca46
yellow_trip_hourly,Taxi,quantity,1051,0.0704475770605,1,55119,b47e98e9fdb75d4274a18e3f8a5d8f463418a1d56a6db4db7d9b834c9d89ca46
yellow_trip_hourly,Taxi,quantity,1052,0.0704294344963,6,55119,b47e98e9fdb75d4274a18e3f8a5d8f463418a1d56a6db4db7d9b834c9d89ca46
yellow_trip_hourly,Taxi,quantity,1053,0.0703205791107,1,55119,b47e98e9fdb75d4274a18e3f8a5d8f463418a1d56a6db4db7d9b834c9d89ca46
yellow_trip_hourly,Taxi,quantity,1055,0.0703024365464,2,55119,b47e98e9fdb75d4274a18e3f8a5d8f463418a1d56a6db4db7d9b834c9d89ca46
yellow_trip_hourly,Taxi,quantity,1056,0.0702661514178,4,55119,b47e98e9fdb75d4274a18e3f8a5d8f463418a1d56a6db4db7d9b834c9d89ca46
yellow_trip_hourly,Taxi,quantity,1057,0.0701935811608,5,55119,b47e98e9fdb75d4274a18e3f8a5d8f463418a1d56a6db4db7d9b834c9d89ca46
yellow_trip_hourly,Taxi,quantity,1058,0.0701028683394,2,55119,b47e98e9fdb75d4274a18e3f8a5d8f463418a1d56a6db4db7d9b834c9d89ca46
yellow_trip_hourly,Taxi,quantity,1059,0.0700665832109,3,55119,b47e98e9fdb75d4274a18e3f8a5d8f463418a1d56a6db4db7d9b834c9d89ca46
yellow_trip_hourly,Taxi,quantity,1060,0.0700121555181,2,55119,b47e98e9fdb75d4274a18e3f8a5d8f463418a1d56a6db4db7d9b834c9d89ca46
yellow_trip_hourly,Taxi,quantity,1061,0.0699758703895,5,55119,b47e98e9fdb75d4274a18e3f8a5d8f463418a1d56a6db4db7d9b834c9d89ca46
yellow_trip_hourly,Taxi,quantity,1062,0.0698851575682,3,55119,b47e98e9fdb75d4274a18e3f8a5d8f463418a1d56a6db4db7d9b834c9d89ca46
yellow_trip_hourly,Taxi,quantity,1063,0.0698307298754,3,55119,b47e98e9fdb75d4274a18e3f8a5d8f463418a1d56a6db4db7d9b834c9d89ca46
yellow_trip_hourly,Taxi,quantity,1064,0.0697763021826,4,55119,b47e98e9fdb75d4274a18e3f8a5d8f463418a1d56a6db4db7d9b834c9d89ca46
yellow_trip_hourly,Taxi,quantity,1065,0.0697037319255,2,55119,b47e98e9fdb75d4274a18e3f8a5d8f463418a1d56a6db4db7d9b834c9d89ca46
yellow_trip_hourly,Taxi,quantity,1066,0.0696674467969,4,55119,b47e98e9fdb75d4274a18e3f8a5d8f463418a1d56a6db4db7d9b834c9d89ca46
yellow_trip_hourly,Taxi,quantity,1067,0.0695948765399,4,55119,b47e98e9fdb75d4274a18e3f8a5d8f463418a1d56a6db4db7d9b834c9d89ca46
yellow_trip_hourly,Taxi,quantity,1068,0.0695223062828,4,55119,b47e98e9fdb75d4274a18e3f8a5d8f463418a1d56a6db4db7d9b834c9d89ca46
yellow_trip_hourly,Taxi,quantity,1069,0.0694497360257,6,55119,b47e98e9fdb75d4274a18e3f8a5d8f463418a1d56a6db4db7d9b834c9d89ca46
yellow_trip_hourly,Taxi,quantity,1070,0.0693408806401,6,55119,b47e98e9fdb75d4274a18e3f8a5d8f463418a1d56a6db4db7d9b834c9d89ca46
yellow_trip_hourly,Taxi,quantity,1071,0.0692320252544,2,55119,b47e98e9fdb75d4274a18e3f8a5d8f463418a1d56a6db4db7d9b834c9d89ca46
yellow_trip_hourly,Taxi,quantity,1072,0.0691957401259,2,55119,b47e98e9fdb75d4274a18e3f8a5d8f463418a1d56a6db4db7d9b834c9d89ca46
yellow_trip_hourly,Taxi,quantity,1073,0.0691594549974,6,55119,b47e98e9fdb75d4274a18e3f8a5d8f463418a1d56a6db4db7d9b834c9d89ca46
yellow_trip_hourly,Taxi,quantity,1074,0.0690505996117,5,55119,b47e98e9fdb75d4274a18e3f8a5d8f463418a1d56a6db4db7d9b834c9d89ca46
yellow_trip_hourly,Taxi,quantity,1075,0.0689598867904,4,55119,b47e98e9fdb75d4274a18e3f8a5d8f463418a1d56a6db4db7d9b834c9d89ca46
yellow_trip_hourly,Taxi,quantity,1076,0.0688873165333,5,55119,b47e98e9fdb75d4274a18e3f8a5d8f463418a1d56a6db4db7d9b834c9d89ca46
yellow_trip_hourly,Taxi,quantity,1077,0.068796603712,2,55119,b47e98e9fdb75d4274a18e3f8a5d8f463418a1d56a6db4db7d9b834c9d89ca46
yellow_trip_hourly,Taxi,quantity,1078,0.0687603185834,3,55119,b47e98e9fdb75d4274a18e3f8a5d8f463418a1d56a6db4db7d9b834c9d89ca46
yellow_trip_hourly,Taxi,quantity,1079,0.0687058908906,2,55119,b47e98e9fdb75d4274a18e3f8a5d8f463418a1d56a6db4db7d9b834c9d89ca46
yellow_trip_hourly,Taxi,quantity,1080,0.0686696057621,3,55119,b47e98e9fdb75d4274a18e3f8a5d8f463418a1d56a6db4db7d9b834c9d89ca46
yellow_trip_hourly,Taxi,quantity,1081,0.0686151780693,5,55119,b47e98e9fdb75d4274a18e3f8a5d8f463418a1d56a6db4db7d9b834c9d89ca46
yellow_trip_hourly,Taxi,quantity,1082,0.0685244652479,2,55119,b47e98e9fdb75d4274a18e3f8a5d8f463418a1d56a6db4db7d9b834c9d89ca46
yellow_trip_hourly,Taxi,quantity,1083,0.0684881801194,1,55119,b47e98e9fdb75d4274a18e3f8a5d8f463418a1d56a6db4db7d9b834c9d89ca46
yellow_trip_hourly,Taxi,quantity,1084,0.0684700375551,3,55119,b47e98e9fdb75d4274a18e3f8a5d8f463418a1d56a6db4db7d9b834c9d89ca46
yellow_trip_hourly,Taxi,quantity,1085,0.0684156098623,1,55119,b47e98e9fdb75d4274a18e3f8a5d8f463418a1d56a6db4db7d9b834c9d89ca46
yellow_trip_hourly,Taxi,quantity,1086,0.068397467298,3,55119,b47e98e9fdb75d4274a18e3f8a5d8f463418a1d56a6db4db7d9b834c9d89ca46
yellow_trip_hourly,Taxi,quantity,1087,0.0683430396052,3,55119,b47e98e9fdb75d4274a18e3f8a5d8f463418a1d56a6db4db7d9b834c9d89ca46
yellow_trip_hourly,Taxi,quantity,1088,0.0682886119124,2,55119,b47e98e9fdb75d4274a18e3f8a5d8f463418a1d56a6db4db7d9b834c9d89ca46
yellow_trip_hourly,Taxi,quantity,1089,0.0682523267839,1,55119,b47e98e9fdb75d4274a18e3f8a5d8f463418a1d56a6db4db7d9b834c9d89ca46
yellow_trip_hourly,Taxi,quantity,1090,0.0682341842196,4,55119,b47e98e9fdb75d4274a18e3f8a5d8f463418a1d56a6db4db7d9b834c9d89ca46
yellow_trip_hourly,Taxi,quantity,1091,0.0681616139625,5,55119,b47e98e9fdb75d4274a18e3f8a5d8f463418a1d56a6db4db7d9b834c9d89ca46
yellow_trip_hourly,Taxi,quantity,1092,0.0680709011412,2,55119,b47e98e9fdb75d4274a18e3f8a5d8f463418a1d56a6db4db7d9b834c9d89ca46
yellow_trip_hourly,Taxi,quantity,1093,0.0680346160126,1,55119,b47e98e9fdb75d4274a18e3f8a5d8f463418a1d56a6db4db7d9b834c9d89ca46
yellow_trip_hourly,Taxi,quantity,1094,0.0680164734484,3,55119,b47e98e9fdb75d4274a18e3f8a5d8f463418a1d56a6db4db7d9b834c9d89ca46
yellow_trip_hourly,Taxi,quantity,1095,0.0679620457555,3,55119,b47e98e9fdb75d4274a18e3f8a5d8f463418a1d56a6db4db7d9b834c9d89ca46
yellow_trip_hourly,Taxi,quantity,1096,0.0679076180627,4,55119,b47e98e9fdb75d4274a18e3f8a5d8f463418a1d56a6db4db7d9b834c9d89ca46
yellow_trip_hourly,Taxi,quantity,1097,0.0678350478057,5,55119,b47e98e9fdb75d4274a18e3f8a5d8f463418a1d56a6db4db7d9b834c9d89ca46
yellow_trip_hourly,Taxi,quantity,1098,0.0677443349843,7,55119,b47e98e9fdb75d4274a18e3f8a5d8f463418a1d56a6db4db7d9b834c9d89ca46
yellow_trip_hourly,Taxi,quantity,1099,0.0676173370344,2,55119,b47e98e9fdb75d4274a18e3f8a5d8f463418a1d56a6db4db7d9b834c9d89ca46
yellow_trip_hourly,Taxi,quantity,1100,0.0675810519059,2,55119,b47e98e9fdb75d4274a18e3f8a5d8f463418a1d56a6db4db7d9b834c9d89ca46
yellow_trip_hourly,Taxi,quantity,1101,0.0675447667773,3,55119,b47e98e9fdb75d4274a18e3f8a5d8f463418a1d56a6db4db7d9b834c9d89ca46
yellow_trip_hourly,Taxi,quantity,1102,0.0674903390845,2,55119,b47e98e9fdb75d4274a18e3f8a5d8f463418a1d56a6db4db7d9b834c9d89ca46
yellow_trip_hourly,Taxi,quantity,1103,0.067454053956,3,55119,b47e98e9fdb75d4274a18e3f8a5d8f463418a1d56a6db4db7d9b834c9d89ca46
yellow_trip_hourly,Taxi,quantity,1104,0.0673996262632,2,55119,b47e98e9fdb75d4274a18e3f8a5d8f463418a1d56a6db4db7d9b834c9d89ca46
yellow_trip_hourly,Taxi,quantity,1105,0.0673633411346,2,55119,b47e98e9fdb75d4274a18e3f8a5d8f463418a1d56a6db4db7d9b834c9d89ca46
yellow_trip_hourly,Taxi,quantity,1106,0.0673270560061,5,55119,b47e98e9fdb75d4274a18e3f8a5d8f463418a1d56a6db4db7d9b834c9d89ca46
yellow_trip_hourly,Taxi,quantity,1107,0.0672363431847,2,55119,b47e98e9fdb75d4274a18e3f8a5d8f463418a1d56a6db4db7d9b834c9d89ca46
yellow_trip_hourly,Taxi,quantity,1108,0.0672000580562,3,55119,b47e98e9fdb75d4274a18e3f8a5d8f463418a1d56a6db4db7d9b834c9d89ca46
yellow_trip_hourly,Taxi,quantity,1109,0.0671456303634,4,55119,b47e98e9fdb75d4274a18e3f8a5d8f463418a1d56a6db4db7d9b834c9d89ca46
yellow_trip_hourly,Taxi,quantity,1110,0.0670730601063,1,55119,b47e98e9fdb75d4274a18e3f8a5d8f463418a1d56a6db4db7d9b834c9d89ca46
yellow_trip_hourly,Taxi,quantity,1111,0.067054917542,4,55119,b47e98e9fdb75d4274a18e3f8a5d8f463418a1d56a6db4db7d9b834c9d89ca46
yellow_trip_hourly,Taxi,quantity,1112,0.066982347285,2,55119,b47e98e9fdb75d4274a18e3f8a5d8f463418a1d56a6db4db7d9b834c9d89ca46
yellow_trip_hourly,Taxi,quantity,1113,0.0669460621564,4,55119,b47e98e9fdb75d4274a18e3f8a5d8f463418a1d56a6db4db7d9b834c9d89ca46
yellow_trip_hourly,Taxi,quantity,1114,0.0668734918993,2,55119,b47e98e9fdb75d4274a18e3f8a5d8f463418a1d56a6db4db7d9b834c9d89ca46
yellow_trip_hourly,Taxi,quantity,1115,0.0668372067708,1,55119,b47e98e9fdb75d4274a18e3f8a5d8f463418a1d56a6db4db7d9b834c9d89ca46
yellow_trip_hourly,Taxi,quantity,1116,0.0668190642065,3,55119,b47e98e9fdb75d4274a18e3f8a5d8f463418a1d56a6db4db7d9b834c9d89ca46
yellow_trip_hourly,Taxi,quantity,1117,0.0667646365137,3,55119,b47e98e9fdb75d4274a18e3f8a5d8f463418a1d56a6db4db7d9b834c9d89ca46
yellow_trip_hourly,Taxi,quantity,1118,0.0667102088209,1,55119,b47e98e9fdb75d4274a18e3f8a5d8f463418a1d56a6db4db7d9b834c9d89ca46
yellow_trip_hourly,Taxi,quantity,1119,0.0666920662566,2,55119,b47e98e9fdb75d4274a18e3f8a5d8f463418a1d56a6db4db7d9b834c9d89ca46
yellow_trip_hourly,Taxi,quantity,1120,0.0666557811281,5,55119,b47e98e9fdb75d4274a18e3f8a5d8f463418a1d56a6db4db7d9b834c9d89ca46
yellow_trip_hourly,Taxi,quantity,1121,0.0665650683068,1,55119,b47e98e9fdb75d4274a18e3f8a5d8f463418a1d56a6db4db7d9b834c9d89ca46
yellow_trip_hourly,Taxi,quantity,1122,0.0665469257425,3,55119,b47e98e9fdb75d4274a18e3f8a5d8f463418a1d56a6db4db7d9b834c9d89ca46
yellow_trip_hourly,Taxi,quantity,1123,0.0664924980497,3,55119,b47e98e9fdb75d4274a18e3f8a5d8f463418a1d56a6db4db7d9b834c9d89ca46
yellow_trip_hourly,Taxi,quantity,1124,0.0664380703569,4,55119,b47e98e9fdb75d4274a18e3f8a5d8f463418a1d56a6db4db7d9b834c9d89ca46
yellow_trip_hourly,Taxi,quantity,1125,0.0663655000998,1,55119,b47e98e9fdb75d4274a18e3f8a5d8f463418a1d56a6db4db7d9b834c9d89ca46
yellow_trip_hourly,Taxi,quantity,1126,0.0663473575355,2,55119,b47e98e9fdb75d4274a18e3f8a5d8f463418a1d56a6db4db7d9b834c9d89ca46
yellow_trip_hourly,Taxi,quantity,1127,0.066311072407,5,55119,b47e98e9fdb75d4274a18e3f8a5d8f463418a1d56a6db4db7d9b834c9d89ca46
yellow_trip_hourly,Taxi,quantity,1128,0.0662203595856,3,55119,b47e98e9fdb75d4274a18e3f8a5d8f463418a1d56a6db4db7d9b834c9d89ca46
yellow_trip_hourly,Taxi,quantity,1129,0.0661659318928,4,55119,b47e98e9fdb75d4274a18e3f8a5d8f463418a1d56a6db4db7d9b834c9d89ca46
yellow_trip_hourly,Taxi,quantity,1131,0.0660933616357,4,55119,b47e98e9fdb75d4274a18e3f8a5d8f463418a1d56a6db4db7d9b834c9d89ca46
yellow_trip_hourly,Taxi,quantity,1132,0.0660207913787,2,55119,b47e98e9fdb75d4274a18e3f8a5d8f463418a1d56a6db4db7d9b834c9d89ca46
yellow_trip_hourly,Taxi,quantity,1133,0.0659845062501,3,55119,b47e98e9fdb75d4274a18e3f8a5d8f463418a1d56a6db4db7d9b834c9d89ca46
yellow_trip_hourly,Taxi,quantity,1134,0.0659300785573,4,55119,b47e98e9fdb75d4274a18e3f8a5d8f463418a1d56a6db4db7d9b834c9d89ca46
yellow_trip_hourly,Taxi,quantity,1135,0.0658575083002,8,55119,b47e98e9fdb75d4274a18e3f8a5d8f463418a1d56a6db4db7d9b834c9d89ca46
yellow_trip_hourly,Taxi,quantity,1136,0.0657123677861,3,55119,b47e98e9fdb75d4274a18e3f8a5d8f463418a1d56a6db4db7d9b834c9d89ca46
yellow_trip_hourly,Taxi,quantity,1137,0.0656579400933,3,55119,b47e98e9fdb75d4274a18e3f8a5d8f463418a1d56a6db4db7d9b834c9d89ca46
yellow_trip_hourly,Taxi,quantity,1138,0.0656035124004,3,55119,b47e98e9fdb75d4274a18e3f8a5d8f463418a1d56a6db4db7d9b834c9d89ca46
yellow_trip_hourly,Taxi,quantity,1139,0.0655490847076,4,55119,b47e98e9fdb75d4274a18e3f8a5d8f463418a1d56a6db4db7d9b834c9d89ca46
yellow_trip_hourly,Taxi,quantity,1140,0.0654765144506,4,55119,b47e98e9fdb75d4274a18e3f8a5d8f463418a1d56a6db4db7d9b834c9d89ca46
yellow_trip_hourly,Taxi,quantity,1141,0.0654039441935,3,55119,b47e98e9fdb75d4274a18e3f8a5d8f463418a1d56a6db4db7d9b834c9d89ca46
yellow_trip_hourly,Taxi,quantity,1142,0.0653495165007,3,55119,b47e98e9fdb75d4274a18e3f8a5d8f463418a1d56a6db4db7d9b834c9d89ca46
yellow_trip_hourly,Taxi,quantity,1143,0.0652950888079,2,55119,b47e98e9fdb75d4274a18e3f8a5d8f463418a1d56a6db4db7d9b834c9d89ca46
yellow_trip_hourly,Taxi,quantity,1144,0.0652588036793,1,55119,b47e98e9fdb75d4274a18e3f8a5d8f463418a1d56a6db4db7d9b834c9d89ca46
yellow_trip_hourly,Taxi,quantity,1145,0.065240661115,2,55119,b47e98e9fdb75d4274a18e3f8a5d8f463418a1d56a6db4db7d9b834c9d89ca46
yellow_trip_hourly,Taxi,quantity,1146,0.0652043759865,2,55119,b47e98e9fdb75d4274a18e3f8a5d8f463418a1d56a6db4db7d9b834c9d89ca46
yellow_trip_hourly,Taxi,quantity,1147,0.065168090858,3,55119,b47e98e9fdb75d4274a18e3f8a5d8f463418a1d56a6db4db7d9b834c9d89ca46
yellow_trip_hourly,Taxi,quantity,1148,0.0651136631652,2,55119,b47e98e9fdb75d4274a18e3f8a5d8f463418a1d56a6db4db7d9b834c9d89ca46
yellow_trip_hourly,Taxi,quantity,1149,0.0650773780366,4,55119,b47e98e9fdb75d4274a18e3f8a5d8f463418a1d56a6db4db7d9b834c9d89ca46
yellow_trip_hourly,Taxi,quantity,1150,0.0650048077795,5,55119,b47e98e9fdb75d4274a18e3f8a5d8f463418a1d56a6db4db7d9b834c9d89ca46
yellow_trip_hourly,Taxi,quantity,1151,0.0649140949582,4,55119,b47e98e9fdb75d4274a18e3f8a5d8f463418a1d56a6db4db7d9b834c9d89ca46
yellow_trip_hourly,Taxi,quantity,1152,0.0648415247011,4,55119,b47e98e9fdb75d4274a18e3f8a5d8f463418a1d56a6db4db7d9b834c9d89ca46
yellow_trip_hourly,Taxi,quantity,1154,0.064768954444,2,55119,b47e98e9fdb75d4274a18e3f8a5d8f463418a1d56a6db4db7d9b834c9d89ca46
yellow_trip_hourly,Taxi,quantity,1156,0.0647326693155,3,55119,b47e98e9fdb75d4274a18e3f8a5d8f463418a1d56a6db4db7d9b834c9d89ca46
yellow_trip_hourly,Taxi,quantity,1157,0.0646782416227,4,55119,b47e98e9fdb75d4274a18e3f8a5d8f463418a1d56a6db4db7d9b834c9d89ca46
yellow_trip_hourly,Taxi,quantity,1158,0.0646056713656,4,55119,b47e98e9fdb75d4274a18e3f8a5d8f463418a1d56a6db4db7d9b834c9d89ca46
yellow_trip_hourly,Taxi,quantity,1159,0.0645331011085,5,55119,b47e98e9fdb75d4274a18e3f8a5d8f463418a1d56a6db4db7d9b834c9d89ca46
yellow_trip_hourly,Taxi,quantity,1160,0.0644423882872,3,55119,b47e98e9fdb75d4274a18e3f8a5d8f463418a1d56a6db4db7d9b834c9d89ca46
yellow_trip_hourly,Taxi,quantity,1161,0.0643879605944,1,55119,b47e98e9fdb75d4274a18e3f8a5d8f463418a1d56a6db4db7d9b834c9d89ca46
yellow_trip_hourly,Taxi,quantity,1162,0.0643698180301,3,55119,b47e98e9fdb75d4274a18e3f8a5d8f463418a1d56a6db4db7d9b834c9d89ca46
yellow_trip_hourly,Taxi,quantity,1163,0.0643153903373,6,55119,b47e98e9fdb75d4274a18e3f8a5d8f463418a1d56a6db4db7d9b834c9d89ca46
yellow_trip_hourly,Taxi,quantity,1164,0.0642065349517,4,55119,b47e98e9fdb75d4274a18e3f8a5d8f463418a1d56a6db4db7d9b834c9d89ca46
yellow_trip_hourly,Taxi,quantity,1165,0.0641339646946,2,55119,b47e98e9fdb75d4274a18e3f8a5d8f463418a1d56a6db4db7d9b834c9d89ca46
yellow_trip_hourly,Taxi,quantity,1166,0.064097679566,3,55119,b47e98e9fdb75d4274a18e3f8a5d8f463418a1d56a6db4db7d9b834c9d89ca46
yellow_trip_hourly,Taxi,quantity,1167,0.0640432518732,3,55119,b47e98e9fdb75d4274a18e3f8a5d8f463418a1d56a6db4db7d9b834c9d89ca46
yellow_trip_hourly,Taxi,quantity,1168,0.0639888241804,1,55119,b47e98e9fdb75d4274a18e3f8a5d8f463418a1d56a6db4db7d9b834c9d89ca46
yellow_trip_hourly,Taxi,quantity,1169,0.0639706816161,2,55119,b47e98e9fdb75d4274a18e3f8a5d8f463418a1d56a6db4db7d9b834c9d89ca46
yellow_trip_hourly,Taxi,quantity,1170,0.0639343964876,4,55119,b47e98e9fdb75d4274a18e3f8a5d8f463418a1d56a6db4db7d9b834c9d89ca46
yellow_trip_hourly,Taxi,quantity,1171,0.0638618262305,3,55119,b47e98e9fdb75d4274a18e3f8a5d8f463418a1d56a6db4db7d9b834c9d89ca46
yellow_trip_hourly,Taxi,quantity,1172,0.0638073985377,6,55119,b47e98e9fdb75d4274a18e3f8a5d8f463418a1d56a6db4db7d9b834c9d89ca46
yellow_trip_hourly,Taxi,quantity,1173,0.0636985431521,7,55119,b47e98e9fdb75d4274a18e3f8a5d8f463418a1d56a6db4db7d9b834c9d89ca46
yellow_trip_hourly,Taxi,quantity,1174,0.0635715452022,4,55119,b47e98e9fdb75d4274a18e3f8a5d8f463418a1d56a6db4db7d9b834c9d89ca46
yellow_trip_hourly,Taxi,quantity,1175,0.0634989749451,6,55119,b47e98e9fdb75d4274a18e3f8a5d8f463418a1d56a6db4db7d9b834c9d89ca46
yellow_trip_hourly,Taxi,quantity,1176,0.0633901195595,2,55119,b47e98e9fdb75d4274a18e3f8a5d8f463418a1d56a6db4db7d9b834c9d89ca46
yellow_trip_hourly,Taxi,quantity,1178,0.063353834431,5,55119,b47e98e9fdb75d4274a18e3f8a5d8f463418a1d56a6db4db7d9b834c9d89ca46
yellow_trip_hourly,Taxi,quantity,1179,0.0632631216096,3,55119,b47e98e9fdb75d4274a18e3f8a5d8f463418a1d56a6db4db7d9b834c9d89ca46
yellow_trip_hourly,Taxi,quantity,1180,0.0632086939168,6,55119,b47e98e9fdb75d4274a18e3f8a5d8f463418a1d56a6db4db7d9b834c9d89ca46
yellow_trip_hourly,Taxi,quantity,1181,0.0630998385312,2,55119,b47e98e9fdb75d4274a18e3f8a5d8f463418a1d56a6db4db7d9b834c9d89ca46
yellow_trip_hourly,Taxi,quantity,1182,0.0630635534026,2,55119,b47e98e9fdb75d4274a18e3f8a5d8f463418a1d56a6db4db7d9b834c9d89ca46
yellow_trip_hourly,Taxi,quantity,1183,0.0630272682741,2,55119,b47e98e9fdb75d4274a18e3f8a5d8f463418a1d56a6db4db7d9b834c9d89ca46
yellow_trip_hourly,Taxi,quantity,1184,0.0629909831456,7,55119,b47e98e9fdb75d4274a18e3f8a5d8f463418a1d56a6db4db7d9b834c9d89ca46
yellow_trip_hourly,Taxi,quantity,1185,0.0628639851957,1,55119,b47e98e9fdb75d4274a18e3f8a5d8f463418a1d56a6db4db7d9b834c9d89ca46
yellow_trip_hourly,Taxi,quantity,1186,0.0628458426314,1,55119,b47e98e9fdb75d4274a18e3f8a5d8f463418a1d56a6db4db7d9b834c9d89ca46
yellow_trip_hourly,Taxi,quantity,1188,0.0628277000671,1,55119,b47e98e9fdb75d4274a18e3f8a5d8f463418a1d56a6db4db7d9b834c9d89ca46
yellow_trip_hourly,Taxi,quantity,1189,0.0628095575029,4,55119,b47e98e9fdb75d4274a18e3f8a5d8f463418a1d56a6db4db7d9b834c9d89ca46
yellow_trip_hourly,Taxi,quantity,1190,0.0627369872458,1,55119,b47e98e9fdb75d4274a18e3f8a5d8f463418a1d56a6db4db7d9b834c9d89ca46
yellow_trip_hourly,Taxi,quantity,1191,0.0627188446815,4,55119,b47e98e9fdb75d4274a18e3f8a5d8f463418a1d56a6db4db7d9b834c9d89ca46
yellow_trip_hourly,Taxi,quantity,1192,0.0626462744244,5,55119,b47e98e9fdb75d4274a18e3f8a5d8f463418a1d56a6db4db7d9b834c9d89ca46
yellow_trip_hourly,Taxi,quantity,1193,0.0625555616031,6,55119,b47e98e9fdb75d4274a18e3f8a5d8f463418a1d56a6db4db7d9b834c9d89ca46
yellow_trip_hourly,Taxi,quantity,1194,0.0624467062175,4,55119,b47e98e9fdb75d4274a18e3f8a5d8f463418a1d56a6db4db7d9b834c9d89ca46
yellow_trip_hourly,Taxi,quantity,1195,0.0623741359604,1,55119,b47e98e9fdb75d4274a18e3f8a5d8f463418a1d56a6db4db7d9b834c9d89ca46
yellow_trip_hourly,Taxi,quantity,1196,0.0623559933961,5,55119,b47e98e9fdb75d4274a18e3f8a5d8f463418a1d56a6db4db7d9b834c9d89ca46
yellow_trip_hourly,Taxi,quantity,1197,0.0622652805748,2,55119,b47e98e9fdb75d4274a18e3f8a5d8f463418a1d56a6db4db7d9b834c9d89ca46
yellow_trip_hourly,Taxi,quantity,1198,0.0622289954462,2,55119,b47e98e9fdb75d4274a18e3f8a5d8f463418a1d56a6db4db7d9b834c9d89ca46
yellow_trip_hourly,Taxi,quantity,1199,0.0621927103177,4,55119,b47e98e9fdb75d4274a18e3f8a5d8f463418a1d56a6db4db7d9b834c9d89ca46
yellow_trip_hourly,Taxi,quantity,1200,0.0621201400606,3,55119,b47e98e9fdb75d4274a18e3f8a5d8f463418a1d56a6db4db7d9b834c9d89ca46
yellow_trip_hourly,Taxi,quantity,1201,0.0620657123678,3,55119,b47e98e9fdb75d4274a18e3f8a5d8f463418a1d56a6db4db7d9b834c9d89ca46
yellow_trip_hourly,Taxi,quantity,1202,0.062011284675,3,55119,b47e98e9fdb75d4274a18e3f8a5d8f463418a1d56a6db4db7d9b834c9d89ca46
yellow_trip_hourly,Taxi,quantity,1203,0.0619568569822,4,55119,b47e98e9fdb75d4274a18e3f8a5d8f463418a1d56a6db4db7d9b834c9d89ca46
yellow_trip_hourly,Taxi,quantity,1205,0.0618842867251,3,55119,b47e98e9fdb75d4274a18e3f8a5d8f463418a1d56a6db4db7d9b834c9d89ca46
yellow_trip_hourly,Taxi,quantity,1206,0.0618298590323,4,55119,b47e98e9fdb75d4274a18e3f8a5d8f463418a1d56a6db4db7d9b834c9d89ca46
yellow_trip_hourly,Taxi,quantity,1207,0.0617572887752,2,55119,b47e98e9fdb75d4274a18e3f8a5d8f463418a1d56a6db4db7d9b834c9d89ca46
yellow_trip_hourly,Taxi,quantity,1208,0.0617210036467,5,55119,b47e98e9fdb75d4274a18e3f8a5d8f463418a1d56a6db4db7d9b834c9d89ca46
yellow_trip_hourly,Taxi,quantity,1209,0.0616302908253,5,55119,b47e98e9fdb75d4274a18e3f8a5d8f463418a1d56a6db4db7d9b834c9d89ca46
yellow_trip_hourly,Taxi,quantity,1210,0.061539578004,2,55119,b47e98e9fdb75d4274a18e3f8a5d8f463418a1d56a6db4db7d9b834c9d89ca46
yellow_trip_hourly,Taxi,quantity,1211,0.0615032928754,2,55119,b47e98e9fdb75d4274a18e3f8a5d8f463418a1d56a6db4db7d9b834c9d89ca46
yellow_trip_hourly,Taxi,quantity,1212,0.0614670077469,2,55119,b47e98e9fdb75d4274a18e3f8a5d8f463418a1d56a6db4db7d9b834c9d89ca46
yellow_trip_hourly,Taxi,quantity,1213,0.0614307226183,6,55119,b47e98e9fdb75d4274a18e3f8a5d8f463418a1d56a6db4db7d9b834c9d89ca46
yellow_trip_hourly,Taxi,quantity,1214,0.0613218672327,3,55119,b47e98e9fdb75d4274a18e3f8a5d8f463418a1d56a6db4db7d9b834c9d89ca46
yellow_trip_hourly,Taxi,quantity,1215,0.0612674395399,2,55119,b47e98e9fdb75d4274a18e3f8a5d8f463418a1d56a6db4db7d9b834c9d89ca46
yellow_trip_hourly,Taxi,quantity,1216,0.0612311544114,2,55119,b47e98e9fdb75d4274a18e3f8a5d8f463418a1d56a6db4db7d9b834c9d89ca46
yellow_trip_hourly,Taxi,quantity,1217,0.0611948692828,1,55119,b47e98e9fdb75d4274a18e3f8a5d8f463418a1d56a6db4db7d9b834c9d89ca46
yellow_trip_hourly,Taxi,quantity,1218,0.0611767267186,3,55119,b47e98e9fdb75d4274a18e3f8a5d8f463418a1d56a6db4db7d9b834c9d89ca46
yellow_trip_hourly,Taxi,quantity,1219,0.0611222990257,1,55119,b47e98e9fdb75d4274a18e3f8a5d8f463418a1d56a6db4db7d9b834c9d89ca46
yellow_trip_hourly,Taxi,quantity,1220,0.0611041564615,3,55119,b47e98e9fdb75d4274a18e3f8a5d8f463418a1d56a6db4db7d9b834c9d89ca46
yellow_trip_hourly,Taxi,quantity,1221,0.0610497287687,2,55119,b47e98e9fdb75d4274a18e3f8a5d8f463418a1d56a6db4db7d9b834c9d89ca46
yellow_trip_hourly,Taxi,quantity,1222,0.0610134436401,2,55119,b47e98e9fdb75d4274a18e3f8a5d8f463418a1d56a6db4db7d9b834c9d89ca46
yellow_trip_hourly,Taxi,quantity,1223,0.0609771585116,2,55119,b47e98e9fdb75d4274a18e3f8a5d8f463418a1d56a6db4db7d9b834c9d89ca46
yellow_trip_hourly,Taxi,quantity,1224,0.060940873383,5,55119,b47e98e9fdb75d4274a18e3f8a5d8f463418a1d56a6db4db7d9b834c9d89ca46
yellow_trip_hourly,Taxi,quantity,1225,0.0608501605617,3,55119,b47e98e9fdb75d4274a18e3f8a5d8f463418a1d56a6db4db7d9b834c9d89ca46
yellow_trip_hourly,Taxi,quantity,1226,0.0607957328689,3,55119,b47e98e9fdb75d4274a18e3f8a5d8f463418a1d56a6db4db7d9b834c9d89ca46
yellow_trip_hourly,Taxi,quantity,1227,0.0607413051761,2,55119,b47e98e9fdb75d4274a18e3f8a5d8f463418a1d56a6db4db7d9b834c9d89ca46
yellow_trip_hourly,Taxi,quantity,1228,0.0607050200475,1,55119,b47e98e9fdb75d4274a18e3f8a5d8f463418a1d56a6db4db7d9b834c9d89ca46
yellow_trip_hourly,Taxi,quantity,1229,0.0606868774833,1,55119,b47e98e9fdb75d4274a18e3f8a5d8f463418a1d56a6db4db7d9b834c9d89ca46
yellow_trip_hourly,Taxi,quantity,1230,0.060668734919,1,55119,b47e98e9fdb75d4274a18e3f8a5d8f463418a1d56a6db4db7d9b834c9d89ca46
yellow_trip_hourly,Taxi,quantity,1231,0.0606505923547,2,55119,b47e98e9fdb75d4274a18e3f8a5d8f463418a1d56a6db4db7d9b834c9d89ca46
yellow_trip_hourly,Taxi,quantity,1232,0.0606143072262,1,55119,b47e98e9fdb75d4274a18e3f8a5d8f463418a1d56a6db4db7d9b834c9d89ca46
yellow_trip_hourly,Taxi,quantity,1233,0.0605961646619,1,55119,b47e98e9fdb75d4274a18e3f8a5d8f463418a1d56a6db4db7d9b834c9d89ca46
yellow_trip_hourly,Taxi,quantity,1234,0.0605780220976,2,55119,b47e98e9fdb75d4274a18e3f8a5d8f463418a1d56a6db4db7d9b834c9d89ca46
yellow_trip_hourly,Taxi,quantity,1235,0.0605417369691,1,55119,b47e98e9fdb75d4274a18e3f8a5d8f463418a1d56a6db4db7d9b834c9d89ca46
yellow_trip_hourly,Taxi,quantity,1236,0.0605235944048,3,55119,b47e98e9fdb75d4274a18e3f8a5d8f463418a1d56a6db4db7d9b834c9d89ca46
yellow_trip_hourly,Taxi,quantity,1237,0.060469166712,2,55119,b47e98e9fdb75d4274a18e3f8a5d8f463418a1d56a6db4db7d9b834c9d89ca46
yellow_trip_hourly,Taxi,quantity,1238,0.0604328815835,4,55119,b47e98e9fdb75d4274a18e3f8a5d8f463418a1d56a6db4db7d9b834c9d89ca46
yellow_trip_hourly,Taxi,quantity,1239,0.0603603113264,2,55119,b47e98e9fdb75d4274a18e3f8a5d8f463418a1d56a6db4db7d9b834c9d89ca46
yellow_trip_hourly,Taxi,quantity,1240,0.0603240261979,2,55119,b47e98e9fdb75d4274a18e3f8a5d8f463418a1d56a6db4db7d9b834c9d89ca46
yellow_trip_hourly,Taxi,quantity,1241,0.0602877410693,1,55119,b47e98e9fdb75d4274a18e3f8a5d8f463418a1d56a6db4db7d9b834c9d89ca46
yellow_trip_hourly,Taxi,quantity,1242,0.0602695985051,4,55119,b47e98e9fdb75d4274a18e3f8a5d8f463418a1d56a6db4db7d9b834c9d89ca46
yellow_trip_hourly,Taxi,quantity,1243,0.060197028248,6,55119,b47e98e9fdb75d4274a18e3f8a5d8f463418a1d56a6db4db7d9b834c9d89ca46
yellow_trip_hourly,Taxi,quantity,1244,0.0600881728624,4,55119,b47e98e9fdb75d4274a18e3f8a5d8f463418a1d56a6db4db7d9b834c9d89ca46
yellow_trip_hourly,Taxi,quantity,1245,0.0600156026053,2,55119,b47e98e9fdb75d4274a18e3f8a5d8f463418a1d56a6db4db7d9b834c9d89ca46
yellow_trip_hourly,Taxi,quantity,1247,0.0599793174767,3,55119,b47e98e9fdb75d4274a18e3f8a5d8f463418a1d56a6db4db7d9b834c9d89ca46
yellow_trip_hourly,Taxi,quantity,1248,0.0599248897839,1,55119,b47e98e9fdb75d4274a18e3f8a5d8f463418a1d56a6db4db7d9b834c9d89ca46
yellow_trip_hourly,Taxi,quantity,1249,0.0599067472197,3,55119,b47e98e9fdb75d4274a18e3f8a5d8f463418a1d56a6db4db7d9b834c9d89ca46
yellow_trip_hourly,Taxi,quantity,1250,0.0598523195268,3,55119,b47e98e9fdb75d4274a18e3f8a5d8f463418a1d56a6db4db7d9b834c9d89ca46
yellow_trip_hourly,Taxi,quantity,1251,0.059797891834,3,55119,b47e98e9fdb75d4274a18e3f8a5d8f463418a1d56a6db4db7d9b834c9d89ca46
yellow_trip_hourly,Taxi,quantity,1252,0.0597434641412,2,55119,b47e98e9fdb75d4274a18e3f8a5d8f463418a1d56a6db4db7d9b834c9d89ca46
yellow_trip_hourly,Taxi,quantity,1253,0.0597071790127,2,55119,b47e98e9fdb75d4274a18e3f8a5d8f463418a1d56a6db4db7d9b834c9d89ca46
yellow_trip_hourly,Taxi,quantity,1254,0.0596708938841,5,55119,b47e98e9fdb75d4274a18e3f8a5d8f463418a1d56a6db4db7d9b834c9d89ca46
yellow_trip_hourly,Taxi,quantity,1255,0.0595801810628,7,55119,b47e98e9fdb75d4274a18e3f8a5d8f463418a1d56a6db4db7d9b834c9d89ca46
yellow_trip_hourly,Taxi,quantity,1257,0.0594531831129,2,55119,b47e98e9fdb75d4274a18e3f8a5d8f463418a1d56a6db4db7d9b834c9d89ca46
yellow_trip_hourly,Taxi,quantity,1258,0.0594168979844,3,55119,b47e98e9fdb75d4274a18e3f8a5d8f463418a1d56a6db4db7d9b834c9d89ca46
yellow_trip_hourly,Taxi,quantity,1259,0.0593624702916,4,55119,b47e98e9fdb75d4274a18e3f8a5d8f463418a1d56a6db4db7d9b834c9d89ca46
yellow_trip_hourly,Taxi,quantity,1260,0.0592899000345,1,55119,b47e98e9fdb75d4274a18e3f8a5d8f463418a1d56a6db4db7d9b834c9d89ca46
yellow_trip_hourly,Taxi,quantity,1261,0.0592717574702,1,55119,b47e98e9fdb75d4274a18e3f8a5d8f463418a1d56a6db4db7d9b834c9d89ca46
yellow_trip_hourly,Taxi,quantity,1262,0.0592536149059,1,55119,b47e98e9fdb75d4274a18e3f8a5d8f463418a1d56a6db4db7d9b834c9d89ca46
yellow_trip_hourly,Taxi,quantity,1263,0.0592354723417,2,55119,b47e98e9fdb75d4274a18e3f8a5d8f463418a1d56a6db4db7d9b834c9d89ca46
yellow_trip_hourly,Taxi,quantity,1264,0.0591991872131,2,55119,b47e98e9fdb75d4274a18e3f8a5d8f463418a1d56a6db4db7d9b834c9d89ca46
yellow_trip_hourly,Taxi,quantity,1265,0.0591629020846,3,55119,b47e98e9fdb75d4274a18e3f8a5d8f463418a1d56a6db4db7d9b834c9d89ca46
yellow_trip_hourly,Taxi,quantity,1266,0.0591084743918,1,55119,b47e98e9fdb75d4274a18e3f8a5d8f463418a1d56a6db4db7d9b834c9d89ca46
yellow_trip_hourly,Taxi,quantity,1268,0.0590903318275,2,55119,b47e98e9fdb75d4274a18e3f8a5d8f463418a1d56a6db4db7d9b834c9d89ca46
yellow_trip_hourly,Taxi,quantity,1269,0.059054046699,1,55119,b47e98e9fdb75d4274a18e3f8a5d8f463418a1d56a6db4db7d9b834c9d89ca46
yellow_trip_hourly,Taxi,quantity,1270,0.0590359041347,5,55119,b47e98e9fdb75d4274a18e3f8a5d8f463418a1d56a6db4db7d9b834c9d89ca46
yellow_trip_hourly,Taxi,quantity,1271,0.0589451913133,1,55119,b47e98e9fdb75d4274a18e3f8a5d8f463418a1d56a6db4db7d9b834c9d89ca46
yellow_trip_hourly,Taxi,quantity,1272,0.0589270487491,3,55119,b47e98e9fdb75d4274a18e3f8a5d8f463418a1d56a6db4db7d9b834c9d89ca46
yellow_trip_hourly,Taxi,quantity,1273,0.0588726210563,1,55119,b47e98e9fdb75d4274a18e3f8a5d8f463418a1d56a6db4db7d9b834c9d89ca46
yellow_trip_hourly,Taxi,quantity,1275,0.058854478492,3,55119,b47e98e9fdb75d4274a18e3f8a5d8f463418a1d56a6db4db7d9b834c9d89ca46
yellow_trip_hourly,Taxi,quantity,1276,0.0588000507992,1,55119,b47e98e9fdb75d4274a18e3f8a5d8f463418a1d56a6db4db7d9b834c9d89ca46
yellow_trip_hourly,Taxi,quantity,1277,0.0587819082349,1,55119,b47e98e9fdb75d4274a18e3f8a5d8f463418a1d56a6db4db7d9b834c9d89ca46
yellow_trip_hourly,Taxi,quantity,1278,0.0587637656706,3,55119,b47e98e9fdb75d4274a18e3f8a5d8f463418a1d56a6db4db7d9b834c9d89ca46
yellow_trip_hourly,Taxi,quantity,1279,0.0587093379778,5,55119,b47e98e9fdb75d4274a18e3f8a5d8f463418a1d56a6db4db7d9b834c9d89ca46
yellow_trip_hourly,Taxi,quantity,1280,0.0586186251565,2,55119,b47e98e9fdb75d4274a18e3f8a5d8f463418a1d56a6db4db7d9b834c9d89ca46
yellow_trip_hourly,Taxi,quantity,1281,0.0585823400279,1,55119,b47e98e9fdb75d4274a18e3f8a5d8f463418a1d56a6db4db7d9b834c9d89ca46
yellow_trip_hourly,Taxi,quantity,1282,0.0585641974637,3,55119,b47e98e9fdb75d4274a18e3f8a5d8f463418a1d56a6db4db7d9b834c9d89ca46
yellow_trip_hourly,Taxi,quantity,1283,0.0585097697709,1,55119,b47e98e9fdb75d4274a18e3f8a5d8f463418a1d56a6db4db7d9b834c9d89ca46
yellow_trip_hourly,Taxi,quantity,1285,0.0584916272066,3,55119,b47e98e9fdb75d4274a18e3f8a5d8f463418a1d56a6db4db7d9b834c9d89ca46
yellow_trip_hourly,Taxi,quantity,1286,0.0584371995138,2,55119,b47e98e9fdb75d4274a18e3f8a5d8f463418a1d56a6db4db7d9b834c9d89ca46
yellow_trip_hourly,Taxi,quantity,1287,0.0584009143852,1,55119,b47e98e9fdb75d4274a18e3f8a5d8f463418a1d56a6db4db7d9b834c9d89ca46
yellow_trip_hourly,Taxi,quantity,1288,0.058382771821,3,55119,b47e98e9fdb75d4274a18e3f8a5d8f463418a1d56a6db4db7d9b834c9d89ca46
yellow_trip_hourly,Taxi,quantity,1289,0.0583283441282,1,55119,b47e98e9fdb75d4274a18e3f8a5d8f463418a1d56a6db4db7d9b834c9d89ca46
yellow_trip_hourly,Taxi,quantity,1290,0.0583102015639,1,55119,b47e98e9fdb75d4274a18e3f8a5d8f463418a1d56a6db4db7d9b834c9d89ca46
yellow_trip_hourly,Taxi,quantity,1291,0.0582920589996,4,55119,b47e98e9fdb75d4274a18e3f8a5d8f463418a1d56a6db4db7d9b834c9d89ca46
yellow_trip_hourly,Taxi,quantity,1292,0.0582194887425,1,55119,b47e98e9fdb75d4274a18e3f8a5d8f463418a1d56a6db4db7d9b834c9d89ca46
yellow_trip_hourly,Taxi,quantity,1293,0.0582013461783,3,55119,b47e98e9fdb75d4274a18e3f8a5d8f463418a1d56a6db4db7d9b834c9d89ca46
yellow_trip_hourly,Taxi,quantity,1294,0.0581469184855,2,55119,b47e98e9fdb75d4274a18e3f8a5d8f463418a1d56a6db4db7d9b834c9d89ca46
yellow_trip_hourly,Taxi,quantity,1295,0.0581106333569,2,55119,b47e98e9fdb75d4274a18e3f8a5d8f463418a1d56a6db4db7d9b834c9d89ca46
yellow_trip_hourly,Taxi,quantity,1296,0.0580743482284,2,55119,b47e98e9fdb75d4274a18e3f8a5d8f463418a1d56a6db4db7d9b834c9d89ca46
yellow_trip_hourly,Taxi,quantity,1298,0.0580380630998,1,55119,b47e98e9fdb75d4274a18e3f8a5d8f463418a1d56a6db4db7d9b834c9d89ca46
yellow_trip_hourly,Taxi,quantity,1299,0.0580199205356,4,55119,b47e98e9fdb75d4274a18e3f8a5d8f463418a1d56a6db4db7d9b834c9d89ca46
yellow_trip_hourly,Taxi,quantity,1301,0.0579473502785,1,55119,b47e98e9fdb75d4274a18e3f8a5d8f463418a1d56a6db4db7d9b834c9d89ca46
yellow_trip_hourly,Taxi,quantity,1302,0.0579292077142,2,55119,b47e98e9fdb75d4274a18e3f8a5d8f463418a1d56a6db4db7d9b834c9d89ca46
yellow_trip_hourly,Taxi,quantity,1303,0.0578929225857,1,55119,b47e98e9fdb75d4274a18e3f8a5d8f463418a1d56a6db4db7d9b834c9d89ca46
yellow_trip_hourly,Taxi,quantity,1304,0.0578747800214,2,55119,b47e98e9fdb75d4274a18e3f8a5d8f463418a1d56a6db4db7d9b834c9d89ca46
yellow_trip_hourly,Taxi,quantity,1305,0.0578384948929,1,55119,b47e98e9fdb75d4274a18e3f8a5d8f463418a1d56a6db4db7d9b834c9d89ca46
yellow_trip_hourly,Taxi,quantity,1307,0.0578203523286,1,55119,b47e98e9fdb75d4274a18e3f8a5d8f463418a1d56a6db4db7d9b834c9d89ca46
yellow_trip_hourly,Taxi,quantity,1308,0.0578022097643,4,55119,b47e98e9fdb75d4274a18e3f8a5d8f463418a1d56a6db4db7d9b834c9d89ca46
yellow_trip_hourly,Taxi,quantity,1309,0.0577296395072,1,55119,b47e98e9fdb75d4274a18e3f8a5d8f463418a1d56a6db4db7d9b834c9d89ca46
yellow_trip_hourly,Taxi,quantity,1310,0.057711496943,1,55119,b47e98e9fdb75d4274a18e3f8a5d8f463418a1d56a6db4db7d9b834c9d89ca46
yellow_trip_hourly,Taxi,quantity,1311,0.0576933543787,2,55119,b47e98e9fdb75d4274a18e3f8a5d8f463418a1d56a6db4db7d9b834c9d89ca46
yellow_trip_hourly,Taxi,quantity,1312,0.0576570692502,1,55119,b47e98e9fdb75d4274a18e3f8a5d8f463418a1d56a6db4db7d9b834c9d89ca46
yellow_trip_hourly,Taxi,quantity,1313,0.0576389266859,4,55119,b47e98e9fdb75d4274a18e3f8a5d8f463418a1d56a6db4db7d9b834c9d89ca46
yellow_trip_hourly,Taxi,quantity,1314,0.0575663564288,4,55119,b47e98e9fdb75d4274a18e3f8a5d8f463418a1d56a6db4db7d9b834c9d89ca46
yellow_trip_hourly,Taxi,quantity,1315,0.0574937861717,1,55119,b47e98e9fdb75d4274a18e3f8a5d8f463418a1d56a6db4db7d9b834c9d89ca46
yellow_trip_hourly,Taxi,quantity,1316,0.0574756436075,1,55119,b47e98e9fdb75d4274a18e3f8a5d8f463418a1d56a6db4db7d9b834c9d89ca46
yellow_trip_hourly,Taxi,quantity,1317,0.0574575010432,4,55119,b47e98e9fdb75d4274a18e3f8a5d8f463418a1d56a6db4db7d9b834c9d89ca46
yellow_trip_hourly,Taxi,quantity,1320,0.0573849307861,1,55119,b47e98e9fdb75d4274a18e3f8a5d8f463418a1d56a6db4db7d9b834c9d89ca46
yellow_trip_hourly,Taxi,quantity,1321,0.0573667882218,1,55119,b47e98e9fdb75d4274a18e3f8a5d8f463418a1d56a6db4db7d9b834c9d89ca46
yellow_trip_hourly,Taxi,quantity,1322,0.0573486456576,1,55119,b47e98e9fdb75d4274a18e3f8a5d8f463418a1d56a6db4db7d9b834c9d89ca46
yellow_trip_hourly,Taxi,quantity,1323,0.0573305030933,2,55119,b47e98e9fdb75d4274a18e3f8a5d8f463418a1d56a6db4db7d9b834c9d89ca46
yellow_trip_hourly,Taxi,quantity,1324,0.0572942179648,3,55119,b47e98e9fdb75d4274a18e3f8a5d8f463418a1d56a6db4db7d9b834c9d89ca46
yellow_trip_hourly,Taxi,quantity,1325,0.057239790272,2,55119,b47e98e9fdb75d4274a18e3f8a5d8f463418a1d56a6db4db7d9b834c9d89ca46
yellow_trip_hourly,Taxi,quantity,1326,0.0572035051434,3,55119,b47e98e9fdb75d4274a18e3f8a5d8f463418a1d56a6db4db7d9b834c9d89ca46
yellow_trip_hourly,Taxi,quantity,1327,0.0571490774506,2,55119,b47e98e9fdb75d4274a18e3f8a5d8f463418a1d56a6db4db7d9b834c9d89ca46
yellow_trip_hourly,Taxi,quantity,1328,0.0571127923221,5,55119,b47e98e9fdb75d4274a18e3f8a5d8f463418a1d56a6db4db7d9b834c9d89ca46
yellow_trip_hourly,Taxi,quantity,1329,0.0570220795007,3,55119,b47e98e9fdb75d4274a18e3f8a5d8f463418a1d56a6db4db7d9b834c9d89ca46
yellow_trip_hourly,Taxi,quantity,1330,0.0569676518079,3,55119,b47e98e9fdb75d4274a18e3f8a5d8f463418a1d56a6db4db7d9b834c9d89ca46
yellow_trip_hourly,Taxi,quantity,1331,0.0569132241151,2,55119,b47e98e9fdb75d4274a18e3f8a5d8f463418a1d56a6db4db7d9b834c9d89ca46
yellow_trip_hourly,Taxi,quantity,1332,0.0568769389866,2,55119,b47e98e9fdb75d4274a18e3f8a5d8f463418a1d56a6db4db7d9b834c9d89ca46
yellow_trip_hourly,Taxi,quantity,1333,0.056840653858,3,55119,b47e98e9fdb75d4274a18e3f8a5d8f463418a1d56a6db4db7d9b834c9d89ca46
yellow_trip_hourly,Taxi,quantity,1335,0.0567862261652,1,55119,b47e98e9fdb75d4274a18e3f8a5d8f463418a1d56a6db4db7d9b834c9d89ca46
yellow_trip_hourly,Taxi,quantity,1336,0.0567680836009,1,55119,b47e98e9fdb75d4274a18e3f8a5d8f463418a1d56a6db4db7d9b834c9d89ca46
yellow_trip_hourly,Taxi,quantity,1337,0.0567499410367,2,55119,b47e98e9fdb75d4274a18e3f8a5d8f463418a1d56a6db4db7d9b834c9d89ca46
yellow_trip_hourly,Taxi,quantity,1338,0.0567136559081,3,55119,b47e98e9fdb75d4274a18e3f8a5d8f463418a1d56a6db4db7d9b834c9d89ca46
yellow_trip_hourly,Taxi,quantity,1340,0.0566592282153,1,55119,b47e98e9fdb75d4274a18e3f8a5d8f463418a1d56a6db4db7d9b834c9d89ca46
yellow_trip_hourly,Taxi,quantity,1341,0.056641085651,2,55119,b47e98e9fdb75d4274a18e3f8a5d8f463418a1d56a6db4db7d9b834c9d89ca46
yellow_trip_hourly,Taxi,quantity,1343,0.0566048005225,2,55119,b47e98e9fdb75d4274a18e3f8a5d8f463418a1d56a6db4db7d9b834c9d89ca46
yellow_trip_hourly,Taxi,quantity,1345,0.056568515394,4,55119,b47e98e9fdb75d4274a18e3f8a5d8f463418a1d56a6db4db7d9b834c9d89ca46
yellow_trip_hourly,Taxi,quantity,1346,0.0564959451369,4,55119,b47e98e9fdb75d4274a18e3f8a5d8f463418a1d56a6db4db7d9b834c9d89ca46
yellow_trip_hourly,Taxi,quantity,1347,0.0564233748798,1,55119,b47e98e9fdb75d4274a18e3f8a5d8f463418a1d56a6db4db7d9b834c9d89ca46
yellow_trip_hourly,Taxi,quantity,1348,0.0564052323155,2,55119,b47e98e9fdb75d4274a18e3f8a5d8f463418a1d56a6db4db7d9b834c9d89ca46
yellow_trip_hourly,Taxi,quantity,1349,0.056368947187,4,55119,b47e98e9fdb75d4274a18e3f8a5d8f463418a1d56a6db4db7d9b834c9d89ca46
yellow_trip_hourly,Taxi,quantity,1351,0.0562963769299,2,55119,b47e98e9fdb75d4274a18e3f8a5d8f463418a1d56a6db4db7d9b834c9d89ca46
yellow_trip_hourly,Taxi,quantity,1353,0.0562600918014,1,55119,b47e98e9fdb75d4274a18e3f8a5d8f463418a1d56a6db4db7d9b834c9d89ca46
yellow_trip_hourly,Taxi,quantity,1354,0.0562419492371,1,55119,b47e98e9fdb75d4274a18e3f8a5d8f463418a1d56a6db4db7d9b834c9d89ca46
yellow_trip_hourly,Taxi,quantity,1355,0.0562238066728,2,55119,b47e98e9fdb75d4274a18e3f8a5d8f463418a1d56a6db4db7d9b834c9d89ca46
yellow_trip_hourly,Taxi,quantity,1356,0.0561875215443,2,55119,b47e98e9fdb75d4274a18e3f8a5d8f463418a1d56a6db4db7d9b834c9d89ca46
yellow_trip_hourly,Taxi,quantity,1357,0.0561512364158,2,55119,b47e98e9fdb75d4274a18e3f8a5d8f463418a1d56a6db4db7d9b834c9d89ca46
yellow_trip_hourly,Taxi,quantity,1358,0.0561149512872,4,55119,b47e98e9fdb75d4274a18e3f8a5d8f463418a1d56a6db4db7d9b834c9d89ca46
yellow_trip_hourly,Taxi,quantity,1359,0.0560423810301,2,55119,b47e98e9fdb75d4274a18e3f8a5d8f463418a1d56a6db4db7d9b834c9d89ca46
yellow_trip_hourly,Taxi,quantity,1360,0.0560060959016,1,55119,b47e98e9fdb75d4274a18e3f8a5d8f463418a1d56a6db4db7d9b834c9d89ca46
yellow_trip_hourly,Taxi,quantity,1361,0.0559879533373,4,55119,b47e98e9fdb75d4274a18e3f8a5d8f463418a1d56a6db4db7d9b834c9d89ca46
yellow_trip_hourly,Taxi,quantity,1362,0.0559153830802,1,55119,b47e98e9fdb75d4274a18e3f8a5d8f463418a1d56a6db4db7d9b834c9d89ca46
yellow_trip_hourly,Taxi,quantity,1363,0.055897240516,3,55119,b47e98e9fdb75d4274a18e3f8a5d8f463418a1d56a6db4db7d9b834c9d89ca46
yellow_trip_hourly,Taxi,quantity,1364,0.0558428128232,1,55119,b47e98e9fdb75d4274a18e3f8a5d8f463418a1d56a6db4db7d9b834c9d89ca46
yellow_trip_hourly,Taxi,quantity,1365,0.0558246702589,2,55119,b47e98e9fdb75d4274a18e3f8a5d8f463418a1d56a6db4db7d9b834c9d89ca46
yellow_trip_hourly,Taxi,quantity,1367,0.0557883851304,4,55119,b47e98e9fdb75d4274a18e3f8a5d8f463418a1d56a6db4db7d9b834c9d89ca46
yellow_trip_hourly,Taxi,quantity,1368,0.0557158148733,1,55119,b47e98e9fdb75d4274a18e3f8a5d8f463418a1d56a6db4db7d9b834c9d89ca46
yellow_trip_hourly,Taxi,quantity,1369,0.055697672309,2,55119,b47e98e9fdb75d4274a18e3f8a5d8f463418a1d56a6db4db7d9b834c9d89ca46
yellow_trip_hourly,Taxi,quantity,1371,0.0556613871805,1,55119,b47e98e9fdb75d4274a18e3f8a5d8f463418a1d56a6db4db7d9b834c9d89ca46
yellow_trip_hourly,Taxi,quantity,1372,0.0556432446162,1,55119,b47e98e9fdb75d4274a18e3f8a5d8f463418a1d56a6db4db7d9b834c9d89ca46
yellow_trip_hourly,Taxi,quantity,1373,0.0556251020519,2,55119,b47e98e9fdb75d4274a18e3f8a5d8f463418a1d56a6db4db7d9b834c9d89ca46
yellow_trip_hourly,Taxi,quantity,1374,0.0555888169234,2,55119,b47e98e9fdb75d4274a18e3f8a5d8f463418a1d56a6db4db7d9b834c9d89ca46
yellow_trip_hourly,Taxi,quantity,1375,0.0555525317948,2,55119,b47e98e9fdb75d4274a18e3f8a5d8f463418a1d56a6db4db7d9b834c9d89ca46
yellow_trip_hourly,Taxi,quantity,1376,0.0555162466663,2,55119,b47e98e9fdb75d4274a18e3f8a5d8f463418a1d56a6db4db7d9b834c9d89ca46
yellow_trip_hourly,Taxi,quantity,1377,0.0554799615378,2,55119,b47e98e9fdb75d4274a18e3f8a5d8f463418a1d56a6db4db7d9b834c9d89ca46
yellow_trip_hourly,Taxi,quantity,1378,0.0554436764092,1,55119,b47e98e9fdb75d4274a18e3f8a5d8f463418a1d56a6db4db7d9b834c9d89ca46
yellow_trip_hourly,Taxi,quantity,1380,0.055425533845,3,55119,b47e98e9fdb75d4274a18e3f8a5d8f463418a1d56a6db4db7d9b834c9d89ca46
yellow_trip_hourly,Taxi,quantity,1381,0.0553711061521,3,55119,b47e98e9fdb75d4274a18e3f8a5d8f463418a1d56a6db4db7d9b834c9d89ca46
yellow_trip_hourly,Taxi,quantity,1382,0.0553166784593,2,55119,b47e98e9fdb75d4274a18e3f8a5d8f463418a1d56a6db4db7d9b834c9d89ca46
yellow_trip_hourly,Taxi,quantity,1383,0.0552803933308,1,55119,b47e98e9fdb75d4274a18e3f8a5d8f463418a1d56a6db4db7d9b834c9d89ca46
yellow_trip_hourly,Taxi,quantity,1384,0.0552622507665,2,55119,b47e98e9fdb75d4274a18e3f8a5d8f463418a1d56a6db4db7d9b834c9d89ca46
yellow_trip_hourly,Taxi,quantity,1385,0.055225965638,4,55119,b47e98e9fdb75d4274a18e3f8a5d8f463418a1d56a6db4db7d9b834c9d89ca46
yellow_trip_hourly,Taxi,quantity,1387,0.0551533953809,2,55119,b47e98e9fdb75d4274a18e3f8a5d8f463418a1d56a6db4db7d9b834c9d89ca46
yellow_trip_hourly,Taxi,quantity,1388,0.0551171102524,1,55119,b47e98e9fdb75d4274a18e3f8a5d8f463418a1d56a6db4db7d9b834c9d89ca46
yellow_trip_hourly,Taxi,quantity,1389,0.0550989676881,3,55119,b47e98e9fdb75d4274a18e3f8a5d8f463418a1d56a6db4db7d9b834c9d89ca46
yellow_trip_hourly,Taxi,quantity,1390,0.0550445399953,3,55119,b47e98e9fdb75d4274a18e3f8a5d8f463418a1d56a6db4db7d9b834c9d89ca46
yellow_trip_hourly,Taxi,quantity,1391,0.0549901123025,2,55119,b47e98e9fdb75d4274a18e3f8a5d8f463418a1d56a6db4db7d9b834c9d89ca46
yellow_trip_hourly,Taxi,quantity,1392,0.0549538271739,1,55119,b47e98e9fdb75d4274a18e3f8a5d8f463418a1d56a6db4db7d9b834c9d89ca46
yellow_trip_hourly,Taxi,quantity,1393,0.0549356846097,1,55119,b47e98e9fdb75d4274a18e3f8a5d8f463418a1d56a6db4db7d9b834c9d89ca46
yellow_trip_hourly,Taxi,quantity,1394,0.0549175420454,1,55119,b47e98e9fdb75d4274a18e3f8a5d8f463418a1d56a6db4db7d9b834c9d89ca46
yellow_trip_hourly,Taxi,quantity,1395,0.0548993994811,2,55119,b47e98e9fdb75d4274a18e3f8a5d8f463418a1d56a6db4db7d9b834c9d89ca46
yellow_trip_hourly,Taxi,quantity,1396,0.0548631143526,1,55119,b47e98e9fdb75d4274a18e3f8a5d8f463418a1d56a6db4db7d9b834c9d89ca46
yellow_trip_hourly,Taxi,quantity,1397,0.0548449717883,2,55119,b47e98e9fdb75d4274a18e3f8a5d8f463418a1d56a6db4db7d9b834c9d89ca46
yellow_trip_hourly,Taxi,quantity,1398,0.0548086866598,4,55119,b47e98e9fdb75d4274a18e3f8a5d8f463418a1d56a6db4db7d9b834c9d89ca46
yellow_trip_hourly,Taxi,quantity,1399,0.0547361164027,2,55119,b47e98e9fdb75d4274a18e3f8a5d8f463418a1d56a6db4db7d9b834c9d89ca46
yellow_trip_hourly,Taxi,quantity,1401,0.0546998312742,2,55119,b47e98e9fdb75d4274a18e3f8a5d8f463418a1d56a6db4db7d9b834c9d89ca46
yellow_trip_hourly,Taxi,quantity,1402,0.0546635461456,2,55119,b47e98e9fdb75d4274a18e3f8a5d8f463418a1d56a6db4db7d9b834c9d89ca46
yellow_trip_hourly,Taxi,quantity,1403,0.0546272610171,1,55119,b47e98e9fdb75d4274a18e3f8a5d8f463418a1d56a6db4db7d9b834c9d89ca46
yellow_trip_hourly,Taxi,quantity,1405,0.0546091184528,5,55119,b47e98e9fdb75d4274a18e3f8a5d8f463418a1d56a6db4db7d9b834c9d89ca46
yellow_trip_hourly,Taxi,quantity,1406,0.0545184056315,3,55119,b47e98e9fdb75d4274a18e3f8a5d8f463418a1d56a6db4db7d9b834c9d89ca46
yellow_trip_hourly,Taxi,quantity,1407,0.0544639779386,2,55119,b47e98e9fdb75d4274a18e3f8a5d8f463418a1d56a6db4db7d9b834c9d89ca46
yellow_trip_hourly,Taxi,quantity,1408,0.0544276928101,1,55119,b47e98e9fdb75d4274a18e3f8a5d8f463418a1d56a6db4db7d9b834c9d89ca46
yellow_trip_hourly,Taxi,quantity,1409,0.0544095502458,3,55119,b47e98e9fdb75d4274a18e3f8a5d8f463418a1d56a6db4db7d9b834c9d89ca46
yellow_trip_hourly,Taxi,quantity,1410,0.054355122553,2,55119,b47e98e9fdb75d4274a18e3f8a5d8f463418a1d56a6db4db7d9b834c9d89ca46
yellow_trip_hourly,Taxi,quantity,1413,0.0543188374245,1,55119,b47e98e9fdb75d4274a18e3f8a5d8f463418a1d56a6db4db7d9b834c9d89ca46
yellow_trip_hourly,Taxi,quantity,1414,0.0543006948602,3,55119,b47e98e9fdb75d4274a18e3f8a5d8f463418a1d56a6db4db7d9b834c9d89ca46
yellow_trip_hourly,Taxi,quantity,1415,0.0542462671674,1,55119,b47e98e9fdb75d4274a18e3f8a5d8f463418a1d56a6db4db7d9b834c9d89ca46
yellow_trip_hourly,Taxi,quantity,1416,0.0542281246031,1,55119,b47e98e9fdb75d4274a18e3f8a5d8f463418a1d56a6db4db7d9b834c9d89ca46
yellow_trip_hourly,Taxi,quantity,1417,0.0542099820389,1,55119,b47e98e9fdb75d4274a18e3f8a5d8f463418a1d56a6db4db7d9b834c9d89ca46
yellow_trip_hourly,Taxi,quantity,1419,0.0541918394746,4,55119,b47e98e9fdb75d4274a18e3f8a5d8f463418a1d56a6db4db7d9b834c9d89ca46
yellow_trip_hourly,Taxi,quantity,1422,0.0541192692175,5,55119,b47e98e9fdb75d4274a18e3f8a5d8f463418a1d56a6db4db7d9b834c9d89ca46
yellow_trip_hourly,Taxi,quantity,1424,0.0540285563962,1,55119,b47e98e9fdb75d4274a18e3f8a5d8f463418a1d56a6db4db7d9b834c9d89ca46
yellow_trip_hourly,Taxi,quantity,1425,0.0540104138319,1,55119,b47e98e9fdb75d4274a18e3f8a5d8f463418a1d56a6db4db7d9b834c9d89ca46
yellow_trip_hourly,Taxi,quantity,1427,0.0539922712676,3,55119,b47e98e9fdb75d4274a18e3f8a5d8f463418a1d56a6db4db7d9b834c9d89ca46
yellow_trip_hourly,Taxi,quantity,1428,0.0539378435748,3,55119,b47e98e9fdb75d4274a18e3f8a5d8f463418a1d56a6db4db7d9b834c9d89ca46
yellow_trip_hourly,Taxi,quantity,1429,0.053883415882,2,55119,b47e98e9fdb75d4274a18e3f8a5d8f463418a1d56a6db4db7d9b834c9d89ca46
yellow_trip_hourly,Taxi,quantity,1430,0.0538471307535,2,55119,b47e98e9fdb75d4274a18e3f8a5d8f463418a1d56a6db4db7d9b834c9d89ca46
yellow_trip_hourly,Taxi,quantity,1431,0.0538108456249,1,55119,b47e98e9fdb75d4274a18e3f8a5d8f463418a1d56a6db4db7d9b834c9d89ca46
yellow_trip_hourly,Taxi,quantity,1432,0.0537927030607,1,55119,b47e98e9fdb75d4274a18e3f8a5d8f463418a1d56a6db4db7d9b834c9d89ca46
yellow_trip_hourly,Taxi,quantity,1433,0.0537745604964,1,55119,b47e98e9fdb75d4274a18e3f8a5d8f463418a1d56a6db4db7d9b834c9d89ca46
yellow_trip_hourly,Taxi,quantity,1435,0.0537564179321,2,55119,b47e98e9fdb75d4274a18e3f8a5d8f463418a1d56a6db4db7d9b834c9d89ca46
yellow_trip_hourly,Taxi,quantity,1436,0.0537201328036,2,55119,b47e98e9fdb75d4274a18e3f8a5d8f463418a1d56a6db4db7d9b834c9d89ca46
yellow_trip_hourly,Taxi,quantity,1437,0.053683847675,1,55119,b47e98e9fdb75d4274a18e3f8a5d8f463418a1d56a6db4db7d9b834c9d89ca46
yellow_trip_hourly,Taxi,quantity,1438,0.0536657051108,3,55119,b47e98e9fdb75d4274a18e3f8a5d8f463418a1d56a6db4db7d9b834c9d89ca46
yellow_trip_hourly,Taxi,quantity,1440,0.053611277418,3,55119,b47e98e9fdb75d4274a18e3f8a5d8f463418a1d56a6db4db7d9b834c9d89ca46
yellow_trip_hourly,Taxi,quantity,1441,0.0535568497251,6,55119,b47e98e9fdb75d4274a18e3f8a5d8f463418a1d56a6db4db7d9b834c9d89ca46
yellow_trip_hourly,Taxi,quantity,1443,0.0534479943395,2,55119,b47e98e9fdb75d4274a18e3f8a5d8f463418a1d56a6db4db7d9b834c9d89ca46
yellow_trip_hourly,Taxi,quantity,1444,0.053411709211,2,55119,b47e98e9fdb75d4274a18e3f8a5d8f463418a1d56a6db4db7d9b834c9d89ca46
yellow_trip_hourly,Taxi,quantity,1445,0.0533754240824,3,55119,b47e98e9fdb75d4274a18e3f8a5d8f463418a1d56a6db4db7d9b834c9d89ca46
yellow_trip_hourly,Taxi,quantity,1446,0.0533209963896,1,55119,b47e98e9fdb75d4274a18e3f8a5d8f463418a1d56a6db4db7d9b834c9d89ca46
yellow_trip_hourly,Taxi,quantity,1447,0.0533028538254,2,55119,b47e98e9fdb75d4274a18e3f8a5d8f463418a1d56a6db4db7d9b834c9d89ca46
yellow_trip_hourly,Taxi,quantity,1448,0.0532665686968,2,55119,b47e98e9fdb75d4274a18e3f8a5d8f463418a1d56a6db4db7d9b834c9d89ca46
yellow_trip_hourly,Taxi,quantity,1449,0.0532302835683,2,55119,b47e98e9fdb75d4274a18e3f8a5d8f463418a1d56a6db4db7d9b834c9d89ca46
yellow_trip_hourly,Taxi,quantity,1450,0.0531939984397,1,55119,b47e98e9fdb75d4274a18e3f8a5d8f463418a1d56a6db4db7d9b834c9d89ca46
yellow_trip_hourly,Taxi,quantity,1451,0.0531758558755,2,55119,b47e98e9fdb75d4274a18e3f8a5d8f463418a1d56a6db4db7d9b834c9d89ca46
yellow_trip_hourly,Taxi,quantity,1452,0.0531395707469,3,55119,b47e98e9fdb75d4274a18e3f8a5d8f463418a1d56a6db4db7d9b834c9d89ca46
yellow_trip_hourly,Taxi,quantity,1453,0.0530851430541,1,55119,b47e98e9fdb75d4274a18e3f8a5d8f463418a1d56a6db4db7d9b834c9d89ca46
yellow_trip_hourly,Taxi,quantity,1454,0.0530670004898,4,55119,b47e98e9fdb75d4274a18e3f8a5d8f463418a1d56a6db4db7d9b834c9d89ca46
yellow_trip_hourly,Taxi,quantity,1455,0.0529944302328,2,55119,b47e98e9fdb75d4274a18e3f8a5d8f463418a1d56a6db4db7d9b834c9d89ca46
yellow_trip_hourly,Taxi,quantity,1457,0.0529581451042,2,55119,b47e98e9fdb75d4274a18e3f8a5d8f463418a1d56a6db4db7d9b834c9d89ca46
yellow_trip_hourly,Taxi,quantity,1458,0.0529218599757,1,55119,b47e98e9fdb75d4274a18e3f8a5d8f463418a1d56a6db4db7d9b834c9d89ca46
yellow_trip_hourly,Taxi,quantity,1459,0.0529037174114,1,55119,b47e98e9fdb75d4274a18e3f8a5d8f463418a1d56a6db4db7d9b834c9d89ca46
yellow_trip_hourly,Taxi,quantity,1460,0.0528855748471,2,55119,b47e98e9fdb75d4274a18e3f8a5d8f463418a1d56a6db4db7d9b834c9d89ca46
yellow_trip_hourly,Taxi,quantity,1461,0.0528492897186,1,55119,b47e98e9fdb75d4274a18e3f8a5d8f463418a1d56a6db4db7d9b834c9d89ca46
yellow_trip_hourly,Taxi,quantity,1462,0.0528311471543,3,55119,b47e98e9fdb75d4274a18e3f8a5d8f463418a1d56a6db4db7d9b834c9d89ca46
yellow_trip_hourly,Taxi,quantity,1463,0.0527767194615,3,55119,b47e98e9fdb75d4274a18e3f8a5d8f463418a1d56a6db4db7d9b834c9d89ca46
yellow_trip_hourly,Taxi,quantity,1464,0.0527222917687,1,55119,b47e98e9fdb75d4274a18e3f8a5d8f463418a1d56a6db4db7d9b834c9d89ca46
yellow_trip_hourly,Taxi,quantity,1465,0.0527041492044,3,55119,b47e98e9fdb75d4274a18e3f8a5d8f463418a1d56a6db4db7d9b834c9d89ca46
yellow_trip_hourly,Taxi,quantity,1466,0.0526497215116,2,55119,b47e98e9fdb75d4274a18e3f8a5d8f463418a1d56a6db4db7d9b834c9d89ca46
yellow_trip_hourly,Taxi,quantity,1468,0.0526134363831,1,55119,b47e98e9fdb75d4274a18e3f8a5d8f463418a1d56a6db4db7d9b834c9d89ca46
yellow_trip_hourly,Taxi,quantity,1469,0.0525952938188,2,55119,b47e98e9fdb75d4274a18e3f8a5d8f463418a1d56a6db4db7d9b834c9d89ca46
yellow_trip_hourly,Taxi,quantity,1470,0.0525590086903,1,55119,b47e98e9fdb75d4274a18e3f8a5d8f463418a1d56a6db4db7d9b834c9d89ca46
yellow_trip_hourly,Taxi,quantity,1471,0.052540866126,2,55119,b47e98e9fdb75d4274a18e3f8a5d8f463418a1d56a6db4db7d9b834c9d89ca46
yellow_trip_hourly,Taxi,quantity,1472,0.0525045809975,1,55119,b47e98e9fdb75d4274a18e3f8a5d8f463418a1d56a6db4db7d9b834c9d89ca46
yellow_trip_hourly,Taxi,quantity,1473,0.0524864384332,2,55119,b47e98e9fdb75d4274a18e3f8a5d8f463418a1d56a6db4db7d9b834c9d89ca46
yellow_trip_hourly,Taxi,quantity,1474,0.0524501533047,1,55119,b47e98e9fdb75d4274a18e3f8a5d8f463418a1d56a6db4db7d9b834c9d89ca46
yellow_trip_hourly,Taxi,quantity,1475,0.0524320107404,4,55119,b47e98e9fdb75d4274a18e3f8a5d8f463418a1d56a6db4db7d9b834c9d89ca46
yellow_trip_hourly,Taxi,quantity,1476,0.0523594404833,3,55119,b47e98e9fdb75d4274a18e3f8a5d8f463418a1d56a6db4db7d9b834c9d89ca46
yellow_trip_hourly,Taxi,quantity,1477,0.0523050127905,2,55119,b47e98e9fdb75d4274a18e3f8a5d8f463418a1d56a6db4db7d9b834c9d89ca46
yellow_trip_hourly,Taxi,quantity,1478,0.052268727662,3,55119,b47e98e9fdb75d4274a18e3f8a5d8f463418a1d56a6db4db7d9b834c9d89ca46
yellow_trip_hourly,Taxi,quantity,1479,0.0522142999692,2,55119,b47e98e9fdb75d4274a18e3f8a5d8f463418a1d56a6db4db7d9b834c9d89ca46
yellow_trip_hourly,Taxi,quantity,1480,0.0521780148406,2,55119,b47e98e9fdb75d4274a18e3f8a5d8f463418a1d56a6db4db7d9b834c9d89ca46
yellow_trip_hourly,Taxi,quantity,1481,0.0521417297121,1,55119,b47e98e9fdb75d4274a18e3f8a5d8f463418a1d56a6db4db7d9b834c9d89ca46
yellow_trip_hourly,Taxi,quantity,1482,0.0521235871478,2,55119,b47e98e9fdb75d4274a18e3f8a5d8f463418a1d56a6db4db7d9b834c9d89ca46
yellow_trip_hourly,Taxi,quantity,1484,0.0520873020193,3,55119,b47e98e9fdb75d4274a18e3f8a5d8f463418a1d56a6db4db7d9b834c9d89ca46
yellow_trip_hourly,Taxi,quantity,1485,0.0520328743265,2,55119,b47e98e9fdb75d4274a18e3f8a5d8f463418a1d56a6db4db7d9b834c9d89ca46
yellow_trip_hourly,Taxi,quantity,1486,0.0519965891979,1,55119,b47e98e9fdb75d4274a18e3f8a5d8f463418a1d56a6db4db7d9b834c9d89ca46
yellow_trip_hourly,Taxi,quantity,1487,0.0519784466336,1,55119,b47e98e9fdb75d4274a18e3f8a5d8f463418a1d56a6db4db7d9b834c9d89ca46
yellow_trip_hourly,Taxi,quantity,1488,0.0519603040694,3,55119,b47e98e9fdb75d4274a18e3f8a5d8f463418a1d56a6db4db7d9b834c9d89ca46
yellow_trip_hourly,Taxi,quantity,1490,0.0519058763766,1,55119,b47e98e9fdb75d4274a18e3f8a5d8f463418a1d56a6db4db7d9b834c9d89ca46
yellow_trip_hourly,Taxi,quantity,1492,0.0518877338123,1,55119,b47e98e9fdb75d4274a18e3f8a5d8f463418a1d56a6db4db7d9b834c9d89ca46
yellow_trip_hourly,Taxi,quantity,1493,0.051869591248,4,55119,b47e98e9fdb75d4274a18e3f8a5d8f463418a1d56a6db4db7d9b834c9d89ca46
yellow_trip_hourly,Taxi,quantity,1494,0.0517970209909,1,55119,b47e98e9fdb75d4274a18e3f8a5d8f463418a1d56a6db4db7d9b834c9d89ca46
yellow_trip_hourly,Taxi,quantity,1495,0.0517788784267,5,55119,b47e98e9fdb75d4274a18e3f8a5d8f463418a1d56a6db4db7d9b834c9d89ca46
yellow_trip_hourly,Taxi,quantity,1496,0.0516881656053,1,55119,b47e98e9fdb75d4274a18e3f8a5d8f463418a1d56a6db4db7d9b834c9d89ca46
yellow_trip_hourly,Taxi,quantity,1497,0.0516700230411,2,55119,b47e98e9fdb75d4274a18e3f8a5d8f463418a1d56a6db4db7d9b834c9d89ca46
yellow_trip_hourly,Taxi,quantity,1498,0.0516337379125,3,55119,b47e98e9fdb75d4274a18e3f8a5d8f463418a1d56a6db4db7d9b834c9d89ca46
yellow_trip_hourly,Taxi,quantity,1500,0.0515793102197,2,55119,b47e98e9fdb75d4274a18e3f8a5d8f463418a1d56a6db4db7d9b834c9d89ca46
yellow_trip_hourly,Taxi,quantity,1501,0.0515430250912,1,55119,b47e98e9fdb75d4274a18e3f8a5d8f463418a1d56a6db4db7d9b834c9d89ca46
yellow_trip_hourly,Taxi,quantity,1503,0.0515248825269,3,55119,b47e98e9fdb75d4274a18e3f8a5d8f463418a1d56a6db4db7d9b834c9d89ca46
yellow_trip_hourly,Taxi,quantity,1504,0.0514704548341,2,55119,b47e98e9fdb75d4274a18e3f8a5d8f463418a1d56a6db4db7d9b834c9d89ca46
yellow_trip_hourly,Taxi,quantity,1505,0.0514341697055,2,55119,b47e98e9fdb75d4274a18e3f8a5d8f463418a1d56a6db4db7d9b834c9d89ca46
yellow_trip_hourly,Taxi,quantity,1506,0.051397884577,3,55119,b47e98e9fdb75d4274a18e3f8a5d8f463418a1d56a6db4db7d9b834c9d89ca46
yellow_trip_hourly,Taxi,quantity,1507,0.0513434568842,3,55119,b47e98e9fdb75d4274a18e3f8a5d8f463418a1d56a6db4db7d9b834c9d89ca46
yellow_trip_hourly,Taxi,quantity,1508,0.0512890291914,1,55119,b47e98e9fdb75d4274a18e3f8a5d8f463418a1d56a6db4db7d9b834c9d89ca46
yellow_trip_hourly,Taxi,quantity,1509,0.0512708866271,4,55119,b47e98e9fdb75d4274a18e3f8a5d8f463418a1d56a6db4db7d9b834c9d89ca46
yellow_trip_hourly,Taxi,quantity,1510,0.05119831637,2,55119,b47e98e9fdb75d4274a18e3f8a5d8f463418a1d56a6db4db7d9b834c9d89ca46
yellow_trip_hourly,Taxi,quantity,1512,0.0511620312415,1,55119,b47e98e9fdb75d4274a18e3f8a5d8f463418a1d56a6db4db7d9b834c9d89ca46
yellow_trip_hourly,Taxi,quantity,1513,0.0511438886772,3,55119,b47e98e9fdb75d4274a18e3f8a5d8f463418a1d56a6db4db7d9b834c9d89ca46
yellow_trip_hourly,Taxi,quantity,1515,0.0510894609844,1,55119,b47e98e9fdb75d4274a18e3f8a5d8f463418a1d56a6db4db7d9b834c9d89ca46
yellow_trip_hourly,Taxi,quantity,1516,0.0510713184201,2,55119,b47e98e9fdb75d4274a18e3f8a5d8f463418a1d56a6db4db7d9b834c9d89ca46
yellow_trip_hourly,Taxi,quantity,1517,0.0510350332916,3,55119,b47e98e9fdb75d4274a18e3f8a5d8f463418a1d56a6db4db7d9b834c9d89ca46
yellow_trip_hourly,Taxi,quantity,1518,0.0509806055988,1,55119,b47e98e9fdb75d4274a18e3f8a5d8f463418a1d56a6db4db7d9b834c9d89ca46
yellow_trip_hourly,Taxi,quantity,1519,0.0509624630345,3,55119,b47e98e9fdb75d4274a18e3f8a5d8f463418a1d56a6db4db7d9b834c9d89ca46
yellow_trip_hourly,Taxi,quantity,1520,0.0509080353417,1,55119,b47e98e9fdb75d4274a18e3f8a5d8f463418a1d56a6db4db7d9b834c9d89ca46
yellow_trip_hourly,Taxi,quantity,1521,0.0508898927774,1,55119,b47e98e9fdb75d4274a18e3f8a5d8f463418a1d56a6db4db7d9b834c9d89ca46
yellow_trip_hourly,Taxi,quantity,1522,0.0508717502132,1,55119,b47e98e9fdb75d4274a18e3f8a5d8f463418a1d56a6db4db7d9b834c9d89ca46
yellow_trip_hourly,Taxi,quantity,1523,0.0508536076489,4,55119,b47e98e9fdb75d4274a18e3f8a5d8f463418a1d56a6db4db7d9b834c9d89ca46
yellow_trip_hourly,Taxi,quantity,1525,0.0507810373918,1,55119,b47e98e9fdb75d4274a18e3f8a5d8f463418a1d56a6db4db7d9b834c9d89ca46
yellow_trip_hourly,Taxi,quantity,1526,0.0507628948276,1,55119,b47e98e9fdb75d4274a18e3f8a5d8f463418a1d56a6db4db7d9b834c9d89ca46
yellow_trip_hourly,Taxi,quantity,1527,0.0507447522633,1,55119,b47e98e9fdb75d4274a18e3f8a5d8f463418a1d56a6db4db7d9b834c9d89ca46
yellow_trip_hourly,Taxi,quantity,1528,0.050726609699,3,55119,b47e98e9fdb75d4274a18e3f8a5d8f463418a1d56a6db4db7d9b834c9d89ca46
yellow_trip_hourly,Taxi,quantity,1530,0.0506721820062,2,55119,b47e98e9fdb75d4274a18e3f8a5d8f463418a1d56a6db4db7d9b834c9d89ca46
yellow_trip_hourly,Taxi,quantity,1531,0.0506358968777,1,55119,b47e98e9fdb75d4274a18e3f8a5d8f463418a1d56a6db4db7d9b834c9d89ca46
yellow_trip_hourly,Taxi,quantity,1532,0.0506177543134,4,55119,b47e98e9fdb75d4274a18e3f8a5d8f463418a1d56a6db4db7d9b834c9d89ca46
yellow_trip_hourly,Taxi,quantity,1534,0.0505451840563,1,55119,b47e98e9fdb75d4274a18e3f8a5d8f463418a1d56a6db4db7d9b834c9d89ca46
yellow_trip_hourly,Taxi,quantity,1536,0.050527041492,3,55119,b47e98e9fdb75d4274a18e3f8a5d8f463418a1d56a6db4db7d9b834c9d89ca46
yellow_trip_hourly,Taxi,quantity,1537,0.0504726137992,4,55119,b47e98e9fdb75d4274a18e3f8a5d8f463418a1d56a6db4db7d9b834c9d89ca46
yellow_trip_hourly,Taxi,quantity,1539,0.0504000435422,3,55119,b47e98e9fdb75d4274a18e3f8a5d8f463418a1d56a6db4db7d9b834c9d89ca46
yellow_trip_hourly,Taxi,quantity,1540,0.0503456158493,1,55119,b47e98e9fdb75d4274a18e3f8a5d8f463418a1d56a6db4db7d9b834c9d89ca46
yellow_trip_hourly,Taxi,quantity,1541,0.0503274732851,4,55119,b47e98e9fdb75d4274a18e3f8a5d8f463418a1d56a6db4db7d9b834c9d89ca46
yellow_trip_hourly,Taxi,quantity,1542,0.050254903028,5,55119,b47e98e9fdb75d4274a18e3f8a5d8f463418a1d56a6db4db7d9b834c9d89ca46
yellow_trip_hourly,Taxi,quantity,1543,0.0501641902066,2,55119,b47e98e9fdb75d4274a18e3f8a5d8f463418a1d56a6db4db7d9b834c9d89ca46
yellow_trip_hourly,Taxi,quantity,1544,0.0501279050781,2,55119,b47e98e9fdb75d4274a18e3f8a5d8f463418a1d56a6db4db7d9b834c9d89ca46
yellow_trip_hourly,Taxi,quantity,1545,0.0500916199496,2,55119,b47e98e9fdb75d4274a18e3f8a5d8f463418a1d56a6db4db7d9b834c9d89ca46
yellow_trip_hourly,Taxi,quantity,1546,0.050055334821,1,55119,b47e98e9fdb75d4274a18e3f8a5d8f463418a1d56a6db4db7d9b834c9d89ca46
yellow_trip_hourly,Taxi,quantity,1547,0.0500371922568,2,55119,b47e98e9fdb75d4274a18e3f8a5d8f463418a1d56a6db4db7d9b834c9d89ca46
yellow_trip_hourly,Taxi,quantity,1548,0.0500009071282,2,55119,b47e98e9fdb75d4274a18e3f8a5d8f463418a1d56a6db4db7d9b834c9d89ca46
yellow_trip_hourly,Taxi,quantity,1549,0.0499646219997,2,55119,b47e98e9fdb75d4274a18e3f8a5d8f463418a1d56a6db4db7d9b834c9d89ca46
yellow_trip_hourly,Taxi,quantity,1550,0.0499283368711,1,55119,b47e98e9fdb75d4274a18e3f8a5d8f463418a1d56a6db4db7d9b834c9d89ca46
yellow_trip_hourly,Taxi,quantity,1551,0.0499101943069,2,55119,b47e98e9fdb75d4274a18e3f8a5d8f463418a1d56a6db4db7d9b834c9d89ca46
yellow_trip_hourly,Taxi,quantity,1552,0.0498739091783,4,55119,b47e98e9fdb75d4274a18e3f8a5d8f463418a1d56a6db4db7d9b834c9d89ca46
yellow_trip_hourly,Taxi,quantity,1554,0.0498013389212,2,55119,b47e98e9fdb75d4274a18e3f8a5d8f463418a1d56a6db4db7d9b834c9d89ca46
yellow_trip_hourly,Taxi,quantity,1555,0.0497650537927,3,55119,b47e98e9fdb75d4274a18e3f8a5d8f463418a1d56a6db4db7d9b834c9d89ca46
yellow_trip_hourly,Taxi,quantity,1556,0.0497106260999,1,55119,b47e98e9fdb75d4274a18e3f8a5d8f463418a1d56a6db4db7d9b834c9d89ca46
yellow_trip_hourly,Taxi,quantity,1557,0.0496924835356,1,55119,b47e98e9fdb75d4274a18e3f8a5d8f463418a1d56a6db4db7d9b834c9d89ca46
yellow_trip_hourly,Taxi,quantity,1558,0.0496743409714,1,55119,b47e98e9fdb75d4274a18e3f8a5d8f463418a1d56a6db4db7d9b834c9d89ca46
yellow_trip_hourly,Taxi,quantity,1559,0.0496561984071,4,55119,b47e98e9fdb75d4274a18e3f8a5d8f463418a1d56a6db4db7d9b834c9d89ca46
yellow_trip_hourly,Taxi,quantity,1561,0.04958362815,4,55119,b47e98e9fdb75d4274a18e3f8a5d8f463418a1d56a6db4db7d9b834c9d89ca46
yellow_trip_hourly,Taxi,quantity,1562,0.0495110578929,3,55119,b47e98e9fdb75d4274a18e3f8a5d8f463418a1d56a6db4db7d9b834c9d89ca46
yellow_trip_hourly,Taxi,quantity,1563,0.0494566302001,3,55119,b47e98e9fdb75d4274a18e3f8a5d8f463418a1d56a6db4db7d9b834c9d89ca46
yellow_trip_hourly,Taxi,quantity,1564,0.0494022025073,2,55119,b47e98e9fdb75d4274a18e3f8a5d8f463418a1d56a6db4db7d9b834c9d89ca46
yellow_trip_hourly,Taxi,quantity,1565,0.0493659173788,1,55119,b47e98e9fdb75d4274a18e3f8a5d8f463418a1d56a6db4db7d9b834c9d89ca46
yellow_trip_hourly,Taxi,quantity,1566,0.0493477748145,5,55119,b47e98e9fdb75d4274a18e3f8a5d8f463418a1d56a6db4db7d9b834c9d89ca46
yellow_trip_hourly,Taxi,quantity,1569,0.0492570619931,1,55119,b47e98e9fdb75d4274a18e3f8a5d8f463418a1d56a6db4db7d9b834c9d89ca46
yellow_trip_hourly,Taxi,quantity,1570,0.0492389194289,2,55119,b47e98e9fdb75d4274a18e3f8a5d8f463418a1d56a6db4db7d9b834c9d89ca46
yellow_trip_hourly,Taxi,quantity,1571,0.0492026343003,2,55119,b47e98e9fdb75d4274a18e3f8a5d8f463418a1d56a6db4db7d9b834c9d89ca46
yellow_trip_hourly,Taxi,quantity,1572,0.0491663491718,2,55119,b47e98e9fdb75d4274a18e3f8a5d8f463418a1d56a6db4db7d9b834c9d89ca46
yellow_trip_hourly,Taxi,quantity,1573,0.0491300640433,2,55119,b47e98e9fdb75d4274a18e3f8a5d8f463418a1d56a6db4db7d9b834c9d89ca46
yellow_trip_hourly,Taxi,quantity,1574,0.0490937789147,2,55119,b47e98e9fdb75d4274a18e3f8a5d8f463418a1d56a6db4db7d9b834c9d89ca46
yellow_trip_hourly,Taxi,quantity,1576,0.0490574937862,1,55119,b47e98e9fdb75d4274a18e3f8a5d8f463418a1d56a6db4db7d9b834c9d89ca46
yellow_trip_hourly,Taxi,quantity,1577,0.0490393512219,3,55119,b47e98e9fdb75d4274a18e3f8a5d8f463418a1d56a6db4db7d9b834c9d89ca46
yellow_trip_hourly,Taxi,quantity,1578,0.0489849235291,3,55119,b47e98e9fdb75d4274a18e3f8a5d8f463418a1d56a6db4db7d9b834c9d89ca46
yellow_trip_hourly,Taxi,quantity,1579,0.0489304958363,1,55119,b47e98e9fdb75d4274a18e3f8a5d8f463418a1d56a6db4db7d9b834c9d89ca46
yellow_trip_hourly,Taxi,quantity,1581,0.048912353272,3,55119,b47e98e9fdb75d4274a18e3f8a5d8f463418a1d56a6db4db7d9b834c9d89ca46
yellow_trip_hourly,Taxi,quantity,1582,0.0488579255792,1,55119,b47e98e9fdb75d4274a18e3f8a5d8f463418a1d56a6db4db7d9b834c9d89ca46
yellow_trip_hourly,Taxi,quantity,1583,0.0488397830149,2,55119,b47e98e9fdb75d4274a18e3f8a5d8f463418a1d56a6db4db7d9b834c9d89ca46
yellow_trip_hourly,Taxi,quantity,1584,0.0488034978864,1,55119,b47e98e9fdb75d4274a18e3f8a5d8f463418a1d56a6db4db7d9b834c9d89ca46
yellow_trip_hourly,Taxi,quantity,1586,0.0487853553221,2,55119,b47e98e9fdb75d4274a18e3f8a5d8f463418a1d56a6db4db7d9b834c9d89ca46
yellow_trip_hourly,Taxi,quantity,1587,0.0487490701936,1,55119,b47e98e9fdb75d4274a18e3f8a5d8f463418a1d56a6db4db7d9b834c9d89ca46
yellow_trip_hourly,Taxi,quantity,1591,0.0487309276293,1,55119,b47e98e9fdb75d4274a18e3f8a5d8f463418a1d56a6db4db7d9b834c9d89ca46
yellow_trip_hourly,Taxi,quantity,1592,0.048712785065,2,55119,b47e98e9fdb75d4274a18e3f8a5d8f463418a1d56a6db4db7d9b834c9d89ca46
yellow_trip_hourly,Taxi,quantity,1593,0.0486764999365,1,55119,b47e98e9fdb75d4274a18e3f8a5d8f463418a1d56a6db4db7d9b834c9d89ca46
yellow_trip_hourly,Taxi,quantity,1594,0.0486583573722,1,55119,b47e98e9fdb75d4274a18e3f8a5d8f463418a1d56a6db4db7d9b834c9d89ca46
yellow_trip_hourly,Taxi,quantity,1595,0.048640214808,2,55119,b47e98e9fdb75d4274a18e3f8a5d8f463418a1d56a6db4db7d9b834c9d89ca46
yellow_trip_hourly,Taxi,quantity,1596,0.0486039296794,1,55119,b47e98e9fdb75d4274a18e3f8a5d8f463418a1d56a6db4db7d9b834c9d89ca46
yellow_trip_hourly,Taxi,quantity,1597,0.0485857871152,3,55119,b47e98e9fdb75d4274a18e3f8a5d8f463418a1d56a6db4db7d9b834c9d89ca46
yellow_trip_hourly,Taxi,quantity,1598,0.0485313594223,1,55119,b47e98e9fdb75d4274a18e3f8a5d8f463418a1d56a6db4db7d9b834c9d89ca46
yellow_trip_hourly,Taxi,quantity,1600,0.0485132168581,2,55119,b47e98e9fdb75d4274a18e3f8a5d8f463418a1d56a6db4db7d9b834c9d89ca46
yellow_trip_hourly,Taxi,quantity,1601,0.0484769317295,2,55119,b47e98e9fdb75d4274a18e3f8a5d8f463418a1d56a6db4db7d9b834c9d89ca46
yellow_trip_hourly,Taxi,quantity,1603,0.048440646601,2,55119,b47e98e9fdb75d4274a18e3f8a5d8f463418a1d56a6db4db7d9b834c9d89ca46
yellow_trip_hourly,Taxi,quantity,1604,0.0484043614725,2,55119,b47e98e9fdb75d4274a18e3f8a5d8f463418a1d56a6db4db7d9b834c9d89ca46
yellow_trip_hourly,Taxi,quantity,1605,0.0483680763439,4,55119,b47e98e9fdb75d4274a18e3f8a5d8f463418a1d56a6db4db7d9b834c9d89ca46
yellow_trip_hourly,Taxi,quantity,1608,0.0482955060868,1,55119,b47e98e9fdb75d4274a18e3f8a5d8f463418a1d56a6db4db7d9b834c9d89ca46
yellow_trip_hourly,Taxi,quantity,1609,0.0482773635226,2,55119,b47e98e9fdb75d4274a18e3f8a5d8f463418a1d56a6db4db7d9b834c9d89ca46
yellow_trip_hourly,Taxi,quantity,1610,0.048241078394,5,55119,b47e98e9fdb75d4274a18e3f8a5d8f463418a1d56a6db4db7d9b834c9d89ca46
yellow_trip_hourly,Taxi,quantity,1611,0.0481503655727,2,55119,b47e98e9fdb75d4274a18e3f8a5d8f463418a1d56a6db4db7d9b834c9d89ca46
yellow_trip_hourly,Taxi,quantity,1613,0.0481140804441,3,55119,b47e98e9fdb75d4274a18e3f8a5d8f463418a1d56a6db4db7d9b834c9d89ca46
yellow_trip_hourly,Taxi,quantity,1614,0.0480596527513,1,55119,b47e98e9fdb75d4274a18e3f8a5d8f463418a1d56a6db4db7d9b834c9d89ca46
yellow_trip_hourly,Taxi,quantity,1615,0.048041510187,4,55119,b47e98e9fdb75d4274a18e3f8a5d8f463418a1d56a6db4db7d9b834c9d89ca46
yellow_trip_hourly,Taxi,quantity,1616,0.04796893993,5,55119,b47e98e9fdb75d4274a18e3f8a5d8f463418a1d56a6db4db7d9b834c9d89ca46
yellow_trip_hourly,Taxi,quantity,1618,0.0478782271086,4,55119,b47e98e9fdb75d4274a18e3f8a5d8f463418a1d56a6db4db7d9b834c9d89ca46
yellow_trip_hourly,Taxi,quantity,1619,0.0478056568515,1,55119,b47e98e9fdb75d4274a18e3f8a5d8f463418a1d56a6db4db7d9b834c9d89ca46
yellow_trip_hourly,Taxi,quantity,1620,0.0477875142873,4,55119,b47e98e9fdb75d4274a18e3f8a5d8f463418a1d56a6db4db7d9b834c9d89ca46
yellow_trip_hourly,Taxi,quantity,1621,0.0477149440302,6,55119,b47e98e9fdb75d4274a18e3f8a5d8f463418a1d56a6db4db7d9b834c9d89ca46
yellow_trip_hourly,Taxi,quantity,1622,0.0476060886446,4,55119,b47e98e9fdb75d4274a18e3f8a5d8f463418a1d56a6db4db7d9b834c9d89ca46
yellow_trip_hourly,Taxi,quantity,1623,0.0475335183875,2,55119,b47e98e9fdb75d4274a18e3f8a5d8f463418a1d56a6db4db7d9b834c9d89ca46
yellow_trip_hourly,Taxi,quantity,1625,0.0474972332589,7,55119,b47e98e9fdb75d4274a18e3f8a5d8f463418a1d56a6db4db7d9b834c9d89ca46
yellow_trip_hourly,Taxi,quantity,1626,0.0473702353091,4,55119,b47e98e9fdb75d4274a18e3f8a5d8f463418a1d56a6db4db7d9b834c9d89ca46
yellow_trip_hourly,Taxi,quantity,1627,0.047297665052,5,55119,b47e98e9fdb75d4274a18e3f8a5d8f463418a1d56a6db4db7d9b834c9d89ca46
yellow_trip_hourly,Taxi,quantity,1628,0.0472069522306,2,55119,b47e98e9fdb75d4274a18e3f8a5d8f463418a1d56a6db4db7d9b834c9d89ca46
yellow_trip_hourly,Taxi,quantity,1629,0.0471706671021,2,55119,b47e98e9fdb75d4274a18e3f8a5d8f463418a1d56a6db4db7d9b834c9d89ca46
yellow_trip_hourly,Taxi,quantity,1630,0.0471343819735,1,55119,b47e98e9fdb75d4274a18e3f8a5d8f463418a1d56a6db4db7d9b834c9d89ca46
yellow_trip_hourly,Taxi,quantity,1631,0.0471162394093,3,55119,b47e98e9fdb75d4274a18e3f8a5d8f463418a1d56a6db4db7d9b834c9d89ca46
yellow_trip_hourly,Taxi,quantity,1632,0.0470618117165,1,55119,b47e98e9fdb75d4274a18e3f8a5d8f463418a1d56a6db4db7d9b834c9d89ca46
yellow_trip_hourly,Taxi,quantity,1634,0.0470436691522,1,55119,b47e98e9fdb75d4274a18e3f8a5d8f463418a1d56a6db4db7d9b834c9d89ca46
yellow_trip_hourly,Taxi,quantity,1635,0.0470255265879,1,55119,b47e98e9fdb75d4274a18e3f8a5d8f463418a1d56a6db4db7d9b834c9d89ca46
yellow_trip_hourly,Taxi,quantity,1637,0.0470073840237,1,55119,b47e98e9fdb75d4274a18e3f8a5d8f463418a1d56a6db4db7d9b834c9d89ca46
yellow_trip_hourly,Taxi,quantity,1638,0.0469892414594,4,55119,b47e98e9fdb75d4274a18e3f8a5d8f463418a1d56a6db4db7d9b834c9d89ca46
yellow_trip_hourly,Taxi,quantity,1639,0.0469166712023,3,55119,b47e98e9fdb75d4274a18e3f8a5d8f463418a1d56a6db4db7d9b834c9d89ca46
yellow_trip_hourly,Taxi,quantity,1640,0.0468622435095,2,55119,b47e98e9fdb75d4274a18e3f8a5d8f463418a1d56a6db4db7d9b834c9d89ca46
yellow_trip_hourly,Taxi,quantity,1641,0.046825958381,2,55119,b47e98e9fdb75d4274a18e3f8a5d8f463418a1d56a6db4db7d9b834c9d89ca46
yellow_trip_hourly,Taxi,quantity,1642,0.0467896732524,1,55119,b47e98e9fdb75d4274a18e3f8a5d8f463418a1d56a6db4db7d9b834c9d89ca46
yellow_trip_hourly,Taxi,quantity,1643,0.0467715306881,2,55119,b47e98e9fdb75d4274a18e3f8a5d8f463418a1d56a6db4db7d9b834c9d89ca46
yellow_trip_hourly,Taxi,quantity,1644,0.0467352455596,1,55119,b47e98e9fdb75d4274a18e3f8a5d8f463418a1d56a6db4db7d9b834c9d89ca46
yellow_trip_hourly,Taxi,quantity,1645,0.0467171029953,4,55119,b47e98e9fdb75d4274a18e3f8a5d8f463418a1d56a6db4db7d9b834c9d89ca46
yellow_trip_hourly,Taxi,quantity,1646,0.0466445327383,1,55119,b47e98e9fdb75d4274a18e3f8a5d8f463418a1d56a6db4db7d9b834c9d89ca46
yellow_trip_hourly,Taxi,quantity,1647,0.046626390174,4,55119,b47e98e9fdb75d4274a18e3f8a5d8f463418a1d56a6db4db7d9b834c9d89ca46
yellow_trip_hourly,Taxi,quantity,1648,0.0465538199169,2,55119,b47e98e9fdb75d4274a18e3f8a5d8f463418a1d56a6db4db7d9b834c9d89ca46
yellow_trip_hourly,Taxi,quantity,1649,0.0465175347884,5,55119,b47e98e9fdb75d4274a18e3f8a5d8f463418a1d56a6db4db7d9b834c9d89ca46
yellow_trip_hourly,Taxi,quantity,1650,0.046426821967,2,55119,b47e98e9fdb75d4274a18e3f8a5d8f463418a1d56a6db4db7d9b834c9d89ca46
yellow_trip_hourly,Taxi,quantity,1651,0.0463905368385,5,55119,b47e98e9fdb75d4274a18e3f8a5d8f463418a1d56a6db4db7d9b834c9d89ca46
yellow_trip_hourly,Taxi,quantity,1654,0.0462998240171,2,55119,b47e98e9fdb75d4274a18e3f8a5d8f463418a1d56a6db4db7d9b834c9d89ca46
yellow_trip_hourly,Taxi,quantity,1655,0.0462635388886,1,55119,b47e98e9fdb75d4274a18e3f8a5d8f463418a1d56a6db4db7d9b834c9d89ca46
yellow_trip_hourly,Taxi,quantity,1656,0.0462453963243,2,55119,b47e98e9fdb75d4274a18e3f8a5d8f463418a1d56a6db4db7d9b834c9d89ca46
yellow_trip_hourly,Taxi,quantity,1658,0.0462091111958,3,55119,b47e98e9fdb75d4274a18e3f8a5d8f463418a1d56a6db4db7d9b834c9d89ca46
yellow_trip_hourly,Taxi,quantity,1659,0.046154683503,4,55119,b47e98e9fdb75d4274a18e3f8a5d8f463418a1d56a6db4db7d9b834c9d89ca46
yellow_trip_hourly,Taxi,quantity,1660,0.0460821132459,2,55119,b47e98e9fdb75d4274a18e3f8a5d8f463418a1d56a6db4db7d9b834c9d89ca46
yellow_trip_hourly,Taxi,quantity,1661,0.0460458281173,1,55119,b47e98e9fdb75d4274a18e3f8a5d8f463418a1d56a6db4db7d9b834c9d89ca46
yellow_trip_hourly,Taxi,quantity,1662,0.0460276855531,3,55119,b47e98e9fdb75d4274a18e3f8a5d8f463418a1d56a6db4db7d9b834c9d89ca46
yellow_trip_hourly,Taxi,quantity,1663,0.0459732578603,3,55119,b47e98e9fdb75d4274a18e3f8a5d8f463418a1d56a6db4db7d9b834c9d89ca46
yellow_trip_hourly,Taxi,quantity,1664,0.0459188301675,3,55119,b47e98e9fdb75d4274a18e3f8a5d8f463418a1d56a6db4db7d9b834c9d89ca46
yellow_trip_hourly,Taxi,quantity,1665,0.0458644024746,1,55119,b47e98e9fdb75d4274a18e3f8a5d8f463418a1d56a6db4db7d9b834c9d89ca46
yellow_trip_hourly,Taxi,quantity,1666,0.0458462599104,1,55119,b47e98e9fdb75d4274a18e3f8a5d8f463418a1d56a6db4db7d9b834c9d89ca46
yellow_trip_hourly,Taxi,quantity,1667,0.0458281173461,1,55119,b47e98e9fdb75d4274a18e3f8a5d8f463418a1d56a6db4db7d9b834c9d89ca46
yellow_trip_hourly,Taxi,quantity,1668,0.0458099747818,2,55119,b47e98e9fdb75d4274a18e3f8a5d8f463418a1d56a6db4db7d9b834c9d89ca46
yellow_trip_hourly,Taxi,quantity,1669,0.0457736896533,2,55119,b47e98e9fdb75d4274a18e3f8a5d8f463418a1d56a6db4db7d9b834c9d89ca46
yellow_trip_hourly,Taxi,quantity,1670,0.0457374045248,2,55119,b47e98e9fdb75d4274a18e3f8a5d8f463418a1d56a6db4db7d9b834c9d89ca46
yellow_trip_hourly,Taxi,quantity,1671,0.0457011193962,2,55119,b47e98e9fdb75d4274a18e3f8a5d8f463418a1d56a6db4db7d9b834c9d89ca46
yellow_trip_hourly,Taxi,quantity,1672,0.0456648342677,6,55119,b47e98e9fdb75d4274a18e3f8a5d8f463418a1d56a6db4db7d9b834c9d89ca46
yellow_trip_hourly,Taxi,quantity,1674,0.0455559788821,1,55119,b47e98e9fdb75d4274a18e3f8a5d8f463418a1d56a6db4db7d9b834c9d89ca46
yellow_trip_hourly,Taxi,quantity,1675,0.0455378363178,3,55119,b47e98e9fdb75d4274a18e3f8a5d8f463418a1d56a6db4db7d9b834c9d89ca46
yellow_trip_hourly,Taxi,quantity,1676,0.045483408625,2,55119,b47e98e9fdb75d4274a18e3f8a5d8f463418a1d56a6db4db7d9b834c9d89ca46
yellow_trip_hourly,Taxi,quantity,1678,0.0454471234964,2,55119,b47e98e9fdb75d4274a18e3f8a5d8f463418a1d56a6db4db7d9b834c9d89ca46
yellow_trip_hourly,Taxi,quantity,1679,0.0454108383679,3,55119,b47e98e9fdb75d4274a18e3f8a5d8f463418a1d56a6db4db7d9b834c9d89ca46
yellow_trip_hourly,Taxi,quantity,1680,0.0453564106751,1,55119,b47e98e9fdb75d4274a18e3f8a5d8f463418a1d56a6db4db7d9b834c9d89ca46
yellow_trip_hourly,Taxi,quantity,1681,0.0453382681108,1,55119,b47e98e9fdb75d4274a18e3f8a5d8f463418a1d56a6db4db7d9b834c9d89ca46
yellow_trip_hourly,Taxi,quantity,1682,0.0453201255465,1,55119,b47e98e9fdb75d4274a18e3f8a5d8f463418a1d56a6db4db7d9b834c9d89ca46
yellow_trip_hourly,Taxi,quantity,1685,0.0453019829823,2,55119,b47e98e9fdb75d4274a18e3f8a5d8f463418a1d56a6db4db7d9b834c9d89ca46
yellow_trip_hourly,Taxi,quantity,1686,0.0452656978537,2,55119,b47e98e9fdb75d4274a18e3f8a5d8f463418a1d56a6db4db7d9b834c9d89ca46
yellow_trip_hourly,Taxi,quantity,1687,0.0452294127252,1,55119,b47e98e9fdb75d4274a18e3f8a5d8f463418a1d56a6db4db7d9b834c9d89ca46
yellow_trip_hourly,Taxi,quantity,1688,0.0452112701609,2,55119,b47e98e9fdb75d4274a18e3f8a5d8f463418a1d56a6db4db7d9b834c9d89ca46
yellow_trip_hourly,Taxi,quantity,1689,0.0451749850324,3,55119,b47e98e9fdb75d4274a18e3f8a5d8f463418a1d56a6db4db7d9b834c9d89ca46
yellow_trip_hourly,Taxi,quantity,1690,0.0451205573396,1,55119,b47e98e9fdb75d4274a18e3f8a5d8f463418a1d56a6db4db7d9b834c9d89ca46
yellow_trip_hourly,Taxi,quantity,1691,0.0451024147753,4,55119,b47e98e9fdb75d4274a18e3f8a5d8f463418a1d56a6db4db7d9b834c9d89ca46
yellow_trip_hourly,Taxi,quantity,1692,0.0450298445182,1,55119,b47e98e9fdb75d4274a18e3f8a5d8f463418a1d56a6db4db7d9b834c9d89ca46
yellow_trip_hourly,Taxi,quantity,1693,0.045011701954,1,55119,b47e98e9fdb75d4274a18e3f8a5d8f463418a1d56a6db4db7d9b834c9d89ca46
yellow_trip_hourly,Taxi,quantity,1694,0.0449935593897,3,55119,b47e98e9fdb75d4274a18e3f8a5d8f463418a1d56a6db4db7d9b834c9d89ca46
yellow_trip_hourly,Taxi,quantity,1695,0.0449391316969,3,55119,b47e98e9fdb75d4274a18e3f8a5d8f463418a1d56a6db4db7d9b834c9d89ca46
yellow_trip_hourly,Taxi,quantity,1697,0.0448847040041,2,55119,b47e98e9fdb75d4274a18e3f8a5d8f463418a1d56a6db4db7d9b834c9d89ca46
yellow_trip_hourly,Taxi,quantity,1698,0.0448484188755,1,55119,b47e98e9fdb75d4274a18e3f8a5d8f463418a1d56a6db4db7d9b834c9d89ca46
yellow_trip_hourly,Taxi,quantity,1700,0.0448302763113,1,55119,b47e98e9fdb75d4274a18e3f8a5d8f463418a1d56a6db4db7d9b834c9d89ca46
yellow_trip_hourly,Taxi,quantity,1701,0.044812133747,4,55119,b47e98e9fdb75d4274a18e3f8a5d8f463418a1d56a6db4db7d9b834c9d89ca46
yellow_trip_hourly,Taxi,quantity,1702,0.0447395634899,5,55119,b47e98e9fdb75d4274a18e3f8a5d8f463418a1d56a6db4db7d9b834c9d89ca46
yellow_trip_hourly,Taxi,quantity,1703,0.0446488506686,2,55119,b47e98e9fdb75d4274a18e3f8a5d8f463418a1d56a6db4db7d9b834c9d89ca46
yellow_trip_hourly,Taxi,quantity,1704,0.04461256554,2,55119,b47e98e9fdb75d4274a18e3f8a5d8f463418a1d56a6db4db7d9b834c9d89ca46
yellow_trip_hourly,Taxi,quantity,1705,0.0445762804115,1,55119,b47e98e9fdb75d4274a18e3f8a5d8f463418a1d56a6db4db7d9b834c9d89ca46
yellow_trip_hourly,Taxi,quantity,1706,0.0445581378472,1,55119,b47e98e9fdb75d4274a18e3f8a5d8f463418a1d56a6db4db7d9b834c9d89ca46
yellow_trip_hourly,Taxi,quantity,1707,0.0445399952829,2,55119,b47e98e9fdb75d4274a18e3f8a5d8f463418a1d56a6db4db7d9b834c9d89ca46
yellow_trip_hourly,Taxi,quantity,1708,0.0445037101544,1,55119,b47e98e9fdb75d4274a18e3f8a5d8f463418a1d56a6db4db7d9b834c9d89ca46
yellow_trip_hourly,Taxi,quantity,1710,0.0444855675901,2,55119,b47e98e9fdb75d4274a18e3f8a5d8f463418a1d56a6db4db7d9b834c9d89ca46
yellow_trip_hourly,Taxi,quantity,1711,0.0444492824616,1,55119,b47e98e9fdb75d4274a18e3f8a5d8f463418a1d56a6db4db7d9b834c9d89ca46
yellow_trip_hourly,Taxi,quantity,1712,0.0444311398973,2,55119,b47e98e9fdb75d4274a18e3f8a5d8f463418a1d56a6db4db7d9b834c9d89ca46
yellow_trip_hourly,Taxi,quantity,1713,0.0443948547688,3,55119,b47e98e9fdb75d4274a18e3f8a5d8f463418a1d56a6db4db7d9b834c9d89ca46
yellow_trip_hourly,Taxi,quantity,1714,0.044340427076,2,55119,b47e98e9fdb75d4274a18e3f8a5d8f463418a1d56a6db4db7d9b834c9d89ca46
yellow_trip_hourly,Taxi,quantity,1715,0.0443041419474,1,55119,b47e98e9fdb75d4274a18e3f8a5d8f463418a1d56a6db4db7d9b834c9d89ca46
yellow_trip_hourly,Taxi,quantity,1716,0.0442859993832,1,55119,b47e98e9fdb75d4274a18e3f8a5d8f463418a1d56a6db4db7d9b834c9d89ca46
yellow_trip_hourly,Taxi,quantity,1718,0.0442678568189,1,55119,b47e98e9fdb75d4274a18e3f8a5d8f463418a1d56a6db4db7d9b834c9d89ca46
yellow_trip_hourly,Taxi,quantity,1719,0.0442497142546,4,55119,b47e98e9fdb75d4274a18e3f8a5d8f463418a1d56a6db4db7d9b834c9d89ca46
yellow_trip_hourly,Taxi,quantity,1720,0.0441771439975,6,55119,b47e98e9fdb75d4274a18e3f8a5d8f463418a1d56a6db4db7d9b834c9d89ca46
yellow_trip_hourly,Taxi,quantity,1721,0.0440682886119,2,55119,b47e98e9fdb75d4274a18e3f8a5d8f463418a1d56a6db4db7d9b834c9d89ca46
yellow_trip_hourly,Taxi,quantity,1722,0.0440320034834,1,55119,b47e98e9fdb75d4274a18e3f8a5d8f463418a1d56a6db4db7d9b834c9d89ca46
yellow_trip_hourly,Taxi,quantity,1723,0.0440138609191,3,55119,b47e98e9fdb75d4274a18e3f8a5d8f463418a1d56a6db4db7d9b834c9d89ca46
yellow_trip_hourly,Taxi,quantity,1724,0.0439594332263,1,55119,b47e98e9fdb75d4274a18e3f8a5d8f463418a1d56a6db4db7d9b834c9d89ca46
yellow_trip_hourly,Taxi,quantity,1725,0.043941290662,2,55119,b47e98e9fdb75d4274a18e3f8a5d8f463418a1d56a6db4db7d9b834c9d89ca46
yellow_trip_hourly,Taxi,quantity,1726,0.0439050055335,2,55119,b47e98e9fdb75d4274a18e3f8a5d8f463418a1d56a6db4db7d9b834c9d89ca46
yellow_trip_hourly,Taxi,quantity,1727,0.0438687204049,4,55119,b47e98e9fdb75d4274a18e3f8a5d8f463418a1d56a6db4db7d9b834c9d89ca46
yellow_trip_hourly,Taxi,quantity,1728,0.0437961501479,1,55119,b47e98e9fdb75d4274a18e3f8a5d8f463418a1d56a6db4db7d9b834c9d89ca46
yellow_trip_hourly,Taxi,quantity,1729,0.0437780075836,2,55119,b47e98e9fdb75d4274a18e3f8a5d8f463418a1d56a6db4db7d9b834c9d89ca46
yellow_trip_hourly,Taxi,quantity,1731,0.0437417224551,2,55119,b47e98e9fdb75d4274a18e3f8a5d8f463418a1d56a6db4db7d9b834c9d89ca46
yellow_trip_hourly,Taxi,quantity,1732,0.0437054373265,2,55119,b47e98e9fdb75d4274a18e3f8a5d8f463418a1d56a6db4db7d9b834c9d89ca46
yellow_trip_hourly,Taxi,quantity,1733,0.043669152198,4,55119,b47e98e9fdb75d4274a18e3f8a5d8f463418a1d56a6db4db7d9b834c9d89ca46
yellow_trip_hourly,Taxi,quantity,1734,0.0435965819409,2,55119,b47e98e9fdb75d4274a18e3f8a5d8f463418a1d56a6db4db7d9b834c9d89ca46
yellow_trip_hourly,Taxi,quantity,1735,0.0435602968124,1,55119,b47e98e9fdb75d4274a18e3f8a5d8f463418a1d56a6db4db7d9b834c9d89ca46
yellow_trip_hourly,Taxi,quantity,1736,0.0435421542481,1,55119,b47e98e9fdb75d4274a18e3f8a5d8f463418a1d56a6db4db7d9b834c9d89ca46
yellow_trip_hourly,Taxi,quantity,1737,0.0435240116838,4,55119,b47e98e9fdb75d4274a18e3f8a5d8f463418a1d56a6db4db7d9b834c9d89ca46
yellow_trip_hourly,Taxi,quantity,1738,0.0434514414267,2,55119,b47e98e9fdb75d4274a18e3f8a5d8f463418a1d56a6db4db7d9b834c9d89ca46
yellow_trip_hourly,Taxi,quantity,1740,0.0434151562982,4,55119,b47e98e9fdb75d4274a18e3f8a5d8f463418a1d56a6db4db7d9b834c9d89ca46
yellow_trip_hourly,Taxi,quantity,1741,0.0433425860411,1,55119,b47e98e9fdb75d4274a18e3f8a5d8f463418a1d56a6db4db7d9b834c9d89ca46
yellow_trip_hourly,Taxi,quantity,1742,0.0433244434768,4,55119,b47e98e9fdb75d4274a18e3f8a5d8f463418a1d56a6db4db7d9b834c9d89ca46
yellow_trip_hourly,Taxi,quantity,1743,0.0432518732198,1,55119,b47e98e9fdb75d4274a18e3f8a5d8f463418a1d56a6db4db7d9b834c9d89ca46
yellow_trip_hourly,Taxi,quantity,1744,0.0432337306555,4,55119,b47e98e9fdb75d4274a18e3f8a5d8f463418a1d56a6db4db7d9b834c9d89ca46
yellow_trip_hourly,Taxi,quantity,1745,0.0431611603984,1,55119,b47e98e9fdb75d4274a18e3f8a5d8f463418a1d56a6db4db7d9b834c9d89ca46
yellow_trip_hourly,Taxi,quantity,1746,0.0431430178341,1,55119,b47e98e9fdb75d4274a18e3f8a5d8f463418a1d56a6db4db7d9b834c9d89ca46
yellow_trip_hourly,Taxi,quantity,1747,0.0431248752699,2,55119,b47e98e9fdb75d4274a18e3f8a5d8f463418a1d56a6db4db7d9b834c9d89ca46
yellow_trip_hourly,Taxi,quantity,1748,0.0430885901413,1,55119,b47e98e9fdb75d4274a18e3f8a5d8f463418a1d56a6db4db7d9b834c9d89ca46
yellow_trip_hourly,Taxi,quantity,1749,0.0430704475771,1,55119,b47e98e9fdb75d4274a18e3f8a5d8f463418a1d56a6db4db7d9b834c9d89ca46
yellow_trip_hourly,Taxi,quantity,1750,0.0430523050128,2,55119,b47e98e9fdb75d4274a18e3f8a5d8f463418a1d56a6db4db7d9b834c9d89ca46
yellow_trip_hourly,Taxi,quantity,1751,0.0430160198843,4,55119,b47e98e9fdb75d4274a18e3f8a5d8f463418a1d56a6db4db7d9b834c9d89ca46
yellow_trip_hourly,Taxi,quantity,1752,0.0429434496272,1,55119,b47e98e9fdb75d4274a18e3f8a5d8f463418a1d56a6db4db7d9b834c9d89ca46
yellow_trip_hourly,Taxi,quantity,1753,0.0429253070629,2,55119,b47e98e9fdb75d4274a18e3f8a5d8f463418a1d56a6db4db7d9b834c9d89ca46
yellow_trip_hourly,Taxi,quantity,1754,0.0428890219344,3,55119,b47e98e9fdb75d4274a18e3f8a5d8f463418a1d56a6db4db7d9b834c9d89ca46
yellow_trip_hourly,Taxi,quantity,1756,0.0428345942416,2,55119,b47e98e9fdb75d4274a18e3f8a5d8f463418a1d56a6db4db7d9b834c9d89ca46
yellow_trip_hourly,Taxi,quantity,1757,0.042798309113,1,55119,b47e98e9fdb75d4274a18e3f8a5d8f463418a1d56a6db4db7d9b834c9d89ca46
yellow_trip_hourly,Taxi,quantity,1758,0.0427801665487,2,55119,b47e98e9fdb75d4274a18e3f8a5d8f463418a1d56a6db4db7d9b834c9d89ca46
yellow_trip_hourly,Taxi,quantity,1759,0.0427438814202,2,55119,b47e98e9fdb75d4274a18e3f8a5d8f463418a1d56a6db4db7d9b834c9d89ca46
yellow_trip_hourly,Taxi,quantity,1760,0.0427075962917,1,55119,b47e98e9fdb75d4274a18e3f8a5d8f463418a1d56a6db4db7d9b834c9d89ca46
yellow_trip_hourly,Taxi,quantity,1761,0.0426894537274,5,55119,b47e98e9fdb75d4274a18e3f8a5d8f463418a1d56a6db4db7d9b834c9d89ca46
yellow_trip_hourly,Taxi,quantity,1762,0.042598740906,2,55119,b47e98e9fdb75d4274a18e3f8a5d8f463418a1d56a6db4db7d9b834c9d89ca46
yellow_trip_hourly,Taxi,quantity,1763,0.0425624557775,3,55119,b47e98e9fdb75d4274a18e3f8a5d8f463418a1d56a6db4db7d9b834c9d89ca46
yellow_trip_hourly,Taxi,quantity,1764,0.0425080280847,1,55119,b47e98e9fdb75d4274a18e3f8a5d8f463418a1d56a6db4db7d9b834c9d89ca46
yellow_trip_hourly,Taxi,quantity,1765,0.0424898855204,1,55119,b47e98e9fdb75d4274a18e3f8a5d8f463418a1d56a6db4db7d9b834c9d89ca46
yellow_trip_hourly,Taxi,quantity,1767,0.0424717429561,3,55119,b47e98e9fdb75d4274a18e3f8a5d8f463418a1d56a6db4db7d9b834c9d89ca46
yellow_trip_hourly,Taxi,quantity,1769,0.0424173152633,2,55119,b47e98e9fdb75d4274a18e3f8a5d8f463418a1d56a6db4db7d9b834c9d89ca46
yellow_trip_hourly,Taxi,quantity,1770,0.0423810301348,1,55119,b47e98e9fdb75d4274a18e3f8a5d8f463418a1d56a6db4db7d9b834c9d89ca46
yellow_trip_hourly,Taxi,quantity,1771,0.0423628875705,3,55119,b47e98e9fdb75d4274a18e3f8a5d8f463418a1d56a6db4db7d9b834c9d89ca46
yellow_trip_hourly,Taxi,quantity,1772,0.0423084598777,3,55119,b47e98e9fdb75d4274a18e3f8a5d8f463418a1d56a6db4db7d9b834c9d89ca46
yellow_trip_hourly,Taxi,quantity,1774,0.0422540321849,3,55119,b47e98e9fdb75d4274a18e3f8a5d8f463418a1d56a6db4db7d9b834c9d89ca46
yellow_trip_hourly,Taxi,quantity,1775,0.0421996044921,6,55119,b47e98e9fdb75d4274a18e3f8a5d8f463418a1d56a6db4db7d9b834c9d89ca46
yellow_trip_hourly,Taxi,quantity,1776,0.0420907491065,3,55119,b47e98e9fdb75d4274a18e3f8a5d8f463418a1d56a6db4db7d9b834c9d89ca46
yellow_trip_hourly,Taxi,quantity,1777,0.0420363214137,3,55119,b47e98e9fdb75d4274a18e3f8a5d8f463418a1d56a6db4db7d9b834c9d89ca46
yellow_trip_hourly,Taxi,quantity,1779,0.0419818937209,2,55119,b47e98e9fdb75d4274a18e3f8a5d8f463418a1d56a6db4db7d9b834c9d89ca46
yellow_trip_hourly,Taxi,quantity,1781,0.0419456085923,2,55119,b47e98e9fdb75d4274a18e3f8a5d8f463418a1d56a6db4db7d9b834c9d89ca46
yellow_trip_hourly,Taxi,quantity,1782,0.0419093234638,3,55119,b47e98e9fdb75d4274a18e3f8a5d8f463418a1d56a6db4db7d9b834c9d89ca46
yellow_trip_hourly,Taxi,quantity,1783,0.041854895771,3,55119,b47e98e9fdb75d4274a18e3f8a5d8f463418a1d56a6db4db7d9b834c9d89ca46
yellow_trip_hourly,Taxi,quantity,1784,0.0418004680782,2,55119,b47e98e9fdb75d4274a18e3f8a5d8f463418a1d56a6db4db7d9b834c9d89ca46
yellow_trip_hourly,Taxi,quantity,1786,0.0417641829496,3,55119,b47e98e9fdb75d4274a18e3f8a5d8f463418a1d56a6db4db7d9b834c9d89ca46
yellow_trip_hourly,Taxi,quantity,1787,0.0417097552568,1,55119,b47e98e9fdb75d4274a18e3f8a5d8f463418a1d56a6db4db7d9b834c9d89ca46
yellow_trip_hourly,Taxi,quantity,1789,0.0416916126925,3,55119,b47e98e9fdb75d4274a18e3f8a5d8f463418a1d56a6db4db7d9b834c9d89ca46
yellow_trip_hourly,Taxi,quantity,1791,0.0416371849997,1,55119,b47e98e9fdb75d4274a18e3f8a5d8f463418a1d56a6db4db7d9b834c9d89ca46
yellow_trip_hourly,Taxi,quantity,1792,0.0416190424355,2,55119,b47e98e9fdb75d4274a18e3f8a5d8f463418a1d56a6db4db7d9b834c9d89ca46
yellow_trip_hourly,Taxi,quantity,1793,0.0415827573069,1,55119,b47e98e9fdb75d4274a18e3f8a5d8f463418a1d56a6db4db7d9b834c9d89ca46
yellow_trip_hourly,Taxi,quantity,1794,0.0415646147426,1,55119,b47e98e9fdb75d4274a18e3f8a5d8f463418a1d56a6db4db7d9b834c9d89ca46
yellow_trip_hourly,Taxi,quantity,1795,0.0415464721784,3,55119,b47e98e9fdb75d4274a18e3f8a5d8f463418a1d56a6db4db7d9b834c9d89ca46
yellow_trip_hourly,Taxi,quantity,1796,0.0414920444856,1,55119,b47e98e9fdb75d4274a18e3f8a5d8f463418a1d56a6db4db7d9b834c9d89ca46
yellow_trip_hourly,Taxi,quantity,1797,0.0414739019213,2,55119,b47e98e9fdb75d4274a18e3f8a5d8f463418a1d56a6db4db7d9b834c9d89ca46
yellow_trip_hourly,Taxi,quantity,1798,0.0414376167928,3,55119,b47e98e9fdb75d4274a18e3f8a5d8f463418a1d56a6db4db7d9b834c9d89ca46
yellow_trip_hourly,Taxi,quantity,1799,0.0413831890999,2,55119,b47e98e9fdb75d4274a18e3f8a5d8f463418a1d56a6db4db7d9b834c9d89ca46
yellow_trip_hourly,Taxi,quantity,1800,0.0413469039714,1,55119,b47e98e9fdb75d4274a18e3f8a5d8f463418a1d56a6db4db7d9b834c9d89ca46
yellow_trip_hourly,Taxi,quantity,1802,0.0413287614071,2,55119,b47e98e9fdb75d4274a18e3f8a5d8f463418a1d56a6db4db7d9b834c9d89ca46
yellow_trip_hourly,Taxi,quantity,1803,0.0412924762786,1,55119,b47e98e9fdb75d4274a18e3f8a5d8f463418a1d56a6db4db7d9b834c9d89ca46
yellow_trip_hourly,Taxi,quantity,1804,0.0412743337143,3,55119,b47e98e9fdb75d4274a18e3f8a5d8f463418a1d56a6db4db7d9b834c9d89ca46
yellow_trip_hourly,Taxi,quantity,1805,0.0412199060215,2,55119,b47e98e9fdb75d4274a18e3f8a5d8f463418a1d56a6db4db7d9b834c9d89ca46
yellow_trip_hourly,Taxi,quantity,1806,0.041183620893,1,55119,b47e98e9fdb75d4274a18e3f8a5d8f463418a1d56a6db4db7d9b834c9d89ca46
yellow_trip_hourly,Taxi,quantity,1807,0.0411654783287,2,55119,b47e98e9fdb75d4274a18e3f8a5d8f463418a1d56a6db4db7d9b834c9d89ca46
yellow_trip_hourly,Taxi,quantity,1808,0.0411291932002,1,55119,b47e98e9fdb75d4274a18e3f8a5d8f463418a1d56a6db4db7d9b834c9d89ca46
yellow_trip_hourly,Taxi,quantity,1810,0.0411110506359,4,55119,b47e98e9fdb75d4274a18e3f8a5d8f463418a1d56a6db4db7d9b834c9d89ca46
yellow_trip_hourly,Taxi,quantity,1811,0.0410384803788,2,55119,b47e98e9fdb75d4274a18e3f8a5d8f463418a1d56a6db4db7d9b834c9d89ca46
yellow_trip_hourly,Taxi,quantity,1812,0.0410021952503,1,55119,b47e98e9fdb75d4274a18e3f8a5d8f463418a1d56a6db4db7d9b834c9d89ca46
yellow_trip_hourly,Taxi,quantity,1813,0.040984052686,1,55119,b47e98e9fdb75d4274a18e3f8a5d8f463418a1d56a6db4db7d9b834c9d89ca46
yellow_trip_hourly,Taxi,quantity,1815,0.0409659101217,3,55119,b47e98e9fdb75d4274a18e3f8a5d8f463418a1d56a6db4db7d9b834c9d89ca46
yellow_trip_hourly,Taxi,quantity,1816,0.0409114824289,2,55119,b47e98e9fdb75d4274a18e3f8a5d8f463418a1d56a6db4db7d9b834c9d89ca46
yellow_trip_hourly,Taxi,quantity,1817,0.0408751973004,3,55119,b47e98e9fdb75d4274a18e3f8a5d8f463418a1d56a6db4db7d9b834c9d89ca46
yellow_trip_hourly,Taxi,quantity,1821,0.0408207696076,4,55119,b47e98e9fdb75d4274a18e3f8a5d8f463418a1d56a6db4db7d9b834c9d89ca46
yellow_trip_hourly,Taxi,quantity,1823,0.0407481993505,2,55119,b47e98e9fdb75d4274a18e3f8a5d8f463418a1d56a6db4db7d9b834c9d89ca46
yellow_trip_hourly,Taxi,quantity,1824,0.040711914222,2,55119,b47e98e9fdb75d4274a18e3f8a5d8f463418a1d56a6db4db7d9b834c9d89ca46
yellow_trip_hourly,Taxi,quantity,1825,0.0406756290934,1,55119,b47e98e9fdb75d4274a18e3f8a5d8f463418a1d56a6db4db7d9b834c9d89ca46
yellow_trip_hourly,Taxi,quantity,1826,0.0406574865291,3,55119,b47e98e9fdb75d4274a18e3f8a5d8f463418a1d56a6db4db7d9b834c9d89ca46
yellow_trip_hourly,Taxi,quantity,1827,0.0406030588363,2,55119,b47e98e9fdb75d4274a18e3f8a5d8f463418a1d56a6db4db7d9b834c9d89ca46
yellow_trip_hourly,Taxi,quantity,1828,0.0405667737078,3,55119,b47e98e9fdb75d4274a18e3f8a5d8f463418a1d56a6db4db7d9b834c9d89ca46
yellow_trip_hourly,Taxi,quantity,1829,0.040512346015,2,55119,b47e98e9fdb75d4274a18e3f8a5d8f463418a1d56a6db4db7d9b834c9d89ca46
yellow_trip_hourly,Taxi,quantity,1831,0.0404760608864,1,55119,b47e98e9fdb75d4274a18e3f8a5d8f463418a1d56a6db4db7d9b834c9d89ca46
yellow_trip_hourly,Taxi,quantity,1833,0.0404579183222,2,55119,b47e98e9fdb75d4274a18e3f8a5d8f463418a1d56a6db4db7d9b834c9d89ca46
yellow_trip_hourly,Taxi,quantity,1834,0.0404216331936,4,55119,b47e98e9fdb75d4274a18e3f8a5d8f463418a1d56a6db4db7d9b834c9d89ca46
yellow_trip_hourly,Taxi,quantity,1835,0.0403490629366,1,55119,b47e98e9fdb75d4274a18e3f8a5d8f463418a1d56a6db4db7d9b834c9d89ca46
yellow_trip_hourly,Taxi,quantity,1836,0.0403309203723,1,55119,b47e98e9fdb75d4274a18e3f8a5d8f463418a1d56a6db4db7d9b834c9d89ca46
yellow_trip_hourly,Taxi,quantity,1837,0.040312777808,2,55119,b47e98e9fdb75d4274a18e3f8a5d8f463418a1d56a6db4db7d9b834c9d89ca46
yellow_trip_hourly,Taxi,quantity,1840,0.0402764926795,2,55119,b47e98e9fdb75d4274a18e3f8a5d8f463418a1d56a6db4db7d9b834c9d89ca46
yellow_trip_hourly,Taxi,quantity,1842,0.0402402075509,3,55119,b47e98e9fdb75d4274a18e3f8a5d8f463418a1d56a6db4db7d9b834c9d89ca46
yellow_trip_hourly,Taxi,quantity,1843,0.0401857798581,1,55119,b47e98e9fdb75d4274a18e3f8a5d8f463418a1d56a6db4db7d9b834c9d89ca46
yellow_trip_hourly,Taxi,quantity,1844,0.0401676372939,2,55119,b47e98e9fdb75d4274a18e3f8a5d8f463418a1d56a6db4db7d9b834c9d89ca46
yellow_trip_hourly,Taxi,quantity,1845,0.0401313521653,1,55119,b47e98e9fdb75d4274a18e3f8a5d8f463418a1d56a6db4db7d9b834c9d89ca46
yellow_trip_hourly,Taxi,quantity,1846,0.040113209601,4,55119,b47e98e9fdb75d4274a18e3f8a5d8f463418a1d56a6db4db7d9b834c9d89ca46
yellow_trip_hourly,Taxi,quantity,1847,0.040040639344,1,55119,b47e98e9fdb75d4274a18e3f8a5d8f463418a1d56a6db4db7d9b834c9d89ca46
yellow_trip_hourly,Taxi,quantity,1848,0.0400224967797,2,55119,b47e98e9fdb75d4274a18e3f8a5d8f463418a1d56a6db4db7d9b834c9d89ca46
yellow_trip_hourly,Taxi,quantity,1849,0.0399862116512,2,55119,b47e98e9fdb75d4274a18e3f8a5d8f463418a1d56a6db4db7d9b834c9d89ca46
yellow_trip_hourly,Taxi,quantity,1850,0.0399499265226,3,55119,b47e98e9fdb75d4274a18e3f8a5d8f463418a1d56a6db4db7d9b834c9d89ca46
yellow_trip_hourly,Taxi,quantity,1851,0.0398954988298,2,55119,b47e98e9fdb75d4274a18e3f8a5d8f463418a1d56a6db4db7d9b834c9d89ca46
yellow_trip_hourly,Taxi,quantity,1852,0.0398592137013,3,55119,b47e98e9fdb75d4274a18e3f8a5d8f463418a1d56a6db4db7d9b834c9d89ca46
yellow_trip_hourly,Taxi,quantity,1853,0.0398047860085,1,55119,b47e98e9fdb75d4274a18e3f8a5d8f463418a1d56a6db4db7d9b834c9d89ca46
yellow_trip_hourly,Taxi,quantity,1854,0.0397866434442,2,55119,b47e98e9fdb75d4274a18e3f8a5d8f463418a1d56a6db4db7d9b834c9d89ca46
yellow_trip_hourly,Taxi,quantity,1855,0.0397503583156,3,55119,b47e98e9fdb75d4274a18e3f8a5d8f463418a1d56a6db4db7d9b834c9d89ca46
yellow_trip_hourly,Taxi,quantity,1857,0.0396959306228,3,55119,b47e98e9fdb75d4274a18e3f8a5d8f463418a1d56a6db4db7d9b834c9d89ca46
yellow_trip_hourly,Taxi,quantity,1858,0.03964150293,3,55119,b47e98e9fdb75d4274a18e3f8a5d8f463418a1d56a6db4db7d9b834c9d89ca46
yellow_trip_hourly,Taxi,quantity,1860,0.0395870752372,2,55119,b47e98e9fdb75d4274a18e3f8a5d8f463418a1d56a6db4db7d9b834c9d89ca46
yellow_trip_hourly,Taxi,quantity,1862,0.0395507901087,2,55119,b47e98e9fdb75d4274a18e3f8a5d8f463418a1d56a6db4db7d9b834c9d89ca46
yellow_trip_hourly,Taxi,quantity,1863,0.0395145049801,2,55119,b47e98e9fdb75d4274a18e3f8a5d8f463418a1d56a6db4db7d9b834c9d89ca46
yellow_trip_hourly,Taxi,quantity,1864,0.0394782198516,2,55119,b47e98e9fdb75d4274a18e3f8a5d8f463418a1d56a6db4db7d9b834c9d89ca46
yellow_trip_hourly,Taxi,quantity,1865,0.0394419347231,1,55119,b47e98e9fdb75d4274a18e3f8a5d8f463418a1d56a6db4db7d9b834c9d89ca46
yellow_trip_hourly,Taxi,quantity,1866,0.0394237921588,1,55119,b47e98e9fdb75d4274a18e3f8a5d8f463418a1d56a6db4db7d9b834c9d89ca46
yellow_trip_hourly,Taxi,quantity,1867,0.0394056495945,1,55119,b47e98e9fdb75d4274a18e3f8a5d8f463418a1d56a6db4db7d9b834c9d89ca46
yellow_trip_hourly,Taxi,quantity,1868,0.0393875070302,1,55119,b47e98e9fdb75d4274a18e3f8a5d8f463418a1d56a6db4db7d9b834c9d89ca46
yellow_trip_hourly,Taxi,quantity,1869,0.039369364466,1,55119,b47e98e9fdb75d4274a18e3f8a5d8f463418a1d56a6db4db7d9b834c9d89ca46
yellow_trip_hourly,Taxi,quantity,1870,0.0393512219017,1,55119,b47e98e9fdb75d4274a18e3f8a5d8f463418a1d56a6db4db7d9b834c9d89ca46
yellow_trip_hourly,Taxi,quantity,1871,0.0393330793374,2,55119,b47e98e9fdb75d4274a18e3f8a5d8f463418a1d56a6db4db7d9b834c9d89ca46
yellow_trip_hourly,Taxi,quantity,1873,0.0392967942089,1,55119,b47e98e9fdb75d4274a18e3f8a5d8f463418a1d56a6db4db7d9b834c9d89ca46
yellow_trip_hourly,Taxi,quantity,1874,0.0392786516446,2,55119,b47e98e9fdb75d4274a18e3f8a5d8f463418a1d56a6db4db7d9b834c9d89ca46
yellow_trip_hourly,Taxi,quantity,1875,0.0392423665161,1,55119,b47e98e9fdb75d4274a18e3f8a5d8f463418a1d56a6db4db7d9b834c9d89ca46
yellow_trip_hourly,Taxi,quantity,1876,0.0392242239518,2,55119,b47e98e9fdb75d4274a18e3f8a5d8f463418a1d56a6db4db7d9b834c9d89ca46
yellow_trip_hourly,Taxi,quantity,1877,0.0391879388233,2,55119,b47e98e9fdb75d4274a18e3f8a5d8f463418a1d56a6db4db7d9b834c9d89ca46
yellow_trip_hourly,Taxi,quantity,1878,0.0391516536947,2,55119,b47e98e9fdb75d4274a18e3f8a5d8f463418a1d56a6db4db7d9b834c9d89ca46
yellow_trip_hourly,Taxi,quantity,1879,0.0391153685662,2,55119,b47e98e9fdb75d4274a18e3f8a5d8f463418a1d56a6db4db7d9b834c9d89ca46
yellow_trip_hourly,Taxi,quantity,1880,0.0390790834377,3,55119,b47e98e9fdb75d4274a18e3f8a5d8f463418a1d56a6db4db7d9b834c9d89ca46
yellow_trip_hourly,Taxi,quantity,1882,0.0390246557448,1,55119,b47e98e9fdb75d4274a18e3f8a5d8f463418a1d56a6db4db7d9b834c9d89ca46
yellow_trip_hourly,Taxi,quantity,1883,0.0390065131806,2,55119,b47e98e9fdb75d4274a18e3f8a5d8f463418a1d56a6db4db7d9b834c9d89ca46
yellow_trip_hourly,Taxi,quantity,1885,0.038970228052,1,55119,b47e98e9fdb75d4274a18e3f8a5d8f463418a1d56a6db4db7d9b834c9d89ca46
yellow_trip_hourly,Taxi,quantity,1886,0.0389520854878,2,55119,b47e98e9fdb75d4274a18e3f8a5d8f463418a1d56a6db4db7d9b834c9d89ca46
yellow_trip_hourly,Taxi,quantity,1887,0.0389158003592,1,55119,b47e98e9fdb75d4274a18e3f8a5d8f463418a1d56a6db4db7d9b834c9d89ca46
yellow_trip_hourly,Taxi,quantity,1888,0.038897657795,1,55119,b47e98e9fdb75d4274a18e3f8a5d8f463418a1d56a6db4db7d9b834c9d89ca46
yellow_trip_hourly,Taxi,quantity,1890,0.0388795152307,4,55119,b47e98e9fdb75d4274a18e3f8a5d8f463418a1d56a6db4db7d9b834c9d89ca46
yellow_trip_hourly,Taxi,quantity,1891,0.0388069449736,1,55119,b47e98e9fdb75d4274a18e3f8a5d8f463418a1d56a6db4db7d9b834c9d89ca46
yellow_trip_hourly,Taxi,quantity,1892,0.0387888024093,1,55119,b47e98e9fdb75d4274a18e3f8a5d8f463418a1d56a6db4db7d9b834c9d89ca46
yellow_trip_hourly,Taxi,quantity,1894,0.0387706598451,3,55119,b47e98e9fdb75d4274a18e3f8a5d8f463418a1d56a6db4db7d9b834c9d89ca46
yellow_trip_hourly,Taxi,quantity,1895,0.0387162321523,1,55119,b47e98e9fdb75d4274a18e3f8a5d8f463418a1d56a6db4db7d9b834c9d89ca46
yellow_trip_hourly,Taxi,quantity,1896,0.038698089588,2,55119,b47e98e9fdb75d4274a18e3f8a5d8f463418a1d56a6db4db7d9b834c9d89ca46
yellow_trip_hourly,Taxi,quantity,1898,0.0386618044594,2,55119,b47e98e9fdb75d4274a18e3f8a5d8f463418a1d56a6db4db7d9b834c9d89ca46
yellow_trip_hourly,Taxi,quantity,1899,0.0386255193309,1,55119,b47e98e9fdb75d4274a18e3f8a5d8f463418a1d56a6db4db7d9b834c9d89ca46
yellow_trip_hourly,Taxi,quantity,1901,0.0386073767666,1,55119,b47e98e9fdb75d4274a18e3f8a5d8f463418a1d56a6db4db7d9b834c9d89ca46
yellow_trip_hourly,Taxi,quantity,1902,0.0385892342024,3,55119,b47e98e9fdb75d4274a18e3f8a5d8f463418a1d56a6db4db7d9b834c9d89ca46
yellow_trip_hourly,Taxi,quantity,1903,0.0385348065096,3,55119,b47e98e9fdb75d4274a18e3f8a5d8f463418a1d56a6db4db7d9b834c9d89ca46
yellow_trip_hourly,Taxi,quantity,1904,0.0384803788167,1,55119,b47e98e9fdb75d4274a18e3f8a5d8f463418a1d56a6db4db7d9b834c9d89ca46
yellow_trip_hourly,Taxi,quantity,1905,0.0384622362525,3,55119,b47e98e9fdb75d4274a18e3f8a5d8f463418a1d56a6db4db7d9b834c9d89ca46
yellow_trip_hourly,Taxi,quantity,1906,0.0384078085597,1,55119,b47e98e9fdb75d4274a18e3f8a5d8f463418a1d56a6db4db7d9b834c9d89ca46
yellow_trip_hourly,Taxi,quantity,1907,0.0383896659954,3,55119,b47e98e9fdb75d4274a18e3f8a5d8f463418a1d56a6db4db7d9b834c9d89ca46
yellow_trip_hourly,Taxi,quantity,1908,0.0383352383026,1,55119,b47e98e9fdb75d4274a18e3f8a5d8f463418a1d56a6db4db7d9b834c9d89ca46
yellow_trip_hourly,Taxi,quantity,1909,0.0383170957383,2,55119,b47e98e9fdb75d4274a18e3f8a5d8f463418a1d56a6db4db7d9b834c9d89ca46
yellow_trip_hourly,Taxi,quantity,1911,0.0382808106098,3,55119,b47e98e9fdb75d4274a18e3f8a5d8f463418a1d56a6db4db7d9b834c9d89ca46
yellow_trip_hourly,Taxi,quantity,1912,0.038226382917,3,55119,b47e98e9fdb75d4274a18e3f8a5d8f463418a1d56a6db4db7d9b834c9d89ca46
yellow_trip_hourly,Taxi,quantity,1914,0.0381719552242,2,55119,b47e98e9fdb75d4274a18e3f8a5d8f463418a1d56a6db4db7d9b834c9d89ca46
yellow_trip_hourly,Taxi,quantity,1916,0.0381356700956,2,55119,b47e98e9fdb75d4274a18e3f8a5d8f463418a1d56a6db4db7d9b834c9d89ca46
yellow_trip_hourly,Taxi,quantity,1918,0.0380993849671,1,55119,b47e98e9fdb75d4274a18e3f8a5d8f463418a1d56a6db4db7d9b834c9d89ca46
yellow_trip_hourly,Taxi,quantity,1920,0.0380812424028,2,55119,b47e98e9fdb75d4274a18e3f8a5d8f463418a1d56a6db4db7d9b834c9d89ca46
yellow_trip_hourly,Taxi,quantity,1921,0.0380449572743,3,55119,b47e98e9fdb75d4274a18e3f8a5d8f463418a1d56a6db4db7d9b834c9d89ca46
yellow_trip_hourly,Taxi,quantity,1922,0.0379905295815,3,55119,b47e98e9fdb75d4274a18e3f8a5d8f463418a1d56a6db4db7d9b834c9d89ca46
yellow_trip_hourly,Taxi,quantity,1923,0.0379361018886,1,55119,b47e98e9fdb75d4274a18e3f8a5d8f463418a1d56a6db4db7d9b834c9d89ca46
yellow_trip_hourly,Taxi,quantity,1924,0.0379179593244,4,55119,b47e98e9fdb75d4274a18e3f8a5d8f463418a1d56a6db4db7d9b834c9d89ca46
yellow_trip_hourly,Taxi,quantity,1925,0.0378453890673,4,55119,b47e98e9fdb75d4274a18e3f8a5d8f463418a1d56a6db4db7d9b834c9d89ca46
yellow_trip_hourly,Taxi,quantity,1926,0.0377728188102,2,55119,b47e98e9fdb75d4274a18e3f8a5d8f463418a1d56a6db4db7d9b834c9d89ca46
yellow_trip_hourly,Taxi,quantity,1927,0.0377365336817,2,55119,b47e98e9fdb75d4274a18e3f8a5d8f463418a1d56a6db4db7d9b834c9d89ca46
yellow_trip_hourly,Taxi,quantity,1928,0.0377002485531,3,55119,b47e98e9fdb75d4274a18e3f8a5d8f463418a1d56a6db4db7d9b834c9d89ca46
yellow_trip_hourly,Taxi,quantity,1929,0.0376458208603,2,55119,b47e98e9fdb75d4274a18e3f8a5d8f463418a1d56a6db4db7d9b834c9d89ca46
yellow_trip_hourly,Taxi,quantity,1930,0.0376095357318,1,55119,b47e98e9fdb75d4274a18e3f8a5d8f463418a1d56a6db4db7d9b834c9d89ca46
yellow_trip_hourly,Taxi,quantity,1931,0.0375913931675,2,55119,b47e98e9fdb75d4274a18e3f8a5d8f463418a1d56a6db4db7d9b834c9d89ca46
yellow_trip_hourly,Taxi,quantity,1932,0.037555108039,1,55119,b47e98e9fdb75d4274a18e3f8a5d8f463418a1d56a6db4db7d9b834c9d89ca46
yellow_trip_hourly,Taxi,quantity,1934,0.0375369654747,3,55119,b47e98e9fdb75d4274a18e3f8a5d8f463418a1d56a6db4db7d9b834c9d89ca46
yellow_trip_hourly,Taxi,quantity,1937,0.0374825377819,1,55119,b47e98e9fdb75d4274a18e3f8a5d8f463418a1d56a6db4db7d9b834c9d89ca46
yellow_trip_hourly,Taxi,quantity,1938,0.0374643952176,2,55119,b47e98e9fdb75d4274a18e3f8a5d8f463418a1d56a6db4db7d9b834c9d89ca46
yellow_trip_hourly,Taxi,quantity,1939,0.0374281100891,1,55119,b47e98e9fdb75d4274a18e3f8a5d8f463418a1d56a6db4db7d9b834c9d89ca46
yellow_trip_hourly,Taxi,quantity,1940,0.0374099675248,2,55119,b47e98e9fdb75d4274a18e3f8a5d8f463418a1d56a6db4db7d9b834c9d89ca46
yellow_trip_hourly,Taxi,quantity,1941,0.0373736823963,3,55119,b47e98e9fdb75d4274a18e3f8a5d8f463418a1d56a6db4db7d9b834c9d89ca46
yellow_trip_hourly,Taxi,quantity,1942,0.0373192547035,4,55119,b47e98e9fdb75d4274a18e3f8a5d8f463418a1d56a6db4db7d9b834c9d89ca46
yellow_trip_hourly,Taxi,quantity,1943,0.0372466844464,1,55119,b47e98e9fdb75d4274a18e3f8a5d8f463418a1d56a6db4db7d9b834c9d89ca46
yellow_trip_hourly,Taxi,quantity,1944,0.0372285418821,2,55119,b47e98e9fdb75d4274a18e3f8a5d8f463418a1d56a6db4db7d9b834c9d89ca46
yellow_trip_hourly,Taxi,quantity,1945,0.0371922567536,5,55119,b47e98e9fdb75d4274a18e3f8a5d8f463418a1d56a6db4db7d9b834c9d89ca46
yellow_trip_hourly,Taxi,quantity,1946,0.0371015439322,2,55119,b47e98e9fdb75d4274a18e3f8a5d8f463418a1d56a6db4db7d9b834c9d89ca46
yellow_trip_hourly,Taxi,quantity,1948,0.0370652588037,3,55119,b47e98e9fdb75d4274a18e3f8a5d8f463418a1d56a6db4db7d9b834c9d89ca46
yellow_trip_hourly,Taxi,quantity,1949,0.0370108311109,3,55119,b47e98e9fdb75d4274a18e3f8a5d8f463418a1d56a6db4db7d9b834c9d89ca46
yellow_trip_hourly,Taxi,quantity,1950,0.0369564034181,2,55119,b47e98e9fdb75d4274a18e3f8a5d8f463418a1d56a6db4db7d9b834c9d89ca46
yellow_trip_hourly,Taxi,quantity,1951,0.0369201182895,2,55119,b47e98e9fdb75d4274a18e3f8a5d8f463418a1d56a6db4db7d9b834c9d89ca46
yellow_trip_hourly,Taxi,quantity,1952,0.036883833161,3,55119,b47e98e9fdb75d4274a18e3f8a5d8f463418a1d56a6db4db7d9b834c9d89ca46
yellow_trip_hourly,Taxi,quantity,1953,0.0368294054682,2,55119,b47e98e9fdb75d4274a18e3f8a5d8f463418a1d56a6db4db7d9b834c9d89ca46
yellow_trip_hourly,Taxi,quantity,1954,0.0367931203396,1,55119,b47e98e9fdb75d4274a18e3f8a5d8f463418a1d56a6db4db7d9b834c9d89ca46
yellow_trip_hourly,Taxi,quantity,1955,0.0367749777754,2,55119,b47e98e9fdb75d4274a18e3f8a5d8f463418a1d56a6db4db7d9b834c9d89ca46
yellow_trip_hourly,Taxi,quantity,1956,0.0367386926468,1,55119,b47e98e9fdb75d4274a18e3f8a5d8f463418a1d56a6db4db7d9b834c9d89ca46
yellow_trip_hourly,Taxi,quantity,1957,0.0367205500825,1,55119,b47e98e9fdb75d4274a18e3f8a5d8f463418a1d56a6db4db7d9b834c9d89ca46
yellow_trip_hourly,Taxi,quantity,1958,0.0367024075183,1,55119,b47e98e9fdb75d4274a18e3f8a5d8f463418a1d56a6db4db7d9b834c9d89ca46
yellow_trip_hourly,Taxi,quantity,1959,0.036684264954,2,55119,b47e98e9fdb75d4274a18e3f8a5d8f463418a1d56a6db4db7d9b834c9d89ca46
yellow_trip_hourly,Taxi,quantity,1960,0.0366479798255,6,55119,b47e98e9fdb75d4274a18e3f8a5d8f463418a1d56a6db4db7d9b834c9d89ca46
yellow_trip_hourly,Taxi,quantity,1962,0.0365391244398,1,55119,b47e98e9fdb75d4274a18e3f8a5d8f463418a1d56a6db4db7d9b834c9d89ca46
yellow_trip_hourly,Taxi,quantity,1964,0.0365209818756,2,55119,b47e98e9fdb75d4274a18e3f8a5d8f463418a1d56a6db4db7d9b834c9d89ca46
yellow_trip_hourly,Taxi,quantity,1965,0.036484696747,1,55119,b47e98e9fdb75d4274a18e3f8a5d8f463418a1d56a6db4db7d9b834c9d89ca46
yellow_trip_hourly,Taxi,quantity,1966,0.0364665541828,4,55119,b47e98e9fdb75d4274a18e3f8a5d8f463418a1d56a6db4db7d9b834c9d89ca46
yellow_trip_hourly,Taxi,quantity,1967,0.0363939839257,4,55119,b47e98e9fdb75d4274a18e3f8a5d8f463418a1d56a6db4db7d9b834c9d89ca46
yellow_trip_hourly,Taxi,quantity,1968,0.0363214136686,2,55119,b47e98e9fdb75d4274a18e3f8a5d8f463418a1d56a6db4db7d9b834c9d89ca46
yellow_trip_hourly,Taxi,quantity,1970,0.0362851285401,2,55119,b47e98e9fdb75d4274a18e3f8a5d8f463418a1d56a6db4db7d9b834c9d89ca46
yellow_trip_hourly,Taxi,quantity,1972,0.0362488434115,2,55119,b47e98e9fdb75d4274a18e3f8a5d8f463418a1d56a6db4db7d9b834c9d89ca46
yellow_trip_hourly,Taxi,quantity,1973,0.036212558283,2,55119,b47e98e9fdb75d4274a18e3f8a5d8f463418a1d56a6db4db7d9b834c9d89ca46
yellow_trip_hourly,Taxi,quantity,1974,0.0361762731544,1,55119,b47e98e9fdb75d4274a18e3f8a5d8f463418a1d56a6db4db7d9b834c9d89ca46
yellow_trip_hourly,Taxi,quantity,1975,0.0361581305902,2,55119,b47e98e9fdb75d4274a18e3f8a5d8f463418a1d56a6db4db7d9b834c9d89ca46
yellow_trip_hourly,Taxi,quantity,1976,0.0361218454616,1,55119,b47e98e9fdb75d4274a18e3f8a5d8f463418a1d56a6db4db7d9b834c9d89ca46
yellow_trip_hourly,Taxi,quantity,1977,0.0361037028974,1,55119,b47e98e9fdb75d4274a18e3f8a5d8f463418a1d56a6db4db7d9b834c9d89ca46
yellow_trip_hourly,Taxi,quantity,1978,0.0360855603331,4,55119,b47e98e9fdb75d4274a18e3f8a5d8f463418a1d56a6db4db7d9b834c9d89ca46
yellow_trip_hourly,Taxi,quantity,1979,0.036012990076,3,55119,b47e98e9fdb75d4274a18e3f8a5d8f463418a1d56a6db4db7d9b834c9d89ca46
yellow_trip_hourly,Taxi,quantity,1980,0.0359585623832,1,55119,b47e98e9fdb75d4274a18e3f8a5d8f463418a1d56a6db4db7d9b834c9d89ca46
yellow_trip_hourly,Taxi,quantity,1981,0.0359404198189,2,55119,b47e98e9fdb75d4274a18e3f8a5d8f463418a1d56a6db4db7d9b834c9d89ca46
yellow_trip_hourly,Taxi,quantity,1982,0.0359041346904,1,55119,b47e98e9fdb75d4274a18e3f8a5d8f463418a1d56a6db4db7d9b834c9d89ca46
yellow_trip_hourly,Taxi,quantity,1983,0.0358859921261,2,55119,b47e98e9fdb75d4274a18e3f8a5d8f463418a1d56a6db4db7d9b834c9d89ca46
yellow_trip_hourly,Taxi,quantity,1984,0.0358497069976,5,55119,b47e98e9fdb75d4274a18e3f8a5d8f463418a1d56a6db4db7d9b834c9d89ca46
yellow_trip_hourly,Taxi,quantity,1985,0.0357589941762,1,55119,b47e98e9fdb75d4274a18e3f8a5d8f463418a1d56a6db4db7d9b834c9d89ca46
yellow_trip_hourly,Taxi,quantity,1986,0.035740851612,4,55119,b47e98e9fdb75d4274a18e3f8a5d8f463418a1d56a6db4db7d9b834c9d89ca46
yellow_trip_hourly,Taxi,quantity,1987,0.0356682813549,3,55119,b47e98e9fdb75d4274a18e3f8a5d8f463418a1d56a6db4db7d9b834c9d89ca46
yellow_trip_hourly,Taxi,quantity,1989,0.0356138536621,1,55119,b47e98e9fdb75d4274a18e3f8a5d8f463418a1d56a6db4db7d9b834c9d89ca46
yellow_trip_hourly,Taxi,quantity,1990,0.0355957110978,1,55119,b47e98e9fdb75d4274a18e3f8a5d8f463418a1d56a6db4db7d9b834c9d89ca46
yellow_trip_hourly,Taxi,quantity,1991,0.0355775685335,1,55119,b47e98e9fdb75d4274a18e3f8a5d8f463418a1d56a6db4db7d9b834c9d89ca46
yellow_trip_hourly,Taxi,quantity,1992,0.0355594259693,3,55119,b47e98e9fdb75d4274a18e3f8a5d8f463418a1d56a6db4db7d9b834c9d89ca46
yellow_trip_hourly,Taxi,quantity,1993,0.0355049982765,3,55119,b47e98e9fdb75d4274a18e3f8a5d8f463418a1d56a6db4db7d9b834c9d89ca46
yellow_trip_hourly,Taxi,quantity,1994,0.0354505705836,1,55119,b47e98e9fdb75d4274a18e3f8a5d8f463418a1d56a6db4db7d9b834c9d89ca46
yellow_trip_hourly,Taxi,quantity,1995,0.0354324280194,5,55119,b47e98e9fdb75d4274a18e3f8a5d8f463418a1d56a6db4db7d9b834c9d89ca46
yellow_trip_hourly,Taxi,quantity,1996,0.035341715198,3,55119,b47e98e9fdb75d4274a18e3f8a5d8f463418a1d56a6db4db7d9b834c9d89ca46
yellow_trip_hourly,Taxi,quantity,1997,0.0352872875052,2,55119,b47e98e9fdb75d4274a18e3f8a5d8f463418a1d56a6db4db7d9b834c9d89ca46
yellow_trip_hourly,Taxi,quantity,1998,0.0352510023767,1,55119,b47e98e9fdb75d4274a18e3f8a5d8f463418a1d56a6db4db7d9b834c9d89ca46
yellow_trip_hourly,Taxi,quantity,1999,0.0352328598124,1,55119,b47e98e9fdb75d4274a18e3f8a5d8f463418a1d56a6db4db7d9b834c9d89ca46
yellow_trip_hourly,Taxi,quantity,2000,0.0352147172481,1,55119,b47e98e9fdb75d4274a18e3f8a5d8f463418a1d56a6db4db7d9b834c9d89ca46
yellow_trip_hourly,Taxi,quantity,2002,0.0351965746839,1,55119,b47e98e9fdb75d4274a18e3f8a5d8f463418a1d56a6db4db7d9b834c9d89ca46
yellow_trip_hourly,Taxi,quantity,2003,0.0351784321196,2,55119,b47e98e9fdb75d4274a18e3f8a5d8f463418a1d56a6db4db7d9b834c9d89ca46
yellow_trip_hourly,Taxi,quantity,2004,0.0351421469911,1,55119,b47e98e9fdb75d4274a18e3f8a5d8f463418a1d56a6db4db7d9b834c9d89ca46
yellow_trip_hourly,Taxi,quantity,2006,0.0351240044268,2,55119,b47e98e9fdb75d4274a18e3f8a5d8f463418a1d56a6db4db7d9b834c9d89ca46
yellow_trip_hourly,Taxi,quantity,2007,0.0350877192982,1,55119,b47e98e9fdb75d4274a18e3f8a5d8f463418a1d56a6db4db7d9b834c9d89ca46
yellow_trip_hourly,Taxi,quantity,2009,0.035069576734,2,55119,b47e98e9fdb75d4274a18e3f8a5d8f463418a1d56a6db4db7d9b834c9d89ca46
yellow_trip_hourly,Taxi,quantity,2010,0.0350332916054,1,55119,b47e98e9fdb75d4274a18e3f8a5d8f463418a1d56a6db4db7d9b834c9d89ca46
yellow_trip_hourly,Taxi,quantity,2012,0.0350151490412,1,55119,b47e98e9fdb75d4274a18e3f8a5d8f463418a1d56a6db4db7d9b834c9d89ca46
yellow_trip_hourly,Taxi,quantity,2014,0.0349970064769,2,55119,b47e98e9fdb75d4274a18e3f8a5d8f463418a1d56a6db4db7d9b834c9d89ca46
yellow_trip_hourly,Taxi,quantity,2017,0.0349607213484,1,55119,b47e98e9fdb75d4274a18e3f8a5d8f463418a1d56a6db4db7d9b834c9d89ca46
yellow_trip_hourly,Taxi,quantity,2018,0.0349425787841,1,55119,b47e98e9fdb75d4274a18e3f8a5d8f463418a1d56a6db4db7d9b834c9d89ca46
yellow_trip_hourly,Taxi,quantity,2019,0.0349244362198,3,55119,b47e98e9fdb75d4274a18e3f8a5d8f463418a1d56a6db4db7d9b834c9d89ca46
yellow_trip_hourly,Taxi,quantity,2020,0.034870008527,1,55119,b47e98e9fdb75d4274a18e3f8a5d8f463418a1d56a6db4db7d9b834c9d89ca46
yellow_trip_hourly,Taxi,quantity,2021,0.0348518659627,1,55119,b47e98e9fdb75d4274a18e3f8a5d8f463418a1d56a6db4db7d9b834c9d89ca46
yellow_trip_hourly,Taxi,quantity,2022,0.0348337233985,4,55119,b47e98e9fdb75d4274a18e3f8a5d8f463418a1d56a6db4db7d9b834c9d89ca46
yellow_trip_hourly,Taxi,quantity,2023,0.0347611531414,1,55119,b47e98e9fdb75d4274a18e3f8a5d8f463418a1d56a6db4db7d9b834c9d89ca46
yellow_trip_hourly,Taxi,quantity,2024,0.0347430105771,1,55119,b47e98e9fdb75d4274a18e3f8a5d8f463418a1d56a6db4db7d9b834c9d89ca46
yellow_trip_hourly,Taxi,quantity,2026,0.0347248680128,1,55119,b47e98e9fdb75d4274a18e3f8a5d8f463418a1d56a6db4db7d9b834c9d89ca46
yellow_trip_hourly,Taxi,quantity,2027,0.0347067254486,3,55119,b47e98e9fdb75d4274a18e3f8a5d8f463418a1d56a6db4db7d9b834c9d89ca46
yellow_trip_hourly,Taxi,quantity,2028,0.0346522977558,1,55119,b47e98e9fdb75d4274a18e3f8a5d8f463418a1d56a6db4db7d9b834c9d89ca46
yellow_trip_hourly,Taxi,quantity,2029,0.0346341551915,2,55119,b47e98e9fdb75d4274a18e3f8a5d8f463418a1d56a6db4db7d9b834c9d89ca46
yellow_trip_hourly,Taxi,quantity,2031,0.034597870063,2,55119,b47e98e9fdb75d4274a18e3f8a5d8f463418a1d56a6db4db7d9b834c9d89ca46
yellow_trip_hourly,Taxi,quantity,2032,0.0345615849344,3,55119,b47e98e9fdb75d4274a18e3f8a5d8f463418a1d56a6db4db7d9b834c9d89ca46
yellow_trip_hourly,Taxi,quantity,2034,0.0345071572416,4,55119,b47e98e9fdb75d4274a18e3f8a5d8f463418a1d56a6db4db7d9b834c9d89ca46
yellow_trip_hourly,Taxi,quantity,2035,0.0344345869845,1,55119,b47e98e9fdb75d4274a18e3f8a5d8f463418a1d56a6db4db7d9b834c9d89ca46
yellow_trip_hourly,Taxi,quantity,2036,0.0344164444203,1,55119,b47e98e9fdb75d4274a18e3f8a5d8f463418a1d56a6db4db7d9b834c9d89ca46
yellow_trip_hourly,Taxi,quantity,2038,0.034398301856,1,55119,b47e98e9fdb75d4274a18e3f8a5d8f463418a1d56a6db4db7d9b834c9d89ca46
yellow_trip_hourly,Taxi,quantity,2039,0.0343801592917,1,55119,b47e98e9fdb75d4274a18e3f8a5d8f463418a1d56a6db4db7d9b834c9d89ca46
yellow_trip_hourly,Taxi,quantity,2040,0.0343620167274,1,55119,b47e98e9fdb75d4274a18e3f8a5d8f463418a1d56a6db4db7d9b834c9d89ca46
yellow_trip_hourly,Taxi,quantity,2041,0.0343438741632,2,55119,b47e98e9fdb75d4274a18e3f8a5d8f463418a1d56a6db4db7d9b834c9d89ca46
yellow_trip_hourly,Taxi,quantity,2042,0.0343075890346,2,55119,b47e98e9fdb75d4274a18e3f8a5d8f463418a1d56a6db4db7d9b834c9d89ca46
yellow_trip_hourly,Taxi,quantity,2043,0.0342713039061,1,55119,b47e98e9fdb75d4274a18e3f8a5d8f463418a1d56a6db4db7d9b834c9d89ca46
yellow_trip_hourly,Taxi,quantity,2044,0.0342531613418,1,55119,b47e98e9fdb75d4274a18e3f8a5d8f463418a1d56a6db4db7d9b834c9d89ca46
yellow_trip_hourly,Taxi,quantity,2045,0.0342350187776,4,55119,b47e98e9fdb75d4274a18e3f8a5d8f463418a1d56a6db4db7d9b834c9d89ca46
yellow_trip_hourly,Taxi,quantity,2046,0.0341624485205,4,55119,b47e98e9fdb75d4274a18e3f8a5d8f463418a1d56a6db4db7d9b834c9d89ca46
yellow_trip_hourly,Taxi,quantity,2048,0.0340898782634,2,55119,b47e98e9fdb75d4274a18e3f8a5d8f463418a1d56a6db4db7d9b834c9d89ca46
yellow_trip_hourly,Taxi,quantity,2049,0.0340535931349,4,55119,b47e98e9fdb75d4274a18e3f8a5d8f463418a1d56a6db4db7d9b834c9d89ca46
yellow_trip_hourly,Taxi,quantity,2051,0.0339810228778,3,55119,b47e98e9fdb75d4274a18e3f8a5d8f463418a1d56a6db4db7d9b834c9d89ca46
yellow_trip_hourly,Taxi,quantity,2053,0.033926595185,2,55119,b47e98e9fdb75d4274a18e3f8a5d8f463418a1d56a6db4db7d9b834c9d89ca46
yellow_trip_hourly,Taxi,quantity,2054,0.0338903100564,2,55119,b47e98e9fdb75d4274a18e3f8a5d8f463418a1d56a6db4db7d9b834c9d89ca46
yellow_trip_hourly,Taxi,quantity,2055,0.0338540249279,4,55119,b47e98e9fdb75d4274a18e3f8a5d8f463418a1d56a6db4db7d9b834c9d89ca46
yellow_trip_hourly,Taxi,quantity,2056,0.0337814546708,2,55119,b47e98e9fdb75d4274a18e3f8a5d8f463418a1d56a6db4db7d9b834c9d89ca46
yellow_trip_hourly,Taxi,quantity,2057,0.0337451695423,1,55119,b47e98e9fdb75d4274a18e3f8a5d8f463418a1d56a6db4db7d9b834c9d89ca46
yellow_trip_hourly,Taxi,quantity,2058,0.033727026978,1,55119,b47e98e9fdb75d4274a18e3f8a5d8f463418a1d56a6db4db7d9b834c9d89ca46
yellow_trip_hourly,Taxi,quantity,2059,0.0337088844137,2,55119,b47e98e9fdb75d4274a18e3f8a5d8f463418a1d56a6db4db7d9b834c9d89ca46
yellow_trip_hourly,Taxi,quantity,2060,0.0336725992852,1,55119,b47e98e9fdb75d4274a18e3f8a5d8f463418a1d56a6db4db7d9b834c9d89ca46
yellow_trip_hourly,Taxi,quantity,2062,0.0336544567209,2,55119,b47e98e9fdb75d4274a18e3f8a5d8f463418a1d56a6db4db7d9b834c9d89ca46
yellow_trip_hourly,Taxi,quantity,2064,0.0336181715924,2,55119,b47e98e9fdb75d4274a18e3f8a5d8f463418a1d56a6db4db7d9b834c9d89ca46
yellow_trip_hourly,Taxi,quantity,2065,0.0335818864638,1,55119,b47e98e9fdb75d4274a18e3f8a5d8f463418a1d56a6db4db7d9b834c9d89ca46
yellow_trip_hourly,Taxi,quantity,2066,0.0335637438996,1,55119,b47e98e9fdb75d4274a18e3f8a5d8f463418a1d56a6db4db7d9b834c9d89ca46
yellow_trip_hourly,Taxi,quantity,2067,0.0335456013353,3,55119,b47e98e9fdb75d4274a18e3f8a5d8f463418a1d56a6db4db7d9b834c9d89ca46
yellow_trip_hourly,Taxi,quantity,2068,0.0334911736425,1,55119,b47e98e9fdb75d4274a18e3f8a5d8f463418a1d56a6db4db7d9b834c9d89ca46
yellow_trip_hourly,Taxi,quantity,2070,0.0334730310782,3,55119,b47e98e9fdb75d4274a18e3f8a5d8f463418a1d56a6db4db7d9b834c9d89ca46
yellow_trip_hourly,Taxi,quantity,2071,0.0334186033854,1,55119,b47e98e9fdb75d4274a18e3f8a5d8f463418a1d56a6db4db7d9b834c9d89ca46
yellow_trip_hourly,Taxi,quantity,2072,0.0334004608211,2,55119,b47e98e9fdb75d4274a18e3f8a5d8f463418a1d56a6db4db7d9b834c9d89ca46
yellow_trip_hourly,Taxi,quantity,2073,0.0333641756926,2,55119,b47e98e9fdb75d4274a18e3f8a5d8f463418a1d56a6db4db7d9b834c9d89ca46
yellow_trip_hourly,Taxi,quantity,2074,0.0333278905641,1,55119,b47e98e9fdb75d4274a18e3f8a5d8f463418a1d56a6db4db7d9b834c9d89ca46
yellow_trip_hourly,Taxi,quantity,2076,0.0333097479998,4,55119,b47e98e9fdb75d4274a18e3f8a5d8f463418a1d56a6db4db7d9b834c9d89ca46
yellow_trip_hourly,Taxi,quantity,2079,0.0332371777427,2,55119,b47e98e9fdb75d4274a18e3f8a5d8f463418a1d56a6db4db7d9b834c9d89ca46
yellow_trip_hourly,Taxi,quantity,2080,0.0332008926142,4,55119,b47e98e9fdb75d4274a18e3f8a5d8f463418a1d56a6db4db7d9b834c9d89ca46
yellow_trip_hourly,Taxi,quantity,2081,0.0331283223571,1,55119,b47e98e9fdb75d4274a18e3f8a5d8f463418a1d56a6db4db7d9b834c9d89ca46
yellow_trip_hourly,Taxi,quantity,2084,0.0331101797928,4,55119,b47e98e9fdb75d4274a18e3f8a5d8f463418a1d56a6db4db7d9b834c9d89ca46
yellow_trip_hourly,Taxi,quantity,2085,0.0330376095357,2,55119,b47e98e9fdb75d4274a18e3f8a5d8f463418a1d56a6db4db7d9b834c9d89ca46
yellow_trip_hourly,Taxi,quantity,2086,0.0330013244072,1,55119,b47e98e9fdb75d4274a18e3f8a5d8f463418a1d56a6db4db7d9b834c9d89ca46
yellow_trip_hourly,Taxi,quantity,2087,0.0329831818429,3,55119,b47e98e9fdb75d4274a18e3f8a5d8f463418a1d56a6db4db7d9b834c9d89ca46
yellow_trip_hourly,Taxi,quantity,2088,0.0329287541501,3,55119,b47e98e9fdb75d4274a18e3f8a5d8f463418a1d56a6db4db7d9b834c9d89ca46
yellow_trip_hourly,Taxi,quantity,2089,0.0328743264573,1,55119,b47e98e9fdb75d4274a18e3f8a5d8f463418a1d56a6db4db7d9b834c9d89ca46
yellow_trip_hourly,Taxi,quantity,2090,0.032856183893,2,55119,b47e98e9fdb75d4274a18e3f8a5d8f463418a1d56a6db4db7d9b834c9d89ca46
yellow_trip_hourly,Taxi,quantity,2091,0.0328198987645,1,55119,b47e98e9fdb75d4274a18e3f8a5d8f463418a1d56a6db4db7d9b834c9d89ca46
yellow_trip_hourly,Taxi,quantity,2093,0.0328017562002,1,55119,b47e98e9fdb75d4274a18e3f8a5d8f463418a1d56a6db4db7d9b834c9d89ca46
yellow_trip_hourly,Taxi,quantity,2094,0.032783613636,1,55119,b47e98e9fdb75d4274a18e3f8a5d8f463418a1d56a6db4db7d9b834c9d89ca46
yellow_trip_hourly,Taxi,quantity,2095,0.0327654710717,3,55119,b47e98e9fdb75d4274a18e3f8a5d8f463418a1d56a6db4db7d9b834c9d89ca46
yellow_trip_hourly,Taxi,quantity,2097,0.0327110433789,1,55119,b47e98e9fdb75d4274a18e3f8a5d8f463418a1d56a6db4db7d9b834c9d89ca46
yellow_trip_hourly,Taxi,quantity,2098,0.0326929008146,2,55119,b47e98e9fdb75d4274a18e3f8a5d8f463418a1d56a6db4db7d9b834c9d89ca46
yellow_trip_hourly,Taxi,quantity,2099,0.0326566156861,1,55119,b47e98e9fdb75d4274a18e3f8a5d8f463418a1d56a6db4db7d9b834c9d89ca46
yellow_trip_hourly,Taxi,quantity,2100,0.0326384731218,1,55119,b47e98e9fdb75d4274a18e3f8a5d8f463418a1d56a6db4db7d9b834c9d89ca46
yellow_trip_hourly,Taxi,quantity,2101,0.0326203305575,4,55119,b47e98e9fdb75d4274a18e3f8a5d8f463418a1d56a6db4db7d9b834c9d89ca46
yellow_trip_hourly,Taxi,quantity,2102,0.0325477603004,1,55119,b47e98e9fdb75d4274a18e3f8a5d8f463418a1d56a6db4db7d9b834c9d89ca46
yellow_trip_hourly,Taxi,quantity,2103,0.0325296177362,1,55119,b47e98e9fdb75d4274a18e3f8a5d8f463418a1d56a6db4db7d9b834c9d89ca46
yellow_trip_hourly,Taxi,quantity,2104,0.0325114751719,4,55119,b47e98e9fdb75d4274a18e3f8a5d8f463418a1d56a6db4db7d9b834c9d89ca46
yellow_trip_hourly,Taxi,quantity,2105,0.0324389049148,3,55119,b47e98e9fdb75d4274a18e3f8a5d8f463418a1d56a6db4db7d9b834c9d89ca46
yellow_trip_hourly,Taxi,quantity,2106,0.032384477222,1,55119,b47e98e9fdb75d4274a18e3f8a5d8f463418a1d56a6db4db7d9b834c9d89ca46
yellow_trip_hourly,Taxi,quantity,2107,0.0323663346577,2,55119,b47e98e9fdb75d4274a18e3f8a5d8f463418a1d56a6db4db7d9b834c9d89ca46
yellow_trip_hourly,Taxi,quantity,2108,0.0323300495292,4,55119,b47e98e9fdb75d4274a18e3f8a5d8f463418a1d56a6db4db7d9b834c9d89ca46
yellow_trip_hourly,Taxi,quantity,2110,0.0322574792721,2,55119,b47e98e9fdb75d4274a18e3f8a5d8f463418a1d56a6db4db7d9b834c9d89ca46
yellow_trip_hourly,Taxi,quantity,2111,0.0322211941436,2,55119,b47e98e9fdb75d4274a18e3f8a5d8f463418a1d56a6db4db7d9b834c9d89ca46
yellow_trip_hourly,Taxi,quantity,2113,0.032184909015,2,55119,b47e98e9fdb75d4274a18e3f8a5d8f463418a1d56a6db4db7d9b834c9d89ca46
yellow_trip_hourly,Taxi,quantity,2114,0.0321486238865,1,55119,b47e98e9fdb75d4274a18e3f8a5d8f463418a1d56a6db4db7d9b834c9d89ca46
yellow_trip_hourly,Taxi,quantity,2115,0.0321304813222,1,55119,b47e98e9fdb75d4274a18e3f8a5d8f463418a1d56a6db4db7d9b834c9d89ca46
yellow_trip_hourly,Taxi,quantity,2116,0.032112338758,2,55119,b47e98e9fdb75d4274a18e3f8a5d8f463418a1d56a6db4db7d9b834c9d89ca46
yellow_trip_hourly,Taxi,quantity,2119,0.0320760536294,1,55119,b47e98e9fdb75d4274a18e3f8a5d8f463418a1d56a6db4db7d9b834c9d89ca46
yellow_trip_hourly,Taxi,quantity,2122,0.0320579110651,2,55119,b47e98e9fdb75d4274a18e3f8a5d8f463418a1d56a6db4db7d9b834c9d89ca46
yellow_trip_hourly,Taxi,quantity,2123,0.0320216259366,5,55119,b47e98e9fdb75d4274a18e3f8a5d8f463418a1d56a6db4db7d9b834c9d89ca46
yellow_trip_hourly,Taxi,quantity,2124,0.0319309131153,1,55119,b47e98e9fdb75d4274a18e3f8a5d8f463418a1d56a6db4db7d9b834c9d89ca46
yellow_trip_hourly,Taxi,quantity,2126,0.031912770551,1,55119,b47e98e9fdb75d4274a18e3f8a5d8f463418a1d56a6db4db7d9b834c9d89ca46
yellow_trip_hourly,Taxi,quantity,2127,0.0318946279867,2,55119,b47e98e9fdb75d4274a18e3f8a5d8f463418a1d56a6db4db7d9b834c9d89ca46
yellow_trip_hourly,Taxi,quantity,2128,0.0318583428582,1,55119,b47e98e9fdb75d4274a18e3f8a5d8f463418a1d56a6db4db7d9b834c9d89ca46
yellow_trip_hourly,Taxi,quantity,2129,0.0318402002939,2,55119,b47e98e9fdb75d4274a18e3f8a5d8f463418a1d56a6db4db7d9b834c9d89ca46
yellow_trip_hourly,Taxi,quantity,2130,0.0318039151654,1,55119,b47e98e9fdb75d4274a18e3f8a5d8f463418a1d56a6db4db7d9b834c9d89ca46
yellow_trip_hourly,Taxi,quantity,2131,0.0317857726011,3,55119,b47e98e9fdb75d4274a18e3f8a5d8f463418a1d56a6db4db7d9b834c9d89ca46
yellow_trip_hourly,Taxi,quantity,2132,0.0317313449083,4,55119,b47e98e9fdb75d4274a18e3f8a5d8f463418a1d56a6db4db7d9b834c9d89ca46
yellow_trip_hourly,Taxi,quantity,2133,0.0316587746512,2,55119,b47e98e9fdb75d4274a18e3f8a5d8f463418a1d56a6db4db7d9b834c9d89ca46
yellow_trip_hourly,Taxi,quantity,2135,0.0316224895227,3,55119,b47e98e9fdb75d4274a18e3f8a5d8f463418a1d56a6db4db7d9b834c9d89ca46
yellow_trip_hourly,Taxi,quantity,2136,0.0315680618299,1,55119,b47e98e9fdb75d4274a18e3f8a5d8f463418a1d56a6db4db7d9b834c9d89ca46
yellow_trip_hourly,Taxi,quantity,2137,0.0315499192656,1,55119,b47e98e9fdb75d4274a18e3f8a5d8f463418a1d56a6db4db7d9b834c9d89ca46
yellow_trip_hourly,Taxi,quantity,2139,0.0315317767013,2,55119,b47e98e9fdb75d4274a18e3f8a5d8f463418a1d56a6db4db7d9b834c9d89ca46
yellow_trip_hourly,Taxi,quantity,2140,0.0314954915728,1,55119,b47e98e9fdb75d4274a18e3f8a5d8f463418a1d56a6db4db7d9b834c9d89ca46
yellow_trip_hourly,Taxi,quantity,2141,0.0314773490085,1,55119,b47e98e9fdb75d4274a18e3f8a5d8f463418a1d56a6db4db7d9b834c9d89ca46
yellow_trip_hourly,Taxi,quantity,2142,0.0314592064442,2,55119,b47e98e9fdb75d4274a18e3f8a5d8f463418a1d56a6db4db7d9b834c9d89ca46
yellow_trip_hourly,Taxi,quantity,2143,0.0314229213157,2,55119,b47e98e9fdb75d4274a18e3f8a5d8f463418a1d56a6db4db7d9b834c9d89ca46
yellow_trip_hourly,Taxi,quantity,2144,0.0313866361872,1,55119,b47e98e9fdb75d4274a18e3f8a5d8f463418a1d56a6db4db7d9b834c9d89ca46
yellow_trip_hourly,Taxi,quantity,2145,0.0313684936229,3,55119,b47e98e9fdb75d4274a18e3f8a5d8f463418a1d56a6db4db7d9b834c9d89ca46
yellow_trip_hourly,Taxi,quantity,2148,0.0313140659301,2,55119,b47e98e9fdb75d4274a18e3f8a5d8f463418a1d56a6db4db7d9b834c9d89ca46
yellow_trip_hourly,Taxi,quantity,2149,0.0312777808015,1,55119,b47e98e9fdb75d4274a18e3f8a5d8f463418a1d56a6db4db7d9b834c9d89ca46
yellow_trip_hourly,Taxi,quantity,2151,0.0312596382373,3,55119,b47e98e9fdb75d4274a18e3f8a5d8f463418a1d56a6db4db7d9b834c9d89ca46
yellow_trip_hourly,Taxi,quantity,2152,0.0312052105445,2,55119,b47e98e9fdb75d4274a18e3f8a5d8f463418a1d56a6db4db7d9b834c9d89ca46
yellow_trip_hourly,Taxi,quantity,2153,0.0311689254159,2,55119,b47e98e9fdb75d4274a18e3f8a5d8f463418a1d56a6db4db7d9b834c9d89ca46
yellow_trip_hourly,Taxi,quantity,2154,0.0311326402874,1,55119,b47e98e9fdb75d4274a18e3f8a5d8f463418a1d56a6db4db7d9b834c9d89ca46
yellow_trip_hourly,Taxi,quantity,2155,0.0311144977231,2,55119,b47e98e9fdb75d4274a18e3f8a5d8f463418a1d56a6db4db7d9b834c9d89ca46
yellow_trip_hourly,Taxi,quantity,2156,0.0310782125946,2,55119,b47e98e9fdb75d4274a18e3f8a5d8f463418a1d56a6db4db7d9b834c9d89ca46
yellow_trip_hourly,Taxi,quantity,2157,0.031041927466,2,55119,b47e98e9fdb75d4274a18e3f8a5d8f463418a1d56a6db4db7d9b834c9d89ca46
yellow_trip_hourly,Taxi,quantity,2158,0.0310056423375,1,55119,b47e98e9fdb75d4274a18e3f8a5d8f463418a1d56a6db4db7d9b834c9d89ca46
yellow_trip_hourly,Taxi,quantity,2159,0.0309874997732,1,55119,b47e98e9fdb75d4274a18e3f8a5d8f463418a1d56a6db4db7d9b834c9d89ca46
yellow_trip_hourly,Taxi,quantity,2162,0.0309693572089,3,55119,b47e98e9fdb75d4274a18e3f8a5d8f463418a1d56a6db4db7d9b834c9d89ca46
yellow_trip_hourly,Taxi,quantity,2163,0.0309149295161,1,55119,b47e98e9fdb75d4274a18e3f8a5d8f463418a1d56a6db4db7d9b834c9d89ca46
yellow_trip_hourly,Taxi,quantity,2165,0.0308967869519,2,55119,b47e98e9fdb75d4274a18e3f8a5d8f463418a1d56a6db4db7d9b834c9d89ca46
yellow_trip_hourly,Taxi,quantity,2167,0.0308605018233,1,55119,b47e98e9fdb75d4274a18e3f8a5d8f463418a1d56a6db4db7d9b834c9d89ca46
yellow_trip_hourly,Taxi,quantity,2169,0.0308423592591,1,55119,b47e98e9fdb75d4274a18e3f8a5d8f463418a1d56a6db4db7d9b834c9d89ca46
yellow_trip_hourly,Taxi,quantity,2170,0.0308242166948,1,55119,b47e98e9fdb75d4274a18e3f8a5d8f463418a1d56a6db4db7d9b834c9d89ca46
yellow_trip_hourly,Taxi,quantity,2171,0.0308060741305,1,55119,b47e98e9fdb75d4274a18e3f8a5d8f463418a1d56a6db4db7d9b834c9d89ca46
yellow_trip_hourly,Taxi,quantity,2172,0.0307879315662,1,55119,b47e98e9fdb75d4274a18e3f8a5d8f463418a1d56a6db4db7d9b834c9d89ca46
yellow_trip_hourly,Taxi,quantity,2173,0.030769789002,1,55119,b47e98e9fdb75d4274a18e3f8a5d8f463418a1d56a6db4db7d9b834c9d89ca46
yellow_trip_hourly,Taxi,quantity,2177,0.0307516464377,3,55119,b47e98e9fdb75d4274a18e3f8a5d8f463418a1d56a6db4db7d9b834c9d89ca46
yellow_trip_hourly,Taxi,quantity,2178,0.0306972187449,1,55119,b47e98e9fdb75d4274a18e3f8a5d8f463418a1d56a6db4db7d9b834c9d89ca46
yellow_trip_hourly,Taxi,quantity,2179,0.0306790761806,3,55119,b47e98e9fdb75d4274a18e3f8a5d8f463418a1d56a6db4db7d9b834c9d89ca46
yellow_trip_hourly,Taxi,quantity,2180,0.0306246484878,3,55119,b47e98e9fdb75d4274a18e3f8a5d8f463418a1d56a6db4db7d9b834c9d89ca46
yellow_trip_hourly,Taxi,quantity,2181,0.030570220795,1,55119,b47e98e9fdb75d4274a18e3f8a5d8f463418a1d56a6db4db7d9b834c9d89ca46
yellow_trip_hourly,Taxi,quantity,2183,0.0305520782307,1,55119,b47e98e9fdb75d4274a18e3f8a5d8f463418a1d56a6db4db7d9b834c9d89ca46
yellow_trip_hourly,Taxi,quantity,2184,0.0305339356665,1,55119,b47e98e9fdb75d4274a18e3f8a5d8f463418a1d56a6db4db7d9b834c9d89ca46
yellow_trip_hourly,Taxi,quantity,2185,0.0305157931022,3,55119,b47e98e9fdb75d4274a18e3f8a5d8f463418a1d56a6db4db7d9b834c9d89ca46
yellow_trip_hourly,Taxi,quantity,2186,0.0304613654094,1,55119,b47e98e9fdb75d4274a18e3f8a5d8f463418a1d56a6db4db7d9b834c9d89ca46
yellow_trip_hourly,Taxi,quantity,2187,0.0304432228451,1,55119,b47e98e9fdb75d4274a18e3f8a5d8f463418a1d56a6db4db7d9b834c9d89ca46
yellow_trip_hourly,Taxi,quantity,2188,0.0304250802808,2,55119,b47e98e9fdb75d4274a18e3f8a5d8f463418a1d56a6db4db7d9b834c9d89ca46
yellow_trip_hourly,Taxi,quantity,2189,0.0303887951523,1,55119,b47e98e9fdb75d4274a18e3f8a5d8f463418a1d56a6db4db7d9b834c9d89ca46
yellow_trip_hourly,Taxi,quantity,2190,0.030370652588,3,55119,b47e98e9fdb75d4274a18e3f8a5d8f463418a1d56a6db4db7d9b834c9d89ca46
yellow_trip_hourly,Taxi,quantity,2192,0.0303162248952,1,55119,b47e98e9fdb75d4274a18e3f8a5d8f463418a1d56a6db4db7d9b834c9d89ca46
yellow_trip_hourly,Taxi,quantity,2193,0.030298082331,3,55119,b47e98e9fdb75d4274a18e3f8a5d8f463418a1d56a6db4db7d9b834c9d89ca46
yellow_trip_hourly,Taxi,quantity,2194,0.0302436546381,1,55119,b47e98e9fdb75d4274a18e3f8a5d8f463418a1d56a6db4db7d9b834c9d89ca46
yellow_trip_hourly,Taxi,quantity,2195,0.0302255120739,2,55119,b47e98e9fdb75d4274a18e3f8a5d8f463418a1d56a6db4db7d9b834c9d89ca46
yellow_trip_hourly,Taxi,quantity,2197,0.0301892269453,1,55119,b47e98e9fdb75d4274a18e3f8a5d8f463418a1d56a6db4db7d9b834c9d89ca46
yellow_trip_hourly,Taxi,quantity,2198,0.0301710843811,4,55119,b47e98e9fdb75d4274a18e3f8a5d8f463418a1d56a6db4db7d9b834c9d89ca46
yellow_trip_hourly,Taxi,quantity,2200,0.030098514124,1,55119,b47e98e9fdb75d4274a18e3f8a5d8f463418a1d56a6db4db7d9b834c9d89ca46
yellow_trip_hourly,Taxi,quantity,2202,0.0300803715597,1,55119,b47e98e9fdb75d4274a18e3f8a5d8f463418a1d56a6db4db7d9b834c9d89ca46
yellow_trip_hourly,Taxi,quantity,2203,0.0300622289954,2,55119,b47e98e9fdb75d4274a18e3f8a5d8f463418a1d56a6db4db7d9b834c9d89ca46
yellow_trip_hourly,Taxi,quantity,2205,0.0300259438669,1,55119,b47e98e9fdb75d4274a18e3f8a5d8f463418a1d56a6db4db7d9b834c9d89ca46
yellow_trip_hourly,Taxi,quantity,2207,0.0300078013026,1,55119,b47e98e9fdb75d4274a18e3f8a5d8f463418a1d56a6db4db7d9b834c9d89ca46
yellow_trip_hourly,Taxi,quantity,2209,0.0299896587384,1,55119,b47e98e9fdb75d4274a18e3f8a5d8f463418a1d56a6db4db7d9b834c9d89ca46
yellow_trip_hourly,Taxi,quantity,2211,0.0299715161741,4,55119,b47e98e9fdb75d4274a18e3f8a5d8f463418a1d56a6db4db7d9b834c9d89ca46
yellow_trip_hourly,Taxi,quantity,2214,0.029898945917,1,55119,b47e98e9fdb75d4274a18e3f8a5d8f463418a1d56a6db4db7d9b834c9d89ca46
yellow_trip_hourly,Taxi,quantity,2215,0.0298808033527,3,55119,b47e98e9fdb75d4274a18e3f8a5d8f463418a1d56a6db4db7d9b834c9d89ca46
yellow_trip_hourly,Taxi,quantity,2216,0.0298263756599,1,55119,b47e98e9fdb75d4274a18e3f8a5d8f463418a1d56a6db4db7d9b834c9d89ca46
yellow_trip_hourly,Taxi,quantity,2218,0.0298082330957,1,55119,b47e98e9fdb75d4274a18e3f8a5d8f463418a1d56a6db4db7d9b834c9d89ca46
yellow_trip_hourly,Taxi,quantity,2221,0.0297900905314,3,55119,b47e98e9fdb75d4274a18e3f8a5d8f463418a1d56a6db4db7d9b834c9d89ca46
yellow_trip_hourly,Taxi,quantity,2222,0.0297356628386,1,55119,b47e98e9fdb75d4274a18e3f8a5d8f463418a1d56a6db4db7d9b834c9d89ca46
yellow_trip_hourly,Taxi,quantity,2225,0.0297175202743,2,55119,b47e98e9fdb75d4274a18e3f8a5d8f463418a1d56a6db4db7d9b834c9d89ca46
yellow_trip_hourly,Taxi,quantity,2226,0.0296812351458,2,55119,b47e98e9fdb75d4274a18e3f8a5d8f463418a1d56a6db4db7d9b834c9d89ca46
yellow_trip_hourly,Taxi,quantity,2227,0.0296449500172,3,55119,b47e98e9fdb75d4274a18e3f8a5d8f463418a1d56a6db4db7d9b834c9d89ca46
yellow_trip_hourly,Taxi,quantity,2228,0.0295905223244,1,55119,b47e98e9fdb75d4274a18e3f8a5d8f463418a1d56a6db4db7d9b834c9d89ca46
yellow_trip_hourly,Taxi,quantity,2229,0.0295723797602,3,55119,b47e98e9fdb75d4274a18e3f8a5d8f463418a1d56a6db4db7d9b834c9d89ca46
yellow_trip_hourly,Taxi,quantity,2231,0.0295179520673,1,55119,b47e98e9fdb75d4274a18e3f8a5d8f463418a1d56a6db4db7d9b834c9d89ca46
yellow_trip_hourly,Taxi,quantity,2233,0.0294998095031,4,55119,b47e98e9fdb75d4274a18e3f8a5d8f463418a1d56a6db4db7d9b834c9d89ca46
yellow_trip_hourly,Taxi,quantity,2234,0.029427239246,1,55119,b47e98e9fdb75d4274a18e3f8a5d8f463418a1d56a6db4db7d9b834c9d89ca46
yellow_trip_hourly,Taxi,quantity,2235,0.0294090966817,1,55119,b47e98e9fdb75d4274a18e3f8a5d8f463418a1d56a6db4db7d9b834c9d89ca46
yellow_trip_hourly,Taxi,quantity,2240,0.0293909541175,1,55119,b47e98e9fdb75d4274a18e3f8a5d8f463418a1d56a6db4db7d9b834c9d89ca46
yellow_trip_hourly,Taxi,quantity,2241,0.0293728115532,3,55119,b47e98e9fdb75d4274a18e3f8a5d8f463418a1d56a6db4db7d9b834c9d89ca46
yellow_trip_hourly,Taxi,quantity,2242,0.0293183838604,1,55119,b47e98e9fdb75d4274a18e3f8a5d8f463418a1d56a6db4db7d9b834c9d89ca46
yellow_trip_hourly,Taxi,quantity,2243,0.0293002412961,2,55119,b47e98e9fdb75d4274a18e3f8a5d8f463418a1d56a6db4db7d9b834c9d89ca46
yellow_trip_hourly,Taxi,quantity,2244,0.0292639561676,1,55119,b47e98e9fdb75d4274a18e3f8a5d8f463418a1d56a6db4db7d9b834c9d89ca46
yellow_trip_hourly,Taxi,quantity,2248,0.0292458136033,2,55119,b47e98e9fdb75d4274a18e3f8a5d8f463418a1d56a6db4db7d9b834c9d89ca46
yellow_trip_hourly,Taxi,quantity,2249,0.0292095284748,2,55119,b47e98e9fdb75d4274a18e3f8a5d8f463418a1d56a6db4db7d9b834c9d89ca46
yellow_trip_hourly,Taxi,quantity,2251,0.0291732433462,4,55119,b47e98e9fdb75d4274a18e3f8a5d8f463418a1d56a6db4db7d9b834c9d89ca46
yellow_trip_hourly,Taxi,quantity,2252,0.0291006730891,2,55119,b47e98e9fdb75d4274a18e3f8a5d8f463418a1d56a6db4db7d9b834c9d89ca46
yellow_trip_hourly,Taxi,quantity,2253,0.0290643879606,1,55119,b47e98e9fdb75d4274a18e3f8a5d8f463418a1d56a6db4db7d9b834c9d89ca46
yellow_trip_hourly,Taxi,quantity,2255,0.0290462453963,2,55119,b47e98e9fdb75d4274a18e3f8a5d8f463418a1d56a6db4db7d9b834c9d89ca46
yellow_trip_hourly,Taxi,quantity,2256,0.0290099602678,1,55119,b47e98e9fdb75d4274a18e3f8a5d8f463418a1d56a6db4db7d9b834c9d89ca46
yellow_trip_hourly,Taxi,quantity,2258,0.0289918177035,1,55119,b47e98e9fdb75d4274a18e3f8a5d8f463418a1d56a6db4db7d9b834c9d89ca46
yellow_trip_hourly,Taxi,quantity,2259,0.0289736751392,2,55119,b47e98e9fdb75d4274a18e3f8a5d8f463418a1d56a6db4db7d9b834c9d89ca46
yellow_trip_hourly,Taxi,quantity,2262,0.0289373900107,1,55119,b47e98e9fdb75d4274a18e3f8a5d8f463418a1d56a6db4db7d9b834c9d89ca46
yellow_trip_hourly,Taxi,quantity,2264,0.0289192474464,2,55119,b47e98e9fdb75d4274a18e3f8a5d8f463418a1d56a6db4db7d9b834c9d89ca46
yellow_trip_hourly,Taxi,quantity,2266,0.0288829623179,3,55119,b47e98e9fdb75d4274a18e3f8a5d8f463418a1d56a6db4db7d9b834c9d89ca46
yellow_trip_hourly,Taxi,quantity,2267,0.0288285346251,2,55119,b47e98e9fdb75d4274a18e3f8a5d8f463418a1d56a6db4db7d9b834c9d89ca46
yellow_trip_hourly,Taxi,quantity,2268,0.0287922494965,1,55119,b47e98e9fdb75d4274a18e3f8a5d8f463418a1d56a6db4db7d9b834c9d89ca46
yellow_trip_hourly,Taxi,quantity,2269,0.0287741069323,2,55119,b47e98e9fdb75d4274a18e3f8a5d8f463418a1d56a6db4db7d9b834c9d89ca46
yellow_trip_hourly,Taxi,quantity,2270,0.0287378218037,2,55119,b47e98e9fdb75d4274a18e3f8a5d8f463418a1d56a6db4db7d9b834c9d89ca46
yellow_trip_hourly,Taxi,quantity,2271,0.0287015366752,1,55119,b47e98e9fdb75d4274a18e3f8a5d8f463418a1d56a6db4db7d9b834c9d89ca46
yellow_trip_hourly,Taxi,quantity,2272,0.0286833941109,2,55119,b47e98e9fdb75d4274a18e3f8a5d8f463418a1d56a6db4db7d9b834c9d89ca46
yellow_trip_hourly,Taxi,quantity,2274,0.0286471089824,2,55119,b47e98e9fdb75d4274a18e3f8a5d8f463418a1d56a6db4db7d9b834c9d89ca46
yellow_trip_hourly,Taxi,quantity,2278,0.0286108238538,2,55119,b47e98e9fdb75d4274a18e3f8a5d8f463418a1d56a6db4db7d9b834c9d89ca46
yellow_trip_hourly,Taxi,quantity,2279,0.0285745387253,1,55119,b47e98e9fdb75d4274a18e3f8a5d8f463418a1d56a6db4db7d9b834c9d89ca46
yellow_trip_hourly,Taxi,quantity,2280,0.028556396161,1,55119,b47e98e9fdb75d4274a18e3f8a5d8f463418a1d56a6db4db7d9b834c9d89ca46
yellow_trip_hourly,Taxi,quantity,2281,0.0285382535968,1,55119,b47e98e9fdb75d4274a18e3f8a5d8f463418a1d56a6db4db7d9b834c9d89ca46
yellow_trip_hourly,Taxi,quantity,2282,0.0285201110325,2,55119,b47e98e9fdb75d4274a18e3f8a5d8f463418a1d56a6db4db7d9b834c9d89ca46
yellow_trip_hourly,Taxi,quantity,2283,0.028483825904,3,55119,b47e98e9fdb75d4274a18e3f8a5d8f463418a1d56a6db4db7d9b834c9d89ca46
yellow_trip_hourly,Taxi,quantity,2284,0.0284293982111,1,55119,b47e98e9fdb75d4274a18e3f8a5d8f463418a1d56a6db4db7d9b834c9d89ca46
yellow_trip_hourly,Taxi,quantity,2285,0.0284112556469,2,55119,b47e98e9fdb75d4274a18e3f8a5d8f463418a1d56a6db4db7d9b834c9d89ca46
yellow_trip_hourly,Taxi,quantity,2286,0.0283749705183,3,55119,b47e98e9fdb75d4274a18e3f8a5d8f463418a1d56a6db4db7d9b834c9d89ca46
yellow_trip_hourly,Taxi,quantity,2287,0.0283205428255,1,55119,b47e98e9fdb75d4274a18e3f8a5d8f463418a1d56a6db4db7d9b834c9d89ca46
yellow_trip_hourly,Taxi,quantity,2289,0.0283024002613,3,55119,b47e98e9fdb75d4274a18e3f8a5d8f463418a1d56a6db4db7d9b834c9d89ca46
yellow_trip_hourly,Taxi,quantity,2290,0.0282479725684,1,55119,b47e98e9fdb75d4274a18e3f8a5d8f463418a1d56a6db4db7d9b834c9d89ca46
yellow_trip_hourly,Taxi,quantity,2291,0.0282298300042,3,55119,b47e98e9fdb75d4274a18e3f8a5d8f463418a1d56a6db4db7d9b834c9d89ca46
yellow_trip_hourly,Taxi,quantity,2292,0.0281754023114,1,55119,b47e98e9fdb75d4274a18e3f8a5d8f463418a1d56a6db4db7d9b834c9d89ca46
yellow_trip_hourly,Taxi,quantity,2293,0.0281572597471,2,55119,b47e98e9fdb75d4274a18e3f8a5d8f463418a1d56a6db4db7d9b834c9d89ca46
yellow_trip_hourly,Taxi,quantity,2294,0.0281209746186,1,55119,b47e98e9fdb75d4274a18e3f8a5d8f463418a1d56a6db4db7d9b834c9d89ca46
yellow_trip_hourly,Taxi,quantity,2296,0.0281028320543,4,55119,b47e98e9fdb75d4274a18e3f8a5d8f463418a1d56a6db4db7d9b834c9d89ca46
yellow_trip_hourly,Taxi,quantity,2297,0.0280302617972,1,55119,b47e98e9fdb75d4274a18e3f8a5d8f463418a1d56a6db4db7d9b834c9d89ca46
yellow_trip_hourly,Taxi,quantity,2298,0.0280121192329,2,55119,b47e98e9fdb75d4274a18e3f8a5d8f463418a1d56a6db4db7d9b834c9d89ca46
yellow_trip_hourly,Taxi,quantity,2299,0.0279758341044,1,55119,b47e98e9fdb75d4274a18e3f8a5d8f463418a1d56a6db4db7d9b834c9d89ca46
yellow_trip_hourly,Taxi,quantity,2300,0.0279576915401,2,55119,b47e98e9fdb75d4274a18e3f8a5d8f463418a1d56a6db4db7d9b834c9d89ca46
yellow_trip_hourly,Taxi,quantity,2301,0.0279214064116,1,55119,b47e98e9fdb75d4274a18e3f8a5d8f463418a1d56a6db4db7d9b834c9d89ca46
yellow_trip_hourly,Taxi,quantity,2302,0.0279032638473,1,55119,b47e98e9fdb75d4274a18e3f8a5d8f463418a1d56a6db4db7d9b834c9d89ca46
yellow_trip_hourly,Taxi,quantity,2303,0.027885121283,1,55119,b47e98e9fdb75d4274a18e3f8a5d8f463418a1d56a6db4db7d9b834c9d89ca46
yellow_trip_hourly,Taxi,quantity,2304,0.0278669787188,1,55119,b47e98e9fdb75d4274a18e3f8a5d8f463418a1d56a6db4db7d9b834c9d89ca46
yellow_trip_hourly,Taxi,quantity,2305,0.0278488361545,3,55119,b47e98e9fdb75d4274a18e3f8a5d8f463418a1d56a6db4db7d9b834c9d89ca46
yellow_trip_hourly,Taxi,quantity,2306,0.0277944084617,1,55119,b47e98e9fdb75d4274a18e3f8a5d8f463418a1d56a6db4db7d9b834c9d89ca46
yellow_trip_hourly,Taxi,quantity,2310,0.0277762658974,1,55119,b47e98e9fdb75d4274a18e3f8a5d8f463418a1d56a6db4db7d9b834c9d89ca46
yellow_trip_hourly,Taxi,quantity,2311,0.0277581233332,2,55119,b47e98e9fdb75d4274a18e3f8a5d8f463418a1d56a6db4db7d9b834c9d89ca46
yellow_trip_hourly,Taxi,quantity,2312,0.0277218382046,1,55119,b47e98e9fdb75d4274a18e3f8a5d8f463418a1d56a6db4db7d9b834c9d89ca46
yellow_trip_hourly,Taxi,quantity,2313,0.0277036956403,1,55119,b47e98e9fdb75d4274a18e3f8a5d8f463418a1d56a6db4db7d9b834c9d89ca46
yellow_trip_hourly,Taxi,quantity,2314,0.0276855530761,3,55119,b47e98e9fdb75d4274a18e3f8a5d8f463418a1d56a6db4db7d9b834c9d89ca46
yellow_trip_hourly,Taxi,quantity,2316,0.0276311253833,1,55119,b47e98e9fdb75d4274a18e3f8a5d8f463418a1d56a6db4db7d9b834c9d89ca46
yellow_trip_hourly,Taxi,quantity,2318,0.027612982819,2,55119,b47e98e9fdb75d4274a18e3f8a5d8f463418a1d56a6db4db7d9b834c9d89ca46
yellow_trip_hourly,Taxi,quantity,2320,0.0275766976905,1,55119,b47e98e9fdb75d4274a18e3f8a5d8f463418a1d56a6db4db7d9b834c9d89ca46
yellow_trip_hourly,Taxi,quantity,2321,0.0275585551262,1,55119,b47e98e9fdb75d4274a18e3f8a5d8f463418a1d56a6db4db7d9b834c9d89ca46
yellow_trip_hourly,Taxi,quantity,2322,0.0275404125619,1,55119,b47e98e9fdb75d4274a18e3f8a5d8f463418a1d56a6db4db7d9b834c9d89ca46
yellow_trip_hourly,Taxi,quantity,2323,0.0275222699976,1,55119,b47e98e9fdb75d4274a18e3f8a5d8f463418a1d56a6db4db7d9b834c9d89ca46
yellow_trip_hourly,Taxi,quantity,2325,0.0275041274334,3,55119,b47e98e9fdb75d4274a18e3f8a5d8f463418a1d56a6db4db7d9b834c9d89ca46
yellow_trip_hourly,Taxi,quantity,2326,0.0274496997406,1,55119,b47e98e9fdb75d4274a18e3f8a5d8f463418a1d56a6db4db7d9b834c9d89ca46
yellow_trip_hourly,Taxi,quantity,2328,0.0274315571763,1,55119,b47e98e9fdb75d4274a18e3f8a5d8f463418a1d56a6db4db7d9b834c9d89ca46
yellow_trip_hourly,Taxi,quantity,2329,0.027413414612,2,55119,b47e98e9fdb75d4274a18e3f8a5d8f463418a1d56a6db4db7d9b834c9d89ca46
yellow_trip_hourly,Taxi,quantity,2330,0.0273771294835,2,55119,b47e98e9fdb75d4274a18e3f8a5d8f463418a1d56a6db4db7d9b834c9d89ca46
yellow_trip_hourly,Taxi,quantity,2331,0.0273408443549,1,55119,b47e98e9fdb75d4274a18e3f8a5d8f463418a1d56a6db4db7d9b834c9d89ca46
yellow_trip_hourly,Taxi,quantity,2332,0.0273227017907,1,55119,b47e98e9fdb75d4274a18e3f8a5d8f463418a1d56a6db4db7d9b834c9d89ca46
yellow_trip_hourly,Taxi,quantity,2333,0.0273045592264,1,55119,b47e98e9fdb75d4274a18e3f8a5d8f463418a1d56a6db4db7d9b834c9d89ca46
yellow_trip_hourly,Taxi,quantity,2334,0.0272864166621,3,55119,b47e98e9fdb75d4274a18e3f8a5d8f463418a1d56a6db4db7d9b834c9d89ca46
yellow_trip_hourly,Taxi,quantity,2335,0.0272319889693,1,55119,b47e98e9fdb75d4274a18e3f8a5d8f463418a1d56a6db4db7d9b834c9d89ca46
yellow_trip_hourly,Taxi,quantity,2336,0.0272138464051,2,55119,b47e98e9fdb75d4274a18e3f8a5d8f463418a1d56a6db4db7d9b834c9d89ca46
yellow_trip_hourly,Taxi,quantity,2337,0.0271775612765,1,55119,b47e98e9fdb75d4274a18e3f8a5d8f463418a1d56a6db4db7d9b834c9d89ca46
yellow_trip_hourly,Taxi,quantity,2339,0.0271594187122,1,55119,b47e98e9fdb75d4274a18e3f8a5d8f463418a1d56a6db4db7d9b834c9d89ca46
yellow_trip_hourly,Taxi,quantity,2341,0.027141276148,2,55119,b47e98e9fdb75d4274a18e3f8a5d8f463418a1d56a6db4db7d9b834c9d89ca46
yellow_trip_hourly,Taxi,quantity,2342,0.0271049910194,2,55119,b47e98e9fdb75d4274a18e3f8a5d8f463418a1d56a6db4db7d9b834c9d89ca46
yellow_trip_hourly,Taxi,quantity,2343,0.0270687058909,2,55119,b47e98e9fdb75d4274a18e3f8a5d8f463418a1d56a6db4db7d9b834c9d89ca46
yellow_trip_hourly,Taxi,quantity,2344,0.0270324207624,2,55119,b47e98e9fdb75d4274a18e3f8a5d8f463418a1d56a6db4db7d9b834c9d89ca46
yellow_trip_hourly,Taxi,quantity,2345,0.0269961356338,2,55119,b47e98e9fdb75d4274a18e3f8a5d8f463418a1d56a6db4db7d9b834c9d89ca46
yellow_trip_hourly,Taxi,quantity,2347,0.0269598505053,1,55119,b47e98e9fdb75d4274a18e3f8a5d8f463418a1d56a6db4db7d9b834c9d89ca46
yellow_trip_hourly,Taxi,quantity,2348,0.026941707941,2,55119,b47e98e9fdb75d4274a18e3f8a5d8f463418a1d56a6db4db7d9b834c9d89ca46
yellow_trip_hourly,Taxi,quantity,2349,0.0269054228125,2,55119,b47e98e9fdb75d4274a18e3f8a5d8f463418a1d56a6db4db7d9b834c9d89ca46
yellow_trip_hourly,Taxi,quantity,2351,0.0268691376839,1,55119,b47e98e9fdb75d4274a18e3f8a5d8f463418a1d56a6db4db7d9b834c9d89ca46
yellow_trip_hourly,Taxi,quantity,2352,0.0268509951197,3,55119,b47e98e9fdb75d4274a18e3f8a5d8f463418a1d56a6db4db7d9b834c9d89ca46
yellow_trip_hourly,Taxi,quantity,2353,0.0267965674268,3,55119,b47e98e9fdb75d4274a18e3f8a5d8f463418a1d56a6db4db7d9b834c9d89ca46
yellow_trip_hourly,Taxi,quantity,2354,0.026742139734,1,55119,b47e98e9fdb75d4274a18e3f8a5d8f463418a1d56a6db4db7d9b834c9d89ca46
yellow_trip_hourly,Taxi,quantity,2355,0.0267239971698,1,55119,b47e98e9fdb75d4274a18e3f8a5d8f463418a1d56a6db4db7d9b834c9d89ca46
yellow_trip_hourly,Taxi,quantity,2356,0.0267058546055,1,55119,b47e98e9fdb75d4274a18e3f8a5d8f463418a1d56a6db4db7d9b834c9d89ca46
yellow_trip_hourly,Taxi,quantity,2358,0.0266877120412,2,55119,b47e98e9fdb75d4274a18e3f8a5d8f463418a1d56a6db4db7d9b834c9d89ca46
yellow_trip_hourly,Taxi,quantity,2359,0.0266514269127,1,55119,b47e98e9fdb75d4274a18e3f8a5d8f463418a1d56a6db4db7d9b834c9d89ca46
yellow_trip_hourly,Taxi,quantity,2360,0.0266332843484,1,55119,b47e98e9fdb75d4274a18e3f8a5d8f463418a1d56a6db4db7d9b834c9d89ca46
yellow_trip_hourly,Taxi,quantity,2361,0.0266151417841,2,55119,b47e98e9fdb75d4274a18e3f8a5d8f463418a1d56a6db4db7d9b834c9d89ca46
yellow_trip_hourly,Taxi,quantity,2364,0.0265788566556,2,55119,b47e98e9fdb75d4274a18e3f8a5d8f463418a1d56a6db4db7d9b834c9d89ca46
yellow_trip_hourly,Taxi,quantity,2365,0.0265425715271,2,55119,b47e98e9fdb75d4274a18e3f8a5d8f463418a1d56a6db4db7d9b834c9d89ca46
yellow_trip_hourly,Taxi,quantity,2366,0.0265062863985,1,55119,b47e98e9fdb75d4274a18e3f8a5d8f463418a1d56a6db4db7d9b834c9d89ca46
yellow_trip_hourly,Taxi,quantity,2369,0.0264881438342,3,55119,b47e98e9fdb75d4274a18e3f8a5d8f463418a1d56a6db4db7d9b834c9d89ca46
yellow_trip_hourly,Taxi,quantity,2372,0.0264337161414,1,55119,b47e98e9fdb75d4274a18e3f8a5d8f463418a1d56a6db4db7d9b834c9d89ca46
yellow_trip_hourly,Taxi,quantity,2373,0.0264155735772,1,55119,b47e98e9fdb75d4274a18e3f8a5d8f463418a1d56a6db4db7d9b834c9d89ca46
yellow_trip_hourly,Taxi,quantity,2374,0.0263974310129,2,55119,b47e98e9fdb75d4274a18e3f8a5d8f463418a1d56a6db4db7d9b834c9d89ca46
yellow_trip_hourly,Taxi,quantity,2376,0.0263611458844,1,55119,b47e98e9fdb75d4274a18e3f8a5d8f463418a1d56a6db4db7d9b834c9d89ca46
yellow_trip_hourly,Taxi,quantity,2379,0.0263430033201,1,55119,b47e98e9fdb75d4274a18e3f8a5d8f463418a1d56a6db4db7d9b834c9d89ca46
yellow_trip_hourly,Taxi,quantity,2381,0.0263248607558,2,55119,b47e98e9fdb75d4274a18e3f8a5d8f463418a1d56a6db4db7d9b834c9d89ca46
yellow_trip_hourly,Taxi,quantity,2383,0.0262885756273,1,55119,b47e98e9fdb75d4274a18e3f8a5d8f463418a1d56a6db4db7d9b834c9d89ca46
yellow_trip_hourly,Taxi,quantity,2385,0.026270433063,1,55119,b47e98e9fdb75d4274a18e3f8a5d8f463418a1d56a6db4db7d9b834c9d89ca46
yellow_trip_hourly,Taxi,quantity,2386,0.0262522904987,1,55119,b47e98e9fdb75d4274a18e3f8a5d8f463418a1d56a6db4db7d9b834c9d89ca46
yellow_trip_hourly,Taxi,quantity,2388,0.0262341479345,1,55119,b47e98e9fdb75d4274a18e3f8a5d8f463418a1d56a6db4db7d9b834c9d89ca46
yellow_trip_hourly,Taxi,quantity,2390,0.0262160053702,1,55119,b47e98e9fdb75d4274a18e3f8a5d8f463418a1d56a6db4db7d9b834c9d89ca46
yellow_trip_hourly,Taxi,quantity,2391,0.0261978628059,1,55119,b47e98e9fdb75d4274a18e3f8a5d8f463418a1d56a6db4db7d9b834c9d89ca46
yellow_trip_hourly,Taxi,quantity,2392,0.0261797202417,2,55119,b47e98e9fdb75d4274a18e3f8a5d8f463418a1d56a6db4db7d9b834c9d89ca46
yellow_trip_hourly,Taxi,quantity,2393,0.0261434351131,2,55119,b47e98e9fdb75d4274a18e3f8a5d8f463418a1d56a6db4db7d9b834c9d89ca46
yellow_trip_hourly,Taxi,quantity,2395,0.0261071499846,3,55119,b47e98e9fdb75d4274a18e3f8a5d8f463418a1d56a6db4db7d9b834c9d89ca46
yellow_trip_hourly,Taxi,quantity,2396,0.0260527222918,3,55119,b47e98e9fdb75d4274a18e3f8a5d8f463418a1d56a6db4db7d9b834c9d89ca46
yellow_trip_hourly,Taxi,quantity,2398,0.025998294599,1,55119,b47e98e9fdb75d4274a18e3f8a5d8f463418a1d56a6db4db7d9b834c9d89ca46
yellow_trip_hourly,Taxi,quantity,2400,0.0259801520347,1,55119,b47e98e9fdb75d4274a18e3f8a5d8f463418a1d56a6db4db7d9b834c9d89ca46
yellow_trip_hourly,Taxi,quantity,2401,0.0259620094704,4,55119,b47e98e9fdb75d4274a18e3f8a5d8f463418a1d56a6db4db7d9b834c9d89ca46
yellow_trip_hourly,Taxi,quantity,2402,0.0258894392133,1,55119,b47e98e9fdb75d4274a18e3f8a5d8f463418a1d56a6db4db7d9b834c9d89ca46
yellow_trip_hourly,Taxi,quantity,2403,0.0258712966491,1,55119,b47e98e9fdb75d4274a18e3f8a5d8f463418a1d56a6db4db7d9b834c9d89ca46
yellow_trip_hourly,Taxi,quantity,2404,0.0258531540848,1,55119,b47e98e9fdb75d4274a18e3f8a5d8f463418a1d56a6db4db7d9b834c9d89ca46
yellow_trip_hourly,Taxi,quantity,2405,0.0258350115205,1,55119,b47e98e9fdb75d4274a18e3f8a5d8f463418a1d56a6db4db7d9b834c9d89ca46
yellow_trip_hourly,Taxi,quantity,2406,0.0258168689563,2,55119,b47e98e9fdb75d4274a18e3f8a5d8f463418a1d56a6db4db7d9b834c9d89ca46
yellow_trip_hourly,Taxi,quantity,2407,0.0257805838277,1,55119,b47e98e9fdb75d4274a18e3f8a5d8f463418a1d56a6db4db7d9b834c9d89ca46
yellow_trip_hourly,Taxi,quantity,2408,0.0257624412634,1,55119,b47e98e9fdb75d4274a18e3f8a5d8f463418a1d56a6db4db7d9b834c9d89ca46
yellow_trip_hourly,Taxi,quantity,2409,0.0257442986992,3,55119,b47e98e9fdb75d4274a18e3f8a5d8f463418a1d56a6db4db7d9b834c9d89ca46
yellow_trip_hourly,Taxi,quantity,2410,0.0256898710064,3,55119,b47e98e9fdb75d4274a18e3f8a5d8f463418a1d56a6db4db7d9b834c9d89ca46
yellow_trip_hourly,Taxi,quantity,2412,0.0256354433136,3,55119,b47e98e9fdb75d4274a18e3f8a5d8f463418a1d56a6db4db7d9b834c9d89ca46
yellow_trip_hourly,Taxi,quantity,2413,0.0255810156207,2,55119,b47e98e9fdb75d4274a18e3f8a5d8f463418a1d56a6db4db7d9b834c9d89ca46
yellow_trip_hourly,Taxi,quantity,2414,0.0255447304922,1,55119,b47e98e9fdb75d4274a18e3f8a5d8f463418a1d56a6db4db7d9b834c9d89ca46
yellow_trip_hourly,Taxi,quantity,2416,0.0255265879279,1,55119,b47e98e9fdb75d4274a18e3f8a5d8f463418a1d56a6db4db7d9b834c9d89ca46
yellow_trip_hourly,Taxi,quantity,2417,0.0255084453637,1,55119,b47e98e9fdb75d4274a18e3f8a5d8f463418a1d56a6db4db7d9b834c9d89ca46
yellow_trip_hourly,Taxi,quantity,2422,0.0254903027994,1,55119,b47e98e9fdb75d4274a18e3f8a5d8f463418a1d56a6db4db7d9b834c9d89ca46
yellow_trip_hourly,Taxi,quantity,2423,0.0254721602351,2,55119,b47e98e9fdb75d4274a18e3f8a5d8f463418a1d56a6db4db7d9b834c9d89ca46
yellow_trip_hourly,Taxi,quantity,2424,0.0254358751066,4,55119,b47e98e9fdb75d4274a18e3f8a5d8f463418a1d56a6db4db7d9b834c9d89ca46
yellow_trip_hourly,Taxi,quantity,2426,0.0253633048495,2,55119,b47e98e9fdb75d4274a18e3f8a5d8f463418a1d56a6db4db7d9b834c9d89ca46
yellow_trip_hourly,Taxi,quantity,2427,0.025327019721,1,55119,b47e98e9fdb75d4274a18e3f8a5d8f463418a1d56a6db4db7d9b834c9d89ca46
yellow_trip_hourly,Taxi,quantity,2428,0.0253088771567,3,55119,b47e98e9fdb75d4274a18e3f8a5d8f463418a1d56a6db4db7d9b834c9d89ca46
yellow_trip_hourly,Taxi,quantity,2429,0.0252544494639,3,55119,b47e98e9fdb75d4274a18e3f8a5d8f463418a1d56a6db4db7d9b834c9d89ca46
yellow_trip_hourly,Taxi,quantity,2431,0.0252000217711,1,55119,b47e98e9fdb75d4274a18e3f8a5d8f463418a1d56a6db4db7d9b834c9d89ca46
yellow_trip_hourly,Taxi,quantity,2433,0.0251818792068,2,55119,b47e98e9fdb75d4274a18e3f8a5d8f463418a1d56a6db4db7d9b834c9d89ca46
yellow_trip_hourly,Taxi,quantity,2435,0.0251455940783,1,55119,b47e98e9fdb75d4274a18e3f8a5d8f463418a1d56a6db4db7d9b834c9d89ca46
yellow_trip_hourly,Taxi,quantity,2436,0.025127451514,1,55119,b47e98e9fdb75d4274a18e3f8a5d8f463418a1d56a6db4db7d9b834c9d89ca46
yellow_trip_hourly,Taxi,quantity,2439,0.0251093089497,1,55119,b47e98e9fdb75d4274a18e3f8a5d8f463418a1d56a6db4db7d9b834c9d89ca46
yellow_trip_hourly,Taxi,quantity,2443,0.0250911663855,1,55119,b47e98e9fdb75d4274a18e3f8a5d8f463418a1d56a6db4db7d9b834c9d89ca46
yellow_trip_hourly,Taxi,quantity,2446,0.0250730238212,1,55119,b47e98e9fdb75d4274a18e3f8a5d8f463418a1d56a6db4db7d9b834c9d89ca46
yellow_trip_hourly,Taxi,quantity,2449,0.0250548812569,1,55119,b47e98e9fdb75d4274a18e3f8a5d8f463418a1d56a6db4db7d9b834c9d89ca46
yellow_trip_hourly,Taxi,quantity,2450,0.0250367386926,1,55119,b47e98e9fdb75d4274a18e3f8a5d8f463418a1d56a6db4db7d9b834c9d89ca46
yellow_trip_hourly,Taxi,quantity,2452,0.0250185961284,1,55119,b47e98e9fdb75d4274a18e3f8a5d8f463418a1d56a6db4db7d9b834c9d89ca46
yellow_trip_hourly,Taxi,quantity,2453,0.0250004535641,1,55119,b47e98e9fdb75d4274a18e3f8a5d8f463418a1d56a6db4db7d9b834c9d89ca46
yellow_trip_hourly,Taxi,quantity,2454,0.0249823109998,2,55119,b47e98e9fdb75d4274a18e3f8a5d8f463418a1d56a6db4db7d9b834c9d89ca46
yellow_trip_hourly,Taxi,quantity,2456,0.0249460258713,1,55119,b47e98e9fdb75d4274a18e3f8a5d8f463418a1d56a6db4db7d9b834c9d89ca46
yellow_trip_hourly,Taxi,quantity,2457,0.024927883307,1,55119,b47e98e9fdb75d4274a18e3f8a5d8f463418a1d56a6db4db7d9b834c9d89ca46
yellow_trip_hourly,Taxi,quantity,2458,0.0249097407428,1,55119,b47e98e9fdb75d4274a18e3f8a5d8f463418a1d56a6db4db7d9b834c9d89ca46
yellow_trip_hourly,Taxi,quantity,2459,0.0248915981785,2,55119,b47e98e9fdb75d4274a18e3f8a5d8f463418a1d56a6db4db7d9b834c9d89ca46
yellow_trip_hourly,Taxi,quantity,2460,0.0248553130499,2,55119,b47e98e9fdb75d4274a18e3f8a5d8f463418a1d56a6db4db7d9b834c9d89ca46
yellow_trip_hourly,Taxi,quantity,2462,0.0248190279214,2,55119,b47e98e9fdb75d4274a18e3f8a5d8f463418a1d56a6db4db7d9b834c9d89ca46
yellow_trip_hourly,Taxi,quantity,2463,0.0247827427929,2,55119,b47e98e9fdb75d4274a18e3f8a5d8f463418a1d56a6db4db7d9b834c9d89ca46
yellow_trip_hourly,Taxi,quantity,2464,0.0247464576643,2,55119,b47e98e9fdb75d4274a18e3f8a5d8f463418a1d56a6db4db7d9b834c9d89ca46
yellow_trip_hourly,Taxi,quantity,2465,0.0247101725358,1,55119,b47e98e9fdb75d4274a18e3f8a5d8f463418a1d56a6db4db7d9b834c9d89ca46
yellow_trip_hourly,Taxi,quantity,2468,0.0246920299715,1,55119,b47e98e9fdb75d4274a18e3f8a5d8f463418a1d56a6db4db7d9b834c9d89ca46
yellow_trip_hourly,Taxi,quantity,2469,0.0246738874072,1,55119,b47e98e9fdb75d4274a18e3f8a5d8f463418a1d56a6db4db7d9b834c9d89ca46
yellow_trip_hourly,Taxi,quantity,2471,0.024655744843,1,55119,b47e98e9fdb75d4274a18e3f8a5d8f463418a1d56a6db4db7d9b834c9d89ca46
yellow_trip_hourly,Taxi,quantity,2472,0.0246376022787,1,55119,b47e98e9fdb75d4274a18e3f8a5d8f463418a1d56a6db4db7d9b834c9d89ca46
yellow_trip_hourly,Taxi,quantity,2473,0.0246194597144,3,55119,b47e98e9fdb75d4274a18e3f8a5d8f463418a1d56a6db4db7d9b834c9d89ca46
yellow_trip_hourly,Taxi,quantity,2474,0.0245650320216,1,55119,b47e98e9fdb75d4274a18e3f8a5d8f463418a1d56a6db4db7d9b834c9d89ca46
yellow_trip_hourly,Taxi,quantity,2475,0.0245468894574,2,55119,b47e98e9fdb75d4274a18e3f8a5d8f463418a1d56a6db4db7d9b834c9d89ca46
yellow_trip_hourly,Taxi,quantity,2478,0.0245106043288,3,55119,b47e98e9fdb75d4274a18e3f8a5d8f463418a1d56a6db4db7d9b834c9d89ca46
yellow_trip_hourly,Taxi,quantity,2481,0.024456176636,1,55119,b47e98e9fdb75d4274a18e3f8a5d8f463418a1d56a6db4db7d9b834c9d89ca46
yellow_trip_hourly,Taxi,quantity,2482,0.0244380340717,1,55119,b47e98e9fdb75d4274a18e3f8a5d8f463418a1d56a6db4db7d9b834c9d89ca46
yellow_trip_hourly,Taxi,quantity,2483,0.0244198915075,3,55119,b47e98e9fdb75d4274a18e3f8a5d8f463418a1d56a6db4db7d9b834c9d89ca46
yellow_trip_hourly,Taxi,quantity,2484,0.0243654638147,1,55119,b47e98e9fdb75d4274a18e3f8a5d8f463418a1d56a6db4db7d9b834c9d89ca46
yellow_trip_hourly,Taxi,quantity,2485,0.0243473212504,1,55119,b47e98e9fdb75d4274a18e3f8a5d8f463418a1d56a6db4db7d9b834c9d89ca46
yellow_trip_hourly,Taxi,quantity,2486,0.0243291786861,1,55119,b47e98e9fdb75d4274a18e3f8a5d8f463418a1d56a6db4db7d9b834c9d89ca46
yellow_trip_hourly,Taxi,quantity,2487,0.0243110361218,2,55119,b47e98e9fdb75d4274a18e3f8a5d8f463418a1d56a6db4db7d9b834c9d89ca46
yellow_trip_hourly,Taxi,quantity,2488,0.0242747509933,1,55119,b47e98e9fdb75d4274a18e3f8a5d8f463418a1d56a6db4db7d9b834c9d89ca46
yellow_trip_hourly,Taxi,quantity,2489,0.024256608429,3,55119,b47e98e9fdb75d4274a18e3f8a5d8f463418a1d56a6db4db7d9b834c9d89ca46
yellow_trip_hourly,Taxi,quantity,2491,0.0242021807362,1,55119,b47e98e9fdb75d4274a18e3f8a5d8f463418a1d56a6db4db7d9b834c9d89ca46
yellow_trip_hourly,Taxi,quantity,2492,0.024184038172,1,55119,b47e98e9fdb75d4274a18e3f8a5d8f463418a1d56a6db4db7d9b834c9d89ca46
yellow_trip_hourly,Taxi,quantity,2494,0.0241658956077,2,55119,b47e98e9fdb75d4274a18e3f8a5d8f463418a1d56a6db4db7d9b834c9d89ca46
yellow_trip_hourly,Taxi,quantity,2495,0.0241296104791,1,55119,b47e98e9fdb75d4274a18e3f8a5d8f463418a1d56a6db4db7d9b834c9d89ca46
yellow_trip_hourly,Taxi,quantity,2496,0.0241114679149,3,55119,b47e98e9fdb75d4274a18e3f8a5d8f463418a1d56a6db4db7d9b834c9d89ca46
yellow_trip_hourly,Taxi,quantity,2497,0.0240570402221,1,55119,b47e98e9fdb75d4274a18e3f8a5d8f463418a1d56a6db4db7d9b834c9d89ca46
yellow_trip_hourly,Taxi,quantity,2499,0.0240388976578,1,55119,b47e98e9fdb75d4274a18e3f8a5d8f463418a1d56a6db4db7d9b834c9d89ca46
yellow_trip_hourly,Taxi,quantity,2502,0.0240207550935,3,55119,b47e98e9fdb75d4274a18e3f8a5d8f463418a1d56a6db4db7d9b834c9d89ca46
yellow_trip_hourly,Taxi,quantity,2504,0.0239663274007,1,55119,b47e98e9fdb75d4274a18e3f8a5d8f463418a1d56a6db4db7d9b834c9d89ca46
yellow_trip_hourly,Taxi,quantity,2507,0.0239481848364,4,55119,b47e98e9fdb75d4274a18e3f8a5d8f463418a1d56a6db4db7d9b834c9d89ca46
yellow_trip_hourly,Taxi,quantity,2508,0.0238756145794,1,55119,b47e98e9fdb75d4274a18e3f8a5d8f463418a1d56a6db4db7d9b834c9d89ca46
yellow_trip_hourly,Taxi,quantity,2509,0.0238574720151,1,55119,b47e98e9fdb75d4274a18e3f8a5d8f463418a1d56a6db4db7d9b834c9d89ca46
yellow_trip_hourly,Taxi,quantity,2510,0.0238393294508,1,55119,b47e98e9fdb75d4274a18e3f8a5d8f463418a1d56a6db4db7d9b834c9d89ca46
yellow_trip_hourly,Taxi,quantity,2511,0.0238211868866,1,55119,b47e98e9fdb75d4274a18e3f8a5d8f463418a1d56a6db4db7d9b834c9d89ca46
yellow_trip_hourly,Taxi,quantity,2512,0.0238030443223,1,55119,b47e98e9fdb75d4274a18e3f8a5d8f463418a1d56a6db4db7d9b834c9d89ca46
yellow_trip_hourly,Taxi,quantity,2514,0.023784901758,2,55119,b47e98e9fdb75d4274a18e3f8a5d8f463418a1d56a6db4db7d9b834c9d89ca46
yellow_trip_hourly,Taxi,quantity,2515,0.0237486166295,1,55119,b47e98e9fdb75d4274a18e3f8a5d8f463418a1d56a6db4db7d9b834c9d89ca46
yellow_trip_hourly,Taxi,quantity,2516,0.0237304740652,1,55119,b47e98e9fdb75d4274a18e3f8a5d8f463418a1d56a6db4db7d9b834c9d89ca46
yellow_trip_hourly,Taxi,quantity,2517,0.0237123315009,1,55119,b47e98e9fdb75d4274a18e3f8a5d8f463418a1d56a6db4db7d9b834c9d89ca46
yellow_trip_hourly,Taxi,quantity,2518,0.0236941889367,3,55119,b47e98e9fdb75d4274a18e3f8a5d8f463418a1d56a6db4db7d9b834c9d89ca46
yellow_trip_hourly,Taxi,quantity,2519,0.0236397612439,1,55119,b47e98e9fdb75d4274a18e3f8a5d8f463418a1d56a6db4db7d9b834c9d89ca46
yellow_trip_hourly,Taxi,quantity,2520,0.0236216186796,2,55119,b47e98e9fdb75d4274a18e3f8a5d8f463418a1d56a6db4db7d9b834c9d89ca46
yellow_trip_hourly,Taxi,quantity,2521,0.023585333551,1,55119,b47e98e9fdb75d4274a18e3f8a5d8f463418a1d56a6db4db7d9b834c9d89ca46
yellow_trip_hourly,Taxi,quantity,2522,0.0235671909868,1,55119,b47e98e9fdb75d4274a18e3f8a5d8f463418a1d56a6db4db7d9b834c9d89ca46
yellow_trip_hourly,Taxi,quantity,2523,0.0235490484225,2,55119,b47e98e9fdb75d4274a18e3f8a5d8f463418a1d56a6db4db7d9b834c9d89ca46
yellow_trip_hourly,Taxi,quantity,2524,0.023512763294,2,55119,b47e98e9fdb75d4274a18e3f8a5d8f463418a1d56a6db4db7d9b834c9d89ca46
yellow_trip_hourly,Taxi,quantity,2525,0.0234764781654,1,55119,b47e98e9fdb75d4274a18e3f8a5d8f463418a1d56a6db4db7d9b834c9d89ca46
yellow_trip_hourly,Taxi,quantity,2527,0.0234583356012,4,55119,b47e98e9fdb75d4274a18e3f8a5d8f463418a1d56a6db4db7d9b834c9d89ca46
yellow_trip_hourly,Taxi,quantity,2529,0.0233857653441,2,55119,b47e98e9fdb75d4274a18e3f8a5d8f463418a1d56a6db4db7d9b834c9d89ca46
yellow_trip_hourly,Taxi,quantity,2530,0.0233494802155,1,55119,b47e98e9fdb75d4274a18e3f8a5d8f463418a1d56a6db4db7d9b834c9d89ca46
yellow_trip_hourly,Taxi,quantity,2532,0.0233313376513,2,55119,b47e98e9fdb75d4274a18e3f8a5d8f463418a1d56a6db4db7d9b834c9d89ca46
yellow_trip_hourly,Taxi,quantity,2533,0.0232950525227,1,55119,b47e98e9fdb75d4274a18e3f8a5d8f463418a1d56a6db4db7d9b834c9d89ca46
yellow_trip_hourly,Taxi,quantity,2535,0.0232769099585,1,55119,b47e98e9fdb75d4274a18e3f8a5d8f463418a1d56a6db4db7d9b834c9d89ca46
yellow_trip_hourly,Taxi,quantity,2536,0.0232587673942,2,55119,b47e98e9fdb75d4274a18e3f8a5d8f463418a1d56a6db4db7d9b834c9d89ca46
yellow_trip_hourly,Taxi,quantity,2537,0.0232224822656,3,55119,b47e98e9fdb75d4274a18e3f8a5d8f463418a1d56a6db4db7d9b834c9d89ca46
yellow_trip_hourly,Taxi,quantity,2538,0.0231680545728,1,55119,b47e98e9fdb75d4274a18e3f8a5d8f463418a1d56a6db4db7d9b834c9d89ca46
yellow_trip_hourly,Taxi,quantity,2541,0.0231499120086,2,55119,b47e98e9fdb75d4274a18e3f8a5d8f463418a1d56a6db4db7d9b834c9d89ca46
yellow_trip_hourly,Taxi,quantity,2542,0.02311362688,1,55119,b47e98e9fdb75d4274a18e3f8a5d8f463418a1d56a6db4db7d9b834c9d89ca46
yellow_trip_hourly,Taxi,quantity,2543,0.0230954843158,1,55119,b47e98e9fdb75d4274a18e3f8a5d8f463418a1d56a6db4db7d9b834c9d89ca46
yellow_trip_hourly,Taxi,quantity,2544,0.0230773417515,2,55119,b47e98e9fdb75d4274a18e3f8a5d8f463418a1d56a6db4db7d9b834c9d89ca46
yellow_trip_hourly,Taxi,quantity,2545,0.0230410566229,1,55119,b47e98e9fdb75d4274a18e3f8a5d8f463418a1d56a6db4db7d9b834c9d89ca46
yellow_trip_hourly,Taxi,quantity,2546,0.0230229140587,2,55119,b47e98e9fdb75d4274a18e3f8a5d8f463418a1d56a6db4db7d9b834c9d89ca46
yellow_trip_hourly,Taxi,quantity,2547,0.0229866289301,2,55119,b47e98e9fdb75d4274a18e3f8a5d8f463418a1d56a6db4db7d9b834c9d89ca46
yellow_trip_hourly,Taxi,quantity,2548,0.0229503438016,1,55119,b47e98e9fdb75d4274a18e3f8a5d8f463418a1d56a6db4db7d9b834c9d89ca46
yellow_trip_hourly,Taxi,quantity,2550,0.0229322012373,2,55119,b47e98e9fdb75d4274a18e3f8a5d8f463418a1d56a6db4db7d9b834c9d89ca46
yellow_trip_hourly,Taxi,quantity,2552,0.0228959161088,1,55119,b47e98e9fdb75d4274a18e3f8a5d8f463418a1d56a6db4db7d9b834c9d89ca46
yellow_trip_hourly,Taxi,quantity,2553,0.0228777735445,1,55119,b47e98e9fdb75d4274a18e3f8a5d8f463418a1d56a6db4db7d9b834c9d89ca46
yellow_trip_hourly,Taxi,quantity,2554,0.0228596309802,1,55119,b47e98e9fdb75d4274a18e3f8a5d8f463418a1d56a6db4db7d9b834c9d89ca46
yellow_trip_hourly,Taxi,quantity,2555,0.022841488416,1,55119,b47e98e9fdb75d4274a18e3f8a5d8f463418a1d56a6db4db7d9b834c9d89ca46
yellow_trip_hourly,Taxi,quantity,2557,0.0228233458517,2,55119,b47e98e9fdb75d4274a18e3f8a5d8f463418a1d56a6db4db7d9b834c9d89ca46
yellow_trip_hourly,Taxi,quantity,2558,0.0227870607232,1,55119,b47e98e9fdb75d4274a18e3f8a5d8f463418a1d56a6db4db7d9b834c9d89ca46
yellow_trip_hourly,Taxi,quantity,2559,0.0227689181589,1,55119,b47e98e9fdb75d4274a18e3f8a5d8f463418a1d56a6db4db7d9b834c9d89ca46
yellow_trip_hourly,Taxi,quantity,2561,0.0227507755946,1,55119,b47e98e9fdb75d4274a18e3f8a5d8f463418a1d56a6db4db7d9b834c9d89ca46
yellow_trip_hourly,Taxi,quantity,2562,0.0227326330304,1,55119,b47e98e9fdb75d4274a18e3f8a5d8f463418a1d56a6db4db7d9b834c9d89ca46
yellow_trip_hourly,Taxi,quantity,2563,0.0227144904661,2,55119,b47e98e9fdb75d4274a18e3f8a5d8f463418a1d56a6db4db7d9b834c9d89ca46
yellow_trip_hourly,Taxi,quantity,2565,0.0226782053375,1,55119,b47e98e9fdb75d4274a18e3f8a5d8f463418a1d56a6db4db7d9b834c9d89ca46
yellow_trip_hourly,Taxi,quantity,2566,0.0226600627733,1,55119,b47e98e9fdb75d4274a18e3f8a5d8f463418a1d56a6db4db7d9b834c9d89ca46
yellow_trip_hourly,Taxi,quantity,2567,0.022641920209,2,55119,b47e98e9fdb75d4274a18e3f8a5d8f463418a1d56a6db4db7d9b834c9d89ca46
yellow_trip_hourly,Taxi,quantity,2568,0.0226056350805,3,55119,b47e98e9fdb75d4274a18e3f8a5d8f463418a1d56a6db4db7d9b834c9d89ca46
yellow_trip_hourly,Taxi,quantity,2569,0.0225512073877,2,55119,b47e98e9fdb75d4274a18e3f8a5d8f463418a1d56a6db4db7d9b834c9d89ca46
yellow_trip_hourly,Taxi,quantity,2570,0.0225149222591,1,55119,b47e98e9fdb75d4274a18e3f8a5d8f463418a1d56a6db4db7d9b834c9d89ca46
yellow_trip_hourly,Taxi,quantity,2571,0.0224967796948,3,55119,b47e98e9fdb75d4274a18e3f8a5d8f463418a1d56a6db4db7d9b834c9d89ca46
yellow_trip_hourly,Taxi,quantity,2572,0.022442352002,3,55119,b47e98e9fdb75d4274a18e3f8a5d8f463418a1d56a6db4db7d9b834c9d89ca46
yellow_trip_hourly,Taxi,quantity,2573,0.0223879243092,2,55119,b47e98e9fdb75d4274a18e3f8a5d8f463418a1d56a6db4db7d9b834c9d89ca46
yellow_trip_hourly,Taxi,quantity,2574,0.0223516391807,1,55119,b47e98e9fdb75d4274a18e3f8a5d8f463418a1d56a6db4db7d9b834c9d89ca46
yellow_trip_hourly,Taxi,quantity,2575,0.0223334966164,2,55119,b47e98e9fdb75d4274a18e3f8a5d8f463418a1d56a6db4db7d9b834c9d89ca46
yellow_trip_hourly,Taxi,quantity,2576,0.0222972114879,3,55119,b47e98e9fdb75d4274a18e3f8a5d8f463418a1d56a6db4db7d9b834c9d89ca46
yellow_trip_hourly,Taxi,quantity,2577,0.0222427837951,1,55119,b47e98e9fdb75d4274a18e3f8a5d8f463418a1d56a6db4db7d9b834c9d89ca46
yellow_trip_hourly,Taxi,quantity,2579,0.0222246412308,1,55119,b47e98e9fdb75d4274a18e3f8a5d8f463418a1d56a6db4db7d9b834c9d89ca46
yellow_trip_hourly,Taxi,quantity,2580,0.0222064986665,1,55119,b47e98e9fdb75d4274a18e3f8a5d8f463418a1d56a6db4db7d9b834c9d89ca46
yellow_trip_hourly,Taxi,quantity,2581,0.0221883561023,2,55119,b47e98e9fdb75d4274a18e3f8a5d8f463418a1d56a6db4db7d9b834c9d89ca46
yellow_trip_hourly,Taxi,quantity,2582,0.0221520709737,1,55119,b47e98e9fdb75d4274a18e3f8a5d8f463418a1d56a6db4db7d9b834c9d89ca46
yellow_trip_hourly,Taxi,quantity,2586,0.0221339284094,2,55119,b47e98e9fdb75d4274a18e3f8a5d8f463418a1d56a6db4db7d9b834c9d89ca46
yellow_trip_hourly,Taxi,quantity,2588,0.0220976432809,2,55119,b47e98e9fdb75d4274a18e3f8a5d8f463418a1d56a6db4db7d9b834c9d89ca46
yellow_trip_hourly,Taxi,quantity,2589,0.0220613581524,1,55119,b47e98e9fdb75d4274a18e3f8a5d8f463418a1d56a6db4db7d9b834c9d89ca46
yellow_trip_hourly,Taxi,quantity,2590,0.0220432155881,1,55119,b47e98e9fdb75d4274a18e3f8a5d8f463418a1d56a6db4db7d9b834c9d89ca46
yellow_trip_hourly,Taxi,quantity,2592,0.0220250730238,1,55119,b47e98e9fdb75d4274a18e3f8a5d8f463418a1d56a6db4db7d9b834c9d89ca46
yellow_trip_hourly,Taxi,quantity,2593,0.0220069304596,3,55119,b47e98e9fdb75d4274a18e3f8a5d8f463418a1d56a6db4db7d9b834c9d89ca46
yellow_trip_hourly,Taxi,quantity,2594,0.0219525027667,2,55119,b47e98e9fdb75d4274a18e3f8a5d8f463418a1d56a6db4db7d9b834c9d89ca46
yellow_trip_hourly,Taxi,quantity,2595,0.0219162176382,1,55119,b47e98e9fdb75d4274a18e3f8a5d8f463418a1d56a6db4db7d9b834c9d89ca46
yellow_trip_hourly,Taxi,quantity,2596,0.0218980750739,1,55119,b47e98e9fdb75d4274a18e3f8a5d8f463418a1d56a6db4db7d9b834c9d89ca46
yellow_trip_hourly,Taxi,quantity,2597,0.0218799325097,1,55119,b47e98e9fdb75d4274a18e3f8a5d8f463418a1d56a6db4db7d9b834c9d89ca46
yellow_trip_hourly,Taxi,quantity,2598,0.0218617899454,1,55119,b47e98e9fdb75d4274a18e3f8a5d8f463418a1d56a6db4db7d9b834c9d89ca46
yellow_trip_hourly,Taxi,quantity,2599,0.0218436473811,1,55119,b47e98e9fdb75d4274a18e3f8a5d8f463418a1d56a6db4db7d9b834c9d89ca46
yellow_trip_hourly,Taxi,quantity,2600,0.0218255048169,2,55119,b47e98e9fdb75d4274a18e3f8a5d8f463418a1d56a6db4db7d9b834c9d89ca46
yellow_trip_hourly,Taxi,quantity,2601,0.0217892196883,1,55119,b47e98e9fdb75d4274a18e3f8a5d8f463418a1d56a6db4db7d9b834c9d89ca46
yellow_trip_hourly,Taxi,quantity,2603,0.021771077124,2,55119,b47e98e9fdb75d4274a18e3f8a5d8f463418a1d56a6db4db7d9b834c9d89ca46
yellow_trip_hourly,Taxi,quantity,2605,0.0217347919955,1,55119,b47e98e9fdb75d4274a18e3f8a5d8f463418a1d56a6db4db7d9b834c9d89ca46
yellow_trip_hourly,Taxi,quantity,2607,0.0217166494312,2,55119,b47e98e9fdb75d4274a18e3f8a5d8f463418a1d56a6db4db7d9b834c9d89ca46
yellow_trip_hourly,Taxi,quantity,2609,0.0216803643027,1,55119,b47e98e9fdb75d4274a18e3f8a5d8f463418a1d56a6db4db7d9b834c9d89ca46
yellow_trip_hourly,Taxi,quantity,2610,0.0216622217384,2,55119,b47e98e9fdb75d4274a18e3f8a5d8f463418a1d56a6db4db7d9b834c9d89ca46
yellow_trip_hourly,Taxi,quantity,2611,0.0216259366099,2,55119,b47e98e9fdb75d4274a18e3f8a5d8f463418a1d56a6db4db7d9b834c9d89ca46
yellow_trip_hourly,Taxi,quantity,2612,0.0215896514813,1,55119,b47e98e9fdb75d4274a18e3f8a5d8f463418a1d56a6db4db7d9b834c9d89ca46
yellow_trip_hourly,Taxi,quantity,2613,0.0215715089171,1,55119,b47e98e9fdb75d4274a18e3f8a5d8f463418a1d56a6db4db7d9b834c9d89ca46
yellow_trip_hourly,Taxi,quantity,2615,0.0215533663528,2,55119,b47e98e9fdb75d4274a18e3f8a5d8f463418a1d56a6db4db7d9b834c9d89ca46
yellow_trip_hourly,Taxi,quantity,2617,0.0215170812243,1,55119,b47e98e9fdb75d4274a18e3f8a5d8f463418a1d56a6db4db7d9b834c9d89ca46
yellow_trip_hourly,Taxi,quantity,2618,0.02149893866,1,55119,b47e98e9fdb75d4274a18e3f8a5d8f463418a1d56a6db4db7d9b834c9d89ca46
yellow_trip_hourly,Taxi,quantity,2619,0.0214807960957,1,55119,b47e98e9fdb75d4274a18e3f8a5d8f463418a1d56a6db4db7d9b834c9d89ca46
yellow_trip_hourly,Taxi,quantity,2620,0.0214626535315,2,55119,b47e98e9fdb75d4274a18e3f8a5d8f463418a1d56a6db4db7d9b834c9d89ca46
yellow_trip_hourly,Taxi,quantity,2623,0.0214263684029,3,55119,b47e98e9fdb75d4274a18e3f8a5d8f463418a1d56a6db4db7d9b834c9d89ca46
yellow_trip_hourly,Taxi,quantity,2625,0.0213719407101,1,55119,b47e98e9fdb75d4274a18e3f8a5d8f463418a1d56a6db4db7d9b834c9d89ca46
yellow_trip_hourly,Taxi,quantity,2626,0.0213537981458,1,55119,b47e98e9fdb75d4274a18e3f8a5d8f463418a1d56a6db4db7d9b834c9d89ca46
yellow_trip_hourly,Taxi,quantity,2627,0.0213356555816,1,55119,b47e98e9fdb75d4274a18e3f8a5d8f463418a1d56a6db4db7d9b834c9d89ca46
yellow_trip_hourly,Taxi,quantity,2629,0.0213175130173,2,55119,b47e98e9fdb75d4274a18e3f8a5d8f463418a1d56a6db4db7d9b834c9d89ca46
yellow_trip_hourly,Taxi,quantity,2630,0.0212812278887,1,55119,b47e98e9fdb75d4274a18e3f8a5d8f463418a1d56a6db4db7d9b834c9d89ca46
yellow_trip_hourly,Taxi,quantity,2631,0.0212630853245,1,55119,b47e98e9fdb75d4274a18e3f8a5d8f463418a1d56a6db4db7d9b834c9d89ca46
yellow_trip_hourly,Taxi,quantity,2632,0.0212449427602,3,55119,b47e98e9fdb75d4274a18e3f8a5d8f463418a1d56a6db4db7d9b834c9d89ca46
yellow_trip_hourly,Taxi,quantity,2633,0.0211905150674,1,55119,b47e98e9fdb75d4274a18e3f8a5d8f463418a1d56a6db4db7d9b834c9d89ca46
yellow_trip_hourly,Taxi,quantity,2635,0.0211723725031,3,55119,b47e98e9fdb75d4274a18e3f8a5d8f463418a1d56a6db4db7d9b834c9d89ca46
yellow_trip_hourly,Taxi,quantity,2636,0.0211179448103,1,55119,b47e98e9fdb75d4274a18e3f8a5d8f463418a1d56a6db4db7d9b834c9d89ca46
yellow_trip_hourly,Taxi,quantity,2638,0.021099802246,3,55119,b47e98e9fdb75d4274a18e3f8a5d8f463418a1d56a6db4db7d9b834c9d89ca46
yellow_trip_hourly,Taxi,quantity,2639,0.0210453745532,2,55119,b47e98e9fdb75d4274a18e3f8a5d8f463418a1d56a6db4db7d9b834c9d89ca46
yellow_trip_hourly,Taxi,quantity,2640,0.0210090894247,1,55119,b47e98e9fdb75d4274a18e3f8a5d8f463418a1d56a6db4db7d9b834c9d89ca46
yellow_trip_hourly,Taxi,quantity,2641,0.0209909468604,1,55119,b47e98e9fdb75d4274a18e3f8a5d8f463418a1d56a6db4db7d9b834c9d89ca46
yellow_trip_hourly,Taxi,quantity,2642,0.0209728042962,4,55119,b47e98e9fdb75d4274a18e3f8a5d8f463418a1d56a6db4db7d9b834c9d89ca46
yellow_trip_hourly,Taxi,quantity,2644,0.0209002340391,1,55119,b47e98e9fdb75d4274a18e3f8a5d8f463418a1d56a6db4db7d9b834c9d89ca46
yellow_trip_hourly,Taxi,quantity,2645,0.0208820914748,2,55119,b47e98e9fdb75d4274a18e3f8a5d8f463418a1d56a6db4db7d9b834c9d89ca46
yellow_trip_hourly,Taxi,quantity,2646,0.0208458063463,1,55119,b47e98e9fdb75d4274a18e3f8a5d8f463418a1d56a6db4db7d9b834c9d89ca46
yellow_trip_hourly,Taxi,quantity,2647,0.020827663782,3,55119,b47e98e9fdb75d4274a18e3f8a5d8f463418a1d56a6db4db7d9b834c9d89ca46
yellow_trip_hourly,Taxi,quantity,2648,0.0207732360892,1,55119,b47e98e9fdb75d4274a18e3f8a5d8f463418a1d56a6db4db7d9b834c9d89ca46
yellow_trip_hourly,Taxi,quantity,2649,0.0207550935249,1,55119,b47e98e9fdb75d4274a18e3f8a5d8f463418a1d56a6db4db7d9b834c9d89ca46
yellow_trip_hourly,Taxi,quantity,2650,0.0207369509606,2,55119,b47e98e9fdb75d4274a18e3f8a5d8f463418a1d56a6db4db7d9b834c9d89ca46
yellow_trip_hourly,Taxi,quantity,2651,0.0207006658321,1,55119,b47e98e9fdb75d4274a18e3f8a5d8f463418a1d56a6db4db7d9b834c9d89ca46
yellow_trip_hourly,Taxi,quantity,2653,0.0206825232678,1,55119,b47e98e9fdb75d4274a18e3f8a5d8f463418a1d56a6db4db7d9b834c9d89ca46
yellow_trip_hourly,Taxi,quantity,2654,0.0206643807036,3,55119,b47e98e9fdb75d4274a18e3f8a5d8f463418a1d56a6db4db7d9b834c9d89ca46
yellow_trip_hourly,Taxi,quantity,2655,0.0206099530108,1,55119,b47e98e9fdb75d4274a18e3f8a5d8f463418a1d56a6db4db7d9b834c9d89ca46
yellow_trip_hourly,Taxi,quantity,2656,0.0205918104465,1,55119,b47e98e9fdb75d4274a18e3f8a5d8f463418a1d56a6db4db7d9b834c9d89ca46
yellow_trip_hourly,Taxi,quantity,2659,0.0205736678822,1,55119,b47e98e9fdb75d4274a18e3f8a5d8f463418a1d56a6db4db7d9b834c9d89ca46
yellow_trip_hourly,Taxi,quantity,2660,0.0205555253179,2,55119,b47e98e9fdb75d4274a18e3f8a5d8f463418a1d56a6db4db7d9b834c9d89ca46
yellow_trip_hourly,Taxi,quantity,2661,0.0205192401894,1,55119,b47e98e9fdb75d4274a18e3f8a5d8f463418a1d56a6db4db7d9b834c9d89ca46
yellow_trip_hourly,Taxi,quantity,2663,0.0205010976251,1,55119,b47e98e9fdb75d4274a18e3f8a5d8f463418a1d56a6db4db7d9b834c9d89ca46
yellow_trip_hourly,Taxi,quantity,2669,0.0204829550609,1,55119,b47e98e9fdb75d4274a18e3f8a5d8f463418a1d56a6db4db7d9b834c9d89ca46
yellow_trip_hourly,Taxi,quantity,2670,0.0204648124966,1,55119,b47e98e9fdb75d4274a18e3f8a5d8f463418a1d56a6db4db7d9b834c9d89ca46
yellow_trip_hourly,Taxi,quantity,2671,0.0204466699323,1,55119,b47e98e9fdb75d4274a18e3f8a5d8f463418a1d56a6db4db7d9b834c9d89ca46
yellow_trip_hourly,Taxi,quantity,2672,0.0204285273681,2,55119,b47e98e9fdb75d4274a18e3f8a5d8f463418a1d56a6db4db7d9b834c9d89ca46
yellow_trip_hourly,Taxi,quantity,2674,0.0203922422395,2,55119,b47e98e9fdb75d4274a18e3f8a5d8f463418a1d56a6db4db7d9b834c9d89ca46
yellow_trip_hourly,Taxi,quantity,2675,0.020355957111,3,55119,b47e98e9fdb75d4274a18e3f8a5d8f463418a1d56a6db4db7d9b834c9d89ca46
yellow_trip_hourly,Taxi,quantity,2677,0.0203015294182,2,55119,b47e98e9fdb75d4274a18e3f8a5d8f463418a1d56a6db4db7d9b834c9d89ca46
yellow_trip_hourly,Taxi,quantity,2678,0.0202652442896,3,55119,b47e98e9fdb75d4274a18e3f8a5d8f463418a1d56a6db4db7d9b834c9d89ca46
yellow_trip_hourly,Taxi,quantity,2679,0.0202108165968,2,55119,b47e98e9fdb75d4274a18e3f8a5d8f463418a1d56a6db4db7d9b834c9d89ca46
yellow_trip_hourly,Taxi,quantity,2680,0.0201745314683,3,55119,b47e98e9fdb75d4274a18e3f8a5d8f463418a1d56a6db4db7d9b834c9d89ca46
yellow_trip_hourly,Taxi,quantity,2684,0.0201201037755,1,55119,b47e98e9fdb75d4274a18e3f8a5d8f463418a1d56a6db4db7d9b834c9d89ca46
yellow_trip_hourly,Taxi,quantity,2685,0.0201019612112,1,55119,b47e98e9fdb75d4274a18e3f8a5d8f463418a1d56a6db4db7d9b834c9d89ca46
yellow_trip_hourly,Taxi,quantity,2686,0.0200838186469,1,55119,b47e98e9fdb75d4274a18e3f8a5d8f463418a1d56a6db4db7d9b834c9d89ca46
yellow_trip_hourly,Taxi,quantity,2687,0.0200656760827,1,55119,b47e98e9fdb75d4274a18e3f8a5d8f463418a1d56a6db4db7d9b834c9d89ca46
yellow_trip_hourly,Taxi,quantity,2688,0.0200475335184,2,55119,b47e98e9fdb75d4274a18e3f8a5d8f463418a1d56a6db4db7d9b834c9d89ca46
yellow_trip_hourly,Taxi,quantity,2689,0.0200112483898,1,55119,b47e98e9fdb75d4274a18e3f8a5d8f463418a1d56a6db4db7d9b834c9d89ca46
yellow_trip_hourly,Taxi,quantity,2690,0.0199931058256,3,55119,b47e98e9fdb75d4274a18e3f8a5d8f463418a1d56a6db4db7d9b834c9d89ca46
yellow_trip_hourly,Taxi,quantity,2691,0.0199386781328,1,55119,b47e98e9fdb75d4274a18e3f8a5d8f463418a1d56a6db4db7d9b834c9d89ca46
yellow_trip_hourly,Taxi,quantity,2692,0.0199205355685,1,55119,b47e98e9fdb75d4274a18e3f8a5d8f463418a1d56a6db4db7d9b834c9d89ca46
yellow_trip_hourly,Taxi,quantity,2693,0.0199023930042,1,55119,b47e98e9fdb75d4274a18e3f8a5d8f463418a1d56a6db4db7d9b834c9d89ca46
yellow_trip_hourly,Taxi,quantity,2694,0.01988425044,1,55119,b47e98e9fdb75d4274a18e3f8a5d8f463418a1d56a6db4db7d9b834c9d89ca46
yellow_trip_hourly,Taxi,quantity,2695,0.0198661078757,1,55119,b47e98e9fdb75d4274a18e3f8a5d8f463418a1d56a6db4db7d9b834c9d89ca46
yellow_trip_hourly,Taxi,quantity,2698,0.0198479653114,1,55119,b47e98e9fdb75d4274a18e3f8a5d8f463418a1d56a6db4db7d9b834c9d89ca46
yellow_trip_hourly,Taxi,quantity,2699,0.0198298227471,1,55119,b47e98e9fdb75d4274a18e3f8a5d8f463418a1d56a6db4db7d9b834c9d89ca46
yellow_trip_hourly,Taxi,quantity,2704,0.0198116801829,1,55119,b47e98e9fdb75d4274a18e3f8a5d8f463418a1d56a6db4db7d9b834c9d89ca46
yellow_trip_hourly,Taxi,quantity,2706,0.0197935376186,1,55119,b47e98e9fdb75d4274a18e3f8a5d8f463418a1d56a6db4db7d9b834c9d89ca46
yellow_trip_hourly,Taxi,quantity,2707,0.0197753950543,2,55119,b47e98e9fdb75d4274a18e3f8a5d8f463418a1d56a6db4db7d9b834c9d89ca46
yellow_trip_hourly,Taxi,quantity,2708,0.0197391099258,1,55119,b47e98e9fdb75d4274a18e3f8a5d8f463418a1d56a6db4db7d9b834c9d89ca46
yellow_trip_hourly,Taxi,quantity,2709,0.0197209673615,2,55119,b47e98e9fdb75d4274a18e3f8a5d8f463418a1d56a6db4db7d9b834c9d89ca46
yellow_trip_hourly,Taxi,quantity,2710,0.019684682233,2,55119,b47e98e9fdb75d4274a18e3f8a5d8f463418a1d56a6db4db7d9b834c9d89ca46
yellow_trip_hourly,Taxi,quantity,2712,0.0196483971044,3,55119,b47e98e9fdb75d4274a18e3f8a5d8f463418a1d56a6db4db7d9b834c9d89ca46
yellow_trip_hourly,Taxi,quantity,2713,0.0195939694116,1,55119,b47e98e9fdb75d4274a18e3f8a5d8f463418a1d56a6db4db7d9b834c9d89ca46
yellow_trip_hourly,Taxi,quantity,2714,0.0195758268474,1,55119,b47e98e9fdb75d4274a18e3f8a5d8f463418a1d56a6db4db7d9b834c9d89ca46
yellow_trip_hourly,Taxi,quantity,2715,0.0195576842831,1,55119,b47e98e9fdb75d4274a18e3f8a5d8f463418a1d56a6db4db7d9b834c9d89ca46
yellow_trip_hourly,Taxi,quantity,2716,0.0195395417188,1,55119,b47e98e9fdb75d4274a18e3f8a5d8f463418a1d56a6db4db7d9b834c9d89ca46
yellow_trip_hourly,Taxi,quantity,2718,0.0195213991546,1,55119,b47e98e9fdb75d4274a18e3f8a5d8f463418a1d56a6db4db7d9b834c9d89ca46
yellow_trip_hourly,Taxi,quantity,2724,0.0195032565903,1,55119,b47e98e9fdb75d4274a18e3f8a5d8f463418a1d56a6db4db7d9b834c9d89ca46
yellow_trip_hourly,Taxi,quantity,2728,0.019485114026,1,55119,b47e98e9fdb75d4274a18e3f8a5d8f463418a1d56a6db4db7d9b834c9d89ca46
yellow_trip_hourly,Taxi,quantity,2729,0.0194669714617,1,55119,b47e98e9fdb75d4274a18e3f8a5d8f463418a1d56a6db4db7d9b834c9d89ca46
yellow_trip_hourly,Taxi,quantity,2730,0.0194488288975,1,55119,b47e98e9fdb75d4274a18e3f8a5d8f463418a1d56a6db4db7d9b834c9d89ca46
yellow_trip_hourly,Taxi,quantity,2731,0.0194306863332,1,55119,b47e98e9fdb75d4274a18e3f8a5d8f463418a1d56a6db4db7d9b834c9d89ca46
yellow_trip_hourly,Taxi,quantity,2732,0.0194125437689,2,55119,b47e98e9fdb75d4274a18e3f8a5d8f463418a1d56a6db4db7d9b834c9d89ca46
yellow_trip_hourly,Taxi,quantity,2733,0.0193762586404,1,55119,b47e98e9fdb75d4274a18e3f8a5d8f463418a1d56a6db4db7d9b834c9d89ca46
yellow_trip_hourly,Taxi,quantity,2735,0.0193581160761,3,55119,b47e98e9fdb75d4274a18e3f8a5d8f463418a1d56a6db4db7d9b834c9d89ca46
yellow_trip_hourly,Taxi,quantity,2736,0.0193036883833,2,55119,b47e98e9fdb75d4274a18e3f8a5d8f463418a1d56a6db4db7d9b834c9d89ca46
yellow_trip_hourly,Taxi,quantity,2737,0.0192674032548,1,55119,b47e98e9fdb75d4274a18e3f8a5d8f463418a1d56a6db4db7d9b834c9d89ca46
yellow_trip_hourly,Taxi,quantity,2740,0.0192492606905,1,55119,b47e98e9fdb75d4274a18e3f8a5d8f463418a1d56a6db4db7d9b834c9d89ca46
yellow_trip_hourly,Taxi,quantity,2743,0.0192311181262,1,55119,b47e98e9fdb75d4274a18e3f8a5d8f463418a1d56a6db4db7d9b834c9d89ca46
yellow_trip_hourly,Taxi,quantity,2744,0.019212975562,1,55119,b47e98e9fdb75d4274a18e3f8a5d8f463418a1d56a6db4db7d9b834c9d89ca46
yellow_trip_hourly,Taxi,quantity,2745,0.0191948329977,2,55119,b47e98e9fdb75d4274a18e3f8a5d8f463418a1d56a6db4db7d9b834c9d89ca46
yellow_trip_hourly,Taxi,quantity,2747,0.0191585478692,3,55119,b47e98e9fdb75d4274a18e3f8a5d8f463418a1d56a6db4db7d9b834c9d89ca46
yellow_trip_hourly,Taxi,quantity,2749,0.0191041201763,2,55119,b47e98e9fdb75d4274a18e3f8a5d8f463418a1d56a6db4db7d9b834c9d89ca46
yellow_trip_hourly,Taxi,quantity,2750,0.0190678350478,2,55119,b47e98e9fdb75d4274a18e3f8a5d8f463418a1d56a6db4db7d9b834c9d89ca46
yellow_trip_hourly,Taxi,quantity,2752,0.0190315499193,2,55119,b47e98e9fdb75d4274a18e3f8a5d8f463418a1d56a6db4db7d9b834c9d89ca46
yellow_trip_hourly,Taxi,quantity,2753,0.0189952647907,2,55119,b47e98e9fdb75d4274a18e3f8a5d8f463418a1d56a6db4db7d9b834c9d89ca46
yellow_trip_hourly,Taxi,quantity,2754,0.0189589796622,1,55119,b47e98e9fdb75d4274a18e3f8a5d8f463418a1d56a6db4db7d9b834c9d89ca46
yellow_trip_hourly,Taxi,quantity,2755,0.0189408370979,1,55119,b47e98e9fdb75d4274a18e3f8a5d8f463418a1d56a6db4db7d9b834c9d89ca46
yellow_trip_hourly,Taxi,quantity,2756,0.0189226945336,4,55119,b47e98e9fdb75d4274a18e3f8a5d8f463418a1d56a6db4db7d9b834c9d89ca46
yellow_trip_hourly,Taxi,quantity,2757,0.0188501242766,3,55119,b47e98e9fdb75d4274a18e3f8a5d8f463418a1d56a6db4db7d9b834c9d89ca46
yellow_trip_hourly,Taxi,quantity,2758,0.0187956965838,1,55119,b47e98e9fdb75d4274a18e3f8a5d8f463418a1d56a6db4db7d9b834c9d89ca46
yellow_trip_hourly,Taxi,quantity,2759,0.0187775540195,1,55119,b47e98e9fdb75d4274a18e3f8a5d8f463418a1d56a6db4db7d9b834c9d89ca46
yellow_trip_hourly,Taxi,quantity,2761,0.0187594114552,1,55119,b47e98e9fdb75d4274a18e3f8a5d8f463418a1d56a6db4db7d9b834c9d89ca46
yellow_trip_hourly,Taxi,quantity,2762,0.0187412688909,1,55119,b47e98e9fdb75d4274a18e3f8a5d8f463418a1d56a6db4db7d9b834c9d89ca46
yellow_trip_hourly,Taxi,quantity,2763,0.0187231263267,2,55119,b47e98e9fdb75d4274a18e3f8a5d8f463418a1d56a6db4db7d9b834c9d89ca46
yellow_trip_hourly,Taxi,quantity,2764,0.0186868411981,2,55119,b47e98e9fdb75d4274a18e3f8a5d8f463418a1d56a6db4db7d9b834c9d89ca46
yellow_trip_hourly,Taxi,quantity,2765,0.0186505560696,3,55119,b47e98e9fdb75d4274a18e3f8a5d8f463418a1d56a6db4db7d9b834c9d89ca46
yellow_trip_hourly,Taxi,quantity,2767,0.0185961283768,1,55119,b47e98e9fdb75d4274a18e3f8a5d8f463418a1d56a6db4db7d9b834c9d89ca46
yellow_trip_hourly,Taxi,quantity,2769,0.0185779858125,1,55119,b47e98e9fdb75d4274a18e3f8a5d8f463418a1d56a6db4db7d9b834c9d89ca46
yellow_trip_hourly,Taxi,quantity,2770,0.0185598432482,1,55119,b47e98e9fdb75d4274a18e3f8a5d8f463418a1d56a6db4db7d9b834c9d89ca46
yellow_trip_hourly,Taxi,quantity,2771,0.018541700684,2,55119,b47e98e9fdb75d4274a18e3f8a5d8f463418a1d56a6db4db7d9b834c9d89ca46
yellow_trip_hourly,Taxi,quantity,2772,0.0185054155554,1,55119,b47e98e9fdb75d4274a18e3f8a5d8f463418a1d56a6db4db7d9b834c9d89ca46
yellow_trip_hourly,Taxi,quantity,2773,0.0184872729912,2,55119,b47e98e9fdb75d4274a18e3f8a5d8f463418a1d56a6db4db7d9b834c9d89ca46
yellow_trip_hourly,Taxi,quantity,2774,0.0184509878626,1,55119,b47e98e9fdb75d4274a18e3f8a5d8f463418a1d56a6db4db7d9b834c9d89ca46
yellow_trip_hourly,Taxi,quantity,2775,0.0184328452984,1,55119,b47e98e9fdb75d4274a18e3f8a5d8f463418a1d56a6db4db7d9b834c9d89ca46
yellow_trip_hourly,Taxi,quantity,2776,0.0184147027341,2,55119,b47e98e9fdb75d4274a18e3f8a5d8f463418a1d56a6db4db7d9b834c9d89ca46
yellow_trip_hourly,Taxi,quantity,2777,0.0183784176055,1,55119,b47e98e9fdb75d4274a18e3f8a5d8f463418a1d56a6db4db7d9b834c9d89ca46
yellow_trip_hourly,Taxi,quantity,2778,0.0183602750413,1,55119,b47e98e9fdb75d4274a18e3f8a5d8f463418a1d56a6db4db7d9b834c9d89ca46
yellow_trip_hourly,Taxi,quantity,2779,0.018342132477,1,55119,b47e98e9fdb75d4274a18e3f8a5d8f463418a1d56a6db4db7d9b834c9d89ca46
yellow_trip_hourly,Taxi,quantity,2781,0.0183239899127,2,55119,b47e98e9fdb75d4274a18e3f8a5d8f463418a1d56a6db4db7d9b834c9d89ca46
yellow_trip_hourly,Taxi,quantity,2783,0.0182877047842,2,55119,b47e98e9fdb75d4274a18e3f8a5d8f463418a1d56a6db4db7d9b834c9d89ca46
yellow_trip_hourly,Taxi,quantity,2784,0.0182514196557,2,55119,b47e98e9fdb75d4274a18e3f8a5d8f463418a1d56a6db4db7d9b834c9d89ca46
yellow_trip_hourly,Taxi,quantity,2786,0.0182151345271,2,55119,b47e98e9fdb75d4274a18e3f8a5d8f463418a1d56a6db4db7d9b834c9d89ca46
yellow_trip_hourly,Taxi,quantity,2787,0.0181788493986,1,55119,b47e98e9fdb75d4274a18e3f8a5d8f463418a1d56a6db4db7d9b834c9d89ca46
yellow_trip_hourly,Taxi,quantity,2788,0.0181607068343,1,55119,b47e98e9fdb75d4274a18e3f8a5d8f463418a1d56a6db4db7d9b834c9d89ca46
yellow_trip_hourly,Taxi,quantity,2789,0.01814256427,1,55119,b47e98e9fdb75d4274a18e3f8a5d8f463418a1d56a6db4db7d9b834c9d89ca46
yellow_trip_hourly,Taxi,quantity,2790,0.0181244217058,1,55119,b47e98e9fdb75d4274a18e3f8a5d8f463418a1d56a6db4db7d9b834c9d89ca46
yellow_trip_hourly,Taxi,quantity,2792,0.0181062791415,2,55119,b47e98e9fdb75d4274a18e3f8a5d8f463418a1d56a6db4db7d9b834c9d89ca46
yellow_trip_hourly,Taxi,quantity,2793,0.018069994013,2,55119,b47e98e9fdb75d4274a18e3f8a5d8f463418a1d56a6db4db7d9b834c9d89ca46
yellow_trip_hourly,Taxi,quantity,2794,0.0180337088844,2,55119,b47e98e9fdb75d4274a18e3f8a5d8f463418a1d56a6db4db7d9b834c9d89ca46
yellow_trip_hourly,Taxi,quantity,2795,0.0179974237559,1,55119,b47e98e9fdb75d4274a18e3f8a5d8f463418a1d56a6db4db7d9b834c9d89ca46
yellow_trip_hourly,Taxi,quantity,2796,0.0179792811916,3,55119,b47e98e9fdb75d4274a18e3f8a5d8f463418a1d56a6db4db7d9b834c9d89ca46
yellow_trip_hourly,Taxi,quantity,2797,0.0179248534988,1,55119,b47e98e9fdb75d4274a18e3f8a5d8f463418a1d56a6db4db7d9b834c9d89ca46
yellow_trip_hourly,Taxi,quantity,2800,0.0179067109345,2,55119,b47e98e9fdb75d4274a18e3f8a5d8f463418a1d56a6db4db7d9b834c9d89ca46
yellow_trip_hourly,Taxi,quantity,2803,0.017870425806,2,55119,b47e98e9fdb75d4274a18e3f8a5d8f463418a1d56a6db4db7d9b834c9d89ca46
yellow_trip_hourly,Taxi,quantity,2806,0.0178341406774,2,55119,b47e98e9fdb75d4274a18e3f8a5d8f463418a1d56a6db4db7d9b834c9d89ca46
yellow_trip_hourly,Taxi,quantity,2808,0.0177978555489,1,55119,b47e98e9fdb75d4274a18e3f8a5d8f463418a1d56a6db4db7d9b834c9d89ca46
yellow_trip_hourly,Taxi,quantity,2809,0.0177797129846,3,55119,b47e98e9fdb75d4274a18e3f8a5d8f463418a1d56a6db4db7d9b834c9d89ca46
yellow_trip_hourly,Taxi,quantity,2811,0.0177252852918,1,55119,b47e98e9fdb75d4274a18e3f8a5d8f463418a1d56a6db4db7d9b834c9d89ca46
yellow_trip_hourly,Taxi,quantity,2812,0.0177071427276,1,55119,b47e98e9fdb75d4274a18e3f8a5d8f463418a1d56a6db4db7d9b834c9d89ca46
yellow_trip_hourly,Taxi,quantity,2813,0.0176890001633,5,55119,b47e98e9fdb75d4274a18e3f8a5d8f463418a1d56a6db4db7d9b834c9d89ca46
yellow_trip_hourly,Taxi,quantity,2815,0.0175982873419,1,55119,b47e98e9fdb75d4274a18e3f8a5d8f463418a1d56a6db4db7d9b834c9d89ca46
yellow_trip_hourly,Taxi,quantity,2816,0.0175801447777,2,55119,b47e98e9fdb75d4274a18e3f8a5d8f463418a1d56a6db4db7d9b834c9d89ca46
yellow_trip_hourly,Taxi,quantity,2817,0.0175438596491,2,55119,b47e98e9fdb75d4274a18e3f8a5d8f463418a1d56a6db4db7d9b834c9d89ca46
yellow_trip_hourly,Taxi,quantity,2819,0.0175075745206,3,55119,b47e98e9fdb75d4274a18e3f8a5d8f463418a1d56a6db4db7d9b834c9d89ca46
yellow_trip_hourly,Taxi,quantity,2820,0.0174531468278,3,55119,b47e98e9fdb75d4274a18e3f8a5d8f463418a1d56a6db4db7d9b834c9d89ca46
yellow_trip_hourly,Taxi,quantity,2821,0.017398719135,1,55119,b47e98e9fdb75d4274a18e3f8a5d8f463418a1d56a6db4db7d9b834c9d89ca46
yellow_trip_hourly,Taxi,quantity,2824,0.0173805765707,3,55119,b47e98e9fdb75d4274a18e3f8a5d8f463418a1d56a6db4db7d9b834c9d89ca46
yellow_trip_hourly,Taxi,quantity,2826,0.0173261488779,1,55119,b47e98e9fdb75d4274a18e3f8a5d8f463418a1d56a6db4db7d9b834c9d89ca46
yellow_trip_hourly,Taxi,quantity,2827,0.0173080063136,2,55119,b47e98e9fdb75d4274a18e3f8a5d8f463418a1d56a6db4db7d9b834c9d89ca46
yellow_trip_hourly,Taxi,quantity,2830,0.0172717211851,1,55119,b47e98e9fdb75d4274a18e3f8a5d8f463418a1d56a6db4db7d9b834c9d89ca46
yellow_trip_hourly,Taxi,quantity,2837,0.0172535786208,1,55119,b47e98e9fdb75d4274a18e3f8a5d8f463418a1d56a6db4db7d9b834c9d89ca46
yellow_trip_hourly,Taxi,quantity,2838,0.0172354360565,2,55119,b47e98e9fdb75d4274a18e3f8a5d8f463418a1d56a6db4db7d9b834c9d89ca46
yellow_trip_hourly,Taxi,quantity,2841,0.017199150928,1,55119,b47e98e9fdb75d4274a18e3f8a5d8f463418a1d56a6db4db7d9b834c9d89ca46
yellow_trip_hourly,Taxi,quantity,2844,0.0171810083637,1,55119,b47e98e9fdb75d4274a18e3f8a5d8f463418a1d56a6db4db7d9b834c9d89ca46
yellow_trip_hourly,Taxi,quantity,2845,0.0171628657995,1,55119,b47e98e9fdb75d4274a18e3f8a5d8f463418a1d56a6db4db7d9b834c9d89ca46
yellow_trip_hourly,Taxi,quantity,2848,0.0171447232352,1,55119,b47e98e9fdb75d4274a18e3f8a5d8f463418a1d56a6db4db7d9b834c9d89ca46
yellow_trip_hourly,Taxi,quantity,2849,0.0171265806709,1,55119,b47e98e9fdb75d4274a18e3f8a5d8f463418a1d56a6db4db7d9b834c9d89ca46
yellow_trip_hourly,Taxi,quantity,2850,0.0171084381066,1,55119,b47e98e9fdb75d4274a18e3f8a5d8f463418a1d56a6db4db7d9b834c9d89ca46
yellow_trip_hourly,Taxi,quantity,2853,0.0170902955424,1,55119,b47e98e9fdb75d4274a18e3f8a5d8f463418a1d56a6db4db7d9b834c9d89ca46
yellow_trip_hourly,Taxi,quantity,2854,0.0170721529781,1,55119,b47e98e9fdb75d4274a18e3f8a5d8f463418a1d56a6db4db7d9b834c9d89ca46
yellow_trip_hourly,Taxi,quantity,2855,0.0170540104138,1,55119,b47e98e9fdb75d4274a18e3f8a5d8f463418a1d56a6db4db7d9b834c9d89ca46
yellow_trip_hourly,Taxi,quantity,2861,0.0170358678496,1,55119,b47e98e9fdb75d4274a18e3f8a5d8f463418a1d56a6db4db7d9b834c9d89ca46
yellow_trip_hourly,Taxi,quantity,2862,0.0170177252853,1,55119,b47e98e9fdb75d4274a18e3f8a5d8f463418a1d56a6db4db7d9b834c9d89ca46
yellow_trip_hourly,Taxi,quantity,2864,0.016999582721,4,55119,b47e98e9fdb75d4274a18e3f8a5d8f463418a1d56a6db4db7d9b834c9d89ca46
yellow_trip_hourly,Taxi,quantity,2865,0.0169270124639,2,55119,b47e98e9fdb75d4274a18e3f8a5d8f463418a1d56a6db4db7d9b834c9d89ca46
yellow_trip_hourly,Taxi,quantity,2866,0.0168907273354,1,55119,b47e98e9fdb75d4274a18e3f8a5d8f463418a1d56a6db4db7d9b834c9d89ca46
yellow_trip_hourly,Taxi,quantity,2867,0.0168725847711,2,55119,b47e98e9fdb75d4274a18e3f8a5d8f463418a1d56a6db4db7d9b834c9d89ca46
yellow_trip_hourly,Taxi,quantity,2869,0.0168362996426,1,55119,b47e98e9fdb75d4274a18e3f8a5d8f463418a1d56a6db4db7d9b834c9d89ca46
yellow_trip_hourly,Taxi,quantity,2870,0.0168181570783,1,55119,b47e98e9fdb75d4274a18e3f8a5d8f463418a1d56a6db4db7d9b834c9d89ca46
yellow_trip_hourly,Taxi,quantity,2872,0.0168000145141,3,55119,b47e98e9fdb75d4274a18e3f8a5d8f463418a1d56a6db4db7d9b834c9d89ca46
yellow_trip_hourly,Taxi,quantity,2873,0.0167455868212,4,55119,b47e98e9fdb75d4274a18e3f8a5d8f463418a1d56a6db4db7d9b834c9d89ca46
yellow_trip_hourly,Taxi,quantity,2874,0.0166730165642,2,55119,b47e98e9fdb75d4274a18e3f8a5d8f463418a1d56a6db4db7d9b834c9d89ca46
yellow_trip_hourly,Taxi,quantity,2875,0.0166367314356,3,55119,b47e98e9fdb75d4274a18e3f8a5d8f463418a1d56a6db4db7d9b834c9d89ca46
yellow_trip_hourly,Taxi,quantity,2876,0.0165823037428,1,55119,b47e98e9fdb75d4274a18e3f8a5d8f463418a1d56a6db4db7d9b834c9d89ca46
yellow_trip_hourly,Taxi,quantity,2878,0.0165641611785,2,55119,b47e98e9fdb75d4274a18e3f8a5d8f463418a1d56a6db4db7d9b834c9d89ca46
yellow_trip_hourly,Taxi,quantity,2880,0.01652787605,1,55119,b47e98e9fdb75d4274a18e3f8a5d8f463418a1d56a6db4db7d9b834c9d89ca46
yellow_trip_hourly,Taxi,quantity,2882,0.0165097334857,1,55119,b47e98e9fdb75d4274a18e3f8a5d8f463418a1d56a6db4db7d9b834c9d89ca46
yellow_trip_hourly,Taxi,quantity,2884,0.0164915909215,3,55119,b47e98e9fdb75d4274a18e3f8a5d8f463418a1d56a6db4db7d9b834c9d89ca46
yellow_trip_hourly,Taxi,quantity,2886,0.0164371632287,1,55119,b47e98e9fdb75d4274a18e3f8a5d8f463418a1d56a6db4db7d9b834c9d89ca46
yellow_trip_hourly,Taxi,quantity,2891,0.0164190206644,1,55119,b47e98e9fdb75d4274a18e3f8a5d8f463418a1d56a6db4db7d9b834c9d89ca46
yellow_trip_hourly,Taxi,quantity,2895,0.0164008781001,2,55119,b47e98e9fdb75d4274a18e3f8a5d8f463418a1d56a6db4db7d9b834c9d89ca46
yellow_trip_hourly,Taxi,quantity,2896,0.0163645929716,3,55119,b47e98e9fdb75d4274a18e3f8a5d8f463418a1d56a6db4db7d9b834c9d89ca46
yellow_trip_hourly,Taxi,quantity,2897,0.0163101652788,2,55119,b47e98e9fdb75d4274a18e3f8a5d8f463418a1d56a6db4db7d9b834c9d89ca46
yellow_trip_hourly,Taxi,quantity,2898,0.0162738801502,1,55119,b47e98e9fdb75d4274a18e3f8a5d8f463418a1d56a6db4db7d9b834c9d89ca46
yellow_trip_hourly,Taxi,quantity,2899,0.016255737586,2,55119,b47e98e9fdb75d4274a18e3f8a5d8f463418a1d56a6db4db7d9b834c9d89ca46
yellow_trip_hourly,Taxi,quantity,2901,0.0162194524574,1,55119,b47e98e9fdb75d4274a18e3f8a5d8f463418a1d56a6db4db7d9b834c9d89ca46
yellow_trip_hourly,Taxi,quantity,2902,0.0162013098931,2,55119,b47e98e9fdb75d4274a18e3f8a5d8f463418a1d56a6db4db7d9b834c9d89ca46
yellow_trip_hourly,Taxi,quantity,2903,0.0161650247646,1,55119,b47e98e9fdb75d4274a18e3f8a5d8f463418a1d56a6db4db7d9b834c9d89ca46
yellow_trip_hourly,Taxi,quantity,2904,0.0161468822003,3,55119,b47e98e9fdb75d4274a18e3f8a5d8f463418a1d56a6db4db7d9b834c9d89ca46
yellow_trip_hourly,Taxi,quantity,2905,0.0160924545075,1,55119,b47e98e9fdb75d4274a18e3f8a5d8f463418a1d56a6db4db7d9b834c9d89ca46
yellow_trip_hourly,Taxi,quantity,2906,0.0160743119433,3,55119,b47e98e9fdb75d4274a18e3f8a5d8f463418a1d56a6db4db7d9b834c9d89ca46
yellow_trip_hourly,Taxi,quantity,2908,0.0160198842504,1,55119,b47e98e9fdb75d4274a18e3f8a5d8f463418a1d56a6db4db7d9b834c9d89ca46
yellow_trip_hourly,Taxi,quantity,2909,0.0160017416862,1,55119,b47e98e9fdb75d4274a18e3f8a5d8f463418a1d56a6db4db7d9b834c9d89ca46
yellow_trip_hourly,Taxi,quantity,2913,0.0159835991219,2,55119,b47e98e9fdb75d4274a18e3f8a5d8f463418a1d56a6db4db7d9b834c9d89ca46
yellow_trip_hourly,Taxi,quantity,2914,0.0159473139934,3,55119,b47e98e9fdb75d4274a18e3f8a5d8f463418a1d56a6db4db7d9b834c9d89ca46
yellow_trip_hourly,Taxi,quantity,2919,0.0158928863005,1,55119,b47e98e9fdb75d4274a18e3f8a5d8f463418a1d56a6db4db7d9b834c9d89ca46
yellow_trip_hourly,Taxi,quantity,2921,0.0158747437363,1,55119,b47e98e9fdb75d4274a18e3f8a5d8f463418a1d56a6db4db7d9b834c9d89ca46
yellow_trip_hourly,Taxi,quantity,2923,0.015856601172,1,55119,b47e98e9fdb75d4274a18e3f8a5d8f463418a1d56a6db4db7d9b834c9d89ca46
yellow_trip_hourly,Taxi,quantity,2927,0.0158384586077,1,55119,b47e98e9fdb75d4274a18e3f8a5d8f463418a1d56a6db4db7d9b834c9d89ca46
yellow_trip_hourly,Taxi,quantity,2928,0.0158203160435,1,55119,b47e98e9fdb75d4274a18e3f8a5d8f463418a1d56a6db4db7d9b834c9d89ca46
yellow_trip_hourly,Taxi,quantity,2930,0.0158021734792,2,55119,b47e98e9fdb75d4274a18e3f8a5d8f463418a1d56a6db4db7d9b834c9d89ca46
yellow_trip_hourly,Taxi,quantity,2931,0.0157658883507,1,55119,b47e98e9fdb75d4274a18e3f8a5d8f463418a1d56a6db4db7d9b834c9d89ca46
yellow_trip_hourly,Taxi,quantity,2933,0.0157477457864,2,55119,b47e98e9fdb75d4274a18e3f8a5d8f463418a1d56a6db4db7d9b834c9d89ca46
yellow_trip_hourly,Taxi,quantity,2935,0.0157114606578,1,55119,b47e98e9fdb75d4274a18e3f8a5d8f463418a1d56a6db4db7d9b834c9d89ca46
yellow_trip_hourly,Taxi,quantity,2936,0.0156933180936,1,55119,b47e98e9fdb75d4274a18e3f8a5d8f463418a1d56a6db4db7d9b834c9d89ca46
yellow_trip_hourly,Taxi,quantity,2937,0.0156751755293,1,55119,b47e98e9fdb75d4274a18e3f8a5d8f463418a1d56a6db4db7d9b834c9d89ca46
yellow_trip_hourly,Taxi,quantity,2939,0.015657032965,2,55119,b47e98e9fdb75d4274a18e3f8a5d8f463418a1d56a6db4db7d9b834c9d89ca46
yellow_trip_hourly,Taxi,quantity,2940,0.0156207478365,1,55119,b47e98e9fdb75d4274a18e3f8a5d8f463418a1d56a6db4db7d9b834c9d89ca46
yellow_trip_hourly,Taxi,quantity,2941,0.0156026052722,2,55119,b47e98e9fdb75d4274a18e3f8a5d8f463418a1d56a6db4db7d9b834c9d89ca46
yellow_trip_hourly,Taxi,quantity,2942,0.0155663201437,2,55119,b47e98e9fdb75d4274a18e3f8a5d8f463418a1d56a6db4db7d9b834c9d89ca46
yellow_trip_hourly,Taxi,quantity,2945,0.0155300350151,3,55119,b47e98e9fdb75d4274a18e3f8a5d8f463418a1d56a6db4db7d9b834c9d89ca46
yellow_trip_hourly,Taxi,quantity,2946,0.0154756073223,1,55119,b47e98e9fdb75d4274a18e3f8a5d8f463418a1d56a6db4db7d9b834c9d89ca46
yellow_trip_hourly,Taxi,quantity,2950,0.0154574647581,1,55119,b47e98e9fdb75d4274a18e3f8a5d8f463418a1d56a6db4db7d9b834c9d89ca46
yellow_trip_hourly,Taxi,quantity,2954,0.0154393221938,1,55119,b47e98e9fdb75d4274a18e3f8a5d8f463418a1d56a6db4db7d9b834c9d89ca46
yellow_trip_hourly,Taxi,quantity,2956,0.0154211796295,1,55119,b47e98e9fdb75d4274a18e3f8a5d8f463418a1d56a6db4db7d9b834c9d89ca46
yellow_trip_hourly,Taxi,quantity,2959,0.0154030370653,1,55119,b47e98e9fdb75d4274a18e3f8a5d8f463418a1d56a6db4db7d9b834c9d89ca46
yellow_trip_hourly,Taxi,quantity,2961,0.015384894501,1,55119,b47e98e9fdb75d4274a18e3f8a5d8f463418a1d56a6db4db7d9b834c9d89ca46
yellow_trip_hourly,Taxi,quantity,2963,0.0153667519367,1,55119,b47e98e9fdb75d4274a18e3f8a5d8f463418a1d56a6db4db7d9b834c9d89ca46
yellow_trip_hourly,Taxi,quantity,2964,0.0153486093724,3,55119,b47e98e9fdb75d4274a18e3f8a5d8f463418a1d56a6db4db7d9b834c9d89ca46
yellow_trip_hourly,Taxi,quantity,2965,0.0152941816796,1,55119,b47e98e9fdb75d4274a18e3f8a5d8f463418a1d56a6db4db7d9b834c9d89ca46
yellow_trip_hourly,Taxi,quantity,2967,0.0152760391154,2,55119,b47e98e9fdb75d4274a18e3f8a5d8f463418a1d56a6db4db7d9b834c9d89ca46
yellow_trip_hourly,Taxi,quantity,2968,0.0152397539868,1,55119,b47e98e9fdb75d4274a18e3f8a5d8f463418a1d56a6db4db7d9b834c9d89ca46
yellow_trip_hourly,Taxi,quantity,2970,0.0152216114226,1,55119,b47e98e9fdb75d4274a18e3f8a5d8f463418a1d56a6db4db7d9b834c9d89ca46
yellow_trip_hourly,Taxi,quantity,2974,0.0152034688583,1,55119,b47e98e9fdb75d4274a18e3f8a5d8f463418a1d56a6db4db7d9b834c9d89ca46
yellow_trip_hourly,Taxi,quantity,2975,0.015185326294,3,55119,b47e98e9fdb75d4274a18e3f8a5d8f463418a1d56a6db4db7d9b834c9d89ca46
yellow_trip_hourly,Taxi,quantity,2976,0.0151308986012,1,55119,b47e98e9fdb75d4274a18e3f8a5d8f463418a1d56a6db4db7d9b834c9d89ca46
yellow_trip_hourly,Taxi,quantity,2978,0.0151127560369,1,55119,b47e98e9fdb75d4274a18e3f8a5d8f463418a1d56a6db4db7d9b834c9d89ca46
yellow_trip_hourly,Taxi,quantity,2979,0.0150946134727,2,55119,b47e98e9fdb75d4274a18e3f8a5d8f463418a1d56a6db4db7d9b834c9d89ca46
yellow_trip_hourly,Taxi,quantity,2981,0.0150583283441,1,55119,b47e98e9fdb75d4274a18e3f8a5d8f463418a1d56a6db4db7d9b834c9d89ca46
yellow_trip_hourly,Taxi,quantity,2983,0.0150401857799,2,55119,b47e98e9fdb75d4274a18e3f8a5d8f463418a1d56a6db4db7d9b834c9d89ca46
yellow_trip_hourly,Taxi,quantity,2984,0.0150039006513,1,55119,b47e98e9fdb75d4274a18e3f8a5d8f463418a1d56a6db4db7d9b834c9d89ca46
yellow_trip_hourly,Taxi,quantity,2986,0.014985758087,2,55119,b47e98e9fdb75d4274a18e3f8a5d8f463418a1d56a6db4db7d9b834c9d89ca46
yellow_trip_hourly,Taxi,quantity,2987,0.0149494729585,1,55119,b47e98e9fdb75d4274a18e3f8a5d8f463418a1d56a6db4db7d9b834c9d89ca46
yellow_trip_hourly,Taxi,quantity,2994,0.0149313303942,2,55119,b47e98e9fdb75d4274a18e3f8a5d8f463418a1d56a6db4db7d9b834c9d89ca46
yellow_trip_hourly,Taxi,quantity,2996,0.0148950452657,1,55119,b47e98e9fdb75d4274a18e3f8a5d8f463418a1d56a6db4db7d9b834c9d89ca46
yellow_trip_hourly,Taxi,quantity,2998,0.0148769027014,1,55119,b47e98e9fdb75d4274a18e3f8a5d8f463418a1d56a6db4db7d9b834c9d89ca46
yellow_trip_hourly,Taxi,quantity,2999,0.0148587601372,2,55119,b47e98e9fdb75d4274a18e3f8a5d8f463418a1d56a6db4db7d9b834c9d89ca46
yellow_trip_hourly,Taxi,quantity,3003,0.0148224750086,1,55119,b47e98e9fdb75d4274a18e3f8a5d8f463418a1d56a6db4db7d9b834c9d89ca46
yellow_trip_hourly,Taxi,quantity,3004,0.0148043324443,1,55119,b47e98e9fdb75d4274a18e3f8a5d8f463418a1d56a6db4db7d9b834c9d89ca46
yellow_trip_hourly,Taxi,quantity,3005,0.0147861898801,1,55119,b47e98e9fdb75d4274a18e3f8a5d8f463418a1d56a6db4db7d9b834c9d89ca46
yellow_trip_hourly,Taxi,quantity,3006,0.0147680473158,1,55119,b47e98e9fdb75d4274a18e3f8a5d8f463418a1d56a6db4db7d9b834c9d89ca46
yellow_trip_hourly,Taxi,quantity,3008,0.0147499047515,1,55119,b47e98e9fdb75d4274a18e3f8a5d8f463418a1d56a6db4db7d9b834c9d89ca46
yellow_trip_hourly,Taxi,quantity,3009,0.0147317621873,1,55119,b47e98e9fdb75d4274a18e3f8a5d8f463418a1d56a6db4db7d9b834c9d89ca46
yellow_trip_hourly,Taxi,quantity,3011,0.014713619623,2,55119,b47e98e9fdb75d4274a18e3f8a5d8f463418a1d56a6db4db7d9b834c9d89ca46
yellow_trip_hourly,Taxi,quantity,3014,0.0146773344945,2,55119,b47e98e9fdb75d4274a18e3f8a5d8f463418a1d56a6db4db7d9b834c9d89ca46
yellow_trip_hourly,Taxi,quantity,3015,0.0146410493659,1,55119,b47e98e9fdb75d4274a18e3f8a5d8f463418a1d56a6db4db7d9b834c9d89ca46
yellow_trip_hourly,Taxi,quantity,3017,0.0146229068016,1,55119,b47e98e9fdb75d4274a18e3f8a5d8f463418a1d56a6db4db7d9b834c9d89ca46
yellow_trip_hourly,Taxi,quantity,3018,0.0146047642374,3,55119,b47e98e9fdb75d4274a18e3f8a5d8f463418a1d56a6db4db7d9b834c9d89ca46
yellow_trip_hourly,Taxi,quantity,3019,0.0145503365446,1,55119,b47e98e9fdb75d4274a18e3f8a5d8f463418a1d56a6db4db7d9b834c9d89ca46
yellow_trip_hourly,Taxi,quantity,3020,0.0145321939803,2,55119,b47e98e9fdb75d4274a18e3f8a5d8f463418a1d56a6db4db7d9b834c9d89ca46
yellow_trip_hourly,Taxi,quantity,3027,0.0144959088518,1,55119,b47e98e9fdb75d4274a18e3f8a5d8f463418a1d56a6db4db7d9b834c9d89ca46
yellow_trip_hourly,Taxi,quantity,3029,0.0144777662875,1,55119,b47e98e9fdb75d4274a18e3f8a5d8f463418a1d56a6db4db7d9b834c9d89ca46
yellow_trip_hourly,Taxi,quantity,3030,0.0144596237232,5,55119,b47e98e9fdb75d4274a18e3f8a5d8f463418a1d56a6db4db7d9b834c9d89ca46
yellow_trip_hourly,Taxi,quantity,3032,0.0143689109019,2,55119,b47e98e9fdb75d4274a18e3f8a5d8f463418a1d56a6db4db7d9b834c9d89ca46
yellow_trip_hourly,Taxi,quantity,3034,0.0143326257733,1,55119,b47e98e9fdb75d4274a18e3f8a5d8f463418a1d56a6db4db7d9b834c9d89ca46
yellow_trip_hourly,Taxi,quantity,3037,0.0143144832091,2,55119,b47e98e9fdb75d4274a18e3f8a5d8f463418a1d56a6db4db7d9b834c9d89ca46
yellow_trip_hourly,Taxi,quantity,3038,0.0142781980805,2,55119,b47e98e9fdb75d4274a18e3f8a5d8f463418a1d56a6db4db7d9b834c9d89ca46
yellow_trip_hourly,Taxi,quantity,3039,0.014241912952,2,55119,b47e98e9fdb75d4274a18e3f8a5d8f463418a1d56a6db4db7d9b834c9d89ca46
yellow_trip_hourly,Taxi,quantity,3040,0.0142056278234,1,55119,b47e98e9fdb75d4274a18e3f8a5d8f463418a1d56a6db4db7d9b834c9d89ca46
yellow_trip_hourly,Taxi,quantity,3041,0.0141874852592,1,55119,b47e98e9fdb75d4274a18e3f8a5d8f463418a1d56a6db4db7d9b834c9d89ca46
yellow_trip_hourly,Taxi,quantity,3044,0.0141693426949,1,55119,b47e98e9fdb75d4274a18e3f8a5d8f463418a1d56a6db4db7d9b834c9d89ca46
yellow_trip_hourly,Taxi,quantity,3045,0.0141512001306,2,55119,b47e98e9fdb75d4274a18e3f8a5d8f463418a1d56a6db4db7d9b834c9d89ca46
yellow_trip_hourly,Taxi,quantity,3049,0.0141149150021,2,55119,b47e98e9fdb75d4274a18e3f8a5d8f463418a1d56a6db4db7d9b834c9d89ca46
yellow_trip_hourly,Taxi,quantity,3050,0.0140786298735,2,55119,b47e98e9fdb75d4274a18e3f8a5d8f463418a1d56a6db4db7d9b834c9d89ca46
yellow_trip_hourly,Taxi,quantity,3051,0.014042344745,2,55119,b47e98e9fdb75d4274a18e3f8a5d8f463418a1d56a6db4db7d9b834c9d89ca46
yellow_trip_hourly,Taxi,quantity,3053,0.0140060596165,2,55119,b47e98e9fdb75d4274a18e3f8a5d8f463418a1d56a6db4db7d9b834c9d89ca46
yellow_trip_hourly,Taxi,quantity,3056,0.0139697744879,2,55119,b47e98e9fdb75d4274a18e3f8a5d8f463418a1d56a6db4db7d9b834c9d89ca46
yellow_trip_hourly,Taxi,quantity,3060,0.0139334893594,2,55119,b47e98e9fdb75d4274a18e3f8a5d8f463418a1d56a6db4db7d9b834c9d89ca46
yellow_trip_hourly,Taxi,quantity,3061,0.0138972042308,2,55119,b47e98e9fdb75d4274a18e3f8a5d8f463418a1d56a6db4db7d9b834c9d89ca46
yellow_trip_hourly,Taxi,quantity,3062,0.0138609191023,1,55119,b47e98e9fdb75d4274a18e3f8a5d8f463418a1d56a6db4db7d9b834c9d89ca46
yellow_trip_hourly,Taxi,quantity,3063,0.013842776538,2,55119,b47e98e9fdb75d4274a18e3f8a5d8f463418a1d56a6db4db7d9b834c9d89ca46
yellow_trip_hourly,Taxi,quantity,3064,0.0138064914095,1,55119,b47e98e9fdb75d4274a18e3f8a5d8f463418a1d56a6db4db7d9b834c9d89ca46
yellow_trip_hourly,Taxi,quantity,3065,0.0137883488452,2,55119,b47e98e9fdb75d4274a18e3f8a5d8f463418a1d56a6db4db7d9b834c9d89ca46
yellow_trip_hourly,Taxi,quantity,3066,0.0137520637167,3,55119,b47e98e9fdb75d4274a18e3f8a5d8f463418a1d56a6db4db7d9b834c9d89ca46
yellow_trip_hourly,Taxi,quantity,3067,0.0136976360239,2,55119,b47e98e9fdb75d4274a18e3f8a5d8f463418a1d56a6db4db7d9b834c9d89ca46
yellow_trip_hourly,Taxi,quantity,3070,0.0136613508953,3,55119,b47e98e9fdb75d4274a18e3f8a5d8f463418a1d56a6db4db7d9b834c9d89ca46
yellow_trip_hourly,Taxi,quantity,3072,0.0136069232025,1,55119,b47e98e9fdb75d4274a18e3f8a5d8f463418a1d56a6db4db7d9b834c9d89ca46
yellow_trip_hourly,Taxi,quantity,3075,0.0135887806383,1,55119,b47e98e9fdb75d4274a18e3f8a5d8f463418a1d56a6db4db7d9b834c9d89ca46
yellow_trip_hourly,Taxi,quantity,3080,0.013570638074,1,55119,b47e98e9fdb75d4274a18e3f8a5d8f463418a1d56a6db4db7d9b834c9d89ca46
yellow_trip_hourly,Taxi,quantity,3081,0.0135524955097,1,55119,b47e98e9fdb75d4274a18e3f8a5d8f463418a1d56a6db4db7d9b834c9d89ca46
yellow_trip_hourly,Taxi,quantity,3084,0.0135343529454,1,55119,b47e98e9fdb75d4274a18e3f8a5d8f463418a1d56a6db4db7d9b834c9d89ca46
yellow_trip_hourly,Taxi,quantity,3085,0.0135162103812,1,55119,b47e98e9fdb75d4274a18e3f8a5d8f463418a1d56a6db4db7d9b834c9d89ca46
yellow_trip_hourly,Taxi,quantity,3086,0.0134980678169,1,55119,b47e98e9fdb75d4274a18e3f8a5d8f463418a1d56a6db4db7d9b834c9d89ca46
yellow_trip_hourly,Taxi,quantity,3087,0.0134799252526,2,55119,b47e98e9fdb75d4274a18e3f8a5d8f463418a1d56a6db4db7d9b834c9d89ca46
yellow_trip_hourly,Taxi,quantity,3088,0.0134436401241,2,55119,b47e98e9fdb75d4274a18e3f8a5d8f463418a1d56a6db4db7d9b834c9d89ca46
yellow_trip_hourly,Taxi,quantity,3091,0.0134073549956,2,55119,b47e98e9fdb75d4274a18e3f8a5d8f463418a1d56a6db4db7d9b834c9d89ca46
yellow_trip_hourly,Taxi,quantity,3095,0.013371069867,4,55119,b47e98e9fdb75d4274a18e3f8a5d8f463418a1d56a6db4db7d9b834c9d89ca46
yellow_trip_hourly,Taxi,quantity,3096,0.0132984996099,2,55119,b47e98e9fdb75d4274a18e3f8a5d8f463418a1d56a6db4db7d9b834c9d89ca46
yellow_trip_hourly,Taxi,quantity,3097,0.0132622144814,1,55119,b47e98e9fdb75d4274a18e3f8a5d8f463418a1d56a6db4db7d9b834c9d89ca46
yellow_trip_hourly,Taxi,quantity,3098,0.0132440719171,2,55119,b47e98e9fdb75d4274a18e3f8a5d8f463418a1d56a6db4db7d9b834c9d89ca46
yellow_trip_hourly,Taxi,quantity,3101,0.0132077867886,1,55119,b47e98e9fdb75d4274a18e3f8a5d8f463418a1d56a6db4db7d9b834c9d89ca46
yellow_trip_hourly,Taxi,quantity,3102,0.0131896442243,1,55119,b47e98e9fdb75d4274a18e3f8a5d8f463418a1d56a6db4db7d9b834c9d89ca46
yellow_trip_hourly,Taxi,quantity,3103,0.01317150166,1,55119,b47e98e9fdb75d4274a18e3f8a5d8f463418a1d56a6db4db7d9b834c9d89ca46
yellow_trip_hourly,Taxi,quantity,3105,0.0131533590958,1,55119,b47e98e9fdb75d4274a18e3f8a5d8f463418a1d56a6db4db7d9b834c9d89ca46
yellow_trip_hourly,Taxi,quantity,3112,0.0131352165315,1,55119,b47e98e9fdb75d4274a18e3f8a5d8f463418a1d56a6db4db7d9b834c9d89ca46
yellow_trip_hourly,Taxi,quantity,3113,0.0131170739672,2,55119,b47e98e9fdb75d4274a18e3f8a5d8f463418a1d56a6db4db7d9b834c9d89ca46
yellow_trip_hourly,Taxi,quantity,3116,0.0130807888387,2,55119,b47e98e9fdb75d4274a18e3f8a5d8f463418a1d56a6db4db7d9b834c9d89ca46
yellow_trip_hourly,Taxi,quantity,3117,0.0130445037102,1,55119,b47e98e9fdb75d4274a18e3f8a5d8f463418a1d56a6db4db7d9b834c9d89ca46
yellow_trip_hourly,Taxi,quantity,3118,0.0130263611459,1,55119,b47e98e9fdb75d4274a18e3f8a5d8f463418a1d56a6db4db7d9b834c9d89ca46
yellow_trip_hourly,Taxi,quantity,3126,0.0130082185816,1,55119,b47e98e9fdb75d4274a18e3f8a5d8f463418a1d56a6db4db7d9b834c9d89ca46
yellow_trip_hourly,Taxi,quantity,3128,0.0129900760173,2,55119,b47e98e9fdb75d4274a18e3f8a5d8f463418a1d56a6db4db7d9b834c9d89ca46
yellow_trip_hourly,Taxi,quantity,3130,0.0129537908888,1,55119,b47e98e9fdb75d4274a18e3f8a5d8f463418a1d56a6db4db7d9b834c9d89ca46
yellow_trip_hourly,Taxi,quantity,3134,0.0129356483245,1,55119,b47e98e9fdb75d4274a18e3f8a5d8f463418a1d56a6db4db7d9b834c9d89ca46
yellow_trip_hourly,Taxi,quantity,3139,0.0129175057603,2,55119,b47e98e9fdb75d4274a18e3f8a5d8f463418a1d56a6db4db7d9b834c9d89ca46
yellow_trip_hourly,Taxi,quantity,3141,0.0128812206317,3,55119,b47e98e9fdb75d4274a18e3f8a5d8f463418a1d56a6db4db7d9b834c9d89ca46
yellow_trip_hourly,Taxi,quantity,3142,0.0128267929389,1,55119,b47e98e9fdb75d4274a18e3f8a5d8f463418a1d56a6db4db7d9b834c9d89ca46
yellow_trip_hourly,Taxi,quantity,3144,0.0128086503746,2,55119,b47e98e9fdb75d4274a18e3f8a5d8f463418a1d56a6db4db7d9b834c9d89ca46
yellow_trip_hourly,Taxi,quantity,3145,0.0127723652461,1,55119,b47e98e9fdb75d4274a18e3f8a5d8f463418a1d56a6db4db7d9b834c9d89ca46
yellow_trip_hourly,Taxi,quantity,3147,0.0127542226818,1,55119,b47e98e9fdb75d4274a18e3f8a5d8f463418a1d56a6db4db7d9b834c9d89ca46
yellow_trip_hourly,Taxi,quantity,3148,0.0127360801176,3,55119,b47e98e9fdb75d4274a18e3f8a5d8f463418a1d56a6db4db7d9b834c9d89ca46
yellow_trip_hourly,Taxi,quantity,3151,0.0126816524248,1,55119,b47e98e9fdb75d4274a18e3f8a5d8f463418a1d56a6db4db7d9b834c9d89ca46
yellow_trip_hourly,Taxi,quantity,3153,0.0126635098605,1,55119,b47e98e9fdb75d4274a18e3f8a5d8f463418a1d56a6db4db7d9b834c9d89ca46
yellow_trip_hourly,Taxi,quantity,3156,0.0126453672962,1,55119,b47e98e9fdb75d4274a18e3f8a5d8f463418a1d56a6db4db7d9b834c9d89ca46
yellow_trip_hourly,Taxi,quantity,3160,0.0126272247319,1,55119,b47e98e9fdb75d4274a18e3f8a5d8f463418a1d56a6db4db7d9b834c9d89ca46
yellow_trip_hourly,Taxi,quantity,3163,0.0126090821677,2,55119,b47e98e9fdb75d4274a18e3f8a5d8f463418a1d56a6db4db7d9b834c9d89ca46
yellow_trip_hourly,Taxi,quantity,3168,0.0125727970391,1,55119,b47e98e9fdb75d4274a18e3f8a5d8f463418a1d56a6db4db7d9b834c9d89ca46
yellow_trip_hourly,Taxi,quantity,3170,0.0125546544749,2,55119,b47e98e9fdb75d4274a18e3f8a5d8f463418a1d56a6db4db7d9b834c9d89ca46
yellow_trip_hourly,Taxi,quantity,3172,0.0125183693463,1,55119,b47e98e9fdb75d4274a18e3f8a5d8f463418a1d56a6db4db7d9b834c9d89ca46
yellow_trip_hourly,Taxi,quantity,3173,0.0125002267821,2,55119,b47e98e9fdb75d4274a18e3f8a5d8f463418a1d56a6db4db7d9b834c9d89ca46
yellow_trip_hourly,Taxi,quantity,3175,0.0124639416535,1,55119,b47e98e9fdb75d4274a18e3f8a5d8f463418a1d56a6db4db7d9b834c9d89ca46
yellow_trip_hourly,Taxi,quantity,3181,0.0124457990892,1,55119,b47e98e9fdb75d4274a18e3f8a5d8f463418a1d56a6db4db7d9b834c9d89ca46
yellow_trip_hourly,Taxi,quantity,3183,0.012427656525,2,55119,b47e98e9fdb75d4274a18e3f8a5d8f463418a1d56a6db4db7d9b834c9d89ca46
yellow_trip_hourly,Taxi,quantity,3185,0.0123913713964,1,55119,b47e98e9fdb75d4274a18e3f8a5d8f463418a1d56a6db4db7d9b834c9d89ca46
yellow_trip_hourly,Taxi,quantity,3187,0.0123732288322,1,55119,b47e98e9fdb75d4274a18e3f8a5d8f463418a1d56a6db4db7d9b834c9d89ca46
yellow_trip_hourly,Taxi,quantity,3189,0.0123550862679,1,55119,b47e98e9fdb75d4274a18e3f8a5d8f463418a1d56a6db4db7d9b834c9d89ca46
yellow_trip_hourly,Taxi,quantity,3190,0.0123369437036,1,55119,b47e98e9fdb75d4274a18e3f8a5d8f463418a1d56a6db4db7d9b834c9d89ca46
yellow_trip_hourly,Taxi,quantity,3193,0.0123188011394,2,55119,b47e98e9fdb75d4274a18e3f8a5d8f463418a1d56a6db4db7d9b834c9d89ca46
yellow_trip_hourly,Taxi,quantity,3196,0.0122825160108,2,55119,b47e98e9fdb75d4274a18e3f8a5d8f463418a1d56a6db4db7d9b834c9d89ca46
yellow_trip_hourly,Taxi,quantity,3201,0.0122462308823,1,55119,b47e98e9fdb75d4274a18e3f8a5d8f463418a1d56a6db4db7d9b834c9d89ca46
yellow_trip_hourly,Taxi,quantity,3202,0.012228088318,1,55119,b47e98e9fdb75d4274a18e3f8a5d8f463418a1d56a6db4db7d9b834c9d89ca46
yellow_trip_hourly,Taxi,quantity,3206,0.0122099457537,1,55119,b47e98e9fdb75d4274a18e3f8a5d8f463418a1d56a6db4db7d9b834c9d89ca46
yellow_trip_hourly,Taxi,quantity,3208,0.0121918031895,1,55119,b47e98e9fdb75d4274a18e3f8a5d8f463418a1d56a6db4db7d9b834c9d89ca46
yellow_trip_hourly,Taxi,quantity,3210,0.0121736606252,1,55119,b47e98e9fdb75d4274a18e3f8a5d8f463418a1d56a6db4db7d9b834c9d89ca46
yellow_trip_hourly,Taxi,quantity,3214,0.0121555180609,2,55119,b47e98e9fdb75d4274a18e3f8a5d8f463418a1d56a6db4db7d9b834c9d89ca46
yellow_trip_hourly,Taxi,quantity,3216,0.0121192329324,1,55119,b47e98e9fdb75d4274a18e3f8a5d8f463418a1d56a6db4db7d9b834c9d89ca46
yellow_trip_hourly,Taxi,quantity,3217,0.0121010903681,1,55119,b47e98e9fdb75d4274a18e3f8a5d8f463418a1d56a6db4db7d9b834c9d89ca46
yellow_trip_hourly,Taxi,quantity,3218,0.0120829478038,2,55119,b47e98e9fdb75d4274a18e3f8a5d8f463418a1d56a6db4db7d9b834c9d89ca46
yellow_trip_hourly,Taxi,quantity,3220,0.0120466626753,3,55119,b47e98e9fdb75d4274a18e3f8a5d8f463418a1d56a6db4db7d9b834c9d89ca46
yellow_trip_hourly,Taxi,quantity,3222,0.0119922349825,1,55119,b47e98e9fdb75d4274a18e3f8a5d8f463418a1d56a6db4db7d9b834c9d89ca46
yellow_trip_hourly,Taxi,quantity,3223,0.0119740924182,1,55119,b47e98e9fdb75d4274a18e3f8a5d8f463418a1d56a6db4db7d9b834c9d89ca46
yellow_trip_hourly,Taxi,quantity,3224,0.011955949854,1,55119,b47e98e9fdb75d4274a18e3f8a5d8f463418a1d56a6db4db7d9b834c9d89ca46
yellow_trip_hourly,Taxi,quantity,3225,0.0119378072897,2,55119,b47e98e9fdb75d4274a18e3f8a5d8f463418a1d56a6db4db7d9b834c9d89ca46
yellow_trip_hourly,Taxi,quantity,3228,0.0119015221611,2,55119,b47e98e9fdb75d4274a18e3f8a5d8f463418a1d56a6db4db7d9b834c9d89ca46
yellow_trip_hourly,Taxi,quantity,3230,0.0118652370326,1,55119,b47e98e9fdb75d4274a18e3f8a5d8f463418a1d56a6db4db7d9b834c9d89ca46
yellow_trip_hourly,Taxi,quantity,3232,0.0118470944683,1,55119,b47e98e9fdb75d4274a18e3f8a5d8f463418a1d56a6db4db7d9b834c9d89ca46
yellow_trip_hourly,Taxi,quantity,3234,0.0118289519041,1,55119,b47e98e9fdb75d4274a18e3f8a5d8f463418a1d56a6db4db7d9b834c9d89ca46
yellow_trip_hourly,Taxi,quantity,3236,0.0118108093398,1,55119,b47e98e9fdb75d4274a18e3f8a5d8f463418a1d56a6db4db7d9b834c9d89ca46
yellow_trip_hourly,Taxi,quantity,3239,0.0117926667755,3,55119,b47e98e9fdb75d4274a18e3f8a5d8f463418a1d56a6db4db7d9b834c9d89ca46
yellow_trip_hourly,Taxi,quantity,3240,0.0117382390827,1,55119,b47e98e9fdb75d4274a18e3f8a5d8f463418a1d56a6db4db7d9b834c9d89ca46
yellow_trip_hourly,Taxi,quantity,3241,0.0117200965184,1,55119,b47e98e9fdb75d4274a18e3f8a5d8f463418a1d56a6db4db7d9b834c9d89ca46
yellow_trip_hourly,Taxi,quantity,3243,0.0117019539542,1,55119,b47e98e9fdb75d4274a18e3f8a5d8f463418a1d56a6db4db7d9b834c9d89ca46
yellow_trip_hourly,Taxi,quantity,3245,0.0116838113899,1,55119,b47e98e9fdb75d4274a18e3f8a5d8f463418a1d56a6db4db7d9b834c9d89ca46
yellow_trip_hourly,Taxi,quantity,3247,0.0116656688256,1,55119,b47e98e9fdb75d4274a18e3f8a5d8f463418a1d56a6db4db7d9b834c9d89ca46
yellow_trip_hourly,Taxi,quantity,3249,0.0116475262614,1,55119,b47e98e9fdb75d4274a18e3f8a5d8f463418a1d56a6db4db7d9b834c9d89ca46
yellow_trip_hourly,Taxi,quantity,3250,0.0116293836971,1,55119,b47e98e9fdb75d4274a18e3f8a5d8f463418a1d56a6db4db7d9b834c9d89ca46
yellow_trip_hourly,Taxi,quantity,3253,0.0116112411328,1,55119,b47e98e9fdb75d4274a18e3f8a5d8f463418a1d56a6db4db7d9b834c9d89ca46
yellow_trip_hourly,Taxi,quantity,3255,0.0115930985686,1,55119,b47e98e9fdb75d4274a18e3f8a5d8f463418a1d56a6db4db7d9b834c9d89ca46
yellow_trip_hourly,Taxi,quantity,3257,0.0115749560043,1,55119,b47e98e9fdb75d4274a18e3f8a5d8f463418a1d56a6db4db7d9b834c9d89ca46
yellow_trip_hourly,Taxi,quantity,3258,0.01155681344,2,55119,b47e98e9fdb75d4274a18e3f8a5d8f463418a1d56a6db4db7d9b834c9d89ca46
yellow_trip_hourly,Taxi,quantity,3259,0.0115205283115,1,55119,b47e98e9fdb75d4274a18e3f8a5d8f463418a1d56a6db4db7d9b834c9d89ca46
yellow_trip_hourly,Taxi,quantity,3269,0.0115023857472,1,55119,b47e98e9fdb75d4274a18e3f8a5d8f463418a1d56a6db4db7d9b834c9d89ca46
yellow_trip_hourly,Taxi,quantity,3271,0.0114842431829,1,55119,b47e98e9fdb75d4274a18e3f8a5d8f463418a1d56a6db4db7d9b834c9d89ca46
yellow_trip_hourly,Taxi,quantity,3273,0.0114661006187,1,55119,b47e98e9fdb75d4274a18e3f8a5d8f463418a1d56a6db4db7d9b834c9d89ca46
yellow_trip_hourly,Taxi,quantity,3274,0.0114479580544,1,55119,b47e98e9fdb75d4274a18e3f8a5d8f463418a1d56a6db4db7d9b834c9d89ca46
yellow_trip_hourly,Taxi,quantity,3276,0.0114298154901,1,55119,b47e98e9fdb75d4274a18e3f8a5d8f463418a1d56a6db4db7d9b834c9d89ca46
yellow_trip_hourly,Taxi,quantity,3278,0.0114116729259,1,55119,b47e98e9fdb75d4274a18e3f8a5d8f463418a1d56a6db4db7d9b834c9d89ca46
yellow_trip_hourly,Taxi,quantity,3284,0.0113935303616,1,55119,b47e98e9fdb75d4274a18e3f8a5d8f463418a1d56a6db4db7d9b834c9d89ca46
yellow_trip_hourly,Taxi,quantity,3286,0.0113753877973,1,55119,b47e98e9fdb75d4274a18e3f8a5d8f463418a1d56a6db4db7d9b834c9d89ca46
yellow_trip_hourly,Taxi,quantity,3291,0.011357245233,1,55119,b47e98e9fdb75d4274a18e3f8a5d8f463418a1d56a6db4db7d9b834c9d89ca46
yellow_trip_hourly,Taxi,quantity,3296,0.0113391026688,1,55119,b47e98e9fdb75d4274a18e3f8a5d8f463418a1d56a6db4db7d9b834c9d89ca46
yellow_trip_hourly,Taxi,quantity,3297,0.0113209601045,1,55119,b47e98e9fdb75d4274a18e3f8a5d8f463418a1d56a6db4db7d9b834c9d89ca46
yellow_trip_hourly,Taxi,quantity,3298,0.0113028175402,2,55119,b47e98e9fdb75d4274a18e3f8a5d8f463418a1d56a6db4db7d9b834c9d89ca46
yellow_trip_hourly,Taxi,quantity,3300,0.0112665324117,1,55119,b47e98e9fdb75d4274a18e3f8a5d8f463418a1d56a6db4db7d9b834c9d89ca46
yellow_trip_hourly,Taxi,quantity,3304,0.0112483898474,2,55119,b47e98e9fdb75d4274a18e3f8a5d8f463418a1d56a6db4db7d9b834c9d89ca46
yellow_trip_hourly,Taxi,quantity,3307,0.0112121047189,1,55119,b47e98e9fdb75d4274a18e3f8a5d8f463418a1d56a6db4db7d9b834c9d89ca46
yellow_trip_hourly,Taxi,quantity,3308,0.0111939621546,2,55119,b47e98e9fdb75d4274a18e3f8a5d8f463418a1d56a6db4db7d9b834c9d89ca46
yellow_trip_hourly,Taxi,quantity,3309,0.0111576770261,1,55119,b47e98e9fdb75d4274a18e3f8a5d8f463418a1d56a6db4db7d9b834c9d89ca46
yellow_trip_hourly,Taxi,quantity,3314,0.0111395344618,1,55119,b47e98e9fdb75d4274a18e3f8a5d8f463418a1d56a6db4db7d9b834c9d89ca46
yellow_trip_hourly,Taxi,quantity,3315,0.0111213918975,3,55119,b47e98e9fdb75d4274a18e3f8a5d8f463418a1d56a6db4db7d9b834c9d89ca46
yellow_trip_hourly,Taxi,quantity,3317,0.0110669642047,1,55119,b47e98e9fdb75d4274a18e3f8a5d8f463418a1d56a6db4db7d9b834c9d89ca46
yellow_trip_hourly,Taxi,quantity,3318,0.0110488216405,1,55119,b47e98e9fdb75d4274a18e3f8a5d8f463418a1d56a6db4db7d9b834c9d89ca46
yellow_trip_hourly,Taxi,quantity,3326,0.0110306790762,1,55119,b47e98e9fdb75d4274a18e3f8a5d8f463418a1d56a6db4db7d9b834c9d89ca46
yellow_trip_hourly,Taxi,quantity,3327,0.0110125365119,1,55119,b47e98e9fdb75d4274a18e3f8a5d8f463418a1d56a6db4db7d9b834c9d89ca46
yellow_trip_hourly,Taxi,quantity,3328,0.0109943939476,1,55119,b47e98e9fdb75d4274a18e3f8a5d8f463418a1d56a6db4db7d9b834c9d89ca46
yellow_trip_hourly,Taxi,quantity,3329,0.0109762513834,1,55119,b47e98e9fdb75d4274a18e3f8a5d8f463418a1d56a6db4db7d9b834c9d89ca46
yellow_trip_hourly,Taxi,quantity,3330,0.0109581088191,1,55119,b47e98e9fdb75d4274a18e3f8a5d8f463418a1d56a6db4db7d9b834c9d89ca46
yellow_trip_hourly,Taxi,quantity,3332,0.0109399662548,1,55119,b47e98e9fdb75d4274a18e3f8a5d8f463418a1d56a6db4db7d9b834c9d89ca46
yellow_trip_hourly,Taxi,quantity,3333,0.0109218236906,1,55119,b47e98e9fdb75d4274a18e3f8a5d8f463418a1d56a6db4db7d9b834c9d89ca46
yellow_trip_hourly,Taxi,quantity,3337,0.0109036811263,1,55119,b47e98e9fdb75d4274a18e3f8a5d8f463418a1d56a6db4db7d9b834c9d89ca46
yellow_trip_hourly,Taxi,quantity,3338,0.010885538562,2,55119,b47e98e9fdb75d4274a18e3f8a5d8f463418a1d56a6db4db7d9b834c9d89ca46
yellow_trip_hourly,Taxi,quantity,3342,0.0108492534335,1,55119,b47e98e9fdb75d4274a18e3f8a5d8f463418a1d56a6db4db7d9b834c9d89ca46
yellow_trip_hourly,Taxi,quantity,3344,0.0108311108692,1,55119,b47e98e9fdb75d4274a18e3f8a5d8f463418a1d56a6db4db7d9b834c9d89ca46
yellow_trip_hourly,Taxi,quantity,3349,0.0108129683049,1,55119,b47e98e9fdb75d4274a18e3f8a5d8f463418a1d56a6db4db7d9b834c9d89ca46
yellow_trip_hourly,Taxi,quantity,3350,0.0107948257407,1,55119,b47e98e9fdb75d4274a18e3f8a5d8f463418a1d56a6db4db7d9b834c9d89ca46
yellow_trip_hourly,Taxi,quantity,3351,0.0107766831764,1,55119,b47e98e9fdb75d4274a18e3f8a5d8f463418a1d56a6db4db7d9b834c9d89ca46
yellow_trip_hourly,Taxi,quantity,3353,0.0107585406121,2,55119,b47e98e9fdb75d4274a18e3f8a5d8f463418a1d56a6db4db7d9b834c9d89ca46
yellow_trip_hourly,Taxi,quantity,3358,0.0107222554836,1,55119,b47e98e9fdb75d4274a18e3f8a5d8f463418a1d56a6db4db7d9b834c9d89ca46
yellow_trip_hourly,Taxi,quantity,3366,0.0107041129193,1,55119,b47e98e9fdb75d4274a18e3f8a5d8f463418a1d56a6db4db7d9b834c9d89ca46
yellow_trip_hourly,Taxi,quantity,3367,0.010685970355,1,55119,b47e98e9fdb75d4274a18e3f8a5d8f463418a1d56a6db4db7d9b834c9d89ca46
yellow_trip_hourly,Taxi,quantity,3373,0.0106678277908,1,55119,b47e98e9fdb75d4274a18e3f8a5d8f463418a1d56a6db4db7d9b834c9d89ca46
yellow_trip_hourly,Taxi,quantity,3375,0.0106496852265,1,55119,b47e98e9fdb75d4274a18e3f8a5d8f463418a1d56a6db4db7d9b834c9d89ca46
yellow_trip_hourly,Taxi,quantity,3380,0.0106315426622,1,55119,b47e98e9fdb75d4274a18e3f8a5d8f463418a1d56a6db4db7d9b834c9d89ca46
yellow_trip_hourly,Taxi,quantity,3381,0.010613400098,1,55119,b47e98e9fdb75d4274a18e3f8a5d8f463418a1d56a6db4db7d9b834c9d89ca46
yellow_trip_hourly,Taxi,quantity,3382,0.0105952575337,1,55119,b47e98e9fdb75d4274a18e3f8a5d8f463418a1d56a6db4db7d9b834c9d89ca46
yellow_trip_hourly,Taxi,quantity,3385,0.0105771149694,1,55119,b47e98e9fdb75d4274a18e3f8a5d8f463418a1d56a6db4db7d9b834c9d89ca46
yellow_trip_hourly,Taxi,quantity,3386,0.0105589724052,1,55119,b47e98e9fdb75d4274a18e3f8a5d8f463418a1d56a6db4db7d9b834c9d89ca46
yellow_trip_hourly,Taxi,quantity,3390,0.0105408298409,1,55119,b47e98e9fdb75d4274a18e3f8a5d8f463418a1d56a6db4db7d9b834c9d89ca46
yellow_trip_hourly,Taxi,quantity,3394,0.0105226872766,2,55119,b47e98e9fdb75d4274a18e3f8a5d8f463418a1d56a6db4db7d9b834c9d89ca46
yellow_trip_hourly,Taxi,quantity,3398,0.0104864021481,1,55119,b47e98e9fdb75d4274a18e3f8a5d8f463418a1d56a6db4db7d9b834c9d89ca46
yellow_trip_hourly,Taxi,quantity,3399,0.0104682595838,2,55119,b47e98e9fdb75d4274a18e3f8a5d8f463418a1d56a6db4db7d9b834c9d89ca46
yellow_trip_hourly,Taxi,quantity,3401,0.0104319744553,2,55119,b47e98e9fdb75d4274a18e3f8a5d8f463418a1d56a6db4db7d9b834c9d89ca46
yellow_trip_hourly,Taxi,quantity,3413,0.0103956893267,1,55119,b47e98e9fdb75d4274a18e3f8a5d8f463418a1d56a6db4db7d9b834c9d89ca46
yellow_trip_hourly,Taxi,quantity,3414,0.0103775467625,2,55119,b47e98e9fdb75d4274a18e3f8a5d8f463418a1d56a6db4db7d9b834c9d89ca46
yellow_trip_hourly,Taxi,quantity,3417,0.0103412616339,2,55119,b47e98e9fdb75d4274a18e3f8a5d8f463418a1d56a6db4db7d9b834c9d89ca46
yellow_trip_hourly,Taxi,quantity,3418,0.0103049765054,1,55119,b47e98e9fdb75d4274a18e3f8a5d8f463418a1d56a6db4db7d9b834c9d89ca46
yellow_trip_hourly,Taxi,quantity,3420,0.0102868339411,1,55119,b47e98e9fdb75d4274a18e3f8a5d8f463418a1d56a6db4db7d9b834c9d89ca46
yellow_trip_hourly,Taxi,quantity,3421,0.0102686913768,1,55119,b47e98e9fdb75d4274a18e3f8a5d8f463418a1d56a6db4db7d9b834c9d89ca46
yellow_trip_hourly,Taxi,quantity,3425,0.0102505488126,1,55119,b47e98e9fdb75d4274a18e3f8a5d8f463418a1d56a6db4db7d9b834c9d89ca46
yellow_trip_hourly,Taxi,quantity,3428,0.0102324062483,3,55119,b47e98e9fdb75d4274a18e3f8a5d8f463418a1d56a6db4db7d9b834c9d89ca46
yellow_trip_hourly,Taxi,quantity,3431,0.0101779785555,1,55119,b47e98e9fdb75d4274a18e3f8a5d8f463418a1d56a6db4db7d9b834c9d89ca46
yellow_trip_hourly,Taxi,quantity,3434,0.0101598359912,3,55119,b47e98e9fdb75d4274a18e3f8a5d8f463418a1d56a6db4db7d9b834c9d89ca46
yellow_trip_hourly,Taxi,quantity,3439,0.0101054082984,1,55119,b47e98e9fdb75d4274a18e3f8a5d8f463418a1d56a6db4db7d9b834c9d89ca46
yellow_trip_hourly,Taxi,quantity,3440,0.0100872657341,1,55119,b47e98e9fdb75d4274a18e3f8a5d8f463418a1d56a6db4db7d9b834c9d89ca46
yellow_trip_hourly,Taxi,quantity,3441,0.0100691231699,1,55119,b47e98e9fdb75d4274a18e3f8a5d8f463418a1d56a6db4db7d9b834c9d89ca46
yellow_trip_hourly,Taxi,quantity,3444,0.0100509806056,2,55119,b47e98e9fdb75d4274a18e3f8a5d8f463418a1d56a6db4db7d9b834c9d89ca46
yellow_trip_hourly,Taxi,quantity,3445,0.0100146954771,1,55119,b47e98e9fdb75d4274a18e3f8a5d8f463418a1d56a6db4db7d9b834c9d89ca46
yellow_trip_hourly,Taxi,quantity,3448,0.00999655291279,1,55119,b47e98e9fdb75d4274a18e3f8a5d8f463418a1d56a6db4db7d9b834c9d89ca46
yellow_trip_hourly,Taxi,quantity,3449,0.00997841034852,3,55119,b47e98e9fdb75d4274a18e3f8a5d8f463418a1d56a6db4db7d9b834c9d89ca46
yellow_trip_hourly,Taxi,quantity,3453,0.00992398265571,1,55119,b47e98e9fdb75d4274a18e3f8a5d8f463418a1d56a6db4db7d9b834c9d89ca46
yellow_trip_hourly,Taxi,quantity,3454,0.00990584009144,1,55119,b47e98e9fdb75d4274a18e3f8a5d8f463418a1d56a6db4db7d9b834c9d89ca46
yellow_trip_hourly,Taxi,quantity,3455,0.00988769752717,1,55119,b47e98e9fdb75d4274a18e3f8a5d8f463418a1d56a6db4db7d9b834c9d89ca46
yellow_trip_hourly,Taxi,quantity,3457,0.0098695549629,2,55119,b47e98e9fdb75d4274a18e3f8a5d8f463418a1d56a6db4db7d9b834c9d89ca46
yellow_trip_hourly,Taxi,quantity,3458,0.00983326983436,1,55119,b47e98e9fdb75d4274a18e3f8a5d8f463418a1d56a6db4db7d9b834c9d89ca46
yellow_trip_hourly,Taxi,quantity,3460,0.00981512727009,1,55119,b47e98e9fdb75d4274a18e3f8a5d8f463418a1d56a6db4db7d9b834c9d89ca46
yellow_trip_hourly,Taxi,quantity,3462,0.00979698470582,1,55119,b47e98e9fdb75d4274a18e3f8a5d8f463418a1d56a6db4db7d9b834c9d89ca46
yellow_trip_hourly,Taxi,quantity,3463,0.00977884214155,1,55119,b47e98e9fdb75d4274a18e3f8a5d8f463418a1d56a6db4db7d9b834c9d89ca46
yellow_trip_hourly,Taxi,quantity,3464,0.00976069957728,1,55119,b47e98e9fdb75d4274a18e3f8a5d8f463418a1d56a6db4db7d9b834c9d89ca46
yellow_trip_hourly,Taxi,quantity,3467,0.00974255701301,1,55119,b47e98e9fdb75d4274a18e3f8a5d8f463418a1d56a6db4db7d9b834c9d89ca46
yellow_trip_hourly,Taxi,quantity,3469,0.00972441444874,1,55119,b47e98e9fdb75d4274a18e3f8a5d8f463418a1d56a6db4db7d9b834c9d89ca46
yellow_trip_hourly,Taxi,quantity,3470,0.00970627188447,2,55119,b47e98e9fdb75d4274a18e3f8a5d8f463418a1d56a6db4db7d9b834c9d89ca46
yellow_trip_hourly,Taxi,quantity,3471,0.00966998675593,1,55119,b47e98e9fdb75d4274a18e3f8a5d8f463418a1d56a6db4db7d9b834c9d89ca46
yellow_trip_hourly,Taxi,quantity,3476,0.00965184419166,1,55119,b47e98e9fdb75d4274a18e3f8a5d8f463418a1d56a6db4db7d9b834c9d89ca46
yellow_trip_hourly,Taxi,quantity,3481,0.00963370162739,1,55119,b47e98e9fdb75d4274a18e3f8a5d8f463418a1d56a6db4db7d9b834c9d89ca46
yellow_trip_hourly,Taxi,quantity,3482,0.00961555906312,1,55119,b47e98e9fdb75d4274a18e3f8a5d8f463418a1d56a6db4db7d9b834c9d89ca46
yellow_trip_hourly,Taxi,quantity,3483,0.00959741649885,2,55119,b47e98e9fdb75d4274a18e3f8a5d8f463418a1d56a6db4db7d9b834c9d89ca46
yellow_trip_hourly,Taxi,quantity,3486,0.00956113137031,1,55119,b47e98e9fdb75d4274a18e3f8a5d8f463418a1d56a6db4db7d9b834c9d89ca46
yellow_trip_hourly,Taxi,quantity,3487,0.00954298880604,1,55119,b47e98e9fdb75d4274a18e3f8a5d8f463418a1d56a6db4db7d9b834c9d89ca46
yellow_trip_hourly,Taxi,quantity,3489,0.00952484624177,2,55119,b47e98e9fdb75d4274a18e3f8a5d8f463418a1d56a6db4db7d9b834c9d89ca46
yellow_trip_hourly,Taxi,quantity,3490,0.00948856111323,1,55119,b47e98e9fdb75d4274a18e3f8a5d8f463418a1d56a6db4db7d9b834c9d89ca46
yellow_trip_hourly,Taxi,quantity,3498,0.00947041854896,2,55119,b47e98e9fdb75d4274a18e3f8a5d8f463418a1d56a6db4db7d9b834c9d89ca46
yellow_trip_hourly,Taxi,quantity,3500,0.00943413342042,2,55119,b47e98e9fdb75d4274a18e3f8a5d8f463418a1d56a6db4db7d9b834c9d89ca46
yellow_trip_hourly,Taxi,quantity,3504,0.00939784829188,1,55119,b47e98e9fdb75d4274a18e3f8a5d8f463418a1d56a6db4db7d9b834c9d89ca46
yellow_trip_hourly,Taxi,quantity,3505,0.00937970572761,1,55119,b47e98e9fdb75d4274a18e3f8a5d8f463418a1d56a6db4db7d9b834c9d89ca46
yellow_trip_hourly,Taxi,quantity,3507,0.00936156316334,1,55119,b47e98e9fdb75d4274a18e3f8a5d8f463418a1d56a6db4db7d9b834c9d89ca46
yellow_trip_hourly,Taxi,quantity,3509,0.00934342059907,1,55119,b47e98e9fdb75d4274a18e3f8a5d8f463418a1d56a6db4db7d9b834c9d89ca46
yellow_trip_hourly,Taxi,quantity,3510,0.0093252780348,1,55119,b47e98e9fdb75d4274a18e3f8a5d8f463418a1d56a6db4db7d9b834c9d89ca46
yellow_trip_hourly,Taxi,quantity,3513,0.00930713547053,1,55119,b47e98e9fdb75d4274a18e3f8a5d8f463418a1d56a6db4db7d9b834c9d89ca46
yellow_trip_hourly,Taxi,quantity,3516,0.00928899290626,3,55119,b47e98e9fdb75d4274a18e3f8a5d8f463418a1d56a6db4db7d9b834c9d89ca46
yellow_trip_hourly,Taxi,quantity,3517,0.00923456521345,1,55119,b47e98e9fdb75d4274a18e3f8a5d8f463418a1d56a6db4db7d9b834c9d89ca46
yellow_trip_hourly,Taxi,quantity,3519,0.00921642264918,1,55119,b47e98e9fdb75d4274a18e3f8a5d8f463418a1d56a6db4db7d9b834c9d89ca46
yellow_trip_hourly,Taxi,quantity,3524,0.00919828008491,2,55119,b47e98e9fdb75d4274a18e3f8a5d8f463418a1d56a6db4db7d9b834c9d89ca46
yellow_trip_hourly,Taxi,quantity,3525,0.00916199495637,1,55119,b47e98e9fdb75d4274a18e3f8a5d8f463418a1d56a6db4db7d9b834c9d89ca46
yellow_trip_hourly,Taxi,quantity,3526,0.0091438523921,2,55119,b47e98e9fdb75d4274a18e3f8a5d8f463418a1d56a6db4db7d9b834c9d89ca46
yellow_trip_hourly,Taxi,quantity,3529,0.00910756726356,2,55119,b47e98e9fdb75d4274a18e3f8a5d8f463418a1d56a6db4db7d9b834c9d89ca46
yellow_trip_hourly,Taxi,quantity,3531,0.00907128213502,1,55119,b47e98e9fdb75d4274a18e3f8a5d8f463418a1d56a6db4db7d9b834c9d89ca46
yellow_trip_hourly,Taxi,quantity,3533,0.00905313957075,1,55119,b47e98e9fdb75d4274a18e3f8a5d8f463418a1d56a6db4db7d9b834c9d89ca46
yellow_trip_hourly,Taxi,quantity,3535,0.00903499700648,1,55119,b47e98e9fdb75d4274a18e3f8a5d8f463418a1d56a6db4db7d9b834c9d89ca46
yellow_trip_hourly,Taxi,quantity,3537,0.00901685444221,1,55119,b47e98e9fdb75d4274a18e3f8a5d8f463418a1d56a6db4db7d9b834c9d89ca46
yellow_trip_hourly,Taxi,quantity,3538,0.00899871187794,1,55119,b47e98e9fdb75d4274a18e3f8a5d8f463418a1d56a6db4db7d9b834c9d89ca46
yellow_trip_hourly,Taxi,quantity,3539,0.00898056931367,2,55119,b47e98e9fdb75d4274a18e3f8a5d8f463418a1d56a6db4db7d9b834c9d89ca46
yellow_trip_hourly,Taxi,quantity,3540,0.00894428418513,1,55119,b47e98e9fdb75d4274a18e3f8a5d8f463418a1d56a6db4db7d9b834c9d89ca46
yellow_trip_hourly,Taxi,quantity,3543,0.00892614162086,1,55119,b47e98e9fdb75d4274a18e3f8a5d8f463418a1d56a6db4db7d9b834c9d89ca46
yellow_trip_hourly,Taxi,quantity,3544,0.00890799905659,1,55119,b47e98e9fdb75d4274a18e3f8a5d8f463418a1d56a6db4db7d9b834c9d89ca46
yellow_trip_hourly,Taxi,quantity,3545,0.00888985649232,1,55119,b47e98e9fdb75d4274a18e3f8a5d8f463418a1d56a6db4db7d9b834c9d89ca46
yellow_trip_hourly,Taxi,quantity,3550,0.00887171392805,1,55119,b47e98e9fdb75d4274a18e3f8a5d8f463418a1d56a6db4db7d9b834c9d89ca46
yellow_trip_hourly,Taxi,quantity,3552,0.00885357136378,1,55119,b47e98e9fdb75d4274a18e3f8a5d8f463418a1d56a6db4db7d9b834c9d89ca46
yellow_trip_hourly,Taxi,quantity,3553,0.00883542879951,1,55119,b47e98e9fdb75d4274a18e3f8a5d8f463418a1d56a6db4db7d9b834c9d89ca46
yellow_trip_hourly,Taxi,quantity,3554,0.00881728623524,2,55119,b47e98e9fdb75d4274a18e3f8a5d8f463418a1d56a6db4db7d9b834c9d89ca46
yellow_trip_hourly,Taxi,quantity,3556,0.0087810011067,2,55119,b47e98e9fdb75d4274a18e3f8a5d8f463418a1d56a6db4db7d9b834c9d89ca46
yellow_trip_hourly,Taxi,quantity,3561,0.00874471597816,1,55119,b47e98e9fdb75d4274a18e3f8a5d8f463418a1d56a6db4db7d9b834c9d89ca46
yellow_trip_hourly,Taxi,quantity,3565,0.00872657341389,1,55119,b47e98e9fdb75d4274a18e3f8a5d8f463418a1d56a6db4db7d9b834c9d89ca46
yellow_trip_hourly,Taxi,quantity,3568,0.00870843084962,1,55119,b47e98e9fdb75d4274a18e3f8a5d8f463418a1d56a6db4db7d9b834c9d89ca46
yellow_trip_hourly,Taxi,quantity,3569,0.00869028828535,1,55119,b47e98e9fdb75d4274a18e3f8a5d8f463418a1d56a6db4db7d9b834c9d89ca46
yellow_trip_hourly,Taxi,quantity,3571,0.00867214572108,1,55119,b47e98e9fdb75d4274a18e3f8a5d8f463418a1d56a6db4db7d9b834c9d89ca46
yellow_trip_hourly,Taxi,quantity,3573,0.00865400315681,2,55119,b47e98e9fdb75d4274a18e3f8a5d8f463418a1d56a6db4db7d9b834c9d89ca46
yellow_trip_hourly,Taxi,quantity,3575,0.00861771802827,3,55119,b47e98e9fdb75d4274a18e3f8a5d8f463418a1d56a6db4db7d9b834c9d89ca46
yellow_trip_hourly,Taxi,quantity,3576,0.00856329033546,1,55119,b47e98e9fdb75d4274a18e3f8a5d8f463418a1d56a6db4db7d9b834c9d89ca46
yellow_trip_hourly,Taxi,quantity,3580,0.00854514777119,1,55119,b47e98e9fdb75d4274a18e3f8a5d8f463418a1d56a6db4db7d9b834c9d89ca46
yellow_trip_hourly,Taxi,quantity,3581,0.00852700520692,2,55119,b47e98e9fdb75d4274a18e3f8a5d8f463418a1d56a6db4db7d9b834c9d89ca46
yellow_trip_hourly,Taxi,quantity,3583,0.00849072007838,1,55119,b47e98e9fdb75d4274a18e3f8a5d8f463418a1d56a6db4db7d9b834c9d89ca46
yellow_trip_hourly,Taxi,quantity,3585,0.00847257751411,1,55119,b47e98e9fdb75d4274a18e3f8a5d8f463418a1d56a6db4db7d9b834c9d89ca46
yellow_trip_hourly,Taxi,quantity,3586,0.00845443494984,1,55119,b47e98e9fdb75d4274a18e3f8a5d8f463418a1d56a6db4db7d9b834c9d89ca46
yellow_trip_hourly,Taxi,quantity,3587,0.00843629238557,1,55119,b47e98e9fdb75d4274a18e3f8a5d8f463418a1d56a6db4db7d9b834c9d89ca46
yellow_trip_hourly,Taxi,quantity,3590,0.0084181498213,1,55119,b47e98e9fdb75d4274a18e3f8a5d8f463418a1d56a6db4db7d9b834c9d89ca46
yellow_trip_hourly,Taxi,quantity,3592,0.00840000725703,1,55119,b47e98e9fdb75d4274a18e3f8a5d8f463418a1d56a6db4db7d9b834c9d89ca46
yellow_trip_hourly,Taxi,quantity,3593,0.00838186469276,1,55119,b47e98e9fdb75d4274a18e3f8a5d8f463418a1d56a6db4db7d9b834c9d89ca46
yellow_trip_hourly,Taxi,quantity,3594,0.00836372212849,1,55119,b47e98e9fdb75d4274a18e3f8a5d8f463418a1d56a6db4db7d9b834c9d89ca46
yellow_trip_hourly,Taxi,quantity,3602,0.00834557956422,2,55119,b47e98e9fdb75d4274a18e3f8a5d8f463418a1d56a6db4db7d9b834c9d89ca46
yellow_trip_hourly,Taxi,quantity,3603,0.00830929443568,2,55119,b47e98e9fdb75d4274a18e3f8a5d8f463418a1d56a6db4db7d9b834c9d89ca46
yellow_trip_hourly,Taxi,quantity,3605,0.00827300930714,1,55119,b47e98e9fdb75d4274a18e3f8a5d8f463418a1d56a6db4db7d9b834c9d89ca46
yellow_trip_hourly,Taxi,quantity,3606,0.00825486674287,1,55119,b47e98e9fdb75d4274a18e3f8a5d8f463418a1d56a6db4db7d9b834c9d89ca46
yellow_trip_hourly,Taxi,quantity,3607,0.0082367241786,1,55119,b47e98e9fdb75d4274a18e3f8a5d8f463418a1d56a6db4db7d9b834c9d89ca46
yellow_trip_hourly,Taxi,quantity,3609,0.00821858161433,1,55119,b47e98e9fdb75d4274a18e3f8a5d8f463418a1d56a6db4db7d9b834c9d89ca46
yellow_trip_hourly,Taxi,quantity,3610,0.00820043905006,2,55119,b47e98e9fdb75d4274a18e3f8a5d8f463418a1d56a6db4db7d9b834c9d89ca46
yellow_trip_hourly,Taxi,quantity,3611,0.00816415392152,1,55119,b47e98e9fdb75d4274a18e3f8a5d8f463418a1d56a6db4db7d9b834c9d89ca46
yellow_trip_hourly,Taxi,quantity,3614,0.00814601135725,1,55119,b47e98e9fdb75d4274a18e3f8a5d8f463418a1d56a6db4db7d9b834c9d89ca46
yellow_trip_hourly,Taxi,quantity,3617,0.00812786879298,1,55119,b47e98e9fdb75d4274a18e3f8a5d8f463418a1d56a6db4db7d9b834c9d89ca46
yellow_trip_hourly,Taxi,quantity,3618,0.00810972622871,1,55119,b47e98e9fdb75d4274a18e3f8a5d8f463418a1d56a6db4db7d9b834c9d89ca46
yellow_trip_hourly,Taxi,quantity,3620,0.00809158366444,2,55119,b47e98e9fdb75d4274a18e3f8a5d8f463418a1d56a6db4db7d9b834c9d89ca46
yellow_trip_hourly,Taxi,quantity,3621,0.0080552985359,1,55119,b47e98e9fdb75d4274a18e3f8a5d8f463418a1d56a6db4db7d9b834c9d89ca46
yellow_trip_hourly,Taxi,quantity,3622,0.00803715597163,3,55119,b47e98e9fdb75d4274a18e3f8a5d8f463418a1d56a6db4db7d9b834c9d89ca46
yellow_trip_hourly,Taxi,quantity,3624,0.00798272827881,4,55119,b47e98e9fdb75d4274a18e3f8a5d8f463418a1d56a6db4db7d9b834c9d89ca46
yellow_trip_hourly,Taxi,quantity,3627,0.00791015802173,1,55119,b47e98e9fdb75d4274a18e3f8a5d8f463418a1d56a6db4db7d9b834c9d89ca46
yellow_trip_hourly,Taxi,quantity,3630,0.00789201545746,3,55119,b47e98e9fdb75d4274a18e3f8a5d8f463418a1d56a6db4db7d9b834c9d89ca46
yellow_trip_hourly,Taxi,quantity,3633,0.00783758776465,1,55119,b47e98e9fdb75d4274a18e3f8a5d8f463418a1d56a6db4db7d9b834c9d89ca46
yellow_trip_hourly,Taxi,quantity,3636,0.00781944520038,2,55119,b47e98e9fdb75d4274a18e3f8a5d8f463418a1d56a6db4db7d9b834c9d89ca46
yellow_trip_hourly,Taxi,quantity,3640,0.00778316007184,1,55119,b47e98e9fdb75d4274a18e3f8a5d8f463418a1d56a6db4db7d9b834c9d89ca46
yellow_trip_hourly,Taxi,quantity,3641,0.00776501750757,1,55119,b47e98e9fdb75d4274a18e3f8a5d8f463418a1d56a6db4db7d9b834c9d89ca46
yellow_trip_hourly,Taxi,quantity,3644,0.0077468749433,2,55119,b47e98e9fdb75d4274a18e3f8a5d8f463418a1d56a6db4db7d9b834c9d89ca46
yellow_trip_hourly,Taxi,quantity,3646,0.00771058981476,1,55119,b47e98e9fdb75d4274a18e3f8a5d8f463418a1d56a6db4db7d9b834c9d89ca46
yellow_trip_hourly,Taxi,quantity,3648,0.00769244725049,1,55119,b47e98e9fdb75d4274a18e3f8a5d8f463418a1d56a6db4db7d9b834c9d89ca46
yellow_trip_hourly,Taxi,quantity,3651,0.00767430468622,1,55119,b47e98e9fdb75d4274a18e3f8a5d8f463418a1d56a6db4db7d9b834c9d89ca46
yellow_trip_hourly,Taxi,quantity,3653,0.00765616212195,1,55119,b47e98e9fdb75d4274a18e3f8a5d8f463418a1d56a6db4db7d9b834c9d89ca46
yellow_trip_hourly,Taxi,quantity,3656,0.00763801955768,1,55119,b47e98e9fdb75d4274a18e3f8a5d8f463418a1d56a6db4db7d9b834c9d89ca46
yellow_trip_hourly,Taxi,quantity,3657,0.00761987699341,1,55119,b47e98e9fdb75d4274a18e3f8a5d8f463418a1d56a6db4db7d9b834c9d89ca46
yellow_trip_hourly,Taxi,quantity,3662,0.00760173442914,1,55119,b47e98e9fdb75d4274a18e3f8a5d8f463418a1d56a6db4db7d9b834c9d89ca46
yellow_trip_hourly,Taxi,quantity,3664,0.00758359186487,3,55119,b47e98e9fdb75d4274a18e3f8a5d8f463418a1d56a6db4db7d9b834c9d89ca46
yellow_trip_hourly,Taxi,quantity,3665,0.00752916417206,1,55119,b47e98e9fdb75d4274a18e3f8a5d8f463418a1d56a6db4db7d9b834c9d89ca46
yellow_trip_hourly,Taxi,quantity,3667,0.00751102160779,1,55119,b47e98e9fdb75d4274a18e3f8a5d8f463418a1d56a6db4db7d9b834c9d89ca46
yellow_trip_hourly,Taxi,quantity,3669,0.00749287904352,1,55119,b47e98e9fdb75d4274a18e3f8a5d8f463418a1d56a6db4db7d9b834c9d89ca46
yellow_trip_hourly,Taxi,quantity,3671,0.00747473647925,1,55119,b47e98e9fdb75d4274a18e3f8a5d8f463418a1d56a6db4db7d9b834c9d89ca46
yellow_trip_hourly,Taxi,quantity,3673,0.00745659391498,3,55119,b47e98e9fdb75d4274a18e3f8a5d8f463418a1d56a6db4db7d9b834c9d89ca46
yellow_trip_hourly,Taxi,quantity,3676,0.00740216622217,1,55119,b47e98e9fdb75d4274a18e3f8a5d8f463418a1d56a6db4db7d9b834c9d89ca46
yellow_trip_hourly,Taxi,quantity,3677,0.0073840236579,1,55119,b47e98e9fdb75d4274a18e3f8a5d8f463418a1d56a6db4db7d9b834c9d89ca46
yellow_trip_hourly,Taxi,quantity,3680,0.00736588109363,1,55119,b47e98e9fdb75d4274a18e3f8a5d8f463418a1d56a6db4db7d9b834c9d89ca46
yellow_trip_hourly,Taxi,quantity,3682,0.00734773852936,1,55119,b47e98e9fdb75d4274a18e3f8a5d8f463418a1d56a6db4db7d9b834c9d89ca46
yellow_trip_hourly,Taxi,quantity,3683,0.00732959596509,1,55119,b47e98e9fdb75d4274a18e3f8a5d8f463418a1d56a6db4db7d9b834c9d89ca46
yellow_trip_hourly,Taxi,quantity,3684,0.00731145340082,1,55119,b47e98e9fdb75d4274a18e3f8a5d8f463418a1d56a6db4db7d9b834c9d89ca46
yellow_trip_hourly,Taxi,quantity,3686,0.00729331083655,1,55119,b47e98e9fdb75d4274a18e3f8a5d8f463418a1d56a6db4db7d9b834c9d89ca46
yellow_trip_hourly,Taxi,quantity,3688,0.00727516827228,1,55119,b47e98e9fdb75d4274a18e3f8a5d8f463418a1d56a6db4db7d9b834c9d89ca46
yellow_trip_hourly,Taxi,quantity,3691,0.00725702570801,1,55119,b47e98e9fdb75d4274a18e3f8a5d8f463418a1d56a6db4db7d9b834c9d89ca46
yellow_trip_hourly,Taxi,quantity,3695,0.00723888314374,1,55119,b47e98e9fdb75d4274a18e3f8a5d8f463418a1d56a6db4db7d9b834c9d89ca46
yellow_trip_hourly,Taxi,quantity,3697,0.00722074057947,1,55119,b47e98e9fdb75d4274a18e3f8a5d8f463418a1d56a6db4db7d9b834c9d89ca46
yellow_trip_hourly,Taxi,quantity,3700,0.0072025980152,2,55119,b47e98e9fdb75d4274a18e3f8a5d8f463418a1d56a6db4db7d9b834c9d89ca46
yellow_trip_hourly,Taxi,quantity,3701,0.00716631288666,1,55119,b47e98e9fdb75d4274a18e3f8a5d8f463418a1d56a6db4db7d9b834c9d89ca46
yellow_trip_hourly,Taxi,quantity,3703,0.00714817032239,1,55119,b47e98e9fdb75d4274a18e3f8a5d8f463418a1d56a6db4db7d9b834c9d89ca46
yellow_trip_hourly,Taxi,quantity,3706,0.00713002775812,2,55119,b47e98e9fdb75d4274a18e3f8a5d8f463418a1d56a6db4db7d9b834c9d89ca46
yellow_trip_hourly,Taxi,quantity,3708,0.00709374262958,2,55119,b47e98e9fdb75d4274a18e3f8a5d8f463418a1d56a6db4db7d9b834c9d89ca46
yellow_trip_hourly,Taxi,quantity,3709,0.00705745750104,2,55119,b47e98e9fdb75d4274a18e3f8a5d8f463418a1d56a6db4db7d9b834c9d89ca46
yellow_trip_hourly,Taxi,quantity,3713,0.0070211723725,2,55119,b47e98e9fdb75d4274a18e3f8a5d8f463418a1d56a6db4db7d9b834c9d89ca46
yellow_trip_hourly,Taxi,quantity,3714,0.00698488724396,1,55119,b47e98e9fdb75d4274a18e3f8a5d8f463418a1d56a6db4db7d9b834c9d89ca46
yellow_trip_hourly,Taxi,quantity,3715,0.00696674467969,2,55119,b47e98e9fdb75d4274a18e3f8a5d8f463418a1d56a6db4db7d9b834c9d89ca46
yellow_trip_hourly,Taxi,quantity,3719,0.00693045955115,1,55119,b47e98e9fdb75d4274a18e3f8a5d8f463418a1d56a6db4db7d9b834c9d89ca46
yellow_trip_hourly,Taxi,quantity,3721,0.00691231698688,1,55119,b47e98e9fdb75d4274a18e3f8a5d8f463418a1d56a6db4db7d9b834c9d89ca46
yellow_trip_hourly,Taxi,quantity,3723,0.00689417442261,1,55119,b47e98e9fdb75d4274a18e3f8a5d8f463418a1d56a6db4db7d9b834c9d89ca46
yellow_trip_hourly,Taxi,quantity,3727,0.00687603185834,1,55119,b47e98e9fdb75d4274a18e3f8a5d8f463418a1d56a6db4db7d9b834c9d89ca46
yellow_trip_hourly,Taxi,quantity,3728,0.00685788929407,2,55119,b47e98e9fdb75d4274a18e3f8a5d8f463418a1d56a6db4db7d9b834c9d89ca46
yellow_trip_hourly,Taxi,quantity,3732,0.00682160416553,1,55119,b47e98e9fdb75d4274a18e3f8a5d8f463418a1d56a6db4db7d9b834c9d89ca46
yellow_trip_hourly,Taxi,quantity,3738,0.00680346160126,1,55119,b47e98e9fdb75d4274a18e3f8a5d8f463418a1d56a6db4db7d9b834c9d89ca46
yellow_trip_hourly,Taxi,quantity,3742,0.00678531903699,1,55119,b47e98e9fdb75d4274a18e3f8a5d8f463418a1d56a6db4db7d9b834c9d89ca46
yellow_trip_hourly,Taxi,quantity,3744,0.00676717647272,2,55119,b47e98e9fdb75d4274a18e3f8a5d8f463418a1d56a6db4db7d9b834c9d89ca46
yellow_trip_hourly,Taxi,quantity,3745,0.00673089134418,2,55119,b47e98e9fdb75d4274a18e3f8a5d8f463418a1d56a6db4db7d9b834c9d89ca46
yellow_trip_hourly,Taxi,quantity,3746,0.00669460621564,1,55119,b47e98e9fdb75d4274a18e3f8a5d8f463418a1d56a6db4db7d9b834c9d89ca46
yellow_trip_hourly,Taxi,quantity,3747,0.00667646365137,1,55119,b47e98e9fdb75d4274a18e3f8a5d8f463418a1d56a6db4db7d9b834c9d89ca46
yellow_trip_hourly,Taxi,quantity,3752,0.0066583210871,1,55119,b47e98e9fdb75d4274a18e3f8a5d8f463418a1d56a6db4db7d9b834c9d89ca46
yellow_trip_hourly,Taxi,quantity,3753,0.00664017852283,1,55119,b47e98e9fdb75d4274a18e3f8a5d8f463418a1d56a6db4db7d9b834c9d89ca46
yellow_trip_hourly,Taxi,quantity,3754,0.00662203595856,1,55119,b47e98e9fdb75d4274a18e3f8a5d8f463418a1d56a6db4db7d9b834c9d89ca46
yellow_trip_hourly,Taxi,quantity,3757,0.00660389339429,2,55119,b47e98e9fdb75d4274a18e3f8a5d8f463418a1d56a6db4db7d9b834c9d89ca46
yellow_trip_hourly,Taxi,quantity,3758,0.00656760826575,1,55119,b47e98e9fdb75d4274a18e3f8a5d8f463418a1d56a6db4db7d9b834c9d89ca46
yellow_trip_hourly,Taxi,quantity,3759,0.00654946570148,1,55119,b47e98e9fdb75d4274a18e3f8a5d8f463418a1d56a6db4db7d9b834c9d89ca46
yellow_trip_hourly,Taxi,quantity,3761,0.00653132313721,1,55119,b47e98e9fdb75d4274a18e3f8a5d8f463418a1d56a6db4db7d9b834c9d89ca46
yellow_trip_hourly,Taxi,quantity,3762,0.00651318057294,1,55119,b47e98e9fdb75d4274a18e3f8a5d8f463418a1d56a6db4db7d9b834c9d89ca46
yellow_trip_hourly,Taxi,quantity,3763,0.00649503800867,1,55119,b47e98e9fdb75d4274a18e3f8a5d8f463418a1d56a6db4db7d9b834c9d89ca46
yellow_trip_hourly,Taxi,quantity,3765,0.0064768954444,1,55119,b47e98e9fdb75d4274a18e3f8a5d8f463418a1d56a6db4db7d9b834c9d89ca46
yellow_trip_hourly,Taxi,quantity,3769,0.00645875288013,4,55119,b47e98e9fdb75d4274a18e3f8a5d8f463418a1d56a6db4db7d9b834c9d89ca46
yellow_trip_hourly,Taxi,quantity,3770,0.00638618262305,2,55119,b47e98e9fdb75d4274a18e3f8a5d8f463418a1d56a6db4db7d9b834c9d89ca46
yellow_trip_hourly,Taxi,quantity,3771,0.00634989749451,1,55119,b47e98e9fdb75d4274a18e3f8a5d8f463418a1d56a6db4db7d9b834c9d89ca46
yellow_trip_hourly,Taxi,quantity,3772,0.00633175493024,1,55119,b47e98e9fdb75d4274a18e3f8a5d8f463418a1d56a6db4db7d9b834c9d89ca46
yellow_trip_hourly,Taxi,quantity,3773,0.00631361236597,1,55119,b47e98e9fdb75d4274a18e3f8a5d8f463418a1d56a6db4db7d9b834c9d89ca46
yellow_trip_hourly,Taxi,quantity,3774,0.0062954698017,1,55119,b47e98e9fdb75d4274a18e3f8a5d8f463418a1d56a6db4db7d9b834c9d89ca46
yellow_trip_hourly,Taxi,quantity,3776,0.00627732723743,1,55119,b47e98e9fdb75d4274a18e3f8a5d8f463418a1d56a6db4db7d9b834c9d89ca46
yellow_trip_hourly,Taxi,quantity,3778,0.00625918467316,1,55119,b47e98e9fdb75d4274a18e3f8a5d8f463418a1d56a6db4db7d9b834c9d89ca46
yellow_trip_hourly,Taxi,quantity,3785,0.00624104210889,1,55119,b47e98e9fdb75d4274a18e3f8a5d8f463418a1d56a6db4db7d9b834c9d89ca46
yellow_trip_hourly,Taxi,quantity,3789,0.00622289954462,1,55119,b47e98e9fdb75d4274a18e3f8a5d8f463418a1d56a6db4db7d9b834c9d89ca46
yellow_trip_hourly,Taxi,quantity,3793,0.00620475698035,1,55119,b47e98e9fdb75d4274a18e3f8a5d8f463418a1d56a6db4db7d9b834c9d89ca46
yellow_trip_hourly,Taxi,quantity,3795,0.00618661441608,1,55119,b47e98e9fdb75d4274a18e3f8a5d8f463418a1d56a6db4db7d9b834c9d89ca46
yellow_trip_hourly,Taxi,quantity,3798,0.00616847185181,1,55119,b47e98e9fdb75d4274a18e3f8a5d8f463418a1d56a6db4db7d9b834c9d89ca46
yellow_trip_hourly,Taxi,quantity,3804,0.00615032928754,1,55119,b47e98e9fdb75d4274a18e3f8a5d8f463418a1d56a6db4db7d9b834c9d89ca46
yellow_trip_hourly,Taxi,quantity,3810,0.00613218672327,2,55119,b47e98e9fdb75d4274a18e3f8a5d8f463418a1d56a6db4db7d9b834c9d89ca46
yellow_trip_hourly,Taxi,quantity,3812,0.00609590159473,1,55119,b47e98e9fdb75d4274a18e3f8a5d8f463418a1d56a6db4db7d9b834c9d89ca46
yellow_trip_hourly,Taxi,quantity,3813,0.00607775903046,1,55119,b47e98e9fdb75d4274a18e3f8a5d8f463418a1d56a6db4db7d9b834c9d89ca46
yellow_trip_hourly,Taxi,quantity,3816,0.00605961646619,1,55119,b47e98e9fdb75d4274a18e3f8a5d8f463418a1d56a6db4db7d9b834c9d89ca46
yellow_trip_hourly,Taxi,quantity,3817,0.00604147390192,1,55119,b47e98e9fdb75d4274a18e3f8a5d8f463418a1d56a6db4db7d9b834c9d89ca46
yellow_trip_hourly,Taxi,quantity,3818,0.00602333133765,2,55119,b47e98e9fdb75d4274a18e3f8a5d8f463418a1d56a6db4db7d9b834c9d89ca46
yellow_trip_hourly,Taxi,quantity,3819,0.00598704620911,1,55119,b47e98e9fdb75d4274a18e3f8a5d8f463418a1d56a6db4db7d9b834c9d89ca46
yellow_trip_hourly,Taxi,quantity,3823,0.00596890364484,2,55119,b47e98e9fdb75d4274a18e3f8a5d8f463418a1d56a6db4db7d9b834c9d89ca46
yellow_trip_hourly,Taxi,quantity,3826,0.0059326185163,1,55119,b47e98e9fdb75d4274a18e3f8a5d8f463418a1d56a6db4db7d9b834c9d89ca46
yellow_trip_hourly,Taxi,quantity,3831,0.00591447595203,1,55119,b47e98e9fdb75d4274a18e3f8a5d8f463418a1d56a6db4db7d9b834c9d89ca46
yellow_trip_hourly,Taxi,quantity,3832,0.00589633338776,1,55119,b47e98e9fdb75d4274a18e3f8a5d8f463418a1d56a6db4db7d9b834c9d89ca46
yellow_trip_hourly,Taxi,quantity,3837,0.00587819082349,2,55119,b47e98e9fdb75d4274a18e3f8a5d8f463418a1d56a6db4db7d9b834c9d89ca46
yellow_trip_hourly,Taxi,quantity,3841,0.00584190569495,1,55119,b47e98e9fdb75d4274a18e3f8a5d8f463418a1d56a6db4db7d9b834c9d89ca46
yellow_trip_hourly,Taxi,quantity,3845,0.00582376313068,1,55119,b47e98e9fdb75d4274a18e3f8a5d8f463418a1d56a6db4db7d9b834c9d89ca46
yellow_trip_hourly,Taxi,quantity,3846,0.00580562056641,1,55119,b47e98e9fdb75d4274a18e3f8a5d8f463418a1d56a6db4db7d9b834c9d89ca46
yellow_trip_hourly,Taxi,quantity,3847,0.00578747800214,1,55119,b47e98e9fdb75d4274a18e3f8a5d8f463418a1d56a6db4db7d9b834c9d89ca46
yellow_trip_hourly,Taxi,quantity,3852,0.00576933543787,1,55119,b47e98e9fdb75d4274a18e3f8a5d8f463418a1d56a6db4db7d9b834c9d89ca46
yellow_trip_hourly,Taxi,quantity,3853,0.0057511928736,2,55119,b47e98e9fdb75d4274a18e3f8a5d8f463418a1d56a6db4db7d9b834c9d89ca46
yellow_trip_hourly,Taxi,quantity,3855,0.00571490774506,2,55119,b47e98e9fdb75d4274a18e3f8a5d8f463418a1d56a6db4db7d9b834c9d89ca46
yellow_trip_hourly,Taxi,quantity,3856,0.00567862261652,1,55119,b47e98e9fdb75d4274a18e3f8a5d8f463418a1d56a6db4db7d9b834c9d89ca46
yellow_trip_hourly,Taxi,quantity,3862,0.00566048005225,1,55119,b47e98e9fdb75d4274a18e3f8a5d8f463418a1d56a6db4db7d9b834c9d89ca46
yellow_trip_hourly,Taxi,quantity,3864,0.00564233748798,1,55119,b47e98e9fdb75d4274a18e3f8a5d8f463418a1d56a6db4db7d9b834c9d89ca46
yellow_trip_hourly,Taxi,quantity,3865,0.00562419492371,1,55119,b47e98e9fdb75d4274a18e3f8a5d8f463418a1d56a6db4db7d9b834c9d89ca46
yellow_trip_hourly,Taxi,quantity,3866,0.00560605235944,1,55119,b47e98e9fdb75d4274a18e3f8a5d8f463418a1d56a6db4db7d9b834c9d89ca46
yellow_trip_hourly,Taxi,quantity,3871,0.00558790979517,1,55119,b47e98e9fdb75d4274a18e3f8a5d8f463418a1d56a6db4db7d9b834c9d89ca46
yellow_trip_hourly,Taxi,quantity,3876,0.0055697672309,1,55119,b47e98e9fdb75d4274a18e3f8a5d8f463418a1d56a6db4db7d9b834c9d89ca46
yellow_trip_hourly,Taxi,quantity,3883,0.00555162466663,1,55119,b47e98e9fdb75d4274a18e3f8a5d8f463418a1d56a6db4db7d9b834c9d89ca46
yellow_trip_hourly,Taxi,quantity,3885,0.00553348210236,1,55119,b47e98e9fdb75d4274a18e3f8a5d8f463418a1d56a6db4db7d9b834c9d89ca46
yellow_trip_hourly,Taxi,quantity,3889,0.00551533953809,1,55119,b47e98e9fdb75d4274a18e3f8a5d8f463418a1d56a6db4db7d9b834c9d89ca46
yellow_trip_hourly,Taxi,quantity,3890,0.00549719697382,1,55119,b47e98e9fdb75d4274a18e3f8a5d8f463418a1d56a6db4db7d9b834c9d89ca46
yellow_trip_hourly,Taxi,quantity,3899,0.00547905440955,2,55119,b47e98e9fdb75d4274a18e3f8a5d8f463418a1d56a6db4db7d9b834c9d89ca46
yellow_trip_hourly,Taxi,quantity,3903,0.00544276928101,1,55119,b47e98e9fdb75d4274a18e3f8a5d8f463418a1d56a6db4db7d9b834c9d89ca46
yellow_trip_hourly,Taxi,quantity,3905,0.00542462671674,1,55119,b47e98e9fdb75d4274a18e3f8a5d8f463418a1d56a6db4db7d9b834c9d89ca46
yellow_trip_hourly,Taxi,quantity,3906,0.00540648415247,1,55119,b47e98e9fdb75d4274a18e3f8a5d8f463418a1d56a6db4db7d9b834c9d89ca46
yellow_trip_hourly,Taxi,quantity,3908,0.0053883415882,1,55119,b47e98e9fdb75d4274a18e3f8a5d8f463418a1d56a6db4db7d9b834c9d89ca46
yellow_trip_hourly,Taxi,quantity,3910,0.00537019902393,1,55119,b47e98e9fdb75d4274a18e3f8a5d8f463418a1d56a6db4db7d9b834c9d89ca46
yellow_trip_hourly,Taxi,quantity,3923,0.00535205645966,1,55119,b47e98e9fdb75d4274a18e3f8a5d8f463418a1d56a6db4db7d9b834c9d89ca46
yellow_trip_hourly,Taxi,quantity,3933,0.00533391389539,3,55119,b47e98e9fdb75d4274a18e3f8a5d8f463418a1d56a6db4db7d9b834c9d89ca46
yellow_trip_hourly,Taxi,quantity,3935,0.00527948620258,1,55119,b47e98e9fdb75d4274a18e3f8a5d8f463418a1d56a6db4db7d9b834c9d89ca46
yellow_trip_hourly,Taxi,quantity,3942,0.00526134363831,1,55119,b47e98e9fdb75d4274a18e3f8a5d8f463418a1d56a6db4db7d9b834c9d89ca46
yellow_trip_hourly,Taxi,quantity,3944,0.00524320107404,1,55119,b47e98e9fdb75d4274a18e3f8a5d8f463418a1d56a6db4db7d9b834c9d89ca46
yellow_trip_hourly,Taxi,quantity,3946,0.00522505850977,1,55119,b47e98e9fdb75d4274a18e3f8a5d8f463418a1d56a6db4db7d9b834c9d89ca46
yellow_trip_hourly,Taxi,quantity,3947,0.0052069159455,1,55119,b47e98e9fdb75d4274a18e3f8a5d8f463418a1d56a6db4db7d9b834c9d89ca46
yellow_trip_hourly,Taxi,quantity,3951,0.00518877338123,1,55119,b47e98e9fdb75d4274a18e3f8a5d8f463418a1d56a6db4db7d9b834c9d89ca46
yellow_trip_hourly,Taxi,quantity,3956,0.00517063081696,1,55119,b47e98e9fdb75d4274a18e3f8a5d8f463418a1d56a6db4db7d9b834c9d89ca46
yellow_trip_hourly,Taxi,quantity,3963,0.00515248825269,1,55119,b47e98e9fdb75d4274a18e3f8a5d8f463418a1d56a6db4db7d9b834c9d89ca46
yellow_trip_hourly,Taxi,quantity,3967,0.00513434568842,1,55119,b47e98e9fdb75d4274a18e3f8a5d8f463418a1d56a6db4db7d9b834c9d89ca46
yellow_trip_hourly,Taxi,quantity,3968,0.00511620312415,1,55119,b47e98e9fdb75d4274a18e3f8a5d8f463418a1d56a6db4db7d9b834c9d89ca46
yellow_trip_hourly,Taxi,quantity,3969,0.00509806055988,1,55119,b47e98e9fdb75d4274a18e3f8a5d8f463418a1d56a6db4db7d9b834c9d89ca46
yellow_trip_hourly,Taxi,quantity,3972,0.00507991799561,1,55119,b47e98e9fdb75d4274a18e3f8a5d8f463418a1d56a6db4db7d9b834c9d89ca46
yellow_trip_hourly,Taxi,quantity,3974,0.00506177543134,1,55119,b47e98e9fdb75d4274a18e3f8a5d8f463418a1d56a6db4db7d9b834c9d89ca46
yellow_trip_hourly,Taxi,quantity,3976,0.00504363286707,1,55119,b47e98e9fdb75d4274a18e3f8a5d8f463418a1d56a6db4db7d9b834c9d89ca46
yellow_trip_hourly,Taxi,quantity,3979,0.0050254903028,1,55119,b47e98e9fdb75d4274a18e3f8a5d8f463418a1d56a6db4db7d9b834c9d89ca46
yellow_trip_hourly,Taxi,quantity,3984,0.00500734773853,1,55119,b47e98e9fdb75d4274a18e3f8a5d8f463418a1d56a6db4db7d9b834c9d89ca46
yellow_trip_hourly,Taxi,quantity,3987,0.00498920517426,2,55119,b47e98e9fdb75d4274a18e3f8a5d8f463418a1d56a6db4db7d9b834c9d89ca46
yellow_trip_hourly,Taxi,quantity,3991,0.00495292004572,2,55119,b47e98e9fdb75d4274a18e3f8a5d8f463418a1d56a6db4db7d9b834c9d89ca46
yellow_trip_hourly,Taxi,quantity,3996,0.00491663491718,1,55119,b47e98e9fdb75d4274a18e3f8a5d8f463418a1d56a6db4db7d9b834c9d89ca46
yellow_trip_hourly,Taxi,quantity,3999,0.00489849235291,1,55119,b47e98e9fdb75d4274a18e3f8a5d8f463418a1d56a6db4db7d9b834c9d89ca46
yellow_trip_hourly,Taxi,quantity,4001,0.00488034978864,1,55119,b47e98e9fdb75d4274a18e3f8a5d8f463418a1d56a6db4db7d9b834c9d89ca46
yellow_trip_hourly,Taxi,quantity,4002,0.00486220722437,1,55119,b47e98e9fdb75d4274a18e3f8a5d8f463418a1d56a6db4db7d9b834c9d89ca46
yellow_trip_hourly,Taxi,quantity,4003,0.0048440646601,1,55119,b47e98e9fdb75d4274a18e3f8a5d8f463418a1d56a6db4db7d9b834c9d89ca46
yellow_trip_hourly,Taxi,quantity,4007,0.00482592209583,2,55119,b47e98e9fdb75d4274a18e3f8a5d8f463418a1d56a6db4db7d9b834c9d89ca46
yellow_trip_hourly,Taxi,quantity,4009,0.00478963696729,1,55119,b47e98e9fdb75d4274a18e3f8a5d8f463418a1d56a6db4db7d9b834c9d89ca46
yellow_trip_hourly,Taxi,quantity,4012,0.00477149440302,1,55119,b47e98e9fdb75d4274a18e3f8a5d8f463418a1d56a6db4db7d9b834c9d89ca46
yellow_trip_hourly,Taxi,quantity,4016,0.00475335183875,1,55119,b47e98e9fdb75d4274a18e3f8a5d8f463418a1d56a6db4db7d9b834c9d89ca46
yellow_trip_hourly,Taxi,quantity,4023,0.00473520927448,1,55119,b47e98e9fdb75d4274a18e3f8a5d8f463418a1d56a6db4db7d9b834c9d89ca46
yellow_trip_hourly,Taxi,quantity,4028,0.00471706671021,1,55119,b47e98e9fdb75d4274a18e3f8a5d8f463418a1d56a6db4db7d9b834c9d89ca46
yellow_trip_hourly,Taxi,quantity,4036,0.00469892414594,1,55119,b47e98e9fdb75d4274a18e3f8a5d8f463418a1d56a6db4db7d9b834c9d89ca46
yellow_trip_hourly,Taxi,quantity,4041,0.00468078158167,1,55119,b47e98e9fdb75d4274a18e3f8a5d8f463418a1d56a6db4db7d9b834c9d89ca46
yellow_trip_hourly,Taxi,quantity,4042,0.0046626390174,1,55119,b47e98e9fdb75d4274a18e3f8a5d8f463418a1d56a6db4db7d9b834c9d89ca46
yellow_trip_hourly,Taxi,quantity,4047,0.00464449645313,1,55119,b47e98e9fdb75d4274a18e3f8a5d8f463418a1d56a6db4db7d9b834c9d89ca46
yellow_trip_hourly,Taxi,quantity,4051,0.00462635388886,1,55119,b47e98e9fdb75d4274a18e3f8a5d8f463418a1d56a6db4db7d9b834c9d89ca46
yellow_trip_hourly,Taxi,quantity,4053,0.00460821132459,1,55119,b47e98e9fdb75d4274a18e3f8a5d8f463418a1d56a6db4db7d9b834c9d89ca46
yellow_trip_hourly,Taxi,quantity,4054,0.00459006876032,1,55119,b47e98e9fdb75d4274a18e3f8a5d8f463418a1d56a6db4db7d9b834c9d89ca46
yellow_trip_hourly,Taxi,quantity,4061,0.00457192619605,1,55119,b47e98e9fdb75d4274a18e3f8a5d8f463418a1d56a6db4db7d9b834c9d89ca46
yellow_trip_hourly,Taxi,quantity,4077,0.00455378363178,1,55119,b47e98e9fdb75d4274a18e3f8a5d8f463418a1d56a6db4db7d9b834c9d89ca46
yellow_trip_hourly,Taxi,quantity,4078,0.00453564106751,2,55119,b47e98e9fdb75d4274a18e3f8a5d8f463418a1d56a6db4db7d9b834c9d89ca46
yellow_trip_hourly,Taxi,quantity,4079,0.00449935593897,2,55119,b47e98e9fdb75d4274a18e3f8a5d8f463418a1d56a6db4db7d9b834c9d89ca46
yellow_trip_hourly,Taxi,quantity,4084,0.00446307081043,1,55119,b47e98e9fdb75d4274a18e3f8a5d8f463418a1d56a6db4db7d9b834c9d89ca46
yellow_trip_hourly,Taxi,quantity,4085,0.00444492824616,1,55119,b47e98e9fdb75d4274a18e3f8a5d8f463418a1d56a6db4db7d9b834c9d89ca46
yellow_trip_hourly,Taxi,quantity,4086,0.00442678568189,1,55119,b47e98e9fdb75d4274a18e3f8a5d8f463418a1d56a6db4db7d9b834c9d89ca46
yellow_trip_hourly,Taxi,quantity,4088,0.00440864311762,1,55119,b47e98e9fdb75d4274a18e3f8a5d8f463418a1d56a6db4db7d9b834c9d89ca46
yellow_trip_hourly,Taxi,quantity,4093,0.00439050055335,1,55119,b47e98e9fdb75d4274a18e3f8a5d8f463418a1d56a6db4db7d9b834c9d89ca46
yellow_trip_hourly,Taxi,quantity,4103,0.00437235798908,1,55119,b47e98e9fdb75d4274a18e3f8a5d8f463418a1d56a6db4db7d9b834c9d89ca46
yellow_trip_hourly,Taxi,quantity,4106,0.00435421542481,1,55119,b47e98e9fdb75d4274a18e3f8a5d8f463418a1d56a6db4db7d9b834c9d89ca46
yellow_trip_hourly,Taxi,quantity,4109,0.00433607286054,1,55119,b47e98e9fdb75d4274a18e3f8a5d8f463418a1d56a6db4db7d9b834c9d89ca46
yellow_trip_hourly,Taxi,quantity,4116,0.00431793029627,1,55119,b47e98e9fdb75d4274a18e3f8a5d8f463418a1d56a6db4db7d9b834c9d89ca46
yellow_trip_hourly,Taxi,quantity,4117,0.004299787732,1,55119,b47e98e9fdb75d4274a18e3f8a5d8f463418a1d56a6db4db7d9b834c9d89ca46
yellow_trip_hourly,Taxi,quantity,4121,0.00428164516773,1,55119,b47e98e9fdb75d4274a18e3f8a5d8f463418a1d56a6db4db7d9b834c9d89ca46
yellow_trip_hourly,Taxi,quantity,4123,0.00426350260346,1,55119,b47e98e9fdb75d4274a18e3f8a5d8f463418a1d56a6db4db7d9b834c9d89ca46
yellow_trip_hourly,Taxi,quantity,4124,0.00424536003919,1,55119,b47e98e9fdb75d4274a18e3f8a5d8f463418a1d56a6db4db7d9b834c9d89ca46
yellow_trip_hourly,Taxi,quantity,4127,0.00422721747492,1,55119,b47e98e9fdb75d4274a18e3f8a5d8f463418a1d56a6db4db7d9b834c9d89ca46
yellow_trip_hourly,Taxi,quantity,4128,0.00420907491065,1,55119,b47e98e9fdb75d4274a18e3f8a5d8f463418a1d56a6db4db7d9b834c9d89ca46
yellow_trip_hourly,Taxi,quantity,4131,0.00419093234638,1,55119,b47e98e9fdb75d4274a18e3f8a5d8f463418a1d56a6db4db7d9b834c9d89ca46
yellow_trip_hourly,Taxi,quantity,4132,0.00417278978211,1,55119,b47e98e9fdb75d4274a18e3f8a5d8f463418a1d56a6db4db7d9b834c9d89ca46
yellow_trip_hourly,Taxi,quantity,4135,0.00415464721784,2,55119,b47e98e9fdb75d4274a18e3f8a5d8f463418a1d56a6db4db7d9b834c9d89ca46
yellow_trip_hourly,Taxi,quantity,4143,0.0041183620893,1,55119,b47e98e9fdb75d4274a18e3f8a5d8f463418a1d56a6db4db7d9b834c9d89ca46
yellow_trip_hourly,Taxi,quantity,4148,0.00410021952503,1,55119,b47e98e9fdb75d4274a18e3f8a5d8f463418a1d56a6db4db7d9b834c9d89ca46
yellow_trip_hourly,Taxi,quantity,4160,0.00408207696076,1,55119,b47e98e9fdb75d4274a18e3f8a5d8f463418a1d56a6db4db7d9b834c9d89ca46
yellow_trip_hourly,Taxi,quantity,4161,0.00406393439649,1,55119,b47e98e9fdb75d4274a18e3f8a5d8f463418a1d56a6db4db7d9b834c9d89ca46
yellow_trip_hourly,Taxi,quantity,4166,0.00404579183222,1,55119,b47e98e9fdb75d4274a18e3f8a5d8f463418a1d56a6db4db7d9b834c9d89ca46
yellow_trip_hourly,Taxi,quantity,4167,0.00402764926795,1,55119,b47e98e9fdb75d4274a18e3f8a5d8f463418a1d56a6db4db7d9b834c9d89ca46
yellow_trip_hourly,Taxi,quantity,4176,0.00400950670368,2,55119,b47e98e9fdb75d4274a18e3f8a5d8f463418a1d56a6db4db7d9b834c9d89ca46
yellow_trip_hourly,Taxi,quantity,4177,0.00397322157514,1,55119,b47e98e9fdb75d4274a18e3f8a5d8f463418a1d56a6db4db7d9b834c9d89ca46
yellow_trip_hourly,Taxi,quantity,4179,0.00395507901087,1,55119,b47e98e9fdb75d4274a18e3f8a5d8f463418a1d56a6db4db7d9b834c9d89ca46
yellow_trip_hourly,Taxi,quantity,4180,0.0039369364466,1,55119,b47e98e9fdb75d4274a18e3f8a5d8f463418a1d56a6db4db7d9b834c9d89ca46
yellow_trip_hourly,Taxi,quantity,4184,0.00391879388233,1,55119,b47e98e9fdb75d4274a18e3f8a5d8f463418a1d56a6db4db7d9b834c9d89ca46
yellow_trip_hourly,Taxi,quantity,4185,0.00390065131806,1,55119,b47e98e9fdb75d4274a18e3f8a5d8f463418a1d56a6db4db7d9b834c9d89ca46
yellow_trip_hourly,Taxi,quantity,4187,0.00388250875379,1,55119,b47e98e9fdb75d4274a18e3f8a5d8f463418a1d56a6db4db7d9b834c9d89ca46
yellow_trip_hourly,Taxi,quantity,4190,0.00386436618952,1,55119,b47e98e9fdb75d4274a18e3f8a5d8f463418a1d56a6db4db7d9b834c9d89ca46
yellow_trip_hourly,Taxi,quantity,4195,0.00384622362525,1,55119,b47e98e9fdb75d4274a18e3f8a5d8f463418a1d56a6db4db7d9b834c9d89ca46
yellow_trip_hourly,Taxi,quantity,4196,0.00382808106098,1,55119,b47e98e9fdb75d4274a18e3f8a5d8f463418a1d56a6db4db7d9b834c9d89ca46
yellow_trip_hourly,Taxi,quantity,4198,0.00380993849671,2,55119,b47e98e9fdb75d4274a18e3f8a5d8f463418a1d56a6db4db7d9b834c9d89ca46
yellow_trip_hourly,Taxi,quantity,4200,0.00377365336817,1,55119,b47e98e9fdb75d4274a18e3f8a5d8f463418a1d56a6db4db7d9b834c9d89ca46
yellow_trip_hourly,Taxi,quantity,4212,0.0037555108039,1,55119,b47e98e9fdb75d4274a18e3f8a5d8f463418a1d56a6db4db7d9b834c9d89ca46
yellow_trip_hourly,Taxi,quantity,4218,0.00373736823963,1,55119,b47e98e9fdb75d4274a18e3f8a5d8f463418a1d56a6db4db7d9b834c9d89ca46
yellow_trip_hourly,Taxi,quantity,4235,0.00371922567536,1,55119,b47e98e9fdb75d4274a18e3f8a5d8f463418a1d56a6db4db7d9b834c9d89ca46
yellow_trip_hourly,Taxi,quantity,4237,0.00370108311109,1,55119,b47e98e9fdb75d4274a18e3f8a5d8f463418a1d56a6db4db7d9b834c9d89ca46
yellow_trip_hourly,Taxi,quantity,4239,0.00368294054682,1,55119,b47e98e9fdb75d4274a18e3f8a5d8f463418a1d56a6db4db7d9b834c9d89ca46
yellow_trip_hourly,Taxi,quantity,4248,0.00366479798255,1,55119,b47e98e9fdb75d4274a18e3f8a5d8f463418a1d56a6db4db7d9b834c9d89ca46
yellow_trip_hourly,Taxi,quantity,4250,0.00364665541828,1,55119,b47e98e9fdb75d4274a18e3f8a5d8f463418a1d56a6db4db7d9b834c9d89ca46
yellow_trip_hourly,Taxi,quantity,4252,0.00362851285401,1,55119,b47e98e9fdb75d4274a18e3f8a5d8f463418a1d56a6db4db7d9b834c9d89ca46
yellow_trip_hourly,Taxi,quantity,4256,0.00361037028974,2,55119,b47e98e9fdb75d4274a18e3f8a5d8f463418a1d56a6db4db7d9b834c9d89ca46
yellow_trip_hourly,Taxi,quantity,4269,0.0035740851612,2,55119,b47e98e9fdb75d4274a18e3f8a5d8f463418a1d56a6db4db7d9b834c9d89ca46
yellow_trip_hourly,Taxi,quantity,4271,0.00353780003266,2,55119,b47e98e9fdb75d4274a18e3f8a5d8f463418a1d56a6db4db7d9b834c9d89ca46
yellow_trip_hourly,Taxi,quantity,4272,0.00350151490412,1,55119,b47e98e9fdb75d4274a18e3f8a5d8f463418a1d56a6db4db7d9b834c9d89ca46
yellow_trip_hourly,Taxi,quantity,4273,0.00348337233985,1,55119,b47e98e9fdb75d4274a18e3f8a5d8f463418a1d56a6db4db7d9b834c9d89ca46
yellow_trip_hourly,Taxi,quantity,4275,0.00346522977558,1,55119,b47e98e9fdb75d4274a18e3f8a5d8f463418a1d56a6db4db7d9b834c9d89ca46
yellow_trip_hourly,Taxi,quantity,4279,0.00344708721131,1,55119,b47e98e9fdb75d4274a18e3f8a5d8f463418a1d56a6db4db7d9b834c9d89ca46
yellow_trip_hourly,Taxi,quantity,4282,0.00342894464704,1,55119,b47e98e9fdb75d4274a18e3f8a5d8f463418a1d56a6db4db7d9b834c9d89ca46
yellow_trip_hourly,Taxi,quantity,4297,0.00341080208277,1,55119,b47e98e9fdb75d4274a18e3f8a5d8f463418a1d56a6db4db7d9b834c9d89ca46
yellow_trip_hourly,Taxi,quantity,4300,0.0033926595185,1,55119,b47e98e9fdb75d4274a18e3f8a5d8f463418a1d56a6db4db7d9b834c9d89ca46
yellow_trip_hourly,Taxi,quantity,4305,0.00337451695423,1,55119,b47e98e9fdb75d4274a18e3f8a5d8f463418a1d56a6db4db7d9b834c9d89ca46
yellow_trip_hourly,Taxi,quantity,4306,0.00335637438996,1,55119,b47e98e9fdb75d4274a18e3f8a5d8f463418a1d56a6db4db7d9b834c9d89ca46
yellow_trip_hourly,Taxi,quantity,4308,0.00333823182569,1,55119,b47e98e9fdb75d4274a18e3f8a5d8f463418a1d56a6db4db7d9b834c9d89ca46
yellow_trip_hourly,Taxi,quantity,4311,0.00332008926142,1,55119,b47e98e9fdb75d4274a18e3f8a5d8f463418a1d56a6db4db7d9b834c9d89ca46
yellow_trip_hourly,Taxi,quantity,4320,0.00330194669715,1,55119,b47e98e9fdb75d4274a18e3f8a5d8f463418a1d56a6db4db7d9b834c9d89ca46
yellow_trip_hourly,Taxi,quantity,4324,0.00328380413288,1,55119,b47e98e9fdb75d4274a18e3f8a5d8f463418a1d56a6db4db7d9b834c9d89ca46
yellow_trip_hourly,Taxi,quantity,4333,0.00326566156861,1,55119,b47e98e9fdb75d4274a18e3f8a5d8f463418a1d56a6db4db7d9b834c9d89ca46
yellow_trip_hourly,Taxi,quantity,4348,0.00324751900434,1,55119,b47e98e9fdb75d4274a18e3f8a5d8f463418a1d56a6db4db7d9b834c9d89ca46
yellow_trip_hourly,Taxi,quantity,4351,0.00322937644007,1,55119,b47e98e9fdb75d4274a18e3f8a5d8f463418a1d56a6db4db7d9b834c9d89ca46
yellow_trip_hourly,Taxi,quantity,4352,0.0032112338758,1,55119,b47e98e9fdb75d4274a18e3f8a5d8f463418a1d56a6db4db7d9b834c9d89ca46
yellow_trip_hourly,Taxi,quantity,4353,0.00319309131153,1,55119,b47e98e9fdb75d4274a18e3f8a5d8f463418a1d56a6db4db7d9b834c9d89ca46
yellow_trip_hourly,Taxi,quantity,4357,0.00317494874726,1,55119,b47e98e9fdb75d4274a18e3f8a5d8f463418a1d56a6db4db7d9b834c9d89ca46
yellow_trip_hourly,Taxi,quantity,4368,0.00315680618299,1,55119,b47e98e9fdb75d4274a18e3f8a5d8f463418a1d56a6db4db7d9b834c9d89ca46
yellow_trip_hourly,Taxi,quantity,4372,0.00313866361872,1,55119,b47e98e9fdb75d4274a18e3f8a5d8f463418a1d56a6db4db7d9b834c9d89ca46
yellow_trip_hourly,Taxi,quantity,4387,0.00312052105445,1,55119,b47e98e9fdb75d4274a18e3f8a5d8f463418a1d56a6db4db7d9b834c9d89ca46
yellow_trip_hourly,Taxi,quantity,4393,0.00310237849018,1,55119,b47e98e9fdb75d4274a18e3f8a5d8f463418a1d56a6db4db7d9b834c9d89ca46
yellow_trip_hourly,Taxi,quantity,4399,0.00308423592591,1,55119,b47e98e9fdb75d4274a18e3f8a5d8f463418a1d56a6db4db7d9b834c9d89ca46
yellow_trip_hourly,Taxi,quantity,4402,0.00306609336164,1,55119,b47e98e9fdb75d4274a18e3f8a5d8f463418a1d56a6db4db7d9b834c9d89ca46
yellow_trip_hourly,Taxi,quantity,4411,0.00304795079737,1,55119,b47e98e9fdb75d4274a18e3f8a5d8f463418a1d56a6db4db7d9b834c9d89ca46
yellow_trip_hourly,Taxi,quantity,4416,0.0030298082331,1,55119,b47e98e9fdb75d4274a18e3f8a5d8f463418a1d56a6db4db7d9b834c9d89ca46
yellow_trip_hourly,Taxi,quantity,4419,0.00301166566883,1,55119,b47e98e9fdb75d4274a18e3f8a5d8f463418a1d56a6db4db7d9b834c9d89ca46
yellow_trip_hourly,Taxi,quantity,4424,0.00299352310456,1,55119,b47e98e9fdb75d4274a18e3f8a5d8f463418a1d56a6db4db7d9b834c9d89ca46
yellow_trip_hourly,Taxi,quantity,4428,0.00297538054029,1,55119,b47e98e9fdb75d4274a18e3f8a5d8f463418a1d56a6db4db7d9b834c9d89ca46
yellow_trip_hourly,Taxi,quantity,4438,0.00295723797602,1,55119,b47e98e9fdb75d4274a18e3f8a5d8f463418a1d56a6db4db7d9b834c9d89ca46
yellow_trip_hourly,Taxi,quantity,4442,0.00293909541175,1,55119,b47e98e9fdb75d4274a18e3f8a5d8f463418a1d56a6db4db7d9b834c9d89ca46
yellow_trip_hourly,Taxi,quantity,4443,0.00292095284748,1,55119,b47e98e9fdb75d4274a18e3f8a5d8f463418a1d56a6db4db7d9b834c9d89ca46
yellow_trip_hourly,Taxi,quantity,4445,0.00290281028321,1,55119,b47e98e9fdb75d4274a18e3f8a5d8f463418a1d56a6db4db7d9b834c9d89ca46
yellow_trip_hourly,Taxi,quantity,4446,0.00288466771894,1,55119,b47e98e9fdb75d4274a18e3f8a5d8f463418a1d56a6db4db7d9b834c9d89ca46
yellow_trip_hourly,Taxi,quantity,4475,0.00286652515467,1,55119,b47e98e9fdb75d4274a18e3f8a5d8f463418a1d56a6db4db7d9b834c9d89ca46
yellow_trip_hourly,Taxi,quantity,4476,0.0028483825904,1,55119,b47e98e9fdb75d4274a18e3f8a5d8f463418a1d56a6db4db7d9b834c9d89ca46
yellow_trip_hourly,Taxi,quantity,4489,0.00283024002613,2,55119,b47e98e9fdb75d4274a18e3f8a5d8f463418a1d56a6db4db7d9b834c9d89ca46
yellow_trip_hourly,Taxi,quantity,4495,0.00279395489759,1,55119,b47e98e9fdb75d4274a18e3f8a5d8f463418a1d56a6db4db7d9b834c9d89ca46
yellow_trip_hourly,Taxi,quantity,4496,0.00277581233332,1,55119,b47e98e9fdb75d4274a18e3f8a5d8f463418a1d56a6db4db7d9b834c9d89ca46
yellow_trip_hourly,Taxi,quantity,4503,0.00275766976905,1,55119,b47e98e9fdb75d4274a18e3f8a5d8f463418a1d56a6db4db7d9b834c9d89ca46
yellow_trip_hourly,Taxi,quantity,4521,0.00273952720478,1,55119,b47e98e9fdb75d4274a18e3f8a5d8f463418a1d56a6db4db7d9b834c9d89ca46
yellow_trip_hourly,Taxi,quantity,4540,0.00272138464051,1,55119,b47e98e9fdb75d4274a18e3f8a5d8f463418a1d56a6db4db7d9b834c9d89ca46
yellow_trip_hourly,Taxi,quantity,4541,0.00270324207624,1,55119,b47e98e9fdb75d4274a18e3f8a5d8f463418a1d56a6db4db7d9b834c9d89ca46
yellow_trip_hourly,Taxi,quantity,4546,0.00268509951197,1,55119,b47e98e9fdb75d4274a18e3f8a5d8f463418a1d56a6db4db7d9b834c9d89ca46
yellow_trip_hourly,Taxi,quantity,4549,0.00266695694769,1,55119,b47e98e9fdb75d4274a18e3f8a5d8f463418a1d56a6db4db7d9b834c9d89ca46
yellow_trip_hourly,Taxi,quantity,4555,0.00264881438342,1,55119,b47e98e9fdb75d4274a18e3f8a5d8f463418a1d56a6db4db7d9b834c9d89ca46
yellow_trip_hourly,Taxi,quantity,4556,0.00263067181915,3,55119,b47e98e9fdb75d4274a18e3f8a5d8f463418a1d56a6db4db7d9b834c9d89ca46
yellow_trip_hourly,Taxi,quantity,4588,0.00257624412634,1,55119,b47e98e9fdb75d4274a18e3f8a5d8f463418a1d56a6db4db7d9b834c9d89ca46
yellow_trip_hourly,Taxi,quantity,4589,0.00255810156207,1,55119,b47e98e9fdb75d4274a18e3f8a5d8f463418a1d56a6db4db7d9b834c9d89ca46
yellow_trip_hourly,Taxi,quantity,4594,0.0025399589978,1,55119,b47e98e9fdb75d4274a18e3f8a5d8f463418a1d56a6db4db7d9b834c9d89ca46
yellow_trip_hourly,Taxi,quantity,4622,0.00252181643353,1,55119,b47e98e9fdb75d4274a18e3f8a5d8f463418a1d56a6db4db7d9b834c9d89ca46
yellow_trip_hourly,Taxi,quantity,4631,0.00250367386926,1,55119,b47e98e9fdb75d4274a18e3f8a5d8f463418a1d56a6db4db7d9b834c9d89ca46
yellow_trip_hourly,Taxi,quantity,4646,0.00248553130499,1,55119,b47e98e9fdb75d4274a18e3f8a5d8f463418a1d56a6db4db7d9b834c9d89ca46
yellow_trip_hourly,Taxi,quantity,4656,0.00246738874072,1,55119,b47e98e9fdb75d4274a18e3f8a5d8f463418a1d56a6db4db7d9b834c9d89ca46
yellow_trip_hourly,Taxi,quantity,4666,0.00244924617645,2,55119,b47e98e9fdb75d4274a18e3f8a5d8f463418a1d56a6db4db7d9b834c9d89ca46
yellow_trip_hourly,Taxi,quantity,4679,0.00241296104791,1,55119,b47e98e9fdb75d4274a18e3f8a5d8f463418a1d56a6db4db7d9b834c9d89ca46
yellow_trip_hourly,Taxi,quantity,4694,0.00239481848364,1,55119,b47e98e9fdb75d4274a18e3f8a5d8f463418a1d56a6db4db7d9b834c9d89ca46
yellow_trip_hourly,Taxi,quantity,4695,0.00237667591937,1,55119,b47e98e9fdb75d4274a18e3f8a5d8f463418a1d56a6db4db7d9b834c9d89ca46
yellow_trip_hourly,Taxi,quantity,4696,0.0023585333551,1,55119,b47e98e9fdb75d4274a18e3f8a5d8f463418a1d56a6db4db7d9b834c9d89ca46
yellow_trip_hourly,Taxi,quantity,4735,0.00234039079083,1,55119,b47e98e9fdb75d4274a18e3f8a5d8f463418a1d56a6db4db7d9b834c9d89ca46
yellow_trip_hourly,Taxi,quantity,4738,0.00232224822656,1,55119,b47e98e9fdb75d4274a18e3f8a5d8f463418a1d56a6db4db7d9b834c9d89ca46
yellow_trip_hourly,Taxi,quantity,4740,0.00230410566229,1,55119,b47e98e9fdb75d4274a18e3f8a5d8f463418a1d56a6db4db7d9b834c9d89ca46
yellow_trip_hourly,Taxi,quantity,4747,0.00228596309802,1,55119,b47e98e9fdb75d4274a18e3f8a5d8f463418a1d56a6db4db7d9b834c9d89ca46
yellow_trip_hourly,Taxi,quantity,4753,0.00226782053375,1,55119,b47e98e9fdb75d4274a18e3f8a5d8f463418a1d56a6db4db7d9b834c9d89ca46
yellow_trip_hourly,Taxi,quantity,4765,0.00224967796948,1,55119,b47e98e9fdb75d4274a18e3f8a5d8f463418a1d56a6db4db7d9b834c9d89ca46
yellow_trip_hourly,Taxi,quantity,4773,0.00223153540521,1,55119,b47e98e9fdb75d4274a18e3f8a5d8f463418a1d56a6db4db7d9b834c9d89ca46
yellow_trip_hourly,Taxi,quantity,4777,0.00221339284094,1,55119,b47e98e9fdb75d4274a18e3f8a5d8f463418a1d56a6db4db7d9b834c9d89ca46
yellow_trip_hourly,Taxi,quantity,4779,0.00219525027667,3,55119,b47e98e9fdb75d4274a18e3f8a5d8f463418a1d56a6db4db7d9b834c9d89ca46
yellow_trip_hourly,Taxi,quantity,4787,0.00214082258386,2,55119,b47e98e9fdb75d4274a18e3f8a5d8f463418a1d56a6db4db7d9b834c9d89ca46
yellow_trip_hourly,Taxi,quantity,4795,0.00210453745532,1,55119,b47e98e9fdb75d4274a18e3f8a5d8f463418a1d56a6db4db7d9b834c9d89ca46
yellow_trip_hourly,Taxi,quantity,4797,0.00208639489105,1,55119,b47e98e9fdb75d4274a18e3f8a5d8f463418a1d56a6db4db7d9b834c9d89ca46
yellow_trip_hourly,Taxi,quantity,4799,0.00206825232678,1,55119,b47e98e9fdb75d4274a18e3f8a5d8f463418a1d56a6db4db7d9b834c9d89ca46
yellow_trip_hourly,Taxi,quantity,4814,0.00205010976251,1,55119,b47e98e9fdb75d4274a18e3f8a5d8f463418a1d56a6db4db7d9b834c9d89ca46
yellow_trip_hourly,Taxi,quantity,4822,0.00203196719824,1,55119,b47e98e9fdb75d4274a18e3f8a5d8f463418a1d56a6db4db7d9b834c9d89ca46
yellow_trip_hourly,Taxi,quantity,4837,0.00201382463397,2,55119,b47e98e9fdb75d4274a18e3f8a5d8f463418a1d56a6db4db7d9b834c9d89ca46
yellow_trip_hourly,Taxi,quantity,4846,0.00197753950543,1,55119,b47e98e9fdb75d4274a18e3f8a5d8f463418a1d56a6db4db7d9b834c9d89ca46
yellow_trip_hourly,Taxi,quantity,4851,0.00195939694116,1,55119,b47e98e9fdb75d4274a18e3f8a5d8f463418a1d56a6db4db7d9b834c9d89ca46
yellow_trip_hourly,Taxi,quantity,4870,0.00194125437689,1,55119,b47e98e9fdb75d4274a18e3f8a5d8f463418a1d56a6db4db7d9b834c9d89ca46
yellow_trip_hourly,Taxi,quantity,4876,0.00192311181262,1,55119,b47e98e9fdb75d4274a18e3f8a5d8f463418a1d56a6db4db7d9b834c9d89ca46
yellow_trip_hourly,Taxi,quantity,4899,0.00190496924835,1,55119,b47e98e9fdb75d4274a18e3f8a5d8f463418a1d56a6db4db7d9b834c9d89ca46
yellow_trip_hourly,Taxi,quantity,4900,0.00188682668408,1,55119,b47e98e9fdb75d4274a18e3f8a5d8f463418a1d56a6db4db7d9b834c9d89ca46
yellow_trip_hourly,Taxi,quantity,4901,0.00186868411981,1,55119,b47e98e9fdb75d4274a18e3f8a5d8f463418a1d56a6db4db7d9b834c9d89ca46
yellow_trip_hourly,Taxi,quantity,4907,0.00185054155554,1,55119,b47e98e9fdb75d4274a18e3f8a5d8f463418a1d56a6db4db7d9b834c9d89ca46
yellow_trip_hourly,Taxi,quantity,4935,0.00183239899127,1,55119,b47e98e9fdb75d4274a18e3f8a5d8f463418a1d56a6db4db7d9b834c9d89ca46
yellow_trip_hourly,Taxi,quantity,4944,0.001814256427,1,55119,b47e98e9fdb75d4274a18e3f8a5d8f463418a1d56a6db4db7d9b834c9d89ca46
yellow_trip_hourly,Taxi,quantity,4949,0.00179611386273,1,55119,b47e98e9fdb75d4274a18e3f8a5d8f463418a1d56a6db4db7d9b834c9d89ca46
yellow_trip_hourly,Taxi,quantity,4950,0.00177797129846,1,55119,b47e98e9fdb75d4274a18e3f8a5d8f463418a1d56a6db4db7d9b834c9d89ca46
yellow_trip_hourly,Taxi,quantity,4954,0.00175982873419,1,55119,b47e98e9fdb75d4274a18e3f8a5d8f463418a1d56a6db4db7d9b834c9d89ca46
yellow_trip_hourly,Taxi,quantity,4958,0.00174168616992,1,55119,b47e98e9fdb75d4274a18e3f8a5d8f463418a1d56a6db4db7d9b834c9d89ca46
yellow_trip_hourly,Taxi,quantity,4959,0.00172354360565,1,55119,b47e98e9fdb75d4274a18e3f8a5d8f463418a1d56a6db4db7d9b834c9d89ca46
yellow_trip_hourly,Taxi,quantity,4961,0.00170540104138,1,55119,b47e98e9fdb75d4274a18e3f8a5d8f463418a1d56a6db4db7d9b834c9d89ca46
yellow_trip_hourly,Taxi,quantity,4964,0.00168725847711,1,55119,b47e98e9fdb75d4274a18e3f8a5d8f463418a1d56a6db4db7d9b834c9d89ca46
yellow_trip_hourly,Taxi,quantity,4971,0.00166911591284,2,55119,b47e98e9fdb75d4274a18e3f8a5d8f463418a1d56a6db4db7d9b834c9d89ca46
yellow_trip_hourly,Taxi,quantity,4977,0.0016328307843,1,55119,b47e98e9fdb75d4274a18e3f8a5d8f463418a1d56a6db4db7d9b834c9d89ca46
yellow_trip_hourly,Taxi,quantity,4994,0.00161468822003,1,55119,b47e98e9fdb75d4274a18e3f8a5d8f463418a1d56a6db4db7d9b834c9d89ca46
yellow_trip_hourly,Taxi,quantity,5000,0.00159654565576,1,55119,b47e98e9fdb75d4274a18e3f8a5d8f463418a1d56a6db4db7d9b834c9d89ca46
yellow_trip_hourly,Taxi,quantity,5005,0.00157840309149,1,55119,b47e98e9fdb75d4274a18e3f8a5d8f463418a1d56a6db4db7d9b834c9d89ca46
yellow_trip_hourly,Taxi,quantity,5010,0.00156026052722,1,55119,b47e98e9fdb75d4274a18e3f8a5d8f463418a1d56a6db4db7d9b834c9d89ca46
yellow_trip_hourly,Taxi,quantity,5011,0.00154211796295,1,55119,b47e98e9fdb75d4274a18e3f8a5d8f463418a1d56a6db4db7d9b834c9d89ca46
yellow_trip_hourly,Taxi,quantity,5028,0.00152397539868,1,55119,b47e98e9fdb75d4274a18e3f8a5d8f463418a1d56a6db4db7d9b834c9d89ca46
yellow_trip_hourly,Taxi,quantity,5032,0.00150583283441,1,55119,b47e98e9fdb75d4274a18e3f8a5d8f463418a1d56a6db4db7d9b834c9d89ca46
yellow_trip_hourly,Taxi,quantity,5033,0.00148769027014,1,55119,b47e98e9fdb75d4274a18e3f8a5d8f463418a1d56a6db4db7d9b834c9d89ca46
yellow_trip_hourly,Taxi,quantity,5034,0.00146954770587,1,55119,b47e98e9fdb75d4274a18e3f8a5d8f463418a1d56a6db4db7d9b834c9d89ca46
yellow_trip_hourly,Taxi,quantity,5037,0.0014514051416,1,55119,b47e98e9fdb75d4274a18e3f8a5d8f463418a1d56a6db4db7d9b834c9d89ca46
yellow_trip_hourly,Taxi,quantity,5041,0.00143326257733,2,55119,b47e98e9fdb75d4274a18e3f8a5d8f463418a1d56a6db4db7d9b834c9d89ca46
yellow_trip_hourly,Taxi,quantity,5047,0.00139697744879,1,55119,b47e98e9fdb75d4274a18e3f8a5d8f463418a1d56a6db4db7d9b834c9d89ca46
yellow_trip_hourly,Taxi,quantity,5049,0.00137883488452,1,55119,b47e98e9fdb75d4274a18e3f8a5d8f463418a1d56a6db4db7d9b834c9d89ca46
yellow_trip_hourly,Taxi,quantity,5058,0.00136069232025,1,55119,b47e98e9fdb75d4274a18e3f8a5d8f463418a1d56a6db4db7d9b834c9d89ca46
yellow_trip_hourly,Taxi,quantity,5080,0.00134254975598,1,55119,b47e98e9fdb75d4274a18e3f8a5d8f463418a1d56a6db4db7d9b834c9d89ca46
yellow_trip_hourly,Taxi,quantity,5091,0.00132440719171,1,55119,b47e98e9fdb75d4274a18e3f8a5d8f463418a1d56a6db4db7d9b834c9d89ca46
yellow_trip_hourly,Taxi,quantity,5094,0.00130626462744,1,55119,b47e98e9fdb75d4274a18e3f8a5d8f463418a1d56a6db4db7d9b834c9d89ca46
yellow_trip_hourly,Taxi,quantity,5095,0.00128812206317,1,55119,b47e98e9fdb75d4274a18e3f8a5d8f463418a1d56a6db4db7d9b834c9d89ca46
yellow_trip_hourly,Taxi,quantity,5096,0.0012699794989,1,55119,b47e98e9fdb75d4274a18e3f8a5d8f463418a1d56a6db4db7d9b834c9d89ca46
yellow_trip_hourly,Taxi,quantity,5099,0.00125183693463,1,55119,b47e98e9fdb75d4274a18e3f8a5d8f463418a1d56a6db4db7d9b834c9d89ca46
yellow_trip_hourly,Taxi,quantity,5111,0.00123369437036,1,55119,b47e98e9fdb75d4274a18e3f8a5d8f463418a1d56a6db4db7d9b834c9d89ca46
yellow_trip_hourly,Taxi,quantity,5120,0.00121555180609,1,55119,b47e98e9fdb75d4274a18e3f8a5d8f463418a1d56a6db4db7d9b834c9d89ca46
yellow_trip_hourly,Taxi,quantity,5125,0.00119740924182,1,55119,b47e98e9fdb75d4274a18e3f8a5d8f463418a1d56a6db4db7d9b834c9d89ca46
yellow_trip_hourly,Taxi,quantity,5139,0.00117926667755,1,55119,b47e98e9fdb75d4274a18e3f8a5d8f463418a1d56a6db4db7d9b834c9d89ca46
yellow_trip_hourly,Taxi,quantity,5162,0.00116112411328,1,55119,b47e98e9fdb75d4274a18e3f8a5d8f463418a1d56a6db4db7d9b834c9d89ca46
yellow_trip_hourly,Taxi,quantity,5182,0.00114298154901,2,55119,b47e98e9fdb75d4274a18e3f8a5d8f463418a1d56a6db4db7d9b834c9d89ca46
yellow_trip_hourly,Taxi,quantity,5198,0.00110669642047,1,55119,b47e98e9fdb75d4274a18e3f8a5d8f463418a1d56a6db4db7d9b834c9d89ca46
yellow_trip_hourly,Taxi,quantity,5210,0.0010885538562,1,55119,b47e98e9fdb75d4274a18e3f8a5d8f463418a1d56a6db4db7d9b834c9d89ca46
yellow_trip_hourly,Taxi,quantity,5220,0.00107041129193,2,55119,b47e98e9fdb75d4274a18e3f8a5d8f463418a1d56a6db4db7d9b834c9d89ca46
yellow_trip_hourly,Taxi,quantity,5222,0.00103412616339,1,55119,b47e98e9fdb75d4274a18e3f8a5d8f463418a1d56a6db4db7d9b834c9d89ca46
yellow_trip_hourly,Taxi,quantity,5224,0.00101598359912,1,55119,b47e98e9fdb75d4274a18e3f8a5d8f463418a1d56a6db4db7d9b834c9d89ca46
yellow_trip_hourly,Taxi,quantity,5229,0.000997841034852,1,55119,b47e98e9fdb75d4274a18e3f8a5d8f463418a1d56a6db4db7d9b834c9d89ca46
yellow_trip_hourly,Taxi,quantity,5231,0.000979698470582,1,55119,b47e98e9fdb75d4274a18e3f8a5d8f463418a1d56a6db4db7d9b834c9d89ca46
yellow_trip_hourly,Taxi,quantity,5240,0.000961555906312,1,55119,b47e98e9fdb75d4274a18e3f8a5d8f463418a1d56a6db4db7d9b834c9d89ca46
yellow_trip_hourly,Taxi,quantity,5272,0.000943413342042,1,55119,b47e98e9fdb75d4274a18e3f8a5d8f463418a1d56a6db4db7d9b834c9d89ca46
yellow_trip_hourly,Taxi,quantity,5282,0.000925270777772,1,55119,b47e98e9fdb75d4274a18e3f8a5d8f463418a1d56a6db4db7d9b834c9d89ca46
yellow_trip_hourly,Taxi,quantity,5283,0.000907128213502,1,55119,b47e98e9fdb75d4274a18e3f8a5d8f463418a1d56a6db4db7d9b834c9d89ca46
yellow_trip_hourly,Taxi,quantity,5294,0.000888985649232,1,55119,b47e98e9fdb75d4274a18e3f8a5d8f463418a1d56a6db4db7d9b834c9d89ca46
yellow_trip_hourly,Taxi,quantity,5297,0.000870843084962,1,55119,b47e98e9fdb75d4274a18e3f8a5d8f463418a1d56a6db4db7d9b834c9d89ca46
yellow_trip_hourly,Taxi,quantity,5316,0.000852700520692,1,55119,b47e98e9fdb75d4274a18e3f8a5d8f463418a1d56a6db4db7d9b834c9d89ca46
yellow_trip_hourly,Taxi,quantity,5322,0.000834557956422,1,55119,b47e98e9fdb75d4274a18e3f8a5d8f463418a1d56a6db4db7d9b834c9d89ca46
yellow_trip_hourly,Taxi,quantity,5325,0.000816415392152,1,55119,b47e98e9fdb75d4274a18e3f8a5d8f463418a1d56a6db4db7d9b834c9d89ca46
yellow_trip_hourly,Taxi,quantity,5349,0.000798272827881,1,55119,b47e98e9fdb75d4274a18e3f8a5d8f463418a1d56a6db4db7d9b834c9d89ca46
yellow_trip_hourly,Taxi,quantity,5357,0.000780130263611,1,55119,b47e98e9fdb75d4274a18e3f8a5d8f463418a1d56a6db4db7d9b834c9d89ca46
yellow_trip_hourly,Taxi,quantity,5389,0.000761987699341,1,55119,b47e98e9fdb75d4274a18e3f8a5d8f463418a1d56a6db4db7d9b834c9d89ca46
yellow_trip_hourly,Taxi,quantity,5390,0.000743845135071,1,55119,b47e98e9fdb75d4274a18e3f8a5d8f463418a1d56a6db4db7d9b834c9d89ca46
yellow_trip_hourly,Taxi,quantity,5423,0.000725702570801,1,55119,b47e98e9fdb75d4274a18e3f8a5d8f463418a1d56a6db4db7d9b834c9d89ca46
yellow_trip_hourly,Taxi,quantity,5428,0.000707560006531,1,55119,b47e98e9fdb75d4274a18e3f8a5d8f463418a1d56a6db4db7d9b834c9d89ca46
yellow_trip_hourly,Taxi,quantity,5430,0.000689417442261,1,55119,b47e98e9fdb75d4274a18e3f8a5d8f463418a1d56a6db4db7d9b834c9d89ca46
yellow_trip_hourly,Taxi,quantity,5440,0.000671274877991,1,55119,b47e98e9fdb75d4274a18e3f8a5d8f463418a1d56a6db4db7d9b834c9d89ca46
yellow_trip_hourly,Taxi,quantity,5447,0.000653132313721,1,55119,b47e98e9fdb75d4274a18e3f8a5d8f463418a1d56a6db4db7d9b834c9d89ca46
yellow_trip_hourly,Taxi,quantity,5448,0.000634989749451,1,55119,b47e98e9fdb75d4274a18e3f8a5d8f463418a1d56a6db4db7d9b834c9d89ca46
yellow_trip_hourly,Taxi,quantity,5455,0.000616847185181,1,55119,b47e98e9fdb75d4274a18e3f8a5d8f463418a1d56a6db4db7d9b834c9d89ca46
yellow_trip_hourly,Taxi,quantity,5460,0.000598704620911,1,55119,b47e98e9fdb75d4274a18e3f8a5d8f463418a1d56a6db4db7d9b834c9d89ca46
yellow_trip_hourly,Taxi,quantity,5461,0.000580562056641,1,55119,b47e98e9fdb75d4274a18e3f8a5d8f463418a1d56a6db4db7d9b834c9d89ca46
yellow_trip_hourly,Taxi,quantity,5484,0.000562419492371,1,55119,b47e98e9fdb75d4274a18e3f8a5d8f463418a1d56a6db4db7d9b834c9d89ca46
yellow_trip_hourly,Taxi,quantity,5487,0.000544276928101,1,55119,b47e98e9fdb75d4274a18e3f8a5d8f463418a1d56a6db4db7d9b834c9d89ca46
yellow_trip_hourly,Taxi,quantity,5522,0.000526134363831,1,55119,b47e98e9fdb75d4274a18e3f8a5d8f463418a1d56a6db4db7d9b834c9d89ca46
yellow_trip_hourly,Taxi,quantity,5524,0.000507991799561,1,55119,b47e98e9fdb75d4274a18e3f8a5d8f463418a1d56a6db4db7d9b834c9d89ca46
yellow_trip_hourly,Taxi,quantity,5534,0.000489849235291,1,55119,b47e98e9fdb75d4274a18e3f8a5d8f463418a1d56a6db4db7d9b834c9d89ca46
yellow_trip_hourly,Taxi,quantity,5538,0.000471706671021,1,55119,b47e98e9fdb75d4274a18e3f8a5d8f463418a1d56a6db4db7d9b834c9d89ca46
yellow_trip_hourly,Taxi,quantity,5553,0.000453564106751,1,55119,b47e98e9fdb75d4274a18e3f8a5d8f463418a1d56a6db4db7d9b834c9d89ca46
yellow_trip_hourly,Taxi,quantity,5560,0.000435421542481,1,55119,b47e98e9fdb75d4274a18e3f8a5d8f463418a1d56a6db4db7d9b834c9d89ca46
yellow_trip_hourly,Taxi,quantity,5567,0.000417278978211,1,55119,b47e98e9fdb75d4274a18e3f8a5d8f463418a1d56a6db4db7d9b834c9d89ca46
yellow_trip_hourly,Taxi,quantity,5574,0.000399136413941,1,55119,b47e98e9fdb75d4274a18e3f8a5d8f463418a1d56a6db4db7d9b834c9d89ca46
yellow_trip_hourly,Taxi,quantity,5590,0.000380993849671,1,55119,b47e98e9fdb75d4274a18e3f8a5d8f463418a1d56a6db4db7d9b834c9d89ca46
yellow_trip_hourly,Taxi,quantity,5620,0.000362851285401,1,55119,b47e98e9fdb75d4274a18e3f8a5d8f463418a1d56a6db4db7d9b834c9d89ca46
yellow_trip_hourly,Taxi,quantity,5661,0.000344708721131,1,55119,b47e98e9fdb75d4274a18e3f8a5d8f463418a1d56a6db4db7d9b834c9d89ca46
yellow_trip_hourly,Taxi,quantity,5694,0.000326566156861,1,55119,b47e98e9fdb75d4274a18e3f8a5d8f463418a1d56a6db4db7d9b834c9d89ca46
yellow_trip_hourly,Taxi,quantity,5710,0.000308423592591,1,55119,b47e98e9fdb75d4274a18e3f8a5d8f463418a1d56a6db4db7d9b834c9d89ca46
yellow_trip_hourly,Taxi,quantity,5767,0.000290281028321,1,55119,b47e98e9fdb75d4274a18e3f8a5d8f463418a1d56a6db4db7d9b834c9d89ca46
yellow_trip_hourly,Taxi,quantity,5783,0.000272138464051,1,55119,b47e98e9fdb75d4274a18e3f8a5d8f463418a1d56a6db4db7d9b834c9d89ca46
yellow_trip_hourly,Taxi,quantity,5833,0.00025399589978,1,55119,b47e98e9fdb75d4274a18e3f8a5d8f463418a1d56a6db4db7d9b834c9d89ca46
yellow_trip_hourly,Taxi,quantity,5850,0.00023585333551,1,55119,b47e98e9fdb75d4274a18e3f8a5d8f463418a1d56a6db4db7d9b834c9d89ca46
yellow_trip_hourly,Taxi,quantity,5858,0.00021771077124,1,55119,b47e98e9fdb75d4274a18e3f8a5d8f463418a1d56a6db4db7d9b834c9d89ca46
yellow_trip_hourly,Taxi,quantity,5885,0.00019956820697,1,55119,b47e98e9fdb75d4274a18e3f8a5d8f463418a1d56a6db4db7d9b834c9d89ca46
yellow_trip_hourly,Taxi,quantity,5896,0.0001814256427,1,55119,b47e98e9fdb75d4274a18e3f8a5d8f463418a1d56a6db4db7d9b834c9d89ca46
yellow_trip_hourly,Taxi,quantity,5952,0.00016328307843,1,55119,b47e98e9fdb75d4274a18e3f8a5d8f463418a1d56a6db4db7d9b834c9d89ca46
yellow_trip_hourly,Taxi,quantity,5963,0.00014514051416,1,55119,b47e98e9fdb75d4274a18e3f8a5d8f463418a1d56a6db4db7d9b834c9d89ca46
yellow_trip_hourly,Taxi,quantity,5979,0.00012699794989,1,55119,b47e98e9fdb75d4274a18e3f8a5d8f463418a1d56a6db4db7d9b834c9d89ca46
yellow_trip_hourly,Taxi,quantity,6120,0.00010885538562,1,55119,b47e98e9fdb75d4274a18e3f8a5d8f463418a1d56a6db4db7d9b834c9d89ca46
yellow_trip_hourly,Taxi,quantity,6144,9.07128213502e-05,1,55119,b47e98e9fdb75d4274a18e3f8a5d8f463418a1d56a6db4db7d9b834c9d89ca46
yellow_trip_hourly,Taxi,quantity,6174,7.25702570801e-05,1,55119,b47e98e9fdb75d4274a18e3f8a5d8f463418a1d56a6db4db7d9b834c9d89ca46
yellow_trip_hourly,Taxi,quantity,6196,5.44276928101e-05,1,55119,b47e98e9fdb75d4274a18e3f8a5d8f463418a1d56a6db4db7d9b834c9d89ca46
yellow_trip_hourly,Taxi,quantity,6322,3.62851285401e-05,1,55119,b47e98e9fdb75d4274a18e3f8a5d8f463418a1d56a6db4db7d9b834c9d89ca46
yellow_trip_hourly,Taxi,quantity,6489,1.814256427e-05,1,55119,b47e98e9fdb75d4274a18e3f8a5d8f463418a1d56a6db4db7d9b834c9d89ca46
insta_market_basket,Instacart,sequence_length,1,1,14,206209,06296e48f5ca6c7e0c849f4b4a3c6d54a968ef892754f59369caf1d378424ef2
insta_market_basket,Instacart,sequence_length,2,0.999932107716,261,206209,06296e48f5ca6c7e0c849f4b4a3c6d54a968ef892754f59369caf1d378424ef2
insta_market_basket,Instacart,sequence_length,3,0.998666401563,9319,206209,06296e48f5ca6c7e0c849f4b4a3c6d54a968ef892754f59369caf1d378424ef2
insta_market_basket,Instacart,sequence_length,4,0.953474387636,22518,206209,06296e48f5ca6c7e0c849f4b4a3c6d54a968ef892754f59369caf1d378424ef2
insta_market_basket,Instacart,sequence_length,5,0.844274498203,18266,206209,06296e48f5ca6c7e0c849f4b4a3c6d54a968ef892754f59369caf1d378424ef2
insta_market_basket,Instacart,sequence_length,6,0.755694465324,15451,206209,06296e48f5ca6c7e0c849f4b4a3c6d54a968ef892754f59369caf1d378424ef2
insta_market_basket,Instacart,sequence_length,7,0.680765630986,13154,206209,06296e48f5ca6c7e0c849f4b4a3c6d54a968ef892754f59369caf1d378424ef2
insta_market_basket,Instacart,sequence_length,8,0.61697598068,11077,206209,06296e48f5ca6c7e0c849f4b4a3c6d54a968ef892754f59369caf1d378424ef2
insta_market_basket,Instacart,sequence_length,9,0.563258635656,9749,206209,06296e48f5ca6c7e0c849f4b4a3c6d54a968ef892754f59369caf1d378424ef2
insta_market_basket,Instacart,sequence_length,10,0.515981358719,8609,206209,06296e48f5ca6c7e0c849f4b4a3c6d54a968ef892754f59369caf1d378424ef2
insta_market_basket,Instacart,sequence_length,11,0.474232453482,7456,206209,06296e48f5ca6c7e0c849f4b4a3c6d54a968ef892754f59369caf1d378424ef2
insta_market_basket,Instacart,sequence_length,12,0.43807496278,6724,206209,06296e48f5ca6c7e0c849f4b4a3c6d54a968ef892754f59369caf1d378424ef2
insta_market_basket,Instacart,sequence_length,13,0.405467268645,5944,206209,06296e48f5ca6c7e0c849f4b4a3c6d54a968ef892754f59369caf1d378424ef2
insta_market_basket,Instacart,sequence_length,14,0.37664214462,5415,206209,06296e48f5ca6c7e0c849f4b4a3c6d54a968ef892754f59369caf1d378424ef2
insta_market_basket,Instacart,sequence_length,15,0.350382379043,4939,206209,06296e48f5ca6c7e0c849f4b4a3c6d54a968ef892754f59369caf1d378424ef2
insta_market_basket,Instacart,sequence_length,16,0.326430951122,4435,206209,06296e48f5ca6c7e0c849f4b4a3c6d54a968ef892754f59369caf1d378424ef2
insta_market_basket,Instacart,sequence_length,17,0.304923645428,3952,206209,06296e48f5ca6c7e0c849f4b4a3c6d54a968ef892754f59369caf1d378424ef2
insta_market_basket,Instacart,sequence_length,18,0.285758623532,3724,206209,06296e48f5ca6c7e0c849f4b4a3c6d54a968ef892754f59369caf1d378424ef2
insta_market_basket,Instacart,sequence_length,19,0.267699275977,3280,206209,06296e48f5ca6c7e0c849f4b4a3c6d54a968ef892754f59369caf1d378424ef2
insta_market_basket,Instacart,sequence_length,20,0.251793083716,3078,206209,06296e48f5ca6c7e0c849f4b4a3c6d54a968ef892754f59369caf1d378424ef2
insta_market_basket,Instacart,sequence_length,21,0.236866480125,2821,206209,06296e48f5ca6c7e0c849f4b4a3c6d54a968ef892754f59369caf1d378424ef2
insta_market_basket,Instacart,sequence_length,22,0.22318618489,2687,206209,06296e48f5ca6c7e0c849f4b4a3c6d54a968ef892754f59369caf1d378424ef2
insta_market_basket,Instacart,sequence_length,23,0.210155715803,2493,206209,06296e48f5ca6c7e0c849f4b4a3c6d54a968ef892754f59369caf1d378424ef2
insta_market_basket,Instacart,sequence_length,24,0.198066039795,2203,206209,06296e48f5ca6c7e0c849f4b4a3c6d54a968ef892754f59369caf1d378424ef2
insta_market_basket,Instacart,sequence_length,25,0.187382703956,2129,206209,06296e48f5ca6c7e0c849f4b4a3c6d54a968ef892754f59369caf1d378424ef2
insta_market_basket,Instacart,sequence_length,26,0.177058227332,2032,206209,06296e48f5ca6c7e0c849f4b4a3c6d54a968ef892754f59369caf1d378424ef2
insta_market_basket,Instacart,sequence_length,27,0.167204147249,1758,206209,06296e48f5ca6c7e0c849f4b4a3c6d54a968ef892754f59369caf1d378424ef2
insta_market_basket,Instacart,sequence_length,28,0.158678816153,1701,206209,06296e48f5ca6c7e0c849f4b4a3c6d54a968ef892754f59369caf1d378424ef2
insta_market_basket,Instacart,sequence_length,29,0.150429903641,1583,206209,06296e48f5ca6c7e0c849f4b4a3c6d54a968ef892754f59369caf1d378424ef2
insta_market_basket,Instacart,sequence_length,30,0.142753226096,1522,206209,06296e48f5ca6c7e0c849f4b4a3c6d54a968ef892754f59369caf1d378424ef2
insta_market_basket,Instacart,sequence_length,31,0.135372364931,1427,206209,06296e48f5ca6c7e0c849f4b4a3c6d54a968ef892754f59369caf1d378424ef2
insta_market_basket,Instacart,sequence_length,32,0.128452201407,1346,206209,06296e48f5ca6c7e0c849f4b4a3c6d54a968ef892754f59369caf1d378424ef2
insta_market_basket,Instacart,sequence_length,33,0.121924843242,1235,206209,06296e48f5ca6c7e0c849f4b4a3c6d54a968ef892754f59369caf1d378424ef2
insta_market_basket,Instacart,sequence_length,34,0.115935773899,1152,206209,06296e48f5ca6c7e0c849f4b4a3c6d54a968ef892754f59369caf1d378424ef2
insta_market_basket,Instacart,sequence_length,35,0.110349208812,1068,206209,06296e48f5ca6c7e0c849f4b4a3c6d54a968ef892754f59369caf1d378424ef2
insta_market_basket,Instacart,sequence_length,36,0.10516999743,1025,206209,06296e48f5ca6c7e0c849f4b4a3c6d54a968ef892754f59369caf1d378424ef2
insta_market_basket,Instacart,sequence_length,37,0.100199312348,1003,206209,06296e48f5ca6c7e0c849f4b4a3c6d54a968ef892754f59369caf1d378424ef2
insta_market_basket,Instacart,sequence_length,38,0.0953353151414,947,206209,06296e48f5ca6c7e0c849f4b4a3c6d54a968ef892754f59369caf1d378424ef2
insta_market_basket,Instacart,sequence_length,39,0.0907428870709,885,206209,06296e48f5ca6c7e0c849f4b4a3c6d54a968ef892754f59369caf1d378424ef2
insta_market_basket,Instacart,sequence_length,40,0.0864511248297,825,206209,06296e48f5ca6c7e0c849f4b4a3c6d54a968ef892754f59369caf1d378424ef2
insta_market_basket,Instacart,sequence_length,41,0.0824503295201,877,206209,06296e48f5ca6c7e0c849f4b4a3c6d54a968ef892754f59369caf1d378424ef2
insta_market_basket,Instacart,sequence_length,42,0.0781973628697,786,206209,06296e48f5ca6c7e0c849f4b4a3c6d54a968ef892754f59369caf1d378424ef2
insta_market_basket,Instacart,sequence_length,43,0.0743856960656,727,206209,06296e48f5ca6c7e0c849f4b4a3c6d54a968ef892754f59369caf1d378424ef2
insta_market_basket,Instacart,sequence_length,44,0.0708601467443,707,206209,06296e48f5ca6c7e0c849f4b4a3c6d54a968ef892754f59369caf1d378424ef2
insta_market_basket,Instacart,sequence_length,45,0.0674315864002,700,206209,06296e48f5ca6c7e0c849f4b4a3c6d54a968ef892754f59369caf1d378424ef2
insta_market_basket,Instacart,sequence_length,46,0.0640369721981,729,206209,06296e48f5ca6c7e0c849f4b4a3c6d54a968ef892754f59369caf1d378424ef2
insta_market_basket,Instacart,sequence_length,47,0.0605017239791,643,206209,06296e48f5ca6c7e0c849f4b4a3c6d54a968ef892754f59369caf1d378424ef2
insta_market_basket,Instacart,sequence_length,48,0.057383528362,590,206209,06296e48f5ca6c7e0c849f4b4a3c6d54a968ef892754f59369caf1d378424ef2
insta_market_basket,Instacart,sequence_length,49,0.0545223535345,621,206209,06296e48f5ca6c7e0c849f4b4a3c6d54a968ef892754f59369caf1d378424ef2
insta_market_basket,Instacart,sequence_length,50,0.0515108457924,520,206209,06296e48f5ca6c7e0c849f4b4a3c6d54a968ef892754f59369caf1d378424ef2
insta_market_basket,Instacart,sequence_length,51,0.0489891323851,566,206209,06296e48f5ca6c7e0c849f4b4a3c6d54a968ef892754f59369caf1d378424ef2
insta_market_basket,Instacart,sequence_length,52,0.0462443443303,546,206209,06296e48f5ca6c7e0c849f4b4a3c6d54a968ef892754f59369caf1d378424ef2
insta_market_basket,Instacart,sequence_length,53,0.0435965452526,509,206209,06296e48f5ca6c7e0c849f4b4a3c6d54a968ef892754f59369caf1d378424ef2
insta_market_basket,Instacart,sequence_length,54,0.0411281757828,439,206209,06296e48f5ca6c7e0c849f4b4a3c6d54a968ef892754f59369caf1d378424ef2
insta_market_basket,Instacart,sequence_length,55,0.0389992677332,418,206209,06296e48f5ca6c7e0c849f4b4a3c6d54a968ef892754f59369caf1d378424ef2
insta_market_basket,Instacart,sequence_length,56,0.0369721981097,391,206209,06296e48f5ca6c7e0c849f4b4a3c6d54a968ef892754f59369caf1d378424ef2
insta_market_basket,Instacart,sequence_length,57,0.0350760636054,368,206209,06296e48f5ca6c7e0c849f4b4a3c6d54a968ef892754f59369caf1d378424ef2
insta_market_basket,Instacart,sequence_length,58,0.0332914664248,314,206209,06296e48f5ca6c7e0c849f4b4a3c6d54a968ef892754f59369caf1d378424ef2
insta_market_basket,Instacart,sequence_length,59,0.0317687394828,302,206209,06296e48f5ca6c7e0c849f4b4a3c6d54a968ef892754f59369caf1d378424ef2
insta_market_basket,Instacart,sequence_length,60,0.030304205927,304,206209,06296e48f5ca6c7e0c849f4b4a3c6d54a968ef892754f59369caf1d378424ef2
insta_market_basket,Instacart,sequence_length,61,0.0288299734735,303,206209,06296e48f5ca6c7e0c849f4b4a3c6d54a968ef892754f59369caf1d378424ef2
insta_market_basket,Instacart,sequence_length,62,0.0273605904689,252,206209,06296e48f5ca6c7e0c849f4b4a3c6d54a968ef892754f59369caf1d378424ef2
insta_market_basket,Instacart,sequence_length,63,0.0261385293561,253,206209,06296e48f5ca6c7e0c849f4b4a3c6d54a968ef892754f59369caf1d378424ef2
insta_market_basket,Instacart,sequence_length,64,0.0249116187945,223,206209,06296e48f5ca6c7e0c849f4b4a3c6d54a968ef892754f59369caf1d378424ef2
insta_market_basket,Instacart,sequence_length,65,0.0238301916987,239,206209,06296e48f5ca6c7e0c849f4b4a3c6d54a968ef892754f59369caf1d378424ef2
insta_market_basket,Instacart,sequence_length,66,0.0226711734211,220,206209,06296e48f5ca6c7e0c849f4b4a3c6d54a968ef892754f59369caf1d378424ef2
insta_market_basket,Instacart,sequence_length,67,0.0216042946719,197,206209,06296e48f5ca6c7e0c849f4b4a3c6d54a968ef892754f59369caf1d378424ef2
insta_market_basket,Instacart,sequence_length,68,0.0206489532465,179,206209,06296e48f5ca6c7e0c849f4b4a3c6d54a968ef892754f59369caf1d378424ef2
insta_market_basket,Instacart,sequence_length,69,0.0197809019005,155,206209,06296e48f5ca6c7e0c849f4b4a3c6d54a968ef892754f59369caf1d378424ef2
insta_market_basket,Instacart,sequence_length,70,0.0190292373272,185,206209,06296e48f5ca6c7e0c849f4b4a3c6d54a968ef892754f59369caf1d378424ef2
insta_market_basket,Instacart,sequence_length,71,0.0181320892881,158,206209,06296e48f5ca6c7e0c849f4b4a3c6d54a968ef892754f59369caf1d378424ef2
insta_market_basket,Instacart,sequence_length,72,0.0173658763682,162,206209,06296e48f5ca6c7e0c849f4b4a3c6d54a968ef892754f59369caf1d378424ef2
insta_market_basket,Instacart,sequence_length,73,0.0165802656528,162,206209,06296e48f5ca6c7e0c849f4b4a3c6d54a968ef892754f59369caf1d378424ef2
insta_market_basket,Instacart,sequence_length,74,0.0157946549375,164,206209,06296e48f5ca6c7e0c849f4b4a3c6d54a968ef892754f59369caf1d378424ef2
insta_market_basket,Instacart,sequence_length,75,0.0149993453244,144,206209,06296e48f5ca6c7e0c849f4b4a3c6d54a968ef892754f59369caf1d378424ef2
insta_market_basket,Instacart,sequence_length,76,0.0143010246885,125,206209,06296e48f5ca6c7e0c849f4b4a3c6d54a968ef892754f59369caf1d378424ef2
insta_market_basket,Instacart,sequence_length,77,0.013694843581,122,206209,06296e48f5ca6c7e0c849f4b4a3c6d54a968ef892754f59369caf1d378424ef2
insta_market_basket,Instacart,sequence_length,78,0.0131032108201,132,206209,06296e48f5ca6c7e0c849f4b4a3c6d54a968ef892754f59369caf1d378424ef2
insta_market_basket,Instacart,sequence_length,79,0.0124630835706,114,206209,06296e48f5ca6c7e0c849f4b4a3c6d54a968ef892754f59369caf1d378424ef2
insta_market_basket,Instacart,sequence_length,80,0.0119102464005,133,206209,06296e48f5ca6c7e0c849f4b4a3c6d54a968ef892754f59369caf1d378424ef2
insta_market_basket,Instacart,sequence_length,81,0.0112652697021,125,206209,06296e48f5ca6c7e0c849f4b4a3c6d54a968ef892754f59369caf1d378424ef2
insta_market_basket,Instacart,sequence_length,82,0.0106590885946,112,206209,06296e48f5ca6c7e0c849f4b4a3c6d54a968ef892754f59369caf1d378424ef2
insta_market_basket,Instacart,sequence_length,83,0.0101159503222,95,206209,06296e48f5ca6c7e0c849f4b4a3c6d54a968ef892754f59369caf1d378424ef2
insta_market_basket,Instacart,sequence_length,84,0.00965525268053,101,206209,06296e48f5ca6c7e0c849f4b4a3c6d54a968ef892754f59369caf1d378424ef2
insta_market_basket,Instacart,sequence_length,85,0.00916545834566,111,206209,06296e48f5ca6c7e0c849f4b4a3c6d54a968ef892754f59369caf1d378424ef2
insta_market_basket,Instacart,sequence_length,86,0.00862716952218,113,206209,06296e48f5ca6c7e0c849f4b4a3c6d54a968ef892754f59369caf1d378424ef2
insta_market_basket,Instacart,sequence_length,87,0.00807918180099,115,206209,06296e48f5ca6c7e0c849f4b4a3c6d54a968ef892754f59369caf1d378424ef2
insta_market_basket,Instacart,sequence_length,88,0.00752149518207,93,206209,06296e48f5ca6c7e0c849f4b4a3c6d54a968ef892754f59369caf1d378424ef2
insta_market_basket,Instacart,sequence_length,89,0.00707049643808,101,206209,06296e48f5ca6c7e0c849f4b4a3c6d54a968ef892754f59369caf1d378424ef2
insta_market_basket,Instacart,sequence_length,90,0.00658070210321,110,206209,06296e48f5ca6c7e0c849f4b4a3c6d54a968ef892754f59369caf1d378424ef2
insta_market_basket,Instacart,sequence_length,91,0.00604726272859,106,206209,06296e48f5ca6c7e0c849f4b4a3c6d54a968ef892754f59369caf1d378424ef2
insta_market_basket,Instacart,sequence_length,92,0.00553322114942,132,206209,06296e48f5ca6c7e0c849f4b4a3c6d54a968ef892754f59369caf1d378424ef2
insta_market_basket,Instacart,sequence_length,93,0.00489309389988,119,206209,06296e48f5ca6c7e0c849f4b4a3c6d54a968ef892754f59369caf1d378424ef2
insta_market_basket,Instacart,sequence_length,94,0.00431600948552,123,206209,06296e48f5ca6c7e0c849f4b4a3c6d54a968ef892754f59369caf1d378424ef2
insta_market_basket,Instacart,sequence_length,95,0.00371952727573,142,206209,06296e48f5ca6c7e0c849f4b4a3c6d54a968ef892754f59369caf1d378424ef2
insta_market_basket,Instacart,sequence_length,96,0.00303090553759,171,206209,06296e48f5ca6c7e0c849f4b4a3c6d54a968ef892754f59369caf1d378424ef2
insta_market_basket,Instacart,sequence_length,97,0.0022016497825,162,206209,06296e48f5ca6c7e0c849f4b4a3c6d54a968ef892754f59369caf1d378424ef2
insta_market_basket,Instacart,sequence_length,98,0.00141603906716,133,206209,06296e48f5ca6c7e0c849f4b4a3c6d54a968ef892754f59369caf1d378424ef2
insta_market_basket,Instacart,sequence_length,99,0.000771062368762,106,206209,06296e48f5ca6c7e0c849f4b4a3c6d54a968ef892754f59369caf1d378424ef2
insta_market_basket,Instacart,sequence_length,100,0.000257020789587,53,206209,06296e48f5ca6c7e0c849f4b4a3c6d54a968ef892754f59369caf1d378424ef2
insta_market_basket,Instacart,quantity,1,1,150810,3279521,06296e48f5ca6c7e0c849f4b4a3c6d54a968ef892754f59369caf1d378424ef2
insta_market_basket,Instacart,quantity,2,0.954014625916,183449,3279521,06296e48f5ca6c7e0c849f4b4a3c6d54a968ef892754f59369caf1d378424ef2
insta_market_basket,Instacart,quantity,3,0.898076883789,204072,3279521,06296e48f5ca6c7e0c849f4b4a3c6d54a968ef892754f59369caf1d378424ef2
insta_market_basket,Instacart,quantity,4,0.835850723322,221339,3279521,06296e48f5ca6c7e0c849f4b4a3c6d54a968ef892754f59369caf1d378424ef2
insta_market_basket,Instacart,quantity,5,0.76835946469,228433,3279521,06296e48f5ca6c7e0c849f4b4a3c6d54a968ef892754f59369caf1d378424ef2
insta_market_basket,Instacart,quantity,6,0.698705085285,229897,3279521,06296e48f5ca6c7e0c849f4b4a3c6d54a968ef892754f59369caf1d378424ef2
insta_market_basket,Instacart,quantity,7,0.628604299225,222698,3279521,06296e48f5ca6c7e0c849f4b4a3c6d54a968ef892754f59369caf1d378424ef2
insta_market_basket,Instacart,quantity,8,0.560698650809,207575,3279521,06296e48f5ca6c7e0c849f4b4a3c6d54a968ef892754f59369caf1d378424ef2
insta_market_basket,Instacart,quantity,9,0.497404346549,188278,3279521,06296e48f5ca6c7e0c849f4b4a3c6d54a968ef892754f59369caf1d378424ef2
insta_market_basket,Instacart,quantity,10,0.43999413329,170477,3279521,06296e48f5ca6c7e0c849f4b4a3c6d54a968ef892754f59369caf1d378424ef2
insta_market_basket,Instacart,quantity,11,0.388011846852,152041,3279521,06296e48f5ca6c7e0c849f4b4a3c6d54a968ef892754f59369caf1d378424ef2
insta_market_basket,Instacart,quantity,12,0.341651113074,136594,3279521,06296e48f5ca6c7e0c849f4b4a3c6d54a968ef892754f59369caf1d378424ef2
insta_market_basket,Instacart,quantity,13,0.300000518368,121014,3279521,06296e48f5ca6c7e0c849f4b4a3c6d54a968ef892754f59369caf1d378424ef2
insta_market_basket,Instacart,quantity,14,0.263100617438,108219,3279521,06296e48f5ca6c7e0c849f4b4a3c6d54a968ef892754f59369caf1d378424ef2
insta_market_basket,Instacart,quantity,15,0.230102200901,95249,3279521,06296e48f5ca6c7e0c849f4b4a3c6d54a968ef892754f59369caf1d378424ef2
insta_market_basket,Instacart,quantity,16,0.201058630208,85104,3279521,06296e48f5ca6c7e0c849f4b4a3c6d54a968ef892754f59369caf1d378424ef2
insta_market_basket,Instacart,quantity,17,0.175108499077,74415,3279521,06296e48f5ca6c7e0c849f4b4a3c6d54a968ef892754f59369caf1d378424ef2
insta_market_basket,Instacart,quantity,18,0.152417685388,65849,3279521,06296e48f5ca6c7e0c849f4b4a3c6d54a968ef892754f59369caf1d378424ef2
insta_market_basket,Instacart,quantity,19,0.132338838507,57387,3279521,06296e48f5ca6c7e0c849f4b4a3c6d54a968ef892754f59369caf1d378424ef2
insta_market_basket,Instacart,quantity,20,0.114840246487,50680,3279521,06296e48f5ca6c7e0c849f4b4a3c6d54a968ef892754f59369caf1d378424ef2
insta_market_basket,Instacart,quantity,21,0.0993867702021,43847,3279521,06296e48f5ca6c7e0c849f4b4a3c6d54a968ef892754f59369caf1d378424ef2
insta_market_basket,Instacart,quantity,22,0.0860168298968,38525,3279521,06296e48f5ca6c7e0c849f4b4a3c6d54a968ef892754f59369caf1d378424ef2
insta_market_basket,Instacart,quantity,23,0.074269687555,33335,3279521,06296e48f5ca6c7e0c849f4b4a3c6d54a968ef892754f59369caf1d378424ef2
insta_market_basket,Instacart,quantity,24,0.0641050933963,28849,3279521,06296e48f5ca6c7e0c849f4b4a3c6d54a968ef892754f59369caf1d378424ef2
insta_market_basket,Instacart,quantity,25,0.0553083819253,24892,3279521,06296e48f5ca6c7e0c849f4b4a3c6d54a968ef892754f59369caf1d378424ef2
insta_market_basket,Instacart,quantity,26,0.047718249098,21736,3279521,06296e48f5ca6c7e0c849f4b4a3c6d54a968ef892754f59369caf1d378424ef2
insta_market_basket,Instacart,quantity,27,0.0410904519288,18534,3279521,06296e48f5ca6c7e0c849f4b4a3c6d54a968ef892754f59369caf1d378424ef2
insta_market_basket,Instacart,quantity,28,0.0354390168564,16216,3279521,06296e48f5ca6c7e0c849f4b4a3c6d54a968ef892754f59369caf1d378424ef2
insta_market_basket,Instacart,quantity,29,0.0304943923213,13920,3279521,06296e48f5ca6c7e0c849f4b4a3c6d54a968ef892754f59369caf1d378424ef2
insta_market_basket,Instacart,quantity,30,0.0262498700268,12193,3279521,06296e48f5ca6c7e0c849f4b4a3c6d54a968ef892754f59369caf1d378424ef2
insta_market_basket,Instacart,quantity,31,0.0225319490255,10258,3279521,06296e48f5ca6c7e0c849f4b4a3c6d54a968ef892754f59369caf1d378424ef2
insta_market_basket,Instacart,quantity,32,0.0194040532139,8778,3279521,06296e48f5ca6c7e0c849f4b4a3c6d54a968ef892754f59369caf1d378424ef2
insta_market_basket,Instacart,quantity,33,0.0167274428186,7554,3279521,06296e48f5ca6c7e0c849f4b4a3c6d54a968ef892754f59369caf1d378424ef2
insta_market_basket,Instacart,quantity,34,0.0144240576596,6650,3279521,06296e48f5ca6c7e0c849f4b4a3c6d54a968ef892754f59369caf1d378424ef2
insta_market_basket,Instacart,quantity,35,0.0123963225117,5618,3279521,06296e48f5ca6c7e0c849f4b4a3c6d54a968ef892754f59369caf1d378424ef2
insta_market_basket,Instacart,quantity,36,0.010683267465,4882,3279521,06296e48f5ca6c7e0c849f4b4a3c6d54a968ef892754f59369caf1d378424ef2
insta_market_basket,Instacart,quantity,37,0.00919463543609,4008,3279521,06296e48f5ca6c7e0c849f4b4a3c6d54a968ef892754f59369caf1d378424ef2
insta_market_basket,Instacart,quantity,38,0.00797250574093,3604,3279521,06296e48f5ca6c7e0c849f4b4a3c6d54a968ef892754f59369caf1d378424ef2
insta_market_basket,Instacart,quantity,39,0.00687356476754,2921,3279521,06296e48f5ca6c7e0c849f4b4a3c6d54a968ef892754f59369caf1d378424ef2
insta_market_basket,Instacart,quantity,40,0.00598288591535,2605,3279521,06296e48f5ca6c7e0c849f4b4a3c6d54a968ef892754f59369caf1d378424ef2
insta_market_basket,Instacart,quantity,41,0.00518856259801,2186,3279521,06296e48f5ca6c7e0c849f4b4a3c6d54a968ef892754f59369caf1d378424ef2
insta_market_basket,Instacart,quantity,42,0.00452200184112,1954,3279521,06296e48f5ca6c7e0c849f4b4a3c6d54a968ef892754f59369caf1d378424ef2
insta_market_basket,Instacart,quantity,43,0.00392618312247,1593,3279521,06296e48f5ca6c7e0c849f4b4a3c6d54a968ef892754f59369caf1d378424ef2
insta_market_basket,Instacart,quantity,44,0.00344044145471,1463,3279521,06296e48f5ca6c7e0c849f4b4a3c6d54a968ef892754f59369caf1d378424ef2
insta_market_basket,Instacart,quantity,45,0.00299433972217,1219,3279521,06296e48f5ca6c7e0c849f4b4a3c6d54a968ef892754f59369caf1d378424ef2
insta_market_basket,Instacart,quantity,46,0.00262263909882,1103,3279521,06296e48f5ca6c7e0c849f4b4a3c6d54a968ef892754f59369caf1d378424ef2
insta_market_basket,Instacart,quantity,47,0.00228630949459,867,3279521,06296e48f5ca6c7e0c849f4b4a3c6d54a968ef892754f59369caf1d378424ef2
insta_market_basket,Instacart,quantity,48,0.00202194161891,771,3279521,06296e48f5ca6c7e0c849f4b4a3c6d54a968ef892754f59369caf1d378424ef2
insta_market_basket,Instacart,quantity,49,0.00178684631079,666,3279521,06296e48f5ca6c7e0c849f4b4a3c6d54a968ef892754f59369caf1d378424ef2
insta_market_basket,Instacart,quantity,50,0.00158376787342,630,3279521,06296e48f5ca6c7e0c849f4b4a3c6d54a968ef892754f59369caf1d378424ef2
insta_market_basket,Instacart,quantity,51,0.00139166664888,463,3279521,06296e48f5ca6c7e0c849f4b4a3c6d54a968ef892754f59369caf1d378424ef2
insta_market_basket,Instacart,quantity,52,0.00125048749497,467,3279521,06296e48f5ca6c7e0c849f4b4a3c6d54a968ef892754f59369caf1d378424ef2
insta_market_basket,Instacart,quantity,53,0.00110808865075,374,3279521,06296e48f5ca6c7e0c849f4b4a3c6d54a968ef892754f59369caf1d378424ef2
insta_market_basket,Instacart,quantity,54,0.000994047606343,379,3279521,06296e48f5ca6c7e0c849f4b4a3c6d54a968ef892754f59369caf1d378424ef2
insta_market_basket,Instacart,quantity,55,0.000878481949041,276,3279521,06296e48f5ca6c7e0c849f4b4a3c6d54a968ef892754f59369caf1d378424ef2
insta_market_basket,Instacart,quantity,56,0.000794323317338,273,3279521,06296e48f5ca6c7e0c849f4b4a3c6d54a968ef892754f59369caf1d378424ef2
insta_market_basket,Instacart,quantity,57,0.000711079453371,205,3279521,06296e48f5ca6c7e0c849f4b4a3c6d54a968ef892754f59369caf1d378424ef2
insta_market_basket,Instacart,quantity,58,0.000648570324752,238,3279521,06296e48f5ca6c7e0c849f4b4a3c6d54a968ef892754f59369caf1d378424ef2
insta_market_basket,Instacart,quantity,59,0.000575998751037,164,3279521,06296e48f5ca6c7e0c849f4b4a3c6d54a968ef892754f59369caf1d378424ef2
insta_market_basket,Instacart,quantity,60,0.000525991448141,178,3279521,06296e48f5ca6c7e0c849f4b4a3c6d54a968ef892754f59369caf1d378424ef2
insta_market_basket,Instacart,quantity,61,0.000471715229145,136,3279521,06296e48f5ca6c7e0c849f4b4a3c6d54a968ef892754f59369caf1d378424ef2
insta_market_basket,Instacart,quantity,62,0.000430245758451,139,3279521,06296e48f5ca6c7e0c849f4b4a3c6d54a968ef892754f59369caf1d378424ef2
insta_market_basket,Instacart,quantity,63,0.000387861520021,96,3279521,06296e48f5ca6c7e0c849f4b4a3c6d54a968ef892754f59369caf1d378424ef2
insta_market_basket,Instacart,quantity,64,0.000358588952472,89,3279521,06296e48f5ca6c7e0c849f4b4a3c6d54a968ef892754f59369caf1d378424ef2
insta_market_basket,Instacart,quantity,65,0.000331450842974,76,3279521,06296e48f5ca6c7e0c849f4b4a3c6d54a968ef892754f59369caf1d378424ef2
insta_market_basket,Instacart,quantity,66,0.000308276726998,87,3279521,06296e48f5ca6c7e0c849f4b4a3c6d54a968ef892754f59369caf1d378424ef2
insta_market_basket,Instacart,quantity,67,0.000281748462657,77,3279521,06296e48f5ca6c7e0c849f4b4a3c6d54a968ef892754f59369caf1d378424ef2
insta_market_basket,Instacart,quantity,68,0.000258269424102,79,3279521,06296e48f5ca6c7e0c849f4b4a3c6d54a968ef892754f59369caf1d378424ef2
insta_market_basket,Instacart,quantity,69,0.00023418054039,44,3279521,06296e48f5ca6c7e0c849f4b4a3c6d54a968ef892754f59369caf1d378424ef2
insta_market_basket,Instacart,quantity,70,0.00022076394693,64,3279521,06296e48f5ca6c7e0c849f4b4a3c6d54a968ef892754f59369caf1d378424ef2
insta_market_basket,Instacart,quantity,71,0.000201248901898,47,3279521,06296e48f5ca6c7e0c849f4b4a3c6d54a968ef892754f59369caf1d378424ef2
insta_market_basket,Instacart,quantity,72,0.000186917540702,50,3279521,06296e48f5ca6c7e0c849f4b4a3c6d54a968ef892754f59369caf1d378424ef2
insta_market_basket,Instacart,quantity,73,0.00017167141177,36,3279521,06296e48f5ca6c7e0c849f4b4a3c6d54a968ef892754f59369caf1d378424ef2
insta_market_basket,Instacart,quantity,74,0.000160694198939,54,3279521,06296e48f5ca6c7e0c849f4b4a3c6d54a968ef892754f59369caf1d378424ef2
insta_market_basket,Instacart,quantity,75,0.000144228379693,27,3279521,06296e48f5ca6c7e0c849f4b4a3c6d54a968ef892754f59369caf1d378424ef2
insta_market_basket,Instacart,quantity,76,0.00013599547007,28,3279521,06296e48f5ca6c7e0c849f4b4a3c6d54a968ef892754f59369caf1d378424ef2
insta_market_basket,Instacart,quantity,77,0.000127457637868,30,3279521,06296e48f5ca6c7e0c849f4b4a3c6d54a968ef892754f59369caf1d378424ef2
insta_market_basket,Instacart,quantity,78,0.000118309960509,37,3279521,06296e48f5ca6c7e0c849f4b4a3c6d54a968ef892754f59369caf1d378424ef2
insta_market_basket,Instacart,quantity,79,0.0001070278251,15,3279521,06296e48f5ca6c7e0c849f4b4a3c6d54a968ef892754f59369caf1d378424ef2
insta_market_basket,Instacart,quantity,80,0.000102453986421,22,3279521,06296e48f5ca6c7e0c849f4b4a3c6d54a968ef892754f59369caf1d378424ef2
insta_market_basket,Instacart,quantity,81,9.57456896907e-05,18,3279521,06296e48f5ca6c7e0c849f4b4a3c6d54a968ef892754f59369caf1d378424ef2
insta_market_basket,Instacart,quantity,82,9.02570832753e-05,14,3279521,06296e48f5ca6c7e0c849f4b4a3c6d54a968ef892754f59369caf1d378424ef2
insta_market_basket,Instacart,quantity,83,8.59881671744e-05,12,3279521,06296e48f5ca6c7e0c849f4b4a3c6d54a968ef892754f59369caf1d378424ef2
insta_market_basket,Instacart,quantity,84,8.23290962308e-05,22,3279521,06296e48f5ca6c7e0c849f4b4a3c6d54a968ef892754f59369caf1d378424ef2
insta_market_basket,Instacart,quantity,85,7.56207995009e-05,14,3279521,06296e48f5ca6c7e0c849f4b4a3c6d54a968ef892754f59369caf1d378424ef2
insta_market_basket,Instacart,quantity,86,7.13518834e-05,16,3279521,06296e48f5ca6c7e0c849f4b4a3c6d54a968ef892754f59369caf1d378424ef2
insta_market_basket,Instacart,quantity,87,6.64731221419e-05,10,3279521,06296e48f5ca6c7e0c849f4b4a3c6d54a968ef892754f59369caf1d378424ef2
insta_market_basket,Instacart,quantity,88,6.34238963556e-05,14,3279521,06296e48f5ca6c7e0c849f4b4a3c6d54a968ef892754f59369caf1d378424ef2
insta_market_basket,Instacart,quantity,89,5.91549802547e-05,6,3279521,06296e48f5ca6c7e0c849f4b4a3c6d54a968ef892754f59369caf1d378424ef2
insta_market_basket,Instacart,quantity,90,5.73254447829e-05,14,3279521,06296e48f5ca6c7e0c849f4b4a3c6d54a968ef892754f59369caf1d378424ef2
insta_market_basket,Instacart,quantity,91,5.30565286821e-05,7,3279521,06296e48f5ca6c7e0c849f4b4a3c6d54a968ef892754f59369caf1d378424ef2
insta_market_basket,Instacart,quantity,92,5.09220706317e-05,18,3279521,06296e48f5ca6c7e0c849f4b4a3c6d54a968ef892754f59369caf1d378424ef2
insta_market_basket,Instacart,quantity,93,4.54334642163e-05,8,3279521,06296e48f5ca6c7e0c849f4b4a3c6d54a968ef892754f59369caf1d378424ef2
insta_market_basket,Instacart,quantity,94,4.29940835872e-05,7,3279521,06296e48f5ca6c7e0c849f4b4a3c6d54a968ef892754f59369caf1d378424ef2
insta_market_basket,Instacart,quantity,95,4.08596255368e-05,6,3279521,06296e48f5ca6c7e0c849f4b4a3c6d54a968ef892754f59369caf1d378424ef2
insta_market_basket,Instacart,quantity,96,3.9030090065e-05,11,3279521,06296e48f5ca6c7e0c849f4b4a3c6d54a968ef892754f59369caf1d378424ef2
insta_market_basket,Instacart,quantity,97,3.56759417e-05,7,3279521,06296e48f5ca6c7e0c849f4b4a3c6d54a968ef892754f59369caf1d378424ef2
insta_market_basket,Instacart,quantity,98,3.35414836496e-05,9,3279521,06296e48f5ca6c7e0c849f4b4a3c6d54a968ef892754f59369caf1d378424ef2
insta_market_basket,Instacart,quantity,99,3.07971804419e-05,5,3279521,06296e48f5ca6c7e0c849f4b4a3c6d54a968ef892754f59369caf1d378424ef2
insta_market_basket,Instacart,quantity,100,2.92725675487e-05,9,3279521,06296e48f5ca6c7e0c849f4b4a3c6d54a968ef892754f59369caf1d378424ef2
insta_market_basket,Instacart,quantity,101,2.6528264341e-05,4,3279521,06296e48f5ca6c7e0c849f4b4a3c6d54a968ef892754f59369caf1d378424ef2
insta_market_basket,Instacart,quantity,102,2.53085740265e-05,8,3279521,06296e48f5ca6c7e0c849f4b4a3c6d54a968ef892754f59369caf1d378424ef2
insta_market_basket,Instacart,quantity,104,2.28691933975e-05,7,3279521,06296e48f5ca6c7e0c849f4b4a3c6d54a968ef892754f59369caf1d378424ef2
insta_market_basket,Instacart,quantity,105,2.0734735347e-05,4,3279521,06296e48f5ca6c7e0c849f4b4a3c6d54a968ef892754f59369caf1d378424ef2
insta_market_basket,Instacart,quantity,106,1.95150450325e-05,5,3279521,06296e48f5ca6c7e0c849f4b4a3c6d54a968ef892754f59369caf1d378424ef2
insta_market_basket,Instacart,quantity,107,1.79904321393e-05,1,3279521,06296e48f5ca6c7e0c849f4b4a3c6d54a968ef892754f59369caf1d378424ef2
insta_market_basket,Instacart,quantity,108,1.76855095607e-05,4,3279521,06296e48f5ca6c7e0c849f4b4a3c6d54a968ef892754f59369caf1d378424ef2
insta_market_basket,Instacart,quantity,109,1.64658192462e-05,5,3279521,06296e48f5ca6c7e0c849f4b4a3c6d54a968ef892754f59369caf1d378424ef2
insta_market_basket,Instacart,quantity,110,1.4941206353e-05,3,3279521,06296e48f5ca6c7e0c849f4b4a3c6d54a968ef892754f59369caf1d378424ef2
insta_market_basket,Instacart,quantity,111,1.40264386171e-05,1,3279521,06296e48f5ca6c7e0c849f4b4a3c6d54a968ef892754f59369caf1d378424ef2
insta_market_basket,Instacart,quantity,112,1.37215160385e-05,3,3279521,06296e48f5ca6c7e0c849f4b4a3c6d54a968ef892754f59369caf1d378424ef2
insta_market_basket,Instacart,quantity,113,1.28067483026e-05,2,3279521,06296e48f5ca6c7e0c849f4b4a3c6d54a968ef892754f59369caf1d378424ef2
insta_market_basket,Instacart,quantity,114,1.21969031453e-05,4,3279521,06296e48f5ca6c7e0c849f4b4a3c6d54a968ef892754f59369caf1d378424ef2
insta_market_basket,Instacart,quantity,115,1.09772128308e-05,3,3279521,06296e48f5ca6c7e0c849f4b4a3c6d54a968ef892754f59369caf1d378424ef2
insta_market_basket,Instacart,quantity,116,1.00624450949e-05,4,3279521,06296e48f5ca6c7e0c849f4b4a3c6d54a968ef892754f59369caf1d378424ef2
insta_market_basket,Instacart,quantity,117,8.84275478035e-06,1,3279521,06296e48f5ca6c7e0c849f4b4a3c6d54a968ef892754f59369caf1d378424ef2
insta_market_basket,Instacart,quantity,118,8.53783220171e-06,3,3279521,06296e48f5ca6c7e0c849f4b4a3c6d54a968ef892754f59369caf1d378424ef2
insta_market_basket,Instacart,quantity,120,7.62306446582e-06,2,3279521,06296e48f5ca6c7e0c849f4b4a3c6d54a968ef892754f59369caf1d378424ef2
insta_market_basket,Instacart,quantity,121,7.01321930855e-06,1,3279521,06296e48f5ca6c7e0c849f4b4a3c6d54a968ef892754f59369caf1d378424ef2
insta_market_basket,Instacart,quantity,123,6.70829672992e-06,2,3279521,06296e48f5ca6c7e0c849f4b4a3c6d54a968ef892754f59369caf1d378424ef2
insta_market_basket,Instacart,quantity,127,6.09845157265e-06,2,3279521,06296e48f5ca6c7e0c849f4b4a3c6d54a968ef892754f59369caf1d378424ef2
insta_market_basket,Instacart,quantity,133,5.48860641539e-06,3,3279521,06296e48f5ca6c7e0c849f4b4a3c6d54a968ef892754f59369caf1d378424ef2
insta_market_basket,Instacart,quantity,135,4.57383867949e-06,2,3279521,06296e48f5ca6c7e0c849f4b4a3c6d54a968ef892754f59369caf1d378424ef2
insta_market_basket,Instacart,quantity,137,3.96399352222e-06,2,3279521,06296e48f5ca6c7e0c849f4b4a3c6d54a968ef892754f59369caf1d378424ef2
insta_market_basket,Instacart,quantity,138,3.35414836496e-06,1,3279521,06296e48f5ca6c7e0c849f4b4a3c6d54a968ef892754f59369caf1d378424ef2
insta_market_basket,Instacart,quantity,142,3.04922578633e-06,1,3279521,06296e48f5ca6c7e0c849f4b4a3c6d54a968ef892754f59369caf1d378424ef2
insta_market_basket,Instacart,quantity,145,2.74430320769e-06,1,3279521,06296e48f5ca6c7e0c849f4b4a3c6d54a968ef892754f59369caf1d378424ef2
insta_market_basket,Instacart,quantity,146,2.43938062906e-06,1,3279521,06296e48f5ca6c7e0c849f4b4a3c6d54a968ef892754f59369caf1d378424ef2
insta_market_basket,Instacart,quantity,147,2.13445805043e-06,1,3279521,06296e48f5ca6c7e0c849f4b4a3c6d54a968ef892754f59369caf1d378424ef2
insta_market_basket,Instacart,quantity,148,1.8295354718e-06,1,3279521,06296e48f5ca6c7e0c849f4b4a3c6d54a968ef892754f59369caf1d378424ef2
insta_market_basket,Instacart,quantity,152,1.52461289316e-06,1,3279521,06296e48f5ca6c7e0c849f4b4a3c6d54a968ef892754f59369caf1d378424ef2
insta_market_basket,Instacart,quantity,155,1.21969031453e-06,1,3279521,06296e48f5ca6c7e0c849f4b4a3c6d54a968ef892754f59369caf1d378424ef2
insta_market_basket,Instacart,quantity,162,9.14767735898e-07,1,3279521,06296e48f5ca6c7e0c849f4b4a3c6d54a968ef892754f59369caf1d378424ef2
insta_market_basket,Instacart,quantity,175,6.09845157265e-07,1,3279521,06296e48f5ca6c7e0c849f4b4a3c6d54a968ef892754f59369caf1d378424ef2
insta_market_basket,Instacart,quantity,177,3.04922578633e-07,1,3279521,06296e48f5ca6c7e0c849f4b4a3c6d54a968ef892754f59369caf1d378424ef2
