[epoch 001] backbone=rmtpp seed=42 train_joint=1.49391102 val_joint=0.78561308 time_nll=0.77970693 log_qty_mse=0.00590615 qty_mae=1.16454753
[epoch 002] backbone=rmtpp seed=42 train_joint=0.41150637 val_joint=0.23878237 time_nll=0.23267495 log_qty_mse=0.00610741 qty_mae=1.26011182
[epoch 003] backbone=rmtpp seed=42 train_joint=-0.05446592 val_joint=0.32634034 time_nll=0.32037134 log_qty_mse=0.00596900 qty_mae=1.17302106
[epoch 004] backbone=rmtpp seed=42 train_joint=-0.38558722 val_joint=-0.68608409 time_nll=-0.69178397 log_qty_mse=0.00569988 qty_mae=1.21103174
[epoch 005] backbone=rmtpp seed=42 train_joint=-1.03401173 val_joint=-1.21855201 time_nll=-1.22377616 log_qty_mse=0.00522414 qty_mae=1.41692292
[epoch 006] backbone=rmtpp seed=42 train_joint=-1.33340686 val_joint=-1.44618048 time_nll=-1.45038674 log_qty_mse=0.00420626 qty_mae=0.91462600
[epoch 007] backbone=rmtpp seed=42 train_joint=-1.53919136 val_joint=-1.63741932 time_nll=-1.64169062 log_qty_mse=0.00427131 qty_mae=1.03705135
[epoch 008] backbone=rmtpp seed=42 train_joint=-1.71454326 val_joint=-1.79763966 time_nll=-1.80142923 log_qty_mse=0.00378958 qty_mae=0.89491262
[epoch 009] backbone=rmtpp seed=42 train_joint=-1.86176738 val_joint=-1.93307234 time_nll=-1.93677832 log_qty_mse=0.00370598 qty_mae=0.93591761
[epoch 010] backbone=rmtpp seed=42 train_joint=-1.98758546 val_joint=-2.04974588 time_nll=-2.05356447 log_qty_mse=0.00381859 qty_mae=0.93372137
[epoch 011] backbone=rmtpp seed=42 train_joint=-2.09696632 val_joint=-2.15188748 time_nll=-2.15578900 log_qty_mse=0.00390152 qty_mae=0.77779845
[epoch 012] backbone=rmtpp seed=42 train_joint=-2.19320025 val_joint=-2.24242027 time_nll=-2.24633516 log_qty_mse=0.00391489 qty_mae=0.81354024
[epoch 013] backbone=rmtpp seed=42 train_joint=-2.27887691 val_joint=-2.32333951 time_nll=-2.32731470 log_qty_mse=0.00397519 qty_mae=0.99525100
[epoch 014] backbone=rmtpp seed=42 train_joint=-2.35582065 val_joint=-2.39650292 time_nll=-2.40031959 log_qty_mse=0.00381667 qty_mae=0.87210403
[epoch 015] backbone=rmtpp seed=42 train_joint=-2.42542254 val_joint=-2.46245564 time_nll=-2.46657578 log_qty_mse=0.00412015 qty_mae=0.79387461
[epoch 016] backbone=rmtpp seed=42 train_joint=-2.48879099 val_joint=-2.52347847 time_nll=-2.52713048 log_qty_mse=0.00365201 qty_mae=0.77238020
[epoch 017] backbone=rmtpp seed=42 train_joint=-2.54674691 val_joint=-2.57896961 time_nll=-2.58254372 log_qty_mse=0.00357410 qty_mae=0.72234294
[epoch 018] backbone=rmtpp seed=42 train_joint=-2.60006966 val_joint=-2.63009591 time_nll=-2.63377424 log_qty_mse=0.00367834 qty_mae=0.72116416
[epoch 019] backbone=rmtpp seed=42 train_joint=-2.64935271 val_joint=-2.67735490 time_nll=-2.68107315 log_qty_mse=0.00371825 qty_mae=0.86335757
[epoch 020] backbone=rmtpp seed=42 train_joint=-2.69488083 val_joint=-2.72149017 time_nll=-2.72490328 log_qty_mse=0.00341311 qty_mae=0.81020554
[epoch 021] backbone=rmtpp seed=42 train_joint=-2.73729967 val_joint=-2.76256407 time_nll=-2.76586987 log_qty_mse=0.00330580 qty_mae=0.81553299
[epoch 022] backbone=rmtpp seed=42 train_joint=-2.77688264 val_joint=-2.80086007 time_nll=-2.80408393 log_qty_mse=0.00322386 qty_mae=0.65524151
[epoch 023] backbone=rmtpp seed=42 train_joint=-2.81386659 val_joint=-2.83564920 time_nll=-2.83980109 log_qty_mse=0.00415189 qty_mae=0.95849584
[epoch 024] backbone=rmtpp seed=42 train_joint=-2.84846074 val_joint=-2.86998684 time_nll=-2.87325813 log_qty_mse=0.00327129 qty_mae=0.71499103
[epoch 025] backbone=rmtpp seed=42 train_joint=-2.88088725 val_joint=-2.90127296 time_nll=-2.90467982 log_qty_mse=0.00340686 qty_mae=0.66125257
[epoch 026] backbone=rmtpp seed=42 train_joint=-2.91150691 val_joint=-2.93068965 time_nll=-2.93443115 log_qty_mse=0.00374150 qty_mae=1.06941247
[epoch 027] backbone=rmtpp seed=42 train_joint=-2.94039003 val_joint=-2.95921472 time_nll=-2.96246944 log_qty_mse=0.00325472 qty_mae=0.80607865
[epoch 028] backbone=rmtpp seed=42 train_joint=-2.96766300 val_joint=-2.98542296 time_nll=-2.98892860 log_qty_mse=0.00350564 qty_mae=0.67412588
[epoch 029] backbone=rmtpp seed=42 train_joint=-2.99340407 val_joint=-3.01052062 time_nll=-3.01393168 log_qty_mse=0.00341106 qty_mae=0.72852865
[epoch 030] backbone=rmtpp seed=42 train_joint=-3.01759181 val_joint=-3.03375564 time_nll=-3.03758007 log_qty_mse=0.00382443 qty_mae=1.05473830
[epoch 031] backbone=rmtpp seed=42 train_joint=-3.04072791 val_joint=-3.05654997 time_nll=-3.06000091 log_qty_mse=0.00345094 qty_mae=0.79952895
[epoch 032] backbone=rmtpp seed=42 train_joint=-3.06260269 val_joint=-3.07781184 time_nll=-3.08127811 log_qty_mse=0.00346627 qty_mae=0.67480978
[epoch 033] backbone=rmtpp seed=42 train_joint=-3.08336797 val_joint=-3.09764128 time_nll=-3.10147868 log_qty_mse=0.00383740 qty_mae=0.78181495
[epoch 034] backbone=rmtpp seed=42 train_joint=-3.10307633 val_joint=-3.11749088 time_nll=-3.12074487 log_qty_mse=0.00325399 qty_mae=0.66026553
[epoch 035] backbone=rmtpp seed=42 train_joint=-3.12196172 val_joint=-3.13579894 time_nll=-3.13920449 log_qty_mse=0.00340556 qty_mae=0.66952223
[epoch 036] backbone=rmtpp seed=42 train_joint=-3.14000036 val_joint=-3.15264569 time_nll=-3.15678610 log_qty_mse=0.00414041 qty_mae=0.86761176
[epoch 037] backbone=rmtpp seed=42 train_joint=-3.15711019 val_joint=-3.16963564 time_nll=-3.17338852 log_qty_mse=0.00375288 qty_mae=1.05788180
[epoch 038] backbone=rmtpp seed=42 train_joint=-3.17332729 val_joint=-3.18576511 time_nll=-3.18922057 log_qty_mse=0.00345547 qty_mae=0.95062361
[epoch 039] backbone=rmtpp seed=42 train_joint=-3.18872052 val_joint=-3.20026027 time_nll=-3.20429789 log_qty_mse=0.00403762 qty_mae=1.29493142
[epoch 040] backbone=rmtpp seed=42 train_joint=-3.20353095 val_joint=-3.21542420 time_nll=-3.21872953 log_qty_mse=0.00330534 qty_mae=0.86060499
[epoch 041] backbone=rmtpp seed=42 train_joint=-3.21764611 val_joint=-3.22914910 time_nll=-3.23255064 log_qty_mse=0.00340153 qty_mae=0.73605434
[epoch 042] backbone=rmtpp seed=42 train_joint=-3.23123398 val_joint=-3.24232006 time_nll=-3.24591148 log_qty_mse=0.00359143 qty_mae=0.98100336
[epoch 043] backbone=rmtpp seed=42 train_joint=-3.24439550 val_joint=-3.25537195 time_nll=-3.25883971 log_qty_mse=0.00346776 qty_mae=1.01981729
[epoch 044] backbone=rmtpp seed=42 train_joint=-3.25709129 val_joint=-3.26725931 time_nll=-3.27123514 log_qty_mse=0.00397583 qty_mae=1.16954209
[epoch 045] backbone=rmtpp seed=42 train_joint=-3.26923047 val_joint=-3.27915385 time_nll=-3.28311546 log_qty_mse=0.00396161 qty_mae=1.23792077
[epoch 046] backbone=rmtpp seed=42 train_joint=-3.28086777 val_joint=-3.29080597 time_nll=-3.29450353 log_qty_mse=0.00369756 qty_mae=0.97423548
[epoch 047] backbone=rmtpp seed=42 train_joint=-3.29202378 val_joint=-3.30160572 time_nll=-3.30542511 log_qty_mse=0.00381938 qty_mae=1.31296733
[epoch 048] backbone=rmtpp seed=42 train_joint=-3.30273561 val_joint=-3.31267993 time_nll=-3.31589785 log_qty_mse=0.00321792 qty_mae=0.78021909
[epoch 049] backbone=rmtpp seed=42 train_joint=-3.31299219 val_joint=-3.32198227 time_nll=-3.32595137 log_qty_mse=0.00396910 qty_mae=1.27440741
[epoch 050] backbone=rmtpp seed=42 train_joint=-3.32286435 val_joint=-3.33190899 time_nll=-3.33559855 log_qty_mse=0.00368956 qty_mae=1.19689143
[epoch 051] backbone=rmtpp seed=42 train_joint=-3.33233668 val_joint=-3.33988207 time_nll=-3.34486202 log_qty_mse=0.00497995 qty_mae=1.77500762
[epoch 052] backbone=rmtpp seed=42 train_joint=-3.34142395 val_joint=-3.34833100 time_nll=-3.35376796 log_qty_mse=0.00543697 qty_mae=1.93758419
[epoch 053] backbone=rmtpp seed=42 train_joint=-3.35018251 val_joint=-3.35626626 time_nll=-3.36233015 log_qty_mse=0.00606389 qty_mae=2.02822689
[epoch 054] backbone=rmtpp seed=42 train_joint=-3.35857579 val_joint=-3.36469890 time_nll=-3.37056694 log_qty_mse=0.00586804 qty_mae=2.00495809
[epoch 055] backbone=rmtpp seed=42 train_joint=-3.36666150 val_joint=-3.37276646 time_nll=-3.37850595 log_qty_mse=0.00573949 qty_mae=1.96206427
[epoch 056] backbone=rmtpp seed=42 train_joint=-3.37443565 val_joint=-3.37882388 time_nll=-3.38613386 log_qty_mse=0.00730998 qty_mae=2.40211325
[epoch 057] backbone=rmtpp seed=42 train_joint=-3.38185489 val_joint=-3.38248512 time_nll=-3.39344055 log_qty_mse=0.01095543 qty_mae=2.95348297
[epoch 058] backbone=rmtpp seed=42 train_joint=-3.38913011 val_joint=-3.38325036 time_nll=-3.40049211 log_qty_mse=0.01724175 qty_mae=3.71542815
[epoch 059] backbone=rmtpp seed=42 train_joint=-3.39606309 val_joint=-3.39763306 time_nll=-3.40730746 log_qty_mse=0.00967440 qty_mae=2.81009392
[epoch 060] backbone=rmtpp seed=42 train_joint=-3.40272261 val_joint=-3.39911223 time_nll=-3.41386723 log_qty_mse=0.01475500 qty_mae=3.57004692
[epoch 061] backbone=rmtpp seed=42 train_joint=-3.40918847 val_joint=-3.40531338 time_nll=-3.42014590 log_qty_mse=0.01483252 qty_mae=3.51791329
[epoch 062] backbone=rmtpp seed=42 train_joint=-3.41538043 val_joint=-3.41605907 time_nll=-3.42623734 log_qty_mse=0.01017827 qty_mae=2.86318262
[epoch 063] backbone=rmtpp seed=42 train_joint=-3.42135298 val_joint=-3.42053469 time_nll=-3.43211591 log_qty_mse=0.01158122 qty_mae=3.14045393
[epoch 064] backbone=rmtpp seed=42 train_joint=-3.42712683 val_joint=-3.42246656 time_nll=-3.43773118 log_qty_mse=0.01526462 qty_mae=3.51642377
[epoch 065] backbone=rmtpp seed=42 train_joint=-3.43265171 val_joint=-3.43241748 time_nll=-3.44321138 log_qty_mse=0.01079390 qty_mae=3.00059438
[epoch 066] backbone=rmtpp seed=42 train_joint=-3.43800340 val_joint=-3.43114009 time_nll=-3.44844265 log_qty_mse=0.01730256 qty_mae=3.69487661
[epoch 067] backbone=rmtpp seed=42 train_joint=-3.44317467 val_joint=-3.44235944 time_nll=-3.45350826 log_qty_mse=0.01114883 qty_mae=2.99159690
[epoch 068] backbone=rmtpp seed=42 train_joint=-3.44815639 val_joint=-3.44474701 time_nll=-3.45841534 log_qty_mse=0.01366833 qty_mae=3.28872364
[epoch 069] backbone=rmtpp seed=42 train_joint=-3.45299305 val_joint=-3.44938848 time_nll=-3.46311122 log_qty_mse=0.01372274 qty_mae=3.29111810
[epoch 070] backbone=rmtpp seed=42 train_joint=-3.45758785 val_joint=-3.45460772 time_nll=-3.46770170 log_qty_mse=0.01309399 qty_mae=3.30588562
[epoch 071] backbone=rmtpp seed=42 train_joint=-3.46208434 val_joint=-3.45675139 time_nll=-3.47205541 log_qty_mse=0.01530402 qty_mae=3.48757012
[epoch 072] backbone=rmtpp seed=42 train_joint=-3.46640256 val_joint=-3.46287249 time_nll=-3.47634200 log_qty_mse=0.01346950 qty_mae=3.30131586
[epoch 073] backbone=rmtpp seed=42 train_joint=-3.47058681 val_joint=-3.46733885 time_nll=-3.48040547 log_qty_mse=0.01306662 qty_mae=3.24443297
[epoch 074] backbone=rmtpp seed=42 train_joint=-3.47460315 val_joint=-3.46909569 time_nll=-3.48438632 log_qty_mse=0.01529063 qty_mae=3.56005608
[epoch 075] backbone=rmtpp seed=42 train_joint=-3.47855250 val_joint=-3.47248306 time_nll=-3.48819720 log_qty_mse=0.01571413 qty_mae=3.69383367
[epoch 076] backbone=rmtpp seed=42 train_joint=-3.48225922 val_joint=-3.47986280 time_nll=-3.49188468 log_qty_mse=0.01202189 qty_mae=3.16022188
[epoch 077] backbone=rmtpp seed=42 train_joint=-3.48594362 val_joint=-3.48327935 time_nll=-3.49548490 log_qty_mse=0.01220555 qty_mae=3.14907466
[epoch 078] backbone=rmtpp seed=42 train_joint=-3.48941597 val_joint=-3.48316990 time_nll=-3.49888742 log_qty_mse=0.01571751 qty_mae=3.69540695
[epoch 079] backbone=rmtpp seed=42 train_joint=-3.49280324 val_joint=-3.49109554 time_nll=-3.50227394 log_qty_mse=0.01117840 qty_mae=3.06521607
[epoch 080] backbone=rmtpp seed=42 train_joint=-3.49612720 val_joint=-3.49292513 time_nll=-3.50544962 log_qty_mse=0.01252449 qty_mae=3.29297014
[epoch 081] backbone=rmtpp seed=42 train_joint=-3.49924101 val_joint=-3.49078792 time_nll=-3.50855947 log_qty_mse=0.01777155 qty_mae=3.79858260
[epoch 082] backbone=rmtpp seed=42 train_joint=-3.50235325 val_joint=-3.49849867 time_nll=-3.51163991 log_qty_mse=0.01314123 qty_mae=3.25908511
[epoch 083] backbone=rmtpp seed=42 train_joint=-3.50530022 val_joint=-3.49995815 time_nll=-3.51446975 log_qty_mse=0.01451160 qty_mae=3.55884594
[epoch 084] backbone=rmtpp seed=42 train_joint=-3.50812682 val_joint=-3.50298434 time_nll=-3.51729324 log_qty_mse=0.01430890 qty_mae=3.37419174
[epoch 085] backbone=rmtpp seed=42 train_joint=-3.51094761 val_joint=-3.50878278 time_nll=-3.52007879 log_qty_mse=0.01129601 qty_mae=3.05085117
[epoch 086] backbone=rmtpp seed=42 train_joint=-3.51358736 val_joint=-3.50767317 time_nll=-3.52263184 log_qty_mse=0.01495867 qty_mae=3.53572961
[epoch 087] backbone=rmtpp seed=42 train_joint=-3.51616436 val_joint=-3.50802923 time_nll=-3.52517836 log_qty_mse=0.01714913 qty_mae=3.59465435
[epoch 088] backbone=rmtpp seed=42 train_joint=-3.51870231 val_joint=-3.51202985 time_nll=-3.52771423 log_qty_mse=0.01568437 qty_mae=3.49273740
[epoch 089] backbone=rmtpp seed=42 train_joint=-3.52112712 val_joint=-3.51472247 time_nll=-3.53002959 log_qty_mse=0.01530711 qty_mae=3.55707519
[epoch 090] backbone=rmtpp seed=42 train_joint=-3.52342230 val_joint=-3.52150904 time_nll=-3.53230455 log_qty_mse=0.01079551 qty_mae=2.98051479
[epoch 091] backbone=rmtpp seed=42 train_joint=-3.52567934 val_joint=-3.52183807 time_nll=-3.53457531 log_qty_mse=0.01273725 qty_mae=3.33606513
[epoch 092] backbone=rmtpp seed=42 train_joint=-3.52796773 val_joint=-3.52203457 time_nll=-3.53677333 log_qty_mse=0.01473876 qty_mae=3.49925665
[epoch 093] backbone=rmtpp seed=42 train_joint=-3.53005477 val_joint=-3.52416799 time_nll=-3.53877899 log_qty_mse=0.01461100 qty_mae=3.47384326
[epoch 094] backbone=rmtpp seed=42 train_joint=-3.53205393 val_joint=-3.52678272 time_nll=-3.54078570 log_qty_mse=0.01400298 qty_mae=3.46740782
[epoch 095] backbone=rmtpp seed=42 train_joint=-3.53405531 val_joint=-3.52817696 time_nll=-3.54278902 log_qty_mse=0.01461206 qty_mae=3.39951008
[epoch 096] backbone=rmtpp seed=42 train_joint=-3.53606084 val_joint=-3.53178984 time_nll=-3.54473123 log_qty_mse=0.01294140 qty_mae=3.21421805
[epoch 097] backbone=rmtpp seed=42 train_joint=-3.53787261 val_joint=-3.52877914 time_nll=-3.54647628 log_qty_mse=0.01769714 qty_mae=3.81738271
[epoch 098] backbone=rmtpp seed=42 train_joint=-3.53963524 val_joint=-3.53443534 time_nll=-3.54821759 log_qty_mse=0.01378224 qty_mae=3.40008931
[epoch 099] backbone=rmtpp seed=42 train_joint=-3.54138284 val_joint=-3.53787464 time_nll=-3.54995636 log_qty_mse=0.01208172 qty_mae=3.16813658
[epoch 100] backbone=rmtpp seed=42 train_joint=-3.54309693 val_joint=-3.53795295 time_nll=-3.55169141 log_qty_mse=0.01373846 qty_mae=3.37354475
[epoch 101] backbone=rmtpp seed=42 train_joint=-3.54478817 val_joint=-3.53526425 time_nll=-3.55328122 log_qty_mse=0.01801697 qty_mae=3.82919943
[epoch 102] backbone=rmtpp seed=42 train_joint=-3.54631273 val_joint=-3.53836158 time_nll=-3.55476266 log_qty_mse=0.01640107 qty_mae=3.66210738
[epoch 103] backbone=rmtpp seed=42 train_joint=-3.54781329 val_joint=-3.54369403 time_nll=-3.55624294 log_qty_mse=0.01254891 qty_mae=3.27481085
[epoch 104] backbone=rmtpp seed=42 train_joint=-3.54927678 val_joint=-3.54402891 time_nll=-3.55772079 log_qty_mse=0.01369188 qty_mae=3.37481568
[epoch 105] backbone=rmtpp seed=42 train_joint=-3.55075075 val_joint=-3.54518954 time_nll=-3.55919875 log_qty_mse=0.01400922 qty_mae=3.37411830
[epoch 106] backbone=rmtpp seed=42 train_joint=-3.55224189 val_joint=-3.54770570 time_nll=-3.56063023 log_qty_mse=0.01292453 qty_mae=3.15062291
[epoch 107] backbone=rmtpp seed=42 train_joint=-3.55355483 val_joint=-3.54754433 time_nll=-3.56185570 log_qty_mse=0.01431137 qty_mae=3.49464725
[epoch 108] backbone=rmtpp seed=42 train_joint=-3.55475988 val_joint=-3.54864014 time_nll=-3.56308262 log_qty_mse=0.01444247 qty_mae=3.44917341
[epoch 109] backbone=rmtpp seed=42 train_joint=-3.55600947 val_joint=-3.55106510 time_nll=-3.56430671 log_qty_mse=0.01324161 qty_mae=3.32526844
[epoch 110] backbone=rmtpp seed=42 train_joint=-3.55722925 val_joint=-3.55253141 time_nll=-3.56552936 log_qty_mse=0.01299795 qty_mae=3.26206630
[epoch 111] backbone=rmtpp seed=42 train_joint=-3.55845187 val_joint=-3.55391288 time_nll=-3.56674698 log_qty_mse=0.01283411 qty_mae=3.18739096
[epoch 112] backbone=rmtpp seed=42 train_joint=-3.55965594 val_joint=-3.55686528 time_nll=-3.56796868 log_qty_mse=0.01110340 qty_mae=3.10146421
[epoch 113] backbone=rmtpp seed=42 train_joint=-3.56082385 val_joint=-3.55476803 time_nll=-3.56902082 log_qty_mse=0.01425280 qty_mae=3.40008959
[epoch 114] backbone=rmtpp seed=42 train_joint=-3.56181560 val_joint=-3.55326496 time_nll=-3.56999417 log_qty_mse=0.01672921 qty_mae=3.74223796
[epoch 115] backbone=rmtpp seed=42 train_joint=-3.56280893 val_joint=-3.55544973 time_nll=-3.57096513 log_qty_mse=0.01551539 qty_mae=3.56819949
[epoch 116] backbone=rmtpp seed=42 train_joint=-3.56377533 val_joint=-3.55998963 time_nll=-3.57193677 log_qty_mse=0.01194713 qty_mae=3.20306679
[epoch 117] backbone=rmtpp seed=42 train_joint=-3.56474303 val_joint=-3.56171636 time_nll=-3.57290641 log_qty_mse=0.01119006 qty_mae=3.04656459
[epoch 118] backbone=rmtpp seed=42 train_joint=-3.56573483 val_joint=-3.55796966 time_nll=-3.57387697 log_qty_mse=0.01590731 qty_mae=3.63393645
[epoch 119] backbone=rmtpp seed=42 train_joint=-3.56667599 val_joint=-3.56270789 time_nll=-3.57484629 log_qty_mse=0.01213840 qty_mae=3.12306580
[epoch 120] backbone=rmtpp seed=42 train_joint=-3.56764786 val_joint=-3.56238657 time_nll=-3.57581230 log_qty_mse=0.01342573 qty_mae=3.22060980
[epoch 121] backbone=rmtpp seed=42 train_joint=-3.56859752 val_joint=-3.55906424 time_nll=-3.57664146 log_qty_mse=0.01757722 qty_mae=3.80895423
[epoch 122] backbone=rmtpp seed=42 train_joint=-3.56927870 val_joint=-3.56211278 time_nll=-3.57736671 log_qty_mse=0.01525393 qty_mae=3.54048506
[epoch 123] backbone=rmtpp seed=42 train_joint=-3.57005457 val_joint=-3.56481033 time_nll=-3.57809196 log_qty_mse=0.01328163 qty_mae=3.33754066
[epoch 124] backbone=rmtpp seed=42 train_joint=-3.57079268 val_joint=-3.56307459 time_nll=-3.57881564 log_qty_mse=0.01574105 qty_mae=3.56378462
[epoch 125] backbone=rmtpp seed=42 train_joint=-3.57150939 val_joint=-3.56518444 time_nll=-3.57953931 log_qty_mse=0.01435487 qty_mae=3.46598820
[epoch 126] backbone=rmtpp seed=42 train_joint=-3.57223980 val_joint=-3.56608995 time_nll=-3.58026132 log_qty_mse=0.01417137 qty_mae=3.40336788
[epoch 127] backbone=rmtpp seed=42 train_joint=-3.57293793 val_joint=-3.56969727 time_nll=-3.58097998 log_qty_mse=0.01128270 qty_mae=3.05294928
[epoch 128] backbone=rmtpp seed=42 train_joint=-3.57368530 val_joint=-3.56730996 time_nll=-3.58170524 log_qty_mse=0.01439528 qty_mae=3.36118057
[epoch 129] backbone=rmtpp seed=42 train_joint=-3.57441644 val_joint=-3.56374807 time_nll=-3.58242526 log_qty_mse=0.01867719 qty_mae=3.89351927
[epoch 130] backbone=rmtpp seed=42 train_joint=-3.57513504 val_joint=-3.56899167 time_nll=-3.58314597 log_qty_mse=0.01415430 qty_mae=3.47087754
[epoch 131] backbone=rmtpp seed=42 train_joint=-3.57584050 val_joint=-3.56680748 time_nll=-3.58386544 log_qty_mse=0.01705795 qty_mae=3.71094266
[epoch 132] backbone=rmtpp seed=42 train_joint=-3.57652118 val_joint=-3.56975977 time_nll=-3.58440703 log_qty_mse=0.01464726 qty_mae=3.45417496
[epoch 133] backbone=rmtpp seed=42 train_joint=-3.57699225 val_joint=-3.57067352 time_nll=-3.58488502 log_qty_mse=0.01421151 qty_mae=3.33585132
[epoch 134] backbone=rmtpp seed=42 train_joint=-3.57750692 val_joint=-3.56986181 time_nll=-3.58536198 log_qty_mse=0.01550018 qty_mae=3.59581538
[epoch 135] backbone=rmtpp seed=42 train_joint=-3.57796576 val_joint=-3.56674243 time_nll=-3.58584282 log_qty_mse=0.01910038 qty_mae=3.94633757
[epoch 136] backbone=rmtpp seed=42 train_joint=-3.57844126 val_joint=-3.57065099 time_nll=-3.58632253 log_qty_mse=0.01567154 qty_mae=3.63533045
[epoch 137] backbone=rmtpp seed=42 train_joint=-3.57893102 val_joint=-3.57528991 time_nll=-3.58679996 log_qty_mse=0.01151004 qty_mae=3.06821213
[epoch 138] backbone=rmtpp seed=42 train_joint=-3.57939606 val_joint=-3.57070866 time_nll=-3.58727705 log_qty_mse=0.01656839 qty_mae=3.70839988
[epoch 139] backbone=rmtpp seed=42 train_joint=-3.57988695 val_joint=-3.57435537 time_nll=-3.58775657 log_qty_mse=0.01340120 qty_mae=3.26639626
[epoch 140] backbone=rmtpp seed=42 train_joint=-3.58038913 val_joint=-3.57412281 time_nll=-3.58823442 log_qty_mse=0.01411161 qty_mae=3.43680345
[epoch 141] backbone=rmtpp seed=42 train_joint=-3.58084505 val_joint=-3.57447011 time_nll=-3.58871207 log_qty_mse=0.01424196 qty_mae=3.42766580
[epoch 142] backbone=rmtpp seed=42 train_joint=-3.58133415 val_joint=-3.57113384 time_nll=-3.58918924 log_qty_mse=0.01805540 qty_mae=3.82840713
[epoch 143] backbone=rmtpp seed=42 train_joint=-3.58178930 val_joint=-3.57535771 time_nll=-3.58966453 log_qty_mse=0.01430682 qty_mae=3.40693184
[epoch 144] backbone=rmtpp seed=42 train_joint=-3.58228519 val_joint=-3.57603274 time_nll=-3.59014321 log_qty_mse=0.01411046 qty_mae=3.46143276
[epoch 145] backbone=rmtpp seed=42 train_joint=-3.58276936 val_joint=-3.57439620 time_nll=-3.59061886 log_qty_mse=0.01622266 qty_mae=3.63906170
[epoch 146] backbone=rmtpp seed=42 train_joint=-3.58323367 val_joint=-3.57583828 time_nll=-3.59109621 log_qty_mse=0.01525793 qty_mae=3.55311909
[epoch 147] backbone=rmtpp seed=42 train_joint=-3.58371342 val_joint=-3.57878939 time_nll=-3.59157170 log_qty_mse=0.01278232 qty_mae=3.24151759
[epoch 148] backbone=rmtpp seed=42 train_joint=-3.58415567 val_joint=-3.57080285 time_nll=-3.59192550 log_qty_mse=0.02112265 qty_mae=4.09121066
[epoch 149] backbone=rmtpp seed=42 train_joint=-3.58444091 val_joint=-3.57396397 time_nll=-3.59216310 log_qty_mse=0.01819913 qty_mae=3.79479610
[epoch 150] backbone=rmtpp seed=42 train_joint=-3.58467327 val_joint=-3.57450677 time_nll=-3.59240087 log_qty_mse=0.01789410 qty_mae=3.84747784
[epoch 151] backbone=rmtpp seed=42 train_joint=-3.58490977 val_joint=-3.57837236 time_nll=-3.59263825 log_qty_mse=0.01426589 qty_mae=3.45142310
[epoch 152] backbone=rmtpp seed=42 train_joint=-3.58515268 val_joint=-3.57695825 time_nll=-3.59287648 log_qty_mse=0.01591823 qty_mae=3.56418386
[epoch 153] backbone=rmtpp seed=42 train_joint=-3.58538920 val_joint=-3.57518781 time_nll=-3.59311413 log_qty_mse=0.01792631 qty_mae=3.75671182
[epoch 154] backbone=rmtpp seed=42 train_joint=-3.58562184 val_joint=-3.57750992 time_nll=-3.59335161 log_qty_mse=0.01584169 qty_mae=3.59645221
[epoch 155] backbone=rmtpp seed=42 train_joint=-3.58588424 val_joint=-3.57916212 time_nll=-3.59358927 log_qty_mse=0.01442715 qty_mae=3.46287170
[epoch 156] backbone=rmtpp seed=42 train_joint=-3.58610659 val_joint=-3.57814711 time_nll=-3.59382642 log_qty_mse=0.01567931 qty_mae=3.56294881
[epoch 157] backbone=rmtpp seed=42 train_joint=-3.58635106 val_joint=-3.57548263 time_nll=-3.59406397 log_qty_mse=0.01858134 qty_mae=3.68833868
[epoch 158] backbone=rmtpp seed=42 train_joint=-3.58659936 val_joint=-3.58039892 time_nll=-3.59430156 log_qty_mse=0.01390264 qty_mae=3.35873154
[epoch 159] backbone=rmtpp seed=42 train_joint=-3.58681723 val_joint=-3.58149899 time_nll=-3.59453834 log_qty_mse=0.01303935 qty_mae=3.26052374
[epoch 160] backbone=rmtpp seed=42 train_joint=-3.58706844 val_joint=-3.57987452 time_nll=-3.59477581 log_qty_mse=0.01490129 qty_mae=3.46182622
[epoch 161] backbone=rmtpp seed=42 train_joint=-3.58729899 val_joint=-3.57958492 time_nll=-3.59501300 log_qty_mse=0.01542807 qty_mae=3.56967092
[epoch 162] backbone=rmtpp seed=42 train_joint=-3.58752997 val_joint=-3.57816361 time_nll=-3.59525001 log_qty_mse=0.01708640 qty_mae=3.73740605
[epoch 163] backbone=rmtpp seed=42 train_joint=-3.58778714 val_joint=-3.57717002 time_nll=-3.59548726 log_qty_mse=0.01831725 qty_mae=3.85203601
[epoch 164] backbone=rmtpp seed=42 train_joint=-3.58801703 val_joint=-3.57999250 time_nll=-3.59572434 log_qty_mse=0.01573184 qty_mae=3.61685528
[epoch 165] backbone=rmtpp seed=42 train_joint=-3.58827356 val_joint=-3.57911315 time_nll=-3.59596131 log_qty_mse=0.01684816 qty_mae=3.73187396
[epoch 166] backbone=rmtpp seed=42 train_joint=-3.58850439 val_joint=-3.57574520 time_nll=-3.59619840 log_qty_mse=0.02045320 qty_mae=4.11882788
[epoch 167] backbone=rmtpp seed=42 train_joint=-3.58873859 val_joint=-3.58247606 time_nll=-3.59643501 log_qty_mse=0.01395895 qty_mae=3.40707438
[epoch 168] backbone=rmtpp seed=42 train_joint=-3.58897359 val_joint=-3.58339157 time_nll=-3.59667177 log_qty_mse=0.01328021 qty_mae=3.26617251
[epoch 169] backbone=rmtpp seed=42 train_joint=-3.58922191 val_joint=-3.58387889 time_nll=-3.59690666 log_qty_mse=0.01302777 qty_mae=3.23667832
[epoch 170] backbone=rmtpp seed=42 train_joint=-3.58945614 val_joint=-3.58104850 time_nll=-3.59714084 log_qty_mse=0.01609234 qty_mae=3.60435075
[epoch 171] backbone=rmtpp seed=42 train_joint=-3.58970369 val_joint=-3.58793281 time_nll=-3.59738147 log_qty_mse=0.00944866 qty_mae=2.73243855
[epoch 172] backbone=rmtpp seed=42 train_joint=-3.58993411 val_joint=-3.58018470 time_nll=-3.59761870 log_qty_mse=0.01743400 qty_mae=3.76806138
[epoch 173] backbone=rmtpp seed=42 train_joint=-3.59015088 val_joint=-3.58213330 time_nll=-3.59785426 log_qty_mse=0.01572097 qty_mae=3.53156894
[epoch 174] backbone=rmtpp seed=42 train_joint=-3.59042053 val_joint=-3.58792765 time_nll=-3.59809156 log_qty_mse=0.01016391 qty_mae=2.82190579
[epoch 175] backbone=rmtpp seed=42 train_joint=-3.59064817 val_joint=-3.58401530 time_nll=-3.59832798 log_qty_mse=0.01431268 qty_mae=3.38361518
[epoch 176] backbone=rmtpp seed=42 train_joint=-3.59088783 val_joint=-3.58374268 time_nll=-3.59856421 log_qty_mse=0.01482153 qty_mae=3.44924355
[epoch 177] backbone=rmtpp seed=42 train_joint=-3.59112737 val_joint=-3.58207271 time_nll=-3.59880077 log_qty_mse=0.01672806 qty_mae=3.64390841
[epoch 178] backbone=rmtpp seed=42 train_joint=-3.59133323 val_joint=-3.58428846 time_nll=-3.59903692 log_qty_mse=0.01474846 qty_mae=3.56561563
[epoch 179] backbone=rmtpp seed=42 train_joint=-3.59158845 val_joint=-3.58743829 time_nll=-3.59927270 log_qty_mse=0.01183441 qty_mae=3.04323778
[epoch 180] backbone=rmtpp seed=42 train_joint=-3.59183716 val_joint=-3.58575855 time_nll=-3.59949486 log_qty_mse=0.01373631 qty_mae=3.34131062
[epoch 181] backbone=rmtpp seed=42 train_joint=-3.59194285 val_joint=-3.58691017 time_nll=-3.59949422 log_qty_mse=0.01258405 qty_mae=3.19993980
[epoch 182] backbone=rmtpp seed=42 train_joint=-3.59194607 val_joint=-3.58339991 time_nll=-3.59949488 log_qty_mse=0.01609497 qty_mae=3.63481016
[epoch 183] backbone=rmtpp seed=42 train_joint=-3.59193526 val_joint=-3.58336092 time_nll=-3.59949406 log_qty_mse=0.01613315 qty_mae=3.64296899
[epoch 184] backbone=rmtpp seed=42 train_joint=-3.59196314 val_joint=-3.58234419 time_nll=-3.59949477 log_qty_mse=0.01715058 qty_mae=3.73944504
[epoch 185] backbone=rmtpp seed=42 train_joint=-3.59194908 val_joint=-3.58455152 time_nll=-3.59949437 log_qty_mse=0.01494285 qty_mae=3.45900667
[epoch 186] backbone=rmtpp seed=42 train_joint=-3.59194377 val_joint=-3.58295854 time_nll=-3.59949405 log_qty_mse=0.01653551 qty_mae=3.68168327
[epoch 187] backbone=rmtpp seed=42 train_joint=-3.59194598 val_joint=-3.58095184 time_nll=-3.59949477 log_qty_mse=0.01854293 qty_mae=3.81772446
[epoch 188] backbone=rmtpp seed=42 train_joint=-3.59195467 val_joint=-3.58330020 time_nll=-3.59949481 log_qty_mse=0.01619461 qty_mae=3.59403750
[epoch 189] backbone=rmtpp seed=42 train_joint=-3.59185228 val_joint=-3.58624438 time_nll=-3.59949481 log_qty_mse=0.01325043 qty_mae=3.30310779
[epoch 190] backbone=rmtpp seed=42 train_joint=-3.59191837 val_joint=-3.58421543 time_nll=-3.59949475 log_qty_mse=0.01527933 qty_mae=3.52790282
[epoch 191] backbone=rmtpp seed=42 train_joint=-3.59196319 val_joint=-3.58454753 time_nll=-3.59949463 log_qty_mse=0.01494710 qty_mae=3.41910766
[epoch 192] backbone=rmtpp seed=42 train_joint=-3.59194676 val_joint=-3.58433428 time_nll=-3.59949489 log_qty_mse=0.01516060 qty_mae=3.48751411
[epoch 193] backbone=rmtpp seed=42 train_joint=-3.59196057 val_joint=-3.58328362 time_nll=-3.59949475 log_qty_mse=0.01621113 qty_mae=3.60634112
[epoch 194] backbone=rmtpp seed=42 train_joint=-3.59194828 val_joint=-3.58655181 time_nll=-3.59949425 log_qty_mse=0.01294244 qty_mae=3.21978438
[epoch 195] backbone=rmtpp seed=42 train_joint=-3.59194887 val_joint=-3.58771926 time_nll=-3.59949324 log_qty_mse=0.01177398 qty_mae=3.09888646
[epoch 196] backbone=rmtpp seed=42 train_joint=-3.59195539 val_joint=-3.58480834 time_nll=-3.59949454 log_qty_mse=0.01468620 qty_mae=3.47460631
[epoch 197] backbone=rmtpp seed=42 train_joint=-3.59196024 val_joint=-3.58260556 time_nll=-3.59949452 log_qty_mse=0.01688896 qty_mae=3.60455353
[epoch 198] backbone=rmtpp seed=42 train_joint=-3.59196619 val_joint=-3.58555666 time_nll=-3.59949457 log_qty_mse=0.01393790 qty_mae=3.27997100
[epoch 199] backbone=rmtpp seed=42 train_joint=-3.59195763 val_joint=-3.58214960 time_nll=-3.59949443 log_qty_mse=0.01734483 qty_mae=3.69217424
[epoch 200] backbone=rmtpp seed=42 train_joint=-3.59196643 val_joint=-3.58225317 time_nll=-3.59949455 log_qty_mse=0.01724138 qty_mae=3.72650337
[epoch 201] backbone=rmtpp seed=42 train_joint=-3.59198178 val_joint=-3.58354159 time_nll=-3.59949465 log_qty_mse=0.01595306 qty_mae=3.60140483
[epoch 202] backbone=rmtpp seed=42 train_joint=-3.59197068 val_joint=-3.58252335 time_nll=-3.59949458 log_qty_mse=0.01697124 qty_mae=3.62805847
[epoch 203] backbone=rmtpp seed=42 train_joint=-3.59198200 val_joint=-3.58293494 time_nll=-3.59949325 log_qty_mse=0.01655831 qty_mae=3.71812694
[epoch 204] backbone=rmtpp seed=42 train_joint=-3.59196915 val_joint=-3.58820379 time_nll=-3.59949444 log_qty_mse=0.01129066 qty_mae=2.99103432
[epoch 205] backbone=rmtpp seed=42 train_joint=-3.59196402 val_joint=-3.58581832 time_nll=-3.59949320 log_qty_mse=0.01367488 qty_mae=3.34742813
[epoch 206] backbone=rmtpp seed=42 train_joint=-3.59198011 val_joint=-3.58275710 time_nll=-3.59949483 log_qty_mse=0.01673773 qty_mae=3.56664411
[epoch 207] backbone=rmtpp seed=42 train_joint=-3.59197688 val_joint=-3.58993551 time_nll=-3.59949480 log_qty_mse=0.00955929 qty_mae=2.70901398
[epoch 208] backbone=rmtpp seed=42 train_joint=-3.59196471 val_joint=-3.58027744 time_nll=-3.59949475 log_qty_mse=0.01921731 qty_mae=3.78954240
[epoch 209] backbone=rmtpp seed=42 train_joint=-3.59197383 val_joint=-3.58243080 time_nll=-3.59949483 log_qty_mse=0.01706403 qty_mae=3.67739885
[epoch 210] backbone=rmtpp seed=42 train_joint=-3.59198018 val_joint=-3.58479372 time_nll=-3.59949440 log_qty_mse=0.01470067 qty_mae=3.45666804
[epoch 211] backbone=rmtpp seed=42 train_joint=-3.59198720 val_joint=-3.58130669 time_nll=-3.59949482 log_qty_mse=0.01818813 qty_mae=3.82720794
[epoch 212] backbone=rmtpp seed=42 train_joint=-3.59196714 val_joint=-3.58266803 time_nll=-3.59949473 log_qty_mse=0.01682670 qty_mae=3.59594162
[epoch 213] backbone=rmtpp seed=42 train_joint=-3.59197666 val_joint=-3.58458278 time_nll=-3.59949442 log_qty_mse=0.01491164 qty_mae=3.44269132
[epoch 214] backbone=rmtpp seed=42 train_joint=-3.59198128 val_joint=-3.58444354 time_nll=-3.59949483 log_qty_mse=0.01505129 qty_mae=3.53805302
[epoch 215] backbone=rmtpp seed=42 train_joint=-3.59197431 val_joint=-3.58324069 time_nll=-3.59949307 log_qty_mse=0.01625237 qty_mae=3.57449348
[epoch 216] backbone=rmtpp seed=42 train_joint=-3.59198232 val_joint=-3.58312660 time_nll=-3.59949419 log_qty_mse=0.01636759 qty_mae=3.63005250
[epoch 217] backbone=rmtpp seed=42 train_joint=-3.59198504 val_joint=-3.58592259 time_nll=-3.59949461 log_qty_mse=0.01357202 qty_mae=3.31873593
[epoch 218] backbone=rmtpp seed=42 train_joint=-3.59198236 val_joint=-3.58242907 time_nll=-3.59949245 log_qty_mse=0.01706338 qty_mae=3.61234808
[epoch 219] backbone=rmtpp seed=42 train_joint=-3.59198502 val_joint=-3.58304996 time_nll=-3.59949475 log_qty_mse=0.01644479 qty_mae=3.62814982
[epoch 220] backbone=rmtpp seed=42 train_joint=-3.59200202 val_joint=-3.58672378 time_nll=-3.59949465 log_qty_mse=0.01277088 qty_mae=3.16320250
[epoch 221] backbone=rmtpp seed=42 train_joint=-3.59195291 val_joint=-3.57683044 time_nll=-3.59949281 log_qty_mse=0.02266237 qty_mae=4.19638443
[epoch 222] backbone=rmtpp seed=42 train_joint=-3.59195735 val_joint=-3.58299936 time_nll=-3.59949479 log_qty_mse=0.01649542 qty_mae=3.64565798
[epoch 223] backbone=rmtpp seed=42 train_joint=-3.59197975 val_joint=-3.58513629 time_nll=-3.59949467 log_qty_mse=0.01435838 qty_mae=3.41224674
[epoch 224] backbone=rmtpp seed=42 train_joint=-3.59200115 val_joint=-3.58706841 time_nll=-3.59948822 log_qty_mse=0.01241981 qty_mae=3.16209858
[epoch 225] backbone=rmtpp seed=42 train_joint=-3.59197138 val_joint=-3.57897822 time_nll=-3.59949440 log_qty_mse=0.02051618 qty_mae=3.99989322
[epoch 226] backbone=rmtpp seed=42 train_joint=-3.59197467 val_joint=-3.58001678 time_nll=-3.59949257 log_qty_mse=0.01947578 qty_mae=3.94204635
[epoch 227] backbone=rmtpp seed=42 train_joint=-3.59198031 val_joint=-3.58238771 time_nll=-3.59949338 log_qty_mse=0.01710567 qty_mae=3.64715018
[epoch 228] backbone=rmtpp seed=42 train_joint=-3.59199933 val_joint=-3.58343707 time_nll=-3.59949324 log_qty_mse=0.01605617 qty_mae=3.54058668
[epoch 229] backbone=rmtpp seed=42 train_joint=-3.59199081 val_joint=-3.58032899 time_nll=-3.59949438 log_qty_mse=0.01916540 qty_mae=3.88574605
[epoch 230] backbone=rmtpp seed=42 train_joint=-3.59198598 val_joint=-3.58254165 time_nll=-3.59949070 log_qty_mse=0.01694905 qty_mae=3.67706016
[epoch 231] backbone=rmtpp seed=42 train_joint=-3.59197323 val_joint=-3.58316291 time_nll=-3.59949460 log_qty_mse=0.01633169 qty_mae=3.57366078
[epoch 232] backbone=rmtpp seed=42 train_joint=-3.59199544 val_joint=-3.58236489 time_nll=-3.59949328 log_qty_mse=0.01712838 qty_mae=3.69112009
[epoch 233] backbone=rmtpp seed=42 train_joint=-3.59199926 val_joint=-3.58288127 time_nll=-3.59949451 log_qty_mse=0.01661324 qty_mae=3.65189515
[epoch 234] backbone=rmtpp seed=42 train_joint=-3.59199589 val_joint=-3.58219249 time_nll=-3.59949432 log_qty_mse=0.01730183 qty_mae=3.70939679
[epoch 235] backbone=rmtpp seed=42 train_joint=-3.59192815 val_joint=-3.58232355 time_nll=-3.59949412 log_qty_mse=0.01717058 qty_mae=3.70434888
[epoch 236] backbone=rmtpp seed=42 train_joint=-3.59198867 val_joint=-3.58491471 time_nll=-3.59949451 log_qty_mse=0.01457980 qty_mae=3.37287678
[epoch 237] backbone=rmtpp seed=42 train_joint=-3.59200000 val_joint=-3.58299139 time_nll=-3.59949480 log_qty_mse=0.01650341 qty_mae=3.59990763
[epoch 238] backbone=rmtpp seed=42 train_joint=-3.59199555 val_joint=-3.58232052 time_nll=-3.59949420 log_qty_mse=0.01717368 qty_mae=3.66755263
[epoch 239] backbone=rmtpp seed=42 train_joint=-3.59200735 val_joint=-3.58081617 time_nll=-3.59949329 log_qty_mse=0.01867713 qty_mae=3.83758853
[epoch 240] backbone=rmtpp seed=42 train_joint=-3.59201152 val_joint=-3.58553271 time_nll=-3.59949488 log_qty_mse=0.01396217 qty_mae=3.37094421
[epoch 241] backbone=rmtpp seed=42 train_joint=-3.59199513 val_joint=-3.58386988 time_nll=-3.59949435 log_qty_mse=0.01562447 qty_mae=3.49431910
[epoch 242] backbone=rmtpp seed=42 train_joint=-3.59200252 val_joint=-3.58414714 time_nll=-3.59949434 log_qty_mse=0.01534721 qty_mae=3.42859835
[epoch 243] backbone=rmtpp seed=42 train_joint=-3.59200271 val_joint=-3.58407349 time_nll=-3.59949466 log_qty_mse=0.01542117 qty_mae=3.53246200
[epoch 244] backbone=rmtpp seed=42 train_joint=-3.59199351 val_joint=-3.58279109 time_nll=-3.59949477 log_qty_mse=0.01670368 qty_mae=3.57154166
[epoch 245] backbone=rmtpp seed=42 train_joint=-3.59199615 val_joint=-3.58028965 time_nll=-3.59949072 log_qty_mse=0.01920108 qty_mae=3.91991606
[epoch 246] backbone=rmtpp seed=42 train_joint=-3.59202369 val_joint=-3.57683388 time_nll=-3.59949351 log_qty_mse=0.02265963 qty_mae=4.17087994
[epoch 247] backbone=rmtpp seed=42 train_joint=-3.59200715 val_joint=-3.58231827 time_nll=-3.59949239 log_qty_mse=0.01717412 qty_mae=3.69529930
[early-stop] backbone=rmtpp seed=42 current_epoch=247 best_epoch=207
[epoch 001] backbone=rmtpp seed=52 train_joint=1.50118961 val_joint=0.78517500 time_nll=0.77973075 log_qty_mse=0.00544425 qty_mae=1.16236285
[epoch 002] backbone=rmtpp seed=52 train_joint=0.41781092 val_joint=0.21965055 time_nll=0.21299961 log_qty_mse=0.00665093 qty_mae=1.26589844
[epoch 003] backbone=rmtpp seed=52 train_joint=-0.05813321 val_joint=0.60001828 time_nll=0.59339305 log_qty_mse=0.00662523 qty_mae=1.30237482
[epoch 004] backbone=rmtpp seed=52 train_joint=-0.43668780 val_joint=-0.64810594 time_nll=-0.65408619 log_qty_mse=0.00598025 qty_mae=1.14033137
[epoch 005] backbone=rmtpp seed=52 train_joint=-1.06749066 val_joint=-1.24437013 time_nll=-1.24883758 log_qty_mse=0.00446745 qty_mae=0.97211264
[epoch 006] backbone=rmtpp seed=52 train_joint=-1.35019863 val_joint=-1.46216059 time_nll=-1.46626816 log_qty_mse=0.00410757 qty_mae=1.00196339
[epoch 007] backbone=rmtpp seed=52 train_joint=-1.55374721 val_joint=-1.65044343 time_nll=-1.65493382 log_qty_mse=0.00449039 qty_mae=1.07893970
[epoch 008] backbone=rmtpp seed=52 train_joint=-1.72670257 val_joint=-1.80864511 time_nll=-1.81252958 log_qty_mse=0.00388447 qty_mae=1.01460242
[epoch 009] backbone=rmtpp seed=52 train_joint=-1.87210897 val_joint=-1.94228414 time_nll=-1.94628998 log_qty_mse=0.00400584 qty_mae=1.04665044
[epoch 010] backbone=rmtpp seed=52 train_joint=-1.99648729 val_joint=-2.05767627 time_nll=-2.06182749 log_qty_mse=0.00415122 qty_mae=0.97476128
[epoch 011] backbone=rmtpp seed=52 train_joint=-2.10476863 val_joint=-2.15952361 time_nll=-2.16307992 log_qty_mse=0.00355631 qty_mae=0.84315033
[epoch 012] backbone=rmtpp seed=52 train_joint=-2.20019822 val_joint=-2.24899881 time_nll=-2.25283777 log_qty_mse=0.00383896 qty_mae=0.88399667
[epoch 013] backbone=rmtpp seed=52 train_joint=-2.28517038 val_joint=-2.32944849 time_nll=-2.33315261 log_qty_mse=0.00370412 qty_mae=0.94526501
[epoch 014] backbone=rmtpp seed=52 train_joint=-2.36148537 val_joint=-2.40164934 time_nll=-2.40559792 log_qty_mse=0.00394858 qty_mae=1.17700357
[epoch 015] backbone=rmtpp seed=52 train_joint=-2.43058667 val_joint=-2.46749479 time_nll=-2.47140639 log_qty_mse=0.00391160 qty_mae=0.95608552
[epoch 016] backbone=rmtpp seed=52 train_joint=-2.49353002 val_joint=-2.52790558 time_nll=-2.53152880 log_qty_mse=0.00362322 qty_mae=0.99233919
[epoch 017] backbone=rmtpp seed=52 train_joint=-2.55110599 val_joint=-2.58289026 time_nll=-2.58658449 log_qty_mse=0.00369423 qty_mae=1.06504940
[epoch 018] backbone=rmtpp seed=52 train_joint=-2.60410206 val_joint=-2.63380684 time_nll=-2.63751037 log_qty_mse=0.00370353 qty_mae=0.95365827
[epoch 019] backbone=rmtpp seed=52 train_joint=-2.65304289 val_joint=-2.67973905 time_nll=-2.68453869 log_qty_mse=0.00479964 qty_mae=1.42936024
[epoch 020] backbone=rmtpp seed=52 train_joint=-2.69836850 val_joint=-2.72327605 time_nll=-2.72811366 log_qty_mse=0.00483761 qty_mae=1.49450211
[epoch 021] backbone=rmtpp seed=52 train_joint=-2.74056101 val_joint=-2.76488301 time_nll=-2.76887845 log_qty_mse=0.00399544 qty_mae=1.16904939
[epoch 022] backbone=rmtpp seed=52 train_joint=-2.77996616 val_joint=-2.80079374 time_nll=-2.80689640 log_qty_mse=0.00610266 qty_mae=1.91174243
[epoch 023] backbone=rmtpp seed=52 train_joint=-2.81673710 val_joint=-2.83743100 time_nll=-2.84243682 log_qty_mse=0.00500582 qty_mae=1.49600785
[epoch 024] backbone=rmtpp seed=52 train_joint=-2.85115561 val_joint=-2.87029437 time_nll=-2.87572859 log_qty_mse=0.00543422 qty_mae=1.52934129
[epoch 025] backbone=rmtpp seed=52 train_joint=-2.88343292 val_joint=-2.90264078 time_nll=-2.90700609 log_qty_mse=0.00436531 qty_mae=1.38391523
[epoch 026] backbone=rmtpp seed=52 train_joint=-2.91391366 val_joint=-2.93056084 time_nll=-2.93663421 log_qty_mse=0.00607337 qty_mae=2.00095257
[epoch 027] backbone=rmtpp seed=52 train_joint=-2.94267723 val_joint=-2.95933858 time_nll=-2.96454187 log_qty_mse=0.00520329 qty_mae=1.51715281
[epoch 028] backbone=rmtpp seed=52 train_joint=-2.96982195 val_joint=-2.98357159 time_nll=-2.99088257 log_qty_mse=0.00731097 qty_mae=2.22710075
[epoch 029] backbone=rmtpp seed=52 train_joint=-2.99543450 val_joint=-3.00846917 time_nll=-3.01578225 log_qty_mse=0.00731308 qty_mae=2.28450029
[epoch 030] backbone=rmtpp seed=52 train_joint=-3.01968389 val_joint=-3.03180569 time_nll=-3.03934199 log_qty_mse=0.00753630 qty_mae=2.32934220
[epoch 031] backbone=rmtpp seed=52 train_joint=-3.04262475 val_joint=-3.05524368 time_nll=-3.06167770 log_qty_mse=0.00643402 qty_mae=2.00643216
[epoch 032] backbone=rmtpp seed=52 train_joint=-3.06439701 val_joint=-3.07518335 time_nll=-3.08286165 log_qty_mse=0.00767831 qty_mae=2.26966815
[epoch 033] backbone=rmtpp seed=52 train_joint=-3.08505570 val_joint=-3.09257886 time_nll=-3.10298235 log_qty_mse=0.01040349 qty_mae=2.82335371
[epoch 034] backbone=rmtpp seed=52 train_joint=-3.10473773 val_joint=-3.11158949 time_nll=-3.12219358 log_qty_mse=0.01060408 qty_mae=2.82847813
[epoch 035] backbone=rmtpp seed=52 train_joint=-3.12353369 val_joint=-3.13168321 time_nll=-3.14058270 log_qty_mse=0.00889949 qty_mae=2.60639506
[epoch 036] backbone=rmtpp seed=52 train_joint=-3.14151956 val_joint=-3.14885913 time_nll=-3.15809872 log_qty_mse=0.00923960 qty_mae=2.67440280
[epoch 037] backbone=rmtpp seed=52 train_joint=-3.15854784 val_joint=-3.16371876 time_nll=-3.17463208 log_qty_mse=0.01091333 qty_mae=2.89779416
[epoch 038] backbone=rmtpp seed=52 train_joint=-3.17470599 val_joint=-3.18017781 time_nll=-3.19039584 log_qty_mse=0.01021803 qty_mae=2.79611300
[epoch 039] backbone=rmtpp seed=52 train_joint=-3.19009803 val_joint=-3.19437520 time_nll=-3.20542941 log_qty_mse=0.01105421 qty_mae=2.92440275
[epoch 040] backbone=rmtpp seed=52 train_joint=-3.20481632 val_joint=-3.20996003 time_nll=-3.21981655 log_qty_mse=0.00985651 qty_mae=2.75140094
[epoch 041] backbone=rmtpp seed=52 train_joint=-3.21888722 val_joint=-3.22280476 time_nll=-3.23358826 log_qty_mse=0.01078349 qty_mae=2.95061311
[epoch 042] backbone=rmtpp seed=52 train_joint=-3.23243824 val_joint=-3.23682818 time_nll=-3.24691877 log_qty_mse=0.01009059 qty_mae=2.75293681
[epoch 043] backbone=rmtpp seed=52 train_joint=-3.24556265 val_joint=-3.25167604 time_nll=-3.25980864 log_qty_mse=0.00813260 qty_mae=2.45384545
[epoch 044] backbone=rmtpp seed=52 train_joint=-3.25819413 val_joint=-3.26211348 time_nll=-3.27216924 log_qty_mse=0.01005575 qty_mae=2.83916490
[epoch 045] backbone=rmtpp seed=52 train_joint=-3.27032005 val_joint=-3.27136160 time_nll=-3.28401294 log_qty_mse=0.01265134 qty_mae=3.13441786
[epoch 046] backbone=rmtpp seed=52 train_joint=-3.28189676 val_joint=-3.28504302 time_nll=-3.29536719 log_qty_mse=0.01032417 qty_mae=2.83556105
[epoch 047] backbone=rmtpp seed=52 train_joint=-3.29301877 val_joint=-3.29603127 time_nll=-3.30625443 log_qty_mse=0.01022316 qty_mae=2.90010183
[epoch 048] backbone=rmtpp seed=52 train_joint=-3.30369445 val_joint=-3.30660100 time_nll=-3.31669660 log_qty_mse=0.01009560 qty_mae=2.81665755
[epoch 049] backbone=rmtpp seed=52 train_joint=-3.31393547 val_joint=-3.31748589 time_nll=-3.32671596 log_qty_mse=0.00923007 qty_mae=2.61054982
[epoch 050] backbone=rmtpp seed=52 train_joint=-3.32375596 val_joint=-3.32507435 time_nll=-3.33633341 log_qty_mse=0.01125905 qty_mae=2.87563382
[epoch 051] backbone=rmtpp seed=52 train_joint=-3.33317369 val_joint=-3.33617059 time_nll=-3.34555769 log_qty_mse=0.00938710 qty_mae=2.60089541
[epoch 052] backbone=rmtpp seed=52 train_joint=-3.34224336 val_joint=-3.34212248 time_nll=-3.35444299 log_qty_mse=0.01232051 qty_mae=2.98029068
[epoch 053] backbone=rmtpp seed=52 train_joint=-3.35096088 val_joint=-3.35302631 time_nll=-3.36297104 log_qty_mse=0.00994472 qty_mae=2.70752698
[epoch 054] backbone=rmtpp seed=52 train_joint=-3.35933309 val_joint=-3.36021866 time_nll=-3.37118279 log_qty_mse=0.01096413 qty_mae=2.89554260
[epoch 055] backbone=rmtpp seed=52 train_joint=-3.36739081 val_joint=-3.37163596 time_nll=-3.37909417 log_qty_mse=0.00745821 qty_mae=2.25824661
[epoch 056] backbone=rmtpp seed=52 train_joint=-3.37513417 val_joint=-3.37471827 time_nll=-3.38671616 log_qty_mse=0.01199789 qty_mae=2.93018561
[epoch 057] backbone=rmtpp seed=52 train_joint=-3.38258457 val_joint=-3.38445499 time_nll=-3.39399873 log_qty_mse=0.00954374 qty_mae=2.64585188
[epoch 058] backbone=rmtpp seed=52 train_joint=-3.38978540 val_joint=-3.39212619 time_nll=-3.40102001 log_qty_mse=0.00889382 qty_mae=2.56739321
[epoch 059] backbone=rmtpp seed=52 train_joint=-3.39669064 val_joint=-3.39773299 time_nll=-3.40781423 log_qty_mse=0.01008125 qty_mae=2.77895425
[epoch 060] backbone=rmtpp seed=52 train_joint=-3.40334147 val_joint=-3.40071776 time_nll=-3.41436810 log_qty_mse=0.01365034 qty_mae=3.23870841
[epoch 061] backbone=rmtpp seed=52 train_joint=-3.40975968 val_joint=-3.41056711 time_nll=-3.42062175 log_qty_mse=0.01005464 qty_mae=2.78363440
[epoch 062] backbone=rmtpp seed=52 train_joint=-3.41593932 val_joint=-3.41476366 time_nll=-3.42669165 log_qty_mse=0.01192799 qty_mae=3.07400415
[epoch 063] backbone=rmtpp seed=52 train_joint=-3.42190596 val_joint=-3.42235444 time_nll=-3.43256640 log_qty_mse=0.01021196 qty_mae=2.84762320
[epoch 064] backbone=rmtpp seed=52 train_joint=-3.42765018 val_joint=-3.42723206 time_nll=-3.43815725 log_qty_mse=0.01092519 qty_mae=2.95398263
[epoch 065] backbone=rmtpp seed=52 train_joint=-3.43316263 val_joint=-3.43482788 time_nll=-3.44361464 log_qty_mse=0.00878676 qty_mae=2.50828996
[epoch 066] backbone=rmtpp seed=52 train_joint=-3.43849570 val_joint=-3.43724126 time_nll=-3.44884422 log_qty_mse=0.01160296 qty_mae=2.98300677
[epoch 067] backbone=rmtpp seed=52 train_joint=-3.44367058 val_joint=-3.44038196 time_nll=-3.45389010 log_qty_mse=0.01350813 qty_mae=3.20672521
[epoch 068] backbone=rmtpp seed=52 train_joint=-3.44862401 val_joint=-3.44515877 time_nll=-3.45879325 log_qty_mse=0.01363448 qty_mae=3.19068938
[epoch 069] backbone=rmtpp seed=52 train_joint=-3.45342598 val_joint=-3.45086786 time_nll=-3.46346455 log_qty_mse=0.01259668 qty_mae=3.09725542
[epoch 070] backbone=rmtpp seed=52 train_joint=-3.45804664 val_joint=-3.45491378 time_nll=-3.46805237 log_qty_mse=0.01313859 qty_mae=3.21762489
[epoch 071] backbone=rmtpp seed=52 train_joint=-3.46252221 val_joint=-3.45652907 time_nll=-3.47238966 log_qty_mse=0.01586059 qty_mae=3.48191360
[epoch 072] backbone=rmtpp seed=52 train_joint=-3.46682471 val_joint=-3.46283326 time_nll=-3.47667114 log_qty_mse=0.01383788 qty_mae=3.41237948
[epoch 073] backbone=rmtpp seed=52 train_joint=-3.47094949 val_joint=-3.46739215 time_nll=-3.48071237 log_qty_mse=0.01332021 qty_mae=3.24382111
[epoch 074] backbone=rmtpp seed=52 train_joint=-3.47498964 val_joint=-3.47293311 time_nll=-3.48469312 log_qty_mse=0.01176002 qty_mae=3.04043927
[epoch 075] backbone=rmtpp seed=52 train_joint=-3.47890361 val_joint=-3.47734846 time_nll=-3.48848153 log_qty_mse=0.01113307 qty_mae=2.93460571
[epoch 076] backbone=rmtpp seed=52 train_joint=-3.48261085 val_joint=-3.48201657 time_nll=-3.49216707 log_qty_mse=0.01015050 qty_mae=2.78367941
[epoch 077] backbone=rmtpp seed=52 train_joint=-3.48627071 val_joint=-3.48279216 time_nll=-3.49574715 log_qty_mse=0.01295499 qty_mae=3.09113878
[epoch 078] backbone=rmtpp seed=52 train_joint=-3.48972890 val_joint=-3.48713650 time_nll=-3.49914795 log_qty_mse=0.01201146 qty_mae=3.04513442
[epoch 079] backbone=rmtpp seed=52 train_joint=-3.49314227 val_joint=-3.49273473 time_nll=-3.50253597 log_qty_mse=0.00980124 qty_mae=2.73461456
[epoch 080] backbone=rmtpp seed=52 train_joint=-3.49642761 val_joint=-3.48946102 time_nll=-3.50569091 log_qty_mse=0.01622990 qty_mae=3.51889605
[epoch 081] backbone=rmtpp seed=52 train_joint=-3.49954399 val_joint=-3.49390611 time_nll=-3.50879630 log_qty_mse=0.01489019 qty_mae=3.38738623
[epoch 082] backbone=rmtpp seed=52 train_joint=-3.50265030 val_joint=-3.50321429 time_nll=-3.51185734 log_qty_mse=0.00864305 qty_mae=2.56714897
[epoch 083] backbone=rmtpp seed=52 train_joint=-3.50557089 val_joint=-3.50170087 time_nll=-3.51468925 log_qty_mse=0.01298838 qty_mae=3.15648568
[epoch 084] backbone=rmtpp seed=52 train_joint=-3.50841189 val_joint=-3.50601714 time_nll=-3.51751189 log_qty_mse=0.01149476 qty_mae=2.93692431
[epoch 085] backbone=rmtpp seed=52 train_joint=-3.51123739 val_joint=-3.50817302 time_nll=-3.52027654 log_qty_mse=0.01210352 qty_mae=3.01329699
[epoch 086] backbone=rmtpp seed=52 train_joint=-3.51380961 val_joint=-3.50715031 time_nll=-3.52282943 log_qty_mse=0.01567911 qty_mae=3.42564118
[epoch 087] backbone=rmtpp seed=52 train_joint=-3.51642157 val_joint=-3.51342400 time_nll=-3.52537350 log_qty_mse=0.01194950 qty_mae=2.97173498
[epoch 088] backbone=rmtpp seed=52 train_joint=-3.51893202 val_joint=-3.51785896 time_nll=-3.52791498 log_qty_mse=0.01005602 qty_mae=2.75310336
[epoch 089] backbone=rmtpp seed=52 train_joint=-3.52138448 val_joint=-3.51864987 time_nll=-3.53020697 log_qty_mse=0.01155710 qty_mae=3.02116696
[epoch 090] backbone=rmtpp seed=52 train_joint=-3.52366545 val_joint=-3.51693391 time_nll=-3.53248102 log_qty_mse=0.01554711 qty_mae=3.43937947
[epoch 091] backbone=rmtpp seed=52 train_joint=-3.52594873 val_joint=-3.52255004 time_nll=-3.53474162 log_qty_mse=0.01219157 qty_mae=3.15319345
[epoch 092] backbone=rmtpp seed=52 train_joint=-3.52814959 val_joint=-3.52479869 time_nll=-3.53692914 log_qty_mse=0.01213044 qty_mae=3.07148208
[epoch 093] backbone=rmtpp seed=52 train_joint=-3.53028577 val_joint=-3.52496633 time_nll=-3.53893638 log_qty_mse=0.01397005 qty_mae=3.23346624
[epoch 094] backbone=rmtpp seed=52 train_joint=-3.53225763 val_joint=-3.52700399 time_nll=-3.54094091 log_qty_mse=0.01393692 qty_mae=3.23348127
[epoch 095] backbone=rmtpp seed=52 train_joint=-3.53426709 val_joint=-3.52870840 time_nll=-3.54294190 log_qty_mse=0.01423350 qty_mae=3.19762922
[epoch 096] backbone=rmtpp seed=52 train_joint=-3.53626731 val_joint=-3.52935256 time_nll=-3.54486705 log_qty_mse=0.01551449 qty_mae=3.50076893
[epoch 097] backbone=rmtpp seed=52 train_joint=-3.53806380 val_joint=-3.53373646 time_nll=-3.54661150 log_qty_mse=0.01287504 qty_mae=3.04269959
[epoch 098] backbone=rmtpp seed=52 train_joint=-3.53983481 val_joint=-3.53704779 time_nll=-3.54835177 log_qty_mse=0.01130398 qty_mae=3.02482074
[epoch 099] backbone=rmtpp seed=52 train_joint=-3.54152344 val_joint=-3.53687734 time_nll=-3.55008890 log_qty_mse=0.01321156 qty_mae=3.12895469
[epoch 100] backbone=rmtpp seed=52 train_joint=-3.54332399 val_joint=-3.53955896 time_nll=-3.55182480 log_qty_mse=0.01226584 qty_mae=3.10956157
[epoch 101] backbone=rmtpp seed=52 train_joint=-3.54498029 val_joint=-3.54081225 time_nll=-3.55339619 log_qty_mse=0.01258395 qty_mae=3.19281416
[epoch 102] backbone=rmtpp seed=52 train_joint=-3.54648486 val_joint=-3.54015279 time_nll=-3.55487870 log_qty_mse=0.01472591 qty_mae=3.34968328
[epoch 103] backbone=rmtpp seed=52 train_joint=-3.54796722 val_joint=-3.54021933 time_nll=-3.55635786 log_qty_mse=0.01613853 qty_mae=3.48277656
[epoch 104] backbone=rmtpp seed=52 train_joint=-3.54945558 val_joint=-3.54541262 time_nll=-3.55783620 log_qty_mse=0.01242358 qty_mae=3.14040717
[epoch 105] backbone=rmtpp seed=52 train_joint=-3.55092201 val_joint=-3.54434481 time_nll=-3.55931267 log_qty_mse=0.01496787 qty_mae=3.54304990
[epoch 106] backbone=rmtpp seed=52 train_joint=-3.55240613 val_joint=-3.54794700 time_nll=-3.56072591 log_qty_mse=0.01277890 qty_mae=3.18566436
[epoch 107] backbone=rmtpp seed=52 train_joint=-3.55371780 val_joint=-3.54635445 time_nll=-3.56195240 log_qty_mse=0.01559795 qty_mae=3.47521998
[epoch 108] backbone=rmtpp seed=52 train_joint=-3.55492754 val_joint=-3.54764644 time_nll=-3.56317693 log_qty_mse=0.01553049 qty_mae=3.41656981
[epoch 109] backbone=rmtpp seed=52 train_joint=-3.55614723 val_joint=-3.54847144 time_nll=-3.56439927 log_qty_mse=0.01592783 qty_mae=3.52237976
[epoch 110] backbone=rmtpp seed=52 train_joint=-3.55736674 val_joint=-3.55124757 time_nll=-3.56562274 log_qty_mse=0.01437517 qty_mae=3.38179708
[epoch 111] backbone=rmtpp seed=52 train_joint=-3.55860107 val_joint=-3.54779887 time_nll=-3.56684217 log_qty_mse=0.01904330 qty_mae=3.76149941
[epoch 112] backbone=rmtpp seed=52 train_joint=-3.55983091 val_joint=-3.55182555 time_nll=-3.56806231 log_qty_mse=0.01623676 qty_mae=3.55258991
[epoch 113] backbone=rmtpp seed=52 train_joint=-3.56098706 val_joint=-3.55186110 time_nll=-3.56909704 log_qty_mse=0.01723594 qty_mae=3.65865043
[epoch 114] backbone=rmtpp seed=52 train_joint=-3.56193819 val_joint=-3.55213346 time_nll=-3.57006941 log_qty_mse=0.01793595 qty_mae=3.71942257
[epoch 115] backbone=rmtpp seed=52 train_joint=-3.56293960 val_joint=-3.55381652 time_nll=-3.57104183 log_qty_mse=0.01722531 qty_mae=3.66311595
[epoch 116] backbone=rmtpp seed=52 train_joint=-3.56390914 val_joint=-3.55931311 time_nll=-3.57201350 log_qty_mse=0.01270039 qty_mae=3.10471639
[epoch 117] backbone=rmtpp seed=52 train_joint=-3.56486877 val_joint=-3.55445002 time_nll=-3.57298316 log_qty_mse=0.01853313 qty_mae=3.76413293
[epoch 118] backbone=rmtpp seed=52 train_joint=-3.56585813 val_joint=-3.55705653 time_nll=-3.57395258 log_qty_mse=0.01689606 qty_mae=3.61178679
[epoch 119] backbone=rmtpp seed=52 train_joint=-3.56680271 val_joint=-3.56216452 time_nll=-3.57492111 log_qty_mse=0.01275659 qty_mae=3.11007899
[epoch 120] backbone=rmtpp seed=52 train_joint=-3.56780160 val_joint=-3.56411934 time_nll=-3.57588879 log_qty_mse=0.01176945 qty_mae=3.00629841
[epoch 121] backbone=rmtpp seed=52 train_joint=-3.56871874 val_joint=-3.56459843 time_nll=-3.57670036 log_qty_mse=0.01210194 qty_mae=2.99650600
[epoch 122] backbone=rmtpp seed=52 train_joint=-3.56943521 val_joint=-3.56540366 time_nll=-3.57742547 log_qty_mse=0.01202181 qty_mae=3.05786340
[epoch 123] backbone=rmtpp seed=52 train_joint=-3.57019053 val_joint=-3.56029577 time_nll=-3.57814809 log_qty_mse=0.01785233 qty_mae=3.72074395
[epoch 124] backbone=rmtpp seed=52 train_joint=-3.57089794 val_joint=-3.56277083 time_nll=-3.57887268 log_qty_mse=0.01610186 qty_mae=3.51144243
[epoch 125] backbone=rmtpp seed=52 train_joint=-3.57161535 val_joint=-3.56325195 time_nll=-3.57959548 log_qty_mse=0.01634353 qty_mae=3.54775669
[epoch 126] backbone=rmtpp seed=52 train_joint=-3.57236548 val_joint=-3.56309632 time_nll=-3.58031714 log_qty_mse=0.01722082 qty_mae=3.60952794
[epoch 127] backbone=rmtpp seed=52 train_joint=-3.57308069 val_joint=-3.56690670 time_nll=-3.58103888 log_qty_mse=0.01413218 qty_mae=3.35031617
[epoch 128] backbone=rmtpp seed=52 train_joint=-3.57382138 val_joint=-3.56590210 time_nll=-3.58176084 log_qty_mse=0.01585874 qty_mae=3.53928352
[epoch 129] backbone=rmtpp seed=52 train_joint=-3.57454212 val_joint=-3.56726195 time_nll=-3.58248048 log_qty_mse=0.01521853 qty_mae=3.44758362
[epoch 130] backbone=rmtpp seed=52 train_joint=-3.57525389 val_joint=-3.56736548 time_nll=-3.58320107 log_qty_mse=0.01583559 qty_mae=3.54168766
[epoch 131] backbone=rmtpp seed=52 train_joint=-3.57596888 val_joint=-3.56799676 time_nll=-3.58391924 log_qty_mse=0.01592248 qty_mae=3.53372378
[epoch 132] backbone=rmtpp seed=52 train_joint=-3.57658738 val_joint=-3.56513606 time_nll=-3.58444235 log_qty_mse=0.01930629 qty_mae=3.85141715
[epoch 133] backbone=rmtpp seed=52 train_joint=-3.57706678 val_joint=-3.57240026 time_nll=-3.58492207 log_qty_mse=0.01252181 qty_mae=3.06312703
[epoch 134] backbone=rmtpp seed=52 train_joint=-3.57750396 val_joint=-3.56591578 time_nll=-3.58540158 log_qty_mse=0.01948580 qty_mae=3.86248118
[epoch 135] backbone=rmtpp seed=52 train_joint=-3.57805473 val_joint=-3.57131428 time_nll=-3.58588001 log_qty_mse=0.01456573 qty_mae=3.37514580
[epoch 136] backbone=rmtpp seed=52 train_joint=-3.57851569 val_joint=-3.57329212 time_nll=-3.58635822 log_qty_mse=0.01306610 qty_mae=3.16096258
[epoch 137] backbone=rmtpp seed=52 train_joint=-3.57900729 val_joint=-3.57150415 time_nll=-3.58683776 log_qty_mse=0.01533362 qty_mae=3.49805218
[epoch 138] backbone=rmtpp seed=52 train_joint=-3.57949182 val_joint=-3.56930661 time_nll=-3.58731554 log_qty_mse=0.01800893 qty_mae=3.55280673
[epoch 139] backbone=rmtpp seed=52 train_joint=-3.57996844 val_joint=-3.56951474 time_nll=-3.58779383 log_qty_mse=0.01827909 qty_mae=3.73442584
[epoch 140] backbone=rmtpp seed=52 train_joint=-3.58044746 val_joint=-3.56934168 time_nll=-3.58827163 log_qty_mse=0.01892995 qty_mae=3.78105349
[epoch 141] backbone=rmtpp seed=52 train_joint=-3.58094822 val_joint=-3.56844599 time_nll=-3.58874851 log_qty_mse=0.02030251 qty_mae=4.01928962
[epoch 142] backbone=rmtpp seed=52 train_joint=-3.58141610 val_joint=-3.57050951 time_nll=-3.58922592 log_qty_mse=0.01871642 qty_mae=3.73173066
[epoch 143] backbone=rmtpp seed=52 train_joint=-3.58187610 val_joint=-3.57756342 time_nll=-3.58970275 log_qty_mse=0.01213933 qty_mae=2.99393540
[epoch 144] backbone=rmtpp seed=52 train_joint=-3.58236052 val_joint=-3.57858326 time_nll=-3.59017973 log_qty_mse=0.01159647 qty_mae=2.98118697
[epoch 145] backbone=rmtpp seed=52 train_joint=-3.58284505 val_joint=-3.57466622 time_nll=-3.59065496 log_qty_mse=0.01598875 qty_mae=3.54216534
[epoch 146] backbone=rmtpp seed=52 train_joint=-3.58331746 val_joint=-3.57482987 time_nll=-3.59113198 log_qty_mse=0.01630212 qty_mae=3.58084422
[epoch 147] backbone=rmtpp seed=52 train_joint=-3.58380481 val_joint=-3.57762856 time_nll=-3.59160849 log_qty_mse=0.01397993 qty_mae=3.27534523
[epoch 148] backbone=rmtpp seed=52 train_joint=-3.58425380 val_joint=-3.58002428 time_nll=-3.59194305 log_qty_mse=0.01191877 qty_mae=3.18631706
[epoch 149] backbone=rmtpp seed=52 train_joint=-3.58448225 val_joint=-3.57533744 time_nll=-3.59218116 log_qty_mse=0.01684373 qty_mae=3.66672452
[epoch 150] backbone=rmtpp seed=52 train_joint=-3.58473094 val_joint=-3.57095977 time_nll=-3.59241906 log_qty_mse=0.02145929 qty_mae=4.07734885
[epoch 151] backbone=rmtpp seed=52 train_joint=-3.58498434 val_joint=-3.57670331 time_nll=-3.59265660 log_qty_mse=0.01595329 qty_mae=3.53689937
[epoch 152] backbone=rmtpp seed=52 train_joint=-3.58517439 val_joint=-3.57664114 time_nll=-3.59289206 log_qty_mse=0.01625093 qty_mae=3.57825768
[epoch 153] backbone=rmtpp seed=52 train_joint=-3.58542550 val_joint=-3.57895193 time_nll=-3.59313022 log_qty_mse=0.01417828 qty_mae=3.34618617
[epoch 154] backbone=rmtpp seed=52 train_joint=-3.58566829 val_joint=-3.57410564 time_nll=-3.59336746 log_qty_mse=0.01926182 qty_mae=3.81991021
[epoch 155] backbone=rmtpp seed=52 train_joint=-3.58593913 val_joint=-3.57690045 time_nll=-3.59360521 log_qty_mse=0.01670476 qty_mae=3.58316040
[epoch 156] backbone=rmtpp seed=52 train_joint=-3.58617121 val_joint=-3.57616362 time_nll=-3.59384244 log_qty_mse=0.01767883 qty_mae=3.70938848
[epoch 157] backbone=rmtpp seed=52 train_joint=-3.58641251 val_joint=-3.57967537 time_nll=-3.59407958 log_qty_mse=0.01440420 qty_mae=3.37602231
[epoch 158] backbone=rmtpp seed=52 train_joint=-3.58662970 val_joint=-3.57982027 time_nll=-3.59431680 log_qty_mse=0.01449654 qty_mae=3.27898305
[epoch 159] backbone=rmtpp seed=52 train_joint=-3.58688529 val_joint=-3.57901873 time_nll=-3.59455487 log_qty_mse=0.01553613 qty_mae=3.45844065
[epoch 160] backbone=rmtpp seed=52 train_joint=-3.58709399 val_joint=-3.57698712 time_nll=-3.59479139 log_qty_mse=0.01780428 qty_mae=3.66656840
[epoch 161] backbone=rmtpp seed=52 train_joint=-3.58736300 val_joint=-3.57905495 time_nll=-3.59502922 log_qty_mse=0.01597428 qty_mae=3.50782533
[epoch 162] backbone=rmtpp seed=52 train_joint=-3.58759456 val_joint=-3.58216542 time_nll=-3.59526621 log_qty_mse=0.01310079 qty_mae=2.99447514
[epoch 163] backbone=rmtpp seed=52 train_joint=-3.58782298 val_joint=-3.58026526 time_nll=-3.59550311 log_qty_mse=0.01523785 qty_mae=3.46760495
[epoch 164] backbone=rmtpp seed=52 train_joint=-3.58807974 val_joint=-3.58311778 time_nll=-3.59574045 log_qty_mse=0.01262267 qty_mae=3.24562149
[epoch 165] backbone=rmtpp seed=52 train_joint=-3.58830200 val_joint=-3.58511530 time_nll=-3.59597686 log_qty_mse=0.01086156 qty_mae=2.94242834
[epoch 166] backbone=rmtpp seed=52 train_joint=-3.58855921 val_joint=-3.58364843 time_nll=-3.59621290 log_qty_mse=0.01256447 qty_mae=3.12981479
[epoch 167] backbone=rmtpp seed=52 train_joint=-3.58878484 val_joint=-3.57807268 time_nll=-3.59645034 log_qty_mse=0.01837766 qty_mae=3.82008943
[epoch 168] backbone=rmtpp seed=52 train_joint=-3.58898584 val_joint=-3.58427599 time_nll=-3.59668722 log_qty_mse=0.01241122 qty_mae=3.05923617
[epoch 169] backbone=rmtpp seed=52 train_joint=-3.58927293 val_joint=-3.57878015 time_nll=-3.59692472 log_qty_mse=0.01814457 qty_mae=3.68151321
[epoch 170] backbone=rmtpp seed=52 train_joint=-3.58950424 val_joint=-3.58147329 time_nll=-3.59716143 log_qty_mse=0.01568814 qty_mae=3.39830232
[epoch 171] backbone=rmtpp seed=52 train_joint=-3.58968170 val_joint=-3.58124174 time_nll=-3.59739802 log_qty_mse=0.01615628 qty_mae=3.51653823
[epoch 172] backbone=rmtpp seed=52 train_joint=-3.58998372 val_joint=-3.57945037 time_nll=-3.59763456 log_qty_mse=0.01818419 qty_mae=3.78711399
[epoch 173] backbone=rmtpp seed=52 train_joint=-3.59019693 val_joint=-3.58451892 time_nll=-3.59787089 log_qty_mse=0.01335198 qty_mae=3.25993589
[epoch 174] backbone=rmtpp seed=52 train_joint=-3.59045700 val_joint=-3.58505692 time_nll=-3.59810713 log_qty_mse=0.01305021 qty_mae=3.28020125
[epoch 175] backbone=rmtpp seed=52 train_joint=-3.59069883 val_joint=-3.58371591 time_nll=-3.59834418 log_qty_mse=0.01462827 qty_mae=3.43499953
[epoch 176] backbone=rmtpp seed=52 train_joint=-3.59090704 val_joint=-3.58251718 time_nll=-3.59858032 log_qty_mse=0.01606314 qty_mae=3.48034969
[epoch 177] backbone=rmtpp seed=52 train_joint=-3.59114432 val_joint=-3.58149731 time_nll=-3.59881514 log_qty_mse=0.01731783 qty_mae=3.59057423
[epoch 178] backbone=rmtpp seed=52 train_joint=-3.59139080 val_joint=-3.58511423 time_nll=-3.59905127 log_qty_mse=0.01393704 qty_mae=3.32322286
[epoch 179] backbone=rmtpp seed=52 train_joint=-3.59164994 val_joint=-3.58572573 time_nll=-3.59928789 log_qty_mse=0.01356216 qty_mae=3.18000960
[epoch 180] backbone=rmtpp seed=52 train_joint=-3.59188179 val_joint=-3.58462527 time_nll=-3.59949162 log_qty_mse=0.01486635 qty_mae=3.34909031
[epoch 181] backbone=rmtpp seed=52 train_joint=-3.59196257 val_joint=-3.58619291 time_nll=-3.59949455 log_qty_mse=0.01330164 qty_mae=3.26595950
[epoch 182] backbone=rmtpp seed=52 train_joint=-3.59195702 val_joint=-3.57952457 time_nll=-3.59949185 log_qty_mse=0.01996729 qty_mae=3.85781533
[epoch 183] backbone=rmtpp seed=52 train_joint=-3.59197401 val_joint=-3.58174659 time_nll=-3.59949389 log_qty_mse=0.01774730 qty_mae=3.60766550
[epoch 184] backbone=rmtpp seed=52 train_joint=-3.59195686 val_joint=-3.58227551 time_nll=-3.59949313 log_qty_mse=0.01721763 qty_mae=3.66000927
[epoch 185] backbone=rmtpp seed=52 train_joint=-3.59198279 val_joint=-3.58467561 time_nll=-3.59949488 log_qty_mse=0.01481927 qty_mae=3.44092405
[epoch 186] backbone=rmtpp seed=52 train_joint=-3.59196823 val_joint=-3.57813639 time_nll=-3.59949440 log_qty_mse=0.02135802 qty_mae=4.03279381
[epoch 187] backbone=rmtpp seed=52 train_joint=-3.59196153 val_joint=-3.58014452 time_nll=-3.59949359 log_qty_mse=0.01934908 qty_mae=3.85532327
[epoch 188] backbone=rmtpp seed=52 train_joint=-3.59199942 val_joint=-3.58595947 time_nll=-3.59949460 log_qty_mse=0.01353513 qty_mae=3.31419010
[epoch 189] backbone=rmtpp seed=52 train_joint=-3.59194192 val_joint=-3.58346325 time_nll=-3.59949477 log_qty_mse=0.01603152 qty_mae=3.48012807
[epoch 190] backbone=rmtpp seed=52 train_joint=-3.59198571 val_joint=-3.58192343 time_nll=-3.59949483 log_qty_mse=0.01757140 qty_mae=3.73626858
[epoch 191] backbone=rmtpp seed=52 train_joint=-3.59195862 val_joint=-3.58773425 time_nll=-3.59949453 log_qty_mse=0.01176029 qty_mae=2.85456323
[epoch 192] backbone=rmtpp seed=52 train_joint=-3.59197545 val_joint=-3.58582044 time_nll=-3.59949450 log_qty_mse=0.01367405 qty_mae=3.26255619
[epoch 193] backbone=rmtpp seed=52 train_joint=-3.59198567 val_joint=-3.58133115 time_nll=-3.59949484 log_qty_mse=0.01816369 qty_mae=3.73911036
[epoch 194] backbone=rmtpp seed=52 train_joint=-3.59197096 val_joint=-3.58152013 time_nll=-3.59949459 log_qty_mse=0.01797446 qty_mae=3.72815989
[epoch 195] backbone=rmtpp seed=52 train_joint=-3.59198425 val_joint=-3.58234451 time_nll=-3.59949426 log_qty_mse=0.01714975 qty_mae=3.71896786
[epoch 196] backbone=rmtpp seed=52 train_joint=-3.59193645 val_joint=-3.58056377 time_nll=-3.59949454 log_qty_mse=0.01893077 qty_mae=3.91979576
[epoch 197] backbone=rmtpp seed=52 train_joint=-3.59197109 val_joint=-3.58397179 time_nll=-3.59949490 log_qty_mse=0.01552311 qty_mae=3.51853058
[epoch 198] backbone=rmtpp seed=52 train_joint=-3.59198890 val_joint=-3.58109262 time_nll=-3.59949469 log_qty_mse=0.01840207 qty_mae=3.75583625
[epoch 199] backbone=rmtpp seed=52 train_joint=-3.59196986 val_joint=-3.58404731 time_nll=-3.59949460 log_qty_mse=0.01544730 qty_mae=3.47905991
[epoch 200] backbone=rmtpp seed=52 train_joint=-3.59198914 val_joint=-3.58452474 time_nll=-3.59949461 log_qty_mse=0.01496987 qty_mae=3.44083008
[epoch 201] backbone=rmtpp seed=52 train_joint=-3.59197674 val_joint=-3.58250197 time_nll=-3.59949476 log_qty_mse=0.01699279 qty_mae=3.59781329
[epoch 202] backbone=rmtpp seed=52 train_joint=-3.59198883 val_joint=-3.58409871 time_nll=-3.59949432 log_qty_mse=0.01539561 qty_mae=3.48955497
[epoch 203] backbone=rmtpp seed=52 train_joint=-3.59194376 val_joint=-3.58303750 time_nll=-3.59949432 log_qty_mse=0.01645682 qty_mae=3.57209205
[epoch 204] backbone=rmtpp seed=52 train_joint=-3.59198805 val_joint=-3.58110424 time_nll=-3.59949480 log_qty_mse=0.01839056 qty_mae=3.78246452
[epoch 205] backbone=rmtpp seed=52 train_joint=-3.59196579 val_joint=-3.58289898 time_nll=-3.59949417 log_qty_mse=0.01659518 qty_mae=3.66618868
[epoch 206] backbone=rmtpp seed=52 train_joint=-3.59196336 val_joint=-3.58401650 time_nll=-3.59949413 log_qty_mse=0.01547764 qty_mae=3.47996642
[epoch 207] backbone=rmtpp seed=52 train_joint=-3.59198414 val_joint=-3.58290440 time_nll=-3.59949395 log_qty_mse=0.01658955 qty_mae=3.55217953
[epoch 208] backbone=rmtpp seed=52 train_joint=-3.59199395 val_joint=-3.58695064 time_nll=-3.59949321 log_qty_mse=0.01254257 qty_mae=3.15859826
[epoch 209] backbone=rmtpp seed=52 train_joint=-3.59196750 val_joint=-3.58473985 time_nll=-3.59949124 log_qty_mse=0.01475138 qty_mae=3.35687406
[epoch 210] backbone=rmtpp seed=52 train_joint=-3.59199105 val_joint=-3.58247154 time_nll=-3.59949403 log_qty_mse=0.01702249 qty_mae=3.64471555
[epoch 211] backbone=rmtpp seed=52 train_joint=-3.59198935 val_joint=-3.58474793 time_nll=-3.59949414 log_qty_mse=0.01474622 qty_mae=3.48127296
[epoch 212] backbone=rmtpp seed=52 train_joint=-3.59199007 val_joint=-3.58773504 time_nll=-3.59949465 log_qty_mse=0.01175961 qty_mae=3.02841894
[epoch 213] backbone=rmtpp seed=52 train_joint=-3.59200277 val_joint=-3.58323771 time_nll=-3.59949463 log_qty_mse=0.01625691 qty_mae=3.65112305
[epoch 214] backbone=rmtpp seed=52 train_joint=-3.59195285 val_joint=-3.58326505 time_nll=-3.59949450 log_qty_mse=0.01622946 qty_mae=3.48991051
[epoch 215] backbone=rmtpp seed=52 train_joint=-3.59201029 val_joint=-3.58387707 time_nll=-3.59949478 log_qty_mse=0.01561771 qty_mae=3.41933213
[epoch 216] backbone=rmtpp seed=52 train_joint=-3.59196518 val_joint=-3.58142380 time_nll=-3.59949451 log_qty_mse=0.01807071 qty_mae=3.73856569
[epoch 217] backbone=rmtpp seed=52 train_joint=-3.59199025 val_joint=-3.58586625 time_nll=-3.59949421 log_qty_mse=0.01362796 qty_mae=3.36647886
[epoch 218] backbone=rmtpp seed=52 train_joint=-3.59199059 val_joint=-3.57999261 time_nll=-3.59949481 log_qty_mse=0.01950219 qty_mae=3.83201160
[epoch 219] backbone=rmtpp seed=52 train_joint=-3.59198935 val_joint=-3.58343743 time_nll=-3.59949426 log_qty_mse=0.01605683 qty_mae=3.48436596
[epoch 220] backbone=rmtpp seed=52 train_joint=-3.59199269 val_joint=-3.58299425 time_nll=-3.59949456 log_qty_mse=0.01650031 qty_mae=3.54300835
[epoch 221] backbone=rmtpp seed=52 train_joint=-3.59198827 val_joint=-3.57796569 time_nll=-3.59949465 log_qty_mse=0.02152896 qty_mae=4.02673556
[epoch 222] backbone=rmtpp seed=52 train_joint=-3.59199394 val_joint=-3.58290905 time_nll=-3.59949482 log_qty_mse=0.01658577 qty_mae=3.48430664
[epoch 223] backbone=rmtpp seed=52 train_joint=-3.59199849 val_joint=-3.58546743 time_nll=-3.59949445 log_qty_mse=0.01402701 qty_mae=3.33429141
[epoch 224] backbone=rmtpp seed=52 train_joint=-3.59197888 val_joint=-3.58318308 time_nll=-3.59949375 log_qty_mse=0.01631068 qty_mae=3.52333540
[epoch 225] backbone=rmtpp seed=52 train_joint=-3.59198689 val_joint=-3.58282231 time_nll=-3.59949416 log_qty_mse=0.01667185 qty_mae=3.59065769
[epoch 226] backbone=rmtpp seed=52 train_joint=-3.59200052 val_joint=-3.58566768 time_nll=-3.59949440 log_qty_mse=0.01382672 qty_mae=3.38299503
[epoch 227] backbone=rmtpp seed=52 train_joint=-3.59198510 val_joint=-3.58020822 time_nll=-3.59949415 log_qty_mse=0.01928594 qty_mae=3.79481121
[epoch 228] backbone=rmtpp seed=52 train_joint=-3.59199176 val_joint=-3.58263812 time_nll=-3.59949377 log_qty_mse=0.01685565 qty_mae=3.60988690
[epoch 229] backbone=rmtpp seed=52 train_joint=-3.59200821 val_joint=-3.57885694 time_nll=-3.59949341 log_qty_mse=0.02063647 qty_mae=3.92610805
[epoch 230] backbone=rmtpp seed=52 train_joint=-3.59198779 val_joint=-3.57949977 time_nll=-3.59949462 log_qty_mse=0.01999486 qty_mae=3.83745233
[epoch 231] backbone=rmtpp seed=52 train_joint=-3.59199847 val_joint=-3.58269129 time_nll=-3.59949466 log_qty_mse=0.01680337 qty_mae=3.68119738
[epoch 232] backbone=rmtpp seed=52 train_joint=-3.59200019 val_joint=-3.58602007 time_nll=-3.59949484 log_qty_mse=0.01347476 qty_mae=3.25803256
[epoch 233] backbone=rmtpp seed=52 train_joint=-3.59199056 val_joint=-3.58083783 time_nll=-3.59949480 log_qty_mse=0.01865697 qty_mae=3.79234445
[epoch 234] backbone=rmtpp seed=52 train_joint=-3.59199843 val_joint=-3.58124109 time_nll=-3.59949438 log_qty_mse=0.01825329 qty_mae=3.78754452
[epoch 235] backbone=rmtpp seed=52 train_joint=-3.59199447 val_joint=-3.58338012 time_nll=-3.59949459 log_qty_mse=0.01611447 qty_mae=3.55094815
[epoch 236] backbone=rmtpp seed=52 train_joint=-3.59200516 val_joint=-3.58382237 time_nll=-3.59949480 log_qty_mse=0.01567243 qty_mae=3.41597480
[epoch 237] backbone=rmtpp seed=52 train_joint=-3.59200400 val_joint=-3.58104800 time_nll=-3.59949449 log_qty_mse=0.01844649 qty_mae=3.77207656
[epoch 238] backbone=rmtpp seed=52 train_joint=-3.59198258 val_joint=-3.58188717 time_nll=-3.59949456 log_qty_mse=0.01760739 qty_mae=3.60384268
[epoch 239] backbone=rmtpp seed=52 train_joint=-3.59200541 val_joint=-3.58518193 time_nll=-3.59949269 log_qty_mse=0.01431076 qty_mae=3.33855615
[epoch 240] backbone=rmtpp seed=52 train_joint=-3.59200940 val_joint=-3.58168885 time_nll=-3.59949412 log_qty_mse=0.01780527 qty_mae=3.76785873
[epoch 241] backbone=rmtpp seed=52 train_joint=-3.59200273 val_joint=-3.58428973 time_nll=-3.59949330 log_qty_mse=0.01520357 qty_mae=3.36136674
[epoch 242] backbone=rmtpp seed=52 train_joint=-3.59199658 val_joint=-3.58168968 time_nll=-3.59949485 log_qty_mse=0.01780517 qty_mae=3.73264868
[epoch 243] backbone=rmtpp seed=52 train_joint=-3.59201662 val_joint=-3.58139512 time_nll=-3.59949136 log_qty_mse=0.01809624 qty_mae=3.77034628
[epoch 244] backbone=rmtpp seed=52 train_joint=-3.59196786 val_joint=-3.58155865 time_nll=-3.59949461 log_qty_mse=0.01793596 qty_mae=3.68049479
[epoch 245] backbone=rmtpp seed=52 train_joint=-3.59200056 val_joint=-3.58577606 time_nll=-3.59949393 log_qty_mse=0.01371787 qty_mae=3.09142881
[epoch 246] backbone=rmtpp seed=52 train_joint=-3.59200929 val_joint=-3.58353557 time_nll=-3.59949224 log_qty_mse=0.01595667 qty_mae=3.52331742
[epoch 247] backbone=rmtpp seed=52 train_joint=-3.59199605 val_joint=-3.58168890 time_nll=-3.59949467 log_qty_mse=0.01780577 qty_mae=3.70015404
[epoch 248] backbone=rmtpp seed=52 train_joint=-3.59197740 val_joint=-3.58080301 time_nll=-3.59949441 log_qty_mse=0.01869140 qty_mae=3.76999979
[epoch 249] backbone=rmtpp seed=52 train_joint=-3.59201856 val_joint=-3.58829244 time_nll=-3.59949401 log_qty_mse=0.01120157 qty_mae=3.02930138
[epoch 250] backbone=rmtpp seed=52 train_joint=-3.59201147 val_joint=-3.58628701 time_nll=-3.59949468 log_qty_mse=0.01320767 qty_mae=3.16208614
[epoch 251] backbone=rmtpp seed=52 train_joint=-3.59199103 val_joint=-3.58406384 time_nll=-3.59949220 log_qty_mse=0.01542836 qty_mae=3.57338053
[epoch 252] backbone=rmtpp seed=52 train_joint=-3.59199887 val_joint=-3.58684679 time_nll=-3.59949483 log_qty_mse=0.01264804 qty_mae=3.18181282
[epoch 253] backbone=rmtpp seed=52 train_joint=-3.59197204 val_joint=-3.58317146 time_nll=-3.59949457 log_qty_mse=0.01632311 qty_mae=3.34965696
[epoch 254] backbone=rmtpp seed=52 train_joint=-3.59198446 val_joint=-3.58200846 time_nll=-3.59949464 log_qty_mse=0.01748619 qty_mae=3.70865804
[epoch 255] backbone=rmtpp seed=52 train_joint=-3.59198848 val_joint=-3.58767853 time_nll=-3.59949147 log_qty_mse=0.01181294 qty_mae=3.00489162
[epoch 256] backbone=rmtpp seed=52 train_joint=-3.59196459 val_joint=-3.58439815 time_nll=-3.59949471 log_qty_mse=0.01509656 qty_mae=3.46257622
[epoch 257] backbone=rmtpp seed=52 train_joint=-3.59200410 val_joint=-3.58005303 time_nll=-3.59949425 log_qty_mse=0.01944122 qty_mae=3.83048592
[epoch 258] backbone=rmtpp seed=52 train_joint=-3.59198576 val_joint=-3.58311737 time_nll=-3.59949448 log_qty_mse=0.01637711 qty_mae=3.59528932
[epoch 259] backbone=rmtpp seed=52 train_joint=-3.59200283 val_joint=-3.58278478 time_nll=-3.59949433 log_qty_mse=0.01670955 qty_mae=3.67127643
[epoch 260] backbone=rmtpp seed=52 train_joint=-3.59201623 val_joint=-3.58242126 time_nll=-3.59949192 log_qty_mse=0.01707066 qty_mae=3.60274579
[epoch 261] backbone=rmtpp seed=52 train_joint=-3.59201040 val_joint=-3.57758949 time_nll=-3.59949471 log_qty_mse=0.02190523 qty_mae=4.05586660
[epoch 262] backbone=rmtpp seed=52 train_joint=-3.59200445 val_joint=-3.58358392 time_nll=-3.59949468 log_qty_mse=0.01591075 qty_mae=3.54961808
[epoch 263] backbone=rmtpp seed=52 train_joint=-3.59201638 val_joint=-3.58038176 time_nll=-3.59949469 log_qty_mse=0.01911293 qty_mae=3.78823552
[epoch 264] backbone=rmtpp seed=52 train_joint=-3.59204209 val_joint=-3.57996771 time_nll=-3.59949472 log_qty_mse=0.01952702 qty_mae=3.88054694
[epoch 265] backbone=rmtpp seed=52 train_joint=-3.59201464 val_joint=-3.57969496 time_nll=-3.59949274 log_qty_mse=0.01979779 qty_mae=3.79395069
[epoch 266] backbone=rmtpp seed=52 train_joint=-3.59192718 val_joint=-3.58475111 time_nll=-3.59949451 log_qty_mse=0.01474340 qty_mae=3.40757169
[epoch 267] backbone=rmtpp seed=52 train_joint=-3.59201436 val_joint=-3.58398752 time_nll=-3.59949224 log_qty_mse=0.01550472 qty_mae=3.44593809
[epoch 268] backbone=rmtpp seed=52 train_joint=-3.59197530 val_joint=-3.58071776 time_nll=-3.59949462 log_qty_mse=0.01877686 qty_mae=3.82147096
[epoch 269] backbone=rmtpp seed=52 train_joint=-3.59201730 val_joint=-3.58384150 time_nll=-3.59949480 log_qty_mse=0.01565331 qty_mae=3.51221344
[epoch 270] backbone=rmtpp seed=52 train_joint=-3.59200339 val_joint=-3.58175728 time_nll=-3.59949393 log_qty_mse=0.01773666 qty_mae=3.67126218
[epoch 271] backbone=rmtpp seed=52 train_joint=-3.59198530 val_joint=-3.58170962 time_nll=-3.59949418 log_qty_mse=0.01778455 qty_mae=3.73759089
[epoch 272] backbone=rmtpp seed=52 train_joint=-3.59197171 val_joint=-3.58040708 time_nll=-3.59949456 log_qty_mse=0.01908748 qty_mae=3.81183655
[epoch 273] backbone=rmtpp seed=52 train_joint=-3.59199493 val_joint=-3.58175601 time_nll=-3.59949463 log_qty_mse=0.01773862 qty_mae=3.68849056
[epoch 274] backbone=rmtpp seed=52 train_joint=-3.59199202 val_joint=-3.58226862 time_nll=-3.59949465 log_qty_mse=0.01722603 qty_mae=3.75701637
[epoch 275] backbone=rmtpp seed=52 train_joint=-3.59201005 val_joint=-3.58279788 time_nll=-3.59949437 log_qty_mse=0.01669649 qty_mae=3.61999471
[epoch 276] backbone=rmtpp seed=52 train_joint=-3.59182646 val_joint=-3.57533164 time_nll=-3.59949177 log_qty_mse=0.02416012 qty_mae=4.05399195
[epoch 277] backbone=rmtpp seed=52 train_joint=-3.59194685 val_joint=-3.58360953 time_nll=-3.59949440 log_qty_mse=0.01588487 qty_mae=3.40709488
[epoch 278] backbone=rmtpp seed=52 train_joint=-3.59199836 val_joint=-3.57859468 time_nll=-3.59949461 log_qty_mse=0.02089992 qty_mae=4.12714866
[epoch 279] backbone=rmtpp seed=52 train_joint=-3.59201507 val_joint=-3.58350209 time_nll=-3.59949462 log_qty_mse=0.01599253 qty_mae=3.48961769
[epoch 280] backbone=rmtpp seed=52 train_joint=-3.59198552 val_joint=-3.57934443 time_nll=-3.59949291 log_qty_mse=0.02014848 qty_mae=3.89235991
[epoch 281] backbone=rmtpp seed=52 train_joint=-3.59200809 val_joint=-3.57824476 time_nll=-3.59949477 log_qty_mse=0.02125002 qty_mae=3.96330640
[epoch 282] backbone=rmtpp seed=52 train_joint=-3.59201952 val_joint=-3.58132889 time_nll=-3.59949414 log_qty_mse=0.01816525 qty_mae=3.76110053
[epoch 283] backbone=rmtpp seed=52 train_joint=-3.59202744 val_joint=-3.58500983 time_nll=-3.59949308 log_qty_mse=0.01448326 qty_mae=3.27965773
[epoch 284] backbone=rmtpp seed=52 train_joint=-3.59200599 val_joint=-3.58016024 time_nll=-3.59949051 log_qty_mse=0.01933027 qty_mae=3.80369242
[epoch 285] backbone=rmtpp seed=52 train_joint=-3.59201505 val_joint=-3.57950080 time_nll=-3.59949423 log_qty_mse=0.01999343 qty_mae=3.84112788
[epoch 286] backbone=rmtpp seed=52 train_joint=-3.59202605 val_joint=-3.58404844 time_nll=-3.59949450 log_qty_mse=0.01544605 qty_mae=3.44750466
[epoch 287] backbone=rmtpp seed=52 train_joint=-3.59201312 val_joint=-3.58401600 time_nll=-3.59949464 log_qty_mse=0.01547864 qty_mae=3.49539842
[epoch 288] backbone=rmtpp seed=52 train_joint=-3.59203146 val_joint=-3.58016559 time_nll=-3.59949397 log_qty_mse=0.01932838 qty_mae=3.84214524
[epoch 289] backbone=rmtpp seed=52 train_joint=-3.59203171 val_joint=-3.58095717 time_nll=-3.59949451 log_qty_mse=0.01853734 qty_mae=3.70578810
[early-stop] backbone=rmtpp seed=52 current_epoch=289 best_epoch=249
[epoch 001] backbone=rmtpp seed=62 train_joint=1.49703147 val_joint=0.79289243 time_nll=0.78684322 log_qty_mse=0.00604921 qty_mae=1.34293586
[epoch 002] backbone=rmtpp seed=62 train_joint=0.41333478 val_joint=0.28542693 time_nll=0.27891998 log_qty_mse=0.00650695 qty_mae=1.32612068
[epoch 003] backbone=rmtpp seed=62 train_joint=-0.04729446 val_joint=0.19068191 time_nll=0.18425474 log_qty_mse=0.00642717 qty_mae=1.22027812
[epoch 004] backbone=rmtpp seed=62 train_joint=-0.36186278 val_joint=-0.63651321 time_nll=-0.64367063 log_qty_mse=0.00715742 qty_mae=1.37189114
[epoch 005] backbone=rmtpp seed=62 train_joint=-1.01656680 val_joint=-1.20806432 time_nll=-1.21351244 log_qty_mse=0.00544813 qty_mae=1.05769595
[epoch 006] backbone=rmtpp seed=62 train_joint=-1.32461739 val_joint=-1.43730793 time_nll=-1.44243120 log_qty_mse=0.00512326 qty_mae=1.23215570
[epoch 007] backbone=rmtpp seed=62 train_joint=-1.53173796 val_joint=-1.63095984 time_nll=-1.63495903 log_qty_mse=0.00399919 qty_mae=0.87595214
[epoch 008] backbone=rmtpp seed=62 train_joint=-1.70838622 val_joint=-1.79149479 time_nll=-1.79577507 log_qty_mse=0.00428028 qty_mae=1.02169833
[epoch 009] backbone=rmtpp seed=62 train_joint=-1.85658798 val_joint=-1.92801960 time_nll=-1.93195252 log_qty_mse=0.00393292 qty_mae=0.79860835
[epoch 010] backbone=rmtpp seed=62 train_joint=-1.98315847 val_joint=-2.04565748 time_nll=-2.04933227 log_qty_mse=0.00367479 qty_mae=0.81034105
[epoch 011] backbone=rmtpp seed=62 train_joint=-2.09308808 val_joint=-2.14848956 time_nll=-2.15209436 log_qty_mse=0.00360481 qty_mae=0.85426526
[epoch 012] backbone=rmtpp seed=62 train_joint=-2.18984529 val_joint=-2.23964583 time_nll=-2.24305326 log_qty_mse=0.00340743 qty_mae=0.68629019
[epoch 013] backbone=rmtpp seed=62 train_joint=-2.27591821 val_joint=-2.32061116 time_nll=-2.32435778 log_qty_mse=0.00374662 qty_mae=0.99534261
[epoch 014] backbone=rmtpp seed=62 train_joint=-2.35315019 val_joint=-2.39390160 time_nll=-2.39765037 log_qty_mse=0.00374878 qty_mae=0.81456947
[epoch 015] backbone=rmtpp seed=62 train_joint=-2.42299789 val_joint=-2.46027202 time_nll=-2.46414763 log_qty_mse=0.00387561 qty_mae=0.76387295
[epoch 016] backbone=rmtpp seed=62 train_joint=-2.48667168 val_joint=-2.52147611 time_nll=-2.52490319 log_qty_mse=0.00342708 qty_mae=0.82115932
[epoch 017] backbone=rmtpp seed=62 train_joint=-2.54479131 val_joint=-2.57680564 time_nll=-2.58049361 log_qty_mse=0.00368796 qty_mae=0.68225032
[epoch 018] backbone=rmtpp seed=62 train_joint=-2.59824644 val_joint=-2.62811356 time_nll=-2.63187716 log_qty_mse=0.00376360 qty_mae=1.20929527
[epoch 019] backbone=rmtpp seed=62 train_joint=-2.64766918 val_joint=-2.67574440 time_nll=-2.67932454 log_qty_mse=0.00358015 qty_mae=1.00217139
[epoch 020] backbone=rmtpp seed=62 train_joint=-2.69336653 val_joint=-2.71988428 time_nll=-2.72328026 log_qty_mse=0.00339597 qty_mae=0.76503356
[epoch 021] backbone=rmtpp seed=62 train_joint=-2.73585295 val_joint=-2.76060975 time_nll=-2.76433836 log_qty_mse=0.00372861 qty_mae=0.84785862
[epoch 022] backbone=rmtpp seed=62 train_joint=-2.77554917 val_joint=-2.79915044 time_nll=-2.80267082 log_qty_mse=0.00352038 qty_mae=0.79108911
[epoch 023] backbone=rmtpp seed=62 train_joint=-2.81263825 val_joint=-2.83451598 time_nll=-2.83847248 log_qty_mse=0.00395650 qty_mae=1.00115002
[epoch 024] backbone=rmtpp seed=62 train_joint=-2.84731683 val_joint=-2.86824053 time_nll=-2.87200195 log_qty_mse=0.00376142 qty_mae=1.07911958
[epoch 025] backbone=rmtpp seed=62 train_joint=-2.87984215 val_joint=-2.89977127 time_nll=-2.90349804 log_qty_mse=0.00372677 qty_mae=0.98163992
[epoch 026] backbone=rmtpp seed=62 train_joint=-2.91047859 val_joint=-2.92958499 time_nll=-2.93331695 log_qty_mse=0.00373197 qty_mae=1.03750334
[epoch 027] backbone=rmtpp seed=62 train_joint=-2.93946395 val_joint=-2.95729144 time_nll=-2.96142140 log_qty_mse=0.00412996 qty_mae=1.13901738
[epoch 028] backbone=rmtpp seed=62 train_joint=-2.96678982 val_joint=-2.98412251 time_nll=-2.98794105 log_qty_mse=0.00381854 qty_mae=1.09117755
[epoch 029] backbone=rmtpp seed=62 train_joint=-2.99254666 val_joint=-3.00861971 time_nll=-3.01299377 log_qty_mse=0.00437406 qty_mae=1.43378086
[epoch 030] backbone=rmtpp seed=62 train_joint=-3.01696378 val_joint=-3.03181061 time_nll=-3.03670452 log_qty_mse=0.00489391 qty_mae=1.67897446
[epoch 031] backbone=rmtpp seed=62 train_joint=-3.04004380 val_joint=-3.05282912 time_nll=-3.05917069 log_qty_mse=0.00634157 qty_mae=2.00140712
[epoch 032] backbone=rmtpp seed=62 train_joint=-3.06196549 val_joint=-3.07558657 time_nll=-3.08048703 log_qty_mse=0.00490046 qty_mae=1.54035150
[epoch 033] backbone=rmtpp seed=62 train_joint=-3.08276295 val_joint=-3.09512936 time_nll=-3.10073274 log_qty_mse=0.00560338 qty_mae=1.93775360
[epoch 034] backbone=rmtpp seed=62 train_joint=-3.10252199 val_joint=-3.11206261 time_nll=-3.12003564 log_qty_mse=0.00797303 qty_mae=2.42665718
[epoch 035] backbone=rmtpp seed=62 train_joint=-3.12142557 val_joint=-3.13083410 time_nll=-3.13852657 log_qty_mse=0.00769248 qty_mae=2.33113956
[epoch 036] backbone=rmtpp seed=62 train_joint=-3.13948791 val_joint=-3.14782865 time_nll=-3.15614068 log_qty_mse=0.00831203 qty_mae=2.53329864
[epoch 037] backbone=rmtpp seed=62 train_joint=-3.15666703 val_joint=-3.16330143 time_nll=-3.17277489 log_qty_mse=0.00947346 qty_mae=2.75417536
[epoch 038] backbone=rmtpp seed=62 train_joint=-3.17287493 val_joint=-3.18165193 time_nll=-3.18864313 log_qty_mse=0.00699119 qty_mae=2.29639015
[epoch 039] backbone=rmtpp seed=62 train_joint=-3.18839177 val_joint=-3.19602610 time_nll=-3.20374350 log_qty_mse=0.00771740 qty_mae=2.37695450
[epoch 040] backbone=rmtpp seed=62 train_joint=-3.20315969 val_joint=-3.20607582 time_nll=-3.21819559 log_qty_mse=0.01211977 qty_mae=3.09124884
[epoch 041] backbone=rmtpp seed=62 train_joint=-3.21733100 val_joint=-3.22019851 time_nll=-3.23203264 log_qty_mse=0.01183413 qty_mae=3.09846796
[epoch 042] backbone=rmtpp seed=62 train_joint=-3.23091499 val_joint=-3.23198845 time_nll=-3.24541983 log_qty_mse=0.01343138 qty_mae=3.30786449
[epoch 043] backbone=rmtpp seed=62 train_joint=-3.24407678 val_joint=-3.24581360 time_nll=-3.25836602 log_qty_mse=0.01255242 qty_mae=3.07561884
[epoch 044] backbone=rmtpp seed=62 train_joint=-3.25676881 val_joint=-3.26283345 time_nll=-3.27077971 log_qty_mse=0.00794627 qty_mae=2.47057935
[epoch 045] backbone=rmtpp seed=62 train_joint=-3.26896657 val_joint=-3.26701015 time_nll=-3.28267502 log_qty_mse=0.01566487 qty_mae=3.55386627
[epoch 046] backbone=rmtpp seed=62 train_joint=-3.28060130 val_joint=-3.28348526 time_nll=-3.29408359 log_qty_mse=0.01059833 qty_mae=2.90097013
[epoch 047] backbone=rmtpp seed=62 train_joint=-3.29180989 val_joint=-3.29044706 time_nll=-3.30502088 log_qty_mse=0.01457382 qty_mae=3.41914347
[epoch 048] backbone=rmtpp seed=62 train_joint=-3.30251627 val_joint=-3.30126491 time_nll=-3.31551226 log_qty_mse=0.01424735 qty_mae=3.32739016
[epoch 049] backbone=rmtpp seed=62 train_joint=-3.31277692 val_joint=-3.31584862 time_nll=-3.32557705 log_qty_mse=0.00972843 qty_mae=2.72851861
[epoch 050] backbone=rmtpp seed=62 train_joint=-3.32268412 val_joint=-3.31852003 time_nll=-3.33524195 log_qty_mse=0.01672193 qty_mae=3.69392853
[epoch 051] backbone=rmtpp seed=62 train_joint=-3.33215649 val_joint=-3.32797742 time_nll=-3.34452294 log_qty_mse=0.01654552 qty_mae=3.47256940
[epoch 052] backbone=rmtpp seed=62 train_joint=-3.34126132 val_joint=-3.33958617 time_nll=-3.35343958 log_qty_mse=0.01385341 qty_mae=3.27059863
[epoch 053] backbone=rmtpp seed=62 train_joint=-3.35001971 val_joint=-3.34678002 time_nll=-3.36201619 log_qty_mse=0.01523617 qty_mae=3.44554044
[epoch 054] backbone=rmtpp seed=62 train_joint=-3.35839372 val_joint=-3.35606799 time_nll=-3.37026922 log_qty_mse=0.01420124 qty_mae=3.38169188
[epoch 055] backbone=rmtpp seed=62 train_joint=-3.36652730 val_joint=-3.36298420 time_nll=-3.37821912 log_qty_mse=0.01523492 qty_mae=3.46166198
[epoch 056] backbone=rmtpp seed=62 train_joint=-3.37430178 val_joint=-3.37407213 time_nll=-3.38584903 log_qty_mse=0.01177689 qty_mae=3.12130626
[epoch 057] backbone=rmtpp seed=62 train_joint=-3.38176303 val_joint=-3.37602359 time_nll=-3.39316880 log_qty_mse=0.01714522 qty_mae=3.65649715
[epoch 058] backbone=rmtpp seed=62 train_joint=-3.38901060 val_joint=-3.38123143 time_nll=-3.40023320 log_qty_mse=0.01900178 qty_mae=3.79207532
[epoch 059] backbone=rmtpp seed=62 train_joint=-3.39592106 val_joint=-3.39367880 time_nll=-3.40706204 log_qty_mse=0.01338324 qty_mae=3.22941181
[epoch 060] backbone=rmtpp seed=62 train_joint=-3.40260573 val_joint=-3.39929816 time_nll=-3.41362287 log_qty_mse=0.01432470 qty_mae=3.16613299
[epoch 061] backbone=rmtpp seed=62 train_joint=-3.40905871 val_joint=-3.40529486 time_nll=-3.41991292 log_qty_mse=0.01461805 qty_mae=3.37363156
[epoch 062] backbone=rmtpp seed=62 train_joint=-3.41527511 val_joint=-3.40851886 time_nll=-3.42601534 log_qty_mse=0.01749648 qty_mae=3.81506589
[epoch 063] backbone=rmtpp seed=62 train_joint=-3.42125376 val_joint=-3.41830865 time_nll=-3.43189643 log_qty_mse=0.01358778 qty_mae=3.34410136
[epoch 064] backbone=rmtpp seed=62 train_joint=-3.42702843 val_joint=-3.42229921 time_nll=-3.43752258 log_qty_mse=0.01522337 qty_mae=3.46123173
[epoch 065] backbone=rmtpp seed=62 train_joint=-3.43256706 val_joint=-3.42848273 time_nll=-3.44301499 log_qty_mse=0.01453226 qty_mae=3.36349799
[epoch 066] backbone=rmtpp seed=62 train_joint=-3.43791341 val_joint=-3.43832283 time_nll=-3.44824501 log_qty_mse=0.00992217 qty_mae=2.76876382
[epoch 067] backbone=rmtpp seed=62 train_joint=-3.44310057 val_joint=-3.43846822 time_nll=-3.45332536 log_qty_mse=0.01485714 qty_mae=3.34498173
[epoch 068] backbone=rmtpp seed=62 train_joint=-3.44809848 val_joint=-3.44393114 time_nll=-3.45823310 log_qty_mse=0.01430196 qty_mae=3.36537113
[epoch 069] backbone=rmtpp seed=62 train_joint=-3.45291749 val_joint=-3.44960362 time_nll=-3.46293930 log_qty_mse=0.01333569 qty_mae=3.20880257
[epoch 070] backbone=rmtpp seed=62 train_joint=-3.45754227 val_joint=-3.45503702 time_nll=-3.46751630 log_qty_mse=0.01247928 qty_mae=3.00064872
[epoch 071] backbone=rmtpp seed=62 train_joint=-3.46202653 val_joint=-3.45907073 time_nll=-3.47189263 log_qty_mse=0.01282190 qty_mae=3.12646740
[epoch 072] backbone=rmtpp seed=62 train_joint=-3.46635532 val_joint=-3.46544939 time_nll=-3.47618204 log_qty_mse=0.01073266 qty_mae=2.99307733
[epoch 073] backbone=rmtpp seed=62 train_joint=-3.47056345 val_joint=-3.45896832 time_nll=-3.48025634 log_qty_mse=0.02128803 qty_mae=4.06968355
[epoch 074] backbone=rmtpp seed=62 train_joint=-3.47456632 val_joint=-3.47080012 time_nll=-3.48423831 log_qty_mse=0.01343819 qty_mae=3.29025373
[epoch 075] backbone=rmtpp seed=62 train_joint=-3.47851481 val_joint=-3.47502898 time_nll=-3.48805816 log_qty_mse=0.01302918 qty_mae=3.25097100
[epoch 076] backbone=rmtpp seed=62 train_joint=-3.48223862 val_joint=-3.47622141 time_nll=-3.49174717 log_qty_mse=0.01552577 qty_mae=3.44065928
[epoch 077] backbone=rmtpp seed=62 train_joint=-3.48589121 val_joint=-3.48294595 time_nll=-3.49536020 log_qty_mse=0.01241425 qty_mae=3.08941155
[epoch 078] backbone=rmtpp seed=62 train_joint=-3.48940045 val_joint=-3.48236375 time_nll=-3.49876024 log_qty_mse=0.01639648 qty_mae=3.58773753
[epoch 079] backbone=rmtpp seed=62 train_joint=-3.49278146 val_joint=-3.48431820 time_nll=-3.50214005 log_qty_mse=0.01782185 qty_mae=3.74867727
[epoch 080] backbone=rmtpp seed=62 train_joint=-3.49611750 val_joint=-3.49178660 time_nll=-3.50533528 log_qty_mse=0.01354867 qty_mae=3.24729942
[epoch 081] backbone=rmtpp seed=62 train_joint=-3.49923887 val_joint=-3.49256218 time_nll=-3.50844316 log_qty_mse=0.01588098 qty_mae=3.55069805
[epoch 082] backbone=rmtpp seed=62 train_joint=-3.50231772 val_joint=-3.50134798 time_nll=-3.51153286 log_qty_mse=0.01018488 qty_mae=2.78010598
[epoch 083] backbone=rmtpp seed=62 train_joint=-3.50528887 val_joint=-3.49976843 time_nll=-3.51436501 log_qty_mse=0.01459658 qty_mae=3.42354481
[epoch 084] backbone=rmtpp seed=62 train_joint=-3.50812856 val_joint=-3.50245288 time_nll=-3.51718946 log_qty_mse=0.01473658 qty_mae=3.39754274
[epoch 085] backbone=rmtpp seed=62 train_joint=-3.51093829 val_joint=-3.50875407 time_nll=-3.51998451 log_qty_mse=0.01123044 qty_mae=2.84637101
[epoch 086] backbone=rmtpp seed=62 train_joint=-3.51360899 val_joint=-3.50502403 time_nll=-3.52253695 log_qty_mse=0.01751292 qty_mae=3.75493570
[epoch 087] backbone=rmtpp seed=62 train_joint=-3.51616419 val_joint=-3.51010672 time_nll=-3.52508219 log_qty_mse=0.01497546 qty_mae=3.47846262
[epoch 088] backbone=rmtpp seed=62 train_joint=-3.51869551 val_joint=-3.50861839 time_nll=-3.52762401 log_qty_mse=0.01900562 qty_mae=3.85292535
[epoch 089] backbone=rmtpp seed=62 train_joint=-3.52114690 val_joint=-3.51305352 time_nll=-3.52994529 log_qty_mse=0.01689177 qty_mae=3.70095406
[epoch 090] backbone=rmtpp seed=62 train_joint=-3.52344133 val_joint=-3.51636524 time_nll=-3.53222147 log_qty_mse=0.01585623 qty_mae=3.53695995
[epoch 091] backbone=rmtpp seed=62 train_joint=-3.52569565 val_joint=-3.51712710 time_nll=-3.53449037 log_qty_mse=0.01736328 qty_mae=3.73945864
[epoch 092] backbone=rmtpp seed=62 train_joint=-3.52797620 val_joint=-3.52217444 time_nll=-3.53669840 log_qty_mse=0.01452396 qty_mae=3.41341689
[epoch 093] backbone=rmtpp seed=62 train_joint=-3.53004050 val_joint=-3.52406998 time_nll=-3.53870802 log_qty_mse=0.01463804 qty_mae=3.40606973
[epoch 094] backbone=rmtpp seed=62 train_joint=-3.53206315 val_joint=-3.52864107 time_nll=-3.54071068 log_qty_mse=0.01206961 qty_mae=3.06727202
[epoch 095] backbone=rmtpp seed=62 train_joint=-3.53406987 val_joint=-3.52539939 time_nll=-3.54271395 log_qty_mse=0.01731457 qty_mae=3.73572788
[epoch 096] backbone=rmtpp seed=62 train_joint=-3.53600187 val_joint=-3.52731506 time_nll=-3.54466801 log_qty_mse=0.01735295 qty_mae=3.67671590
[epoch 097] backbone=rmtpp seed=62 train_joint=-3.53789369 val_joint=-3.53177121 time_nll=-3.54641133 log_qty_mse=0.01464011 qty_mae=3.48892929
[epoch 098] backbone=rmtpp seed=62 train_joint=-3.53965383 val_joint=-3.53418406 time_nll=-3.54815351 log_qty_mse=0.01396944 qty_mae=3.21966060
[epoch 099] backbone=rmtpp seed=62 train_joint=-3.54136202 val_joint=-3.53591615 time_nll=-3.54989150 log_qty_mse=0.01397535 qty_mae=3.31525776
[epoch 100] backbone=rmtpp seed=62 train_joint=-3.54313688 val_joint=-3.53558914 time_nll=-3.55162610 log_qty_mse=0.01603696 qty_mae=3.67055120
[epoch 101] backbone=rmtpp seed=62 train_joint=-3.54482011 val_joint=-3.53883174 time_nll=-3.55322521 log_qty_mse=0.01439347 qty_mae=3.40117957
[epoch 102] backbone=rmtpp seed=62 train_joint=-3.54634404 val_joint=-3.54111453 time_nll=-3.55470847 log_qty_mse=0.01359394 qty_mae=3.30087133
[epoch 103] backbone=rmtpp seed=62 train_joint=-3.54781409 val_joint=-3.54332431 time_nll=-3.55618285 log_qty_mse=0.01285854 qty_mae=3.18616262
[epoch 104] backbone=rmtpp seed=62 train_joint=-3.54930297 val_joint=-3.54445087 time_nll=-3.55766674 log_qty_mse=0.01321587 qty_mae=3.18364345
[epoch 105] backbone=rmtpp seed=62 train_joint=-3.55076082 val_joint=-3.54570944 time_nll=-3.55914245 log_qty_mse=0.01343302 qty_mae=3.30362011
[epoch 106] backbone=rmtpp seed=62 train_joint=-3.55225528 val_joint=-3.54831357 time_nll=-3.56058607 log_qty_mse=0.01227250 qty_mae=3.05280186
[epoch 107] backbone=rmtpp seed=62 train_joint=-3.55357487 val_joint=-3.55066324 time_nll=-3.56181241 log_qty_mse=0.01114917 qty_mae=2.92869776
[epoch 108] backbone=rmtpp seed=62 train_joint=-3.55479965 val_joint=-3.55190598 time_nll=-3.56303785 log_qty_mse=0.01113187 qty_mae=3.02574030
[epoch 109] backbone=rmtpp seed=62 train_joint=-3.55603466 val_joint=-3.55240396 time_nll=-3.56426038 log_qty_mse=0.01185642 qty_mae=3.11274375
[epoch 110] backbone=rmtpp seed=62 train_joint=-3.55725106 val_joint=-3.54907674 time_nll=-3.56548211 log_qty_mse=0.01640537 qty_mae=3.61300148
[epoch 111] backbone=rmtpp seed=62 train_joint=-3.55848964 val_joint=-3.55414239 time_nll=-3.56670402 log_qty_mse=0.01256163 qty_mae=3.16995807
[epoch 112] backbone=rmtpp seed=62 train_joint=-3.55970627 val_joint=-3.55346400 time_nll=-3.56792274 log_qty_mse=0.01445874 qty_mae=3.24751540
[epoch 113] backbone=rmtpp seed=62 train_joint=-3.56088784 val_joint=-3.55638709 time_nll=-3.56898537 log_qty_mse=0.01259828 qty_mae=3.12105304
[epoch 114] backbone=rmtpp seed=62 train_joint=-3.56184544 val_joint=-3.55641022 time_nll=-3.56995875 log_qty_mse=0.01354854 qty_mae=3.21224051
[epoch 115] backbone=rmtpp seed=62 train_joint=-3.56283323 val_joint=-3.55811394 time_nll=-3.57093097 log_qty_mse=0.01281703 qty_mae=3.22829731
[epoch 116] backbone=rmtpp seed=62 train_joint=-3.56380265 val_joint=-3.55748034 time_nll=-3.57190204 log_qty_mse=0.01442170 qty_mae=3.33829379
[epoch 117] backbone=rmtpp seed=62 train_joint=-3.56478520 val_joint=-3.55692030 time_nll=-3.57287250 log_qty_mse=0.01595220 qty_mae=3.56879366
[epoch 118] backbone=rmtpp seed=62 train_joint=-3.56576701 val_joint=-3.56231291 time_nll=-3.57383754 log_qty_mse=0.01152463 qty_mae=2.99919947
[epoch 119] backbone=rmtpp seed=62 train_joint=-3.56673783 val_joint=-3.56047106 time_nll=-3.57480892 log_qty_mse=0.01433787 qty_mae=3.36850387
[epoch 120] backbone=rmtpp seed=62 train_joint=-3.56769960 val_joint=-3.56034254 time_nll=-3.57577759 log_qty_mse=0.01543506 qty_mae=3.51575417
[epoch 121] backbone=rmtpp seed=62 train_joint=-3.56862067 val_joint=-3.55377329 time_nll=-3.57661703 log_qty_mse=0.02284373 qty_mae=4.25874137
[epoch 122] backbone=rmtpp seed=62 train_joint=-3.56936586 val_joint=-3.56111070 time_nll=-3.57734253 log_qty_mse=0.01623183 qty_mae=3.54594325
[epoch 123] backbone=rmtpp seed=62 train_joint=-3.57012134 val_joint=-3.55755718 time_nll=-3.57806457 log_qty_mse=0.02050740 qty_mae=4.01544178
[epoch 124] backbone=rmtpp seed=62 train_joint=-3.57082590 val_joint=-3.56586247 time_nll=-3.57878663 log_qty_mse=0.01292416 qty_mae=3.17025080
[epoch 125] backbone=rmtpp seed=62 train_joint=-3.57155418 val_joint=-3.56466621 time_nll=-3.57951229 log_qty_mse=0.01484607 qty_mae=3.44315661
[epoch 126] backbone=rmtpp seed=62 train_joint=-3.57229934 val_joint=-3.56591743 time_nll=-3.58023497 log_qty_mse=0.01431754 qty_mae=3.36031882
[epoch 127] backbone=rmtpp seed=62 train_joint=-3.57299725 val_joint=-3.56305432 time_nll=-3.58095563 log_qty_mse=0.01790131 qty_mae=3.75817466
[epoch 128] backbone=rmtpp seed=62 train_joint=-3.57371971 val_joint=-3.57251344 time_nll=-3.58167752 log_qty_mse=0.00916408 qty_mae=2.70094250
[epoch 129] backbone=rmtpp seed=62 train_joint=-3.57445121 val_joint=-3.56376575 time_nll=-3.58239834 log_qty_mse=0.01863259 qty_mae=3.78771906
[epoch 130] backbone=rmtpp seed=62 train_joint=-3.57517283 val_joint=-3.56988936 time_nll=-3.58311926 log_qty_mse=0.01322990 qty_mae=3.28819731
[epoch 131] backbone=rmtpp seed=62 train_joint=-3.57589302 val_joint=-3.56879017 time_nll=-3.58383913 log_qty_mse=0.01504896 qty_mae=3.49571719
[epoch 132] backbone=rmtpp seed=62 train_joint=-3.57655270 val_joint=-3.57007797 time_nll=-3.58438886 log_qty_mse=0.01431089 qty_mae=3.39959106
[epoch 133] backbone=rmtpp seed=62 train_joint=-3.57703116 val_joint=-3.57424602 time_nll=-3.58486795 log_qty_mse=0.01062193 qty_mae=2.90006389
[epoch 134] backbone=rmtpp seed=62 train_joint=-3.57749660 val_joint=-3.56996194 time_nll=-3.58534741 log_qty_mse=0.01538547 qty_mae=3.44591219
[epoch 135] backbone=rmtpp seed=62 train_joint=-3.57799259 val_joint=-3.57202131 time_nll=-3.58582635 log_qty_mse=0.01380504 qty_mae=3.39201424
[epoch 136] backbone=rmtpp seed=62 train_joint=-3.57849510 val_joint=-3.56796858 time_nll=-3.58630434 log_qty_mse=0.01833576 qty_mae=3.82408611
[epoch 137] backbone=rmtpp seed=62 train_joint=-3.57897531 val_joint=-3.56807195 time_nll=-3.58678316 log_qty_mse=0.01871121 qty_mae=3.87526375
[epoch 138] backbone=rmtpp seed=62 train_joint=-3.57943419 val_joint=-3.57549544 time_nll=-3.58725922 log_qty_mse=0.01176379 qty_mae=2.97692569
[epoch 139] backbone=rmtpp seed=62 train_joint=-3.57991818 val_joint=-3.57318206 time_nll=-3.58773882 log_qty_mse=0.01455676 qty_mae=3.31431871
[epoch 140] backbone=rmtpp seed=62 train_joint=-3.58041809 val_joint=-3.57001055 time_nll=-3.58821661 log_qty_mse=0.01820607 qty_mae=3.72973763
[epoch 141] backbone=rmtpp seed=62 train_joint=-3.58086009 val_joint=-3.56673644 time_nll=-3.58869284 log_qty_mse=0.02195641 qty_mae=4.13717503
[epoch 142] backbone=rmtpp seed=62 train_joint=-3.58135017 val_joint=-3.57424564 time_nll=-3.58917168 log_qty_mse=0.01492604 qty_mae=3.39389602
[epoch 143] backbone=rmtpp seed=62 train_joint=-3.58182771 val_joint=-3.57698666 time_nll=-3.58964779 log_qty_mse=0.01266113 qty_mae=3.21219093
[epoch 144] backbone=rmtpp seed=62 train_joint=-3.58229431 val_joint=-3.57251286 time_nll=-3.59012512 log_qty_mse=0.01761226 qty_mae=3.75278267
[epoch 145] backbone=rmtpp seed=62 train_joint=-3.58279192 val_joint=-3.57412173 time_nll=-3.59060030 log_qty_mse=0.01647857 qty_mae=3.65352141
[epoch 146] backbone=rmtpp seed=62 train_joint=-3.58326029 val_joint=-3.57691042 time_nll=-3.59107705 log_qty_mse=0.01416663 qty_mae=3.41167511
[epoch 147] backbone=rmtpp seed=62 train_joint=-3.58374061 val_joint=-3.57626759 time_nll=-3.59155379 log_qty_mse=0.01528620 qty_mae=3.43715490
[epoch 148] backbone=rmtpp seed=62 train_joint=-3.58420665 val_joint=-3.57977469 time_nll=-3.59191628 log_qty_mse=0.01214158 qty_mae=3.02602869
[epoch 149] backbone=rmtpp seed=62 train_joint=-3.58446791 val_joint=-3.57918673 time_nll=-3.59215416 log_qty_mse=0.01296744 qty_mae=3.13965622
[epoch 150] backbone=rmtpp seed=62 train_joint=-3.58468773 val_joint=-3.57704494 time_nll=-3.59239199 log_qty_mse=0.01534705 qty_mae=3.49266867
[epoch 151] backbone=rmtpp seed=62 train_joint=-3.58495082 val_joint=-3.57777422 time_nll=-3.59262845 log_qty_mse=0.01485423 qty_mae=3.40208803
[epoch 152] backbone=rmtpp seed=62 train_joint=-3.58520242 val_joint=-3.57477068 time_nll=-3.59286746 log_qty_mse=0.01809678 qty_mae=3.78142381
[epoch 153] backbone=rmtpp seed=62 train_joint=-3.58542283 val_joint=-3.57771214 time_nll=-3.59310438 log_qty_mse=0.01539224 qty_mae=3.46005610
[epoch 154] backbone=rmtpp seed=62 train_joint=-3.58564490 val_joint=-3.57549884 time_nll=-3.59334179 log_qty_mse=0.01784295 qty_mae=3.67502874
[epoch 155] backbone=rmtpp seed=62 train_joint=-3.58591013 val_joint=-3.58126632 time_nll=-3.59357983 log_qty_mse=0.01231351 qty_mae=3.11034541
[epoch 156] backbone=rmtpp seed=62 train_joint=-3.58613363 val_joint=-3.57463257 time_nll=-3.59381713 log_qty_mse=0.01918456 qty_mae=3.91258165
[epoch 157] backbone=rmtpp seed=62 train_joint=-3.58637015 val_joint=-3.58260486 time_nll=-3.59405476 log_qty_mse=0.01144990 qty_mae=3.01844797
[epoch 158] backbone=rmtpp seed=62 train_joint=-3.58660920 val_joint=-3.57744358 time_nll=-3.59429235 log_qty_mse=0.01684877 qty_mae=3.64300448
[epoch 159] backbone=rmtpp seed=62 train_joint=-3.58686713 val_joint=-3.57889423 time_nll=-3.59452995 log_qty_mse=0.01563571 qty_mae=3.42803807
[epoch 160] backbone=rmtpp seed=62 train_joint=-3.58707995 val_joint=-3.58190211 time_nll=-3.59476704 log_qty_mse=0.01286493 qty_mae=3.28699784
[epoch 161] backbone=rmtpp seed=62 train_joint=-3.58733733 val_joint=-3.57499193 time_nll=-3.59500092 log_qty_mse=0.02000899 qty_mae=3.92258349
[epoch 162] backbone=rmtpp seed=62 train_joint=-3.58755841 val_joint=-3.58195800 time_nll=-3.59524116 log_qty_mse=0.01328316 qty_mae=3.21780042
[epoch 163] backbone=rmtpp seed=62 train_joint=-3.58780491 val_joint=-3.57875584 time_nll=-3.59547837 log_qty_mse=0.01672253 qty_mae=3.67940043
[epoch 164] backbone=rmtpp seed=62 train_joint=-3.58803128 val_joint=-3.58303627 time_nll=-3.59571532 log_qty_mse=0.01267905 qty_mae=3.11804294
[epoch 165] backbone=rmtpp seed=62 train_joint=-3.58827353 val_joint=-3.58323347 time_nll=-3.59595029 log_qty_mse=0.01271681 qty_mae=3.24200585
[epoch 166] backbone=rmtpp seed=62 train_joint=-3.58851616 val_joint=-3.58257794 time_nll=-3.59618935 log_qty_mse=0.01361141 qty_mae=3.31473403
[epoch 167] backbone=rmtpp seed=62 train_joint=-3.58876478 val_joint=-3.58074909 time_nll=-3.59641658 log_qty_mse=0.01566748 qty_mae=3.47105961
[epoch 168] backbone=rmtpp seed=62 train_joint=-3.58898896 val_joint=-3.58209361 time_nll=-3.59666282 log_qty_mse=0.01456921 qty_mae=3.41040056
[epoch 169] backbone=rmtpp seed=62 train_joint=-3.58922950 val_joint=-3.58569128 time_nll=-3.59689948 log_qty_mse=0.01120821 qty_mae=2.98457190
[epoch 170] backbone=rmtpp seed=62 train_joint=-3.58946522 val_joint=-3.58321224 time_nll=-3.59713627 log_qty_mse=0.01392402 qty_mae=3.30077750
[epoch 171] backbone=rmtpp seed=62 train_joint=-3.58972619 val_joint=-3.58596526 time_nll=-3.59737328 log_qty_mse=0.01140801 qty_mae=3.06489885
[epoch 172] backbone=rmtpp seed=62 train_joint=-3.58994840 val_joint=-3.58396369 time_nll=-3.59760972 log_qty_mse=0.01364603 qty_mae=3.24021233
[epoch 173] backbone=rmtpp seed=62 train_joint=-3.59017609 val_joint=-3.58051548 time_nll=-3.59784581 log_qty_mse=0.01733033 qty_mae=3.68889999
[epoch 174] backbone=rmtpp seed=62 train_joint=-3.59040176 val_joint=-3.58426284 time_nll=-3.59808189 log_qty_mse=0.01381905 qty_mae=3.34438278
[epoch 175] backbone=rmtpp seed=62 train_joint=-3.59066230 val_joint=-3.58249238 time_nll=-3.59831836 log_qty_mse=0.01582598 qty_mae=3.62772858
[epoch 176] backbone=rmtpp seed=62 train_joint=-3.59088588 val_joint=-3.58698156 time_nll=-3.59855307 log_qty_mse=0.01157151 qty_mae=2.97157767
[epoch 177] backbone=rmtpp seed=62 train_joint=-3.59113876 val_joint=-3.58663284 time_nll=-3.59878907 log_qty_mse=0.01215623 qty_mae=3.11052578
[epoch 178] backbone=rmtpp seed=62 train_joint=-3.59136447 val_joint=-3.58482880 time_nll=-3.59902759 log_qty_mse=0.01419879 qty_mae=3.41803204
[epoch 179] backbone=rmtpp seed=62 train_joint=-3.59157748 val_joint=-3.58538715 time_nll=-3.59926408 log_qty_mse=0.01387692 qty_mae=3.30724435
[epoch 180] backbone=rmtpp seed=62 train_joint=-3.59183172 val_joint=-3.58559122 time_nll=-3.59949423 log_qty_mse=0.01390301 qty_mae=3.28424601
[epoch 181] backbone=rmtpp seed=62 train_joint=-3.59194051 val_joint=-3.58326180 time_nll=-3.59949414 log_qty_mse=0.01623233 qty_mae=3.66073381
[epoch 182] backbone=rmtpp seed=62 train_joint=-3.59194778 val_joint=-3.58557152 time_nll=-3.59949459 log_qty_mse=0.01392308 qty_mae=3.32910668
[epoch 183] backbone=rmtpp seed=62 train_joint=-3.59196944 val_joint=-3.58582812 time_nll=-3.59949259 log_qty_mse=0.01366447 qty_mae=3.24781328
[epoch 184] backbone=rmtpp seed=62 train_joint=-3.59195699 val_joint=-3.58482109 time_nll=-3.59949436 log_qty_mse=0.01467327 qty_mae=3.36505336
[epoch 185] backbone=rmtpp seed=62 train_joint=-3.59196192 val_joint=-3.58563715 time_nll=-3.59949202 log_qty_mse=0.01385487 qty_mae=3.34494669
[epoch 186] backbone=rmtpp seed=62 train_joint=-3.59196146 val_joint=-3.58446674 time_nll=-3.59949453 log_qty_mse=0.01502779 qty_mae=3.49091986
[epoch 187] backbone=rmtpp seed=62 train_joint=-3.59193139 val_joint=-3.58654550 time_nll=-3.59948950 log_qty_mse=0.01294400 qty_mae=3.19413182
[epoch 188] backbone=rmtpp seed=62 train_joint=-3.59194559 val_joint=-3.57955370 time_nll=-3.59949429 log_qty_mse=0.01994059 qty_mae=3.97415942
[epoch 189] backbone=rmtpp seed=62 train_joint=-3.59196905 val_joint=-3.58304508 time_nll=-3.59949467 log_qty_mse=0.01644958 qty_mae=3.62040259
[epoch 190] backbone=rmtpp seed=62 train_joint=-3.59196800 val_joint=-3.58241604 time_nll=-3.59949372 log_qty_mse=0.01707767 qty_mae=3.72600970
[epoch 191] backbone=rmtpp seed=62 train_joint=-3.59195903 val_joint=-3.58691564 time_nll=-3.59949468 log_qty_mse=0.01257904 qty_mae=3.20340488
[epoch 192] backbone=rmtpp seed=62 train_joint=-3.59198016 val_joint=-3.58650552 time_nll=-3.59949468 log_qty_mse=0.01298916 qty_mae=3.24889397
[epoch 193] backbone=rmtpp seed=62 train_joint=-3.59196794 val_joint=-3.58554107 time_nll=-3.59949396 log_qty_mse=0.01395289 qty_mae=3.23367034
[epoch 194] backbone=rmtpp seed=62 train_joint=-3.59195862 val_joint=-3.58783818 time_nll=-3.59949325 log_qty_mse=0.01165507 qty_mae=3.02097602
[epoch 195] backbone=rmtpp seed=62 train_joint=-3.59194823 val_joint=-3.58663552 time_nll=-3.59949451 log_qty_mse=0.01285900 qty_mae=3.23268654
[epoch 196] backbone=rmtpp seed=62 train_joint=-3.59192274 val_joint=-3.58671016 time_nll=-3.59949425 log_qty_mse=0.01278409 qty_mae=3.19668517
[epoch 197] backbone=rmtpp seed=62 train_joint=-3.59196604 val_joint=-3.58168168 time_nll=-3.59949348 log_qty_mse=0.01781180 qty_mae=3.82144762
[epoch 198] backbone=rmtpp seed=62 train_joint=-3.59196205 val_joint=-3.58377423 time_nll=-3.59949460 log_qty_mse=0.01572036 qty_mae=3.53707526
[epoch 199] backbone=rmtpp seed=62 train_joint=-3.59195438 val_joint=-3.58525029 time_nll=-3.59949420 log_qty_mse=0.01424391 qty_mae=3.36529014
[epoch 200] backbone=rmtpp seed=62 train_joint=-3.59196439 val_joint=-3.58625947 time_nll=-3.59949353 log_qty_mse=0.01323406 qty_mae=3.17296763
[epoch 201] backbone=rmtpp seed=62 train_joint=-3.59194848 val_joint=-3.58327032 time_nll=-3.59949331 log_qty_mse=0.01622299 qty_mae=3.52205967
[epoch 202] backbone=rmtpp seed=62 train_joint=-3.59196929 val_joint=-3.58870477 time_nll=-3.59949432 log_qty_mse=0.01078955 qty_mae=2.96925403
[epoch 203] backbone=rmtpp seed=62 train_joint=-3.59197617 val_joint=-3.58516062 time_nll=-3.59949472 log_qty_mse=0.01433410 qty_mae=3.36640459
[epoch 204] backbone=rmtpp seed=62 train_joint=-3.59197375 val_joint=-3.58022707 time_nll=-3.59949445 log_qty_mse=0.01926738 qty_mae=3.92686552
[epoch 205] backbone=rmtpp seed=62 train_joint=-3.59197099 val_joint=-3.58744225 time_nll=-3.59949461 log_qty_mse=0.01205236 qty_mae=3.07686923
[epoch 206] backbone=rmtpp seed=62 train_joint=-3.59193713 val_joint=-3.58341096 time_nll=-3.59949456 log_qty_mse=0.01608361 qty_mae=3.54105464
[epoch 207] backbone=rmtpp seed=62 train_joint=-3.59197752 val_joint=-3.58530098 time_nll=-3.59949240 log_qty_mse=0.01419142 qty_mae=3.47262401
[epoch 208] backbone=rmtpp seed=62 train_joint=-3.59196076 val_joint=-3.58701707 time_nll=-3.59949448 log_qty_mse=0.01247741 qty_mae=3.13577569
[epoch 209] backbone=rmtpp seed=62 train_joint=-3.59197073 val_joint=-3.58100811 time_nll=-3.59949391 log_qty_mse=0.01848580 qty_mae=3.81024873
[epoch 210] backbone=rmtpp seed=62 train_joint=-3.59197025 val_joint=-3.58456197 time_nll=-3.59949385 log_qty_mse=0.01493188 qty_mae=3.44613974
[epoch 211] backbone=rmtpp seed=62 train_joint=-3.59195358 val_joint=-3.58278486 time_nll=-3.59949180 log_qty_mse=0.01670694 qty_mae=3.72904084
[epoch 212] backbone=rmtpp seed=62 train_joint=-3.59197403 val_joint=-3.58027999 time_nll=-3.59949418 log_qty_mse=0.01921418 qty_mae=3.95513216
[epoch 213] backbone=rmtpp seed=62 train_joint=-3.59198175 val_joint=-3.58378524 time_nll=-3.59949332 log_qty_mse=0.01570808 qty_mae=3.50983660
[epoch 214] backbone=rmtpp seed=62 train_joint=-3.59196391 val_joint=-3.58503948 time_nll=-3.59949471 log_qty_mse=0.01445523 qty_mae=3.42759467
[epoch 215] backbone=rmtpp seed=62 train_joint=-3.59197384 val_joint=-3.58258630 time_nll=-3.59949440 log_qty_mse=0.01690810 qty_mae=3.75670020
[epoch 216] backbone=rmtpp seed=62 train_joint=-3.59197248 val_joint=-3.58529795 time_nll=-3.59948747 log_qty_mse=0.01418952 qty_mae=3.32589870
[epoch 217] backbone=rmtpp seed=62 train_joint=-3.59199235 val_joint=-3.58375837 time_nll=-3.59949433 log_qty_mse=0.01573596 qty_mae=3.60215415
[epoch 218] backbone=rmtpp seed=62 train_joint=-3.59199691 val_joint=-3.58366758 time_nll=-3.59949426 log_qty_mse=0.01582668 qty_mae=3.60014101
[epoch 219] backbone=rmtpp seed=62 train_joint=-3.59196908 val_joint=-3.58220182 time_nll=-3.59949324 log_qty_mse=0.01729142 qty_mae=3.73764912
[epoch 220] backbone=rmtpp seed=62 train_joint=-3.59197390 val_joint=-3.58411329 time_nll=-3.59949445 log_qty_mse=0.01538116 qty_mae=3.57298664
[epoch 221] backbone=rmtpp seed=62 train_joint=-3.59198500 val_joint=-3.58049723 time_nll=-3.59949409 log_qty_mse=0.01899686 qty_mae=3.85243209
[epoch 222] backbone=rmtpp seed=62 train_joint=-3.59198501 val_joint=-3.58548123 time_nll=-3.59949427 log_qty_mse=0.01401304 qty_mae=3.33619521
[epoch 223] backbone=rmtpp seed=62 train_joint=-3.59198239 val_joint=-3.58375643 time_nll=-3.59949426 log_qty_mse=0.01573783 qty_mae=3.53640825
[epoch 224] backbone=rmtpp seed=62 train_joint=-3.59197865 val_joint=-3.58325429 time_nll=-3.59949334 log_qty_mse=0.01623904 qty_mae=3.54981134
[epoch 225] backbone=rmtpp seed=62 train_joint=-3.59197281 val_joint=-3.58386574 time_nll=-3.59949386 log_qty_mse=0.01562812 qty_mae=3.45624246
[epoch 226] backbone=rmtpp seed=62 train_joint=-3.59197804 val_joint=-3.58559671 time_nll=-3.59949449 log_qty_mse=0.01389778 qty_mae=3.24260848
[epoch 227] backbone=rmtpp seed=62 train_joint=-3.59199369 val_joint=-3.58347731 time_nll=-3.59949431 log_qty_mse=0.01601701 qty_mae=3.57979398
[epoch 228] backbone=rmtpp seed=62 train_joint=-3.59199508 val_joint=-3.58185654 time_nll=-3.59949431 log_qty_mse=0.01763776 qty_mae=3.71025225
[epoch 229] backbone=rmtpp seed=62 train_joint=-3.59199179 val_joint=-3.57748091 time_nll=-3.59949207 log_qty_mse=0.02201116 qty_mae=4.12372117
[epoch 230] backbone=rmtpp seed=62 train_joint=-3.59199701 val_joint=-3.58330689 time_nll=-3.59949248 log_qty_mse=0.01618560 qty_mae=3.55217617
[epoch 231] backbone=rmtpp seed=62 train_joint=-3.59197822 val_joint=-3.58166156 time_nll=-3.59949082 log_qty_mse=0.01782927 qty_mae=3.75458760
[epoch 232] backbone=rmtpp seed=62 train_joint=-3.59198783 val_joint=-3.58624319 time_nll=-3.59949457 log_qty_mse=0.01325138 qty_mae=3.26152983
[epoch 233] backbone=rmtpp seed=62 train_joint=-3.59196919 val_joint=-3.58542117 time_nll=-3.59949205 log_qty_mse=0.01407088 qty_mae=3.33119894
[epoch 234] backbone=rmtpp seed=62 train_joint=-3.59196702 val_joint=-3.58486436 time_nll=-3.59949399 log_qty_mse=0.01462962 qty_mae=3.38553254
[epoch 235] backbone=rmtpp seed=62 train_joint=-3.59199067 val_joint=-3.58090726 time_nll=-3.59949452 log_qty_mse=0.01858726 qty_mae=3.80810251
[epoch 236] backbone=rmtpp seed=62 train_joint=-3.59199836 val_joint=-3.58293990 time_nll=-3.59949203 log_qty_mse=0.01655213 qty_mae=3.68665524
[epoch 237] backbone=rmtpp seed=62 train_joint=-3.59198139 val_joint=-3.58469870 time_nll=-3.59949359 log_qty_mse=0.01479490 qty_mae=3.47982681
[epoch 238] backbone=rmtpp seed=62 train_joint=-3.59199104 val_joint=-3.58599726 time_nll=-3.59949429 log_qty_mse=0.01349704 qty_mae=3.22457903
[epoch 239] backbone=rmtpp seed=62 train_joint=-3.59198079 val_joint=-3.58394928 time_nll=-3.59949296 log_qty_mse=0.01554368 qty_mae=3.50059189
[epoch 240] backbone=rmtpp seed=62 train_joint=-3.59198101 val_joint=-3.58491248 time_nll=-3.59949442 log_qty_mse=0.01458194 qty_mae=3.38840278
[epoch 241] backbone=rmtpp seed=62 train_joint=-3.59198685 val_joint=-3.58245241 time_nll=-3.59949398 log_qty_mse=0.01704157 qty_mae=3.61564567
[epoch 242] backbone=rmtpp seed=62 train_joint=-3.59198934 val_joint=-3.58446267 time_nll=-3.59949464 log_qty_mse=0.01503198 qty_mae=3.45808366
[early-stop] backbone=rmtpp seed=62 current_epoch=242 best_epoch=202
/home/leekwanhyeong/miniconda3/envs/ai_env/lib/python3.12/site-packages/torch/autograd/graph.py:869: UserWarning: Memory Efficient attention defaults to a non-deterministic algorithm. To explicitly enable determinism call torch.use_deterministic_algorithms(True, warn_only=False). (Triggered internally at /pytorch/aten/src/ATen/native/transformers/cuda/attention_backward.cu:900.)
  return Variable._execution_engine.run_backward(  # Calls into the C++ engine to run the backward pass
[epoch 001] backbone=thp seed=42 train_joint=1.53939691 val_joint=0.86302892 time_nll=0.85337292 log_qty_mse=0.00965600 qty_mae=1.35283441
[epoch 002] backbone=thp seed=42 train_joint=0.62422580 val_joint=0.33348835 time_nll=0.32288945 log_qty_mse=0.01059891 qty_mae=1.80063374
[epoch 003] backbone=thp seed=42 train_joint=0.20437286 val_joint=0.21548069 time_nll=0.20373467 log_qty_mse=0.01174602 qty_mae=2.05043030
[epoch 004] backbone=thp seed=42 train_joint=0.02454412 val_joint=0.23160280 time_nll=0.22021953 log_qty_mse=0.01138327 qty_mae=2.17732647
[epoch 005] backbone=thp seed=42 train_joint=-0.42944334 val_joint=-0.87775968 time_nll=-0.88759111 log_qty_mse=0.00983143 qty_mae=2.07633264
[epoch 006] backbone=thp seed=42 train_joint=-1.13660963 val_joint=-1.29273410 time_nll=-1.29905205 log_qty_mse=0.00631795 qty_mae=1.40739912
[epoch 007] backbone=thp seed=42 train_joint=-1.39006700 val_joint=-1.49750767 time_nll=-1.50369361 log_qty_mse=0.00618594 qty_mae=1.13907568
[epoch 008] backbone=thp seed=42 train_joint=-1.58657565 val_joint=-1.68050724 time_nll=-1.68623808 log_qty_mse=0.00573084 qty_mae=0.88894040
[epoch 009] backbone=thp seed=42 train_joint=-1.75368097 val_joint=-1.83341028 time_nll=-1.83880892 log_qty_mse=0.00539864 qty_mae=1.04842229
[epoch 010] backbone=thp seed=42 train_joint=-1.89472891 val_joint=-1.96376252 time_nll=-1.96882978 log_qty_mse=0.00506726 qty_mae=0.99377246
[epoch 011] backbone=thp seed=42 train_joint=-2.01581863 val_joint=-2.07659810 time_nll=-2.08151210 log_qty_mse=0.00491400 qty_mae=0.67106593
[epoch 012] backbone=thp seed=42 train_joint=-2.12146020 val_joint=-2.17486415 time_nll=-2.18043465 log_qty_mse=0.00557050 qty_mae=0.76277932
[epoch 013] backbone=thp seed=42 train_joint=-2.21476911 val_joint=-2.26331044 time_nll=-2.26828529 log_qty_mse=0.00497486 qty_mae=0.76829537
[epoch 014] backbone=thp seed=42 train_joint=-2.29806295 val_joint=-2.34105493 time_nll=-2.34698735 log_qty_mse=0.00593243 qty_mae=1.36509404
[epoch 015] backbone=thp seed=42 train_joint=-2.37292369 val_joint=-2.41311361 time_nll=-2.41819828 log_qty_mse=0.00508467 qty_mae=0.77614035
[epoch 016] backbone=thp seed=42 train_joint=-2.44080960 val_joint=-2.47779905 time_nll=-2.48287907 log_qty_mse=0.00508002 qty_mae=0.95295782
[epoch 017] backbone=thp seed=42 train_joint=-2.50273203 val_joint=-2.53680540 time_nll=-2.54202582 log_qty_mse=0.00522042 qty_mae=0.83132895
[epoch 018] backbone=thp seed=42 train_joint=-2.55940489 val_joint=-2.59126780 time_nll=-2.59627753 log_qty_mse=0.00500974 qty_mae=1.01954124
[epoch 019] backbone=thp seed=42 train_joint=-2.61163126 val_joint=-2.64194474 time_nll=-2.64643265 log_qty_mse=0.00448791 qty_mae=0.80827661
[epoch 020] backbone=thp seed=42 train_joint=-2.65983671 val_joint=-2.68809163 time_nll=-2.69277272 log_qty_mse=0.00468109 qty_mae=1.02362611
[epoch 021] backbone=thp seed=42 train_joint=-2.70455104 val_joint=-2.73103104 time_nll=-2.73582730 log_qty_mse=0.00479626 qty_mae=0.77420336
[epoch 022] backbone=thp seed=42 train_joint=-2.74615358 val_joint=-2.77149012 time_nll=-2.77604539 log_qty_mse=0.00455527 qty_mae=0.90434746
[epoch 023] backbone=thp seed=42 train_joint=-2.78503632 val_joint=-2.80688993 time_nll=-2.81359137 log_qty_mse=0.00670144 qty_mae=1.49664933
[epoch 024] backbone=thp seed=42 train_joint=-2.82137964 val_joint=-2.84384962 time_nll=-2.84869113 log_qty_mse=0.00484151 qty_mae=1.23420640
[epoch 025] backbone=thp seed=42 train_joint=-2.85538371 val_joint=-2.87676697 time_nll=-2.88161540 log_qty_mse=0.00484843 qty_mae=1.02085421
[epoch 026] backbone=thp seed=42 train_joint=-2.88732249 val_joint=-2.90771337 time_nll=-2.91258410 log_qty_mse=0.00487073 qty_mae=0.73528061
[epoch 027] backbone=thp seed=42 train_joint=-2.91745913 val_joint=-2.93745399 time_nll=-2.94184856 log_qty_mse=0.00439457 qty_mae=0.66394788
[epoch 028] backbone=thp seed=42 train_joint=-2.94589321 val_joint=-2.96470153 time_nll=-2.96946759 log_qty_mse=0.00476606 qty_mae=0.82413296
[epoch 029] backbone=thp seed=42 train_joint=-2.97273769 val_joint=-2.99072174 time_nll=-2.99544723 log_qty_mse=0.00472548 qty_mae=0.65832050
[epoch 030] backbone=thp seed=42 train_joint=-2.99806737 val_joint=-3.01491832 time_nll=-3.02017930 log_qty_mse=0.00526098 qty_mae=1.25087416
[epoch 031] backbone=thp seed=42 train_joint=-3.02210392 val_joint=-3.03829881 time_nll=-3.04346742 log_qty_mse=0.00516861 qty_mae=0.80413107
[epoch 032] backbone=thp seed=42 train_joint=-3.04483362 val_joint=-3.06077013 time_nll=-3.06562047 log_qty_mse=0.00485034 qty_mae=0.71526092
[epoch 033] backbone=thp seed=42 train_joint=-3.06634315 val_joint=-3.08092599 time_nll=-3.08666389 log_qty_mse=0.00573790 qty_mae=1.07107395
[epoch 034] backbone=thp seed=42 train_joint=-3.08691086 val_joint=-3.10194503 time_nll=-3.10664937 log_qty_mse=0.00470434 qty_mae=1.00607098
[epoch 035] backbone=thp seed=42 train_joint=-3.10642680 val_joint=-3.12047980 time_nll=-3.12570207 log_qty_mse=0.00522226 qty_mae=0.98696057
[epoch 036] backbone=thp seed=42 train_joint=-3.12504079 val_joint=-3.13898506 time_nll=-3.14383786 log_qty_mse=0.00485280 qty_mae=0.89770909
[epoch 037] backbone=thp seed=42 train_joint=-3.14278251 val_joint=-3.15641639 time_nll=-3.16115936 log_qty_mse=0.00474296 qty_mae=0.61515299
[epoch 038] backbone=thp seed=42 train_joint=-3.15964342 val_joint=-3.17310915 time_nll=-3.17757813 log_qty_mse=0.00446898 qty_mae=0.63675660
[epoch 039] backbone=thp seed=42 train_joint=-3.17566907 val_joint=-3.18876461 time_nll=-3.19321360 log_qty_mse=0.00444899 qty_mae=0.70995850
[epoch 040] backbone=thp seed=42 train_joint=-3.19095896 val_joint=-3.20364838 time_nll=-3.20824154 log_qty_mse=0.00459316 qty_mae=0.69771979
[epoch 041] backbone=thp seed=42 train_joint=-3.20570588 val_joint=-3.21736002 time_nll=-3.22261684 log_qty_mse=0.00525683 qty_mae=1.26487461
[epoch 042] backbone=thp seed=42 train_joint=-3.21975378 val_joint=-3.23105973 time_nll=-3.23633713 log_qty_mse=0.00527741 qty_mae=1.22810562
[epoch 043] backbone=thp seed=42 train_joint=-3.23323423 val_joint=-3.24496732 time_nll=-3.24953218 log_qty_mse=0.00456486 qty_mae=0.83662269
[epoch 044] backbone=thp seed=42 train_joint=-3.24614315 val_joint=-3.25700321 time_nll=-3.26220121 log_qty_mse=0.00519800 qty_mae=1.18635081
[epoch 045] backbone=thp seed=42 train_joint=-3.25858482 val_joint=-3.26935209 time_nll=-3.27431542 log_qty_mse=0.00496333 qty_mae=0.79650796
[epoch 046] backbone=thp seed=42 train_joint=-3.27048642 val_joint=-3.28088254 time_nll=-3.28605026 log_qty_mse=0.00516772 qty_mae=0.81206178
[epoch 047] backbone=thp seed=42 train_joint=-3.28192347 val_joint=-3.29240820 time_nll=-3.29727391 log_qty_mse=0.00486571 qty_mae=1.12052294
[epoch 048] backbone=thp seed=42 train_joint=-3.29288847 val_joint=-3.30350926 time_nll=-3.30802006 log_qty_mse=0.00451079 qty_mae=0.95544202
[epoch 049] backbone=thp seed=42 train_joint=-3.30344793 val_joint=-3.31360599 time_nll=-3.31832220 log_qty_mse=0.00471621 qty_mae=0.80254366
[epoch 050] backbone=thp seed=42 train_joint=-3.31361297 val_joint=-3.32280742 time_nll=-3.32831421 log_qty_mse=0.00550679 qty_mae=1.34713103
[epoch 051] backbone=thp seed=42 train_joint=-3.32333239 val_joint=-3.33332437 time_nll=-3.33785584 log_qty_mse=0.00453147 qty_mae=1.03527233
[epoch 052] backbone=thp seed=42 train_joint=-3.33270711 val_joint=-3.34240197 time_nll=-3.34699573 log_qty_mse=0.00459376 qty_mae=0.74237028
[epoch 053] backbone=thp seed=42 train_joint=-3.34172652 val_joint=-3.35099011 time_nll=-3.35581907 log_qty_mse=0.00482896 qty_mae=0.83597541
[epoch 054] backbone=thp seed=42 train_joint=-3.35035551 val_joint=-3.35950142 time_nll=-3.36428761 log_qty_mse=0.00478619 qty_mae=0.80857090
[epoch 055] backbone=thp seed=42 train_joint=-3.35869009 val_joint=-3.36758500 time_nll=-3.37242905 log_qty_mse=0.00484405 qty_mae=0.69758512
[epoch 056] backbone=thp seed=42 train_joint=-3.36665845 val_joint=-3.37601701 time_nll=-3.38029129 log_qty_mse=0.00427428 qty_mae=0.77779190
[epoch 057] backbone=thp seed=42 train_joint=-3.37438933 val_joint=-3.38324955 time_nll=-3.38786028 log_qty_mse=0.00461073 qty_mae=0.65123214
[epoch 058] backbone=thp seed=42 train_joint=-3.38179467 val_joint=-3.38986101 time_nll=-3.39512656 log_qty_mse=0.00526554 qty_mae=0.89236247
[epoch 059] backbone=thp seed=42 train_joint=-3.38892807 val_joint=-3.39673648 time_nll=-3.40209646 log_qty_mse=0.00535998 qty_mae=1.07911889
[epoch 060] backbone=thp seed=42 train_joint=-3.39579702 val_joint=-3.40432886 time_nll=-3.40881247 log_qty_mse=0.00448361 qty_mae=0.76541516
[epoch 061] backbone=thp seed=42 train_joint=-3.40240062 val_joint=-3.41109311 time_nll=-3.41535620 log_qty_mse=0.00426308 qty_mae=0.66139465
[epoch 062] backbone=thp seed=42 train_joint=-3.40876487 val_joint=-3.41706107 time_nll=-3.42157723 log_qty_mse=0.00451617 qty_mae=0.68953041
[epoch 063] backbone=thp seed=42 train_joint=-3.41492354 val_joint=-3.42260767 time_nll=-3.42759430 log_qty_mse=0.00498663 qty_mae=0.93024735
[epoch 064] backbone=thp seed=42 train_joint=-3.42085122 val_joint=-3.42843003 time_nll=-3.43345364 log_qty_mse=0.00502361 qty_mae=0.72883357
[epoch 065] backbone=thp seed=42 train_joint=-3.42651150 val_joint=-3.43294325 time_nll=-3.43898695 log_qty_mse=0.00604370 qty_mae=1.42153891
[epoch 066] backbone=thp seed=42 train_joint=-3.43206680 val_joint=-3.43991414 time_nll=-3.44441613 log_qty_mse=0.00450199 qty_mae=0.63383015
[epoch 067] backbone=thp seed=42 train_joint=-3.43735694 val_joint=-3.44489792 time_nll=-3.44957466 log_qty_mse=0.00467673 qty_mae=0.86244406
[epoch 068] backbone=thp seed=42 train_joint=-3.44247676 val_joint=-3.44967856 time_nll=-3.45461833 log_qty_mse=0.00493977 qty_mae=0.94412394
[epoch 069] backbone=thp seed=42 train_joint=-3.44739685 val_joint=-3.45461305 time_nll=-3.45954028 log_qty_mse=0.00492723 qty_mae=1.10813950
[epoch 070] backbone=thp seed=42 train_joint=-3.45219057 val_joint=-3.45928243 time_nll=-3.46417171 log_qty_mse=0.00488928 qty_mae=0.81064145
[epoch 071] backbone=thp seed=42 train_joint=-3.45676806 val_joint=-3.46429785 time_nll=-3.46874941 log_qty_mse=0.00445155 qty_mae=0.65911580
[epoch 072] backbone=thp seed=42 train_joint=-3.46118853 val_joint=-3.46799789 time_nll=-3.47296364 log_qty_mse=0.00496575 qty_mae=0.89473964
[epoch 073] backbone=thp seed=42 train_joint=-3.46551104 val_joint=-3.47234276 time_nll=-3.47732319 log_qty_mse=0.00498043 qty_mae=0.76508770
[epoch 074] backbone=thp seed=42 train_joint=-3.46967093 val_joint=-3.47675438 time_nll=-3.48121606 log_qty_mse=0.00446168 qty_mae=0.70563333
[epoch 075] backbone=thp seed=42 train_joint=-3.47364221 val_joint=-3.48100322 time_nll=-3.48529749 log_qty_mse=0.00429428 qty_mae=0.67847683
[epoch 076] backbone=thp seed=42 train_joint=-3.47755882 val_joint=-3.48396474 time_nll=-3.48903395 log_qty_mse=0.00506922 qty_mae=0.77798932
[epoch 077] backbone=thp seed=42 train_joint=-3.48123375 val_joint=-3.48797309 time_nll=-3.49271803 log_qty_mse=0.00474494 qty_mae=1.07039015
[epoch 078] backbone=thp seed=42 train_joint=-3.48484453 val_joint=-3.49168269 time_nll=-3.49621864 log_qty_mse=0.00453595 qty_mae=0.71500255
[epoch 079] backbone=thp seed=42 train_joint=-3.48830751 val_joint=-3.49523518 time_nll=-3.49964442 log_qty_mse=0.00440924 qty_mae=0.81185233
[epoch 080] backbone=thp seed=42 train_joint=-3.49170130 val_joint=-3.49789959 time_nll=-3.50304856 log_qty_mse=0.00514897 qty_mae=0.79081811
[epoch 081] backbone=thp seed=42 train_joint=-3.49496639 val_joint=-3.50152997 time_nll=-3.50616311 log_qty_mse=0.00463314 qty_mae=0.71841371
[epoch 082] backbone=thp seed=42 train_joint=-3.49806396 val_joint=-3.50511387 time_nll=-3.50926778 log_qty_mse=0.00415391 qty_mae=0.68210330
[epoch 083] backbone=thp seed=42 train_joint=-3.50116037 val_joint=-3.50621472 time_nll=-3.51223841 log_qty_mse=0.00602370 qty_mae=0.88414015
[epoch 084] backbone=thp seed=42 train_joint=-3.50403688 val_joint=-3.51018585 time_nll=-3.51510766 log_qty_mse=0.00492181 qty_mae=1.00086617
[epoch 085] backbone=thp seed=42 train_joint=-3.50687109 val_joint=-3.51336815 time_nll=-3.51791727 log_qty_mse=0.00454911 qty_mae=0.70586657
[epoch 086] backbone=thp seed=42 train_joint=-3.50969722 val_joint=-3.51623469 time_nll=-3.52065904 log_qty_mse=0.00442434 qty_mae=0.61394488
[epoch 087] backbone=thp seed=42 train_joint=-3.51228400 val_joint=-3.51854653 time_nll=-3.52319828 log_qty_mse=0.00465175 qty_mae=0.68927856
[epoch 088] backbone=thp seed=42 train_joint=-3.51484460 val_joint=-3.52128188 time_nll=-3.52575092 log_qty_mse=0.00446903 qty_mae=0.88796843
[epoch 089] backbone=thp seed=42 train_joint=-3.51735484 val_joint=-3.52384909 time_nll=-3.52826259 log_qty_mse=0.00441351 qty_mae=0.71218742
[epoch 090] backbone=thp seed=42 train_joint=-3.51977612 val_joint=-3.52489063 time_nll=-3.53052637 log_qty_mse=0.00563574 qty_mae=0.73486727
[epoch 091] backbone=thp seed=42 train_joint=-3.52202804 val_joint=-3.52856414 time_nll=-3.53280387 log_qty_mse=0.00423973 qty_mae=0.69600160
[epoch 092] backbone=thp seed=42 train_joint=-3.52431024 val_joint=-3.53053549 time_nll=-3.53506192 log_qty_mse=0.00452643 qty_mae=0.67657892
[epoch 093] backbone=thp seed=42 train_joint=-3.52658994 val_joint=-3.53246264 time_nll=-3.53720879 log_qty_mse=0.00474615 qty_mae=0.67715027
[epoch 094] backbone=thp seed=42 train_joint=-3.52858850 val_joint=-3.53495963 time_nll=-3.53922517 log_qty_mse=0.00426554 qty_mae=0.64659902
[epoch 095] backbone=thp seed=42 train_joint=-3.53059573 val_joint=-3.53641653 time_nll=-3.54122694 log_qty_mse=0.00481042 qty_mae=1.01748030
[epoch 096] backbone=thp seed=42 train_joint=-3.53260392 val_joint=-3.53878184 time_nll=-3.54321769 log_qty_mse=0.00443585 qty_mae=0.83568139
[epoch 097] backbone=thp seed=42 train_joint=-3.53457418 val_joint=-3.54047398 time_nll=-3.54510948 log_qty_mse=0.00463550 qty_mae=0.69443344
[epoch 098] backbone=thp seed=42 train_joint=-3.53638089 val_joint=-3.54234189 time_nll=-3.54685278 log_qty_mse=0.00451089 qty_mae=0.68540581
[epoch 099] backbone=thp seed=42 train_joint=-3.53810519 val_joint=-3.54344342 time_nll=-3.54856468 log_qty_mse=0.00512126 qty_mae=0.90583625
[epoch 100] backbone=thp seed=42 train_joint=-3.53982447 val_joint=-3.54575892 time_nll=-3.55032803 log_qty_mse=0.00456911 qty_mae=0.83289851
[epoch 101] backbone=thp seed=42 train_joint=-3.54154495 val_joint=-3.54757356 time_nll=-3.55205886 log_qty_mse=0.00448529 qty_mae=0.72365750
[epoch 102] backbone=thp seed=42 train_joint=-3.54324580 val_joint=-3.54906532 time_nll=-3.55357738 log_qty_mse=0.00451206 qty_mae=0.64093933
[epoch 103] backbone=thp seed=42 train_joint=-3.54473764 val_joint=-3.54967989 time_nll=-3.55507441 log_qty_mse=0.00539453 qty_mae=1.10334656
[epoch 104] backbone=thp seed=42 train_joint=-3.54620458 val_joint=-3.55150250 time_nll=-3.55653900 log_qty_mse=0.00503650 qty_mae=0.59833323
[epoch 105] backbone=thp seed=42 train_joint=-3.54766120 val_joint=-3.55300884 time_nll=-3.55803771 log_qty_mse=0.00502887 qty_mae=0.99613277
[epoch 106] backbone=thp seed=42 train_joint=-3.54916737 val_joint=-3.55482171 time_nll=-3.55949782 log_qty_mse=0.00467611 qty_mae=0.98851923
[epoch 107] backbone=thp seed=42 train_joint=-3.55060213 val_joint=-3.55644070 time_nll=-3.56086182 log_qty_mse=0.00442112 qty_mae=0.86786830
[epoch 108] backbone=thp seed=42 train_joint=-3.55191970 val_joint=-3.55768058 time_nll=-3.56210079 log_qty_mse=0.00442021 qty_mae=0.65001405
[epoch 109] backbone=thp seed=42 train_joint=-3.55311792 val_joint=-3.55876670 time_nll=-3.56333751 log_qty_mse=0.00457081 qty_mae=0.84037441
[epoch 110] backbone=thp seed=42 train_joint=-3.55435744 val_joint=-3.55978768 time_nll=-3.56454962 log_qty_mse=0.00476194 qty_mae=0.66705882
[epoch 111] backbone=thp seed=42 train_joint=-3.55557496 val_joint=-3.56048920 time_nll=-3.56577894 log_qty_mse=0.00528973 qty_mae=1.06099220
[epoch 112] backbone=thp seed=42 train_joint=-3.55678791 val_joint=-3.56184449 time_nll=-3.56699372 log_qty_mse=0.00514923 qty_mae=0.82192166
[epoch 113] backbone=thp seed=42 train_joint=-3.55800901 val_joint=-3.56319073 time_nll=-3.56817956 log_qty_mse=0.00498883 qty_mae=0.76430763
[epoch 114] backbone=thp seed=42 train_joint=-3.55912163 val_joint=-3.56367961 time_nll=-3.56915757 log_qty_mse=0.00547796 qty_mae=1.22148740
[epoch 115] backbone=thp seed=42 train_joint=-3.56008058 val_joint=-3.56529036 time_nll=-3.57011118 log_qty_mse=0.00482082 qty_mae=0.66771063
[epoch 116] backbone=thp seed=42 train_joint=-3.56109232 val_joint=-3.56639101 time_nll=-3.57114366 log_qty_mse=0.00475264 qty_mae=0.81862944
[epoch 117] backbone=thp seed=42 train_joint=-3.56204581 val_joint=-3.56749151 time_nll=-3.57213054 log_qty_mse=0.00463902 qty_mae=0.74699089
[epoch 118] backbone=thp seed=42 train_joint=-3.56302840 val_joint=-3.56869899 time_nll=-3.57310265 log_qty_mse=0.00440366 qty_mae=0.68338202
[epoch 119] backbone=thp seed=42 train_joint=-3.56399776 val_joint=-3.56961358 time_nll=-3.57407048 log_qty_mse=0.00445691 qty_mae=0.86354071
[epoch 120] backbone=thp seed=42 train_joint=-3.56494879 val_joint=-3.57063819 time_nll=-3.57502217 log_qty_mse=0.00438399 qty_mae=0.67588554
[epoch 121] backbone=thp seed=42 train_joint=-3.56597212 val_joint=-3.57072079 time_nll=-3.57592869 log_qty_mse=0.00520791 qty_mae=0.90464326
[epoch 122] backbone=thp seed=42 train_joint=-3.56678706 val_joint=-3.57228083 time_nll=-3.57676105 log_qty_mse=0.00448022 qty_mae=0.62864992
[epoch 123] backbone=thp seed=42 train_joint=-3.56754506 val_joint=-3.57278143 time_nll=-3.57746599 log_qty_mse=0.00468456 qty_mae=0.73100470
[epoch 124] backbone=thp seed=42 train_joint=-3.56830209 val_joint=-3.57350284 time_nll=-3.57820717 log_qty_mse=0.00470433 qty_mae=0.80759813
[epoch 125] backbone=thp seed=42 train_joint=-3.56900450 val_joint=-3.57437199 time_nll=-3.57895804 log_qty_mse=0.00458605 qty_mae=0.77261564
[epoch 126] backbone=thp seed=42 train_joint=-3.56973257 val_joint=-3.57501446 time_nll=-3.57966373 log_qty_mse=0.00464927 qty_mae=0.96342188
[epoch 127] backbone=thp seed=42 train_joint=-3.57046946 val_joint=-3.57533169 time_nll=-3.58038565 log_qty_mse=0.00505396 qty_mae=1.11281027
[epoch 128] backbone=thp seed=42 train_joint=-3.57116448 val_joint=-3.57657061 time_nll=-3.58112129 log_qty_mse=0.00455068 qty_mae=0.80585569
[epoch 129] backbone=thp seed=42 train_joint=-3.57188687 val_joint=-3.57717867 time_nll=-3.58184131 log_qty_mse=0.00466263 qty_mae=0.74913806
[epoch 130] backbone=thp seed=42 train_joint=-3.57257830 val_joint=-3.57796085 time_nll=-3.58254525 log_qty_mse=0.00458440 qty_mae=0.66011232
[epoch 131] backbone=thp seed=42 train_joint=-3.57331567 val_joint=-3.57893268 time_nll=-3.58319949 log_qty_mse=0.00426681 qty_mae=0.69415357
[epoch 132] backbone=thp seed=42 train_joint=-3.57405701 val_joint=-3.57961163 time_nll=-3.58399540 log_qty_mse=0.00438377 qty_mae=0.69246504
[epoch 133] backbone=thp seed=42 train_joint=-3.57466682 val_joint=-3.58012946 time_nll=-3.58449301 log_qty_mse=0.00436356 qty_mae=0.97639910
[epoch 134] backbone=thp seed=42 train_joint=-3.57516438 val_joint=-3.58018533 time_nll=-3.58497326 log_qty_mse=0.00478793 qty_mae=0.91426091
[epoch 135] backbone=thp seed=42 train_joint=-3.57565312 val_joint=-3.58060433 time_nll=-3.58544818 log_qty_mse=0.00484386 qty_mae=0.75127275
[epoch 136] backbone=thp seed=42 train_joint=-3.57612194 val_joint=-3.58109608 time_nll=-3.58592933 log_qty_mse=0.00483324 qty_mae=0.78056370
[epoch 137] backbone=thp seed=42 train_joint=-3.57659573 val_joint=-3.58177802 time_nll=-3.58640746 log_qty_mse=0.00462944 qty_mae=0.90961325
[epoch 138] backbone=thp seed=42 train_joint=-3.57708013 val_joint=-3.58234854 time_nll=-3.58683864 log_qty_mse=0.00449010 qty_mae=0.78784813
[epoch 139] backbone=thp seed=42 train_joint=-3.57756108 val_joint=-3.58288570 time_nll=-3.58734313 log_qty_mse=0.00445743 qty_mae=0.83393321
[epoch 140] backbone=thp seed=42 train_joint=-3.57803680 val_joint=-3.58334518 time_nll=-3.58783781 log_qty_mse=0.00449263 qty_mae=0.71387142
[epoch 141] backbone=thp seed=42 train_joint=-3.57849691 val_joint=-3.58325206 time_nll=-3.58827751 log_qty_mse=0.00502545 qty_mae=0.72319155
[epoch 142] backbone=thp seed=42 train_joint=-3.57899587 val_joint=-3.58415168 time_nll=-3.58879220 log_qty_mse=0.00464051 qty_mae=0.69300387
[epoch 143] backbone=thp seed=42 train_joint=-3.57947435 val_joint=-3.58383865 time_nll=-3.58926232 log_qty_mse=0.00542366 qty_mae=0.90685928
[epoch 144] backbone=thp seed=42 train_joint=-3.57991278 val_joint=-3.58492879 time_nll=-3.58974827 log_qty_mse=0.00481948 qty_mae=0.56696440
[epoch 145] backbone=thp seed=42 train_joint=-3.58041212 val_joint=-3.58575417 time_nll=-3.59021831 log_qty_mse=0.00446413 qty_mae=0.61405388
[epoch 146] backbone=thp seed=42 train_joint=-3.58090280 val_joint=-3.58616140 time_nll=-3.59069642 log_qty_mse=0.00453502 qty_mae=0.61188638
[epoch 147] backbone=thp seed=42 train_joint=-3.58135459 val_joint=-3.58659439 time_nll=-3.59117216 log_qty_mse=0.00457778 qty_mae=0.61602265
[epoch 148] backbone=thp seed=42 train_joint=-3.58183691 val_joint=-3.58638731 time_nll=-3.59160896 log_qty_mse=0.00522164 qty_mae=1.00593338
[epoch 149] backbone=thp seed=42 train_joint=-3.58228018 val_joint=-3.58736092 time_nll=-3.59190484 log_qty_mse=0.00454392 qty_mae=0.84409759
[epoch 150] backbone=thp seed=42 train_joint=-3.58251813 val_joint=-3.58741060 time_nll=-3.59219567 log_qty_mse=0.00478507 qty_mae=0.69252776
[epoch 151] backbone=thp seed=42 train_joint=-3.58276587 val_joint=-3.58798564 time_nll=-3.59242240 log_qty_mse=0.00443676 qty_mae=0.67785276
[epoch 152] backbone=thp seed=42 train_joint=-3.58299295 val_joint=-3.58815118 time_nll=-3.59266562 log_qty_mse=0.00451444 qty_mae=0.65849536
[epoch 153] backbone=thp seed=42 train_joint=-3.58320647 val_joint=-3.58807025 time_nll=-3.59289987 log_qty_mse=0.00482962 qty_mae=0.88096350
[epoch 154] backbone=thp seed=42 train_joint=-3.58345277 val_joint=-3.58832467 time_nll=-3.59313871 log_qty_mse=0.00481404 qty_mae=0.82330448
[epoch 155] backbone=thp seed=42 train_joint=-3.58372329 val_joint=-3.58855920 time_nll=-3.59337937 log_qty_mse=0.00482017 qty_mae=0.84994320
[epoch 156] backbone=thp seed=42 train_joint=-3.58394782 val_joint=-3.58930631 time_nll=-3.59362255 log_qty_mse=0.00431624 qty_mae=0.67787326
[epoch 157] backbone=thp seed=42 train_joint=-3.58419181 val_joint=-3.58964686 time_nll=-3.59386167 log_qty_mse=0.00421481 qty_mae=0.84288884
[epoch 158] backbone=thp seed=42 train_joint=-3.58442412 val_joint=-3.58920070 time_nll=-3.59403244 log_qty_mse=0.00483174 qty_mae=0.93332713
[epoch 159] backbone=thp seed=42 train_joint=-3.58464136 val_joint=-3.59014046 time_nll=-3.59432244 log_qty_mse=0.00418198 qty_mae=0.62806134
[epoch 160] backbone=thp seed=42 train_joint=-3.58489541 val_joint=-3.59006993 time_nll=-3.59457242 log_qty_mse=0.00450249 qty_mae=0.78410695
[epoch 161] backbone=thp seed=42 train_joint=-3.58511081 val_joint=-3.59027696 time_nll=-3.59480001 log_qty_mse=0.00452305 qty_mae=0.94132453
[epoch 162] backbone=thp seed=42 train_joint=-3.58538350 val_joint=-3.59076681 time_nll=-3.59500715 log_qty_mse=0.00424034 qty_mae=0.70300656
[epoch 163] backbone=thp seed=42 train_joint=-3.58561935 val_joint=-3.59040471 time_nll=-3.59528071 log_qty_mse=0.00487600 qty_mae=0.62517174
[epoch 164] backbone=thp seed=42 train_joint=-3.58585548 val_joint=-3.59140224 time_nll=-3.59551937 log_qty_mse=0.00411713 qty_mae=0.70598737
[epoch 165] backbone=thp seed=42 train_joint=-3.58609601 val_joint=-3.59079274 time_nll=-3.59574415 log_qty_mse=0.00495141 qty_mae=0.82976804
[epoch 166] backbone=thp seed=42 train_joint=-3.58632948 val_joint=-3.59161338 time_nll=-3.59598519 log_qty_mse=0.00437181 qty_mae=0.62439752
[epoch 167] backbone=thp seed=42 train_joint=-3.58654613 val_joint=-3.59211597 time_nll=-3.59621346 log_qty_mse=0.00409749 qty_mae=0.77653516
[epoch 168] backbone=thp seed=42 train_joint=-3.58679326 val_joint=-3.59193151 time_nll=-3.59644808 log_qty_mse=0.00451657 qty_mae=0.93300424
[epoch 169] backbone=thp seed=42 train_joint=-3.58702401 val_joint=-3.59212104 time_nll=-3.59667262 log_qty_mse=0.00455158 qty_mae=0.63270913
[epoch 170] backbone=thp seed=42 train_joint=-3.58725835 val_joint=-3.59230811 time_nll=-3.59691774 log_qty_mse=0.00460963 qty_mae=0.62953033
[epoch 171] backbone=thp seed=42 train_joint=-3.58750273 val_joint=-3.58981255 time_nll=-3.59716795 log_qty_mse=0.00735539 qty_mae=1.97682803
[epoch 172] backbone=thp seed=42 train_joint=-3.58773491 val_joint=-3.59315194 time_nll=-3.59740536 log_qty_mse=0.00425341 qty_mae=0.63543569
[epoch 173] backbone=thp seed=42 train_joint=-3.58795727 val_joint=-3.59271315 time_nll=-3.59764225 log_qty_mse=0.00492910 qty_mae=0.63356026
[epoch 174] backbone=thp seed=42 train_joint=-3.58821038 val_joint=-3.59223305 time_nll=-3.59787421 log_qty_mse=0.00564116 qty_mae=1.41039118
[epoch 175] backbone=thp seed=42 train_joint=-3.58841309 val_joint=-3.59324000 time_nll=-3.59809419 log_qty_mse=0.00485419 qty_mae=0.75903368
[epoch 176] backbone=thp seed=42 train_joint=-3.58865298 val_joint=-3.59399945 time_nll=-3.59834383 log_qty_mse=0.00434438 qty_mae=0.64961775
[epoch 177] backbone=thp seed=42 train_joint=-3.58893837 val_joint=-3.59417956 time_nll=-3.59858364 log_qty_mse=0.00440408 qty_mae=0.88849397
[epoch 178] backbone=thp seed=42 train_joint=-3.58912498 val_joint=-3.59354105 time_nll=-3.59878830 log_qty_mse=0.00524725 qty_mae=0.73726084
[epoch 179] backbone=thp seed=42 train_joint=-3.58938387 val_joint=-3.59408886 time_nll=-3.59902093 log_qty_mse=0.00493207 qty_mae=0.71091198
[epoch 180] backbone=thp seed=42 train_joint=-3.58961418 val_joint=-3.59481749 time_nll=-3.59929206 log_qty_mse=0.00447457 qty_mae=0.67361296
[epoch 181] backbone=thp seed=42 train_joint=-3.58983759 val_joint=-3.59503256 time_nll=-3.59948950 log_qty_mse=0.00445694 qty_mae=0.71827564
[epoch 182] backbone=thp seed=42 train_joint=-3.58994296 val_joint=-3.59476262 time_nll=-3.59949207 log_qty_mse=0.00472944 qty_mae=0.59448912
[epoch 183] backbone=thp seed=42 train_joint=-3.58993367 val_joint=-3.59500805 time_nll=-3.59942251 log_qty_mse=0.00441446 qty_mae=0.70043444
[epoch 184] backbone=thp seed=42 train_joint=-3.58993410 val_joint=-3.59516644 time_nll=-3.59948599 log_qty_mse=0.00431955 qty_mae=0.62746937
[epoch 185] backbone=thp seed=42 train_joint=-3.58993585 val_joint=-3.59471716 time_nll=-3.59946958 log_qty_mse=0.00475242 qty_mae=0.76065627
[epoch 186] backbone=thp seed=42 train_joint=-3.58991849 val_joint=-3.59448575 time_nll=-3.59948441 log_qty_mse=0.00499866 qty_mae=0.79227830
[epoch 187] backbone=thp seed=42 train_joint=-3.58993391 val_joint=-3.59511817 time_nll=-3.59948908 log_qty_mse=0.00437091 qty_mae=0.63603329
[epoch 188] backbone=thp seed=42 train_joint=-3.58994417 val_joint=-3.59393983 time_nll=-3.59948229 log_qty_mse=0.00554246 qty_mae=0.72435483
[epoch 189] backbone=thp seed=42 train_joint=-3.58993550 val_joint=-3.59513233 time_nll=-3.59949118 log_qty_mse=0.00435885 qty_mae=0.70764468
[epoch 190] backbone=thp seed=42 train_joint=-3.58994353 val_joint=-3.59514217 time_nll=-3.59948638 log_qty_mse=0.00434422 qty_mae=0.72226701
[epoch 191] backbone=thp seed=42 train_joint=-3.58994882 val_joint=-3.59479725 time_nll=-3.59947458 log_qty_mse=0.00467732 qty_mae=0.88991803
[epoch 192] backbone=thp seed=42 train_joint=-3.58992926 val_joint=-3.59484127 time_nll=-3.59948736 log_qty_mse=0.00464609 qty_mae=0.65937492
[epoch 193] backbone=thp seed=42 train_joint=-3.58993650 val_joint=-3.59490258 time_nll=-3.59943031 log_qty_mse=0.00452773 qty_mae=1.03365442
[epoch 194] backbone=thp seed=42 train_joint=-3.58998543 val_joint=-3.59521673 time_nll=-3.59949204 log_qty_mse=0.00427531 qty_mae=0.85918384
[epoch 195] backbone=thp seed=42 train_joint=-3.58994110 val_joint=-3.59537759 time_nll=-3.59949186 log_qty_mse=0.00411427 qty_mae=0.68906815
[epoch 196] backbone=thp seed=42 train_joint=-3.58992990 val_joint=-3.59432033 time_nll=-3.59946138 log_qty_mse=0.00514105 qty_mae=0.81368097
[epoch 197] backbone=thp seed=42 train_joint=-3.58993975 val_joint=-3.59470239 time_nll=-3.59947982 log_qty_mse=0.00477742 qty_mae=0.99722717
[epoch 198] backbone=thp seed=42 train_joint=-3.58996031 val_joint=-3.59538512 time_nll=-3.59948635 log_qty_mse=0.00410122 qty_mae=0.63111442
[epoch 199] backbone=thp seed=42 train_joint=-3.58992210 val_joint=-3.59443363 time_nll=-3.59949208 log_qty_mse=0.00505845 qty_mae=0.90134456
[epoch 200] backbone=thp seed=42 train_joint=-3.58993711 val_joint=-3.59524477 time_nll=-3.59949360 log_qty_mse=0.00424883 qty_mae=0.64261339
[epoch 201] backbone=thp seed=42 train_joint=-3.58994086 val_joint=-3.59486846 time_nll=-3.59948601 log_qty_mse=0.00461755 qty_mae=0.64554224
[epoch 202] backbone=thp seed=42 train_joint=-3.58997209 val_joint=-3.59361839 time_nll=-3.59945671 log_qty_mse=0.00583832 qty_mae=0.99738936
[epoch 203] backbone=thp seed=42 train_joint=-3.58995511 val_joint=-3.59467571 time_nll=-3.59949316 log_qty_mse=0.00481746 qty_mae=0.67173347
[epoch 204] backbone=thp seed=42 train_joint=-3.58994025 val_joint=-3.59392047 time_nll=-3.59947581 log_qty_mse=0.00555535 qty_mae=1.12616085
[epoch 205] backbone=thp seed=42 train_joint=-3.58994894 val_joint=-3.59503993 time_nll=-3.59947982 log_qty_mse=0.00443989 qty_mae=0.60949170
[epoch 206] backbone=thp seed=42 train_joint=-3.58995600 val_joint=-3.59474440 time_nll=-3.59948312 log_qty_mse=0.00473871 qty_mae=0.78943021
[epoch 207] backbone=thp seed=42 train_joint=-3.58995216 val_joint=-3.59359820 time_nll=-3.59947112 log_qty_mse=0.00587292 qty_mae=1.00884105
[epoch 208] backbone=thp seed=42 train_joint=-3.58996470 val_joint=-3.59451435 time_nll=-3.59949175 log_qty_mse=0.00497740 qty_mae=0.84984971
[epoch 209] backbone=thp seed=42 train_joint=-3.58996602 val_joint=-3.59465497 time_nll=-3.59949236 log_qty_mse=0.00483739 qty_mae=0.60328603
[epoch 210] backbone=thp seed=42 train_joint=-3.58993827 val_joint=-3.59517795 time_nll=-3.59948708 log_qty_mse=0.00430914 qty_mae=0.84812914
[epoch 211] backbone=thp seed=42 train_joint=-3.58996403 val_joint=-3.59475725 time_nll=-3.59946181 log_qty_mse=0.00470456 qty_mae=0.77497637
[epoch 212] backbone=thp seed=42 train_joint=-3.58996997 val_joint=-3.59489265 time_nll=-3.59949381 log_qty_mse=0.00460117 qty_mae=0.72420816
[epoch 213] backbone=thp seed=42 train_joint=-3.58993081 val_joint=-3.59436620 time_nll=-3.59943117 log_qty_mse=0.00506497 qty_mae=0.68788210
[epoch 214] backbone=thp seed=42 train_joint=-3.58995475 val_joint=-3.59498311 time_nll=-3.59949322 log_qty_mse=0.00451011 qty_mae=0.70948048
[epoch 215] backbone=thp seed=42 train_joint=-3.58995178 val_joint=-3.59496611 time_nll=-3.59948326 log_qty_mse=0.00451716 qty_mae=0.72431546
[epoch 216] backbone=thp seed=42 train_joint=-3.58996616 val_joint=-3.59472197 time_nll=-3.59949360 log_qty_mse=0.00477163 qty_mae=0.64963391
[epoch 217] backbone=thp seed=42 train_joint=-3.58997074 val_joint=-3.59398050 time_nll=-3.59940784 log_qty_mse=0.00542734 qty_mae=0.86285457
[epoch 218] backbone=thp seed=42 train_joint=-3.58996073 val_joint=-3.59433660 time_nll=-3.59948410 log_qty_mse=0.00514750 qty_mae=0.92328583
[epoch 219] backbone=thp seed=42 train_joint=-3.58995151 val_joint=-3.59438002 time_nll=-3.59948098 log_qty_mse=0.00510095 qty_mae=0.70252566
[epoch 220] backbone=thp seed=42 train_joint=-3.58996078 val_joint=-3.59452843 time_nll=-3.59949056 log_qty_mse=0.00496213 qty_mae=1.03971817
[epoch 221] backbone=thp seed=42 train_joint=-3.58993503 val_joint=-3.59521794 time_nll=-3.59949338 log_qty_mse=0.00427544 qty_mae=0.68466705
[epoch 222] backbone=thp seed=42 train_joint=-3.58992420 val_joint=-3.59487720 time_nll=-3.59949300 log_qty_mse=0.00461580 qty_mae=0.68200372
[epoch 223] backbone=thp seed=42 train_joint=-3.58996871 val_joint=-3.59494211 time_nll=-3.59949340 log_qty_mse=0.00455129 qty_mae=0.61393356
[epoch 224] backbone=thp seed=42 train_joint=-3.58997943 val_joint=-3.59495473 time_nll=-3.59949284 log_qty_mse=0.00453811 qty_mae=0.77363254
[epoch 225] backbone=thp seed=42 train_joint=-3.58993896 val_joint=-3.59521456 time_nll=-3.59947922 log_qty_mse=0.00426465 qty_mae=0.69384331
[epoch 226] backbone=thp seed=42 train_joint=-3.58995221 val_joint=-3.59465604 time_nll=-3.59947669 log_qty_mse=0.00482066 qty_mae=0.65702271
[epoch 227] backbone=thp seed=42 train_joint=-3.58994145 val_joint=-3.59504575 time_nll=-3.59943501 log_qty_mse=0.00438926 qty_mae=0.63730784
[epoch 228] backbone=thp seed=42 train_joint=-3.58998150 val_joint=-3.59429042 time_nll=-3.59941303 log_qty_mse=0.00512261 qty_mae=0.85200217
[epoch 229] backbone=thp seed=42 train_joint=-3.58994942 val_joint=-3.59504545 time_nll=-3.59949332 log_qty_mse=0.00444786 qty_mae=0.79229738
[epoch 230] backbone=thp seed=42 train_joint=-3.58996181 val_joint=-3.59437383 time_nll=-3.59948009 log_qty_mse=0.00510626 qty_mae=0.63759051
[epoch 231] backbone=thp seed=42 train_joint=-3.58995543 val_joint=-3.59488094 time_nll=-3.59949163 log_qty_mse=0.00461069 qty_mae=0.73703857
[epoch 232] backbone=thp seed=42 train_joint=-3.58994835 val_joint=-3.59499632 time_nll=-3.59948828 log_qty_mse=0.00449197 qty_mae=0.65890569
[epoch 233] backbone=thp seed=42 train_joint=-3.58995756 val_joint=-3.59476762 time_nll=-3.59948837 log_qty_mse=0.00472075 qty_mae=0.66502881
[epoch 234] backbone=thp seed=42 train_joint=-3.58995083 val_joint=-3.59479383 time_nll=-3.59945222 log_qty_mse=0.00465839 qty_mae=0.78177018
[epoch 235] backbone=thp seed=42 train_joint=-3.58995298 val_joint=-3.59392266 time_nll=-3.59939831 log_qty_mse=0.00547565 qty_mae=1.04483118
[epoch 236] backbone=thp seed=42 train_joint=-3.58993474 val_joint=-3.59473580 time_nll=-3.59949429 log_qty_mse=0.00475850 qty_mae=0.86907219
[epoch 237] backbone=thp seed=42 train_joint=-3.58998779 val_joint=-3.59494158 time_nll=-3.59949171 log_qty_mse=0.00455013 qty_mae=0.95377968
[epoch 238] backbone=thp seed=42 train_joint=-3.58993423 val_joint=-3.59485351 time_nll=-3.59948933 log_qty_mse=0.00463581 qty_mae=0.63555889
[early-stop] backbone=thp seed=42 current_epoch=238 best_epoch=198
[epoch 001] backbone=thp seed=52 train_joint=1.57654994 val_joint=0.85347360 time_nll=0.84648192 log_qty_mse=0.00699168 qty_mae=1.25262598
[epoch 002] backbone=thp seed=52 train_joint=0.62490701 val_joint=0.30463798 time_nll=0.29505031 log_qty_mse=0.00958767 qty_mae=1.66675219
[epoch 003] backbone=thp seed=52 train_joint=0.20635649 val_joint=0.11886456 time_nll=0.10650274 log_qty_mse=0.01236182 qty_mae=3.18475470
[epoch 004] backbone=thp seed=52 train_joint=0.02756679 val_joint=0.50546787 time_nll=0.49002206 log_qty_mse=0.01544581 qty_mae=2.73012471
[epoch 005] backbone=thp seed=52 train_joint=-0.40920589 val_joint=-0.86713565 time_nll=-0.87437422 log_qty_mse=0.00723857 qty_mae=1.15997170
[epoch 006] backbone=thp seed=52 train_joint=-1.12782344 val_joint=-1.28968040 time_nll=-1.29468451 log_qty_mse=0.00500411 qty_mae=0.83272094
[epoch 007] backbone=thp seed=52 train_joint=-1.38490480 val_joint=-1.49303883 time_nll=-1.49908211 log_qty_mse=0.00604328 qty_mae=1.05434002
[epoch 008] backbone=thp seed=52 train_joint=-1.58195639 val_joint=-1.67618559 time_nll=-1.68170464 log_qty_mse=0.00551905 qty_mae=0.90738073
[epoch 009] backbone=thp seed=52 train_joint=-1.74976778 val_joint=-1.83011721 time_nll=-1.83503548 log_qty_mse=0.00491827 qty_mae=0.83270270
[epoch 010] backbone=thp seed=52 train_joint=-1.89140363 val_joint=-1.96009130 time_nll=-1.96578943 log_qty_mse=0.00569813 qty_mae=1.24771442
[epoch 011] backbone=thp seed=52 train_joint=-2.01289900 val_joint=-2.07330736 time_nll=-2.07876920 log_qty_mse=0.00546185 qty_mae=1.17040042
[epoch 012] backbone=thp seed=52 train_joint=-2.11893231 val_joint=-2.17340421 time_nll=-2.17804326 log_qty_mse=0.00463905 qty_mae=0.68993070
[epoch 013] backbone=thp seed=52 train_joint=-2.21246400 val_joint=-2.26091435 time_nll=-2.26624803 log_qty_mse=0.00533368 qty_mae=1.22897185
[epoch 014] backbone=thp seed=52 train_joint=-2.29594503 val_joint=-2.33989946 time_nll=-2.34511470 log_qty_mse=0.00521524 qty_mae=0.77069997
[epoch 015] backbone=thp seed=52 train_joint=-2.37103362 val_joint=-2.40907787 time_nll=-2.41641388 log_qty_mse=0.00733602 qty_mae=1.72971762
[epoch 016] backbone=thp seed=52 train_joint=-2.43904316 val_joint=-2.47658793 time_nll=-2.48136627 log_qty_mse=0.00477834 qty_mae=0.96712964
[epoch 017] backbone=thp seed=52 train_joint=-2.50109291 val_joint=-2.53613237 time_nll=-2.54056736 log_qty_mse=0.00443499 qty_mae=0.69018266
[epoch 018] backbone=thp seed=52 train_joint=-2.55787772 val_joint=-2.58976006 time_nll=-2.59493131 log_qty_mse=0.00517125 qty_mae=0.68851552
[epoch 019] backbone=thp seed=52 train_joint=-2.61019870 val_joint=-2.64012029 time_nll=-2.64523565 log_qty_mse=0.00511536 qty_mae=0.74766529
[epoch 020] backbone=thp seed=52 train_joint=-2.65853335 val_joint=-2.68690034 time_nll=-2.69164564 log_qty_mse=0.00474530 qty_mae=0.79018509
[epoch 021] backbone=thp seed=52 train_joint=-2.70332853 val_joint=-2.72953333 time_nll=-2.73477422 log_qty_mse=0.00524089 qty_mae=0.73687644
[epoch 022] backbone=thp seed=52 train_joint=-2.74503782 val_joint=-2.77021719 time_nll=-2.77506746 log_qty_mse=0.00485027 qty_mae=0.69009131
[epoch 023] backbone=thp seed=52 train_joint=-2.78399639 val_joint=-2.80732470 time_nll=-2.81268137 log_qty_mse=0.00535667 qty_mae=0.66228795
[epoch 024] backbone=thp seed=52 train_joint=-2.82035284 val_joint=-2.84226410 time_nll=-2.84785377 log_qty_mse=0.00558967 qty_mae=1.55917548
[epoch 025] backbone=thp seed=52 train_joint=-2.85440934 val_joint=-2.87617106 time_nll=-2.88080666 log_qty_mse=0.00463560 qty_mae=0.83171193
[epoch 026] backbone=thp seed=52 train_joint=-2.88641780 val_joint=-2.90758159 time_nll=-2.91184768 log_qty_mse=0.00426609 qty_mae=0.59080475
[epoch 027] backbone=thp seed=52 train_joint=-2.91660578 val_joint=-2.93584738 time_nll=-2.94115448 log_qty_mse=0.00530710 qty_mae=1.37446956
[epoch 028] backbone=thp seed=52 train_joint=-2.94510697 val_joint=-2.96404676 time_nll=-2.96880041 log_qty_mse=0.00475365 qty_mae=0.69037267
[epoch 029] backbone=thp seed=52 train_joint=-2.97199212 val_joint=-2.98976831 time_nll=-2.99493085 log_qty_mse=0.00516254 qty_mae=0.71443393
[epoch 030] backbone=thp seed=52 train_joint=-2.99742139 val_joint=-3.01362666 time_nll=-3.01957727 log_qty_mse=0.00595061 qty_mae=0.77383608
[epoch 031] backbone=thp seed=52 train_joint=-3.02144111 val_joint=-3.03808423 time_nll=-3.04296239 log_qty_mse=0.00487815 qty_mae=1.11272957
[epoch 032] backbone=thp seed=52 train_joint=-3.04419652 val_joint=-3.06045351 time_nll=-3.06506512 log_qty_mse=0.00461160 qty_mae=0.78032561
[epoch 033] backbone=thp seed=52 train_joint=-3.06577444 val_joint=-3.08141755 time_nll=-3.08610873 log_qty_mse=0.00469118 qty_mae=0.73955576
[epoch 034] backbone=thp seed=52 train_joint=-3.08631731 val_joint=-3.10188324 time_nll=-3.10610315 log_qty_mse=0.00421991 qty_mae=0.66491014
[epoch 035] backbone=thp seed=52 train_joint=-3.10582944 val_joint=-3.12063523 time_nll=-3.12518235 log_qty_mse=0.00454712 qty_mae=0.72022866
[epoch 036] backbone=thp seed=52 train_joint=-3.12451679 val_joint=-3.13782579 time_nll=-3.14339744 log_qty_mse=0.00557165 qty_mae=0.77891146
[epoch 037] backbone=thp seed=52 train_joint=-3.14233402 val_joint=-3.15626771 time_nll=-3.16075362 log_qty_mse=0.00448591 qty_mae=0.68217651
[epoch 038] backbone=thp seed=52 train_joint=-3.15920887 val_joint=-3.17239409 time_nll=-3.17718401 log_qty_mse=0.00478992 qty_mae=0.68232964
[epoch 039] backbone=thp seed=52 train_joint=-3.17525707 val_joint=-3.18811514 time_nll=-3.19280846 log_qty_mse=0.00469332 qty_mae=0.69404752
[epoch 040] backbone=thp seed=52 train_joint=-3.19051937 val_joint=-3.20269160 time_nll=-3.20776166 log_qty_mse=0.00507006 qty_mae=0.91764912
[epoch 041] backbone=thp seed=52 train_joint=-3.20515856 val_joint=-3.21763260 time_nll=-3.22210569 log_qty_mse=0.00447309 qty_mae=0.68709723
[epoch 042] backbone=thp seed=52 train_joint=-3.21919249 val_joint=-3.23098768 time_nll=-3.23583958 log_qty_mse=0.00485190 qty_mae=0.91207439
[epoch 043] backbone=thp seed=52 train_joint=-3.23272169 val_joint=-3.24279368 time_nll=-3.24905786 log_qty_mse=0.00626418 qty_mae=1.35876215
[epoch 044] backbone=thp seed=52 train_joint=-3.24568175 val_joint=-3.25699227 time_nll=-3.26177372 log_qty_mse=0.00478145 qty_mae=0.71400528
[epoch 045] backbone=thp seed=52 train_joint=-3.25816460 val_joint=-3.26930392 time_nll=-3.27401012 log_qty_mse=0.00470620 qty_mae=0.66091910
[epoch 046] backbone=thp seed=52 train_joint=-3.27015040 val_joint=-3.27935244 time_nll=-3.28575279 log_qty_mse=0.00640035 qty_mae=1.22911266
[epoch 047] backbone=thp seed=52 train_joint=-3.28167440 val_joint=-3.29261653 time_nll=-3.29701245 log_qty_mse=0.00439592 qty_mae=0.65226533
[epoch 048] backbone=thp seed=52 train_joint=-3.29265839 val_joint=-3.30287169 time_nll=-3.30781668 log_qty_mse=0.00494498 qty_mae=0.75257436
[epoch 049] backbone=thp seed=52 train_joint=-3.30326655 val_joint=-3.31325061 time_nll=-3.31818158 log_qty_mse=0.00493097 qty_mae=0.93299450
[epoch 050] backbone=thp seed=52 train_joint=-3.31342295 val_joint=-3.32358973 time_nll=-3.32813187 log_qty_mse=0.00454214 qty_mae=0.79123782
[epoch 051] backbone=thp seed=52 train_joint=-3.32320211 val_joint=-3.33264755 time_nll=-3.33768518 log_qty_mse=0.00503762 qty_mae=0.97611673
[epoch 052] backbone=thp seed=52 train_joint=-3.33254298 val_joint=-3.34176749 time_nll=-3.34686292 log_qty_mse=0.00509542 qty_mae=0.74028309
[epoch 053] backbone=thp seed=52 train_joint=-3.34157947 val_joint=-3.35091881 time_nll=-3.35564100 log_qty_mse=0.00472219 qty_mae=0.72258104
[epoch 054] backbone=thp seed=52 train_joint=-3.35022375 val_joint=-3.35924327 time_nll=-3.36415829 log_qty_mse=0.00491502 qty_mae=0.83484661
[epoch 055] backbone=thp seed=52 train_joint=-3.35853576 val_joint=-3.36739836 time_nll=-3.37231751 log_qty_mse=0.00491915 qty_mae=0.95960822
[epoch 056] backbone=thp seed=52 train_joint=-3.36655518 val_joint=-3.37505601 time_nll=-3.38014497 log_qty_mse=0.00508896 qty_mae=1.00823589
[epoch 057] backbone=thp seed=52 train_joint=-3.37425992 val_joint=-3.38248381 time_nll=-3.38774670 log_qty_mse=0.00526290 qty_mae=1.13126120
[epoch 058] backbone=thp seed=52 train_joint=-3.38167957 val_joint=-3.39011923 time_nll=-3.39501858 log_qty_mse=0.00489935 qty_mae=0.91396715
[epoch 059] backbone=thp seed=52 train_joint=-3.38882855 val_joint=-3.39725762 time_nll=-3.40199875 log_qty_mse=0.00474113 qty_mae=0.69033730
[epoch 060] backbone=thp seed=52 train_joint=-3.39573390 val_joint=-3.40371045 time_nll=-3.40873799 log_qty_mse=0.00502754 qty_mae=0.75813754
[epoch 061] backbone=thp seed=52 train_joint=-3.40233236 val_joint=-3.41021034 time_nll=-3.41527436 log_qty_mse=0.00506402 qty_mae=0.91311775
[epoch 062] backbone=thp seed=52 train_joint=-3.40870978 val_joint=-3.41618277 time_nll=-3.42147651 log_qty_mse=0.00529373 qty_mae=0.95905910
[epoch 063] backbone=thp seed=52 train_joint=-3.41487826 val_joint=-3.42242454 time_nll=-3.42751366 log_qty_mse=0.00508913 qty_mae=1.07923625
[epoch 064] backbone=thp seed=52 train_joint=-3.42078319 val_joint=-3.42787315 time_nll=-3.43337679 log_qty_mse=0.00550365 qty_mae=0.95254810
[epoch 065] backbone=thp seed=52 train_joint=-3.42649673 val_joint=-3.43313003 time_nll=-3.43888281 log_qty_mse=0.00575278 qty_mae=1.37902137
[epoch 066] backbone=thp seed=52 train_joint=-3.43202818 val_joint=-3.43947844 time_nll=-3.44434142 log_qty_mse=0.00486298 qty_mae=0.68751324
[epoch 067] backbone=thp seed=52 train_joint=-3.43730952 val_joint=-3.44478554 time_nll=-3.44957678 log_qty_mse=0.00479125 qty_mae=0.67880809
[epoch 068] backbone=thp seed=52 train_joint=-3.44244180 val_joint=-3.45015158 time_nll=-3.45457278 log_qty_mse=0.00442120 qty_mae=0.68833845
[epoch 069] backbone=thp seed=52 train_joint=-3.44734671 val_joint=-3.45422002 time_nll=-3.45948132 log_qty_mse=0.00526130 qty_mae=0.83556654
[epoch 070] backbone=thp seed=52 train_joint=-3.45218860 val_joint=-3.45888414 time_nll=-3.46411048 log_qty_mse=0.00522633 qty_mae=0.76909853
[epoch 071] backbone=thp seed=52 train_joint=-3.45674916 val_joint=-3.46401193 time_nll=-3.46868961 log_qty_mse=0.00467768 qty_mae=0.65849786
[epoch 072] backbone=thp seed=52 train_joint=-3.46117683 val_joint=-3.46771391 time_nll=-3.47298325 log_qty_mse=0.00526934 qty_mae=0.70838002
[epoch 073] backbone=thp seed=52 train_joint=-3.46546780 val_joint=-3.47162282 time_nll=-3.47726046 log_qty_mse=0.00563765 qty_mae=1.12720426
[epoch 074] backbone=thp seed=52 train_joint=-3.46962018 val_joint=-3.47640062 time_nll=-3.48126383 log_qty_mse=0.00486321 qty_mae=0.71401889
[epoch 075] backbone=thp seed=52 train_joint=-3.47362526 val_joint=-3.48027173 time_nll=-3.48522169 log_qty_mse=0.00494996 qty_mae=0.65047880
[epoch 076] backbone=thp seed=52 train_joint=-3.47747449 val_joint=-3.48402069 time_nll=-3.48900149 log_qty_mse=0.00498079 qty_mae=0.81381030
[epoch 077] backbone=thp seed=52 train_joint=-3.48120518 val_joint=-3.48759057 time_nll=-3.49268460 log_qty_mse=0.00509403 qty_mae=1.10325986
[epoch 078] backbone=thp seed=52 train_joint=-3.48481278 val_joint=-3.49121286 time_nll=-3.49622701 log_qty_mse=0.00501415 qty_mae=0.76510696
[epoch 079] backbone=thp seed=52 train_joint=-3.48831316 val_joint=-3.49497167 time_nll=-3.49961869 log_qty_mse=0.00464702 qty_mae=0.82326404
[epoch 080] backbone=thp seed=52 train_joint=-3.49167192 val_joint=-3.49807166 time_nll=-3.50301318 log_qty_mse=0.00494152 qty_mae=0.94876328
[epoch 081] backbone=thp seed=52 train_joint=-3.49490812 val_joint=-3.49974462 time_nll=-3.50609842 log_qty_mse=0.00635380 qty_mae=1.30216669
[epoch 082] backbone=thp seed=52 train_joint=-3.49802535 val_joint=-3.50308699 time_nll=-3.50923212 log_qty_mse=0.00614513 qty_mae=0.82060016
[epoch 083] backbone=thp seed=52 train_joint=-3.50110410 val_joint=-3.50739402 time_nll=-3.51225287 log_qty_mse=0.00485885 qty_mae=0.85495458
[epoch 084] backbone=thp seed=52 train_joint=-3.50403073 val_joint=-3.51009240 time_nll=-3.51508429 log_qty_mse=0.00499189 qty_mae=0.62979241
[epoch 085] backbone=thp seed=52 train_joint=-3.50684343 val_joint=-3.51317138 time_nll=-3.51786929 log_qty_mse=0.00469791 qty_mae=0.73588156
[epoch 086] backbone=thp seed=52 train_joint=-3.50971449 val_joint=-3.51627516 time_nll=-3.52063604 log_qty_mse=0.00436088 qty_mae=0.64434412
[epoch 087] backbone=thp seed=52 train_joint=-3.51228668 val_joint=-3.51856599 time_nll=-3.52318758 log_qty_mse=0.00462159 qty_mae=0.86849282
[epoch 088] backbone=thp seed=52 train_joint=-3.51480958 val_joint=-3.52065083 time_nll=-3.52573094 log_qty_mse=0.00508011 qty_mae=0.88156636
[epoch 089] backbone=thp seed=52 train_joint=-3.51736355 val_joint=-3.52334826 time_nll=-3.52824744 log_qty_mse=0.00489918 qty_mae=0.93344798
[epoch 090] backbone=thp seed=52 train_joint=-3.51974347 val_joint=-3.52567774 time_nll=-3.53048626 log_qty_mse=0.00480852 qty_mae=0.65971971
[epoch 091] backbone=thp seed=52 train_joint=-3.52202620 val_joint=-3.52796205 time_nll=-3.53280133 log_qty_mse=0.00483927 qty_mae=0.74227530
[epoch 092] backbone=thp seed=52 train_joint=-3.52431337 val_joint=-3.52965700 time_nll=-3.53506244 log_qty_mse=0.00540544 qty_mae=1.06595976
[epoch 093] backbone=thp seed=52 train_joint=-3.52655578 val_joint=-3.53116984 time_nll=-3.53719021 log_qty_mse=0.00602037 qty_mae=1.52696585
[epoch 094] backbone=thp seed=52 train_joint=-3.52860142 val_joint=-3.53334731 time_nll=-3.53916791 log_qty_mse=0.00582060 qty_mae=1.32897726
[epoch 095] backbone=thp seed=52 train_joint=-3.53059567 val_joint=-3.53539031 time_nll=-3.54120368 log_qty_mse=0.00581337 qty_mae=1.43691207
[epoch 096] backbone=thp seed=52 train_joint=-3.53259211 val_joint=-3.53855819 time_nll=-3.54321863 log_qty_mse=0.00466044 qty_mae=0.90748103
[epoch 097] backbone=thp seed=52 train_joint=-3.53455174 val_joint=-3.53842119 time_nll=-3.54508091 log_qty_mse=0.00665972 qty_mae=1.60337535
[epoch 098] backbone=thp seed=52 train_joint=-3.53638027 val_joint=-3.54104892 time_nll=-3.54682469 log_qty_mse=0.00577577 qty_mae=1.04271676
[epoch 099] backbone=thp seed=52 train_joint=-3.53810659 val_joint=-3.54333651 time_nll=-3.54857916 log_qty_mse=0.00524265 qty_mae=1.28492517
[epoch 100] backbone=thp seed=52 train_joint=-3.53987827 val_joint=-3.54515349 time_nll=-3.55030649 log_qty_mse=0.00515300 qty_mae=0.82681193
[epoch 101] backbone=thp seed=52 train_joint=-3.54157180 val_joint=-3.54716853 time_nll=-3.55203870 log_qty_mse=0.00487017 qty_mae=0.67357794
[epoch 102] backbone=thp seed=52 train_joint=-3.54325142 val_joint=-3.54850177 time_nll=-3.55360106 log_qty_mse=0.00509929 qty_mae=0.73399389
[epoch 103] backbone=thp seed=52 train_joint=-3.54472217 val_joint=-3.55058146 time_nll=-3.55506658 log_qty_mse=0.00448512 qty_mae=0.61735281
[epoch 104] backbone=thp seed=52 train_joint=-3.54622957 val_joint=-3.55187736 time_nll=-3.55656213 log_qty_mse=0.00468477 qty_mae=0.64575909
[epoch 105] backbone=thp seed=52 train_joint=-3.54768709 val_joint=-3.55304012 time_nll=-3.55803848 log_qty_mse=0.00499836 qty_mae=0.67371165
[epoch 106] backbone=thp seed=52 train_joint=-3.54916150 val_joint=-3.55301036 time_nll=-3.55950902 log_qty_mse=0.00649867 qty_mae=1.65886664
[epoch 107] backbone=thp seed=52 train_joint=-3.55062779 val_joint=-3.55631541 time_nll=-3.56088533 log_qty_mse=0.00456992 qty_mae=0.70198659
[epoch 108] backbone=thp seed=52 train_joint=-3.55192648 val_joint=-3.55754046 time_nll=-3.56211828 log_qty_mse=0.00457782 qty_mae=0.78060170
[epoch 109] backbone=thp seed=52 train_joint=-3.55313189 val_joint=-3.55839939 time_nll=-3.56334383 log_qty_mse=0.00494443 qty_mae=0.77442060
[epoch 110] backbone=thp seed=52 train_joint=-3.55432679 val_joint=-3.55992528 time_nll=-3.56456656 log_qty_mse=0.00464128 qty_mae=0.64067546
[epoch 111] backbone=thp seed=52 train_joint=-3.55560842 val_joint=-3.56133121 time_nll=-3.56578168 log_qty_mse=0.00445047 qty_mae=0.63734222
[epoch 112] backbone=thp seed=52 train_joint=-3.55680497 val_joint=-3.56256673 time_nll=-3.56699809 log_qty_mse=0.00443136 qty_mae=0.60492828
[epoch 113] backbone=thp seed=52 train_joint=-3.55807273 val_joint=-3.56351004 time_nll=-3.56822898 log_qty_mse=0.00471894 qty_mae=0.77864027
[epoch 114] backbone=thp seed=52 train_joint=-3.55913062 val_joint=-3.56467275 time_nll=-3.56922165 log_qty_mse=0.00454890 qty_mae=0.94827274
[epoch 115] backbone=thp seed=52 train_joint=-3.56011929 val_joint=-3.56509241 time_nll=-3.57019080 log_qty_mse=0.00509839 qty_mae=0.95107496
[epoch 116] backbone=thp seed=52 train_joint=-3.56107733 val_joint=-3.56603827 time_nll=-3.57117464 log_qty_mse=0.00513637 qty_mae=0.99644884
[epoch 117] backbone=thp seed=52 train_joint=-3.56203655 val_joint=-3.56714752 time_nll=-3.57211515 log_qty_mse=0.00496763 qty_mae=0.87016494
[epoch 118] backbone=thp seed=52 train_joint=-3.56305832 val_joint=-3.56806286 time_nll=-3.57311377 log_qty_mse=0.00505091 qty_mae=0.64495302
[epoch 119] backbone=thp seed=52 train_joint=-3.56400282 val_joint=-3.56879236 time_nll=-3.57406762 log_qty_mse=0.00527526 qty_mae=1.14812993
[epoch 120] backbone=thp seed=52 train_joint=-3.56499463 val_joint=-3.56987904 time_nll=-3.57501787 log_qty_mse=0.00513883 qty_mae=0.83243992
[epoch 121] backbone=thp seed=52 train_joint=-3.56596581 val_joint=-3.56929149 time_nll=-3.57601827 log_qty_mse=0.00672679 qty_mae=1.84235452
[epoch 122] backbone=thp seed=52 train_joint=-3.56683370 val_joint=-3.57109530 time_nll=-3.57679364 log_qty_mse=0.00569835 qty_mae=1.27387486
[epoch 123] backbone=thp seed=52 train_joint=-3.56757909 val_joint=-3.57253174 time_nll=-3.57752100 log_qty_mse=0.00498925 qty_mae=0.72817860
[epoch 124] backbone=thp seed=52 train_joint=-3.56829592 val_joint=-3.57292128 time_nll=-3.57824671 log_qty_mse=0.00532543 qty_mae=1.01303702
[epoch 125] backbone=thp seed=52 train_joint=-3.56900222 val_joint=-3.57468277 time_nll=-3.57896692 log_qty_mse=0.00428415 qty_mae=0.64267975
[epoch 126] backbone=thp seed=52 train_joint=-3.56977027 val_joint=-3.57486501 time_nll=-3.57968307 log_qty_mse=0.00481806 qty_mae=0.69304614
[epoch 127] backbone=thp seed=52 train_joint=-3.57049100 val_joint=-3.57576338 time_nll=-3.58039688 log_qty_mse=0.00463350 qty_mae=0.71250292
[epoch 128] backbone=thp seed=52 train_joint=-3.57121173 val_joint=-3.57617175 time_nll=-3.58111289 log_qty_mse=0.00494114 qty_mae=0.91096579
[epoch 129] backbone=thp seed=52 train_joint=-3.57192354 val_joint=-3.57721191 time_nll=-3.58185413 log_qty_mse=0.00464222 qty_mae=0.87022637
[epoch 130] backbone=thp seed=52 train_joint=-3.57264008 val_joint=-3.57815417 time_nll=-3.58257603 log_qty_mse=0.00442186 qty_mae=0.62343997
[epoch 131] backbone=thp seed=52 train_joint=-3.57336852 val_joint=-3.57858735 time_nll=-3.58328696 log_qty_mse=0.00469961 qty_mae=0.73887185
[epoch 132] backbone=thp seed=52 train_joint=-3.57407644 val_joint=-3.57959947 time_nll=-3.58399805 log_qty_mse=0.00439858 qty_mae=0.76489630
[epoch 133] backbone=thp seed=52 train_joint=-3.57465312 val_joint=-3.57816828 time_nll=-3.58448976 log_qty_mse=0.00632148 qty_mae=1.42955396
[epoch 134] backbone=thp seed=52 train_joint=-3.57516796 val_joint=-3.58056682 time_nll=-3.58497212 log_qty_mse=0.00440530 qty_mae=0.65914188
[epoch 135] backbone=thp seed=52 train_joint=-3.57564196 val_joint=-3.58017047 time_nll=-3.58546188 log_qty_mse=0.00529141 qty_mae=0.92451479
[epoch 136] backbone=thp seed=52 train_joint=-3.57611827 val_joint=-3.58135511 time_nll=-3.58592061 log_qty_mse=0.00456550 qty_mae=1.00912261
[epoch 137] backbone=thp seed=52 train_joint=-3.57658650 val_joint=-3.58215920 time_nll=-3.58637806 log_qty_mse=0.00421887 qty_mae=0.70549352
[epoch 138] backbone=thp seed=52 train_joint=-3.57711156 val_joint=-3.58228572 time_nll=-3.58688988 log_qty_mse=0.00460416 qty_mae=0.80839662
[epoch 139] backbone=thp seed=52 train_joint=-3.57753672 val_joint=-3.58149402 time_nll=-3.58736888 log_qty_mse=0.00587486 qty_mae=1.03768099
[epoch 140] backbone=thp seed=52 train_joint=-3.57802759 val_joint=-3.58322245 time_nll=-3.58785145 log_qty_mse=0.00462900 qty_mae=0.90185405
[epoch 141] backbone=thp seed=52 train_joint=-3.57852949 val_joint=-3.58323569 time_nll=-3.58831267 log_qty_mse=0.00507698 qty_mae=0.64380935
[epoch 142] backbone=thp seed=52 train_joint=-3.57902259 val_joint=-3.58416260 time_nll=-3.58880311 log_qty_mse=0.00464050 qty_mae=0.64192030
[epoch 143] backbone=thp seed=52 train_joint=-3.57946312 val_joint=-3.58370320 time_nll=-3.58923863 log_qty_mse=0.00553543 qty_mae=1.19865571
[epoch 144] backbone=thp seed=52 train_joint=-3.57994828 val_joint=-3.58422500 time_nll=-3.58975716 log_qty_mse=0.00553215 qty_mae=1.34786028
[epoch 145] backbone=thp seed=52 train_joint=-3.58033387 val_joint=-3.58537312 time_nll=-3.59022325 log_qty_mse=0.00485014 qty_mae=1.18201440
[epoch 146] backbone=thp seed=52 train_joint=-3.58091587 val_joint=-3.58600316 time_nll=-3.59070647 log_qty_mse=0.00470331 qty_mae=0.62462837
[epoch 147] backbone=thp seed=52 train_joint=-3.58139027 val_joint=-3.58569529 time_nll=-3.59117052 log_qty_mse=0.00547522 qty_mae=1.15393632
[epoch 148] backbone=thp seed=52 train_joint=-3.58185538 val_joint=-3.58436385 time_nll=-3.59165173 log_qty_mse=0.00728789 qty_mae=1.20213795
[epoch 149] backbone=thp seed=52 train_joint=-3.58229466 val_joint=-3.58712374 time_nll=-3.59196540 log_qty_mse=0.00484166 qty_mae=0.64099079
[epoch 150] backbone=thp seed=52 train_joint=-3.58252573 val_joint=-3.58756877 time_nll=-3.59220248 log_qty_mse=0.00463371 qty_mae=0.84220591
[epoch 151] backbone=thp seed=52 train_joint=-3.58280322 val_joint=-3.58669392 time_nll=-3.59242339 log_qty_mse=0.00572947 qty_mae=0.89129703
[epoch 152] backbone=thp seed=52 train_joint=-3.58300733 val_joint=-3.58803261 time_nll=-3.59267654 log_qty_mse=0.00464393 qty_mae=0.63231143
[epoch 153] backbone=thp seed=52 train_joint=-3.58326194 val_joint=-3.58806299 time_nll=-3.59289802 log_qty_mse=0.00483503 qty_mae=0.81891012
[epoch 154] backbone=thp seed=52 train_joint=-3.58346582 val_joint=-3.58792349 time_nll=-3.59315209 log_qty_mse=0.00522860 qty_mae=0.99476742
[epoch 155] backbone=thp seed=52 train_joint=-3.58373044 val_joint=-3.58889843 time_nll=-3.59337554 log_qty_mse=0.00447711 qty_mae=0.62650136
[epoch 156] backbone=thp seed=52 train_joint=-3.58399068 val_joint=-3.58849566 time_nll=-3.59363156 log_qty_mse=0.00513591 qty_mae=0.77881695
[epoch 157] backbone=thp seed=52 train_joint=-3.58419882 val_joint=-3.58802291 time_nll=-3.59386726 log_qty_mse=0.00584435 qty_mae=1.03526425
[epoch 158] backbone=thp seed=52 train_joint=-3.58443867 val_joint=-3.58834753 time_nll=-3.59407410 log_qty_mse=0.00572657 qty_mae=0.87292453
[epoch 159] backbone=thp seed=52 train_joint=-3.58469604 val_joint=-3.58985622 time_nll=-3.59432413 log_qty_mse=0.00446791 qty_mae=0.60732141
[epoch 160] backbone=thp seed=52 train_joint=-3.58492929 val_joint=-3.58997464 time_nll=-3.59457801 log_qty_mse=0.00460337 qty_mae=0.85586919
[epoch 161] backbone=thp seed=52 train_joint=-3.58515143 val_joint=-3.59032927 time_nll=-3.59481584 log_qty_mse=0.00448657 qty_mae=0.76152472
[epoch 162] backbone=thp seed=52 train_joint=-3.58540654 val_joint=-3.59022303 time_nll=-3.59504918 log_qty_mse=0.00482615 qty_mae=0.95172400
[epoch 163] backbone=thp seed=52 train_joint=-3.58564843 val_joint=-3.59064470 time_nll=-3.59529152 log_qty_mse=0.00464682 qty_mae=0.87323511
[epoch 164] backbone=thp seed=52 train_joint=-3.58585648 val_joint=-3.59024722 time_nll=-3.59552622 log_qty_mse=0.00527900 qty_mae=0.83940410
[epoch 165] backbone=thp seed=52 train_joint=-3.58608308 val_joint=-3.59110736 time_nll=-3.59574585 log_qty_mse=0.00463849 qty_mae=0.87025609
[epoch 166] backbone=thp seed=52 train_joint=-3.58634773 val_joint=-3.59159052 time_nll=-3.59599973 log_qty_mse=0.00440921 qty_mae=0.80483844
[epoch 167] backbone=thp seed=52 train_joint=-3.58655664 val_joint=-3.59168187 time_nll=-3.59623517 log_qty_mse=0.00455330 qty_mae=0.65629251
[epoch 168] backbone=thp seed=52 train_joint=-3.58682787 val_joint=-3.59106281 time_nll=-3.59647424 log_qty_mse=0.00541143 qty_mae=1.34521940
[epoch 169] backbone=thp seed=52 train_joint=-3.58708920 val_joint=-3.59171388 time_nll=-3.59669941 log_qty_mse=0.00498553 qty_mae=0.97000499
[epoch 170] backbone=thp seed=52 train_joint=-3.58733552 val_joint=-3.59090638 time_nll=-3.59686784 log_qty_mse=0.00596146 qty_mae=1.41962152
[epoch 171] backbone=thp seed=52 train_joint=-3.58751551 val_joint=-3.59249336 time_nll=-3.59718347 log_qty_mse=0.00469011 qty_mae=0.76057876
[epoch 172] backbone=thp seed=52 train_joint=-3.58779932 val_joint=-3.59293788 time_nll=-3.59741912 log_qty_mse=0.00448123 qty_mae=0.81444406
[epoch 173] backbone=thp seed=52 train_joint=-3.58798726 val_joint=-3.59319347 time_nll=-3.59765292 log_qty_mse=0.00445946 qty_mae=0.65815356
[epoch 174] backbone=thp seed=52 train_joint=-3.58823551 val_joint=-3.59317431 time_nll=-3.59789481 log_qty_mse=0.00472050 qty_mae=0.85437230
[epoch 175] backbone=thp seed=52 train_joint=-3.58849550 val_joint=-3.59382857 time_nll=-3.59812014 log_qty_mse=0.00429157 qty_mae=0.65025090
[epoch 176] backbone=thp seed=52 train_joint=-3.58873502 val_joint=-3.59338304 time_nll=-3.59836528 log_qty_mse=0.00498223 qty_mae=1.14188870
[epoch 177] backbone=thp seed=52 train_joint=-3.58896074 val_joint=-3.59432597 time_nll=-3.59860175 log_qty_mse=0.00427578 qty_mae=0.62795360
[epoch 178] backbone=thp seed=52 train_joint=-3.58917330 val_joint=-3.59369993 time_nll=-3.59883541 log_qty_mse=0.00513548 qty_mae=1.16287212
[epoch 179] backbone=thp seed=52 train_joint=-3.58939320 val_joint=-3.59428949 time_nll=-3.59905150 log_qty_mse=0.00476201 qty_mae=0.88531541
[epoch 180] backbone=thp seed=52 train_joint=-3.58967600 val_joint=-3.59445831 time_nll=-3.59928613 log_qty_mse=0.00482782 qty_mae=0.68004091
[epoch 181] backbone=thp seed=52 train_joint=-3.58991106 val_joint=-3.59408112 time_nll=-3.59945435 log_qty_mse=0.00537323 qty_mae=0.83510653
[epoch 182] backbone=thp seed=52 train_joint=-3.58994191 val_joint=-3.59496341 time_nll=-3.59947536 log_qty_mse=0.00451195 qty_mae=0.66803337
[epoch 183] backbone=thp seed=52 train_joint=-3.58994879 val_joint=-3.59484110 time_nll=-3.59948106 log_qty_mse=0.00463996 qty_mae=0.59793633
[epoch 184] backbone=thp seed=52 train_joint=-3.58995631 val_joint=-3.59474749 time_nll=-3.59946642 log_qty_mse=0.00471893 qty_mae=0.64475463
[epoch 185] backbone=thp seed=52 train_joint=-3.58997411 val_joint=-3.59461582 time_nll=-3.59948703 log_qty_mse=0.00487120 qty_mae=0.78420628
[epoch 186] backbone=thp seed=52 train_joint=-3.58996264 val_joint=-3.59477954 time_nll=-3.59944464 log_qty_mse=0.00466510 qty_mae=0.67315392
[epoch 187] backbone=thp seed=52 train_joint=-3.58997331 val_joint=-3.59510870 time_nll=-3.59949190 log_qty_mse=0.00438321 qty_mae=0.62370427
[epoch 188] backbone=thp seed=52 train_joint=-3.58997093 val_joint=-3.59403370 time_nll=-3.59947899 log_qty_mse=0.00544530 qty_mae=0.89398413
[epoch 189] backbone=thp seed=52 train_joint=-3.58995307 val_joint=-3.59451067 time_nll=-3.59948818 log_qty_mse=0.00497751 qty_mae=0.88046196
[epoch 190] backbone=thp seed=52 train_joint=-3.58998684 val_joint=-3.59467932 time_nll=-3.59948987 log_qty_mse=0.00481055 qty_mae=0.77788178
[epoch 191] backbone=thp seed=52 train_joint=-3.58996276 val_joint=-3.59428286 time_nll=-3.59947278 log_qty_mse=0.00518992 qty_mae=1.20397880
[epoch 192] backbone=thp seed=52 train_joint=-3.58998552 val_joint=-3.59390158 time_nll=-3.59942297 log_qty_mse=0.00552140 qty_mae=1.18282489
[epoch 193] backbone=thp seed=52 train_joint=-3.58995985 val_joint=-3.59481057 time_nll=-3.59949450 log_qty_mse=0.00468393 qty_mae=0.69847573
[epoch 194] backbone=thp seed=52 train_joint=-3.58999027 val_joint=-3.59515033 time_nll=-3.59949447 log_qty_mse=0.00434414 qty_mae=0.67157866
[epoch 195] backbone=thp seed=52 train_joint=-3.58997709 val_joint=-3.59473606 time_nll=-3.59944789 log_qty_mse=0.00471183 qty_mae=0.72865573
[epoch 196] backbone=thp seed=52 train_joint=-3.58995698 val_joint=-3.59480623 time_nll=-3.59947893 log_qty_mse=0.00467270 qty_mae=0.75248972
[epoch 197] backbone=thp seed=52 train_joint=-3.58995198 val_joint=-3.59493400 time_nll=-3.59945470 log_qty_mse=0.00452071 qty_mae=0.92110203
[epoch 198] backbone=thp seed=52 train_joint=-3.58994863 val_joint=-3.59459496 time_nll=-3.59936447 log_qty_mse=0.00476951 qty_mae=0.87747683
[epoch 199] backbone=thp seed=52 train_joint=-3.58997468 val_joint=-3.59495220 time_nll=-3.59948801 log_qty_mse=0.00453581 qty_mae=0.64628577
[epoch 200] backbone=thp seed=52 train_joint=-3.58996963 val_joint=-3.59510684 time_nll=-3.59945628 log_qty_mse=0.00434943 qty_mae=0.64929733
[epoch 201] backbone=thp seed=52 train_joint=-3.58996310 val_joint=-3.59483217 time_nll=-3.59948343 log_qty_mse=0.00465126 qty_mae=0.93824895
[epoch 202] backbone=thp seed=52 train_joint=-3.58992047 val_joint=-3.59454806 time_nll=-3.59939197 log_qty_mse=0.00484391 qty_mae=0.79014314
[epoch 203] backbone=thp seed=52 train_joint=-3.58996426 val_joint=-3.59470843 time_nll=-3.59949134 log_qty_mse=0.00478290 qty_mae=0.61376380
[epoch 204] backbone=thp seed=52 train_joint=-3.58998611 val_joint=-3.59499313 time_nll=-3.59949385 log_qty_mse=0.00450073 qty_mae=0.87238228
[epoch 205] backbone=thp seed=52 train_joint=-3.58997048 val_joint=-3.59400737 time_nll=-3.59946492 log_qty_mse=0.00545755 qty_mae=0.85472992
[epoch 206] backbone=thp seed=52 train_joint=-3.58995993 val_joint=-3.59464225 time_nll=-3.59941567 log_qty_mse=0.00477341 qty_mae=0.66463939
[epoch 207] backbone=thp seed=52 train_joint=-3.58998283 val_joint=-3.59502436 time_nll=-3.59948854 log_qty_mse=0.00446418 qty_mae=0.84525491
[epoch 208] backbone=thp seed=52 train_joint=-3.58998905 val_joint=-3.59418070 time_nll=-3.59948735 log_qty_mse=0.00530664 qty_mae=0.76969044
[epoch 209] backbone=thp seed=52 train_joint=-3.58995968 val_joint=-3.59496507 time_nll=-3.59949281 log_qty_mse=0.00452773 qty_mae=0.94448157
[epoch 210] backbone=thp seed=52 train_joint=-3.58998451 val_joint=-3.59503496 time_nll=-3.59949367 log_qty_mse=0.00445870 qty_mae=0.61043669
[epoch 211] backbone=thp seed=52 train_joint=-3.58999226 val_joint=-3.59474041 time_nll=-3.59948452 log_qty_mse=0.00474410 qty_mae=0.88545690
[epoch 212] backbone=thp seed=52 train_joint=-3.58996987 val_joint=-3.59443898 time_nll=-3.59949356 log_qty_mse=0.00505459 qty_mae=0.92450378
[epoch 213] backbone=thp seed=52 train_joint=-3.58997958 val_joint=-3.59427894 time_nll=-3.59948113 log_qty_mse=0.00520218 qty_mae=0.78883887
[epoch 214] backbone=thp seed=52 train_joint=-3.59000012 val_joint=-3.59495857 time_nll=-3.59948845 log_qty_mse=0.00452987 qty_mae=0.66049222
[epoch 215] backbone=thp seed=52 train_joint=-3.58998416 val_joint=-3.59475238 time_nll=-3.59949308 log_qty_mse=0.00474071 qty_mae=0.63537405
[epoch 216] backbone=thp seed=52 train_joint=-3.58997516 val_joint=-3.59424713 time_nll=-3.59947805 log_qty_mse=0.00523093 qty_mae=0.71171079
[epoch 217] backbone=thp seed=52 train_joint=-3.58995483 val_joint=-3.59504935 time_nll=-3.59949233 log_qty_mse=0.00444298 qty_mae=0.66375635
[epoch 218] backbone=thp seed=52 train_joint=-3.58996553 val_joint=-3.59470568 time_nll=-3.59944687 log_qty_mse=0.00474118 qty_mae=0.90665323
[epoch 219] backbone=thp seed=52 train_joint=-3.59000815 val_joint=-3.59496697 time_nll=-3.59947579 log_qty_mse=0.00450883 qty_mae=0.69629167
[epoch 220] backbone=thp seed=52 train_joint=-3.59000448 val_joint=-3.59471801 time_nll=-3.59948972 log_qty_mse=0.00477171 qty_mae=0.74553348
[epoch 221] backbone=thp seed=52 train_joint=-3.58997778 val_joint=-3.59521177 time_nll=-3.59948365 log_qty_mse=0.00427188 qty_mae=0.64025432
[epoch 222] backbone=thp seed=52 train_joint=-3.58997718 val_joint=-3.59505603 time_nll=-3.59948856 log_qty_mse=0.00443253 qty_mae=0.79323367
[epoch 223] backbone=thp seed=52 train_joint=-3.58999126 val_joint=-3.59513133 time_nll=-3.59948981 log_qty_mse=0.00435848 qty_mae=0.63934782
[epoch 224] backbone=thp seed=52 train_joint=-3.58992940 val_joint=-3.59468867 time_nll=-3.59949065 log_qty_mse=0.00480198 qty_mae=0.61314313
[epoch 225] backbone=thp seed=52 train_joint=-3.58998161 val_joint=-3.59472470 time_nll=-3.59946967 log_qty_mse=0.00474498 qty_mae=0.68522168
[epoch 226] backbone=thp seed=52 train_joint=-3.58997999 val_joint=-3.59427698 time_nll=-3.59949375 log_qty_mse=0.00521677 qty_mae=1.16733230
[epoch 227] backbone=thp seed=52 train_joint=-3.59001375 val_joint=-3.59490788 time_nll=-3.59949103 log_qty_mse=0.00458315 qty_mae=0.68290844
[epoch 228] backbone=thp seed=52 train_joint=-3.58996124 val_joint=-3.59538930 time_nll=-3.59948005 log_qty_mse=0.00409075 qty_mae=0.60805013
[epoch 229] backbone=thp seed=52 train_joint=-3.59000626 val_joint=-3.59466672 time_nll=-3.59949095 log_qty_mse=0.00482423 qty_mae=0.94978632
[epoch 230] backbone=thp seed=52 train_joint=-3.58997635 val_joint=-3.59476005 time_nll=-3.59947499 log_qty_mse=0.00471494 qty_mae=0.60992761
[epoch 231] backbone=thp seed=52 train_joint=-3.58997434 val_joint=-3.59453887 time_nll=-3.59949156 log_qty_mse=0.00495269 qty_mae=0.86261862
[epoch 232] backbone=thp seed=52 train_joint=-3.59000414 val_joint=-3.59444445 time_nll=-3.59946159 log_qty_mse=0.00501714 qty_mae=1.02024836
[epoch 233] backbone=thp seed=52 train_joint=-3.58999133 val_joint=-3.59456061 time_nll=-3.59948106 log_qty_mse=0.00492045 qty_mae=0.79129287
[epoch 234] backbone=thp seed=52 train_joint=-3.58995791 val_joint=-3.59511147 time_nll=-3.59949212 log_qty_mse=0.00438065 qty_mae=0.60609824
[epoch 235] backbone=thp seed=52 train_joint=-3.58999728 val_joint=-3.59478628 time_nll=-3.59945475 log_qty_mse=0.00466847 qty_mae=0.73575276
[epoch 236] backbone=thp seed=52 train_joint=-3.58999733 val_joint=-3.59517293 time_nll=-3.59947874 log_qty_mse=0.00430582 qty_mae=0.73472059
[epoch 237] backbone=thp seed=52 train_joint=-3.58997232 val_joint=-3.59446215 time_nll=-3.59949140 log_qty_mse=0.00502925 qty_mae=0.81766461
[epoch 238] backbone=thp seed=52 train_joint=-3.59003176 val_joint=-3.59481727 time_nll=-3.59942835 log_qty_mse=0.00461107 qty_mae=0.74426758
[epoch 239] backbone=thp seed=52 train_joint=-3.58998219 val_joint=-3.59458832 time_nll=-3.59949358 log_qty_mse=0.00490526 qty_mae=0.86790724
[epoch 240] backbone=thp seed=52 train_joint=-3.59000625 val_joint=-3.59526578 time_nll=-3.59949385 log_qty_mse=0.00422808 qty_mae=0.61202171
[epoch 241] backbone=thp seed=52 train_joint=-3.58998261 val_joint=-3.59479370 time_nll=-3.59947294 log_qty_mse=0.00467924 qty_mae=0.95631453
[epoch 242] backbone=thp seed=52 train_joint=-3.58996976 val_joint=-3.59476057 time_nll=-3.59948037 log_qty_mse=0.00471980 qty_mae=0.77678864
[epoch 243] backbone=thp seed=52 train_joint=-3.59002549 val_joint=-3.59480605 time_nll=-3.59948702 log_qty_mse=0.00468097 qty_mae=0.89357179
[epoch 244] backbone=thp seed=52 train_joint=-3.58999199 val_joint=-3.59466675 time_nll=-3.59948208 log_qty_mse=0.00481533 qty_mae=0.70712190
[epoch 245] backbone=thp seed=52 train_joint=-3.58999875 val_joint=-3.59442040 time_nll=-3.59943698 log_qty_mse=0.00501657 qty_mae=1.33126943
[epoch 246] backbone=thp seed=52 train_joint=-3.58999325 val_joint=-3.59488103 time_nll=-3.59949371 log_qty_mse=0.00461268 qty_mae=0.86586420
[epoch 247] backbone=thp seed=52 train_joint=-3.58997008 val_joint=-3.59506585 time_nll=-3.59948947 log_qty_mse=0.00442362 qty_mae=0.73660057
[epoch 248] backbone=thp seed=52 train_joint=-3.59000978 val_joint=-3.59492009 time_nll=-3.59949226 log_qty_mse=0.00457217 qty_mae=0.60219129
[epoch 249] backbone=thp seed=52 train_joint=-3.59002318 val_joint=-3.59346569 time_nll=-3.59948755 log_qty_mse=0.00602186 qty_mae=1.15655752
[epoch 250] backbone=thp seed=52 train_joint=-3.58997758 val_joint=-3.59250238 time_nll=-3.59947962 log_qty_mse=0.00697724 qty_mae=1.45621205
[epoch 251] backbone=thp seed=52 train_joint=-3.58999397 val_joint=-3.59411598 time_nll=-3.59948764 log_qty_mse=0.00537166 qty_mae=0.64996947
[epoch 252] backbone=thp seed=52 train_joint=-3.58998054 val_joint=-3.59504981 time_nll=-3.59947623 log_qty_mse=0.00442642 qty_mae=0.76912699
[epoch 253] backbone=thp seed=52 train_joint=-3.58998881 val_joint=-3.59495350 time_nll=-3.59948988 log_qty_mse=0.00453638 qty_mae=0.86869325
[epoch 254] backbone=thp seed=52 train_joint=-3.58998760 val_joint=-3.59424666 time_nll=-3.59949257 log_qty_mse=0.00524591 qty_mae=0.72654017
[epoch 255] backbone=thp seed=52 train_joint=-3.58997914 val_joint=-3.59421487 time_nll=-3.59948950 log_qty_mse=0.00527463 qty_mae=1.18842702
[epoch 256] backbone=thp seed=52 train_joint=-3.58997198 val_joint=-3.59516709 time_nll=-3.59949323 log_qty_mse=0.00432614 qty_mae=0.67423085
[epoch 257] backbone=thp seed=52 train_joint=-3.59001565 val_joint=-3.59469076 time_nll=-3.59949465 log_qty_mse=0.00480389 qty_mae=0.65278404
[epoch 258] backbone=thp seed=52 train_joint=-3.58998714 val_joint=-3.59420749 time_nll=-3.59949334 log_qty_mse=0.00528585 qty_mae=1.19071998
[epoch 259] backbone=thp seed=52 train_joint=-3.58998519 val_joint=-3.59514346 time_nll=-3.59949103 log_qty_mse=0.00434758 qty_mae=0.62615944
[epoch 260] backbone=thp seed=52 train_joint=-3.59001714 val_joint=-3.59469913 time_nll=-3.59948787 log_qty_mse=0.00478875 qty_mae=1.00326792
[epoch 261] backbone=thp seed=52 train_joint=-3.59004958 val_joint=-3.59530905 time_nll=-3.59947238 log_qty_mse=0.00416333 qty_mae=0.59324312
[epoch 262] backbone=thp seed=52 train_joint=-3.59001063 val_joint=-3.59478582 time_nll=-3.59938016 log_qty_mse=0.00459434 qty_mae=0.77505122
[epoch 263] backbone=thp seed=52 train_joint=-3.59002079 val_joint=-3.59524359 time_nll=-3.59948592 log_qty_mse=0.00424233 qty_mae=0.85959710
[epoch 264] backbone=thp seed=52 train_joint=-3.58999737 val_joint=-3.59497079 time_nll=-3.59949208 log_qty_mse=0.00452129 qty_mae=0.97842869
[epoch 265] backbone=thp seed=52 train_joint=-3.58997971 val_joint=-3.59494530 time_nll=-3.59948441 log_qty_mse=0.00453911 qty_mae=0.65274393
[epoch 266] backbone=thp seed=52 train_joint=-3.59000439 val_joint=-3.59406020 time_nll=-3.59949030 log_qty_mse=0.00543010 qty_mae=1.01514184
[epoch 267] backbone=thp seed=52 train_joint=-3.59001385 val_joint=-3.59448239 time_nll=-3.59949288 log_qty_mse=0.00501049 qty_mae=0.63821685
[epoch 268] backbone=thp seed=52 train_joint=-3.59000689 val_joint=-3.59457948 time_nll=-3.59948878 log_qty_mse=0.00490931 qty_mae=0.67705564
[early-stop] backbone=thp seed=52 current_epoch=268 best_epoch=228
[epoch 001] backbone=thp seed=62 train_joint=1.54898725 val_joint=0.90999713 time_nll=0.90130588 log_qty_mse=0.00869125 qty_mae=1.79188287
[epoch 002] backbone=thp seed=62 train_joint=0.65500463 val_joint=0.31316388 time_nll=0.29598831 log_qty_mse=0.01717557 qty_mae=2.88127956
[epoch 003] backbone=thp seed=62 train_joint=0.21654319 val_joint=0.28523818 time_nll=0.27446998 log_qty_mse=0.01076820 qty_mae=2.05375454
[epoch 004] backbone=thp seed=62 train_joint=0.02431224 val_joint=0.36886169 time_nll=0.35803324 log_qty_mse=0.01082845 qty_mae=1.54182047
[epoch 005] backbone=thp seed=62 train_joint=-0.47449588 val_joint=-0.91958685 time_nll=-0.92815618 log_qty_mse=0.00856933 qty_mae=1.88462176
[epoch 006] backbone=thp seed=62 train_joint=-1.15552634 val_joint=-1.30282491 time_nll=-1.30970684 log_qty_mse=0.00688193 qty_mae=1.65404393
[epoch 007] backbone=thp seed=62 train_joint=-1.40037350 val_joint=-1.50547076 time_nll=-1.51344379 log_qty_mse=0.00797303 qty_mae=2.17810980
[epoch 008] backbone=thp seed=62 train_joint=-1.59574362 val_joint=-1.68938347 time_nll=-1.69473130 log_qty_mse=0.00534783 qty_mae=0.97389511
[epoch 009] backbone=thp seed=62 train_joint=-1.76138954 val_joint=-1.84018672 time_nll=-1.84591475 log_qty_mse=0.00572803 qty_mae=0.84370180
[epoch 010] backbone=thp seed=62 train_joint=-1.90125169 val_joint=-1.96932871 time_nll=-1.97500444 log_qty_mse=0.00567573 qty_mae=0.87978520
[epoch 011] backbone=thp seed=62 train_joint=-2.02152246 val_joint=-2.08106346 time_nll=-2.08675880 log_qty_mse=0.00569534 qty_mae=1.17533259
[epoch 012] backbone=thp seed=62 train_joint=-2.12640934 val_joint=-2.17968994 time_nll=-2.18516010 log_qty_mse=0.00547016 qty_mae=1.17802001
[epoch 013] backbone=thp seed=62 train_joint=-2.21918945 val_joint=-2.26777610 time_nll=-2.27244661 log_qty_mse=0.00467051 qty_mae=0.64606213
[epoch 014] backbone=thp seed=62 train_joint=-2.30198088 val_joint=-2.34616608 time_nll=-2.35090511 log_qty_mse=0.00473902 qty_mae=0.63394812
[epoch 015] backbone=thp seed=62 train_joint=-2.37653769 val_joint=-2.41660129 time_nll=-2.42161409 log_qty_mse=0.00501279 qty_mae=0.96840877
[epoch 016] backbone=thp seed=62 train_joint=-2.44406360 val_joint=-2.48080818 time_nll=-2.48603570 log_qty_mse=0.00522752 qty_mae=0.77135334
[epoch 017] backbone=thp seed=62 train_joint=-2.50565873 val_joint=-2.54007620 time_nll=-2.54491517 log_qty_mse=0.00483896 qty_mae=0.69982357
[epoch 018] backbone=thp seed=62 train_joint=-2.56206127 val_joint=-2.59332961 time_nll=-2.59894321 log_qty_mse=0.00561360 qty_mae=1.19196527
[epoch 019] backbone=thp seed=62 train_joint=-2.61409986 val_joint=-2.64391519 time_nll=-2.64885280 log_qty_mse=0.00493760 qty_mae=0.74609983
[epoch 020] backbone=thp seed=62 train_joint=-2.66216118 val_joint=-2.68893046 time_nll=-2.69507567 log_qty_mse=0.00614522 qty_mae=1.50510151
[epoch 021] backbone=thp seed=62 train_joint=-2.70665786 val_joint=-2.73293748 time_nll=-2.73791506 log_qty_mse=0.00497757 qty_mae=0.87591712
[epoch 022] backbone=thp seed=62 train_joint=-2.74816298 val_joint=-2.77296809 time_nll=-2.77798707 log_qty_mse=0.00501898 qty_mae=0.79569515
[epoch 023] backbone=thp seed=62 train_joint=-2.78692602 val_joint=-2.80998721 time_nll=-2.81540002 log_qty_mse=0.00541281 qty_mae=0.78500731
[epoch 024] backbone=thp seed=62 train_joint=-2.82313172 val_joint=-2.84584867 time_nll=-2.85035416 log_qty_mse=0.00450550 qty_mae=0.75525145
[epoch 025] backbone=thp seed=62 train_joint=-2.85701501 val_joint=-2.87826581 time_nll=-2.88324586 log_qty_mse=0.00498005 qty_mae=0.64088001
[epoch 026] backbone=thp seed=62 train_joint=-2.88886178 val_joint=-2.90846182 time_nll=-2.91414662 log_qty_mse=0.00568480 qty_mae=0.80346820
[epoch 027] backbone=thp seed=62 train_joint=-2.91893505 val_joint=-2.93857113 time_nll=-2.94333457 log_qty_mse=0.00476344 qty_mae=0.61588423
[epoch 028] backbone=thp seed=62 train_joint=-2.94731168 val_joint=-2.96618688 time_nll=-2.97079348 log_qty_mse=0.00460660 qty_mae=0.87922959
[epoch 029] backbone=thp seed=62 train_joint=-2.97404138 val_joint=-2.99229602 time_nll=-2.99681986 log_qty_mse=0.00452385 qty_mae=0.71903535
[epoch 030] backbone=thp seed=62 train_joint=-2.99934121 val_joint=-3.01655953 time_nll=-3.02142408 log_qty_mse=0.00486455 qty_mae=0.73295856
[epoch 031] backbone=thp seed=62 train_joint=-3.02329127 val_joint=-3.03990530 time_nll=-3.04466041 log_qty_mse=0.00475511 qty_mae=0.74094261
[epoch 032] backbone=thp seed=62 train_joint=-3.04594187 val_joint=-3.06189225 time_nll=-3.06674655 log_qty_mse=0.00485430 qty_mae=0.80498927
[epoch 033] backbone=thp seed=62 train_joint=-3.06750605 val_joint=-3.08329706 time_nll=-3.08768677 log_qty_mse=0.00438972 qty_mae=0.62227892
[epoch 034] backbone=thp seed=62 train_joint=-3.08789548 val_joint=-3.10300323 time_nll=-3.10757476 log_qty_mse=0.00457152 qty_mae=0.68039862
[epoch 035] backbone=thp seed=62 train_joint=-3.10735406 val_joint=-3.12183289 time_nll=-3.12660018 log_qty_mse=0.00476729 qty_mae=0.75068098
[epoch 036] backbone=thp seed=62 train_joint=-3.12593613 val_joint=-3.13955256 time_nll=-3.14475746 log_qty_mse=0.00520490 qty_mae=0.67820877
[epoch 037] backbone=thp seed=62 train_joint=-3.14369463 val_joint=-3.15731161 time_nll=-3.16204247 log_qty_mse=0.00473086 qty_mae=0.70819368
[epoch 038] backbone=thp seed=62 train_joint=-3.16050358 val_joint=-3.17394090 time_nll=-3.17839428 log_qty_mse=0.00445338 qty_mae=0.73572598
[epoch 039] backbone=thp seed=62 train_joint=-3.17642732 val_joint=-3.18942910 time_nll=-3.19395514 log_qty_mse=0.00452603 qty_mae=0.98564528
[epoch 040] backbone=thp seed=62 train_joint=-3.19170431 val_joint=-3.20419204 time_nll=-3.20887485 log_qty_mse=0.00468281 qty_mae=0.61265568
[epoch 041] backbone=thp seed=62 train_joint=-3.20625534 val_joint=-3.21829938 time_nll=-3.22315362 log_qty_mse=0.00485424 qty_mae=0.64958593
[epoch 042] backbone=thp seed=62 train_joint=-3.22028456 val_joint=-3.23199695 time_nll=-3.23683794 log_qty_mse=0.00484100 qty_mae=0.67469093
[epoch 043] backbone=thp seed=62 train_joint=-3.23373098 val_joint=-3.24522894 time_nll=-3.25002383 log_qty_mse=0.00479489 qty_mae=0.73584407
[epoch 044] backbone=thp seed=62 train_joint=-3.24666539 val_joint=-3.25776518 time_nll=-3.26273095 log_qty_mse=0.00496576 qty_mae=0.97901221
[epoch 045] backbone=thp seed=62 train_joint=-3.25913813 val_joint=-3.26988790 time_nll=-3.27494489 log_qty_mse=0.00505699 qty_mae=0.69118006
[epoch 046] backbone=thp seed=62 train_joint=-3.27111372 val_joint=-3.28208599 time_nll=-3.28666243 log_qty_mse=0.00457644 qty_mae=0.74593868
[epoch 047] backbone=thp seed=62 train_joint=-3.28259204 val_joint=-3.29242775 time_nll=-3.29785969 log_qty_mse=0.00543194 qty_mae=1.05778914
[epoch 048] backbone=thp seed=62 train_joint=-3.29358497 val_joint=-3.30376969 time_nll=-3.30867169 log_qty_mse=0.00490200 qty_mae=0.79511989
[epoch 049] backbone=thp seed=62 train_joint=-3.30415832 val_joint=-3.31379240 time_nll=-3.31900868 log_qty_mse=0.00521627 qty_mae=0.94053743
[epoch 050] backbone=thp seed=62 train_joint=-3.31425618 val_joint=-3.32453727 time_nll=-3.32893522 log_qty_mse=0.00439795 qty_mae=0.62336572
[epoch 051] backbone=thp seed=62 train_joint=-3.32400081 val_joint=-3.33330473 time_nll=-3.33846906 log_qty_mse=0.00516433 qty_mae=1.06800071
[epoch 052] backbone=thp seed=62 train_joint=-3.33336521 val_joint=-3.34264615 time_nll=-3.34762270 log_qty_mse=0.00497655 qty_mae=0.84132368
[epoch 053] backbone=thp seed=62 train_joint=-3.34233611 val_joint=-3.35151744 time_nll=-3.35640889 log_qty_mse=0.00489145 qty_mae=0.82160341
[epoch 054] backbone=thp seed=62 train_joint=-3.35093729 val_joint=-3.35982570 time_nll=-3.36485258 log_qty_mse=0.00502687 qty_mae=0.71117666
[epoch 055] backbone=thp seed=62 train_joint=-3.35925212 val_joint=-3.36844529 time_nll=-3.37297897 log_qty_mse=0.00453368 qty_mae=0.66625203
[epoch 056] backbone=thp seed=62 train_joint=-3.36724646 val_joint=-3.37529632 time_nll=-3.38080609 log_qty_mse=0.00550978 qty_mae=0.68943279
[epoch 057] backbone=thp seed=62 train_joint=-3.37492454 val_joint=-3.38342977 time_nll=-3.38831564 log_qty_mse=0.00488587 qty_mae=0.72383424
[epoch 058] backbone=thp seed=62 train_joint=-3.38229515 val_joint=-3.39047730 time_nll=-3.39558178 log_qty_mse=0.00510448 qty_mae=0.86528734
[epoch 059] backbone=thp seed=62 train_joint=-3.38941356 val_joint=-3.39811774 time_nll=-3.40255411 log_qty_mse=0.00443637 qty_mae=0.61380340
[epoch 060] backbone=thp seed=62 train_joint=-3.39626903 val_joint=-3.40394256 time_nll=-3.40926502 log_qty_mse=0.00532246 qty_mae=0.93385722
[epoch 061] backbone=thp seed=62 train_joint=-3.40289568 val_joint=-3.41083388 time_nll=-3.41579157 log_qty_mse=0.00495768 qty_mae=0.80990911
[epoch 062] backbone=thp seed=62 train_joint=-3.40923065 val_joint=-3.41635067 time_nll=-3.42200717 log_qty_mse=0.00565650 qty_mae=1.19484621
[epoch 063] backbone=thp seed=62 train_joint=-3.41536538 val_joint=-3.42314112 time_nll=-3.42799041 log_qty_mse=0.00484928 qty_mae=0.81201570
[epoch 064] backbone=thp seed=62 train_joint=-3.42128886 val_joint=-3.42887220 time_nll=-3.43383424 log_qty_mse=0.00496204 qty_mae=0.69624757
[epoch 065] backbone=thp seed=62 train_joint=-3.42691832 val_joint=-3.43476367 time_nll=-3.43939252 log_qty_mse=0.00462884 qty_mae=0.69582386
[epoch 066] backbone=thp seed=62 train_joint=-3.43244592 val_joint=-3.43770423 time_nll=-3.44477693 log_qty_mse=0.00707270 qty_mae=1.50234863
[epoch 067] backbone=thp seed=62 train_joint=-3.43770871 val_joint=-3.44537893 time_nll=-3.44998472 log_qty_mse=0.00460579 qty_mae=0.77317190
[epoch 068] backbone=thp seed=62 train_joint=-3.44286106 val_joint=-3.44982065 time_nll=-3.45496951 log_qty_mse=0.00514886 qty_mae=0.66610293
[epoch 069] backbone=thp seed=62 train_joint=-3.44775961 val_joint=-3.45523475 time_nll=-3.45986488 log_qty_mse=0.00463013 qty_mae=0.60250697
[epoch 070] backbone=thp seed=62 train_joint=-3.45253736 val_joint=-3.45941779 time_nll=-3.46448007 log_qty_mse=0.00506228 qty_mae=1.04025086
[epoch 071] backbone=thp seed=62 train_joint=-3.45714220 val_joint=-3.46250233 time_nll=-3.46901355 log_qty_mse=0.00651122 qty_mae=1.73123067
[epoch 072] backbone=thp seed=62 train_joint=-3.46152206 val_joint=-3.46707669 time_nll=-3.47330399 log_qty_mse=0.00622730 qty_mae=1.23514658
[epoch 073] backbone=thp seed=62 train_joint=-3.46581655 val_joint=-3.47305486 time_nll=-3.47759636 log_qty_mse=0.00454151 qty_mae=0.67597070
[epoch 074] backbone=thp seed=62 train_joint=-3.46997476 val_joint=-3.47668608 time_nll=-3.48158649 log_qty_mse=0.00490040 qty_mae=0.66737060
[epoch 075] backbone=thp seed=62 train_joint=-3.47396445 val_joint=-3.48117505 time_nll=-3.48554490 log_qty_mse=0.00436986 qty_mae=0.71081347
[epoch 076] backbone=thp seed=62 train_joint=-3.47782109 val_joint=-3.48464732 time_nll=-3.48929771 log_qty_mse=0.00465039 qty_mae=0.63057823
[epoch 077] backbone=thp seed=62 train_joint=-3.48145301 val_joint=-3.48774206 time_nll=-3.49298419 log_qty_mse=0.00524213 qty_mae=1.09379338
[epoch 078] backbone=thp seed=62 train_joint=-3.48516788 val_joint=-3.49120895 time_nll=-3.49640503 log_qty_mse=0.00519608 qty_mae=0.79998309
[epoch 079] backbone=thp seed=62 train_joint=-3.48852787 val_joint=-3.49524283 time_nll=-3.49987139 log_qty_mse=0.00462857 qty_mae=0.82471439
[epoch 080] backbone=thp seed=62 train_joint=-3.49195385 val_joint=-3.49811187 time_nll=-3.50325441 log_qty_mse=0.00514254 qty_mae=1.23111918
[epoch 081] backbone=thp seed=62 train_joint=-3.49519147 val_joint=-3.50182252 time_nll=-3.50637009 log_qty_mse=0.00454757 qty_mae=0.65333760
[epoch 082] backbone=thp seed=62 train_joint=-3.49825286 val_joint=-3.50270738 time_nll=-3.50947970 log_qty_mse=0.00677232 qty_mae=1.92014323
[epoch 083] backbone=thp seed=62 train_joint=-3.50141572 val_joint=-3.50688098 time_nll=-3.51246809 log_qty_mse=0.00558711 qty_mae=0.67281423
[epoch 084] backbone=thp seed=62 train_joint=-3.50426669 val_joint=-3.51068394 time_nll=-3.51530373 log_qty_mse=0.00461980 qty_mae=0.64341602
[epoch 085] backbone=thp seed=62 train_joint=-3.50710570 val_joint=-3.51306264 time_nll=-3.51809564 log_qty_mse=0.00503300 qty_mae=0.98720175
[epoch 086] backbone=thp seed=62 train_joint=-3.50987755 val_joint=-3.51632405 time_nll=-3.52084051 log_qty_mse=0.00451646 qty_mae=0.80311089
[epoch 087] backbone=thp seed=62 train_joint=-3.51248176 val_joint=-3.51847937 time_nll=-3.52339281 log_qty_mse=0.00491343 qty_mae=0.83203026
[epoch 088] backbone=thp seed=62 train_joint=-3.51503802 val_joint=-3.52095089 time_nll=-3.52593114 log_qty_mse=0.00498025 qty_mae=0.89105080
[epoch 089] backbone=thp seed=62 train_joint=-3.51758577 val_joint=-3.52402622 time_nll=-3.52842612 log_qty_mse=0.00439991 qty_mae=0.64876189
[epoch 090] backbone=thp seed=62 train_joint=-3.51995594 val_joint=-3.52584684 time_nll=-3.53071089 log_qty_mse=0.00486405 qty_mae=1.01286372
[epoch 091] backbone=thp seed=62 train_joint=-3.52222722 val_joint=-3.52835394 time_nll=-3.53298462 log_qty_mse=0.00463067 qty_mae=0.64398306
[epoch 092] backbone=thp seed=62 train_joint=-3.52451663 val_joint=-3.52995339 time_nll=-3.53524549 log_qty_mse=0.00529210 qty_mae=0.73511971
[epoch 093] backbone=thp seed=62 train_joint=-3.52671355 val_joint=-3.53266457 time_nll=-3.53736451 log_qty_mse=0.00469994 qty_mae=0.75876425
[epoch 094] backbone=thp seed=62 train_joint=-3.52875409 val_joint=-3.53374831 time_nll=-3.53937850 log_qty_mse=0.00563019 qty_mae=0.73773743
[epoch 095] backbone=thp seed=62 train_joint=-3.53073953 val_joint=-3.53657687 time_nll=-3.54137839 log_qty_mse=0.00480152 qty_mae=0.74828827
[epoch 096] backbone=thp seed=62 train_joint=-3.53277652 val_joint=-3.53818417 time_nll=-3.54331854 log_qty_mse=0.00513437 qty_mae=1.20057227
[epoch 097] backbone=thp seed=62 train_joint=-3.53470338 val_joint=-3.54082849 time_nll=-3.54525181 log_qty_mse=0.00442332 qty_mae=0.82528343
[epoch 098] backbone=thp seed=62 train_joint=-3.53650717 val_joint=-3.54173207 time_nll=-3.54695099 log_qty_mse=0.00521892 qty_mae=0.97293647
[epoch 099] backbone=thp seed=62 train_joint=-3.53825459 val_joint=-3.54367102 time_nll=-3.54873519 log_qty_mse=0.00506417 qty_mae=0.96902222
[epoch 100] backbone=thp seed=62 train_joint=-3.53998224 val_joint=-3.54550649 time_nll=-3.55047067 log_qty_mse=0.00496418 qty_mae=0.76984673
[epoch 101] backbone=thp seed=62 train_joint=-3.54173136 val_joint=-3.54777088 time_nll=-3.55218408 log_qty_mse=0.00441320 qty_mae=0.66912335
[epoch 102] backbone=thp seed=62 train_joint=-3.54337227 val_joint=-3.54841947 time_nll=-3.55360380 log_qty_mse=0.00518433 qty_mae=1.00632571
[epoch 103] backbone=thp seed=62 train_joint=-3.54485986 val_joint=-3.54997934 time_nll=-3.55519498 log_qty_mse=0.00521563 qty_mae=1.09370585
[epoch 104] backbone=thp seed=62 train_joint=-3.54634162 val_joint=-3.55189514 time_nll=-3.55667891 log_qty_mse=0.00478377 qty_mae=0.72105810
[epoch 105] backbone=thp seed=62 train_joint=-3.54780464 val_joint=-3.55320719 time_nll=-3.55816073 log_qty_mse=0.00495353 qty_mae=0.73956947
[epoch 106] backbone=thp seed=62 train_joint=-3.54928537 val_joint=-3.55447993 time_nll=-3.55963520 log_qty_mse=0.00515527 qty_mae=1.24387723
[epoch 107] backbone=thp seed=62 train_joint=-3.55073002 val_joint=-3.55582302 time_nll=-3.56098702 log_qty_mse=0.00516399 qty_mae=0.97463242
[epoch 108] backbone=thp seed=62 train_joint=-3.55199304 val_joint=-3.55631099 time_nll=-3.56221181 log_qty_mse=0.00590081 qty_mae=1.18781638
[epoch 109] backbone=thp seed=62 train_joint=-3.55323546 val_joint=-3.55757605 time_nll=-3.56338656 log_qty_mse=0.00581051 qty_mae=1.37315434
[epoch 110] backbone=thp seed=62 train_joint=-3.55444966 val_joint=-3.55940724 time_nll=-3.56463993 log_qty_mse=0.00523269 qty_mae=0.64102889
[epoch 111] backbone=thp seed=62 train_joint=-3.55567834 val_joint=-3.56067963 time_nll=-3.56586664 log_qty_mse=0.00518701 qty_mae=0.69462201
[epoch 112] backbone=thp seed=62 train_joint=-3.55692219 val_joint=-3.56222946 time_nll=-3.56697300 log_qty_mse=0.00474353 qty_mae=0.82823727
[epoch 113] backbone=thp seed=62 train_joint=-3.55813364 val_joint=-3.56335356 time_nll=-3.56831594 log_qty_mse=0.00496238 qty_mae=0.74587442
[epoch 114] backbone=thp seed=62 train_joint=-3.55921053 val_joint=-3.56403117 time_nll=-3.56930751 log_qty_mse=0.00527634 qty_mae=1.02752182
[epoch 115] backbone=thp seed=62 train_joint=-3.56020206 val_joint=-3.56527121 time_nll=-3.57017830 log_qty_mse=0.00490709 qty_mae=0.84916272
[epoch 116] backbone=thp seed=62 train_joint=-3.56113338 val_joint=-3.56663381 time_nll=-3.57120846 log_qty_mse=0.00457465 qty_mae=1.00560569
[epoch 117] backbone=thp seed=62 train_joint=-3.56215820 val_joint=-3.56743080 time_nll=-3.57221368 log_qty_mse=0.00478288 qty_mae=0.87257204
[epoch 118] backbone=thp seed=62 train_joint=-3.56311307 val_joint=-3.56873643 time_nll=-3.57317146 log_qty_mse=0.00443503 qty_mae=0.87933386
[epoch 119] backbone=thp seed=62 train_joint=-3.56407909 val_joint=-3.56953953 time_nll=-3.57415675 log_qty_mse=0.00461722 qty_mae=0.66060663
[epoch 120] backbone=thp seed=62 train_joint=-3.56505663 val_joint=-3.57057250 time_nll=-3.57513119 log_qty_mse=0.00455870 qty_mae=0.97526586
[epoch 121] backbone=thp seed=62 train_joint=-3.56601395 val_joint=-3.57113373 time_nll=-3.57609519 log_qty_mse=0.00496146 qty_mae=0.66757030
[epoch 122] backbone=thp seed=62 train_joint=-3.56690338 val_joint=-3.57099670 time_nll=-3.57683555 log_qty_mse=0.00583885 qty_mae=0.89874016
[epoch 123] backbone=thp seed=62 train_joint=-3.56760227 val_joint=-3.57271973 time_nll=-3.57755785 log_qty_mse=0.00483812 qty_mae=0.74019307
[epoch 124] backbone=thp seed=62 train_joint=-3.56835246 val_joint=-3.57387482 time_nll=-3.57830339 log_qty_mse=0.00442858 qty_mae=0.78502553
[epoch 125] backbone=thp seed=62 train_joint=-3.56910007 val_joint=-3.57349117 time_nll=-3.57902818 log_qty_mse=0.00553701 qty_mae=0.78855334
[epoch 126] backbone=thp seed=62 train_joint=-3.56984035 val_joint=-3.57460911 time_nll=-3.57972352 log_qty_mse=0.00511441 qty_mae=0.89593006
[epoch 127] backbone=thp seed=62 train_joint=-3.57051659 val_joint=-3.57573952 time_nll=-3.58032017 log_qty_mse=0.00458065 qty_mae=0.64930454
[epoch 128] backbone=thp seed=62 train_joint=-3.57126214 val_joint=-3.57523479 time_nll=-3.58118716 log_qty_mse=0.00595236 qty_mae=1.24331931
[epoch 129] backbone=thp seed=62 train_joint=-3.57197785 val_joint=-3.57682887 time_nll=-3.58191581 log_qty_mse=0.00508695 qty_mae=0.65517487
[epoch 130] backbone=thp seed=62 train_joint=-3.57271777 val_joint=-3.57703241 time_nll=-3.58263660 log_qty_mse=0.00560419 qty_mae=1.38108904
[epoch 131] backbone=thp seed=62 train_joint=-3.57342064 val_joint=-3.57819436 time_nll=-3.58334412 log_qty_mse=0.00514975 qty_mae=0.69578531
[epoch 132] backbone=thp seed=62 train_joint=-3.57413884 val_joint=-3.57880107 time_nll=-3.58405823 log_qty_mse=0.00525716 qty_mae=1.06299354
[epoch 133] backbone=thp seed=62 train_joint=-3.57471487 val_joint=-3.57848050 time_nll=-3.58449174 log_qty_mse=0.00601125 qty_mae=0.96563617
[epoch 134] backbone=thp seed=62 train_joint=-3.57518593 val_joint=-3.58031475 time_nll=-3.58499463 log_qty_mse=0.00467989 qty_mae=0.71060396
[epoch 135] backbone=thp seed=62 train_joint=-3.57569330 val_joint=-3.58021808 time_nll=-3.58548896 log_qty_mse=0.00527089 qty_mae=0.81236032
[epoch 136] backbone=thp seed=62 train_joint=-3.57617552 val_joint=-3.58089238 time_nll=-3.58597816 log_qty_mse=0.00508578 qty_mae=0.68139635
[epoch 137] backbone=thp seed=62 train_joint=-3.57667422 val_joint=-3.58186286 time_nll=-3.58644495 log_qty_mse=0.00458209 qty_mae=0.80733822
[epoch 138] backbone=thp seed=62 train_joint=-3.57715514 val_joint=-3.58180153 time_nll=-3.58693693 log_qty_mse=0.00513540 qty_mae=1.16414131
[epoch 139] backbone=thp seed=62 train_joint=-3.57756022 val_joint=-3.58298104 time_nll=-3.58741246 log_qty_mse=0.00443142 qty_mae=0.67840507
[epoch 140] backbone=thp seed=62 train_joint=-3.57809488 val_joint=-3.58226042 time_nll=-3.58789316 log_qty_mse=0.00563274 qty_mae=1.01412807
[epoch 141] backbone=thp seed=62 train_joint=-3.57855920 val_joint=-3.58315962 time_nll=-3.58835626 log_qty_mse=0.00519664 qty_mae=0.99448241
[epoch 142] backbone=thp seed=62 train_joint=-3.57904083 val_joint=-3.58435133 time_nll=-3.58884973 log_qty_mse=0.00449840 qty_mae=0.66824886
[epoch 143] backbone=thp seed=62 train_joint=-3.57952165 val_joint=-3.58409147 time_nll=-3.58926909 log_qty_mse=0.00517763 qty_mae=0.77295429
[epoch 144] backbone=thp seed=62 train_joint=-3.57999248 val_joint=-3.58471634 time_nll=-3.58980204 log_qty_mse=0.00508569 qty_mae=0.68768707
[epoch 145] backbone=thp seed=62 train_joint=-3.58049286 val_joint=-3.58512132 time_nll=-3.59027484 log_qty_mse=0.00515352 qty_mae=0.76876451
[epoch 146] backbone=thp seed=62 train_joint=-3.58097518 val_joint=-3.58608722 time_nll=-3.59075297 log_qty_mse=0.00466575 qty_mae=0.67716575
[epoch 147] backbone=thp seed=62 train_joint=-3.58144985 val_joint=-3.58639715 time_nll=-3.59122538 log_qty_mse=0.00482823 qty_mae=0.62153272
[epoch 148] backbone=thp seed=62 train_joint=-3.58190661 val_joint=-3.58531397 time_nll=-3.59167954 log_qty_mse=0.00636557 qty_mae=1.71034190
[epoch 149] backbone=thp seed=62 train_joint=-3.58232548 val_joint=-3.58682662 time_nll=-3.59199192 log_qty_mse=0.00516529 qty_mae=1.00117641
[epoch 150] backbone=thp seed=62 train_joint=-3.58252800 val_joint=-3.58668031 time_nll=-3.59222533 log_qty_mse=0.00554502 qty_mae=0.69497738
[epoch 151] backbone=thp seed=62 train_joint=-3.58279595 val_joint=-3.58695266 time_nll=-3.59246748 log_qty_mse=0.00551482 qty_mae=1.09004639
[epoch 152] backbone=thp seed=62 train_joint=-3.58301781 val_joint=-3.58830133 time_nll=-3.59269387 log_qty_mse=0.00439254 qty_mae=0.65458949
[epoch 153] backbone=thp seed=62 train_joint=-3.58329332 val_joint=-3.58684337 time_nll=-3.59293029 log_qty_mse=0.00608692 qty_mae=1.48724684
[epoch 154] backbone=thp seed=62 train_joint=-3.58351866 val_joint=-3.58858214 time_nll=-3.59317644 log_qty_mse=0.00459430 qty_mae=0.61129326
[epoch 155] backbone=thp seed=62 train_joint=-3.58375504 val_joint=-3.58867201 time_nll=-3.59339781 log_qty_mse=0.00472580 qty_mae=0.96162200
[epoch 156] backbone=thp seed=62 train_joint=-3.58400323 val_joint=-3.58878386 time_nll=-3.59365080 log_qty_mse=0.00486694 qty_mae=0.65665509
[epoch 157] backbone=thp seed=62 train_joint=-3.58425331 val_joint=-3.58868294 time_nll=-3.59388550 log_qty_mse=0.00520257 qty_mae=1.09752503
[epoch 158] backbone=thp seed=62 train_joint=-3.58444143 val_joint=-3.58961701 time_nll=-3.59411160 log_qty_mse=0.00449458 qty_mae=0.91910267
[epoch 159] backbone=thp seed=62 train_joint=-3.58471436 val_joint=-3.58986134 time_nll=-3.59436547 log_qty_mse=0.00450413 qty_mae=1.00425003
[epoch 160] backbone=thp seed=62 train_joint=-3.58494392 val_joint=-3.58845684 time_nll=-3.59459781 log_qty_mse=0.00614097 qty_mae=1.28294810
[epoch 161] backbone=thp seed=62 train_joint=-3.58518666 val_joint=-3.58975890 time_nll=-3.59484049 log_qty_mse=0.00508159 qty_mae=0.71747780
[epoch 162] backbone=thp seed=62 train_joint=-3.58542252 val_joint=-3.59055332 time_nll=-3.59507034 log_qty_mse=0.00451702 qty_mae=0.84038585
[epoch 163] backbone=thp seed=62 train_joint=-3.58562746 val_joint=-3.59044688 time_nll=-3.59531290 log_qty_mse=0.00486602 qty_mae=0.75244448
[epoch 164] backbone=thp seed=62 train_joint=-3.58589154 val_joint=-3.59062076 time_nll=-3.59554431 log_qty_mse=0.00492355 qty_mae=0.67401412
[epoch 165] backbone=thp seed=62 train_joint=-3.58614940 val_joint=-3.59083049 time_nll=-3.59577688 log_qty_mse=0.00494639 qty_mae=1.10304190
[epoch 166] backbone=thp seed=62 train_joint=-3.58638214 val_joint=-3.59157363 time_nll=-3.59601710 log_qty_mse=0.00444347 qty_mae=0.70790316
[epoch 167] backbone=thp seed=62 train_joint=-3.58660270 val_joint=-3.59142440 time_nll=-3.59623990 log_qty_mse=0.00481550 qty_mae=0.63206828
[epoch 168] backbone=thp seed=62 train_joint=-3.58687887 val_joint=-3.59147514 time_nll=-3.59649076 log_qty_mse=0.00501562 qty_mae=0.76473271
[epoch 169] backbone=thp seed=62 train_joint=-3.58705102 val_joint=-3.59123673 time_nll=-3.59673593 log_qty_mse=0.00549920 qty_mae=1.07010276
[epoch 170] backbone=thp seed=62 train_joint=-3.58734446 val_joint=-3.59229174 time_nll=-3.59697267 log_qty_mse=0.00468093 qty_mae=0.79948905
[epoch 171] backbone=thp seed=62 train_joint=-3.58757113 val_joint=-3.59210448 time_nll=-3.59718217 log_qty_mse=0.00507769 qty_mae=1.06221961
[epoch 172] backbone=thp seed=62 train_joint=-3.58776765 val_joint=-3.59256606 time_nll=-3.59740380 log_qty_mse=0.00483774 qty_mae=0.76126824
[epoch 173] backbone=thp seed=62 train_joint=-3.58805579 val_joint=-3.59280981 time_nll=-3.59768110 log_qty_mse=0.00487129 qty_mae=0.74141613
[epoch 174] backbone=thp seed=62 train_joint=-3.58822573 val_joint=-3.59265172 time_nll=-3.59791436 log_qty_mse=0.00526263 qty_mae=0.87037333
[epoch 175] backbone=thp seed=62 train_joint=-3.58853892 val_joint=-3.59359866 time_nll=-3.59815439 log_qty_mse=0.00455572 qty_mae=0.72274050
[epoch 176] backbone=thp seed=62 train_joint=-3.58873324 val_joint=-3.59287443 time_nll=-3.59837596 log_qty_mse=0.00550154 qty_mae=1.27786138
[epoch 177] backbone=thp seed=62 train_joint=-3.58898674 val_joint=-3.59375432 time_nll=-3.59861703 log_qty_mse=0.00486271 qty_mae=0.71984717
[epoch 178] backbone=thp seed=62 train_joint=-3.58921049 val_joint=-3.59303718 time_nll=-3.59880271 log_qty_mse=0.00576553 qty_mae=0.87528520
[epoch 179] backbone=thp seed=62 train_joint=-3.58943486 val_joint=-3.59448898 time_nll=-3.59908654 log_qty_mse=0.00459756 qty_mae=1.00231328
[epoch 180] backbone=thp seed=62 train_joint=-3.58970524 val_joint=-3.59356299 time_nll=-3.59933566 log_qty_mse=0.00577267 qty_mae=0.75265251
[epoch 181] backbone=thp seed=62 train_joint=-3.58989979 val_joint=-3.59496482 time_nll=-3.59948940 log_qty_mse=0.00452458 qty_mae=0.81763697
[epoch 182] backbone=thp seed=62 train_joint=-3.58997891 val_joint=-3.59431671 time_nll=-3.59948015 log_qty_mse=0.00516344 qty_mae=0.76506715
[epoch 183] backbone=thp seed=62 train_joint=-3.58996111 val_joint=-3.59480253 time_nll=-3.59949127 log_qty_mse=0.00468873 qty_mae=0.74742160
[epoch 184] backbone=thp seed=62 train_joint=-3.58997166 val_joint=-3.59420670 time_nll=-3.59948583 log_qty_mse=0.00527913 qty_mae=1.04801467
[epoch 185] backbone=thp seed=62 train_joint=-3.58995952 val_joint=-3.59432567 time_nll=-3.59949422 log_qty_mse=0.00516855 qty_mae=0.70044184
[epoch 186] backbone=thp seed=62 train_joint=-3.58999181 val_joint=-3.59446500 time_nll=-3.59948296 log_qty_mse=0.00501796 qty_mae=0.84425251
[epoch 187] backbone=thp seed=62 train_joint=-3.58998365 val_joint=-3.59430444 time_nll=-3.59949440 log_qty_mse=0.00518997 qty_mae=0.81359296
[epoch 188] backbone=thp seed=62 train_joint=-3.58997528 val_joint=-3.59461836 time_nll=-3.59947234 log_qty_mse=0.00485398 qty_mae=0.85850003
[epoch 189] backbone=thp seed=62 train_joint=-3.58996180 val_joint=-3.59495925 time_nll=-3.59948555 log_qty_mse=0.00452629 qty_mae=0.72771816
[epoch 190] backbone=thp seed=62 train_joint=-3.59000020 val_joint=-3.59490154 time_nll=-3.59949370 log_qty_mse=0.00459217 qty_mae=0.70201029
[epoch 191] backbone=thp seed=62 train_joint=-3.58994588 val_joint=-3.59440126 time_nll=-3.59949332 log_qty_mse=0.00509206 qty_mae=0.84123791
[epoch 192] backbone=thp seed=62 train_joint=-3.58998834 val_joint=-3.59385446 time_nll=-3.59949371 log_qty_mse=0.00563925 qty_mae=1.35154397
[epoch 193] backbone=thp seed=62 train_joint=-3.58996874 val_joint=-3.59460743 time_nll=-3.59948734 log_qty_mse=0.00487991 qty_mae=0.91868929
[epoch 194] backbone=thp seed=62 train_joint=-3.58994377 val_joint=-3.59478324 time_nll=-3.59946217 log_qty_mse=0.00467893 qty_mae=0.96747274
[epoch 195] backbone=thp seed=62 train_joint=-3.59003776 val_joint=-3.59444960 time_nll=-3.59949275 log_qty_mse=0.00504316 qty_mae=0.89097366
[epoch 196] backbone=thp seed=62 train_joint=-3.58992098 val_joint=-3.59507280 time_nll=-3.59949250 log_qty_mse=0.00441970 qty_mae=0.63574361
[epoch 197] backbone=thp seed=62 train_joint=-3.58998787 val_joint=-3.59461092 time_nll=-3.59949398 log_qty_mse=0.00488306 qty_mae=0.63844882
[epoch 198] backbone=thp seed=62 train_joint=-3.58997561 val_joint=-3.59470100 time_nll=-3.59948035 log_qty_mse=0.00477935 qty_mae=0.98132918
[epoch 199] backbone=thp seed=62 train_joint=-3.58997984 val_joint=-3.59368841 time_nll=-3.59949072 log_qty_mse=0.00580231 qty_mae=1.19494682
[epoch 200] backbone=thp seed=62 train_joint=-3.58994989 val_joint=-3.59425921 time_nll=-3.59949061 log_qty_mse=0.00523141 qty_mae=0.92046831
[epoch 201] backbone=thp seed=62 train_joint=-3.58997974 val_joint=-3.59450981 time_nll=-3.59949246 log_qty_mse=0.00498265 qty_mae=0.66971368
[epoch 202] backbone=thp seed=62 train_joint=-3.58998649 val_joint=-3.59269693 time_nll=-3.59949317 log_qty_mse=0.00679624 qty_mae=1.75214526
[epoch 203] backbone=thp seed=62 train_joint=-3.58996959 val_joint=-3.59411870 time_nll=-3.59949231 log_qty_mse=0.00537361 qty_mae=0.81499123
[epoch 204] backbone=thp seed=62 train_joint=-3.58997491 val_joint=-3.59508173 time_nll=-3.59949166 log_qty_mse=0.00440994 qty_mae=0.61196988
[epoch 205] backbone=thp seed=62 train_joint=-3.58997335 val_joint=-3.59290196 time_nll=-3.59947987 log_qty_mse=0.00657791 qty_mae=1.50911673
[epoch 206] backbone=thp seed=62 train_joint=-3.58998797 val_joint=-3.59391471 time_nll=-3.59948117 log_qty_mse=0.00556646 qty_mae=0.80694344
[epoch 207] backbone=thp seed=62 train_joint=-3.58999076 val_joint=-3.59487220 time_nll=-3.59948791 log_qty_mse=0.00461571 qty_mae=0.66768434
[epoch 208] backbone=thp seed=62 train_joint=-3.58996374 val_joint=-3.59398667 time_nll=-3.59948764 log_qty_mse=0.00550096 qty_mae=1.34870698
[epoch 209] backbone=thp seed=62 train_joint=-3.58997887 val_joint=-3.59400422 time_nll=-3.59949390 log_qty_mse=0.00548968 qty_mae=0.65416577
[epoch 210] backbone=thp seed=62 train_joint=-3.58999701 val_joint=-3.59426943 time_nll=-3.59949028 log_qty_mse=0.00522085 qty_mae=0.72327532
[epoch 211] backbone=thp seed=62 train_joint=-3.58998526 val_joint=-3.59422337 time_nll=-3.59949212 log_qty_mse=0.00526875 qty_mae=0.60926370
[epoch 212] backbone=thp seed=62 train_joint=-3.58998906 val_joint=-3.59479400 time_nll=-3.59948456 log_qty_mse=0.00469056 qty_mae=0.70263320
[epoch 213] backbone=thp seed=62 train_joint=-3.58997987 val_joint=-3.59414313 time_nll=-3.59948904 log_qty_mse=0.00534592 qty_mae=0.70815359
[epoch 214] backbone=thp seed=62 train_joint=-3.58997501 val_joint=-3.59442839 time_nll=-3.59949162 log_qty_mse=0.00506323 qty_mae=1.14578125
[epoch 215] backbone=thp seed=62 train_joint=-3.58998153 val_joint=-3.59467921 time_nll=-3.59948567 log_qty_mse=0.00480646 qty_mae=0.65933985
[epoch 216] backbone=thp seed=62 train_joint=-3.58997577 val_joint=-3.59457222 time_nll=-3.59949198 log_qty_mse=0.00491977 qty_mae=0.95904265
[epoch 217] backbone=thp seed=62 train_joint=-3.58998212 val_joint=-3.59477662 time_nll=-3.59948665 log_qty_mse=0.00471003 qty_mae=0.89259289
[epoch 218] backbone=thp seed=62 train_joint=-3.58995744 val_joint=-3.59500043 time_nll=-3.59949322 log_qty_mse=0.00449280 qty_mae=0.65710156
[epoch 219] backbone=thp seed=62 train_joint=-3.58996735 val_joint=-3.59435163 time_nll=-3.59946900 log_qty_mse=0.00511736 qty_mae=0.67520692
[epoch 220] backbone=thp seed=62 train_joint=-3.59000883 val_joint=-3.59469758 time_nll=-3.59949049 log_qty_mse=0.00479291 qty_mae=0.78232058
[epoch 221] backbone=thp seed=62 train_joint=-3.58996042 val_joint=-3.59433363 time_nll=-3.59948988 log_qty_mse=0.00515625 qty_mae=1.21407195
[epoch 222] backbone=thp seed=62 train_joint=-3.59000050 val_joint=-3.59490578 time_nll=-3.59945584 log_qty_mse=0.00455006 qty_mae=0.83570011
[epoch 223] backbone=thp seed=62 train_joint=-3.58995850 val_joint=-3.59429951 time_nll=-3.59942436 log_qty_mse=0.00512485 qty_mae=0.89580882
[epoch 224] backbone=thp seed=62 train_joint=-3.59000494 val_joint=-3.59491109 time_nll=-3.59947625 log_qty_mse=0.00456516 qty_mae=0.97228258
[epoch 225] backbone=thp seed=62 train_joint=-3.58999094 val_joint=-3.59500247 time_nll=-3.59948742 log_qty_mse=0.00448495 qty_mae=0.91350811
[epoch 226] backbone=thp seed=62 train_joint=-3.58998875 val_joint=-3.59414719 time_nll=-3.59948248 log_qty_mse=0.00533529 qty_mae=0.99921185
[epoch 227] backbone=thp seed=62 train_joint=-3.58997640 val_joint=-3.59442140 time_nll=-3.59948699 log_qty_mse=0.00506559 qty_mae=0.72466103
[epoch 228] backbone=thp seed=62 train_joint=-3.58996313 val_joint=-3.59422240 time_nll=-3.59948472 log_qty_mse=0.00526232 qty_mae=1.04129796
[epoch 229] backbone=thp seed=62 train_joint=-3.58999272 val_joint=-3.59453266 time_nll=-3.59948588 log_qty_mse=0.00495322 qty_mae=0.85651892
[epoch 230] backbone=thp seed=62 train_joint=-3.58999315 val_joint=-3.59476960 time_nll=-3.59946291 log_qty_mse=0.00469331 qty_mae=0.86085699
[epoch 231] backbone=thp seed=62 train_joint=-3.58996615 val_joint=-3.59423294 time_nll=-3.59949290 log_qty_mse=0.00525996 qty_mae=0.63900200
[epoch 232] backbone=thp seed=62 train_joint=-3.58997657 val_joint=-3.59388274 time_nll=-3.59948504 log_qty_mse=0.00560230 qty_mae=1.03551938
[epoch 233] backbone=thp seed=62 train_joint=-3.59001047 val_joint=-3.59479809 time_nll=-3.59949286 log_qty_mse=0.00469477 qty_mae=0.67580949
[epoch 234] backbone=thp seed=62 train_joint=-3.58995780 val_joint=-3.59410984 time_nll=-3.59949057 log_qty_mse=0.00538073 qty_mae=1.17185309
[epoch 235] backbone=thp seed=62 train_joint=-3.59001204 val_joint=-3.59443298 time_nll=-3.59948335 log_qty_mse=0.00505038 qty_mae=0.80672191
[epoch 236] backbone=thp seed=62 train_joint=-3.59001618 val_joint=-3.59471085 time_nll=-3.59948596 log_qty_mse=0.00477511 qty_mae=0.89888812
[epoch 237] backbone=thp seed=62 train_joint=-3.59000360 val_joint=-3.59490710 time_nll=-3.59948517 log_qty_mse=0.00457807 qty_mae=0.66634583
[epoch 238] backbone=thp seed=62 train_joint=-3.58999506 val_joint=-3.59428572 time_nll=-3.59948965 log_qty_mse=0.00520393 qty_mae=0.75149543
[epoch 239] backbone=thp seed=62 train_joint=-3.58997917 val_joint=-3.59475744 time_nll=-3.59948950 log_qty_mse=0.00473206 qty_mae=0.72661711
[epoch 240] backbone=thp seed=62 train_joint=-3.58998616 val_joint=-3.59473468 time_nll=-3.59947991 log_qty_mse=0.00474523 qty_mae=0.66148881
[epoch 241] backbone=thp seed=62 train_joint=-3.58999078 val_joint=-3.59321096 time_nll=-3.59948424 log_qty_mse=0.00627328 qty_mae=1.30934202
[epoch 242] backbone=thp seed=62 train_joint=-3.58999137 val_joint=-3.59350767 time_nll=-3.59945451 log_qty_mse=0.00594684 qty_mae=0.77503243
[epoch 243] backbone=thp seed=62 train_joint=-3.59000488 val_joint=-3.59512800 time_nll=-3.59948805 log_qty_mse=0.00436005 qty_mae=0.75997441
[epoch 244] backbone=thp seed=62 train_joint=-3.58997942 val_joint=-3.59475948 time_nll=-3.59948112 log_qty_mse=0.00472164 qty_mae=0.98099619
[epoch 245] backbone=thp seed=62 train_joint=-3.59000643 val_joint=-3.59423246 time_nll=-3.59948492 log_qty_mse=0.00525246 qty_mae=0.66812232
[epoch 246] backbone=thp seed=62 train_joint=-3.58998299 val_joint=-3.59465381 time_nll=-3.59949252 log_qty_mse=0.00483872 qty_mae=0.85821378
[epoch 247] backbone=thp seed=62 train_joint=-3.58998866 val_joint=-3.59452369 time_nll=-3.59948712 log_qty_mse=0.00496343 qty_mae=0.88678866
[epoch 248] backbone=thp seed=62 train_joint=-3.58997623 val_joint=-3.59476832 time_nll=-3.59948740 log_qty_mse=0.00471909 qty_mae=0.64656862
[epoch 249] backbone=thp seed=62 train_joint=-3.58997674 val_joint=-3.59489233 time_nll=-3.59948667 log_qty_mse=0.00459434 qty_mae=0.64067289
[epoch 250] backbone=thp seed=62 train_joint=-3.58996742 val_joint=-3.59505870 time_nll=-3.59949306 log_qty_mse=0.00443436 qty_mae=0.75905619
[epoch 251] backbone=thp seed=62 train_joint=-3.59000670 val_joint=-3.59455248 time_nll=-3.59949314 log_qty_mse=0.00494067 qty_mae=0.71685880
[epoch 252] backbone=thp seed=62 train_joint=-3.59000782 val_joint=-3.59389660 time_nll=-3.59948749 log_qty_mse=0.00559089 qty_mae=1.07757827
[epoch 253] backbone=thp seed=62 train_joint=-3.58999346 val_joint=-3.59454286 time_nll=-3.59949363 log_qty_mse=0.00495077 qty_mae=0.70338325
[epoch 254] backbone=thp seed=62 train_joint=-3.59001033 val_joint=-3.59487779 time_nll=-3.59949169 log_qty_mse=0.00461390 qty_mae=0.74385179
[epoch 255] backbone=thp seed=62 train_joint=-3.58997089 val_joint=-3.59451926 time_nll=-3.59949395 log_qty_mse=0.00497469 qty_mae=0.90167597
[epoch 256] backbone=thp seed=62 train_joint=-3.58999066 val_joint=-3.59434293 time_nll=-3.59946074 log_qty_mse=0.00511781 qty_mae=0.96363407
[epoch 257] backbone=thp seed=62 train_joint=-3.58997803 val_joint=-3.59473132 time_nll=-3.59948821 log_qty_mse=0.00475689 qty_mae=0.64560938
[epoch 258] backbone=thp seed=62 train_joint=-3.58999405 val_joint=-3.59401903 time_nll=-3.59948687 log_qty_mse=0.00546784 qty_mae=1.11211664
[epoch 259] backbone=thp seed=62 train_joint=-3.58998941 val_joint=-3.59451113 time_nll=-3.59949235 log_qty_mse=0.00498122 qty_mae=0.90475190
[epoch 260] backbone=thp seed=62 train_joint=-3.58999910 val_joint=-3.59390064 time_nll=-3.59947895 log_qty_mse=0.00557831 qty_mae=0.83616399
[epoch 261] backbone=thp seed=62 train_joint=-3.58996639 val_joint=-3.59337284 time_nll=-3.59948207 log_qty_mse=0.00610923 qty_mae=1.12374822
[epoch 262] backbone=thp seed=62 train_joint=-3.58996549 val_joint=-3.59485334 time_nll=-3.59949324 log_qty_mse=0.00463990 qty_mae=0.61268243
[epoch 263] backbone=thp seed=62 train_joint=-3.58997927 val_joint=-3.59374818 time_nll=-3.59949418 log_qty_mse=0.00574600 qty_mae=1.35051726
[epoch 264] backbone=thp seed=62 train_joint=-3.58998392 val_joint=-3.59404593 time_nll=-3.59949480 log_qty_mse=0.00544887 qty_mae=1.11728138
[epoch 265] backbone=thp seed=62 train_joint=-3.58997248 val_joint=-3.59433773 time_nll=-3.59949394 log_qty_mse=0.00515621 qty_mae=0.66332168
[epoch 266] backbone=thp seed=62 train_joint=-3.59002171 val_joint=-3.59502175 time_nll=-3.59948091 log_qty_mse=0.00445916 qty_mae=0.67261578
[epoch 267] backbone=thp seed=62 train_joint=-3.58998447 val_joint=-3.59457750 time_nll=-3.59948202 log_qty_mse=0.00490452 qty_mae=0.70115969
[epoch 268] backbone=thp seed=62 train_joint=-3.58999017 val_joint=-3.59509856 time_nll=-3.59949288 log_qty_mse=0.00439432 qty_mae=0.69203868
[epoch 269] backbone=thp seed=62 train_joint=-3.59001541 val_joint=-3.59503585 time_nll=-3.59949128 log_qty_mse=0.00445543 qty_mae=0.66352174
[epoch 270] backbone=thp seed=62 train_joint=-3.58998975 val_joint=-3.59450089 time_nll=-3.59949271 log_qty_mse=0.00499183 qty_mae=1.13058947
[epoch 271] backbone=thp seed=62 train_joint=-3.58999127 val_joint=-3.59422767 time_nll=-3.59948451 log_qty_mse=0.00525684 qty_mae=0.96734047
[epoch 272] backbone=thp seed=62 train_joint=-3.58997271 val_joint=-3.59418769 time_nll=-3.59949129 log_qty_mse=0.00530360 qty_mae=1.09479012
[epoch 273] backbone=thp seed=62 train_joint=-3.59001141 val_joint=-3.59439936 time_nll=-3.59948581 log_qty_mse=0.00508645 qty_mae=1.06629243
[epoch 274] backbone=thp seed=62 train_joint=-3.58997707 val_joint=-3.59464266 time_nll=-3.59948750 log_qty_mse=0.00484484 qty_mae=0.80091252
[epoch 275] backbone=thp seed=62 train_joint=-3.58999750 val_joint=-3.59479805 time_nll=-3.59949047 log_qty_mse=0.00469242 qty_mae=0.71480075
[epoch 276] backbone=thp seed=62 train_joint=-3.58998106 val_joint=-3.59404003 time_nll=-3.59949267 log_qty_mse=0.00545264 qty_mae=1.00037168
[epoch 277] backbone=thp seed=62 train_joint=-3.59001008 val_joint=-3.59369980 time_nll=-3.59948149 log_qty_mse=0.00578169 qty_mae=1.28804734
[epoch 278] backbone=thp seed=62 train_joint=-3.58997429 val_joint=-3.59506117 time_nll=-3.59947589 log_qty_mse=0.00441472 qty_mae=0.80567785
[epoch 279] backbone=thp seed=62 train_joint=-3.59002478 val_joint=-3.59435803 time_nll=-3.59947081 log_qty_mse=0.00511278 qty_mae=0.73659451
[epoch 280] backbone=thp seed=62 train_joint=-3.58995449 val_joint=-3.59486817 time_nll=-3.59949479 log_qty_mse=0.00462662 qty_mae=0.61809792
[epoch 281] backbone=thp seed=62 train_joint=-3.59000064 val_joint=-3.59462340 time_nll=-3.59949042 log_qty_mse=0.00486701 qty_mae=0.92328767
[epoch 282] backbone=thp seed=62 train_joint=-3.58998373 val_joint=-3.59457870 time_nll=-3.59948860 log_qty_mse=0.00490989 qty_mae=0.85092887
[epoch 283] backbone=thp seed=62 train_joint=-3.58998733 val_joint=-3.59443634 time_nll=-3.59949416 log_qty_mse=0.00505782 qty_mae=1.04350302
[early-stop] backbone=thp seed=62 current_epoch=283 best_epoch=243
[epoch 001] backbone=titantpp seed=42 train_joint=1.48669113 val_joint=0.82829930 time_nll=0.82205617 log_qty_mse=0.00624313 qty_mae=0.84364304
[epoch 002] backbone=titantpp seed=42 train_joint=0.50422166 val_joint=0.63315512 time_nll=0.62573255 log_qty_mse=0.00742257 qty_mae=1.06124545
[epoch 003] backbone=titantpp seed=42 train_joint=0.09090557 val_joint=0.72546305 time_nll=0.71718749 log_qty_mse=0.00827556 qty_mae=1.26975025
[epoch 004] backbone=titantpp seed=42 train_joint=-0.10458532 val_joint=0.13777646 time_nll=0.12992412 log_qty_mse=0.00785234 qty_mae=0.92705348
[epoch 005] backbone=titantpp seed=42 train_joint=-0.84431273 val_joint=-1.10692048 time_nll=-1.11273363 log_qty_mse=0.00581315 qty_mae=0.88218910
[epoch 006] backbone=titantpp seed=42 train_joint=-1.26687788 val_joint=-1.37576372 time_nll=-1.38137712 log_qty_mse=0.00561340 qty_mae=0.98147350
[epoch 007] backbone=titantpp seed=42 train_joint=-1.48054866 val_joint=-1.57980747 time_nll=-1.58564576 log_qty_mse=0.00583829 qty_mae=0.85621938
[epoch 008] backbone=titantpp seed=42 train_joint=-1.66510850 val_joint=-1.75157096 time_nll=-1.75665438 log_qty_mse=0.00508342 qty_mae=0.65507329
[epoch 009] backbone=titantpp seed=42 train_joint=-1.81980433 val_joint=-1.89249559 time_nll=-1.89854583 log_qty_mse=0.00605025 qty_mae=0.73420164
[epoch 010] backbone=titantpp seed=42 train_joint=-1.95135762 val_joint=-2.01342447 time_nll=-2.01974672 log_qty_mse=0.00632225 qty_mae=0.71599113
[epoch 011] backbone=titantpp seed=42 train_joint=-2.06516103 val_joint=-2.11909223 time_nll=-2.12545799 log_qty_mse=0.00636577 qty_mae=0.64928988
[epoch 012] backbone=titantpp seed=42 train_joint=-2.16503957 val_joint=-2.21238383 time_nll=-2.21928475 log_qty_mse=0.00690092 qty_mae=0.85102798
[epoch 013] backbone=titantpp seed=42 train_joint=-2.25366755 val_joint=-2.29652595 time_nll=-2.30246420 log_qty_mse=0.00593825 qty_mae=0.70837730
[epoch 014] backbone=titantpp seed=42 train_joint=-2.33300105 val_joint=-2.37215436 time_nll=-2.37744894 log_qty_mse=0.00529458 qty_mae=0.75706246
[epoch 015] backbone=titantpp seed=42 train_joint=-2.40461266 val_joint=-2.43925256 time_nll=-2.44586647 log_qty_mse=0.00661392 qty_mae=0.85710470
[epoch 016] backbone=titantpp seed=42 train_joint=-2.46974816 val_joint=-2.50127744 time_nll=-2.50766484 log_qty_mse=0.00638740 qty_mae=0.84025997
[epoch 017] backbone=titantpp seed=42 train_joint=-2.52923373 val_joint=-2.55765094 time_nll=-2.56425383 log_qty_mse=0.00660289 qty_mae=0.65066859
[epoch 018] backbone=titantpp seed=42 train_joint=-2.58385626 val_joint=-2.60939237 time_nll=-2.61633762 log_qty_mse=0.00694525 qty_mae=0.68418053
[epoch 019] backbone=titantpp seed=42 train_joint=-2.63428898 val_joint=-2.65792961 time_nll=-2.66474219 log_qty_mse=0.00681258 qty_mae=0.90644680
[epoch 020] backbone=titantpp seed=42 train_joint=-2.68088490 val_joint=-2.70272366 time_nll=-2.70899726 log_qty_mse=0.00627360 qty_mae=0.87618571
[epoch 021] backbone=titantpp seed=42 train_joint=-2.72416701 val_joint=-2.74512213 time_nll=-2.75112674 log_qty_mse=0.00600461 qty_mae=0.73301532
[epoch 022] backbone=titantpp seed=42 train_joint=-2.76455539 val_joint=-2.78421996 time_nll=-2.79009413 log_qty_mse=0.00587417 qty_mae=0.78050297
[epoch 023] backbone=titantpp seed=42 train_joint=-2.80229225 val_joint=-2.81920768 time_nll=-2.82605769 log_qty_mse=0.00685001 qty_mae=0.67502852
[epoch 024] backbone=titantpp seed=42 train_joint=-2.83756978 val_joint=-2.85427859 time_nll=-2.85989795 log_qty_mse=0.00561936 qty_mae=0.61641472
[epoch 025] backbone=titantpp seed=42 train_joint=-2.87062493 val_joint=-2.88496127 time_nll=-2.89172987 log_qty_mse=0.00676860 qty_mae=0.70919271
[epoch 026] backbone=titantpp seed=42 train_joint=-2.90173880 val_joint=-2.91573148 time_nll=-2.92208077 log_qty_mse=0.00634929 qty_mae=0.69721263
[epoch 027] backbone=titantpp seed=42 train_joint=-2.93109007 val_joint=-2.94385808 time_nll=-2.95046433 log_qty_mse=0.00660624 qty_mae=0.74289206
[epoch 028] backbone=titantpp seed=42 train_joint=-2.95883775 val_joint=-2.96963678 time_nll=-2.97681392 log_qty_mse=0.00717713 qty_mae=0.69532385
[epoch 029] backbone=titantpp seed=42 train_joint=-2.98481314 val_joint=-2.99393448 time_nll=-3.00131748 log_qty_mse=0.00738300 qty_mae=0.70603742
[epoch 030] backbone=titantpp seed=42 train_joint=-3.00976400 val_joint=-3.01919728 time_nll=-3.02527953 log_qty_mse=0.00608225 qty_mae=0.94367385
[epoch 031] backbone=titantpp seed=42 train_joint=-3.03318497 val_joint=-3.04067927 time_nll=-3.04823193 log_qty_mse=0.00755266 qty_mae=0.83881641
[epoch 032] backbone=titantpp seed=42 train_joint=-3.05538075 val_joint=-3.06166969 time_nll=-3.06909304 log_qty_mse=0.00742335 qty_mae=0.68918008
[epoch 033] backbone=titantpp seed=42 train_joint=-3.07639895 val_joint=-3.08045072 time_nll=-3.08861804 log_qty_mse=0.00816732 qty_mae=1.03522489
[epoch 034] backbone=titantpp seed=42 train_joint=-3.09648928 val_joint=-3.10136234 time_nll=-3.10846731 log_qty_mse=0.00710496 qty_mae=0.66979430
[epoch 035] backbone=titantpp seed=42 train_joint=-3.11561969 val_joint=-3.12062746 time_nll=-3.12732825 log_qty_mse=0.00670078 qty_mae=0.67350684
[epoch 036] backbone=titantpp seed=42 train_joint=-3.13386725 val_joint=-3.13878835 time_nll=-3.14497023 log_qty_mse=0.00618189 qty_mae=0.83483639
[epoch 037] backbone=titantpp seed=42 train_joint=-3.15125650 val_joint=-3.15424345 time_nll=-3.16169784 log_qty_mse=0.00745440 qty_mae=0.67612160
[epoch 038] backbone=titantpp seed=42 train_joint=-3.16768649 val_joint=-3.16984933 time_nll=-3.17775395 log_qty_mse=0.00790462 qty_mae=0.70625043
[epoch 039] backbone=titantpp seed=42 train_joint=-3.18338356 val_joint=-3.18579071 time_nll=-3.19326490 log_qty_mse=0.00747419 qty_mae=0.85658476
[epoch 040] backbone=titantpp seed=42 train_joint=-3.19835272 val_joint=-3.19983366 time_nll=-3.20704734 log_qty_mse=0.00721369 qty_mae=0.74101299
[epoch 041] backbone=titantpp seed=42 train_joint=-3.21271980 val_joint=-3.21587554 time_nll=-3.22255854 log_qty_mse=0.00668299 qty_mae=0.66049065
[epoch 042] backbone=titantpp seed=42 train_joint=-3.22648444 val_joint=-3.22830494 time_nll=-3.23540251 log_qty_mse=0.00709757 qty_mae=0.83668063
[epoch 043] backbone=titantpp seed=42 train_joint=-3.23977290 val_joint=-3.24230382 time_nll=-3.24826408 log_qty_mse=0.00596025 qty_mae=0.79895102
[epoch 044] backbone=titantpp seed=42 train_joint=-3.25249577 val_joint=-3.25327763 time_nll=-3.25986829 log_qty_mse=0.00659066 qty_mae=0.73149103
[epoch 045] backbone=titantpp seed=42 train_joint=-3.26476141 val_joint=-3.26575788 time_nll=-3.27232588 log_qty_mse=0.00656800 qty_mae=0.74435759
[epoch 046] backbone=titantpp seed=42 train_joint=-3.27653581 val_joint=-3.27617814 time_nll=-3.28388321 log_qty_mse=0.00770507 qty_mae=0.69806636
[epoch 047] backbone=titantpp seed=42 train_joint=-3.28779136 val_joint=-3.28818647 time_nll=-3.29501307 log_qty_mse=0.00682660 qty_mae=0.75119644
[epoch 048] backbone=titantpp seed=42 train_joint=-3.29863253 val_joint=-3.29770160 time_nll=-3.30494460 log_qty_mse=0.00724300 qty_mae=0.66179882
[epoch 049] backbone=titantpp seed=42 train_joint=-3.30905303 val_joint=-3.30902704 time_nll=-3.31559768 log_qty_mse=0.00657064 qty_mae=0.90956748
[epoch 050] backbone=titantpp seed=42 train_joint=-3.31902884 val_joint=-3.31769814 time_nll=-3.32392520 log_qty_mse=0.00622706 qty_mae=0.69105538
[epoch 051] backbone=titantpp seed=42 train_joint=-3.32861637 val_joint=-3.32751588 time_nll=-3.33414684 log_qty_mse=0.00663097 qty_mae=0.77373894
[epoch 052] backbone=titantpp seed=42 train_joint=-3.33783042 val_joint=-3.33591267 time_nll=-3.34333209 log_qty_mse=0.00741942 qty_mae=0.68099109
[epoch 053] backbone=titantpp seed=42 train_joint=-3.34665636 val_joint=-3.34520704 time_nll=-3.35232212 log_qty_mse=0.00711509 qty_mae=0.71234188
[epoch 054] backbone=titantpp seed=42 train_joint=-3.35515151 val_joint=-3.35297398 time_nll=-3.36023650 log_qty_mse=0.00726252 qty_mae=0.67391247
[epoch 055] backbone=titantpp seed=42 train_joint=-3.36332782 val_joint=-3.36160514 time_nll=-3.36845018 log_qty_mse=0.00684505 qty_mae=0.70571600
[epoch 056] backbone=titantpp seed=42 train_joint=-3.37120180 val_joint=-3.36859061 time_nll=-3.37591758 log_qty_mse=0.00732697 qty_mae=0.79319103
[epoch 057] backbone=titantpp seed=42 train_joint=-3.37879550 val_joint=-3.37611539 time_nll=-3.38329787 log_qty_mse=0.00718248 qty_mae=0.75028099
[epoch 058] backbone=titantpp seed=42 train_joint=-3.38602620 val_joint=-3.38311222 time_nll=-3.38989625 log_qty_mse=0.00678404 qty_mae=0.69489791
[epoch 059] backbone=titantpp seed=42 train_joint=-3.39307843 val_joint=-3.39073447 time_nll=-3.39731877 log_qty_mse=0.00658430 qty_mae=0.71129815
[epoch 060] backbone=titantpp seed=42 train_joint=-3.39982088 val_joint=-3.39590684 time_nll=-3.40324157 log_qty_mse=0.00733472 qty_mae=0.70019100
[epoch 061] backbone=titantpp seed=42 train_joint=-3.40636485 val_joint=-3.40298307 time_nll=-3.40992878 log_qty_mse=0.00694571 qty_mae=0.64189621
[epoch 062] backbone=titantpp seed=42 train_joint=-3.41258854 val_joint=-3.40867901 time_nll=-3.41614646 log_qty_mse=0.00746745 qty_mae=0.76564976
[epoch 063] backbone=titantpp seed=42 train_joint=-3.41863004 val_joint=-3.41365806 time_nll=-3.42150604 log_qty_mse=0.00784798 qty_mae=1.01959663
[epoch 064] backbone=titantpp seed=42 train_joint=-3.42447768 val_joint=-3.42146915 time_nll=-3.42811095 log_qty_mse=0.00664180 qty_mae=0.75682140
[epoch 065] backbone=titantpp seed=42 train_joint=-3.43008633 val_joint=-3.42650890 time_nll=-3.43312780 log_qty_mse=0.00661891 qty_mae=0.68440349
[epoch 066] backbone=titantpp seed=42 train_joint=-3.43549650 val_joint=-3.43066204 time_nll=-3.43805037 log_qty_mse=0.00738833 qty_mae=0.79355452
[epoch 067] backbone=titantpp seed=42 train_joint=-3.44074530 val_joint=-3.43556800 time_nll=-3.44282923 log_qty_mse=0.00726122 qty_mae=0.67650116
[epoch 068] backbone=titantpp seed=42 train_joint=-3.44575746 val_joint=-3.43991472 time_nll=-3.44800286 log_qty_mse=0.00808814 qty_mae=1.06178178
[epoch 069] backbone=titantpp seed=42 train_joint=-3.45061392 val_joint=-3.44655340 time_nll=-3.45330506 log_qty_mse=0.00675167 qty_mae=0.71255248
[epoch 070] backbone=titantpp seed=42 train_joint=-3.45530456 val_joint=-3.45046085 time_nll=-3.45765608 log_qty_mse=0.00719522 qty_mae=0.70817252
[epoch 071] backbone=titantpp seed=42 train_joint=-3.45986788 val_joint=-3.45455160 time_nll=-3.46219885 log_qty_mse=0.00764725 qty_mae=0.67316305
[epoch 072] backbone=titantpp seed=42 train_joint=-3.46418795 val_joint=-3.45931283 time_nll=-3.46650850 log_qty_mse=0.00719567 qty_mae=0.88864149
[epoch 073] backbone=titantpp seed=42 train_joint=-3.46847315 val_joint=-3.46447752 time_nll=-3.47105633 log_qty_mse=0.00657881 qty_mae=0.65947711
[epoch 074] backbone=titantpp seed=42 train_joint=-3.47249535 val_joint=-3.46760156 time_nll=-3.47463844 log_qty_mse=0.00703687 qty_mae=0.71104671
[epoch 075] backbone=titantpp seed=42 train_joint=-3.47647069 val_joint=-3.47200807 time_nll=-3.47873193 log_qty_mse=0.00672387 qty_mae=0.69564682
[epoch 076] backbone=titantpp seed=42 train_joint=-3.48022222 val_joint=-3.47424755 time_nll=-3.48150058 log_qty_mse=0.00725304 qty_mae=0.71728444
[epoch 077] backbone=titantpp seed=42 train_joint=-3.48393145 val_joint=-3.47843451 time_nll=-3.48525179 log_qty_mse=0.00681727 qty_mae=0.68965121
[epoch 078] backbone=titantpp seed=42 train_joint=-3.48746764 val_joint=-3.48207729 time_nll=-3.48918027 log_qty_mse=0.00710298 qty_mae=0.68701380
[epoch 079] backbone=titantpp seed=42 train_joint=-3.49088613 val_joint=-3.48423589 time_nll=-3.49176597 log_qty_mse=0.00753008 qty_mae=0.84356141
[epoch 080] backbone=titantpp seed=42 train_joint=-3.49424127 val_joint=-3.48902833 time_nll=-3.49600528 log_qty_mse=0.00697695 qty_mae=0.72512135
[epoch 081] backbone=titantpp seed=42 train_joint=-3.49739753 val_joint=-3.49177977 time_nll=-3.49853812 log_qty_mse=0.00675835 qty_mae=0.72178083
[epoch 082] backbone=titantpp seed=42 train_joint=-3.50051493 val_joint=-3.49555600 time_nll=-3.50233170 log_qty_mse=0.00677570 qty_mae=0.68541836
[epoch 083] backbone=titantpp seed=42 train_joint=-3.50354174 val_joint=-3.49765046 time_nll=-3.50527784 log_qty_mse=0.00762738 qty_mae=0.67602420
[epoch 084] backbone=titantpp seed=42 train_joint=-3.50638210 val_joint=-3.50058410 time_nll=-3.50753656 log_qty_mse=0.00695246 qty_mae=0.67047781
[epoch 085] backbone=titantpp seed=42 train_joint=-3.50918454 val_joint=-3.50333702 time_nll=-3.51024952 log_qty_mse=0.00691250 qty_mae=0.93234863
[epoch 086] backbone=titantpp seed=42 train_joint=-3.51190588 val_joint=-3.50502464 time_nll=-3.51360778 log_qty_mse=0.00858313 qty_mae=1.04748203
[epoch 087] backbone=titantpp seed=42 train_joint=-3.51450092 val_joint=-3.50847646 time_nll=-3.51584243 log_qty_mse=0.00736597 qty_mae=0.76109451
[epoch 088] backbone=titantpp seed=42 train_joint=-3.51702596 val_joint=-3.51011362 time_nll=-3.51708423 log_qty_mse=0.00697061 qty_mae=0.66803567
[epoch 089] backbone=titantpp seed=42 train_joint=-3.51952832 val_joint=-3.51399056 time_nll=-3.52069174 log_qty_mse=0.00670119 qty_mae=0.65257661
[epoch 090] backbone=titantpp seed=42 train_joint=-3.52184192 val_joint=-3.51357339 time_nll=-3.52246491 log_qty_mse=0.00889151 qty_mae=0.73432603
[epoch 091] backbone=titantpp seed=42 train_joint=-3.52413632 val_joint=-3.51838575 time_nll=-3.52537411 log_qty_mse=0.00698836 qty_mae=0.68860453
[epoch 092] backbone=titantpp seed=42 train_joint=-3.52638247 val_joint=-3.52070181 time_nll=-3.52799998 log_qty_mse=0.00729817 qty_mae=0.66788907
[epoch 093] backbone=titantpp seed=42 train_joint=-3.52854982 val_joint=-3.52190471 time_nll=-3.52920145 log_qty_mse=0.00729674 qty_mae=0.67165729
[epoch 094] backbone=titantpp seed=42 train_joint=-3.53056608 val_joint=-3.52443320 time_nll=-3.53151251 log_qty_mse=0.00707931 qty_mae=0.64782678
[epoch 095] backbone=titantpp seed=42 train_joint=-3.53256380 val_joint=-3.52606624 time_nll=-3.53386338 log_qty_mse=0.00779714 qty_mae=0.72724320
[epoch 096] backbone=titantpp seed=42 train_joint=-3.53456180 val_joint=-3.52877030 time_nll=-3.53570982 log_qty_mse=0.00693952 qty_mae=0.69281396
[epoch 097] backbone=titantpp seed=42 train_joint=-3.53647251 val_joint=-3.52976824 time_nll=-3.53774593 log_qty_mse=0.00797769 qty_mae=0.74991922
[epoch 098] backbone=titantpp seed=42 train_joint=-3.53823560 val_joint=-3.53097476 time_nll=-3.53900205 log_qty_mse=0.00802729 qty_mae=0.92425292
[epoch 099] backbone=titantpp seed=42 train_joint=-3.53996036 val_joint=-3.53372536 time_nll=-3.54084916 log_qty_mse=0.00712381 qty_mae=0.75200579
[epoch 100] backbone=titantpp seed=42 train_joint=-3.54170029 val_joint=-3.53480117 time_nll=-3.54251460 log_qty_mse=0.00771344 qty_mae=0.77946652
[epoch 101] backbone=titantpp seed=42 train_joint=-3.54342401 val_joint=-3.53706094 time_nll=-3.54464336 log_qty_mse=0.00758242 qty_mae=0.71981583
[epoch 102] backbone=titantpp seed=42 train_joint=-3.54499367 val_joint=-3.53813509 time_nll=-3.54534706 log_qty_mse=0.00721198 qty_mae=0.66985360
[epoch 103] backbone=titantpp seed=42 train_joint=-3.54647873 val_joint=-3.54081975 time_nll=-3.54764761 log_qty_mse=0.00682786 qty_mae=0.75023675
[epoch 104] backbone=titantpp seed=42 train_joint=-3.54793916 val_joint=-3.54123654 time_nll=-3.54898011 log_qty_mse=0.00774357 qty_mae=0.67010597
[epoch 105] backbone=titantpp seed=42 train_joint=-3.54944179 val_joint=-3.54278457 time_nll=-3.55000798 log_qty_mse=0.00722340 qty_mae=0.68834266
[epoch 106] backbone=titantpp seed=42 train_joint=-3.55088752 val_joint=-3.54637167 time_nll=-3.55273995 log_qty_mse=0.00636828 qty_mae=0.67697348
[epoch 107] backbone=titantpp seed=42 train_joint=-3.55229671 val_joint=-3.54650017 time_nll=-3.55300431 log_qty_mse=0.00650414 qty_mae=0.85952185
[epoch 108] backbone=titantpp seed=42 train_joint=-3.55352329 val_joint=-3.54832505 time_nll=-3.55452423 log_qty_mse=0.00619918 qty_mae=0.84397379
[epoch 109] backbone=titantpp seed=42 train_joint=-3.55474849 val_joint=-3.54884445 time_nll=-3.55558424 log_qty_mse=0.00673979 qty_mae=0.71034435
[epoch 110] backbone=titantpp seed=42 train_joint=-3.55598728 val_joint=-3.54948489 time_nll=-3.55694929 log_qty_mse=0.00746440 qty_mae=0.66844899
[epoch 111] backbone=titantpp seed=42 train_joint=-3.55720488 val_joint=-3.55022759 time_nll=-3.55760965 log_qty_mse=0.00738206 qty_mae=0.81546296
[epoch 112] backbone=titantpp seed=42 train_joint=-3.55841789 val_joint=-3.55288999 time_nll=-3.56000108 log_qty_mse=0.00711109 qty_mae=0.89930951
[epoch 113] backbone=titantpp seed=42 train_joint=-3.55962486 val_joint=-3.55259016 time_nll=-3.56037761 log_qty_mse=0.00778745 qty_mae=0.71479217
[epoch 114] backbone=titantpp seed=42 train_joint=-3.56065723 val_joint=-3.55321864 time_nll=-3.56076705 log_qty_mse=0.00754841 qty_mae=0.76360884
[epoch 115] backbone=titantpp seed=42 train_joint=-3.56163010 val_joint=-3.55476746 time_nll=-3.56273581 log_qty_mse=0.00796836 qty_mae=0.67182137
[epoch 116] backbone=titantpp seed=42 train_joint=-3.56260746 val_joint=-3.55728958 time_nll=-3.56419284 log_qty_mse=0.00690327 qty_mae=1.15425766
[epoch 117] backbone=titantpp seed=42 train_joint=-3.56360656 val_joint=-3.55796662 time_nll=-3.56484865 log_qty_mse=0.00688203 qty_mae=0.72653952
[epoch 118] backbone=titantpp seed=42 train_joint=-3.56454186 val_joint=-3.55774835 time_nll=-3.56555626 log_qty_mse=0.00780791 qty_mae=0.76067630
[epoch 119] backbone=titantpp seed=42 train_joint=-3.56549459 val_joint=-3.56000285 time_nll=-3.56661122 log_qty_mse=0.00660837 qty_mae=0.68176039
[epoch 120] backbone=titantpp seed=42 train_joint=-3.56647253 val_joint=-3.56016021 time_nll=-3.56693784 log_qty_mse=0.00677763 qty_mae=0.63671200
[epoch 121] backbone=titantpp seed=42 train_joint=-3.56747230 val_joint=-3.56212090 time_nll=-3.56872620 log_qty_mse=0.00660530 qty_mae=0.80530880
[epoch 122] backbone=titantpp seed=42 train_joint=-3.56824251 val_joint=-3.56026067 time_nll=-3.56915468 log_qty_mse=0.00889401 qty_mae=0.68527438
[epoch 123] backbone=titantpp seed=42 train_joint=-3.56896240 val_joint=-3.56180568 time_nll=-3.56961479 log_qty_mse=0.00780912 qty_mae=0.68738621
[epoch 124] backbone=titantpp seed=42 train_joint=-3.56969968 val_joint=-3.56408602 time_nll=-3.57105297 log_qty_mse=0.00696695 qty_mae=0.69099024
[epoch 125] backbone=titantpp seed=42 train_joint=-3.57044002 val_joint=-3.56396338 time_nll=-3.57189774 log_qty_mse=0.00793436 qty_mae=0.74670619
[epoch 126] backbone=titantpp seed=42 train_joint=-3.57115513 val_joint=-3.56408926 time_nll=-3.57225093 log_qty_mse=0.00816167 qty_mae=0.67545290
[epoch 127] backbone=titantpp seed=42 train_joint=-3.57189985 val_joint=-3.56405025 time_nll=-3.57225185 log_qty_mse=0.00820161 qty_mae=0.77877288
[epoch 128] backbone=titantpp seed=42 train_joint=-3.57260059 val_joint=-3.56668734 time_nll=-3.57381511 log_qty_mse=0.00712777 qty_mae=0.68047275
[epoch 129] backbone=titantpp seed=42 train_joint=-3.57336053 val_joint=-3.56709020 time_nll=-3.57431033 log_qty_mse=0.00722013 qty_mae=0.67348701
[epoch 130] backbone=titantpp seed=42 train_joint=-3.57404467 val_joint=-3.56817587 time_nll=-3.57494414 log_qty_mse=0.00676827 qty_mae=0.74265368
[epoch 131] backbone=titantpp seed=42 train_joint=-3.57476713 val_joint=-3.56826795 time_nll=-3.57593646 log_qty_mse=0.00766851 qty_mae=0.68929687
[epoch 132] backbone=titantpp seed=42 train_joint=-3.57546578 val_joint=-3.56853658 time_nll=-3.57509272 log_qty_mse=0.00655613 qty_mae=0.77672867
[epoch 133] backbone=titantpp seed=42 train_joint=-3.57598526 val_joint=-3.56922148 time_nll=-3.57660734 log_qty_mse=0.00738586 qty_mae=0.87729433
[epoch 134] backbone=titantpp seed=42 train_joint=-3.57648000 val_joint=-3.56949276 time_nll=-3.57746967 log_qty_mse=0.00797691 qty_mae=0.92701343
[epoch 135] backbone=titantpp seed=42 train_joint=-3.57694495 val_joint=-3.56969734 time_nll=-3.57763037 log_qty_mse=0.00793303 qty_mae=0.67131679
[epoch 136] backbone=titantpp seed=42 train_joint=-3.57741870 val_joint=-3.57136350 time_nll=-3.57855958 log_qty_mse=0.00719608 qty_mae=0.79319252
[epoch 137] backbone=titantpp seed=42 train_joint=-3.57790968 val_joint=-3.57184130 time_nll=-3.57898008 log_qty_mse=0.00713878 qty_mae=0.74172903
[epoch 138] backbone=titantpp seed=42 train_joint=-3.57839797 val_joint=-3.57272268 time_nll=-3.57897746 log_qty_mse=0.00625478 qty_mae=0.68592119
[epoch 139] backbone=titantpp seed=42 train_joint=-3.57886554 val_joint=-3.57096366 time_nll=-3.57976886 log_qty_mse=0.00880520 qty_mae=0.86930203
[epoch 140] backbone=titantpp seed=42 train_joint=-3.57936172 val_joint=-3.57356014 time_nll=-3.58092231 log_qty_mse=0.00736217 qty_mae=0.72571033
[epoch 141] backbone=titantpp seed=42 train_joint=-3.57984235 val_joint=-3.57220506 time_nll=-3.58042248 log_qty_mse=0.00821741 qty_mae=0.70464142
[epoch 142] backbone=titantpp seed=42 train_joint=-3.58030388 val_joint=-3.57354530 time_nll=-3.58143173 log_qty_mse=0.00788643 qty_mae=0.79947500
[epoch 143] backbone=titantpp seed=42 train_joint=-3.58078839 val_joint=-3.57436911 time_nll=-3.58195460 log_qty_mse=0.00758549 qty_mae=0.72046942
[epoch 144] backbone=titantpp seed=42 train_joint=-3.58125693 val_joint=-3.57436437 time_nll=-3.58262802 log_qty_mse=0.00826366 qty_mae=0.80988397
[epoch 145] backbone=titantpp seed=42 train_joint=-3.58175693 val_joint=-3.57599632 time_nll=-3.58301355 log_qty_mse=0.00701723 qty_mae=0.67383503
[epoch 146] backbone=titantpp seed=42 train_joint=-3.58222952 val_joint=-3.57511497 time_nll=-3.58351821 log_qty_mse=0.00840324 qty_mae=0.74715228
[epoch 147] backbone=titantpp seed=42 train_joint=-3.58269168 val_joint=-3.57550199 time_nll=-3.58359211 log_qty_mse=0.00809013 qty_mae=1.15345945
[epoch 148] backbone=titantpp seed=42 train_joint=-3.58316847 val_joint=-3.57632210 time_nll=-3.58400463 log_qty_mse=0.00768253 qty_mae=0.81536901
[epoch 149] backbone=titantpp seed=42 train_joint=-3.58348100 val_joint=-3.57729043 time_nll=-3.58469633 log_qty_mse=0.00740590 qty_mae=0.65680296
[epoch 150] backbone=titantpp seed=42 train_joint=-3.58374109 val_joint=-3.57618121 time_nll=-3.58460025 log_qty_mse=0.00841904 qty_mae=0.87829522
[epoch 151] backbone=titantpp seed=42 train_joint=-3.58397763 val_joint=-3.57760171 time_nll=-3.58504810 log_qty_mse=0.00744639 qty_mae=0.66737422
[epoch 152] backbone=titantpp seed=42 train_joint=-3.58420699 val_joint=-3.57591509 time_nll=-3.58373751 log_qty_mse=0.00782242 qty_mae=1.03041007
[epoch 153] backbone=titantpp seed=42 train_joint=-3.58444354 val_joint=-3.57492344 time_nll=-3.58462785 log_qty_mse=0.00970441 qty_mae=0.84222994
[epoch 154] backbone=titantpp seed=42 train_joint=-3.58467738 val_joint=-3.57826228 time_nll=-3.58587845 log_qty_mse=0.00761617 qty_mae=0.67049983
[epoch 155] backbone=titantpp seed=42 train_joint=-3.58491695 val_joint=-3.57900106 time_nll=-3.58592887 log_qty_mse=0.00692781 qty_mae=0.67255987
[epoch 156] backbone=titantpp seed=42 train_joint=-3.58513929 val_joint=-3.57884601 time_nll=-3.58616140 log_qty_mse=0.00731539 qty_mae=0.62850120
[epoch 157] backbone=titantpp seed=42 train_joint=-3.58539354 val_joint=-3.58032727 time_nll=-3.58678204 log_qty_mse=0.00645477 qty_mae=0.65456098
[epoch 158] backbone=titantpp seed=42 train_joint=-3.58561637 val_joint=-3.58027779 time_nll=-3.58708350 log_qty_mse=0.00680571 qty_mae=0.64798374
[epoch 159] backbone=titantpp seed=42 train_joint=-3.58585739 val_joint=-3.57951587 time_nll=-3.58688207 log_qty_mse=0.00736621 qty_mae=0.66964021
[epoch 160] backbone=titantpp seed=42 train_joint=-3.58612254 val_joint=-3.57974066 time_nll=-3.58691523 log_qty_mse=0.00717456 qty_mae=0.68922401
[epoch 161] backbone=titantpp seed=42 train_joint=-3.58633783 val_joint=-3.58012517 time_nll=-3.58715269 log_qty_mse=0.00702752 qty_mae=0.65651112
[epoch 162] backbone=titantpp seed=42 train_joint=-3.58660860 val_joint=-3.57918376 time_nll=-3.58729208 log_qty_mse=0.00810831 qty_mae=0.71969796
[epoch 163] backbone=titantpp seed=42 train_joint=-3.58684936 val_joint=-3.57987913 time_nll=-3.58736653 log_qty_mse=0.00748740 qty_mae=0.76516535
[epoch 164] backbone=titantpp seed=42 train_joint=-3.58707221 val_joint=-3.58139689 time_nll=-3.58844498 log_qty_mse=0.00704809 qty_mae=0.64563675
[epoch 165] backbone=titantpp seed=42 train_joint=-3.58731629 val_joint=-3.57921826 time_nll=-3.58843936 log_qty_mse=0.00922110 qty_mae=0.68670520
[epoch 166] backbone=titantpp seed=42 train_joint=-3.58754554 val_joint=-3.58079471 time_nll=-3.58879612 log_qty_mse=0.00800141 qty_mae=0.73974985
[epoch 167] backbone=titantpp seed=42 train_joint=-3.58778404 val_joint=-3.58098368 time_nll=-3.58867671 log_qty_mse=0.00769303 qty_mae=0.76184003
[epoch 168] backbone=titantpp seed=42 train_joint=-3.58802431 val_joint=-3.58158677 time_nll=-3.58906327 log_qty_mse=0.00747649 qty_mae=0.66730683
[epoch 169] backbone=titantpp seed=42 train_joint=-3.58829751 val_joint=-3.58161483 time_nll=-3.58974092 log_qty_mse=0.00812609 qty_mae=0.69190032
[epoch 170] backbone=titantpp seed=42 train_joint=-3.58852782 val_joint=-3.58094666 time_nll=-3.58881695 log_qty_mse=0.00787029 qty_mae=0.72802473
[epoch 171] backbone=titantpp seed=42 train_joint=-3.58874335 val_joint=-3.58108917 time_nll=-3.58939714 log_qty_mse=0.00830796 qty_mae=0.70238307
[epoch 172] backbone=titantpp seed=42 train_joint=-3.58896641 val_joint=-3.58239181 time_nll=-3.59008814 log_qty_mse=0.00769633 qty_mae=0.80223221
[epoch 173] backbone=titantpp seed=42 train_joint=-3.58919805 val_joint=-3.58048112 time_nll=-3.59029387 log_qty_mse=0.00981275 qty_mae=0.70827669
[epoch 174] backbone=titantpp seed=42 train_joint=-3.58946437 val_joint=-3.58237510 time_nll=-3.59085605 log_qty_mse=0.00848095 qty_mae=0.66176012
[epoch 175] backbone=titantpp seed=42 train_joint=-3.58970699 val_joint=-3.58037779 time_nll=-3.59035481 log_qty_mse=0.00997702 qty_mae=0.74751572
[epoch 176] backbone=titantpp seed=42 train_joint=-3.58992431 val_joint=-3.58311448 time_nll=-3.59041677 log_qty_mse=0.00730230 qty_mae=0.67027144
[epoch 177] backbone=titantpp seed=42 train_joint=-3.59017009 val_joint=-3.58374115 time_nll=-3.59088373 log_qty_mse=0.00714258 qty_mae=0.71553392
[epoch 178] backbone=titantpp seed=42 train_joint=-3.59040561 val_joint=-3.58345772 time_nll=-3.59147608 log_qty_mse=0.00801836 qty_mae=0.68387574
[epoch 179] backbone=titantpp seed=42 train_joint=-3.59062952 val_joint=-3.58251171 time_nll=-3.59139708 log_qty_mse=0.00888537 qty_mae=1.10688176
[epoch 180] backbone=titantpp seed=42 train_joint=-3.59087874 val_joint=-3.58465856 time_nll=-3.59240906 log_qty_mse=0.00775051 qty_mae=0.76126207
[epoch 181] backbone=titantpp seed=42 train_joint=-3.59106128 val_joint=-3.58374884 time_nll=-3.59162763 log_qty_mse=0.00787879 qty_mae=0.88758210
[epoch 182] backbone=titantpp seed=42 train_joint=-3.59106763 val_joint=-3.58249318 time_nll=-3.59207759 log_qty_mse=0.00958441 qty_mae=0.71720888
[epoch 183] backbone=titantpp seed=42 train_joint=-3.59105602 val_joint=-3.58387790 time_nll=-3.59215924 log_qty_mse=0.00828134 qty_mae=0.87043322
[epoch 184] backbone=titantpp seed=42 train_joint=-3.59103908 val_joint=-3.58474380 time_nll=-3.59243822 log_qty_mse=0.00769442 qty_mae=0.67679435
[epoch 185] backbone=titantpp seed=42 train_joint=-3.59106762 val_joint=-3.58333945 time_nll=-3.59231547 log_qty_mse=0.00897603 qty_mae=0.69160231
[epoch 186] backbone=titantpp seed=42 train_joint=-3.59106995 val_joint=-3.58409315 time_nll=-3.59241743 log_qty_mse=0.00832428 qty_mae=0.88882555
[epoch 187] backbone=titantpp seed=42 train_joint=-3.59105477 val_joint=-3.58385540 time_nll=-3.59254589 log_qty_mse=0.00869048 qty_mae=0.84006658
[epoch 188] backbone=titantpp seed=42 train_joint=-3.59106796 val_joint=-3.58183891 time_nll=-3.59211823 log_qty_mse=0.01027932 qty_mae=0.69903501
[epoch 189] backbone=titantpp seed=42 train_joint=-3.59107828 val_joint=-3.58392735 time_nll=-3.59202248 log_qty_mse=0.00809513 qty_mae=0.67818021
[epoch 190] backbone=titantpp seed=42 train_joint=-3.59106910 val_joint=-3.58406618 time_nll=-3.59221003 log_qty_mse=0.00814385 qty_mae=0.81106902
[epoch 191] backbone=titantpp seed=42 train_joint=-3.59108011 val_joint=-3.58438783 time_nll=-3.59190624 log_qty_mse=0.00751841 qty_mae=0.80096279
[epoch 192] backbone=titantpp seed=42 train_joint=-3.59106509 val_joint=-3.58420537 time_nll=-3.59274387 log_qty_mse=0.00853850 qty_mae=0.65419852
[epoch 193] backbone=titantpp seed=42 train_joint=-3.59107301 val_joint=-3.58424094 time_nll=-3.59185760 log_qty_mse=0.00761666 qty_mae=0.67474539
[epoch 194] backbone=titantpp seed=42 train_joint=-3.59106228 val_joint=-3.58532892 time_nll=-3.59254281 log_qty_mse=0.00721389 qty_mae=0.87434928
[epoch 195] backbone=titantpp seed=42 train_joint=-3.59109320 val_joint=-3.58292506 time_nll=-3.59168445 log_qty_mse=0.00875939 qty_mae=0.84670287
[epoch 196] backbone=titantpp seed=42 train_joint=-3.59107960 val_joint=-3.58413294 time_nll=-3.59219694 log_qty_mse=0.00806400 qty_mae=0.70193803
[epoch 197] backbone=titantpp seed=42 train_joint=-3.59105726 val_joint=-3.58342654 time_nll=-3.59222756 log_qty_mse=0.00880102 qty_mae=0.68784734
[epoch 198] backbone=titantpp seed=42 train_joint=-3.59106980 val_joint=-3.58458640 time_nll=-3.59185472 log_qty_mse=0.00726831 qty_mae=0.87362080
[epoch 199] backbone=titantpp seed=42 train_joint=-3.59109096 val_joint=-3.58398691 time_nll=-3.59254226 log_qty_mse=0.00855535 qty_mae=0.73882977
[epoch 200] backbone=titantpp seed=42 train_joint=-3.59105838 val_joint=-3.58570569 time_nll=-3.59285604 log_qty_mse=0.00715035 qty_mae=0.76208508
[epoch 201] backbone=titantpp seed=42 train_joint=-3.59104001 val_joint=-3.58546768 time_nll=-3.59232531 log_qty_mse=0.00685763 qty_mae=0.66855203
[epoch 202] backbone=titantpp seed=42 train_joint=-3.59111046 val_joint=-3.58500373 time_nll=-3.59266429 log_qty_mse=0.00766056 qty_mae=0.67029264
[epoch 203] backbone=titantpp seed=42 train_joint=-3.59109057 val_joint=-3.58501725 time_nll=-3.59229390 log_qty_mse=0.00727665 qty_mae=0.62258892
[epoch 204] backbone=titantpp seed=42 train_joint=-3.59110366 val_joint=-3.58330105 time_nll=-3.59233403 log_qty_mse=0.00903298 qty_mae=0.70816820
[epoch 205] backbone=titantpp seed=42 train_joint=-3.59108336 val_joint=-3.58415589 time_nll=-3.59226900 log_qty_mse=0.00811310 qty_mae=0.96867286
[epoch 206] backbone=titantpp seed=42 train_joint=-3.59109022 val_joint=-3.58513299 time_nll=-3.59251300 log_qty_mse=0.00738001 qty_mae=0.64884286
[epoch 207] backbone=titantpp seed=42 train_joint=-3.59108829 val_joint=-3.58322819 time_nll=-3.59219353 log_qty_mse=0.00896534 qty_mae=0.98909882
[epoch 208] backbone=titantpp seed=42 train_joint=-3.59106936 val_joint=-3.58464440 time_nll=-3.59221629 log_qty_mse=0.00757189 qty_mae=0.66165182
[epoch 209] backbone=titantpp seed=42 train_joint=-3.59110722 val_joint=-3.58385457 time_nll=-3.59194138 log_qty_mse=0.00808681 qty_mae=0.66313512
[epoch 210] backbone=titantpp seed=42 train_joint=-3.59112085 val_joint=-3.58501867 time_nll=-3.59279608 log_qty_mse=0.00777741 qty_mae=0.89770194
[epoch 211] backbone=titantpp seed=42 train_joint=-3.59110586 val_joint=-3.58502958 time_nll=-3.59193281 log_qty_mse=0.00690323 qty_mae=0.66877918
[epoch 212] backbone=titantpp seed=42 train_joint=-3.59109247 val_joint=-3.58483586 time_nll=-3.59241471 log_qty_mse=0.00757886 qty_mae=0.74504186
[epoch 213] backbone=titantpp seed=42 train_joint=-3.59109146 val_joint=-3.58474180 time_nll=-3.59243973 log_qty_mse=0.00769793 qty_mae=0.67813628
[epoch 214] backbone=titantpp seed=42 train_joint=-3.59111002 val_joint=-3.58509281 time_nll=-3.59258362 log_qty_mse=0.00749081 qty_mae=0.64778729
[epoch 215] backbone=titantpp seed=42 train_joint=-3.59108744 val_joint=-3.58488741 time_nll=-3.59227780 log_qty_mse=0.00739039 qty_mae=0.71824743
[epoch 216] backbone=titantpp seed=42 train_joint=-3.59111387 val_joint=-3.58386588 time_nll=-3.59184514 log_qty_mse=0.00797927 qty_mae=0.67513043
[epoch 217] backbone=titantpp seed=42 train_joint=-3.59112036 val_joint=-3.58312222 time_nll=-3.59167406 log_qty_mse=0.00855184 qty_mae=0.86254256
[epoch 218] backbone=titantpp seed=42 train_joint=-3.59110655 val_joint=-3.58417710 time_nll=-3.59215915 log_qty_mse=0.00798205 qty_mae=0.66500209
[epoch 219] backbone=titantpp seed=42 train_joint=-3.59112057 val_joint=-3.58401083 time_nll=-3.59207652 log_qty_mse=0.00806569 qty_mae=0.81652250
[epoch 220] backbone=titantpp seed=42 train_joint=-3.59113022 val_joint=-3.58379920 time_nll=-3.59183498 log_qty_mse=0.00803578 qty_mae=0.96478751
[epoch 221] backbone=titantpp seed=42 train_joint=-3.59108028 val_joint=-3.58551308 time_nll=-3.59247888 log_qty_mse=0.00696580 qty_mae=0.68258446
[epoch 222] backbone=titantpp seed=42 train_joint=-3.59114061 val_joint=-3.58487379 time_nll=-3.59209051 log_qty_mse=0.00721672 qty_mae=0.72884487
[epoch 223] backbone=titantpp seed=42 train_joint=-3.59111067 val_joint=-3.58544756 time_nll=-3.59226681 log_qty_mse=0.00681925 qty_mae=0.62403833
[epoch 224] backbone=titantpp seed=42 train_joint=-3.59113467 val_joint=-3.58515554 time_nll=-3.59250488 log_qty_mse=0.00734934 qty_mae=0.79853105
[epoch 225] backbone=titantpp seed=42 train_joint=-3.59110980 val_joint=-3.58503020 time_nll=-3.59230179 log_qty_mse=0.00727159 qty_mae=0.70444570
[epoch 226] backbone=titantpp seed=42 train_joint=-3.59113047 val_joint=-3.58316176 time_nll=-3.59208135 log_qty_mse=0.00891959 qty_mae=0.78265813
[epoch 227] backbone=titantpp seed=42 train_joint=-3.59114743 val_joint=-3.58516564 time_nll=-3.59235868 log_qty_mse=0.00719305 qty_mae=0.66963238
[epoch 228] backbone=titantpp seed=42 train_joint=-3.59113166 val_joint=-3.58365446 time_nll=-3.59218057 log_qty_mse=0.00852610 qty_mae=0.70580127
[epoch 229] backbone=titantpp seed=42 train_joint=-3.59110401 val_joint=-3.58425892 time_nll=-3.59164714 log_qty_mse=0.00738822 qty_mae=0.68505541
[epoch 230] backbone=titantpp seed=42 train_joint=-3.59114137 val_joint=-3.58282535 time_nll=-3.59155581 log_qty_mse=0.00873046 qty_mae=0.79322669
[epoch 231] backbone=titantpp seed=42 train_joint=-3.59108614 val_joint=-3.58491648 time_nll=-3.59182369 log_qty_mse=0.00690722 qty_mae=0.75813681
[epoch 232] backbone=titantpp seed=42 train_joint=-3.59112384 val_joint=-3.58397126 time_nll=-3.59178555 log_qty_mse=0.00781429 qty_mae=0.72484545
[epoch 233] backbone=titantpp seed=42 train_joint=-3.59110749 val_joint=-3.58541999 time_nll=-3.59305254 log_qty_mse=0.00763255 qty_mae=0.76335042
[epoch 234] backbone=titantpp seed=42 train_joint=-3.59110664 val_joint=-3.58414282 time_nll=-3.59204272 log_qty_mse=0.00789990 qty_mae=0.66443223
[epoch 235] backbone=titantpp seed=42 train_joint=-3.59114863 val_joint=-3.58419049 time_nll=-3.59168405 log_qty_mse=0.00749357 qty_mae=0.65534795
[epoch 236] backbone=titantpp seed=42 train_joint=-3.59114464 val_joint=-3.58442689 time_nll=-3.59208157 log_qty_mse=0.00765468 qty_mae=0.74834418
[epoch 237] backbone=titantpp seed=42 train_joint=-3.59113875 val_joint=-3.58483578 time_nll=-3.59233168 log_qty_mse=0.00749590 qty_mae=0.74827760
[epoch 238] backbone=titantpp seed=42 train_joint=-3.59113429 val_joint=-3.58352915 time_nll=-3.59196714 log_qty_mse=0.00843799 qty_mae=0.71919434
[epoch 239] backbone=titantpp seed=42 train_joint=-3.59113883 val_joint=-3.58222309 time_nll=-3.59223866 log_qty_mse=0.01001557 qty_mae=0.71876862
[epoch 240] backbone=titantpp seed=42 train_joint=-3.59113560 val_joint=-3.58377632 time_nll=-3.59172939 log_qty_mse=0.00795308 qty_mae=0.92182801
[early-stop] backbone=titantpp seed=42 current_epoch=240 best_epoch=200
[epoch 001] backbone=titantpp seed=52 train_joint=1.49502428 val_joint=0.84340721 time_nll=0.83704824 log_qty_mse=0.00635897 qty_mae=0.98506609
[epoch 002] backbone=titantpp seed=52 train_joint=0.52024625 val_joint=0.29979801 time_nll=0.29130554 log_qty_mse=0.00849247 qty_mae=1.47722882
[epoch 003] backbone=titantpp seed=52 train_joint=0.09490801 val_joint=0.32118628 time_nll=0.31328878 log_qty_mse=0.00789750 qty_mae=0.95887404
[epoch 004] backbone=titantpp seed=52 train_joint=-0.09828691 val_joint=0.19450804 time_nll=0.18646884 log_qty_mse=0.00803920 qty_mae=1.59690454
[epoch 005] backbone=titantpp seed=52 train_joint=-0.82700689 val_joint=-1.10505284 time_nll=-1.11142522 log_qty_mse=0.00637238 qty_mae=0.78241692
[epoch 006] backbone=titantpp seed=52 train_joint=-1.25996739 val_joint=-1.36856370 time_nll=-1.37400819 log_qty_mse=0.00544449 qty_mae=0.77973237
[epoch 007] backbone=titantpp seed=52 train_joint=-1.47505160 val_joint=-1.57243757 time_nll=-1.57782439 log_qty_mse=0.00538682 qty_mae=0.69722016
[epoch 008] backbone=titantpp seed=52 train_joint=-1.66049498 val_joint=-1.74574355 time_nll=-1.75190323 log_qty_mse=0.00615968 qty_mae=0.70552105
[epoch 009] backbone=titantpp seed=52 train_joint=-1.81598653 val_joint=-1.88882461 time_nll=-1.89520860 log_qty_mse=0.00638399 qty_mae=1.06338392
[epoch 010] backbone=titantpp seed=52 train_joint=-1.94814845 val_joint=-2.01099672 time_nll=-2.01655648 log_qty_mse=0.00555977 qty_mae=0.68664651
[epoch 011] backbone=titantpp seed=52 train_joint=-2.06236944 val_joint=-2.11695310 time_nll=-2.12236400 log_qty_mse=0.00541090 qty_mae=0.81640191
[epoch 012] backbone=titantpp seed=52 train_joint=-2.16255379 val_joint=-2.21034516 time_nll=-2.21574684 log_qty_mse=0.00540168 qty_mae=0.94486387
[epoch 013] backbone=titantpp seed=52 train_joint=-2.25141851 val_joint=-2.29341719 time_nll=-2.29957921 log_qty_mse=0.00616202 qty_mae=0.96760478
[epoch 014] backbone=titantpp seed=52 train_joint=-2.33099373 val_joint=-2.36906251 time_nll=-2.37487051 log_qty_mse=0.00580800 qty_mae=0.69906371
[epoch 015] backbone=titantpp seed=52 train_joint=-2.40284459 val_joint=-2.43681314 time_nll=-2.44296239 log_qty_mse=0.00614925 qty_mae=1.00166694
[epoch 016] backbone=titantpp seed=52 train_joint=-2.46807122 val_joint=-2.49976891 time_nll=-2.50536751 log_qty_mse=0.00559860 qty_mae=0.69299411
[epoch 017] backbone=titantpp seed=52 train_joint=-2.52771023 val_joint=-2.55602854 time_nll=-2.56142016 log_qty_mse=0.00539162 qty_mae=0.68592722
[epoch 018] backbone=titantpp seed=52 train_joint=-2.58244610 val_joint=-2.60790230 time_nll=-2.61434250 log_qty_mse=0.00644021 qty_mae=0.72571654
[epoch 019] backbone=titantpp seed=52 train_joint=-2.63294312 val_joint=-2.65627037 time_nll=-2.66238786 log_qty_mse=0.00611750 qty_mae=0.63620002
[epoch 020] backbone=titantpp seed=52 train_joint=-2.67966101 val_joint=-2.70176537 time_nll=-2.70737185 log_qty_mse=0.00560649 qty_mae=0.69934852
[epoch 021] backbone=titantpp seed=52 train_joint=-2.72301777 val_joint=-2.74291416 time_nll=-2.74822587 log_qty_mse=0.00531171 qty_mae=0.79254362
[epoch 022] backbone=titantpp seed=52 train_joint=-2.76348956 val_joint=-2.78110260 time_nll=-2.78766246 log_qty_mse=0.00655987 qty_mae=0.67292195
[epoch 023] backbone=titantpp seed=52 train_joint=-2.80127754 val_joint=-2.81855311 time_nll=-2.82478314 log_qty_mse=0.00623003 qty_mae=0.70474702
[epoch 024] backbone=titantpp seed=52 train_joint=-2.83663844 val_joint=-2.85146754 time_nll=-2.85791649 log_qty_mse=0.00644895 qty_mae=0.94837360
[epoch 025] backbone=titantpp seed=52 train_joint=-2.86974786 val_joint=-2.88492922 time_nll=-2.89035686 log_qty_mse=0.00542764 qty_mae=0.77159552
[epoch 026] backbone=titantpp seed=52 train_joint=-2.90092045 val_joint=-2.91379103 time_nll=-2.91982755 log_qty_mse=0.00603653 qty_mae=0.74571772
[epoch 027] backbone=titantpp seed=52 train_joint=-2.93027945 val_joint=-2.94229392 time_nll=-2.94814703 log_qty_mse=0.00585311 qty_mae=0.65605922
[epoch 028] backbone=titantpp seed=52 train_joint=-2.95809086 val_joint=-2.96941624 time_nll=-2.97523857 log_qty_mse=0.00582233 qty_mae=0.63601655
[epoch 029] backbone=titantpp seed=52 train_joint=-2.98432797 val_joint=-2.99382791 time_nll=-3.00053866 log_qty_mse=0.00671075 qty_mae=0.79937635
[epoch 030] backbone=titantpp seed=52 train_joint=-3.00909569 val_joint=-3.01873019 time_nll=-3.02508550 log_qty_mse=0.00635531 qty_mae=0.71176622
[epoch 031] backbone=titantpp seed=52 train_joint=-3.03257161 val_joint=-3.04160919 time_nll=-3.04752525 log_qty_mse=0.00591606 qty_mae=0.69985922
[epoch 032] backbone=titantpp seed=52 train_joint=-3.05479697 val_joint=-3.06193967 time_nll=-3.06808613 log_qty_mse=0.00614647 qty_mae=0.93535760
[epoch 033] backbone=titantpp seed=52 train_joint=-3.07588294 val_joint=-3.08326207 time_nll=-3.08927368 log_qty_mse=0.00601160 qty_mae=0.75171882
[epoch 034] backbone=titantpp seed=52 train_joint=-3.09599372 val_joint=-3.10316000 time_nll=-3.10891917 log_qty_mse=0.00575917 qty_mae=0.78910521
[epoch 035] backbone=titantpp seed=52 train_joint=-3.11508841 val_joint=-3.12118628 time_nll=-3.12717436 log_qty_mse=0.00598809 qty_mae=0.64478110
[epoch 036] backbone=titantpp seed=52 train_joint=-3.13328641 val_joint=-3.13826330 time_nll=-3.14471418 log_qty_mse=0.00645088 qty_mae=0.64940492
[epoch 037] backbone=titantpp seed=52 train_joint=-3.15075648 val_joint=-3.15512988 time_nll=-3.16127880 log_qty_mse=0.00614892 qty_mae=0.66265011
[epoch 038] backbone=titantpp seed=52 train_joint=-3.16726995 val_joint=-3.17133721 time_nll=-3.17728479 log_qty_mse=0.00594758 qty_mae=0.82154073
[epoch 039] backbone=titantpp seed=52 train_joint=-3.18297401 val_joint=-3.18530073 time_nll=-3.19207085 log_qty_mse=0.00677012 qty_mae=0.94168632
[epoch 040] backbone=titantpp seed=52 train_joint=-3.19798357 val_joint=-3.20066183 time_nll=-3.20668041 log_qty_mse=0.00601858 qty_mae=0.88985864
[epoch 041] backbone=titantpp seed=52 train_joint=-3.21230977 val_joint=-3.21485357 time_nll=-3.22052373 log_qty_mse=0.00567016 qty_mae=0.80369358
[epoch 042] backbone=titantpp seed=52 train_joint=-3.22617259 val_joint=-3.22815675 time_nll=-3.23368416 log_qty_mse=0.00552740 qty_mae=0.91605078
[epoch 043] backbone=titantpp seed=52 train_joint=-3.23943844 val_joint=-3.24114359 time_nll=-3.24677181 log_qty_mse=0.00562823 qty_mae=0.66471445
[epoch 044] backbone=titantpp seed=52 train_joint=-3.25220576 val_joint=-3.25432581 time_nll=-3.26031830 log_qty_mse=0.00599249 qty_mae=0.66264979
[epoch 045] backbone=titantpp seed=52 train_joint=-3.26445772 val_joint=-3.26514687 time_nll=-3.27162259 log_qty_mse=0.00647572 qty_mae=0.77194136
[epoch 046] backbone=titantpp seed=52 train_joint=-3.27616778 val_joint=-3.27676192 time_nll=-3.28272279 log_qty_mse=0.00596087 qty_mae=0.85695945
[epoch 047] backbone=titantpp seed=52 train_joint=-3.28756238 val_joint=-3.28740364 time_nll=-3.29327310 log_qty_mse=0.00586946 qty_mae=0.70147735
[epoch 048] backbone=titantpp seed=52 train_joint=-3.29829774 val_joint=-3.29754104 time_nll=-3.30384236 log_qty_mse=0.00630133 qty_mae=0.88137704
[epoch 049] backbone=titantpp seed=52 train_joint=-3.30874129 val_joint=-3.30649847 time_nll=-3.31351622 log_qty_mse=0.00701775 qty_mae=0.75338038
[epoch 050] backbone=titantpp seed=52 train_joint=-3.31877913 val_joint=-3.31722960 time_nll=-3.32297821 log_qty_mse=0.00574861 qty_mae=0.63329844
[epoch 051] backbone=titantpp seed=52 train_joint=-3.32837771 val_joint=-3.32628466 time_nll=-3.33279091 log_qty_mse=0.00650625 qty_mae=0.75508228
[epoch 052] backbone=titantpp seed=52 train_joint=-3.33761327 val_joint=-3.33592107 time_nll=-3.34221499 log_qty_mse=0.00629392 qty_mae=0.78705481
[epoch 053] backbone=titantpp seed=52 train_joint=-3.34646030 val_joint=-3.34448797 time_nll=-3.35030837 log_qty_mse=0.00582040 qty_mae=0.82210211
[epoch 054] backbone=titantpp seed=52 train_joint=-3.35498682 val_joint=-3.35283510 time_nll=-3.35900785 log_qty_mse=0.00617275 qty_mae=0.62814488
[epoch 055] backbone=titantpp seed=52 train_joint=-3.36314212 val_joint=-3.36059127 time_nll=-3.36708239 log_qty_mse=0.00649112 qty_mae=0.90248522
[epoch 056] backbone=titantpp seed=52 train_joint=-3.37104090 val_joint=-3.36882449 time_nll=-3.37491407 log_qty_mse=0.00608958 qty_mae=0.91595524
[epoch 057] backbone=titantpp seed=52 train_joint=-3.37860473 val_joint=-3.37588667 time_nll=-3.38195921 log_qty_mse=0.00607254 qty_mae=0.73246069
[epoch 058] backbone=titantpp seed=52 train_joint=-3.38589236 val_joint=-3.38294715 time_nll=-3.38916783 log_qty_mse=0.00622068 qty_mae=0.77621454
[epoch 059] backbone=titantpp seed=52 train_joint=-3.39291851 val_joint=-3.38994400 time_nll=-3.39608482 log_qty_mse=0.00614082 qty_mae=0.69512217
[epoch 060] backbone=titantpp seed=52 train_joint=-3.39967877 val_joint=-3.39681463 time_nll=-3.40290011 log_qty_mse=0.00608548 qty_mae=0.67624733
[epoch 061] backbone=titantpp seed=52 train_joint=-3.40620383 val_joint=-3.40274998 time_nll=-3.40921045 log_qty_mse=0.00646047 qty_mae=0.86090710
[epoch 062] backbone=titantpp seed=52 train_joint=-3.41247566 val_joint=-3.40997749 time_nll=-3.41595038 log_qty_mse=0.00597290 qty_mae=0.65943308
[epoch 063] backbone=titantpp seed=52 train_joint=-3.41851989 val_joint=-3.41579930 time_nll=-3.42171203 log_qty_mse=0.00591272 qty_mae=0.69116271
[epoch 064] backbone=titantpp seed=52 train_joint=-3.42437731 val_joint=-3.42083538 time_nll=-3.42711567 log_qty_mse=0.00628029 qty_mae=0.86628457
[epoch 065] backbone=titantpp seed=52 train_joint=-3.42995090 val_joint=-3.42617861 time_nll=-3.43277422 log_qty_mse=0.00659561 qty_mae=0.66730379
[epoch 066] backbone=titantpp seed=52 train_joint=-3.43539900 val_joint=-3.43333984 time_nll=-3.43908382 log_qty_mse=0.00574398 qty_mae=0.68775563
[epoch 067] backbone=titantpp seed=52 train_joint=-3.44065054 val_joint=-3.43758510 time_nll=-3.44347624 log_qty_mse=0.00589114 qty_mae=0.63288021
[epoch 068] backbone=titantpp seed=52 train_joint=-3.44564202 val_joint=-3.44167235 time_nll=-3.44854028 log_qty_mse=0.00686793 qty_mae=1.00675748
[epoch 069] backbone=titantpp seed=52 train_joint=-3.45053821 val_joint=-3.44741331 time_nll=-3.45363477 log_qty_mse=0.00622146 qty_mae=0.70097208
[epoch 070] backbone=titantpp seed=52 train_joint=-3.45520675 val_joint=-3.45159714 time_nll=-3.45830694 log_qty_mse=0.00670980 qty_mae=0.68773598
[epoch 071] backbone=titantpp seed=52 train_joint=-3.45977236 val_joint=-3.45638909 time_nll=-3.46261948 log_qty_mse=0.00623039 qty_mae=0.72751921
[epoch 072] backbone=titantpp seed=52 train_joint=-3.46407466 val_joint=-3.46032256 time_nll=-3.46681050 log_qty_mse=0.00648793 qty_mae=0.67979860
[epoch 073] backbone=titantpp seed=52 train_joint=-3.46836732 val_joint=-3.46510115 time_nll=-3.47174962 log_qty_mse=0.00664846 qty_mae=0.76857882
[epoch 074] backbone=titantpp seed=52 train_joint=-3.47242248 val_joint=-3.46890330 time_nll=-3.47502328 log_qty_mse=0.00611998 qty_mae=0.73433939
[epoch 075] backbone=titantpp seed=52 train_joint=-3.47640239 val_joint=-3.47339909 time_nll=-3.47959581 log_qty_mse=0.00619672 qty_mae=0.83962856
[epoch 076] backbone=titantpp seed=52 train_joint=-3.48015953 val_joint=-3.47629611 time_nll=-3.48297071 log_qty_mse=0.00667460 qty_mae=0.70914527
[epoch 077] backbone=titantpp seed=52 train_joint=-3.48386537 val_joint=-3.47919149 time_nll=-3.48605302 log_qty_mse=0.00686154 qty_mae=0.75817632
[epoch 078] backbone=titantpp seed=52 train_joint=-3.48737926 val_joint=-3.48401053 time_nll=-3.48979965 log_qty_mse=0.00578912 qty_mae=0.63210951
[epoch 079] backbone=titantpp seed=52 train_joint=-3.49083341 val_joint=-3.48784665 time_nll=-3.49394727 log_qty_mse=0.00610063 qty_mae=0.71637120
[epoch 080] backbone=titantpp seed=52 train_joint=-3.49420507 val_joint=-3.49005961 time_nll=-3.49630519 log_qty_mse=0.00624558 qty_mae=0.65146255
[epoch 081] backbone=titantpp seed=52 train_joint=-3.49735713 val_joint=-3.49379627 time_nll=-3.49975297 log_qty_mse=0.00595670 qty_mae=0.85792169
[epoch 082] backbone=titantpp seed=52 train_joint=-3.50047278 val_joint=-3.49463172 time_nll=-3.50257965 log_qty_mse=0.00794793 qty_mae=0.75048933
[epoch 083] backbone=titantpp seed=52 train_joint=-3.50352355 val_joint=-3.49971545 time_nll=-3.50599293 log_qty_mse=0.00627748 qty_mae=0.64436183
[epoch 084] backbone=titantpp seed=52 train_joint=-3.50633687 val_joint=-3.50163913 time_nll=-3.50792490 log_qty_mse=0.00628577 qty_mae=0.74017953
[epoch 085] backbone=titantpp seed=52 train_joint=-3.50914556 val_joint=-3.50488629 time_nll=-3.51135122 log_qty_mse=0.00646493 qty_mae=0.69766651
[epoch 086] backbone=titantpp seed=52 train_joint=-3.51190016 val_joint=-3.50747080 time_nll=-3.51388478 log_qty_mse=0.00641398 qty_mae=0.70348524
[epoch 087] backbone=titantpp seed=52 train_joint=-3.51442802 val_joint=-3.50933610 time_nll=-3.51622070 log_qty_mse=0.00688460 qty_mae=0.89716925
[epoch 088] backbone=titantpp seed=52 train_joint=-3.51701023 val_joint=-3.51223070 time_nll=-3.51847549 log_qty_mse=0.00624479 qty_mae=1.08404335
[epoch 089] backbone=titantpp seed=52 train_joint=-3.51953202 val_joint=-3.51552077 time_nll=-3.52162536 log_qty_mse=0.00610459 qty_mae=0.65340557
[epoch 090] backbone=titantpp seed=52 train_joint=-3.52181438 val_joint=-3.51776488 time_nll=-3.52442963 log_qty_mse=0.00666475 qty_mae=0.79910034
[epoch 091] backbone=titantpp seed=52 train_joint=-3.52408967 val_joint=-3.51921619 time_nll=-3.52606663 log_qty_mse=0.00685044 qty_mae=0.67819843
[epoch 092] backbone=titantpp seed=52 train_joint=-3.52638756 val_joint=-3.52131866 time_nll=-3.52823722 log_qty_mse=0.00691856 qty_mae=0.67472106
[epoch 093] backbone=titantpp seed=52 train_joint=-3.52851834 val_joint=-3.52389693 time_nll=-3.53019522 log_qty_mse=0.00629830 qty_mae=1.05507038
[epoch 094] backbone=titantpp seed=52 train_joint=-3.53056438 val_joint=-3.52596931 time_nll=-3.53201917 log_qty_mse=0.00604986 qty_mae=0.75424762
[epoch 095] backbone=titantpp seed=52 train_joint=-3.53254448 val_joint=-3.52775078 time_nll=-3.53438359 log_qty_mse=0.00663280 qty_mae=0.69419934
[epoch 096] backbone=titantpp seed=52 train_joint=-3.53455734 val_joint=-3.53040286 time_nll=-3.53638502 log_qty_mse=0.00598217 qty_mae=0.68660391
[epoch 097] backbone=titantpp seed=52 train_joint=-3.53646220 val_joint=-3.53111001 time_nll=-3.53772103 log_qty_mse=0.00661103 qty_mae=0.81939408
[epoch 098] backbone=titantpp seed=52 train_joint=-3.53821323 val_joint=-3.53289023 time_nll=-3.53976394 log_qty_mse=0.00687372 qty_mae=1.39399126
[epoch 099] backbone=titantpp seed=52 train_joint=-3.53993484 val_joint=-3.53554871 time_nll=-3.54198364 log_qty_mse=0.00643493 qty_mae=0.87193062
[epoch 100] backbone=titantpp seed=52 train_joint=-3.54171904 val_joint=-3.53677035 time_nll=-3.54329479 log_qty_mse=0.00652444 qty_mae=0.73794987
[epoch 101] backbone=titantpp seed=52 train_joint=-3.54345363 val_joint=-3.53846243 time_nll=-3.54545626 log_qty_mse=0.00699383 qty_mae=0.80612761
[epoch 102] backbone=titantpp seed=52 train_joint=-3.54497053 val_joint=-3.54029266 time_nll=-3.54642437 log_qty_mse=0.00613171 qty_mae=0.71001895
[epoch 103] backbone=titantpp seed=52 train_joint=-3.54647425 val_joint=-3.54162731 time_nll=-3.54865601 log_qty_mse=0.00702870 qty_mae=0.90338527
[epoch 104] backbone=titantpp seed=52 train_joint=-3.54793559 val_joint=-3.54243073 time_nll=-3.54914480 log_qty_mse=0.00671407 qty_mae=0.89435213
[epoch 105] backbone=titantpp seed=52 train_joint=-3.54941672 val_joint=-3.54510049 time_nll=-3.55155246 log_qty_mse=0.00645196 qty_mae=0.66735311
[epoch 106] backbone=titantpp seed=52 train_joint=-3.55089967 val_joint=-3.54606335 time_nll=-3.55247285 log_qty_mse=0.00640950 qty_mae=0.72239671
[epoch 107] backbone=titantpp seed=52 train_joint=-3.55230803 val_joint=-3.54763285 time_nll=-3.55371123 log_qty_mse=0.00607838 qty_mae=0.72914486
[epoch 108] backbone=titantpp seed=52 train_joint=-3.55353050 val_joint=-3.54913851 time_nll=-3.55517677 log_qty_mse=0.00603826 qty_mae=0.78308923
[epoch 109] backbone=titantpp seed=52 train_joint=-3.55475173 val_joint=-3.54958918 time_nll=-3.55616237 log_qty_mse=0.00657319 qty_mae=0.67697400
[epoch 110] backbone=titantpp seed=52 train_joint=-3.55596570 val_joint=-3.55201548 time_nll=-3.55823186 log_qty_mse=0.00621638 qty_mae=0.74431308
[epoch 111] backbone=titantpp seed=52 train_joint=-3.55718689 val_joint=-3.55173574 time_nll=-3.55920824 log_qty_mse=0.00747251 qty_mae=0.66613542
[epoch 112] backbone=titantpp seed=52 train_joint=-3.55843963 val_joint=-3.55258850 time_nll=-3.55970834 log_qty_mse=0.00711984 qty_mae=0.65771130
[epoch 113] backbone=titantpp seed=52 train_joint=-3.55963217 val_joint=-3.55546396 time_nll=-3.56170653 log_qty_mse=0.00624257 qty_mae=0.75964576
[epoch 114] backbone=titantpp seed=52 train_joint=-3.56063969 val_joint=-3.55603537 time_nll=-3.56261697 log_qty_mse=0.00658161 qty_mae=0.69147718
[epoch 115] backbone=titantpp seed=52 train_joint=-3.56164158 val_joint=-3.55619431 time_nll=-3.56310146 log_qty_mse=0.00690715 qty_mae=0.65758049
[epoch 116] backbone=titantpp seed=52 train_joint=-3.56262002 val_joint=-3.55702777 time_nll=-3.56377378 log_qty_mse=0.00674601 qty_mae=0.75469399
[epoch 117] backbone=titantpp seed=52 train_joint=-3.56356378 val_joint=-3.55686125 time_nll=-3.56389300 log_qty_mse=0.00703175 qty_mae=0.65893815
[epoch 118] backbone=titantpp seed=52 train_joint=-3.56455799 val_joint=-3.55955133 time_nll=-3.56615109 log_qty_mse=0.00659976 qty_mae=0.72003547
[epoch 119] backbone=titantpp seed=52 train_joint=-3.56551126 val_joint=-3.56147626 time_nll=-3.56781674 log_qty_mse=0.00634048 qty_mae=0.74194624
[epoch 120] backbone=titantpp seed=52 train_joint=-3.56650446 val_joint=-3.56148953 time_nll=-3.56783097 log_qty_mse=0.00634143 qty_mae=0.73141026
[epoch 121] backbone=titantpp seed=52 train_joint=-3.56749227 val_joint=-3.56255258 time_nll=-3.56915566 log_qty_mse=0.00660307 qty_mae=0.81785816
[epoch 122] backbone=titantpp seed=52 train_joint=-3.56824064 val_joint=-3.56345886 time_nll=-3.57004727 log_qty_mse=0.00658841 qty_mae=0.67022101
[epoch 123] backbone=titantpp seed=52 train_joint=-3.56898414 val_joint=-3.56408625 time_nll=-3.57036164 log_qty_mse=0.00627539 qty_mae=0.81566651
[epoch 124] backbone=titantpp seed=52 train_joint=-3.56975206 val_joint=-3.56349130 time_nll=-3.57072861 log_qty_mse=0.00723731 qty_mae=1.18345508
[epoch 125] backbone=titantpp seed=52 train_joint=-3.57045234 val_joint=-3.56547175 time_nll=-3.57228165 log_qty_mse=0.00680990 qty_mae=0.67354368
[epoch 126] backbone=titantpp seed=52 train_joint=-3.57116954 val_joint=-3.56615859 time_nll=-3.57270410 log_qty_mse=0.00654552 qty_mae=0.71595635
[epoch 127] backbone=titantpp seed=52 train_joint=-3.57189766 val_joint=-3.56682824 time_nll=-3.57301123 log_qty_mse=0.00618299 qty_mae=0.69865340
[epoch 128] backbone=titantpp seed=52 train_joint=-3.57260957 val_joint=-3.56625382 time_nll=-3.57377922 log_qty_mse=0.00752541 qty_mae=0.96823134
[epoch 129] backbone=titantpp seed=52 train_joint=-3.57333985 val_joint=-3.56852167 time_nll=-3.57483462 log_qty_mse=0.00631295 qty_mae=0.70409133
[epoch 130] backbone=titantpp seed=52 train_joint=-3.57409374 val_joint=-3.56944163 time_nll=-3.57584562 log_qty_mse=0.00640399 qty_mae=0.72715890
[epoch 131] backbone=titantpp seed=52 train_joint=-3.57476927 val_joint=-3.56945291 time_nll=-3.57632867 log_qty_mse=0.00687576 qty_mae=0.69300472
[epoch 132] backbone=titantpp seed=52 train_joint=-3.57547712 val_joint=-3.56977513 time_nll=-3.57647451 log_qty_mse=0.00669938 qty_mae=0.69742638
[epoch 133] backbone=titantpp seed=52 train_joint=-3.57600001 val_joint=-3.56972378 time_nll=-3.57697200 log_qty_mse=0.00724822 qty_mae=0.68094110
[epoch 134] backbone=titantpp seed=52 train_joint=-3.57650394 val_joint=-3.57209347 time_nll=-3.57819143 log_qty_mse=0.00609796 qty_mae=0.76591342
[epoch 135] backbone=titantpp seed=52 train_joint=-3.57696145 val_joint=-3.57251929 time_nll=-3.57853996 log_qty_mse=0.00602067 qty_mae=0.91296936
[epoch 136] backbone=titantpp seed=52 train_joint=-3.57743201 val_joint=-3.57096072 time_nll=-3.57802095 log_qty_mse=0.00706024 qty_mae=0.82383604
[epoch 137] backbone=titantpp seed=52 train_joint=-3.57792415 val_joint=-3.57323894 time_nll=-3.57937621 log_qty_mse=0.00613727 qty_mae=0.62040251
[epoch 138] backbone=titantpp seed=52 train_joint=-3.57841879 val_joint=-3.57329442 time_nll=-3.57969531 log_qty_mse=0.00640089 qty_mae=0.73975708
[epoch 139] backbone=titantpp seed=52 train_joint=-3.57886483 val_joint=-3.57384273 time_nll=-3.58036006 log_qty_mse=0.00651734 qty_mae=0.69103788
[epoch 140] backbone=titantpp seed=52 train_joint=-3.57936911 val_joint=-3.57341236 time_nll=-3.58030554 log_qty_mse=0.00689318 qty_mae=0.62332887
[epoch 141] backbone=titantpp seed=52 train_joint=-3.57984133 val_joint=-3.57487473 time_nll=-3.58120976 log_qty_mse=0.00633503 qty_mae=0.67702223
[epoch 142] backbone=titantpp seed=52 train_joint=-3.58032071 val_joint=-3.57462917 time_nll=-3.58130461 log_qty_mse=0.00667544 qty_mae=0.73597153
[epoch 143] backbone=titantpp seed=52 train_joint=-3.58080841 val_joint=-3.57583629 time_nll=-3.58252198 log_qty_mse=0.00668569 qty_mae=0.71749547
[epoch 144] backbone=titantpp seed=52 train_joint=-3.58125769 val_joint=-3.57610179 time_nll=-3.58255005 log_qty_mse=0.00644826 qty_mae=0.67871217
[epoch 145] backbone=titantpp seed=52 train_joint=-3.58174876 val_joint=-3.57641722 time_nll=-3.58265721 log_qty_mse=0.00623999 qty_mae=0.66636738
[epoch 146] backbone=titantpp seed=52 train_joint=-3.58222342 val_joint=-3.57676506 time_nll=-3.58345276 log_qty_mse=0.00668770 qty_mae=0.65587533
[epoch 147] backbone=titantpp seed=52 train_joint=-3.58268350 val_joint=-3.57772208 time_nll=-3.58449520 log_qty_mse=0.00677312 qty_mae=1.07235666
[epoch 148] backbone=titantpp seed=52 train_joint=-3.58320485 val_joint=-3.57789800 time_nll=-3.58488130 log_qty_mse=0.00698330 qty_mae=0.83063369
[epoch 149] backbone=titantpp seed=52 train_joint=-3.58354661 val_joint=-3.57804590 time_nll=-3.58486518 log_qty_mse=0.00681928 qty_mae=0.66251504
[epoch 150] backbone=titantpp seed=52 train_joint=-3.58374707 val_joint=-3.57847521 time_nll=-3.58550921 log_qty_mse=0.00703400 qty_mae=0.67195501
[epoch 151] backbone=titantpp seed=52 train_joint=-3.58399461 val_joint=-3.57870954 time_nll=-3.58536719 log_qty_mse=0.00665765 qty_mae=0.77121778
[epoch 152] backbone=titantpp seed=52 train_joint=-3.58423746 val_joint=-3.57980217 time_nll=-3.58635903 log_qty_mse=0.00655686 qty_mae=0.68352934
[epoch 153] backbone=titantpp seed=52 train_joint=-3.58448501 val_joint=-3.57952007 time_nll=-3.58615320 log_qty_mse=0.00663314 qty_mae=0.74350632
[epoch 154] backbone=titantpp seed=52 train_joint=-3.58469509 val_joint=-3.58039789 time_nll=-3.58632965 log_qty_mse=0.00593176 qty_mae=0.78129421
[epoch 155] backbone=titantpp seed=52 train_joint=-3.58495771 val_joint=-3.57993141 time_nll=-3.58615683 log_qty_mse=0.00622543 qty_mae=0.68013082
[epoch 156] backbone=titantpp seed=52 train_joint=-3.58519181 val_joint=-3.57987793 time_nll=-3.58655486 log_qty_mse=0.00667694 qty_mae=0.67034654
[epoch 157] backbone=titantpp seed=52 train_joint=-3.58542257 val_joint=-3.58028815 time_nll=-3.58662182 log_qty_mse=0.00633367 qty_mae=0.69485454
[epoch 158] backbone=titantpp seed=52 train_joint=-3.58567399 val_joint=-3.58006844 time_nll=-3.58675026 log_qty_mse=0.00668182 qty_mae=0.69403787
[epoch 159] backbone=titantpp seed=52 train_joint=-3.58592153 val_joint=-3.58020727 time_nll=-3.58716930 log_qty_mse=0.00696203 qty_mae=0.69999656
[epoch 160] backbone=titantpp seed=52 train_joint=-3.58614418 val_joint=-3.58018733 time_nll=-3.58705147 log_qty_mse=0.00686414 qty_mae=0.84460116
[epoch 161] backbone=titantpp seed=52 train_joint=-3.58637824 val_joint=-3.58104225 time_nll=-3.58704692 log_qty_mse=0.00600467 qty_mae=0.71940390
[epoch 162] backbone=titantpp seed=52 train_joint=-3.58662789 val_joint=-3.58228119 time_nll=-3.58824150 log_qty_mse=0.00596031 qty_mae=0.75682264
[epoch 163] backbone=titantpp seed=52 train_joint=-3.58688174 val_joint=-3.58165105 time_nll=-3.58796918 log_qty_mse=0.00631814 qty_mae=0.88672065
[epoch 164] backbone=titantpp seed=52 train_joint=-3.58710326 val_joint=-3.58105858 time_nll=-3.58850789 log_qty_mse=0.00744931 qty_mae=0.69778142
[epoch 165] backbone=titantpp seed=52 train_joint=-3.58734596 val_joint=-3.58243322 time_nll=-3.58908661 log_qty_mse=0.00665339 qty_mae=0.73274050
[epoch 166] backbone=titantpp seed=52 train_joint=-3.58759116 val_joint=-3.58145572 time_nll=-3.58839603 log_qty_mse=0.00694031 qty_mae=0.95141228
[epoch 167] backbone=titantpp seed=52 train_joint=-3.58781995 val_joint=-3.58277974 time_nll=-3.58929118 log_qty_mse=0.00651144 qty_mae=0.76006461
[epoch 168] backbone=titantpp seed=52 train_joint=-3.58801843 val_joint=-3.58185518 time_nll=-3.58983866 log_qty_mse=0.00798349 qty_mae=0.79044528
[epoch 169] backbone=titantpp seed=52 train_joint=-3.58830178 val_joint=-3.58351845 time_nll=-3.59011003 log_qty_mse=0.00659159 qty_mae=0.70407807
[epoch 170] backbone=titantpp seed=52 train_joint=-3.58853404 val_joint=-3.58335223 time_nll=-3.58975360 log_qty_mse=0.00640137 qty_mae=0.64926153
[epoch 171] backbone=titantpp seed=52 train_joint=-3.58877746 val_joint=-3.58348567 time_nll=-3.59028274 log_qty_mse=0.00679706 qty_mae=0.68519615
[epoch 172] backbone=titantpp seed=52 train_joint=-3.58901163 val_joint=-3.58411225 time_nll=-3.59073397 log_qty_mse=0.00662171 qty_mae=0.78411450
[epoch 173] backbone=titantpp seed=52 train_joint=-3.58925631 val_joint=-3.58406128 time_nll=-3.59101871 log_qty_mse=0.00695743 qty_mae=0.94116624
[epoch 174] backbone=titantpp seed=52 train_joint=-3.58951516 val_joint=-3.58398454 time_nll=-3.59117376 log_qty_mse=0.00718922 qty_mae=0.68577878
[epoch 175] backbone=titantpp seed=52 train_joint=-3.58973786 val_joint=-3.58432039 time_nll=-3.59174419 log_qty_mse=0.00742380 qty_mae=1.06719149
[epoch 176] backbone=titantpp seed=52 train_joint=-3.58993382 val_joint=-3.58422034 time_nll=-3.59126261 log_qty_mse=0.00704227 qty_mae=0.73353339
[epoch 177] backbone=titantpp seed=52 train_joint=-3.59018200 val_joint=-3.58511943 time_nll=-3.59187517 log_qty_mse=0.00675574 qty_mae=0.65975797
[epoch 178] backbone=titantpp seed=52 train_joint=-3.59044140 val_joint=-3.58454343 time_nll=-3.59124892 log_qty_mse=0.00670549 qty_mae=0.71022950
[epoch 179] backbone=titantpp seed=52 train_joint=-3.59067876 val_joint=-3.58622746 time_nll=-3.59306159 log_qty_mse=0.00683413 qty_mae=0.64614491
[epoch 180] backbone=titantpp seed=52 train_joint=-3.59091703 val_joint=-3.58540147 time_nll=-3.59263873 log_qty_mse=0.00723725 qty_mae=0.79758170
[epoch 181] backbone=titantpp seed=52 train_joint=-3.59110891 val_joint=-3.58522446 time_nll=-3.59198757 log_qty_mse=0.00676311 qty_mae=0.73745064
[epoch 182] backbone=titantpp seed=52 train_joint=-3.59107786 val_joint=-3.58580970 time_nll=-3.59270401 log_qty_mse=0.00689431 qty_mae=0.72571883
[epoch 183] backbone=titantpp seed=52 train_joint=-3.59109220 val_joint=-3.58639046 time_nll=-3.59277668 log_qty_mse=0.00638622 qty_mae=0.62617764
[epoch 184] backbone=titantpp seed=52 train_joint=-3.59109883 val_joint=-3.58636434 time_nll=-3.59290475 log_qty_mse=0.00654041 qty_mae=0.72666044
[epoch 185] backbone=titantpp seed=52 train_joint=-3.59109940 val_joint=-3.58647134 time_nll=-3.59294283 log_qty_mse=0.00647149 qty_mae=0.70930270
[epoch 186] backbone=titantpp seed=52 train_joint=-3.59109645 val_joint=-3.58591410 time_nll=-3.59296962 log_qty_mse=0.00705552 qty_mae=0.69126444
[epoch 187] backbone=titantpp seed=52 train_joint=-3.59111546 val_joint=-3.58610041 time_nll=-3.59273561 log_qty_mse=0.00663520 qty_mae=0.66196422
[epoch 188] backbone=titantpp seed=52 train_joint=-3.59111142 val_joint=-3.58494644 time_nll=-3.59229125 log_qty_mse=0.00734481 qty_mae=0.80231050
[epoch 189] backbone=titantpp seed=52 train_joint=-3.59109996 val_joint=-3.58643883 time_nll=-3.59339711 log_qty_mse=0.00695827 qty_mae=0.66855173
[epoch 190] backbone=titantpp seed=52 train_joint=-3.59108464 val_joint=-3.58524911 time_nll=-3.59207642 log_qty_mse=0.00682731 qty_mae=0.75481083
[epoch 191] backbone=titantpp seed=52 train_joint=-3.59112148 val_joint=-3.58621371 time_nll=-3.59281782 log_qty_mse=0.00660411 qty_mae=0.64412567
[epoch 192] backbone=titantpp seed=52 train_joint=-3.59112955 val_joint=-3.58501514 time_nll=-3.59199736 log_qty_mse=0.00698223 qty_mae=0.74019134
[epoch 193] backbone=titantpp seed=52 train_joint=-3.59112044 val_joint=-3.58589942 time_nll=-3.59305072 log_qty_mse=0.00715130 qty_mae=0.69816917
[epoch 194] backbone=titantpp seed=52 train_joint=-3.59109968 val_joint=-3.58614019 time_nll=-3.59279248 log_qty_mse=0.00665229 qty_mae=0.74318272
[epoch 195] backbone=titantpp seed=52 train_joint=-3.59114392 val_joint=-3.58662549 time_nll=-3.59294031 log_qty_mse=0.00631482 qty_mae=0.69187689
[epoch 196] backbone=titantpp seed=52 train_joint=-3.59110543 val_joint=-3.58511849 time_nll=-3.59314392 log_qty_mse=0.00802544 qty_mae=0.70261961
[epoch 197] backbone=titantpp seed=52 train_joint=-3.59113452 val_joint=-3.58614547 time_nll=-3.59308465 log_qty_mse=0.00693918 qty_mae=0.71163726
[epoch 198] backbone=titantpp seed=52 train_joint=-3.59112374 val_joint=-3.58675547 time_nll=-3.59346370 log_qty_mse=0.00670823 qty_mae=0.88496349
[epoch 199] backbone=titantpp seed=52 train_joint=-3.59111642 val_joint=-3.58575727 time_nll=-3.59276964 log_qty_mse=0.00701237 qty_mae=0.74073581
[epoch 200] backbone=titantpp seed=52 train_joint=-3.59102990 val_joint=-3.58619337 time_nll=-3.59287791 log_qty_mse=0.00668454 qty_mae=0.71671001
[epoch 201] backbone=titantpp seed=52 train_joint=-3.59109877 val_joint=-3.58582414 time_nll=-3.59288199 log_qty_mse=0.00705785 qty_mae=0.79144805
[epoch 202] backbone=titantpp seed=52 train_joint=-3.59111609 val_joint=-3.58744798 time_nll=-3.59382113 log_qty_mse=0.00637315 qty_mae=0.67209655
[epoch 203] backbone=titantpp seed=52 train_joint=-3.59114269 val_joint=-3.58611200 time_nll=-3.59343307 log_qty_mse=0.00732107 qty_mae=0.82203111
[epoch 204] backbone=titantpp seed=52 train_joint=-3.59112864 val_joint=-3.58678897 time_nll=-3.59339548 log_qty_mse=0.00660651 qty_mae=0.77322368
[epoch 205] backbone=titantpp seed=52 train_joint=-3.59111470 val_joint=-3.58665761 time_nll=-3.59319004 log_qty_mse=0.00653243 qty_mae=0.66090238
[epoch 206] backbone=titantpp seed=52 train_joint=-3.59114695 val_joint=-3.58720821 time_nll=-3.59351871 log_qty_mse=0.00631050 qty_mae=0.63531293
[epoch 207] backbone=titantpp seed=52 train_joint=-3.59115059 val_joint=-3.58592228 time_nll=-3.59282735 log_qty_mse=0.00690507 qty_mae=0.82355902
[epoch 208] backbone=titantpp seed=52 train_joint=-3.59113813 val_joint=-3.58477450 time_nll=-3.59221869 log_qty_mse=0.00744418 qty_mae=0.70328960
[epoch 209] backbone=titantpp seed=52 train_joint=-3.59112413 val_joint=-3.58644584 time_nll=-3.59261638 log_qty_mse=0.00617054 qty_mae=0.81334524
[epoch 210] backbone=titantpp seed=52 train_joint=-3.59115134 val_joint=-3.58646409 time_nll=-3.59281868 log_qty_mse=0.00635459 qty_mae=0.66245009
[epoch 211] backbone=titantpp seed=52 train_joint=-3.59115324 val_joint=-3.58497519 time_nll=-3.59257999 log_qty_mse=0.00760480 qty_mae=0.68503184
[epoch 212] backbone=titantpp seed=52 train_joint=-3.59113555 val_joint=-3.58465966 time_nll=-3.59283162 log_qty_mse=0.00817195 qty_mae=1.22842502
[epoch 213] backbone=titantpp seed=52 train_joint=-3.59112999 val_joint=-3.58673131 time_nll=-3.59326605 log_qty_mse=0.00653474 qty_mae=0.65949309
[epoch 214] backbone=titantpp seed=52 train_joint=-3.59112303 val_joint=-3.58677332 time_nll=-3.59368727 log_qty_mse=0.00691395 qty_mae=0.77669672
[epoch 215] backbone=titantpp seed=52 train_joint=-3.59119096 val_joint=-3.58665582 time_nll=-3.59383348 log_qty_mse=0.00717767 qty_mae=0.85267564
[epoch 216] backbone=titantpp seed=52 train_joint=-3.59114782 val_joint=-3.58539233 time_nll=-3.59263114 log_qty_mse=0.00723881 qty_mae=0.81238035
[epoch 217] backbone=titantpp seed=52 train_joint=-3.59113266 val_joint=-3.58536268 time_nll=-3.59231394 log_qty_mse=0.00695127 qty_mae=0.82549992
[epoch 218] backbone=titantpp seed=52 train_joint=-3.59114292 val_joint=-3.58445985 time_nll=-3.59245963 log_qty_mse=0.00799977 qty_mae=0.73180711
[epoch 219] backbone=titantpp seed=52 train_joint=-3.59114965 val_joint=-3.58580002 time_nll=-3.59313575 log_qty_mse=0.00733573 qty_mae=0.91462684
[epoch 220] backbone=titantpp seed=52 train_joint=-3.59118191 val_joint=-3.58652645 time_nll=-3.59334383 log_qty_mse=0.00681738 qty_mae=0.74384808
[epoch 221] backbone=titantpp seed=52 train_joint=-3.59117235 val_joint=-3.58672932 time_nll=-3.59376188 log_qty_mse=0.00703257 qty_mae=0.82480140
[epoch 222] backbone=titantpp seed=52 train_joint=-3.59112473 val_joint=-3.58575688 time_nll=-3.59310195 log_qty_mse=0.00734507 qty_mae=0.81458486
[epoch 223] backbone=titantpp seed=52 train_joint=-3.59116333 val_joint=-3.58594616 time_nll=-3.59341693 log_qty_mse=0.00747077 qty_mae=0.88711522
[epoch 224] backbone=titantpp seed=52 train_joint=-3.59115915 val_joint=-3.58639350 time_nll=-3.59296819 log_qty_mse=0.00657469 qty_mae=0.66242682
[epoch 225] backbone=titantpp seed=52 train_joint=-3.59118950 val_joint=-3.58511980 time_nll=-3.59284614 log_qty_mse=0.00772634 qty_mae=1.12881192
[epoch 226] backbone=titantpp seed=52 train_joint=-3.59115899 val_joint=-3.58552086 time_nll=-3.59242072 log_qty_mse=0.00689987 qty_mae=0.87587276
[epoch 227] backbone=titantpp seed=52 train_joint=-3.59116842 val_joint=-3.58671783 time_nll=-3.59405531 log_qty_mse=0.00733748 qty_mae=0.66252599
[epoch 228] backbone=titantpp seed=52 train_joint=-3.59115261 val_joint=-3.58616496 time_nll=-3.59381136 log_qty_mse=0.00764639 qty_mae=0.71792485
[epoch 229] backbone=titantpp seed=52 train_joint=-3.59116955 val_joint=-3.58572423 time_nll=-3.59333415 log_qty_mse=0.00760992 qty_mae=0.75816925
[epoch 230] backbone=titantpp seed=52 train_joint=-3.59114575 val_joint=-3.58562350 time_nll=-3.59318894 log_qty_mse=0.00756544 qty_mae=0.77040051
[epoch 231] backbone=titantpp seed=52 train_joint=-3.59114706 val_joint=-3.58520075 time_nll=-3.59296988 log_qty_mse=0.00776913 qty_mae=0.94216227
[epoch 232] backbone=titantpp seed=52 train_joint=-3.59115633 val_joint=-3.58731549 time_nll=-3.59420702 log_qty_mse=0.00689152 qty_mae=0.79190074
[epoch 233] backbone=titantpp seed=52 train_joint=-3.59113707 val_joint=-3.58636988 time_nll=-3.59307788 log_qty_mse=0.00670800 qty_mae=0.76155424
[epoch 234] backbone=titantpp seed=52 train_joint=-3.59116346 val_joint=-3.58625911 time_nll=-3.59325313 log_qty_mse=0.00699402 qty_mae=0.67535633
[epoch 235] backbone=titantpp seed=52 train_joint=-3.59116184 val_joint=-3.58715798 time_nll=-3.59383069 log_qty_mse=0.00667271 qty_mae=0.71308552
[epoch 236] backbone=titantpp seed=52 train_joint=-3.59116682 val_joint=-3.58587326 time_nll=-3.59302318 log_qty_mse=0.00714992 qty_mae=0.69239567
[epoch 237] backbone=titantpp seed=52 train_joint=-3.59116410 val_joint=-3.58597503 time_nll=-3.59341540 log_qty_mse=0.00744037 qty_mae=0.70203273
[epoch 238] backbone=titantpp seed=52 train_joint=-3.59118649 val_joint=-3.58621627 time_nll=-3.59295725 log_qty_mse=0.00674098 qty_mae=0.66243769
[epoch 239] backbone=titantpp seed=52 train_joint=-3.59117794 val_joint=-3.58662985 time_nll=-3.59334128 log_qty_mse=0.00671143 qty_mae=0.67685983
[epoch 240] backbone=titantpp seed=52 train_joint=-3.59117622 val_joint=-3.58535066 time_nll=-3.59338229 log_qty_mse=0.00803163 qty_mae=0.70689725
[epoch 241] backbone=titantpp seed=52 train_joint=-3.59115619 val_joint=-3.58696864 time_nll=-3.59352521 log_qty_mse=0.00655656 qty_mae=0.71163741
[epoch 242] backbone=titantpp seed=52 train_joint=-3.59113873 val_joint=-3.58647354 time_nll=-3.59368070 log_qty_mse=0.00720716 qty_mae=0.67004928
[early-stop] backbone=titantpp seed=52 current_epoch=242 best_epoch=202
[epoch 001] backbone=titantpp seed=62 train_joint=1.49862589 val_joint=0.89006988 time_nll=0.88314158 log_qty_mse=0.00692829 qty_mae=0.91374880
[epoch 002] backbone=titantpp seed=62 train_joint=0.51930382 val_joint=0.34730370 time_nll=0.33848868 log_qty_mse=0.00881502 qty_mae=1.27917614
[epoch 003] backbone=titantpp seed=62 train_joint=0.09861719 val_joint=0.55436807 time_nll=0.54769099 log_qty_mse=0.00667708 qty_mae=0.75392704
[epoch 004] backbone=titantpp seed=62 train_joint=-0.07542357 val_joint=0.15649024 time_nll=0.14949231 log_qty_mse=0.00699792 qty_mae=0.78415824
[epoch 005] backbone=titantpp seed=62 train_joint=-0.78486360 val_joint=-1.07717853 time_nll=-1.08316074 log_qty_mse=0.00598221 qty_mae=0.85350162
[epoch 006] backbone=titantpp seed=62 train_joint=-1.24670576 val_joint=-1.35766888 time_nll=-1.36372623 log_qty_mse=0.00605735 qty_mae=0.69916894
[epoch 007] backbone=titantpp seed=62 train_joint=-1.46500646 val_joint=-1.56424654 time_nll=-1.56998396 log_qty_mse=0.00573742 qty_mae=0.83329461
[epoch 008] backbone=titantpp seed=62 train_joint=-1.65201755 val_joint=-1.73913215 time_nll=-1.74473371 log_qty_mse=0.00560156 qty_mae=0.71886649
[epoch 009] backbone=titantpp seed=62 train_joint=-1.80887014 val_joint=-1.88293687 time_nll=-1.88843826 log_qty_mse=0.00550138 qty_mae=0.72407241
[epoch 010] backbone=titantpp seed=62 train_joint=-1.94198904 val_joint=-2.00472448 time_nll=-2.01030531 log_qty_mse=0.00558083 qty_mae=0.70268953
[epoch 011] backbone=titantpp seed=62 train_joint=-2.05701231 val_joint=-2.11116422 time_nll=-2.11687686 log_qty_mse=0.00571264 qty_mae=0.65364383
[epoch 012] backbone=titantpp seed=62 train_joint=-2.15783351 val_joint=-2.20465087 time_nll=-2.21119915 log_qty_mse=0.00654828 qty_mae=0.78459367
[epoch 013] backbone=titantpp seed=62 train_joint=-2.24720571 val_joint=-2.28788922 time_nll=-2.29455151 log_qty_mse=0.00666229 qty_mae=0.78498120
[epoch 014] backbone=titantpp seed=62 train_joint=-2.32724750 val_joint=-2.36387152 time_nll=-2.36980588 log_qty_mse=0.00593436 qty_mae=0.69592591
[epoch 015] backbone=titantpp seed=62 train_joint=-2.39941754 val_joint=-2.43284572 time_nll=-2.43906310 log_qty_mse=0.00621738 qty_mae=0.74939810
[epoch 016] backbone=titantpp seed=62 train_joint=-2.46497873 val_joint=-2.49554653 time_nll=-2.50118566 log_qty_mse=0.00563913 qty_mae=0.68215823
[epoch 017] backbone=titantpp seed=62 train_joint=-2.52489119 val_joint=-2.55130677 time_nll=-2.55795016 log_qty_mse=0.00664339 qty_mae=0.72772475
[epoch 018] backbone=titantpp seed=62 train_joint=-2.57979721 val_joint=-2.60448955 time_nll=-2.61098266 log_qty_mse=0.00649311 qty_mae=0.74101591
[epoch 019] backbone=titantpp seed=62 train_joint=-2.63057218 val_joint=-2.65225881 time_nll=-2.65853001 log_qty_mse=0.00627120 qty_mae=0.68989951
[epoch 020] backbone=titantpp seed=62 train_joint=-2.67746646 val_joint=-2.69695722 time_nll=-2.70395393 log_qty_mse=0.00699671 qty_mae=0.94694699
[epoch 021] backbone=titantpp seed=62 train_joint=-2.72096317 val_joint=-2.73926958 time_nll=-2.74599242 log_qty_mse=0.00672284 qty_mae=0.74491477
[epoch 022] backbone=titantpp seed=62 train_joint=-2.76156820 val_joint=-2.77782829 time_nll=-2.78469358 log_qty_mse=0.00686530 qty_mae=0.77457087
[epoch 023] backbone=titantpp seed=62 train_joint=-2.79938730 val_joint=-2.81324932 time_nll=-2.82027186 log_qty_mse=0.00702254 qty_mae=0.95505633
[epoch 024] backbone=titantpp seed=62 train_joint=-2.83489825 val_joint=-2.84779470 time_nll=-2.85397266 log_qty_mse=0.00617796 qty_mae=0.82879585
[epoch 025] backbone=titantpp seed=62 train_joint=-2.86816716 val_joint=-2.87910750 time_nll=-2.88595705 log_qty_mse=0.00684955 qty_mae=0.88139388
[epoch 026] backbone=titantpp seed=62 train_joint=-2.89938659 val_joint=-2.90945231 time_nll=-2.91683494 log_qty_mse=0.00738263 qty_mae=0.79116109
[epoch 027] backbone=titantpp seed=62 train_joint=-2.92892622 val_joint=-2.93599311 time_nll=-2.94379325 log_qty_mse=0.00780014 qty_mae=0.86563813
[epoch 028] backbone=titantpp seed=62 train_joint=-2.95677900 val_joint=-2.96411873 time_nll=-2.97168070 log_qty_mse=0.00756197 qty_mae=1.00308693
[epoch 029] backbone=titantpp seed=62 train_joint=-2.98302738 val_joint=-2.98926812 time_nll=-2.99613579 log_qty_mse=0.00686768 qty_mae=0.80998803
[epoch 030] backbone=titantpp seed=62 train_joint=-3.00787070 val_joint=-3.01382442 time_nll=-3.02102758 log_qty_mse=0.00720315 qty_mae=0.72757924
[epoch 031] backbone=titantpp seed=62 train_joint=-3.03140505 val_joint=-3.03630398 time_nll=-3.04337203 log_qty_mse=0.00706805 qty_mae=0.73614642
[epoch 032] backbone=titantpp seed=62 train_joint=-3.05362261 val_joint=-3.05569688 time_nll=-3.06340800 log_qty_mse=0.00771112 qty_mae=0.99345994
[epoch 033] backbone=titantpp seed=62 train_joint=-3.07488663 val_joint=-3.07883171 time_nll=-3.08535355 log_qty_mse=0.00652184 qty_mae=0.78547468
[epoch 034] backbone=titantpp seed=62 train_joint=-3.09500173 val_joint=-3.09700568 time_nll=-3.10410053 log_qty_mse=0.00709484 qty_mae=1.07517758
[epoch 035] backbone=titantpp seed=62 train_joint=-3.11418573 val_joint=-3.11501202 time_nll=-3.12240795 log_qty_mse=0.00739593 qty_mae=0.70959463
[epoch 036] backbone=titantpp seed=62 train_joint=-3.13250650 val_joint=-3.13459443 time_nll=-3.14147538 log_qty_mse=0.00688094 qty_mae=0.74138553
[epoch 037] backbone=titantpp seed=62 train_joint=-3.14995861 val_joint=-3.15031742 time_nll=-3.15802284 log_qty_mse=0.00770543 qty_mae=0.77180425
[epoch 038] backbone=titantpp seed=62 train_joint=-3.16647485 val_joint=-3.16658913 time_nll=-3.17332566 log_qty_mse=0.00673654 qty_mae=0.69664300
[epoch 039] backbone=titantpp seed=62 train_joint=-3.18223350 val_joint=-3.18143624 time_nll=-3.18898003 log_qty_mse=0.00754380 qty_mae=0.68550263
[epoch 040] backbone=titantpp seed=62 train_joint=-3.19725152 val_joint=-3.19690320 time_nll=-3.20394863 log_qty_mse=0.00704543 qty_mae=0.72616306
[epoch 041] backbone=titantpp seed=62 train_joint=-3.21166654 val_joint=-3.20953098 time_nll=-3.21693828 log_qty_mse=0.00740730 qty_mae=0.73147212
[epoch 042] backbone=titantpp seed=62 train_joint=-3.22548853 val_joint=-3.22399664 time_nll=-3.23068517 log_qty_mse=0.00668853 qty_mae=0.67666662
[epoch 043] backbone=titantpp seed=62 train_joint=-3.23879803 val_joint=-3.23657046 time_nll=-3.24365892 log_qty_mse=0.00708846 qty_mae=0.77404410
[epoch 044] backbone=titantpp seed=62 train_joint=-3.25153255 val_joint=-3.24936390 time_nll=-3.25677702 log_qty_mse=0.00741312 qty_mae=1.07981409
[epoch 045] backbone=titantpp seed=62 train_joint=-3.26384171 val_joint=-3.26187113 time_nll=-3.26895902 log_qty_mse=0.00708789 qty_mae=0.70351460
[epoch 046] backbone=titantpp seed=62 train_joint=-3.27563483 val_joint=-3.27186365 time_nll=-3.27962602 log_qty_mse=0.00776237 qty_mae=0.96231099
[epoch 047] backbone=titantpp seed=62 train_joint=-3.28699030 val_joint=-3.28418321 time_nll=-3.29147867 log_qty_mse=0.00729547 qty_mae=0.74937218
[epoch 048] backbone=titantpp seed=62 train_joint=-3.29781368 val_joint=-3.29485050 time_nll=-3.30161224 log_qty_mse=0.00676174 qty_mae=0.73761298
[epoch 049] backbone=titantpp seed=62 train_joint=-3.30827441 val_joint=-3.30373409 time_nll=-3.31128080 log_qty_mse=0.00754671 qty_mae=0.78068782
[epoch 050] backbone=titantpp seed=62 train_joint=-3.31827835 val_joint=-3.31348706 time_nll=-3.32084523 log_qty_mse=0.00735817 qty_mae=1.04626986
[epoch 051] backbone=titantpp seed=62 train_joint=-3.32790926 val_joint=-3.32378591 time_nll=-3.33081236 log_qty_mse=0.00702645 qty_mae=0.72493391
[epoch 052] backbone=titantpp seed=62 train_joint=-3.33713504 val_joint=-3.33208908 time_nll=-3.33966870 log_qty_mse=0.00757962 qty_mae=0.76035860
[epoch 053] backbone=titantpp seed=62 train_joint=-3.34599373 val_joint=-3.34094967 time_nll=-3.34802069 log_qty_mse=0.00707102 qty_mae=0.89092063
[epoch 054] backbone=titantpp seed=62 train_joint=-3.35450486 val_joint=-3.34834673 time_nll=-3.35582597 log_qty_mse=0.00747924 qty_mae=0.78586311
[epoch 055] backbone=titantpp seed=62 train_joint=-3.36271458 val_joint=-3.35567967 time_nll=-3.36430997 log_qty_mse=0.00863030 qty_mae=0.89552513
[epoch 056] backbone=titantpp seed=62 train_joint=-3.37062683 val_joint=-3.36495801 time_nll=-3.37258488 log_qty_mse=0.00762687 qty_mae=0.67294506
[epoch 057] backbone=titantpp seed=62 train_joint=-3.37822085 val_joint=-3.37316134 time_nll=-3.38027904 log_qty_mse=0.00711770 qty_mae=0.78515586
[epoch 058] backbone=titantpp seed=62 train_joint=-3.38551223 val_joint=-3.37955558 time_nll=-3.38748327 log_qty_mse=0.00792769 qty_mae=0.89140683
[epoch 059] backbone=titantpp seed=62 train_joint=-3.39253335 val_joint=-3.38699756 time_nll=-3.39402324 log_qty_mse=0.00702568 qty_mae=0.78275492
[epoch 060] backbone=titantpp seed=62 train_joint=-3.39932211 val_joint=-3.39103148 time_nll=-3.39938173 log_qty_mse=0.00835025 qty_mae=0.79649139
[epoch 061] backbone=titantpp seed=62 train_joint=-3.40584869 val_joint=-3.39966423 time_nll=-3.40703347 log_qty_mse=0.00736924 qty_mae=0.89078495
[epoch 062] backbone=titantpp seed=62 train_joint=-3.41213794 val_joint=-3.40433620 time_nll=-3.41262295 log_qty_mse=0.00828675 qty_mae=0.80357457
[epoch 063] backbone=titantpp seed=62 train_joint=-3.41820822 val_joint=-3.41106662 time_nll=-3.41848049 log_qty_mse=0.00741387 qty_mae=0.96347482
[epoch 064] backbone=titantpp seed=62 train_joint=-3.42398133 val_joint=-3.41698627 time_nll=-3.42421513 log_qty_mse=0.00722886 qty_mae=0.88682715
[epoch 065] backbone=titantpp seed=62 train_joint=-3.42966321 val_joint=-3.42258093 time_nll=-3.42984993 log_qty_mse=0.00726900 qty_mae=0.80106627
[epoch 066] backbone=titantpp seed=62 train_joint=-3.43507805 val_joint=-3.42812017 time_nll=-3.43535448 log_qty_mse=0.00723431 qty_mae=0.91963939
[epoch 067] backbone=titantpp seed=62 train_joint=-3.44031766 val_joint=-3.43367566 time_nll=-3.44039035 log_qty_mse=0.00671469 qty_mae=0.74793195
[epoch 068] backbone=titantpp seed=62 train_joint=-3.44538080 val_joint=-3.43801240 time_nll=-3.44506839 log_qty_mse=0.00705598 qty_mae=0.96089104
[epoch 069] backbone=titantpp seed=62 train_joint=-3.45024405 val_joint=-3.44235960 time_nll=-3.44985281 log_qty_mse=0.00749321 qty_mae=1.05517927
[epoch 070] backbone=titantpp seed=62 train_joint=-3.45496450 val_joint=-3.44676212 time_nll=-3.45461154 log_qty_mse=0.00784942 qty_mae=0.75835180
[epoch 071] backbone=titantpp seed=62 train_joint=-3.45952041 val_joint=-3.45146496 time_nll=-3.45864413 log_qty_mse=0.00717917 qty_mae=0.68338688
[epoch 072] backbone=titantpp seed=62 train_joint=-3.46387342 val_joint=-3.45558588 time_nll=-3.46328418 log_qty_mse=0.00769830 qty_mae=1.01270000
[epoch 073] backbone=titantpp seed=62 train_joint=-3.46815926 val_joint=-3.46057519 time_nll=-3.46695596 log_qty_mse=0.00638077 qty_mae=0.79836224
[epoch 074] backbone=titantpp seed=62 train_joint=-3.47219125 val_joint=-3.46446417 time_nll=-3.47182997 log_qty_mse=0.00736580 qty_mae=0.68539497
[epoch 075] backbone=titantpp seed=62 train_joint=-3.47616916 val_joint=-3.46803903 time_nll=-3.47509501 log_qty_mse=0.00705599 qty_mae=1.00987299
[epoch 076] backbone=titantpp seed=62 train_joint=-3.47995908 val_joint=-3.47088778 time_nll=-3.47878414 log_qty_mse=0.00789635 qty_mae=0.79231139
[epoch 077] backbone=titantpp seed=62 train_joint=-3.48363580 val_joint=-3.47598212 time_nll=-3.48333231 log_qty_mse=0.00735019 qty_mae=0.78400595
[epoch 078] backbone=titantpp seed=62 train_joint=-3.48722893 val_joint=-3.48005315 time_nll=-3.48680627 log_qty_mse=0.00675312 qty_mae=0.77779510
[epoch 079] backbone=titantpp seed=62 train_joint=-3.49063162 val_joint=-3.48260376 time_nll=-3.48996163 log_qty_mse=0.00735787 qty_mae=0.71961074
[epoch 080] backbone=titantpp seed=62 train_joint=-3.49400434 val_joint=-3.48384777 time_nll=-3.49243978 log_qty_mse=0.00859201 qty_mae=0.90170088
[epoch 081] backbone=titantpp seed=62 train_joint=-3.49714881 val_joint=-3.48884670 time_nll=-3.49607619 log_qty_mse=0.00722949 qty_mae=0.66593391
[epoch 082] backbone=titantpp seed=62 train_joint=-3.50026459 val_joint=-3.49204378 time_nll=-3.49942352 log_qty_mse=0.00737974 qty_mae=0.90541387
[epoch 083] backbone=titantpp seed=62 train_joint=-3.50329265 val_joint=-3.49534789 time_nll=-3.50272228 log_qty_mse=0.00737439 qty_mae=0.69745263
[epoch 084] backbone=titantpp seed=62 train_joint=-3.50616664 val_joint=-3.49812645 time_nll=-3.50542147 log_qty_mse=0.00729502 qty_mae=0.73182219
[epoch 085] backbone=titantpp seed=62 train_joint=-3.50897125 val_joint=-3.50058557 time_nll=-3.50793447 log_qty_mse=0.00734890 qty_mae=0.78227153
[epoch 086] backbone=titantpp seed=62 train_joint=-3.51175780 val_joint=-3.50252704 time_nll=-3.51037594 log_qty_mse=0.00784890 qty_mae=0.75531920
[epoch 087] backbone=titantpp seed=62 train_joint=-3.51430227 val_joint=-3.50591255 time_nll=-3.51308944 log_qty_mse=0.00717690 qty_mae=0.71380866
[epoch 088] backbone=titantpp seed=62 train_joint=-3.51683377 val_joint=-3.50799142 time_nll=-3.51573037 log_qty_mse=0.00773896 qty_mae=0.68032753
[epoch 089] backbone=titantpp seed=62 train_joint=-3.51934688 val_joint=-3.51054504 time_nll=-3.51844683 log_qty_mse=0.00790179 qty_mae=0.80137529
[epoch 090] backbone=titantpp seed=62 train_joint=-3.52167767 val_joint=-3.51370153 time_nll=-3.52068208 log_qty_mse=0.00698055 qty_mae=0.75296248
[epoch 091] backbone=titantpp seed=62 train_joint=-3.52395089 val_joint=-3.51548111 time_nll=-3.52203754 log_qty_mse=0.00655644 qty_mae=0.67929445
[epoch 092] backbone=titantpp seed=62 train_joint=-3.52621653 val_joint=-3.51790612 time_nll=-3.52479141 log_qty_mse=0.00688529 qty_mae=0.72451569
[epoch 093] backbone=titantpp seed=62 train_joint=-3.52838305 val_joint=-3.52031598 time_nll=-3.52638759 log_qty_mse=0.00607161 qty_mae=0.79094580
[epoch 094] backbone=titantpp seed=62 train_joint=-3.53041756 val_joint=-3.52094976 time_nll=-3.52853611 log_qty_mse=0.00758635 qty_mae=0.68453128
[epoch 095] backbone=titantpp seed=62 train_joint=-3.53239700 val_joint=-3.52389982 time_nll=-3.53115485 log_qty_mse=0.00725502 qty_mae=0.76811884
[epoch 096] backbone=titantpp seed=62 train_joint=-3.53439992 val_joint=-3.52568758 time_nll=-3.53264014 log_qty_mse=0.00695256 qty_mae=0.65290833
[epoch 097] backbone=titantpp seed=62 train_joint=-3.53631481 val_joint=-3.52868373 time_nll=-3.53511929 log_qty_mse=0.00643556 qty_mae=0.80387639
[epoch 098] backbone=titantpp seed=62 train_joint=-3.53808814 val_joint=-3.52842950 time_nll=-3.53624276 log_qty_mse=0.00781326 qty_mae=0.70806437
[epoch 099] backbone=titantpp seed=62 train_joint=-3.53980833 val_joint=-3.53076031 time_nll=-3.53821429 log_qty_mse=0.00745398 qty_mae=0.69513370
[epoch 100] backbone=titantpp seed=62 train_joint=-3.54157808 val_joint=-3.53301777 time_nll=-3.54005526 log_qty_mse=0.00703748 qty_mae=0.69840113
[epoch 101] backbone=titantpp seed=62 train_joint=-3.54326295 val_joint=-3.53478264 time_nll=-3.54150663 log_qty_mse=0.00672399 qty_mae=0.84070455
[epoch 102] backbone=titantpp seed=62 train_joint=-3.54487057 val_joint=-3.53618313 time_nll=-3.54270734 log_qty_mse=0.00652421 qty_mae=0.69921831
[epoch 103] backbone=titantpp seed=62 train_joint=-3.54634675 val_joint=-3.53683218 time_nll=-3.54471123 log_qty_mse=0.00787905 qty_mae=0.78213146
[epoch 104] backbone=titantpp seed=62 train_joint=-3.54783332 val_joint=-3.53771361 time_nll=-3.54560828 log_qty_mse=0.00789467 qty_mae=0.70431489
[epoch 105] backbone=titantpp seed=62 train_joint=-3.54928341 val_joint=-3.54021289 time_nll=-3.54788094 log_qty_mse=0.00766805 qty_mae=0.71430247
[epoch 106] backbone=titantpp seed=62 train_joint=-3.55079267 val_joint=-3.54198366 time_nll=-3.54931450 log_qty_mse=0.00733085 qty_mae=0.79398006
[epoch 107] backbone=titantpp seed=62 train_joint=-3.55218514 val_joint=-3.54327492 time_nll=-3.55019996 log_qty_mse=0.00692504 qty_mae=0.76710327
[epoch 108] backbone=titantpp seed=62 train_joint=-3.55344138 val_joint=-3.54465790 time_nll=-3.55192431 log_qty_mse=0.00726641 qty_mae=0.76574835
[epoch 109] backbone=titantpp seed=62 train_joint=-3.55466515 val_joint=-3.54608505 time_nll=-3.55276152 log_qty_mse=0.00667648 qty_mae=0.98812079
[epoch 110] backbone=titantpp seed=62 train_joint=-3.55585558 val_joint=-3.54602709 time_nll=-3.55370400 log_qty_mse=0.00767691 qty_mae=0.66767486
[epoch 111] backbone=titantpp seed=62 train_joint=-3.55710599 val_joint=-3.54726915 time_nll=-3.55532112 log_qty_mse=0.00805197 qty_mae=0.71306128
[epoch 112] backbone=titantpp seed=62 train_joint=-3.55833055 val_joint=-3.54884322 time_nll=-3.55646886 log_qty_mse=0.00762564 qty_mae=0.75333666
[epoch 113] backbone=titantpp seed=62 train_joint=-3.55955355 val_joint=-3.55090949 time_nll=-3.55792931 log_qty_mse=0.00701982 qty_mae=0.78549720
[epoch 114] backbone=titantpp seed=62 train_joint=-3.56055007 val_joint=-3.55133580 time_nll=-3.55872530 log_qty_mse=0.00738951 qty_mae=0.72284063
[epoch 115] backbone=titantpp seed=62 train_joint=-3.56152008 val_joint=-3.55181249 time_nll=-3.55971786 log_qty_mse=0.00790537 qty_mae=0.72262861
[epoch 116] backbone=titantpp seed=62 train_joint=-3.56252524 val_joint=-3.55275581 time_nll=-3.56030095 log_qty_mse=0.00754513 qty_mae=0.76369506
[epoch 117] backbone=titantpp seed=62 train_joint=-3.56349074 val_joint=-3.55432614 time_nll=-3.56180448 log_qty_mse=0.00747834 qty_mae=0.68761784
[epoch 118] backbone=titantpp seed=62 train_joint=-3.56448311 val_joint=-3.55558674 time_nll=-3.56354551 log_qty_mse=0.00795877 qty_mae=0.87490246
[epoch 119] backbone=titantpp seed=62 train_joint=-3.56545808 val_joint=-3.55514412 time_nll=-3.56312915 log_qty_mse=0.00798503 qty_mae=0.71536001
[epoch 120] backbone=titantpp seed=62 train_joint=-3.56638851 val_joint=-3.55775565 time_nll=-3.56481946 log_qty_mse=0.00706381 qty_mae=0.68358513
[epoch 121] backbone=titantpp seed=62 train_joint=-3.56736969 val_joint=-3.55838684 time_nll=-3.56564898 log_qty_mse=0.00726213 qty_mae=0.71664459
[epoch 122] backbone=titantpp seed=62 train_joint=-3.56819568 val_joint=-3.55660417 time_nll=-3.56531986 log_qty_mse=0.00871569 qty_mae=0.73814858
[epoch 123] backbone=titantpp seed=62 train_joint=-3.56891630 val_joint=-3.55925269 time_nll=-3.56689115 log_qty_mse=0.00763846 qty_mae=0.73237482
[epoch 124] backbone=titantpp seed=62 train_joint=-3.56961601 val_joint=-3.56054139 time_nll=-3.56765788 log_qty_mse=0.00711649 qty_mae=0.71400358
[epoch 125] backbone=titantpp seed=62 train_joint=-3.57036945 val_joint=-3.56047311 time_nll=-3.56878952 log_qty_mse=0.00831641 qty_mae=0.73359352
[epoch 126] backbone=titantpp seed=62 train_joint=-3.57111011 val_joint=-3.56142336 time_nll=-3.56958982 log_qty_mse=0.00816646 qty_mae=0.74944776
[epoch 127] backbone=titantpp seed=62 train_joint=-3.57179748 val_joint=-3.56158336 time_nll=-3.56971921 log_qty_mse=0.00813586 qty_mae=0.70920057
[epoch 128] backbone=titantpp seed=62 train_joint=-3.57252573 val_joint=-3.56370187 time_nll=-3.57146423 log_qty_mse=0.00776236 qty_mae=0.86154149
[epoch 129] backbone=titantpp seed=62 train_joint=-3.57326798 val_joint=-3.56245281 time_nll=-3.57089821 log_qty_mse=0.00844540 qty_mae=0.72020064
[epoch 130] backbone=titantpp seed=62 train_joint=-3.57398988 val_joint=-3.56401592 time_nll=-3.57245370 log_qty_mse=0.00843778 qty_mae=0.73559267
[epoch 131] backbone=titantpp seed=62 train_joint=-3.57470033 val_joint=-3.56391945 time_nll=-3.57259544 log_qty_mse=0.00867599 qty_mae=0.78957200
[epoch 132] backbone=titantpp seed=62 train_joint=-3.57543706 val_joint=-3.56560765 time_nll=-3.57361071 log_qty_mse=0.00800306 qty_mae=0.71201703
[epoch 133] backbone=titantpp seed=62 train_joint=-3.57592316 val_joint=-3.56596502 time_nll=-3.57419475 log_qty_mse=0.00822974 qty_mae=0.71069787
[epoch 134] backbone=titantpp seed=62 train_joint=-3.57643655 val_joint=-3.56663950 time_nll=-3.57460440 log_qty_mse=0.00796490 qty_mae=0.75336531
[epoch 135] backbone=titantpp seed=62 train_joint=-3.57689543 val_joint=-3.56603133 time_nll=-3.57497043 log_qty_mse=0.00893910 qty_mae=0.86467526
[epoch 136] backbone=titantpp seed=62 train_joint=-3.57739041 val_joint=-3.56881793 time_nll=-3.57629127 log_qty_mse=0.00747334 qty_mae=0.77612510
[epoch 137] backbone=titantpp seed=62 train_joint=-3.57787926 val_joint=-3.56858715 time_nll=-3.57599572 log_qty_mse=0.00740857 qty_mae=0.73063919
[epoch 138] backbone=titantpp seed=62 train_joint=-3.57833234 val_joint=-3.56930898 time_nll=-3.57668271 log_qty_mse=0.00737373 qty_mae=0.74938188
[epoch 139] backbone=titantpp seed=62 train_joint=-3.57881968 val_joint=-3.56933919 time_nll=-3.57748220 log_qty_mse=0.00814300 qty_mae=0.68984788
[epoch 140] backbone=titantpp seed=62 train_joint=-3.57930760 val_joint=-3.56974175 time_nll=-3.57779284 log_qty_mse=0.00805109 qty_mae=0.76792652
[epoch 141] backbone=titantpp seed=62 train_joint=-3.57979436 val_joint=-3.57030194 time_nll=-3.57837778 log_qty_mse=0.00807584 qty_mae=0.71745534
[epoch 142] backbone=titantpp seed=62 train_joint=-3.58028683 val_joint=-3.57121450 time_nll=-3.57932342 log_qty_mse=0.00810892 qty_mae=0.71950262
[epoch 143] backbone=titantpp seed=62 train_joint=-3.58076829 val_joint=-3.57161070 time_nll=-3.57911583 log_qty_mse=0.00750513 qty_mae=0.69066925
[epoch 144] backbone=titantpp seed=62 train_joint=-3.58124157 val_joint=-3.57107907 time_nll=-3.57972582 log_qty_mse=0.00864675 qty_mae=0.75499837
[epoch 145] backbone=titantpp seed=62 train_joint=-3.58171840 val_joint=-3.57215788 time_nll=-3.57993056 log_qty_mse=0.00777268 qty_mae=0.81890973
[epoch 146] backbone=titantpp seed=62 train_joint=-3.58217022 val_joint=-3.57246722 time_nll=-3.58049729 log_qty_mse=0.00803006 qty_mae=0.74736119
[epoch 147] backbone=titantpp seed=62 train_joint=-3.58266661 val_joint=-3.57323460 time_nll=-3.58170414 log_qty_mse=0.00846954 qty_mae=0.81076266
[epoch 148] backbone=titantpp seed=62 train_joint=-3.58315869 val_joint=-3.57241319 time_nll=-3.58117328 log_qty_mse=0.00876009 qty_mae=0.69989964
[epoch 149] backbone=titantpp seed=62 train_joint=-3.58347409 val_joint=-3.57241784 time_nll=-3.58228733 log_qty_mse=0.00986949 qty_mae=0.71996399
[epoch 150] backbone=titantpp seed=62 train_joint=-3.58369356 val_joint=-3.57363211 time_nll=-3.58233156 log_qty_mse=0.00869945 qty_mae=0.72166338
[epoch 151] backbone=titantpp seed=62 train_joint=-3.58394661 val_joint=-3.57450719 time_nll=-3.58268122 log_qty_mse=0.00817403 qty_mae=0.71329682
[epoch 152] backbone=titantpp seed=62 train_joint=-3.58421206 val_joint=-3.57631332 time_nll=-3.58334977 log_qty_mse=0.00703646 qty_mae=0.72685014
[epoch 153] backbone=titantpp seed=62 train_joint=-3.58442724 val_joint=-3.57465576 time_nll=-3.58275932 log_qty_mse=0.00810357 qty_mae=0.67026483
[epoch 154] backbone=titantpp seed=62 train_joint=-3.58465090 val_joint=-3.57566731 time_nll=-3.58400706 log_qty_mse=0.00833975 qty_mae=0.69973384
[epoch 155] backbone=titantpp seed=62 train_joint=-3.58489852 val_joint=-3.57563400 time_nll=-3.58426854 log_qty_mse=0.00863453 qty_mae=0.84231543
[epoch 156] backbone=titantpp seed=62 train_joint=-3.58512976 val_joint=-3.57632170 time_nll=-3.58397371 log_qty_mse=0.00765201 qty_mae=0.67794352
[epoch 157] backbone=titantpp seed=62 train_joint=-3.58540369 val_joint=-3.57611655 time_nll=-3.58377930 log_qty_mse=0.00766275 qty_mae=0.74822938
[epoch 158] backbone=titantpp seed=62 train_joint=-3.58563749 val_joint=-3.57628368 time_nll=-3.58419120 log_qty_mse=0.00790752 qty_mae=0.70571880
[epoch 159] backbone=titantpp seed=62 train_joint=-3.58585804 val_joint=-3.57626847 time_nll=-3.58473333 log_qty_mse=0.00846485 qty_mae=0.80810990
[epoch 160] backbone=titantpp seed=62 train_joint=-3.58611045 val_joint=-3.57742486 time_nll=-3.58491678 log_qty_mse=0.00749192 qty_mae=0.68038860
[epoch 161] backbone=titantpp seed=62 train_joint=-3.58633151 val_joint=-3.57645039 time_nll=-3.58528519 log_qty_mse=0.00883480 qty_mae=0.66789261
[epoch 162] backbone=titantpp seed=62 train_joint=-3.58659347 val_joint=-3.57725841 time_nll=-3.58519567 log_qty_mse=0.00793726 qty_mae=0.88935023
[epoch 163] backbone=titantpp seed=62 train_joint=-3.58681267 val_joint=-3.57706500 time_nll=-3.58561227 log_qty_mse=0.00854727 qty_mae=0.71861111
[epoch 164] backbone=titantpp seed=62 train_joint=-3.58708120 val_joint=-3.57819427 time_nll=-3.58625025 log_qty_mse=0.00805597 qty_mae=0.86406541
[epoch 165] backbone=titantpp seed=62 train_joint=-3.58731785 val_joint=-3.57802685 time_nll=-3.58635912 log_qty_mse=0.00833227 qty_mae=0.86132782
[epoch 166] backbone=titantpp seed=62 train_joint=-3.58753378 val_joint=-3.57824049 time_nll=-3.58654703 log_qty_mse=0.00830654 qty_mae=0.70345694
[epoch 167] backbone=titantpp seed=62 train_joint=-3.58778820 val_joint=-3.57950298 time_nll=-3.58733012 log_qty_mse=0.00782713 qty_mae=0.69689686
[epoch 168] backbone=titantpp seed=62 train_joint=-3.58802952 val_joint=-3.57896049 time_nll=-3.58737904 log_qty_mse=0.00841855 qty_mae=0.75327733
[epoch 169] backbone=titantpp seed=62 train_joint=-3.58825306 val_joint=-3.57801852 time_nll=-3.58729769 log_qty_mse=0.00927917 qty_mae=0.93034660
[epoch 170] backbone=titantpp seed=62 train_joint=-3.58851490 val_joint=-3.57888731 time_nll=-3.58764851 log_qty_mse=0.00876120 qty_mae=0.80497904
[epoch 171] backbone=titantpp seed=62 train_joint=-3.58872506 val_joint=-3.57967093 time_nll=-3.58784121 log_qty_mse=0.00817028 qty_mae=0.80697278
[epoch 172] backbone=titantpp seed=62 train_joint=-3.58894770 val_joint=-3.57936302 time_nll=-3.58836080 log_qty_mse=0.00899778 qty_mae=0.75130966
[epoch 173] backbone=titantpp seed=62 train_joint=-3.58923291 val_joint=-3.58040114 time_nll=-3.58832394 log_qty_mse=0.00792281 qty_mae=0.83702186
[epoch 174] backbone=titantpp seed=62 train_joint=-3.58942868 val_joint=-3.57953758 time_nll=-3.58870139 log_qty_mse=0.00916381 qty_mae=0.75923579
[epoch 175] backbone=titantpp seed=62 train_joint=-3.58968289 val_joint=-3.58151211 time_nll=-3.58904263 log_qty_mse=0.00753053 qty_mae=0.71955088
[epoch 176] backbone=titantpp seed=62 train_joint=-3.58993585 val_joint=-3.58021374 time_nll=-3.58908917 log_qty_mse=0.00887543 qty_mae=1.04102970
[epoch 177] backbone=titantpp seed=62 train_joint=-3.59018067 val_joint=-3.58134945 time_nll=-3.59001854 log_qty_mse=0.00866908 qty_mae=0.77150153
[epoch 178] backbone=titantpp seed=62 train_joint=-3.59041601 val_joint=-3.58052744 time_nll=-3.58932815 log_qty_mse=0.00880072 qty_mae=0.81879386
[epoch 179] backbone=titantpp seed=62 train_joint=-3.59065020 val_joint=-3.58244490 time_nll=-3.59056169 log_qty_mse=0.00811679 qty_mae=0.74486116
[epoch 180] backbone=titantpp seed=62 train_joint=-3.59087848 val_joint=-3.58137225 time_nll=-3.59082835 log_qty_mse=0.00945610 qty_mae=1.01819973
[epoch 181] backbone=titantpp seed=62 train_joint=-3.59103553 val_joint=-3.58295983 time_nll=-3.59029781 log_qty_mse=0.00733797 qty_mae=0.68295688
[epoch 182] backbone=titantpp seed=62 train_joint=-3.59106649 val_joint=-3.58115618 time_nll=-3.59083317 log_qty_mse=0.00967698 qty_mae=1.12278220
[epoch 183] backbone=titantpp seed=62 train_joint=-3.59108092 val_joint=-3.58272475 time_nll=-3.59062142 log_qty_mse=0.00789666 qty_mae=0.75867562
[epoch 184] backbone=titantpp seed=62 train_joint=-3.59106712 val_joint=-3.58149279 time_nll=-3.58980002 log_qty_mse=0.00830722 qty_mae=0.70664080
[epoch 185] backbone=titantpp seed=62 train_joint=-3.59108509 val_joint=-3.58147102 time_nll=-3.59016821 log_qty_mse=0.00869718 qty_mae=0.92631637
[epoch 186] backbone=titantpp seed=62 train_joint=-3.59106478 val_joint=-3.58230904 time_nll=-3.59046377 log_qty_mse=0.00815473 qty_mae=0.71773896
[epoch 187] backbone=titantpp seed=62 train_joint=-3.59107283 val_joint=-3.58132923 time_nll=-3.59046349 log_qty_mse=0.00913426 qty_mae=0.78163181
[epoch 188] backbone=titantpp seed=62 train_joint=-3.59108093 val_joint=-3.58340611 time_nll=-3.59163963 log_qty_mse=0.00823351 qty_mae=0.76743997
[epoch 189] backbone=titantpp seed=62 train_joint=-3.59110419 val_joint=-3.58171829 time_nll=-3.58993031 log_qty_mse=0.00821202 qty_mae=0.74057805
[epoch 190] backbone=titantpp seed=62 train_joint=-3.59110248 val_joint=-3.58221240 time_nll=-3.59053465 log_qty_mse=0.00832225 qty_mae=0.70965394
[epoch 191] backbone=titantpp seed=62 train_joint=-3.59110493 val_joint=-3.58168116 time_nll=-3.59008389 log_qty_mse=0.00840272 qty_mae=0.70818344
[epoch 192] backbone=titantpp seed=62 train_joint=-3.59112249 val_joint=-3.58238719 time_nll=-3.59052500 log_qty_mse=0.00813780 qty_mae=0.70007491
[epoch 193] backbone=titantpp seed=62 train_joint=-3.59110240 val_joint=-3.58219613 time_nll=-3.59049102 log_qty_mse=0.00829489 qty_mae=0.69583242
[epoch 194] backbone=titantpp seed=62 train_joint=-3.59107470 val_joint=-3.58239694 time_nll=-3.59107679 log_qty_mse=0.00867984 qty_mae=0.84749764
[epoch 195] backbone=titantpp seed=62 train_joint=-3.59109930 val_joint=-3.58202041 time_nll=-3.59084240 log_qty_mse=0.00882199 qty_mae=0.90185967
[epoch 196] backbone=titantpp seed=62 train_joint=-3.59109953 val_joint=-3.58189290 time_nll=-3.59034242 log_qty_mse=0.00844952 qty_mae=0.83999839
[epoch 197] backbone=titantpp seed=62 train_joint=-3.59109959 val_joint=-3.58243467 time_nll=-3.59086412 log_qty_mse=0.00842945 qty_mae=0.79364296
[epoch 198] backbone=titantpp seed=62 train_joint=-3.59112331 val_joint=-3.58207264 time_nll=-3.59020229 log_qty_mse=0.00812965 qty_mae=0.80893636
[epoch 199] backbone=titantpp seed=62 train_joint=-3.59111342 val_joint=-3.58414399 time_nll=-3.59101617 log_qty_mse=0.00687218 qty_mae=0.68961152
[epoch 200] backbone=titantpp seed=62 train_joint=-3.59109225 val_joint=-3.58209779 time_nll=-3.59076833 log_qty_mse=0.00867053 qty_mae=0.90162484
[epoch 201] backbone=titantpp seed=62 train_joint=-3.59110828 val_joint=-3.58178048 time_nll=-3.59027392 log_qty_mse=0.00849345 qty_mae=0.70331820
[epoch 202] backbone=titantpp seed=62 train_joint=-3.59111437 val_joint=-3.58196274 time_nll=-3.59136761 log_qty_mse=0.00940487 qty_mae=0.86366234
[epoch 203] backbone=titantpp seed=62 train_joint=-3.59110967 val_joint=-3.58264384 time_nll=-3.59081471 log_qty_mse=0.00817087 qty_mae=0.72515615
[epoch 204] backbone=titantpp seed=62 train_joint=-3.59114115 val_joint=-3.58362185 time_nll=-3.59174244 log_qty_mse=0.00812059 qty_mae=0.71668489
[epoch 205] backbone=titantpp seed=62 train_joint=-3.59111422 val_joint=-3.58158070 time_nll=-3.59039198 log_qty_mse=0.00881127 qty_mae=0.72667263
[epoch 206] backbone=titantpp seed=62 train_joint=-3.59109670 val_joint=-3.58250316 time_nll=-3.59135457 log_qty_mse=0.00885141 qty_mae=0.73658389
[epoch 207] backbone=titantpp seed=62 train_joint=-3.59113011 val_joint=-3.58184623 time_nll=-3.59072226 log_qty_mse=0.00887604 qty_mae=0.74274462
[epoch 208] backbone=titantpp seed=62 train_joint=-3.59110071 val_joint=-3.58224958 time_nll=-3.59085542 log_qty_mse=0.00860584 qty_mae=0.67298425
[epoch 209] backbone=titantpp seed=62 train_joint=-3.59114347 val_joint=-3.58244573 time_nll=-3.59101379 log_qty_mse=0.00856806 qty_mae=0.71882738
[epoch 210] backbone=titantpp seed=62 train_joint=-3.59112618 val_joint=-3.58228533 time_nll=-3.59115590 log_qty_mse=0.00887057 qty_mae=0.72582983
[epoch 211] backbone=titantpp seed=62 train_joint=-3.59110258 val_joint=-3.58142723 time_nll=-3.59132401 log_qty_mse=0.00989677 qty_mae=0.66815119
[epoch 212] backbone=titantpp seed=62 train_joint=-3.59111032 val_joint=-3.58283954 time_nll=-3.59107095 log_qty_mse=0.00823141 qty_mae=0.74459342
[epoch 213] backbone=titantpp seed=62 train_joint=-3.59112006 val_joint=-3.58330989 time_nll=-3.59101302 log_qty_mse=0.00770312 qty_mae=0.81318053
[epoch 214] backbone=titantpp seed=62 train_joint=-3.59112383 val_joint=-3.58327171 time_nll=-3.59113080 log_qty_mse=0.00785909 qty_mae=0.70248685
[epoch 215] backbone=titantpp seed=62 train_joint=-3.59114597 val_joint=-3.58310814 time_nll=-3.59113472 log_qty_mse=0.00802658 qty_mae=0.73170681
[epoch 216] backbone=titantpp seed=62 train_joint=-3.59113960 val_joint=-3.58238180 time_nll=-3.59087101 log_qty_mse=0.00848920 qty_mae=0.72555180
[epoch 217] backbone=titantpp seed=62 train_joint=-3.59114590 val_joint=-3.58358322 time_nll=-3.59139631 log_qty_mse=0.00781310 qty_mae=0.88534038
[epoch 218] backbone=titantpp seed=62 train_joint=-3.59114814 val_joint=-3.58328970 time_nll=-3.59138241 log_qty_mse=0.00809271 qty_mae=0.68938050
[epoch 219] backbone=titantpp seed=62 train_joint=-3.59114137 val_joint=-3.58321612 time_nll=-3.59189370 log_qty_mse=0.00867758 qty_mae=0.75105698
[epoch 220] backbone=titantpp seed=62 train_joint=-3.59115778 val_joint=-3.58338186 time_nll=-3.59111706 log_qty_mse=0.00773520 qty_mae=0.70801868
[epoch 221] backbone=titantpp seed=62 train_joint=-3.59113469 val_joint=-3.58362851 time_nll=-3.59142687 log_qty_mse=0.00779836 qty_mae=0.78290297
[epoch 222] backbone=titantpp seed=62 train_joint=-3.59112562 val_joint=-3.58318049 time_nll=-3.59070837 log_qty_mse=0.00752788 qty_mae=0.73002532
[epoch 223] backbone=titantpp seed=62 train_joint=-3.59113032 val_joint=-3.58292129 time_nll=-3.59142392 log_qty_mse=0.00850263 qty_mae=0.73832847
[epoch 224] backbone=titantpp seed=62 train_joint=-3.59111535 val_joint=-3.58324441 time_nll=-3.59130523 log_qty_mse=0.00806081 qty_mae=0.80163443
[epoch 225] backbone=titantpp seed=62 train_joint=-3.59115000 val_joint=-3.58319721 time_nll=-3.59162718 log_qty_mse=0.00842998 qty_mae=0.73236547
[epoch 226] backbone=titantpp seed=62 train_joint=-3.59113788 val_joint=-3.58350780 time_nll=-3.59219912 log_qty_mse=0.00869131 qty_mae=0.96851859
[epoch 227] backbone=titantpp seed=62 train_joint=-3.59113600 val_joint=-3.58222648 time_nll=-3.59163517 log_qty_mse=0.00940869 qty_mae=0.71590232
[epoch 228] backbone=titantpp seed=62 train_joint=-3.59114258 val_joint=-3.58319819 time_nll=-3.59151532 log_qty_mse=0.00831713 qty_mae=0.68287223
[epoch 229] backbone=titantpp seed=62 train_joint=-3.59113436 val_joint=-3.58408461 time_nll=-3.59216829 log_qty_mse=0.00808368 qty_mae=0.67735288
[epoch 230] backbone=titantpp seed=62 train_joint=-3.59116617 val_joint=-3.58452870 time_nll=-3.59252893 log_qty_mse=0.00800023 qty_mae=0.68240454
[epoch 231] backbone=titantpp seed=62 train_joint=-3.59112896 val_joint=-3.58223768 time_nll=-3.59152749 log_qty_mse=0.00928981 qty_mae=0.71810425
[epoch 232] backbone=titantpp seed=62 train_joint=-3.59114242 val_joint=-3.58228350 time_nll=-3.59110101 log_qty_mse=0.00881751 qty_mae=0.74204078
[epoch 233] backbone=titantpp seed=62 train_joint=-3.59114947 val_joint=-3.58229663 time_nll=-3.59141753 log_qty_mse=0.00912090 qty_mae=0.97767660
[epoch 234] backbone=titantpp seed=62 train_joint=-3.59116142 val_joint=-3.58244429 time_nll=-3.59153602 log_qty_mse=0.00909173 qty_mae=0.71480840
[epoch 235] backbone=titantpp seed=62 train_joint=-3.59113886 val_joint=-3.58281295 time_nll=-3.59206217 log_qty_mse=0.00924923 qty_mae=0.68074512
[epoch 236] backbone=titantpp seed=62 train_joint=-3.59115667 val_joint=-3.58342777 time_nll=-3.59141201 log_qty_mse=0.00798424 qty_mae=1.01685710
[epoch 237] backbone=titantpp seed=62 train_joint=-3.59114623 val_joint=-3.58360880 time_nll=-3.59192576 log_qty_mse=0.00831696 qty_mae=0.71770066
[epoch 238] backbone=titantpp seed=62 train_joint=-3.59116198 val_joint=-3.58244998 time_nll=-3.59172386 log_qty_mse=0.00927388 qty_mae=1.00581414
[epoch 239] backbone=titantpp seed=62 train_joint=-3.59116325 val_joint=-3.58437179 time_nll=-3.59186391 log_qty_mse=0.00749211 qty_mae=0.71884187
[epoch 240] backbone=titantpp seed=62 train_joint=-3.59115312 val_joint=-3.58259302 time_nll=-3.59156072 log_qty_mse=0.00896770 qty_mae=0.97969311
[epoch 241] backbone=titantpp seed=62 train_joint=-3.59115794 val_joint=-3.58253465 time_nll=-3.59243148 log_qty_mse=0.00989683 qty_mae=0.73428409
[epoch 242] backbone=titantpp seed=62 train_joint=-3.59115127 val_joint=-3.58237696 time_nll=-3.59193225 log_qty_mse=0.00955529 qty_mae=0.78330192
[epoch 243] backbone=titantpp seed=62 train_joint=-3.59115820 val_joint=-3.58444412 time_nll=-3.59192196 log_qty_mse=0.00747784 qty_mae=0.66954625
[epoch 244] backbone=titantpp seed=62 train_joint=-3.59117108 val_joint=-3.58244479 time_nll=-3.59132468 log_qty_mse=0.00887989 qty_mae=0.89323350
[epoch 245] backbone=titantpp seed=62 train_joint=-3.59117118 val_joint=-3.58429717 time_nll=-3.59211151 log_qty_mse=0.00781434 qty_mae=0.77673847
[epoch 246] backbone=titantpp seed=62 train_joint=-3.59118212 val_joint=-3.58422102 time_nll=-3.59170022 log_qty_mse=0.00747920 qty_mae=0.70912502
[epoch 247] backbone=titantpp seed=62 train_joint=-3.59114886 val_joint=-3.58401983 time_nll=-3.59181755 log_qty_mse=0.00779772 qty_mae=0.71273728
[epoch 248] backbone=titantpp seed=62 train_joint=-3.59117627 val_joint=-3.58336404 time_nll=-3.59190175 log_qty_mse=0.00853770 qty_mae=0.75081936
[epoch 249] backbone=titantpp seed=62 train_joint=-3.59118096 val_joint=-3.58322238 time_nll=-3.59233869 log_qty_mse=0.00911632 qty_mae=0.68248814
[epoch 250] backbone=titantpp seed=62 train_joint=-3.59116170 val_joint=-3.58370910 time_nll=-3.59225548 log_qty_mse=0.00854638 qty_mae=0.82121802
[epoch 251] backbone=titantpp seed=62 train_joint=-3.59119580 val_joint=-3.58251392 time_nll=-3.59189013 log_qty_mse=0.00937621 qty_mae=0.73073132
[epoch 252] backbone=titantpp seed=62 train_joint=-3.59116160 val_joint=-3.58199455 time_nll=-3.59191743 log_qty_mse=0.00992288 qty_mae=0.86897615
[epoch 253] backbone=titantpp seed=62 train_joint=-3.59116909 val_joint=-3.58249428 time_nll=-3.59196454 log_qty_mse=0.00947026 qty_mae=0.83114475
[epoch 254] backbone=titantpp seed=62 train_joint=-3.59119815 val_joint=-3.58194295 time_nll=-3.59158888 log_qty_mse=0.00964593 qty_mae=0.94971546
[epoch 255] backbone=titantpp seed=62 train_joint=-3.59120283 val_joint=-3.58292614 time_nll=-3.59146099 log_qty_mse=0.00853485 qty_mae=0.82460734
[epoch 256] backbone=titantpp seed=62 train_joint=-3.59117792 val_joint=-3.58280332 time_nll=-3.59190595 log_qty_mse=0.00910263 qty_mae=0.77789715
[epoch 257] backbone=titantpp seed=62 train_joint=-3.59117899 val_joint=-3.58474738 time_nll=-3.59206328 log_qty_mse=0.00731590 qty_mae=0.68626092
[epoch 258] backbone=titantpp seed=62 train_joint=-3.59118213 val_joint=-3.58283638 time_nll=-3.59177860 log_qty_mse=0.00894222 qty_mae=0.92328392
[epoch 259] backbone=titantpp seed=62 train_joint=-3.59118078 val_joint=-3.58428466 time_nll=-3.59219797 log_qty_mse=0.00791331 qty_mae=0.65196700
[epoch 260] backbone=titantpp seed=62 train_joint=-3.59118291 val_joint=-3.58154502 time_nll=-3.59189785 log_qty_mse=0.01035283 qty_mae=0.77191300
[epoch 261] backbone=titantpp seed=62 train_joint=-3.59115257 val_joint=-3.58327077 time_nll=-3.59270000 log_qty_mse=0.00942924 qty_mae=0.86633328
[epoch 262] backbone=titantpp seed=62 train_joint=-3.59118896 val_joint=-3.58275412 time_nll=-3.59209686 log_qty_mse=0.00934274 qty_mae=0.76736989
[epoch 263] backbone=titantpp seed=62 train_joint=-3.59119294 val_joint=-3.58248198 time_nll=-3.59190890 log_qty_mse=0.00942692 qty_mae=0.65608849
[epoch 264] backbone=titantpp seed=62 train_joint=-3.59119384 val_joint=-3.58430194 time_nll=-3.59230501 log_qty_mse=0.00800307 qty_mae=0.72293057
[epoch 265] backbone=titantpp seed=62 train_joint=-3.59118688 val_joint=-3.58330401 time_nll=-3.59267629 log_qty_mse=0.00937227 qty_mae=0.73617280
[epoch 266] backbone=titantpp seed=62 train_joint=-3.59123577 val_joint=-3.58365664 time_nll=-3.59192453 log_qty_mse=0.00826789 qty_mae=0.72364404
[epoch 267] backbone=titantpp seed=62 train_joint=-3.59118407 val_joint=-3.58309085 time_nll=-3.59213064 log_qty_mse=0.00903979 qty_mae=0.85863449
[epoch 268] backbone=titantpp seed=62 train_joint=-3.59118566 val_joint=-3.58325900 time_nll=-3.59214427 log_qty_mse=0.00888527 qty_mae=0.67742094
[epoch 269] backbone=titantpp seed=62 train_joint=-3.59119180 val_joint=-3.58441187 time_nll=-3.59233163 log_qty_mse=0.00791976 qty_mae=0.71599920
[epoch 270] backbone=titantpp seed=62 train_joint=-3.59118759 val_joint=-3.58350710 time_nll=-3.59234178 log_qty_mse=0.00883468 qty_mae=0.79656255
[epoch 271] backbone=titantpp seed=62 train_joint=-3.59119646 val_joint=-3.58419926 time_nll=-3.59258853 log_qty_mse=0.00838927 qty_mae=0.67838738
[epoch 272] backbone=titantpp seed=62 train_joint=-3.59119911 val_joint=-3.58372563 time_nll=-3.59247659 log_qty_mse=0.00875095 qty_mae=0.71217043
[epoch 273] backbone=titantpp seed=62 train_joint=-3.59124697 val_joint=-3.58366395 time_nll=-3.59218481 log_qty_mse=0.00852087 qty_mae=0.68970478
[epoch 274] backbone=titantpp seed=62 train_joint=-3.59121555 val_joint=-3.58417345 time_nll=-3.59270277 log_qty_mse=0.00852932 qty_mae=0.73046832
[epoch 275] backbone=titantpp seed=62 train_joint=-3.59120234 val_joint=-3.58299028 time_nll=-3.59193808 log_qty_mse=0.00894780 qty_mae=0.72643078
[epoch 276] backbone=titantpp seed=62 train_joint=-3.59120178 val_joint=-3.58429333 time_nll=-3.59211634 log_qty_mse=0.00782302 qty_mae=0.67065501
[epoch 277] backbone=titantpp seed=62 train_joint=-3.59118676 val_joint=-3.58303960 time_nll=-3.59244611 log_qty_mse=0.00940651 qty_mae=0.73219999
[epoch 278] backbone=titantpp seed=62 train_joint=-3.59122757 val_joint=-3.58355648 time_nll=-3.59209605 log_qty_mse=0.00853957 qty_mae=0.75318299
[epoch 279] backbone=titantpp seed=62 train_joint=-3.59121972 val_joint=-3.58347875 time_nll=-3.59259816 log_qty_mse=0.00911941 qty_mae=0.88592121
[epoch 280] backbone=titantpp seed=62 train_joint=-3.59120945 val_joint=-3.58478273 time_nll=-3.59241875 log_qty_mse=0.00763602 qty_mae=0.79899410
[epoch 281] backbone=titantpp seed=62 train_joint=-3.59119275 val_joint=-3.58327313 time_nll=-3.59247526 log_qty_mse=0.00920213 qty_mae=0.86155244
[epoch 282] backbone=titantpp seed=62 train_joint=-3.59120431 val_joint=-3.58468324 time_nll=-3.59225872 log_qty_mse=0.00757548 qty_mae=0.74119665
[epoch 283] backbone=titantpp seed=62 train_joint=-3.59121732 val_joint=-3.58398135 time_nll=-3.59248145 log_qty_mse=0.00850010 qty_mae=0.82275080
[epoch 284] backbone=titantpp seed=62 train_joint=-3.59120121 val_joint=-3.58479683 time_nll=-3.59306176 log_qty_mse=0.00826492 qty_mae=0.81645010
[epoch 285] backbone=titantpp seed=62 train_joint=-3.59119300 val_joint=-3.58466251 time_nll=-3.59246070 log_qty_mse=0.00779819 qty_mae=0.65849890
[epoch 286] backbone=titantpp seed=62 train_joint=-3.59120433 val_joint=-3.58397458 time_nll=-3.59282879 log_qty_mse=0.00885420 qty_mae=0.70805554
[epoch 287] backbone=titantpp seed=62 train_joint=-3.59121804 val_joint=-3.58317060 time_nll=-3.59248639 log_qty_mse=0.00931580 qty_mae=0.70342072
[epoch 288] backbone=titantpp seed=62 train_joint=-3.59120931 val_joint=-3.58321138 time_nll=-3.59260784 log_qty_mse=0.00939645 qty_mae=0.69138266
[epoch 289] backbone=titantpp seed=62 train_joint=-3.59120231 val_joint=-3.58300172 time_nll=-3.59227097 log_qty_mse=0.00926925 qty_mae=0.83971167
[epoch 290] backbone=titantpp seed=62 train_joint=-3.59123617 val_joint=-3.58386921 time_nll=-3.59230131 log_qty_mse=0.00843210 qty_mae=0.72826294
[epoch 291] backbone=titantpp seed=62 train_joint=-3.59120509 val_joint=-3.58492899 time_nll=-3.59255540 log_qty_mse=0.00762642 qty_mae=0.80657062
[epoch 292] backbone=titantpp seed=62 train_joint=-3.59120133 val_joint=-3.58407792 time_nll=-3.59264565 log_qty_mse=0.00856773 qty_mae=0.71031849
[epoch 293] backbone=titantpp seed=62 train_joint=-3.59121783 val_joint=-3.58368356 time_nll=-3.59266840 log_qty_mse=0.00898484 qty_mae=0.69100813
[epoch 294] backbone=titantpp seed=62 train_joint=-3.59123958 val_joint=-3.58464156 time_nll=-3.59250332 log_qty_mse=0.00786176 qty_mae=0.74297014
[epoch 295] backbone=titantpp seed=62 train_joint=-3.59123247 val_joint=-3.58332098 time_nll=-3.59252814 log_qty_mse=0.00920716 qty_mae=0.82651857
[epoch 296] backbone=titantpp seed=62 train_joint=-3.59125418 val_joint=-3.58378900 time_nll=-3.59268223 log_qty_mse=0.00889322 qty_mae=0.72208567
[epoch 297] backbone=titantpp seed=62 train_joint=-3.59120094 val_joint=-3.58327362 time_nll=-3.59292556 log_qty_mse=0.00965194 qty_mae=0.90101413
[epoch 298] backbone=titantpp seed=62 train_joint=-3.59122885 val_joint=-3.58359476 time_nll=-3.59240674 log_qty_mse=0.00881199 qty_mae=0.74246631
[epoch 299] backbone=titantpp seed=62 train_joint=-3.59122435 val_joint=-3.58305430 time_nll=-3.59223878 log_qty_mse=0.00918448 qty_mae=0.80041030
[epoch 300] backbone=titantpp seed=62 train_joint=-3.59123109 val_joint=-3.58391967 time_nll=-3.59245387 log_qty_mse=0.00853420 qty_mae=0.77122045
[complete] output_dir=/home/leekwanhyeong/workspace/paper_research/search_artifacts/count_aware_tpp_backbone_control_e300_20260812 runs=9
