dataset,selector,cell,scope,role,count,joint_objective,log_qty_mse,qty_mae,qty_rmse,time_nll
intermittent_v2,joint,constant_log_mse,body_le_p95,baseline,81739,-3.5852435315308204,0.007324397939479449,0.603369344755832,1.2731964285627633,-3.5925679294702997
intermittent_v2,joint,constant_log_mse,body_le_p95,candidate,81739,-3.5852435315308204,0.007324397939479449,0.603369344755832,1.2731964285627633,-3.5925679294702997
intermittent_v2,joint,constant_log_mse,gt_p99,baseline,1141,-3.5984512928826424,0.0007697586402300866,6.067985634966758,7.793839666776394,-3.5992210515228726
intermittent_v2,joint,constant_log_mse,gt_p99,candidate,1141,-3.5984512928826424,0.0007697586402300866,6.067985634966758,7.793839666776394,-3.5992210515228726
intermittent_v2,joint,constant_log_mse,history_65_128,baseline,28456,-3.594745744282006,0.004679457426251971,1.301943531109605,2.547899900611619,-3.5994252017082577
intermittent_v2,joint,constant_log_mse,history_65_128,candidate,28456,-3.594745744282006,0.004679457426251971,1.301943531109605,2.547899900611619,-3.5994252017082577
intermittent_v2,joint,constant_log_mse,history_gt_128,baseline,32741,-3.5713117823250857,0.010776250619312413,0.1435155487210555,0.455518561637507,-3.582088032944398
intermittent_v2,joint,constant_log_mse,history_gt_128,candidate,32741,-3.5713117823250857,0.010776250619312413,0.1435155487210555,0.455518561637507,-3.582088032944398
intermittent_v2,joint,constant_log_mse,history_le_64,baseline,25088,-3.5942367462207,0.005220988281315828,0.9570142673922475,1.6028627469636274,-3.599457734502016
intermittent_v2,joint,constant_log_mse,history_le_64,candidate,25088,-3.5942367462207,0.005220988281315828,0.9570142673922475,1.6028627469636274,-3.599457734502016
intermittent_v2,joint,constant_log_mse,le_p50,baseline,45036,-3.5789222637202966,0.008113786998835715,0.08681285343333008,0.2225052840533853,-3.5870360507191323
intermittent_v2,joint,constant_log_mse,le_p50,candidate,45036,-3.5789222637202966,0.008113786998835715,0.08681285343333008,0.2225052840533853,-3.5870360507191323
intermittent_v2,joint,constant_log_mse,overall,baseline,86285,-3.5857056899064643,0.007150350768383675,0.7620852018574226,1.7224035439438634,-3.592856040674848
intermittent_v2,joint,constant_log_mse,overall,candidate,86285,-3.5857056899064643,0.007150350768383675,0.7620852018574226,1.7224035439438634,-3.592856040674848
intermittent_v2,joint,constant_log_mse,p50_p90,baseline,29579,-3.593220123253776,0.006144632164180698,0.9939213998782239,1.541711023257679,-3.5993647554179566
intermittent_v2,joint,constant_log_mse,p50_p90,candidate,29579,-3.593220123253776,0.006144632164180698,0.9939213998782239,1.541711023257679,-3.5993647554179566
intermittent_v2,joint,constant_log_mse,p90_p95,baseline,7124,-3.5920858968510645,0.007232506613032639,2.2473192190869615,2.901288922258527,-3.599318403464097
intermittent_v2,joint,constant_log_mse,p90_p95,candidate,7124,-3.5920858968510645,0.007232506613032639,2.2473192190869615,2.901288922258527,-3.599318403464097
intermittent_v2,joint,constant_log_mse,p95_p99,baseline,3405,-3.592529076241559,0.005110354850623253,2.794168329448952,3.988578781518075,-3.5976394310921824
intermittent_v2,joint,constant_log_mse,p95_p99,candidate,3405,-3.592529076241559,0.005110354850623253,2.794168329448952,3.988578781518075,-3.5976394310921824
intermittent_v2,joint,constant_log_mse,tail_gt_p95,baseline,4546,-3.59401549269283,0.004020909123377631,3.615863346078036,5.211711447178472,-3.5980364018162074
intermittent_v2,joint,constant_log_mse,tail_gt_p95,candidate,4546,-3.59401549269283,0.004020909123377631,3.615863346078036,5.211711447178472,-3.5980364018162074
intermittent_v2,body,constant_log_mse,body_le_p95,baseline,81739,-3.5852435315308204,0.007324397939479449,0.603369344755832,1.2731964285627633,-3.5925679294702997
intermittent_v2,body,constant_log_mse,body_le_p95,candidate,81739,-3.585036518173862,0.007531411296437587,0.5368804790867229,1.1845848087223219,-3.5925679294702997
intermittent_v2,body,constant_log_mse,gt_p99,baseline,1141,-3.5984512928826424,0.0007697586402300866,6.067985634966758,7.793839666776394,-3.5992210515228726
intermittent_v2,body,constant_log_mse,gt_p99,candidate,1141,-3.598398031435534,0.0008230200873385895,6.029593451831761,8.099916038026189,-3.5992210515228726
intermittent_v2,body,constant_log_mse,history_65_128,baseline,28456,-3.594745744282006,0.004679457426251971,1.301943531109605,2.547899900611619,-3.5994252017082577
intermittent_v2,body,constant_log_mse,history_65_128,candidate,28456,-3.5947618724853885,0.004663329222869064,1.23904864002613,2.6425149972036173,-3.5994252017082577
intermittent_v2,body,constant_log_mse,history_gt_128,baseline,32741,-3.5713117823250857,0.010776250619312413,0.1435155487210555,0.455518561637507,-3.582088032944398
intermittent_v2,body,constant_log_mse,history_gt_128,candidate,32741,-3.5702078001015347,0.011880232842863256,0.17111011971033893,0.5531615861601501,-3.582088032944398
intermittent_v2,body,constant_log_mse,history_le_64,baseline,25088,-3.5942367462207,0.005220988281315828,0.9570142673922475,1.6028627469636274,-3.599457734502016
intermittent_v2,body,constant_log_mse,history_le_64,candidate,25088,-3.594999386054421,0.004458348447594976,0.8036070345040905,1.3448062309808253,-3.599457734502016
intermittent_v2,body,constant_log_mse,le_p50,baseline,45036,-3.5789222637202966,0.008113786998835715,0.08681285343333008,0.2225052840533853,-3.5870360507191323
intermittent_v2,body,constant_log_mse,le_p50,candidate,45036,-3.5780464561506657,0.00898959456846651,0.10526918993955268,0.23445849551879333,-3.5870360507191323
intermittent_v2,body,constant_log_mse,overall,baseline,86285,-3.5857056899064643,0.007150350768383675,0.7620852018574226,1.7224035439438634,-3.592856040674848
intermittent_v2,body,constant_log_mse,overall,candidate,86285,-3.585513843934657,0.007342196740191351,0.707209570744143,1.7160521217018014,-3.592856040674848
intermittent_v2,body,constant_log_mse,p50_p90,baseline,29579,-3.593220123253776,0.006144632164180698,0.9939213998782239,1.541711023257679,-3.5993647554179566
intermittent_v2,body,constant_log_mse,p50_p90,candidate,29579,-3.593427986112788,0.00593676930516852,0.9304848735998842,1.557928700503959,-3.5993647554179566
intermittent_v2,body,constant_log_mse,p90_p95,baseline,7124,-3.5920858968510645,0.007232506613032639,2.2473192190869615,2.901288922258527,-3.599318403464097
intermittent_v2,body,constant_log_mse,p90_p95,candidate,7124,-3.5943842446072085,0.004934158856888629,1.6311563960894113,2.3823064930221083,-3.599318403464097
intermittent_v2,body,constant_log_mse,p95_p99,baseline,3405,-3.592529076241559,0.005110354850623253,2.794168329448952,3.988578781518075,-3.5976394310921824
intermittent_v2,body,constant_log_mse,p95_p99,candidate,3405,-3.592654893104445,0.0049845379877372885,3.012551601482733,4.353542282967704,-3.5976394310921824
intermittent_v2,body,constant_log_mse,tail_gt_p95,baseline,4546,-3.59401549269283,0.004020909123377631,3.615863346078036,5.211711447178472,-3.5980364018162074
intermittent_v2,body,constant_log_mse,tail_gt_p95,candidate,4546,-3.594096362711962,0.0039400391042452255,3.7697985771202696,5.537448959339746,-3.5980364018162074
intermittent_v2,joint,constant_raw_mae,body_le_p95,baseline,81739,-3.5852435315308204,0.007324397939479449,0.603369344755832,1.2731964285627633,-3.5925679294702997
intermittent_v2,joint,constant_raw_mae,body_le_p95,candidate,81739,-3.5852435315308204,0.007324397939479449,0.603369344755832,1.2731964285627633,-3.5925679294702997
intermittent_v2,joint,constant_raw_mae,gt_p99,baseline,1141,-3.5984512928826424,0.0007697586402300866,6.067985634966758,7.793839666776394,-3.5992210515228726
intermittent_v2,joint,constant_raw_mae,gt_p99,candidate,1141,-3.5984512928826424,0.0007697586402300866,6.067985634966758,7.793839666776394,-3.5992210515228726
intermittent_v2,joint,constant_raw_mae,history_65_128,baseline,28456,-3.594745744282006,0.004679457426251971,1.301943531109605,2.547899900611619,-3.5994252017082577
intermittent_v2,joint,constant_raw_mae,history_65_128,candidate,28456,-3.594745744282006,0.004679457426251971,1.301943531109605,2.547899900611619,-3.5994252017082577
intermittent_v2,joint,constant_raw_mae,history_gt_128,baseline,32741,-3.5713117823250857,0.010776250619312413,0.1435155487210555,0.455518561637507,-3.582088032944398
intermittent_v2,joint,constant_raw_mae,history_gt_128,candidate,32741,-3.5713117823250857,0.010776250619312413,0.1435155487210555,0.455518561637507,-3.582088032944398
intermittent_v2,joint,constant_raw_mae,history_le_64,baseline,25088,-3.5942367462207,0.005220988281315828,0.9570142673922475,1.6028627469636274,-3.599457734502016
intermittent_v2,joint,constant_raw_mae,history_le_64,candidate,25088,-3.5942367462207,0.005220988281315828,0.9570142673922475,1.6028627469636274,-3.599457734502016
intermittent_v2,joint,constant_raw_mae,le_p50,baseline,45036,-3.5789222637202966,0.008113786998835715,0.08681285343333008,0.2225052840533853,-3.5870360507191323
intermittent_v2,joint,constant_raw_mae,le_p50,candidate,45036,-3.5789222637202966,0.008113786998835715,0.08681285343333008,0.2225052840533853,-3.5870360507191323
intermittent_v2,joint,constant_raw_mae,overall,baseline,86285,-3.5857056899064643,0.007150350768383675,0.7620852018574226,1.7224035439438634,-3.592856040674848
intermittent_v2,joint,constant_raw_mae,overall,candidate,86285,-3.5857056899064643,0.007150350768383675,0.7620852018574226,1.7224035439438634,-3.592856040674848
intermittent_v2,joint,constant_raw_mae,p50_p90,baseline,29579,-3.593220123253776,0.006144632164180698,0.9939213998782239,1.541711023257679,-3.5993647554179566
intermittent_v2,joint,constant_raw_mae,p50_p90,candidate,29579,-3.593220123253776,0.006144632164180698,0.9939213998782239,1.541711023257679,-3.5993647554179566
intermittent_v2,joint,constant_raw_mae,p90_p95,baseline,7124,-3.5920858968510645,0.007232506613032639,2.2473192190869615,2.901288922258527,-3.599318403464097
intermittent_v2,joint,constant_raw_mae,p90_p95,candidate,7124,-3.5920858968510645,0.007232506613032639,2.2473192190869615,2.901288922258527,-3.599318403464097
intermittent_v2,joint,constant_raw_mae,p95_p99,baseline,3405,-3.592529076241559,0.005110354850623253,2.794168329448952,3.988578781518075,-3.5976394310921824
intermittent_v2,joint,constant_raw_mae,p95_p99,candidate,3405,-3.592529076241559,0.005110354850623253,2.794168329448952,3.988578781518075,-3.5976394310921824
intermittent_v2,joint,constant_raw_mae,tail_gt_p95,baseline,4546,-3.59401549269283,0.004020909123377631,3.615863346078036,5.211711447178472,-3.5980364018162074
intermittent_v2,joint,constant_raw_mae,tail_gt_p95,candidate,4546,-3.59401549269283,0.004020909123377631,3.615863346078036,5.211711447178472,-3.5980364018162074
intermittent_v2,body,constant_raw_mae,body_le_p95,baseline,81739,-3.5852435315308204,0.007324397939479449,0.603369344755832,1.2731964285627633,-3.5925679294702997
intermittent_v2,body,constant_raw_mae,body_le_p95,candidate,81739,-3.584874932421874,0.007692997048425558,0.5369078910513121,1.1842663689965078,-3.5925679294702997
intermittent_v2,body,constant_raw_mae,gt_p99,baseline,1141,-3.5984512928826424,0.0007697586402300866,6.067985634966758,7.793839666776394,-3.5992210515228726
intermittent_v2,body,constant_raw_mae,gt_p99,candidate,1141,-3.598190499468281,0.001030552054591416,6.806449776464758,9.068654818745074,-3.5992210515228726
intermittent_v2,body,constant_raw_mae,history_65_128,baseline,28456,-3.594745744282006,0.004679457426251971,1.301943531109605,2.547899900611619,-3.5994252017082577
intermittent_v2,body,constant_raw_mae,history_65_128,candidate,28456,-3.5946302354706847,0.004794966237573074,1.2981889028649904,2.823752586763442,-3.5994252017082577
intermittent_v2,body,constant_raw_mae,history_gt_128,baseline,32741,-3.5713117823250857,0.010776250619312413,0.1435155487210555,0.455518561637507,-3.582088032944398
intermittent_v2,body,constant_raw_mae,history_gt_128,candidate,32741,-3.5698667956326333,0.012221237311764938,0.1802570465077754,0.5821928378230634,-3.582088032944398
intermittent_v2,body,constant_raw_mae,history_le_64,baseline,25088,-3.5942367462207,0.005220988281315828,0.9570142673922475,1.6028627469636274,-3.599457734502016
intermittent_v2,body,constant_raw_mae,history_le_64,candidate,25088,-3.595036328841795,0.004421405660220733,0.7975026221841346,1.338845567974423,-3.599457734502016
intermittent_v2,body,constant_raw_mae,le_p50,baseline,45036,-3.5789222637202966,0.008113786998835715,0.08681285343333008,0.2225052840533853,-3.5870360507191323
intermittent_v2,body,constant_raw_mae,le_p50,candidate,45036,-3.5777670563651554,0.009268994353976974,0.11168589359390046,0.23802021323076458,-3.5870360507191323
intermittent_v2,body,constant_raw_mae,overall,baseline,86285,-3.5857056899064643,0.007150350768383675,0.7620852018574226,1.7224035439438634,-3.592856040674848
intermittent_v2,body,constant_raw_mae,overall,candidate,86285,-3.5853517778796404,0.00750426279520766,0.7284094009966137,1.8109147824190763,-3.592856040674848
intermittent_v2,body,constant_raw_mae,p50_p90,baseline,29579,-3.593220123253776,0.006144632164180698,0.9939213998782239,1.541711023257679,-3.5993647554179566
intermittent_v2,body,constant_raw_mae,p50_p90,candidate,29579,-3.593309759544783,0.006054995873173598,0.948421530281217,1.5922811600059164,-3.5993647554179566
intermittent_v2,body,constant_raw_mae,p90_p95,baseline,7124,-3.5920858968510645,0.007232506613032639,2.2473192190869615,2.901288922258527,-3.599318403464097
intermittent_v2,body,constant_raw_mae,p90_p95,candidate,7124,-3.594787419033588,0.004530984430509242,1.5164328689725128,2.2818346869173256,-3.599318403464097
intermittent_v2,body,constant_raw_mae,p95_p99,baseline,3405,-3.592529076241559,0.005110354850623253,2.794168329448952,3.988578781518075,-3.5976394310921824
intermittent_v2,body,constant_raw_mae,p95_p99,candidate,3405,-3.5924965325168676,0.005142898575314978,3.288790561939301,4.677242450256424,-3.5976394310921824
intermittent_v2,body,constant_raw_mae,tail_gt_p95,baseline,4546,-3.59401549269283,0.004020909123377631,3.615863346078036,5.211711447178472,-3.5980364018162074
intermittent_v2,body,constant_raw_mae,tail_gt_p95,candidate,4546,-3.593925660605641,0.004110741210566719,4.171687430345273,6.085008287022013,-3.5980364018162074
intermittent_v2,joint,linear_log_mse,body_le_p95,baseline,81739,-3.5852435315308204,0.007324397939479449,0.603369344755832,1.2731964285627633,-3.5925679294702997
intermittent_v2,joint,linear_log_mse,body_le_p95,candidate,81739,-3.5856007351839607,0.006967194286338985,0.49727131757120874,1.1493349208460797,-3.5925679294702997
intermittent_v2,joint,linear_log_mse,gt_p99,baseline,1141,-3.5984512928826424,0.0007697586402300866,6.067985634966758,7.793839666776394,-3.5992210515228726
intermittent_v2,joint,linear_log_mse,gt_p99,candidate,1141,-3.598250269510812,0.0009707820120606361,6.7403748200506,9.040500607032573,-3.5992210515228726
intermittent_v2,joint,linear_log_mse,history_65_128,baseline,28456,-3.594745744282006,0.004679457426251971,1.301943531109605,2.547899900611619,-3.5994252017082577
intermittent_v2,joint,linear_log_mse,history_65_128,candidate,28456,-3.59530818233019,0.004117019378068,1.163600991861536,2.6852557976571334,-3.5994252017082577
intermittent_v2,joint,linear_log_mse,history_gt_128,baseline,32741,-3.5713117823250857,0.010776250619312413,0.1435155487210555,0.455518561637507,-3.582088032944398
intermittent_v2,joint,linear_log_mse,history_gt_128,candidate,32741,-3.5712275818910486,0.010860451053349603,0.1402184010036252,0.4265862511475863,-3.582088032944398
intermittent_v2,joint,linear_log_mse,history_le_64,baseline,25088,-3.5942367462207,0.005220988281315828,0.9570142673922475,1.6028627469636274,-3.599457734502016
intermittent_v2,joint,linear_log_mse,history_le_64,candidate,25088,-3.5949032241828203,0.004554510319195503,0.7885908386788845,1.3400909744568275,-3.599457734502016
intermittent_v2,joint,linear_log_mse,le_p50,baseline,45036,-3.5789222637202966,0.008113786998835715,0.08681285343333008,0.2225052840533853,-3.5870360507191323
intermittent_v2,joint,linear_log_mse,le_p50,candidate,45036,-3.5788406486004303,0.008195402118702132,0.08921229390529875,0.22342476256059263,-3.5870360507191323
intermittent_v2,joint,linear_log_mse,overall,baseline,86285,-3.5857056899064643,0.007150350768383675,0.7620852018574226,1.7224035439438634,-3.592856040674848
intermittent_v2,joint,linear_log_mse,overall,candidate,86285,-3.5860530101799997,0.006803030494848457,0.666239641333342,1.7231352454351354,-3.592856040674848
intermittent_v2,joint,linear_log_mse,p50_p90,baseline,29579,-3.593220123253776,0.006144632164180698,0.9939213998782239,1.541711023257679,-3.5993647554179566
intermittent_v2,joint,linear_log_mse,p50_p90,candidate,29579,-3.5936992883785255,0.005665467039430964,0.891585170946618,1.5324300534958104,-3.5993647554179566
intermittent_v2,joint,linear_log_mse,p90_p95,baseline,7124,-3.5920858968510645,0.007232506613032639,2.2473192190869615,2.901288922258527,-3.599318403464097
intermittent_v2,joint,linear_log_mse,p90_p95,candidate,7124,-3.5947108073953347,0.004607596068762585,1.4397104979230742,2.2562250793774705,-3.599318403464097
intermittent_v2,joint,linear_log_mse,p95_p99,baseline,3405,-3.592529076241559,0.005110354850623253,2.794168329448952,3.988578781518075,-3.5976394310921824
intermittent_v2,joint,linear_log_mse,p95_p99,candidate,3405,-3.592822887714451,0.004816543377731443,2.687007211693583,4.017856433579927,-3.5976394310921824
intermittent_v2,joint,linear_log_mse,tail_gt_p95,baseline,4546,-3.59401549269283,0.004020909123377631,3.615863346078036,5.211711447178472,-3.5980364018162074
intermittent_v2,joint,linear_log_mse,tail_gt_p95,candidate,4546,-3.594185105626824,0.003851296189383359,3.704361466232817,5.710075687967875,-3.5980364018162074
intermittent_v2,body,linear_log_mse,body_le_p95,baseline,81739,-3.5852435315308204,0.007324397939479449,0.603369344755832,1.2731964285627633,-3.5925679294702997
intermittent_v2,body,linear_log_mse,body_le_p95,candidate,81739,-3.5856007351839607,0.006967194286338985,0.49727131757120874,1.1493349208460797,-3.5925679294702997
intermittent_v2,body,linear_log_mse,gt_p99,baseline,1141,-3.5984512928826424,0.0007697586402300866,6.067985634966758,7.793839666776394,-3.5992210515228726
intermittent_v2,body,linear_log_mse,gt_p99,candidate,1141,-3.598250269510812,0.0009707820120606361,6.7403748200506,9.040500607032573,-3.5992210515228726
intermittent_v2,body,linear_log_mse,history_65_128,baseline,28456,-3.594745744282006,0.004679457426251971,1.301943531109605,2.547899900611619,-3.5994252017082577
intermittent_v2,body,linear_log_mse,history_65_128,candidate,28456,-3.59530818233019,0.004117019378068,1.163600991861536,2.6852557976571334,-3.5994252017082577
intermittent_v2,body,linear_log_mse,history_gt_128,baseline,32741,-3.5713117823250857,0.010776250619312413,0.1435155487210555,0.455518561637507,-3.582088032944398
intermittent_v2,body,linear_log_mse,history_gt_128,candidate,32741,-3.5712275818910486,0.010860451053349603,0.1402184010036252,0.4265862511475863,-3.582088032944398
intermittent_v2,body,linear_log_mse,history_le_64,baseline,25088,-3.5942367462207,0.005220988281315828,0.9570142673922475,1.6028627469636274,-3.599457734502016
intermittent_v2,body,linear_log_mse,history_le_64,candidate,25088,-3.5949032241828203,0.004554510319195503,0.7885908386788845,1.3400909744568275,-3.599457734502016
intermittent_v2,body,linear_log_mse,le_p50,baseline,45036,-3.5789222637202966,0.008113786998835715,0.08681285343333008,0.2225052840533853,-3.5870360507191323
intermittent_v2,body,linear_log_mse,le_p50,candidate,45036,-3.5788406486004303,0.008195402118702132,0.08921229390529875,0.22342476256059263,-3.5870360507191323
intermittent_v2,body,linear_log_mse,overall,baseline,86285,-3.5857056899064643,0.007150350768383675,0.7620852018574226,1.7224035439438634,-3.592856040674848
intermittent_v2,body,linear_log_mse,overall,candidate,86285,-3.5860530101799997,0.006803030494848457,0.666239641333342,1.7231352454351354,-3.592856040674848
intermittent_v2,body,linear_log_mse,p50_p90,baseline,29579,-3.593220123253776,0.006144632164180698,0.9939213998782239,1.541711023257679,-3.5993647554179566
intermittent_v2,body,linear_log_mse,p50_p90,candidate,29579,-3.5936992883785255,0.005665467039430964,0.891585170946618,1.5324300534958104,-3.5993647554179566
intermittent_v2,body,linear_log_mse,p90_p95,baseline,7124,-3.5920858968510645,0.007232506613032639,2.2473192190869615,2.901288922258527,-3.599318403464097
intermittent_v2,body,linear_log_mse,p90_p95,candidate,7124,-3.5947108073953347,0.004607596068762585,1.4397104979230742,2.2562250793774705,-3.599318403464097
intermittent_v2,body,linear_log_mse,p95_p99,baseline,3405,-3.592529076241559,0.005110354850623253,2.794168329448952,3.988578781518075,-3.5976394310921824
intermittent_v2,body,linear_log_mse,p95_p99,candidate,3405,-3.592822887714451,0.004816543377731443,2.687007211693583,4.017856433579927,-3.5976394310921824
intermittent_v2,body,linear_log_mse,tail_gt_p95,baseline,4546,-3.59401549269283,0.004020909123377631,3.615863346078036,5.211711447178472,-3.5980364018162074
intermittent_v2,body,linear_log_mse,tail_gt_p95,candidate,4546,-3.594185105626824,0.003851296189383359,3.704361466232817,5.710075687967875,-3.5980364018162074
intermittent_v2,joint,linear_raw_mae,body_le_p95,baseline,81739,-3.5852435315308204,0.007324397939479449,0.603369344755832,1.2731964285627633,-3.5925679294702997
intermittent_v2,joint,linear_raw_mae,body_le_p95,candidate,81739,-3.585543905178641,0.007024024291658962,0.49353965177868997,1.1795734639500557,-3.5925679294702997
intermittent_v2,joint,linear_raw_mae,gt_p99,baseline,1141,-3.5984512928826424,0.0007697586402300866,6.067985634966758,7.793839666776394,-3.5992210515228726
intermittent_v2,joint,linear_raw_mae,gt_p99,candidate,1141,-3.5984119009833977,0.0008091505394749061,6.243143882383703,8.255739842599217,-3.5992210515228726
intermittent_v2,joint,linear_raw_mae,history_65_128,baseline,28456,-3.594745744282006,0.004679457426251971,1.301943531109605,2.547899900611619,-3.5994252017082577
intermittent_v2,joint,linear_raw_mae,history_65_128,candidate,28456,-3.5949567880386666,0.004468413669591213,1.132878659054792,2.5914876414960597,-3.5994252017082577
intermittent_v2,joint,linear_raw_mae,history_gt_128,baseline,32741,-3.5713117823250857,0.010776250619312413,0.1435155487210555,0.455518561637507,-3.582088032944398
intermittent_v2,joint,linear_raw_mae,history_gt_128,candidate,32741,-3.571451919150412,0.010636113793985892,0.1329997542039821,0.40587130580983277,-3.582088032944398
intermittent_v2,joint,linear_raw_mae,history_le_64,baseline,25088,-3.5942367462207,0.005220988281315828,0.9570142673922475,1.6028627469636274,-3.599457734502016
intermittent_v2,joint,linear_raw_mae,history_le_64,candidate,25088,-3.594807384096303,0.004650350405712545,0.7971527125277765,1.3904314201500538,-3.599457734502016
intermittent_v2,joint,linear_raw_mae,le_p50,baseline,45036,-3.5789222637202966,0.008113786998835715,0.08681285343333008,0.2225052840533853,-3.5870360507191323
intermittent_v2,joint,linear_raw_mae,le_p50,candidate,45036,-3.5789638093053813,0.008072241413750939,0.08785119041428599,0.22333977782504916,-3.5870360507191323
intermittent_v2,joint,linear_raw_mae,overall,baseline,86285,-3.5857056899064643,0.007150350768383675,0.7620852018574226,1.7224035439438634,-3.592856040674848
intermittent_v2,joint,linear_raw_mae,overall,candidate,86285,-3.5859943825408815,0.00686165813396646,0.6558579976398284,1.685063972164224,-3.592856040674848
intermittent_v2,joint,linear_raw_mae,p50_p90,baseline,29579,-3.593220123253776,0.006144632164180698,0.9939213998782239,1.541711023257679,-3.5993647554179566
intermittent_v2,joint,linear_raw_mae,p50_p90,candidate,29579,-3.5933160555812824,0.006048699836674105,0.9278043718785204,1.621673762264223,-3.5993647554179566
intermittent_v2,joint,linear_raw_mae,p90_p95,baseline,7124,-3.5920858968510645,0.007232506613032639,2.2473192190869615,2.901288922258527,-3.599318403464097
intermittent_v2,joint,linear_raw_mae,p90_p95,candidate,7124,-3.5948713561871433,0.004447047276953618,1.255115928842672,2.174874247847258,-3.599318403464097
intermittent_v2,joint,linear_raw_mae,p95_p99,baseline,3405,-3.592529076241559,0.005110354850623253,2.794168329448952,3.988578781518075,-3.5976394310921824
intermittent_v2,joint,linear_raw_mae,p95_p99,candidate,3405,-3.592647299007647,0.004992132084535445,2.6801299735137896,3.9639566311482644,-3.5976394310921824
intermittent_v2,joint,linear_raw_mae,tail_gt_p95,baseline,4546,-3.59401549269283,0.004020909123377631,3.615863346078036,5.211711447178472,-3.5980364018162074
intermittent_v2,joint,linear_raw_mae,tail_gt_p95,candidate,4546,-3.594094155772788,0.003942246043419283,3.574410411265785,5.3736335782269045,-3.5980364018162074
intermittent_v2,body,linear_raw_mae,body_le_p95,baseline,81739,-3.5852435315308204,0.007324397939479449,0.603369344755832,1.2731964285627633,-3.5925679294702997
intermittent_v2,body,linear_raw_mae,body_le_p95,candidate,81739,-3.5854813726522226,0.007086556818077182,0.4887566220436723,1.1704365031575192,-3.5925679294702997
intermittent_v2,body,linear_raw_mae,gt_p99,baseline,1141,-3.5984512928826424,0.0007697586402300866,6.067985634966758,7.793839666776394,-3.5992210515228726
intermittent_v2,body,linear_raw_mae,gt_p99,candidate,1141,-3.5984653531678914,0.0007556983549812469,5.996411496562774,7.710745363273076,-3.5992210515228726
intermittent_v2,body,linear_raw_mae,history_65_128,baseline,28456,-3.594745744282006,0.004679457426251971,1.301943531109605,2.547899900611619,-3.5994252017082577
intermittent_v2,body,linear_raw_mae,history_65_128,candidate,28456,-3.5950360032271083,0.004389198481149711,1.0984641351256104,2.450621183250779,-3.5994252017082577
intermittent_v2,body,linear_raw_mae,history_gt_128,baseline,32741,-3.5713117823250857,0.010776250619312413,0.1435155487210555,0.455518561637507,-3.582088032944398
intermittent_v2,body,linear_raw_mae,history_gt_128,candidate,32741,-3.571151057967492,0.010936974976905997,0.13317562058567545,0.4107460637100558,-3.582088032944398
intermittent_v2,body,linear_raw_mae,history_le_64,baseline,25088,-3.5942367462207,0.005220988281315828,0.9570142673922475,1.6028627469636274,-3.599457734502016
intermittent_v2,body,linear_raw_mae,history_le_64,candidate,25088,-3.5949043977863515,0.004553336715664327,0.7990158720426641,1.4792927693942433,-3.599457734502016
intermittent_v2,body,linear_raw_mae,le_p50,baseline,45036,-3.5789222637202966,0.008113786998835715,0.08681285343333008,0.2225052840533853,-3.5870360507191323
intermittent_v2,body,linear_raw_mae,le_p50,candidate,45036,-3.5787434774454647,0.008292573273667721,0.08734814564858166,0.22605103048342073,-3.5870360507191323
intermittent_v2,body,linear_raw_mae,overall,baseline,86285,-3.5857056899064643,0.007150350768383675,0.7620852018574226,1.7224035439438634,-3.592856040674848
intermittent_v2,body,linear_raw_mae,overall,candidate,86285,-3.585934552105328,0.006921488569520335,0.6451168641193293,1.637332557088088,-3.592856040674848
intermittent_v2,body,linear_raw_mae,p50_p90,baseline,29579,-3.593220123253776,0.006144632164180698,0.9939213998782239,1.541711023257679,-3.5993647554179566
intermittent_v2,body,linear_raw_mae,p50_p90,candidate,29579,-3.5935496700249145,0.0058150853930422864,0.8992194816288284,1.5789193326939626,-3.5993647554179566
intermittent_v2,body,linear_raw_mae,p90_p95,baseline,7124,-3.5920858968510645,0.007232506613032639,2.2473192190869615,2.901288922258527,-3.599318403464097
intermittent_v2,body,linear_raw_mae,p90_p95,candidate,7124,-3.594576779803357,0.004741623660740239,1.3221018240734275,2.2459235049459507,-3.599318403464097
intermittent_v2,body,linear_raw_mae,p95_p99,baseline,3405,-3.592529076241559,0.005110354850623253,2.794168329448952,3.988578781518075,-3.5976394310921824
intermittent_v2,body,linear_raw_mae,p95_p99,candidate,3405,-3.592614373340283,0.005025057751899474,2.605440697130828,3.889175799042302,-3.5976394310921824
intermittent_v2,body,linear_raw_mae,tail_gt_p95,baseline,4546,-3.59401549269283,0.004020909123377631,3.615863346078036,5.211711447178472,-3.5980364018162074
intermittent_v2,body,linear_raw_mae,tail_gt_p95,candidate,4546,-3.5940829100722014,0.003953491744006008,3.456540055281257,5.123675063081715,-3.5980364018162074
intermittent_v2,joint,mlp_log_mse,body_le_p95,baseline,81739,-3.5852435315308204,0.007324397939479449,0.603369344755832,1.2731964285627633,-3.5925679294702997
intermittent_v2,joint,mlp_log_mse,body_le_p95,candidate,81739,-3.585381974059804,0.007185955410495922,0.5185745103076961,1.1700927652755417,-3.5925679294702997
intermittent_v2,joint,mlp_log_mse,gt_p99,baseline,1141,-3.5984512928826424,0.0007697586402300866,6.067985634966758,7.793839666776394,-3.5992210515228726
intermittent_v2,joint,mlp_log_mse,gt_p99,candidate,1141,-3.59760294974802,0.001618101774852719,9.205429759180202,11.547318056027152,-3.5992210515228726
intermittent_v2,joint,mlp_log_mse,history_65_128,baseline,28456,-3.594745744282006,0.004679457426251971,1.301943531109605,2.547899900611619,-3.5994252017082577
intermittent_v2,joint,mlp_log_mse,history_65_128,candidate,28456,-3.5949083888394475,0.004516812868810149,1.3970936176953337,3.2048280861254614,-3.5994252017082577
intermittent_v2,joint,mlp_log_mse,history_gt_128,baseline,32741,-3.5713117823250857,0.010776250619312413,0.1435155487210555,0.455518561637507,-3.582088032944398
intermittent_v2,joint,mlp_log_mse,history_gt_128,candidate,32741,-3.5708982921568135,0.01118974078758435,0.16053188961641088,0.6148089496783257,-3.582088032944398
intermittent_v2,joint,mlp_log_mse,history_le_64,baseline,25088,-3.5942367462207,0.005220988281315828,0.9570142673922475,1.6028627469636274,-3.599457734502016
intermittent_v2,joint,mlp_log_mse,history_le_64,candidate,25088,-3.5949761991691527,0.004481535332863005,0.8072694620873057,1.371662525302797,-3.599457734502016
intermittent_v2,joint,mlp_log_mse,le_p50,baseline,45036,-3.5789222637202966,0.008113786998835715,0.08681285343333008,0.2225052840533853,-3.5870360507191323
intermittent_v2,joint,mlp_log_mse,le_p50,candidate,45036,-3.5786323733083916,0.00840367741074093,0.08875812732132579,0.22724213546140015,-3.5870360507191323
intermittent_v2,joint,mlp_log_mse,overall,baseline,86285,-3.5857056899064643,0.007150350768383675,0.7620852018574226,1.7224035439438634,-3.592856040674848
intermittent_v2,joint,mlp_log_mse,overall,candidate,86285,-3.585817430388564,0.007038610286284151,0.7563823010710512,2.019339706794263,-3.592856040674848
intermittent_v2,joint,mlp_log_mse,p50_p90,baseline,29579,-3.593220123253776,0.006144632164180698,0.9939213998782239,1.541711023257679,-3.5993647554179566
intermittent_v2,joint,mlp_log_mse,p50_p90,candidate,29579,-3.593309784021915,0.006054971396041432,0.957651333746189,1.6003067322683442,-3.5993647554179566
intermittent_v2,joint,mlp_log_mse,p90_p95,baseline,7124,-3.5920858968510645,0.007232506613032639,2.2473192190869615,2.901288922258527,-3.599318403464097
intermittent_v2,joint,mlp_log_mse,p90_p95,candidate,7124,-3.595134687222535,0.004183716241562049,1.412701021212664,2.1792682125561225,-3.599318403464097
intermittent_v2,joint,mlp_log_mse,p95_p99,baseline,3405,-3.592529076241559,0.005110354850623253,2.794168329448952,3.988578781518075,-3.5976394310921824
intermittent_v2,joint,mlp_log_mse,p95_p99,candidate,3405,-3.5923215382497755,0.005317892842406719,3.633858911791562,5.077818674888185,-3.5976394310921824
intermittent_v2,joint,mlp_log_mse,tail_gt_p95,baseline,4546,-3.59401549269283,0.004020909123377631,3.615863346078036,5.211711447178472,-3.5980364018162074
intermittent_v2,joint,mlp_log_mse,tail_gt_p95,candidate,4546,-3.5936471190943635,0.004389282721843782,5.032266816954438,7.264969952832734,-3.5980364018162074
intermittent_v2,body,mlp_log_mse,body_le_p95,baseline,81739,-3.5852435315308204,0.007324397939479449,0.603369344755832,1.2731964285627633,-3.5925679294702997
intermittent_v2,body,mlp_log_mse,body_le_p95,candidate,81739,-3.585117196492331,0.007450732977968588,0.5049864062658981,1.1552187780662866,-3.5925679294702997
intermittent_v2,body,mlp_log_mse,gt_p99,baseline,1141,-3.5984512928826424,0.0007697586402300866,6.067985634966758,7.793839666776394,-3.5992210515228726
intermittent_v2,body,mlp_log_mse,gt_p99,candidate,1141,-3.598401435194375,0.000819616328497258,5.968009768192649,8.129352342835498,-3.5992210515228726
intermittent_v2,body,mlp_log_mse,history_65_128,baseline,28456,-3.594745744282006,0.004679457426251971,1.301943531109605,2.547899900611619,-3.5994252017082577
intermittent_v2,body,mlp_log_mse,history_65_128,candidate,28456,-3.5952383546281053,0.004186847080152698,1.1667216005144676,2.619629535939782,-3.5994252017082577
intermittent_v2,body,mlp_log_mse,history_gt_128,baseline,32741,-3.5713117823250857,0.010776250619312413,0.1435155487210555,0.455518561637507,-3.582088032944398
intermittent_v2,body,mlp_log_mse,history_gt_128,candidate,32741,-3.5702730356559242,0.011814997288473671,0.16278993387977575,0.5938805793162418,-3.582088032944398
intermittent_v2,body,mlp_log_mse,history_le_64,baseline,25088,-3.5942367462207,0.005220988281315828,0.9570142673922475,1.6028627469636274,-3.599457734502016
intermittent_v2,body,mlp_log_mse,history_le_64,candidate,25088,-3.5946315342777755,0.00482620022424023,0.7998386181258995,1.3310634366086123,-3.599457734502016
intermittent_v2,body,mlp_log_mse,le_p50,baseline,45036,-3.5789222637202966,0.008113786998835715,0.08681285343333008,0.2225052840533853,-3.5870360507191323
intermittent_v2,body,mlp_log_mse,le_p50,candidate,45036,-3.5782067562223827,0.008829294496749619,0.09207180557581107,0.23217965430652593,-3.5870360507191323
intermittent_v2,body,mlp_log_mse,overall,baseline,86285,-3.5857056899064643,0.007150350768383675,0.7620852018574226,1.7224035439438634,-3.592856040674848
intermittent_v2,body,mlp_log_mse,overall,candidate,86285,-3.5855887814993195,0.007267259175528545,0.6791039733550444,1.7065022225831192,-3.592856040674848
intermittent_v2,body,mlp_log_mse,p50_p90,baseline,29579,-3.593220123253776,0.006144632164180698,0.9939213998782239,1.541711023257679,-3.5993647554179566
intermittent_v2,body,mlp_log_mse,p50_p90,candidate,29579,-3.593186995350299,0.006177760067657756,0.9400144620745978,1.589899511991516,-3.5993647554179566
intermittent_v2,body,mlp_log_mse,p90_p95,baseline,7124,-3.5920858968510645,0.007232506613032639,2.2473192190869615,2.901288922258527,-3.599318403464097
intermittent_v2,body,mlp_log_mse,p90_p95,candidate,7124,-3.595297152637411,0.004021250826685823,1.3090749932834769,2.115628290695782,-3.599318403464097
intermittent_v2,body,mlp_log_mse,p95_p99,baseline,3405,-3.592529076241559,0.005110354850623253,2.794168329448952,3.988578781518075,-3.5976394310921824
intermittent_v2,body,mlp_log_mse,p95_p99,candidate,3405,-3.592615991196884,0.005023439895298303,3.086608908565034,4.428817608906748,-3.5976394310921824
intermittent_v2,body,mlp_log_mse,tail_gt_p95,baseline,4546,-3.59401549269283,0.004020909123377631,3.615863346078036,5.211711447178472,-3.5980364018162074
intermittent_v2,body,mlp_log_mse,tail_gt_p95,candidate,4546,-3.5940680790985864,0.003968322717621225,3.8098113680536194,5.592710715088754,-3.5980364018162074
intermittent_v2,joint,mlp_raw_mae,body_le_p95,baseline,81739,-3.5852435315308204,0.007324397939479449,0.603369344755832,1.2731964285627633,-3.5925679294702997
intermittent_v2,joint,mlp_raw_mae,body_le_p95,candidate,81739,-3.5856078881607987,0.006960041309501205,0.5112517108306336,1.1691640640841154,-3.5925679294702997
intermittent_v2,joint,mlp_raw_mae,gt_p99,baseline,1141,-3.5984512928826424,0.0007697586402300866,6.067985634966758,7.793839666776394,-3.5992210515228726
intermittent_v2,joint,mlp_raw_mae,gt_p99,candidate,1141,-3.5979940794795784,0.0012269720432942113,7.542705512485621,10.022172962043996,-3.5992210515228726
intermittent_v2,joint,mlp_raw_mae,history_65_128,baseline,28456,-3.594745744282006,0.004679457426251971,1.301943531109605,2.547899900611619,-3.5994252017082577
intermittent_v2,joint,mlp_raw_mae,history_65_128,candidate,28456,-3.594951016935693,0.004474184772564821,1.2584995157369443,2.916947399771148,-3.5994252017082577
intermittent_v2,joint,mlp_raw_mae,history_gt_128,baseline,32741,-3.5713117823250857,0.010776250619312413,0.1435155487210555,0.455518561637507,-3.582088032944398
intermittent_v2,joint,mlp_raw_mae,history_gt_128,candidate,32741,-3.5715981554220377,0.010489877522360256,0.14981931396098838,0.5333902200500019,-3.582088032944398
intermittent_v2,joint,mlp_raw_mae,history_le_64,baseline,25088,-3.5942367462207,0.005220988281315828,0.9570142673922475,1.6028627469636274,-3.599457734502016
intermittent_v2,joint,mlp_raw_mae,history_le_64,candidate,25088,-3.5948151544252487,0.004642580076767162,0.8072534267914159,1.3459298177426722,-3.599457734502016
intermittent_v2,joint,mlp_raw_mae,le_p50,baseline,45036,-3.5789222637202966,0.008113786998835715,0.08681285343333008,0.2225052840533853,-3.5870360507191323
intermittent_v2,joint,mlp_raw_mae,le_p50,candidate,45036,-3.5791107155064403,0.007925335212692213,0.08726610666439857,0.22015615848213138,-3.5870360507191323
intermittent_v2,joint,mlp_raw_mae,overall,baseline,86285,-3.5857056899064643,0.007150350768383675,0.7620852018574226,1.7224035439438634,-3.592856040674848
intermittent_v2,joint,mlp_raw_mae,overall,candidate,86285,-3.5860502281835274,0.006805812491321044,0.70660567131657,1.8549186050949422,-3.592856040674848
intermittent_v2,joint,mlp_raw_mae,p50_p90,baseline,29579,-3.593220123253776,0.006144632164180698,0.9939213998782239,1.541711023257679,-3.5993647554179566
intermittent_v2,joint,mlp_raw_mae,p50_p90,candidate,29579,-3.5932237254422836,0.006141029975672874,0.9498347975652452,1.6001479478304734,-3.5993647554179566
intermittent_v2,joint,mlp_raw_mae,p90_p95,baseline,7124,-3.5920858968510645,0.007232506613032639,2.2473192190869615,2.901288922258527,-3.599318403464097
intermittent_v2,joint,mlp_raw_mae,p90_p95,candidate,7124,-3.595060136436011,0.004258267028085978,1.3705676213735145,2.1786314576291654,-3.599318403464097
intermittent_v2,joint,mlp_raw_mae,p95_p99,baseline,3405,-3.592529076241559,0.005110354850623253,2.794168329448952,3.988578781518075,-3.5976394310921824
intermittent_v2,joint,mlp_raw_mae,p95_p99,candidate,3405,-3.592666526799989,0.004972904292193439,3.105444865849925,4.551663085248999,-3.5976394310921824
intermittent_v2,joint,mlp_raw_mae,tail_gt_p95,baseline,4546,-3.59401549269283,0.004020909123377631,3.615863346078036,5.211711447178472,-3.5980364018162074
intermittent_v2,joint,mlp_raw_mae,tail_gt_p95,candidate,4546,-3.594003688614202,0.0040327132020055775,4.219152388465703,6.381859833312285,-3.5980364018162074
intermittent_v2,body,mlp_raw_mae,body_le_p95,baseline,81739,-3.5852435315308204,0.007324397939479449,0.603369344755832,1.2731964285627633,-3.5925679294702997
intermittent_v2,body,mlp_raw_mae,body_le_p95,candidate,81739,-3.585320336236003,0.007247593234296893,0.4858332897161906,1.1653046885251508,-3.5925679294702997
intermittent_v2,body,mlp_raw_mae,gt_p99,baseline,1141,-3.5984512928826424,0.0007697586402300866,6.067985634966758,7.793839666776394,-3.5992210515228726
intermittent_v2,body,mlp_raw_mae,gt_p99,candidate,1141,-3.598147958632215,0.0010730928906576768,6.9555721032212015,9.303963217574664,-3.5992210515228726
intermittent_v2,body,mlp_raw_mae,history_65_128,baseline,28456,-3.594745744282006,0.004679457426251971,1.301943531109605,2.547899900611619,-3.5994252017082577
intermittent_v2,body,mlp_raw_mae,history_65_128,candidate,28456,-3.594947143164455,0.0044780585438030885,1.2040658863405347,2.8298135363587296,-3.5994252017082577
intermittent_v2,body,mlp_raw_mae,history_gt_128,baseline,32741,-3.5713117823250857,0.010776250619312413,0.1435155487210555,0.455518561637507,-3.582088032944398
intermittent_v2,body,mlp_raw_mae,history_gt_128,candidate,32741,-3.5709028656404054,0.011185167303992554,0.14696306929045522,0.533239863719557,-3.582088032944398
intermittent_v2,body,mlp_raw_mae,history_le_64,baseline,25088,-3.5942367462207,0.005220988281315828,0.9570142673922475,1.6028627469636274,-3.599457734502016
intermittent_v2,body,mlp_raw_mae,history_le_64,candidate,25088,-3.5947638593119238,0.0046938751900920325,0.7740685899447346,1.337868948165562,-3.599457734502016
intermittent_v2,body,mlp_raw_mae,le_p50,baseline,45036,-3.5789222637202966,0.008113786998835715,0.08681285343333008,0.2225052840533853,-3.5870360507191323
intermittent_v2,body,mlp_raw_mae,le_p50,candidate,45036,-3.5786026776233175,0.0084333730958147,0.08507419555376114,0.22877017694580334,-3.5870360507191323
intermittent_v2,body,mlp_raw_mae,overall,baseline,86285,-3.5857056899064643,0.007150350768383675,0.7620852018574226,1.7224035439438634,-3.592856040674848
intermittent_v2,body,mlp_raw_mae,overall,candidate,86285,-3.585770207246193,0.007085833428655152,0.6779214173712529,1.8081021499154077,-3.592856040674848
intermittent_v2,body,mlp_raw_mae,p50_p90,baseline,29579,-3.593220123253776,0.006144632164180698,0.9939213998782239,1.541711023257679,-3.5993647554179566
intermittent_v2,body,mlp_raw_mae,p50_p90,candidate,29579,-3.5932017137799606,0.006163041637995918,0.9075602412066638,1.5989046567936473,-3.5993647554179566
intermittent_v2,body,mlp_raw_mae,p90_p95,baseline,7124,-3.5920858968510645,0.007232506613032639,2.2473192190869615,2.901288922258527,-3.599318403464097
intermittent_v2,body,mlp_raw_mae,p90_p95,candidate,7124,-3.5950639082332154,0.004254495230881752,1.268304523091046,2.1529349202565116,-3.599318403464097
intermittent_v2,body,mlp_raw_mae,p95_p99,baseline,3405,-3.592529076241559,0.005110354850623253,2.794168329448952,3.988578781518075,-3.5976394310921824
intermittent_v2,body,mlp_raw_mae,p95_p99,candidate,3405,-3.592421893639884,0.00521753745229829,3.185496170335229,4.6086280100054555,-3.5976394310921824
intermittent_v2,body,mlp_raw_mae,tail_gt_p95,baseline,4546,-3.59401549269283,0.004020909123377631,3.615863346078036,5.211711447178472,-3.5980364018162074
intermittent_v2,body,mlp_raw_mae,tail_gt_p95,candidate,4546,-3.5938590780121342,0.0041773238040730505,4.1317470808989984,6.134752257954892,-3.5980364018162074
yellow_trip_hourly,joint,constant_log_mse,body_le_p95,baseline,7888,1.580643176867957,0.19548982306429638,23.167407269833294,71.13696448202782,1.3851533538036607
yellow_trip_hourly,joint,constant_log_mse,body_le_p95,candidate,7888,1.580643176867957,0.19548982306429638,23.167407269833294,71.13696448202782,1.3851533538036607
yellow_trip_hourly,joint,constant_log_mse,gt_p99,baseline,79,1.0881963158733672,0.11040541620429935,1166.282479974288,1247.6154806872075,0.9777908996690677
yellow_trip_hourly,joint,constant_log_mse,gt_p99,candidate,79,1.0881963158733672,0.11040541620429935,1166.282479974288,1247.6154806872075,0.9777908996690677
yellow_trip_hourly,joint,constant_log_mse,history_65_128,baseline,1475,1.6755535323863362,0.15672633269288264,1.3479892139919734,3.363331826930227,1.5188271996934535
yellow_trip_hourly,joint,constant_log_mse,history_65_128,candidate,1475,1.6755535323863362,0.15672633269288264,1.3479892139919734,3.363331826930227,1.5188271996934535
yellow_trip_hourly,joint,constant_log_mse,history_gt_128,baseline,5552,1.2725678495421988,0.22757330577671778,76.61825772946008,221.5277390919997,1.044994543765481
yellow_trip_hourly,joint,constant_log_mse,history_gt_128,candidate,5552,1.2725678495421988,0.22757330577671778,76.61825772946008,221.5277390919997,1.044994543765481
yellow_trip_hourly,joint,constant_log_mse,history_le_64,baseline,1241,2.6926021507871964,0.06926174169122291,0.5179498015057167,0.8330240860310215,2.6233404090959733
yellow_trip_hourly,joint,constant_log_mse,history_le_64,candidate,1241,2.6926021507871964,0.06926174169122291,0.5179498015057167,0.8330240860310215,2.6233404090959733
yellow_trip_hourly,joint,constant_log_mse,le_p50,baseline,4364,1.9101973766795286,0.19956998968942363,1.3940361191328243,2.985568659530647,1.710627386990105
yellow_trip_hourly,joint,constant_log_mse,le_p50,candidate,4364,1.9101973766795286,0.19956998968942363,1.3940361191328243,2.985568659530647,1.710627386990105
yellow_trip_hourly,joint,constant_log_mse,overall,baseline,8268,1.5576024951687282,0.1911722491331818,51.767734241445226,181.53760165479204,1.3664302460355464
yellow_trip_hourly,joint,constant_log_mse,overall,candidate,8268,1.5576024951687282,0.1911722491331818,51.767734241445226,181.53760165479204,1.3664302460355464
yellow_trip_hourly,joint,constant_log_mse,p50_p90,baseline,3138,1.1835635593476028,0.2009468643817905,29.040303251255537,57.79490369416977,0.9826166949658124
yellow_trip_hourly,joint,constant_log_mse,p50_p90,candidate,3138,1.1835635593476028,0.2009468643817905,29.040303251255537,57.79490369416977,0.9826166949658124
yellow_trip_hourly,joint,constant_log_mse,p90_p95,baseline,386,1.0828745545139982,0.10499748411052855,221.5866925333448,275.9644557378366,0.9778770704034696
yellow_trip_hourly,joint,constant_log_mse,p90_p95,candidate,386,1.0828745545139982,0.10499748411052855,221.5866925333448,275.9644557378366,0.9778770704034696
yellow_trip_hourly,joint,constant_log_mse,p95_p99,baseline,301,1.0769984783933704,0.09922393239747428,508.75349583419853,603.4106053930429,0.9777745459958961
yellow_trip_hourly,joint,constant_log_mse,p95_p99,candidate,301,1.0769984783933704,0.09922393239747428,508.75349583419853,603.4106053930429,0.9777745459958961
yellow_trip_hourly,joint,constant_log_mse,tail_gt_p95,baseline,380,1.0793264498694748,0.10154850403099844,645.4503109580592,782.3083565444399,0.9777779458384764
yellow_trip_hourly,joint,constant_log_mse,tail_gt_p95,candidate,380,1.0793264498694748,0.10154850403099844,645.4503109580592,782.3083565444399,0.9777779458384764
yellow_trip_hourly,body,constant_log_mse,body_le_p95,baseline,7888,1.580643176867957,0.19548982306429638,23.167407269833294,71.13696448202782,1.3851533538036607
yellow_trip_hourly,body,constant_log_mse,body_le_p95,candidate,7888,1.5839337776109828,0.1987804238073221,22.508271144782373,69.32866026702733,1.3851533538036607
yellow_trip_hourly,body,constant_log_mse,gt_p99,baseline,79,1.0881963158733672,0.11040541620429935,1166.282479974288,1247.6154806872075,0.9777908996690677
yellow_trip_hourly,body,constant_log_mse,gt_p99,candidate,79,1.0563193887171536,0.07852848904808582,988.4251075454905,1081.3087463927227,0.9777908996690677
yellow_trip_hourly,body,constant_log_mse,history_65_128,baseline,1475,1.6755535323863362,0.15672633269288264,1.3479892139919734,3.363331826930227,1.5188271996934535
yellow_trip_hourly,body,constant_log_mse,history_65_128,candidate,1475,1.6823870048689404,0.16355980517548696,1.3680105328963974,3.2368191488965916,1.5188271996934535
yellow_trip_hourly,body,constant_log_mse,history_gt_128,baseline,5552,1.2725678495421988,0.22757330577671778,76.61825772946008,221.5277390919997,1.044994543765481
yellow_trip_hourly,body,constant_log_mse,history_gt_128,candidate,5552,1.2734701182071706,0.22847557444168953,68.96700581622656,197.32486151360422,1.044994543765481
yellow_trip_hourly,body,constant_log_mse,history_le_64,baseline,1241,2.6926021507871964,0.06926174169122291,0.5179498015057167,0.8330240860310215,2.6233404090959733
yellow_trip_hourly,body,constant_log_mse,history_le_64,candidate,1241,2.6935946078065074,0.07025419871053414,0.5419153159996082,0.8292769848062029,2.6233404090959733
yellow_trip_hourly,body,constant_log_mse,le_p50,baseline,4364,1.9101973766795286,0.19956998968942363,1.3940361191328243,2.985568659530647,1.710627386990105
yellow_trip_hourly,body,constant_log_mse,le_p50,candidate,4364,1.924794471004676,0.21416708401457096,1.4759711848689698,3.171925134325975,1.710627386990105
yellow_trip_hourly,body,constant_log_mse,overall,baseline,8268,1.5576024951687282,0.1911722491331818,51.767734241445226,181.53760165479204,1.3664302460355464
yellow_trip_hourly,body,constant_log_mse,overall,candidate,8268,1.5595764195398856,0.19314617350433916,46.63705233851809,161.70471410055697,1.3664302460355464
yellow_trip_hourly,body,constant_log_mse,p50_p90,baseline,3138,1.1835635593476028,0.2009468643817905,29.040303251255537,57.79490369416977,0.9826166949658124
yellow_trip_hourly,body,constant_log_mse,p50_p90,candidate,3138,1.17359354127162,0.19097684630580772,29.35715760855708,59.92439681163545,0.9826166949658124
yellow_trip_hourly,body,constant_log_mse,p90_p95,baseline,386,1.0828745545139982,0.10499748411052855,221.5866925333448,275.9644557378366,0.9778770704034696
yellow_trip_hourly,body,constant_log_mse,p90_p95,candidate,386,1.0661399843871,0.0882629139836303,204.61488168350772,262.51634944451035,0.9778770704034696
yellow_trip_hourly,body,constant_log_mse,p95_p99,baseline,301,1.0769984783933704,0.09922393239747428,508.75349583419853,603.4106053930429,0.9777745459958961
yellow_trip_hourly,body,constant_log_mse,p95_p99,candidate,301,1.0533520506700518,0.0755775046741556,431.7751576369783,534.2509601044549,0.9777745459958961
yellow_trip_hourly,body,constant_log_mse,tail_gt_p95,baseline,380,1.0793264498694748,0.10154850403099844,645.4503109580592,782.3083565444399,0.9777779458384764
yellow_trip_hourly,body,constant_log_mse,tail_gt_p95,candidate,380,1.0539689446324754,0.07619099879399899,547.4997524863795,684.9543019661561,0.9777779458384764
yellow_trip_hourly,joint,constant_raw_mae,body_le_p95,baseline,7888,1.580643176867957,0.19548982306429638,23.167407269833294,71.13696448202782,1.3851533538036607
yellow_trip_hourly,joint,constant_raw_mae,body_le_p95,candidate,7888,1.580643176867957,0.19548982306429638,23.167407269833294,71.13696448202782,1.3851533538036607
yellow_trip_hourly,joint,constant_raw_mae,gt_p99,baseline,79,1.0881963158733672,0.11040541620429935,1166.282479974288,1247.6154806872075,0.9777908996690677
yellow_trip_hourly,joint,constant_raw_mae,gt_p99,candidate,79,1.0881963158733672,0.11040541620429935,1166.282479974288,1247.6154806872075,0.9777908996690677
yellow_trip_hourly,joint,constant_raw_mae,history_65_128,baseline,1475,1.6755535323863362,0.15672633269288264,1.3479892139919734,3.363331826930227,1.5188271996934535
yellow_trip_hourly,joint,constant_raw_mae,history_65_128,candidate,1475,1.6755535323863362,0.15672633269288264,1.3479892139919734,3.363331826930227,1.5188271996934535
yellow_trip_hourly,joint,constant_raw_mae,history_gt_128,baseline,5552,1.2725678495421988,0.22757330577671778,76.61825772946008,221.5277390919997,1.044994543765481
yellow_trip_hourly,joint,constant_raw_mae,history_gt_128,candidate,5552,1.2725678495421988,0.22757330577671778,76.61825772946008,221.5277390919997,1.044994543765481
yellow_trip_hourly,joint,constant_raw_mae,history_le_64,baseline,1241,2.6926021507871964,0.06926174169122291,0.5179498015057167,0.8330240860310215,2.6233404090959733
yellow_trip_hourly,joint,constant_raw_mae,history_le_64,candidate,1241,2.6926021507871964,0.06926174169122291,0.5179498015057167,0.8330240860310215,2.6233404090959733
yellow_trip_hourly,joint,constant_raw_mae,le_p50,baseline,4364,1.9101973766795286,0.19956998968942363,1.3940361191328243,2.985568659530647,1.710627386990105
yellow_trip_hourly,joint,constant_raw_mae,le_p50,candidate,4364,1.9101973766795286,0.19956998968942363,1.3940361191328243,2.985568659530647,1.710627386990105
yellow_trip_hourly,joint,constant_raw_mae,overall,baseline,8268,1.5576024951687282,0.1911722491331818,51.767734241445226,181.53760165479204,1.3664302460355464
yellow_trip_hourly,joint,constant_raw_mae,overall,candidate,8268,1.5576024951687282,0.1911722491331818,51.767734241445226,181.53760165479204,1.3664302460355464
yellow_trip_hourly,joint,constant_raw_mae,p50_p90,baseline,3138,1.1835635593476028,0.2009468643817905,29.040303251255537,57.79490369416977,0.9826166949658124
yellow_trip_hourly,joint,constant_raw_mae,p50_p90,candidate,3138,1.1835635593476028,0.2009468643817905,29.040303251255537,57.79490369416977,0.9826166949658124
yellow_trip_hourly,joint,constant_raw_mae,p90_p95,baseline,386,1.0828745545139982,0.10499748411052855,221.5866925333448,275.9644557378366,0.9778770704034696
yellow_trip_hourly,joint,constant_raw_mae,p90_p95,candidate,386,1.0828745545139982,0.10499748411052855,221.5866925333448,275.9644557378366,0.9778770704034696
yellow_trip_hourly,joint,constant_raw_mae,p95_p99,baseline,301,1.0769984783933704,0.09922393239747428,508.75349583419853,603.4106053930429,0.9777745459958961
yellow_trip_hourly,joint,constant_raw_mae,p95_p99,candidate,301,1.0769984783933704,0.09922393239747428,508.75349583419853,603.4106053930429,0.9777745459958961
yellow_trip_hourly,joint,constant_raw_mae,tail_gt_p95,baseline,380,1.0793264498694748,0.10154850403099844,645.4503109580592,782.3083565444399,0.9777779458384764
yellow_trip_hourly,joint,constant_raw_mae,tail_gt_p95,candidate,380,1.0793264498694748,0.10154850403099844,645.4503109580592,782.3083565444399,0.9777779458384764
yellow_trip_hourly,body,constant_raw_mae,body_le_p95,baseline,7888,1.580643176867957,0.19548982306429638,23.167407269833294,71.13696448202782,1.3851533538036607
yellow_trip_hourly,body,constant_raw_mae,body_le_p95,candidate,7888,1.5862698793959378,0.20111652559227716,22.44242171372682,69.3123862694456,1.3851533538036607
yellow_trip_hourly,body,constant_raw_mae,gt_p99,baseline,79,1.0881963158733672,0.11040541620429935,1166.282479974288,1247.6154806872075,0.9777908996690677
yellow_trip_hourly,body,constant_raw_mae,gt_p99,candidate,79,1.0459362625842914,0.06814536291522363,919.1310386174841,1017.8048686339114,0.9777908996690677
yellow_trip_hourly,body,constant_raw_mae,history_65_128,baseline,1475,1.6755535323863362,0.15672633269288264,1.3479892139919734,3.363331826930227,1.5188271996934535
yellow_trip_hourly,body,constant_raw_mae,history_65_128,candidate,1475,1.6857396530579765,0.166912453364523,1.3788748025894164,3.1907885005267143,1.5188271996934535
yellow_trip_hourly,body,constant_raw_mae,history_gt_128,baseline,5552,1.2725678495421988,0.22757330577671778,76.61825772946008,221.5277390919997,1.044994543765481
yellow_trip_hourly,body,constant_raw_mae,history_gt_128,candidate,5552,1.2751539390226898,0.23015939525720866,66.48722760697092,188.96178490077136,1.044994543765481
yellow_trip_hourly,body,constant_raw_mae,history_le_64,baseline,1241,2.6926021507871964,0.06926174169122291,0.5179498015057167,0.8330240860310215,2.6233404090959733
yellow_trip_hourly,body,constant_raw_mae,history_le_64,candidate,1241,2.6944945759604546,0.07115416686448148,0.5528154764609602,0.8297101626422667,2.6233404090959733
yellow_trip_hourly,body,constant_raw_mae,le_p50,baseline,4364,1.9101973766795286,0.19956998968942363,1.3940361191328243,2.985568659530647,1.710627386990105
yellow_trip_hourly,body,constant_raw_mae,le_p50,candidate,4364,1.9310915050162354,0.22046411802613033,1.5105682176996218,3.246602670884012,1.710627386990105
yellow_trip_hourly,body,constant_raw_mae,overall,baseline,8268,1.5576024951687282,0.1911722491331818,51.767734241445226,181.53760165479204,1.3664302460355464
yellow_trip_hourly,body,constant_raw_mae,overall,candidate,8268,1.5614403031545008,0.19501005711895444,44.9754441236103,154.85165867580227,1.3664302460355464
yellow_trip_hourly,body,constant_raw_mae,p50_p90,baseline,3138,1.1835635593476028,0.2009468643817905,29.040303251255537,57.79490369416977,0.9826166949658124
yellow_trip_hourly,body,constant_raw_mae,p50_p90,candidate,3138,1.1712874424216233,0.18867074745581083,29.689225824073745,61.18830571301142,0.9826166949658124
yellow_trip_hourly,body,constant_raw_mae,p90_p95,baseline,386,1.0828745545139982,0.10499748411052855,221.5866925333448,275.9644557378366,0.9778770704034696
yellow_trip_hourly,body,constant_raw_mae,p90_p95,candidate,386,1.061433902759727,0.08355683235625733,200.17852885982532,260.03629700330646,0.9778770704034696
yellow_trip_hourly,body,constant_raw_mae,p95_p99,baseline,301,1.0769984783933704,0.09922393239747428,508.75349583419853,603.4106053930429,0.9777745459958961
yellow_trip_hourly,body,constant_raw_mae,p95_p99,candidate,301,1.0460553257876917,0.06828077979179567,406.045838821766,510.76411394261976,0.9777745459958961
yellow_trip_hourly,body,constant_raw_mae,tail_gt_p95,baseline,380,1.0793264498694748,0.10154850403099844,645.4503109580592,782.3083565444399,0.9777779458384764
yellow_trip_hourly,body,constant_raw_mae,tail_gt_p95,candidate,380,1.046030573174353,0.06825262733587674,512.7135514108758,649.6215240352303,0.9777779458384764
yellow_trip_hourly,joint,linear_log_mse,body_le_p95,baseline,7888,1.580643176867957,0.19548982306429638,23.167407269833294,71.13696448202782,1.3851533538036607
yellow_trip_hourly,joint,linear_log_mse,body_le_p95,candidate,7888,1.5783493799494246,0.1931960261457638,23.34387683319816,73.93953889948892,1.3851533538036607
yellow_trip_hourly,joint,linear_log_mse,gt_p99,baseline,79,1.0881963158733672,0.11040541620429935,1166.282479974288,1247.6154806872075,0.9777908996690677
yellow_trip_hourly,joint,linear_log_mse,gt_p99,candidate,79,1.0068604226363402,0.029069522967272606,577.892216549644,697.729810798308,0.9777908996690677
yellow_trip_hourly,joint,linear_log_mse,history_65_128,baseline,1475,1.6755535323863362,0.15672633269288264,1.3479892139919734,3.363331826930227,1.5188271996934535
yellow_trip_hourly,joint,linear_log_mse,history_65_128,candidate,1475,1.6670331991144411,0.14820599942098772,1.2842676400330106,3.1544142945358353,1.5188271996934535
yellow_trip_hourly,joint,linear_log_mse,history_gt_128,baseline,5552,1.2725678495421988,0.22757330577671778,76.61825772946008,221.5277390919997,1.044994543765481
yellow_trip_hourly,joint,linear_log_mse,history_gt_128,candidate,5552,1.268275677890177,0.22328113412469594,58.83770412788525,159.19904974338667,1.044994543765481
yellow_trip_hourly,joint,linear_log_mse,history_le_64,baseline,1241,2.6926021507871964,0.06926174169122291,0.5179498015057167,0.8330240860310215,2.6233404090959733
yellow_trip_hourly,joint,linear_log_mse,history_le_64,candidate,1241,2.6897201186473447,0.06637970955137144,0.5300543093085769,0.8272569524163261,2.6233404090959733
yellow_trip_hourly,joint,linear_log_mse,le_p50,baseline,4364,1.9101973766795286,0.19956998968942363,1.3940361191328243,2.985568659530647,1.710627386990105
yellow_trip_hourly,joint,linear_log_mse,le_p50,candidate,4364,1.9088481575279337,0.19822077053782874,1.4130312717638356,3.1624979484540767,1.710627386990105
yellow_trip_hourly,joint,linear_log_mse,overall,baseline,8268,1.5576024951687282,0.1911722491331818,51.767734241445226,181.53760165479204,1.3664302460355464
yellow_trip_hourly,joint,linear_log_mse,overall,candidate,8268,1.5527676825795174,0.18633743654397086,39.81845978285935,130.46346967050908,1.3664302460355464
yellow_trip_hourly,joint,linear_log_mse,p50_p90,baseline,3138,1.1835635593476028,0.2009468643817905,29.040303251255537,57.79490369416977,0.9826166949658124
yellow_trip_hourly,joint,linear_log_mse,p50_p90,candidate,3138,1.1829178746836289,0.20030117971781644,31.433023429737492,67.26145171245092,0.9826166949658124
yellow_trip_hourly,joint,linear_log_mse,p90_p95,baseline,386,1.0828745545139982,0.10499748411052855,221.5866925333448,275.9644557378366,0.9778770704034696
yellow_trip_hourly,joint,linear_log_mse,p90_p95,candidate,386,1.0565032612226206,0.07862619081915108,205.5264364450089,273.5482270669794,0.9778770704034696
yellow_trip_hourly,joint,linear_log_mse,p95_p99,baseline,301,1.0769984783933704,0.09922393239747428,508.75349583419853,603.4106053930429,0.9777745459958961
yellow_trip_hourly,joint,linear_log_mse,p95_p99,candidate,301,1.025652216405702,0.04787767040980601,330.32903626907705,443.27320031550926,0.9777745459958961
yellow_trip_hourly,joint,linear_log_mse,tail_gt_p95,baseline,380,1.0793264498694748,0.10154850403099844,645.4503109580592,782.3083565444399,0.9777779458384764
yellow_trip_hourly,joint,linear_log_mse,tail_gt_p95,candidate,380,1.0217455013852295,0.043967555546753016,381.79611848530016,506.8041103631108,0.9777779458384764
yellow_trip_hourly,body,linear_log_mse,body_le_p95,baseline,7888,1.580643176867957,0.19548982306429638,23.167407269833294,71.13696448202782,1.3851533538036607
yellow_trip_hourly,body,linear_log_mse,body_le_p95,candidate,7888,1.5813374821312631,0.19618412832760254,22.65547719656756,70.6601609788398,1.3851533538036607
yellow_trip_hourly,body,linear_log_mse,gt_p99,baseline,79,1.0881963158733672,0.11040541620429935,1166.282479974288,1247.6154806872075,0.9777908996690677
yellow_trip_hourly,body,linear_log_mse,gt_p99,candidate,79,1.0268822183687674,0.04909131869969971,768.1415768393987,879.2507689724345,0.9777908996690677
yellow_trip_hourly,body,linear_log_mse,history_65_128,baseline,1475,1.6755535323863362,0.15672633269288264,1.3479892139919734,3.363331826930227,1.5188271996934535
yellow_trip_hourly,body,linear_log_mse,history_65_128,candidate,1475,1.6679466042681428,0.1491194045746894,1.3013034991894739,3.1908470682293797,1.5188271996934535
yellow_trip_hourly,body,linear_log_mse,history_gt_128,baseline,5552,1.2725678495421988,0.22757330577671778,76.61825772946008,221.5277390919997,1.044994543765481
yellow_trip_hourly,body,linear_log_mse,history_gt_128,candidate,5552,1.2731827543104435,0.22818821054496238,63.06508644696014,175.37075818328304,1.044994543765481
yellow_trip_hourly,body,linear_log_mse,history_le_64,baseline,1241,2.6926021507871964,0.06926174169122291,0.5179498015057167,0.8330240860310215,2.6233404090959733
yellow_trip_hourly,body,linear_log_mse,history_le_64,candidate,1241,2.690110739880572,0.06677033078459865,0.5369151468530573,0.8258878607534227,2.6233404090959733
yellow_trip_hourly,body,linear_log_mse,le_p50,baseline,4364,1.9101973766795286,0.19956998968942363,1.3940361191328243,2.985568659530647,1.710627386990105
yellow_trip_hourly,body,linear_log_mse,le_p50,candidate,4364,1.920871110630984,0.21024372364087887,1.473688849662008,3.1553431307951225,1.710627386990105
yellow_trip_hourly,body,linear_log_mse,overall,baseline,8268,1.5576024951687282,0.1911722491331818,51.767734241445226,181.53760165479204,1.3664302460355464
yellow_trip_hourly,body,linear_log_mse,overall,candidate,8268,1.556284388169942,0.18985414213439558,42.66123540299378,143.71491691668697,1.3664302460355464
yellow_trip_hourly,body,linear_log_mse,p50_p90,baseline,3138,1.1835635593476028,0.2009468643817905,29.040303251255537,57.79490369416977,0.9826166949658124
yellow_trip_hourly,body,linear_log_mse,p50_p90,candidate,3138,1.1727530957403922,0.1901364007745799,29.8384181290694,61.808316000670324,0.9826166949658124
yellow_trip_hourly,body,linear_log_mse,p90_p95,baseline,386,1.0828745545139982,0.10499748411052855,221.5866925333448,275.9644557378366,0.9778770704034696
yellow_trip_hourly,body,linear_log_mse,p90_p95,candidate,386,1.0642728440275613,0.08639577362409168,203.73645051155682,266.19666797840364,0.9778770704034696
yellow_trip_hourly,body,linear_log_mse,p95_p99,baseline,301,1.0769984783933704,0.09922393239747428,508.75349583419853,603.4106053930429,0.9777745459958961
yellow_trip_hourly,body,linear_log_mse,p95_p99,candidate,301,1.0386895917486525,0.060915045752756476,376.5232744692172,483.30928294632133,0.9777745459958961
yellow_trip_hourly,body,linear_log_mse,tail_gt_p95,baseline,380,1.0793264498694748,0.10154850403099844,645.4503109580592,782.3083565444399,0.9777779458384764
yellow_trip_hourly,body,linear_log_mse,tail_gt_p95,candidate,380,1.0362349009670448,0.05845695512856836,457.9386583830181,588.0015619876295,0.9777779458384764
yellow_trip_hourly,joint,linear_raw_mae,body_le_p95,baseline,7888,1.580643176867957,0.19548982306429638,23.167407269833294,71.13696448202782,1.3851533538036607
yellow_trip_hourly,joint,linear_raw_mae,body_le_p95,candidate,7888,1.5765226259708385,0.19136927216717775,23.02800692432762,74.58543045604968,1.3851533538036607
yellow_trip_hourly,joint,linear_raw_mae,gt_p99,baseline,79,1.0881963158733672,0.11040541620429935,1166.282479974288,1247.6154806872075,0.9777908996690677
yellow_trip_hourly,joint,linear_raw_mae,gt_p99,candidate,79,0.9947660213685157,0.016975121699447933,428.84555169600475,542.0949725370657,0.9777908996690677
yellow_trip_hourly,joint,linear_raw_mae,history_65_128,baseline,1475,1.6755535323863362,0.15672633269288264,1.3479892139919734,3.363331826930227,1.5188271996934535
yellow_trip_hourly,joint,linear_raw_mae,history_65_128,candidate,1475,1.6779096558560442,0.15908245616259079,1.2781337310095964,2.8599852221418427,1.5188271996934535
yellow_trip_hourly,joint,linear_raw_mae,history_gt_128,baseline,5552,1.2725678495421988,0.22757330577671778,76.61825772946008,221.5277390919997,1.044994543765481
yellow_trip_hourly,joint,linear_raw_mae,history_gt_128,candidate,5552,1.2601456410200704,0.21515109725458947,56.11297332302208,152.399102221682,1.044994543765481
yellow_trip_hourly,joint,linear_raw_mae,history_le_64,baseline,1241,2.6926021507871964,0.06926174169122291,0.5179498015057167,0.8330240860310215,2.6233404090959733
yellow_trip_hourly,joint,linear_raw_mae,history_le_64,candidate,1241,2.7008338945488504,0.07749348545287696,0.5514720104856898,0.8566689586072713,2.6233404090959733
yellow_trip_hourly,joint,linear_raw_mae,le_p50,baseline,4364,1.9101973766795286,0.19956998968942363,1.3940361191328243,2.985568659530647,1.710627386990105
yellow_trip_hourly,joint,linear_raw_mae,le_p50,candidate,4364,1.8977052373676133,0.18707785037750838,1.3352713087602672,2.9077445181935473,1.710627386990105
yellow_trip_hourly,joint,linear_raw_mae,overall,baseline,8268,1.5576024951687282,0.1911722491331818,51.767734241445226,181.53760165479204,1.3664302460355464
yellow_trip_hourly,joint,linear_raw_mae,overall,candidate,8268,1.5509168123447292,0.1844865663091827,37.99091097093257,124.8903126836677,1.3664302460355464
yellow_trip_hourly,joint,linear_raw_mae,p50_p90,baseline,3138,1.1835635593476028,0.2009468643817905,29.040303251255537,57.79490369416977,0.9826166949658124
yellow_trip_hourly,joint,linear_raw_mae,p50_p90,candidate,3138,1.1933089540300388,0.21069225906422648,29.85975552015505,63.73197048848131,0.9826166949658124
yellow_trip_hourly,joint,linear_raw_mae,p90_p95,baseline,386,1.0828745545139982,0.10499748411052855,221.5866925333448,275.9644557378366,0.9778770704034696
yellow_trip_hourly,joint,linear_raw_mae,p90_p95,candidate,386,1.06067699492085,0.08279992451738039,212.7406264389117,283.83989802880114,0.9778770704034696
yellow_trip_hourly,joint,linear_raw_mae,p95_p99,baseline,301,1.0769984783933704,0.09922393239747428,508.75349583419853,603.4106053930429,0.9777745459958961
yellow_trip_hourly,joint,linear_raw_mae,p95_p99,candidate,301,1.0258578575419695,0.04808331154607342,327.5253644670759,453.3542358114995,0.9777745459958961
yellow_trip_hourly,joint,linear_raw_mae,tail_gt_p95,baseline,380,1.0793264498694748,0.10154850403099844,645.4503109580592,782.3083565444399,0.9777779458384764
yellow_trip_hourly,joint,linear_raw_mae,tail_gt_p95,candidate,380,1.0193940284427514,0.04161608260427496,348.5892981278269,473.17527291787434,0.9777779458384764
yellow_trip_hourly,body,linear_raw_mae,body_le_p95,baseline,7888,1.580643176867957,0.19548982306429638,23.167407269833294,71.13696448202782,1.3851533538036607
yellow_trip_hourly,body,linear_raw_mae,body_le_p95,candidate,7888,1.5783174411851246,0.19316408738146396,22.28478071826527,71.52064697138933,1.3851533538036607
yellow_trip_hourly,body,linear_raw_mae,gt_p99,baseline,79,1.0881963158733672,0.11040541620429935,1166.282479974288,1247.6154806872075,0.9777908996690677
yellow_trip_hourly,body,linear_raw_mae,gt_p99,candidate,79,1.0008097044220805,0.02301880475301281,509.73046875,621.1114587867792,0.9777908996690677
yellow_trip_hourly,body,linear_raw_mae,history_65_128,baseline,1475,1.6755535323863362,0.15672633269288264,1.3479892139919734,3.363331826930227,1.5188271996934535
yellow_trip_hourly,body,linear_raw_mae,history_65_128,candidate,1475,1.6853408621287802,0.16651366243532667,1.2797112369941452,2.7453702356951495,1.5188271996934535
yellow_trip_hourly,body,linear_raw_mae,history_gt_128,baseline,5552,1.2725678495421988,0.22757330577671778,76.61825772946008,221.5277390919997,1.044994543765481
yellow_trip_hourly,body,linear_raw_mae,history_gt_128,candidate,5552,1.2601862928425578,0.21519174907707678,56.64498749532085,154.68456691443558,1.044994543765481
yellow_trip_hourly,body,linear_raw_mae,history_le_64,baseline,1241,2.6926021507871964,0.06926174169122291,0.5179498015057167,0.8330240860310215,2.6233404090959733
yellow_trip_hourly,body,linear_raw_mae,history_le_64,candidate,1241,2.704412206456117,0.08107179736014394,0.5636181525411768,0.8704003966937591,2.6233404090959733
yellow_trip_hourly,body,linear_raw_mae,le_p50,baseline,4364,1.9101973766795286,0.19956998968942363,1.3940361191328243,2.985568659530647,1.710627386990105
yellow_trip_hourly,body,linear_raw_mae,le_p50,candidate,4364,1.9089521778124496,0.1983247908223447,1.3827881477875625,2.888348797492185,1.710627386990105
yellow_trip_hourly,body,linear_raw_mae,overall,baseline,8268,1.5576024951687282,0.1911722491331818,51.767734241445226,181.53760165479204,1.3664302460355464
yellow_trip_hourly,body,linear_raw_mae,overall,candidate,8268,1.5528069203814554,0.18637667434590902,38.350265454268424,126.76261463507517,1.3664302460355464
yellow_trip_hourly,body,linear_raw_mae,p50_p90,baseline,3138,1.1835635593476028,0.2009468643817905,29.040303251255537,57.79490369416977,0.9826166949658124
yellow_trip_hourly,body,linear_raw_mae,p50_p90,candidate,3138,1.182070256291086,0.1994535613252738,28.63981165667109,60.30894827497616,0.9826166949658124
yellow_trip_hourly,body,linear_raw_mae,p90_p95,baseline,386,1.0828745545139982,0.10499748411052855,221.5866925333448,275.9644557378366,0.9778770704034696
yellow_trip_hourly,body,linear_raw_mae,p90_p95,candidate,386,1.0615653053194438,0.08368823491597432,206.93298924895765,273.61936425888035,0.9778770704034696
yellow_trip_hourly,body,linear_raw_mae,p95_p99,baseline,301,1.0769984783933704,0.09922393239747428,508.75349583419853,603.4106053930429,0.9777745459958961
yellow_trip_hourly,body,linear_raw_mae,p95_p99,candidate,301,1.0291550664327735,0.05138052043687737,335.6443104284546,453.96450257122314,0.9777745459958961
yellow_trip_hourly,body,linear_raw_mae,tail_gt_p95,baseline,380,1.0793264498694748,0.10154850403099844,645.4503109580592,782.3083565444399,0.9777779458384764
yellow_trip_hourly,body,linear_raw_mae,tail_gt_p95,candidate,380,1.0232622148568662,0.045484269018389735,371.8359065005654,493.3979677562503,0.9777779458384764
yellow_trip_hourly,joint,mlp_log_mse,body_le_p95,baseline,7888,1.580643176867957,0.19548982306429638,23.167407269833294,71.13696448202782,1.3851533538036607
yellow_trip_hourly,joint,mlp_log_mse,body_le_p95,candidate,7888,1.57960070793959,0.1944473541359292,24.175197083525678,77.16224198210547,1.3851533538036607
yellow_trip_hourly,joint,mlp_log_mse,gt_p99,baseline,79,1.0881963158733672,0.11040541620429935,1166.282479974288,1247.6154806872075,0.9777908996690677
yellow_trip_hourly,joint,mlp_log_mse,gt_p99,candidate,79,1.0015517627351396,0.023760863066071797,523.1803921083861,639.7356868370025,0.9777908996690677
yellow_trip_hourly,joint,mlp_log_mse,history_65_128,baseline,1475,1.6755535323863362,0.15672633269288264,1.3479892139919734,3.363331826930227,1.5188271996934535
yellow_trip_hourly,joint,mlp_log_mse,history_65_128,candidate,1475,1.6666175505171508,0.14779035082369732,1.2801189817008325,3.160390688778237,1.5188271996934535
yellow_trip_hourly,joint,mlp_log_mse,history_gt_128,baseline,5552,1.2725678495421988,0.22757330577671778,76.61825772946008,221.5277390919997,1.044994543765481
yellow_trip_hourly,joint,mlp_log_mse,history_gt_128,candidate,5552,1.2698279917534925,0.22483344798801144,58.514821378702045,156.38508348652974,1.044994543765481
yellow_trip_hourly,joint,mlp_log_mse,history_le_64,baseline,1241,2.6926021507871964,0.06926174169122291,0.5179498015057167,0.8330240860310215,2.6233404090959733
yellow_trip_hourly,joint,mlp_log_mse,history_le_64,candidate,1241,2.689845075529855,0.06650466643388142,0.5104429284763566,0.8332265251645532,2.6233404090959733
yellow_trip_hourly,joint,mlp_log_mse,le_p50,baseline,4364,1.9101973766795286,0.19956998968942363,1.3940361191328243,2.985568659530647,1.710627386990105
yellow_trip_hourly,joint,mlp_log_mse,le_p50,candidate,4364,1.9089362021656848,0.19830881517557974,1.4132433091140908,3.260870964376994,1.710627386990105
yellow_trip_hourly,joint,mlp_log_mse,overall,baseline,8268,1.5576024951687282,0.1911722491331818,51.767734241445226,181.53760165479204,1.3664302460355464
yellow_trip_hourly,joint,mlp_log_mse,overall,candidate,8268,1.5537546729532536,0.1873244269177073,39.59795881312541,128.15771578202072,1.3664302460355464
yellow_trip_hourly,joint,mlp_log_mse,p50_p90,baseline,3138,1.1835635593476028,0.2009468643817905,29.040303251255537,57.79490369416977,0.9826166949658124
yellow_trip_hourly,joint,mlp_log_mse,p50_p90,candidate,3138,1.186234104111401,0.20361740914558873,32.892403714743445,71.88157065511817,0.9826166949658124
yellow_trip_hourly,joint,mlp_log_mse,p90_p95,baseline,386,1.0828745545139982,0.10499748411052855,221.5866925333448,275.9644557378366,0.9778770704034696
yellow_trip_hourly,joint,mlp_log_mse,p90_p95,candidate,386,1.0541196354271019,0.07624256502363226,210.64818118396818,282.0397514756036,0.9778770704034696
yellow_trip_hourly,joint,mlp_log_mse,p95_p99,baseline,301,1.0769984783933704,0.09922393239747428,508.75349583419853,603.4106053930429,0.9777745459958961
yellow_trip_hourly,joint,mlp_log_mse,p95_p99,candidate,301,1.0213643272223896,0.04358978122649359,316.8462388555077,433.25247015136136,0.9777745459958961
yellow_trip_hourly,joint,mlp_log_mse,tail_gt_p95,baseline,380,1.0793264498694748,0.10154850403099844,645.4503109580592,782.3083565444399,0.9777779458384764
yellow_trip_hourly,joint,mlp_log_mse,tail_gt_p95,candidate,380,1.0172453993421455,0.03946745350366906,359.74202334755347,483.4952150815897,0.9777779458384764
yellow_trip_hourly,body,mlp_log_mse,body_le_p95,baseline,7888,1.580643176867957,0.19548982306429638,23.167407269833294,71.13696448202782,1.3851533538036607
yellow_trip_hourly,body,mlp_log_mse,body_le_p95,candidate,7888,1.5837689022184616,0.1986155484148009,22.752303934408612,71.39647134866448,1.3851533538036607
yellow_trip_hourly,body,mlp_log_mse,gt_p99,baseline,79,1.0881963158733672,0.11040541620429935,1166.282479974288,1247.6154806872075,0.9777908996690677
yellow_trip_hourly,body,mlp_log_mse,gt_p99,candidate,79,1.0166770175720798,0.038886117903012184,678.1133677808544,792.6471981448665,0.9777908996690677
yellow_trip_hourly,body,mlp_log_mse,history_65_128,baseline,1475,1.6755535323863362,0.15672633269288264,1.3479892139919734,3.363331826930227,1.5188271996934535
yellow_trip_hourly,body,mlp_log_mse,history_65_128,candidate,1475,1.6670351191271682,0.14820791943371467,1.3074212086402763,3.26684756247328,1.5188271996934535
yellow_trip_hourly,body,mlp_log_mse,history_gt_128,baseline,5552,1.2725678495421988,0.22757330577671778,76.61825772946008,221.5277390919997,1.044994543765481
yellow_trip_hourly,body,mlp_log_mse,history_gt_128,candidate,5552,1.2764626032342494,0.2314680594687684,60.82742570941833,166.95700735433934,1.044994543765481
yellow_trip_hourly,body,mlp_log_mse,history_le_64,baseline,1241,2.6926021507871964,0.06926174169122291,0.5179498015057167,0.8330240860310215,2.6233404090959733
yellow_trip_hourly,body,mlp_log_mse,history_le_64,candidate,1241,2.6899320268209035,0.0665916177249301,0.5231489921941765,0.828402548560883,2.6233404090959733
yellow_trip_hourly,body,mlp_log_mse,le_p50,baseline,4364,1.9101973766795286,0.19956998968942363,1.3940361191328243,2.985568659530647,1.710627386990105
yellow_trip_hourly,body,mlp_log_mse,le_p50,candidate,4364,1.9273740353580444,0.21674664836793933,1.5077032753625776,3.327800637893605,1.710627386990105
yellow_trip_hourly,body,mlp_log_mse,overall,baseline,8268,1.5576024951687282,0.1911722491331818,51.767734241445226,181.53760165479204,1.3664302460355464
yellow_trip_hourly,body,mlp_log_mse,overall,candidate,8268,1.5582973898347687,0.19186714379922226,41.157661069272855,136.82089514040663,1.3664302460355464
yellow_trip_hourly,body,mlp_log_mse,p50_p90,baseline,3138,1.1835635593476028,0.2009468643817905,29.040303251255537,57.79490369416977,0.9826166949658124
yellow_trip_hourly,body,mlp_log_mse,p50_p90,candidate,3138,1.1702008408902824,0.1875841459244701,30.041568745694548,63.017601088858015,0.9826166949658124
yellow_trip_hourly,body,mlp_log_mse,p90_p95,baseline,386,1.0828745545139982,0.10499748411052855,221.5866925333448,275.9644557378366,0.9778770704034696
yellow_trip_hourly,body,mlp_log_mse,p90_p95,candidate,386,1.0611880095414878,0.0833109391380183,203.67905082109678,267.8774930414713,0.9778770704034696
yellow_trip_hourly,body,mlp_log_mse,p95_p99,baseline,301,1.0769984783933704,0.09922393239747428,508.75349583419853,603.4106053930429,0.9777745459958961
yellow_trip_hourly,body,mlp_log_mse,p95_p99,candidate,301,1.0329442997732785,0.05516975377738233,356.3136724427689,464.46124444399777,0.9777745459958961
yellow_trip_hourly,body,mlp_log_mse,tail_gt_p95,baseline,380,1.0793264498694748,0.10154850403099844,645.4503109580592,782.3083565444399,0.9777779458384764
yellow_trip_hourly,body,mlp_log_mse,tail_gt_p95,candidate,380,1.0295624169858983,0.0517844711474218,423.21412706877055,549.0850606676967,0.9777779458384764
yellow_trip_hourly,joint,mlp_raw_mae,body_le_p95,baseline,7888,1.580643176867957,0.19548982306429638,23.167407269833294,71.13696448202782,1.3851533538036607
yellow_trip_hourly,joint,mlp_raw_mae,body_le_p95,candidate,7888,1.5776560620733018,0.19250270826964103,23.134174391619755,74.51127358649316,1.3851533538036607
yellow_trip_hourly,joint,mlp_raw_mae,gt_p99,baseline,79,1.0881963158733672,0.11040541620429935,1166.282479974288,1247.6154806872075,0.9777908996690677
yellow_trip_hourly,joint,mlp_raw_mae,gt_p99,candidate,79,0.9942175817039104,0.01642668203484264,418.4782498516614,531.7602459035053,0.9777908996690677
yellow_trip_hourly,joint,mlp_raw_mae,history_65_128,baseline,1475,1.6755535323863362,0.15672633269288264,1.3479892139919734,3.363331826930227,1.5188271996934535
yellow_trip_hourly,joint,mlp_raw_mae,history_65_128,candidate,1475,1.6765851173226873,0.15775791762923383,1.320508244643777,3.143514852341828,1.5188271996934535
yellow_trip_hourly,joint,mlp_raw_mae,history_gt_128,baseline,5552,1.2725678495421988,0.22757330577671778,76.61825772946008,221.5277390919997,1.044994543765481
yellow_trip_hourly,joint,mlp_raw_mae,history_gt_128,candidate,5552,1.2637241485030357,0.21872960473755465,56.41145726374917,152.98797608996236,1.044994543765481
yellow_trip_hourly,joint,mlp_raw_mae,history_le_64,baseline,1241,2.6926021507871964,0.06926174169122291,0.5179498015057167,0.8330240860310215,2.6233404090959733
yellow_trip_hourly,joint,mlp_raw_mae,history_le_64,candidate,1241,2.69397667403191,0.07063626493593674,0.5294016311958276,0.834994930389185,2.6233404090959733
yellow_trip_hourly,joint,mlp_raw_mae,le_p50,baseline,4364,1.9101973766795286,0.19956998968942363,1.3940361191328243,2.985568659530647,1.710627386990105
yellow_trip_hourly,joint,mlp_raw_mae,le_p50,candidate,4364,1.9033884659715796,0.19276107898147468,1.379747482434967,3.042803470880618,1.710627386990105
yellow_trip_hourly,joint,mlp_raw_mae,overall,baseline,8268,1.5576024951687282,0.1911722491331818,51.767734241445226,181.53760165479204,1.3664302460355464
yellow_trip_hourly,joint,mlp_raw_mae,overall,candidate,8268,1.5520542541138629,0.18562400807831653,38.19559117241158,125.37403254648574,1.3664302460355464
yellow_trip_hourly,joint,mlp_raw_mae,p50_p90,baseline,3138,1.1835635593476028,0.2009468643817905,29.040303251255537,57.79490369416977,0.9826166949658124
yellow_trip_hourly,joint,mlp_raw_mae,p50_p90,candidate,3138,1.1880039462467613,0.20538725128094895,29.984325486015102,63.50912554923017,0.9826166949658124
yellow_trip_hourly,joint,mlp_raw_mae,p90_p95,baseline,386,1.0828745545139982,0.10499748411052855,221.5866925333448,275.9644557378366,0.9778770704034696
yellow_trip_hourly,joint,mlp_raw_mae,p90_p95,candidate,386,1.0627133903955572,0.08483631999208766,213.3946533993736,283.8319427800192,0.9778770704034696
yellow_trip_hourly,joint,mlp_raw_mae,p95_p99,baseline,301,1.0769984783933704,0.09922393239747428,508.75349583419853,603.4106053930429,0.9777745459958961
yellow_trip_hourly,joint,mlp_raw_mae,p95_p99,candidate,301,1.027542745596693,0.049768199600796974,333.0863736681764,460.49738823120543,0.9777745459958961
yellow_trip_hourly,joint,mlp_raw_mae,tail_gt_p95,baseline,380,1.0793264498694748,0.10154850403099844,645.4503109580592,782.3083565444399,0.9777779458384764
yellow_trip_hourly,joint,mlp_raw_mae,tail_gt_p95,candidate,380,1.020614619418983,0.04283667358050647,350.8388952957956,476.19146687032185,0.9777779458384764
yellow_trip_hourly,body,mlp_raw_mae,body_le_p95,baseline,7888,1.580643176867957,0.19548982306429638,23.167407269833294,71.13696448202782,1.3851533538036607
yellow_trip_hourly,body,mlp_raw_mae,body_le_p95,candidate,7888,1.5785302073153107,0.19337685351165004,22.601570332094152,71.90927855917741,1.3851533538036607
yellow_trip_hourly,body,mlp_raw_mae,gt_p99,baseline,79,1.0881963158733672,0.11040541620429935,1166.282479974288,1247.6154806872075,0.9777908996690677
yellow_trip_hourly,body,mlp_raw_mae,gt_p99,candidate,79,1.001524057006095,0.023733157337027237,516.4327747972706,628.0431036371607,0.9777908996690677
yellow_trip_hourly,body,mlp_raw_mae,history_65_128,baseline,1475,1.6755535323863362,0.15672633269288264,1.3479892139919734,3.363331826930227,1.5188271996934535
yellow_trip_hourly,body,mlp_raw_mae,history_65_128,candidate,1475,1.6757280689848923,0.15690086929143884,1.3029827806505105,3.0311561749865046,1.5188271996934535
yellow_trip_hourly,body,mlp_raw_mae,history_gt_128,baseline,5552,1.2725678495421988,0.22757330577671778,76.61825772946008,221.5277390919997,1.044994543765481
yellow_trip_hourly,body,mlp_raw_mae,history_gt_128,candidate,5552,1.2653307824158158,0.22033623865033472,57.468238551996286,156.0435659598259,1.044994543765481
yellow_trip_hourly,body,mlp_raw_mae,history_le_64,baseline,1241,2.6926021507871964,0.06926174169122291,0.5179498015057167,0.8330240860310215,2.6233404090959733
yellow_trip_hourly,body,mlp_raw_mae,history_le_64,candidate,1241,2.694468138078378,0.07112772898240476,0.5228481229805927,0.8393730633400152,2.6233404090959733
yellow_trip_hourly,body,mlp_raw_mae,le_p50,baseline,4364,1.9101973766795286,0.19956998968942363,1.3940361191328243,2.985568659530647,1.710627386990105
yellow_trip_hourly,body,mlp_raw_mae,le_p50,candidate,4364,1.910533767080653,0.199906380090548,1.4159706918254673,3.1246050452187726,1.710627386990105
yellow_trip_hourly,body,mlp_raw_mae,overall,baseline,8268,1.5576024951687282,0.1911722491331818,51.767734241445226,181.53760165479204,1.3664302460355464
yellow_trip_hourly,body,mlp_raw_mae,overall,candidate,8268,1.5530539870682865,0.18662374103274007,38.90111448509455,127.87732192883279,1.3664302460355464
yellow_trip_hourly,body,mlp_raw_mae,p50_p90,baseline,3138,1.1835635593476028,0.2009468643817905,29.040303251255537,57.79490369416977,0.9826166949658124
yellow_trip_hourly,body,mlp_raw_mae,p50_p90,candidate,3138,1.1805124994488634,0.19789580448305094,29.409598927994757,61.74022867933012,0.9826166949658124
yellow_trip_hourly,body,mlp_raw_mae,p90_p95,baseline,386,1.0828745545139982,0.10499748411052855,221.5866925333448,275.9644557378366,0.9778770704034696
yellow_trip_hourly,body,mlp_raw_mae,p90_p95,candidate,386,1.0606960945261181,0.08281902412264863,206.773495451774,273.0759300702999,0.9778770704034696
yellow_trip_hourly,body,mlp_raw_mae,p95_p99,baseline,301,1.0769984783933704,0.09922393239747428,508.75349583419853,603.4106053930429,0.9777745459958961
yellow_trip_hourly,body,mlp_raw_mae,p95_p99,candidate,301,1.030178369699425,0.05240382370352881,340.71441386783636,458.41831571442,0.9777745459958961
yellow_trip_hourly,body,mlp_raw_mae,tail_gt_p95,baseline,380,1.0793264498694748,0.10154850403099844,645.4503109580592,782.3083565444399,0.9777779458384764
yellow_trip_hourly,body,mlp_raw_mae,tail_gt_p95,candidate,380,1.0242212889026536,0.04644334306417716,377.2453362715872,498.45805944296524,0.9777779458384764
raf_spare_parts,joint,constant_log_mse,body_le_p95,baseline,6416,3.735665541659049,0.44920991997164683,4.225942206269414,8.991121199800435,3.2864556216874026
raf_spare_parts,joint,constant_log_mse,body_le_p95,candidate,6416,3.7401232407373812,0.4536676190499786,4.288429117698845,9.13438718034129,3.2864556216874026
raf_spare_parts,joint,constant_log_mse,gt_p99,baseline,50,8.33691800236702,5.247188349962235,313.51081294059753,356.99821185852517,3.089729652404785
raf_spare_parts,joint,constant_log_mse,gt_p99,candidate,50,8.138831561207772,5.049101908802986,310.60392759084704,354.3541326517596,3.089729652404785
raf_spare_parts,joint,constant_log_mse,history_le_64,baseline,6690,3.842684091156714,0.5575681267867904,9.08649151632604,36.12338843297692,3.2851159643699237
raf_spare_parts,joint,constant_log_mse,history_le_64,candidate,6690,3.8413082025804512,0.5561922382105274,9.071443940732511,35.85535254977495,3.2851159643699237
raf_spare_parts,joint,constant_log_mse,le_p50,baseline,3626,3.614318825392115,0.3088087343140504,1.4766015677378446,4.334353208137852,3.3055100910780646
raf_spare_parts,joint,constant_log_mse,le_p50,candidate,3626,3.6396691036892475,0.3341590126111828,1.5895854917042043,4.583673824923453,3.3055100910780646
raf_spare_parts,joint,constant_log_mse,overall,baseline,6690,3.842684091156714,0.5575681267867904,9.08649151632604,36.12338843297692,3.2851159643699237
raf_spare_parts,joint,constant_log_mse,overall,candidate,6690,3.8413082025804512,0.5561922382105274,9.071443940732511,35.85535254977495,3.2851159643699237
raf_spare_parts,joint,constant_log_mse,p50_p90,baseline,2555,3.8157846810385925,0.5480028189644439,6.003668946739279,9.675455695101366,3.2677818620741483
raf_spare_parts,joint,constant_log_mse,p50_p90,candidate,2555,3.7990187212585513,0.5312368591844031,6.0624908251305145,9.969107233404674,3.2677818620741483
raf_spare_parts,joint,constant_log_mse,p90_p95,baseline,235,4.736936997272554,1.5414603126007875,27.319632986758617,29.990490222281128,3.195476684671767
raf_spare_parts,joint,constant_log_mse,p90_p95,candidate,235,4.649777488417996,1.4543008037462293,26.642809225650545,29.551661415626562,3.195476684671767
raf_spare_parts,joint,constant_log_mse,p95_p99,baseline,224,5.904823903730371,2.61446653646174,80.35465357931596,90.60112540816164,3.2903573672686304
raf_spare_parts,joint,constant_log_mse,p95_p99,candidate,224,5.780266002820489,2.4899086355518585,78.76429627143911,89.31864219140482,3.2903573672686304
raf_spare_parts,joint,constant_log_mse,tail_gt_p95,baseline,274,6.348636695452386,3.0948902250567207,122.90139798830896,173.11133587553448,3.253746470395666
raf_spare_parts,joint,constant_log_mse,tail_gt_p95,candidate,274,6.210661177708679,2.956914707313013,121.0707983370245,171.5682730098573,3.253746470395666
raf_spare_parts,body,constant_log_mse,body_le_p95,baseline,6416,3.735665541659049,0.44920991997164683,4.225942206269414,8.991121199800435,3.2864556216874026
raf_spare_parts,body,constant_log_mse,body_le_p95,candidate,6416,3.735665541659049,0.44920991997164683,4.225942206269414,8.991121199800435,3.2864556216874026
raf_spare_parts,body,constant_log_mse,gt_p99,baseline,50,8.33691800236702,5.247188349962235,313.51081294059753,356.99821185852517,3.089729652404785
raf_spare_parts,body,constant_log_mse,gt_p99,candidate,50,8.33691800236702,5.247188349962235,313.51081294059753,356.99821185852517,3.089729652404785
raf_spare_parts,body,constant_log_mse,history_le_64,baseline,6690,3.842684091156714,0.5575681267867904,9.08649151632604,36.12338843297692,3.2851159643699237
raf_spare_parts,body,constant_log_mse,history_le_64,candidate,6690,3.842684091156714,0.5575681267867904,9.08649151632604,36.12338843297692,3.2851159643699237
raf_spare_parts,body,constant_log_mse,le_p50,baseline,3626,3.614318825392115,0.3088087343140504,1.4766015677378446,4.334353208137852,3.3055100910780646
raf_spare_parts,body,constant_log_mse,le_p50,candidate,3626,3.614318825392115,0.3088087343140504,1.4766015677378446,4.334353208137852,3.3055100910780646
raf_spare_parts,body,constant_log_mse,overall,baseline,6690,3.842684091156714,0.5575681267867904,9.08649151632604,36.12338843297692,3.2851159643699237
raf_spare_parts,body,constant_log_mse,overall,candidate,6690,3.842684091156714,0.5575681267867904,9.08649151632604,36.12338843297692,3.2851159643699237
raf_spare_parts,body,constant_log_mse,p50_p90,baseline,2555,3.8157846810385925,0.5480028189644439,6.003668946739279,9.675455695101366,3.2677818620741483
raf_spare_parts,body,constant_log_mse,p50_p90,candidate,2555,3.8157846810385925,0.5480028189644439,6.003668946739279,9.675455695101366,3.2677818620741483
raf_spare_parts,body,constant_log_mse,p90_p95,baseline,235,4.736936997272554,1.5414603126007875,27.319632986758617,29.990490222281128,3.195476684671767
raf_spare_parts,body,constant_log_mse,p90_p95,candidate,235,4.736936997272554,1.5414603126007875,27.319632986758617,29.990490222281128,3.195476684671767
raf_spare_parts,body,constant_log_mse,p95_p99,baseline,224,5.904823903730371,2.61446653646174,80.35465357931596,90.60112540816164,3.2903573672686304
raf_spare_parts,body,constant_log_mse,p95_p99,candidate,224,5.904823903730371,2.61446653646174,80.35465357931596,90.60112540816164,3.2903573672686304
raf_spare_parts,body,constant_log_mse,tail_gt_p95,baseline,274,6.348636695452386,3.0948902250567207,122.90139798830896,173.11133587553448,3.253746470395666
raf_spare_parts,body,constant_log_mse,tail_gt_p95,candidate,274,6.348636695452386,3.0948902250567207,122.90139798830896,173.11133587553448,3.253746470395666
raf_spare_parts,joint,constant_raw_mae,body_le_p95,baseline,6416,3.735665541659049,0.44920991997164683,4.225942206269414,8.991121199800435,3.2864556216874026
raf_spare_parts,joint,constant_raw_mae,body_le_p95,candidate,6416,3.7409641370599993,0.45450851537259673,4.298032890661547,9.157016019135078,3.2864556216874026
raf_spare_parts,joint,constant_raw_mae,gt_p99,baseline,50,8.33691800236702,5.247188349962235,313.51081294059753,356.99821185852517,3.089729652404785
raf_spare_parts,joint,constant_raw_mae,gt_p99,candidate,50,8.11191242158413,5.022182769179344,310.1921576046944,353.9807353312888,3.089729652404785
raf_spare_parts,joint,constant_raw_mae,history_le_64,baseline,6690,3.842684091156714,0.5575681267867904,9.08649151632604,36.12338843297692,3.2851159643699237
raf_spare_parts,joint,constant_raw_mae,history_le_64,candidate,6690,3.8413507700672342,0.5562348056973108,9.070033882587301,35.81862789270801,3.2851159643699237
raf_spare_parts,joint,constant_raw_mae,le_p50,baseline,3626,3.614318825392115,0.3088087343140504,1.4766015677378446,4.334353208137852,3.3055100910780646
raf_spare_parts,joint,constant_raw_mae,le_p50,candidate,3626,3.643356814795427,0.33784672371736246,1.6057447398228337,4.619071306334764,3.3055100910780646
raf_spare_parts,joint,constant_raw_mae,overall,baseline,6690,3.842684091156714,0.5575681267867904,9.08649151632604,36.12338843297692,3.2851159643699237
raf_spare_parts,joint,constant_raw_mae,overall,candidate,6690,3.8413507700672342,0.5562348056973108,9.070033882587301,35.81862789270801,3.2851159643699237
raf_spare_parts,joint,constant_raw_mae,p50_p90,baseline,2555,3.8157846810385925,0.5480028189644439,6.003668946739279,9.675455695101366,3.2677818620741483
raf_spare_parts,joint,constant_raw_mae,p50_p90,candidate,2555,3.7969708878755766,0.5291890258014282,6.0724795296700735,10.013448734135533,3.2677818620741483
raf_spare_parts,joint,constant_raw_mae,p90_p95,baseline,235,4.736936997272554,1.5414603126007875,27.319632986758617,29.990490222281128,3.195476684671767
raf_spare_parts,joint,constant_raw_mae,p90_p95,candidate,235,4.638099891092087,1.4426232064203197,26.547078304595136,29.49477209290823,3.195476684671767
raf_spare_parts,joint,constant_raw_mae,p95_p99,baseline,224,5.904823903730371,2.61446653646174,80.35465357931596,90.60112540816164,3.2903573672686304
raf_spare_parts,joint,constant_raw_mae,p95_p99,candidate,224,5.7634603897037255,2.473103022435095,78.53901682049036,89.14251883966348,3.2903573672686304
raf_spare_parts,joint,constant_raw_mae,tail_gt_p95,baseline,274,6.348636695452386,3.0948902250567207,122.90139798830896,173.11133587553448,3.253746470395666
raf_spare_parts,joint,constant_raw_mae,tail_gt_p95,candidate,274,6.192010030557814,2.938263560162148,120.81148776651298,171.35259578205307,3.253746470395666
raf_spare_parts,body,constant_raw_mae,body_le_p95,baseline,6416,3.735665541659049,0.44920991997164683,4.225942206269414,8.991121199800435,3.2864556216874026
raf_spare_parts,body,constant_raw_mae,body_le_p95,candidate,6416,3.735665541659049,0.44920991997164683,4.225942206269414,8.991121199800435,3.2864556216874026
raf_spare_parts,body,constant_raw_mae,gt_p99,baseline,50,8.33691800236702,5.247188349962235,313.51081294059753,356.99821185852517,3.089729652404785
raf_spare_parts,body,constant_raw_mae,gt_p99,candidate,50,8.33691800236702,5.247188349962235,313.51081294059753,356.99821185852517,3.089729652404785
raf_spare_parts,body,constant_raw_mae,history_le_64,baseline,6690,3.842684091156714,0.5575681267867904,9.08649151632604,36.12338843297692,3.2851159643699237
raf_spare_parts,body,constant_raw_mae,history_le_64,candidate,6690,3.842684091156714,0.5575681267867904,9.08649151632604,36.12338843297692,3.2851159643699237
raf_spare_parts,body,constant_raw_mae,le_p50,baseline,3626,3.614318825392115,0.3088087343140504,1.4766015677378446,4.334353208137852,3.3055100910780646
raf_spare_parts,body,constant_raw_mae,le_p50,candidate,3626,3.614318825392115,0.3088087343140504,1.4766015677378446,4.334353208137852,3.3055100910780646
raf_spare_parts,body,constant_raw_mae,overall,baseline,6690,3.842684091156714,0.5575681267867904,9.08649151632604,36.12338843297692,3.2851159643699237
raf_spare_parts,body,constant_raw_mae,overall,candidate,6690,3.842684091156714,0.5575681267867904,9.08649151632604,36.12338843297692,3.2851159643699237
raf_spare_parts,body,constant_raw_mae,p50_p90,baseline,2555,3.8157846810385925,0.5480028189644439,6.003668946739279,9.675455695101366,3.2677818620741483
raf_spare_parts,body,constant_raw_mae,p50_p90,candidate,2555,3.8157846810385925,0.5480028189644439,6.003668946739279,9.675455695101366,3.2677818620741483
raf_spare_parts,body,constant_raw_mae,p90_p95,baseline,235,4.736936997272554,1.5414603126007875,27.319632986758617,29.990490222281128,3.195476684671767
raf_spare_parts,body,constant_raw_mae,p90_p95,candidate,235,4.736936997272554,1.5414603126007875,27.319632986758617,29.990490222281128,3.195476684671767
raf_spare_parts,body,constant_raw_mae,p95_p99,baseline,224,5.904823903730371,2.61446653646174,80.35465357931596,90.60112540816164,3.2903573672686304
raf_spare_parts,body,constant_raw_mae,p95_p99,candidate,224,5.904823903730371,2.61446653646174,80.35465357931596,90.60112540816164,3.2903573672686304
raf_spare_parts,body,constant_raw_mae,tail_gt_p95,baseline,274,6.348636695452386,3.0948902250567207,122.90139798830896,173.11133587553448,3.253746470395666
raf_spare_parts,body,constant_raw_mae,tail_gt_p95,candidate,274,6.348636695452386,3.0948902250567207,122.90139798830896,173.11133587553448,3.253746470395666
raf_spare_parts,joint,linear_log_mse,body_le_p95,baseline,6416,3.735665541659049,0.44920991997164683,4.225942206269414,8.991121199800435,3.2864556216874026
raf_spare_parts,joint,linear_log_mse,body_le_p95,candidate,6416,3.735665541659049,0.44920991997164683,4.225942206269414,8.991121199800435,3.2864556216874026
raf_spare_parts,joint,linear_log_mse,gt_p99,baseline,50,8.33691800236702,5.247188349962235,313.51081294059753,356.99821185852517,3.089729652404785
raf_spare_parts,joint,linear_log_mse,gt_p99,candidate,50,8.33691800236702,5.247188349962235,313.51081294059753,356.99821185852517,3.089729652404785
raf_spare_parts,joint,linear_log_mse,history_le_64,baseline,6690,3.842684091156714,0.5575681267867904,9.08649151632604,36.12338843297692,3.2851159643699237
raf_spare_parts,joint,linear_log_mse,history_le_64,candidate,6690,3.842684091156714,0.5575681267867904,9.08649151632604,36.12338843297692,3.2851159643699237
raf_spare_parts,joint,linear_log_mse,le_p50,baseline,3626,3.614318825392115,0.3088087343140504,1.4766015677378446,4.334353208137852,3.3055100910780646
raf_spare_parts,joint,linear_log_mse,le_p50,candidate,3626,3.614318825392115,0.3088087343140504,1.4766015677378446,4.334353208137852,3.3055100910780646
raf_spare_parts,joint,linear_log_mse,overall,baseline,6690,3.842684091156714,0.5575681267867904,9.08649151632604,36.12338843297692,3.2851159643699237
raf_spare_parts,joint,linear_log_mse,overall,candidate,6690,3.842684091156714,0.5575681267867904,9.08649151632604,36.12338843297692,3.2851159643699237
raf_spare_parts,joint,linear_log_mse,p50_p90,baseline,2555,3.8157846810385925,0.5480028189644439,6.003668946739279,9.675455695101366,3.2677818620741483
raf_spare_parts,joint,linear_log_mse,p50_p90,candidate,2555,3.8157846810385925,0.5480028189644439,6.003668946739279,9.675455695101366,3.2677818620741483
raf_spare_parts,joint,linear_log_mse,p90_p95,baseline,235,4.736936997272554,1.5414603126007875,27.319632986758617,29.990490222281128,3.195476684671767
raf_spare_parts,joint,linear_log_mse,p90_p95,candidate,235,4.736936997272554,1.5414603126007875,27.319632986758617,29.990490222281128,3.195476684671767
raf_spare_parts,joint,linear_log_mse,p95_p99,baseline,224,5.904823903730371,2.61446653646174,80.35465357931596,90.60112540816164,3.2903573672686304
raf_spare_parts,joint,linear_log_mse,p95_p99,candidate,224,5.904823903730371,2.61446653646174,80.35465357931596,90.60112540816164,3.2903573672686304
raf_spare_parts,joint,linear_log_mse,tail_gt_p95,baseline,274,6.348636695452386,3.0948902250567207,122.90139798830896,173.11133587553448,3.253746470395666
raf_spare_parts,joint,linear_log_mse,tail_gt_p95,candidate,274,6.348636695452386,3.0948902250567207,122.90139798830896,173.11133587553448,3.253746470395666
raf_spare_parts,body,linear_log_mse,body_le_p95,baseline,6416,3.735665541659049,0.44920991997164683,4.225942206269414,8.991121199800435,3.2864556216874026
raf_spare_parts,body,linear_log_mse,body_le_p95,candidate,6416,3.735665541659049,0.44920991997164683,4.225942206269414,8.991121199800435,3.2864556216874026
raf_spare_parts,body,linear_log_mse,gt_p99,baseline,50,8.33691800236702,5.247188349962235,313.51081294059753,356.99821185852517,3.089729652404785
raf_spare_parts,body,linear_log_mse,gt_p99,candidate,50,8.33691800236702,5.247188349962235,313.51081294059753,356.99821185852517,3.089729652404785
raf_spare_parts,body,linear_log_mse,history_le_64,baseline,6690,3.842684091156714,0.5575681267867904,9.08649151632604,36.12338843297692,3.2851159643699237
raf_spare_parts,body,linear_log_mse,history_le_64,candidate,6690,3.842684091156714,0.5575681267867904,9.08649151632604,36.12338843297692,3.2851159643699237
raf_spare_parts,body,linear_log_mse,le_p50,baseline,3626,3.614318825392115,0.3088087343140504,1.4766015677378446,4.334353208137852,3.3055100910780646
raf_spare_parts,body,linear_log_mse,le_p50,candidate,3626,3.614318825392115,0.3088087343140504,1.4766015677378446,4.334353208137852,3.3055100910780646
raf_spare_parts,body,linear_log_mse,overall,baseline,6690,3.842684091156714,0.5575681267867904,9.08649151632604,36.12338843297692,3.2851159643699237
raf_spare_parts,body,linear_log_mse,overall,candidate,6690,3.842684091156714,0.5575681267867904,9.08649151632604,36.12338843297692,3.2851159643699237
raf_spare_parts,body,linear_log_mse,p50_p90,baseline,2555,3.8157846810385925,0.5480028189644439,6.003668946739279,9.675455695101366,3.2677818620741483
raf_spare_parts,body,linear_log_mse,p50_p90,candidate,2555,3.8157846810385925,0.5480028189644439,6.003668946739279,9.675455695101366,3.2677818620741483
raf_spare_parts,body,linear_log_mse,p90_p95,baseline,235,4.736936997272554,1.5414603126007875,27.319632986758617,29.990490222281128,3.195476684671767
raf_spare_parts,body,linear_log_mse,p90_p95,candidate,235,4.736936997272554,1.5414603126007875,27.319632986758617,29.990490222281128,3.195476684671767
raf_spare_parts,body,linear_log_mse,p95_p99,baseline,224,5.904823903730371,2.61446653646174,80.35465357931596,90.60112540816164,3.2903573672686304
raf_spare_parts,body,linear_log_mse,p95_p99,candidate,224,5.904823903730371,2.61446653646174,80.35465357931596,90.60112540816164,3.2903573672686304
raf_spare_parts,body,linear_log_mse,tail_gt_p95,baseline,274,6.348636695452386,3.0948902250567207,122.90139798830896,173.11133587553448,3.253746470395666
raf_spare_parts,body,linear_log_mse,tail_gt_p95,candidate,274,6.348636695452386,3.0948902250567207,122.90139798830896,173.11133587553448,3.253746470395666
raf_spare_parts,joint,linear_raw_mae,body_le_p95,baseline,6416,3.735665541659049,0.44920991997164683,4.225942206269414,8.991121199800435,3.2864556216874026
raf_spare_parts,joint,linear_raw_mae,body_le_p95,candidate,6416,3.735665541659049,0.44920991997164683,4.225942206269414,8.991121199800435,3.2864556216874026
raf_spare_parts,joint,linear_raw_mae,gt_p99,baseline,50,8.33691800236702,5.247188349962235,313.51081294059753,356.99821185852517,3.089729652404785
raf_spare_parts,joint,linear_raw_mae,gt_p99,candidate,50,8.33691800236702,5.247188349962235,313.51081294059753,356.99821185852517,3.089729652404785
raf_spare_parts,joint,linear_raw_mae,history_le_64,baseline,6690,3.842684091156714,0.5575681267867904,9.08649151632604,36.12338843297692,3.2851159643699237
raf_spare_parts,joint,linear_raw_mae,history_le_64,candidate,6690,3.842684091156714,0.5575681267867904,9.08649151632604,36.12338843297692,3.2851159643699237
raf_spare_parts,joint,linear_raw_mae,le_p50,baseline,3626,3.614318825392115,0.3088087343140504,1.4766015677378446,4.334353208137852,3.3055100910780646
raf_spare_parts,joint,linear_raw_mae,le_p50,candidate,3626,3.614318825392115,0.3088087343140504,1.4766015677378446,4.334353208137852,3.3055100910780646
raf_spare_parts,joint,linear_raw_mae,overall,baseline,6690,3.842684091156714,0.5575681267867904,9.08649151632604,36.12338843297692,3.2851159643699237
raf_spare_parts,joint,linear_raw_mae,overall,candidate,6690,3.842684091156714,0.5575681267867904,9.08649151632604,36.12338843297692,3.2851159643699237
raf_spare_parts,joint,linear_raw_mae,p50_p90,baseline,2555,3.8157846810385925,0.5480028189644439,6.003668946739279,9.675455695101366,3.2677818620741483
raf_spare_parts,joint,linear_raw_mae,p50_p90,candidate,2555,3.8157846810385925,0.5480028189644439,6.003668946739279,9.675455695101366,3.2677818620741483
raf_spare_parts,joint,linear_raw_mae,p90_p95,baseline,235,4.736936997272554,1.5414603126007875,27.319632986758617,29.990490222281128,3.195476684671767
raf_spare_parts,joint,linear_raw_mae,p90_p95,candidate,235,4.736936997272554,1.5414603126007875,27.319632986758617,29.990490222281128,3.195476684671767
raf_spare_parts,joint,linear_raw_mae,p95_p99,baseline,224,5.904823903730371,2.61446653646174,80.35465357931596,90.60112540816164,3.2903573672686304
raf_spare_parts,joint,linear_raw_mae,p95_p99,candidate,224,5.904823903730371,2.61446653646174,80.35465357931596,90.60112540816164,3.2903573672686304
raf_spare_parts,joint,linear_raw_mae,tail_gt_p95,baseline,274,6.348636695452386,3.0948902250567207,122.90139798830896,173.11133587553448,3.253746470395666
raf_spare_parts,joint,linear_raw_mae,tail_gt_p95,candidate,274,6.348636695452386,3.0948902250567207,122.90139798830896,173.11133587553448,3.253746470395666
raf_spare_parts,body,linear_raw_mae,body_le_p95,baseline,6416,3.735665541659049,0.44920991997164683,4.225942206269414,8.991121199800435,3.2864556216874026
raf_spare_parts,body,linear_raw_mae,body_le_p95,candidate,6416,3.735665541659049,0.44920991997164683,4.225942206269414,8.991121199800435,3.2864556216874026
raf_spare_parts,body,linear_raw_mae,gt_p99,baseline,50,8.33691800236702,5.247188349962235,313.51081294059753,356.99821185852517,3.089729652404785
raf_spare_parts,body,linear_raw_mae,gt_p99,candidate,50,8.33691800236702,5.247188349962235,313.51081294059753,356.99821185852517,3.089729652404785
raf_spare_parts,body,linear_raw_mae,history_le_64,baseline,6690,3.842684091156714,0.5575681267867904,9.08649151632604,36.12338843297692,3.2851159643699237
raf_spare_parts,body,linear_raw_mae,history_le_64,candidate,6690,3.842684091156714,0.5575681267867904,9.08649151632604,36.12338843297692,3.2851159643699237
raf_spare_parts,body,linear_raw_mae,le_p50,baseline,3626,3.614318825392115,0.3088087343140504,1.4766015677378446,4.334353208137852,3.3055100910780646
raf_spare_parts,body,linear_raw_mae,le_p50,candidate,3626,3.614318825392115,0.3088087343140504,1.4766015677378446,4.334353208137852,3.3055100910780646
raf_spare_parts,body,linear_raw_mae,overall,baseline,6690,3.842684091156714,0.5575681267867904,9.08649151632604,36.12338843297692,3.2851159643699237
raf_spare_parts,body,linear_raw_mae,overall,candidate,6690,3.842684091156714,0.5575681267867904,9.08649151632604,36.12338843297692,3.2851159643699237
raf_spare_parts,body,linear_raw_mae,p50_p90,baseline,2555,3.8157846810385925,0.5480028189644439,6.003668946739279,9.675455695101366,3.2677818620741483
raf_spare_parts,body,linear_raw_mae,p50_p90,candidate,2555,3.8157846810385925,0.5480028189644439,6.003668946739279,9.675455695101366,3.2677818620741483
raf_spare_parts,body,linear_raw_mae,p90_p95,baseline,235,4.736936997272554,1.5414603126007875,27.319632986758617,29.990490222281128,3.195476684671767
raf_spare_parts,body,linear_raw_mae,p90_p95,candidate,235,4.736936997272554,1.5414603126007875,27.319632986758617,29.990490222281128,3.195476684671767
raf_spare_parts,body,linear_raw_mae,p95_p99,baseline,224,5.904823903730371,2.61446653646174,80.35465357931596,90.60112540816164,3.2903573672686304
raf_spare_parts,body,linear_raw_mae,p95_p99,candidate,224,5.904823903730371,2.61446653646174,80.35465357931596,90.60112540816164,3.2903573672686304
raf_spare_parts,body,linear_raw_mae,tail_gt_p95,baseline,274,6.348636695452386,3.0948902250567207,122.90139798830896,173.11133587553448,3.253746470395666
raf_spare_parts,body,linear_raw_mae,tail_gt_p95,candidate,274,6.348636695452386,3.0948902250567207,122.90139798830896,173.11133587553448,3.253746470395666
raf_spare_parts,joint,mlp_log_mse,body_le_p95,baseline,6416,3.735665541659049,0.44920991997164683,4.225942206269414,8.991121199800435,3.2864556216874026
raf_spare_parts,joint,mlp_log_mse,body_le_p95,candidate,6416,3.7429899670098736,0.45653434532247084,4.318714913789025,9.263425916892585,3.2864556216874026
raf_spare_parts,joint,mlp_log_mse,gt_p99,baseline,50,8.33691800236702,5.247188349962235,313.51081294059753,356.99821185852517,3.089729652404785
raf_spare_parts,joint,mlp_log_mse,gt_p99,candidate,50,8.052459625601768,4.962729973196983,309.0062425780296,352.9160362336315,3.089729652404785
raf_spare_parts,joint,mlp_log_mse,history_le_64,baseline,6690,3.842684091156714,0.5575681267867904,9.08649151632604,36.12338843297692,3.2851159643699237
raf_spare_parts,joint,mlp_log_mse,history_le_64,candidate,6690,3.8421735564281208,0.5570575920581969,9.052033521384223,35.71545300472605,3.2851159643699237
raf_spare_parts,joint,mlp_log_mse,le_p50,baseline,3626,3.614318825392115,0.3088087343140504,1.4766015677378446,4.334353208137852,3.3055100910780646
raf_spare_parts,joint,mlp_log_mse,le_p50,candidate,3626,3.636412492298556,0.3309024012204915,1.5826602110662844,4.674983543579203,3.3055100910780646
raf_spare_parts,joint,mlp_log_mse,overall,baseline,6690,3.842684091156714,0.5575681267867904,9.08649151632604,36.12338843297692,3.2851159643699237
raf_spare_parts,joint,mlp_log_mse,overall,candidate,6690,3.8421735564281208,0.5570575920581969,9.052033521384223,35.71545300472605,3.2851159643699237
raf_spare_parts,joint,mlp_log_mse,p50_p90,baseline,2555,3.8157846810385925,0.5480028189644439,6.003668946739279,9.675455695101366,3.2677818620741483
raf_spare_parts,joint,mlp_log_mse,p50_p90,candidate,2555,3.812043236427141,0.5442613743529925,6.177793416491693,10.251368237076385,3.2677818620741483
raf_spare_parts,joint,mlp_log_mse,p90_p95,baseline,235,4.736936997272554,1.5414603126007875,27.319632986758617,29.990490222281128,3.195476684671767
raf_spare_parts,joint,mlp_log_mse,p90_p95,candidate,235,4.636687073146551,1.4412103884747844,26.322922478330895,29.3771849310524,3.195476684671767
raf_spare_parts,joint,mlp_log_mse,p95_p99,baseline,224,5.904823903730371,2.61446653646174,80.35465357931596,90.60112540816164,3.2903573672686304
raf_spare_parts,joint,mlp_log_mse,p95_p99,candidate,224,5.743278941467363,2.452921574198733,77.67373768878835,88.53144320876439,3.2903573672686304
raf_spare_parts,joint,mlp_log_mse,tail_gt_p95,baseline,274,6.348636695452386,3.0948902250567207,122.90139798830896,173.11133587553448,3.253746470395666
raf_spare_parts,joint,mlp_log_mse,tail_gt_p95,candidate,274,6.16466227798824,2.9109158075925743,119.88769843500026,170.69156579237963,3.253746470395666
raf_spare_parts,body,mlp_log_mse,body_le_p95,baseline,6416,3.735665541659049,0.44920991997164683,4.225942206269414,8.991121199800435,3.2864556216874026
raf_spare_parts,body,mlp_log_mse,body_le_p95,candidate,6416,3.735665541659049,0.44920991997164683,4.225942206269414,8.991121199800435,3.2864556216874026
raf_spare_parts,body,mlp_log_mse,gt_p99,baseline,50,8.33691800236702,5.247188349962235,313.51081294059753,356.99821185852517,3.089729652404785
raf_spare_parts,body,mlp_log_mse,gt_p99,candidate,50,8.33691800236702,5.247188349962235,313.51081294059753,356.99821185852517,3.089729652404785
raf_spare_parts,body,mlp_log_mse,history_le_64,baseline,6690,3.842684091156714,0.5575681267867904,9.08649151632604,36.12338843297692,3.2851159643699237
raf_spare_parts,body,mlp_log_mse,history_le_64,candidate,6690,3.842684091156714,0.5575681267867904,9.08649151632604,36.12338843297692,3.2851159643699237
raf_spare_parts,body,mlp_log_mse,le_p50,baseline,3626,3.614318825392115,0.3088087343140504,1.4766015677378446,4.334353208137852,3.3055100910780646
raf_spare_parts,body,mlp_log_mse,le_p50,candidate,3626,3.614318825392115,0.3088087343140504,1.4766015677378446,4.334353208137852,3.3055100910780646
raf_spare_parts,body,mlp_log_mse,overall,baseline,6690,3.842684091156714,0.5575681267867904,9.08649151632604,36.12338843297692,3.2851159643699237
raf_spare_parts,body,mlp_log_mse,overall,candidate,6690,3.842684091156714,0.5575681267867904,9.08649151632604,36.12338843297692,3.2851159643699237
raf_spare_parts,body,mlp_log_mse,p50_p90,baseline,2555,3.8157846810385925,0.5480028189644439,6.003668946739279,9.675455695101366,3.2677818620741483
raf_spare_parts,body,mlp_log_mse,p50_p90,candidate,2555,3.8157846810385925,0.5480028189644439,6.003668946739279,9.675455695101366,3.2677818620741483
raf_spare_parts,body,mlp_log_mse,p90_p95,baseline,235,4.736936997272554,1.5414603126007875,27.319632986758617,29.990490222281128,3.195476684671767
raf_spare_parts,body,mlp_log_mse,p90_p95,candidate,235,4.736936997272554,1.5414603126007875,27.319632986758617,29.990490222281128,3.195476684671767
raf_spare_parts,body,mlp_log_mse,p95_p99,baseline,224,5.904823903730371,2.61446653646174,80.35465357931596,90.60112540816164,3.2903573672686304
raf_spare_parts,body,mlp_log_mse,p95_p99,candidate,224,5.904823903730371,2.61446653646174,80.35465357931596,90.60112540816164,3.2903573672686304
raf_spare_parts,body,mlp_log_mse,tail_gt_p95,baseline,274,6.348636695452386,3.0948902250567207,122.90139798830896,173.11133587553448,3.253746470395666
raf_spare_parts,body,mlp_log_mse,tail_gt_p95,candidate,274,6.348636695452386,3.0948902250567207,122.90139798830896,173.11133587553448,3.253746470395666
raf_spare_parts,joint,mlp_raw_mae,body_le_p95,baseline,6416,3.735665541659049,0.44920991997164683,4.225942206269414,8.991121199800435,3.2864556216874026
raf_spare_parts,joint,mlp_raw_mae,body_le_p95,candidate,6416,3.735665541659049,0.44920991997164683,4.225942206269414,8.991121199800435,3.2864556216874026
raf_spare_parts,joint,mlp_raw_mae,gt_p99,baseline,50,8.33691800236702,5.247188349962235,313.51081294059753,356.99821185852517,3.089729652404785
raf_spare_parts,joint,mlp_raw_mae,gt_p99,candidate,50,8.33691800236702,5.247188349962235,313.51081294059753,356.99821185852517,3.089729652404785
raf_spare_parts,joint,mlp_raw_mae,history_le_64,baseline,6690,3.842684091156714,0.5575681267867904,9.08649151632604,36.12338843297692,3.2851159643699237
raf_spare_parts,joint,mlp_raw_mae,history_le_64,candidate,6690,3.842684091156714,0.5575681267867904,9.08649151632604,36.12338843297692,3.2851159643699237
raf_spare_parts,joint,mlp_raw_mae,le_p50,baseline,3626,3.614318825392115,0.3088087343140504,1.4766015677378446,4.334353208137852,3.3055100910780646
raf_spare_parts,joint,mlp_raw_mae,le_p50,candidate,3626,3.614318825392115,0.3088087343140504,1.4766015677378446,4.334353208137852,3.3055100910780646
raf_spare_parts,joint,mlp_raw_mae,overall,baseline,6690,3.842684091156714,0.5575681267867904,9.08649151632604,36.12338843297692,3.2851159643699237
raf_spare_parts,joint,mlp_raw_mae,overall,candidate,6690,3.842684091156714,0.5575681267867904,9.08649151632604,36.12338843297692,3.2851159643699237
raf_spare_parts,joint,mlp_raw_mae,p50_p90,baseline,2555,3.8157846810385925,0.5480028189644439,6.003668946739279,9.675455695101366,3.2677818620741483
raf_spare_parts,joint,mlp_raw_mae,p50_p90,candidate,2555,3.8157846810385925,0.5480028189644439,6.003668946739279,9.675455695101366,3.2677818620741483
raf_spare_parts,joint,mlp_raw_mae,p90_p95,baseline,235,4.736936997272554,1.5414603126007875,27.319632986758617,29.990490222281128,3.195476684671767
raf_spare_parts,joint,mlp_raw_mae,p90_p95,candidate,235,4.736936997272554,1.5414603126007875,27.319632986758617,29.990490222281128,3.195476684671767
raf_spare_parts,joint,mlp_raw_mae,p95_p99,baseline,224,5.904823903730371,2.61446653646174,80.35465357931596,90.60112540816164,3.2903573672686304
raf_spare_parts,joint,mlp_raw_mae,p95_p99,candidate,224,5.904823903730371,2.61446653646174,80.35465357931596,90.60112540816164,3.2903573672686304
raf_spare_parts,joint,mlp_raw_mae,tail_gt_p95,baseline,274,6.348636695452386,3.0948902250567207,122.90139798830896,173.11133587553448,3.253746470395666
raf_spare_parts,joint,mlp_raw_mae,tail_gt_p95,candidate,274,6.348636695452386,3.0948902250567207,122.90139798830896,173.11133587553448,3.253746470395666
raf_spare_parts,body,mlp_raw_mae,body_le_p95,baseline,6416,3.735665541659049,0.44920991997164683,4.225942206269414,8.991121199800435,3.2864556216874026
raf_spare_parts,body,mlp_raw_mae,body_le_p95,candidate,6416,3.735665541659049,0.44920991997164683,4.225942206269414,8.991121199800435,3.2864556216874026
raf_spare_parts,body,mlp_raw_mae,gt_p99,baseline,50,8.33691800236702,5.247188349962235,313.51081294059753,356.99821185852517,3.089729652404785
raf_spare_parts,body,mlp_raw_mae,gt_p99,candidate,50,8.33691800236702,5.247188349962235,313.51081294059753,356.99821185852517,3.089729652404785
raf_spare_parts,body,mlp_raw_mae,history_le_64,baseline,6690,3.842684091156714,0.5575681267867904,9.08649151632604,36.12338843297692,3.2851159643699237
raf_spare_parts,body,mlp_raw_mae,history_le_64,candidate,6690,3.842684091156714,0.5575681267867904,9.08649151632604,36.12338843297692,3.2851159643699237
raf_spare_parts,body,mlp_raw_mae,le_p50,baseline,3626,3.614318825392115,0.3088087343140504,1.4766015677378446,4.334353208137852,3.3055100910780646
raf_spare_parts,body,mlp_raw_mae,le_p50,candidate,3626,3.614318825392115,0.3088087343140504,1.4766015677378446,4.334353208137852,3.3055100910780646
raf_spare_parts,body,mlp_raw_mae,overall,baseline,6690,3.842684091156714,0.5575681267867904,9.08649151632604,36.12338843297692,3.2851159643699237
raf_spare_parts,body,mlp_raw_mae,overall,candidate,6690,3.842684091156714,0.5575681267867904,9.08649151632604,36.12338843297692,3.2851159643699237
raf_spare_parts,body,mlp_raw_mae,p50_p90,baseline,2555,3.8157846810385925,0.5480028189644439,6.003668946739279,9.675455695101366,3.2677818620741483
raf_spare_parts,body,mlp_raw_mae,p50_p90,candidate,2555,3.8157846810385925,0.5480028189644439,6.003668946739279,9.675455695101366,3.2677818620741483
raf_spare_parts,body,mlp_raw_mae,p90_p95,baseline,235,4.736936997272554,1.5414603126007875,27.319632986758617,29.990490222281128,3.195476684671767
raf_spare_parts,body,mlp_raw_mae,p90_p95,candidate,235,4.736936997272554,1.5414603126007875,27.319632986758617,29.990490222281128,3.195476684671767
raf_spare_parts,body,mlp_raw_mae,p95_p99,baseline,224,5.904823903730371,2.61446653646174,80.35465357931596,90.60112540816164,3.2903573672686304
raf_spare_parts,body,mlp_raw_mae,p95_p99,candidate,224,5.904823903730371,2.61446653646174,80.35465357931596,90.60112540816164,3.2903573672686304
raf_spare_parts,body,mlp_raw_mae,tail_gt_p95,baseline,274,6.348636695452386,3.0948902250567207,122.90139798830896,173.11133587553448,3.253746470395666
raf_spare_parts,body,mlp_raw_mae,tail_gt_p95,candidate,274,6.348636695452386,3.0948902250567207,122.90139798830896,173.11133587553448,3.253746470395666
insta_market_basket,joint,constant_log_mse,body_le_p95,baseline,477507,3.431116336885919,0.22854196490629075,3.4245456387870368,4.628211735856777,3.2025743719796282
insta_market_basket,joint,constant_log_mse,body_le_p95,candidate,477507,3.431116336885919,0.22854196490629075,3.4245456387870368,4.628211735856777,3.2025743719796282
insta_market_basket,joint,constant_log_mse,gt_p99,baseline,6036,4.064053090215703,0.7680749662430674,23.000999665402514,25.454692140390446,3.2959781239726356
insta_market_basket,joint,constant_log_mse,gt_p99,candidate,6036,4.064053090215703,0.7680749662430674,23.000999665402514,25.454692140390446,3.2959781239726356
insta_market_basket,joint,constant_log_mse,history_le_64,baseline,503733,3.4503895514146383,0.24394953996582858,4.026534869941726,5.974160054980949,3.2064400114488096
insta_market_basket,joint,constant_log_mse,history_le_64,candidate,503733,3.4503895514146383,0.24394953996582858,4.026534869941726,5.974160054980949,3.2064400114488096
insta_market_basket,joint,constant_log_mse,le_p50,baseline,247651,3.4702638207365615,0.2764854779087202,2.568485994392343,3.574477709623655,3.1937783428278412
insta_market_basket,joint,constant_log_mse,le_p50,candidate,247651,3.4702638207365615,0.2764854779087202,2.568485994392343,3.574477709623655,3.1937783428278412
insta_market_basket,joint,constant_log_mse,overall,baseline,503733,3.4503895514146383,0.24394953996582858,4.026534869941726,5.974160054980949,3.2064400114488096
insta_market_basket,joint,constant_log_mse,overall,candidate,503733,3.4503895514146383,0.24394953996582858,4.026534869941726,5.974160054980949,3.2064400114488096
insta_market_basket,joint,constant_log_mse,p50_p90,baseline,202534,3.3633743349943246,0.15603059714719283,3.779617817658605,4.74967520652014,3.2073437378471317
insta_market_basket,joint,constant_log_mse,p50_p90,candidate,202534,3.3633743349943246,0.15603059714719283,3.779617817658605,4.74967520652014,3.2073437378471317
insta_market_basket,joint,constant_log_mse,p90_p95,baseline,27322,3.5784388274801895,0.33149044668494804,8.55190960622778,9.556266330771706,3.2469483807952413
insta_market_basket,joint,constant_log_mse,p90_p95,candidate,27322,3.5784388274801895,0.33149044668494804,8.55190960622778,9.556266330771706,3.2469483807952413
insta_market_basket,joint,constant_log_mse,p95_p99,baseline,20190,3.722753183398886,0.45165651722909345,12.591378965810009,13.789597413507476,3.271096666169792
insta_market_basket,joint,constant_log_mse,p95_p99,candidate,20190,3.722753183398886,0.45165651722909345,12.591378965810009,13.789597413507476,3.271096666169792
insta_market_basket,joint,constant_log_mse,tail_gt_p95,baseline,26226,3.801304477440917,0.5244812620719344,14.987187344622651,17.19053488641169,3.2768232153689825
insta_market_basket,joint,constant_log_mse,tail_gt_p95,candidate,26226,3.801304477440917,0.5244812620719344,14.987187344622651,17.19053488641169,3.2768232153689825
insta_market_basket,body,constant_log_mse,body_le_p95,baseline,477507,3.431116336885919,0.22854196490629075,3.4245456387870368,4.628211735856777,3.2025743719796282
insta_market_basket,body,constant_log_mse,body_le_p95,candidate,477507,3.431116336885919,0.22854196490629075,3.4245456387870368,4.628211735856777,3.2025743719796282
insta_market_basket,body,constant_log_mse,gt_p99,baseline,6036,4.064053090215703,0.7680749662430674,23.000999665402514,25.454692140390446,3.2959781239726356
insta_market_basket,body,constant_log_mse,gt_p99,candidate,6036,4.064053090215703,0.7680749662430674,23.000999665402514,25.454692140390446,3.2959781239726356
insta_market_basket,body,constant_log_mse,history_le_64,baseline,503733,3.4503895514146383,0.24394953996582858,4.026534869941726,5.974160054980949,3.2064400114488096
insta_market_basket,body,constant_log_mse,history_le_64,candidate,503733,3.4503895514146383,0.24394953996582858,4.026534869941726,5.974160054980949,3.2064400114488096
insta_market_basket,body,constant_log_mse,le_p50,baseline,247651,3.4702638207365615,0.2764854779087202,2.568485994392343,3.574477709623655,3.1937783428278412
insta_market_basket,body,constant_log_mse,le_p50,candidate,247651,3.4702638207365615,0.2764854779087202,2.568485994392343,3.574477709623655,3.1937783428278412
insta_market_basket,body,constant_log_mse,overall,baseline,503733,3.4503895514146383,0.24394953996582858,4.026534869941726,5.974160054980949,3.2064400114488096
insta_market_basket,body,constant_log_mse,overall,candidate,503733,3.4503895514146383,0.24394953996582858,4.026534869941726,5.974160054980949,3.2064400114488096
insta_market_basket,body,constant_log_mse,p50_p90,baseline,202534,3.3633743349943246,0.15603059714719283,3.779617817658605,4.74967520652014,3.2073437378471317
insta_market_basket,body,constant_log_mse,p50_p90,candidate,202534,3.3633743349943246,0.15603059714719283,3.779617817658605,4.74967520652014,3.2073437378471317
insta_market_basket,body,constant_log_mse,p90_p95,baseline,27322,3.5784388274801895,0.33149044668494804,8.55190960622778,9.556266330771706,3.2469483807952413
insta_market_basket,body,constant_log_mse,p90_p95,candidate,27322,3.5784388274801895,0.33149044668494804,8.55190960622778,9.556266330771706,3.2469483807952413
insta_market_basket,body,constant_log_mse,p95_p99,baseline,20190,3.722753183398886,0.45165651722909345,12.591378965810009,13.789597413507476,3.271096666169792
insta_market_basket,body,constant_log_mse,p95_p99,candidate,20190,3.722753183398886,0.45165651722909345,12.591378965810009,13.789597413507476,3.271096666169792
insta_market_basket,body,constant_log_mse,tail_gt_p95,baseline,26226,3.801304477440917,0.5244812620719344,14.987187344622651,17.19053488641169,3.2768232153689825
insta_market_basket,body,constant_log_mse,tail_gt_p95,candidate,26226,3.801304477440917,0.5244812620719344,14.987187344622651,17.19053488641169,3.2768232153689825
insta_market_basket,joint,constant_raw_mae,body_le_p95,baseline,477507,3.431116336885919,0.22854196490629075,3.4245456387870368,4.628211735856777,3.2025743719796282
insta_market_basket,joint,constant_raw_mae,body_le_p95,candidate,477507,3.431707272988577,0.2291329010089488,3.424837461597756,4.624601927970071,3.2025743719796282
insta_market_basket,joint,constant_raw_mae,gt_p99,baseline,6036,4.064053090215703,0.7680749662430674,23.000999665402514,25.454692140390446,3.2959781239726356
insta_market_basket,joint,constant_raw_mae,gt_p99,candidate,6036,4.050408201205656,0.7544300772330204,22.81321215449855,25.298893381810707,3.2959781239726356
insta_market_basket,joint,constant_raw_mae,history_le_64,baseline,503733,3.4503895514146383,0.24394953996582858,4.026534869941726,5.974160054980949,3.2064400114488096
insta_market_basket,joint,constant_raw_mae,history_le_64,candidate,503733,3.450385787727255,0.2439457762784453,4.018681426374555,5.952183016738061,3.2064400114488096
insta_market_basket,joint,constant_raw_mae,le_p50,baseline,247651,3.4702638207365615,0.2764854779087202,2.568485994392343,3.574477709623655,3.1937783428278412
insta_market_basket,joint,constant_raw_mae,le_p50,candidate,247651,3.4751379300053284,0.2813595871774873,2.608694112212158,3.6272756620550437,3.1937783428278412
insta_market_basket,joint,constant_raw_mae,overall,baseline,503733,3.4503895514146383,0.24394953996582858,4.026534869941726,5.974160054980949,3.2064400114488096
insta_market_basket,joint,constant_raw_mae,overall,candidate,503733,3.450385787727255,0.2439457762784453,4.018681426374555,5.952183016738061,3.2064400114488096
insta_market_basket,joint,constant_raw_mae,p50_p90,baseline,202534,3.3633743349943246,0.15603059714719283,3.779617817658605,4.74967520652014,3.2073437378471317
insta_market_basket,joint,constant_raw_mae,p50_p90,candidate,202534,3.3598996328190838,0.15255589497195213,3.7464553742627613,4.7184627653671045,3.2073437378471317
insta_market_basket,joint,constant_raw_mae,p90_p95,baseline,27322,3.5784388274801895,0.33149044668494804,8.55190960622778,9.556266330771706,3.2469483807952413
insta_market_basket,joint,constant_raw_mae,p90_p95,candidate,27322,3.570344376906026,0.3233959961107847,8.438385309302854,9.459525133441153,3.2469483807952413
insta_market_basket,joint,constant_raw_mae,p95_p99,baseline,20190,3.722753183398886,0.45165651722909345,12.591378965810009,13.789597413507476,3.271096666169792
insta_market_basket,joint,constant_raw_mae,p95_p99,candidate,20190,3.7127625212340885,0.4416658550642962,12.444677593567514,13.666290252862188,3.271096666169792
insta_market_basket,joint,constant_raw_mae,tail_gt_p95,baseline,26226,3.801304477440917,0.5244812620719344,14.987187344622651,17.19053488641169,3.2768232153689825
insta_market_basket,joint,constant_raw_mae,tail_gt_p95,candidate,26226,3.790472782973268,0.5136495676042852,14.831029862608634,17.06130904281723,3.2768232153689825
insta_market_basket,body,constant_raw_mae,body_le_p95,baseline,477507,3.431116336885919,0.22854196490629075,3.4245456387870368,4.628211735856777,3.2025743719796282
insta_market_basket,body,constant_raw_mae,body_le_p95,candidate,477507,3.431116336885919,0.22854196490629075,3.4245456387870368,4.628211735856777,3.2025743719796282
insta_market_basket,body,constant_raw_mae,gt_p99,baseline,6036,4.064053090215703,0.7680749662430674,23.000999665402514,25.454692140390446,3.2959781239726356
insta_market_basket,body,constant_raw_mae,gt_p99,candidate,6036,4.064053090215703,0.7680749662430674,23.000999665402514,25.454692140390446,3.2959781239726356
insta_market_basket,body,constant_raw_mae,history_le_64,baseline,503733,3.4503895514146383,0.24394953996582858,4.026534869941726,5.974160054980949,3.2064400114488096
insta_market_basket,body,constant_raw_mae,history_le_64,candidate,503733,3.4503895514146383,0.24394953996582858,4.026534869941726,5.974160054980949,3.2064400114488096
insta_market_basket,body,constant_raw_mae,le_p50,baseline,247651,3.4702638207365615,0.2764854779087202,2.568485994392343,3.574477709623655,3.1937783428278412
insta_market_basket,body,constant_raw_mae,le_p50,candidate,247651,3.4702638207365615,0.2764854779087202,2.568485994392343,3.574477709623655,3.1937783428278412
insta_market_basket,body,constant_raw_mae,overall,baseline,503733,3.4503895514146383,0.24394953996582858,4.026534869941726,5.974160054980949,3.2064400114488096
insta_market_basket,body,constant_raw_mae,overall,candidate,503733,3.4503895514146383,0.24394953996582858,4.026534869941726,5.974160054980949,3.2064400114488096
insta_market_basket,body,constant_raw_mae,p50_p90,baseline,202534,3.3633743349943246,0.15603059714719283,3.779617817658605,4.74967520652014,3.2073437378471317
insta_market_basket,body,constant_raw_mae,p50_p90,candidate,202534,3.3633743349943246,0.15603059714719283,3.779617817658605,4.74967520652014,3.2073437378471317
insta_market_basket,body,constant_raw_mae,p90_p95,baseline,27322,3.5784388274801895,0.33149044668494804,8.55190960622778,9.556266330771706,3.2469483807952413
insta_market_basket,body,constant_raw_mae,p90_p95,candidate,27322,3.5784388274801895,0.33149044668494804,8.55190960622778,9.556266330771706,3.2469483807952413
insta_market_basket,body,constant_raw_mae,p95_p99,baseline,20190,3.722753183398886,0.45165651722909345,12.591378965810009,13.789597413507476,3.271096666169792
insta_market_basket,body,constant_raw_mae,p95_p99,candidate,20190,3.722753183398886,0.45165651722909345,12.591378965810009,13.789597413507476,3.271096666169792
insta_market_basket,body,constant_raw_mae,tail_gt_p95,baseline,26226,3.801304477440917,0.5244812620719344,14.987187344622651,17.19053488641169,3.2768232153689825
insta_market_basket,body,constant_raw_mae,tail_gt_p95,candidate,26226,3.801304477440917,0.5244812620719344,14.987187344622651,17.19053488641169,3.2768232153689825
insta_market_basket,joint,linear_log_mse,body_le_p95,baseline,477507,3.431116336885919,0.22854196490629075,3.4245456387870368,4.628211735856777,3.2025743719796282
insta_market_basket,joint,linear_log_mse,body_le_p95,candidate,477507,3.431116336885919,0.22854196490629075,3.4245456387870368,4.628211735856777,3.2025743719796282
insta_market_basket,joint,linear_log_mse,gt_p99,baseline,6036,4.064053090215703,0.7680749662430674,23.000999665402514,25.454692140390446,3.2959781239726356
insta_market_basket,joint,linear_log_mse,gt_p99,candidate,6036,4.064053090215703,0.7680749662430674,23.000999665402514,25.454692140390446,3.2959781239726356
insta_market_basket,joint,linear_log_mse,history_le_64,baseline,503733,3.4503895514146383,0.24394953996582858,4.026534869941726,5.974160054980949,3.2064400114488096
insta_market_basket,joint,linear_log_mse,history_le_64,candidate,503733,3.4503895514146383,0.24394953996582858,4.026534869941726,5.974160054980949,3.2064400114488096
insta_market_basket,joint,linear_log_mse,le_p50,baseline,247651,3.4702638207365615,0.2764854779087202,2.568485994392343,3.574477709623655,3.1937783428278412
insta_market_basket,joint,linear_log_mse,le_p50,candidate,247651,3.4702638207365615,0.2764854779087202,2.568485994392343,3.574477709623655,3.1937783428278412
insta_market_basket,joint,linear_log_mse,overall,baseline,503733,3.4503895514146383,0.24394953996582858,4.026534869941726,5.974160054980949,3.2064400114488096
insta_market_basket,joint,linear_log_mse,overall,candidate,503733,3.4503895514146383,0.24394953996582858,4.026534869941726,5.974160054980949,3.2064400114488096
insta_market_basket,joint,linear_log_mse,p50_p90,baseline,202534,3.3633743349943246,0.15603059714719283,3.779617817658605,4.74967520652014,3.2073437378471317
insta_market_basket,joint,linear_log_mse,p50_p90,candidate,202534,3.3633743349943246,0.15603059714719283,3.779617817658605,4.74967520652014,3.2073437378471317
insta_market_basket,joint,linear_log_mse,p90_p95,baseline,27322,3.5784388274801895,0.33149044668494804,8.55190960622778,9.556266330771706,3.2469483807952413
insta_market_basket,joint,linear_log_mse,p90_p95,candidate,27322,3.5784388274801895,0.33149044668494804,8.55190960622778,9.556266330771706,3.2469483807952413
insta_market_basket,joint,linear_log_mse,p95_p99,baseline,20190,3.722753183398886,0.45165651722909345,12.591378965810009,13.789597413507476,3.271096666169792
insta_market_basket,joint,linear_log_mse,p95_p99,candidate,20190,3.722753183398886,0.45165651722909345,12.591378965810009,13.789597413507476,3.271096666169792
insta_market_basket,joint,linear_log_mse,tail_gt_p95,baseline,26226,3.801304477440917,0.5244812620719344,14.987187344622651,17.19053488641169,3.2768232153689825
insta_market_basket,joint,linear_log_mse,tail_gt_p95,candidate,26226,3.801304477440917,0.5244812620719344,14.987187344622651,17.19053488641169,3.2768232153689825
insta_market_basket,body,linear_log_mse,body_le_p95,baseline,477507,3.431116336885919,0.22854196490629075,3.4245456387870368,4.628211735856777,3.2025743719796282
insta_market_basket,body,linear_log_mse,body_le_p95,candidate,477507,3.431116336885919,0.22854196490629075,3.4245456387870368,4.628211735856777,3.2025743719796282
insta_market_basket,body,linear_log_mse,gt_p99,baseline,6036,4.064053090215703,0.7680749662430674,23.000999665402514,25.454692140390446,3.2959781239726356
insta_market_basket,body,linear_log_mse,gt_p99,candidate,6036,4.064053090215703,0.7680749662430674,23.000999665402514,25.454692140390446,3.2959781239726356
insta_market_basket,body,linear_log_mse,history_le_64,baseline,503733,3.4503895514146383,0.24394953996582858,4.026534869941726,5.974160054980949,3.2064400114488096
insta_market_basket,body,linear_log_mse,history_le_64,candidate,503733,3.4503895514146383,0.24394953996582858,4.026534869941726,5.974160054980949,3.2064400114488096
insta_market_basket,body,linear_log_mse,le_p50,baseline,247651,3.4702638207365615,0.2764854779087202,2.568485994392343,3.574477709623655,3.1937783428278412
insta_market_basket,body,linear_log_mse,le_p50,candidate,247651,3.4702638207365615,0.2764854779087202,2.568485994392343,3.574477709623655,3.1937783428278412
insta_market_basket,body,linear_log_mse,overall,baseline,503733,3.4503895514146383,0.24394953996582858,4.026534869941726,5.974160054980949,3.2064400114488096
insta_market_basket,body,linear_log_mse,overall,candidate,503733,3.4503895514146383,0.24394953996582858,4.026534869941726,5.974160054980949,3.2064400114488096
insta_market_basket,body,linear_log_mse,p50_p90,baseline,202534,3.3633743349943246,0.15603059714719283,3.779617817658605,4.74967520652014,3.2073437378471317
insta_market_basket,body,linear_log_mse,p50_p90,candidate,202534,3.3633743349943246,0.15603059714719283,3.779617817658605,4.74967520652014,3.2073437378471317
insta_market_basket,body,linear_log_mse,p90_p95,baseline,27322,3.5784388274801895,0.33149044668494804,8.55190960622778,9.556266330771706,3.2469483807952413
insta_market_basket,body,linear_log_mse,p90_p95,candidate,27322,3.5784388274801895,0.33149044668494804,8.55190960622778,9.556266330771706,3.2469483807952413
insta_market_basket,body,linear_log_mse,p95_p99,baseline,20190,3.722753183398886,0.45165651722909345,12.591378965810009,13.789597413507476,3.271096666169792
insta_market_basket,body,linear_log_mse,p95_p99,candidate,20190,3.722753183398886,0.45165651722909345,12.591378965810009,13.789597413507476,3.271096666169792
insta_market_basket,body,linear_log_mse,tail_gt_p95,baseline,26226,3.801304477440917,0.5244812620719344,14.987187344622651,17.19053488641169,3.2768232153689825
insta_market_basket,body,linear_log_mse,tail_gt_p95,candidate,26226,3.801304477440917,0.5244812620719344,14.987187344622651,17.19053488641169,3.2768232153689825
insta_market_basket,joint,linear_raw_mae,body_le_p95,baseline,477507,3.431116336885919,0.22854196490629075,3.4245456387870368,4.628211735856777,3.2025743719796282
insta_market_basket,joint,linear_raw_mae,body_le_p95,candidate,477507,3.432178376471113,0.2296040044914846,3.4259932922327896,4.645198943475223,3.2025743719796282
insta_market_basket,joint,linear_raw_mae,gt_p99,baseline,6036,4.064053090215703,0.7680749662430674,23.000999665402514,25.454692140390446,3.2959781239726356
insta_market_basket,joint,linear_raw_mae,gt_p99,candidate,6036,4.028378504988047,0.7324003810154113,22.43968866387292,24.982802879242637,3.2959781239726356
insta_market_basket,joint,linear_raw_mae,history_le_64,baseline,503733,3.4503895514146383,0.24394953996582858,4.026534869941726,5.974160054980949,3.2064400114488096
insta_market_basket,joint,linear_raw_mae,history_le_64,candidate,503733,3.450163357909521,0.24372334646071134,4.00630571906951,5.93521554475832,3.2064400114488096
insta_market_basket,joint,linear_raw_mae,le_p50,baseline,247651,3.4702638207365615,0.2764854779087202,2.568485994392343,3.574477709623655,3.1937783428278412
insta_market_basket,joint,linear_raw_mae,le_p50,candidate,247651,3.4712669739399926,0.27748863111215116,2.6009885650229436,3.6591147698145936,3.1937783428278412
insta_market_basket,joint,linear_raw_mae,overall,baseline,503733,3.4503895514146383,0.24394953996582858,4.026534869941726,5.974160054980949,3.2064400114488096
insta_market_basket,joint,linear_raw_mae,overall,candidate,503733,3.450163357909521,0.24372334646071134,4.00630571906951,5.93521554475832,3.2064400114488096
insta_market_basket,joint,linear_raw_mae,p50_p90,baseline,202534,3.3633743349943246,0.15603059714719283,3.779617817658605,4.74967520652014,3.2073437378471317
insta_market_basket,joint,linear_raw_mae,p50_p90,candidate,202534,3.366292867268045,0.15894912942091338,3.776596491962869,4.761355142572353,3.2073437378471317
insta_market_basket,joint,linear_raw_mae,p90_p95,baseline,27322,3.5784388274801895,0.33149044668494804,8.55190960622778,9.556266330771706,3.2469483807952413
insta_market_basket,joint,linear_raw_mae,p90_p95,candidate,27322,3.566272713238866,0.3193243324436247,8.30499838864277,9.364963270115233,3.2469483807952413
insta_market_basket,joint,linear_raw_mae,p95_p99,baseline,20190,3.722753183398886,0.45165651722909345,12.591378965810009,13.789597413507476,3.271096666169792
insta_market_basket,joint,linear_raw_mae,p95_p99,candidate,20190,3.7026570629092235,0.4315603967394314,12.220240664423073,13.4896657757844,3.271096666169792
insta_market_basket,joint,linear_raw_mae,tail_gt_p95,baseline,26226,3.801304477440917,0.5244812620719344,14.987187344622651,17.19053488641169,3.2768232153689825
insta_market_basket,joint,linear_raw_mae,tail_gt_p95,candidate,26226,3.777622922147681,0.5007997067786983,14.572280171960603,16.84451874912391,3.2768232153689825
insta_market_basket,body,linear_raw_mae,body_le_p95,baseline,477507,3.431116336885919,0.22854196490629075,3.4245456387870368,4.628211735856777,3.2025743719796282
insta_market_basket,body,linear_raw_mae,body_le_p95,candidate,477507,3.431116336885919,0.22854196490629075,3.4245456387870368,4.628211735856777,3.2025743719796282
insta_market_basket,body,linear_raw_mae,gt_p99,baseline,6036,4.064053090215703,0.7680749662430674,23.000999665402514,25.454692140390446,3.2959781239726356
insta_market_basket,body,linear_raw_mae,gt_p99,candidate,6036,4.064053090215703,0.7680749662430674,23.000999665402514,25.454692140390446,3.2959781239726356
insta_market_basket,body,linear_raw_mae,history_le_64,baseline,503733,3.4503895514146383,0.24394953996582858,4.026534869941726,5.974160054980949,3.2064400114488096
insta_market_basket,body,linear_raw_mae,history_le_64,candidate,503733,3.4503895514146383,0.24394953996582858,4.026534869941726,5.974160054980949,3.2064400114488096
insta_market_basket,body,linear_raw_mae,le_p50,baseline,247651,3.4702638207365615,0.2764854779087202,2.568485994392343,3.574477709623655,3.1937783428278412
insta_market_basket,body,linear_raw_mae,le_p50,candidate,247651,3.4702638207365615,0.2764854779087202,2.568485994392343,3.574477709623655,3.1937783428278412
insta_market_basket,body,linear_raw_mae,overall,baseline,503733,3.4503895514146383,0.24394953996582858,4.026534869941726,5.974160054980949,3.2064400114488096
insta_market_basket,body,linear_raw_mae,overall,candidate,503733,3.4503895514146383,0.24394953996582858,4.026534869941726,5.974160054980949,3.2064400114488096
insta_market_basket,body,linear_raw_mae,p50_p90,baseline,202534,3.3633743349943246,0.15603059714719283,3.779617817658605,4.74967520652014,3.2073437378471317
insta_market_basket,body,linear_raw_mae,p50_p90,candidate,202534,3.3633743349943246,0.15603059714719283,3.779617817658605,4.74967520652014,3.2073437378471317
insta_market_basket,body,linear_raw_mae,p90_p95,baseline,27322,3.5784388274801895,0.33149044668494804,8.55190960622778,9.556266330771706,3.2469483807952413
insta_market_basket,body,linear_raw_mae,p90_p95,candidate,27322,3.5784388274801895,0.33149044668494804,8.55190960622778,9.556266330771706,3.2469483807952413
insta_market_basket,body,linear_raw_mae,p95_p99,baseline,20190,3.722753183398886,0.45165651722909345,12.591378965810009,13.789597413507476,3.271096666169792
insta_market_basket,body,linear_raw_mae,p95_p99,candidate,20190,3.722753183398886,0.45165651722909345,12.591378965810009,13.789597413507476,3.271096666169792
insta_market_basket,body,linear_raw_mae,tail_gt_p95,baseline,26226,3.801304477440917,0.5244812620719344,14.987187344622651,17.19053488641169,3.2768232153689825
insta_market_basket,body,linear_raw_mae,tail_gt_p95,candidate,26226,3.801304477440917,0.5244812620719344,14.987187344622651,17.19053488641169,3.2768232153689825
insta_market_basket,joint,mlp_log_mse,body_le_p95,baseline,477507,3.431116336885919,0.22854196490629075,3.4245456387870368,4.628211735856777,3.2025743719796282
insta_market_basket,joint,mlp_log_mse,body_le_p95,candidate,477507,3.431116336885919,0.22854196490629075,3.4245456387870368,4.628211735856777,3.2025743719796282
insta_market_basket,joint,mlp_log_mse,gt_p99,baseline,6036,4.064053090215703,0.7680749662430674,23.000999665402514,25.454692140390446,3.2959781239726356
insta_market_basket,joint,mlp_log_mse,gt_p99,candidate,6036,4.064053090215703,0.7680749662430674,23.000999665402514,25.454692140390446,3.2959781239726356
insta_market_basket,joint,mlp_log_mse,history_le_64,baseline,503733,3.4503895514146383,0.24394953996582858,4.026534869941726,5.974160054980949,3.2064400114488096
insta_market_basket,joint,mlp_log_mse,history_le_64,candidate,503733,3.4503895514146383,0.24394953996582858,4.026534869941726,5.974160054980949,3.2064400114488096
insta_market_basket,joint,mlp_log_mse,le_p50,baseline,247651,3.4702638207365615,0.2764854779087202,2.568485994392343,3.574477709623655,3.1937783428278412
insta_market_basket,joint,mlp_log_mse,le_p50,candidate,247651,3.4702638207365615,0.2764854779087202,2.568485994392343,3.574477709623655,3.1937783428278412
insta_market_basket,joint,mlp_log_mse,overall,baseline,503733,3.4503895514146383,0.24394953996582858,4.026534869941726,5.974160054980949,3.2064400114488096
insta_market_basket,joint,mlp_log_mse,overall,candidate,503733,3.4503895514146383,0.24394953996582858,4.026534869941726,5.974160054980949,3.2064400114488096
insta_market_basket,joint,mlp_log_mse,p50_p90,baseline,202534,3.3633743349943246,0.15603059714719283,3.779617817658605,4.74967520652014,3.2073437378471317
insta_market_basket,joint,mlp_log_mse,p50_p90,candidate,202534,3.3633743349943246,0.15603059714719283,3.779617817658605,4.74967520652014,3.2073437378471317
insta_market_basket,joint,mlp_log_mse,p90_p95,baseline,27322,3.5784388274801895,0.33149044668494804,8.55190960622778,9.556266330771706,3.2469483807952413
insta_market_basket,joint,mlp_log_mse,p90_p95,candidate,27322,3.5784388274801895,0.33149044668494804,8.55190960622778,9.556266330771706,3.2469483807952413
insta_market_basket,joint,mlp_log_mse,p95_p99,baseline,20190,3.722753183398886,0.45165651722909345,12.591378965810009,13.789597413507476,3.271096666169792
insta_market_basket,joint,mlp_log_mse,p95_p99,candidate,20190,3.722753183398886,0.45165651722909345,12.591378965810009,13.789597413507476,3.271096666169792
insta_market_basket,joint,mlp_log_mse,tail_gt_p95,baseline,26226,3.801304477440917,0.5244812620719344,14.987187344622651,17.19053488641169,3.2768232153689825
insta_market_basket,joint,mlp_log_mse,tail_gt_p95,candidate,26226,3.801304477440917,0.5244812620719344,14.987187344622651,17.19053488641169,3.2768232153689825
insta_market_basket,body,mlp_log_mse,body_le_p95,baseline,477507,3.431116336885919,0.22854196490629075,3.4245456387870368,4.628211735856777,3.2025743719796282
insta_market_basket,body,mlp_log_mse,body_le_p95,candidate,477507,3.431116336885919,0.22854196490629075,3.4245456387870368,4.628211735856777,3.2025743719796282
insta_market_basket,body,mlp_log_mse,gt_p99,baseline,6036,4.064053090215703,0.7680749662430674,23.000999665402514,25.454692140390446,3.2959781239726356
insta_market_basket,body,mlp_log_mse,gt_p99,candidate,6036,4.064053090215703,0.7680749662430674,23.000999665402514,25.454692140390446,3.2959781239726356
insta_market_basket,body,mlp_log_mse,history_le_64,baseline,503733,3.4503895514146383,0.24394953996582858,4.026534869941726,5.974160054980949,3.2064400114488096
insta_market_basket,body,mlp_log_mse,history_le_64,candidate,503733,3.4503895514146383,0.24394953996582858,4.026534869941726,5.974160054980949,3.2064400114488096
insta_market_basket,body,mlp_log_mse,le_p50,baseline,247651,3.4702638207365615,0.2764854779087202,2.568485994392343,3.574477709623655,3.1937783428278412
insta_market_basket,body,mlp_log_mse,le_p50,candidate,247651,3.4702638207365615,0.2764854779087202,2.568485994392343,3.574477709623655,3.1937783428278412
insta_market_basket,body,mlp_log_mse,overall,baseline,503733,3.4503895514146383,0.24394953996582858,4.026534869941726,5.974160054980949,3.2064400114488096
insta_market_basket,body,mlp_log_mse,overall,candidate,503733,3.4503895514146383,0.24394953996582858,4.026534869941726,5.974160054980949,3.2064400114488096
insta_market_basket,body,mlp_log_mse,p50_p90,baseline,202534,3.3633743349943246,0.15603059714719283,3.779617817658605,4.74967520652014,3.2073437378471317
insta_market_basket,body,mlp_log_mse,p50_p90,candidate,202534,3.3633743349943246,0.15603059714719283,3.779617817658605,4.74967520652014,3.2073437378471317
insta_market_basket,body,mlp_log_mse,p90_p95,baseline,27322,3.5784388274801895,0.33149044668494804,8.55190960622778,9.556266330771706,3.2469483807952413
insta_market_basket,body,mlp_log_mse,p90_p95,candidate,27322,3.5784388274801895,0.33149044668494804,8.55190960622778,9.556266330771706,3.2469483807952413
insta_market_basket,body,mlp_log_mse,p95_p99,baseline,20190,3.722753183398886,0.45165651722909345,12.591378965810009,13.789597413507476,3.271096666169792
insta_market_basket,body,mlp_log_mse,p95_p99,candidate,20190,3.722753183398886,0.45165651722909345,12.591378965810009,13.789597413507476,3.271096666169792
insta_market_basket,body,mlp_log_mse,tail_gt_p95,baseline,26226,3.801304477440917,0.5244812620719344,14.987187344622651,17.19053488641169,3.2768232153689825
insta_market_basket,body,mlp_log_mse,tail_gt_p95,candidate,26226,3.801304477440917,0.5244812620719344,14.987187344622651,17.19053488641169,3.2768232153689825
insta_market_basket,joint,mlp_raw_mae,body_le_p95,baseline,477507,3.431116336885919,0.22854196490629075,3.4245456387870368,4.628211735856777,3.2025743719796282
insta_market_basket,joint,mlp_raw_mae,body_le_p95,candidate,477507,3.4325808608862083,0.23000648890657985,3.432549057358252,4.662057241431332,3.2025743719796282
insta_market_basket,joint,mlp_raw_mae,gt_p99,baseline,6036,4.064053090215703,0.7680749662430674,23.000999665402514,25.454692140390446,3.2959781239726356
insta_market_basket,joint,mlp_raw_mae,gt_p99,candidate,6036,4.016193799327739,0.720215675355103,22.11883309339355,24.780378671634065,3.2959781239726356
insta_market_basket,joint,mlp_raw_mae,history_le_64,baseline,503733,3.4503895514146383,0.24394953996582858,4.026534869941726,5.974160054980949,3.2064400114488096
insta_market_basket,joint,mlp_raw_mae,history_le_64,candidate,503733,3.450132356560964,0.24369234511215443,4.000521149515626,5.92564781420361,3.2064400114488096
insta_market_basket,joint,mlp_raw_mae,le_p50,baseline,247651,3.4702638207365615,0.2764854779087202,2.568485994392343,3.574477709623655,3.1937783428278412
insta_market_basket,joint,mlp_raw_mae,le_p50,candidate,247651,3.4705515212515348,0.2767731784236933,2.5968368091887317,3.6720852930532355,3.1937783428278412
insta_market_basket,joint,mlp_raw_mae,overall,baseline,503733,3.4503895514146383,0.24394953996582858,4.026534869941726,5.974160054980949,3.2064400114488096
insta_market_basket,joint,mlp_raw_mae,overall,candidate,503733,3.450132356560964,0.24369234511215443,4.000521149515626,5.92564781420361,3.2064400114488096
insta_market_basket,joint,mlp_raw_mae,p50_p90,baseline,202534,3.3633743349943246,0.15603059714719283,3.779617817658605,4.74967520652014,3.2073437378471317
insta_market_basket,joint,mlp_raw_mae,p50_p90,candidate,202534,3.3684355700811057,0.16109183223397402,3.809990480713021,4.801537290040274,3.2073437378471317
insta_market_basket,joint,mlp_raw_mae,p90_p95,baseline,27322,3.5784388274801895,0.33149044668494804,8.55190960622778,9.556266330771706,3.2469483807952413
insta_market_basket,joint,mlp_raw_mae,p90_p95,candidate,27322,3.5639083741616844,0.3169599933664431,8.209661008528757,9.313130922677546,3.2469483807952413
insta_market_basket,joint,mlp_raw_mae,p95_p99,baseline,20190,3.722753183398886,0.45165651722909345,12.591378965810009,13.789597413507476,3.271096666169792
insta_market_basket,joint,mlp_raw_mae,p95_p99,candidate,20190,3.6960073034013528,0.4249106372315605,12.016792517631817,13.358157374655686,3.271096666169792
insta_market_basket,joint,mlp_raw_mae,tail_gt_p95,baseline,26226,3.801304477440917,0.5244812620719344,14.987187344622651,17.19053488641169,3.2768232153689825
insta_market_basket,joint,mlp_raw_mae,tail_gt_p95,candidate,26226,3.7696992766084643,0.49287606123948186,14.341810320940587,16.694349532691106,3.2768232153689825
insta_market_basket,body,mlp_raw_mae,body_le_p95,baseline,477507,3.431116336885919,0.22854196490629075,3.4245456387870368,4.628211735856777,3.2025743719796282
insta_market_basket,body,mlp_raw_mae,body_le_p95,candidate,477507,3.431116336885919,0.22854196490629075,3.4245456387870368,4.628211735856777,3.2025743719796282
insta_market_basket,body,mlp_raw_mae,gt_p99,baseline,6036,4.064053090215703,0.7680749662430674,23.000999665402514,25.454692140390446,3.2959781239726356
insta_market_basket,body,mlp_raw_mae,gt_p99,candidate,6036,4.064053090215703,0.7680749662430674,23.000999665402514,25.454692140390446,3.2959781239726356
insta_market_basket,body,mlp_raw_mae,history_le_64,baseline,503733,3.4503895514146383,0.24394953996582858,4.026534869941726,5.974160054980949,3.2064400114488096
insta_market_basket,body,mlp_raw_mae,history_le_64,candidate,503733,3.4503895514146383,0.24394953996582858,4.026534869941726,5.974160054980949,3.2064400114488096
insta_market_basket,body,mlp_raw_mae,le_p50,baseline,247651,3.4702638207365615,0.2764854779087202,2.568485994392343,3.574477709623655,3.1937783428278412
insta_market_basket,body,mlp_raw_mae,le_p50,candidate,247651,3.4702638207365615,0.2764854779087202,2.568485994392343,3.574477709623655,3.1937783428278412
insta_market_basket,body,mlp_raw_mae,overall,baseline,503733,3.4503895514146383,0.24394953996582858,4.026534869941726,5.974160054980949,3.2064400114488096
insta_market_basket,body,mlp_raw_mae,overall,candidate,503733,3.4503895514146383,0.24394953996582858,4.026534869941726,5.974160054980949,3.2064400114488096
insta_market_basket,body,mlp_raw_mae,p50_p90,baseline,202534,3.3633743349943246,0.15603059714719283,3.779617817658605,4.74967520652014,3.2073437378471317
insta_market_basket,body,mlp_raw_mae,p50_p90,candidate,202534,3.3633743349943246,0.15603059714719283,3.779617817658605,4.74967520652014,3.2073437378471317
insta_market_basket,body,mlp_raw_mae,p90_p95,baseline,27322,3.5784388274801895,0.33149044668494804,8.55190960622778,9.556266330771706,3.2469483807952413
insta_market_basket,body,mlp_raw_mae,p90_p95,candidate,27322,3.5784388274801895,0.33149044668494804,8.55190960622778,9.556266330771706,3.2469483807952413
insta_market_basket,body,mlp_raw_mae,p95_p99,baseline,20190,3.722753183398886,0.45165651722909345,12.591378965810009,13.789597413507476,3.271096666169792
insta_market_basket,body,mlp_raw_mae,p95_p99,candidate,20190,3.722753183398886,0.45165651722909345,12.591378965810009,13.789597413507476,3.271096666169792
insta_market_basket,body,mlp_raw_mae,tail_gt_p95,baseline,26226,3.801304477440917,0.5244812620719344,14.987187344622651,17.19053488641169,3.2768232153689825
insta_market_basket,body,mlp_raw_mae,tail_gt_p95,candidate,26226,3.801304477440917,0.5244812620719344,14.987187344622651,17.19053488641169,3.2768232153689825
