dataset,model,seed,selected_epoch,partition,bin,boundaries,interval,count,qty_mae,qty_rmse,time_nll,qty_sse,source
yellow_trip_hourly,titantpp_history_mlp,42,60,quantity,0,"[7, 686, 1562, 3449]",<=7,4364,2.6284445464665684,13.07556569353763,1.567809330908728,746114.9050510635,search_artifacts/titantpp_core_ablation_20260928_v1/monitor/20260928T195732Z/terminal_5080/run/yellow_trip_hourly/seed_42/runs/titantpp_history_mlp/count_only_log_regression/seed_42/endpoint_replays.json
yellow_trip_hourly,titantpp_history_mlp,42,60,quantity,1,"[7, 686, 1562, 3449]","(7,686]",3138,23.392060239198027,50.09782404228673,0.04009246570025471,7875727.213696292,search_artifacts/titantpp_core_ablation_20260928_v1/monitor/20260928T195732Z/terminal_5080/run/yellow_trip_hourly/seed_42/runs/titantpp_history_mlp/count_only_log_regression/seed_42/endpoint_replays.json
yellow_trip_hourly,titantpp_history_mlp,42,60,quantity,2,"[7, 686, 1562, 3449]","(686,1562]",386,113.51421462933634,156.17471313036432,6.506056472504566e-39,9414748.834241714,search_artifacts/titantpp_core_ablation_20260928_v1/monitor/20260928T195732Z/terminal_5080/run/yellow_trip_hourly/seed_42/runs/titantpp_history_mlp/count_only_log_regression/seed_42/endpoint_replays.json
yellow_trip_hourly,titantpp_history_mlp,42,60,quantity,3,"[7, 686, 1562, 3449]","(1562,3449]",301,206.86175030172862,279.8952611634257,1.4447358885592156e-61,23580748.52374442,search_artifacts/titantpp_core_ablation_20260928_v1/monitor/20260928T195732Z/terminal_5080/run/yellow_trip_hourly/seed_42/runs/titantpp_history_mlp/count_only_log_regression/seed_42/endpoint_replays.json
yellow_trip_hourly,titantpp_history_mlp,42,60,quantity,4,"[7, 686, 1562, 3449]",>3449,79,356.203622552413,430.4078168135245,1.596346125184084e-104,14634820.213160574,search_artifacts/titantpp_core_ablation_20260928_v1/monitor/20260928T195732Z/terminal_5080/run/yellow_trip_hourly/seed_42/runs/titantpp_history_mlp/count_only_log_regression/seed_42/endpoint_replays.json
yellow_trip_hourly,titantpp_history_mlp,42,60,history,0,"[64, 128]",<=64,1241,0.5162883885534995,0.845952055994914,2.4298722429520527,888.1028873731494,search_artifacts/titantpp_core_ablation_20260928_v1/monitor/20260928T195732Z/terminal_5080/run/yellow_trip_hourly/seed_42/runs/titantpp_history_mlp/count_only_log_regression/seed_42/endpoint_replays.json
yellow_trip_hourly,titantpp_history_mlp,42,60,history,1,"[64, 128]","(64,128]",1475,1.2157013669256436,2.742194540606603,1.25055924193178,11091.455575335673,search_artifacts/titantpp_core_ablation_20260928_v1/monitor/20260928T195732Z/terminal_5080/run/yellow_trip_hourly/seed_42/runs/titantpp_history_mlp/count_only_log_regression/seed_42/endpoint_replays.json
yellow_trip_hourly,titantpp_history_mlp,42,60,history,2,"[64, 128]",>128,5552,39.02429817981954,100.64648747740891,0.3796260342399527,56240180.131431356,search_artifacts/titantpp_core_ablation_20260928_v1/monitor/20260928T195732Z/terminal_5080/run/yellow_trip_hourly/seed_42/runs/titantpp_history_mlp/count_only_log_regression/seed_42/endpoint_replays.json
yellow_trip_hourly,titantpp_history_mlp,52,160,quantity,0,"[7, 686, 1562, 3449]",<=7,4364,2.122703739801314,7.911244686945441,2.5593218864092497,273133.1264556968,search_artifacts/titantpp_core_ablation_20260928_v1/monitor/20260928T195732Z/terminal_5080/run/yellow_trip_hourly/seed_52/runs/titantpp_history_mlp/count_only_log_regression/seed_52/endpoint_replays.json
yellow_trip_hourly,titantpp_history_mlp,52,160,quantity,1,"[7, 686, 1562, 3449]","(7,686]",3138,23.372133120144152,51.24828434092361,0.03669377560482619,8241601.301073034,search_artifacts/titantpp_core_ablation_20260928_v1/monitor/20260928T195732Z/terminal_5080/run/yellow_trip_hourly/seed_52/runs/titantpp_history_mlp/count_only_log_regression/seed_52/endpoint_replays.json
yellow_trip_hourly,titantpp_history_mlp,52,160,quantity,2,"[7, 686, 1562, 3449]","(686,1562]",386,112.07048801560477,159.13599988916144,4.192630468687325e-21,9775166.853839152,search_artifacts/titantpp_core_ablation_20260928_v1/monitor/20260928T195732Z/terminal_5080/run/yellow_trip_hourly/seed_52/runs/titantpp_history_mlp/count_only_log_regression/seed_52/endpoint_replays.json
yellow_trip_hourly,titantpp_history_mlp,52,160,quantity,3,"[7, 686, 1562, 3449]","(1562,3449]",301,188.80629428597385,259.5996504466735,3.583929801249541e-31,20284985.532122552,search_artifacts/titantpp_core_ablation_20260928_v1/monitor/20260928T195732Z/terminal_5080/run/yellow_trip_hourly/seed_52/runs/titantpp_history_mlp/count_only_log_regression/seed_52/endpoint_replays.json
yellow_trip_hourly,titantpp_history_mlp,52,160,quantity,4,"[7, 686, 1562, 3449]",>3449,79,287.49356581289555,359.9574859842688,2.7269421135910374e-48,10235981.945573092,search_artifacts/titantpp_core_ablation_20260928_v1/monitor/20260928T195732Z/terminal_5080/run/yellow_trip_hourly/seed_52/runs/titantpp_history_mlp/count_only_log_regression/seed_52/endpoint_replays.json
yellow_trip_hourly,titantpp_history_mlp,52,160,history,0,"[64, 128]",<=64,1241,0.5373040033289735,0.8606503974529329,3.368513735986079,919.2324113351411,search_artifacts/titantpp_core_ablation_20260928_v1/monitor/20260928T195732Z/terminal_5080/run/yellow_trip_hourly/seed_52/runs/titantpp_history_mlp/count_only_log_regression/seed_52/endpoint_replays.json
yellow_trip_hourly,titantpp_history_mlp,52,160,history,1,"[64, 128]","(64,128]",1475,1.1893618359808193,2.310533106009931,2.2949667022825717,7874.38077010265,search_artifacts/titantpp_core_ablation_20260928_v1/monitor/20260928T195732Z/terminal_5080/run/yellow_trip_hourly/seed_52/runs/titantpp_history_mlp/count_only_log_regression/seed_52/endpoint_replays.json
yellow_trip_hourly,titantpp_history_mlp,52,160,history,2,"[64, 128]",>128,5552,36.560883380515605,93.75499520398486,0.6697810424914253,48802075.14588209,search_artifacts/titantpp_core_ablation_20260928_v1/monitor/20260928T195732Z/terminal_5080/run/yellow_trip_hourly/seed_52/runs/titantpp_history_mlp/count_only_log_regression/seed_52/endpoint_replays.json
yellow_trip_hourly,titantpp_history_mlp,62,85,quantity,0,"[7, 686, 1562, 3449]",<=7,4364,2.1497361463188143,8.679970224803919,1.7013606463499638,328791.97786359803,search_artifacts/titantpp_core_ablation_20260928_v1/monitor/20260928T195732Z/terminal_5080/run/yellow_trip_hourly/seed_62/runs/titantpp_history_mlp/count_only_log_regression/seed_62/endpoint_replays.json
yellow_trip_hourly,titantpp_history_mlp,62,85,quantity,1,"[7, 686, 1562, 3449]","(7,686]",3138,23.668173840579293,51.07860245132036,0.027607857137665566,8187116.145856534,search_artifacts/titantpp_core_ablation_20260928_v1/monitor/20260928T195732Z/terminal_5080/run/yellow_trip_hourly/seed_62/runs/titantpp_history_mlp/count_only_log_regression/seed_62/endpoint_replays.json
yellow_trip_hourly,titantpp_history_mlp,62,85,quantity,2,"[7, 686, 1562, 3449]","(686,1562]",386,117.09442170296309,166.9983341800508,7.587568402092185e-22,10764939.236900002,search_artifacts/titantpp_core_ablation_20260928_v1/monitor/20260928T195732Z/terminal_5080/run/yellow_trip_hourly/seed_62/runs/titantpp_history_mlp/count_only_log_regression/seed_62/endpoint_replays.json
yellow_trip_hourly,titantpp_history_mlp,62,85,quantity,3,"[7, 686, 1562, 3449]","(1562,3449]",301,197.8469712773827,275.75762509410566,2.8512469646348706e-36,22888722.60705994,search_artifacts/titantpp_core_ablation_20260928_v1/monitor/20260928T195732Z/terminal_5080/run/yellow_trip_hourly/seed_62/runs/titantpp_history_mlp/count_only_log_regression/seed_62/endpoint_replays.json
yellow_trip_hourly,titantpp_history_mlp,62,85,quantity,4,"[7, 686, 1562, 3449]",>3449,79,286.87099485759495,364.5817856184529,2.9458476562809472e-58,10500670.393974423,search_artifacts/titantpp_core_ablation_20260928_v1/monitor/20260928T195732Z/terminal_5080/run/yellow_trip_hourly/seed_62/runs/titantpp_history_mlp/count_only_log_regression/seed_62/endpoint_replays.json
yellow_trip_hourly,titantpp_history_mlp,62,85,history,0,"[64, 128]",<=64,1241,0.4985614226865346,0.8443272146219566,2.6093346415158445,884.6945606809279,search_artifacts/titantpp_core_ablation_20260928_v1/monitor/20260928T195732Z/terminal_5080/run/yellow_trip_hourly/seed_62/runs/titantpp_history_mlp/count_only_log_regression/seed_62/endpoint_replays.json
yellow_trip_hourly,titantpp_history_mlp,62,85,history,1,"[64, 128]","(64,128]",1475,1.2322163648120428,2.6464529998251156,1.5620180121350384,10330.477383417947,search_artifacts/titantpp_core_ablation_20260928_v1/monitor/20260928T195732Z/terminal_5080/run/yellow_trip_hourly/seed_62/runs/titantpp_history_mlp/count_only_log_regression/seed_62/endpoint_replays.json
yellow_trip_hourly,titantpp_history_mlp,62,85,history,2,"[64, 128]",>128,5552,37.577294293265005,97.38939746594949,0.35468488082652927,52659025.189710386,search_artifacts/titantpp_core_ablation_20260928_v1/monitor/20260928T195732Z/terminal_5080/run/yellow_trip_hourly/seed_62/runs/titantpp_history_mlp/count_only_log_regression/seed_62/endpoint_replays.json
yellow_trip_hourly,rmtpp,42,123,quantity,0,"[7, 686, 1562, 3449]",<=7,4364,1.9781698847887823,6.236056579178592,2.464745076515185,169708.98483863924,search_artifacts/local_detail_benchmark_execution_20260922_v2/monitor/20260922T234557Z/taxi_complete/run/yellow_trip_hourly/runs/rmtpp/count_only_log_regression/seed_42/endpoint_replays.json
yellow_trip_hourly,rmtpp,42,123,quantity,1,"[7, 686, 1562, 3449]","(7,686]",3138,21.62622333541655,46.09655852359578,0.13050329538532043,6667913.316823136,search_artifacts/local_detail_benchmark_execution_20260922_v2/monitor/20260922T234557Z/taxi_complete/run/yellow_trip_hourly/runs/rmtpp/count_only_log_regression/seed_42/endpoint_replays.json
yellow_trip_hourly,rmtpp,42,123,quantity,2,"[7, 686, 1562, 3449]","(686,1562]",386,145.07425575058696,209.9034652981229,9.63068030971974e-22,17006953.39124587,search_artifacts/local_detail_benchmark_execution_20260922_v2/monitor/20260922T234557Z/taxi_complete/run/yellow_trip_hourly/runs/rmtpp/count_only_log_regression/seed_42/endpoint_replays.json
yellow_trip_hourly,rmtpp,42,123,quantity,3,"[7, 686, 1562, 3449]","(1562,3449]",301,241.64256230858078,327.69486151452844,2.035597510755356e-133,32322560.601170823,search_artifacts/local_detail_benchmark_execution_20260922_v2/monitor/20260922T234557Z/taxi_complete/run/yellow_trip_hourly/runs/rmtpp/count_only_log_regression/seed_42/endpoint_replays.json
yellow_trip_hourly,rmtpp,42,123,quantity,4,"[7, 686, 1562, 3449]",>3449,79,356.7508529469937,467.0095732075273,0.0,17229737.375930667,search_artifacts/local_detail_benchmark_execution_20260922_v2/monitor/20260922T234557Z/taxi_complete/run/yellow_trip_hourly/runs/rmtpp/count_only_log_regression/seed_42/endpoint_replays.json
yellow_trip_hourly,rmtpp,42,123,history,0,"[64, 128]",<=64,1241,0.5076846693140379,0.839858800044145,2.321248576152562,875.3552397783845,search_artifacts/local_detail_benchmark_execution_20260922_v2/monitor/20260922T234557Z/taxi_complete/run/yellow_trip_hourly/runs/rmtpp/count_only_log_regression/seed_42/endpoint_replays.json
yellow_trip_hourly,rmtpp,42,123,history,1,"[64, 128]","(64,128]",1475,1.2225172738705652,2.6844072052372137,1.0885418702306349,10628.912014205966,search_artifacts/local_detail_benchmark_execution_20260922_v2/monitor/20260922T234557Z/taxi_complete/run/yellow_trip_hourly/runs/rmtpp/count_only_log_regression/seed_42/endpoint_replays.json
yellow_trip_hourly,rmtpp,42,123,history,2,"[64, 128]",>128,5552,41.60283932053304,114.96880403427971,1.2030616198191442,73385369.40275514,search_artifacts/local_detail_benchmark_execution_20260922_v2/monitor/20260922T234557Z/taxi_complete/run/yellow_trip_hourly/runs/rmtpp/count_only_log_regression/seed_42/endpoint_replays.json
yellow_trip_hourly,rmtpp,52,155,quantity,0,"[7, 686, 1562, 3449]",<=7,4364,2.356868276797665,8.333522536095158,4.474783077619901,303069.31705932,search_artifacts/local_detail_replication_5080_20260924_v1/monitor/20260925T204245Z/terminal_5080/run/yellow_trip_hourly/seed_52/runs/rmtpp/count_only_log_regression/seed_52/endpoint_replays.json
yellow_trip_hourly,rmtpp,52,155,quantity,1,"[7, 686, 1562, 3449]","(7,686]",3138,22.358615928770554,46.25900065579377,0.6623342527342432,6714990.954569022,search_artifacts/local_detail_replication_5080_20260924_v1/monitor/20260925T204245Z/terminal_5080/run/yellow_trip_hourly/seed_52/runs/rmtpp/count_only_log_regression/seed_52/endpoint_replays.json
yellow_trip_hourly,rmtpp,52,155,quantity,2,"[7, 686, 1562, 3449]","(686,1562]",386,136.3993485999231,197.51005964745883,3.3326969379103174e-06,15057946.3335099,search_artifacts/local_detail_replication_5080_20260924_v1/monitor/20260925T204245Z/terminal_5080/run/yellow_trip_hourly/seed_52/runs/rmtpp/count_only_log_regression/seed_52/endpoint_replays.json
yellow_trip_hourly,rmtpp,52,155,quantity,3,"[7, 686, 1562, 3449]","(1562,3449]",301,233.39619481286337,309.5411173469727,7.384994119631248e-10,28840526.701852113,search_artifacts/local_detail_replication_5080_20260924_v1/monitor/20260925T204245Z/terminal_5080/run/yellow_trip_hourly/seed_52/runs/rmtpp/count_only_log_regression/seed_52/endpoint_replays.json
yellow_trip_hourly,rmtpp,52,155,quantity,4,"[7, 686, 1562, 3449]",>3449,79,363.4490765921677,483.57183754726447,2.4419217314706558e-14,18473496.043438196,search_artifacts/local_detail_replication_5080_20260924_v1/monitor/20260925T204245Z/terminal_5080/run/yellow_trip_hourly/seed_52/runs/rmtpp/count_only_log_regression/seed_52/endpoint_replays.json
yellow_trip_hourly,rmtpp,52,155,history,0,"[64, 128]",<=64,1241,0.5246709388749048,0.851679110357842,2.3533306125136084,900.1684180117273,search_artifacts/local_detail_replication_5080_20260924_v1/monitor/20260925T204245Z/terminal_5080/run/yellow_trip_hourly/seed_52/runs/rmtpp/count_only_log_regression/seed_52/endpoint_replays.json
yellow_trip_hourly,rmtpp,52,155,history,1,"[64, 128]","(64,128]",1475,1.1854644861059673,2.407283068564448,1.159113969427552,8547.642363990672,search_artifacts/local_detail_replication_5080_20260924_v1/monitor/20260925T204245Z/terminal_5080/run/yellow_trip_hourly/seed_52/runs/rmtpp/count_only_log_regression/seed_52/endpoint_replays.json
yellow_trip_hourly,rmtpp,52,155,history,2,"[64, 128]",>128,5552,41.365618415219814,111.7877562110321,3.057669871653744,69380581.53964655,search_artifacts/local_detail_replication_5080_20260924_v1/monitor/20260925T204245Z/terminal_5080/run/yellow_trip_hourly/seed_52/runs/rmtpp/count_only_log_regression/seed_52/endpoint_replays.json
yellow_trip_hourly,rmtpp,62,88,quantity,0,"[7, 686, 1562, 3449]",<=7,4364,2.1153910741769972,7.417944945850561,1.4412799595569101,240133.05910663935,search_artifacts/local_detail_replication_5080_20260924_v1/monitor/20260925T204245Z/terminal_5080/run/yellow_trip_hourly/seed_62/runs/rmtpp/count_only_log_regression/seed_62/endpoint_replays.json
yellow_trip_hourly,rmtpp,62,88,quantity,1,"[7, 686, 1562, 3449]","(7,686]",3138,21.979535049393803,45.77042204671137,0.03919367309853657,6573895.154740349,search_artifacts/local_detail_replication_5080_20260924_v1/monitor/20260925T204245Z/terminal_5080/run/yellow_trip_hourly/seed_62/runs/rmtpp/count_only_log_regression/seed_62/endpoint_replays.json
yellow_trip_hourly,rmtpp,62,88,quantity,2,"[7, 686, 1562, 3449]","(686,1562]",386,137.20850399985832,197.25296393282198,2.6742235659018377e-32,15018770.467189305,search_artifacts/local_detail_replication_5080_20260924_v1/monitor/20260925T204245Z/terminal_5080/run/yellow_trip_hourly/seed_62/runs/rmtpp/count_only_log_regression/seed_62/endpoint_replays.json
yellow_trip_hourly,rmtpp,62,88,quantity,3,"[7, 686, 1562, 3449]","(1562,3449]",301,251.19860353184697,324.3598032732968,2.757773790175703e-60,31667993.87582703,search_artifacts/local_detail_replication_5080_20260924_v1/monitor/20260925T204245Z/terminal_5080/run/yellow_trip_hourly/seed_62/runs/rmtpp/count_only_log_regression/seed_62/endpoint_replays.json
yellow_trip_hourly,rmtpp,62,88,quantity,4,"[7, 686, 1562, 3449]",>3449,79,442.6599800979035,578.9692136614268,6.487092461939479e-83,26481222.679050744,search_artifacts/local_detail_replication_5080_20260924_v1/monitor/20260925T204245Z/terminal_5080/run/yellow_trip_hourly/seed_62/runs/rmtpp/count_only_log_regression/seed_62/endpoint_replays.json
yellow_trip_hourly,rmtpp,62,88,history,0,"[64, 128]",<=64,1241,0.49974975155592927,0.8349302473319348,2.3209405046757436,865.1116707260193,search_artifacts/local_detail_replication_5080_20260924_v1/monitor/20260925T204245Z/terminal_5080/run/yellow_trip_hourly/seed_62/runs/rmtpp/count_only_log_regression/seed_62/endpoint_replays.json
yellow_trip_hourly,rmtpp,62,88,history,1,"[64, 128]","(64,128]",1475,1.2276368528705532,2.802490348436236,1.0688248552871966,11584.579425790427,search_artifacts/local_detail_replication_5080_20260924_v1/monitor/20260925T204245Z/terminal_5080/run/yellow_trip_hourly/seed_62/runs/rmtpp/count_only_log_regression/seed_62/endpoint_replays.json
yellow_trip_hourly,rmtpp,62,88,history,2,"[64, 128]",>128,5552,43.104429839302384,120.01558312065107,0.3522931667576281,79969565.54481757,search_artifacts/local_detail_replication_5080_20260924_v1/monitor/20260925T204245Z/terminal_5080/run/yellow_trip_hourly/seed_62/runs/rmtpp/count_only_log_regression/seed_62/endpoint_replays.json
yellow_trip_hourly,nhp,42,8,quantity,0,"[7, 686, 1562, 3449]",<=7,4364,1.4399980391169993,3.2150569932131514,1.2266116332687742,45108.885173372764,search_artifacts/local_detail_benchmark_execution_20260922_v2/monitor/20260922T234557Z/taxi_complete/run/yellow_trip_hourly/runs/nhp/count_only_log_regression/seed_42/endpoint_replays.json
yellow_trip_hourly,nhp,42,8,quantity,1,"[7, 686, 1562, 3449]","(7,686]",3138,44.524914389244685,82.05631947858181,0.01623644784949166,21128905.759272467,search_artifacts/local_detail_benchmark_execution_20260922_v2/monitor/20260922T234557Z/taxi_complete/run/yellow_trip_hourly/runs/nhp/count_only_log_regression/seed_42/endpoint_replays.json
yellow_trip_hourly,nhp,42,8,quantity,2,"[7, 686, 1562, 3449]","(686,1562]",386,486.47246179926583,519.4013071238212,3.624737982327045e-07,104134199.08698656,search_artifacts/local_detail_benchmark_execution_20260922_v2/monitor/20260922T234557Z/taxi_complete/run/yellow_trip_hourly/runs/nhp/count_only_log_regression/seed_42/endpoint_replays.json
yellow_trip_hourly,nhp,42,8,quantity,3,"[7, 686, 1562, 3449]","(1562,3449]",301,1001.4677870233986,1057.1791648202252,5.913936651277859e-09,336405963.7455267,search_artifacts/local_detail_benchmark_execution_20260922_v2/monitor/20260922T234557Z/taxi_complete/run/yellow_trip_hourly/runs/nhp/count_only_log_regression/seed_42/endpoint_replays.json
yellow_trip_hourly,nhp,42,8,quantity,4,"[7, 686, 1562, 3449]",>3449,79,2025.9086033302017,2096.758479283024,6.070468570237663e-11,347315293.51517546,search_artifacts/local_detail_benchmark_execution_20260922_v2/monitor/20260922T234557Z/taxi_complete/run/yellow_trip_hourly/runs/nhp/count_only_log_regression/seed_42/endpoint_replays.json
yellow_trip_hourly,nhp,42,8,history,0,"[64, 128]",<=64,1241,0.4607297011578304,0.8644061554223341,2.3342956386035922,927.2727199012375,search_artifacts/local_detail_benchmark_execution_20260922_v2/monitor/20260922T234557Z/taxi_complete/run/yellow_trip_hourly/runs/nhp/count_only_log_regression/seed_42/endpoint_replays.json
yellow_trip_hourly,nhp,42,8,history,1,"[64, 128]","(64,128]",1475,1.3568137129282547,3.964087005798142,1.0670150678418777,23178.129039568077,search_artifacts/local_detail_benchmark_execution_20260922_v2/monitor/20260922T234557Z/taxi_complete/run/yellow_trip_hourly/runs/nhp/count_only_log_regression/seed_42/endpoint_replays.json
yellow_trip_hourly,nhp,42,8,history,2,"[64, 128]",>128,5552,142.77687694922477,381.7253239031034,0.1680791012360565,809005365.5903751,search_artifacts/local_detail_benchmark_execution_20260922_v2/monitor/20260922T234557Z/taxi_complete/run/yellow_trip_hourly/runs/nhp/count_only_log_regression/seed_42/endpoint_replays.json
yellow_trip_hourly,nhp,52,11,quantity,0,"[7, 686, 1562, 3449]",<=7,4364,1.5671613762457364,4.282857989003579,1.222859941396257,80048.29582553288,search_artifacts/local_detail_replication_5080_20260924_v1/monitor/20260925T204245Z/terminal_5080/run/yellow_trip_hourly/seed_52/runs/nhp/count_only_log_regression/seed_52/endpoint_replays.json
yellow_trip_hourly,nhp,52,11,quantity,1,"[7, 686, 1562, 3449]","(7,686]",3138,39.043731002081266,73.49745354131488,0.016871864843425333,16951085.874607187,search_artifacts/local_detail_replication_5080_20260924_v1/monitor/20260925T204245Z/terminal_5080/run/yellow_trip_hourly/seed_52/runs/nhp/count_only_log_regression/seed_52/endpoint_replays.json
yellow_trip_hourly,nhp,52,11,quantity,2,"[7, 686, 1562, 3449]","(686,1562]",386,440.0664600905977,468.2459540240808,3.258511441689574e-07,84632149.55552973,search_artifacts/local_detail_replication_5080_20260924_v1/monitor/20260925T204245Z/terminal_5080/run/yellow_trip_hourly/seed_52/runs/nhp/count_only_log_regression/seed_52/endpoint_replays.json
yellow_trip_hourly,nhp,52,11,quantity,3,"[7, 686, 1562, 3449]","(1562,3449]",301,1015.2006410110829,1063.4703693533036,7.715533244492086e-11,340421737.1742281,search_artifacts/local_detail_replication_5080_20260924_v1/monitor/20260925T204245Z/terminal_5080/run/yellow_trip_hourly/seed_52/runs/nhp/count_only_log_regression/seed_52/endpoint_replays.json
yellow_trip_hourly,nhp,52,11,quantity,4,"[7, 686, 1562, 3449]",>3449,79,2201.2654565738726,2274.5428178177713,6.599354354237442e-14,408710057.37682617,search_artifacts/local_detail_replication_5080_20260924_v1/monitor/20260925T204245Z/terminal_5080/run/yellow_trip_hourly/seed_52/runs/nhp/count_only_log_regression/seed_52/endpoint_replays.json
yellow_trip_hourly,nhp,52,11,history,0,"[64, 128]",<=64,1241,0.4855367312212321,0.8554857232579751,2.331119485135596,908.233075968492,search_artifacts/local_detail_replication_5080_20260924_v1/monitor/20260925T204245Z/terminal_5080/run/yellow_trip_hourly/seed_52/runs/nhp/count_only_log_regression/seed_52/endpoint_replays.json
yellow_trip_hourly,nhp,52,11,history,1,"[64, 128]","(64,128]",1475,1.253873155642364,3.2309430817014277,1.0741736032578455,15397.514965861621,search_artifacts/local_detail_replication_5080_20260924_v1/monitor/20260925T204245Z/terminal_5080/run/yellow_trip_hourly/seed_52/runs/nhp/count_only_log_regression/seed_52/endpoint_replays.json
yellow_trip_hourly,nhp,52,11,history,2,"[64, 128]",>128,5552,139.81399923470676,391.45657682072306,0.1642974560654014,850778772.5289749,search_artifacts/local_detail_replication_5080_20260924_v1/monitor/20260925T204245Z/terminal_5080/run/yellow_trip_hourly/seed_52/runs/nhp/count_only_log_regression/seed_52/endpoint_replays.json
yellow_trip_hourly,nhp,62,7,quantity,0,"[7, 686, 1562, 3449]",<=7,4364,1.514321813948869,3.776728148061731,1.219723162951326,62246.67990103487,search_artifacts/local_detail_replication_5080_20260924_v1/monitor/20260925T204245Z/terminal_5080/run/yellow_trip_hourly/seed_62/runs/nhp/count_only_log_regression/seed_62/endpoint_replays.json
yellow_trip_hourly,nhp,62,7,quantity,1,"[7, 686, 1562, 3449]","(7,686]",3138,38.26040679911583,70.80015620911466,0.015008174972040881,15729733.730159547,search_artifacts/local_detail_replication_5080_20260924_v1/monitor/20260925T204245Z/terminal_5080/run/yellow_trip_hourly/seed_62/runs/nhp/count_only_log_regression/seed_62/endpoint_replays.json
yellow_trip_hourly,nhp,62,7,quantity,2,"[7, 686, 1562, 3449]","(686,1562]",386,406.80403603667423,436.71809691571247,1.0531351630055211e-07,73618960.7230411,search_artifacts/local_detail_replication_5080_20260924_v1/monitor/20260925T204245Z/terminal_5080/run/yellow_trip_hourly/seed_62/runs/nhp/count_only_log_regression/seed_62/endpoint_replays.json
yellow_trip_hourly,nhp,62,7,quantity,3,"[7, 686, 1562, 3449]","(1562,3449]",301,997.1188831012511,1052.1285224339365,5.756703041182633e-10,333199302.74342453,search_artifacts/local_detail_replication_5080_20260924_v1/monitor/20260925T204245Z/terminal_5080/run/yellow_trip_hourly/seed_62/runs/nhp/count_only_log_regression/seed_62/endpoint_replays.json
yellow_trip_hourly,nhp,62,7,quantity,4,"[7, 686, 1562, 3449]",>3449,79,2284.2859288469144,2357.8029965962946,2.5915875337371268e-12,439179562.6899188,search_artifacts/local_detail_replication_5080_20260924_v1/monitor/20260925T204245Z/terminal_5080/run/yellow_trip_hourly/seed_62/runs/nhp/count_only_log_regression/seed_62/endpoint_replays.json
yellow_trip_hourly,nhp,62,7,history,0,"[64, 128]",<=64,1241,0.48452610853312,0.8443271575922187,2.327647875340374,884.6944411682642,search_artifacts/local_detail_replication_5080_20260924_v1/monitor/20260925T204245Z/terminal_5080/run/yellow_trip_hourly/seed_62/runs/nhp/count_only_log_regression/seed_62/endpoint_replays.json
yellow_trip_hourly,nhp,62,7,history,1,"[64, 128]","(64,128]",1475,1.3345491904727482,3.826296456832683,1.0661816816154053,21594.803248966255,search_artifacts/local_detail_replication_5080_20260924_v1/monitor/20260925T204245Z/terminal_5080/run/yellow_trip_hourly/seed_62/runs/nhp/count_only_log_regression/seed_62/endpoint_replays.json
yellow_trip_hourly,nhp,62,7,history,2,"[64, 128]",>128,5552,137.1969794808358,393.9764688982389,0.16367769872590468,861767327.068755,search_artifacts/local_detail_replication_5080_20260924_v1/monitor/20260925T204245Z/terminal_5080/run/yellow_trip_hourly/seed_62/runs/nhp/count_only_log_regression/seed_62/endpoint_replays.json
yellow_trip_hourly,thp,42,70,quantity,0,"[7, 686, 1562, 3449]",<=7,4364,2.043793797219816,7.560631174480738,1.2274676748765987,249459.95935349684,search_artifacts/local_detail_benchmark_execution_20260922_v2/monitor/20260922T234557Z/taxi_complete/run/yellow_trip_hourly/runs/thp/count_only_log_regression/seed_42/endpoint_replays.json
yellow_trip_hourly,thp,42,70,quantity,1,"[7, 686, 1562, 3449]","(7,686]",3138,25.132161284192037,54.1120920356837,0.014231757857596507,9188435.867052916,search_artifacts/local_detail_benchmark_execution_20260922_v2/monitor/20260922T234557Z/taxi_complete/run/yellow_trip_hourly/runs/thp/count_only_log_regression/seed_42/endpoint_replays.json
yellow_trip_hourly,thp,42,70,quantity,2,"[7, 686, 1562, 3449]","(686,1562]",386,164.8470575994778,233.22392090477342,2.920605205355189e-07,20995851.35092766,search_artifacts/local_detail_benchmark_execution_20260922_v2/monitor/20260922T234557Z/taxi_complete/run/yellow_trip_hourly/runs/thp/count_only_log_regression/seed_42/endpoint_replays.json
yellow_trip_hourly,thp,42,70,quantity,3,"[7, 686, 1562, 3449]","(1562,3449]",301,270.3024792845463,365.4481956988217,3.625069716178319e-10,40199267.5055968,search_artifacts/local_detail_benchmark_execution_20260922_v2/monitor/20260922T234557Z/taxi_complete/run/yellow_trip_hourly/runs/thp/count_only_log_regression/seed_42/endpoint_replays.json
yellow_trip_hourly,thp,42,70,quantity,4,"[7, 686, 1562, 3449]",>3449,79,466.10336419600475,588.806965392273,1.7149777259777113e-16,27388797.757062137,search_artifacts/local_detail_benchmark_execution_20260922_v2/monitor/20260922T234557Z/taxi_complete/run/yellow_trip_hourly/runs/thp/count_only_log_regression/seed_42/endpoint_replays.json
yellow_trip_hourly,thp,42,70,history,0,"[64, 128]",<=64,1241,0.4740488333244846,0.8434297388301669,2.3217007679068686,882.8147919098164,search_artifacts/local_detail_benchmark_execution_20260922_v2/monitor/20260922T234557Z/taxi_complete/run/yellow_trip_hourly/runs/thp/count_only_log_regression/seed_42/endpoint_replays.json
yellow_trip_hourly,thp,42,70,history,1,"[64, 128]","(64,128]",1475,1.2059306003279606,2.4750696302425474,1.0538764399301261,9035.805269959745,search_artifacts/local_detail_benchmark_execution_20260922_v2/monitor/20260922T234557Z/taxi_complete/run/yellow_trip_hourly/runs/thp/count_only_log_regression/seed_42/endpoint_replays.json
yellow_trip_hourly,thp,42,70,history,2,"[64, 128]",>128,5552,48.13237973212423,132.86624510613788,0.17392469385693998,98011893.81993113,search_artifacts/local_detail_benchmark_execution_20260922_v2/monitor/20260922T234557Z/taxi_complete/run/yellow_trip_hourly/runs/thp/count_only_log_regression/seed_42/endpoint_replays.json
yellow_trip_hourly,thp,52,118,quantity,0,"[7, 686, 1562, 3449]",<=7,4364,1.9194349466279272,6.521383634036985,1.2816163177824582,185594.1318079736,search_artifacts/local_detail_replication_5080_20260924_v1/monitor/20260925T204245Z/terminal_5080/run/yellow_trip_hourly/seed_52/runs/thp/count_only_log_regression/seed_52/endpoint_replays.json
yellow_trip_hourly,thp,52,118,quantity,1,"[7, 686, 1562, 3449]","(7,686]",3138,26.948627785256594,56.078970861481174,0.017410596632960233,9868542.352906398,search_artifacts/local_detail_replication_5080_20260924_v1/monitor/20260925T204245Z/terminal_5080/run/yellow_trip_hourly/seed_52/runs/thp/count_only_log_regression/seed_52/endpoint_replays.json
yellow_trip_hourly,thp,52,118,quantity,2,"[7, 686, 1562, 3449]","(686,1562]",386,146.2872031414447,205.0405871733488,4.752208858460416e-10,16228073.961919177,search_artifacts/local_detail_replication_5080_20260924_v1/monitor/20260925T204245Z/terminal_5080/run/yellow_trip_hourly/seed_52/runs/thp/count_only_log_regression/seed_52/endpoint_replays.json
yellow_trip_hourly,thp,52,118,quantity,3,"[7, 686, 1562, 3449]","(1562,3449]",301,262.21573555271493,364.25526688243747,1.911698537822431e-13,39937251.73493032,search_artifacts/local_detail_replication_5080_20260924_v1/monitor/20260925T204245Z/terminal_5080/run/yellow_trip_hourly/seed_52/runs/thp/count_only_log_regression/seed_52/endpoint_replays.json
yellow_trip_hourly,thp,52,118,quantity,4,"[7, 686, 1562, 3449]",>3449,79,407.9247830547864,513.1167679004072,1.7732249224669427e-19,20799816.582544267,search_artifacts/local_detail_replication_5080_20260924_v1/monitor/20260925T204245Z/terminal_5080/run/yellow_trip_hourly/seed_52/runs/thp/count_only_log_regression/seed_52/endpoint_replays.json
yellow_trip_hourly,thp,52,118,history,0,"[64, 128]",<=64,1241,0.45483512680536314,0.8500304065683094,2.347246526315027,896.6866498845407,search_artifacts/local_detail_replication_5080_20260924_v1/monitor/20260925T204245Z/terminal_5080/run/yellow_trip_hourly/seed_52/runs/thp/count_only_log_regression/seed_52/endpoint_replays.json
yellow_trip_hourly,thp,52,118,history,1,"[64, 128]","(64,128]",1475,1.2160613949824188,2.421502715706066,1.0616026952940094,8648.92121820348,search_artifacts/local_detail_replication_5080_20260924_v1/monitor/20260925T204245Z/terminal_5080/run/yellow_trip_hourly/seed_52/runs/thp/count_only_log_regression/seed_52/endpoint_replays.json
yellow_trip_hourly,thp,52,118,history,2,"[64, 128]",>128,5552,46.506289953628944,125.18698777646452,0.2105207400044592,87009733.15624005,search_artifacts/local_detail_replication_5080_20260924_v1/monitor/20260925T204245Z/terminal_5080/run/yellow_trip_hourly/seed_52/runs/thp/count_only_log_regression/seed_52/endpoint_replays.json
yellow_trip_hourly,thp,62,81,quantity,0,"[7, 686, 1562, 3449]",<=7,4364,2.158940482150514,10.211954367005616,1.2263897239082258,455095.42834096524,search_artifacts/local_detail_replication_5080_20260924_v1/monitor/20260925T204245Z/terminal_5080/run/yellow_trip_hourly/seed_62/runs/thp/count_only_log_regression/seed_62/endpoint_replays.json
yellow_trip_hourly,thp,62,81,quantity,1,"[7, 686, 1562, 3449]","(7,686]",3138,26.363636118883992,57.13394248776498,0.013507225459499412,10243333.811604653,search_artifacts/local_detail_replication_5080_20260924_v1/monitor/20260925T204245Z/terminal_5080/run/yellow_trip_hourly/seed_62/runs/thp/count_only_log_regression/seed_62/endpoint_replays.json
yellow_trip_hourly,thp,62,81,quantity,2,"[7, 686, 1562, 3449]","(686,1562]",386,152.68638674088712,213.8080861284761,3.4263266225509796e-11,17645564.509853836,search_artifacts/local_detail_replication_5080_20260924_v1/monitor/20260925T204245Z/terminal_5080/run/yellow_trip_hourly/seed_62/runs/thp/count_only_log_regression/seed_62/endpoint_replays.json
yellow_trip_hourly,thp,62,81,quantity,3,"[7, 686, 1562, 3449]","(1562,3449]",301,279.17472682205147,375.78861453995125,4.655206247626589e-17,42506341.92817467,search_artifacts/local_detail_replication_5080_20260924_v1/monitor/20260925T204245Z/terminal_5080/run/yellow_trip_hourly/seed_62/runs/thp/count_only_log_regression/seed_62/endpoint_replays.json
yellow_trip_hourly,thp,62,81,quantity,4,"[7, 686, 1562, 3449]",>3449,79,488.6991538518592,632.5183659542271,1.6278551401176564e-31,31606279.178283036,search_artifacts/local_detail_replication_5080_20260924_v1/monitor/20260925T204245Z/terminal_5080/run/yellow_trip_hourly/seed_62/runs/thp/count_only_log_regression/seed_62/endpoint_replays.json
yellow_trip_hourly,thp,62,81,history,0,"[64, 128]",<=64,1241,0.47177907202533903,0.8493550770840587,2.3214149214761646,895.2624222878678,search_artifacts/local_detail_replication_5080_20260924_v1/monitor/20260925T204245Z/terminal_5080/run/yellow_trip_hourly/seed_62/runs/thp/count_only_log_regression/seed_62/endpoint_replays.json
yellow_trip_hourly,thp,62,81,history,1,"[64, 128]","(64,128]",1475,1.2035847720453294,2.4705777681442616,1.054828357120373,9003.037899961804,search_artifacts/local_detail_replication_5080_20260924_v1/monitor/20260925T204245Z/terminal_5080/run/yellow_trip_hourly/seed_62/runs/thp/count_only_log_regression/seed_62/endpoint_replays.json
yellow_trip_hourly,thp,62,81,history,2,"[64, 128]",>128,5552,48.87710955470629,135.83894286928245,0.1724788696570897,102446716.55593489,search_artifacts/local_detail_replication_5080_20260924_v1/monitor/20260925T204245Z/terminal_5080/run/yellow_trip_hourly/seed_62/runs/thp/count_only_log_regression/seed_62/endpoint_replays.json
yellow_trip_hourly,sahp,42,22,quantity,0,"[7, 686, 1562, 3449]",<=7,4364,3.5843645655895786,19.98768865137142,1.2541034518148386,1743451.5924318426,search_artifacts/local_detail_benchmark_execution_20260922_v2/monitor/20260922T234557Z/taxi_complete/run/yellow_trip_hourly/runs/sahp/count_only_log_regression/seed_42/endpoint_replays.json
yellow_trip_hourly,sahp,42,22,quantity,1,"[7, 686, 1562, 3449]","(7,686]",3138,27.16183322649081,63.70953599854813,0.016670216695216008,12736843.81829764,search_artifacts/local_detail_benchmark_execution_20260922_v2/monitor/20260922T234557Z/taxi_complete/run/yellow_trip_hourly/runs/sahp/count_only_log_regression/seed_42/endpoint_replays.json
yellow_trip_hourly,sahp,42,22,quantity,2,"[7, 686, 1562, 3449]","(686,1562]",386,167.25100945191062,232.29336903868702,1.3670722679999113e-10,20828640.789546642,search_artifacts/local_detail_benchmark_execution_20260922_v2/monitor/20260922T234557Z/taxi_complete/run/yellow_trip_hourly/runs/sahp/count_only_log_regression/seed_42/endpoint_replays.json
yellow_trip_hourly,sahp,42,22,quantity,3,"[7, 686, 1562, 3449]","(1562,3449]",301,237.53488453202866,326.07089505503177,5.885263356494692e-13,32002990.809198856,search_artifacts/local_detail_benchmark_execution_20260922_v2/monitor/20260922T234557Z/taxi_complete/run/yellow_trip_hourly/runs/sahp/count_only_log_regression/seed_42/endpoint_replays.json
yellow_trip_hourly,sahp,42,22,quantity,4,"[7, 686, 1562, 3449]",>3449,79,588.4305744412579,821.7864130527281,1.5414320749193525e-12,53351299.78556746,search_artifacts/local_detail_benchmark_execution_20260922_v2/monitor/20260922T234557Z/taxi_complete/run/yellow_trip_hourly/runs/sahp/count_only_log_regression/seed_42/endpoint_replays.json
yellow_trip_hourly,sahp,42,22,history,0,"[64, 128]",<=64,1241,0.47117202215671156,0.8455745802374842,2.3135134444282635,887.3104960930528,search_artifacts/local_detail_benchmark_execution_20260922_v2/monitor/20260922T234557Z/taxi_complete/run/yellow_trip_hourly/runs/sahp/count_only_log_regression/seed_42/endpoint_replays.json
yellow_trip_hourly,sahp,42,22,history,1,"[64, 128]","(64,128]",1475,1.140483830096358,2.135943206733674,1.0385737431109325,6729.323739027802,search_artifacts/local_detail_benchmark_execution_20260922_v2/monitor/20260922T234557Z/taxi_complete/run/yellow_trip_hourly/runs/sahp/count_only_log_regression/seed_42/endpoint_replays.json
yellow_trip_hourly,sahp,42,22,history,2,"[64, 128]",>128,5552,50.63976346785122,147.41749643997335,0.20213475290679175,120655610.1608073,search_artifacts/local_detail_benchmark_execution_20260922_v2/monitor/20260922T234557Z/taxi_complete/run/yellow_trip_hourly/runs/sahp/count_only_log_regression/seed_42/endpoint_replays.json
yellow_trip_hourly,sahp,52,64,quantity,0,"[7, 686, 1562, 3449]",<=7,4364,3.3467909880426365,18.123689524994823,1.2954171350856933,1433434.8844010488,search_artifacts/local_detail_replication_5080_20260924_v1/monitor/20260925T204245Z/terminal_5080/run/yellow_trip_hourly/seed_52/runs/sahp/count_only_log_regression/seed_52/endpoint_replays.json
yellow_trip_hourly,sahp,52,64,quantity,1,"[7, 686, 1562, 3449]","(7,686]",3138,27.7677067824805,61.793991523389465,0.017545226051937778,11982444.804776384,search_artifacts/local_detail_replication_5080_20260924_v1/monitor/20260925T204245Z/terminal_5080/run/yellow_trip_hourly/seed_52/runs/sahp/count_only_log_regression/seed_52/endpoint_replays.json
yellow_trip_hourly,sahp,52,64,quantity,2,"[7, 686, 1562, 3449]","(686,1562]",386,172.91903125189748,252.27530207181817,3.9706488952447823e-07,24566131.621674865,search_artifacts/local_detail_replication_5080_20260924_v1/monitor/20260925T204245Z/terminal_5080/run/yellow_trip_hourly/seed_52/runs/sahp/count_only_log_regression/seed_52/endpoint_replays.json
yellow_trip_hourly,sahp,52,64,quantity,3,"[7, 686, 1562, 3449]","(1562,3449]",301,225.16351683353665,322.9007115397147,2.1136176612132035e-08,31383725.723369066,search_artifacts/local_detail_replication_5080_20260924_v1/monitor/20260925T204245Z/terminal_5080/run/yellow_trip_hourly/seed_52/runs/sahp/count_only_log_regression/seed_52/endpoint_replays.json
yellow_trip_hourly,sahp,52,64,quantity,4,"[7, 686, 1562, 3449]",>3449,79,541.3452982842168,767.5857475984777,8.825639277833172e-10,46545842.51338881,search_artifacts/local_detail_replication_5080_20260924_v1/monitor/20260925T204245Z/terminal_5080/run/yellow_trip_hourly/seed_52/runs/sahp/count_only_log_regression/seed_52/endpoint_replays.json
yellow_trip_hourly,sahp,52,64,history,0,"[64, 128]",<=64,1241,0.48677845999274305,0.8488628785279585,2.380199484874074,894.2251194995795,search_artifacts/local_detail_replication_5080_20260924_v1/monitor/20260925T204245Z/terminal_5080/run/yellow_trip_hourly/seed_52/runs/sahp/count_only_log_regression/seed_52/endpoint_replays.json
yellow_trip_hourly,sahp,52,64,history,1,"[64, 128]","(64,128]",1475,1.156562974574202,2.446733784511308,1.0410133530824413,8830.096663096816,search_artifacts/local_detail_replication_5080_20260924_v1/monitor/20260925T204245Z/terminal_5080/run/yellow_trip_hourly/seed_52/runs/sahp/count_only_log_regression/seed_52/endpoint_replays.json
yellow_trip_hourly,sahp,52,64,history,2,"[64, 128]",>128,5552,49.841080780524855,144.48423576658942,0.21954884726916035,115901855.22582757,search_artifacts/local_detail_replication_5080_20260924_v1/monitor/20260925T204245Z/terminal_5080/run/yellow_trip_hourly/seed_52/runs/sahp/count_only_log_regression/seed_52/endpoint_replays.json
yellow_trip_hourly,sahp,62,61,quantity,0,"[7, 686, 1562, 3449]",<=7,4364,3.902102270331763,24.429225173071764,1.3061394404704505,2604378.6537171905,search_artifacts/local_detail_replication_5080_20260924_v1/monitor/20260925T204245Z/terminal_5080/run/yellow_trip_hourly/seed_62/runs/sahp/count_only_log_regression/seed_62/endpoint_replays.json
yellow_trip_hourly,sahp,62,61,quantity,1,"[7, 686, 1562, 3449]","(7,686]",3138,33.462586277871466,96.20676979622952,0.016832821021637422,29044520.13641231,search_artifacts/local_detail_replication_5080_20260924_v1/monitor/20260925T204245Z/terminal_5080/run/yellow_trip_hourly/seed_62/runs/sahp/count_only_log_regression/seed_62/endpoint_replays.json
yellow_trip_hourly,sahp,62,61,quantity,2,"[7, 686, 1562, 3449]","(686,1562]",386,148.05516328959885,234.54926573457368,2.280872681753243e-06,21235156.20985828,search_artifacts/local_detail_replication_5080_20260924_v1/monitor/20260925T204245Z/terminal_5080/run/yellow_trip_hourly/seed_62/runs/sahp/count_only_log_regression/seed_62/endpoint_replays.json
yellow_trip_hourly,sahp,62,61,quantity,3,"[7, 686, 1562, 3449]","(1562,3449]",301,213.72115531237023,294.59698597341804,9.234388424700176e-06,26123002.627531305,search_artifacts/local_detail_replication_5080_20260924_v1/monitor/20260925T204245Z/terminal_5080/run/yellow_trip_hourly/seed_62/runs/sahp/count_only_log_regression/seed_62/endpoint_replays.json
yellow_trip_hourly,sahp,62,61,quantity,4,"[7, 686, 1562, 3449]",>3449,79,544.0760080844541,753.1198507017612,3.532387234237293e-05,44807971.2521624,search_artifacts/local_detail_replication_5080_20260924_v1/monitor/20260925T204245Z/terminal_5080/run/yellow_trip_hourly/seed_62/runs/sahp/count_only_log_regression/seed_62/endpoint_replays.json
yellow_trip_hourly,sahp,62,61,history,0,"[64, 128]",<=64,1241,0.48644451803012206,0.8470556761339787,2.371843944724686,890.4216182222525,search_artifacts/local_detail_replication_5080_20260924_v1/monitor/20260925T204245Z/terminal_5080/run/yellow_trip_hourly/seed_62/runs/sahp/count_only_log_regression/seed_62/endpoint_replays.json
yellow_trip_hourly,sahp,62,61,history,1,"[64, 128]","(64,128]",1475,1.159612868842432,2.2753165753779587,1.0895117104213692,7636.171639329783,search_artifacts/local_detail_replication_5080_20260924_v1/monitor/20260925T204245Z/terminal_5080/run/yellow_trip_hourly/seed_62/runs/sahp/count_only_log_regression/seed_62/endpoint_replays.json
yellow_trip_hourly,sahp,62,61,history,2,"[64, 128]",>128,5552,51.18545187981826,149.32997707918918,0.2165584028922505,123806502.28642392,search_artifacts/local_detail_replication_5080_20260924_v1/monitor/20260925T204245Z/terminal_5080/run/yellow_trip_hourly/seed_62/runs/sahp/count_only_log_regression/seed_62/endpoint_replays.json
yellow_trip_hourly,s2p2_matched_head,42,70,quantity,0,"[7, 686, 1562, 3449]",<=7,4364,1.6177804954110975,4.174095629679934,1.3017096484115296,76034.2963574121,search_artifacts/titantpp_additional_tpp_20260930_v1/retrieved/terminal_5080_20261001_v1/original/run/yellow_trip_hourly__42__s2p2_matched_head/runs/s2p2_matched_head/count_only_log_regression/seed_42/endpoint_replays.json
yellow_trip_hourly,s2p2_matched_head,42,70,quantity,1,"[7, 686, 1562, 3449]","(7,686]",3138,26.57339788611487,49.20321830100465,0.015234888660503612,7596962.096911288,search_artifacts/titantpp_additional_tpp_20260930_v1/retrieved/terminal_5080_20261001_v1/original/run/yellow_trip_hourly__42__s2p2_matched_head/runs/s2p2_matched_head/count_only_log_regression/seed_42/endpoint_replays.json
yellow_trip_hourly,s2p2_matched_head,42,70,quantity,2,"[7, 686, 1562, 3449]","(686,1562]",386,149.5999077515281,192.34202645188907,3.0525929948102383e-12,14280245.683893008,search_artifacts/titantpp_additional_tpp_20260930_v1/retrieved/terminal_5080_20261001_v1/original/run/yellow_trip_hourly__42__s2p2_matched_head/runs/s2p2_matched_head/count_only_log_regression/seed_42/endpoint_replays.json
yellow_trip_hourly,s2p2_matched_head,42,70,quantity,3,"[7, 686, 1562, 3449]","(1562,3449]",301,298.9957810715583,393.06810360234897,1.9713700636098207e-14,46505262.75493364,search_artifacts/titantpp_additional_tpp_20260930_v1/retrieved/terminal_5080_20261001_v1/original/run/yellow_trip_hourly__42__s2p2_matched_head/runs/s2p2_matched_head/count_only_log_regression/seed_42/endpoint_replays.json
yellow_trip_hourly,s2p2_matched_head,42,70,quantity,4,"[7, 686, 1562, 3449]",>3449,79,401.5699941900712,523.8431613921329,4.868122094362007e-15,21678520.961247027,search_artifacts/titantpp_additional_tpp_20260930_v1/retrieved/terminal_5080_20261001_v1/original/run/yellow_trip_hourly__42__s2p2_matched_head/runs/s2p2_matched_head/count_only_log_regression/seed_42/endpoint_replays.json
yellow_trip_hourly,s2p2_matched_head,42,70,history,0,"[64, 128]",<=64,1241,0.4629223084949275,0.922127307383805,2.3321032009081932,1055.2455948394268,search_artifacts/titantpp_additional_tpp_20260930_v1/retrieved/terminal_5080_20261001_v1/original/run/yellow_trip_hourly__42__s2p2_matched_head/runs/s2p2_matched_head/count_only_log_regression/seed_42/endpoint_replays.json
yellow_trip_hourly,s2p2_matched_head,42,70,history,1,"[64, 128]","(64,128]",1475,1.3184457991890988,3.4456755009578437,1.0799102875276247,17512.202495404104,search_artifacts/titantpp_additional_tpp_20260930_v1/retrieved/terminal_5080_20261001_v1/original/run/yellow_trip_hourly__42__s2p2_matched_head/runs/s2p2_matched_head/count_only_log_regression/seed_42/endpoint_replays.json
yellow_trip_hourly,s2p2_matched_head,42,70,history,2,"[64, 128]",>128,5552,48.16200406080708,127.4037314879572,0.22360595098260896,90118458.34525213,search_artifacts/titantpp_additional_tpp_20260930_v1/retrieved/terminal_5080_20261001_v1/original/run/yellow_trip_hourly__42__s2p2_matched_head/runs/s2p2_matched_head/count_only_log_regression/seed_42/endpoint_replays.json
yellow_trip_hourly,s2p2_matched_head,52,50,quantity,0,"[7, 686, 1562, 3449]",<=7,4364,1.4963043587509368,3.667901483255358,1.236713877626577,58711.07963334296,search_artifacts/titantpp_additional_tpp_20260930_v1/retrieved/terminal_5080_20261001_v1/original/run/yellow_trip_hourly__52__s2p2_matched_head/runs/s2p2_matched_head/count_only_log_regression/seed_52/endpoint_replays.json
yellow_trip_hourly,s2p2_matched_head,52,50,quantity,1,"[7, 686, 1562, 3449]","(7,686]",3138,30.42193578488512,64.94380528597563,0.01404996688086021,13235135.83768128,search_artifacts/titantpp_additional_tpp_20260930_v1/retrieved/terminal_5080_20261001_v1/original/run/yellow_trip_hourly__52__s2p2_matched_head/runs/s2p2_matched_head/count_only_log_regression/seed_52/endpoint_replays.json
yellow_trip_hourly,s2p2_matched_head,52,50,quantity,2,"[7, 686, 1562, 3449]","(686,1562]",386,159.1672689012913,204.91245425450325,6.386874335383178e-13,16207797.9687211,search_artifacts/titantpp_additional_tpp_20260930_v1/retrieved/terminal_5080_20261001_v1/original/run/yellow_trip_hourly__52__s2p2_matched_head/runs/s2p2_matched_head/count_only_log_regression/seed_52/endpoint_replays.json
yellow_trip_hourly,s2p2_matched_head,52,50,quantity,3,"[7, 686, 1562, 3449]","(1562,3449]",301,269.1534715823557,364.42141627877743,7.630560654747355e-24,39973693.56143163,search_artifacts/titantpp_additional_tpp_20260930_v1/retrieved/terminal_5080_20261001_v1/original/run/yellow_trip_hourly__52__s2p2_matched_head/runs/s2p2_matched_head/count_only_log_regression/seed_52/endpoint_replays.json
yellow_trip_hourly,s2p2_matched_head,52,50,quantity,4,"[7, 686, 1562, 3449]",>3449,79,428.8048203866693,552.8675833511364,2.715420957466594e-30,24147342.612921536,search_artifacts/titantpp_additional_tpp_20260930_v1/retrieved/terminal_5080_20261001_v1/original/run/yellow_trip_hourly__52__s2p2_matched_head/runs/s2p2_matched_head/count_only_log_regression/seed_52/endpoint_replays.json
yellow_trip_hourly,s2p2_matched_head,52,50,history,0,"[64, 128]",<=64,1241,0.4594109518022714,0.9127797046137058,2.345516018341202,1033.959985340963,search_artifacts/titantpp_additional_tpp_20260930_v1/retrieved/terminal_5080_20261001_v1/original/run/yellow_trip_hourly__52__s2p2_matched_head/runs/s2p2_matched_head/count_only_log_regression/seed_52/endpoint_replays.json
yellow_trip_hourly,s2p2_matched_head,52,50,history,1,"[64, 128]","(64,128]",1475,1.200475457442009,2.774792529668642,1.0671231869431141,11356.72353448973,search_artifacts/titantpp_additional_tpp_20260930_v1/retrieved/terminal_5080_20261001_v1/original/run/yellow_trip_hourly__52__s2p2_matched_head/runs/s2p2_matched_head/count_only_log_regression/seed_52/endpoint_replays.json
yellow_trip_hourly,s2p2_matched_head,52,50,history,2,"[64, 128]",>128,5552,49.70864877096171,129.84853899604434,0.1722471323004758,93610290.37686904,search_artifacts/titantpp_additional_tpp_20260930_v1/retrieved/terminal_5080_20261001_v1/original/run/yellow_trip_hourly__52__s2p2_matched_head/runs/s2p2_matched_head/count_only_log_regression/seed_52/endpoint_replays.json
yellow_trip_hourly,s2p2_matched_head,62,22,quantity,0,"[7, 686, 1562, 3449]",<=7,4364,1.4426788292572543,3.9114412752658816,1.2147752339076983,66766.46311676105,search_artifacts/titantpp_additional_tpp_20260930_v1/retrieved/terminal_5080_20261001_v1/original/run/yellow_trip_hourly__62__s2p2_matched_head/runs/s2p2_matched_head/count_only_log_regression/seed_62/endpoint_replays.json
yellow_trip_hourly,s2p2_matched_head,62,22,quantity,1,"[7, 686, 1562, 3449]","(7,686]",3138,27.10881662319389,51.67675886563629,0.013632652797020823,8379989.482717638,search_artifacts/titantpp_additional_tpp_20260930_v1/retrieved/terminal_5080_20261001_v1/original/run/yellow_trip_hourly__62__s2p2_matched_head/runs/s2p2_matched_head/count_only_log_regression/seed_62/endpoint_replays.json
yellow_trip_hourly,s2p2_matched_head,62,22,quantity,2,"[7, 686, 1562, 3449]","(686,1562]",386,146.97493613445698,190.94020859615674,4.889640053333198e-16,14072851.017875127,search_artifacts/titantpp_additional_tpp_20260930_v1/retrieved/terminal_5080_20261001_v1/original/run/yellow_trip_hourly__62__s2p2_matched_head/runs/s2p2_matched_head/count_only_log_regression/seed_62/endpoint_replays.json
yellow_trip_hourly,s2p2_matched_head,62,22,quantity,3,"[7, 686, 1562, 3449]","(1562,3449]",301,278.49051704280004,372.4478878031609,3.042025549939258e-34,41753946.16783981,search_artifacts/titantpp_additional_tpp_20260930_v1/retrieved/terminal_5080_20261001_v1/original/run/yellow_trip_hourly__62__s2p2_matched_head/runs/s2p2_matched_head/count_only_log_regression/seed_62/endpoint_replays.json
yellow_trip_hourly,s2p2_matched_head,62,22,quantity,4,"[7, 686, 1562, 3449]",>3449,79,493.0003059483782,642.284976667322,6.7939819607991205e-49,32589869.30895084,search_artifacts/titantpp_additional_tpp_20260930_v1/retrieved/terminal_5080_20261001_v1/original/run/yellow_trip_hourly__62__s2p2_matched_head/runs/s2p2_matched_head/count_only_log_regression/seed_62/endpoint_replays.json
yellow_trip_hourly,s2p2_matched_head,62,22,history,0,"[64, 128]",<=64,1241,0.44315381452597313,0.8865734357055441,2.328773451005075,975.4414590113271,search_artifacts/titantpp_additional_tpp_20260930_v1/retrieved/terminal_5080_20261001_v1/original/run/yellow_trip_hourly__62__s2p2_matched_head/runs/s2p2_matched_head/count_only_log_regression/seed_62/endpoint_replays.json
yellow_trip_hourly,s2p2_matched_head,62,22,history,1,"[64, 128]","(64,128]",1475,1.2581067541898308,3.1630564829090724,1.0687470862636732,14757.266313257836,search_artifacts/titantpp_additional_tpp_20260930_v1/retrieved/terminal_5080_20261001_v1/original/run/yellow_trip_hourly__62__s2p2_matched_head/runs/s2p2_matched_head/count_only_log_regression/seed_62/endpoint_replays.json
yellow_trip_hourly,s2p2_matched_head,62,22,history,2,"[64, 128]",>128,5552,48.35422384292317,132.07478241779341,0.15807791432169097,96847689.7327279,search_artifacts/titantpp_additional_tpp_20260930_v1/retrieved/terminal_5080_20261001_v1/original/run/yellow_trip_hourly__62__s2p2_matched_head/runs/s2p2_matched_head/count_only_log_regression/seed_62/endpoint_replays.json
yellow_trip_hourly,attnhp_matched_head,42,59,quantity,0,"[7, 686, 1562, 3449]",<=7,4364,2.1121165626618317,8.936219124050675,1.2552863708711215,348491.63738502585,search_artifacts/titantpp_additional_tpp_20260930_v1/retrieved/terminal_5080_20261001_v1/original/run/yellow_trip_hourly__42__attnhp_matched_head/runs/attnhp_matched_head/count_only_log_regression/seed_42/endpoint_replays.json
yellow_trip_hourly,attnhp_matched_head,42,59,quantity,1,"[7, 686, 1562, 3449]","(7,686]",3138,35.76412669331348,108.21309692567054,0.016109235171181895,36746213.29851545,search_artifacts/titantpp_additional_tpp_20260930_v1/retrieved/terminal_5080_20261001_v1/original/run/yellow_trip_hourly__42__attnhp_matched_head/runs/attnhp_matched_head/count_only_log_regression/seed_42/endpoint_replays.json
yellow_trip_hourly,attnhp_matched_head,42,59,quantity,2,"[7, 686, 1562, 3449]","(686,1562]",386,189.03079579407688,329.809492696254,4.7557651106272255e-07,41986880.36840832,search_artifacts/titantpp_additional_tpp_20260930_v1/retrieved/terminal_5080_20261001_v1/original/run/yellow_trip_hourly__42__attnhp_matched_head/runs/attnhp_matched_head/count_only_log_regression/seed_42/endpoint_replays.json
yellow_trip_hourly,attnhp_matched_head,42,59,quantity,3,"[7, 686, 1562, 3449]","(1562,3449]",301,237.1545142493771,371.5698835553525,5.167987108633261e-09,41557317.6879668,search_artifacts/titantpp_additional_tpp_20260930_v1/retrieved/terminal_5080_20261001_v1/original/run/yellow_trip_hourly__42__attnhp_matched_head/runs/attnhp_matched_head/count_only_log_regression/seed_42/endpoint_replays.json
yellow_trip_hourly,attnhp_matched_head,42,59,quantity,4,"[7, 686, 1562, 3449]",>3449,79,505.2471939280063,651.5477875783082,1.091272665924502e-13,33536647.040356874,search_artifacts/titantpp_additional_tpp_20260930_v1/retrieved/terminal_5080_20261001_v1/original/run/yellow_trip_hourly__42__attnhp_matched_head/runs/attnhp_matched_head/count_only_log_regression/seed_42/endpoint_replays.json
yellow_trip_hourly,attnhp_matched_head,42,59,history,0,"[64, 128]",<=64,1241,0.4863206080425948,0.8525360887774828,2.3496399053880364,901.9808682909978,search_artifacts/titantpp_additional_tpp_20260930_v1/retrieved/terminal_5080_20261001_v1/original/run/yellow_trip_hourly__42__attnhp_matched_head/runs/attnhp_matched_head/count_only_log_regression/seed_42/endpoint_replays.json
yellow_trip_hourly,attnhp_matched_head,42,59,history,1,"[64, 128]","(64,128]",1475,1.216591871552548,2.9339926519310633,1.0731119458442246,12697.261500338574,search_artifacts/titantpp_additional_tpp_20260930_v1/retrieved/terminal_5080_20261001_v1/original/run/yellow_trip_hourly__42__attnhp_matched_head/runs/attnhp_matched_head/count_only_log_regression/seed_42/endpoint_replays.json
yellow_trip_hourly,attnhp_matched_head,42,59,history,2,"[64, 128]",>128,5552,54.63094986380435,166.63409606773092,0.18549665793769196,154161950.79026386,search_artifacts/titantpp_additional_tpp_20260930_v1/retrieved/terminal_5080_20261001_v1/original/run/yellow_trip_hourly__42__attnhp_matched_head/runs/attnhp_matched_head/count_only_log_regression/seed_42/endpoint_replays.json
yellow_trip_hourly,attnhp_matched_head,52,156,quantity,0,"[7, 686, 1562, 3449]",<=7,4364,3.0002298931481093,14.669823740390074,1.327711169214696,939149.0714974257,search_artifacts/titantpp_additional_tpp_20260930_v1/retrieved/terminal_5080_20261001_v1/original/run/yellow_trip_hourly__52__attnhp_matched_head/runs/attnhp_matched_head/count_only_log_regression/seed_52/endpoint_replays.json
yellow_trip_hourly,attnhp_matched_head,52,156,quantity,1,"[7, 686, 1562, 3449]","(7,686]",3138,35.528301908682685,98.21639721631722,0.017690297152201447,30270593.620597377,search_artifacts/titantpp_additional_tpp_20260930_v1/retrieved/terminal_5080_20261001_v1/original/run/yellow_trip_hourly__52__attnhp_matched_head/runs/attnhp_matched_head/count_only_log_regression/seed_52/endpoint_replays.json
yellow_trip_hourly,attnhp_matched_head,52,156,quantity,2,"[7, 686, 1562, 3449]","(686,1562]",386,182.67802966814585,297.76970408035686,3.549461242313209e-10,34225383.51388787,search_artifacts/titantpp_additional_tpp_20260930_v1/retrieved/terminal_5080_20261001_v1/original/run/yellow_trip_hourly__52__attnhp_matched_head/runs/attnhp_matched_head/count_only_log_regression/seed_52/endpoint_replays.json
yellow_trip_hourly,attnhp_matched_head,52,156,quantity,3,"[7, 686, 1562, 3449]","(1562,3449]",301,250.16695305200113,365.99211052718016,9.031495476545421e-13,40319017.71541004,search_artifacts/titantpp_additional_tpp_20260930_v1/retrieved/terminal_5080_20261001_v1/original/run/yellow_trip_hourly__52__attnhp_matched_head/runs/attnhp_matched_head/count_only_log_regression/seed_52/endpoint_replays.json
yellow_trip_hourly,attnhp_matched_head,52,156,quantity,4,"[7, 686, 1562, 3449]",>3449,79,433.23624468453323,572.5588953143463,6.093310878638527e-15,25898071.399683177,search_artifacts/titantpp_additional_tpp_20260930_v1/retrieved/terminal_5080_20261001_v1/original/run/yellow_trip_hourly__52__attnhp_matched_head/runs/attnhp_matched_head/count_only_log_regression/seed_52/endpoint_replays.json
yellow_trip_hourly,attnhp_matched_head,52,156,history,0,"[64, 128]",<=64,1241,0.5768522773415307,0.8310154034351591,2.372960417995342,857.0179715264069,search_artifacts/titantpp_additional_tpp_20260930_v1/retrieved/terminal_5080_20261001_v1/original/run/yellow_trip_hourly__52__attnhp_matched_head/runs/attnhp_matched_head/count_only_log_regression/seed_52/endpoint_replays.json
yellow_trip_hourly,attnhp_matched_head,52,156,history,1,"[64, 128]","(64,128]",1475,1.2460036385261406,2.8014794239669056,1.0644373346298197,11576.223270292168,search_artifacts/titantpp_additional_tpp_20260930_v1/retrieved/terminal_5080_20261001_v1/original/run/yellow_trip_hourly__52__attnhp_matched_head/runs/attnhp_matched_head/count_only_log_regression/seed_52/endpoint_replays.json
yellow_trip_hourly,attnhp_matched_head,52,156,history,2,"[64, 128]",>128,5552,54.40683019646478,153.98160730755833,0.24040971681243203,131639782.07983406,search_artifacts/titantpp_additional_tpp_20260930_v1/retrieved/terminal_5080_20261001_v1/original/run/yellow_trip_hourly__52__attnhp_matched_head/runs/attnhp_matched_head/count_only_log_regression/seed_52/endpoint_replays.json
yellow_trip_hourly,attnhp_matched_head,62,38,quantity,0,"[7, 686, 1562, 3449]",<=7,4364,2.31586794807865,10.262572750519382,1.2884902815481465,459618.22324214363,search_artifacts/titantpp_additional_tpp_20260930_v1/retrieved/terminal_5080_20261001_v1/original/run/yellow_trip_hourly__62__attnhp_matched_head/runs/attnhp_matched_head/count_only_log_regression/seed_62/endpoint_replays.json
yellow_trip_hourly,attnhp_matched_head,62,38,quantity,1,"[7, 686, 1562, 3449]","(7,686]",3138,33.049623049012105,92.49455980365215,0.017500498598779203,26846354.39568561,search_artifacts/titantpp_additional_tpp_20260930_v1/retrieved/terminal_5080_20261001_v1/original/run/yellow_trip_hourly__62__attnhp_matched_head/runs/attnhp_matched_head/count_only_log_regression/seed_62/endpoint_replays.json
yellow_trip_hourly,attnhp_matched_head,62,38,quantity,2,"[7, 686, 1562, 3449]","(686,1562]",386,174.94954044954764,287.83942631436724,1.6931357948661e-07,31980692.64161985,search_artifacts/titantpp_additional_tpp_20260930_v1/retrieved/terminal_5080_20261001_v1/original/run/yellow_trip_hourly__62__attnhp_matched_head/runs/attnhp_matched_head/count_only_log_regression/seed_62/endpoint_replays.json
yellow_trip_hourly,attnhp_matched_head,62,38,quantity,3,"[7, 686, 1562, 3449]","(1562,3449]",301,237.66581690588663,356.411288947434,2.4450501186570897e-09,38235731.073640555,search_artifacts/titantpp_additional_tpp_20260930_v1/retrieved/terminal_5080_20261001_v1/original/run/yellow_trip_hourly__62__attnhp_matched_head/runs/attnhp_matched_head/count_only_log_regression/seed_62/endpoint_replays.json
yellow_trip_hourly,attnhp_matched_head,62,38,quantity,4,"[7, 686, 1562, 3449]",>3449,79,370.39671615407434,488.655004350492,1.0034560785063003e-12,18863913.34886557,search_artifacts/titantpp_additional_tpp_20260930_v1/retrieved/terminal_5080_20261001_v1/original/run/yellow_trip_hourly__62__attnhp_matched_head/runs/attnhp_matched_head/count_only_log_regression/seed_62/endpoint_replays.json
yellow_trip_hourly,attnhp_matched_head,62,38,history,0,"[64, 128]",<=64,1241,0.5522735794161137,0.8206509954459758,2.3680608523258577,835.7738579011506,search_artifacts/titantpp_additional_tpp_20260930_v1/retrieved/terminal_5080_20261001_v1/original/run/yellow_trip_hourly__62__attnhp_matched_head/runs/attnhp_matched_head/count_only_log_regression/seed_62/endpoint_replays.json
yellow_trip_hourly,attnhp_matched_head,62,38,history,1,"[64, 128]","(64,128]",1475,1.2647038574542029,3.366428021519458,1.0525746677880727,16715.935495505335,search_artifacts/titantpp_additional_tpp_20260930_v1/retrieved/terminal_5080_20261001_v1/original/run/yellow_trip_hourly__62__attnhp_matched_head/runs/attnhp_matched_head/count_only_log_regression/seed_62/endpoint_replays.json
yellow_trip_hourly,attnhp_matched_head,62,38,history,2,"[64, 128]",>128,5552,50.3592631898026,144.77496572721026,0.2137206532144025,116368757.97370034,search_artifacts/titantpp_additional_tpp_20260930_v1/retrieved/terminal_5080_20261001_v1/original/run/yellow_trip_hourly__62__attnhp_matched_head/runs/attnhp_matched_head/count_only_log_regression/seed_62/endpoint_replays.json
intermittent_frozen_5000,titantpp_history_mlp,42,10,quantity,0,"[2, 31, 46, 187]",<=2,45036,0.10371378960686939,0.19697535805364608,0.5697316532356893,1747.3649001167867,search_artifacts/titantpp_core_ablation_20260928_v1/monitor/20260928T195732Z/terminal_5080/run/intermittent_frozen_5000/seed_42/runs/titantpp_history_mlp/count_only_log_regression/seed_42/endpoint_replays.json
intermittent_frozen_5000,titantpp_history_mlp,42,10,quantity,1,"[2, 31, 46, 187]","(2,31]",29579,0.8607874993253638,1.481538554421293,0.08813300365472872,64924.61796555436,search_artifacts/titantpp_core_ablation_20260928_v1/monitor/20260928T195732Z/terminal_5080/run/intermittent_frozen_5000/seed_42/runs/titantpp_history_mlp/count_only_log_regression/seed_42/endpoint_replays.json
intermittent_frozen_5000,titantpp_history_mlp,42,10,quantity,2,"[2, 31, 46, 187]","(31,46]",7124,1.3782056926810828,2.1539233618425433,0.1857547143108766,33050.98478607528,search_artifacts/titantpp_core_ablation_20260928_v1/monitor/20260928T195732Z/terminal_5080/run/intermittent_frozen_5000/seed_42/runs/titantpp_history_mlp/count_only_log_regression/seed_42/endpoint_replays.json
intermittent_frozen_5000,titantpp_history_mlp,42,10,quantity,3,"[2, 31, 46, 187]","(46,187]",3405,2.6792428603431375,3.8735642955221303,0.08909955170316773,51090.32369700683,search_artifacts/titantpp_core_ablation_20260928_v1/monitor/20260928T195732Z/terminal_5080/run/intermittent_frozen_5000/seed_42/runs/titantpp_history_mlp/count_only_log_regression/seed_42/endpoint_replays.json
intermittent_frozen_5000,titantpp_history_mlp,42,10,quantity,4,"[2, 31, 46, 187]",>187,1141,5.274322121943642,7.499710178737107,0.030348854621693837,64176.28980492544,search_artifacts/titantpp_core_ablation_20260928_v1/monitor/20260928T195732Z/terminal_5080/run/intermittent_frozen_5000/seed_42/runs/titantpp_history_mlp/count_only_log_regression/seed_42/endpoint_replays.json
intermittent_frozen_5000,titantpp_history_mlp,42,10,history,0,"[64, 128]",<=64,25088,0.781897975243533,1.350149974516054,0.17141121846981328,45733.039478066865,search_artifacts/titantpp_core_ablation_20260928_v1/monitor/20260928T195732Z/terminal_5080/run/intermittent_frozen_5000/seed_42/runs/titantpp_history_mlp/count_only_log_regression/seed_42/endpoint_replays.json
intermittent_frozen_5000,titantpp_history_mlp,42,10,history,1,"[64, 128]","(64,128]",28456,1.0581370254526623,2.369106322685477,0.3363158613076838,159713.98864356638,search_artifacts/titantpp_core_ablation_20260928_v1/monitor/20260928T195732Z/terminal_5080/run/intermittent_frozen_5000/seed_42/runs/titantpp_history_mlp/count_only_log_regression/seed_42/endpoint_replays.json
intermittent_frozen_5000,titantpp_history_mlp,42,10,history,2,"[64, 128]",>128,32741,0.1638509791196148,0.5398664277515764,0.49039677020576444,9542.553032045556,search_artifacts/titantpp_core_ablation_20260928_v1/monitor/20260928T195732Z/terminal_5080/run/intermittent_frozen_5000/seed_42/runs/titantpp_history_mlp/count_only_log_regression/seed_42/endpoint_replays.json
intermittent_frozen_5000,titantpp_history_mlp,52,8,quantity,0,"[2, 31, 46, 187]",<=2,45036,0.19446033507900515,0.3350395133001853,0.6832379760657457,5055.357449376133,search_artifacts/titantpp_core_ablation_20260928_v1/monitor/20260928T195732Z/terminal_5080/run/intermittent_frozen_5000/seed_52/runs/titantpp_history_mlp/count_only_log_regression/seed_52/endpoint_replays.json
intermittent_frozen_5000,titantpp_history_mlp,52,8,quantity,1,"[2, 31, 46, 187]","(2,31]",29579,0.898610198008909,1.4824774869478408,0.08938646690096787,65006.93665000723,search_artifacts/titantpp_core_ablation_20260928_v1/monitor/20260928T195732Z/terminal_5080/run/intermittent_frozen_5000/seed_52/runs/titantpp_history_mlp/count_only_log_regression/seed_52/endpoint_replays.json
intermittent_frozen_5000,titantpp_history_mlp,52,8,quantity,2,"[2, 31, 46, 187]","(31,46]",7124,1.418773977225045,2.19798712946991,0.23617237126754909,34417.094229450726,search_artifacts/titantpp_core_ablation_20260928_v1/monitor/20260928T195732Z/terminal_5080/run/intermittent_frozen_5000/seed_52/runs/titantpp_history_mlp/count_only_log_regression/seed_52/endpoint_replays.json
intermittent_frozen_5000,titantpp_history_mlp,52,8,quantity,3,"[2, 31, 46, 187]","(46,187]",3405,3.0933086809782906,4.4348565786189145,0.034704699377648696,66969.37953229077,search_artifacts/titantpp_core_ablation_20260928_v1/monitor/20260928T195732Z/terminal_5080/run/intermittent_frozen_5000/seed_52/runs/titantpp_history_mlp/count_only_log_regression/seed_52/endpoint_replays.json
intermittent_frozen_5000,titantpp_history_mlp,52,8,quantity,4,"[2, 31, 46, 187]",>187,1141,6.708037594553674,8.558745950140601,2.262574962798237e-13,83580.68288475391,search_artifacts/titantpp_core_ablation_20260928_v1/monitor/20260928T195732Z/terminal_5080/run/intermittent_frozen_5000/seed_52/runs/titantpp_history_mlp/count_only_log_regression/seed_52/endpoint_replays.json
intermittent_frozen_5000,titantpp_history_mlp,52,8,history,0,"[64, 128]",<=64,25088,0.8315968723630305,1.3937865548165966,0.1599980684904344,48736.97641420205,search_artifacts/titantpp_core_ablation_20260928_v1/monitor/20260928T195732Z/terminal_5080/run/intermittent_frozen_5000/seed_52/runs/titantpp_history_mlp/count_only_log_regression/seed_52/endpoint_replays.json
intermittent_frozen_5000,titantpp_history_mlp,52,8,history,1,"[64, 128]","(64,128]",28456,1.1991093783820819,2.6335361266998136,0.3101614492242799,197356.94457169427,search_artifacts/titantpp_core_ablation_20260928_v1/monitor/20260928T195732Z/terminal_5080/run/intermittent_frozen_5000/seed_52/runs/titantpp_history_mlp/count_only_log_regression/seed_52/endpoint_replays.json
intermittent_frozen_5000,titantpp_history_mlp,52,8,history,2,"[64, 128]",>128,32741,0.26409335879500956,0.5224132493208364,0.6833921849496858,8935.529759982412,search_artifacts/titantpp_core_ablation_20260928_v1/monitor/20260928T195732Z/terminal_5080/run/intermittent_frozen_5000/seed_52/runs/titantpp_history_mlp/count_only_log_regression/seed_52/endpoint_replays.json
intermittent_frozen_5000,titantpp_history_mlp,62,16,quantity,0,"[2, 31, 46, 187]",<=2,45036,0.14803550380411723,0.2542792778479225,0.5179248210153737,2911.9354876698862,search_artifacts/titantpp_core_ablation_20260928_v1/monitor/20260928T195732Z/terminal_5080/run/intermittent_frozen_5000/seed_62/runs/titantpp_history_mlp/count_only_log_regression/seed_62/endpoint_replays.json
intermittent_frozen_5000,titantpp_history_mlp,62,16,quantity,1,"[2, 31, 46, 187]","(2,31]",29579,0.9299745216117822,1.4865498986617625,0.09020731940275609,65364.579353228924,search_artifacts/titantpp_core_ablation_20260928_v1/monitor/20260928T195732Z/terminal_5080/run/intermittent_frozen_5000/seed_62/runs/titantpp_history_mlp/count_only_log_regression/seed_62/endpoint_replays.json
intermittent_frozen_5000,titantpp_history_mlp,62,16,quantity,2,"[2, 31, 46, 187]","(31,46]",7124,1.5422012761762343,2.2646709381936927,0.12049605802132432,36537.104280922795,search_artifacts/titantpp_core_ablation_20260928_v1/monitor/20260928T195732Z/terminal_5080/run/intermittent_frozen_5000/seed_62/runs/titantpp_history_mlp/count_only_log_regression/seed_62/endpoint_replays.json
intermittent_frozen_5000,titantpp_history_mlp,62,16,quantity,3,"[2, 31, 46, 187]","(46,187]",3405,3.128887859910245,4.477388610829888,1.2358691708069953,68260.06486998523,search_artifacts/titantpp_core_ablation_20260928_v1/monitor/20260928T195732Z/terminal_5080/run/intermittent_frozen_5000/seed_62/runs/titantpp_history_mlp/count_only_log_regression/seed_62/endpoint_replays.json
intermittent_frozen_5000,titantpp_history_mlp,62,16,quantity,4,"[2, 31, 46, 187]",>187,1141,5.955998332953892,8.508939883642235,28.464622435601104,82610.74811346224,search_artifacts/titantpp_core_ablation_20260928_v1/monitor/20260928T195732Z/terminal_5080/run/intermittent_frozen_5000/seed_62/runs/titantpp_history_mlp/count_only_log_regression/seed_62/endpoint_replays.json
intermittent_frozen_5000,titantpp_history_mlp,62,16,history,0,"[64, 128]",<=64,25088,0.8495659789270056,1.4087408680860922,0.14170148051520276,49788.411308739516,search_artifacts/titantpp_core_ablation_20260928_v1/monitor/20260928T195732Z/terminal_5080/run/intermittent_frozen_5000/seed_62/runs/titantpp_history_mlp/count_only_log_regression/seed_62/endpoint_replays.json
intermittent_frozen_5000,titantpp_history_mlp,62,16,history,1,"[64, 128]","(64,128]",28456,1.1594858134470698,2.521513390850818,1.5319838724100214,180924.0954265092,search_artifacts/titantpp_core_ablation_20260928_v1/monitor/20260928T195732Z/terminal_5080/run/intermittent_frozen_5000/seed_62/runs/titantpp_history_mlp/count_only_log_regression/seed_62/endpoint_replays.json
intermittent_frozen_5000,titantpp_history_mlp,62,16,history,2,"[64, 128]",>128,32741,0.2535873336086516,0.8733333487410636,0.5005664874732015,24971.925370020217,search_artifacts/titantpp_core_ablation_20260928_v1/monitor/20260928T195732Z/terminal_5080/run/intermittent_frozen_5000/seed_62/runs/titantpp_history_mlp/count_only_log_regression/seed_62/endpoint_replays.json
intermittent_frozen_5000,rmtpp,42,26,quantity,0,"[2, 31, 46, 187]",<=2,45036,0.07021633006294177,0.1520318790585784,0.44948775991182593,1040.9482441747023,search_artifacts/local_detail_benchmark_intermittent_recovery_20260923_v4/monitor/20260923T235525Z/terminal_5080/run/intermittent_frozen_5000/runs/rmtpp/count_only_log_regression/seed_42/endpoint_replays.json
intermittent_frozen_5000,rmtpp,42,26,quantity,1,"[2, 31, 46, 187]","(2,31]",29579,0.9410911209544028,1.388710757103909,0.0522812211048129,57043.621111220105,search_artifacts/local_detail_benchmark_intermittent_recovery_20260923_v4/monitor/20260923T235525Z/terminal_5080/run/intermittent_frozen_5000/runs/rmtpp/count_only_log_regression/seed_42/endpoint_replays.json
intermittent_frozen_5000,rmtpp,42,26,quantity,2,"[2, 31, 46, 187]","(31,46]",7124,2.054282162712907,2.676335232145507,0.1955289293699303,51027.57543784151,search_artifacts/local_detail_benchmark_intermittent_recovery_20260923_v4/monitor/20260923T235525Z/terminal_5080/run/intermittent_frozen_5000/runs/rmtpp/count_only_log_regression/seed_42/endpoint_replays.json
intermittent_frozen_5000,rmtpp,42,26,quantity,3,"[2, 31, 46, 187]","(46,187]",3405,5.656428282481458,7.143997162969089,0.02931653424396967,173779.94805665786,search_artifacts/local_detail_benchmark_intermittent_recovery_20260923_v4/monitor/20260923T235525Z/terminal_5080/run/intermittent_frozen_5000/runs/rmtpp/count_only_log_regression/seed_42/endpoint_replays.json
intermittent_frozen_5000,rmtpp,42,26,quantity,4,"[2, 31, 46, 187]",>187,1141,11.885746520407674,17.303007313153962,5.055279009718623e-06,341608.6248322069,search_artifacts/local_detail_benchmark_intermittent_recovery_20260923_v4/monitor/20260923T235525Z/terminal_5080/run/intermittent_frozen_5000/runs/rmtpp/count_only_log_regression/seed_42/endpoint_replays.json
intermittent_frozen_5000,rmtpp,42,26,history,0,"[64, 128]",<=64,25088,1.03590596936244,2.1787435698610156,0.12246610485676748,119090.8178520706,search_artifacts/local_detail_benchmark_intermittent_recovery_20260923_v4/monitor/20260923T235525Z/terminal_5080/run/intermittent_frozen_5000/runs/rmtpp/count_only_log_regression/seed_42/endpoint_replays.json
intermittent_frozen_5000,rmtpp,42,26,history,1,"[64, 128]","(64,128]",28456,1.7196687926397687,4.195617109678336,0.2651338842723433,500916.7426052643,search_artifacts/local_detail_benchmark_intermittent_recovery_20260923_v4/monitor/20260923T235525Z/terminal_5080/run/intermittent_frozen_5000/runs/rmtpp/count_only_log_regression/seed_42/endpoint_replays.json
intermittent_frozen_5000,rmtpp,42,26,history,2,"[64, 128]",>128,32741,0.10786396241727643,0.3704502037163578,0.3868316241090176,4493.157224765929,search_artifacts/local_detail_benchmark_intermittent_recovery_20260923_v4/monitor/20260923T235525Z/terminal_5080/run/intermittent_frozen_5000/runs/rmtpp/count_only_log_regression/seed_42/endpoint_replays.json
intermittent_frozen_5000,rmtpp,52,47,quantity,0,"[2, 31, 46, 187]",<=2,45036,0.07810115645596502,0.1587501127679907,0.472891786209008,1134.9791812121778,search_artifacts/local_detail_replication_5080_20260924_v1/monitor/20260925T204245Z/terminal_5080/run/intermittent_frozen_5000/seed_52/runs/rmtpp/count_only_log_regression/seed_52/endpoint_replays.json
intermittent_frozen_5000,rmtpp,52,47,quantity,1,"[2, 31, 46, 187]","(2,31]",29579,1.2599408451968126,1.6407339253657196,0.06102176148438728,79626.8991257509,search_artifacts/local_detail_replication_5080_20260924_v1/monitor/20260925T204245Z/terminal_5080/run/intermittent_frozen_5000/seed_52/runs/rmtpp/count_only_log_regression/seed_52/endpoint_replays.json
intermittent_frozen_5000,rmtpp,52,47,quantity,2,"[2, 31, 46, 187]","(31,46]",7124,1.7070280990193627,2.3930092544006643,0.1271777779129064,40795.538209694816,search_artifacts/local_detail_replication_5080_20260924_v1/monitor/20260925T204245Z/terminal_5080/run/intermittent_frozen_5000/seed_52/runs/rmtpp/count_only_log_regression/seed_52/endpoint_replays.json
intermittent_frozen_5000,rmtpp,52,47,quantity,3,"[2, 31, 46, 187]","(46,187]",3405,4.311310956061499,5.50292371627678,0.026671661422883998,103110.78689948474,search_artifacts/local_detail_replication_5080_20260924_v1/monitor/20260925T204245Z/terminal_5080/run/intermittent_frozen_5000/seed_52/runs/rmtpp/count_only_log_regression/seed_52/endpoint_replays.json
intermittent_frozen_5000,rmtpp,52,47,quantity,4,"[2, 31, 46, 187]",>187,1141,11.47623390779487,15.155357141629189,3.5481458433515653e-07,262070.4139530675,search_artifacts/local_detail_replication_5080_20260924_v1/monitor/20260925T204245Z/terminal_5080/run/intermittent_frozen_5000/seed_52/runs/rmtpp/count_only_log_regression/seed_52/endpoint_replays.json
intermittent_frozen_5000,rmtpp,52,47,history,0,"[64, 128]",<=64,25088,1.20496960213807,2.0635111869560117,0.11498690789075934,106826.67136816017,search_artifacts/local_detail_replication_5080_20260924_v1/monitor/20260925T204245Z/terminal_5080/run/intermittent_frozen_5000/seed_52/runs/rmtpp/count_only_log_regression/seed_52/endpoint_replays.json
intermittent_frozen_5000,rmtpp,52,47,history,1,"[64, 128]","(64,128]",28456,1.6051776688718749,3.5887057625168146,0.2463692320771323,366479.39032456314,search_artifacts/local_detail_replication_5080_20260924_v1/monitor/20260925T204245Z/terminal_5080/run/intermittent_frozen_5000/seed_52/runs/rmtpp/count_only_log_regression/seed_52/endpoint_replays.json
intermittent_frozen_5000,rmtpp,52,47,history,2,"[64, 128]",>128,32741,0.14700851195646678,0.6405209730860112,0.4338130984192672,13432.555676487242,search_artifacts/local_detail_replication_5080_20260924_v1/monitor/20260925T204245Z/terminal_5080/run/intermittent_frozen_5000/seed_52/runs/rmtpp/count_only_log_regression/seed_52/endpoint_replays.json
intermittent_frozen_5000,rmtpp,62,24,quantity,0,"[2, 31, 46, 187]",<=2,45036,0.07094819145893393,0.14971337465348958,0.45366723069221077,1009.4411621599309,search_artifacts/local_detail_replication_5080_20260924_v1/monitor/20260925T204245Z/terminal_5080/run/intermittent_frozen_5000/seed_62/runs/rmtpp/count_only_log_regression/seed_62/endpoint_replays.json
intermittent_frozen_5000,rmtpp,62,24,quantity,1,"[2, 31, 46, 187]","(2,31]",29579,0.8603927567714553,1.2962978857710938,0.06507649480723977,49704.202823794636,search_artifacts/local_detail_replication_5080_20260924_v1/monitor/20260925T204245Z/terminal_5080/run/intermittent_frozen_5000/seed_62/runs/rmtpp/count_only_log_regression/seed_62/endpoint_replays.json
intermittent_frozen_5000,rmtpp,62,24,quantity,2,"[2, 31, 46, 187]","(31,46]",7124,1.4687361794867455,2.1752560611946055,0.15319967924513736,33708.9081498858,search_artifacts/local_detail_replication_5080_20260924_v1/monitor/20260925T204245Z/terminal_5080/run/intermittent_frozen_5000/seed_62/runs/rmtpp/count_only_log_regression/seed_62/endpoint_replays.json
intermittent_frozen_5000,rmtpp,62,24,quantity,3,"[2, 31, 46, 187]","(46,187]",3405,5.73340121926015,7.196326109208323,0.08629504310380873,176335.10774559993,search_artifacts/local_detail_replication_5080_20260924_v1/monitor/20260925T204245Z/terminal_5080/run/intermittent_frozen_5000/seed_62/runs/rmtpp/count_only_log_regression/seed_62/endpoint_replays.json
intermittent_frozen_5000,rmtpp,62,24,quantity,4,"[2, 31, 46, 187]",>187,1141,12.129192944057776,16.630046862119382,5.294018666949691e-06,315553.20130400313,search_artifacts/local_detail_replication_5080_20260924_v1/monitor/20260925T204245Z/terminal_5080/run/intermittent_frozen_5000/seed_62/runs/rmtpp/count_only_log_regression/seed_62/endpoint_replays.json
intermittent_frozen_5000,rmtpp,62,24,history,0,"[64, 128]",<=64,25088,0.8516495678341016,1.955308381796122,0.1261907865911101,95917.2160144314,search_artifacts/local_detail_replication_5080_20260924_v1/monitor/20260925T204245Z/terminal_5080/run/intermittent_frozen_5000/seed_62/runs/rmtpp/count_only_log_regression/seed_62/endpoint_replays.json
intermittent_frozen_5000,rmtpp,62,24,history,1,"[64, 128]","(64,128]",28456,1.6533048161637223,4.0635175741137255,0.264284140005514,469870.4539379305,search_artifacts/local_detail_replication_5080_20260924_v1/monitor/20260925T204245Z/terminal_5080/run/intermittent_frozen_5000/seed_62/runs/rmtpp/count_only_log_regression/seed_62/endpoint_replays.json
intermittent_frozen_5000,rmtpp,62,24,history,2,"[64, 128]",>128,32741,0.12391407531611459,0.5669278101346544,0.3987399980620375,10523.191233081312,search_artifacts/local_detail_replication_5080_20260924_v1/monitor/20260925T204245Z/terminal_5080/run/intermittent_frozen_5000/seed_62/runs/rmtpp/count_only_log_regression/seed_62/endpoint_replays.json
intermittent_frozen_5000,nhp,42,2,quantity,0,"[2, 31, 46, 187]",<=2,45036,0.09884331081876832,0.19562398201811046,0.44729839421538814,1723.4710800522525,search_artifacts/local_detail_benchmark_intermittent_recovery_20260923_v4/monitor/20260923T235525Z/terminal_5080/run/intermittent_frozen_5000/runs/nhp/count_only_log_regression/seed_42/endpoint_replays.json
intermittent_frozen_5000,nhp,42,2,quantity,1,"[2, 31, 46, 187]","(2,31]",29579,4.356967206191346,4.957114637334232,0.3992807669027177,726844.3389230485,search_artifacts/local_detail_benchmark_intermittent_recovery_20260923_v4/monitor/20260923T235525Z/terminal_5080/run/intermittent_frozen_5000/runs/nhp/count_only_log_regression/seed_42/endpoint_replays.json
intermittent_frozen_5000,nhp,42,2,quantity,2,"[2, 31, 46, 187]","(31,46]",7124,8.275097288220602,8.479647078135725,0.12009956695853376,512247.0493947975,search_artifacts/local_detail_benchmark_intermittent_recovery_20260923_v4/monitor/20260923T235525Z/terminal_5080/run/intermittent_frozen_5000/runs/nhp/count_only_log_regression/seed_42/endpoint_replays.json
intermittent_frozen_5000,nhp,42,2,quantity,3,"[2, 31, 46, 187]","(46,187]",3405,27.186193949045414,29.89327767934167,0.0007092421200717128,3042735.411660442,search_artifacts/local_detail_benchmark_intermittent_recovery_20260923_v4/monitor/20260923T235525Z/terminal_5080/run/intermittent_frozen_5000/runs/nhp/count_only_log_regression/seed_42/endpoint_replays.json
intermittent_frozen_5000,nhp,42,2,quantity,4,"[2, 31, 46, 187]",>187,1141,81.81296243759543,85.70348735105678,1.4172056608296618e-08,8380745.116055468,search_artifacts/local_detail_benchmark_intermittent_recovery_20260923_v4/monitor/20260923T235525Z/terminal_5080/run/intermittent_frozen_5000/runs/nhp/count_only_log_regression/seed_42/endpoint_replays.json
intermittent_frozen_5000,nhp,42,2,history,0,"[64, 128]",<=64,25088,4.666980303961745,8.801072133998039,0.41390533109745453,1943288.148318209,search_artifacts/local_detail_benchmark_intermittent_recovery_20260923_v4/monitor/20260923T235525Z/terminal_5080/run/intermittent_frozen_5000/runs/nhp/count_only_log_regression/seed_42/endpoint_replays.json
intermittent_frozen_5000,nhp,42,2,history,1,"[64, 128]","(64,128]",28456,8.862474056693369,19.335652776175316,0.3321776186720887,10638772.677398907,search_artifacts/local_detail_benchmark_intermittent_recovery_20260923_v4/monitor/20260923T235525Z/terminal_5080/run/intermittent_frozen_5000/runs/nhp/count_only_log_regression/seed_42/endpoint_replays.json
intermittent_frozen_5000,nhp,42,2,history,2,"[64, 128]",>128,32741,0.2724367103628071,1.584824660222518,0.3963335671847402,82234.56139668566,search_artifacts/local_detail_benchmark_intermittent_recovery_20260923_v4/monitor/20260923T235525Z/terminal_5080/run/intermittent_frozen_5000/runs/nhp/count_only_log_regression/seed_42/endpoint_replays.json
intermittent_frozen_5000,nhp,52,27,quantity,0,"[2, 31, 46, 187]",<=2,45036,0.06708189482052147,0.18232266239504863,0.3950147718504645,1497.066590942871,search_artifacts/local_detail_replication_5080_20260924_v1/monitor/20260925T204245Z/terminal_5080/run/intermittent_frozen_5000/seed_52/runs/nhp/count_only_log_regression/seed_52/endpoint_replays.json
intermittent_frozen_5000,nhp,52,27,quantity,1,"[2, 31, 46, 187]","(2,31]",29579,4.420418863586038,5.011037922633047,0.8912644151095055,742743.5109148656,search_artifacts/local_detail_replication_5080_20260924_v1/monitor/20260925T204245Z/terminal_5080/run/intermittent_frozen_5000/seed_52/runs/nhp/count_only_log_regression/seed_52/endpoint_replays.json
intermittent_frozen_5000,nhp,52,27,quantity,2,"[2, 31, 46, 187]","(31,46]",7124,8.412004048070635,8.633383171905425,0.6893764780432249,530989.512769703,search_artifacts/local_detail_replication_5080_20260924_v1/monitor/20260925T204245Z/terminal_5080/run/intermittent_frozen_5000/seed_52/runs/nhp/count_only_log_regression/seed_52/endpoint_replays.json
intermittent_frozen_5000,nhp,52,27,quantity,3,"[2, 31, 46, 187]","(46,187]",3405,29.134860607040785,33.04972101991193,0.0020230706452627344,3719227.2225770983,search_artifacts/local_detail_replication_5080_20260924_v1/monitor/20260925T204245Z/terminal_5080/run/intermittent_frozen_5000/seed_52/runs/nhp/count_only_log_regression/seed_52/endpoint_replays.json
intermittent_frozen_5000,nhp,52,27,quantity,4,"[2, 31, 46, 187]",>187,1141,99.49389457201143,102.83314832206787,2.188664366108948e-09,12065682.945358217,search_artifacts/local_detail_replication_5080_20260924_v1/monitor/20260925T204245Z/terminal_5080/run/intermittent_frozen_5000/seed_52/runs/nhp/count_only_log_regression/seed_52/endpoint_replays.json
intermittent_frozen_5000,nhp,52,27,history,0,"[64, 128]",<=64,25088,4.603989737182,9.507314636459524,0.7214078259702855,2267680.0246964414,search_artifacts/local_detail_replication_5080_20260924_v1/monitor/20260925T204245Z/terminal_5080/run/intermittent_frozen_5000/seed_52/runs/nhp/count_only_log_regression/seed_52/endpoint_replays.json
intermittent_frozen_5000,nhp,52,27,history,1,"[64, 128]","(64,128]",28456,9.963813242058189,22.74724501319754,0.747493650110105,14724191.70232717,search_artifacts/local_detail_replication_5080_20260924_v1/monitor/20260925T204245Z/terminal_5080/run/intermittent_frozen_5000/seed_52/runs/nhp/count_only_log_regression/seed_52/endpoint_replays.json
intermittent_frozen_5000,nhp,52,27,history,2,"[64, 128]",>128,32741,0.22575231516486122,1.4439904121184728,0.2963025912992964,68268.5311872074,search_artifacts/local_detail_replication_5080_20260924_v1/monitor/20260925T204245Z/terminal_5080/run/intermittent_frozen_5000/seed_52/runs/nhp/count_only_log_regression/seed_52/endpoint_replays.json
intermittent_frozen_5000,nhp,62,8,quantity,0,"[2, 31, 46, 187]",<=2,45036,0.0814933570986775,0.1797911902626993,0.5550801439585237,1455.7829397189748,search_artifacts/local_detail_replication_5080_20260924_v1/monitor/20260925T204245Z/terminal_5080/run/intermittent_frozen_5000/seed_62/runs/nhp/count_only_log_regression/seed_62/endpoint_replays.json
intermittent_frozen_5000,nhp,62,8,quantity,1,"[2, 31, 46, 187]","(2,31]",29579,4.241890245222442,4.89221188770688,0.3750653426878317,707936.0112846886,search_artifacts/local_detail_replication_5080_20260924_v1/monitor/20260925T204245Z/terminal_5080/run/intermittent_frozen_5000/seed_62/runs/nhp/count_only_log_regression/seed_62/endpoint_replays.json
intermittent_frozen_5000,nhp,62,8,quantity,2,"[2, 31, 46, 187]","(31,46]",7124,9.297732962041273,9.4858704444156,0.1989730776136797,641029.9021406033,search_artifacts/local_detail_replication_5080_20260924_v1/monitor/20260925T204245Z/terminal_5080/run/intermittent_frozen_5000/seed_62/runs/nhp/count_only_log_regression/seed_62/endpoint_replays.json
intermittent_frozen_5000,nhp,62,8,quantity,3,"[2, 31, 46, 187]","(46,187]",3405,27.176161979193555,30.42497193782168,0.004236278182654828,3151936.7138056913,search_artifacts/local_detail_replication_5080_20260924_v1/monitor/20260925T204245Z/terminal_5080/run/intermittent_frozen_5000/seed_62/runs/nhp/count_only_log_regression/seed_62/endpoint_replays.json
intermittent_frozen_5000,nhp,62,8,quantity,4,"[2, 31, 46, 187]",>187,1141,85.16251462222608,88.1812246032035,3.5288462045774e-22,8872334.273046032,search_artifacts/local_detail_replication_5080_20260924_v1/monitor/20260925T204245Z/terminal_5080/run/intermittent_frozen_5000/seed_62/runs/nhp/count_only_log_regression/seed_62/endpoint_replays.json
intermittent_frozen_5000,nhp,62,8,history,0,"[64, 128]",<=64,25088,4.257247042697284,8.61702066405705,0.40534296714902707,1862860.3960906358,search_artifacts/local_detail_replication_5080_20260924_v1/monitor/20260925T204245Z/terminal_5080/run/intermittent_frozen_5000/seed_62/runs/nhp/count_only_log_regression/seed_62/endpoint_replays.json
intermittent_frozen_5000,nhp,62,8,history,1,"[64, 128]","(64,128]",28456,9.529213656252159,20.05915911435917,0.4781889378222744,11449836.86066008,search_artifacts/local_detail_replication_5080_20260924_v1/monitor/20260925T204245Z/terminal_5080/run/intermittent_frozen_5000/seed_62/runs/nhp/count_only_log_regression/seed_62/endpoint_replays.json
intermittent_frozen_5000,nhp,62,8,history,2,"[64, 128]",>128,32741,0.21728716682220459,1.3760488636396082,0.4199006472711823,61995.42646603021,search_artifacts/local_detail_replication_5080_20260924_v1/monitor/20260925T204245Z/terminal_5080/run/intermittent_frozen_5000/seed_62/runs/nhp/count_only_log_regression/seed_62/endpoint_replays.json
intermittent_frozen_5000,thp,42,68,quantity,0,"[2, 31, 46, 187]",<=2,45036,0.09844604876639841,0.18730557805748457,0.4513758568602552,1580.0150823797524,search_artifacts/local_detail_benchmark_intermittent_recovery_20260923_v4/monitor/20260923T235525Z/terminal_5080/run/intermittent_frozen_5000/runs/thp/count_only_log_regression/seed_42/endpoint_replays.json
intermittent_frozen_5000,thp,42,68,quantity,1,"[2, 31, 46, 187]","(2,31]",29579,1.0322084817648087,1.5226375660124265,0.12717951364509925,68576.69773168843,search_artifacts/local_detail_benchmark_intermittent_recovery_20260923_v4/monitor/20260923T235525Z/terminal_5080/run/intermittent_frozen_5000/runs/thp/count_only_log_regression/seed_42/endpoint_replays.json
intermittent_frozen_5000,thp,42,68,quantity,2,"[2, 31, 46, 187]","(31,46]",7124,2.5978481827124926,3.144333490331901,0.06108142247677149,70433.79899316399,search_artifacts/local_detail_benchmark_intermittent_recovery_20260923_v4/monitor/20260923T235525Z/terminal_5080/run/intermittent_frozen_5000/runs/thp/count_only_log_regression/seed_42/endpoint_replays.json
intermittent_frozen_5000,thp,42,68,quantity,3,"[2, 31, 46, 187]","(46,187]",3405,4.808978496669147,6.383291493475011,0.0417535605179888,138741.5270397328,search_artifacts/local_detail_benchmark_intermittent_recovery_20260923_v4/monitor/20260923T235525Z/terminal_5080/run/intermittent_frozen_5000/runs/thp/count_only_log_regression/seed_42/endpoint_replays.json
intermittent_frozen_5000,thp,42,68,quantity,4,"[2, 31, 46, 187]",>187,1141,12.519710544114778,17.002186477993288,6.9720641135185666e-06,329833.82768203435,search_artifacts/local_detail_benchmark_intermittent_recovery_20260923_v4/monitor/20260923T235525Z/terminal_5080/run/intermittent_frozen_5000/runs/thp/count_only_log_regression/seed_42/endpoint_replays.json
intermittent_frozen_5000,thp,42,68,history,0,"[64, 128]",<=64,25088,1.100797965737744,2.119529561284548,0.17966273711691175,112705.47071835873,search_artifacts/local_detail_benchmark_intermittent_recovery_20260923_v4/monitor/20260923T235525Z/terminal_5080/run/intermittent_frozen_5000/runs/thp/count_only_log_regression/seed_42/endpoint_replays.json
intermittent_frozen_5000,thp,42,68,history,1,"[64, 128]","(64,128]",28456,1.825346013198567,4.156819143148653,0.2562271423726376,491695.3611850332,search_artifacts/local_detail_benchmark_intermittent_recovery_20260923_v4/monitor/20260923T235525Z/terminal_5080/run/intermittent_frozen_5000/runs/thp/count_only_log_regression/seed_42/endpoint_replays.json
intermittent_frozen_5000,thp,42,68,history,2,"[64, 128]",>128,32741,0.13967433444290206,0.3814934277835426,0.3930469592845498,4765.0346256077355,search_artifacts/local_detail_benchmark_intermittent_recovery_20260923_v4/monitor/20260923T235525Z/terminal_5080/run/intermittent_frozen_5000/runs/thp/count_only_log_regression/seed_42/endpoint_replays.json
intermittent_frozen_5000,thp,52,34,quantity,0,"[2, 31, 46, 187]",<=2,45036,0.09881074718772989,0.18300155642335283,0.48595136518464793,1508.2362589091529,search_artifacts/local_detail_replication_5080_20260924_v1/monitor/20260925T204245Z/terminal_5080/run/intermittent_frozen_5000/seed_52/runs/thp/count_only_log_regression/seed_52/endpoint_replays.json
intermittent_frozen_5000,thp,52,34,quantity,1,"[2, 31, 46, 187]","(2,31]",29579,0.9048260281376868,1.413234542483047,0.08544265087487009,59076.12154387771,search_artifacts/local_detail_replication_5080_20260924_v1/monitor/20260925T204245Z/terminal_5080/run/intermittent_frozen_5000/seed_52/runs/thp/count_only_log_regression/seed_52/endpoint_replays.json
intermittent_frozen_5000,thp,52,34,quantity,2,"[2, 31, 46, 187]","(31,46]",7124,1.671073404608785,2.43850932552152,0.08317577692542369,42361.63875318921,search_artifacts/local_detail_replication_5080_20260924_v1/monitor/20260925T204245Z/terminal_5080/run/intermittent_frozen_5000/seed_52/runs/thp/count_only_log_regression/seed_52/endpoint_replays.json
intermittent_frozen_5000,thp,52,34,quantity,3,"[2, 31, 46, 187]","(46,187]",3405,4.3688651427998595,6.361827733351964,0.0814803390231422,137810.06143062125,search_artifacts/local_detail_replication_5080_20260924_v1/monitor/20260925T204245Z/terminal_5080/run/intermittent_frozen_5000/seed_52/runs/thp/count_only_log_regression/seed_52/endpoint_replays.json
intermittent_frozen_5000,thp,52,34,quantity,4,"[2, 31, 46, 187]",>187,1141,13.686246171528367,17.820124195292912,3.4387527957775817e-09,362332.3388489925,search_artifacts/local_detail_replication_5080_20260924_v1/monitor/20260925T204245Z/terminal_5080/run/intermittent_frozen_5000/seed_52/runs/thp/count_only_log_regression/seed_52/endpoint_replays.json
intermittent_frozen_5000,thp,52,34,history,0,"[64, 128]",<=64,25088,0.8728609678230952,1.8238946631755046,0.15505416806203184,83457.53363232987,search_artifacts/local_detail_replication_5080_20260924_v1/monitor/20260925T204245Z/terminal_5080/run/intermittent_frozen_5000/seed_52/runs/thp/count_only_log_regression/seed_52/endpoint_replays.json
intermittent_frozen_5000,thp,52,34,history,1,"[64, 128]","(64,128]",28456,1.5772699421800052,4.1445778259193755,0.269719387545763,488803.6615047988,search_artifacts/local_detail_replication_5080_20260924_v1/monitor/20260925T204245Z/terminal_5080/run/intermittent_frozen_5000/seed_52/runs/thp/count_only_log_regression/seed_52/endpoint_replays.json
intermittent_frozen_5000,thp,52,34,history,2,"[64, 128]",>128,32741,0.20859106589876839,0.9703336268086489,0.418969023104219,30827.201698460918,search_artifacts/local_detail_replication_5080_20260924_v1/monitor/20260925T204245Z/terminal_5080/run/intermittent_frozen_5000/seed_52/runs/thp/count_only_log_regression/seed_52/endpoint_replays.json
intermittent_frozen_5000,thp,62,24,quantity,0,"[2, 31, 46, 187]",<=2,45036,0.08884759073528921,0.1749860503689653,0.48979701385777474,1379.007626309507,search_artifacts/local_detail_replication_5080_20260924_v1/monitor/20260925T204245Z/terminal_5080/run/intermittent_frozen_5000/seed_62/runs/thp/count_only_log_regression/seed_62/endpoint_replays.json
intermittent_frozen_5000,thp,62,24,quantity,1,"[2, 31, 46, 187]","(2,31]",29579,0.9035149226062433,1.5422702372292714,0.07502722832764687,70356.53499826218,search_artifacts/local_detail_replication_5080_20260924_v1/monitor/20260925T204245Z/terminal_5080/run/intermittent_frozen_5000/seed_62/runs/thp/count_only_log_regression/seed_62/endpoint_replays.json
intermittent_frozen_5000,thp,62,24,quantity,2,"[2, 31, 46, 187]","(31,46]",7124,1.5359931656110828,2.33507185237479,0.10766373125128113,38844.041399184614,search_artifacts/local_detail_replication_5080_20260924_v1/monitor/20260925T204245Z/terminal_5080/run/intermittent_frozen_5000/seed_62/runs/thp/count_only_log_regression/seed_62/endpoint_replays.json
intermittent_frozen_5000,thp,62,24,quantity,3,"[2, 31, 46, 187]","(46,187]",3405,4.296135836025692,5.966099029670512,0.10257896859249913,121198.7196363996,search_artifacts/local_detail_replication_5080_20260924_v1/monitor/20260925T204245Z/terminal_5080/run/intermittent_frozen_5000/seed_62/runs/thp/count_only_log_regression/seed_62/endpoint_replays.json
intermittent_frozen_5000,thp,62,24,quantity,4,"[2, 31, 46, 187]",>187,1141,16.438709750497267,21.426507100342494,3.002692100563681e-06,523827.6306404921,search_artifacts/local_detail_replication_5080_20260924_v1/monitor/20260925T204245Z/terminal_5080/run/intermittent_frozen_5000/seed_62/runs/thp/count_only_log_regression/seed_62/endpoint_replays.json
intermittent_frozen_5000,thp,62,24,history,0,"[64, 128]",<=64,25088,0.8417190100726842,2.157693728766436,0.14595715447448981,116800.75219494008,search_artifacts/local_detail_replication_5080_20260924_v1/monitor/20260925T204245Z/terminal_5080/run/intermittent_frozen_5000/seed_62/runs/thp/count_only_log_regression/seed_62/endpoint_replays.json
intermittent_frozen_5000,thp,62,24,history,1,"[64, 128]","(64,128]",28456,1.6924857898859587,4.6654817048711905,0.27382079830126693,619393.7711872086,search_artifacts/local_detail_replication_5080_20260924_v1/monitor/20260925T204245Z/terminal_5080/run/intermittent_frozen_5000/seed_62/runs/thp/count_only_log_regression/seed_62/endpoint_replays.json
intermittent_frozen_5000,thp,62,24,history,2,"[64, 128]",>128,32741,0.17639386363350032,0.7699855618431998,0.42577783850367,19411.410918499834,search_artifacts/local_detail_replication_5080_20260924_v1/monitor/20260925T204245Z/terminal_5080/run/intermittent_frozen_5000/seed_62/runs/thp/count_only_log_regression/seed_62/endpoint_replays.json
intermittent_frozen_5000,sahp,42,35,quantity,0,"[2, 31, 46, 187]",<=2,45036,0.0986503583929744,0.20219993230090422,0.5573257022228598,1841.2884212664708,search_artifacts/local_detail_benchmark_intermittent_recovery_20260923_v4/monitor/20260923T235525Z/terminal_5080/run/intermittent_frozen_5000/runs/sahp/count_only_log_regression/seed_42/endpoint_replays.json
intermittent_frozen_5000,sahp,42,35,quantity,1,"[2, 31, 46, 187]","(2,31]",29579,1.3707033245964673,1.9555713374701647,0.06384365587611264,113117.7645312969,search_artifacts/local_detail_benchmark_intermittent_recovery_20260923_v4/monitor/20260923T235525Z/terminal_5080/run/intermittent_frozen_5000/runs/sahp/count_only_log_regression/seed_42/endpoint_replays.json
intermittent_frozen_5000,sahp,42,35,quantity,2,"[2, 31, 46, 187]","(31,46]",7124,2.8960471595023067,4.974898723581592,0.24476920908827374,176316.27371568306,search_artifacts/local_detail_benchmark_intermittent_recovery_20260923_v4/monitor/20260923T235525Z/terminal_5080/run/intermittent_frozen_5000/runs/sahp/count_only_log_regression/seed_42/endpoint_replays.json
intermittent_frozen_5000,sahp,42,35,quantity,3,"[2, 31, 46, 187]","(46,187]",3405,17.53848882554736,30.652853001145587,0.025293523540725442,3199329.1371590053,search_artifacts/local_detail_benchmark_intermittent_recovery_20260923_v4/monitor/20260923T235525Z/terminal_5080/run/intermittent_frozen_5000/runs/sahp/count_only_log_regression/seed_42/endpoint_replays.json
intermittent_frozen_5000,sahp,42,35,quantity,4,"[2, 31, 46, 187]",>187,1141,30.60343447659331,40.543791692804994,4.463785362997147e-06,1875574.710150532,search_artifacts/local_detail_benchmark_intermittent_recovery_20260923_v4/monitor/20260923T235525Z/terminal_5080/run/intermittent_frozen_5000/runs/sahp/count_only_log_regression/seed_42/endpoint_replays.json
intermittent_frozen_5000,sahp,42,35,history,0,"[64, 128]",<=64,25088,1.3307884585264387,3.7716760470621176,0.15118993827365115,356890.35263750347,search_artifacts/local_detail_benchmark_intermittent_recovery_20260923_v4/monitor/20260923T235525Z/terminal_5080/run/intermittent_frozen_5000/runs/sahp/count_only_log_regression/seed_42/endpoint_replays.json
intermittent_frozen_5000,sahp,42,35,history,1,"[64, 128]","(64,128]",28456,4.244622145454502,13.239349496946554,0.31060905532744204,4987778.35391102,search_artifacts/local_detail_benchmark_intermittent_recovery_20260923_v4/monitor/20260923T235525Z/terminal_5080/run/intermittent_frozen_5000/runs/sahp/count_only_log_regression/seed_42/endpoint_replays.json
intermittent_frozen_5000,sahp,42,35,history,2,"[64, 128]",>128,32741,0.18580909909094004,0.8105484021915395,0.4943731944363733,21510.467429259028,search_artifacts/local_detail_benchmark_intermittent_recovery_20260923_v4/monitor/20260923T235525Z/terminal_5080/run/intermittent_frozen_5000/runs/sahp/count_only_log_regression/seed_42/endpoint_replays.json
intermittent_frozen_5000,sahp,52,76,quantity,0,"[2, 31, 46, 187]",<=2,45036,0.08944343281386218,0.2031557992097631,0.6095076033940998,1858.7383459001833,search_artifacts/local_detail_replication_5080_20260924_v1/monitor/20260925T204245Z/terminal_5080/run/intermittent_frozen_5000/seed_52/runs/sahp/count_only_log_regression/seed_52/endpoint_replays.json
intermittent_frozen_5000,sahp,52,76,quantity,1,"[2, 31, 46, 187]","(2,31]",29579,1.6107617774193965,2.267072731084492,0.09184638793293506,152024.78353946755,search_artifacts/local_detail_replication_5080_20260924_v1/monitor/20260925T204245Z/terminal_5080/run/intermittent_frozen_5000/seed_52/runs/sahp/count_only_log_regression/seed_52/endpoint_replays.json
intermittent_frozen_5000,sahp,52,76,quantity,2,"[2, 31, 46, 187]","(31,46]",7124,2.6094587351216956,4.255703357717491,0.12068505755498782,129022.84285475756,search_artifacts/local_detail_replication_5080_20260924_v1/monitor/20260925T204245Z/terminal_5080/run/intermittent_frozen_5000/seed_52/runs/sahp/count_only_log_regression/seed_52/endpoint_replays.json
intermittent_frozen_5000,sahp,52,76,quantity,3,"[2, 31, 46, 187]","(46,187]",3405,13.841376041630816,23.40020741488298,0.018365537521432038,1864474.8525377489,search_artifacts/local_detail_replication_5080_20260924_v1/monitor/20260925T204245Z/terminal_5080/run/intermittent_frozen_5000/seed_52/runs/sahp/count_only_log_regression/seed_52/endpoint_replays.json
intermittent_frozen_5000,sahp,52,76,quantity,4,"[2, 31, 46, 187]",>187,1141,31.30166292984584,40.16488926277921,2.1365114465104325e-08,1840682.1139495925,search_artifacts/local_detail_replication_5080_20260924_v1/monitor/20260925T204245Z/terminal_5080/run/intermittent_frozen_5000/seed_52/runs/sahp/count_only_log_regression/seed_52/endpoint_replays.json
intermittent_frozen_5000,sahp,52,76,history,0,"[64, 128]",<=64,25088,1.576413509471589,3.7861793548345215,0.1744404123964869,359640.3462357927,search_artifacts/local_detail_replication_5080_20260924_v1/monitor/20260925T204245Z/terminal_5080/run/intermittent_frozen_5000/seed_52/runs/sahp/count_only_log_regression/seed_52/endpoint_replays.json
intermittent_frozen_5000,sahp,52,76,history,1,"[64, 128]","(64,128]",28456,3.7699194974612915,11.24103018082528,0.3189235200580314,3595721.7730782544,search_artifacts/local_detail_replication_5080_20260924_v1/monitor/20260925T204245Z/terminal_5080/run/intermittent_frozen_5000/seed_52/runs/sahp/count_only_log_regression/seed_52/endpoint_replays.json
intermittent_frozen_5000,sahp,52,76,history,2,"[64, 128]",>128,32741,0.19186562911412847,0.9993921966047841,0.5386871204853343,32701.21191341732,search_artifacts/local_detail_replication_5080_20260924_v1/monitor/20260925T204245Z/terminal_5080/run/intermittent_frozen_5000/seed_52/runs/sahp/count_only_log_regression/seed_52/endpoint_replays.json
intermittent_frozen_5000,sahp,62,56,quantity,0,"[2, 31, 46, 187]",<=2,45036,0.09520819840650172,0.20951229977256247,0.5766059811035309,1976.8734035546793,search_artifacts/local_detail_replication_5080_20260924_v1/monitor/20260925T204245Z/terminal_5080/run/intermittent_frozen_5000/seed_62/runs/sahp/count_only_log_regression/seed_62/endpoint_replays.json
intermittent_frozen_5000,sahp,62,56,quantity,1,"[2, 31, 46, 187]","(2,31]",29579,1.7145252361505243,2.1486326075013498,0.06850963730821027,136555.06456401187,search_artifacts/local_detail_replication_5080_20260924_v1/monitor/20260925T204245Z/terminal_5080/run/intermittent_frozen_5000/seed_62/runs/sahp/count_only_log_regression/seed_62/endpoint_replays.json
intermittent_frozen_5000,sahp,62,56,quantity,2,"[2, 31, 46, 187]","(31,46]",7124,4.126020396980659,4.932707518973386,0.18373860697226335,173338.34310415533,search_artifacts/local_detail_replication_5080_20260924_v1/monitor/20260925T204245Z/terminal_5080/run/intermittent_frozen_5000/seed_62/runs/sahp/count_only_log_regression/seed_62/endpoint_replays.json
intermittent_frozen_5000,sahp,62,56,quantity,3,"[2, 31, 46, 187]","(46,187]",3405,15.138144172970945,22.00558098876883,0.01262882388741826,1648856.2497943647,search_artifacts/local_detail_replication_5080_20260924_v1/monitor/20260925T204245Z/terminal_5080/run/intermittent_frozen_5000/seed_62/runs/sahp/count_only_log_regression/seed_62/endpoint_replays.json
intermittent_frozen_5000,sahp,62,56,quantity,4,"[2, 31, 46, 187]",>187,1141,28.63258964946456,37.19880300850825,8.095174567765009e-07,1578859.8285482805,search_artifacts/local_detail_replication_5080_20260924_v1/monitor/20260925T204245Z/terminal_5080/run/intermittent_frozen_5000/seed_62/runs/sahp/count_only_log_regression/seed_62/endpoint_replays.json
intermittent_frozen_5000,sahp,62,56,history,0,"[64, 128]",<=64,25088,1.9515147946908005,3.805901709574689,0.15153051979327067,363396.8657020076,search_artifacts/local_detail_replication_5080_20260924_v1/monitor/20260925T204245Z/terminal_5080/run/intermittent_frozen_5000/seed_62/runs/sahp/count_only_log_regression/seed_62/endpoint_replays.json
intermittent_frozen_5000,sahp,62,56,history,1,"[64, 128]","(64,128]",28456,4.004407152064335,10.534952103876558,0.3205513956747239,3158195.301686171,search_artifacts/local_detail_replication_5080_20260924_v1/monitor/20260925T204245Z/terminal_5080/run/intermittent_frozen_5000/seed_62/runs/sahp/count_only_log_regression/seed_62/endpoint_replays.json
intermittent_frozen_5000,sahp,62,56,history,2,"[64, 128]",>128,32741,0.17414435424334565,0.7413447314292811,0.5016102512474013,17994.192026190598,search_artifacts/local_detail_replication_5080_20260924_v1/monitor/20260925T204245Z/terminal_5080/run/intermittent_frozen_5000/seed_62/runs/sahp/count_only_log_regression/seed_62/endpoint_replays.json
intermittent_frozen_5000,s2p2_matched_head,42,60,quantity,0,"[2, 31, 46, 187]",<=2,45036,0.10892806041567858,0.18481886564864544,0.3712224225036885,1538.3402779559299,search_artifacts/titantpp_additional_tpp_20260930_v1/retrieved/terminal_5080_20261001_v1/original/run/intermittent_frozen_5000__42__s2p2_matched_head/runs/s2p2_matched_head/count_only_log_regression/seed_42/endpoint_replays.json
intermittent_frozen_5000,s2p2_matched_head,42,60,quantity,1,"[2, 31, 46, 187]","(2,31]",29579,1.155889465587288,1.7474652322313025,0.14859485291415958,90323.4619110781,search_artifacts/titantpp_additional_tpp_20260930_v1/retrieved/terminal_5080_20261001_v1/original/run/intermittent_frozen_5000__42__s2p2_matched_head/runs/s2p2_matched_head/count_only_log_regression/seed_42/endpoint_replays.json
intermittent_frozen_5000,s2p2_matched_head,42,60,quantity,2,"[2, 31, 46, 187]","(31,46]",7124,1.8864897988205342,2.639350476468028,0.07002238539069928,49627.00175969041,search_artifacts/titantpp_additional_tpp_20260930_v1/retrieved/terminal_5080_20261001_v1/original/run/intermittent_frozen_5000__42__s2p2_matched_head/runs/s2p2_matched_head/count_only_log_regression/seed_42/endpoint_replays.json
intermittent_frozen_5000,s2p2_matched_head,42,60,quantity,3,"[2, 31, 46, 187]","(46,187]",3405,4.0433378788168035,5.1422409035974095,0.046567887762879616,90037.19434369619,search_artifacts/titantpp_additional_tpp_20260930_v1/retrieved/terminal_5080_20261001_v1/original/run/intermittent_frozen_5000__42__s2p2_matched_head/runs/s2p2_matched_head/count_only_log_regression/seed_42/endpoint_replays.json
intermittent_frozen_5000,s2p2_matched_head,42,60,quantity,4,"[2, 31, 46, 187]",>187,1141,13.026823466749802,16.278911272913188,0.09661989408880528,302368.3684960047,search_artifacts/titantpp_additional_tpp_20260930_v1/retrieved/terminal_5080_20261001_v1/original/run/intermittent_frozen_5000__42__s2p2_matched_head/runs/s2p2_matched_head/count_only_log_regression/seed_42/endpoint_replays.json
intermittent_frozen_5000,s2p2_matched_head,42,60,history,0,"[64, 128]",<=64,25088,1.0435952145786842,2.0113052536299225,0.2045142394465609,101489.71127843174,search_artifacts/titantpp_additional_tpp_20260930_v1/retrieved/terminal_5080_20261001_v1/original/run/intermittent_frozen_5000__42__s2p2_matched_head/runs/s2p2_matched_head/count_only_log_regression/seed_42/endpoint_replays.json
intermittent_frozen_5000,s2p2_matched_head,42,60,history,1,"[64, 128]","(64,128]",28456,1.7587029542569736,3.8675670485782843,0.242948837917246,425646.97865007253,search_artifacts/titantpp_additional_tpp_20260930_v1/retrieved/terminal_5080_20261001_v1/original/run/intermittent_frozen_5000__42__s2p2_matched_head/runs/s2p2_matched_head/count_only_log_regression/seed_42/endpoint_replays.json
intermittent_frozen_5000,s2p2_matched_head,42,60,history,2,"[64, 128]",>128,32741,0.15084740849487333,0.45431046457912105,0.30045207030105503,6757.676859920635,search_artifacts/titantpp_additional_tpp_20260930_v1/retrieved/terminal_5080_20261001_v1/original/run/intermittent_frozen_5000__42__s2p2_matched_head/runs/s2p2_matched_head/count_only_log_regression/seed_42/endpoint_replays.json
intermittent_frozen_5000,s2p2_matched_head,52,93,quantity,0,"[2, 31, 46, 187]",<=2,45036,0.11328507431373576,0.1889464845760553,0.3393850582994624,1607.820059379439,search_artifacts/titantpp_additional_tpp_20260930_v1/retrieved/terminal_5080_20261001_v1/original/run/intermittent_frozen_5000__52__s2p2_matched_head/runs/s2p2_matched_head/count_only_log_regression/seed_52/endpoint_replays.json
intermittent_frozen_5000,s2p2_matched_head,52,93,quantity,1,"[2, 31, 46, 187]","(2,31]",29579,1.0691984498382738,1.678011679204531,0.06820109132798463,83286.27640107909,search_artifacts/titantpp_additional_tpp_20260930_v1/retrieved/terminal_5080_20261001_v1/original/run/intermittent_frozen_5000__52__s2p2_matched_head/runs/s2p2_matched_head/count_only_log_regression/seed_52/endpoint_replays.json
intermittent_frozen_5000,s2p2_matched_head,52,93,quantity,2,"[2, 31, 46, 187]","(31,46]",7124,1.4997643508782619,2.1820194732089013,0.16333420874556004,33918.852783941344,search_artifacts/titantpp_additional_tpp_20260930_v1/retrieved/terminal_5080_20261001_v1/original/run/intermittent_frozen_5000__52__s2p2_matched_head/runs/s2p2_matched_head/count_only_log_regression/seed_52/endpoint_replays.json
intermittent_frozen_5000,s2p2_matched_head,52,93,quantity,3,"[2, 31, 46, 187]","(46,187]",3405,5.556379591595934,7.679974163345043,0.04418684649480467,200833.72072454938,search_artifacts/titantpp_additional_tpp_20260930_v1/retrieved/terminal_5080_20261001_v1/original/run/intermittent_frozen_5000__52__s2p2_matched_head/runs/s2p2_matched_head/count_only_log_regression/seed_52/endpoint_replays.json
intermittent_frozen_5000,s2p2_matched_head,52,93,quantity,4,"[2, 31, 46, 187]",>187,1141,11.89112815221708,15.490739883954248,2.210158219593162e-51,273797.8082758095,search_artifacts/titantpp_additional_tpp_20260930_v1/retrieved/terminal_5080_20261001_v1/original/run/intermittent_frozen_5000__52__s2p2_matched_head/runs/s2p2_matched_head/count_only_log_regression/seed_52/endpoint_replays.json
intermittent_frozen_5000,s2p2_matched_head,52,93,history,0,"[64, 128]",<=64,25088,0.9123530133522819,1.8697714444591484,0.12637049873795056,87708.78334526857,search_artifacts/titantpp_additional_tpp_20260930_v1/retrieved/terminal_5080_20261001_v1/original/run/intermittent_frozen_5000__52__s2p2_matched_head/runs/s2p2_matched_head/count_only_log_regression/seed_52/endpoint_replays.json
intermittent_frozen_5000,s2p2_matched_head,52,93,history,1,"[64, 128]","(64,128]",28456,1.8001034342345308,4.16938652298168,0.22289503398685126,494672.9568785733,search_artifacts/titantpp_additional_tpp_20260930_v1/retrieved/terminal_5080_20261001_v1/original/run/intermittent_frozen_5000__52__s2p2_matched_head/runs/s2p2_matched_head/count_only_log_regression/seed_52/endpoint_replays.json
intermittent_frozen_5000,s2p2_matched_head,52,93,history,2,"[64, 128]",>128,32741,0.1767338443456349,0.5812799511672997,0.27802542750422055,11062.738020917,search_artifacts/titantpp_additional_tpp_20260930_v1/retrieved/terminal_5080_20261001_v1/original/run/intermittent_frozen_5000__52__s2p2_matched_head/runs/s2p2_matched_head/count_only_log_regression/seed_52/endpoint_replays.json
intermittent_frozen_5000,s2p2_matched_head,62,12,quantity,0,"[2, 31, 46, 187]",<=2,45036,0.13580973588114828,0.2027328045562241,0.3695597646789717,1851.0061731870035,search_artifacts/titantpp_additional_tpp_20260930_v1/retrieved/terminal_5080_20261001_v1/original/run/intermittent_frozen_5000__62__s2p2_matched_head/runs/s2p2_matched_head/count_only_log_regression/seed_62/endpoint_replays.json
intermittent_frozen_5000,s2p2_matched_head,62,12,quantity,1,"[2, 31, 46, 187]","(2,31]",29579,0.9562065033251868,1.6214016191839444,0.09074408666936906,77761.51122906804,search_artifacts/titantpp_additional_tpp_20260930_v1/retrieved/terminal_5080_20261001_v1/original/run/intermittent_frozen_5000__62__s2p2_matched_head/runs/s2p2_matched_head/count_only_log_regression/seed_62/endpoint_replays.json
intermittent_frozen_5000,s2p2_matched_head,62,12,quantity,2,"[2, 31, 46, 187]","(31,46]",7124,2.596952389091136,3.091081360697067,0.11571317588702672,68068.28106246947,search_artifacts/titantpp_additional_tpp_20260930_v1/retrieved/terminal_5080_20261001_v1/original/run/intermittent_frozen_5000__62__s2p2_matched_head/runs/s2p2_matched_head/count_only_log_regression/seed_62/endpoint_replays.json
intermittent_frozen_5000,s2p2_matched_head,62,12,quantity,3,"[2, 31, 46, 187]","(46,187]",3405,3.990433819808624,5.636377193431402,0.04830287312982511,108172.58648588757,search_artifacts/titantpp_additional_tpp_20260930_v1/retrieved/terminal_5080_20261001_v1/original/run/intermittent_frozen_5000__62__s2p2_matched_head/runs/s2p2_matched_head/count_only_log_regression/seed_62/endpoint_replays.json
intermittent_frozen_5000,s2p2_matched_head,62,12,quantity,4,"[2, 31, 46, 187]",>187,1141,12.88795818893874,17.14281153494738,1.0980107536976674e-26,335312.50153522915,search_artifacts/titantpp_additional_tpp_20260930_v1/retrieved/terminal_5080_20261001_v1/original/run/intermittent_frozen_5000__62__s2p2_matched_head/runs/s2p2_matched_head/count_only_log_regression/seed_62/endpoint_replays.json
intermittent_frozen_5000,s2p2_matched_head,62,12,history,0,"[64, 128]",<=64,25088,0.8766643822297682,1.9162355585116675,0.15429326993219067,92122.10025959504,search_artifacts/titantpp_additional_tpp_20260930_v1/retrieved/terminal_5080_20261001_v1/original/run/intermittent_frozen_5000__62__s2p2_matched_head/runs/s2p2_matched_head/count_only_log_regression/seed_62/endpoint_replays.json
intermittent_frozen_5000,s2p2_matched_head,62,12,history,1,"[64, 128]","(64,128]",28456,1.8842257390367976,4.160861366085346,0.22381441406046668,492652.10651023354,search_artifacts/titantpp_additional_tpp_20260930_v1/retrieved/terminal_5080_20261001_v1/original/run/intermittent_frozen_5000__62__s2p2_matched_head/runs/s2p2_matched_head/count_only_log_regression/seed_62/endpoint_replays.json
intermittent_frozen_5000,s2p2_matched_head,62,12,history,2,"[64, 128]",>128,32741,0.17048813553343753,0.44183644139660244,0.30776861815882955,6391.679716013422,search_artifacts/titantpp_additional_tpp_20260930_v1/retrieved/terminal_5080_20261001_v1/original/run/intermittent_frozen_5000__62__s2p2_matched_head/runs/s2p2_matched_head/count_only_log_regression/seed_62/endpoint_replays.json
intermittent_frozen_5000,attnhp_matched_head,42,36,quantity,0,"[2, 31, 46, 187]",<=2,45036,0.09099974931715775,0.18338779209724343,0.41748906792945556,1514.609422026031,search_artifacts/titantpp_additional_tpp_20260930_v1/retrieved/terminal_5080_20261001_v1/original/run/intermittent_frozen_5000__42__attnhp_matched_head/runs/attnhp_matched_head/count_only_log_regression/seed_42/endpoint_replays.json
intermittent_frozen_5000,attnhp_matched_head,42,36,quantity,1,"[2, 31, 46, 187]","(2,31]",29579,1.2710950514169101,1.8240836972181098,0.10086933865041575,98417.65459190033,search_artifacts/titantpp_additional_tpp_20260930_v1/retrieved/terminal_5080_20261001_v1/original/run/intermittent_frozen_5000__42__attnhp_matched_head/runs/attnhp_matched_head/count_only_log_regression/seed_42/endpoint_replays.json
intermittent_frozen_5000,attnhp_matched_head,42,36,quantity,2,"[2, 31, 46, 187]","(31,46]",7124,2.282471146227469,3.0504956018026843,0.10385346521544314,66292.54881998322,search_artifacts/titantpp_additional_tpp_20260930_v1/retrieved/terminal_5080_20261001_v1/original/run/intermittent_frozen_5000__42__attnhp_matched_head/runs/attnhp_matched_head/count_only_log_regression/seed_42/endpoint_replays.json
intermittent_frozen_5000,attnhp_matched_head,42,36,quantity,3,"[2, 31, 46, 187]","(46,187]",3405,6.860794940113847,10.446329910573029,0.08478018194056489,371573.37828481384,search_artifacts/titantpp_additional_tpp_20260930_v1/retrieved/terminal_5080_20261001_v1/original/run/intermittent_frozen_5000__42__attnhp_matched_head/runs/attnhp_matched_head/count_only_log_regression/seed_42/endpoint_replays.json
intermittent_frozen_5000,attnhp_matched_head,42,36,quantity,4,"[2, 31, 46, 187]",>187,1141,14.702684955780805,19.85726108772141,0.000536944844712141,449908.64323067176,search_artifacts/titantpp_additional_tpp_20260930_v1/retrieved/terminal_5080_20261001_v1/original/run/intermittent_frozen_5000__42__attnhp_matched_head/runs/attnhp_matched_head/count_only_log_regression/seed_42/endpoint_replays.json
intermittent_frozen_5000,attnhp_matched_head,42,36,history,0,"[64, 128]",<=64,25088,1.1362577314174982,2.271205559458374,0.16857822386518453,129413.30430587732,search_artifacts/titantpp_additional_tpp_20260930_v1/retrieved/terminal_5080_20261001_v1/original/run/intermittent_frozen_5000__42__attnhp_matched_head/runs/attnhp_matched_head/count_only_log_regression/seed_42/endpoint_replays.json
intermittent_frozen_5000,attnhp_matched_head,42,36,history,1,"[64, 128]","(64,128]",28456,2.276156672482615,5.465025946943808,0.27059207448703965,849881.3687434844,search_artifacts/titantpp_additional_tpp_20260930_v1/retrieved/terminal_5080_20261001_v1/original/run/intermittent_frozen_5000__42__attnhp_matched_head/runs/attnhp_matched_head/count_only_log_regression/seed_42/endpoint_replays.json
intermittent_frozen_5000,attnhp_matched_head,42,36,history,2,"[64, 128]",>128,32741,0.14710399039427152,0.5068831165833754,0.3324741009452642,8412.161300035883,search_artifacts/titantpp_additional_tpp_20260930_v1/retrieved/terminal_5080_20261001_v1/original/run/intermittent_frozen_5000__42__attnhp_matched_head/runs/attnhp_matched_head/count_only_log_regression/seed_42/endpoint_replays.json
intermittent_frozen_5000,attnhp_matched_head,52,62,quantity,0,"[2, 31, 46, 187]",<=2,45036,0.08887928645144307,0.18323134476200006,0.41043299265818584,1512.0263107734102,search_artifacts/titantpp_additional_tpp_20260930_v1/retrieved/terminal_5080_20261001_v1/original/run/intermittent_frozen_5000__52__attnhp_matched_head/runs/attnhp_matched_head/count_only_log_regression/seed_52/endpoint_replays.json
intermittent_frozen_5000,attnhp_matched_head,52,62,quantity,1,"[2, 31, 46, 187]","(2,31]",29579,1.0321067098252708,1.5694655982546117,0.08631119847741393,72859.6513499531,search_artifacts/titantpp_additional_tpp_20260930_v1/retrieved/terminal_5080_20261001_v1/original/run/intermittent_frozen_5000__52__attnhp_matched_head/runs/attnhp_matched_head/count_only_log_regression/seed_52/endpoint_replays.json
intermittent_frozen_5000,attnhp_matched_head,52,62,quantity,2,"[2, 31, 46, 187]","(31,46]",7124,2.696542663295774,3.563957360280997,0.15152067294439597,90487.56667747938,search_artifacts/titantpp_additional_tpp_20260930_v1/retrieved/terminal_5080_20261001_v1/original/run/intermittent_frozen_5000__52__attnhp_matched_head/runs/attnhp_matched_head/count_only_log_regression/seed_52/endpoint_replays.json
intermittent_frozen_5000,attnhp_matched_head,52,62,quantity,3,"[2, 31, 46, 187]","(46,187]",3405,6.12660526662146,9.233156558601154,0.07424959194220825,290280.2680213525,search_artifacts/titantpp_additional_tpp_20260930_v1/retrieved/terminal_5080_20261001_v1/original/run/intermittent_frozen_5000__52__attnhp_matched_head/runs/attnhp_matched_head/count_only_log_regression/seed_52/endpoint_replays.json
intermittent_frozen_5000,attnhp_matched_head,52,62,quantity,4,"[2, 31, 46, 187]",>187,1141,13.074251046209978,17.70467969202603,1.7381803093501113e-14,357652.9342998497,search_artifacts/titantpp_additional_tpp_20260930_v1/retrieved/terminal_5080_20261001_v1/original/run/intermittent_frozen_5000__52__attnhp_matched_head/runs/attnhp_matched_head/count_only_log_regression/seed_52/endpoint_replays.json
intermittent_frozen_5000,attnhp_matched_head,52,62,history,0,"[64, 128]",<=64,25088,0.988184710313585,2.2950797162448144,0.1552498378322486,132148.30299750427,search_artifacts/titantpp_additional_tpp_20260930_v1/retrieved/terminal_5080_20261001_v1/original/run/intermittent_frozen_5000__52__attnhp_matched_head/runs/attnhp_matched_head/count_only_log_regression/seed_52/endpoint_replays.json
intermittent_frozen_5000,attnhp_matched_head,52,62,history,1,"[64, 128]","(64,128]",28456,2.1124271987079903,4.86650110262258,0.24725454905899558,673918.6953308631,search_artifacts/titantpp_additional_tpp_20260930_v1/retrieved/terminal_5080_20261001_v1/original/run/intermittent_frozen_5000__52__attnhp_matched_head/runs/attnhp_matched_head/count_only_log_regression/seed_52/endpoint_replays.json
intermittent_frozen_5000,attnhp_matched_head,52,62,history,2,"[64, 128]",>128,32741,0.14103499727124477,0.453225827265602,0.3493701766035976,6725.4483310397945,search_artifacts/titantpp_additional_tpp_20260930_v1/retrieved/terminal_5080_20261001_v1/original/run/intermittent_frozen_5000__52__attnhp_matched_head/runs/attnhp_matched_head/count_only_log_regression/seed_52/endpoint_replays.json
intermittent_frozen_5000,attnhp_matched_head,62,145,quantity,0,"[2, 31, 46, 187]",<=2,45036,0.10214566176479119,0.19259094862257228,0.49127743712577987,1670.442592956091,search_artifacts/titantpp_additional_tpp_20260930_v1/retrieved/terminal_5080_20261001_v1/original/run/intermittent_frozen_5000__62__attnhp_matched_head/runs/attnhp_matched_head/count_only_log_regression/seed_62/endpoint_replays.json
intermittent_frozen_5000,attnhp_matched_head,62,145,quantity,1,"[2, 31, 46, 187]","(2,31]",29579,1.0185756540922337,1.5309641313502367,0.17561229293627428,69328.77380123604,search_artifacts/titantpp_additional_tpp_20260930_v1/retrieved/terminal_5080_20261001_v1/original/run/intermittent_frozen_5000__62__attnhp_matched_head/runs/attnhp_matched_head/count_only_log_regression/seed_62/endpoint_replays.json
intermittent_frozen_5000,attnhp_matched_head,62,145,quantity,2,"[2, 31, 46, 187]","(31,46]",7124,1.881654732686492,2.73080784709139,0.3781028063949181,53125.887109870644,search_artifacts/titantpp_additional_tpp_20260930_v1/retrieved/terminal_5080_20261001_v1/original/run/intermittent_frozen_5000__62__attnhp_matched_head/runs/attnhp_matched_head/count_only_log_regression/seed_62/endpoint_replays.json
intermittent_frozen_5000,attnhp_matched_head,62,145,quantity,3,"[2, 31, 46, 187]","(46,187]",3405,5.785224690486331,7.909199353866119,0.1246802716586914,213001.25419736316,search_artifacts/titantpp_additional_tpp_20260930_v1/retrieved/terminal_5080_20261001_v1/original/run/intermittent_frozen_5000__62__attnhp_matched_head/runs/attnhp_matched_head/count_only_log_regression/seed_62/endpoint_replays.json
intermittent_frozen_5000,attnhp_matched_head,62,145,quantity,4,"[2, 31, 46, 187]",>187,1141,12.349107787444025,17.08922505391073,0.5628793521960166,333219.4803682028,search_artifacts/titantpp_additional_tpp_20260930_v1/retrieved/terminal_5080_20261001_v1/original/run/intermittent_frozen_5000__62__attnhp_matched_head/runs/attnhp_matched_head/count_only_log_regression/seed_62/endpoint_replays.json
intermittent_frozen_5000,attnhp_matched_head,62,145,history,0,"[64, 128]",<=64,25088,0.9651709173815515,2.182392180787078,0.27853206652875595,119490.02030452137,search_artifacts/titantpp_additional_tpp_20260930_v1/retrieved/terminal_5080_20261001_v1/original/run/intermittent_frozen_5000__62__attnhp_matched_head/runs/attnhp_matched_head/count_only_log_regression/seed_62/endpoint_replays.json
intermittent_frozen_5000,attnhp_matched_head,62,145,history,1,"[64, 128]","(64,128]",28456,1.8305222554855511,4.34657439517278,0.3701430545497109,537610.9265291892,search_artifacts/titantpp_additional_tpp_20260930_v1/retrieved/terminal_5080_20261001_v1/original/run/intermittent_frozen_5000__62__attnhp_matched_head/runs/attnhp_matched_head/count_only_log_regression/seed_62/endpoint_replays.json
intermittent_frozen_5000,attnhp_matched_head,62,145,history,2,"[64, 128]",>128,32741,0.17162158732189817,0.6360309189730267,0.4141409695620045,13244.891235917778,search_artifacts/titantpp_additional_tpp_20260930_v1/retrieved/terminal_5080_20261001_v1/original/run/intermittent_frozen_5000__62__attnhp_matched_head/runs/attnhp_matched_head/count_only_log_regression/seed_62/endpoint_replays.json
raf_spare_parts,titantpp_history_mlp,42,9,quantity,0,"[2.0, 30.0, 60.0, 200.0]",<=2,3626,2.0829234875438627,6.476806716078169,3.478256071946336,152107.1655109403,search_artifacts/titantpp_raf_5080_20260930_v1/retrieved/terminal_20261001_v2/original/run/raf_spare_parts__42__titantpp_history_mlp/runs/titantpp_history_mlp/count_only_log_regression/seed_42/endpoint_replays.json
raf_spare_parts,titantpp_history_mlp,42,9,quantity,1,"[2.0, 30.0, 60.0, 200.0]","(2,30]",2555,7.531689680275852,14.307026388763934,3.6266864711664906,522985.5154468522,search_artifacts/titantpp_raf_5080_20260930_v1/retrieved/terminal_20261001_v2/original/run/raf_spare_parts__42__titantpp_history_mlp/runs/titantpp_history_mlp/count_only_log_regression/seed_42/endpoint_replays.json
raf_spare_parts,titantpp_history_mlp,42,9,quantity,2,"[2.0, 30.0, 60.0, 200.0]","(30,60]",235,24.947544803010658,30.48346757871897,3.6927164145435962,218371.82197136048,search_artifacts/titantpp_raf_5080_20260930_v1/retrieved/terminal_20261001_v2/original/run/raf_spare_parts__42__titantpp_history_mlp/runs/titantpp_history_mlp/count_only_log_regression/seed_42/endpoint_replays.json
raf_spare_parts,titantpp_history_mlp,42,9,quantity,3,"[2.0, 30.0, 60.0, 200.0]","(60,200]",224,69.07605079082506,81.74541207934786,3.9273633225323934,1496837.9767090157,search_artifacts/titantpp_raf_5080_20260930_v1/retrieved/terminal_20261001_v2/original/run/raf_spare_parts__42__titantpp_history_mlp/runs/titantpp_history_mlp/count_only_log_regression/seed_42/endpoint_replays.json
raf_spare_parts,titantpp_history_mlp,42,9,quantity,4,"[2.0, 30.0, 60.0, 200.0]",>200,50,279.93349970579146,325.50307377714665,3.6690496757787376,5297612.551918529,search_artifacts/titantpp_raf_5080_20260930_v1/retrieved/terminal_20261001_v2/original/run/raf_spare_parts__42__titantpp_history_mlp/runs/titantpp_history_mlp/count_only_log_regression/seed_42/endpoint_replays.json
raf_spare_parts,titantpp_history_mlp,42,9,history,0,"[64, 128]",<=64,6690,9.286775947695178,33.899338881685445,3.5589403103380777,7687915.031556697,search_artifacts/titantpp_raf_5080_20260930_v1/retrieved/terminal_20261001_v2/original/run/raf_spare_parts__42__titantpp_history_mlp/runs/titantpp_history_mlp/count_only_log_regression/seed_42/endpoint_replays.json
raf_spare_parts,titantpp_history_mlp,42,9,history,1,"[64, 128]","(64,128]",0,,,,0.0,search_artifacts/titantpp_raf_5080_20260930_v1/retrieved/terminal_20261001_v2/original/run/raf_spare_parts__42__titantpp_history_mlp/runs/titantpp_history_mlp/count_only_log_regression/seed_42/endpoint_replays.json
raf_spare_parts,titantpp_history_mlp,42,9,history,2,"[64, 128]",>128,0,,,,0.0,search_artifacts/titantpp_raf_5080_20260930_v1/retrieved/terminal_20261001_v2/original/run/raf_spare_parts__42__titantpp_history_mlp/runs/titantpp_history_mlp/count_only_log_regression/seed_42/endpoint_replays.json
raf_spare_parts,titantpp_history_mlp,52,5,quantity,0,"[2.0, 30.0, 60.0, 200.0]",<=2,3626,2.1418736454734337,6.5836536279185545,3.440667279899926,157167.13920506104,search_artifacts/titantpp_raf_5080_20260930_v1/retrieved/terminal_20261001_v2/original/run/raf_spare_parts__52__titantpp_history_mlp/runs/titantpp_history_mlp/count_only_log_regression/seed_52/endpoint_replays.json
raf_spare_parts,titantpp_history_mlp,52,5,quantity,1,"[2.0, 30.0, 60.0, 200.0]","(2,30]",2555,7.46801472050803,14.374198278482305,3.5049227595469663,527907.907061011,search_artifacts/titantpp_raf_5080_20260930_v1/retrieved/terminal_20261001_v2/original/run/raf_spare_parts__52__titantpp_history_mlp/runs/titantpp_history_mlp/count_only_log_regression/seed_52/endpoint_replays.json
raf_spare_parts,titantpp_history_mlp,52,5,quantity,2,"[2.0, 30.0, 60.0, 200.0]","(30,60]",235,25.34240485201491,31.19529565830885,3.4747115306454988,228689.4207341862,search_artifacts/titantpp_raf_5080_20260930_v1/retrieved/terminal_20261001_v2/original/run/raf_spare_parts__52__titantpp_history_mlp/runs/titantpp_history_mlp/count_only_log_regression/seed_52/endpoint_replays.json
raf_spare_parts,titantpp_history_mlp,52,5,quantity,3,"[2.0, 30.0, 60.0, 200.0]","(60,200]",224,69.5392779558897,82.28901187752217,3.6219314175830957,1516811.8505744927,search_artifacts/titantpp_raf_5080_20260930_v1/retrieved/terminal_20261001_v2/original/run/raf_spare_parts__52__titantpp_history_mlp/runs/titantpp_history_mlp/count_only_log_regression/seed_52/endpoint_replays.json
raf_spare_parts,titantpp_history_mlp,52,5,quantity,4,"[2.0, 30.0, 60.0, 200.0]",>200,50,278.3629055738449,324.8021911089686,3.33701993704056,5274823.167459347,search_artifacts/titantpp_raf_5080_20260930_v1/retrieved/terminal_20261001_v2/original/run/raf_spare_parts__52__titantpp_history_mlp/runs/titantpp_history_mlp/count_only_log_regression/seed_52/endpoint_replays.json
raf_spare_parts,titantpp_history_mlp,52,5,history,0,"[64, 128]",<=64,6690,9.3120508416173,33.9378652439206,3.4716977655683054,7705399.485034098,search_artifacts/titantpp_raf_5080_20260930_v1/retrieved/terminal_20261001_v2/original/run/raf_spare_parts__52__titantpp_history_mlp/runs/titantpp_history_mlp/count_only_log_regression/seed_52/endpoint_replays.json
raf_spare_parts,titantpp_history_mlp,52,5,history,1,"[64, 128]","(64,128]",0,,,,0.0,search_artifacts/titantpp_raf_5080_20260930_v1/retrieved/terminal_20261001_v2/original/run/raf_spare_parts__52__titantpp_history_mlp/runs/titantpp_history_mlp/count_only_log_regression/seed_52/endpoint_replays.json
raf_spare_parts,titantpp_history_mlp,52,5,history,2,"[64, 128]",>128,0,,,,0.0,search_artifacts/titantpp_raf_5080_20260930_v1/retrieved/terminal_20261001_v2/original/run/raf_spare_parts__52__titantpp_history_mlp/runs/titantpp_history_mlp/count_only_log_regression/seed_52/endpoint_replays.json
raf_spare_parts,titantpp_history_mlp,62,20,quantity,0,"[2.0, 30.0, 60.0, 200.0]",<=2,3626,1.7256420061888118,6.1297467875104035,3.5255256831809665,136242.58313203265,search_artifacts/titantpp_raf_5080_20260930_v1/retrieved/terminal_20261001_v2/original/run/raf_spare_parts__62__titantpp_history_mlp/runs/titantpp_history_mlp/count_only_log_regression/seed_62/endpoint_replays.json
raf_spare_parts,titantpp_history_mlp,62,20,quantity,1,"[2.0, 30.0, 60.0, 200.0]","(2,30]",2555,7.423377470027678,14.330193383767842,3.6690256155420564,524680.6003733492,search_artifacts/titantpp_raf_5080_20260930_v1/retrieved/terminal_20261001_v2/original/run/raf_spare_parts__62__titantpp_history_mlp/runs/titantpp_history_mlp/count_only_log_regression/seed_62/endpoint_replays.json
raf_spare_parts,titantpp_history_mlp,62,20,quantity,2,"[2.0, 30.0, 60.0, 200.0]","(30,60]",235,26.398533317890575,31.2110481357649,3.757951673906388,228920.43854726292,search_artifacts/titantpp_raf_5080_20260930_v1/retrieved/terminal_20261001_v2/original/run/raf_spare_parts__62__titantpp_history_mlp/runs/titantpp_history_mlp/count_only_log_regression/seed_62/endpoint_replays.json
raf_spare_parts,titantpp_history_mlp,62,20,quantity,3,"[2.0, 30.0, 60.0, 200.0]","(60,200]",224,69.5527614057064,81.76084744580687,3.92912737823242,1497403.3032126569,search_artifacts/titantpp_raf_5080_20260930_v1/retrieved/terminal_20261001_v2/original/run/raf_spare_parts__62__titantpp_history_mlp/runs/titantpp_history_mlp/count_only_log_regression/seed_62/endpoint_replays.json
raf_spare_parts,titantpp_history_mlp,62,20,quantity,4,"[2.0, 30.0, 60.0, 200.0]",>200,50,284.5208019089699,327.2046015480963,3.6903777982704167,5353142.563712424,search_artifacts/titantpp_raf_5080_20260930_v1/retrieved/terminal_20261001_v2/original/run/raf_spare_parts__62__titantpp_history_mlp/runs/titantpp_history_mlp/count_only_log_regression/seed_62/endpoint_replays.json
raf_spare_parts,titantpp_history_mlp,62,20,history,0,"[64, 128]",<=64,6690,9.15297777733817,34.01483341461304,3.603240454548537,7740389.488977727,search_artifacts/titantpp_raf_5080_20260930_v1/retrieved/terminal_20261001_v2/original/run/raf_spare_parts__62__titantpp_history_mlp/runs/titantpp_history_mlp/count_only_log_regression/seed_62/endpoint_replays.json
raf_spare_parts,titantpp_history_mlp,62,20,history,1,"[64, 128]","(64,128]",0,,,,0.0,search_artifacts/titantpp_raf_5080_20260930_v1/retrieved/terminal_20261001_v2/original/run/raf_spare_parts__62__titantpp_history_mlp/runs/titantpp_history_mlp/count_only_log_regression/seed_62/endpoint_replays.json
raf_spare_parts,titantpp_history_mlp,62,20,history,2,"[64, 128]",>128,0,,,,0.0,search_artifacts/titantpp_raf_5080_20260930_v1/retrieved/terminal_20261001_v2/original/run/raf_spare_parts__62__titantpp_history_mlp/runs/titantpp_history_mlp/count_only_log_regression/seed_62/endpoint_replays.json
raf_spare_parts,rmtpp,42,30,quantity,0,"[2.0, 30.0, 60.0, 200.0]",<=2,3626,1.8743718471634934,5.875902057588518,3.6645954823325844,125192.0918150924,search_artifacts/titantpp_raf_5080_20260930_v1/retrieved/terminal_20261001_v2/original/run/raf_spare_parts__42__rmtpp/runs/rmtpp/count_only_log_regression/seed_42/endpoint_replays.json
raf_spare_parts,rmtpp,42,30,quantity,1,"[2.0, 30.0, 60.0, 200.0]","(2,30]",2555,6.87733454580643,12.783643144135585,3.7147598657348735,417542.01435352507,search_artifacts/titantpp_raf_5080_20260930_v1/retrieved/terminal_20261001_v2/original/run/raf_spare_parts__42__rmtpp/runs/rmtpp/count_only_log_regression/seed_42/endpoint_replays.json
raf_spare_parts,rmtpp,42,30,quantity,2,"[2.0, 30.0, 60.0, 200.0]","(30,60]",235,25.542646583597712,29.554877190124852,3.699007685654356,205270.3299449901,search_artifacts/titantpp_raf_5080_20260930_v1/retrieved/terminal_20261001_v2/original/run/raf_spare_parts__42__rmtpp/runs/rmtpp/count_only_log_regression/seed_42/endpoint_replays.json
raf_spare_parts,rmtpp,42,30,quantity,3,"[2.0, 30.0, 60.0, 200.0]","(60,200]",224,69.41442131463971,81.70588294079839,3.7953654667560963,1495390.6927983405,search_artifacts/titantpp_raf_5080_20260930_v1/retrieved/terminal_20261001_v2/original/run/raf_spare_parts__42__rmtpp/runs/rmtpp/count_only_log_regression/seed_42/endpoint_replays.json
raf_spare_parts,rmtpp,42,30,quantity,4,"[2.0, 30.0, 60.0, 200.0]",>200,50,295.8551569700241,341.33016352803503,3.475045631951177,5825314.026703757,search_artifacts/titantpp_raf_5080_20260930_v1/retrieved/terminal_20261001_v2/original/run/raf_spare_parts__42__rmtpp/runs/rmtpp/count_only_log_regression/seed_42/endpoint_replays.json
raf_spare_parts,rmtpp,42,30,history,0,"[64, 128]",<=64,6690,9.075063116962065,34.72873558852717,3.6879246080971972,8068709.155615706,search_artifacts/titantpp_raf_5080_20260930_v1/retrieved/terminal_20261001_v2/original/run/raf_spare_parts__42__rmtpp/runs/rmtpp/count_only_log_regression/seed_42/endpoint_replays.json
raf_spare_parts,rmtpp,42,30,history,1,"[64, 128]","(64,128]",0,,,,0.0,search_artifacts/titantpp_raf_5080_20260930_v1/retrieved/terminal_20261001_v2/original/run/raf_spare_parts__42__rmtpp/runs/rmtpp/count_only_log_regression/seed_42/endpoint_replays.json
raf_spare_parts,rmtpp,42,30,history,2,"[64, 128]",>128,0,,,,0.0,search_artifacts/titantpp_raf_5080_20260930_v1/retrieved/terminal_20261001_v2/original/run/raf_spare_parts__42__rmtpp/runs/rmtpp/count_only_log_regression/seed_42/endpoint_replays.json
raf_spare_parts,rmtpp,52,15,quantity,0,"[2.0, 30.0, 60.0, 200.0]",<=2,3626,1.938629521251185,6.618818382245994,3.3923325342033506,158850.552073973,search_artifacts/titantpp_raf_5080_20260930_v1/retrieved/terminal_20261001_v2/original/run/raf_spare_parts__52__rmtpp/runs/rmtpp/count_only_log_regression/seed_52/endpoint_replays.json
raf_spare_parts,rmtpp,52,15,quantity,1,"[2.0, 30.0, 60.0, 200.0]","(2,30]",2555,7.3210103854041275,14.069240191524761,3.463924996969477,505745.6924932141,search_artifacts/titantpp_raf_5080_20260930_v1/retrieved/terminal_20261001_v2/original/run/raf_spare_parts__52__rmtpp/runs/rmtpp/count_only_log_regression/seed_52/endpoint_replays.json
raf_spare_parts,rmtpp,52,15,quantity,2,"[2.0, 30.0, 60.0, 200.0]","(30,60]",235,26.40681771014599,30.855676804260735,3.4792100570109263,223737.1058965136,search_artifacts/titantpp_raf_5080_20260930_v1/retrieved/terminal_20261001_v2/original/run/raf_spare_parts__52__rmtpp/runs/rmtpp/count_only_log_regression/seed_52/endpoint_replays.json
raf_spare_parts,rmtpp,52,15,quantity,3,"[2.0, 30.0, 60.0, 200.0]","(60,200]",224,66.5227809548378,78.9013426427811,3.607830133366464,1394494.499066715,search_artifacts/titantpp_raf_5080_20260930_v1/retrieved/terminal_20261001_v2/original/run/raf_spare_parts__52__rmtpp/runs/rmtpp/count_only_log_regression/seed_52/endpoint_replays.json
raf_spare_parts,rmtpp,52,15,quantity,4,"[2.0, 30.0, 60.0, 200.0]",>200,50,287.38410785675046,333.80471541496627,3.289811310062589,5571279.40166333,search_artifacts/titantpp_raf_5080_20260930_v1/retrieved/terminal_20261001_v2/original/run/raf_spare_parts__52__rmtpp/runs/rmtpp/count_only_log_regression/seed_52/endpoint_replays.json
raf_spare_parts,rmtpp,52,15,history,0,"[64, 128]",<=64,6690,9.149560936826584,34.26378646557772,3.4291756375266287,7854107.25119375,search_artifacts/titantpp_raf_5080_20260930_v1/retrieved/terminal_20261001_v2/original/run/raf_spare_parts__52__rmtpp/runs/rmtpp/count_only_log_regression/seed_52/endpoint_replays.json
raf_spare_parts,rmtpp,52,15,history,1,"[64, 128]","(64,128]",0,,,,0.0,search_artifacts/titantpp_raf_5080_20260930_v1/retrieved/terminal_20261001_v2/original/run/raf_spare_parts__52__rmtpp/runs/rmtpp/count_only_log_regression/seed_52/endpoint_replays.json
raf_spare_parts,rmtpp,52,15,history,2,"[64, 128]",>128,0,,,,0.0,search_artifacts/titantpp_raf_5080_20260930_v1/retrieved/terminal_20261001_v2/original/run/raf_spare_parts__52__rmtpp/runs/rmtpp/count_only_log_regression/seed_52/endpoint_replays.json
raf_spare_parts,rmtpp,62,8,quantity,0,"[2.0, 30.0, 60.0, 200.0]",<=2,3626,2.135032077849536,5.951573621238164,3.4030874675173384,128437.3747912591,search_artifacts/titantpp_raf_5080_20260930_v1/retrieved/terminal_20261001_v2/original/run/raf_spare_parts__62__rmtpp/runs/rmtpp/count_only_log_regression/seed_62/endpoint_replays.json
raf_spare_parts,rmtpp,62,8,quantity,1,"[2.0, 30.0, 60.0, 200.0]","(2,30]",2555,6.865493140388608,12.387475952246485,3.472270077184503,392063.626994424,search_artifacts/titantpp_raf_5080_20260930_v1/retrieved/terminal_20261001_v2/original/run/raf_spare_parts__62__rmtpp/runs/rmtpp/count_only_log_regression/seed_62/endpoint_replays.json
raf_spare_parts,rmtpp,62,8,quantity,2,"[2.0, 30.0, 60.0, 200.0]","(30,60]",235,24.242516025583793,28.058814824871316,3.496689091280355,185014.8160034583,search_artifacts/titantpp_raf_5080_20260930_v1/retrieved/terminal_20261001_v2/original/run/raf_spare_parts__62__rmtpp/runs/rmtpp/count_only_log_regression/seed_62/endpoint_replays.json
raf_spare_parts,rmtpp,62,8,quantity,3,"[2.0, 30.0, 60.0, 200.0]","(60,200]",224,69.70483587362936,81.629187169741,3.646752553795736,1492584.6203503446,search_artifacts/titantpp_raf_5080_20260930_v1/retrieved/terminal_20261001_v2/original/run/raf_spare_parts__62__rmtpp/runs/rmtpp/count_only_log_regression/seed_62/endpoint_replays.json
raf_spare_parts,rmtpp,62,8,quantity,4,"[2.0, 30.0, 60.0, 200.0]",>200,50,296.941097843647,341.7012360949587,3.305253449183727,5837986.737441136,search_artifacts/titantpp_raf_5080_20260930_v1/retrieved/terminal_20261001_v2/original/run/raf_spare_parts__62__rmtpp/runs/rmtpp/count_only_log_regression/seed_62/endpoint_replays.json
raf_spare_parts,rmtpp,62,8,history,0,"[64, 128]",<=64,6690,9.183989638544519,34.65845993950495,3.440224571806367,8036087.175580623,search_artifacts/titantpp_raf_5080_20260930_v1/retrieved/terminal_20261001_v2/original/run/raf_spare_parts__62__rmtpp/runs/rmtpp/count_only_log_regression/seed_62/endpoint_replays.json
raf_spare_parts,rmtpp,62,8,history,1,"[64, 128]","(64,128]",0,,,,0.0,search_artifacts/titantpp_raf_5080_20260930_v1/retrieved/terminal_20261001_v2/original/run/raf_spare_parts__62__rmtpp/runs/rmtpp/count_only_log_regression/seed_62/endpoint_replays.json
raf_spare_parts,rmtpp,62,8,history,2,"[64, 128]",>128,0,,,,0.0,search_artifacts/titantpp_raf_5080_20260930_v1/retrieved/terminal_20261001_v2/original/run/raf_spare_parts__62__rmtpp/runs/rmtpp/count_only_log_regression/seed_62/endpoint_replays.json
raf_spare_parts,nhp,42,4,quantity,0,"[2.0, 30.0, 60.0, 200.0]",<=2,3626,1.559001604365303,4.7556810615224885,3.326046809224728,82007.4375534572,search_artifacts/titantpp_raf_5080_20260930_v1/retrieved/terminal_20261001_v2/original/run/raf_spare_parts__42__nhp/runs/nhp/count_only_log_regression/seed_42/endpoint_replays.json
raf_spare_parts,nhp,42,4,quantity,1,"[2.0, 30.0, 60.0, 200.0]","(2,30]",2555,6.21948364228885,10.199389076380948,3.3711516735085003,265790.3583927245,search_artifacts/titantpp_raf_5080_20260930_v1/retrieved/terminal_20261001_v2/original/run/raf_spare_parts__42__nhp/runs/nhp/count_only_log_regression/seed_42/endpoint_replays.json
raf_spare_parts,nhp,42,4,quantity,2,"[2.0, 30.0, 60.0, 200.0]","(30,60]",235,26.988715723220338,29.430014287880482,3.3619612696593677,203539.5491314396,search_artifacts/titantpp_raf_5080_20260930_v1/retrieved/terminal_20261001_v2/original/run/raf_spare_parts__42__nhp/runs/nhp/count_only_log_regression/seed_42/endpoint_replays.json
raf_spare_parts,nhp,42,4,quantity,3,"[2.0, 30.0, 60.0, 200.0]","(60,200]",224,77.38025875708887,88.75209047805437,3.4889299015433735,1764433.1183863438,search_artifacts/titantpp_raf_5080_20260930_v1/retrieved/terminal_20261001_v2/original/run/raf_spare_parts__42__nhp/runs/nhp/count_only_log_regression/seed_42/endpoint_replays.json
raf_spare_parts,nhp,42,4,quantity,4,"[2.0, 30.0, 60.0, 200.0]",>200,50,313.9649338459969,357.120945013892,3.2008802236667915,6376768.468380764,search_artifacts/titantpp_raf_5080_20260930_v1/retrieved/terminal_20261001_v2/original/run/raf_spare_parts__42__nhp/runs/nhp/count_only_log_regression/seed_42/endpoint_replays.json
raf_spare_parts,nhp,42,4,history,0,"[64, 128]",<=64,6690,9.105753867312576,36.046264351092866,3.349052834613168,8692538.93184473,search_artifacts/titantpp_raf_5080_20260930_v1/retrieved/terminal_20261001_v2/original/run/raf_spare_parts__42__nhp/runs/nhp/count_only_log_regression/seed_42/endpoint_replays.json
raf_spare_parts,nhp,42,4,history,1,"[64, 128]","(64,128]",0,,,,0.0,search_artifacts/titantpp_raf_5080_20260930_v1/retrieved/terminal_20261001_v2/original/run/raf_spare_parts__42__nhp/runs/nhp/count_only_log_regression/seed_42/endpoint_replays.json
raf_spare_parts,nhp,42,4,history,2,"[64, 128]",>128,0,,,,0.0,search_artifacts/titantpp_raf_5080_20260930_v1/retrieved/terminal_20261001_v2/original/run/raf_spare_parts__42__nhp/runs/nhp/count_only_log_regression/seed_42/endpoint_replays.json
raf_spare_parts,nhp,52,15,quantity,0,"[2.0, 30.0, 60.0, 200.0]",<=2,3626,1.5651020012504149,4.414722214593128,3.331349627518549,70669.91411331198,search_artifacts/titantpp_raf_5080_20260930_v1/retrieved/terminal_20261001_v2/original/run/raf_spare_parts__52__nhp/runs/nhp/count_only_log_regression/seed_52/endpoint_replays.json
raf_spare_parts,nhp,52,15,quantity,1,"[2.0, 30.0, 60.0, 200.0]","(2,30]",2555,5.9435398266040185,9.897124009624799,3.3901569316310383,250270.07765613313,search_artifacts/titantpp_raf_5080_20260930_v1/retrieved/terminal_20261001_v2/original/run/raf_spare_parts__52__nhp/runs/nhp/count_only_log_regression/seed_52/endpoint_replays.json
raf_spare_parts,nhp,52,15,quantity,2,"[2.0, 30.0, 60.0, 200.0]","(30,60]",235,28.584002445606476,30.908076587632216,3.4441089365855833,224497.66161153064,search_artifacts/titantpp_raf_5080_20260930_v1/retrieved/terminal_20261001_v2/original/run/raf_spare_parts__52__nhp/runs/nhp/count_only_log_regression/seed_52/endpoint_replays.json
raf_spare_parts,nhp,52,15,quantity,3,"[2.0, 30.0, 60.0, 200.0]","(60,200]",224,80.35179166655455,90.70587899870016,3.57582551588846,1842972.6526236108,search_artifacts/titantpp_raf_5080_20260930_v1/retrieved/terminal_20261001_v2/original/run/raf_spare_parts__52__nhp/runs/nhp/count_only_log_regression/seed_52/endpoint_replays.json
raf_spare_parts,nhp,52,15,quantity,4,"[2.0, 30.0, 60.0, 200.0]",>200,50,313.40288856267927,356.2937786011173,3.2414002548552436,6347262.8334931005,search_artifacts/titantpp_raf_5080_20260930_v1/retrieved/terminal_20261001_v2/original/run/raf_spare_parts__52__nhp/runs/nhp/count_only_log_regression/seed_52/endpoint_replays.json
raf_spare_parts,nhp,52,15,history,0,"[64, 128]",<=64,6690,9.155006046288038,36.135588252309674,3.365283294185194,8735673.139497684,search_artifacts/titantpp_raf_5080_20260930_v1/retrieved/terminal_20261001_v2/original/run/raf_spare_parts__52__nhp/runs/nhp/count_only_log_regression/seed_52/endpoint_replays.json
raf_spare_parts,nhp,52,15,history,1,"[64, 128]","(64,128]",0,,,,0.0,search_artifacts/titantpp_raf_5080_20260930_v1/retrieved/terminal_20261001_v2/original/run/raf_spare_parts__52__nhp/runs/nhp/count_only_log_regression/seed_52/endpoint_replays.json
raf_spare_parts,nhp,52,15,history,2,"[64, 128]",>128,0,,,,0.0,search_artifacts/titantpp_raf_5080_20260930_v1/retrieved/terminal_20261001_v2/original/run/raf_spare_parts__52__nhp/runs/nhp/count_only_log_regression/seed_52/endpoint_replays.json
raf_spare_parts,nhp,62,8,quantity,0,"[2.0, 30.0, 60.0, 200.0]",<=2,3626,1.7003515408766317,4.104082859931481,3.4216353227262397,61074.516935410866,search_artifacts/titantpp_raf_5080_20260930_v1/retrieved/terminal_20261001_v2/original/run/raf_spare_parts__62__nhp/runs/nhp/count_only_log_regression/seed_62/endpoint_replays.json
raf_spare_parts,nhp,62,8,quantity,1,"[2.0, 30.0, 60.0, 200.0]","(2,30]",2555,5.641701041089112,9.09986745368175,3.4794959257233415,211573.38650854267,search_artifacts/titantpp_raf_5080_20260930_v1/retrieved/terminal_20261001_v2/original/run/raf_spare_parts__62__nhp/runs/nhp/count_only_log_regression/seed_62/endpoint_replays.json
raf_spare_parts,nhp,62,8,quantity,2,"[2.0, 30.0, 60.0, 200.0]","(30,60]",235,29.09058812222582,30.947853346809204,3.4823375508108745,225075.86229226826,search_artifacts/titantpp_raf_5080_20260930_v1/retrieved/terminal_20261001_v2/original/run/raf_spare_parts__62__nhp/runs/nhp/count_only_log_regression/seed_62/endpoint_replays.json
raf_spare_parts,nhp,62,8,quantity,3,"[2.0, 30.0, 60.0, 200.0]","(60,200]",224,83.42481596714684,93.26907349066492,3.6358569164038106,1948602.89563678,search_artifacts/titantpp_raf_5080_20260930_v1/retrieved/terminal_20261001_v2/original/run/raf_spare_parts__62__nhp/runs/nhp/count_only_log_regression/seed_62/endpoint_replays.json
raf_spare_parts,nhp,62,8,quantity,4,"[2.0, 30.0, 60.0, 200.0]",>200,50,319.19298503875734,361.4870625104293,3.350311699407376,6533644.818120951,search_artifacts/titantpp_raf_5080_20260930_v1/retrieved/terminal_20261001_v2/original/run/raf_spare_parts__62__nhp/runs/nhp/count_only_log_regression/seed_62/endpoint_replays.json
raf_spare_parts,nhp,62,8,history,0,"[64, 128]",<=64,6690,9.276998069432462,36.637380911357994,3.452505026773373,8979971.479493951,search_artifacts/titantpp_raf_5080_20260930_v1/retrieved/terminal_20261001_v2/original/run/raf_spare_parts__62__nhp/runs/nhp/count_only_log_regression/seed_62/endpoint_replays.json
raf_spare_parts,nhp,62,8,history,1,"[64, 128]","(64,128]",0,,,,0.0,search_artifacts/titantpp_raf_5080_20260930_v1/retrieved/terminal_20261001_v2/original/run/raf_spare_parts__62__nhp/runs/nhp/count_only_log_regression/seed_62/endpoint_replays.json
raf_spare_parts,nhp,62,8,history,2,"[64, 128]",>128,0,,,,0.0,search_artifacts/titantpp_raf_5080_20260930_v1/retrieved/terminal_20261001_v2/original/run/raf_spare_parts__62__nhp/runs/nhp/count_only_log_regression/seed_62/endpoint_replays.json
raf_spare_parts,thp,42,50,quantity,0,"[2.0, 30.0, 60.0, 200.0]",<=2,3626,1.904726658482875,7.130779400495631,3.350600263340869,184374.90187704004,search_artifacts/titantpp_raf_5080_20260930_v1/retrieved/terminal_20261001_v2/original/run/raf_spare_parts__42__thp/runs/thp/count_only_log_regression/seed_42/endpoint_replays.json
raf_spare_parts,thp,42,50,quantity,1,"[2.0, 30.0, 60.0, 200.0]","(2,30]",2555,7.409929671119571,14.603328650895643,3.4080159908632637,544872.1656379077,search_artifacts/titantpp_raf_5080_20260930_v1/retrieved/terminal_20261001_v2/original/run/raf_spare_parts__42__thp/runs/thp/count_only_log_regression/seed_42/endpoint_replays.json
raf_spare_parts,thp,42,50,quantity,2,"[2.0, 30.0, 60.0, 200.0]","(30,60]",235,28.128096112291864,32.89474933570952,3.421788594377232,254285.16545690302,search_artifacts/titantpp_raf_5080_20260930_v1/retrieved/terminal_20261001_v2/original/run/raf_spare_parts__42__thp/runs/thp/count_only_log_regression/seed_42/endpoint_replays.json
raf_spare_parts,thp,42,50,quantity,3,"[2.0, 30.0, 60.0, 200.0]","(60,200]",224,65.10440246175442,78.01524961079824,3.5208462634961935,1363348.9344910744,search_artifacts/titantpp_raf_5080_20260930_v1/retrieved/terminal_20261001_v2/original/run/raf_spare_parts__42__thp/runs/thp/count_only_log_regression/seed_42/endpoint_replays.json
raf_spare_parts,thp,42,50,quantity,4,"[2.0, 30.0, 60.0, 200.0]",>200,50,292.48910361766815,339.5132997458737,3.17540668504471,5763464.035216575,search_artifacts/titantpp_raf_5080_20260930_v1/retrieved/terminal_20261001_v2/original/run/raf_spare_parts__42__thp/runs/thp/count_only_log_regression/seed_42/endpoint_replays.json
raf_spare_parts,thp,42,50,history,0,"[64, 128]",<=64,6690,9.216271015257757,34.8182236760018,3.3794196754086205,8110345.202679498,search_artifacts/titantpp_raf_5080_20260930_v1/retrieved/terminal_20261001_v2/original/run/raf_spare_parts__42__thp/runs/thp/count_only_log_regression/seed_42/endpoint_replays.json
raf_spare_parts,thp,42,50,history,1,"[64, 128]","(64,128]",0,,,,0.0,search_artifacts/titantpp_raf_5080_20260930_v1/retrieved/terminal_20261001_v2/original/run/raf_spare_parts__42__thp/runs/thp/count_only_log_regression/seed_42/endpoint_replays.json
raf_spare_parts,thp,42,50,history,2,"[64, 128]",>128,0,,,,0.0,search_artifacts/titantpp_raf_5080_20260930_v1/retrieved/terminal_20261001_v2/original/run/raf_spare_parts__42__thp/runs/thp/count_only_log_regression/seed_42/endpoint_replays.json
raf_spare_parts,thp,52,15,quantity,0,"[2.0, 30.0, 60.0, 200.0]",<=2,3626,1.8285539896200194,6.219727550240596,3.3631678000441156,140271.84915797855,search_artifacts/titantpp_raf_5080_20260930_v1/retrieved/terminal_20261001_v2/original/run/raf_spare_parts__52__thp/runs/thp/count_only_log_regression/seed_52/endpoint_replays.json
raf_spare_parts,thp,52,15,quantity,1,"[2.0, 30.0, 60.0, 200.0]","(2,30]",2555,7.192003076090505,14.047430473708488,3.4087598160593364,504178.92394443677,search_artifacts/titantpp_raf_5080_20260930_v1/retrieved/terminal_20261001_v2/original/run/raf_spare_parts__52__thp/runs/thp/count_only_log_regression/seed_52/endpoint_replays.json
raf_spare_parts,thp,52,15,quantity,2,"[2.0, 30.0, 60.0, 200.0]","(30,60]",235,28.225080623525255,31.908766887880574,3.4055597433930926,239269.81001169942,search_artifacts/titantpp_raf_5080_20260930_v1/retrieved/terminal_20261001_v2/original/run/raf_spare_parts__52__thp/runs/thp/count_only_log_regression/seed_52/endpoint_replays.json
raf_spare_parts,thp,52,15,quantity,3,"[2.0, 30.0, 60.0, 200.0]","(60,200]",224,66.53005757661802,80.06684969959905,3.4889757255087557,1435996.894263273,search_artifacts/titantpp_raf_5080_20260930_v1/retrieved/terminal_20261001_v2/original/run/raf_spare_parts__52__thp/runs/thp/count_only_log_regression/seed_52/endpoint_replays.json
raf_spare_parts,thp,52,15,quantity,4,"[2.0, 30.0, 60.0, 200.0]",>200,50,297.1316359949112,343.09406255461874,3.1460200135410865,5885676.788011633,search_artifacts/titantpp_raf_5080_20260930_v1/retrieved/terminal_20261001_v2/original/run/raf_spare_parts__52__thp/runs/thp/count_only_log_regression/seed_52/endpoint_replays.json
raf_spare_parts,thp,52,15,history,0,"[64, 128]",<=64,6690,9.177595406458874,35.0216551956657,3.3846585763647177,8205394.265389019,search_artifacts/titantpp_raf_5080_20260930_v1/retrieved/terminal_20261001_v2/original/run/raf_spare_parts__52__thp/runs/thp/count_only_log_regression/seed_52/endpoint_replays.json
raf_spare_parts,thp,52,15,history,1,"[64, 128]","(64,128]",0,,,,0.0,search_artifacts/titantpp_raf_5080_20260930_v1/retrieved/terminal_20261001_v2/original/run/raf_spare_parts__52__thp/runs/thp/count_only_log_regression/seed_52/endpoint_replays.json
raf_spare_parts,thp,52,15,history,2,"[64, 128]",>128,0,,,,0.0,search_artifacts/titantpp_raf_5080_20260930_v1/retrieved/terminal_20261001_v2/original/run/raf_spare_parts__52__thp/runs/thp/count_only_log_regression/seed_52/endpoint_replays.json
raf_spare_parts,thp,62,20,quantity,0,"[2.0, 30.0, 60.0, 200.0]",<=2,3626,2.273894414445411,7.29479877039142,3.380680917003639,192954.28707842814,search_artifacts/titantpp_raf_5080_20260930_v1/retrieved/terminal_20261001_v2/original/run/raf_spare_parts__62__thp/runs/thp/count_only_log_regression/seed_62/endpoint_replays.json
raf_spare_parts,thp,62,20,quantity,1,"[2.0, 30.0, 60.0, 200.0]","(2,30]",2555,8.432487642648402,15.853097553234585,3.4480080015277474,642124.3936927115,search_artifacts/titantpp_raf_5080_20260930_v1/retrieved/terminal_20261001_v2/original/run/raf_spare_parts__62__thp/runs/thp/count_only_log_regression/seed_62/endpoint_replays.json
raf_spare_parts,thp,62,20,quantity,2,"[2.0, 30.0, 60.0, 200.0]","(30,60]",235,24.728215599060057,29.21282781883203,3.458184270752695,200546.48765559072,search_artifacts/titantpp_raf_5080_20260930_v1/retrieved/terminal_20261001_v2/original/run/raf_spare_parts__62__thp/runs/thp/count_only_log_regression/seed_62/endpoint_replays.json
raf_spare_parts,thp,62,20,quantity,3,"[2.0, 30.0, 60.0, 200.0]","(60,200]",224,60.65000853953617,74.47021222234163,3.5678939554669435,1242262.0018906947,search_artifacts/titantpp_raf_5080_20260930_v1/retrieved/terminal_20261001_v2/original/run/raf_spare_parts__62__thp/runs/thp/count_only_log_regression/seed_62/endpoint_replays.json
raf_spare_parts,thp,62,20,quantity,4,"[2.0, 30.0, 60.0, 200.0]",>200,50,288.7282605957985,335.7344070940621,3.220559533359644,5635879.605340071,search_artifacts/titantpp_raf_5080_20260930_v1/retrieved/terminal_20261001_v2/original/run/raf_spare_parts__62__thp/runs/thp/count_only_log_regression/seed_62/endpoint_replays.json
raf_spare_parts,thp,62,20,history,0,"[64, 128]",<=64,6690,9.510208173717619,34.39367354063759,3.414188187634984,7913766.7756574955,search_artifacts/titantpp_raf_5080_20260930_v1/retrieved/terminal_20261001_v2/original/run/raf_spare_parts__62__thp/runs/thp/count_only_log_regression/seed_62/endpoint_replays.json
raf_spare_parts,thp,62,20,history,1,"[64, 128]","(64,128]",0,,,,0.0,search_artifacts/titantpp_raf_5080_20260930_v1/retrieved/terminal_20261001_v2/original/run/raf_spare_parts__62__thp/runs/thp/count_only_log_regression/seed_62/endpoint_replays.json
raf_spare_parts,thp,62,20,history,2,"[64, 128]",>128,0,,,,0.0,search_artifacts/titantpp_raf_5080_20260930_v1/retrieved/terminal_20261001_v2/original/run/raf_spare_parts__62__thp/runs/thp/count_only_log_regression/seed_62/endpoint_replays.json
raf_spare_parts,sahp,42,30,quantity,0,"[2.0, 30.0, 60.0, 200.0]",<=2,3626,1.6351080951083121,5.563914584341372,3.781889551062213,112250.60958969587,search_artifacts/titantpp_raf_5080_20260930_v1/retrieved/terminal_20261001_v2/original/run/raf_spare_parts__42__sahp/runs/sahp/count_only_log_regression/seed_42/endpoint_replays.json
raf_spare_parts,sahp,42,30,quantity,1,"[2.0, 30.0, 60.0, 200.0]","(2,30]",2555,7.326632606026711,13.487143868135465,3.817994242169627,464762.2920340483,search_artifacts/titantpp_raf_5080_20260930_v1/retrieved/terminal_20261001_v2/original/run/raf_spare_parts__42__sahp/runs/sahp/count_only_log_regression/seed_42/endpoint_replays.json
raf_spare_parts,sahp,42,30,quantity,2,"[2.0, 30.0, 60.0, 200.0]","(30,60]",235,27.127613854915538,30.87278860538654,3.7461984068605685,223985.33292412793,search_artifacts/titantpp_raf_5080_20260930_v1/retrieved/terminal_20261001_v2/original/run/raf_spare_parts__42__sahp/runs/sahp/count_only_log_regression/seed_42/endpoint_replays.json
raf_spare_parts,sahp,42,30,quantity,3,"[2.0, 30.0, 60.0, 200.0]","(60,200]",224,70.57970677422625,83.6203006145463,3.764274870533516,1566287.4471702287,search_artifacts/titantpp_raf_5080_20260930_v1/retrieved/terminal_20261001_v2/original/run/raf_spare_parts__42__sahp/runs/sahp/count_only_log_regression/seed_42/endpoint_replays.json
raf_spare_parts,sahp,42,30,quantity,4,"[2.0, 30.0, 60.0, 200.0]",>200,50,301.76875155448914,348.8235645353504,3.3951093362799587,6083893.958757388,search_artifacts/titantpp_raf_5080_20260930_v1/retrieved/terminal_20261001_v2/original/run/raf_spare_parts__42__sahp/runs/sahp/count_only_log_regression/seed_42/endpoint_replays.json
raf_spare_parts,sahp,42,30,history,0,"[64, 128]",<=64,6690,9.255863888238755,35.542306504229316,3.7909441650703615,8451179.64047549,search_artifacts/titantpp_raf_5080_20260930_v1/retrieved/terminal_20261001_v2/original/run/raf_spare_parts__42__sahp/runs/sahp/count_only_log_regression/seed_42/endpoint_replays.json
raf_spare_parts,sahp,42,30,history,1,"[64, 128]","(64,128]",0,,,,0.0,search_artifacts/titantpp_raf_5080_20260930_v1/retrieved/terminal_20261001_v2/original/run/raf_spare_parts__42__sahp/runs/sahp/count_only_log_regression/seed_42/endpoint_replays.json
raf_spare_parts,sahp,42,30,history,2,"[64, 128]",>128,0,,,,0.0,search_artifacts/titantpp_raf_5080_20260930_v1/retrieved/terminal_20261001_v2/original/run/raf_spare_parts__42__sahp/runs/sahp/count_only_log_regression/seed_42/endpoint_replays.json
raf_spare_parts,sahp,52,9,quantity,0,"[2.0, 30.0, 60.0, 200.0]",<=2,3626,2.075910677583719,6.026824323426927,3.629461339674712,131705.78902868333,search_artifacts/titantpp_raf_5080_20260930_v1/retrieved/terminal_20261001_v2/original/run/raf_spare_parts__52__sahp/runs/sahp/count_only_log_regression/seed_52/endpoint_replays.json
raf_spare_parts,sahp,52,9,quantity,1,"[2.0, 30.0, 60.0, 200.0]","(2,30]",2555,6.935570572966932,12.80828197246448,3.6913159766952357,419153.08250513516,search_artifacts/titantpp_raf_5080_20260930_v1/retrieved/terminal_20261001_v2/original/run/raf_spare_parts__52__sahp/runs/sahp/count_only_log_regression/seed_52/endpoint_replays.json
raf_spare_parts,sahp,52,9,quantity,2,"[2.0, 30.0, 60.0, 200.0]","(30,60]",235,25.674223080087216,29.057374073802244,3.659856832803936,198417.78219524556,search_artifacts/titantpp_raf_5080_20260930_v1/retrieved/terminal_20261001_v2/original/run/raf_spare_parts__52__sahp/runs/sahp/count_only_log_regression/seed_52/endpoint_replays.json
raf_spare_parts,sahp,52,9,quantity,3,"[2.0, 30.0, 60.0, 200.0]","(60,200]",224,67.98312047922185,82.46368852605808,3.7368024354642437,1523258.2232722896,search_artifacts/titantpp_raf_5080_20260930_v1/retrieved/terminal_20261001_v2/original/run/raf_spare_parts__52__sahp/runs/sahp/count_only_log_regression/seed_52/endpoint_replays.json
raf_spare_parts,sahp,52,9,quantity,4,"[2.0, 30.0, 60.0, 200.0]",>200,50,304.6362699723244,351.52844202598084,3.364464624555075,6178612.277660668,search_artifacts/titantpp_raf_5080_20260930_v1/retrieved/terminal_20261001_v2/original/run/raf_spare_parts__52__sahp/runs/sahp/count_only_log_regression/seed_52/endpoint_replays.json
raf_spare_parts,sahp,52,9,history,0,"[64, 128]",<=64,6690,9.228865447030117,35.54223819294627,3.655765690672271,8451147.15466202,search_artifacts/titantpp_raf_5080_20260930_v1/retrieved/terminal_20261001_v2/original/run/raf_spare_parts__52__sahp/runs/sahp/count_only_log_regression/seed_52/endpoint_replays.json
raf_spare_parts,sahp,52,9,history,1,"[64, 128]","(64,128]",0,,,,0.0,search_artifacts/titantpp_raf_5080_20260930_v1/retrieved/terminal_20261001_v2/original/run/raf_spare_parts__52__sahp/runs/sahp/count_only_log_regression/seed_52/endpoint_replays.json
raf_spare_parts,sahp,52,9,history,2,"[64, 128]",>128,0,,,,0.0,search_artifacts/titantpp_raf_5080_20260930_v1/retrieved/terminal_20261001_v2/original/run/raf_spare_parts__52__sahp/runs/sahp/count_only_log_regression/seed_52/endpoint_replays.json
raf_spare_parts,sahp,62,20,quantity,0,"[2.0, 30.0, 60.0, 200.0]",<=2,3626,1.9774935964188785,6.25338232190027,3.758253436907653,141793.97022193755,search_artifacts/titantpp_raf_5080_20260930_v1/retrieved/terminal_20261001_v2/original/run/raf_spare_parts__62__sahp/runs/sahp/count_only_log_regression/seed_62/endpoint_replays.json
raf_spare_parts,sahp,62,20,quantity,1,"[2.0, 30.0, 60.0, 200.0]","(2,30]",2555,7.301629184930059,13.666985500177063,3.802032501746028,477239.488751538,search_artifacts/titantpp_raf_5080_20260930_v1/retrieved/terminal_20261001_v2/original/run/raf_spare_parts__62__sahp/runs/sahp/count_only_log_regression/seed_62/endpoint_replays.json
raf_spare_parts,sahp,62,20,quantity,2,"[2.0, 30.0, 60.0, 200.0]","(30,60]",235,25.581702815218176,29.350747232684828,3.8194981524305027,202444.5953324847,search_artifacts/titantpp_raf_5080_20260930_v1/retrieved/terminal_20261001_v2/original/run/raf_spare_parts__62__sahp/runs/sahp/count_only_log_regression/seed_62/endpoint_replays.json
raf_spare_parts,sahp,62,20,quantity,3,"[2.0, 30.0, 60.0, 200.0]","(60,200]",224,66.38027416009989,80.27360446845168,3.836736893553065,1443422.7526560635,search_artifacts/titantpp_raf_5080_20260930_v1/retrieved/terminal_20261001_v2/original/run/raf_spare_parts__62__sahp/runs/sahp/count_only_log_regression/seed_62/endpoint_replays.json
raf_spare_parts,sahp,62,20,quantity,4,"[2.0, 30.0, 60.0, 200.0]",>200,50,298.7992496585846,346.74744295768573,3.4944334968083446,6011689.459884677,search_artifacts/titantpp_raf_5080_20260930_v1/retrieved/terminal_20261001_v2/original/run/raf_spare_parts__62__sahp/runs/sahp/count_only_log_regression/seed_62/endpoint_replays.json
raf_spare_parts,sahp,62,20,history,0,"[64, 128]",<=64,6690,9.214783020101498,35.17326378555673,3.7777806889395698,8276590.266846702,search_artifacts/titantpp_raf_5080_20260930_v1/retrieved/terminal_20261001_v2/original/run/raf_spare_parts__62__sahp/runs/sahp/count_only_log_regression/seed_62/endpoint_replays.json
raf_spare_parts,sahp,62,20,history,1,"[64, 128]","(64,128]",0,,,,0.0,search_artifacts/titantpp_raf_5080_20260930_v1/retrieved/terminal_20261001_v2/original/run/raf_spare_parts__62__sahp/runs/sahp/count_only_log_regression/seed_62/endpoint_replays.json
raf_spare_parts,sahp,62,20,history,2,"[64, 128]",>128,0,,,,0.0,search_artifacts/titantpp_raf_5080_20260930_v1/retrieved/terminal_20261001_v2/original/run/raf_spare_parts__62__sahp/runs/sahp/count_only_log_regression/seed_62/endpoint_replays.json
raf_spare_parts,s2p2_matched_head,42,21,quantity,0,"[2.0, 30.0, 60.0, 200.0]",<=2,3626,1.8430317351486691,7.329178590514209,3.341980280429492,194777.3300510496,search_artifacts/titantpp_raf_5080_20260930_v1/retrieved/terminal_20261001_v2/original/run/raf_spare_parts__42__s2p2_matched_head/runs/s2p2_matched_head/count_only_log_regression/seed_42/endpoint_replays.json
raf_spare_parts,s2p2_matched_head,42,21,quantity,1,"[2.0, 30.0, 60.0, 200.0]","(2,30]",2555,8.031974299033328,17.005968085129464,3.42160470097656,738913.5385592891,search_artifacts/titantpp_raf_5080_20260930_v1/retrieved/terminal_20261001_v2/original/run/raf_spare_parts__42__s2p2_matched_head/runs/s2p2_matched_head/count_only_log_regression/seed_42/endpoint_replays.json
raf_spare_parts,s2p2_matched_head,42,21,quantity,2,"[2.0, 30.0, 60.0, 200.0]","(30,60]",235,29.491631645344672,35.74568867546406,3.480404423865381,300272.25083755184,search_artifacts/titantpp_raf_5080_20260930_v1/retrieved/terminal_20261001_v2/original/run/raf_spare_parts__42__s2p2_matched_head/runs/s2p2_matched_head/count_only_log_regression/seed_42/endpoint_replays.json
raf_spare_parts,s2p2_matched_head,42,21,quantity,3,"[2.0, 30.0, 60.0, 200.0]","(60,200]",224,64.69507900572249,77.15897742145822,3.6307721740513714,1333585.7464664222,search_artifacts/titantpp_raf_5080_20260930_v1/retrieved/terminal_20261001_v2/original/run/raf_spare_parts__42__s2p2_matched_head/runs/s2p2_matched_head/count_only_log_regression/seed_42/endpoint_replays.json
raf_spare_parts,s2p2_matched_head,42,21,quantity,4,"[2.0, 30.0, 60.0, 200.0]",>200,50,273.3803448033333,320.9104721217745,3.29515783112126,5149176.55587101,search_artifacts/titantpp_raf_5080_20260930_v1/retrieved/terminal_20261001_v2/original/run/raf_spare_parts__42__s2p2_matched_head/runs/s2p2_matched_head/count_only_log_regression/seed_42/endpoint_replays.json
raf_spare_parts,s2p2_matched_head,42,21,history,0,"[64, 128]",<=64,6690,9.311775153928808,33.9627982128862,3.3865719590410133,7716725.421785324,search_artifacts/titantpp_raf_5080_20260930_v1/retrieved/terminal_20261001_v2/original/run/raf_spare_parts__42__s2p2_matched_head/runs/s2p2_matched_head/count_only_log_regression/seed_42/endpoint_replays.json
raf_spare_parts,s2p2_matched_head,42,21,history,1,"[64, 128]","(64,128]",0,,,,0.0,search_artifacts/titantpp_raf_5080_20260930_v1/retrieved/terminal_20261001_v2/original/run/raf_spare_parts__42__s2p2_matched_head/runs/s2p2_matched_head/count_only_log_regression/seed_42/endpoint_replays.json
raf_spare_parts,s2p2_matched_head,42,21,history,2,"[64, 128]",>128,0,,,,0.0,search_artifacts/titantpp_raf_5080_20260930_v1/retrieved/terminal_20261001_v2/original/run/raf_spare_parts__42__s2p2_matched_head/runs/s2p2_matched_head/count_only_log_regression/seed_42/endpoint_replays.json
raf_spare_parts,s2p2_matched_head,52,27,quantity,0,"[2.0, 30.0, 60.0, 200.0]",<=2,3626,2.0858467377093506,7.262596526726033,3.410748340345123,191254.48793210727,search_artifacts/titantpp_raf_5080_20260930_v1/retrieved/terminal_20261001_v2/original/run/raf_spare_parts__52__s2p2_matched_head/runs/s2p2_matched_head/count_only_log_regression/seed_52/endpoint_replays.json
raf_spare_parts,s2p2_matched_head,52,27,quantity,1,"[2.0, 30.0, 60.0, 200.0]","(2,30]",2555,7.6372939752739235,15.94390835613835,3.467472150346152,649501.9859241373,search_artifacts/titantpp_raf_5080_20260930_v1/retrieved/terminal_20261001_v2/original/run/raf_spare_parts__52__s2p2_matched_head/runs/s2p2_matched_head/count_only_log_regression/seed_52/endpoint_replays.json
raf_spare_parts,s2p2_matched_head,52,27,quantity,2,"[2.0, 30.0, 60.0, 200.0]","(30,60]",235,27.874114398246117,33.50446909523905,3.489672546935211,263799.1205981497,search_artifacts/titantpp_raf_5080_20260930_v1/retrieved/terminal_20261001_v2/original/run/raf_spare_parts__52__s2p2_matched_head/runs/s2p2_matched_head/count_only_log_regression/seed_52/endpoint_replays.json
raf_spare_parts,s2p2_matched_head,52,27,quantity,3,"[2.0, 30.0, 60.0, 200.0]","(60,200]",224,65.66490021773747,77.59873610858192,3.5937080333911355,1348830.301425451,search_artifacts/titantpp_raf_5080_20260930_v1/retrieved/terminal_20261001_v2/original/run/raf_spare_parts__52__s2p2_matched_head/runs/s2p2_matched_head/count_only_log_regression/seed_52/endpoint_replays.json
raf_spare_parts,s2p2_matched_head,52,27,quantity,4,"[2.0, 30.0, 60.0, 200.0]",>200,50,276.66807846546175,323.39469721458454,3.2776590754850914,5229206.50932564,search_artifacts/titantpp_raf_5080_20260930_v1/retrieved/terminal_20261001_v2/original/run/raf_spare_parts__52__s2p2_matched_head/runs/s2p2_matched_head/count_only_log_regression/seed_52/endpoint_replays.json
raf_spare_parts,s2p2_matched_head,52,27,history,0,"[64, 128]",<=64,6690,9.292873667173856,33.887601970267674,3.440315609567934,7682592.405205486,search_artifacts/titantpp_raf_5080_20260930_v1/retrieved/terminal_20261001_v2/original/run/raf_spare_parts__52__s2p2_matched_head/runs/s2p2_matched_head/count_only_log_regression/seed_52/endpoint_replays.json
raf_spare_parts,s2p2_matched_head,52,27,history,1,"[64, 128]","(64,128]",0,,,,0.0,search_artifacts/titantpp_raf_5080_20260930_v1/retrieved/terminal_20261001_v2/original/run/raf_spare_parts__52__s2p2_matched_head/runs/s2p2_matched_head/count_only_log_regression/seed_52/endpoint_replays.json
raf_spare_parts,s2p2_matched_head,52,27,history,2,"[64, 128]",>128,0,,,,0.0,search_artifacts/titantpp_raf_5080_20260930_v1/retrieved/terminal_20261001_v2/original/run/raf_spare_parts__52__s2p2_matched_head/runs/s2p2_matched_head/count_only_log_regression/seed_52/endpoint_replays.json
raf_spare_parts,s2p2_matched_head,62,22,quantity,0,"[2.0, 30.0, 60.0, 200.0]",<=2,3626,1.936645509768637,6.927920314907552,3.4073862412711553,174033.78568008394,search_artifacts/titantpp_raf_5080_20260930_v1/retrieved/terminal_20261001_v2/original/run/raf_spare_parts__62__s2p2_matched_head/runs/s2p2_matched_head/count_only_log_regression/seed_62/endpoint_replays.json
raf_spare_parts,s2p2_matched_head,62,22,quantity,1,"[2.0, 30.0, 60.0, 200.0]","(2,30]",2555,7.382134584484735,14.890018242757897,3.4538161447806166,566475.8035539888,search_artifacts/titantpp_raf_5080_20260930_v1/retrieved/terminal_20261001_v2/original/run/raf_spare_parts__62__s2p2_matched_head/runs/s2p2_matched_head/count_only_log_regression/seed_62/endpoint_replays.json
raf_spare_parts,s2p2_matched_head,62,22,quantity,2,"[2.0, 30.0, 60.0, 200.0]","(30,60]",235,27.91158539538688,32.58381923911152,3.4463191482748003,249500.7399086671,search_artifacts/titantpp_raf_5080_20260930_v1/retrieved/terminal_20261001_v2/original/run/raf_spare_parts__62__s2p2_matched_head/runs/s2p2_matched_head/count_only_log_regression/seed_62/endpoint_replays.json
raf_spare_parts,s2p2_matched_head,62,22,quantity,3,"[2.0, 30.0, 60.0, 200.0]","(60,200]",224,67.16977045685053,79.18871981149826,3.531450957519188,1404671.1493660107,search_artifacts/titantpp_raf_5080_20260930_v1/retrieved/terminal_20261001_v2/original/run/raf_spare_parts__62__s2p2_matched_head/runs/s2p2_matched_head/count_only_log_regression/seed_62/endpoint_replays.json
raf_spare_parts,s2p2_matched_head,62,22,quantity,4,"[2.0, 30.0, 60.0, 200.0]",>200,50,283.0976494145393,328.63067250548795,3.2279650546643484,5399905.945570464,search_artifacts/titantpp_raf_5080_20260930_v1/retrieved/terminal_20261001_v2/original/run/raf_spare_parts__62__s2p2_matched_head/runs/s2p2_matched_head/count_only_log_regression/seed_62/endpoint_replays.json
raf_spare_parts,s2p2_matched_head,62,22,history,0,"[64, 128]",<=64,6690,9.214314514612402,34.13371101732907,3.4292991072983243,7794587.424079217,search_artifacts/titantpp_raf_5080_20260930_v1/retrieved/terminal_20261001_v2/original/run/raf_spare_parts__62__s2p2_matched_head/runs/s2p2_matched_head/count_only_log_regression/seed_62/endpoint_replays.json
raf_spare_parts,s2p2_matched_head,62,22,history,1,"[64, 128]","(64,128]",0,,,,0.0,search_artifacts/titantpp_raf_5080_20260930_v1/retrieved/terminal_20261001_v2/original/run/raf_spare_parts__62__s2p2_matched_head/runs/s2p2_matched_head/count_only_log_regression/seed_62/endpoint_replays.json
raf_spare_parts,s2p2_matched_head,62,22,history,2,"[64, 128]",>128,0,,,,0.0,search_artifacts/titantpp_raf_5080_20260930_v1/retrieved/terminal_20261001_v2/original/run/raf_spare_parts__62__s2p2_matched_head/runs/s2p2_matched_head/count_only_log_regression/seed_62/endpoint_replays.json
raf_spare_parts,attnhp_matched_head,42,50,quantity,0,"[2.0, 30.0, 60.0, 200.0]",<=2,3626,1.7423707765896415,5.9406023564808494,3.889250577128864,127964.28255347643,search_artifacts/titantpp_raf_5080_20260930_v1/retrieved/terminal_20261001_v2/original/run/raf_spare_parts__42__attnhp_matched_head/runs/attnhp_matched_head/count_only_log_regression/seed_42/endpoint_replays.json
raf_spare_parts,attnhp_matched_head,42,50,quantity,1,"[2.0, 30.0, 60.0, 200.0]","(2,30]",2555,7.241737955843632,14.06268834830523,3.911883626931373,505274.7651508849,search_artifacts/titantpp_raf_5080_20260930_v1/retrieved/terminal_20261001_v2/original/run/raf_spare_parts__42__attnhp_matched_head/runs/attnhp_matched_head/count_only_log_regression/seed_42/endpoint_replays.json
raf_spare_parts,attnhp_matched_head,42,50,quantity,2,"[2.0, 30.0, 60.0, 200.0]","(30,60]",235,26.19331746202834,30.680039806266272,3.95373082502537,221197.23799080952,search_artifacts/titantpp_raf_5080_20260930_v1/retrieved/terminal_20261001_v2/original/run/raf_spare_parts__42__attnhp_matched_head/runs/attnhp_matched_head/count_only_log_regression/seed_42/endpoint_replays.json
raf_spare_parts,attnhp_matched_head,42,50,quantity,3,"[2.0, 30.0, 60.0, 200.0]","(60,200]",224,71.23126015013882,83.40843348236454,4.050960878568703,1558360.5578199746,search_artifacts/titantpp_raf_5080_20260930_v1/retrieved/terminal_20261001_v2/original/run/raf_spare_parts__42__attnhp_matched_head/runs/attnhp_matched_head/count_only_log_regression/seed_42/endpoint_replays.json
raf_spare_parts,attnhp_matched_head,42,50,quantity,4,"[2.0, 30.0, 60.0, 200.0]",>200,50,292.5228060817719,338.0885613438529,3.7807942285677045,5715193.765577811,search_artifacts/titantpp_raf_5080_20260930_v1/retrieved/terminal_20261001_v2/original/run/raf_spare_parts__42__attnhp_matched_head/runs/attnhp_matched_head/count_only_log_regression/seed_42/endpoint_replays.json
raf_spare_parts,attnhp_matched_head,42,50,history,0,"[64, 128]",<=64,6690,9.201472211418665,34.85607951830057,3.9047633709398584,8127990.609092957,search_artifacts/titantpp_raf_5080_20260930_v1/retrieved/terminal_20261001_v2/original/run/raf_spare_parts__42__attnhp_matched_head/runs/attnhp_matched_head/count_only_log_regression/seed_42/endpoint_replays.json
raf_spare_parts,attnhp_matched_head,42,50,history,1,"[64, 128]","(64,128]",0,,,,0.0,search_artifacts/titantpp_raf_5080_20260930_v1/retrieved/terminal_20261001_v2/original/run/raf_spare_parts__42__attnhp_matched_head/runs/attnhp_matched_head/count_only_log_regression/seed_42/endpoint_replays.json
raf_spare_parts,attnhp_matched_head,42,50,history,2,"[64, 128]",>128,0,,,,0.0,search_artifacts/titantpp_raf_5080_20260930_v1/retrieved/terminal_20261001_v2/original/run/raf_spare_parts__42__attnhp_matched_head/runs/attnhp_matched_head/count_only_log_regression/seed_42/endpoint_replays.json
raf_spare_parts,attnhp_matched_head,52,80,quantity,0,"[2.0, 30.0, 60.0, 200.0]",<=2,3626,1.6358804762264805,5.585284540102203,4.016985372370938,113114.53270629833,search_artifacts/titantpp_raf_5080_20260930_v1/retrieved/terminal_20261001_v2/original/run/raf_spare_parts__52__attnhp_matched_head/runs/attnhp_matched_head/count_only_log_regression/seed_52/endpoint_replays.json
raf_spare_parts,attnhp_matched_head,52,80,quantity,1,"[2.0, 30.0, 60.0, 200.0]","(2,30]",2555,7.176607725298335,13.656373954999822,4.02005826805568,476498.68422492757,search_artifacts/titantpp_raf_5080_20260930_v1/retrieved/terminal_20261001_v2/original/run/raf_spare_parts__52__attnhp_matched_head/runs/attnhp_matched_head/count_only_log_regression/seed_52/endpoint_replays.json
raf_spare_parts,attnhp_matched_head,52,80,quantity,2,"[2.0, 30.0, 60.0, 200.0]","(30,60]",235,26.299034733467913,30.393052176696763,4.056112123063371,217078.3408446218,search_artifacts/titantpp_raf_5080_20260930_v1/retrieved/terminal_20261001_v2/original/run/raf_spare_parts__52__attnhp_matched_head/runs/attnhp_matched_head/count_only_log_regression/seed_52/endpoint_replays.json
raf_spare_parts,attnhp_matched_head,52,80,quantity,3,"[2.0, 30.0, 60.0, 200.0]","(60,200]",224,71.32976181379387,83.90673544149547,4.1898983016550355,1577036.216548601,search_artifacts/titantpp_raf_5080_20260930_v1/retrieved/terminal_20261001_v2/original/run/raf_spare_parts__52__attnhp_matched_head/runs/attnhp_matched_head/count_only_log_regression/seed_52/endpoint_replays.json
raf_spare_parts,attnhp_matched_head,52,80,quantity,4,"[2.0, 30.0, 60.0, 200.0]",>200,50,294.971885638237,340.26777331194535,3.962479319761489,5789107.877733471,search_artifacts/titantpp_raf_5080_20260930_v1/retrieved/terminal_20261001_v2/original/run/raf_spare_parts__52__attnhp_matched_head/runs/attnhp_matched_head/count_only_log_regression/seed_52/endpoint_replays.json
raf_spare_parts,attnhp_matched_head,52,80,history,0,"[64, 128]",<=64,6690,9.144195730269223,34.952104003888564,4.024915600833778,8172835.652057921,search_artifacts/titantpp_raf_5080_20260930_v1/retrieved/terminal_20261001_v2/original/run/raf_spare_parts__52__attnhp_matched_head/runs/attnhp_matched_head/count_only_log_regression/seed_52/endpoint_replays.json
raf_spare_parts,attnhp_matched_head,52,80,history,1,"[64, 128]","(64,128]",0,,,,0.0,search_artifacts/titantpp_raf_5080_20260930_v1/retrieved/terminal_20261001_v2/original/run/raf_spare_parts__52__attnhp_matched_head/runs/attnhp_matched_head/count_only_log_regression/seed_52/endpoint_replays.json
raf_spare_parts,attnhp_matched_head,52,80,history,2,"[64, 128]",>128,0,,,,0.0,search_artifacts/titantpp_raf_5080_20260930_v1/retrieved/terminal_20261001_v2/original/run/raf_spare_parts__52__attnhp_matched_head/runs/attnhp_matched_head/count_only_log_regression/seed_52/endpoint_replays.json
raf_spare_parts,attnhp_matched_head,62,26,quantity,0,"[2.0, 30.0, 60.0, 200.0]",<=2,3626,2.0368163414048808,5.989300022128136,3.8973459559547825,130070.83770186237,search_artifacts/titantpp_raf_5080_20260930_v1/retrieved/terminal_20261001_v2/original/run/raf_spare_parts__62__attnhp_matched_head/runs/attnhp_matched_head/count_only_log_regression/seed_62/endpoint_replays.json
raf_spare_parts,attnhp_matched_head,62,26,quantity,1,"[2.0, 30.0, 60.0, 200.0]","(2,30]",2555,7.076628820676859,13.460524965191746,4.055435191116451,462929.54612499586,search_artifacts/titantpp_raf_5080_20260930_v1/retrieved/terminal_20261001_v2/original/run/raf_spare_parts__62__attnhp_matched_head/runs/attnhp_matched_head/count_only_log_regression/seed_62/endpoint_replays.json
raf_spare_parts,attnhp_matched_head,62,26,quantity,2,"[2.0, 30.0, 60.0, 200.0]","(30,60]",235,25.435335140025362,29.536767349198048,4.206359296374803,205018.8469785532,search_artifacts/titantpp_raf_5080_20260930_v1/retrieved/terminal_20261001_v2/original/run/raf_spare_parts__62__attnhp_matched_head/runs/attnhp_matched_head/count_only_log_regression/seed_62/endpoint_replays.json
raf_spare_parts,attnhp_matched_head,62,26,quantity,3,"[2.0, 30.0, 60.0, 200.0]","(60,200]",224,69.5042907883014,81.91676264108733,4.28729854488993,1503119.744357558,search_artifacts/titantpp_raf_5080_20260930_v1/retrieved/terminal_20261001_v2/original/run/raf_spare_parts__62__attnhp_matched_head/runs/attnhp_matched_head/count_only_log_regression/seed_62/endpoint_replays.json
raf_spare_parts,attnhp_matched_head,62,26,quantity,4,"[2.0, 30.0, 60.0, 200.0]",>200,50,294.6306015634537,340.90609422490894,4.006728710283881,5810848.253984125,search_artifacts/titantpp_raf_5080_20260930_v1/retrieved/terminal_20261001_v2/original/run/raf_spare_parts__62__attnhp_matched_head/runs/attnhp_matched_head/count_only_log_regression/seed_62/endpoint_replays.json
raf_spare_parts,attnhp_matched_head,62,26,history,0,"[64, 128]",<=64,6690,9.229309067776029,34.821748159232854,3.982451284575812,8111987.229147094,search_artifacts/titantpp_raf_5080_20260930_v1/retrieved/terminal_20261001_v2/original/run/raf_spare_parts__62__attnhp_matched_head/runs/attnhp_matched_head/count_only_log_regression/seed_62/endpoint_replays.json
raf_spare_parts,attnhp_matched_head,62,26,history,1,"[64, 128]","(64,128]",0,,,,0.0,search_artifacts/titantpp_raf_5080_20260930_v1/retrieved/terminal_20261001_v2/original/run/raf_spare_parts__62__attnhp_matched_head/runs/attnhp_matched_head/count_only_log_regression/seed_62/endpoint_replays.json
raf_spare_parts,attnhp_matched_head,62,26,history,2,"[64, 128]",>128,0,,,,0.0,search_artifacts/titantpp_raf_5080_20260930_v1/retrieved/terminal_20261001_v2/original/run/raf_spare_parts__62__attnhp_matched_head/runs/attnhp_matched_head/count_only_log_regression/seed_62/endpoint_replays.json
insta_market_basket,titantpp_history_mlp,42,30,quantity,0,"[8, 20, 25, 35]",<=8,247651,2.7194438929893807,3.828016456160704,2.8040480217065666,3629005.93239598,search_artifacts/titantpp_core_ablation_20260928_v1/final_audit_20260930_v1/terminal_5090/run/insta_market_basket/seed_42/runs/titantpp_history_mlp/count_only_log_regression/seed_42/endpoint_replays.json
insta_market_basket,titantpp_history_mlp,42,30,quantity,1,"[8, 20, 25, 35]","(8,20]",202534,3.714597083943146,4.712582587877365,2.799494251706191,4497963.102909913,search_artifacts/titantpp_core_ablation_20260928_v1/final_audit_20260930_v1/terminal_5090/run/insta_market_basket/seed_42/runs/titantpp_history_mlp/count_only_log_regression/seed_42/endpoint_replays.json
insta_market_basket,titantpp_history_mlp,42,30,quantity,2,"[8, 20, 25, 35]","(20,25]",27322,7.945615133209674,9.064572392647955,2.8160548841265873,2244952.3660590188,search_artifacts/titantpp_core_ablation_20260928_v1/final_audit_20260930_v1/terminal_5090/run/insta_market_basket/seed_42/runs/titantpp_history_mlp/count_only_log_regression/seed_42/endpoint_replays.json
insta_market_basket,titantpp_history_mlp,42,30,quantity,3,"[8, 20, 25, 35]","(25,35]",20190,11.719802813107215,13.075394793142568,2.810728923940209,3451802.5102401376,search_artifacts/titantpp_core_ablation_20260928_v1/final_audit_20260930_v1/terminal_5090/run/insta_market_basket/seed_42/runs/titantpp_history_mlp/count_only_log_regression/seed_42/endpoint_replays.json
insta_market_basket,titantpp_history_mlp,42,30,quantity,4,"[8, 20, 25, 35]",>35,6036,21.725134783544785,24.370873623021435,2.810873740549259,3585018.708217066,search_artifacts/titantpp_core_ablation_20260928_v1/final_audit_20260930_v1/terminal_5090/run/insta_market_basket/seed_42/runs/titantpp_history_mlp/count_only_log_regression/seed_42/endpoint_replays.json
insta_market_basket,titantpp_history_mlp,42,30,history,0,"[1, 3, 7, 15, 31]",<=1,261,7.287743984054331,10.688149539072151,2.8199733879372597,29815.73708865731,search_artifacts/titantpp_core_ablation_20260928_v1/final_audit_20260930_v1/terminal_5090/run/insta_market_basket/seed_42/runs/titantpp_history_mlp/count_only_log_regression/seed_42/endpoint_replays.json
insta_market_basket,titantpp_history_mlp,42,30,history,1,"[1, 3, 7, 15, 31]","(1,3]",130279,4.066276288455093,6.0692738445498176,2.8490553603988644,4798968.317732786,search_artifacts/titantpp_core_ablation_20260928_v1/final_audit_20260930_v1/terminal_5090/run/insta_market_basket/seed_42/runs/titantpp_history_mlp/count_only_log_regression/seed_42/endpoint_replays.json
insta_market_basket,titantpp_history_mlp,42,30,history,2,"[1, 3, 7, 15, 31]","(3,7]",205041,3.946138221400087,5.789583360740854,3.056588048048045,6872825.765943437,search_artifacts/titantpp_core_ablation_20260928_v1/final_audit_20260930_v1/terminal_5090/run/insta_market_basket/seed_42/runs/titantpp_history_mlp/count_only_log_regression/seed_42/endpoint_replays.json
insta_market_basket,titantpp_history_mlp,42,30,history,3,"[1, 3, 7, 15, 31]","(7,15]",140970,4.0205373636287876,5.835284140350086,2.5671981511994746,4800104.764575637,search_artifacts/titantpp_core_ablation_20260928_v1/final_audit_20260930_v1/terminal_5090/run/insta_market_basket/seed_42/runs/titantpp_history_mlp/count_only_log_regression/seed_42/endpoint_replays.json
insta_market_basket,titantpp_history_mlp,42,30,history,4,"[1, 3, 7, 15, 31]","(15,31]",26298,3.7833078952332087,5.733344533931142,1.9217906721910036,864447.8575480484,search_artifacts/titantpp_core_ablation_20260928_v1/final_audit_20260930_v1/terminal_5090/run/insta_market_basket/seed_42/runs/titantpp_history_mlp/count_only_log_regression/seed_42/endpoint_replays.json
insta_market_basket,titantpp_history_mlp,42,30,history,5,"[1, 3, 7, 15, 31]",>31,884,4.083500412389704,6.940289688878423,1.133740986184519,42580.1769335481,search_artifacts/titantpp_core_ablation_20260928_v1/final_audit_20260930_v1/terminal_5090/run/insta_market_basket/seed_42/runs/titantpp_history_mlp/count_only_log_regression/seed_42/endpoint_replays.json
insta_market_basket,titantpp_history_mlp,52,15,quantity,0,"[8, 20, 25, 35]",<=8,247651,2.7391488459985265,3.8236877159627727,2.7914269655300155,3620803.17667827,search_artifacts/titantpp_core_ablation_20260928_v1/final_audit_20260930_v1/terminal_5090/run/insta_market_basket/seed_52/runs/titantpp_history_mlp/count_only_log_regression/seed_52/endpoint_replays.json
insta_market_basket,titantpp_history_mlp,52,15,quantity,1,"[8, 20, 25, 35]","(8,20]",202534,3.671278204467943,4.65897653401395,2.819592208478129,4396215.630879472,search_artifacts/titantpp_core_ablation_20260928_v1/final_audit_20260930_v1/terminal_5090/run/insta_market_basket/seed_52/runs/titantpp_history_mlp/count_only_log_regression/seed_52/endpoint_replays.json
insta_market_basket,titantpp_history_mlp,52,15,quantity,2,"[8, 20, 25, 35]","(20,25]",27322,7.9748543884026235,9.076965920119234,2.8652791462346157,2251095.380426594,search_artifacts/titantpp_core_ablation_20260928_v1/final_audit_20260930_v1/terminal_5090/run/insta_market_basket/seed_52/runs/titantpp_history_mlp/count_only_log_regression/seed_52/endpoint_replays.json
insta_market_basket,titantpp_history_mlp,52,15,quantity,3,"[8, 20, 25, 35]","(25,35]",20190,11.833126565529133,13.150451143166055,2.8771914853888343,3491544.8347770195,search_artifacts/titantpp_core_ablation_20260928_v1/final_audit_20260930_v1/terminal_5090/run/insta_market_basket/seed_52/runs/titantpp_history_mlp/count_only_log_regression/seed_52/endpoint_replays.json
insta_market_basket,titantpp_history_mlp,52,15,quantity,4,"[8, 20, 25, 35]",>35,6036,22.084150820891537,24.64247227740717,2.8978166621577794,3665369.6914946255,search_artifacts/titantpp_core_ablation_20260928_v1/final_audit_20260930_v1/terminal_5090/run/insta_market_basket/seed_52/runs/titantpp_history_mlp/count_only_log_regression/seed_52/endpoint_replays.json
insta_market_basket,titantpp_history_mlp,52,15,history,0,"[1, 3, 7, 15, 31]",<=1,261,7.2525025391487326,10.608720631370353,2.826714250783694,29374.23284639484,search_artifacts/titantpp_core_ablation_20260928_v1/final_audit_20260930_v1/terminal_5090/run/insta_market_basket/seed_52/runs/titantpp_history_mlp/count_only_log_regression/seed_52/endpoint_replays.json
insta_market_basket,titantpp_history_mlp,52,15,history,1,"[1, 3, 7, 15, 31]","(1,3]",130279,4.051366485807947,6.008950984404178,2.8670276157687398,4704047.941535653,search_artifacts/titantpp_core_ablation_20260928_v1/final_audit_20260930_v1/terminal_5090/run/insta_market_basket/seed_52/runs/titantpp_history_mlp/count_only_log_regression/seed_52/endpoint_replays.json
insta_market_basket,titantpp_history_mlp,52,15,history,2,"[1, 3, 7, 15, 31]","(3,7]",205041,3.9487744810236545,5.784266761440804,3.068795625543489,6860208.87075999,search_artifacts/titantpp_core_ablation_20260928_v1/final_audit_20260930_v1/terminal_5090/run/insta_market_basket/seed_52/runs/titantpp_history_mlp/count_only_log_regression/seed_52/endpoint_replays.json
insta_market_basket,titantpp_history_mlp,52,15,history,3,"[1, 3, 7, 15, 31]","(7,15]",140970,4.036215383212279,5.905083398366365,2.566813978028296,4915625.3014760995,search_artifacts/titantpp_core_ablation_20260928_v1/final_audit_20260930_v1/terminal_5090/run/insta_market_basket/seed_52/runs/titantpp_history_mlp/count_only_log_regression/seed_52/endpoint_replays.json
insta_market_basket,titantpp_history_mlp,52,15,history,4,"[1, 3, 7, 15, 31]","(15,31]",26298,3.798195807673068,5.7650267007401705,1.8979633337078161,874028.0431587782,search_artifacts/titantpp_core_ablation_20260928_v1/final_audit_20260930_v1/terminal_5090/run/insta_market_basket/seed_52/runs/titantpp_history_mlp/count_only_log_regression/seed_52/endpoint_replays.json
insta_market_basket,titantpp_history_mlp,52,15,history,5,"[1, 3, 7, 15, 31]",>31,884,4.2755205706773305,6.871832835184289,1.1235846434840289,41744.324479009774,search_artifacts/titantpp_core_ablation_20260928_v1/final_audit_20260930_v1/terminal_5090/run/insta_market_basket/seed_52/runs/titantpp_history_mlp/count_only_log_regression/seed_52/endpoint_replays.json
insta_market_basket,titantpp_history_mlp,62,35,quantity,0,"[8, 20, 25, 35]",<=8,247651,2.696538790745819,3.7727250278912723,2.793760924095791,3524929.150253655,search_artifacts/titantpp_core_ablation_20260928_v1/final_audit_20260930_v1/terminal_5090/run/insta_market_basket/seed_62/runs/titantpp_history_mlp/count_only_log_regression/seed_62/endpoint_replays.json
insta_market_basket,titantpp_history_mlp,62,35,quantity,1,"[8, 20, 25, 35]","(8,20]",202534,3.6754847362297465,4.650746166535303,2.8104771545647793,4380696.981829208,search_artifacts/titantpp_core_ablation_20260928_v1/final_audit_20260930_v1/terminal_5090/run/insta_market_basket/seed_62/runs/titantpp_history_mlp/count_only_log_regression/seed_62/endpoint_replays.json
insta_market_basket,titantpp_history_mlp,62,35,quantity,2,"[8, 20, 25, 35]","(20,25]",27322,8.04272722125481,9.118202384650735,2.8471018395860326,2271595.1975833983,search_artifacts/titantpp_core_ablation_20260928_v1/final_audit_20260930_v1/terminal_5090/run/insta_market_basket/seed_62/runs/titantpp_history_mlp/count_only_log_regression/seed_62/endpoint_replays.json
insta_market_basket,titantpp_history_mlp,62,35,quantity,3,"[8, 20, 25, 35]","(25,35]",20190,11.987820073482482,13.242347225316692,2.852527334202842,3540513.555123866,search_artifacts/titantpp_core_ablation_20260928_v1/final_audit_20260930_v1/terminal_5090/run/insta_market_basket/seed_62/runs/titantpp_history_mlp/count_only_log_regression/seed_62/endpoint_replays.json
insta_market_basket,titantpp_history_mlp,62,35,quantity,4,"[8, 20, 25, 35]",>35,6036,22.434075362639682,24.912231529410768,2.864209100593179,3746057.972721707,search_artifacts/titantpp_core_ablation_20260928_v1/final_audit_20260930_v1/terminal_5090/run/insta_market_basket/seed_62/runs/titantpp_history_mlp/count_only_log_regression/seed_62/endpoint_replays.json
insta_market_basket,titantpp_history_mlp,62,35,history,0,"[1, 3, 7, 15, 31]",<=1,261,7.026165826110548,10.520380594052689,2.8314845403401114,28887.06444721103,search_artifacts/titantpp_core_ablation_20260928_v1/final_audit_20260930_v1/terminal_5090/run/insta_market_basket/seed_62/runs/titantpp_history_mlp/count_only_log_regression/seed_62/endpoint_replays.json
insta_market_basket,titantpp_history_mlp,62,35,history,1,"[1, 3, 7, 15, 31]","(1,3]",130279,4.04921104766544,6.017544083097202,2.851757574143431,4717511.606427331,search_artifacts/titantpp_core_ablation_20260928_v1/final_audit_20260930_v1/terminal_5090/run/insta_market_basket/seed_62/runs/titantpp_history_mlp/count_only_log_regression/seed_62/endpoint_replays.json
insta_market_basket,titantpp_history_mlp,62,35,history,2,"[1, 3, 7, 15, 31]","(3,7]",205041,3.949642557923096,5.796424939853271,3.067284537289679,6889078.667312781,search_artifacts/titantpp_core_ablation_20260928_v1/final_audit_20260930_v1/terminal_5090/run/insta_market_basket/seed_62/runs/titantpp_history_mlp/count_only_log_regression/seed_62/endpoint_replays.json
insta_market_basket,titantpp_history_mlp,62,35,history,3,"[1, 3, 7, 15, 31]","(7,15]",140970,4.024937508313751,5.886691423787287,2.565163179945353,4885052.570486035,search_artifacts/titantpp_core_ablation_20260928_v1/final_audit_20260930_v1/terminal_5090/run/insta_market_basket/seed_62/runs/titantpp_history_mlp/count_only_log_regression/seed_62/endpoint_replays.json
insta_market_basket,titantpp_history_mlp,62,35,history,4,"[1, 3, 7, 15, 31]","(15,31]",26298,3.7815526033301836,5.852007108612566,1.8998093682947874,900600.971365929,search_artifacts/titantpp_core_ablation_20260928_v1/final_audit_20260930_v1/terminal_5090/run/insta_market_basket/seed_62/runs/titantpp_history_mlp/count_only_log_regression/seed_62/endpoint_replays.json
insta_market_basket,titantpp_history_mlp,62,35,history,5,"[1, 3, 7, 15, 31]",>31,884,3.7990350206782915,6.946952966007603,1.1423128780427945,42661.9774725389,search_artifacts/titantpp_core_ablation_20260928_v1/final_audit_20260930_v1/terminal_5090/run/insta_market_basket/seed_62/runs/titantpp_history_mlp/count_only_log_regression/seed_62/endpoint_replays.json
insta_market_basket,rmtpp,42,6,quantity,0,"[8, 20, 25, 35]",<=8,247651,2.7419543915872473,3.8606558219943143,2.7955437590479684,3691154.7897046627,search_artifacts/local_detail_benchmark_execution_20260923_v3/monitor/20260924T122457Z/terminal_5090_seed42/run/insta_market_basket/runs/rmtpp/count_only_log_regression/seed_42/endpoint_replays.json
insta_market_basket,rmtpp,42,6,quantity,1,"[8, 20, 25, 35]","(8,20]",202534,3.701598032741436,4.7033335996895165,2.7979558109187055,4480324.883164888,search_artifacts/local_detail_benchmark_execution_20260923_v3/monitor/20260924T122457Z/terminal_5090_seed42/run/insta_market_basket/runs/rmtpp/count_only_log_regression/seed_42/endpoint_replays.json
insta_market_basket,rmtpp,42,6,quantity,2,"[8, 20, 25, 35]","(20,25]",27322,7.816816386497786,8.970561651181574,2.8250891763137886,2198628.0154972593,search_artifacts/local_detail_benchmark_execution_20260923_v3/monitor/20260924T122457Z/terminal_5090_seed42/run/insta_market_basket/runs/rmtpp/count_only_log_regression/seed_42/endpoint_replays.json
insta_market_basket,rmtpp,42,6,quantity,3,"[8, 20, 25, 35]","(25,35]",20190,11.490152930339532,12.911279006745534,2.8272775821731164,3365695.7256626645,search_artifacts/local_detail_benchmark_execution_20260923_v3/monitor/20260924T122457Z/terminal_5090_seed42/run/insta_market_basket/runs/rmtpp/count_only_log_regression/seed_42/endpoint_replays.json
insta_market_basket,rmtpp,42,6,quantity,4,"[8, 20, 25, 35]",>35,6036,21.566370212415578,24.255390136830403,2.8362862705408602,3551123.3663639324,search_artifacts/local_detail_benchmark_execution_20260923_v3/monitor/20260924T122457Z/terminal_5090_seed42/run/insta_market_basket/runs/rmtpp/count_only_log_regression/seed_42/endpoint_replays.json
insta_market_basket,rmtpp,42,6,history,0,"[1, 3, 7, 15, 31]",<=1,261,7.087231162864129,10.564152870861236,2.823030357097059,29127.946054399607,search_artifacts/local_detail_benchmark_execution_20260923_v3/monitor/20260924T122457Z/terminal_5090_seed42/run/insta_market_basket/runs/rmtpp/count_only_log_regression/seed_42/endpoint_replays.json
insta_market_basket,rmtpp,42,6,history,1,"[1, 3, 7, 15, 31]","(1,3]",130279,4.039090566936396,5.968848050405576,2.846765994528787,4641469.0903745815,search_artifacts/local_detail_benchmark_execution_20260923_v3/monitor/20260924T122457Z/terminal_5090_seed42/run/insta_market_basket/runs/rmtpp/count_only_log_regression/seed_42/endpoint_replays.json
insta_market_basket,rmtpp,42,6,history,2,"[1, 3, 7, 15, 31]","(3,7]",205041,3.934851938698046,5.753847314975141,3.0583113512400986,6788242.956545445,search_artifacts/local_detail_benchmark_execution_20260923_v3/monitor/20260924T122457Z/terminal_5090_seed42/run/insta_market_basket/runs/rmtpp/count_only_log_regression/seed_42/endpoint_replays.json
insta_market_basket,rmtpp,42,6,history,3,"[1, 3, 7, 15, 31]","(7,15]",140970,4.023340496015167,5.896278802378672,2.5604736663193735,4900977.640757128,search_artifacts/local_detail_benchmark_execution_20260923_v3/monitor/20260924T122457Z/terminal_5090_seed42/run/insta_market_basket/runs/rmtpp/count_only_log_regression/seed_42/endpoint_replays.json
insta_market_basket,rmtpp,42,6,history,4,"[1, 3, 7, 15, 31]","(15,31]",26298,3.7671989287765446,5.803777650012873,1.892591724425935,885817.4931137277,search_artifacts/local_detail_benchmark_execution_20260923_v3/monitor/20260924T122457Z/terminal_5090_seed42/run/insta_market_basket/runs/rmtpp/count_only_log_regression/seed_42/endpoint_replays.json
insta_market_basket,rmtpp,42,6,history,5,"[1, 3, 7, 15, 31]",>31,884,3.8173390877732323,6.8344725711594885,1.1072724715661437,41291.653548123344,search_artifacts/local_detail_benchmark_execution_20260923_v3/monitor/20260924T122457Z/terminal_5090_seed42/run/insta_market_basket/runs/rmtpp/count_only_log_regression/seed_42/endpoint_replays.json
insta_market_basket,rmtpp,52,15,quantity,0,"[8, 20, 25, 35]",<=8,247651,2.7391176541322526,3.836041488904234,2.791575135237619,3644237.53774716,search_artifacts/local_detail_replication_5090_20260924_v1/monitor/20260926T060901Z/pre_recovery/run/insta_market_basket/seed_52/runs/rmtpp/count_only_log_regression/seed_52/endpoint_replays.json
insta_market_basket,rmtpp,52,15,quantity,1,"[8, 20, 25, 35]","(8,20]",202534,3.692129992264015,4.688685712463229,2.816098444920602,4452461.624633154,search_artifacts/local_detail_replication_5090_20260924_v1/monitor/20260926T060901Z/pre_recovery/run/insta_market_basket/seed_52/runs/rmtpp/count_only_log_regression/seed_52/endpoint_replays.json
insta_market_basket,rmtpp,52,15,quantity,2,"[8, 20, 25, 35]","(20,25]",27322,7.903578326643826,9.033923854812235,2.8602264552658343,2229797.059021814,search_artifacts/local_detail_replication_5090_20260924_v1/monitor/20260926T060901Z/pre_recovery/run/insta_market_basket/seed_52/runs/rmtpp/count_only_log_regression/seed_52/endpoint_replays.json
insta_market_basket,rmtpp,52,15,quantity,3,"[8, 20, 25, 35]","(25,35]",20190,11.655993274168663,13.038928527369345,2.8689939965528226,3432575.737693873,search_artifacts/local_detail_replication_5090_20260924_v1/monitor/20260926T060901Z/pre_recovery/run/insta_market_basket/seed_52/runs/rmtpp/count_only_log_regression/seed_52/endpoint_replays.json
insta_market_basket,rmtpp,52,15,quantity,4,"[8, 20, 25, 35]",>35,6036,21.859936309777165,24.497842490053806,2.8857714505053575,3622470.9143249434,search_artifacts/local_detail_replication_5090_20260924_v1/monitor/20260926T060901Z/pre_recovery/run/insta_market_basket/seed_52/runs/rmtpp/count_only_log_regression/seed_52/endpoint_replays.json
insta_market_basket,rmtpp,52,15,history,0,"[1, 3, 7, 15, 31]",<=1,261,7.147435305219044,10.527610996149457,2.833186363272018,28926.784847710453,search_artifacts/local_detail_replication_5090_20260924_v1/monitor/20260926T060901Z/pre_recovery/run/insta_market_basket/seed_52/runs/rmtpp/count_only_log_regression/seed_52/endpoint_replays.json
insta_market_basket,rmtpp,52,15,history,1,"[1, 3, 7, 15, 31]","(1,3]",130279,4.052891760148812,6.023615259201565,2.8673192800564937,4727035.522295829,search_artifacts/local_detail_replication_5090_20260924_v1/monitor/20260926T060901Z/pre_recovery/run/insta_market_basket/seed_52/runs/rmtpp/count_only_log_regression/seed_52/endpoint_replays.json
insta_market_basket,rmtpp,52,15,history,2,"[1, 3, 7, 15, 31]","(3,7]",205041,3.9423011897765963,5.771124793549912,3.066983665375213,6829071.224595629,search_artifacts/local_detail_replication_5090_20260924_v1/monitor/20260926T060901Z/pre_recovery/run/insta_market_basket/seed_52/runs/rmtpp/count_only_log_regression/seed_52/endpoint_replays.json
insta_market_basket,rmtpp,52,15,history,3,"[1, 3, 7, 15, 31]","(7,15]",140970,4.028606304398849,5.8865768237555285,2.562595373949666,4884862.3713775175,search_artifacts/local_detail_replication_5090_20260924_v1/monitor/20260926T060901Z/pre_recovery/run/insta_market_basket/seed_52/runs/rmtpp/count_only_log_regression/seed_52/endpoint_replays.json
insta_market_basket,rmtpp,52,15,history,4,"[1, 3, 7, 15, 31]","(15,31]",26298,3.789610191931497,5.752721381400826,1.8939628347169049,870300.8389737058,search_artifacts/local_detail_replication_5090_20260924_v1/monitor/20260926T060901Z/pre_recovery/run/insta_market_basket/seed_52/runs/rmtpp/count_only_log_regression/seed_52/endpoint_replays.json
insta_market_basket,rmtpp,52,15,history,5,"[1, 3, 7, 15, 31]",>31,884,4.041159255607096,6.838979585923615,1.1061271313854761,41346.13133058506,search_artifacts/local_detail_replication_5090_20260924_v1/monitor/20260926T060901Z/pre_recovery/run/insta_market_basket/seed_52/runs/rmtpp/count_only_log_regression/seed_52/endpoint_replays.json
insta_market_basket,rmtpp,62,35,quantity,0,"[8, 20, 25, 35]",<=8,247651,2.63870341936814,3.6993390296208104,2.794070054374397,3389130.992376438,search_artifacts/local_detail_instacart_remaining_5090_20260926_v1/monitor/20260927T130927Z/terminal_5090_recovery/run/insta_market_basket/seed_62/runs/rmtpp/count_only_log_regression/seed_62/endpoint_replays.json
insta_market_basket,rmtpp,62,35,quantity,1,"[8, 20, 25, 35]","(8,20]",202534,3.7288173882933515,4.710759713254898,2.8087854739424776,4494484.060635722,search_artifacts/local_detail_instacart_remaining_5090_20260926_v1/monitor/20260927T130927Z/terminal_5090_recovery/run/insta_market_basket/seed_62/runs/rmtpp/count_only_log_regression/seed_62/endpoint_replays.json
insta_market_basket,rmtpp,62,35,quantity,2,"[8, 20, 25, 35]","(20,25]",27322,8.160329759670695,9.243292021413785,2.8464442857769456,2334349.259675145,search_artifacts/local_detail_instacart_remaining_5090_20260926_v1/monitor/20260927T130927Z/terminal_5090_recovery/run/insta_market_basket/seed_62/runs/rmtpp/count_only_log_regression/seed_62/endpoint_replays.json
insta_market_basket,rmtpp,62,35,quantity,3,"[8, 20, 25, 35]","(25,35]",20190,11.993214201230469,13.31154828033053,2.853876896145562,3577613.8427391322,search_artifacts/local_detail_instacart_remaining_5090_20260926_v1/monitor/20260927T130927Z/terminal_5090_recovery/run/insta_market_basket/seed_62/runs/rmtpp/count_only_log_regression/seed_62/endpoint_replays.json
insta_market_basket,rmtpp,62,35,quantity,4,"[8, 20, 25, 35]",>35,6036,22.33067754912329,24.89710508301675,2.873514833706655,3741510.219383203,search_artifacts/local_detail_instacart_remaining_5090_20260926_v1/monitor/20260927T130927Z/terminal_5090_recovery/run/insta_market_basket/seed_62/runs/rmtpp/count_only_log_regression/seed_62/endpoint_replays.json
insta_market_basket,rmtpp,62,35,history,0,"[1, 3, 7, 15, 31]",<=1,261,6.965418617387384,10.499952167818366,2.829737865424461,28774.987832409606,search_artifacts/local_detail_instacart_remaining_5090_20260926_v1/monitor/20260927T130927Z/terminal_5090_recovery/run/insta_market_basket/seed_62/runs/rmtpp/count_only_log_regression/seed_62/endpoint_replays.json
insta_market_basket,rmtpp,62,35,history,1,"[1, 3, 7, 15, 31]","(1,3]",130279,4.047550815484909,6.025266628011088,2.8577107420410917,4729627.70280601,search_artifacts/local_detail_instacart_remaining_5090_20260926_v1/monitor/20260927T130927Z/terminal_5090_recovery/run/insta_market_basket/seed_62/runs/rmtpp/count_only_log_regression/seed_62/endpoint_replays.json
insta_market_basket,rmtpp,62,35,history,2,"[1, 3, 7, 15, 31]","(3,7]",205041,3.9444000321753028,5.799990622035247,3.066063349465529,6897556.934757689,search_artifacts/local_detail_instacart_remaining_5090_20260926_v1/monitor/20260927T130927Z/terminal_5090_recovery/run/insta_market_basket/seed_62/runs/rmtpp/count_only_log_regression/seed_62/endpoint_replays.json
insta_market_basket,rmtpp,62,35,history,3,"[1, 3, 7, 15, 31]","(7,15]",140970,4.032037589097095,5.922028482058996,2.5608446933541362,4943877.296626565,search_artifacts/local_detail_instacart_remaining_5090_20260926_v1/monitor/20260927T130927Z/terminal_5090_recovery/run/insta_market_basket/seed_62/runs/rmtpp/count_only_log_regression/seed_62/endpoint_replays.json
insta_market_basket,rmtpp,62,35,history,4,"[1, 3, 7, 15, 31]","(15,31]",26298,3.7628321098287674,5.831579952580768,1.8961021672102774,894324.6261004055,search_artifacts/local_detail_instacart_remaining_5090_20260926_v1/monitor/20260927T130927Z/terminal_5090_recovery/run/insta_market_basket/seed_62/runs/rmtpp/count_only_log_regression/seed_62/endpoint_replays.json
insta_market_basket,rmtpp,62,35,history,5,"[1, 3, 7, 15, 31]",>31,884,3.7708866825470557,6.968483242082565,1.1207412469807039,42926.82668654401,search_artifacts/local_detail_instacart_remaining_5090_20260926_v1/monitor/20260927T130927Z/terminal_5090_recovery/run/insta_market_basket/seed_62/runs/rmtpp/count_only_log_regression/seed_62/endpoint_replays.json
insta_market_basket,nhp,42,28,quantity,0,"[8, 20, 25, 35]",<=8,247651,1.9603974868130443,2.6694359945556023,2.80158020743642,1764733.4201025749,search_artifacts/local_detail_benchmark_execution_20260923_v3/monitor/20260924T122457Z/terminal_5090_seed42/run/insta_market_basket/runs/nhp/count_only_log_regression/seed_42/endpoint_replays.json
insta_market_basket,nhp,42,28,quantity,1,"[8, 20, 25, 35]","(8,20]",202534,4.843034438008054,5.738569762484926,2.806183506571748,6669684.201297769,search_artifacts/local_detail_benchmark_execution_20260923_v3/monitor/20260924T122457Z/terminal_5090_seed42/run/insta_market_basket/runs/nhp/count_only_log_regression/seed_42/endpoint_replays.json
insta_market_basket,nhp,42,28,quantity,2,"[8, 20, 25, 35]","(20,25]",27322,11.259090025121633,11.794458964520793,2.831683561071472,3800743.263625228,search_artifacts/local_detail_benchmark_execution_20260923_v3/monitor/20260924T122457Z/terminal_5090_seed42/run/insta_market_basket/runs/nhp/count_only_log_regression/seed_42/endpoint_replays.json
insta_market_basket,nhp,42,28,quantity,3,"[8, 20, 25, 35]","(25,35]",20190,16.082076812274625,16.68783473576377,2.8318741512964007,5622588.490715226,search_artifacts/local_detail_benchmark_execution_20260923_v3/monitor/20260924T122457Z/terminal_5090_seed42/run/insta_market_basket/runs/nhp/count_only_log_regression/seed_42/endpoint_replays.json
insta_market_basket,nhp,42,28,quantity,4,"[8, 20, 25, 35]",>35,6036,27.497256237517295,29.216126355934513,2.8345751671987287,5152221.188888441,search_artifacts/local_detail_benchmark_execution_20260923_v3/monitor/20260924T122457Z/terminal_5090_seed42/run/insta_market_basket/runs/nhp/count_only_log_regression/seed_42/endpoint_replays.json
insta_market_basket,nhp,42,28,history,0,"[1, 3, 7, 15, 31]",<=1,261,6.9022657314022835,10.681614831373725,2.8051714130283987,29779.28970091984,search_artifacts/local_detail_benchmark_execution_20260923_v3/monitor/20260924T122457Z/terminal_5090_seed42/run/insta_market_basket/runs/nhp/count_only_log_regression/seed_42/endpoint_replays.json
insta_market_basket,nhp,42,28,history,1,"[1, 3, 7, 15, 31]","(1,3]",130279,4.428756010306458,6.716084327792111,2.8551951182336515,5876337.045788673,search_artifacts/local_detail_benchmark_execution_20260923_v3/monitor/20260924T122457Z/terminal_5090_seed42/run/insta_market_basket/runs/nhp/count_only_log_regression/seed_42/endpoint_replays.json
insta_market_basket,nhp,42,28,history,2,"[1, 3, 7, 15, 31]","(3,7]",205041,4.509649859125845,6.726606102003452,3.068138936514938,9277537.214975279,search_artifacts/local_detail_benchmark_execution_20260923_v3/monitor/20260924T122457Z/terminal_5090_seed42/run/insta_market_basket/runs/nhp/count_only_log_regression/seed_42/endpoint_replays.json
insta_market_basket,nhp,42,28,history,3,"[1, 3, 7, 15, 31]","(7,15]",140970,4.618947146145547,6.8807005691696705,2.563152648399581,6674089.36427295,search_artifacts/local_detail_benchmark_execution_20260923_v3/monitor/20260924T122457Z/terminal_5090_seed42/run/insta_market_basket/runs/nhp/count_only_log_regression/seed_42/endpoint_replays.json
insta_market_basket,nhp,42,28,history,4,"[1, 3, 7, 15, 31]","(15,31]",26298,4.050059744521451,6.461442048610187,1.8914595959674114,1097947.6365738125,search_artifacts/local_detail_benchmark_execution_20260923_v3/monitor/20260924T122457Z/terminal_5090_seed42/run/insta_market_basket/runs/nhp/count_only_log_regression/seed_42/endpoint_replays.json
insta_market_basket,nhp,42,28,history,5,"[1, 3, 7, 15, 31]",>31,884,4.055429059860393,7.835989407678446,1.070565410137071,54280.013317567944,search_artifacts/local_detail_benchmark_execution_20260923_v3/monitor/20260924T122457Z/terminal_5090_seed42/run/insta_market_basket/runs/nhp/count_only_log_regression/seed_42/endpoint_replays.json
insta_market_basket,nhp,52,15,quantity,0,"[8, 20, 25, 35]",<=8,247651,1.9682027345729916,2.6820289147059695,2.7975389365931504,1781422.76222542,search_artifacts/local_detail_replication_5090_20260924_v1/monitor/20260926T060901Z/pre_recovery/run/insta_market_basket/seed_52/runs/nhp/count_only_log_regression/seed_52/endpoint_replays.json
insta_market_basket,nhp,52,15,quantity,1,"[8, 20, 25, 35]","(8,20]",202534,4.78136438147342,5.6777315687206995,2.834071448584608,6529014.788321702,search_artifacts/local_detail_replication_5090_20260924_v1/monitor/20260926T060901Z/pre_recovery/run/insta_market_basket/seed_52/runs/nhp/count_only_log_regression/seed_52/endpoint_replays.json
insta_market_basket,nhp,52,15,quantity,2,"[8, 20, 25, 35]","(20,25]",27322,11.170277164382227,11.722049555280774,2.8842594583833545,3754218.9115043916,search_artifacts/local_detail_replication_5090_20260924_v1/monitor/20260926T060901Z/pre_recovery/run/insta_market_basket/seed_52/runs/nhp/count_only_log_regression/seed_52/endpoint_replays.json
insta_market_basket,nhp,52,15,quantity,3,"[8, 20, 25, 35]","(25,35]",20190,15.929132885712098,16.57042607637021,2.8942651518213673,5543750.420915962,search_artifacts/local_detail_replication_5090_20260924_v1/monitor/20260926T060901Z/pre_recovery/run/insta_market_basket/seed_52/runs/nhp/count_only_log_regression/seed_52/endpoint_replays.json
insta_market_basket,nhp,52,15,quantity,4,"[8, 20, 25, 35]",>35,6036,27.198537525552403,28.964633577959972,2.911553100125658,5063902.189771915,search_artifacts/local_detail_replication_5090_20260924_v1/monitor/20260926T060901Z/pre_recovery/run/insta_market_basket/seed_52/runs/nhp/count_only_log_regression/seed_52/endpoint_replays.json
insta_market_basket,nhp,52,15,history,0,"[1, 3, 7, 15, 31]",<=1,261,6.900712485514381,10.687522052130396,2.8209558980117055,29812.236307455885,search_artifacts/local_detail_replication_5090_20260924_v1/monitor/20260926T060901Z/pre_recovery/run/insta_market_basket/seed_52/runs/nhp/count_only_log_regression/seed_52/endpoint_replays.json
insta_market_basket,nhp,52,15,history,1,"[1, 3, 7, 15, 31]","(1,3]",130279,4.425238266245151,6.7154581071316635,2.8835729240620314,5875241.254870481,search_artifacts/local_detail_replication_5090_20260924_v1/monitor/20260926T060901Z/pre_recovery/run/insta_market_basket/seed_52/runs/nhp/count_only_log_regression/seed_52/endpoint_replays.json
insta_market_basket,nhp,52,15,history,2,"[1, 3, 7, 15, 31]","(3,7]",205041,4.468018789866635,6.664014063494644,3.081490482434291,9105682.877304127,search_artifacts/local_detail_replication_5090_20260924_v1/monitor/20260926T060901Z/pre_recovery/run/insta_market_basket/seed_52/runs/nhp/count_only_log_regression/seed_52/endpoint_replays.json
insta_market_basket,nhp,52,15,history,3,"[1, 3, 7, 15, 31]","(7,15]",140970,4.564679994821261,6.811254230596242,2.5719250346592784,6540047.175802128,search_artifacts/local_detail_replication_5090_20260924_v1/monitor/20260926T060901Z/pre_recovery/run/insta_market_basket/seed_52/runs/nhp/count_only_log_regression/seed_52/endpoint_replays.json
insta_market_basket,nhp,52,15,history,4,"[1, 3, 7, 15, 31]","(15,31]",26298,4.008867587111406,6.3877993232486485,1.8958241296569656,1073063.0711443338,search_artifacts/local_detail_replication_5090_20260924_v1/monitor/20260926T060901Z/pre_recovery/run/insta_market_basket/seed_52/runs/nhp/count_only_log_regression/seed_52/endpoint_replays.json
insta_market_basket,nhp,52,15,history,5,"[1, 3, 7, 15, 31]",>31,884,3.889395693848036,7.404173437211985,1.0909674589856289,48462.45731087093,search_artifacts/local_detail_replication_5090_20260924_v1/monitor/20260926T060901Z/pre_recovery/run/insta_market_basket/seed_52/runs/nhp/count_only_log_regression/seed_52/endpoint_replays.json
insta_market_basket,nhp,62,33,quantity,0,"[8, 20, 25, 35]",<=8,247651,1.9337834538478882,2.619126729986213,2.801274573399713,1698842.4784117343,search_artifacts/local_detail_instacart_remaining_5090_20260926_v1/monitor/20260927T130927Z/terminal_5090_recovery/run/insta_market_basket/seed_62/runs/nhp/count_only_log_regression/seed_62/endpoint_replays.json
insta_market_basket,nhp,62,33,quantity,1,"[8, 20, 25, 35]","(8,20]",202534,4.859690179100111,5.748062293211972,2.8133224106003314,6691767.9431299735,search_artifacts/local_detail_instacart_remaining_5090_20260926_v1/monitor/20260927T130927Z/terminal_5090_recovery/run/insta_market_basket/seed_62/runs/nhp/count_only_log_regression/seed_62/endpoint_replays.json
insta_market_basket,nhp,62,33,quantity,2,"[8, 20, 25, 35]","(20,25]",27322,11.483276959088979,11.959132777270947,2.8437870618577845,3907615.849063276,search_artifacts/local_detail_instacart_remaining_5090_20260926_v1/monitor/20260927T130927Z/terminal_5090_recovery/run/insta_market_basket/seed_62/runs/nhp/count_only_log_regression/seed_62/endpoint_replays.json
insta_market_basket,nhp,62,33,quantity,3,"[8, 20, 25, 35]","(25,35]",20190,16.41861386326884,16.963891225345215,2.845589215460917,5810149.095152903,search_artifacts/local_detail_instacart_remaining_5090_20260926_v1/monitor/20260927T130927Z/terminal_5090_recovery/run/insta_market_basket/seed_62/runs/nhp/count_only_log_regression/seed_62/endpoint_replays.json
insta_market_basket,nhp,62,33,quantity,4,"[8, 20, 25, 35]",>35,6036,27.979214124761725,29.62257983064788,2.8557476471771768,5296573.315428272,search_artifacts/local_detail_instacart_remaining_5090_20260926_v1/monitor/20260927T130927Z/terminal_5090_recovery/run/insta_market_basket/seed_62/runs/nhp/count_only_log_regression/seed_62/endpoint_replays.json
insta_market_basket,nhp,62,33,history,0,"[1, 3, 7, 15, 31]",<=1,261,6.904275214535066,10.724642634344377,2.8111252487227048,30019.687464577644,search_artifacts/local_detail_instacart_remaining_5090_20260926_v1/monitor/20260927T130927Z/terminal_5090_recovery/run/insta_market_basket/seed_62/runs/nhp/count_only_log_regression/seed_62/endpoint_replays.json
insta_market_basket,nhp,62,33,history,1,"[1, 3, 7, 15, 31]","(1,3]",130279,4.522325892314245,6.874812880941788,2.866831755907204,6157383.170784488,search_artifacts/local_detail_instacart_remaining_5090_20260926_v1/monitor/20260927T130927Z/terminal_5090_recovery/run/insta_market_basket/seed_62/runs/nhp/count_only_log_regression/seed_62/endpoint_replays.json
insta_market_basket,nhp,62,33,history,2,"[1, 3, 7, 15, 31]","(3,7]",205041,4.546658584413556,6.805126093806028,3.072347678409648,9495395.635670194,search_artifacts/local_detail_instacart_remaining_5090_20260926_v1/monitor/20260927T130927Z/terminal_5090_recovery/run/insta_market_basket/seed_62/runs/nhp/count_only_log_regression/seed_62/endpoint_replays.json
insta_market_basket,nhp,62,33,history,3,"[1, 3, 7, 15, 31]","(7,15]",140970,4.578287416250475,6.844694441990909,2.561873859404576,6604422.227335068,search_artifacts/local_detail_instacart_remaining_5090_20260926_v1/monitor/20260927T130927Z/terminal_5090_recovery/run/insta_market_basket/seed_62/runs/nhp/count_only_log_regression/seed_62/endpoint_replays.json
insta_market_basket,nhp,62,33,history,4,"[1, 3, 7, 15, 31]","(15,31]",26298,4.0012297855555685,6.375168608359285,1.8891827382289064,1068823.6912961842,search_artifacts/local_detail_instacart_remaining_5090_20260926_v1/monitor/20260927T130927Z/terminal_5090_recovery/run/insta_market_basket/seed_62/runs/nhp/count_only_log_regression/seed_62/endpoint_replays.json
insta_market_basket,nhp,62,33,history,5,"[1, 3, 7, 15, 31]",>31,884,3.8838108184650473,7.4378471922183,1.0311942210247316,48904.26863563405,search_artifacts/local_detail_instacart_remaining_5090_20260926_v1/monitor/20260927T130927Z/terminal_5090_recovery/run/insta_market_basket/seed_62/runs/nhp/count_only_log_regression/seed_62/endpoint_replays.json
insta_market_basket,thp,42,30,quantity,0,"[8, 20, 25, 35]",<=8,247651,2.8858728783330823,4.09065243848765,2.8045335452691917,4144052.498738225,search_artifacts/local_detail_benchmark_execution_20260923_v3/monitor/20260924T122457Z/terminal_5090_seed42/run/insta_market_basket/runs/thp/count_only_log_regression/seed_42/endpoint_replays.json
insta_market_basket,thp,42,30,quantity,1,"[8, 20, 25, 35]","(8,20]",202534,3.708174512654766,4.7239501612865284,2.8022864360029742,4519689.0220538955,search_artifacts/local_detail_benchmark_execution_20260923_v3/monitor/20260924T122457Z/terminal_5090_seed42/run/insta_market_basket/runs/thp/count_only_log_regression/seed_42/endpoint_replays.json
insta_market_basket,thp,42,30,quantity,2,"[8, 20, 25, 35]","(20,25]",27322,7.319052764345128,8.560769486710864,2.814653811454557,2002341.2448180753,search_artifacts/local_detail_benchmark_execution_20260923_v3/monitor/20260924T122457Z/terminal_5090_seed42/run/insta_market_basket/runs/thp/count_only_log_regression/seed_42/endpoint_replays.json
insta_market_basket,thp,42,30,quantity,3,"[8, 20, 25, 35]","(25,35]",20190,10.908463855484088,12.399224952639864,2.807415970111429,3104026.336614312,search_artifacts/local_detail_benchmark_execution_20260923_v3/monitor/20260924T122457Z/terminal_5090_seed42/run/insta_market_basket/runs/thp/count_only_log_regression/seed_42/endpoint_replays.json
insta_market_basket,thp,42,30,quantity,4,"[8, 20, 25, 35]",>35,6036,21.25389251166262,24.024769738691994,2.809598387262921,3483916.190178922,search_artifacts/local_detail_benchmark_execution_20260923_v3/monitor/20260924T122457Z/terminal_5090_seed42/run/insta_market_basket/runs/thp/count_only_log_regression/seed_42/endpoint_replays.json
insta_market_basket,thp,42,30,history,0,"[1, 3, 7, 15, 31]",<=1,261,7.498742516470138,10.695464286774033,2.821596046681212,29856.561596820942,search_artifacts/local_detail_benchmark_execution_20260923_v3/monitor/20260924T122457Z/terminal_5090_seed42/run/insta_market_basket/runs/thp/count_only_log_regression/seed_42/endpoint_replays.json
insta_market_basket,thp,42,30,history,1,"[1, 3, 7, 15, 31]","(1,3]",130279,4.055471610890819,6.0113643547644875,2.854640006089777,4707827.266637498,search_artifacts/local_detail_benchmark_execution_20260923_v3/monitor/20260924T122457Z/terminal_5090_seed42/run/insta_market_basket/runs/thp/count_only_log_regression/seed_42/endpoint_replays.json
insta_market_basket,thp,42,30,history,2,"[1, 3, 7, 15, 31]","(3,7]",205041,3.954507967116234,5.746331077623073,3.0587244253712624,6770519.608154632,search_artifacts/local_detail_benchmark_execution_20260923_v3/monitor/20260924T122457Z/terminal_5090_seed42/run/insta_market_basket/runs/thp/count_only_log_regression/seed_42/endpoint_replays.json
insta_market_basket,thp,42,30,history,3,"[1, 3, 7, 15, 31]","(7,15]",140970,4.039654723838719,5.8375702518787405,2.565309803365767,4803866.612038998,search_artifacts/local_detail_benchmark_execution_20260923_v3/monitor/20260924T122457Z/terminal_5090_seed42/run/insta_market_basket/runs/thp/count_only_log_regression/seed_42/endpoint_replays.json
insta_market_basket,thp,42,30,history,4,"[1, 3, 7, 15, 31]","(15,31]",26298,3.8098447512733555,5.829423220590716,1.9086448111465557,893663.2403790773,search_artifacts/local_detail_benchmark_execution_20260923_v3/monitor/20260924T122457Z/terminal_5090_seed42/run/insta_market_basket/runs/thp/count_only_log_regression/seed_42/endpoint_replays.json
insta_market_basket,thp,42,30,history,5,"[1, 3, 7, 15, 31]",>31,884,3.8739948439921728,7.391140868930418,1.1549691622245233,48292.00359642618,search_artifacts/local_detail_benchmark_execution_20260923_v3/monitor/20260924T122457Z/terminal_5090_seed42/run/insta_market_basket/runs/thp/count_only_log_regression/seed_42/endpoint_replays.json
insta_market_basket,thp,52,11,quantity,0,"[8, 20, 25, 35]",<=8,247651,2.76683920577996,3.834976468207452,2.8084772774433056,3642214.280368231,search_artifacts/local_detail_replication_5090_20260924_v1/monitor/20260926T060901Z/pre_recovery/run/insta_market_basket/seed_52/runs/thp/count_only_log_regression/seed_52/endpoint_replays.json
insta_market_basket,thp,52,11,quantity,1,"[8, 20, 25, 35]","(8,20]",202534,3.655757604958867,4.648020140673598,2.8022958580381374,4375563.0127935065,search_artifacts/local_detail_replication_5090_20260924_v1/monitor/20260926T060901Z/pre_recovery/run/insta_market_basket/seed_52/runs/thp/count_only_log_regression/seed_52/endpoint_replays.json
insta_market_basket,thp,52,11,quantity,2,"[8, 20, 25, 35]","(20,25]",27322,8.108094846209253,9.165447079403556,2.820176703836833,2295196.0897576157,search_artifacts/local_detail_replication_5090_20260924_v1/monitor/20260926T060901Z/pre_recovery/run/insta_market_basket/seed_52/runs/thp/count_only_log_regression/seed_52/endpoint_replays.json
insta_market_basket,thp,52,11,quantity,3,"[8, 20, 25, 35]","(25,35]",20190,11.823962743457088,13.180913716020319,2.820310153406361,3507739.6601973944,search_artifacts/local_detail_replication_5090_20260924_v1/monitor/20260926T060901Z/pre_recovery/run/insta_market_basket/seed_52/runs/thp/count_only_log_regression/seed_52/endpoint_replays.json
insta_market_basket,thp,52,11,quantity,4,"[8, 20, 25, 35]",>35,6036,21.670050738662027,24.523513206520864,2.831072094518887,3630066.697142074,search_artifacts/local_detail_replication_5090_20260924_v1/monitor/20260926T060901Z/pre_recovery/run/insta_market_basket/seed_52/runs/thp/count_only_log_regression/seed_52/endpoint_replays.json
insta_market_basket,thp,52,11,history,0,"[1, 3, 7, 15, 31]",<=1,261,7.010531282973015,10.426450074163437,2.8455039093477255,28373.534759894934,search_artifacts/local_detail_replication_5090_20260924_v1/monitor/20260926T060901Z/pre_recovery/run/insta_market_basket/seed_52/runs/thp/count_only_log_regression/seed_52/endpoint_replays.json
insta_market_basket,thp,52,11,history,1,"[1, 3, 7, 15, 31]","(1,3]",130279,4.061629598270047,5.944992678574211,2.865811219129339,4604442.612966703,search_artifacts/local_detail_replication_5090_20260924_v1/monitor/20260926T060901Z/pre_recovery/run/insta_market_basket/seed_52/runs/thp/count_only_log_regression/seed_52/endpoint_replays.json
insta_market_basket,thp,52,11,history,2,"[1, 3, 7, 15, 31]","(3,7]",205041,3.9563645592002863,5.776691690403598,3.0600785282571263,6842252.388467811,search_artifacts/local_detail_replication_5090_20260924_v1/monitor/20260926T060901Z/pre_recovery/run/insta_market_basket/seed_52/runs/thp/count_only_log_regression/seed_52/endpoint_replays.json
insta_market_basket,thp,52,11,history,3,"[1, 3, 7, 15, 31]","(7,15]",140970,4.054571444731009,5.961161770000092,2.563849479265892,5009432.3368941555,search_artifacts/local_detail_replication_5090_20260924_v1/monitor/20260926T060901Z/pre_recovery/run/insta_market_basket/seed_52/runs/thp/count_only_log_regression/seed_52/endpoint_replays.json
insta_market_basket,thp,52,11,history,4,"[1, 3, 7, 15, 31]","(15,31]",26298,3.7835911207076163,5.914261455497788,1.9075868336009707,919864.2922557252,search_artifacts/local_detail_replication_5090_20260924_v1/monitor/20260926T060901Z/pre_recovery/run/insta_market_basket/seed_52/runs/thp/count_only_log_regression/seed_52/endpoint_replays.json
insta_market_basket,thp,52,11,history,5,"[1, 3, 7, 15, 31]",>31,884,3.8639771645694836,7.246045489968759,1.170632486670057,46414.574914543795,search_artifacts/local_detail_replication_5090_20260924_v1/monitor/20260926T060901Z/pre_recovery/run/insta_market_basket/seed_52/runs/thp/count_only_log_regression/seed_52/endpoint_replays.json
insta_market_basket,thp,62,35,quantity,0,"[8, 20, 25, 35]",<=8,247651,2.973644706692294,4.192476488614489,2.7937180474322063,4352926.734852602,search_artifacts/local_detail_instacart_remaining_5090_20260926_v1/monitor/20260927T130927Z/terminal_5090_recovery/run/insta_market_basket/seed_62/runs/thp/count_only_log_regression/seed_62/endpoint_replays.json
insta_market_basket,thp,62,35,quantity,1,"[8, 20, 25, 35]","(8,20]",202534,3.6728190094262283,4.716762793944722,2.8091684073208727,4505946.305946744,search_artifacts/local_detail_instacart_remaining_5090_20260926_v1/monitor/20260927T130927Z/terminal_5090_recovery/run/insta_market_basket/seed_62/runs/thp/count_only_log_regression/seed_62/endpoint_replays.json
insta_market_basket,thp,62,35,quantity,2,"[8, 20, 25, 35]","(20,25]",27322,7.2501729595984905,8.489389692081504,2.8410916314942383,1969089.3637133061,search_artifacts/local_detail_instacart_remaining_5090_20260926_v1/monitor/20260927T130927Z/terminal_5090_recovery/run/insta_market_basket/seed_62/runs/thp/count_only_log_regression/seed_62/endpoint_replays.json
insta_market_basket,thp,62,35,quantity,3,"[8, 20, 25, 35]","(25,35]",20190,10.644856359062365,12.210143550056074,2.8433966704080658,3010078.7553069843,search_artifacts/local_detail_instacart_remaining_5090_20260926_v1/monitor/20260927T130927Z/terminal_5090_recovery/run/insta_market_basket/seed_62/runs/thp/count_only_log_regression/seed_62/endpoint_replays.json
insta_market_basket,thp,62,35,quantity,4,"[8, 20, 25, 35]",>35,6036,20.304076196224663,23.451052637440426,2.8545028647552164,3319509.4861369533,search_artifacts/local_detail_instacart_remaining_5090_20260926_v1/monitor/20260927T130927Z/terminal_5090_recovery/run/insta_market_basket/seed_62/runs/thp/count_only_log_regression/seed_62/endpoint_replays.json
insta_market_basket,thp,62,35,history,0,"[1, 3, 7, 15, 31]",<=1,261,7.050729667546649,10.461898525687484,2.821224996899867,28566.79471882509,search_artifacts/local_detail_instacart_remaining_5090_20260926_v1/monitor/20260927T130927Z/terminal_5090_recovery/run/insta_market_basket/seed_62/runs/thp/count_only_log_regression/seed_62/endpoint_replays.json
insta_market_basket,thp,62,35,history,1,"[1, 3, 7, 15, 31]","(1,3]",130279,4.0472472859501005,5.959705169999741,2.8538696886956605,4627260.68864583,search_artifacts/local_detail_instacart_remaining_5090_20260926_v1/monitor/20260927T130927Z/terminal_5090_recovery/run/insta_market_basket/seed_62/runs/thp/count_only_log_regression/seed_62/endpoint_replays.json
insta_market_basket,thp,62,35,history,2,"[1, 3, 7, 15, 31]","(3,7]",205041,3.9671389374096067,5.736303279303418,3.062825461223207,6746910.051177963,search_artifacts/local_detail_instacart_remaining_5090_20260926_v1/monitor/20260927T130927Z/terminal_5090_recovery/run/insta_market_basket/seed_62/runs/thp/count_only_log_regression/seed_62/endpoint_replays.json
insta_market_basket,thp,62,35,history,3,"[1, 3, 7, 15, 31]","(7,15]",140970,4.044560597811708,5.842187301196763,2.5647076751394597,4811468.562605456,search_artifacts/local_detail_instacart_remaining_5090_20260926_v1/monitor/20260927T130927Z/terminal_5090_recovery/run/insta_market_basket/seed_62/runs/thp/count_only_log_regression/seed_62/endpoint_replays.json
insta_market_basket,thp,62,35,history,4,"[1, 3, 7, 15, 31]","(15,31]",26298,3.7936863989981964,5.836009338155394,1.900721052050154,895683.7133594819,search_artifacts/local_detail_instacart_remaining_5090_20260926_v1/monitor/20260927T130927Z/terminal_5090_recovery/run/insta_market_basket/seed_62/runs/thp/count_only_log_regression/seed_62/endpoint_replays.json
insta_market_basket,thp,62,35,history,5,"[1, 3, 7, 15, 31]",>31,884,3.8408518720805915,7.342681542012209,1.1414236563161368,47660.8354490276,search_artifacts/local_detail_instacart_remaining_5090_20260926_v1/monitor/20260927T130927Z/terminal_5090_recovery/run/insta_market_basket/seed_62/runs/thp/count_only_log_regression/seed_62/endpoint_replays.json
insta_market_basket,sahp,42,30,quantity,0,"[8, 20, 25, 35]",<=8,247651,2.814138629534777,3.9692060601776835,2.8012313343411006,3901641.6392764044,search_artifacts/local_detail_benchmark_execution_20260923_v3/monitor/20260924T122457Z/terminal_5090_seed42/run/insta_market_basket/runs/sahp/count_only_log_regression/seed_42/endpoint_replays.json
insta_market_basket,sahp,42,30,quantity,1,"[8, 20, 25, 35]","(8,20]",202534,3.6701253843605084,4.65402419541807,2.7965836930701204,4386874.533337397,search_artifacts/local_detail_benchmark_execution_20260923_v3/monitor/20260924T122457Z/terminal_5090_seed42/run/insta_market_basket/runs/sahp/count_only_log_regression/seed_42/endpoint_replays.json
insta_market_basket,sahp,42,30,quantity,2,"[8, 20, 25, 35]","(20,25]",27322,7.527665470164967,8.706123706438289,2.810966844945234,2070914.4317561449,search_artifacts/local_detail_benchmark_execution_20260923_v3/monitor/20260924T122457Z/terminal_5090_seed42/run/insta_market_basket/runs/sahp/count_only_log_regression/seed_42/endpoint_replays.json
insta_market_basket,sahp,42,30,quantity,3,"[8, 20, 25, 35]","(25,35]",20190,11.516809589943122,12.803533689780181,2.807968199795535,3309756.289146336,search_artifacts/local_detail_benchmark_execution_20260923_v3/monitor/20260924T122457Z/terminal_5090_seed42/run/insta_market_basket/runs/sahp/count_only_log_regression/seed_42/endpoint_replays.json
insta_market_basket,sahp,42,30,quantity,4,"[8, 20, 25, 35]",>35,6036,22.54410610932084,24.98719166969067,2.8213646746612144,3768635.436138516,search_artifacts/local_detail_benchmark_execution_20260923_v3/monitor/20260924T122457Z/terminal_5090_seed42/run/insta_market_basket/runs/sahp/count_only_log_regression/seed_42/endpoint_replays.json
insta_market_basket,sahp,42,30,history,0,"[1, 3, 7, 15, 31]",<=1,261,7.15307823634239,10.48659962452359,2.836686298538717,28701.849409800212,search_artifacts/local_detail_benchmark_execution_20260923_v3/monitor/20260924T122457Z/terminal_5090_seed42/run/insta_market_basket/runs/sahp/count_only_log_regression/seed_42/endpoint_replays.json
insta_market_basket,sahp,42,30,history,1,"[1, 3, 7, 15, 31]","(1,3]",130279,4.053405803559445,6.023153978872395,2.8488069263775495,4726311.570011873,search_artifacts/local_detail_benchmark_execution_20260923_v3/monitor/20260924T122457Z/terminal_5090_seed42/run/insta_market_basket/runs/sahp/count_only_log_regression/seed_42/endpoint_replays.json
insta_market_basket,sahp,42,30,history,2,"[1, 3, 7, 15, 31]","(3,7]",205041,3.9597462678164814,5.785583772826131,3.0566862982040757,6863333.208603044,search_artifacts/local_detail_benchmark_execution_20260923_v3/monitor/20260924T122457Z/terminal_5090_seed42/run/insta_market_basket/runs/sahp/count_only_log_regression/seed_42/endpoint_replays.json
insta_market_basket,sahp,42,30,history,3,"[1, 3, 7, 15, 31]","(7,15]",140970,4.041331805337733,5.875959604726078,2.562794628545729,4867257.272930252,search_artifacts/local_detail_benchmark_execution_20260923_v3/monitor/20260924T122457Z/terminal_5090_seed42/run/insta_market_basket/runs/sahp/count_only_log_regression/seed_42/endpoint_replays.json
insta_market_basket,sahp,42,30,history,4,"[1, 3, 7, 15, 31]","(15,31]",26298,3.7868449018793746,5.861595321696307,1.8930888176614753,903554.5659138017,search_artifacts/local_detail_benchmark_execution_20260923_v3/monitor/20260924T122457Z/terminal_5090_seed42/run/insta_market_basket/runs/sahp/count_only_log_regression/seed_42/endpoint_replays.json
insta_market_basket,sahp,42,30,history,5,"[1, 3, 7, 15, 31]",>31,884,3.8201040527130146,7.419543013974415,1.0940923896145045,48663.86278601543,search_artifacts/local_detail_benchmark_execution_20260923_v3/monitor/20260924T122457Z/terminal_5090_seed42/run/insta_market_basket/runs/sahp/count_only_log_regression/seed_42/endpoint_replays.json
insta_market_basket,sahp,52,11,quantity,0,"[8, 20, 25, 35]",<=8,247651,2.8199333076906887,3.97499254905698,2.8010385677911462,3913025.912282505,search_artifacts/local_detail_replication_5090_20260924_v1/monitor/20260926T060901Z/pre_recovery/run/insta_market_basket/seed_52/runs/sahp/count_only_log_regression/seed_52/endpoint_replays.json
insta_market_basket,sahp,52,11,quantity,1,"[8, 20, 25, 35]","(8,20]",202534,3.755378515201915,4.781220225469293,2.799304192349489,4629940.77827113,search_artifacts/local_detail_replication_5090_20260924_v1/monitor/20260926T060901Z/pre_recovery/run/insta_market_basket/seed_52/runs/sahp/count_only_log_regression/seed_52/endpoint_replays.json
insta_market_basket,sahp,52,11,quantity,2,"[8, 20, 25, 35]","(20,25]",27322,7.704333918007023,8.88859771893841,2.8180719053827348,2158633.882595897,search_artifacts/local_detail_replication_5090_20260924_v1/monitor/20260926T060901Z/pre_recovery/run/insta_market_basket/seed_52/runs/sahp/count_only_log_regression/seed_52/endpoint_replays.json
insta_market_basket,sahp,52,11,quantity,3,"[8, 20, 25, 35]","(25,35]",20190,10.921287272105186,12.55744205919576,2.8201238177477386,3183747.9981044843,search_artifacts/local_detail_replication_5090_20260924_v1/monitor/20260926T060901Z/pre_recovery/run/insta_market_basket/seed_52/runs/sahp/count_only_log_regression/seed_52/endpoint_replays.json
insta_market_basket,sahp,52,11,quantity,4,"[8, 20, 25, 35]",>35,6036,21.303359157917434,24.161787330345494,2.836338974146959,3523768.312792951,search_artifacts/local_detail_replication_5090_20260924_v1/monitor/20260926T060901Z/pre_recovery/run/insta_market_basket/seed_52/runs/sahp/count_only_log_regression/seed_52/endpoint_replays.json
insta_market_basket,sahp,52,11,history,0,"[1, 3, 7, 15, 31]",<=1,261,6.943875213235731,10.37509894460707,2.8439245697926285,28094.73898681093,search_artifacts/local_detail_replication_5090_20260924_v1/monitor/20260926T060901Z/pre_recovery/run/insta_market_basket/seed_52/runs/sahp/count_only_log_regression/seed_52/endpoint_replays.json
insta_market_basket,sahp,52,11,history,1,"[1, 3, 7, 15, 31]","(1,3]",130279,4.08762216712568,5.954786404356701,2.854831185737745,4619625.741029385,search_artifacts/local_detail_replication_5090_20260924_v1/monitor/20260926T060901Z/pre_recovery/run/insta_market_basket/seed_52/runs/sahp/count_only_log_regression/seed_52/endpoint_replays.json
insta_market_basket,sahp,52,11,history,2,"[1, 3, 7, 15, 31]","(3,7]",205041,3.959803603902215,5.769552885053658,3.059698915304306,6825351.598513583,search_artifacts/local_detail_replication_5090_20260924_v1/monitor/20260926T060901Z/pre_recovery/run/insta_market_basket/seed_52/runs/sahp/count_only_log_regression/seed_52/endpoint_replays.json
insta_market_basket,sahp,52,11,history,3,"[1, 3, 7, 15, 31]","(7,15]",140970,4.040163953902832,5.940116152713078,2.5592034303931164,4974123.6175916875,search_artifacts/local_detail_replication_5090_20260924_v1/monitor/20260926T060901Z/pre_recovery/run/insta_market_basket/seed_52/runs/sahp/count_only_log_regression/seed_52/endpoint_replays.json
insta_market_basket,sahp,52,11,history,4,"[1, 3, 7, 15, 31]","(15,31]",26298,3.7776320183791174,5.899321484829067,1.8965481147739438,915222.8377219584,search_artifacts/local_detail_replication_5090_20260924_v1/monitor/20260926T060901Z/pre_recovery/run/insta_market_basket/seed_52/runs/sahp/count_only_log_regression/seed_52/endpoint_replays.json
insta_market_basket,sahp,52,11,history,5,"[1, 3, 7, 15, 31]",>31,884,3.829143777422236,7.268162629788891,1.1439011485356823,46698.350203544825,search_artifacts/local_detail_replication_5090_20260924_v1/monitor/20260926T060901Z/pre_recovery/run/insta_market_basket/seed_52/runs/sahp/count_only_log_regression/seed_52/endpoint_replays.json
insta_market_basket,sahp,62,35,quantity,0,"[8, 20, 25, 35]",<=8,247651,2.7886201415209113,3.9690635444827502,2.7906599649927393,3901361.4647635794,search_artifacts/local_detail_instacart_remaining_5090_20260926_v1/monitor/20260927T130927Z/terminal_5090_recovery/run/insta_market_basket/seed_62/runs/sahp/count_only_log_regression/seed_62/endpoint_replays.json
insta_market_basket,sahp,62,35,quantity,1,"[8, 20, 25, 35]","(8,20]",202534,3.764389730489706,4.7818814062919275,2.8063491612719416,4631221.388480344,search_artifacts/local_detail_instacart_remaining_5090_20260926_v1/monitor/20260927T130927Z/terminal_5090_recovery/run/insta_market_basket/seed_62/runs/sahp/count_only_log_regression/seed_62/endpoint_replays.json
insta_market_basket,sahp,62,35,quantity,2,"[8, 20, 25, 35]","(20,25]",27322,7.4911249801063855,8.735430140834323,2.8394507715390382,2084880.0653237307,search_artifacts/local_detail_instacart_remaining_5090_20260926_v1/monitor/20260927T130927Z/terminal_5090_recovery/run/insta_market_basket/seed_62/runs/sahp/count_only_log_regression/seed_62/endpoint_replays.json
insta_market_basket,sahp,62,35,quantity,3,"[8, 20, 25, 35]","(25,35]",20190,10.893531142224647,12.489031285915162,2.844042941675485,3149153.4706788626,search_artifacts/local_detail_instacart_remaining_5090_20260926_v1/monitor/20260927T130927Z/terminal_5090_recovery/run/insta_market_basket/seed_62/runs/sahp/count_only_log_regression/seed_62/endpoint_replays.json
insta_market_basket,sahp,62,35,quantity,4,"[8, 20, 25, 35]",>35,6036,21.694017277046733,24.396229760396228,2.8688777588604264,3592482.4960870496,search_artifacts/local_detail_instacart_remaining_5090_20260926_v1/monitor/20260927T130927Z/terminal_5090_recovery/run/insta_market_basket/seed_62/runs/sahp/count_only_log_regression/seed_62/endpoint_replays.json
insta_market_basket,sahp,62,35,history,0,"[1, 3, 7, 15, 31]",<=1,261,6.908603311955244,10.411882073676049,2.819345697837648,28294.30225051167,search_artifacts/local_detail_instacart_remaining_5090_20260926_v1/monitor/20260927T130927Z/terminal_5090_recovery/run/insta_market_basket/seed_62/runs/sahp/count_only_log_regression/seed_62/endpoint_replays.json
insta_market_basket,sahp,62,35,history,1,"[1, 3, 7, 15, 31]","(1,3]",130279,4.041527934552743,5.995548125950819,2.8495536655588487,4683086.753632244,search_artifacts/local_detail_instacart_remaining_5090_20260926_v1/monitor/20260927T130927Z/terminal_5090_recovery/run/insta_market_basket/seed_62/runs/sahp/count_only_log_regression/seed_62/endpoint_replays.json
insta_market_basket,sahp,62,35,history,2,"[1, 3, 7, 15, 31]","(3,7]",205041,3.9481006080178784,5.7648724961917175,3.0619843836698317,6814282.337907075,search_artifacts/local_detail_instacart_remaining_5090_20260926_v1/monitor/20260927T130927Z/terminal_5090_recovery/run/insta_market_basket/seed_62/runs/sahp/count_only_log_regression/seed_62/endpoint_replays.json
insta_market_basket,sahp,62,35,history,3,"[1, 3, 7, 15, 31]","(7,15]",140970,4.027706722525863,5.886631526827787,2.561374961725893,4884953.1603806615,search_artifacts/local_detail_instacart_remaining_5090_20260926_v1/monitor/20260927T130927Z/terminal_5090_recovery/run/insta_market_basket/seed_62/runs/sahp/count_only_log_regression/seed_62/endpoint_replays.json
insta_market_basket,sahp,62,35,history,4,"[1, 3, 7, 15, 31]","(15,31]",26298,3.7824818391030766,5.854068800288909,1.899109869588306,901235.6556939345,search_artifacts/local_detail_instacart_remaining_5090_20260926_v1/monitor/20260927T130927Z/terminal_5090_recovery/run/insta_market_basket/seed_62/runs/sahp/count_only_log_regression/seed_62/endpoint_replays.json
insta_market_basket,sahp,62,35,history,5,"[1, 3, 7, 15, 31]",>31,884,3.9254423045464772,7.310708957604368,1.1120907295433389,47246.67546911233,search_artifacts/local_detail_instacart_remaining_5090_20260926_v1/monitor/20260927T130927Z/terminal_5090_recovery/run/insta_market_basket/seed_62/runs/sahp/count_only_log_regression/seed_62/endpoint_replays.json
insta_market_basket,s2p2_matched_head,42,72,quantity,0,"[8, 20, 25, 35]",<=8,247651,2.963008369352652,4.187172660006694,2.789148957678796,4341920.078612705,search_artifacts/titantpp_additional_tpp_20260930_v1/retrieved/terminal_5090_20261001_v1/original/run/insta_market_basket__42__s2p2_matched_head/runs/s2p2_matched_head/count_only_log_regression/seed_42/endpoint_replays.json
insta_market_basket,s2p2_matched_head,42,72,quantity,1,"[8, 20, 25, 35]","(8,20]",202534,3.716160304826501,4.785448802724217,2.797735236575598,4638133.966995943,search_artifacts/titantpp_additional_tpp_20260930_v1/retrieved/terminal_5090_20261001_v1/original/run/insta_market_basket__42__s2p2_matched_head/runs/s2p2_matched_head/count_only_log_regression/seed_42/endpoint_replays.json
insta_market_basket,s2p2_matched_head,42,72,quantity,2,"[8, 20, 25, 35]","(20,25]",27322,7.311375581361252,8.547474411892805,2.8231827664406817,1996126.7088536527,search_artifacts/titantpp_additional_tpp_20260930_v1/retrieved/terminal_5090_20261001_v1/original/run/insta_market_basket__42__s2p2_matched_head/runs/s2p2_matched_head/count_only_log_regression/seed_42/endpoint_replays.json
insta_market_basket,s2p2_matched_head,42,72,quantity,3,"[8, 20, 25, 35]","(25,35]",20190,10.42179259798679,12.114514493708976,2.8195680655939492,2963113.9060351704,search_artifacts/titantpp_additional_tpp_20260930_v1/retrieved/terminal_5090_20261001_v1/original/run/insta_market_basket__42__s2p2_matched_head/runs/s2p2_matched_head/count_only_log_regression/seed_42/endpoint_replays.json
insta_market_basket,s2p2_matched_head,42,72,quantity,4,"[8, 20, 25, 35]",>35,6036,20.082495662157232,23.130480577521663,2.829326823273467,3229375.4792255377,search_artifacts/titantpp_additional_tpp_20260930_v1/retrieved/terminal_5090_20261001_v1/original/run/insta_market_basket__42__s2p2_matched_head/runs/s2p2_matched_head/count_only_log_regression/seed_42/endpoint_replays.json
insta_market_basket,s2p2_matched_head,42,72,history,0,"[1, 3, 7, 15, 31]",<=1,261,7.1902451122400866,10.529587088073853,2.8049797541096924,28937.645308031548,search_artifacts/titantpp_additional_tpp_20260930_v1/retrieved/terminal_5090_20261001_v1/original/run/insta_market_basket__42__s2p2_matched_head/runs/s2p2_matched_head/count_only_log_regression/seed_42/endpoint_replays.json
insta_market_basket,s2p2_matched_head,42,72,history,1,"[1, 3, 7, 15, 31]","(1,3]",130279,4.076754671615083,5.955236231776091,2.8396795810410476,4620323.704876407,search_artifacts/titantpp_additional_tpp_20260930_v1/retrieved/terminal_5090_20261001_v1/original/run/insta_market_basket__42__s2p2_matched_head/runs/s2p2_matched_head/count_only_log_regression/seed_42/endpoint_replays.json
insta_market_basket,s2p2_matched_head,42,72,history,2,"[1, 3, 7, 15, 31]","(3,7]",205041,3.9744963548894843,5.753266369882109,3.055603522569518,6786872.257208209,search_artifacts/titantpp_additional_tpp_20260930_v1/retrieved/terminal_5090_20261001_v1/original/run/insta_market_basket__42__s2p2_matched_head/runs/s2p2_matched_head/count_only_log_regression/seed_42/endpoint_replays.json
insta_market_basket,s2p2_matched_head,42,72,history,3,"[1, 3, 7, 15, 31]","(7,15]",140970,4.024007620507541,5.846829820586409,2.559535412293371,4819118.509508162,search_artifacts/titantpp_additional_tpp_20260930_v1/retrieved/terminal_5090_20261001_v1/original/run/insta_market_basket__42__s2p2_matched_head/runs/s2p2_matched_head/count_only_log_regression/seed_42/endpoint_replays.json
insta_market_basket,s2p2_matched_head,42,72,history,4,"[1, 3, 7, 15, 31]","(15,31]",26298,3.7743937253489657,5.7593155946659795,1.8838158325129815,872297.1944964824,search_artifacts/titantpp_additional_tpp_20260930_v1/retrieved/terminal_5090_20261001_v1/original/run/insta_market_basket__42__s2p2_matched_head/runs/s2p2_matched_head/count_only_log_regression/seed_42/endpoint_replays.json
insta_market_basket,s2p2_matched_head,42,72,history,5,"[1, 3, 7, 15, 31]",>31,884,3.8301962303899533,6.820320676042705,1.0711751777814718,41120.82832566517,search_artifacts/titantpp_additional_tpp_20260930_v1/retrieved/terminal_5090_20261001_v1/original/run/insta_market_basket__42__s2p2_matched_head/runs/s2p2_matched_head/count_only_log_regression/seed_42/endpoint_replays.json
insta_market_basket,s2p2_matched_head,52,11,quantity,0,"[8, 20, 25, 35]",<=8,247651,2.7835059183808233,3.9355654849364585,2.797623745001349,3835786.0223688474,search_artifacts/titantpp_additional_tpp_20260930_v1/retrieved/terminal_5090_20261001_v1/original/run/insta_market_basket__52__s2p2_matched_head/runs/s2p2_matched_head/count_only_log_regression/seed_52/endpoint_replays.json
insta_market_basket,s2p2_matched_head,52,11,quantity,1,"[8, 20, 25, 35]","(8,20]",202534,3.770416753727192,4.798681242770738,2.796088184993308,4663819.617735012,search_artifacts/titantpp_additional_tpp_20260930_v1/retrieved/terminal_5090_20261001_v1/original/run/insta_market_basket__52__s2p2_matched_head/runs/s2p2_matched_head/count_only_log_regression/seed_52/endpoint_replays.json
insta_market_basket,s2p2_matched_head,52,11,quantity,2,"[8, 20, 25, 35]","(20,25]",27322,7.619191254758615,8.873030108155387,2.813750822893863,2151079.182688939,search_artifacts/titantpp_additional_tpp_20260930_v1/retrieved/terminal_5090_20261001_v1/original/run/insta_market_basket__52__s2p2_matched_head/runs/s2p2_matched_head/count_only_log_regression/seed_52/endpoint_replays.json
insta_market_basket,s2p2_matched_head,52,11,quantity,3,"[8, 20, 25, 35]","(25,35]",20190,10.993308380336204,12.599994531024588,2.809909195045805,3205361.617451542,search_artifacts/titantpp_additional_tpp_20260930_v1/retrieved/terminal_5090_20261001_v1/original/run/insta_market_basket__52__s2p2_matched_head/runs/s2p2_matched_head/count_only_log_regression/seed_52/endpoint_replays.json
insta_market_basket,s2p2_matched_head,52,11,quantity,4,"[8, 20, 25, 35]",>35,6036,21.319397051635367,24.043272839024862,2.81679026270744,3489284.6557479687,search_artifacts/titantpp_additional_tpp_20260930_v1/retrieved/terminal_5090_20261001_v1/original/run/insta_market_basket__52__s2p2_matched_head/runs/s2p2_matched_head/count_only_log_regression/seed_52/endpoint_replays.json
insta_market_basket,s2p2_matched_head,52,11,history,0,"[1, 3, 7, 15, 31]",<=1,261,7.175986576811107,10.610253865747895,2.8419756016564084,29382.724131956333,search_artifacts/titantpp_additional_tpp_20260930_v1/retrieved/terminal_5090_20261001_v1/original/run/insta_market_basket__52__s2p2_matched_head/runs/s2p2_matched_head/count_only_log_regression/seed_52/endpoint_replays.json
insta_market_basket,s2p2_matched_head,52,11,history,1,"[1, 3, 7, 15, 31]","(1,3]",130279,4.049852784195728,5.977264379689276,2.8418504356804215,4654567.655771942,search_artifacts/titantpp_additional_tpp_20260930_v1/retrieved/terminal_5090_20261001_v1/original/run/insta_market_basket__52__s2p2_matched_head/runs/s2p2_matched_head/count_only_log_regression/seed_52/endpoint_replays.json
insta_market_basket,s2p2_matched_head,52,11,history,2,"[1, 3, 7, 15, 31]","(3,7]",205041,3.950908005847751,5.766188607485903,3.058194909653665,6817394.072878885,search_artifacts/titantpp_additional_tpp_20260930_v1/retrieved/terminal_5090_20261001_v1/original/run/insta_market_basket__52__s2p2_matched_head/runs/s2p2_matched_head/count_only_log_regression/seed_52/endpoint_replays.json
insta_market_basket,s2p2_matched_head,52,11,history,3,"[1, 3, 7, 15, 31]","(7,15]",140970,4.039627675748999,5.902468569777747,2.560998730862217,4911272.89157068,search_artifacts/titantpp_additional_tpp_20260930_v1/retrieved/terminal_5090_20261001_v1/original/run/insta_market_basket__52__s2p2_matched_head/runs/s2p2_matched_head/count_only_log_regression/seed_52/endpoint_replays.json
insta_market_basket,s2p2_matched_head,52,11,history,4,"[1, 3, 7, 15, 31]","(15,31]",26298,3.77877144803021,5.815952941754674,1.8906526479192451,889537.9661072958,search_artifacts/titantpp_additional_tpp_20260930_v1/retrieved/terminal_5090_20261001_v1/original/run/insta_market_basket__52__s2p2_matched_head/runs/s2p2_matched_head/count_only_log_regression/seed_52/endpoint_replays.json
insta_market_basket,s2p2_matched_head,52,11,history,5,"[1, 3, 7, 15, 31]",>31,884,3.8050389943888825,6.9886612700807715,1.101639991603934,43175.785531567446,search_artifacts/titantpp_additional_tpp_20260930_v1/retrieved/terminal_5090_20261001_v1/original/run/insta_market_basket__52__s2p2_matched_head/runs/s2p2_matched_head/count_only_log_regression/seed_52/endpoint_replays.json
insta_market_basket,s2p2_matched_head,62,35,quantity,0,"[8, 20, 25, 35]",<=8,247651,2.8700842234659083,4.112013715296692,2.7929105030365635,4187445.7638860694,search_artifacts/titantpp_additional_tpp_20260930_v1/retrieved/terminal_5090_20261001_v1/original/run/insta_market_basket__62__s2p2_matched_head/runs/s2p2_matched_head/count_only_log_regression/seed_62/endpoint_replays.json
insta_market_basket,s2p2_matched_head,62,35,quantity,1,"[8, 20, 25, 35]","(8,20]",202534,3.7949186433725597,4.859370988498754,2.795140812147089,4782533.855320061,search_artifacts/titantpp_additional_tpp_20260930_v1/retrieved/terminal_5090_20261001_v1/original/run/insta_market_basket__62__s2p2_matched_head/runs/s2p2_matched_head/count_only_log_regression/seed_62/endpoint_replays.json
insta_market_basket,s2p2_matched_head,62,35,quantity,2,"[8, 20, 25, 35]","(20,25]",27322,7.332795175536731,8.604064238200085,2.817300145507881,2022645.5129026412,search_artifacts/titantpp_additional_tpp_20260930_v1/retrieved/terminal_5090_20261001_v1/original/run/insta_market_basket__62__s2p2_matched_head/runs/s2p2_matched_head/count_only_log_regression/seed_62/endpoint_replays.json
insta_market_basket,s2p2_matched_head,62,35,quantity,3,"[8, 20, 25, 35]","(25,35]",20190,10.487159403407261,12.174690294083046,2.8134384445271077,2992624.0610505976,search_artifacts/titantpp_additional_tpp_20260930_v1/retrieved/terminal_5090_20261001_v1/original/run/insta_market_basket__62__s2p2_matched_head/runs/s2p2_matched_head/count_only_log_regression/seed_62/endpoint_replays.json
insta_market_basket,s2p2_matched_head,62,35,quantity,4,"[8, 20, 25, 35]",>35,6036,20.168908172348146,23.232190742653195,2.827864859447304,3257838.5689394344,search_artifacts/titantpp_additional_tpp_20260930_v1/retrieved/terminal_5090_20261001_v1/original/run/insta_market_basket__62__s2p2_matched_head/runs/s2p2_matched_head/count_only_log_regression/seed_62/endpoint_replays.json
insta_market_basket,s2p2_matched_head,62,35,history,0,"[1, 3, 7, 15, 31]",<=1,261,7.098869016800804,10.515058968716637,2.819128261917355,28857.847395168516,search_artifacts/titantpp_additional_tpp_20260930_v1/retrieved/terminal_5090_20261001_v1/original/run/insta_market_basket__62__s2p2_matched_head/runs/s2p2_matched_head/count_only_log_regression/seed_62/endpoint_replays.json
insta_market_basket,s2p2_matched_head,62,35,history,1,"[1, 3, 7, 15, 31]","(1,3]",130279,4.045711409605586,5.965757697174587,2.838143789654811,4636664.121089208,search_artifacts/titantpp_additional_tpp_20260930_v1/retrieved/terminal_5090_20261001_v1/original/run/insta_market_basket__62__s2p2_matched_head/runs/s2p2_matched_head/count_only_log_regression/seed_62/endpoint_replays.json
insta_market_basket,s2p2_matched_head,62,35,history,2,"[1, 3, 7, 15, 31]","(3,7]",205041,3.958166685141858,5.75791737537406,3.0553407120962057,6797849.86094764,search_artifacts/titantpp_additional_tpp_20260930_v1/retrieved/terminal_5090_20261001_v1/original/run/insta_market_basket__62__s2p2_matched_head/runs/s2p2_matched_head/count_only_log_regression/seed_62/endpoint_replays.json
insta_market_basket,s2p2_matched_head,62,35,history,3,"[1, 3, 7, 15, 31]","(7,15]",140970,4.0425880586330605,5.87230693501647,2.5606516978761276,4861207.892542824,search_artifacts/titantpp_additional_tpp_20260930_v1/retrieved/terminal_5090_20261001_v1/original/run/insta_market_basket__62__s2p2_matched_head/runs/s2p2_matched_head/count_only_log_regression/seed_62/endpoint_replays.json
insta_market_basket,s2p2_matched_head,62,35,history,4,"[1, 3, 7, 15, 31]","(15,31]",26298,3.7809006087462143,5.773062561730795,1.8911746104694447,876466.3537829148,search_artifacts/titantpp_additional_tpp_20260930_v1/retrieved/terminal_5090_20261001_v1/original/run/insta_market_basket__62__s2p2_matched_head/runs/s2p2_matched_head/count_only_log_regression/seed_62/endpoint_replays.json
insta_market_basket,s2p2_matched_head,62,35,history,5,"[1, 3, 7, 15, 31]",>31,884,3.820055139819961,6.896264837689936,1.0849494837720208,42041.68634101779,search_artifacts/titantpp_additional_tpp_20260930_v1/retrieved/terminal_5090_20261001_v1/original/run/insta_market_basket__62__s2p2_matched_head/runs/s2p2_matched_head/count_only_log_regression/seed_62/endpoint_replays.json
insta_market_basket,attnhp_matched_head,42,72,quantity,0,"[8, 20, 25, 35]",<=8,247651,2.893318214583382,4.013612380111236,2.8002042985689246,3989430.8453360954,search_artifacts/titantpp_additional_tpp_20260930_v1/retrieved/terminal_5090_20261001_v1/original/run/insta_market_basket__42__attnhp_matched_head/runs/attnhp_matched_head/count_only_log_regression/seed_42/endpoint_replays.json
insta_market_basket,attnhp_matched_head,42,72,quantity,1,"[8, 20, 25, 35]","(8,20]",202534,3.597752833261154,4.601900306902383,2.8146723639484317,4289161.037559099,search_artifacts/titantpp_additional_tpp_20260930_v1/retrieved/terminal_5090_20261001_v1/original/run/insta_market_basket__42__attnhp_matched_head/runs/attnhp_matched_head/count_only_log_regression/seed_42/endpoint_replays.json
insta_market_basket,attnhp_matched_head,42,72,quantity,2,"[8, 20, 25, 35]","(20,25]",27322,7.644485757353714,8.795934011802789,2.8454435171074035,2113860.9313347824,search_artifacts/titantpp_additional_tpp_20260930_v1/retrieved/terminal_5090_20261001_v1/original/run/insta_market_basket__42__attnhp_matched_head/runs/attnhp_matched_head/count_only_log_regression/seed_42/endpoint_replays.json
insta_market_basket,attnhp_matched_head,42,72,quantity,3,"[8, 20, 25, 35]","(25,35]",20190,11.361765846301566,12.776190676267609,2.849590017344706,3295634.863084253,search_artifacts/titantpp_additional_tpp_20260930_v1/retrieved/terminal_5090_20261001_v1/original/run/insta_market_basket__42__attnhp_matched_head/runs/attnhp_matched_head/count_only_log_regression/seed_42/endpoint_replays.json
insta_market_basket,attnhp_matched_head,42,72,quantity,4,"[8, 20, 25, 35]",>35,6036,21.447112344447312,24.207324296528995,2.8598057214369166,3537063.101369441,search_artifacts/titantpp_additional_tpp_20260930_v1/retrieved/terminal_5090_20261001_v1/original/run/insta_market_basket__42__attnhp_matched_head/runs/attnhp_matched_head/count_only_log_regression/seed_42/endpoint_replays.json
insta_market_basket,attnhp_matched_head,42,72,history,0,"[1, 3, 7, 15, 31]",<=1,261,7.137824473253155,10.499205065624132,2.8131105540804233,28770.89312961716,search_artifacts/titantpp_additional_tpp_20260930_v1/retrieved/terminal_5090_20261001_v1/original/run/insta_market_basket__42__attnhp_matched_head/runs/attnhp_matched_head/count_only_log_regression/seed_42/endpoint_replays.json
insta_market_basket,attnhp_matched_head,42,72,history,1,"[1, 3, 7, 15, 31]","(1,3]",130279,4.049860756142082,5.938680095399964,2.8655778278444033,4594669.515850829,search_artifacts/titantpp_additional_tpp_20260930_v1/retrieved/terminal_5090_20261001_v1/original/run/insta_market_basket__42__attnhp_matched_head/runs/attnhp_matched_head/count_only_log_regression/seed_42/endpoint_replays.json
insta_market_basket,attnhp_matched_head,42,72,history,2,"[1, 3, 7, 15, 31]","(3,7]",205041,3.9543996200184734,5.745976160518161,3.0664649371528823,6769683.283558347,search_artifacts/titantpp_additional_tpp_20260930_v1/retrieved/terminal_5090_20261001_v1/original/run/insta_market_basket__42__attnhp_matched_head/runs/attnhp_matched_head/count_only_log_regression/seed_42/endpoint_replays.json
insta_market_basket,attnhp_matched_head,42,72,history,3,"[1, 3, 7, 15, 31]","(7,15]",140970,4.04040147197359,5.893239854043752,2.569212484061478,4895927.004518517,search_artifacts/titantpp_additional_tpp_20260930_v1/retrieved/terminal_5090_20261001_v1/original/run/insta_market_basket__42__attnhp_matched_head/runs/attnhp_matched_head/count_only_log_regression/seed_42/endpoint_replays.json
insta_market_basket,attnhp_matched_head,42,72,history,4,"[1, 3, 7, 15, 31]","(15,31]",26298,3.7889690878672493,5.827086824102942,1.904916642730287,892947.034621466,search_artifacts/titantpp_additional_tpp_20260930_v1/retrieved/terminal_5090_20261001_v1/original/run/insta_market_basket__42__attnhp_matched_head/runs/attnhp_matched_head/count_only_log_regression/seed_42/endpoint_replays.json
insta_market_basket,attnhp_matched_head,42,72,history,5,"[1, 3, 7, 15, 31]",>31,884,3.852200452288891,6.986820738553666,1.1212785613398177,43153.047004892294,search_artifacts/titantpp_additional_tpp_20260930_v1/retrieved/terminal_5090_20261001_v1/original/run/insta_market_basket__42__attnhp_matched_head/runs/attnhp_matched_head/count_only_log_regression/seed_42/endpoint_replays.json
insta_market_basket,attnhp_matched_head,52,11,quantity,0,"[8, 20, 25, 35]",<=8,247651,2.8029872964683125,3.8999460911588195,2.80623344761492,3766667.576207982,search_artifacts/titantpp_additional_tpp_20260930_v1/retrieved/terminal_5090_20261001_v1/original/run/insta_market_basket__52__attnhp_matched_head/runs/attnhp_matched_head/count_only_log_regression/seed_52/endpoint_replays.json
insta_market_basket,attnhp_matched_head,52,11,quantity,1,"[8, 20, 25, 35]","(8,20]",202534,3.680397413449634,4.6958628316636135,2.8024501776674793,4466103.104437411,search_artifacts/titantpp_additional_tpp_20260930_v1/retrieved/terminal_5090_20261001_v1/original/run/insta_market_basket__52__attnhp_matched_head/runs/attnhp_matched_head/count_only_log_regression/seed_52/endpoint_replays.json
insta_market_basket,attnhp_matched_head,52,11,quantity,2,"[8, 20, 25, 35]","(20,25]",27322,7.849463668982863,9.017957325247774,2.82017254983356,2221922.1511307666,search_artifacts/titantpp_additional_tpp_20260930_v1/retrieved/terminal_5090_20261001_v1/original/run/insta_market_basket__52__attnhp_matched_head/runs/attnhp_matched_head/count_only_log_regression/seed_52/endpoint_replays.json
insta_market_basket,attnhp_matched_head,52,11,quantity,3,"[8, 20, 25, 35]","(25,35]",20190,11.335467340020392,12.856118133330023,2.818956318253431,3336998.6261197864,search_artifacts/titantpp_additional_tpp_20260930_v1/retrieved/terminal_5090_20261001_v1/original/run/insta_market_basket__52__attnhp_matched_head/runs/attnhp_matched_head/count_only_log_regression/seed_52/endpoint_replays.json
insta_market_basket,attnhp_matched_head,52,11,quantity,4,"[8, 20, 25, 35]",>35,6036,21.343441668944774,24.11764052954151,2.820283698455112,3510903.2893227385,search_artifacts/titantpp_additional_tpp_20260930_v1/retrieved/terminal_5090_20261001_v1/original/run/insta_market_basket__52__attnhp_matched_head/runs/attnhp_matched_head/count_only_log_regression/seed_52/endpoint_replays.json
insta_market_basket,attnhp_matched_head,52,11,history,0,"[1, 3, 7, 15, 31]",<=1,261,7.153670031448891,10.60264888171795,2.862485972628885,29340.618623647668,search_artifacts/titantpp_additional_tpp_20260930_v1/retrieved/terminal_5090_20261001_v1/original/run/insta_market_basket__52__attnhp_matched_head/runs/attnhp_matched_head/count_only_log_regression/seed_52/endpoint_replays.json
insta_market_basket,attnhp_matched_head,52,11,history,1,"[1, 3, 7, 15, 31]","(1,3]",130279,4.054137171943086,5.9545041455274506,2.8523977771912374,4619187.807857197,search_artifacts/titantpp_additional_tpp_20260930_v1/retrieved/terminal_5090_20261001_v1/original/run/insta_market_basket__52__attnhp_matched_head/runs/attnhp_matched_head/count_only_log_regression/seed_52/endpoint_replays.json
insta_market_basket,attnhp_matched_head,52,11,history,2,"[1, 3, 7, 15, 31]","(3,7]",205041,3.9494862068378556,5.75726215754367,3.06229356248066,6796302.83665988,search_artifacts/titantpp_additional_tpp_20260930_v1/retrieved/terminal_5090_20261001_v1/original/run/insta_market_basket__52__attnhp_matched_head/runs/attnhp_matched_head/count_only_log_regression/seed_52/endpoint_replays.json
insta_market_basket,attnhp_matched_head,52,11,history,3,"[1, 3, 7, 15, 31]","(7,15]",140970,4.0375568726607876,5.909133931496704,2.570067156074695,4922371.262756953,search_artifacts/titantpp_additional_tpp_20260930_v1/retrieved/terminal_5090_20261001_v1/original/run/insta_market_basket__52__attnhp_matched_head/runs/attnhp_matched_head/count_only_log_regression/seed_52/endpoint_replays.json
insta_market_basket,attnhp_matched_head,52,11,history,4,"[1, 3, 7, 15, 31]","(15,31]",26298,3.777473021491017,5.827958968516395,1.9015213920137681,893214.3507166135,search_artifacts/titantpp_additional_tpp_20260930_v1/retrieved/terminal_5090_20261001_v1/original/run/insta_market_basket__52__attnhp_matched_head/runs/attnhp_matched_head/count_only_log_regression/seed_52/endpoint_replays.json
insta_market_basket,attnhp_matched_head,52,11,history,5,"[1, 3, 7, 15, 31]",>31,884,3.808075644581566,6.9074252300064725,1.1196028707812729,42177.87060438689,search_artifacts/titantpp_additional_tpp_20260930_v1/retrieved/terminal_5090_20261001_v1/original/run/insta_market_basket__52__attnhp_matched_head/runs/attnhp_matched_head/count_only_log_regression/seed_52/endpoint_replays.json
insta_market_basket,attnhp_matched_head,62,35,quantity,0,"[8, 20, 25, 35]",<=8,247651,2.784118842039068,3.8495244211674473,2.797681188482229,3669900.1161968745,search_artifacts/titantpp_additional_tpp_20260930_v1/retrieved/terminal_5090_20261001_v1/original/run/insta_market_basket__62__attnhp_matched_head/runs/attnhp_matched_head/count_only_log_regression/seed_62/endpoint_replays.json
insta_market_basket,attnhp_matched_head,62,35,quantity,1,"[8, 20, 25, 35]","(8,20]",202534,3.586673361125453,4.564794672240222,2.808462155507153,4220271.925855414,search_artifacts/titantpp_additional_tpp_20260930_v1/retrieved/terminal_5090_20261001_v1/original/run/insta_market_basket__62__attnhp_matched_head/runs/attnhp_matched_head/count_only_log_regression/seed_62/endpoint_replays.json
insta_market_basket,attnhp_matched_head,62,35,quantity,2,"[8, 20, 25, 35]","(20,25]",27322,8.057595892489529,9.08976747119625,2.8381635179970655,2257449.449374366,search_artifacts/titantpp_additional_tpp_20260930_v1/retrieved/terminal_5090_20261001_v1/original/run/insta_market_basket__62__attnhp_matched_head/runs/attnhp_matched_head/count_only_log_regression/seed_62/endpoint_replays.json
insta_market_basket,attnhp_matched_head,62,35,quantity,3,"[8, 20, 25, 35]","(25,35]",20190,12.024958037497562,13.273160249723594,2.8411477225109976,3557009.2490696697,search_artifacts/titantpp_additional_tpp_20260930_v1/retrieved/terminal_5090_20261001_v1/original/run/insta_market_basket__62__attnhp_matched_head/runs/attnhp_matched_head/count_only_log_regression/seed_62/endpoint_replays.json
insta_market_basket,attnhp_matched_head,62,35,quantity,4,"[8, 20, 25, 35]",>35,6036,22.360082799073794,24.914225705992138,2.851205241080022,3746657.7263057656,search_artifacts/titantpp_additional_tpp_20260930_v1/retrieved/terminal_5090_20261001_v1/original/run/insta_market_basket__62__attnhp_matched_head/runs/attnhp_matched_head/count_only_log_regression/seed_62/endpoint_replays.json
insta_market_basket,attnhp_matched_head,62,35,history,0,"[1, 3, 7, 15, 31]",<=1,261,7.185242411734044,10.581116700469213,2.8301139740721686,29221.56799415555,search_artifacts/titantpp_additional_tpp_20260930_v1/retrieved/terminal_5090_20261001_v1/original/run/insta_market_basket__62__attnhp_matched_head/runs/attnhp_matched_head/count_only_log_regression/seed_62/endpoint_replays.json
insta_market_basket,attnhp_matched_head,62,35,history,1,"[1, 3, 7, 15, 31]","(1,3]",130279,4.0486331947189536,5.989727082012945,2.8513748625842075,4673997.602924152,search_artifacts/titantpp_additional_tpp_20260930_v1/retrieved/terminal_5090_20261001_v1/original/run/insta_market_basket__62__attnhp_matched_head/runs/attnhp_matched_head/count_only_log_regression/seed_62/endpoint_replays.json
insta_market_basket,attnhp_matched_head,62,35,history,2,"[1, 3, 7, 15, 31]","(3,7]",205041,3.957231905479532,5.785627772873846,3.0641697939186283,6863437.601918858,search_artifacts/titantpp_additional_tpp_20260930_v1/retrieved/terminal_5090_20261001_v1/original/run/insta_market_basket__62__attnhp_matched_head/runs/attnhp_matched_head/count_only_log_regression/seed_62/endpoint_replays.json
insta_market_basket,attnhp_matched_head,62,35,history,3,"[1, 3, 7, 15, 31]","(7,15]",140970,4.045091414271479,5.914491800802128,2.56973484997823,4931301.633509686,search_artifacts/titantpp_additional_tpp_20260930_v1/retrieved/terminal_5090_20261001_v1/original/run/insta_market_basket__62__attnhp_matched_head/runs/attnhp_matched_head/count_only_log_regression/seed_62/endpoint_replays.json
insta_market_basket,attnhp_matched_head,62,35,history,4,"[1, 3, 7, 15, 31]","(15,31]",26298,3.7833375179937145,5.875493955722417,1.9027197304526031,907844.5457256689,search_artifacts/titantpp_additional_tpp_20260930_v1/retrieved/terminal_5090_20261001_v1/original/run/insta_market_basket__62__attnhp_matched_head/runs/attnhp_matched_head/count_only_log_regression/seed_62/endpoint_replays.json
insta_market_basket,attnhp_matched_head,62,35,history,5,"[1, 3, 7, 15, 31]",>31,884,3.8001688972317793,7.173158452366655,1.1176015227249014,45485.514729559116,search_artifacts/titantpp_additional_tpp_20260930_v1/retrieved/terminal_5090_20261001_v1/original/run/insta_market_basket__62__attnhp_matched_head/runs/attnhp_matched_head/count_only_log_regression/seed_62/endpoint_replays.json
