Unified TPP Experiment Configuration:: ExperimentConfig(base_dir='/home/leekwanhyeong/workspace/paper_research/search_artifacts/intermittent_frozen_5000_e300_20260810/intermittent', experiment_mode='long-epoch', device='cuda', reproducibility_mode='strict', lookback_weeks=520, max_seq_len=96, batch_size=128, lr=0.001, val_ratio=0.2, lambda_value=1.0, lambda_dt=1.0, grad_clip=1.0, epochs=300, seeds=(42, 52, 62), datasets=('intermittent',), models=('titantpp',), titan_profile='dataset_best', titan_candidates=('small_lmm',), thp_candidates=('small',), intermittent_runtime_profile='long', intermittent_max_series=None, intermittent_split_with_path='/home/leekwanhyeong/workspace/paper_research/sample_data/intermittent_v2/intermittent_frozen_5000_with_split.parquet', intermittent_split_train_path='/home/leekwanhyeong/workspace/paper_research/sample_data/intermittent_v2/intermittent_frozen_5000_train.parquet', intermittent_split_validation_path='/home/leekwanhyeong/workspace/paper_research/sample_data/intermittent_v2/intermittent_frozen_5000_validation.parquet', intermittent_split_test_path='/home/leekwanhyeong/workspace/paper_research/sample_data/intermittent_v2/intermittent_frozen_5000_test.parquet', intermittent_split_manifest_path='/home/leekwanhyeong/workspace/paper_research/sample_data/intermittent_v2/intermittent_frozen_5000_split_manifest.json', yellow_max_series=None, insta_max_series=None, force_rerun=False, stop_on_error=True, early_stopping_patience=40, min_epochs=40, split_mode='fixed', evaluation_scope='validation_only', rmtpp_rnn_type='gru', rmtpp_mark_emb_dim=32, rmtpp_hidden_dim=64, value_head_activation='identity', value_head_mode='shared', time_head_mode='shared', qty_mark_gradient_mode='coupled', value_encoder_gradient_mode='coupled', marker_loss_mode='ce', lambda_ordinal=0.0, qty_decoder_mode='mark_residual', magnitude_norm_mode='global', magnitude_input_emb_dim=8, lambda_magnitude=1.0, magnitude_encoder_gradient_mode='coupled', magnitude_aux_loss_mode='none', lambda_log_qty=0.25, log_qty_huber_delta=1.0, log_qty_floor=1.0, magnitude_sigma_floor=0.0014535461338152059, magnitude_revin_eps=1e-05, magnitude_shrinkage_k=8.0, magnitude_center_mode='mean', magnitude_revin_affine=False, magnitude_stat_context_mode='none', magnitude_exp_clamp_min=-2.0, magnitude_exp_clamp_max=15.0, loss_mode='hybrid', value_input_mode='residual', value_input_emb_dim=8, train_loss_scope='target_only', test_time_memory='none', analysis_scale_base=2.0, analysis_tail_order=7, eval_selections=('best_val_nll',))
[2026-08-10 22:43:58,156] [INFO] Preparing marked datasets for profile=dataset_best
[2026-08-10 22:43:58,213] [INFO] Validated fixed split quantity contract | dataset=intermittent source=/home/leekwanhyeong/workspace/paper_research/sample_data/intermittent_v2/intermittent_frozen_5000_with_split.parquet mark_range=[0,8] residual_range=[0.000000,0.994353] max_abs_error=5.68434e-13
[2026-08-10 22:43:58,252] [INFO] Prepared dataset=intermittent base=2.0 | rows=573128 | series=5000 | num_marks=10 | max_order=8 | cache=/home/leekwanhyeong/workspace/paper_research/search_artifacts/intermittent_frozen_5000_e300_20260810/intermittent/cache/intermittent/fixed_split
[2026-08-10 22:43:58,252] [INFO] Run 1/3 | dataset=intermittent model=titantpp candidate=small_lmm base=2.0 seed=42
[2026-08-10 22:43:58,697] [INFO] Using fixed chronological splits | dataset=intermittent train_samples=393824 validation_samples=86285 test_samples=88019 | batch_size=128 max_seq_len=96 lookback=520
[2026-08-10 22:43:58,697] [INFO] Held-out test evaluation disabled | evaluation_scope=validation_only
[Epoch 001] train_loss=2.02085755 | score=0.95069547 | val_nll=1.09064902 | val_acc=0.95527612 | val_dt_mae=0.37902645 | val_qty_mae=0.79038963 | train_log_qty_aux=0.00000000 | val_log_qty_aux=nan
[Epoch 002] train_loss=0.96577464 | score=0.95119704 | val_nll=0.47957845 | val_acc=0.95635394 | val_dt_mae=0.44325222 | val_qty_mae=0.72437800 | train_log_qty_aux=0.00000000 | val_log_qty_aux=nan
[Epoch 003] train_loss=0.48368660 | score=0.94712279 | val_nll=0.14753224 | val_acc=0.95736223 | val_dt_mae=0.94866218 | val_qty_mae=0.75281691 | train_log_qty_aux=0.00000000 | val_log_qty_aux=nan
[Epoch 004] train_loss=0.19899116 | score=0.94352472 | val_nll=0.28576816 | val_acc=0.95605262 | val_dt_mae=1.18104631 | val_qty_mae=0.71743102 | train_log_qty_aux=0.00000000 | val_log_qty_aux=nan
[Epoch 005] train_loss=-0.14460792 | score=0.93905361 | val_nll=-0.61219758 | val_acc=0.95540360 | val_dt_mae=1.54459545 | val_qty_mae=0.90404375 | train_log_qty_aux=0.00000000 | val_log_qty_aux=nan
[Epoch 006] train_loss=-0.74459426 | score=0.94196296 | val_nll=-1.09348512 | val_acc=0.96007417 | val_dt_mae=1.73958033 | val_qty_mae=0.71540882 | train_log_qty_aux=0.00000000 | val_log_qty_aux=nan
[Epoch 007] train_loss=-1.03080599 | score=0.93823506 | val_nll=-1.29656309 | val_acc=0.95667845 | val_dt_mae=1.76721330 | val_qty_mae=0.77125769 | train_log_qty_aux=0.00000000 | val_log_qty_aux=nan
[Epoch 008] train_loss=-1.22037118 | score=0.94165790 | val_nll=-1.47272609 | val_acc=0.96012053 | val_dt_mae=1.76721330 | val_qty_mae=0.79049582 | train_log_qty_aux=0.00000000 | val_log_qty_aux=nan
[Epoch 009] train_loss=-1.38671291 | score=0.94030997 | val_nll=-1.62402857 | val_acc=0.95868343 | val_dt_mae=1.76721330 | val_qty_mae=0.70132675 | train_log_qty_aux=0.00000000 | val_log_qty_aux=nan
[Epoch 010] train_loss=-1.52943204 | score=0.94009418 | val_nll=-1.75389488 | val_acc=0.95854436 | val_dt_mae=1.76721330 | val_qty_mae=0.77804501 | train_log_qty_aux=0.00000000 | val_log_qty_aux=nan
[Epoch 011] train_loss=-1.65151430 | score=0.94009650 | val_nll=-1.86279769 | val_acc=0.95854436 | val_dt_mae=1.76721330 | val_qty_mae=0.77572568 | train_log_qty_aux=0.00000000 | val_log_qty_aux=nan
[Epoch 012] train_loss=-1.75921653 | score=0.94131239 | val_nll=-1.96400571 | val_acc=0.95976126 | val_dt_mae=1.76721330 | val_qty_mae=0.77672903 | train_log_qty_aux=0.00000000 | val_log_qty_aux=nan
[Epoch 013] train_loss=-1.85436982 | score=0.94241950 | val_nll=-2.05846820 | val_acc=0.96082749 | val_dt_mae=1.76721330 | val_qty_mae=0.73586003 | train_log_qty_aux=0.00000000 | val_log_qty_aux=nan
[Epoch 014] train_loss=-1.93921096 | score=0.94249445 | val_nll=-2.13546902 | val_acc=0.96082749 | val_dt_mae=1.76721330 | val_qty_mae=0.66091165 | train_log_qty_aux=0.00000000 | val_log_qty_aux=nan
[Epoch 015] train_loss=-2.01688078 | score=0.94076378 | val_nll=-2.20343211 | val_acc=0.95919337 | val_dt_mae=1.76721330 | val_qty_mae=0.75746038 | train_log_qty_aux=0.00000000 | val_log_qty_aux=nan
[Epoch 016] train_loss=-2.08573560 | score=0.94117937 | val_nll=-2.27376628 | val_acc=0.95961059 | val_dt_mae=1.76721330 | val_qty_mae=0.75908581 | train_log_qty_aux=0.00000000 | val_log_qty_aux=nan
[Epoch 017] train_loss=-2.15036207 | score=0.94233160 | val_nll=-2.33275785 | val_acc=0.96074636 | val_dt_mae=1.76721330 | val_qty_mae=0.74263213 | train_log_qty_aux=0.00000000 | val_log_qty_aux=nan
[Epoch 018] train_loss=-2.20841395 | score=0.94117193 | val_nll=-2.38559026 | val_acc=0.95954106 | val_dt_mae=1.76721330 | val_qty_mae=0.69699424 | train_log_qty_aux=0.00000000 | val_log_qty_aux=nan
[Epoch 019] train_loss=-2.26190046 | score=0.94331099 | val_nll=-2.44425840 | val_acc=0.96168511 | val_dt_mae=1.76721330 | val_qty_mae=0.70198891 | train_log_qty_aux=0.00000000 | val_log_qty_aux=nan
[Epoch 020] train_loss=-2.31239124 | score=0.94189432 | val_nll=-2.48399146 | val_acc=0.96032914 | val_dt_mae=1.76721330 | val_qty_mae=0.76268978 | train_log_qty_aux=0.00000000 | val_log_qty_aux=nan
[Epoch 021] train_loss=-2.35808979 | score=0.94084494 | val_nll=-2.52926853 | val_acc=0.95921655 | val_dt_mae=1.76721330 | val_qty_mae=0.69947978 | train_log_qty_aux=0.00000000 | val_log_qty_aux=nan
[Epoch 022] train_loss=-2.40177406 | score=0.94114349 | val_nll=-2.57114466 | val_acc=0.95959900 | val_dt_mae=1.76721330 | val_qty_mae=0.78338228 | train_log_qty_aux=0.00000000 | val_log_qty_aux=nan
[Epoch 023] train_loss=-2.44129478 | score=0.93742647 | val_nll=-2.59457182 | val_acc=0.95577447 | val_dt_mae=1.76721330 | val_qty_mae=0.67586160 | train_log_qty_aux=0.00000000 | val_log_qty_aux=nan
[Epoch 024] train_loss=-2.48005077 | score=0.94285614 | val_nll=-2.64837916 | val_acc=0.96126789 | val_dt_mae=1.76721330 | val_qty_mae=0.73961740 | train_log_qty_aux=0.00000000 | val_log_qty_aux=nan
[Epoch 025] train_loss=-2.51481410 | score=0.93989583 | val_nll=-2.67332605 | val_acc=0.95825462 | val_dt_mae=1.76721330 | val_qty_mae=0.68665660 | train_log_qty_aux=0.00000000 | val_log_qty_aux=nan
[Epoch 026] train_loss=-2.54848531 | score=0.94212996 | val_nll=-2.71165154 | val_acc=0.96056093 | val_dt_mae=1.76721330 | val_qty_mae=0.75883990 | train_log_qty_aux=0.00000000 | val_log_qty_aux=nan
[Epoch 027] train_loss=-2.57956252 | score=0.94348192 | val_nll=-2.74526156 | val_acc=0.96185896 | val_dt_mae=1.76721330 | val_qty_mae=0.70490286 | train_log_qty_aux=0.00000000 | val_log_qty_aux=nan
[Epoch 028] train_loss=-2.60919009 | score=0.94074423 | val_nll=-2.75935688 | val_acc=0.95921655 | val_dt_mae=1.76721330 | val_qty_mae=0.80018345 | train_log_qty_aux=0.00000000 | val_log_qty_aux=nan
[Epoch 029] train_loss=-2.63704133 | score=0.94353385 | val_nll=-2.79544605 | val_acc=0.96194008 | val_dt_mae=1.76721330 | val_qty_mae=0.73409584 | train_log_qty_aux=0.00000000 | val_log_qty_aux=nan
[Epoch 030] train_loss=-2.66423220 | score=0.94227299 | val_nll=-2.82487954 | val_acc=0.96071160 | val_dt_mae=1.76721330 | val_qty_mae=0.76646910 | train_log_qty_aux=0.00000000 | val_log_qty_aux=nan
[Epoch 031] train_loss=-2.68921189 | score=0.94243108 | val_nll=-2.84645739 | val_acc=0.96075795 | val_dt_mae=1.76721330 | val_qty_mae=0.65473969 | train_log_qty_aux=0.00000000 | val_log_qty_aux=nan
[Epoch 032] train_loss=-2.71396736 | score=0.94335423 | val_nll=-2.87248732 | val_acc=0.96171988 | val_dt_mae=1.76721330 | val_qty_mae=0.69352282 | train_log_qty_aux=0.00000000 | val_log_qty_aux=nan
[Epoch 033] train_loss=-2.73570837 | score=0.94346514 | val_nll=-2.89249470 | val_acc=0.96191690 | val_dt_mae=1.76721330 | val_qty_mae=0.77963480 | train_log_qty_aux=0.00000000 | val_log_qty_aux=nan
[Epoch 034] train_loss=-2.75679581 | score=0.94361739 | val_nll=-2.91476017 | val_acc=0.96199803 | val_dt_mae=1.76721330 | val_qty_mae=0.70850307 | train_log_qty_aux=0.00000000 | val_log_qty_aux=nan
[Epoch 035] train_loss=-2.77863734 | score=0.94041704 | val_nll=-2.92722610 | val_acc=0.95882251 | val_dt_mae=1.76721330 | val_qty_mae=0.73333101 | train_log_qty_aux=0.00000000 | val_log_qty_aux=nan
[Epoch 036] train_loss=-2.79716181 | score=0.94306561 | val_nll=-2.94978952 | val_acc=0.96138379 | val_dt_mae=1.76721330 | val_qty_mae=0.64604375 | train_log_qty_aux=0.00000000 | val_log_qty_aux=nan
[Epoch 037] train_loss=-2.81479604 | score=0.94292926 | val_nll=-2.96952428 | val_acc=0.96130266 | val_dt_mae=1.76721330 | val_qty_mae=0.70126443 | train_log_qty_aux=0.00000000 | val_log_qty_aux=nan
[Epoch 038] train_loss=-2.83345472 | score=0.94233200 | val_nll=-2.98546667 | val_acc=0.96072318 | val_dt_mae=1.76721330 | val_qty_mae=0.71905195 | train_log_qty_aux=0.00000000 | val_log_qty_aux=nan
[Epoch 039] train_loss=-2.85019102 | score=0.94335214 | val_nll=-3.00217386 | val_acc=0.96174306 | val_dt_mae=1.76721330 | val_qty_mae=0.71878663 | train_log_qty_aux=0.00000000 | val_log_qty_aux=nan
[Epoch 040] train_loss=-2.86750486 | score=0.94250077 | val_nll=-3.01783996 | val_acc=0.96089703 | val_dt_mae=1.76721330 | val_qty_mae=0.72412570 | train_log_qty_aux=0.00000000 | val_log_qty_aux=nan
[Epoch 041] train_loss=-2.88255840 | score=0.94397450 | val_nll=-3.03056946 | val_acc=0.96232254 | val_dt_mae=1.76721330 | val_qty_mae=0.67589793 | train_log_qty_aux=0.00000000 | val_log_qty_aux=nan
[Epoch 042] train_loss=-2.89725772 | score=0.94307824 | val_nll=-3.04772060 | val_acc=0.96141855 | val_dt_mae=1.76721330 | val_qty_mae=0.66818396 | train_log_qty_aux=0.00000000 | val_log_qty_aux=nan
[Epoch 043] train_loss=-2.91187775 | score=0.94288240 | val_nll=-3.05960121 | val_acc=0.96122153 | val_dt_mae=1.76721330 | val_qty_mae=0.66700280 | train_log_qty_aux=0.00000000 | val_log_qty_aux=nan
[Epoch 044] train_loss=-2.92545679 | score=0.94237319 | val_nll=-3.07273041 | val_acc=0.96070001 | val_dt_mae=1.76721330 | val_qty_mae=0.65468026 | train_log_qty_aux=0.00000000 | val_log_qty_aux=nan
[Epoch 045] train_loss=-2.93956618 | score=0.94323661 | val_nll=-3.08867782 | val_acc=0.96160399 | val_dt_mae=1.76721330 | val_qty_mae=0.69524495 | train_log_qty_aux=0.00000000 | val_log_qty_aux=nan
[Epoch 046] train_loss=-2.95103531 | score=0.94301012 | val_nll=-3.09719699 | val_acc=0.96143014 | val_dt_mae=1.76721330 | val_qty_mae=0.74789195 | train_log_qty_aux=0.00000000 | val_log_qty_aux=nan
[Epoch 047] train_loss=-2.96326610 | score=0.94403054 | val_nll=-3.11174263 | val_acc=0.96240366 | val_dt_mae=1.76721330 | val_qty_mae=0.70098955 | train_log_qty_aux=0.00000000 | val_log_qty_aux=nan
[Epoch 048] train_loss=-2.97571436 | score=0.94171995 | val_nll=-3.11567848 | val_acc=0.96010894 | val_dt_mae=1.76721330 | val_qty_mae=0.71685581 | train_log_qty_aux=0.00000000 | val_log_qty_aux=nan
[Epoch 049] train_loss=-2.98670903 | score=0.94064715 | val_nll=-3.12757729 | val_acc=0.95897317 | val_dt_mae=1.76721330 | val_qty_mae=0.65389167 | train_log_qty_aux=0.00000000 | val_log_qty_aux=nan
[Epoch 050] train_loss=-2.99769495 | score=0.94366354 | val_nll=-3.14610470 | val_acc=0.96203280 | val_dt_mae=1.76721330 | val_qty_mae=0.69712091 | train_log_qty_aux=0.00000000 | val_log_qty_aux=nan
[Epoch 051] train_loss=-3.00737799 | score=0.94348278 | val_nll=-3.15489406 | val_acc=0.96189372 | val_dt_mae=1.76721330 | val_qty_mae=0.73880675 | train_log_qty_aux=0.00000000 | val_log_qty_aux=nan
[Epoch 052] train_loss=-3.01706873 | score=0.94264540 | val_nll=-3.16078727 | val_acc=0.96102451 | val_dt_mae=1.76721330 | val_qty_mae=0.70698297 | train_log_qty_aux=0.00000000 | val_log_qty_aux=nan
[Epoch 053] train_loss=-3.02683963 | score=0.94422123 | val_nll=-3.17483406 | val_acc=0.96262386 | val_dt_mae=1.76721330 | val_qty_mae=0.73050053 | train_log_qty_aux=0.00000000 | val_log_qty_aux=nan
[Epoch 054] train_loss=-3.03621549 | score=0.94172902 | val_nll=-3.17577830 | val_acc=0.96012053 | val_dt_mae=1.76721330 | val_qty_mae=0.71938200 | train_log_qty_aux=0.00000000 | val_log_qty_aux=nan
[Epoch 055] train_loss=-3.04504456 | score=0.94387776 | val_nll=-3.18900660 | val_acc=0.96225300 | val_dt_mae=1.76721330 | val_qty_mae=0.70310292 | train_log_qty_aux=0.00000000 | val_log_qty_aux=nan
[Epoch 056] train_loss=-3.05349871 | score=0.94209221 | val_nll=-3.19626383 | val_acc=0.96047981 | val_dt_mae=1.76721330 | val_qty_mae=0.71546572 | train_log_qty_aux=0.00000000 | val_log_qty_aux=nan
[Epoch 057] train_loss=-3.06182578 | score=0.94341029 | val_nll=-3.20471622 | val_acc=0.96176624 | val_dt_mae=1.76721330 | val_qty_mae=0.68381223 | train_log_qty_aux=0.00000000 | val_log_qty_aux=nan
[Epoch 058] train_loss=-3.07073319 | score=0.94312073 | val_nll=-3.21066923 | val_acc=0.96144173 | val_dt_mae=1.76721330 | val_qty_mae=0.64886810 | train_log_qty_aux=0.00000000 | val_log_qty_aux=nan
[Epoch 059] train_loss=-3.07711339 | score=0.94331427 | val_nll=-3.21737439 | val_acc=0.96169670 | val_dt_mae=1.76721330 | val_qty_mae=0.71029962 | train_log_qty_aux=0.00000000 | val_log_qty_aux=nan
[Epoch 060] train_loss=-3.08539784 | score=0.94201967 | val_nll=-3.22096391 | val_acc=0.96041027 | val_dt_mae=1.76721330 | val_qty_mae=0.71846047 | train_log_qty_aux=0.00000000 | val_log_qty_aux=nan
[Epoch 061] train_loss=-3.09185617 | score=0.94341310 | val_nll=-3.23538456 | val_acc=0.96181260 | val_dt_mae=1.76721330 | val_qty_mae=0.72736606 | train_log_qty_aux=0.00000000 | val_log_qty_aux=nan
[Epoch 062] train_loss=-3.09960721 | score=0.94439489 | val_nll=-3.24289961 | val_acc=0.96278612 | val_dt_mae=1.76721330 | val_qty_mae=0.71909422 | train_log_qty_aux=0.00000000 | val_log_qty_aux=nan
[Epoch 063] train_loss=-3.10581706 | score=0.94153916 | val_nll=-3.24760183 | val_acc=0.95998146 | val_dt_mae=1.76721330 | val_qty_mae=0.77016442 | train_log_qty_aux=0.00000000 | val_log_qty_aux=nan
[Epoch 064] train_loss=-3.11331286 | score=0.94219622 | val_nll=-3.25244842 | val_acc=0.96058411 | val_dt_mae=1.76721330 | val_qty_mae=0.71575853 | train_log_qty_aux=0.00000000 | val_log_qty_aux=nan
[Epoch 065] train_loss=-3.11866793 | score=0.94279723 | val_nll=-3.25658614 | val_acc=0.96122153 | val_dt_mae=1.76721330 | val_qty_mae=0.75217139 | train_log_qty_aux=0.00000000 | val_log_qty_aux=nan
[Epoch 066] train_loss=-3.12454707 | score=0.94291319 | val_nll=-3.26735431 | val_acc=0.96136061 | val_dt_mae=1.76721330 | val_qty_mae=0.77528701 | train_log_qty_aux=0.00000000 | val_log_qty_aux=nan
[Epoch 067] train_loss=-3.12985988 | score=0.94263121 | val_nll=-3.27199442 | val_acc=0.96100133 | val_dt_mae=1.76721330 | val_qty_mae=0.69799254 | train_log_qty_aux=0.00000000 | val_log_qty_aux=nan
[Epoch 068] train_loss=-3.13529755 | score=0.94125780 | val_nll=-3.27529538 | val_acc=0.95966854 | val_dt_mae=1.76721330 | val_qty_mae=0.73860911 | train_log_qty_aux=0.00000000 | val_log_qty_aux=nan
[Epoch 069] train_loss=-3.14145041 | score=0.94273335 | val_nll=-3.27905735 | val_acc=0.96107087 | val_dt_mae=1.76721330 | val_qty_mae=0.66539000 | train_log_qty_aux=0.00000000 | val_log_qty_aux=nan
[Epoch 070] train_loss=-3.14587032 | score=0.94429619 | val_nll=-3.28917830 | val_acc=0.96277453 | val_dt_mae=1.76721330 | val_qty_mae=0.80620193 | train_log_qty_aux=0.00000000 | val_log_qty_aux=nan
[Epoch 071] train_loss=-3.15138423 | score=0.94323273 | val_nll=-3.29267785 | val_acc=0.96161558 | val_dt_mae=1.76721330 | val_qty_mae=0.71071532 | train_log_qty_aux=0.00000000 | val_log_qty_aux=nan
[Epoch 072] train_loss=-3.15627580 | score=0.94422699 | val_nll=-3.29869371 | val_acc=0.96257750 | val_dt_mae=1.76721330 | val_qty_mae=0.67838530 | train_log_qty_aux=0.00000000 | val_log_qty_aux=nan
[Epoch 073] train_loss=-3.16166423 | score=0.94410156 | val_nll=-3.30355838 | val_acc=0.96243843 | val_dt_mae=1.76721330 | val_qty_mae=0.66473710 | train_log_qty_aux=0.00000000 | val_log_qty_aux=nan
[Epoch 074] train_loss=-3.16602639 | score=0.94342150 | val_nll=-3.30234550 | val_acc=0.96176624 | val_dt_mae=1.76721330 | val_qty_mae=0.67260640 | train_log_qty_aux=0.00000000 | val_log_qty_aux=nan
[Epoch 075] train_loss=-3.17068649 | score=0.94429391 | val_nll=-3.31062855 | val_acc=0.96263545 | val_dt_mae=1.76721330 | val_qty_mae=0.66941418 | train_log_qty_aux=0.00000000 | val_log_qty_aux=nan
[Epoch 076] train_loss=-3.17460438 | score=0.94243669 | val_nll=-3.31315767 | val_acc=0.96085067 | val_dt_mae=1.76721330 | val_qty_mae=0.74184803 | train_log_qty_aux=0.00000000 | val_log_qty_aux=nan
[Epoch 077] train_loss=-3.17839314 | score=0.94349361 | val_nll=-3.31818790 | val_acc=0.96185896 | val_dt_mae=1.76721330 | val_qty_mae=0.69321521 | train_log_qty_aux=0.00000000 | val_log_qty_aux=nan
[Epoch 078] train_loss=-3.18207780 | score=0.94328653 | val_nll=-3.32129251 | val_acc=0.96169670 | val_dt_mae=1.76721330 | val_qty_mae=0.73803633 | train_log_qty_aux=0.00000000 | val_log_qty_aux=nan
[Epoch 079] train_loss=-3.18600351 | score=0.94280090 | val_nll=-3.32507523 | val_acc=0.96124471 | val_dt_mae=1.76721330 | val_qty_mae=0.77167674 | train_log_qty_aux=0.00000000 | val_log_qty_aux=nan
[Epoch 080] train_loss=-3.19033610 | score=0.94260750 | val_nll=-3.32698556 | val_acc=0.96097815 | val_dt_mae=1.76721330 | val_qty_mae=0.69852425 | train_log_qty_aux=0.00000000 | val_log_qty_aux=nan
[Epoch 081] train_loss=-3.19374659 | score=0.94343868 | val_nll=-3.32954594 | val_acc=0.96184737 | val_dt_mae=1.76721330 | val_qty_mae=0.73655455 | train_log_qty_aux=0.00000000 | val_log_qty_aux=nan
[Epoch 082] train_loss=-3.19717191 | score=0.94467511 | val_nll=-3.33727368 | val_acc=0.96308744 | val_dt_mae=1.76721330 | val_qty_mae=0.74020365 | train_log_qty_aux=0.00000000 | val_log_qty_aux=nan
[Epoch 083] train_loss=-3.20042588 | score=0.94280642 | val_nll=-3.33630231 | val_acc=0.96112882 | val_dt_mae=1.76721330 | val_qty_mae=0.65026889 | train_log_qty_aux=0.00000000 | val_log_qty_aux=nan
[Epoch 084] train_loss=-3.20478806 | score=0.94391051 | val_nll=-3.34314190 | val_acc=0.96234571 | val_dt_mae=1.76721330 | val_qty_mae=0.76307002 | train_log_qty_aux=0.00000000 | val_log_qty_aux=nan
[Epoch 085] train_loss=-3.20690590 | score=0.94332827 | val_nll=-3.34641163 | val_acc=0.96175465 | val_dt_mae=1.76721330 | val_qty_mae=0.75424340 | train_log_qty_aux=0.00000000 | val_log_qty_aux=nan
[Epoch 086] train_loss=-3.21047799 | score=0.94337433 | val_nll=-3.34920981 | val_acc=0.96177783 | val_dt_mae=1.76721330 | val_qty_mae=0.73136923 | train_log_qty_aux=0.00000000 | val_log_qty_aux=nan
[Epoch 087] train_loss=-3.21336153 | score=0.94432748 | val_nll=-3.35001572 | val_acc=0.96278612 | val_dt_mae=1.76721330 | val_qty_mae=0.78650710 | train_log_qty_aux=0.00000000 | val_log_qty_aux=nan
[Epoch 088] train_loss=-3.21667509 | score=0.94419317 | val_nll=-3.35677303 | val_acc=0.96261227 | val_dt_mae=1.76721330 | val_qty_mae=0.74696670 | train_log_qty_aux=0.00000000 | val_log_qty_aux=nan
[Epoch 089] train_loss=-3.21965289 | score=0.94468856 | val_nll=-3.36031465 | val_acc=0.96300632 | val_dt_mae=1.76721330 | val_qty_mae=0.64562770 | train_log_qty_aux=0.00000000 | val_log_qty_aux=nan
[Epoch 090] train_loss=-3.22205070 | score=0.94197387 | val_nll=-3.35573596 | val_acc=0.96034073 | val_dt_mae=1.76721330 | val_qty_mae=0.69472895 | train_log_qty_aux=0.00000000 | val_log_qty_aux=nan
[Epoch 091] train_loss=-3.22467037 | score=0.94333668 | val_nll=-3.35867112 | val_acc=0.96169670 | val_dt_mae=1.76721330 | val_qty_mae=0.68789103 | train_log_qty_aux=0.00000000 | val_log_qty_aux=nan
[Epoch 092] train_loss=-3.22756468 | score=0.94381496 | val_nll=-3.36539592 | val_acc=0.96218346 | val_dt_mae=1.76721330 | val_qty_mae=0.69636962 | train_log_qty_aux=0.00000000 | val_log_qty_aux=nan
[Epoch 093] train_loss=-3.23028309 | score=0.94427805 | val_nll=-3.36730538 | val_acc=0.96265863 | val_dt_mae=1.76721330 | val_qty_mae=0.70844964 | train_log_qty_aux=0.00000000 | val_log_qty_aux=nan
[Epoch 094] train_loss=-3.23227204 | score=0.94321641 | val_nll=-3.37039023 | val_acc=0.96160399 | val_dt_mae=1.76721330 | val_qty_mae=0.71544775 | train_log_qty_aux=0.00000000 | val_log_qty_aux=nan
[Epoch 095] train_loss=-3.23522213 | score=0.93669873 | val_nll=-3.35880753 | val_acc=0.95507910 | val_dt_mae=1.76721330 | val_qty_mae=0.70823794 | train_log_qty_aux=0.00000000 | val_log_qty_aux=nan
[Epoch 096] train_loss=-3.23693319 | score=0.94377449 | val_nll=-3.37629896 | val_acc=0.96212551 | val_dt_mae=1.76721330 | val_qty_mae=0.67888882 | train_log_qty_aux=0.00000000 | val_log_qty_aux=nan
[Epoch 097] train_loss=-3.23954615 | score=0.94374054 | val_nll=-3.37794383 | val_acc=0.96205598 | val_dt_mae=1.76721330 | val_qty_mae=0.64330706 | train_log_qty_aux=0.00000000 | val_log_qty_aux=nan
[Epoch 098] train_loss=-3.24082968 | score=0.94369411 | val_nll=-3.37754158 | val_acc=0.96203280 | val_dt_mae=1.76721330 | val_qty_mae=0.66655226 | train_log_qty_aux=0.00000000 | val_log_qty_aux=nan
[Epoch 099] train_loss=-3.24308753 | score=0.94418819 | val_nll=-3.38252169 | val_acc=0.96256592 | val_dt_mae=1.76721330 | val_qty_mae=0.70558792 | train_log_qty_aux=0.00000000 | val_log_qty_aux=nan
[Epoch 100] train_loss=-3.24532027 | score=0.94253351 | val_nll=-3.37735023 | val_acc=0.96093180 | val_dt_mae=1.76721330 | val_qty_mae=0.72614981 | train_log_qty_aux=0.00000000 | val_log_qty_aux=nan
[Epoch 101] train_loss=-3.24773070 | score=0.94205552 | val_nll=-3.38052483 | val_acc=0.96044504 | val_dt_mae=1.76721330 | val_qty_mae=0.71738276 | train_log_qty_aux=0.00000000 | val_log_qty_aux=nan
[Epoch 102] train_loss=-3.24934795 | score=0.94324480 | val_nll=-3.38372511 | val_acc=0.96161558 | val_dt_mae=1.76721330 | val_qty_mae=0.69864696 | train_log_qty_aux=0.00000000 | val_log_qty_aux=nan
[Epoch 103] train_loss=-3.25127049 | score=0.94216872 | val_nll=-3.38524061 | val_acc=0.96059570 | val_dt_mae=1.76721330 | val_qty_mae=0.75484469 | train_log_qty_aux=0.00000000 | val_log_qty_aux=nan
[Epoch 104] train_loss=-3.25296909 | score=0.94360517 | val_nll=-3.39040235 | val_acc=0.96203280 | val_dt_mae=1.76721330 | val_qty_mae=0.75549345 | train_log_qty_aux=0.00000000 | val_log_qty_aux=nan
[Epoch 105] train_loss=-3.25427049 | score=0.94362787 | val_nll=-3.38669567 | val_acc=0.96200962 | val_dt_mae=1.76721330 | val_qty_mae=0.70961392 | train_log_qty_aux=0.00000000 | val_log_qty_aux=nan
[Epoch 106] train_loss=-3.25655491 | score=0.94308102 | val_nll=-3.39071923 | val_acc=0.96152286 | val_dt_mae=1.76721330 | val_qty_mae=0.76970521 | train_log_qty_aux=0.00000000 | val_log_qty_aux=nan
[Epoch 107] train_loss=-3.25860615 | score=0.94371862 | val_nll=-3.39368768 | val_acc=0.96205598 | val_dt_mae=1.76721330 | val_qty_mae=0.66522377 | train_log_qty_aux=0.00000000 | val_log_qty_aux=nan
[Epoch 108] train_loss=-3.25919193 | score=0.94344280 | val_nll=-3.39357097 | val_acc=0.96183578 | val_dt_mae=1.76721330 | val_qty_mae=0.72084299 | train_log_qty_aux=0.00000000 | val_log_qty_aux=nan
[Epoch 109] train_loss=-3.26110576 | score=0.94465297 | val_nll=-3.40025887 | val_acc=0.96301791 | val_dt_mae=1.76721330 | val_qty_mae=0.69280347 | train_log_qty_aux=0.00000000 | val_log_qty_aux=nan
[Epoch 110] train_loss=-3.26275183 | score=0.94351374 | val_nll=-3.39843380 | val_acc=0.96187055 | val_dt_mae=1.76721330 | val_qty_mae=0.68467178 | train_log_qty_aux=0.00000000 | val_log_qty_aux=nan
[Epoch 111] train_loss=-3.26360903 | score=0.94313606 | val_nll=-3.39979439 | val_acc=0.96154604 | val_dt_mae=1.76721330 | val_qty_mae=0.73784802 | train_log_qty_aux=0.00000000 | val_log_qty_aux=nan
[Epoch 112] train_loss=-3.26580217 | score=0.94378756 | val_nll=-3.40079996 | val_acc=0.96217187 | val_dt_mae=1.76721330 | val_qty_mae=0.71217675 | train_log_qty_aux=0.00000000 | val_log_qty_aux=nan
[Epoch 113] train_loss=-3.26670311 | score=0.94502200 | val_nll=-3.40716478 | val_acc=0.96338877 | val_dt_mae=1.76721330 | val_qty_mae=0.69463865 | train_log_qty_aux=0.00000000 | val_log_qty_aux=nan
[Epoch 114] train_loss=-3.26816677 | score=0.94273417 | val_nll=-3.40090493 | val_acc=0.96111723 | val_dt_mae=1.76721330 | val_qty_mae=0.71092625 | train_log_qty_aux=0.00000000 | val_log_qty_aux=nan
[Epoch 115] train_loss=-3.26996006 | score=0.94389514 | val_nll=-3.40122316 | val_acc=0.96222982 | val_dt_mae=1.76721330 | val_qty_mae=0.66254570 | train_log_qty_aux=0.00000000 | val_log_qty_aux=nan
[Epoch 116] train_loss=-3.27076546 | score=0.94231936 | val_nll=-3.40703546 | val_acc=0.96070001 | val_dt_mae=1.76721330 | val_qty_mae=0.70850869 | train_log_qty_aux=0.00000000 | val_log_qty_aux=nan
[Epoch 117] train_loss=-3.27170387 | score=0.94221319 | val_nll=-3.40245536 | val_acc=0.96056093 | val_dt_mae=1.76721330 | val_qty_mae=0.67561347 | train_log_qty_aux=0.00000000 | val_log_qty_aux=nan
[Epoch 118] train_loss=-3.27238576 | score=0.94201000 | val_nll=-3.40713241 | val_acc=0.96043345 | val_dt_mae=1.76721330 | val_qty_mae=0.75131676 | train_log_qty_aux=0.00000000 | val_log_qty_aux=nan
[Epoch 119] train_loss=-3.27421697 | score=0.94180598 | val_nll=-3.41038365 | val_acc=0.96021325 | val_dt_mae=1.76721330 | val_qty_mae=0.73513632 | train_log_qty_aux=0.00000000 | val_log_qty_aux=nan
[Epoch 120] train_loss=-3.27530066 | score=0.94376334 | val_nll=-3.41013016 | val_acc=0.96213710 | val_dt_mae=1.76721330 | val_qty_mae=0.70162684 | train_log_qty_aux=0.00000000 | val_log_qty_aux=nan
[Epoch 121] train_loss=-3.27651372 | score=0.94222028 | val_nll=-3.41096748 | val_acc=0.96061888 | val_dt_mae=1.76721330 | val_qty_mae=0.72646850 | train_log_qty_aux=0.00000000 | val_log_qty_aux=nan
[Epoch 122] train_loss=-3.27774043 | score=0.94340639 | val_nll=-3.41483604 | val_acc=0.96175465 | val_dt_mae=1.76721330 | val_qty_mae=0.67613042 | train_log_qty_aux=0.00000000 | val_log_qty_aux=nan
[Epoch 123] train_loss=-3.27900180 | score=0.94364826 | val_nll=-3.41557800 | val_acc=0.96203280 | val_dt_mae=1.76721330 | val_qty_mae=0.71240609 | train_log_qty_aux=0.00000000 | val_log_qty_aux=nan
[Epoch 124] train_loss=-3.27977916 | score=0.94412630 | val_nll=-3.41634462 | val_acc=0.96250797 | val_dt_mae=1.76721330 | val_qty_mae=0.70953736 | train_log_qty_aux=0.00000000 | val_log_qty_aux=nan
[Epoch 125] train_loss=-3.28065972 | score=0.94232322 | val_nll=-3.41276253 | val_acc=0.96070001 | val_dt_mae=1.76721330 | val_qty_mae=0.70465096 | train_log_qty_aux=0.00000000 | val_log_qty_aux=nan
[Epoch 126] train_loss=-3.28194189 | score=0.94445796 | val_nll=-3.42056712 | val_acc=0.96290201 | val_dt_mae=1.76721330 | val_qty_mae=0.77191714 | train_log_qty_aux=0.00000000 | val_log_qty_aux=nan
[Epoch 127] train_loss=-3.28291994 | score=0.94282837 | val_nll=-3.41759185 | val_acc=0.96123312 | val_dt_mae=1.76721330 | val_qty_mae=0.73262235 | train_log_qty_aux=0.00000000 | val_log_qty_aux=nan
[Epoch 128] train_loss=-3.28400274 | score=0.94347606 | val_nll=-3.41900263 | val_acc=0.96187055 | val_dt_mae=1.76721330 | val_qty_mae=0.72235646 | train_log_qty_aux=0.00000000 | val_log_qty_aux=nan
[Epoch 129] train_loss=-3.28441597 | score=0.94344861 | val_nll=-3.42016095 | val_acc=0.96183578 | val_dt_mae=1.76721330 | val_qty_mae=0.71503160 | train_log_qty_aux=0.00000000 | val_log_qty_aux=nan
[Epoch 130] train_loss=-3.28466288 | score=0.94325878 | val_nll=-3.41563281 | val_acc=0.96163876 | val_dt_mae=1.76721330 | val_qty_mae=0.70783959 | train_log_qty_aux=0.00000000 | val_log_qty_aux=nan
[Epoch 131] train_loss=-3.28597255 | score=0.94077348 | val_nll=-3.41112105 | val_acc=0.95921655 | val_dt_mae=1.76721330 | val_qty_mae=0.77093969 | train_log_qty_aux=0.00000000 | val_log_qty_aux=nan
[Epoch 132] train_loss=-3.28696691 | score=0.94454774 | val_nll=-3.42389472 | val_acc=0.96293678 | val_dt_mae=1.76721330 | val_qty_mae=0.71690580 | train_log_qty_aux=0.00000000 | val_log_qty_aux=nan
[Epoch 133] train_loss=-3.28757587 | score=0.94102771 | val_nll=-3.41345050 | val_acc=0.95951788 | val_dt_mae=1.76721330 | val_qty_mae=0.81803577 | train_log_qty_aux=0.00000000 | val_log_qty_aux=nan
[Epoch 134] train_loss=-3.28829570 | score=0.94278416 | val_nll=-3.42514061 | val_acc=0.96118676 | val_dt_mae=1.76721330 | val_qty_mae=0.73047256 | train_log_qty_aux=0.00000000 | val_log_qty_aux=nan
[Epoch 135] train_loss=-3.28921003 | score=0.94124924 | val_nll=-3.41971154 | val_acc=0.95957582 | val_dt_mae=1.76721330 | val_qty_mae=0.65444810 | train_log_qty_aux=0.00000000 | val_log_qty_aux=nan
[Epoch 136] train_loss=-3.29014009 | score=0.94337502 | val_nll=-3.42175233 | val_acc=0.96176624 | val_dt_mae=1.76721330 | val_qty_mae=0.71909154 | train_log_qty_aux=0.00000000 | val_log_qty_aux=nan
[Epoch 137] train_loss=-3.29081070 | score=0.94291533 | val_nll=-3.42398141 | val_acc=0.96123312 | val_dt_mae=1.76721330 | val_qty_mae=0.64566333 | train_log_qty_aux=0.00000000 | val_log_qty_aux=nan
[Epoch 138] train_loss=-3.29068190 | score=0.94445708 | val_nll=-3.42945025 | val_acc=0.96283247 | val_dt_mae=1.76721330 | val_qty_mae=0.70326369 | train_log_qty_aux=0.00000000 | val_log_qty_aux=nan
[Epoch 139] train_loss=-3.29189648 | score=0.94383514 | val_nll=-3.42684893 | val_acc=0.96224141 | val_dt_mae=1.76721330 | val_qty_mae=0.73413665 | train_log_qty_aux=0.00000000 | val_log_qty_aux=nan
[Epoch 140] train_loss=-3.29287314 | score=0.94385085 | val_nll=-3.42853669 | val_acc=0.96220664 | val_dt_mae=1.76721330 | val_qty_mae=0.68365591 | train_log_qty_aux=0.00000000 | val_log_qty_aux=nan
[Epoch 141] train_loss=-3.29352492 | score=0.94176152 | val_nll=-3.42046267 | val_acc=0.96009735 | val_dt_mae=1.76721330 | val_qty_mae=0.66370282 | train_log_qty_aux=0.00000000 | val_log_qty_aux=nan
[Epoch 142] train_loss=-3.29404782 | score=0.94238392 | val_nll=-3.42570195 | val_acc=0.96075795 | val_dt_mae=1.76721330 | val_qty_mae=0.70189753 | train_log_qty_aux=0.00000000 | val_log_qty_aux=nan
[Epoch 143] train_loss=-3.29417312 | score=0.94275231 | val_nll=-3.42675861 | val_acc=0.96119835 | val_dt_mae=1.76721330 | val_qty_mae=0.77390826 | train_log_qty_aux=0.00000000 | val_log_qty_aux=nan
[Epoch 144] train_loss=-3.29411844 | score=0.94295607 | val_nll=-3.43045078 | val_acc=0.96132584 | val_dt_mae=1.76721330 | val_qty_mae=0.69763935 | train_log_qty_aux=0.00000000 | val_log_qty_aux=nan
[Epoch 145] train_loss=-3.29536493 | score=0.94324495 | val_nll=-3.42806685 | val_acc=0.96161558 | val_dt_mae=1.76721330 | val_qty_mae=0.69849754 | train_log_qty_aux=0.00000000 | val_log_qty_aux=nan
[Epoch 146] train_loss=-3.29544641 | score=0.94120665 | val_nll=-3.42535090 | val_acc=0.95962218 | val_dt_mae=1.76721330 | val_qty_mae=0.74340208 | train_log_qty_aux=0.00000000 | val_log_qty_aux=nan
[Epoch 147] train_loss=-3.29608789 | score=0.94120318 | val_nll=-3.42769741 | val_acc=0.95959900 | val_dt_mae=1.76721330 | val_qty_mae=0.72368923 | train_log_qty_aux=0.00000000 | val_log_qty_aux=nan
[Epoch 148] train_loss=-3.29694943 | score=0.94414954 | val_nll=-3.43097556 | val_acc=0.96253115 | val_dt_mae=1.76721330 | val_qty_mae=0.70947619 | train_log_qty_aux=0.00000000 | val_log_qty_aux=nan
[Epoch 149] train_loss=-3.29798649 | score=0.94348772 | val_nll=-3.42979341 | val_acc=0.96185896 | val_dt_mae=1.76721330 | val_qty_mae=0.69910384 | train_log_qty_aux=0.00000000 | val_log_qty_aux=nan
[Epoch 150] train_loss=-3.29815011 | score=0.94405290 | val_nll=-3.42312117 | val_acc=0.96243843 | val_dt_mae=1.76721330 | val_qty_mae=0.71339465 | train_log_qty_aux=0.00000000 | val_log_qty_aux=nan
[Epoch 151] train_loss=-3.29803167 | score=0.94375809 | val_nll=-3.42558353 | val_acc=0.96210234 | val_dt_mae=1.76721330 | val_qty_mae=0.67211242 | train_log_qty_aux=0.00000000 | val_log_qty_aux=nan
[Epoch 152] train_loss=-3.29877865 | score=0.94291393 | val_nll=-3.43215385 | val_acc=0.96131425 | val_dt_mae=1.76721330 | val_qty_mae=0.72818495 | train_log_qty_aux=0.00000000 | val_log_qty_aux=nan
[Epoch 153] train_loss=-3.29870778 | score=0.94011301 | val_nll=-3.42912060 | val_acc=0.95845164 | val_dt_mae=1.76721330 | val_qty_mae=0.66649976 | train_log_qty_aux=0.00000000 | val_log_qty_aux=nan
[Epoch 154] train_loss=-3.29927847 | score=0.94241724 | val_nll=-3.42982001 | val_acc=0.96079272 | val_dt_mae=1.76721330 | val_qty_mae=0.70334974 | train_log_qty_aux=0.00000000 | val_log_qty_aux=nan
[Epoch 155] train_loss=-3.30027456 | score=0.94242751 | val_nll=-3.43197802 | val_acc=0.96079272 | val_dt_mae=1.76721330 | val_qty_mae=0.69308166 | train_log_qty_aux=0.00000000 | val_log_qty_aux=nan
[Epoch 156] train_loss=-3.30066985 | score=0.94372705 | val_nll=-3.43410270 | val_acc=0.96212551 | val_dt_mae=1.76721330 | val_qty_mae=0.72632898 | train_log_qty_aux=0.00000000 | val_log_qty_aux=nan
[Epoch 157] train_loss=-3.30106319 | score=0.94423566 | val_nll=-3.43711985 | val_acc=0.96256592 | val_dt_mae=1.76721330 | val_qty_mae=0.65812231 | train_log_qty_aux=0.00000000 | val_log_qty_aux=nan
[Epoch 158] train_loss=-3.30152009 | score=0.94290552 | val_nll=-3.43185852 | val_acc=0.96131425 | val_dt_mae=1.76721330 | val_qty_mae=0.73659270 | train_log_qty_aux=0.00000000 | val_log_qty_aux=nan
[Epoch 159] train_loss=-3.30201485 | score=0.94302841 | val_nll=-3.43408520 | val_acc=0.96144173 | val_dt_mae=1.76721330 | val_qty_mae=0.74119347 | train_log_qty_aux=0.00000000 | val_log_qty_aux=nan
[Epoch 160] train_loss=-3.30233754 | score=0.94114743 | val_nll=-3.43065060 | val_acc=0.95950629 | val_dt_mae=1.76721330 | val_qty_mae=0.68672835 | train_log_qty_aux=0.00000000 | val_log_qty_aux=nan
[Epoch 161] train_loss=-3.30277973 | score=0.94311262 | val_nll=-3.43376035 | val_acc=0.96153445 | val_dt_mae=1.76721330 | val_qty_mae=0.74969645 | train_log_qty_aux=0.00000000 | val_log_qty_aux=nan
[Epoch 162] train_loss=-3.30213189 | score=0.94038876 | val_nll=-3.42935553 | val_acc=0.95877615 | val_dt_mae=1.76721330 | val_qty_mae=0.71525095 | train_log_qty_aux=0.00000000 | val_log_qty_aux=nan
[Epoch 163] train_loss=-3.30345913 | score=0.94493730 | val_nll=-3.44040988 | val_acc=0.96330764 | val_dt_mae=1.76721330 | val_qty_mae=0.69821275 | train_log_qty_aux=0.00000000 | val_log_qty_aux=nan
[Epoch 164] train_loss=-3.30348390 | score=0.94467388 | val_nll=-3.44048868 | val_acc=0.96301791 | val_dt_mae=1.76721330 | val_qty_mae=0.67189595 | train_log_qty_aux=0.00000000 | val_log_qty_aux=nan
[Epoch 165] train_loss=-3.30365579 | score=0.94406681 | val_nll=-3.43576801 | val_acc=0.96239207 | val_dt_mae=1.76721330 | val_qty_mae=0.65313196 | train_log_qty_aux=0.00000000 | val_log_qty_aux=nan
[Epoch 166] train_loss=-3.30391625 | score=0.94242999 | val_nll=-3.43506950 | val_acc=0.96080431 | val_dt_mae=1.76721330 | val_qty_mae=0.70218547 | train_log_qty_aux=0.00000000 | val_log_qty_aux=nan
[Epoch 167] train_loss=-3.30429149 | score=0.94547006 | val_nll=-3.44350171 | val_acc=0.96384076 | val_dt_mae=1.76721330 | val_qty_mae=0.69856529 | train_log_qty_aux=0.00000000 | val_log_qty_aux=nan
[Epoch 168] train_loss=-3.30455432 | score=0.94124672 | val_nll=-3.43366809 | val_acc=0.95961059 | val_dt_mae=1.76721330 | val_qty_mae=0.69173592 | train_log_qty_aux=0.00000000 | val_log_qty_aux=nan
[Epoch 169] train_loss=-3.30533174 | score=0.94205797 | val_nll=-3.43184057 | val_acc=0.96049139 | val_dt_mae=1.76721330 | val_qty_mae=0.76129230 | train_log_qty_aux=0.00000000 | val_log_qty_aux=nan
[Epoch 170] train_loss=-3.30501789 | score=0.94292048 | val_nll=-3.43683602 | val_acc=0.96132584 | val_dt_mae=1.76721330 | val_qty_mae=0.73322256 | train_log_qty_aux=0.00000000 | val_log_qty_aux=nan
[Epoch 171] train_loss=-3.30500968 | score=0.94399484 | val_nll=-3.43363417 | val_acc=0.96235730 | val_dt_mae=1.76721330 | val_qty_mae=0.69033537 | train_log_qty_aux=0.00000000 | val_log_qty_aux=nan
[Epoch 172] train_loss=-3.30525673 | score=0.94390516 | val_nll=-3.44337711 | val_acc=0.96231095 | val_dt_mae=1.76721330 | val_qty_mae=0.73365604 | train_log_qty_aux=0.00000000 | val_log_qty_aux=nan
[Epoch 173] train_loss=-3.30558491 | score=0.94199676 | val_nll=-3.43475150 | val_acc=0.96039868 | val_dt_mae=1.76721330 | val_qty_mae=0.72978425 | train_log_qty_aux=0.00000000 | val_log_qty_aux=nan
[Epoch 174] train_loss=-3.30594022 | score=0.94369035 | val_nll=-3.43925534 | val_acc=0.96206757 | val_dt_mae=1.76721330 | val_qty_mae=0.70508133 | train_log_qty_aux=0.00000000 | val_log_qty_aux=nan
[Epoch 175] train_loss=-3.30659198 | score=0.94213012 | val_nll=-3.43769427 | val_acc=0.96049139 | val_dt_mae=1.76721330 | val_qty_mae=0.68914146 | train_log_qty_aux=0.00000000 | val_log_qty_aux=nan
[Epoch 176] train_loss=-3.30617143 | score=0.94435194 | val_nll=-3.44176284 | val_acc=0.96273976 | val_dt_mae=1.76721330 | val_qty_mae=0.71568171 | train_log_qty_aux=0.00000000 | val_log_qty_aux=nan
[Epoch 177] train_loss=-3.30561505 | score=0.94408161 | val_nll=-3.44163602 | val_acc=0.96246161 | val_dt_mae=1.76721330 | val_qty_mae=0.70786358 | train_log_qty_aux=0.00000000 | val_log_qty_aux=nan
[Epoch 178] train_loss=-3.30681187 | score=0.94202853 | val_nll=-3.43691933 | val_acc=0.96038709 | val_dt_mae=1.76721330 | val_qty_mae=0.68642703 | train_log_qty_aux=0.00000000 | val_log_qty_aux=nan
[Epoch 179] train_loss=-3.30723964 | score=0.94284027 | val_nll=-3.43376152 | val_acc=0.96125630 | val_dt_mae=1.76721330 | val_qty_mae=0.74390198 | train_log_qty_aux=0.00000000 | val_log_qty_aux=nan
[Epoch 180] train_loss=-3.30729973 | score=0.94457322 | val_nll=-3.44241473 | val_acc=0.96295996 | val_dt_mae=1.76721330 | val_qty_mae=0.71460267 | train_log_qty_aux=0.00000000 | val_log_qty_aux=nan
[Epoch 181] train_loss=-3.30720393 | score=0.94191609 | val_nll=-3.43913837 | val_acc=0.96028278 | val_dt_mae=1.76721330 | val_qty_mae=0.69455888 | train_log_qty_aux=0.00000000 | val_log_qty_aux=nan
[Epoch 182] train_loss=-3.30766388 | score=0.94339385 | val_nll=-3.44156870 | val_acc=0.96175465 | val_dt_mae=1.76721330 | val_qty_mae=0.68866508 | train_log_qty_aux=0.00000000 | val_log_qty_aux=nan
[Epoch 183] train_loss=-3.30836074 | score=0.94296077 | val_nll=-3.44299175 | val_acc=0.96138379 | val_dt_mae=1.76721330 | val_qty_mae=0.75087933 | train_log_qty_aux=0.00000000 | val_log_qty_aux=nan
[Epoch 184] train_loss=-3.30797187 | score=0.94381203 | val_nll=-3.44247722 | val_acc=0.96216028 | val_dt_mae=1.76721330 | val_qty_mae=0.67612314 | train_log_qty_aux=0.00000000 | val_log_qty_aux=nan
[Epoch 185] train_loss=-3.30914332 | score=0.94418828 | val_nll=-3.44514635 | val_acc=0.96258909 | val_dt_mae=1.76721330 | val_qty_mae=0.72868342 | train_log_qty_aux=0.00000000 | val_log_qty_aux=nan
[Epoch 186] train_loss=-3.30877856 | score=0.94416944 | val_nll=-3.44263260 | val_acc=0.96253115 | val_dt_mae=1.76721330 | val_qty_mae=0.68957485 | train_log_qty_aux=0.00000000 | val_log_qty_aux=nan
[Epoch 187] train_loss=-3.30895509 | score=0.94436508 | val_nll=-3.44136782 | val_acc=0.96269340 | val_dt_mae=1.76721330 | val_qty_mae=0.65618742 | train_log_qty_aux=0.00000000 | val_log_qty_aux=nan
[Epoch 188] train_loss=-3.31025183 | score=0.93975429 | val_nll=-3.43635507 | val_acc=0.95812714 | val_dt_mae=1.76721330 | val_qty_mae=0.70071497 | train_log_qty_aux=0.00000000 | val_log_qty_aux=nan
[Epoch 189] train_loss=-3.30986541 | score=0.94318668 | val_nll=-3.43653128 | val_acc=0.96158081 | val_dt_mae=1.76721330 | val_qty_mae=0.72199372 | train_log_qty_aux=0.00000000 | val_log_qty_aux=nan
[Epoch 190] train_loss=-3.30942079 | score=0.94288191 | val_nll=-3.44320877 | val_acc=0.96127948 | val_dt_mae=1.76721330 | val_qty_mae=0.72543818 | train_log_qty_aux=0.00000000 | val_log_qty_aux=nan
[Epoch 191] train_loss=-3.31070528 | score=0.94395314 | val_nll=-3.44535390 | val_acc=0.96239207 | val_dt_mae=1.76721330 | val_qty_mae=0.76680038 | train_log_qty_aux=0.00000000 | val_log_qty_aux=nan
[Epoch 192] train_loss=-3.31075091 | score=0.94335751 | val_nll=-3.44422869 | val_acc=0.96175465 | val_dt_mae=1.76721330 | val_qty_mae=0.72500923 | train_log_qty_aux=0.00000000 | val_log_qty_aux=nan
[Epoch 193] train_loss=-3.31067724 | score=0.94429011 | val_nll=-3.44197784 | val_acc=0.96268181 | val_dt_mae=1.76721330 | val_qty_mae=0.71956953 | train_log_qty_aux=0.00000000 | val_log_qty_aux=nan
[Epoch 194] train_loss=-3.31090296 | score=0.94522246 | val_nll=-3.44629411 | val_acc=0.96358579 | val_dt_mae=1.76721330 | val_qty_mae=0.69119663 | train_log_qty_aux=0.00000000 | val_log_qty_aux=nan
[Epoch 195] train_loss=-3.31056267 | score=0.94258051 | val_nll=-3.43641922 | val_acc=0.96093180 | val_dt_mae=1.76721330 | val_qty_mae=0.67914908 | train_log_qty_aux=0.00000000 | val_log_qty_aux=nan
[Epoch 196] train_loss=-3.31120477 | score=0.94216460 | val_nll=-3.43931234 | val_acc=0.96054934 | val_dt_mae=1.76721330 | val_qty_mae=0.71260781 | train_log_qty_aux=0.00000000 | val_log_qty_aux=nan
[Epoch 197] train_loss=-3.31106499 | score=0.94121666 | val_nll=-3.43671386 | val_acc=0.95958741 | val_dt_mae=1.76721330 | val_qty_mae=0.69862305 | train_log_qty_aux=0.00000000 | val_log_qty_aux=nan
[Epoch 198] train_loss=-3.31140750 | score=0.94439799 | val_nll=-3.44504623 | val_acc=0.96276294 | val_dt_mae=1.76721330 | val_qty_mae=0.69280915 | train_log_qty_aux=0.00000000 | val_log_qty_aux=nan
[Epoch 199] train_loss=-3.31110983 | score=0.94291541 | val_nll=-3.43978301 | val_acc=0.96127948 | val_dt_mae=1.76721330 | val_qty_mae=0.69193390 | train_log_qty_aux=0.00000000 | val_log_qty_aux=nan
[Epoch 200] train_loss=-3.31116632 | score=0.94246356 | val_nll=-3.43781171 | val_acc=0.96082749 | val_dt_mae=1.76721330 | val_qty_mae=0.69180144 | train_log_qty_aux=0.00000000 | val_log_qty_aux=nan
[Epoch 201] train_loss=-3.31098936 | score=0.94371901 | val_nll=-3.44466489 | val_acc=0.96211392 | val_dt_mae=1.76721330 | val_qty_mae=0.72278408 | train_log_qty_aux=0.00000000 | val_log_qty_aux=nan
[Epoch 202] train_loss=-3.31029393 | score=0.94195852 | val_nll=-3.43577063 | val_acc=0.96031755 | val_dt_mae=1.76721330 | val_qty_mae=0.68689897 | train_log_qty_aux=0.00000000 | val_log_qty_aux=nan
[Epoch 203] train_loss=-3.31075574 | score=0.94384373 | val_nll=-3.44195052 | val_acc=0.96219505 | val_dt_mae=1.76721330 | val_qty_mae=0.67918491 | train_log_qty_aux=0.00000000 | val_log_qty_aux=nan
[Epoch 204] train_loss=-3.31003382 | score=0.94211124 | val_nll=-3.44018467 | val_acc=0.96051457 | val_dt_mae=1.76721330 | val_qty_mae=0.73119625 | train_log_qty_aux=0.00000000 | val_log_qty_aux=nan
[Epoch 205] train_loss=-3.31085846 | score=0.94269248 | val_nll=-3.43681953 | val_acc=0.96104769 | val_dt_mae=1.76721330 | val_qty_mae=0.68307727 | train_log_qty_aux=0.00000000 | val_log_qty_aux=nan
[Epoch 206] train_loss=-3.31115442 | score=0.94421011 | val_nll=-3.44365069 | val_acc=0.96262386 | val_dt_mae=1.76721330 | val_qty_mae=0.74161997 | train_log_qty_aux=0.00000000 | val_log_qty_aux=nan
[Epoch 207] train_loss=-3.31127853 | score=0.94094789 | val_nll=-3.43593095 | val_acc=0.95932086 | val_dt_mae=1.76721330 | val_qty_mae=0.70083393 | train_log_qty_aux=0.00000000 | val_log_qty_aux=nan
[Epoch 208] train_loss=-3.31067527 | score=0.94236052 | val_nll=-3.44201951 | val_acc=0.96068842 | val_dt_mae=1.76721330 | val_qty_mae=0.65575836 | train_log_qty_aux=0.00000000 | val_log_qty_aux=nan
[Epoch 209] train_loss=-3.31122760 | score=0.94289107 | val_nll=-3.43786744 | val_acc=0.96125630 | val_dt_mae=1.76721330 | val_qty_mae=0.69309626 | train_log_qty_aux=0.00000000 | val_log_qty_aux=nan
[Epoch 210] train_loss=-3.31086741 | score=0.94374673 | val_nll=-3.44210101 | val_acc=0.96214869 | val_dt_mae=1.76721330 | val_qty_mae=0.72983230 | train_log_qty_aux=0.00000000 | val_log_qty_aux=nan
[Epoch 211] train_loss=-3.31143256 | score=0.94274379 | val_nll=-3.43976344 | val_acc=0.96105928 | val_dt_mae=1.76721330 | val_qty_mae=0.64335732 | train_log_qty_aux=0.00000000 | val_log_qty_aux=nan
[Epoch 212] train_loss=-3.31132589 | score=0.94330346 | val_nll=-3.44363517 | val_acc=0.96166193 | val_dt_mae=1.76721330 | val_qty_mae=0.68634258 | train_log_qty_aux=0.00000000 | val_log_qty_aux=nan
[Epoch 213] train_loss=-3.31095321 | score=0.94284683 | val_nll=-3.43922358 | val_acc=0.96123312 | val_dt_mae=1.76721330 | val_qty_mae=0.71415900 | train_log_qty_aux=0.00000000 | val_log_qty_aux=nan
[Epoch 214] train_loss=-3.31104776 | score=0.94307743 | val_nll=-3.44174924 | val_acc=0.96146491 | val_dt_mae=1.76721330 | val_qty_mae=0.71535188 | train_log_qty_aux=0.00000000 | val_log_qty_aux=nan
[Epoch 215] train_loss=-3.31124311 | score=0.94383557 | val_nll=-3.44411931 | val_acc=0.96226459 | val_dt_mae=1.76721330 | val_qty_mae=0.75688091 | train_log_qty_aux=0.00000000 | val_log_qty_aux=nan
[Epoch 216] train_loss=-3.31156856 | score=0.94250942 | val_nll=-3.43758141 | val_acc=0.96092021 | val_dt_mae=1.76721330 | val_qty_mae=0.73865501 | train_log_qty_aux=0.00000000 | val_log_qty_aux=nan
[Epoch 217] train_loss=-3.31121448 | score=0.94371938 | val_nll=-3.44495785 | val_acc=0.96210234 | val_dt_mae=1.76721330 | val_qty_mae=0.71082300 | train_log_qty_aux=0.00000000 | val_log_qty_aux=nan
[Epoch 218] train_loss=-3.31119393 | score=0.94426290 | val_nll=-3.44665304 | val_acc=0.96261227 | val_dt_mae=1.76721330 | val_qty_mae=0.67723710 | train_log_qty_aux=0.00000000 | val_log_qty_aux=nan
[Epoch 219] train_loss=-3.31183999 | score=0.94342428 | val_nll=-3.44192038 | val_acc=0.96181260 | val_dt_mae=1.76721330 | val_qty_mae=0.71618550 | train_log_qty_aux=0.00000000 | val_log_qty_aux=nan
[Epoch 220] train_loss=-3.31122824 | score=0.94402989 | val_nll=-3.44370936 | val_acc=0.96241525 | val_dt_mae=1.76721330 | val_qty_mae=0.71322669 | train_log_qty_aux=0.00000000 | val_log_qty_aux=nan
[Epoch 221] train_loss=-3.31230228 | score=0.94237981 | val_nll=-3.43746164 | val_acc=0.96080431 | val_dt_mae=1.76721330 | val_qty_mae=0.75237239 | train_log_qty_aux=0.00000000 | val_log_qty_aux=nan
[Epoch 222] train_loss=-3.31208429 | score=0.94343590 | val_nll=-3.44291369 | val_acc=0.96178942 | val_dt_mae=1.76721330 | val_qty_mae=0.68138378 | train_log_qty_aux=0.00000000 | val_log_qty_aux=nan
[Epoch 223] train_loss=-3.31139650 | score=0.94374080 | val_nll=-3.44373387 | val_acc=0.96211392 | val_dt_mae=1.76721330 | val_qty_mae=0.70098946 | train_log_qty_aux=0.00000000 | val_log_qty_aux=nan
[Epoch 224] train_loss=-3.31129567 | score=0.94387747 | val_nll=-3.44228102 | val_acc=0.96224141 | val_dt_mae=1.76721330 | val_qty_mae=0.69180383 | train_log_qty_aux=0.00000000 | val_log_qty_aux=nan
[Epoch 225] train_loss=-3.31162920 | score=0.94412847 | val_nll=-3.44184802 | val_acc=0.96246161 | val_dt_mae=1.76721330 | val_qty_mae=0.66100568 | train_log_qty_aux=0.00000000 | val_log_qty_aux=nan
[Epoch 226] train_loss=-3.31134126 | score=0.94173287 | val_nll=-3.43855202 | val_acc=0.96014371 | val_dt_mae=1.76721330 | val_qty_mae=0.73870295 | train_log_qty_aux=0.00000000 | val_log_qty_aux=nan
[Epoch 227] train_loss=-3.31112778 | score=0.94469590 | val_nll=-3.44342281 | val_acc=0.96304108 | val_dt_mae=1.76721330 | val_qty_mae=0.67305227 | train_log_qty_aux=0.00000000 | val_log_qty_aux=nan
[Epoch 228] train_loss=-3.31148921 | score=0.94072887 | val_nll=-3.43850784 | val_acc=0.95907748 | val_dt_mae=1.76721330 | val_qty_mae=0.67647668 | train_log_qty_aux=0.00000000 | val_log_qty_aux=nan
[Epoch 229] train_loss=-3.31218030 | score=0.94233765 | val_nll=-3.43943056 | val_acc=0.96067683 | val_dt_mae=1.76721330 | val_qty_mae=0.66704459 | train_log_qty_aux=0.00000000 | val_log_qty_aux=nan
[Epoch 230] train_loss=-3.31225564 | score=0.94099913 | val_nll=-3.43832020 | val_acc=0.95935562 | val_dt_mae=1.76721330 | val_qty_mae=0.68436036 | train_log_qty_aux=0.00000000 | val_log_qty_aux=nan
[Epoch 231] train_loss=-3.31147947 | score=0.94339479 | val_nll=-3.44522356 | val_acc=0.96176624 | val_dt_mae=1.76721330 | val_qty_mae=0.69931352 | train_log_qty_aux=0.00000000 | val_log_qty_aux=nan
[Epoch 232] train_loss=-3.31159264 | score=0.94391917 | val_nll=-3.44263216 | val_acc=0.96226459 | val_dt_mae=1.76721330 | val_qty_mae=0.67328702 | train_log_qty_aux=0.00000000 | val_log_qty_aux=nan
[Epoch 233] train_loss=-3.31246954 | score=0.94415344 | val_nll=-3.44087175 | val_acc=0.96251956 | val_dt_mae=1.76721330 | val_qty_mae=0.69397956 | train_log_qty_aux=0.00000000 | val_log_qty_aux=nan
[Epoch 234] train_loss=-3.31171896 | score=0.94209742 | val_nll=-3.43958042 | val_acc=0.96042186 | val_dt_mae=1.76721330 | val_qty_mae=0.65230542 | train_log_qty_aux=0.00000000 | val_log_qty_aux=nan
[Epoch 235] train_loss=-3.31146123 | score=0.93597459 | val_nll=-3.42933450 | val_acc=0.95434896 | val_dt_mae=1.76721330 | val_qty_mae=0.70223718 | train_log_qty_aux=0.00000000 | val_log_qty_aux=nan
[Epoch 236] train_loss=-3.31173530 | score=0.94179148 | val_nll=-3.43512363 | val_acc=0.96020166 | val_dt_mae=1.76721330 | val_qty_mae=0.73804888 | train_log_qty_aux=0.00000000 | val_log_qty_aux=nan
[Epoch 237] train_loss=-3.31178431 | score=0.94404316 | val_nll=-3.43727009 | val_acc=0.96238048 | val_dt_mae=1.76721330 | val_qty_mae=0.66518674 | train_log_qty_aux=0.00000000 | val_log_qty_aux=nan
[Epoch 238] train_loss=-3.31137464 | score=0.94351997 | val_nll=-3.44212786 | val_acc=0.96187055 | val_dt_mae=1.76721330 | val_qty_mae=0.67843805 | train_log_qty_aux=0.00000000 | val_log_qty_aux=nan
[Epoch 239] train_loss=-3.31173142 | score=0.94391614 | val_nll=-3.44375536 | val_acc=0.96227618 | val_dt_mae=1.76721330 | val_qty_mae=0.68790695 | train_log_qty_aux=0.00000000 | val_log_qty_aux=nan
[Epoch 240] train_loss=-3.31143300 | score=0.94203299 | val_nll=-3.43997865 | val_acc=0.96036391 | val_dt_mae=1.76721330 | val_qty_mae=0.65879211 | train_log_qty_aux=0.00000000 | val_log_qty_aux=nan
[Epoch 241] train_loss=-3.31156371 | score=0.94368827 | val_nll=-3.44214582 | val_acc=0.96203280 | val_dt_mae=1.76721330 | val_qty_mae=0.67239642 | train_log_qty_aux=0.00000000 | val_log_qty_aux=nan
[Epoch 242] train_loss=-3.31148228 | score=0.93945861 | val_nll=-3.43664040 | val_acc=0.95787217 | val_dt_mae=1.76721330 | val_qty_mae=0.74142864 | train_log_qty_aux=0.00000000 | val_log_qty_aux=nan
[Epoch 243] train_loss=-3.31166971 | score=0.94327653 | val_nll=-3.44237224 | val_acc=0.96161558 | val_dt_mae=1.76721330 | val_qty_mae=0.66691074 | train_log_qty_aux=0.00000000 | val_log_qty_aux=nan
[Epoch 244] train_loss=-3.31201746 | score=0.94353338 | val_nll=-3.44379957 | val_acc=0.96194008 | val_dt_mae=1.76721330 | val_qty_mae=0.73456607 | train_log_qty_aux=0.00000000 | val_log_qty_aux=nan
[Epoch 245] train_loss=-3.31152262 | score=0.94169032 | val_nll=-3.44266349 | val_acc=0.96006258 | val_dt_mae=1.76721330 | val_qty_mae=0.70013059 | train_log_qty_aux=0.00000000 | val_log_qty_aux=nan
[Epoch 246] train_loss=-3.31145106 | score=0.93834312 | val_nll=-3.42586863 | val_acc=0.95669004 | val_dt_mae=1.76721330 | val_qty_mae=0.67478417 | train_log_qty_aux=0.00000000 | val_log_qty_aux=nan
[Epoch 247] train_loss=-3.31097236 | score=0.94157725 | val_nll=-3.43287039 | val_acc=0.95999305 | val_dt_mae=1.76721330 | val_qty_mae=0.74366231 | train_log_qty_aux=0.00000000 | val_log_qty_aux=nan
[Epoch 248] train_loss=-3.31206721 | score=0.94019285 | val_nll=-3.43216717 | val_acc=0.95859072 | val_dt_mae=1.76721330 | val_qty_mae=0.72573630 | train_log_qty_aux=0.00000000 | val_log_qty_aux=nan
[Epoch 249] train_loss=-3.31136726 | score=0.94234882 | val_nll=-3.43729865 | val_acc=0.96074636 | val_dt_mae=1.76721330 | val_qty_mae=0.72541100 | train_log_qty_aux=0.00000000 | val_log_qty_aux=nan
[Epoch 250] train_loss=-3.31106767 | score=0.94275490 | val_nll=-3.43981592 | val_acc=0.96114041 | val_dt_mae=1.76721330 | val_qty_mae=0.71337832 | train_log_qty_aux=0.00000000 | val_log_qty_aux=nan
[Epoch 251] train_loss=-3.31135461 | score=0.94196037 | val_nll=-3.43604532 | val_acc=0.96030596 | val_dt_mae=1.76721330 | val_qty_mae=0.67346278 | train_log_qty_aux=0.00000000 | val_log_qty_aux=nan
[Epoch 252] train_loss=-3.31134223 | score=0.94424642 | val_nll=-3.44192456 | val_acc=0.96261227 | val_dt_mae=1.76721330 | val_qty_mae=0.69371715 | train_log_qty_aux=0.00000000 | val_log_qty_aux=nan
[Epoch 253] train_loss=-3.31176184 | score=0.94233480 | val_nll=-3.44118099 | val_acc=0.96066524 | val_dt_mae=1.76721330 | val_qty_mae=0.65830470 | train_log_qty_aux=0.00000000 | val_log_qty_aux=nan
[Epoch 254] train_loss=-3.31195079 | score=0.94443462 | val_nll=-3.44538514 | val_acc=0.96278612 | val_dt_mae=1.76721330 | val_qty_mae=0.67936653 | train_log_qty_aux=0.00000000 | val_log_qty_aux=nan
[Epoch 255] train_loss=-3.31204642 | score=0.94399103 | val_nll=-3.44230134 | val_acc=0.96239207 | val_dt_mae=1.76721330 | val_qty_mae=0.72890503 | train_log_qty_aux=0.00000000 | val_log_qty_aux=nan
[Epoch 256] train_loss=-3.31203846 | score=0.94458273 | val_nll=-3.44677722 | val_acc=0.96297155 | val_dt_mae=1.76721330 | val_qty_mae=0.71668079 | train_log_qty_aux=0.00000000 | val_log_qty_aux=nan
[Epoch 257] train_loss=-3.31133728 | score=0.94269431 | val_nll=-3.44209288 | val_acc=0.96109405 | val_dt_mae=1.76721330 | val_qty_mae=0.72761073 | train_log_qty_aux=0.00000000 | val_log_qty_aux=nan
[Epoch 258] train_loss=-3.31195301 | score=0.94245186 | val_nll=-3.43956077 | val_acc=0.96082749 | val_dt_mae=1.76721330 | val_qty_mae=0.70349951 | train_log_qty_aux=0.00000000 | val_log_qty_aux=nan
[Epoch 259] train_loss=-3.31142930 | score=0.94205729 | val_nll=-3.43410060 | val_acc=0.96037550 | val_dt_mae=1.76721330 | val_qty_mae=0.64607355 | train_log_qty_aux=0.00000000 | val_log_qty_aux=nan
[Epoch 260] train_loss=-3.31122621 | score=0.94394553 | val_nll=-3.44514192 | val_acc=0.96233413 | val_dt_mae=1.76721330 | val_qty_mae=0.71646104 | train_log_qty_aux=0.00000000 | val_log_qty_aux=nan
[Epoch 261] train_loss=-3.31226156 | score=0.94168034 | val_nll=-3.44041333 | val_acc=0.96010894 | val_dt_mae=1.76721330 | val_qty_mae=0.75646557 | train_log_qty_aux=0.00000000 | val_log_qty_aux=nan
[Epoch 262] train_loss=-3.31268194 | score=0.94395797 | val_nll=-3.44484417 | val_acc=0.96233413 | val_dt_mae=1.76721330 | val_qty_mae=0.70402475 | train_log_qty_aux=0.00000000 | val_log_qty_aux=nan
[Epoch 263] train_loss=-3.31213000 | score=0.94408257 | val_nll=-3.44383166 | val_acc=0.96243843 | val_dt_mae=1.76721330 | val_qty_mae=0.68373062 | train_log_qty_aux=0.00000000 | val_log_qty_aux=nan
[Epoch 264] train_loss=-3.31209898 | score=0.94422546 | val_nll=-3.44471952 | val_acc=0.96262386 | val_dt_mae=1.76721330 | val_qty_mae=0.72626807 | train_log_qty_aux=0.00000000 | val_log_qty_aux=nan
[Epoch 265] train_loss=-3.31171121 | score=0.94057218 | val_nll=-3.43688813 | val_acc=0.95893840 | val_dt_mae=1.76721330 | val_qty_mae=0.69408513 | train_log_qty_aux=0.00000000 | val_log_qty_aux=nan
[Epoch 266] train_loss=-3.31202416 | score=0.94518787 | val_nll=-3.44534403 | val_acc=0.96353943 | val_dt_mae=1.76721330 | val_qty_mae=0.67943403 | train_log_qty_aux=0.00000000 | val_log_qty_aux=nan
[Epoch 267] train_loss=-3.31151739 | score=0.94184458 | val_nll=-3.44041862 | val_acc=0.96017848 | val_dt_mae=1.76721330 | val_qty_mae=0.66176985 | train_log_qty_aux=0.00000000 | val_log_qty_aux=nan
[Epoch 268] train_loss=-3.31244084 | score=0.94354310 | val_nll=-3.44171769 | val_acc=0.96190531 | val_dt_mae=1.76721330 | val_qty_mae=0.69007586 | train_log_qty_aux=0.00000000 | val_log_qty_aux=nan
[Epoch 269] train_loss=-3.31247253 | score=0.94344812 | val_nll=-3.44051434 | val_acc=0.96178942 | val_dt_mae=1.76721330 | val_qty_mae=0.66916651 | train_log_qty_aux=0.00000000 | val_log_qty_aux=nan
[Epoch 270] train_loss=-3.31265314 | score=0.94374364 | val_nll=-3.44314843 | val_acc=0.96216028 | val_dt_mae=1.76721330 | val_qty_mae=0.74451270 | train_log_qty_aux=0.00000000 | val_log_qty_aux=nan
[Epoch 271] train_loss=-3.31234422 | score=0.94333994 | val_nll=-3.44290210 | val_acc=0.96169670 | val_dt_mae=1.76721330 | val_qty_mae=0.68463265 | train_log_qty_aux=0.00000000 | val_log_qty_aux=nan
[Epoch 272] train_loss=-3.31258566 | score=0.94335691 | val_nll=-3.43523269 | val_acc=0.96176624 | val_dt_mae=1.76721330 | val_qty_mae=0.73719768 | train_log_qty_aux=0.00000000 | val_log_qty_aux=nan
[Epoch 273] train_loss=-3.31211633 | score=0.94464908 | val_nll=-3.44380457 | val_acc=0.96302950 | val_dt_mae=1.76721330 | val_qty_mae=0.70828375 | train_log_qty_aux=0.00000000 | val_log_qty_aux=nan
[Epoch 274] train_loss=-3.31237252 | score=0.94051195 | val_nll=-3.43466584 | val_acc=0.95893840 | val_dt_mae=1.76721330 | val_qty_mae=0.75431653 | train_log_qty_aux=0.00000000 | val_log_qty_aux=nan
[Epoch 275] train_loss=-3.31240751 | score=0.94191781 | val_nll=-3.43310390 | val_acc=0.96031755 | val_dt_mae=1.76721330 | val_qty_mae=0.72761167 | train_log_qty_aux=0.00000000 | val_log_qty_aux=nan
[Epoch 276] train_loss=-3.31211765 | score=0.94356058 | val_nll=-3.44305445 | val_acc=0.96190531 | val_dt_mae=1.76721330 | val_qty_mae=0.67260016 | train_log_qty_aux=0.00000000 | val_log_qty_aux=nan
[Epoch 277] train_loss=-3.31206457 | score=0.94400042 | val_nll=-3.43971469 | val_acc=0.96238048 | val_dt_mae=1.76721330 | val_qty_mae=0.70793435 | train_log_qty_aux=0.00000000 | val_log_qty_aux=nan
[Epoch 278] train_loss=-3.31237590 | score=0.94315979 | val_nll=-3.43900148 | val_acc=0.96152286 | val_dt_mae=1.76721330 | val_qty_mae=0.69093647 | train_log_qty_aux=0.00000000 | val_log_qty_aux=nan
[Epoch 279] train_loss=-3.31188789 | score=0.94326721 | val_nll=-3.44032931 | val_acc=0.96161558 | val_dt_mae=1.76721330 | val_qty_mae=0.67622921 | train_log_qty_aux=0.00000000 | val_log_qty_aux=nan
[Epoch 280] train_loss=-3.31214607 | score=0.94277464 | val_nll=-3.44323066 | val_acc=0.96117518 | val_dt_mae=1.76721330 | val_qty_mae=0.72839750 | train_log_qty_aux=0.00000000 | val_log_qty_aux=nan
[Epoch 281] train_loss=-3.31227426 | score=0.94133070 | val_nll=-3.43407082 | val_acc=0.95964536 | val_dt_mae=1.76721330 | val_qty_mae=0.64253192 | train_log_qty_aux=0.00000000 | val_log_qty_aux=nan
[Epoch 282] train_loss=-3.31216416 | score=0.94416201 | val_nll=-3.44485783 | val_acc=0.96251956 | val_dt_mae=1.76721330 | val_qty_mae=0.68541186 | train_log_qty_aux=0.00000000 | val_log_qty_aux=nan
[Epoch 283] train_loss=-3.31195607 | score=0.94296833 | val_nll=-3.44092951 | val_acc=0.96133743 | val_dt_mae=1.76721330 | val_qty_mae=0.69696340 | train_log_qty_aux=0.00000000 | val_log_qty_aux=nan
[Epoch 284] train_loss=-3.31268446 | score=0.94354992 | val_nll=-3.44287305 | val_acc=0.96195167 | val_dt_mae=1.76721330 | val_qty_mae=0.72962034 | train_log_qty_aux=0.00000000 | val_log_qty_aux=nan
[Epoch 285] train_loss=-3.31268153 | score=0.94456963 | val_nll=-3.44134912 | val_acc=0.96304108 | val_dt_mae=1.76721330 | val_qty_mae=0.79932464 | train_log_qty_aux=0.00000000 | val_log_qty_aux=nan
[Epoch 286] train_loss=-3.31298896 | score=0.94065596 | val_nll=-3.43481375 | val_acc=0.95905430 | val_dt_mae=1.76721330 | val_qty_mae=0.72620648 | train_log_qty_aux=0.00000000 | val_log_qty_aux=nan
[Epoch 287] train_loss=-3.31243501 | score=0.94320145 | val_nll=-3.44083063 | val_acc=0.96154604 | val_dt_mae=1.76721330 | val_qty_mae=0.67245886 | train_log_qty_aux=0.00000000 | val_log_qty_aux=nan
[Epoch 288] train_loss=-3.31257976 | score=0.94366955 | val_nll=-3.44327232 | val_acc=0.96200962 | val_dt_mae=1.76721330 | val_qty_mae=0.66793814 | train_log_qty_aux=0.00000000 | val_log_qty_aux=nan
[Epoch 289] train_loss=-3.31275023 | score=0.94146237 | val_nll=-3.43723687 | val_acc=0.95984238 | val_dt_mae=1.76721330 | val_qty_mae=0.70787539 | train_log_qty_aux=0.00000000 | val_log_qty_aux=nan
[Epoch 290] train_loss=-3.31263352 | score=0.93663785 | val_nll=-3.42955340 | val_acc=0.95506751 | val_dt_mae=1.76721330 | val_qty_mae=0.75753032 | train_log_qty_aux=0.00000000 | val_log_qty_aux=nan
[Epoch 291] train_loss=-3.31281427 | score=0.94369027 | val_nll=-3.44145420 | val_acc=0.96205598 | val_dt_mae=1.76721330 | val_qty_mae=0.69357089 | train_log_qty_aux=0.00000000 | val_log_qty_aux=nan
[Epoch 292] train_loss=-3.31233098 | score=0.94226389 | val_nll=-3.44078934 | val_acc=0.96063047 | val_dt_mae=1.76721330 | val_qty_mae=0.69444648 | train_log_qty_aux=0.00000000 | val_log_qty_aux=nan
[Epoch 293] train_loss=-3.31276117 | score=0.94258071 | val_nll=-3.43658072 | val_acc=0.96096656 | val_dt_mae=1.76721330 | val_qty_mae=0.71371944 | train_log_qty_aux=0.00000000 | val_log_qty_aux=nan
[Epoch 294] train_loss=-3.31250847 | score=0.94313429 | val_nll=-3.44197269 | val_acc=0.96149968 | val_dt_mae=1.76721330 | val_qty_mae=0.69325629 | train_log_qty_aux=0.00000000 | val_log_qty_aux=nan
[Epoch 295] train_loss=-3.31266760 | score=0.94256357 | val_nll=-3.44050698 | val_acc=0.96096656 | val_dt_mae=1.76721330 | val_qty_mae=0.73085862 | train_log_qty_aux=0.00000000 | val_log_qty_aux=nan
[Epoch 296] train_loss=-3.31235384 | score=0.94379677 | val_nll=-3.44426858 | val_acc=0.96213710 | val_dt_mae=1.76721330 | val_qty_mae=0.66820323 | train_log_qty_aux=0.00000000 | val_log_qty_aux=nan
[early-stop] epoch=296 patience=40 min_epochs=40
[2026-08-11 01:37:50,834] [INFO] Finished run | dataset=intermittent model=titantpp candidate=small_lmm seed=42 best_val_nll=-3.446777 epoch=256
[2026-08-11 01:37:50,865] [INFO] Run 2/3 | dataset=intermittent model=titantpp candidate=small_lmm base=2.0 seed=52
[2026-08-11 01:37:51,261] [INFO] Using fixed chronological splits | dataset=intermittent train_samples=393824 validation_samples=86285 test_samples=88019 | batch_size=128 max_seq_len=96 lookback=520
[2026-08-11 01:37:51,261] [INFO] Held-out test evaluation disabled | evaluation_scope=validation_only
[Epoch 001] train_loss=2.03779859 | score=0.94717887 | val_nll=1.13525915 | val_acc=0.95249464 | val_dt_mae=0.43330494 | val_qty_mae=0.98272063 | train_log_qty_aux=0.00000000 | val_log_qty_aux=nan
[Epoch 002] train_loss=0.97909512 | score=0.95202637 | val_nll=0.45041670 | val_acc=0.95722316 | val_dt_mae=0.43702461 | val_qty_mae=0.82653941 | train_log_qty_aux=0.00000000 | val_log_qty_aux=nan
[Epoch 003] train_loss=0.47196106 | score=0.94817254 | val_nll=0.11221184 | val_acc=0.95870661 | val_dt_mae=0.97621305 | val_qty_mae=0.77194549 | train_log_qty_aux=0.00000000 | val_log_qty_aux=nan
[Epoch 004] train_loss=0.19491732 | score=0.94462907 | val_nll=0.17712780 | val_acc=0.95739700 | val_dt_mae=1.19958116 | val_qty_mae=0.77211238 | train_log_qty_aux=0.00000000 | val_log_qty_aux=nan
[Epoch 005] train_loss=-0.15972355 | score=0.94188906 | val_nll=-0.65549136 | val_acc=0.95815032 | val_dt_mae=1.54817917 | val_qty_mae=0.77946675 | train_log_qty_aux=0.00000000 | val_log_qty_aux=nan
[Epoch 006] train_loss=-0.75389959 | score=0.94145959 | val_nll=-1.10023778 | val_acc=0.95952947 | val_dt_mae=1.73483552 | val_qty_mae=0.72152601 | train_log_qty_aux=0.00000000 | val_log_qty_aux=nan
[Epoch 007] train_loss=-1.03450689 | score=0.94178685 | val_nll=-1.30882295 | val_acc=0.96022484 | val_dt_mae=1.76721330 | val_qty_mae=0.76585137 | train_log_qty_aux=0.00000000 | val_log_qty_aux=nan
[Epoch 008] train_loss=-1.22718514 | score=0.94122715 | val_nll=-1.48716107 | val_acc=0.95962218 | val_dt_mae=1.76721330 | val_qty_mae=0.72289532 | train_log_qty_aux=0.00000000 | val_log_qty_aux=nan
[Epoch 009] train_loss=-1.39588194 | score=0.94343393 | val_nll=-1.63930470 | val_acc=0.96195167 | val_dt_mae=1.76721330 | val_qty_mae=0.84560902 | train_log_qty_aux=0.00000000 | val_log_qty_aux=nan
[Epoch 010] train_loss=-1.53667022 | score=0.93978147 | val_nll=-1.76397884 | val_acc=0.95816191 | val_dt_mae=1.76721330 | val_qty_mae=0.70829926 | train_log_qty_aux=0.00000000 | val_log_qty_aux=nan
[Epoch 011] train_loss=-1.65873756 | score=0.94309642 | val_nll=-1.87987695 | val_acc=0.96146491 | val_dt_mae=1.76721330 | val_qty_mae=0.69635502 | train_log_qty_aux=0.00000000 | val_log_qty_aux=nan
[Epoch 012] train_loss=-1.76673182 | score=0.94327272 | val_nll=-1.97700014 | val_acc=0.96165034 | val_dt_mae=1.76721330 | val_qty_mae=0.70549642 | train_log_qty_aux=0.00000000 | val_log_qty_aux=nan
[Epoch 013] train_loss=-1.86043230 | score=0.94121162 | val_nll=-2.06132716 | val_acc=0.95956423 | val_dt_mae=1.76721330 | val_qty_mae=0.68047912 | train_log_qty_aux=0.00000000 | val_log_qty_aux=nan
[Epoch 014] train_loss=-1.94472859 | score=0.94430522 | val_nll=-2.14332916 | val_acc=0.96271658 | val_dt_mae=1.76721330 | val_qty_mae=0.73922713 | train_log_qty_aux=0.00000000 | val_log_qty_aux=nan
[Epoch 015] train_loss=-2.02069912 | score=0.94168610 | val_nll=-2.21239867 | val_acc=0.96006258 | val_dt_mae=1.76721330 | val_qty_mae=0.70435288 | train_log_qty_aux=0.00000000 | val_log_qty_aux=nan
[Epoch 016] train_loss=-2.09079904 | score=0.94334448 | val_nll=-2.27569253 | val_acc=0.96191690 | val_dt_mae=1.76721330 | val_qty_mae=0.90028794 | train_log_qty_aux=0.00000000 | val_log_qty_aux=nan
[Epoch 017] train_loss=-2.15302354 | score=0.93950584 | val_nll=-2.33420383 | val_acc=0.95789535 | val_dt_mae=1.76721330 | val_qty_mae=0.71737540 | train_log_qty_aux=0.00000000 | val_log_qty_aux=nan
[Epoch 018] train_loss=-2.21087485 | score=0.94303590 | val_nll=-2.39257031 | val_acc=0.96140697 | val_dt_mae=1.76721330 | val_qty_mae=0.69892731 | train_log_qty_aux=0.00000000 | val_log_qty_aux=nan
[Epoch 019] train_loss=-2.26497016 | score=0.94069726 | val_nll=-2.43885457 | val_acc=0.95917019 | val_dt_mae=1.76721330 | val_qty_mae=0.80080117 | train_log_qty_aux=0.00000000 | val_log_qty_aux=nan
[Epoch 020] train_loss=-2.31527585 | score=0.94365443 | val_nll=-2.48855929 | val_acc=0.96202121 | val_dt_mae=1.76721330 | val_qty_mae=0.69464818 | train_log_qty_aux=0.00000000 | val_log_qty_aux=nan
[Epoch 021] train_loss=-2.35965486 | score=0.94068643 | val_nll=-2.52713826 | val_acc=0.95912383 | val_dt_mae=1.76721330 | val_qty_mae=0.76526970 | train_log_qty_aux=0.00000000 | val_log_qty_aux=nan
[Epoch 022] train_loss=-2.40334983 | score=0.94385546 | val_nll=-2.57302198 | val_acc=0.96222982 | val_dt_mae=1.76721330 | val_qty_mae=0.70222659 | train_log_qty_aux=0.00000000 | val_log_qty_aux=nan
[Epoch 023] train_loss=-2.44388814 | score=0.94031280 | val_nll=-2.60258774 | val_acc=0.95869502 | val_dt_mae=1.76721330 | val_qty_mae=0.71008642 | train_log_qty_aux=0.00000000 | val_log_qty_aux=nan
[Epoch 024] train_loss=-2.48120401 | score=0.94362570 | val_nll=-2.64671457 | val_acc=0.96200962 | val_dt_mae=1.76721330 | val_qty_mae=0.71178865 | train_log_qty_aux=0.00000000 | val_log_qty_aux=nan
[Epoch 025] train_loss=-2.51658027 | score=0.94289692 | val_nll=-2.68046886 | val_acc=0.96125630 | val_dt_mae=1.76721330 | val_qty_mae=0.68724567 | train_log_qty_aux=0.00000000 | val_log_qty_aux=nan
[Epoch 026] train_loss=-2.55003929 | score=0.94158535 | val_nll=-2.71066540 | val_acc=0.96000464 | val_dt_mae=1.76721330 | val_qty_mae=0.74715694 | train_log_qty_aux=0.00000000 | val_log_qty_aux=nan
[Epoch 027] train_loss=-2.58061478 | score=0.94282027 | val_nll=-2.74303651 | val_acc=0.96118676 | val_dt_mae=1.76721330 | val_qty_mae=0.69435749 | train_log_qty_aux=0.00000000 | val_log_qty_aux=nan
[Epoch 028] train_loss=-2.61075829 | score=0.94375801 | val_nll=-2.76917563 | val_acc=0.96211392 | val_dt_mae=1.76721330 | val_qty_mae=0.68378475 | train_log_qty_aux=0.00000000 | val_log_qty_aux=nan
[Epoch 029] train_loss=-2.63892113 | score=0.94350779 | val_nll=-2.79950649 | val_acc=0.96191690 | val_dt_mae=1.76721330 | val_qty_mae=0.73697643 | train_log_qty_aux=0.00000000 | val_log_qty_aux=nan
[Epoch 030] train_loss=-2.66511024 | score=0.94401293 | val_nll=-2.82671842 | val_acc=0.96238048 | val_dt_mae=1.76721330 | val_qty_mae=0.69542119 | train_log_qty_aux=0.00000000 | val_log_qty_aux=nan
[Epoch 031] train_loss=-2.69075859 | score=0.94253974 | val_nll=-2.84451726 | val_acc=0.96093180 | val_dt_mae=1.76721330 | val_qty_mae=0.71992652 | train_log_qty_aux=0.00000000 | val_log_qty_aux=nan
[Epoch 032] train_loss=-2.71377608 | score=0.94318374 | val_nll=-2.86448339 | val_acc=0.96156922 | val_dt_mae=1.76721330 | val_qty_mae=0.71334421 | train_log_qty_aux=0.00000000 | val_log_qty_aux=nan
[Epoch 033] train_loss=-2.73769409 | score=0.94339074 | val_nll=-2.89236775 | val_acc=0.96176624 | val_dt_mae=1.76721330 | val_qty_mae=0.70336233 | train_log_qty_aux=0.00000000 | val_log_qty_aux=nan
[Epoch 034] train_loss=-2.75924062 | score=0.94200518 | val_nll=-2.90906373 | val_acc=0.96036391 | val_dt_mae=1.76721330 | val_qty_mae=0.68659471 | train_log_qty_aux=0.00000000 | val_log_qty_aux=nan
[Epoch 035] train_loss=-2.77945300 | score=0.94324054 | val_nll=-2.93219115 | val_acc=0.96162717 | val_dt_mae=1.76721330 | val_qty_mae=0.71449543 | train_log_qty_aux=0.00000000 | val_log_qty_aux=nan
[Epoch 036] train_loss=-2.79866230 | score=0.94236481 | val_nll=-2.95288189 | val_acc=0.96073477 | val_dt_mae=1.76721330 | val_qty_mae=0.69783589 | train_log_qty_aux=0.00000000 | val_log_qty_aux=nan
[Epoch 037] train_loss=-2.81663925 | score=0.94284241 | val_nll=-2.96592777 | val_acc=0.96119835 | val_dt_mae=1.76721330 | val_qty_mae=0.68380720 | train_log_qty_aux=0.00000000 | val_log_qty_aux=nan
[Epoch 038] train_loss=-2.83536122 | score=0.94389362 | val_nll=-2.98638348 | val_acc=0.96232254 | val_dt_mae=1.76721330 | val_qty_mae=0.75678054 | train_log_qty_aux=0.00000000 | val_log_qty_aux=nan
[Epoch 039] train_loss=-2.85212519 | score=0.93976629 | val_nll=-2.99406854 | val_acc=0.95815032 | val_dt_mae=1.76721330 | val_qty_mae=0.71189099 | train_log_qty_aux=0.00000000 | val_log_qty_aux=nan
[Epoch 040] train_loss=-2.86831798 | score=0.94430004 | val_nll=-3.02203054 | val_acc=0.96263545 | val_dt_mae=1.76721330 | val_qty_mae=0.66328251 | train_log_qty_aux=0.00000000 | val_log_qty_aux=nan
[Epoch 041] train_loss=-2.88471340 | score=0.94285215 | val_nll=-3.03224186 | val_acc=0.96119835 | val_dt_mae=1.76721330 | val_qty_mae=0.67406824 | train_log_qty_aux=0.00000000 | val_log_qty_aux=nan
[Epoch 042] train_loss=-2.89967176 | score=0.94322758 | val_nll=-3.04813413 | val_acc=0.96165034 | val_dt_mae=1.76721330 | val_qty_mae=0.75063064 | train_log_qty_aux=0.00000000 | val_log_qty_aux=nan
[Epoch 043] train_loss=-2.91378205 | score=0.94089739 | val_nll=-3.05855576 | val_acc=0.95927450 | val_dt_mae=1.76721330 | val_qty_mae=0.70497174 | train_log_qty_aux=0.00000000 | val_log_qty_aux=nan
[Epoch 044] train_loss=-2.92786836 | score=0.94290727 | val_nll=-3.07165463 | val_acc=0.96127948 | val_dt_mae=1.76721330 | val_qty_mae=0.70007350 | train_log_qty_aux=0.00000000 | val_log_qty_aux=nan
[Epoch 045] train_loss=-2.94025660 | score=0.94131654 | val_nll=-3.08542375 | val_acc=0.95972649 | val_dt_mae=1.76721330 | val_qty_mae=0.73781883 | train_log_qty_aux=0.00000000 | val_log_qty_aux=nan
[Epoch 046] train_loss=-2.95274936 | score=0.94292056 | val_nll=-3.10115139 | val_acc=0.96131425 | val_dt_mae=1.76721330 | val_qty_mae=0.72155975 | train_log_qty_aux=0.00000000 | val_log_qty_aux=nan
[Epoch 047] train_loss=-2.96593356 | score=0.94325827 | val_nll=-3.10807163 | val_acc=0.96165034 | val_dt_mae=1.76721330 | val_qty_mae=0.71993886 | train_log_qty_aux=0.00000000 | val_log_qty_aux=nan
[Epoch 048] train_loss=-2.97701841 | score=0.94234359 | val_nll=-3.12268678 | val_acc=0.96072318 | val_dt_mae=1.76721330 | val_qty_mae=0.70746185 | train_log_qty_aux=0.00000000 | val_log_qty_aux=nan
[Epoch 049] train_loss=-2.98775860 | score=0.94236377 | val_nll=-3.13228338 | val_acc=0.96073477 | val_dt_mae=1.76721330 | val_qty_mae=0.69887321 | train_log_qty_aux=0.00000000 | val_log_qty_aux=nan
[Epoch 050] train_loss=-2.99937438 | score=0.94156326 | val_nll=-3.14413494 | val_acc=0.95996987 | val_dt_mae=1.76721330 | val_qty_mae=0.73447740 | train_log_qty_aux=0.00000000 | val_log_qty_aux=nan
[Epoch 051] train_loss=-3.01038509 | score=0.94246451 | val_nll=-3.15381550 | val_acc=0.96082749 | val_dt_mae=1.76721330 | val_qty_mae=0.69084655 | train_log_qty_aux=0.00000000 | val_log_qty_aux=nan
[Epoch 052] train_loss=-3.01966849 | score=0.94298122 | val_nll=-3.16389468 | val_acc=0.96136061 | val_dt_mae=1.76721330 | val_qty_mae=0.70725642 | train_log_qty_aux=0.00000000 | val_log_qty_aux=nan
[Epoch 053] train_loss=-3.02949504 | score=0.94405356 | val_nll=-3.17354815 | val_acc=0.96242684 | val_dt_mae=1.76721330 | val_qty_mae=0.70114469 | train_log_qty_aux=0.00000000 | val_log_qty_aux=nan
[Epoch 054] train_loss=-3.03789180 | score=0.94342257 | val_nll=-3.18258732 | val_acc=0.96182419 | val_dt_mae=1.76721330 | val_qty_mae=0.72947968 | train_log_qty_aux=0.00000000 | val_log_qty_aux=nan
[Epoch 055] train_loss=-3.04765740 | score=0.94240929 | val_nll=-3.18456629 | val_acc=0.96074636 | val_dt_mae=1.76721330 | val_qty_mae=0.66494103 | train_log_qty_aux=0.00000000 | val_log_qty_aux=nan
[Epoch 056] train_loss=-3.05557219 | score=0.94129318 | val_nll=-3.19333374 | val_acc=0.95969172 | val_dt_mae=1.76721330 | val_qty_mae=0.72640512 | train_log_qty_aux=0.00000000 | val_log_qty_aux=nan
[Epoch 057] train_loss=-3.06452882 | score=0.94374067 | val_nll=-3.20692322 | val_acc=0.96216028 | val_dt_mae=1.76721330 | val_qty_mae=0.74748081 | train_log_qty_aux=0.00000000 | val_log_qty_aux=nan
[Epoch 058] train_loss=-3.07311000 | score=0.94292339 | val_nll=-3.21203803 | val_acc=0.96131425 | val_dt_mae=1.76721330 | val_qty_mae=0.71872183 | train_log_qty_aux=0.00000000 | val_log_qty_aux=nan
[Epoch 059] train_loss=-3.07989270 | score=0.94308033 | val_nll=-3.22281756 | val_acc=0.96154604 | val_dt_mae=1.76721330 | val_qty_mae=0.79357222 | train_log_qty_aux=0.00000000 | val_log_qty_aux=nan
[Epoch 060] train_loss=-3.08765700 | score=0.94135429 | val_nll=-3.22210591 | val_acc=0.95970331 | val_dt_mae=1.76721330 | val_qty_mae=0.67688763 | train_log_qty_aux=0.00000000 | val_log_qty_aux=nan
[Epoch 061] train_loss=-3.09464684 | score=0.94005044 | val_nll=-3.22828354 | val_acc=0.95848641 | val_dt_mae=1.76721330 | val_qty_mae=0.76384110 | train_log_qty_aux=0.00000000 | val_log_qty_aux=nan
[Epoch 062] train_loss=-3.10152122 | score=0.94323716 | val_nll=-3.23750730 | val_acc=0.96156922 | val_dt_mae=1.76721330 | val_qty_mae=0.65992529 | train_log_qty_aux=0.00000000 | val_log_qty_aux=nan
[Epoch 063] train_loss=-3.10797978 | score=0.94349839 | val_nll=-3.24748921 | val_acc=0.96192849 | val_dt_mae=1.76721330 | val_qty_mae=0.75797047 | train_log_qty_aux=0.00000000 | val_log_qty_aux=nan
[Epoch 064] train_loss=-3.11501502 | score=0.94151767 | val_nll=-3.25118050 | val_acc=0.95986556 | val_dt_mae=1.76721330 | val_qty_mae=0.67575989 | train_log_qty_aux=0.00000000 | val_log_qty_aux=nan
[Epoch 065] train_loss=-3.12141909 | score=0.94075672 | val_nll=-3.25626780 | val_acc=0.95915860 | val_dt_mae=1.76721330 | val_qty_mae=0.72975052 | train_log_qty_aux=0.00000000 | val_log_qty_aux=nan
[Epoch 066] train_loss=-3.12720093 | score=0.94069330 | val_nll=-3.26156990 | val_acc=0.95908907 | val_dt_mae=1.76721330 | val_qty_mae=0.72362904 | train_log_qty_aux=0.00000000 | val_log_qty_aux=nan
[Epoch 067] train_loss=-3.13306434 | score=0.94221455 | val_nll=-3.26759391 | val_acc=0.96060729 | val_dt_mae=1.76721330 | val_qty_mae=0.72060965 | train_log_qty_aux=0.00000000 | val_log_qty_aux=nan
[Epoch 068] train_loss=-3.13934214 | score=0.94297391 | val_nll=-3.27662532 | val_acc=0.96137220 | val_dt_mae=1.76721330 | val_qty_mae=0.72614874 | train_log_qty_aux=0.00000000 | val_log_qty_aux=nan
[Epoch 069] train_loss=-3.14366123 | score=0.94256556 | val_nll=-3.28240888 | val_acc=0.96095497 | val_dt_mae=1.76721330 | val_qty_mae=0.71728531 | train_log_qty_aux=0.00000000 | val_log_qty_aux=nan
[Epoch 070] train_loss=-3.14890852 | score=0.94326915 | val_nll=-3.28392966 | val_acc=0.96177783 | val_dt_mae=1.76721330 | val_qty_mae=0.83655031 | train_log_qty_aux=0.00000000 | val_log_qty_aux=nan
[Epoch 071] train_loss=-3.15496776 | score=0.94147957 | val_nll=-3.29071341 | val_acc=0.95984238 | val_dt_mae=1.76721330 | val_qty_mae=0.69067482 | train_log_qty_aux=0.00000000 | val_log_qty_aux=nan
[Epoch 072] train_loss=-3.15948343 | score=0.94323243 | val_nll=-3.29766599 | val_acc=0.96160399 | val_dt_mae=1.76721330 | val_qty_mae=0.69942064 | train_log_qty_aux=0.00000000 | val_log_qty_aux=nan
[Epoch 073] train_loss=-3.16333013 | score=0.94479478 | val_nll=-3.30702703 | val_acc=0.96322652 | val_dt_mae=1.76721330 | val_qty_mae=0.75960863 | train_log_qty_aux=0.00000000 | val_log_qty_aux=nan
[Epoch 074] train_loss=-3.16839511 | score=0.94356823 | val_nll=-3.30729441 | val_acc=0.96194008 | val_dt_mae=1.76721330 | val_qty_mae=0.69972002 | train_log_qty_aux=0.00000000 | val_log_qty_aux=nan
[Epoch 075] train_loss=-3.17278999 | score=0.94317441 | val_nll=-3.31086398 | val_acc=0.96158081 | val_dt_mae=1.76721330 | val_qty_mae=0.73426089 | train_log_qty_aux=0.00000000 | val_log_qty_aux=nan
[Epoch 076] train_loss=-3.17721251 | score=0.94009746 | val_nll=-3.31362741 | val_acc=0.95853277 | val_dt_mae=1.76721330 | val_qty_mae=0.76317752 | train_log_qty_aux=0.00000000 | val_log_qty_aux=nan
[Epoch 077] train_loss=-3.18203871 | score=0.94385089 | val_nll=-3.32100482 | val_acc=0.96221823 | val_dt_mae=1.76721330 | val_qty_mae=0.69520311 | train_log_qty_aux=0.00000000 | val_log_qty_aux=nan
[Epoch 078] train_loss=-3.18476728 | score=0.94352007 | val_nll=-3.31836776 | val_acc=0.96187055 | val_dt_mae=1.76721330 | val_qty_mae=0.67834209 | train_log_qty_aux=0.00000000 | val_log_qty_aux=nan
[Epoch 079] train_loss=-3.18887877 | score=0.94354782 | val_nll=-3.32871905 | val_acc=0.96197485 | val_dt_mae=1.76721330 | val_qty_mae=0.75489836 | train_log_qty_aux=0.00000000 | val_log_qty_aux=nan
[Epoch 080] train_loss=-3.19270609 | score=0.94302807 | val_nll=-3.32625200 | val_acc=0.96141855 | val_dt_mae=1.76721330 | val_qty_mae=0.71835165 | train_log_qty_aux=0.00000000 | val_log_qty_aux=nan
[Epoch 081] train_loss=-3.19648073 | score=0.94350519 | val_nll=-3.33662289 | val_acc=0.96190531 | val_dt_mae=1.76721330 | val_qty_mae=0.72798584 | train_log_qty_aux=0.00000000 | val_log_qty_aux=nan
[Epoch 082] train_loss=-3.19996940 | score=0.94082849 | val_nll=-3.33530303 | val_acc=0.95925132 | val_dt_mae=1.76721330 | val_qty_mae=0.75069967 | train_log_qty_aux=0.00000000 | val_log_qty_aux=nan
[Epoch 083] train_loss=-3.20376058 | score=0.94007607 | val_nll=-3.33433676 | val_acc=0.95845164 | val_dt_mae=1.76721330 | val_qty_mae=0.70344106 | train_log_qty_aux=0.00000000 | val_log_qty_aux=nan
[Epoch 084] train_loss=-3.20708644 | score=0.94184909 | val_nll=-3.34078810 | val_acc=0.96025960 | val_dt_mae=1.76721330 | val_qty_mae=0.73838345 | train_log_qty_aux=0.00000000 | val_log_qty_aux=nan
[Epoch 085] train_loss=-3.21000020 | score=0.94254223 | val_nll=-3.34306880 | val_acc=0.96092021 | val_dt_mae=1.76721330 | val_qty_mae=0.70583833 | train_log_qty_aux=0.00000000 | val_log_qty_aux=nan
[Epoch 086] train_loss=-3.21285709 | score=0.94247599 | val_nll=-3.34823785 | val_acc=0.96086226 | val_dt_mae=1.76721330 | val_qty_mae=0.71413672 | train_log_qty_aux=0.00000000 | val_log_qty_aux=nan
[Epoch 087] train_loss=-3.21546407 | score=0.93805318 | val_nll=-3.34161910 | val_acc=0.95646984 | val_dt_mae=1.76721330 | val_qty_mae=0.74452945 | train_log_qty_aux=0.00000000 | val_log_qty_aux=nan
[Epoch 088] train_loss=-3.21921876 | score=0.94297061 | val_nll=-3.34729914 | val_acc=0.96137220 | val_dt_mae=1.76721330 | val_qty_mae=0.72945519 | train_log_qty_aux=0.00000000 | val_log_qty_aux=nan
[Epoch 089] train_loss=-3.22167662 | score=0.94394378 | val_nll=-3.36009574 | val_acc=0.96232254 | val_dt_mae=1.76721330 | val_qty_mae=0.70662316 | train_log_qty_aux=0.00000000 | val_log_qty_aux=nan
[Epoch 090] train_loss=-3.22432116 | score=0.94314041 | val_nll=-3.36136666 | val_acc=0.96154604 | val_dt_mae=1.76721330 | val_qty_mae=0.73350071 | train_log_qty_aux=0.00000000 | val_log_qty_aux=nan
[Epoch 091] train_loss=-3.22780826 | score=0.94202273 | val_nll=-3.36221694 | val_acc=0.96038709 | val_dt_mae=1.76721330 | val_qty_mae=0.69222695 | train_log_qty_aux=0.00000000 | val_log_qty_aux=nan
[Epoch 092] train_loss=-3.23050308 | score=0.94240677 | val_nll=-3.36378526 | val_acc=0.96075795 | val_dt_mae=1.76721330 | val_qty_mae=0.67904562 | train_log_qty_aux=0.00000000 | val_log_qty_aux=nan
[Epoch 093] train_loss=-3.23256067 | score=0.94351135 | val_nll=-3.36779174 | val_acc=0.96191690 | val_dt_mae=1.76721330 | val_qty_mae=0.73341729 | train_log_qty_aux=0.00000000 | val_log_qty_aux=nan
[Epoch 094] train_loss=-3.23509981 | score=0.94123597 | val_nll=-3.36336660 | val_acc=0.95957582 | val_dt_mae=1.76721330 | val_qty_mae=0.66771861 | train_log_qty_aux=0.00000000 | val_log_qty_aux=nan
[Epoch 095] train_loss=-3.23716485 | score=0.94346765 | val_nll=-3.37007722 | val_acc=0.96180101 | val_dt_mae=1.76721330 | val_qty_mae=0.66122174 | train_log_qty_aux=0.00000000 | val_log_qty_aux=nan
[Epoch 096] train_loss=-3.23922854 | score=0.94359741 | val_nll=-3.37627960 | val_acc=0.96198644 | val_dt_mae=1.76721330 | val_qty_mae=0.71689573 | train_log_qty_aux=0.00000000 | val_log_qty_aux=nan
[Epoch 097] train_loss=-3.24117939 | score=0.94275035 | val_nll=-3.37446531 | val_acc=0.96116359 | val_dt_mae=1.76721330 | val_qty_mae=0.74110760 | train_log_qty_aux=0.00000000 | val_log_qty_aux=nan
[Epoch 098] train_loss=-3.24338135 | score=0.94284873 | val_nll=-3.37805942 | val_acc=0.96123312 | val_dt_mae=1.76721330 | val_qty_mae=0.71225517 | train_log_qty_aux=0.00000000 | val_log_qty_aux=nan
[Epoch 099] train_loss=-3.24642826 | score=0.94355069 | val_nll=-3.38155112 | val_acc=0.96194008 | val_dt_mae=1.76721330 | val_qty_mae=0.71725597 | train_log_qty_aux=0.00000000 | val_log_qty_aux=nan
[Epoch 100] train_loss=-3.24848864 | score=0.94346173 | val_nll=-3.37893171 | val_acc=0.96185896 | val_dt_mae=1.76721330 | val_qty_mae=0.72509004 | train_log_qty_aux=0.00000000 | val_log_qty_aux=nan
[Epoch 101] train_loss=-3.24987013 | score=0.94299998 | val_nll=-3.38537840 | val_acc=0.96139538 | val_dt_mae=1.76721330 | val_qty_mae=0.72326551 | train_log_qty_aux=0.00000000 | val_log_qty_aux=nan
[Epoch 102] train_loss=-3.25226244 | score=0.94350812 | val_nll=-3.38427922 | val_acc=0.96187055 | val_dt_mae=1.76721330 | val_qty_mae=0.69028827 | train_log_qty_aux=0.00000000 | val_log_qty_aux=nan
[Epoch 103] train_loss=-3.25375747 | score=0.93752906 | val_nll=-3.37592653 | val_acc=0.95592513 | val_dt_mae=1.76721330 | val_qty_mae=0.72394306 | train_log_qty_aux=0.00000000 | val_log_qty_aux=nan
[Epoch 104] train_loss=-3.25535160 | score=0.94413249 | val_nll=-3.38588425 | val_acc=0.96246161 | val_dt_mae=1.76721330 | val_qty_mae=0.65698932 | train_log_qty_aux=0.00000000 | val_log_qty_aux=nan
[Epoch 105] train_loss=-3.25693623 | score=0.94288702 | val_nll=-3.39095805 | val_acc=0.96124471 | val_dt_mae=1.76721330 | val_qty_mae=0.68556195 | train_log_qty_aux=0.00000000 | val_log_qty_aux=nan
[Epoch 106] train_loss=-3.25870268 | score=0.94414186 | val_nll=-3.39189466 | val_acc=0.96249638 | val_dt_mae=1.76721330 | val_qty_mae=0.68238789 | train_log_qty_aux=0.00000000 | val_log_qty_aux=nan
[Epoch 107] train_loss=-3.26087252 | score=0.94258128 | val_nll=-3.39159032 | val_acc=0.96092021 | val_dt_mae=1.76721330 | val_qty_mae=0.66679767 | train_log_qty_aux=0.00000000 | val_log_qty_aux=nan
[Epoch 108] train_loss=-3.26190005 | score=0.94422019 | val_nll=-3.39789376 | val_acc=0.96255433 | val_dt_mae=1.76721330 | val_qty_mae=0.66199882 | train_log_qty_aux=0.00000000 | val_log_qty_aux=nan
[Epoch 109] train_loss=-3.26298519 | score=0.94045811 | val_nll=-3.38931000 | val_acc=0.95883410 | val_dt_mae=1.76721330 | val_qty_mae=0.70385518 | train_log_qty_aux=0.00000000 | val_log_qty_aux=nan
[Epoch 110] train_loss=-3.26496441 | score=0.94215497 | val_nll=-3.39688493 | val_acc=0.96058411 | val_dt_mae=1.76721330 | val_qty_mae=0.75700278 | train_log_qty_aux=0.00000000 | val_log_qty_aux=nan
[Epoch 111] train_loss=-3.26605657 | score=0.94229562 | val_nll=-3.39536232 | val_acc=0.96065365 | val_dt_mae=1.76721330 | val_qty_mae=0.68589236 | train_log_qty_aux=0.00000000 | val_log_qty_aux=nan
[Epoch 112] train_loss=-3.26753844 | score=0.94279250 | val_nll=-3.39506940 | val_acc=0.96112882 | val_dt_mae=1.76721330 | val_qty_mae=0.66418897 | train_log_qty_aux=0.00000000 | val_log_qty_aux=nan
[Epoch 113] train_loss=-3.26934258 | score=0.94247004 | val_nll=-3.40034974 | val_acc=0.96083908 | val_dt_mae=1.76721330 | val_qty_mae=0.69690177 | train_log_qty_aux=0.00000000 | val_log_qty_aux=nan
[Epoch 114] train_loss=-3.27077669 | score=0.94207298 | val_nll=-3.40093108 | val_acc=0.96047981 | val_dt_mae=1.76721330 | val_qty_mae=0.73468792 | train_log_qty_aux=0.00000000 | val_log_qty_aux=nan
[Epoch 115] train_loss=-3.27101927 | score=0.94311746 | val_nll=-3.40193946 | val_acc=0.96145332 | val_dt_mae=1.76721330 | val_qty_mae=0.66372769 | train_log_qty_aux=0.00000000 | val_log_qty_aux=nan
[Epoch 116] train_loss=-3.27219469 | score=0.94064375 | val_nll=-3.40185216 | val_acc=0.95907748 | val_dt_mae=1.76721330 | val_qty_mae=0.76159698 | train_log_qty_aux=0.00000000 | val_log_qty_aux=nan
[Epoch 117] train_loss=-3.27447069 | score=0.94294068 | val_nll=-3.40401473 | val_acc=0.96130266 | val_dt_mae=1.76721330 | val_qty_mae=0.68985173 | train_log_qty_aux=0.00000000 | val_log_qty_aux=nan
[Epoch 118] train_loss=-3.27572233 | score=0.94157076 | val_nll=-3.40645185 | val_acc=0.95993510 | val_dt_mae=1.76721330 | val_qty_mae=0.69220558 | train_log_qty_aux=0.00000000 | val_log_qty_aux=nan
[Epoch 119] train_loss=-3.27662119 | score=0.94412156 | val_nll=-3.41310156 | val_acc=0.96250797 | val_dt_mae=1.76721330 | val_qty_mae=0.71427625 | train_log_qty_aux=0.00000000 | val_log_qty_aux=nan
[Epoch 120] train_loss=-3.27674260 | score=0.94093604 | val_nll=-3.40506635 | val_acc=0.95929768 | val_dt_mae=1.76721330 | val_qty_mae=0.68949836 | train_log_qty_aux=0.00000000 | val_log_qty_aux=nan
[Epoch 121] train_loss=-3.27865175 | score=0.94190258 | val_nll=-3.41085340 | val_acc=0.96029437 | val_dt_mae=1.76721330 | val_qty_mae=0.71965784 | train_log_qty_aux=0.00000000 | val_log_qty_aux=nan
[Epoch 122] train_loss=-3.27904672 | score=0.94401849 | val_nll=-3.41345113 | val_acc=0.96241525 | val_dt_mae=1.76721330 | val_qty_mae=0.72462580 | train_log_qty_aux=0.00000000 | val_log_qty_aux=nan
[Epoch 123] train_loss=-3.28082154 | score=0.93796822 | val_nll=-3.40249939 | val_acc=0.95634235 | val_dt_mae=1.76721330 | val_qty_mae=0.70199926 | train_log_qty_aux=0.00000000 | val_log_qty_aux=nan
[Epoch 124] train_loss=-3.28127993 | score=0.94199015 | val_nll=-3.41255361 | val_acc=0.96031755 | val_dt_mae=1.76721330 | val_qty_mae=0.65527330 | train_log_qty_aux=0.00000000 | val_log_qty_aux=nan
[Epoch 125] train_loss=-3.28206942 | score=0.94122026 | val_nll=-3.40852534 | val_acc=0.95958741 | val_dt_mae=1.76721330 | val_qty_mae=0.69501903 | train_log_qty_aux=0.00000000 | val_log_qty_aux=nan
[Epoch 126] train_loss=-3.28379078 | score=0.94336268 | val_nll=-3.41660930 | val_acc=0.96175465 | val_dt_mae=1.76721330 | val_qty_mae=0.71983425 | train_log_qty_aux=0.00000000 | val_log_qty_aux=nan
[Epoch 127] train_loss=-3.28470125 | score=0.94277928 | val_nll=-3.41710214 | val_acc=0.96111723 | val_dt_mae=1.76721330 | val_qty_mae=0.66581798 | train_log_qty_aux=0.00000000 | val_log_qty_aux=nan
[Epoch 128] train_loss=-3.28548352 | score=0.94338566 | val_nll=-3.41486183 | val_acc=0.96176624 | val_dt_mae=1.76721330 | val_qty_mae=0.70844188 | train_log_qty_aux=0.00000000 | val_log_qty_aux=nan
[Epoch 129] train_loss=-3.28614498 | score=0.94361509 | val_nll=-3.41551742 | val_acc=0.96194008 | val_dt_mae=1.76721330 | val_qty_mae=0.65285929 | train_log_qty_aux=0.00000000 | val_log_qty_aux=nan
[Epoch 130] train_loss=-3.28719629 | score=0.94153452 | val_nll=-3.41710588 | val_acc=0.95991192 | val_dt_mae=1.76721330 | val_qty_mae=0.70526709 | train_log_qty_aux=0.00000000 | val_log_qty_aux=nan
[Epoch 131] train_loss=-3.28715683 | score=0.94298631 | val_nll=-3.41829459 | val_acc=0.96139538 | val_dt_mae=1.76721330 | val_qty_mae=0.73693240 | train_log_qty_aux=0.00000000 | val_log_qty_aux=nan
[Epoch 132] train_loss=-3.28811901 | score=0.94344470 | val_nll=-3.41871502 | val_acc=0.96174306 | val_dt_mae=1.76721330 | val_qty_mae=0.62622981 | train_log_qty_aux=0.00000000 | val_log_qty_aux=nan
[Epoch 133] train_loss=-3.28943040 | score=0.94125940 | val_nll=-3.41019131 | val_acc=0.95966854 | val_dt_mae=1.76721330 | val_qty_mae=0.73700887 | train_log_qty_aux=0.00000000 | val_log_qty_aux=nan
[Epoch 134] train_loss=-3.28994383 | score=0.94074660 | val_nll=-3.42033926 | val_acc=0.95913542 | val_dt_mae=1.76721330 | val_qty_mae=0.71669134 | train_log_qty_aux=0.00000000 | val_log_qty_aux=nan
[Epoch 135] train_loss=-3.29120050 | score=0.94389215 | val_nll=-3.42458470 | val_acc=0.96226459 | val_dt_mae=1.76721330 | val_qty_mae=0.70030154 | train_log_qty_aux=0.00000000 | val_log_qty_aux=nan
[Epoch 136] train_loss=-3.29201533 | score=0.94294206 | val_nll=-3.42563779 | val_acc=0.96132584 | val_dt_mae=1.76721330 | val_qty_mae=0.71164504 | train_log_qty_aux=0.00000000 | val_log_qty_aux=nan
[Epoch 137] train_loss=-3.29224084 | score=0.94321215 | val_nll=-3.42013921 | val_acc=0.96154604 | val_dt_mae=1.76721330 | val_qty_mae=0.66175344 | train_log_qty_aux=0.00000000 | val_log_qty_aux=nan
[Epoch 138] train_loss=-3.29321220 | score=0.94330279 | val_nll=-3.42385351 | val_acc=0.96166193 | val_dt_mae=1.76721330 | val_qty_mae=0.68700954 | train_log_qty_aux=0.00000000 | val_log_qty_aux=nan
[Epoch 139] train_loss=-3.29322689 | score=0.94319116 | val_nll=-3.42499979 | val_acc=0.96154604 | val_dt_mae=1.76721330 | val_qty_mae=0.68274952 | train_log_qty_aux=0.00000000 | val_log_qty_aux=nan
[Epoch 140] train_loss=-3.29395213 | score=0.94344960 | val_nll=-3.42844690 | val_acc=0.96181260 | val_dt_mae=1.76721330 | val_qty_mae=0.69086405 | train_log_qty_aux=0.00000000 | val_log_qty_aux=nan
[Epoch 141] train_loss=-3.29460546 | score=0.94544997 | val_nll=-3.43144427 | val_acc=0.96380599 | val_dt_mae=1.76721330 | val_qty_mae=0.68388977 | train_log_qty_aux=0.00000000 | val_log_qty_aux=nan
[Epoch 142] train_loss=-3.29523822 | score=0.94304019 | val_nll=-3.42670696 | val_acc=0.96140697 | val_dt_mae=1.76721330 | val_qty_mae=0.69464006 | train_log_qty_aux=0.00000000 | val_log_qty_aux=nan
[Epoch 143] train_loss=-3.29585226 | score=0.94287733 | val_nll=-3.42852003 | val_acc=0.96126789 | val_dt_mae=1.76721330 | val_qty_mae=0.71843162 | train_log_qty_aux=0.00000000 | val_log_qty_aux=nan
[Epoch 144] train_loss=-3.29659303 | score=0.94315272 | val_nll=-3.42662334 | val_acc=0.96151127 | val_dt_mae=1.76721330 | val_qty_mae=0.68641999 | train_log_qty_aux=0.00000000 | val_log_qty_aux=nan
[Epoch 145] train_loss=-3.29686907 | score=0.94225968 | val_nll=-3.42940662 | val_acc=0.96064206 | val_dt_mae=1.76721330 | val_qty_mae=0.71024911 | train_log_qty_aux=0.00000000 | val_log_qty_aux=nan
[Epoch 146] train_loss=-3.29755772 | score=0.94175894 | val_nll=-3.42818842 | val_acc=0.96014371 | val_dt_mae=1.76721330 | val_qty_mae=0.71263847 | train_log_qty_aux=0.00000000 | val_log_qty_aux=nan
[Epoch 147] train_loss=-3.29820332 | score=0.94391194 | val_nll=-3.42612562 | val_acc=0.96224141 | val_dt_mae=1.76721330 | val_qty_mae=0.65733546 | train_log_qty_aux=0.00000000 | val_log_qty_aux=nan
[Epoch 148] train_loss=-3.29806046 | score=0.94068055 | val_nll=-3.42329184 | val_acc=0.95905430 | val_dt_mae=1.76721330 | val_qty_mae=0.70161787 | train_log_qty_aux=0.00000000 | val_log_qty_aux=nan
[Epoch 149] train_loss=-3.29878818 | score=0.94083161 | val_nll=-3.42425646 | val_acc=0.95926291 | val_dt_mae=1.76721330 | val_qty_mae=0.75916930 | train_log_qty_aux=0.00000000 | val_log_qty_aux=nan
[Epoch 150] train_loss=-3.29892123 | score=0.94386145 | val_nll=-3.43413614 | val_acc=0.96220664 | val_dt_mae=1.76721330 | val_qty_mae=0.67305299 | train_log_qty_aux=0.00000000 | val_log_qty_aux=nan
[Epoch 151] train_loss=-3.29943917 | score=0.94264652 | val_nll=-3.42693440 | val_acc=0.96103610 | val_dt_mae=1.76721330 | val_qty_mae=0.71745077 | train_log_qty_aux=0.00000000 | val_log_qty_aux=nan
[Epoch 152] train_loss=-3.30017136 | score=0.94350933 | val_nll=-3.43266845 | val_acc=0.96187055 | val_dt_mae=1.76721330 | val_qty_mae=0.68908666 | train_log_qty_aux=0.00000000 | val_log_qty_aux=nan
[Epoch 153] train_loss=-3.30056425 | score=0.94278857 | val_nll=-3.43222857 | val_acc=0.96118676 | val_dt_mae=1.76721330 | val_qty_mae=0.72606331 | train_log_qty_aux=0.00000000 | val_log_qty_aux=nan
[Epoch 154] train_loss=-3.30084220 | score=0.94309739 | val_nll=-3.43353717 | val_acc=0.96148809 | val_dt_mae=1.76721330 | val_qty_mae=0.71856845 | train_log_qty_aux=0.00000000 | val_log_qty_aux=nan
[Epoch 155] train_loss=-3.30163573 | score=0.94377627 | val_nll=-3.43351829 | val_acc=0.96211392 | val_dt_mae=1.76721330 | val_qty_mae=0.66552472 | train_log_qty_aux=0.00000000 | val_log_qty_aux=nan
[Epoch 156] train_loss=-3.30246038 | score=0.94363199 | val_nll=-3.43116536 | val_acc=0.96198644 | val_dt_mae=1.76721330 | val_qty_mae=0.68231676 | train_log_qty_aux=0.00000000 | val_log_qty_aux=nan
[Epoch 157] train_loss=-3.30249507 | score=0.94307348 | val_nll=-3.43313676 | val_acc=0.96145332 | val_dt_mae=1.76721330 | val_qty_mae=0.70770690 | train_log_qty_aux=0.00000000 | val_log_qty_aux=nan
[Epoch 158] train_loss=-3.30227799 | score=0.94270466 | val_nll=-3.43454049 | val_acc=0.96109405 | val_dt_mae=1.76721330 | val_qty_mae=0.71725415 | train_log_qty_aux=0.00000000 | val_log_qty_aux=nan
[Epoch 159] train_loss=-3.30286954 | score=0.94250769 | val_nll=-3.43230312 | val_acc=0.96090862 | val_dt_mae=1.76721330 | val_qty_mae=0.72879077 | train_log_qty_aux=0.00000000 | val_log_qty_aux=nan
[Epoch 160] train_loss=-3.30354609 | score=0.94290709 | val_nll=-3.43179299 | val_acc=0.96122153 | val_dt_mae=1.76721330 | val_qty_mae=0.64231305 | train_log_qty_aux=0.00000000 | val_log_qty_aux=nan
[Epoch 161] train_loss=-3.30345280 | score=0.94444999 | val_nll=-3.43158976 | val_acc=0.96277453 | val_dt_mae=1.76721330 | val_qty_mae=0.65240073 | train_log_qty_aux=0.00000000 | val_log_qty_aux=nan
[Epoch 162] train_loss=-3.30392271 | score=0.94464355 | val_nll=-3.43416085 | val_acc=0.96299473 | val_dt_mae=1.76721330 | val_qty_mae=0.67904278 | train_log_qty_aux=0.00000000 | val_log_qty_aux=nan
[Epoch 163] train_loss=-3.30381396 | score=0.94294613 | val_nll=-3.43149593 | val_acc=0.96126789 | val_dt_mae=1.76721330 | val_qty_mae=0.64962582 | train_log_qty_aux=0.00000000 | val_log_qty_aux=nan
[Epoch 164] train_loss=-3.30416768 | score=0.94129489 | val_nll=-3.42591157 | val_acc=0.95966854 | val_dt_mae=1.76721330 | val_qty_mae=0.70152219 | train_log_qty_aux=0.00000000 | val_log_qty_aux=nan
[Epoch 165] train_loss=-3.30425376 | score=0.94368668 | val_nll=-3.43553503 | val_acc=0.96210234 | val_dt_mae=1.76721330 | val_qty_mae=0.74352281 | train_log_qty_aux=0.00000000 | val_log_qty_aux=nan
[Epoch 166] train_loss=-3.30504098 | score=0.94381605 | val_nll=-3.43643699 | val_acc=0.96221823 | val_dt_mae=1.76721330 | val_qty_mae=0.73004732 | train_log_qty_aux=0.00000000 | val_log_qty_aux=nan
[Epoch 167] train_loss=-3.30473383 | score=0.94200677 | val_nll=-3.43240929 | val_acc=0.96037550 | val_dt_mae=1.76721330 | val_qty_mae=0.69659357 | train_log_qty_aux=0.00000000 | val_log_qty_aux=nan
[Epoch 168] train_loss=-3.30569353 | score=0.94257985 | val_nll=-3.43089515 | val_acc=0.96094339 | val_dt_mae=1.76721330 | val_qty_mae=0.69140077 | train_log_qty_aux=0.00000000 | val_log_qty_aux=nan
[Epoch 169] train_loss=-3.30618379 | score=0.94113328 | val_nll=-3.42674236 | val_acc=0.95948311 | val_dt_mae=1.76721330 | val_qty_mae=0.67769131 | train_log_qty_aux=0.00000000 | val_log_qty_aux=nan
[Epoch 170] train_loss=-3.30579361 | score=0.94243449 | val_nll=-3.43402101 | val_acc=0.96075795 | val_dt_mae=1.76721330 | val_qty_mae=0.65133506 | train_log_qty_aux=0.00000000 | val_log_qty_aux=nan
[Epoch 171] train_loss=-3.30632788 | score=0.94424740 | val_nll=-3.43797358 | val_acc=0.96261227 | val_dt_mae=1.76721330 | val_qty_mae=0.69274026 | train_log_qty_aux=0.00000000 | val_log_qty_aux=nan
[Epoch 172] train_loss=-3.30671620 | score=0.94444243 | val_nll=-3.43773327 | val_acc=0.96280929 | val_dt_mae=1.76721330 | val_qty_mae=0.69473620 | train_log_qty_aux=0.00000000 | val_log_qty_aux=nan
[Epoch 173] train_loss=-3.30656959 | score=0.94329505 | val_nll=-3.43736984 | val_acc=0.96162717 | val_dt_mae=1.76721330 | val_qty_mae=0.65998756 | train_log_qty_aux=0.00000000 | val_log_qty_aux=nan
[Epoch 174] train_loss=-3.30773168 | score=0.94325228 | val_nll=-3.43564030 | val_acc=0.96159240 | val_dt_mae=1.76721330 | val_qty_mae=0.66798682 | train_log_qty_aux=0.00000000 | val_log_qty_aux=nan
[Epoch 175] train_loss=-3.30741412 | score=0.94266250 | val_nll=-3.43213110 | val_acc=0.96107087 | val_dt_mae=1.76721330 | val_qty_mae=0.73624167 | train_log_qty_aux=0.00000000 | val_log_qty_aux=nan
[Epoch 176] train_loss=-3.30743830 | score=0.94235146 | val_nll=-3.43483700 | val_acc=0.96070001 | val_dt_mae=1.76721330 | val_qty_mae=0.67641736 | train_log_qty_aux=0.00000000 | val_log_qty_aux=nan
[Epoch 177] train_loss=-3.30819834 | score=0.94139893 | val_nll=-3.43303440 | val_acc=0.95979602 | val_dt_mae=1.76721330 | val_qty_mae=0.72496201 | train_log_qty_aux=0.00000000 | val_log_qty_aux=nan
[Epoch 178] train_loss=-3.30850349 | score=0.94312111 | val_nll=-3.43782270 | val_acc=0.96149968 | val_dt_mae=1.76721330 | val_qty_mae=0.70643982 | train_log_qty_aux=0.00000000 | val_log_qty_aux=nan
[Epoch 179] train_loss=-3.30887232 | score=0.94283504 | val_nll=-3.43377026 | val_acc=0.96120994 | val_dt_mae=1.76721330 | val_qty_mae=0.70276849 | train_log_qty_aux=0.00000000 | val_log_qty_aux=nan
[Epoch 180] train_loss=-3.30891582 | score=0.94364268 | val_nll=-3.44186900 | val_acc=0.96197485 | val_dt_mae=1.76721330 | val_qty_mae=0.66003532 | train_log_qty_aux=0.00000000 | val_log_qty_aux=nan
[Epoch 181] train_loss=-3.30953935 | score=0.94221152 | val_nll=-3.43617852 | val_acc=0.96058411 | val_dt_mae=1.76721330 | val_qty_mae=0.70046090 | train_log_qty_aux=0.00000000 | val_log_qty_aux=nan
[Epoch 182] train_loss=-3.30959112 | score=0.94292948 | val_nll=-3.43638137 | val_acc=0.96124471 | val_dt_mae=1.76721330 | val_qty_mae=0.64309762 | train_log_qty_aux=0.00000000 | val_log_qty_aux=nan
[Epoch 183] train_loss=-3.30992432 | score=0.94321552 | val_nll=-3.44025066 | val_acc=0.96156922 | val_dt_mae=1.76721330 | val_qty_mae=0.68156430 | train_log_qty_aux=0.00000000 | val_log_qty_aux=nan
[Epoch 184] train_loss=-3.31012270 | score=0.94168939 | val_nll=-3.43312180 | val_acc=0.96003940 | val_dt_mae=1.76721330 | val_qty_mae=0.67787875 | train_log_qty_aux=0.00000000 | val_log_qty_aux=nan
[Epoch 185] train_loss=-3.31077715 | score=0.94237794 | val_nll=-3.43754840 | val_acc=0.96078113 | val_dt_mae=1.76721330 | val_qty_mae=0.73106419 | train_log_qty_aux=0.00000000 | val_log_qty_aux=nan
[Epoch 186] train_loss=-3.31044603 | score=0.94335455 | val_nll=-3.43567598 | val_acc=0.96171988 | val_dt_mae=1.76721330 | val_qty_mae=0.69320021 | train_log_qty_aux=0.00000000 | val_log_qty_aux=nan
[Epoch 187] train_loss=-3.31036014 | score=0.94353888 | val_nll=-3.43809182 | val_acc=0.96185896 | val_dt_mae=1.76721330 | val_qty_mae=0.64794248 | train_log_qty_aux=0.00000000 | val_log_qty_aux=nan
[Epoch 188] train_loss=-3.31099130 | score=0.94206666 | val_nll=-3.43641960 | val_acc=0.96041027 | val_dt_mae=1.76721330 | val_qty_mae=0.67147580 | train_log_qty_aux=0.00000000 | val_log_qty_aux=nan
[Epoch 189] train_loss=-3.31148933 | score=0.93970880 | val_nll=-3.43115745 | val_acc=0.95805760 | val_dt_mae=1.76721330 | val_qty_mae=0.67666794 | train_log_qty_aux=0.00000000 | val_log_qty_aux=nan
[Epoch 190] train_loss=-3.31160365 | score=0.93798951 | val_nll=-3.43048267 | val_acc=0.95631917 | val_dt_mae=1.76721330 | val_qty_mae=0.65753057 | train_log_qty_aux=0.00000000 | val_log_qty_aux=nan
[Epoch 191] train_loss=-3.31186320 | score=0.94396224 | val_nll=-3.44346790 | val_acc=0.96232254 | val_dt_mae=1.76721330 | val_qty_mae=0.68816302 | train_log_qty_aux=0.00000000 | val_log_qty_aux=nan
[Epoch 192] train_loss=-3.31090734 | score=0.94421475 | val_nll=-3.44579794 | val_acc=0.96260068 | val_dt_mae=1.76721330 | val_qty_mae=0.71379711 | train_log_qty_aux=0.00000000 | val_log_qty_aux=nan
[Epoch 193] train_loss=-3.31205572 | score=0.94188131 | val_nll=-3.43395608 | val_acc=0.96027119 | val_dt_mae=1.76721330 | val_qty_mae=0.71775050 | train_log_qty_aux=0.00000000 | val_log_qty_aux=nan
[Epoch 194] train_loss=-3.31148370 | score=0.94030866 | val_nll=-3.43288286 | val_acc=0.95863707 | val_dt_mae=1.76721330 | val_qty_mae=0.65628299 | train_log_qty_aux=0.00000000 | val_log_qty_aux=nan
[Epoch 195] train_loss=-3.31177499 | score=0.94150276 | val_nll=-3.43534556 | val_acc=0.95993510 | val_dt_mae=1.76721330 | val_qty_mae=0.76020104 | train_log_qty_aux=0.00000000 | val_log_qty_aux=nan
[Epoch 196] train_loss=-3.31159358 | score=0.94153527 | val_nll=-3.43979027 | val_acc=0.95994669 | val_dt_mae=1.76721330 | val_qty_mae=0.73928157 | train_log_qty_aux=0.00000000 | val_log_qty_aux=nan
[Epoch 197] train_loss=-3.31213105 | score=0.94239344 | val_nll=-3.43996859 | val_acc=0.96079272 | val_dt_mae=1.76721330 | val_qty_mae=0.72714658 | train_log_qty_aux=0.00000000 | val_log_qty_aux=nan
[Epoch 198] train_loss=-3.31156952 | score=0.94345914 | val_nll=-3.43890045 | val_acc=0.96177783 | val_dt_mae=1.76721330 | val_qty_mae=0.64655470 | train_log_qty_aux=0.00000000 | val_log_qty_aux=nan
[Epoch 199] train_loss=-3.31209876 | score=0.94013687 | val_nll=-3.43416079 | val_acc=0.95849800 | val_dt_mae=1.76721330 | val_qty_mae=0.68899867 | train_log_qty_aux=0.00000000 | val_log_qty_aux=nan
[Epoch 200] train_loss=-3.31257190 | score=0.94435246 | val_nll=-3.44407825 | val_acc=0.96270499 | val_dt_mae=1.76721330 | val_qty_mae=0.68039726 | train_log_qty_aux=0.00000000 | val_log_qty_aux=nan
[Epoch 201] train_loss=-3.31199521 | score=0.94119939 | val_nll=-3.43937174 | val_acc=0.95959900 | val_dt_mae=1.76721330 | val_qty_mae=0.72747990 | train_log_qty_aux=0.00000000 | val_log_qty_aux=nan
[Epoch 202] train_loss=-3.31255979 | score=0.94527740 | val_nll=-3.44555151 | val_acc=0.96363215 | val_dt_mae=1.76721330 | val_qty_mae=0.68261405 | train_log_qty_aux=0.00000000 | val_log_qty_aux=nan
[Epoch 203] train_loss=-3.31211790 | score=0.94023943 | val_nll=-3.43334166 | val_acc=0.95864866 | val_dt_mae=1.76721330 | val_qty_mae=0.73710441 | train_log_qty_aux=0.00000000 | val_log_qty_aux=nan
[Epoch 204] train_loss=-3.31230321 | score=0.94278091 | val_nll=-3.43875900 | val_acc=0.96112882 | val_dt_mae=1.76721330 | val_qty_mae=0.67577729 | train_log_qty_aux=0.00000000 | val_log_qty_aux=nan
[Epoch 205] train_loss=-3.31201532 | score=0.94463205 | val_nll=-3.44630201 | val_acc=0.96297155 | val_dt_mae=1.76721330 | val_qty_mae=0.66736410 | train_log_qty_aux=0.00000000 | val_log_qty_aux=nan
[Epoch 206] train_loss=-3.31222461 | score=0.94365591 | val_nll=-3.44201361 | val_acc=0.96197485 | val_dt_mae=1.76721330 | val_qty_mae=0.64680941 | train_log_qty_aux=0.00000000 | val_log_qty_aux=nan
[Epoch 207] train_loss=-3.31138206 | score=0.94419516 | val_nll=-3.44307383 | val_acc=0.96255433 | val_dt_mae=1.76721330 | val_qty_mae=0.68703143 | train_log_qty_aux=0.00000000 | val_log_qty_aux=nan
[Epoch 208] train_loss=-3.31184365 | score=0.94219765 | val_nll=-3.43824239 | val_acc=0.96057252 | val_dt_mae=1.76721330 | val_qty_mae=0.70273629 | train_log_qty_aux=0.00000000 | val_log_qty_aux=nan
[Epoch 209] train_loss=-3.31214166 | score=0.94276348 | val_nll=-3.44229512 | val_acc=0.96112882 | val_dt_mae=1.76721330 | val_qty_mae=0.69320227 | train_log_qty_aux=0.00000000 | val_log_qty_aux=nan
[Epoch 210] train_loss=-3.31252612 | score=0.94372590 | val_nll=-3.44121815 | val_acc=0.96205598 | val_dt_mae=1.76721330 | val_qty_mae=0.65794349 | train_log_qty_aux=0.00000000 | val_log_qty_aux=nan
[Epoch 211] train_loss=-3.31292574 | score=0.94459998 | val_nll=-3.44492235 | val_acc=0.96294837 | val_dt_mae=1.76721330 | val_qty_mae=0.67625655 | train_log_qty_aux=0.00000000 | val_log_qty_aux=nan
[Epoch 212] train_loss=-3.31276575 | score=0.94284710 | val_nll=-3.44040771 | val_acc=0.96119835 | val_dt_mae=1.76721330 | val_qty_mae=0.67912436 | train_log_qty_aux=0.00000000 | val_log_qty_aux=nan
[Epoch 213] train_loss=-3.31193823 | score=0.94463260 | val_nll=-3.44546471 | val_acc=0.96298314 | val_dt_mae=1.76721330 | val_qty_mae=0.67840350 | train_log_qty_aux=0.00000000 | val_log_qty_aux=nan
[Epoch 214] train_loss=-3.31195259 | score=0.94210222 | val_nll=-3.43927535 | val_acc=0.96045663 | val_dt_mae=1.76721330 | val_qty_mae=0.68227164 | train_log_qty_aux=0.00000000 | val_log_qty_aux=nan
[Epoch 215] train_loss=-3.31304386 | score=0.94109653 | val_nll=-3.43471083 | val_acc=0.95945993 | val_dt_mae=1.76721330 | val_qty_mae=0.69127088 | train_log_qty_aux=0.00000000 | val_log_qty_aux=nan
[Epoch 216] train_loss=-3.31219473 | score=0.94391006 | val_nll=-3.44239038 | val_acc=0.96227618 | val_dt_mae=1.76721330 | val_qty_mae=0.69398109 | train_log_qty_aux=0.00000000 | val_log_qty_aux=nan
[Epoch 217] train_loss=-3.31283101 | score=0.94466476 | val_nll=-3.44173892 | val_acc=0.96301791 | val_dt_mae=1.76721330 | val_qty_mae=0.68101338 | train_log_qty_aux=0.00000000 | val_log_qty_aux=nan
[Epoch 218] train_loss=-3.31224754 | score=0.93997904 | val_nll=-3.43703923 | val_acc=0.95834734 | val_dt_mae=1.76721330 | val_qty_mae=0.69616262 | train_log_qty_aux=0.00000000 | val_log_qty_aux=nan
[Epoch 219] train_loss=-3.31306576 | score=0.94356505 | val_nll=-3.44479706 | val_acc=0.96192849 | val_dt_mae=1.76721330 | val_qty_mae=0.69130584 | train_log_qty_aux=0.00000000 | val_log_qty_aux=nan
[Epoch 220] train_loss=-3.31315697 | score=0.94358312 | val_nll=-3.44339600 | val_acc=0.96192849 | val_dt_mae=1.76721330 | val_qty_mae=0.67323959 | train_log_qty_aux=0.00000000 | val_log_qty_aux=nan
[Epoch 221] train_loss=-3.31265037 | score=0.94256377 | val_nll=-3.43605244 | val_acc=0.96092021 | val_dt_mae=1.76721330 | val_qty_mae=0.68430117 | train_log_qty_aux=0.00000000 | val_log_qty_aux=nan
[Epoch 222] train_loss=-3.31323039 | score=0.94401209 | val_nll=-3.44137957 | val_acc=0.96239207 | val_dt_mae=1.76721330 | val_qty_mae=0.70784476 | train_log_qty_aux=0.00000000 | val_log_qty_aux=nan
[Epoch 223] train_loss=-3.31280348 | score=0.94310112 | val_nll=-3.44131031 | val_acc=0.96151127 | val_dt_mae=1.76721330 | val_qty_mae=0.73801839 | train_log_qty_aux=0.00000000 | val_log_qty_aux=nan
[Epoch 224] train_loss=-3.31329175 | score=0.93988167 | val_nll=-3.43684306 | val_acc=0.95828939 | val_dt_mae=1.76721330 | val_qty_mae=0.73559079 | train_log_qty_aux=0.00000000 | val_log_qty_aux=nan
[Epoch 225] train_loss=-3.31257831 | score=0.94434730 | val_nll=-3.44463195 | val_acc=0.96268181 | val_dt_mae=1.76721330 | val_qty_mae=0.66238157 | train_log_qty_aux=0.00000000 | val_log_qty_aux=nan
[Epoch 226] train_loss=-3.31293328 | score=0.94252638 | val_nll=-3.44057324 | val_acc=0.96086226 | val_dt_mae=1.76721330 | val_qty_mae=0.66374889 | train_log_qty_aux=0.00000000 | val_log_qty_aux=nan
[Epoch 227] train_loss=-3.31305498 | score=0.94258428 | val_nll=-3.44190660 | val_acc=0.96095497 | val_dt_mae=1.76721330 | val_qty_mae=0.69856335 | train_log_qty_aux=0.00000000 | val_log_qty_aux=nan
[Epoch 228] train_loss=-3.31345745 | score=0.94328935 | val_nll=-3.44475506 | val_acc=0.96165034 | val_dt_mae=1.76721330 | val_qty_mae=0.68886508 | train_log_qty_aux=0.00000000 | val_log_qty_aux=nan
[Epoch 229] train_loss=-3.31436245 | score=0.94207955 | val_nll=-3.43773527 | val_acc=0.96046822 | val_dt_mae=1.76721330 | val_qty_mae=0.71652778 | train_log_qty_aux=0.00000000 | val_log_qty_aux=nan
[Epoch 230] train_loss=-3.31323032 | score=0.94179425 | val_nll=-3.43779690 | val_acc=0.96015530 | val_dt_mae=1.76721330 | val_qty_mae=0.68891172 | train_log_qty_aux=0.00000000 | val_log_qty_aux=nan
[Epoch 231] train_loss=-3.31376194 | score=0.94044048 | val_nll=-3.43711350 | val_acc=0.95884569 | val_dt_mae=1.76721330 | val_qty_mae=0.73307526 | train_log_qty_aux=0.00000000 | val_log_qty_aux=nan
[Epoch 232] train_loss=-3.31399517 | score=0.94341299 | val_nll=-3.44190324 | val_acc=0.96178942 | val_dt_mae=1.76721330 | val_qty_mae=0.70430059 | train_log_qty_aux=0.00000000 | val_log_qty_aux=nan
[Epoch 233] train_loss=-3.31405109 | score=0.94207687 | val_nll=-3.44267040 | val_acc=0.96045663 | val_dt_mae=1.76721330 | val_qty_mae=0.70761881 | train_log_qty_aux=0.00000000 | val_log_qty_aux=nan
[Epoch 234] train_loss=-3.31438238 | score=0.94436643 | val_nll=-3.44299074 | val_acc=0.96268181 | val_dt_mae=1.76721330 | val_qty_mae=0.64324355 | train_log_qty_aux=0.00000000 | val_log_qty_aux=nan
[Epoch 235] train_loss=-3.31398935 | score=0.94344102 | val_nll=-3.44356349 | val_acc=0.96181260 | val_dt_mae=1.76721330 | val_qty_mae=0.69944619 | train_log_qty_aux=0.00000000 | val_log_qty_aux=nan
[Epoch 236] train_loss=-3.31398142 | score=0.94244366 | val_nll=-3.44129158 | val_acc=0.96079272 | val_dt_mae=1.76721330 | val_qty_mae=0.67693205 | train_log_qty_aux=0.00000000 | val_log_qty_aux=nan
[Epoch 237] train_loss=-3.31429990 | score=0.94172915 | val_nll=-3.44076177 | val_acc=0.96009735 | val_dt_mae=1.76721330 | val_qty_mae=0.69606444 | train_log_qty_aux=0.00000000 | val_log_qty_aux=nan
[Epoch 238] train_loss=-3.31470397 | score=0.94417637 | val_nll=-3.44663829 | val_acc=0.96256592 | val_dt_mae=1.76721330 | val_qty_mae=0.71741523 | train_log_qty_aux=0.00000000 | val_log_qty_aux=nan
[Epoch 239] train_loss=-3.31398303 | score=0.94369146 | val_nll=-3.44273484 | val_acc=0.96199803 | val_dt_mae=1.76721330 | val_qty_mae=0.63444056 | train_log_qty_aux=0.00000000 | val_log_qty_aux=nan
[Epoch 240] train_loss=-3.31428492 | score=0.94248210 | val_nll=-3.44297077 | val_acc=0.96087385 | val_dt_mae=1.76721330 | val_qty_mae=0.71961928 | train_log_qty_aux=0.00000000 | val_log_qty_aux=nan
[Epoch 241] train_loss=-3.31470922 | score=0.94409535 | val_nll=-3.44423021 | val_acc=0.96246161 | val_dt_mae=1.76721330 | val_qty_mae=0.69412316 | train_log_qty_aux=0.00000000 | val_log_qty_aux=nan
[Epoch 242] train_loss=-3.31420843 | score=0.94006983 | val_nll=-3.43415217 | val_acc=0.95844005 | val_dt_mae=1.76721330 | val_qty_mae=0.69809166 | train_log_qty_aux=0.00000000 | val_log_qty_aux=nan
[Epoch 243] train_loss=-3.31469166 | score=0.94331990 | val_nll=-3.44139256 | val_acc=0.96170829 | val_dt_mae=1.76721330 | val_qty_mae=0.71625908 | train_log_qty_aux=0.00000000 | val_log_qty_aux=nan
[Epoch 244] train_loss=-3.31421443 | score=0.94111793 | val_nll=-3.43818552 | val_acc=0.95944834 | val_dt_mae=1.76721330 | val_qty_mae=0.65827875 | train_log_qty_aux=0.00000000 | val_log_qty_aux=nan
[Epoch 245] train_loss=-3.31509746 | score=0.94247826 | val_nll=-3.44107324 | val_acc=0.96087385 | val_dt_mae=1.76721330 | val_qty_mae=0.72345356 | train_log_qty_aux=0.00000000 | val_log_qty_aux=nan
[Epoch 246] train_loss=-3.31490951 | score=0.94274087 | val_nll=-3.44221104 | val_acc=0.96110564 | val_dt_mae=1.76721330 | val_qty_mae=0.69263092 | train_log_qty_aux=0.00000000 | val_log_qty_aux=nan
[Epoch 247] train_loss=-3.31467790 | score=0.94386418 | val_nll=-3.44391618 | val_acc=0.96221823 | val_dt_mae=1.76721330 | val_qty_mae=0.68192022 | train_log_qty_aux=0.00000000 | val_log_qty_aux=nan
[Epoch 248] train_loss=-3.31490416 | score=0.94081017 | val_nll=-3.44113640 | val_acc=0.95922814 | val_dt_mae=1.76721330 | val_qty_mae=0.74583966 | train_log_qty_aux=0.00000000 | val_log_qty_aux=nan
[Epoch 249] train_loss=-3.31502159 | score=0.94317729 | val_nll=-3.44079950 | val_acc=0.96152286 | val_dt_mae=1.76721330 | val_qty_mae=0.67344121 | train_log_qty_aux=0.00000000 | val_log_qty_aux=nan
[Epoch 250] train_loss=-3.31398882 | score=0.94301857 | val_nll=-3.44317263 | val_acc=0.96139538 | val_dt_mae=1.76721330 | val_qty_mae=0.70467476 | train_log_qty_aux=0.00000000 | val_log_qty_aux=nan
[Epoch 251] train_loss=-3.31416974 | score=0.94261797 | val_nll=-3.44064398 | val_acc=0.96098974 | val_dt_mae=1.76721330 | val_qty_mae=0.69963860 | train_log_qty_aux=0.00000000 | val_log_qty_aux=nan
[Epoch 252] train_loss=-3.31444515 | score=0.94414767 | val_nll=-3.44452261 | val_acc=0.96246161 | val_dt_mae=1.76721330 | val_qty_mae=0.64180830 | train_log_qty_aux=0.00000000 | val_log_qty_aux=nan
[Epoch 253] train_loss=-3.31510833 | score=0.94375906 | val_nll=-3.44383086 | val_acc=0.96212551 | val_dt_mae=1.76721330 | val_qty_mae=0.69432264 | train_log_qty_aux=0.00000000 | val_log_qty_aux=nan
[Epoch 254] train_loss=-3.31486438 | score=0.94370256 | val_nll=-3.44797618 | val_acc=0.96209075 | val_dt_mae=1.76721330 | val_qty_mae=0.71604845 | train_log_qty_aux=0.00000000 | val_log_qty_aux=nan
[Epoch 255] train_loss=-3.31496224 | score=0.94314950 | val_nll=-3.44200392 | val_acc=0.96153445 | val_dt_mae=1.76721330 | val_qty_mae=0.71281782 | train_log_qty_aux=0.00000000 | val_log_qty_aux=nan
[Epoch 256] train_loss=-3.31562772 | score=0.94418835 | val_nll=-3.44303459 | val_acc=0.96254274 | val_dt_mae=1.76721330 | val_qty_mae=0.68224994 | train_log_qty_aux=0.00000000 | val_log_qty_aux=nan
[Epoch 257] train_loss=-3.31505283 | score=0.94366144 | val_nll=-3.44399376 | val_acc=0.96199803 | val_dt_mae=1.76721330 | val_qty_mae=0.66446033 | train_log_qty_aux=0.00000000 | val_log_qty_aux=nan
[Epoch 258] train_loss=-3.31479590 | score=0.94450032 | val_nll=-3.44499811 | val_acc=0.96284406 | val_dt_mae=1.76721330 | val_qty_mae=0.67161155 | train_log_qty_aux=0.00000000 | val_log_qty_aux=nan
[Epoch 259] train_loss=-3.31559163 | score=0.94415402 | val_nll=-3.44454562 | val_acc=0.96251956 | val_dt_mae=1.76721330 | val_qty_mae=0.69340096 | train_log_qty_aux=0.00000000 | val_log_qty_aux=nan
[Epoch 260] train_loss=-3.31536250 | score=0.94026685 | val_nll=-3.43769659 | val_acc=0.95866025 | val_dt_mae=1.76721330 | val_qty_mae=0.72126890 | train_log_qty_aux=0.00000000 | val_log_qty_aux=nan
[Epoch 261] train_loss=-3.31492051 | score=0.94123305 | val_nll=-3.44074923 | val_acc=0.95962218 | val_dt_mae=1.76721330 | val_qty_mae=0.71700338 | train_log_qty_aux=0.00000000 | val_log_qty_aux=nan
[Epoch 262] train_loss=-3.31565663 | score=0.94200746 | val_nll=-3.43871710 | val_acc=0.96043345 | val_dt_mae=1.76721330 | val_qty_mae=0.75385389 | train_log_qty_aux=0.00000000 | val_log_qty_aux=nan
[Epoch 263] train_loss=-3.31564056 | score=0.94346599 | val_nll=-3.44333102 | val_acc=0.96177783 | val_dt_mae=1.76721330 | val_qty_mae=0.63970366 | train_log_qty_aux=0.00000000 | val_log_qty_aux=nan
[Epoch 264] train_loss=-3.31587853 | score=0.94282672 | val_nll=-3.44179332 | val_acc=0.96115200 | val_dt_mae=1.76721330 | val_qty_mae=0.65314719 | train_log_qty_aux=0.00000000 | val_log_qty_aux=nan
[Epoch 265] train_loss=-3.31637208 | score=0.94452408 | val_nll=-3.44845642 | val_acc=0.96294837 | val_dt_mae=1.76721330 | val_qty_mae=0.75215637 | train_log_qty_aux=0.00000000 | val_log_qty_aux=nan
[Epoch 266] train_loss=-3.31593365 | score=0.94413716 | val_nll=-3.44763257 | val_acc=0.96249638 | val_dt_mae=1.76721330 | val_qty_mae=0.68708830 | train_log_qty_aux=0.00000000 | val_log_qty_aux=nan
[Epoch 267] train_loss=-3.31626316 | score=0.93991752 | val_nll=-3.43751243 | val_acc=0.95827780 | val_dt_mae=1.76721330 | val_qty_mae=0.68814359 | train_log_qty_aux=0.00000000 | val_log_qty_aux=nan
[Epoch 268] train_loss=-3.31618595 | score=0.94255400 | val_nll=-3.43858435 | val_acc=0.96087385 | val_dt_mae=1.76721330 | val_qty_mae=0.64771948 | train_log_qty_aux=0.00000000 | val_log_qty_aux=nan
[Epoch 269] train_loss=-3.31621036 | score=0.94408811 | val_nll=-3.44466883 | val_acc=0.96243843 | val_dt_mae=1.76721330 | val_qty_mae=0.67818715 | train_log_qty_aux=0.00000000 | val_log_qty_aux=nan
[Epoch 270] train_loss=-3.31617830 | score=0.94281203 | val_nll=-3.44416463 | val_acc=0.96116359 | val_dt_mae=1.76721330 | val_qty_mae=0.67942476 | train_log_qty_aux=0.00000000 | val_log_qty_aux=nan
[Epoch 271] train_loss=-3.31602270 | score=0.94291637 | val_nll=-3.44101029 | val_acc=0.96126789 | val_dt_mae=1.76721330 | val_qty_mae=0.67939071 | train_log_qty_aux=0.00000000 | val_log_qty_aux=nan
[Epoch 272] train_loss=-3.31679432 | score=0.94541469 | val_nll=-3.44854718 | val_acc=0.96379440 | val_dt_mae=1.76721330 | val_qty_mae=0.70758263 | train_log_qty_aux=0.00000000 | val_log_qty_aux=nan
[Epoch 273] train_loss=-3.31604570 | score=0.94153175 | val_nll=-3.43958222 | val_acc=0.96002781 | val_dt_mae=1.76721330 | val_qty_mae=0.82393089 | train_log_qty_aux=0.00000000 | val_log_qty_aux=nan
[Epoch 274] train_loss=-3.31668417 | score=0.94563806 | val_nll=-3.44878025 | val_acc=0.96395666 | val_dt_mae=1.76721330 | val_qty_mae=0.64646405 | train_log_qty_aux=0.00000000 | val_log_qty_aux=nan
[Epoch 275] train_loss=-3.31675734 | score=0.94297999 | val_nll=-3.44487032 | val_acc=0.96134902 | val_dt_mae=1.76721330 | val_qty_mae=0.69689955 | train_log_qty_aux=0.00000000 | val_log_qty_aux=nan
[Epoch 276] train_loss=-3.31603891 | score=0.94117516 | val_nll=-3.43816886 | val_acc=0.95951788 | val_dt_mae=1.76721330 | val_qty_mae=0.67058484 | train_log_qty_aux=0.00000000 | val_log_qty_aux=nan
[Epoch 277] train_loss=-3.31620721 | score=0.94236676 | val_nll=-3.44383688 | val_acc=0.96074636 | val_dt_mae=1.76721330 | val_qty_mae=0.70747028 | train_log_qty_aux=0.00000000 | val_log_qty_aux=nan
[Epoch 278] train_loss=-3.31695835 | score=0.94459553 | val_nll=-3.44698872 | val_acc=0.96290201 | val_dt_mae=1.76721330 | val_qty_mae=0.63434756 | train_log_qty_aux=0.00000000 | val_log_qty_aux=nan
[Epoch 279] train_loss=-3.31713555 | score=0.94348014 | val_nll=-3.44323046 | val_acc=0.96184737 | val_dt_mae=1.76721330 | val_qty_mae=0.69508961 | train_log_qty_aux=0.00000000 | val_log_qty_aux=nan
[Epoch 280] train_loss=-3.31679312 | score=0.94325180 | val_nll=-3.44699021 | val_acc=0.96165034 | val_dt_mae=1.76721330 | val_qty_mae=0.72641346 | train_log_qty_aux=0.00000000 | val_log_qty_aux=nan
[Epoch 281] train_loss=-3.31710914 | score=0.94333634 | val_nll=-3.44405623 | val_acc=0.96168511 | val_dt_mae=1.76721330 | val_qty_mae=0.67664266 | train_log_qty_aux=0.00000000 | val_log_qty_aux=nan
[Epoch 282] train_loss=-3.31716292 | score=0.94293425 | val_nll=-3.44267607 | val_acc=0.96132584 | val_dt_mae=1.76721330 | val_qty_mae=0.71945418 | train_log_qty_aux=0.00000000 | val_log_qty_aux=nan
[Epoch 283] train_loss=-3.31690253 | score=0.94348445 | val_nll=-3.44425794 | val_acc=0.96184737 | val_dt_mae=1.76721330 | val_qty_mae=0.69078401 | train_log_qty_aux=0.00000000 | val_log_qty_aux=nan
[Epoch 284] train_loss=-3.31783167 | score=0.94338218 | val_nll=-3.44638131 | val_acc=0.96176624 | val_dt_mae=1.76721330 | val_qty_mae=0.71193137 | train_log_qty_aux=0.00000000 | val_log_qty_aux=nan
[Epoch 285] train_loss=-3.31765180 | score=0.94212267 | val_nll=-3.44175914 | val_acc=0.96046822 | val_dt_mae=1.76721330 | val_qty_mae=0.67341126 | train_log_qty_aux=0.00000000 | val_log_qty_aux=nan
[Epoch 286] train_loss=-3.31769295 | score=0.93931656 | val_nll=-3.43759403 | val_acc=0.95774468 | val_dt_mae=1.76721330 | val_qty_mae=0.75598981 | train_log_qty_aux=0.00000000 | val_log_qty_aux=nan
[Epoch 287] train_loss=-3.31707703 | score=0.94217766 | val_nll=-3.44317271 | val_acc=0.96053775 | val_dt_mae=1.76721330 | val_qty_mae=0.68795807 | train_log_qty_aux=0.00000000 | val_log_qty_aux=nan
[Epoch 288] train_loss=-3.31796162 | score=0.94200091 | val_nll=-3.44283382 | val_acc=0.96035232 | val_dt_mae=1.76721330 | val_qty_mae=0.67927700 | train_log_qty_aux=0.00000000 | val_log_qty_aux=nan
[Epoch 289] train_loss=-3.31759026 | score=0.94372870 | val_nll=-3.44680965 | val_acc=0.96205598 | val_dt_mae=1.76721330 | val_qty_mae=0.65514070 | train_log_qty_aux=0.00000000 | val_log_qty_aux=nan
[Epoch 290] train_loss=-3.31780161 | score=0.94386489 | val_nll=-3.44778030 | val_acc=0.96228777 | val_dt_mae=1.76721330 | val_qty_mae=0.75073949 | train_log_qty_aux=0.00000000 | val_log_qty_aux=nan
[Epoch 291] train_loss=-3.31783484 | score=0.94250334 | val_nll=-3.44464074 | val_acc=0.96086226 | val_dt_mae=1.76721330 | val_qty_mae=0.68678744 | train_log_qty_aux=0.00000000 | val_log_qty_aux=nan
[Epoch 292] train_loss=-3.31819408 | score=0.94152422 | val_nll=-3.44310736 | val_acc=0.95996987 | val_dt_mae=1.76721330 | val_qty_mae=0.77351087 | train_log_qty_aux=0.00000000 | val_log_qty_aux=nan
[Epoch 293] train_loss=-3.31824739 | score=0.94252256 | val_nll=-3.44620853 | val_acc=0.96093180 | val_dt_mae=1.76721330 | val_qty_mae=0.73710000 | train_log_qty_aux=0.00000000 | val_log_qty_aux=nan
[Epoch 294] train_loss=-3.31790097 | score=0.94153926 | val_nll=-3.44196770 | val_acc=0.95986556 | val_dt_mae=1.76721330 | val_qty_mae=0.65416485 | train_log_qty_aux=0.00000000 | val_log_qty_aux=nan
[Epoch 295] train_loss=-3.31841380 | score=0.94334594 | val_nll=-3.44897904 | val_acc=0.96170829 | val_dt_mae=1.76721330 | val_qty_mae=0.69021981 | train_log_qty_aux=0.00000000 | val_log_qty_aux=nan
[Epoch 296] train_loss=-3.31864413 | score=0.94349093 | val_nll=-3.44369768 | val_acc=0.96181260 | val_dt_mae=1.76721330 | val_qty_mae=0.64953755 | train_log_qty_aux=0.00000000 | val_log_qty_aux=nan
[Epoch 297] train_loss=-3.31796779 | score=0.94185504 | val_nll=-3.44002180 | val_acc=0.96022484 | val_dt_mae=1.76721330 | val_qty_mae=0.69766780 | train_log_qty_aux=0.00000000 | val_log_qty_aux=nan
[Epoch 298] train_loss=-3.31894877 | score=0.94424635 | val_nll=-3.44769160 | val_acc=0.96258909 | val_dt_mae=1.76721330 | val_qty_mae=0.67061463 | train_log_qty_aux=0.00000000 | val_log_qty_aux=nan
[Epoch 299] train_loss=-3.31888445 | score=0.94378733 | val_nll=-3.44707152 | val_acc=0.96214869 | val_dt_mae=1.76721330 | val_qty_mae=0.68922579 | train_log_qty_aux=0.00000000 | val_log_qty_aux=nan
[Epoch 300] train_loss=-3.31875425 | score=0.94316593 | val_nll=-3.44725085 | val_acc=0.96153445 | val_dt_mae=1.76721330 | val_qty_mae=0.69638423 | train_log_qty_aux=0.00000000 | val_log_qty_aux=nan
[2026-08-11 04:35:13,654] [INFO] Finished run | dataset=intermittent model=titantpp candidate=small_lmm seed=52 best_val_nll=-3.448979 epoch=295
[2026-08-11 04:35:13,689] [INFO] Run 3/3 | dataset=intermittent model=titantpp candidate=small_lmm base=2.0 seed=62
[2026-08-11 04:35:14,016] [INFO] Using fixed chronological splits | dataset=intermittent train_samples=393824 validation_samples=86285 test_samples=88019 | batch_size=128 max_seq_len=96 lookback=520
[2026-08-11 04:35:14,017] [INFO] Held-out test evaluation disabled | evaluation_scope=validation_only
[Epoch 001] train_loss=2.03850468 | score=0.94476125 | val_nll=1.22413708 | val_acc=0.94929594 | val_dt_mae=0.36590989 | val_qty_mae=0.87559098 | train_log_qty_aux=0.00000000 | val_log_qty_aux=nan
[Epoch 002] train_loss=1.00742545 | score=0.95213227 | val_nll=0.43564627 | val_acc=0.95702613 | val_dt_mae=0.40303246 | val_qty_mae=0.86354225 | train_log_qty_aux=0.00000000 | val_log_qty_aux=nan
[Epoch 003] train_loss=0.48655124 | score=0.94720035 | val_nll=0.17411576 | val_acc=0.95746654 | val_dt_mae=0.94689782 | val_qty_mae=0.79720601 | train_log_qty_aux=0.00000000 | val_log_qty_aux=nan
[Epoch 004] train_loss=0.19712860 | score=0.94641085 | val_nll=0.04021465 | val_acc=0.95904271 | val_dt_mae=1.19358988 | val_qty_mae=0.69596226 | train_log_qty_aux=0.00000000 | val_log_qty_aux=nan
[Epoch 005] train_loss=-0.12344884 | score=0.93899460 | val_nll=-0.63894204 | val_acc=0.95533407 | val_dt_mae=1.53746718 | val_qty_mae=0.96479800 | train_log_qty_aux=0.00000000 | val_log_qty_aux=nan
[Epoch 006] train_loss=-0.72552753 | score=0.94150826 | val_nll=-1.08281457 | val_acc=0.95958741 | val_dt_mae=1.72815765 | val_qty_mae=0.79757303 | train_log_qty_aux=0.00000000 | val_log_qty_aux=nan
[Epoch 007] train_loss=-1.01778627 | score=0.93418883 | val_nll=-1.27192655 | val_acc=0.95271484 | val_dt_mae=1.76721330 | val_qty_mae=0.85387500 | train_log_qty_aux=0.00000000 | val_log_qty_aux=nan
[Epoch 008] train_loss=-1.20887678 | score=0.94210968 | val_nll=-1.46794244 | val_acc=0.96050298 | val_dt_mae=1.76721330 | val_qty_mae=0.72117086 | train_log_qty_aux=0.00000000 | val_log_qty_aux=nan
[Epoch 009] train_loss=-1.37564479 | score=0.94012902 | val_nll=-1.61762683 | val_acc=0.95856754 | val_dt_mae=1.76721330 | val_qty_mae=0.76638269 | train_log_qty_aux=0.00000000 | val_log_qty_aux=nan
[Epoch 010] train_loss=-1.51863556 | score=0.94147648 | val_nll=-1.74796364 | val_acc=0.96001623 | val_dt_mae=1.76721330 | val_qty_mae=0.86761068 | train_log_qty_aux=0.00000000 | val_log_qty_aux=nan
[Epoch 011] train_loss=-1.64278568 | score=0.94001954 | val_nll=-1.85744298 | val_acc=0.95840528 | val_dt_mae=1.76721330 | val_qty_mae=0.71360775 | train_log_qty_aux=0.00000000 | val_log_qty_aux=nan
[Epoch 012] train_loss=-1.74946105 | score=0.93772326 | val_nll=-1.95368548 | val_acc=0.95611056 | val_dt_mae=1.76721330 | val_qty_mae=0.71517547 | train_log_qty_aux=0.00000000 | val_log_qty_aux=nan
[Epoch 013] train_loss=-1.84629670 | score=0.94044735 | val_nll=-2.04472853 | val_acc=0.95891522 | val_dt_mae=1.76721330 | val_qty_mae=0.79574174 | train_log_qty_aux=0.00000000 | val_log_qty_aux=nan
[Epoch 014] train_loss=-1.93217748 | score=0.94211707 | val_nll=-2.12720653 | val_acc=0.96043345 | val_dt_mae=1.76721330 | val_qty_mae=0.64424884 | train_log_qty_aux=0.00000000 | val_log_qty_aux=nan
[Epoch 015] train_loss=-2.00833212 | score=0.94051632 | val_nll=-2.19763039 | val_acc=0.95889204 | val_dt_mae=1.76721330 | val_qty_mae=0.70359551 | train_log_qty_aux=0.00000000 | val_log_qty_aux=nan
[Epoch 016] train_loss=-2.07930749 | score=0.94031065 | val_nll=-2.26346735 | val_acc=0.95872979 | val_dt_mae=1.76721330 | val_qty_mae=0.74700758 | train_log_qty_aux=0.00000000 | val_log_qty_aux=nan
[Epoch 017] train_loss=-2.14321046 | score=0.94050379 | val_nll=-2.32064790 | val_acc=0.95897317 | val_dt_mae=1.76721330 | val_qty_mae=0.79724480 | train_log_qty_aux=0.00000000 | val_log_qty_aux=nan
[Epoch 018] train_loss=-2.20192779 | score=0.93962194 | val_nll=-2.37744766 | val_acc=0.95801124 | val_dt_mae=1.76721330 | val_qty_mae=0.71717314 | train_log_qty_aux=0.00000000 | val_log_qty_aux=nan
[Epoch 019] train_loss=-2.25588887 | score=0.94273724 | val_nll=-2.43502293 | val_acc=0.96119835 | val_dt_mae=1.76721330 | val_qty_mae=0.78898378 | train_log_qty_aux=0.00000000 | val_log_qty_aux=nan
[Epoch 020] train_loss=-2.30685107 | score=0.94221932 | val_nll=-2.48004861 | val_acc=0.96059570 | val_dt_mae=1.76721330 | val_qty_mae=0.70424405 | train_log_qty_aux=0.00000000 | val_log_qty_aux=nan
[Epoch 021] train_loss=-2.35252046 | score=0.94196314 | val_nll=-2.52200963 | val_acc=0.96036391 | val_dt_mae=1.76721330 | val_qty_mae=0.72863812 | train_log_qty_aux=0.00000000 | val_log_qty_aux=nan
[Epoch 022] train_loss=-2.39655257 | score=0.94158724 | val_nll=-2.56191427 | val_acc=0.95994669 | val_dt_mae=1.76721330 | val_qty_mae=0.68731254 | train_log_qty_aux=0.00000000 | val_log_qty_aux=nan
[Epoch 023] train_loss=-2.43666422 | score=0.93936035 | val_nll=-2.59444355 | val_acc=0.95783740 | val_dt_mae=1.76721330 | val_qty_mae=0.80491150 | train_log_qty_aux=0.00000000 | val_log_qty_aux=nan
[Epoch 024] train_loss=-2.47535224 | score=0.94121469 | val_nll=-2.63347564 | val_acc=0.95959900 | val_dt_mae=1.76721330 | val_qty_mae=0.71218137 | train_log_qty_aux=0.00000000 | val_log_qty_aux=nan
[Epoch 025] train_loss=-2.51064869 | score=0.94197116 | val_nll=-2.66834226 | val_acc=0.96042186 | val_dt_mae=1.76721330 | val_qty_mae=0.77855999 | train_log_qty_aux=0.00000000 | val_log_qty_aux=nan
[Epoch 026] train_loss=-2.54359609 | score=0.94296587 | val_nll=-2.70842410 | val_acc=0.96146491 | val_dt_mae=1.76721330 | val_qty_mae=0.82690519 | train_log_qty_aux=0.00000000 | val_log_qty_aux=nan
[Epoch 027] train_loss=-2.57533045 | score=0.94227940 | val_nll=-2.73383728 | val_acc=0.96067683 | val_dt_mae=1.76721330 | val_qty_mae=0.72529679 | train_log_qty_aux=0.00000000 | val_log_qty_aux=nan
[Epoch 028] train_loss=-2.60445847 | score=0.94328984 | val_nll=-2.76463207 | val_acc=0.96166193 | val_dt_mae=1.76721330 | val_qty_mae=0.69996514 | train_log_qty_aux=0.00000000 | val_log_qty_aux=nan
[Epoch 029] train_loss=-2.63290405 | score=0.94395130 | val_nll=-2.79258353 | val_acc=0.96238048 | val_dt_mae=1.76721330 | val_qty_mae=0.75704608 | train_log_qty_aux=0.00000000 | val_log_qty_aux=nan
[Epoch 030] train_loss=-2.65936569 | score=0.94214012 | val_nll=-2.81341638 | val_acc=0.96052616 | val_dt_mae=1.76721330 | val_qty_mae=0.71391246 | train_log_qty_aux=0.00000000 | val_log_qty_aux=nan
[Epoch 031] train_loss=-2.68493430 | score=0.94270282 | val_nll=-2.83891116 | val_acc=0.96104769 | val_dt_mae=1.76721330 | val_qty_mae=0.67273758 | train_log_qty_aux=0.00000000 | val_log_qty_aux=nan
[Epoch 032] train_loss=-2.70863212 | score=0.94160188 | val_nll=-2.85855525 | val_acc=0.95998146 | val_dt_mae=1.76721330 | val_qty_mae=0.70743911 | train_log_qty_aux=0.00000000 | val_log_qty_aux=nan
[Epoch 033] train_loss=-2.73173933 | score=0.94226741 | val_nll=-2.88312781 | val_acc=0.96064206 | val_dt_mae=1.76721330 | val_qty_mae=0.70251835 | train_log_qty_aux=0.00000000 | val_log_qty_aux=nan
[Epoch 034] train_loss=-2.75289168 | score=0.94325524 | val_nll=-2.90555573 | val_acc=0.96162717 | val_dt_mae=1.76721330 | val_qty_mae=0.69978784 | train_log_qty_aux=0.00000000 | val_log_qty_aux=nan
[Epoch 035] train_loss=-2.77459297 | score=0.94229918 | val_nll=-2.92049879 | val_acc=0.96063047 | val_dt_mae=1.76721330 | val_qty_mae=0.65915262 | train_log_qty_aux=0.00000000 | val_log_qty_aux=nan
[Epoch 036] train_loss=-2.79326666 | score=0.93965346 | val_nll=-2.93710962 | val_acc=0.95809237 | val_dt_mae=1.76721330 | val_qty_mae=0.76677518 | train_log_qty_aux=0.00000000 | val_log_qty_aux=nan
[Epoch 037] train_loss=-2.81282854 | score=0.94051452 | val_nll=-2.95640235 | val_acc=0.95894999 | val_dt_mae=1.76721330 | val_qty_mae=0.76333840 | train_log_qty_aux=0.00000000 | val_log_qty_aux=nan
[Epoch 038] train_loss=-2.83009139 | score=0.94330525 | val_nll=-2.98099470 | val_acc=0.96162717 | val_dt_mae=1.76721330 | val_qty_mae=0.64978661 | train_log_qty_aux=0.00000000 | val_log_qty_aux=nan
[Epoch 039] train_loss=-2.84798250 | score=0.94298790 | val_nll=-2.99617181 | val_acc=0.96134902 | val_dt_mae=1.76721330 | val_qty_mae=0.68898762 | train_log_qty_aux=0.00000000 | val_log_qty_aux=nan
[Epoch 040] train_loss=-2.86413062 | score=0.94215832 | val_nll=-3.01398596 | val_acc=0.96057252 | val_dt_mae=1.76721330 | val_qty_mae=0.74206900 | train_log_qty_aux=0.00000000 | val_log_qty_aux=nan
[Epoch 041] train_loss=-2.87987690 | score=0.94252424 | val_nll=-3.02932340 | val_acc=0.96088544 | val_dt_mae=1.76721330 | val_qty_mae=0.68906497 | train_log_qty_aux=0.00000000 | val_log_qty_aux=nan
[Epoch 042] train_loss=-2.89448345 | score=0.94185213 | val_nll=-3.03705174 | val_acc=0.96021325 | val_dt_mae=1.76721330 | val_qty_mae=0.68898092 | train_log_qty_aux=0.00000000 | val_log_qty_aux=nan
[Epoch 043] train_loss=-2.90934811 | score=0.94206523 | val_nll=-3.05298023 | val_acc=0.96039868 | val_dt_mae=1.76721330 | val_qty_mae=0.66131647 | train_log_qty_aux=0.00000000 | val_log_qty_aux=nan
[Epoch 044] train_loss=-2.92119423 | score=0.94382149 | val_nll=-3.07151692 | val_acc=0.96224141 | val_dt_mae=1.76721330 | val_qty_mae=0.74778200 | train_log_qty_aux=0.00000000 | val_log_qty_aux=nan
[Epoch 045] train_loss=-2.93605107 | score=0.94306251 | val_nll=-3.08075710 | val_acc=0.96145332 | val_dt_mae=1.76721330 | val_qty_mae=0.71868468 | train_log_qty_aux=0.00000000 | val_log_qty_aux=nan
[Epoch 046] train_loss=-2.94793431 | score=0.94171829 | val_nll=-3.09245146 | val_acc=0.96007417 | val_dt_mae=1.76721330 | val_qty_mae=0.68375360 | train_log_qty_aux=0.00000000 | val_log_qty_aux=nan
[Epoch 047] train_loss=-2.95986472 | score=0.93807488 | val_nll=-3.09438202 | val_acc=0.95653938 | val_dt_mae=1.76721330 | val_qty_mae=0.79235911 | train_log_qty_aux=0.00000000 | val_log_qty_aux=nan
[Epoch 048] train_loss=-2.97161802 | score=0.94310659 | val_nll=-3.11922595 | val_acc=0.96147650 | val_dt_mae=1.76721330 | val_qty_mae=0.69778414 | train_log_qty_aux=0.00000000 | val_log_qty_aux=nan
[Epoch 049] train_loss=-2.98404335 | score=0.94334911 | val_nll=-3.12729129 | val_acc=0.96175465 | val_dt_mae=1.76721330 | val_qty_mae=0.73340793 | train_log_qty_aux=0.00000000 | val_log_qty_aux=nan
[Epoch 050] train_loss=-2.99388786 | score=0.94367931 | val_nll=-3.14053007 | val_acc=0.96206757 | val_dt_mae=1.76721330 | val_qty_mae=0.71612015 | train_log_qty_aux=0.00000000 | val_log_qty_aux=nan
[Epoch 051] train_loss=-3.00406432 | score=0.94255795 | val_nll=-3.14667101 | val_acc=0.96098974 | val_dt_mae=1.76721330 | val_qty_mae=0.75965934 | train_log_qty_aux=0.00000000 | val_log_qty_aux=nan
[Epoch 052] train_loss=-3.01413377 | score=0.94295368 | val_nll=-3.15598842 | val_acc=0.96126789 | val_dt_mae=1.76721330 | val_qty_mae=0.64207885 | train_log_qty_aux=0.00000000 | val_log_qty_aux=nan
[Epoch 053] train_loss=-3.02332847 | score=0.94189473 | val_nll=-3.16436562 | val_acc=0.96024802 | val_dt_mae=1.76721330 | val_qty_mae=0.68115310 | train_log_qty_aux=0.00000000 | val_log_qty_aux=nan
[Epoch 054] train_loss=-3.03312196 | score=0.94171977 | val_nll=-3.17378243 | val_acc=0.96009735 | val_dt_mae=1.76721330 | val_qty_mae=0.70545050 | train_log_qty_aux=0.00000000 | val_log_qty_aux=nan
[Epoch 055] train_loss=-3.04218209 | score=0.94225583 | val_nll=-3.17760942 | val_acc=0.96060729 | val_dt_mae=1.76721330 | val_qty_mae=0.67932418 | train_log_qty_aux=0.00000000 | val_log_qty_aux=nan
[Epoch 056] train_loss=-3.05111205 | score=0.94274680 | val_nll=-3.19160065 | val_acc=0.96114041 | val_dt_mae=1.76721330 | val_qty_mae=0.72147866 | train_log_qty_aux=0.00000000 | val_log_qty_aux=nan
[Epoch 057] train_loss=-3.05898397 | score=0.94208076 | val_nll=-3.20005245 | val_acc=0.96045663 | val_dt_mae=1.76721330 | val_qty_mae=0.70373382 | train_log_qty_aux=0.00000000 | val_log_qty_aux=nan
[Epoch 058] train_loss=-3.06688800 | score=0.94165975 | val_nll=-3.20434146 | val_acc=0.96007417 | val_dt_mae=1.76721330 | val_qty_mae=0.74228620 | train_log_qty_aux=0.00000000 | val_log_qty_aux=nan
[Epoch 059] train_loss=-3.07426396 | score=0.94287988 | val_nll=-3.21522969 | val_acc=0.96127948 | val_dt_mae=1.76721330 | val_qty_mae=0.72747071 | train_log_qty_aux=0.00000000 | val_log_qty_aux=nan
[Epoch 060] train_loss=-3.08148777 | score=0.94384753 | val_nll=-3.22177241 | val_acc=0.96221823 | val_dt_mae=1.76721330 | val_qty_mae=0.69856548 | train_log_qty_aux=0.00000000 | val_log_qty_aux=nan
[Epoch 061] train_loss=-3.08889784 | score=0.94459491 | val_nll=-3.23279229 | val_acc=0.96295996 | val_dt_mae=1.76721330 | val_qty_mae=0.69291621 | train_log_qty_aux=0.00000000 | val_log_qty_aux=nan
[Epoch 062] train_loss=-3.09503712 | score=0.94337155 | val_nll=-3.23660595 | val_acc=0.96171988 | val_dt_mae=1.76721330 | val_qty_mae=0.67620080 | train_log_qty_aux=0.00000000 | val_log_qty_aux=nan
[Epoch 063] train_loss=-3.10213531 | score=0.94391551 | val_nll=-3.24564447 | val_acc=0.96221823 | val_dt_mae=1.76721330 | val_qty_mae=0.63058888 | train_log_qty_aux=0.00000000 | val_log_qty_aux=nan
[Epoch 064] train_loss=-3.10902993 | score=0.94457932 | val_nll=-3.25301468 | val_acc=0.96292519 | val_dt_mae=1.76721330 | val_qty_mae=0.67373365 | train_log_qty_aux=0.00000000 | val_log_qty_aux=nan
[Epoch 065] train_loss=-3.11519456 | score=0.94362911 | val_nll=-3.25732876 | val_acc=0.96200962 | val_dt_mae=1.76721330 | val_qty_mae=0.70837135 | train_log_qty_aux=0.00000000 | val_log_qty_aux=nan
[Epoch 066] train_loss=-3.12109927 | score=0.94484548 | val_nll=-3.26510019 | val_acc=0.96320334 | val_dt_mae=1.76721330 | val_qty_mae=0.68572698 | train_log_qty_aux=0.00000000 | val_log_qty_aux=nan
[Epoch 067] train_loss=-3.12746403 | score=0.94331854 | val_nll=-3.26717860 | val_acc=0.96175465 | val_dt_mae=1.76721330 | val_qty_mae=0.76397900 | train_log_qty_aux=0.00000000 | val_log_qty_aux=nan
[Epoch 068] train_loss=-3.13231340 | score=0.94260697 | val_nll=-3.26919043 | val_acc=0.96103610 | val_dt_mae=1.76721330 | val_qty_mae=0.75699412 | train_log_qty_aux=0.00000000 | val_log_qty_aux=nan
[Epoch 069] train_loss=-3.13761156 | score=0.94376804 | val_nll=-3.27396469 | val_acc=0.96207916 | val_dt_mae=1.76721330 | val_qty_mae=0.63898206 | train_log_qty_aux=0.00000000 | val_log_qty_aux=nan
[Epoch 070] train_loss=-3.14310334 | score=0.94193362 | val_nll=-3.27654745 | val_acc=0.96032914 | val_dt_mae=1.76721330 | val_qty_mae=0.72338827 | train_log_qty_aux=0.00000000 | val_log_qty_aux=nan
[Epoch 071] train_loss=-3.14819524 | score=0.94362448 | val_nll=-3.28892954 | val_acc=0.96203280 | val_dt_mae=1.76721330 | val_qty_mae=0.73618088 | train_log_qty_aux=0.00000000 | val_log_qty_aux=nan
[Epoch 072] train_loss=-3.15294234 | score=0.94405092 | val_nll=-3.29243756 | val_acc=0.96241525 | val_dt_mae=1.76721330 | val_qty_mae=0.69220344 | train_log_qty_aux=0.00000000 | val_log_qty_aux=nan
[Epoch 073] train_loss=-3.15778362 | score=0.94395095 | val_nll=-3.29506897 | val_acc=0.96229936 | val_dt_mae=1.76721330 | val_qty_mae=0.67627157 | train_log_qty_aux=0.00000000 | val_log_qty_aux=nan
[Epoch 074] train_loss=-3.16210337 | score=0.94377516 | val_nll=-3.30193662 | val_acc=0.96217187 | val_dt_mae=1.76721330 | val_qty_mae=0.72458377 | train_log_qty_aux=0.00000000 | val_log_qty_aux=nan
[Epoch 075] train_loss=-3.16613051 | score=0.94361857 | val_nll=-3.30414194 | val_acc=0.96199803 | val_dt_mae=1.76721330 | val_qty_mae=0.70732844 | train_log_qty_aux=0.00000000 | val_log_qty_aux=nan
[Epoch 076] train_loss=-3.17023730 | score=0.94309522 | val_nll=-3.30670396 | val_acc=0.96149968 | val_dt_mae=1.76721330 | val_qty_mae=0.73232737 | train_log_qty_aux=0.00000000 | val_log_qty_aux=nan
[Epoch 077] train_loss=-3.17515359 | score=0.94393807 | val_nll=-3.31497478 | val_acc=0.96227618 | val_dt_mae=1.76721330 | val_qty_mae=0.66597449 | train_log_qty_aux=0.00000000 | val_log_qty_aux=nan
[Epoch 078] train_loss=-3.17905318 | score=0.94414991 | val_nll=-3.31822152 | val_acc=0.96254274 | val_dt_mae=1.76721330 | val_qty_mae=0.72069549 | train_log_qty_aux=0.00000000 | val_log_qty_aux=nan
[Epoch 079] train_loss=-3.18269791 | score=0.94254951 | val_nll=-3.31613318 | val_acc=0.96089703 | val_dt_mae=1.76721330 | val_qty_mae=0.67538010 | train_log_qty_aux=0.00000000 | val_log_qty_aux=nan
[Epoch 080] train_loss=-3.18597697 | score=0.94163171 | val_nll=-3.31603683 | val_acc=0.96002781 | val_dt_mae=1.76721330 | val_qty_mae=0.72397148 | train_log_qty_aux=0.00000000 | val_log_qty_aux=nan
[Epoch 081] train_loss=-3.19024434 | score=0.94074426 | val_nll=-3.32421800 | val_acc=0.95908907 | val_dt_mae=1.76721330 | val_qty_mae=0.67267199 | train_log_qty_aux=0.00000000 | val_log_qty_aux=nan
[Epoch 082] train_loss=-3.19342083 | score=0.94320556 | val_nll=-3.33049121 | val_acc=0.96156922 | val_dt_mae=1.76721330 | val_qty_mae=0.69153007 | train_log_qty_aux=0.00000000 | val_log_qty_aux=nan
[Epoch 083] train_loss=-3.19680393 | score=0.94325289 | val_nll=-3.33127884 | val_acc=0.96159240 | val_dt_mae=1.76721330 | val_qty_mae=0.66737380 | train_log_qty_aux=0.00000000 | val_log_qty_aux=nan
[Epoch 084] train_loss=-3.20060303 | score=0.94236900 | val_nll=-3.33526639 | val_acc=0.96072318 | val_dt_mae=1.76721330 | val_qty_mae=0.68205405 | train_log_qty_aux=0.00000000 | val_log_qty_aux=nan
[Epoch 085] train_loss=-3.20437490 | score=0.94431452 | val_nll=-3.34408242 | val_acc=0.96268181 | val_dt_mae=1.76721330 | val_qty_mae=0.69516195 | train_log_qty_aux=0.00000000 | val_log_qty_aux=nan
[Epoch 086] train_loss=-3.20743320 | score=0.94446287 | val_nll=-3.34537380 | val_acc=0.96282088 | val_dt_mae=1.76721330 | val_qty_mae=0.68588507 | train_log_qty_aux=0.00000000 | val_log_qty_aux=nan
[Epoch 087] train_loss=-3.21013294 | score=0.94317333 | val_nll=-3.34719351 | val_acc=0.96156922 | val_dt_mae=1.76721330 | val_qty_mae=0.72375104 | train_log_qty_aux=0.00000000 | val_log_qty_aux=nan
[Epoch 088] train_loss=-3.21322955 | score=0.94398224 | val_nll=-3.34792827 | val_acc=0.96238048 | val_dt_mae=1.76721330 | val_qty_mae=0.72611513 | train_log_qty_aux=0.00000000 | val_log_qty_aux=nan
[Epoch 089] train_loss=-3.21576909 | score=0.94299514 | val_nll=-3.35019228 | val_acc=0.96134902 | val_dt_mae=1.76721330 | val_qty_mae=0.68174800 | train_log_qty_aux=0.00000000 | val_log_qty_aux=nan
[Epoch 090] train_loss=-3.21854386 | score=0.94381235 | val_nll=-3.35288023 | val_acc=0.96217187 | val_dt_mae=1.76721330 | val_qty_mae=0.68738954 | train_log_qty_aux=0.00000000 | val_log_qty_aux=nan
[Epoch 091] train_loss=-3.22064895 | score=0.94217203 | val_nll=-3.34794072 | val_acc=0.96054934 | val_dt_mae=1.76721330 | val_qty_mae=0.70517895 | train_log_qty_aux=0.00000000 | val_log_qty_aux=nan
[Epoch 092] train_loss=-3.22358618 | score=0.94211660 | val_nll=-3.35364602 | val_acc=0.96047981 | val_dt_mae=1.76721330 | val_qty_mae=0.69107672 | train_log_qty_aux=0.00000000 | val_log_qty_aux=nan
[Epoch 093] train_loss=-3.22626114 | score=0.94214086 | val_nll=-3.35182049 | val_acc=0.96051457 | val_dt_mae=1.76721330 | val_qty_mae=0.70158254 | train_log_qty_aux=0.00000000 | val_log_qty_aux=nan
[Epoch 094] train_loss=-3.22891056 | score=0.94408368 | val_nll=-3.36430706 | val_acc=0.96241525 | val_dt_mae=1.76721330 | val_qty_mae=0.65943738 | train_log_qty_aux=0.00000000 | val_log_qty_aux=nan
[Epoch 095] train_loss=-3.23102516 | score=0.94366640 | val_nll=-3.36537699 | val_acc=0.96204439 | val_dt_mae=1.76721330 | val_qty_mae=0.70585548 | train_log_qty_aux=0.00000000 | val_log_qty_aux=nan
[Epoch 096] train_loss=-3.23363164 | score=0.94419687 | val_nll=-3.36637199 | val_acc=0.96257750 | val_dt_mae=1.76721330 | val_qty_mae=0.70850163 | train_log_qty_aux=0.00000000 | val_log_qty_aux=nan
[Epoch 097] train_loss=-3.23602791 | score=0.94386738 | val_nll=-3.36784525 | val_acc=0.96222982 | val_dt_mae=1.76721330 | val_qty_mae=0.69030927 | train_log_qty_aux=0.00000000 | val_log_qty_aux=nan
[Epoch 098] train_loss=-3.23777926 | score=0.94251056 | val_nll=-3.37238866 | val_acc=0.96094339 | val_dt_mae=1.76721330 | val_qty_mae=0.76069352 | train_log_qty_aux=0.00000000 | val_log_qty_aux=nan
[Epoch 099] train_loss=-3.24013434 | score=0.94213873 | val_nll=-3.37305610 | val_acc=0.96056093 | val_dt_mae=1.76721330 | val_qty_mae=0.75007149 | train_log_qty_aux=0.00000000 | val_log_qty_aux=nan
[Epoch 100] train_loss=-3.24210434 | score=0.94507360 | val_nll=-3.38024601 | val_acc=0.96342354 | val_dt_mae=1.76721330 | val_qty_mae=0.67780903 | train_log_qty_aux=0.00000000 | val_log_qty_aux=nan
[Epoch 101] train_loss=-3.24322521 | score=0.94435859 | val_nll=-3.37753355 | val_acc=0.96271658 | val_dt_mae=1.76721330 | val_qty_mae=0.68585766 | train_log_qty_aux=0.00000000 | val_log_qty_aux=nan
[Epoch 102] train_loss=-3.24560908 | score=0.94376950 | val_nll=-3.37893790 | val_acc=0.96216028 | val_dt_mae=1.76721330 | val_qty_mae=0.71864689 | train_log_qty_aux=0.00000000 | val_log_qty_aux=nan
[Epoch 103] train_loss=-3.24658423 | score=0.94182814 | val_nll=-3.37695884 | val_acc=0.96019007 | val_dt_mae=1.76721330 | val_qty_mae=0.68979397 | train_log_qty_aux=0.00000000 | val_log_qty_aux=nan
[Epoch 104] train_loss=-3.24929424 | score=0.94206445 | val_nll=-3.37688514 | val_acc=0.96039868 | val_dt_mae=1.76721330 | val_qty_mae=0.66209168 | train_log_qty_aux=0.00000000 | val_log_qty_aux=nan
[Epoch 105] train_loss=-3.25045494 | score=0.94361858 | val_nll=-3.38591906 | val_acc=0.96199803 | val_dt_mae=1.76721330 | val_qty_mae=0.70731862 | train_log_qty_aux=0.00000000 | val_log_qty_aux=nan
[Epoch 106] train_loss=-3.25214321 | score=0.94386087 | val_nll=-3.39056137 | val_acc=0.96222982 | val_dt_mae=1.76721330 | val_qty_mae=0.69681678 | train_log_qty_aux=0.00000000 | val_log_qty_aux=nan
[Epoch 107] train_loss=-3.25434817 | score=0.94391141 | val_nll=-3.38808760 | val_acc=0.96226459 | val_dt_mae=1.76721330 | val_qty_mae=0.68104826 | train_log_qty_aux=0.00000000 | val_log_qty_aux=nan
[Epoch 108] train_loss=-3.25538545 | score=0.94354172 | val_nll=-3.38633384 | val_acc=0.96194008 | val_dt_mae=1.76721330 | val_qty_mae=0.72623291 | train_log_qty_aux=0.00000000 | val_log_qty_aux=nan
[Epoch 109] train_loss=-3.25698329 | score=0.94337888 | val_nll=-3.38877639 | val_acc=0.96174306 | val_dt_mae=1.76721330 | val_qty_mae=0.69204529 | train_log_qty_aux=0.00000000 | val_log_qty_aux=nan
[Epoch 110] train_loss=-3.25891922 | score=0.94160749 | val_nll=-3.38886651 | val_acc=0.96005099 | val_dt_mae=1.76721330 | val_qty_mae=0.77136840 | train_log_qty_aux=0.00000000 | val_log_qty_aux=nan
[Epoch 111] train_loss=-3.25940083 | score=0.94174143 | val_nll=-3.39399959 | val_acc=0.96012053 | val_dt_mae=1.76721330 | val_qty_mae=0.70697164 | train_log_qty_aux=0.00000000 | val_log_qty_aux=nan
[Epoch 112] train_loss=-3.26098129 | score=0.94263300 | val_nll=-3.38940512 | val_acc=0.96097815 | val_dt_mae=1.76721330 | val_qty_mae=0.67301652 | train_log_qty_aux=0.00000000 | val_log_qty_aux=nan
[Epoch 113] train_loss=-3.26294325 | score=0.94274158 | val_nll=-3.39442948 | val_acc=0.96115200 | val_dt_mae=1.76721330 | val_qty_mae=0.73828408 | train_log_qty_aux=0.00000000 | val_log_qty_aux=nan
[Epoch 114] train_loss=-3.26360798 | score=0.94205827 | val_nll=-3.39318942 | val_acc=0.96039868 | val_dt_mae=1.76721330 | val_qty_mae=0.66827250 | train_log_qty_aux=0.00000000 | val_log_qty_aux=nan
[Epoch 115] train_loss=-3.26578329 | score=0.94388844 | val_nll=-3.40141729 | val_acc=0.96228777 | val_dt_mae=1.76721330 | val_qty_mae=0.72719795 | train_log_qty_aux=0.00000000 | val_log_qty_aux=nan
[Epoch 116] train_loss=-3.26647015 | score=0.94385932 | val_nll=-3.40179515 | val_acc=0.96224141 | val_dt_mae=1.76721330 | val_qty_mae=0.70995296 | train_log_qty_aux=0.00000000 | val_log_qty_aux=nan
[Epoch 117] train_loss=-3.26779148 | score=0.94222252 | val_nll=-3.40010522 | val_acc=0.96060729 | val_dt_mae=1.76721330 | val_qty_mae=0.71263880 | train_log_qty_aux=0.00000000 | val_log_qty_aux=nan
[Epoch 118] train_loss=-3.26897571 | score=0.94286857 | val_nll=-3.39841775 | val_acc=0.96131425 | val_dt_mae=1.76721330 | val_qty_mae=0.77354395 | train_log_qty_aux=0.00000000 | val_log_qty_aux=nan
[Epoch 119] train_loss=-3.27001972 | score=0.94376369 | val_nll=-3.40311212 | val_acc=0.96213710 | val_dt_mae=1.76721330 | val_qty_mae=0.70127725 | train_log_qty_aux=0.00000000 | val_log_qty_aux=nan
[Epoch 120] train_loss=-3.27102084 | score=0.94371995 | val_nll=-3.40587198 | val_acc=0.96211392 | val_dt_mae=1.76721330 | val_qty_mae=0.72184331 | train_log_qty_aux=0.00000000 | val_log_qty_aux=nan
[Epoch 121] train_loss=-3.27217182 | score=0.94289023 | val_nll=-3.40224881 | val_acc=0.96131425 | val_dt_mae=1.76721330 | val_qty_mae=0.75188836 | train_log_qty_aux=0.00000000 | val_log_qty_aux=nan
[Epoch 122] train_loss=-3.27385750 | score=0.94189310 | val_nll=-3.39908611 | val_acc=0.96028278 | val_dt_mae=1.76721330 | val_qty_mae=0.71755013 | train_log_qty_aux=0.00000000 | val_log_qty_aux=nan
[Epoch 123] train_loss=-3.27400395 | score=0.94377661 | val_nll=-3.40478897 | val_acc=0.96211392 | val_dt_mae=1.76721330 | val_qty_mae=0.66518323 | train_log_qty_aux=0.00000000 | val_log_qty_aux=nan
[Epoch 124] train_loss=-3.27527042 | score=0.94536273 | val_nll=-3.40735966 | val_acc=0.96374804 | val_dt_mae=1.76721330 | val_qty_mae=0.71318592 | train_log_qty_aux=0.00000000 | val_log_qty_aux=nan
[Epoch 125] train_loss=-3.27623489 | score=0.94388340 | val_nll=-3.40821993 | val_acc=0.96224141 | val_dt_mae=1.76721330 | val_qty_mae=0.68587337 | train_log_qty_aux=0.00000000 | val_log_qty_aux=nan
[Epoch 126] train_loss=-3.27717273 | score=0.94198769 | val_nll=-3.40709902 | val_acc=0.96037550 | val_dt_mae=1.76721330 | val_qty_mae=0.71568046 | train_log_qty_aux=0.00000000 | val_log_qty_aux=nan
[Epoch 127] train_loss=-3.27783909 | score=0.94316479 | val_nll=-3.41055759 | val_acc=0.96151127 | val_dt_mae=1.76721330 | val_qty_mae=0.67434653 | train_log_qty_aux=0.00000000 | val_log_qty_aux=nan
[Epoch 128] train_loss=-3.27895805 | score=0.94163907 | val_nll=-3.40669556 | val_acc=0.96003940 | val_dt_mae=1.76721330 | val_qty_mae=0.72820112 | train_log_qty_aux=0.00000000 | val_log_qty_aux=nan
[Epoch 129] train_loss=-3.27987861 | score=0.94214554 | val_nll=-3.41084996 | val_acc=0.96052616 | val_dt_mae=1.76721330 | val_qty_mae=0.70849007 | train_log_qty_aux=0.00000000 | val_log_qty_aux=nan
[Epoch 130] train_loss=-3.28058318 | score=0.94420793 | val_nll=-3.41240681 | val_acc=0.96262386 | val_dt_mae=1.76721330 | val_qty_mae=0.74380351 | train_log_qty_aux=0.00000000 | val_log_qty_aux=nan
[Epoch 131] train_loss=-3.28121233 | score=0.94215184 | val_nll=-3.41106765 | val_acc=0.96051457 | val_dt_mae=1.76721330 | val_qty_mae=0.69060531 | train_log_qty_aux=0.00000000 | val_log_qty_aux=nan
[Epoch 132] train_loss=-3.28262177 | score=0.94076014 | val_nll=-3.41213350 | val_acc=0.95915860 | val_dt_mae=1.76721330 | val_qty_mae=0.72633011 | train_log_qty_aux=0.00000000 | val_log_qty_aux=nan
[Epoch 133] train_loss=-3.28356838 | score=0.94310706 | val_nll=-3.41603702 | val_acc=0.96147650 | val_dt_mae=1.76721330 | val_qty_mae=0.69730924 | train_log_qty_aux=0.00000000 | val_log_qty_aux=nan
[Epoch 134] train_loss=-3.28433114 | score=0.94466846 | val_nll=-3.41756421 | val_acc=0.96304108 | val_dt_mae=1.76721330 | val_qty_mae=0.70049665 | train_log_qty_aux=0.00000000 | val_log_qty_aux=nan
[Epoch 135] train_loss=-3.28372522 | score=0.94343377 | val_nll=-3.41444524 | val_acc=0.96182419 | val_dt_mae=1.76721330 | val_qty_mae=0.71827980 | train_log_qty_aux=0.00000000 | val_log_qty_aux=nan
[Epoch 136] train_loss=-3.28518241 | score=0.94356371 | val_nll=-3.41698430 | val_acc=0.96197485 | val_dt_mae=1.76721330 | val_qty_mae=0.73900328 | train_log_qty_aux=0.00000000 | val_log_qty_aux=nan
[Epoch 137] train_loss=-3.28608377 | score=0.94031781 | val_nll=-3.41231537 | val_acc=0.95870661 | val_dt_mae=1.76721330 | val_qty_mae=0.71667171 | train_log_qty_aux=0.00000000 | val_log_qty_aux=nan
[Epoch 138] train_loss=-3.28681775 | score=0.94293867 | val_nll=-3.41850870 | val_acc=0.96133743 | val_dt_mae=1.76721330 | val_qty_mae=0.72662270 | train_log_qty_aux=0.00000000 | val_log_qty_aux=nan
[Epoch 139] train_loss=-3.28777436 | score=0.94098278 | val_nll=-3.41507384 | val_acc=0.95932086 | val_dt_mae=1.76721330 | val_qty_mae=0.66594072 | train_log_qty_aux=0.00000000 | val_log_qty_aux=nan
[Epoch 140] train_loss=-3.28790743 | score=0.93946364 | val_nll=-3.41387832 | val_acc=0.95788376 | val_dt_mae=1.76721330 | val_qty_mae=0.74798106 | train_log_qty_aux=0.00000000 | val_log_qty_aux=nan
[Epoch 141] train_loss=-3.28897883 | score=0.94346558 | val_nll=-3.41886671 | val_acc=0.96187055 | val_dt_mae=1.76721330 | val_qty_mae=0.73283073 | train_log_qty_aux=0.00000000 | val_log_qty_aux=nan
[Epoch 142] train_loss=-3.28919478 | score=0.94245838 | val_nll=-3.41498095 | val_acc=0.96076954 | val_dt_mae=1.76721330 | val_qty_mae=0.63902722 | train_log_qty_aux=0.00000000 | val_log_qty_aux=nan
[Epoch 143] train_loss=-3.28983808 | score=0.94078573 | val_nll=-3.41165527 | val_acc=0.95917019 | val_dt_mae=1.76721330 | val_qty_mae=0.71232554 | train_log_qty_aux=0.00000000 | val_log_qty_aux=nan
[Epoch 144] train_loss=-3.29034221 | score=0.94123216 | val_nll=-3.41826908 | val_acc=0.95966854 | val_dt_mae=1.76721330 | val_qty_mae=0.76424775 | train_log_qty_aux=0.00000000 | val_log_qty_aux=nan
[Epoch 145] train_loss=-3.29123568 | score=0.94378314 | val_nll=-3.42437276 | val_acc=0.96219505 | val_dt_mae=1.76721330 | val_qty_mae=0.73978136 | train_log_qty_aux=0.00000000 | val_log_qty_aux=nan
[Epoch 146] train_loss=-3.29184426 | score=0.94277578 | val_nll=-3.42195894 | val_acc=0.96115200 | val_dt_mae=1.76721330 | val_qty_mae=0.70408609 | train_log_qty_aux=0.00000000 | val_log_qty_aux=nan
[Epoch 147] train_loss=-3.29246374 | score=0.94192611 | val_nll=-3.42203103 | val_acc=0.96030596 | val_dt_mae=1.76721330 | val_qty_mae=0.70772371 | train_log_qty_aux=0.00000000 | val_log_qty_aux=nan
[Epoch 148] train_loss=-3.29253089 | score=0.93953593 | val_nll=-3.41594276 | val_acc=0.95786058 | val_dt_mae=1.76721330 | val_qty_mae=0.65251381 | train_log_qty_aux=0.00000000 | val_log_qty_aux=nan
[Epoch 149] train_loss=-3.29340573 | score=0.94263269 | val_nll=-3.42477723 | val_acc=0.96100133 | val_dt_mae=1.76721330 | val_qty_mae=0.69650884 | train_log_qty_aux=0.00000000 | val_log_qty_aux=nan
[Epoch 150] train_loss=-3.29329540 | score=0.94337182 | val_nll=-3.42603554 | val_acc=0.96176624 | val_dt_mae=1.76721330 | val_qty_mae=0.72228535 | train_log_qty_aux=0.00000000 | val_log_qty_aux=nan
[Epoch 151] train_loss=-3.29316818 | score=0.94344852 | val_nll=-3.42546719 | val_acc=0.96183578 | val_dt_mae=1.76721330 | val_qty_mae=0.71512810 | train_log_qty_aux=0.00000000 | val_log_qty_aux=nan
[Epoch 152] train_loss=-3.29341645 | score=0.94313950 | val_nll=-3.42759068 | val_acc=0.96155763 | val_dt_mae=1.76721330 | val_qty_mae=0.74599189 | train_log_qty_aux=0.00000000 | val_log_qty_aux=nan
[Epoch 153] train_loss=-3.29470504 | score=0.94156228 | val_nll=-3.42276505 | val_acc=0.95993510 | val_dt_mae=1.76721330 | val_qty_mae=0.70068609 | train_log_qty_aux=0.00000000 | val_log_qty_aux=nan
[Epoch 154] train_loss=-3.29492567 | score=0.94251508 | val_nll=-3.42179466 | val_acc=0.96088544 | val_dt_mae=1.76721330 | val_qty_mae=0.69822664 | train_log_qty_aux=0.00000000 | val_log_qty_aux=nan
[Epoch 155] train_loss=-3.29566431 | score=0.94286624 | val_nll=-3.42786725 | val_acc=0.96130266 | val_dt_mae=1.76721330 | val_qty_mae=0.76429141 | train_log_qty_aux=0.00000000 | val_log_qty_aux=nan
[Epoch 156] train_loss=-3.29553953 | score=0.94313227 | val_nll=-3.42534688 | val_acc=0.96148809 | val_dt_mae=1.76721330 | val_qty_mae=0.68368827 | train_log_qty_aux=0.00000000 | val_log_qty_aux=nan
[Epoch 157] train_loss=-3.29659666 | score=0.94231432 | val_nll=-3.42844946 | val_acc=0.96068842 | val_dt_mae=1.76721330 | val_qty_mae=0.70196239 | train_log_qty_aux=0.00000000 | val_log_qty_aux=nan
[Epoch 158] train_loss=-3.29645945 | score=0.94319146 | val_nll=-3.42499566 | val_acc=0.96161558 | val_dt_mae=1.76721330 | val_qty_mae=0.75198488 | train_log_qty_aux=0.00000000 | val_log_qty_aux=nan
[Epoch 159] train_loss=-3.29736421 | score=0.94354645 | val_nll=-3.42696458 | val_acc=0.96191690 | val_dt_mae=1.76721330 | val_qty_mae=0.69831685 | train_log_qty_aux=0.00000000 | val_log_qty_aux=nan
[Epoch 160] train_loss=-3.29677425 | score=0.94349608 | val_nll=-3.42666258 | val_acc=0.96185896 | val_dt_mae=1.76721330 | val_qty_mae=0.69074704 | train_log_qty_aux=0.00000000 | val_log_qty_aux=nan
[Epoch 161] train_loss=-3.29788954 | score=0.94297960 | val_nll=-3.42887214 | val_acc=0.96140697 | val_dt_mae=1.76721330 | val_qty_mae=0.75523717 | train_log_qty_aux=0.00000000 | val_log_qty_aux=nan
[Epoch 162] train_loss=-3.29828943 | score=0.94324024 | val_nll=-3.43012014 | val_acc=0.96166193 | val_dt_mae=1.76721330 | val_qty_mae=0.74956025 | train_log_qty_aux=0.00000000 | val_log_qty_aux=nan
[Epoch 163] train_loss=-3.29850990 | score=0.94515207 | val_nll=-3.43186630 | val_acc=0.96351625 | val_dt_mae=1.76721330 | val_qty_mae=0.69204901 | train_log_qty_aux=0.00000000 | val_log_qty_aux=nan
[Epoch 164] train_loss=-3.29874811 | score=0.94463971 | val_nll=-3.43381390 | val_acc=0.96312221 | val_dt_mae=1.76721330 | val_qty_mae=0.81037188 | train_log_qty_aux=0.00000000 | val_log_qty_aux=nan
[Epoch 165] train_loss=-3.29997327 | score=0.94253831 | val_nll=-3.43105197 | val_acc=0.96096656 | val_dt_mae=1.76721330 | val_qty_mae=0.75612478 | train_log_qty_aux=0.00000000 | val_log_qty_aux=nan
[Epoch 166] train_loss=-3.30023477 | score=0.94078022 | val_nll=-3.42306794 | val_acc=0.95919337 | val_dt_mae=1.76721330 | val_qty_mae=0.74102002 | train_log_qty_aux=0.00000000 | val_log_qty_aux=nan
[Epoch 167] train_loss=-3.30013139 | score=0.93896776 | val_nll=-3.41913145 | val_acc=0.95736223 | val_dt_mae=1.76721330 | val_qty_mae=0.72233304 | train_log_qty_aux=0.00000000 | val_log_qty_aux=nan
[Epoch 168] train_loss=-3.30079776 | score=0.94326720 | val_nll=-3.43168065 | val_acc=0.96161558 | val_dt_mae=1.76721330 | val_qty_mae=0.67624108 | train_log_qty_aux=0.00000000 | val_log_qty_aux=nan
[Epoch 169] train_loss=-3.30070689 | score=0.94249075 | val_nll=-3.42799297 | val_acc=0.96090862 | val_dt_mae=1.76721330 | val_qty_mae=0.74573126 | train_log_qty_aux=0.00000000 | val_log_qty_aux=nan
[Epoch 170] train_loss=-3.30139483 | score=0.94419522 | val_nll=-3.43572426 | val_acc=0.96258909 | val_dt_mae=1.76721330 | val_qty_mae=0.72174477 | train_log_qty_aux=0.00000000 | val_log_qty_aux=nan
[Epoch 171] train_loss=-3.30170006 | score=0.94408706 | val_nll=-3.43338563 | val_acc=0.96250797 | val_dt_mae=1.76721330 | val_qty_mae=0.74877875 | train_log_qty_aux=0.00000000 | val_log_qty_aux=nan
[Epoch 172] train_loss=-3.30118077 | score=0.94207313 | val_nll=-3.43125416 | val_acc=0.96049139 | val_dt_mae=1.76721330 | val_qty_mae=0.74613637 | train_log_qty_aux=0.00000000 | val_log_qty_aux=nan
[Epoch 173] train_loss=-3.30169586 | score=0.94179442 | val_nll=-3.42795989 | val_acc=0.96016689 | val_dt_mae=1.76721330 | val_qty_mae=0.70033743 | train_log_qty_aux=0.00000000 | val_log_qty_aux=nan
[Epoch 174] train_loss=-3.30135235 | score=0.94314390 | val_nll=-3.42924413 | val_acc=0.96151127 | val_dt_mae=1.76721330 | val_qty_mae=0.69523630 | train_log_qty_aux=0.00000000 | val_log_qty_aux=nan
[Epoch 175] train_loss=-3.30266099 | score=0.94419506 | val_nll=-3.43263697 | val_acc=0.96258909 | val_dt_mae=1.76721330 | val_qty_mae=0.72190436 | train_log_qty_aux=0.00000000 | val_log_qty_aux=nan
[Epoch 176] train_loss=-3.30294837 | score=0.94212995 | val_nll=-3.43084290 | val_acc=0.96058411 | val_dt_mae=1.76721330 | val_qty_mae=0.78202715 | train_log_qty_aux=0.00000000 | val_log_qty_aux=nan
[Epoch 177] train_loss=-3.30215011 | score=0.94442690 | val_nll=-3.43227723 | val_acc=0.96276294 | val_dt_mae=1.76721330 | val_qty_mae=0.66389904 | train_log_qty_aux=0.00000000 | val_log_qty_aux=nan
[Epoch 178] train_loss=-3.30263562 | score=0.94316333 | val_nll=-3.43444162 | val_acc=0.96151127 | val_dt_mae=1.76721330 | val_qty_mae=0.67581045 | train_log_qty_aux=0.00000000 | val_log_qty_aux=nan
[Epoch 179] train_loss=-3.30246630 | score=0.94443550 | val_nll=-3.43338144 | val_acc=0.96279771 | val_dt_mae=1.76721330 | val_qty_mae=0.69007449 | train_log_qty_aux=0.00000000 | val_log_qty_aux=nan
[Epoch 180] train_loss=-3.30357632 | score=0.94278663 | val_nll=-3.43314324 | val_acc=0.96122153 | val_dt_mae=1.76721330 | val_qty_mae=0.76276937 | train_log_qty_aux=0.00000000 | val_log_qty_aux=nan
[Epoch 181] train_loss=-3.30264442 | score=0.94376348 | val_nll=-3.43568032 | val_acc=0.96211392 | val_dt_mae=1.76721330 | val_qty_mae=0.67830848 | train_log_qty_aux=0.00000000 | val_log_qty_aux=nan
[Epoch 182] train_loss=-3.30349489 | score=0.94031821 | val_nll=-3.42649086 | val_acc=0.95868343 | val_dt_mae=1.76721330 | val_qty_mae=0.69309338 | train_log_qty_aux=0.00000000 | val_log_qty_aux=nan
[Epoch 183] train_loss=-3.30343917 | score=0.94175324 | val_nll=-3.42794325 | val_acc=0.96012053 | val_dt_mae=1.76721330 | val_qty_mae=0.69516184 | train_log_qty_aux=0.00000000 | val_log_qty_aux=nan
[Epoch 184] train_loss=-3.30347717 | score=0.94197569 | val_nll=-3.43036155 | val_acc=0.96034073 | val_dt_mae=1.76721330 | val_qty_mae=0.69290326 | train_log_qty_aux=0.00000000 | val_log_qty_aux=nan
[Epoch 185] train_loss=-3.30371614 | score=0.94150264 | val_nll=-3.43084261 | val_acc=0.95994669 | val_dt_mae=1.76721330 | val_qty_mae=0.77191343 | train_log_qty_aux=0.00000000 | val_log_qty_aux=nan
[Epoch 186] train_loss=-3.30388139 | score=0.94215261 | val_nll=-3.43405712 | val_acc=0.96052616 | val_dt_mae=1.76721330 | val_qty_mae=0.70141908 | train_log_qty_aux=0.00000000 | val_log_qty_aux=nan
[Epoch 187] train_loss=-3.30423652 | score=0.94237565 | val_nll=-3.43288484 | val_acc=0.96072318 | val_dt_mae=1.76721330 | val_qty_mae=0.67540508 | train_log_qty_aux=0.00000000 | val_log_qty_aux=nan
[Epoch 188] train_loss=-3.30441101 | score=0.94206497 | val_nll=-3.43414724 | val_acc=0.96039868 | val_dt_mae=1.76721330 | val_qty_mae=0.66157671 | train_log_qty_aux=0.00000000 | val_log_qty_aux=nan
[Epoch 189] train_loss=-3.30460575 | score=0.94446039 | val_nll=-3.43343695 | val_acc=0.96282088 | val_dt_mae=1.76721330 | val_qty_mae=0.68836167 | train_log_qty_aux=0.00000000 | val_log_qty_aux=nan
[Epoch 190] train_loss=-3.30451140 | score=0.94316227 | val_nll=-3.43347215 | val_acc=0.96154604 | val_dt_mae=1.76721330 | val_qty_mae=0.71163806 | train_log_qty_aux=0.00000000 | val_log_qty_aux=nan
[Epoch 191] train_loss=-3.30530245 | score=0.94323862 | val_nll=-3.43530585 | val_acc=0.96160399 | val_dt_mae=1.76721330 | val_qty_mae=0.69323443 | train_log_qty_aux=0.00000000 | val_log_qty_aux=nan
[Epoch 192] train_loss=-3.30556570 | score=0.94092166 | val_nll=-3.42907533 | val_acc=0.95927450 | val_dt_mae=1.76721330 | val_qty_mae=0.68069995 | train_log_qty_aux=0.00000000 | val_log_qty_aux=nan
[Epoch 193] train_loss=-3.30528814 | score=0.94402340 | val_nll=-3.43486637 | val_acc=0.96241525 | val_dt_mae=1.76721330 | val_qty_mae=0.71971671 | train_log_qty_aux=0.00000000 | val_log_qty_aux=nan
[Epoch 194] train_loss=-3.30569328 | score=0.94206093 | val_nll=-3.42993341 | val_acc=0.96037550 | val_dt_mae=1.76721330 | val_qty_mae=0.64243565 | train_log_qty_aux=0.00000000 | val_log_qty_aux=nan
[Epoch 195] train_loss=-3.30513914 | score=0.94259253 | val_nll=-3.43337567 | val_acc=0.96094339 | val_dt_mae=1.76721330 | val_qty_mae=0.67872720 | train_log_qty_aux=0.00000000 | val_log_qty_aux=nan
[Epoch 196] train_loss=-3.30481647 | score=0.94269710 | val_nll=-3.43352047 | val_acc=0.96108246 | val_dt_mae=1.76721330 | val_qty_mae=0.71322881 | train_log_qty_aux=0.00000000 | val_log_qty_aux=nan
[Epoch 197] train_loss=-3.30559955 | score=0.94399830 | val_nll=-3.43584863 | val_acc=0.96238048 | val_dt_mae=1.76721330 | val_qty_mae=0.71005165 | train_log_qty_aux=0.00000000 | val_log_qty_aux=nan
[Epoch 198] train_loss=-3.30583476 | score=0.94172980 | val_nll=-3.43123301 | val_acc=0.96007417 | val_dt_mae=1.76721330 | val_qty_mae=0.67224045 | train_log_qty_aux=0.00000000 | val_log_qty_aux=nan
[Epoch 199] train_loss=-3.30627910 | score=0.94429131 | val_nll=-3.43667980 | val_acc=0.96263545 | val_dt_mae=1.76721330 | val_qty_mae=0.67200423 | train_log_qty_aux=0.00000000 | val_log_qty_aux=nan
[Epoch 200] train_loss=-3.30598774 | score=0.94371791 | val_nll=-3.43815964 | val_acc=0.96207916 | val_dt_mae=1.76721330 | val_qty_mae=0.68911501 | train_log_qty_aux=0.00000000 | val_log_qty_aux=nan
[Epoch 201] train_loss=-3.30658102 | score=0.94192765 | val_nll=-3.43270140 | val_acc=0.96036391 | val_dt_mae=1.76721330 | val_qty_mae=0.76412905 | train_log_qty_aux=0.00000000 | val_log_qty_aux=nan
[Epoch 202] train_loss=-3.30688098 | score=0.94430583 | val_nll=-3.43646877 | val_acc=0.96275135 | val_dt_mae=1.76721330 | val_qty_mae=0.77338534 | train_log_qty_aux=0.00000000 | val_log_qty_aux=nan
[Epoch 203] train_loss=-3.30710489 | score=0.94332899 | val_nll=-3.43620213 | val_acc=0.96169670 | val_dt_mae=1.76721330 | val_qty_mae=0.69558396 | train_log_qty_aux=0.00000000 | val_log_qty_aux=nan
[Epoch 204] train_loss=-3.30746214 | score=0.94428325 | val_nll=-3.43890468 | val_acc=0.96265863 | val_dt_mae=1.76721330 | val_qty_mae=0.70324421 | train_log_qty_aux=0.00000000 | val_log_qty_aux=nan
[Epoch 205] train_loss=-3.30763562 | score=0.94377192 | val_nll=-3.43985724 | val_acc=0.96213710 | val_dt_mae=1.76721330 | val_qty_mae=0.69305053 | train_log_qty_aux=0.00000000 | val_log_qty_aux=nan
[Epoch 206] train_loss=-3.30777559 | score=0.94446925 | val_nll=-3.43953960 | val_acc=0.96279771 | val_dt_mae=1.76721330 | val_qty_mae=0.65631917 | train_log_qty_aux=0.00000000 | val_log_qty_aux=nan
[Epoch 207] train_loss=-3.30811077 | score=0.94228455 | val_nll=-3.43456312 | val_acc=0.96065365 | val_dt_mae=1.76721330 | val_qty_mae=0.69696870 | train_log_qty_aux=0.00000000 | val_log_qty_aux=nan
[Epoch 208] train_loss=-3.30722177 | score=0.94292593 | val_nll=-3.43788237 | val_acc=0.96134902 | val_dt_mae=1.76721330 | val_qty_mae=0.75095263 | train_log_qty_aux=0.00000000 | val_log_qty_aux=nan
[Epoch 209] train_loss=-3.30699160 | score=0.94357099 | val_nll=-3.44158802 | val_acc=0.96202121 | val_dt_mae=1.76721330 | val_qty_mae=0.77808466 | train_log_qty_aux=0.00000000 | val_log_qty_aux=nan
[Epoch 210] train_loss=-3.30787353 | score=0.94049349 | val_nll=-3.43419496 | val_acc=0.95888045 | val_dt_mae=1.76721330 | val_qty_mae=0.71483123 | train_log_qty_aux=0.00000000 | val_log_qty_aux=nan
[Epoch 211] train_loss=-3.30852673 | score=0.94236432 | val_nll=-3.43270846 | val_acc=0.96072318 | val_dt_mae=1.76721330 | val_qty_mae=0.68673300 | train_log_qty_aux=0.00000000 | val_log_qty_aux=nan
[Epoch 212] train_loss=-3.30836725 | score=0.94279202 | val_nll=-3.43656067 | val_acc=0.96115200 | val_dt_mae=1.76721330 | val_qty_mae=0.68784819 | train_log_qty_aux=0.00000000 | val_log_qty_aux=nan
[Epoch 213] train_loss=-3.30887699 | score=0.94292050 | val_nll=-3.43771041 | val_acc=0.96130266 | val_dt_mae=1.76721330 | val_qty_mae=0.71002826 | train_log_qty_aux=0.00000000 | val_log_qty_aux=nan
[Epoch 214] train_loss=-3.30879827 | score=0.94391897 | val_nll=-3.44201742 | val_acc=0.96225300 | val_dt_mae=1.76721330 | val_qty_mae=0.66189331 | train_log_qty_aux=0.00000000 | val_log_qty_aux=nan
[Epoch 215] train_loss=-3.30824852 | score=0.94390756 | val_nll=-3.44064970 | val_acc=0.96225300 | val_dt_mae=1.76721330 | val_qty_mae=0.67330544 | train_log_qty_aux=0.00000000 | val_log_qty_aux=nan
[Epoch 216] train_loss=-3.30874438 | score=0.94265971 | val_nll=-3.43241266 | val_acc=0.96109405 | val_dt_mae=1.76721330 | val_qty_mae=0.76220591 | train_log_qty_aux=0.00000000 | val_log_qty_aux=nan
[Epoch 217] train_loss=-3.30931153 | score=0.94281860 | val_nll=-3.43294041 | val_acc=0.96119835 | val_dt_mae=1.76721330 | val_qty_mae=0.70761944 | train_log_qty_aux=0.00000000 | val_log_qty_aux=nan
[Epoch 218] train_loss=-3.30990036 | score=0.94249056 | val_nll=-3.43523883 | val_acc=0.96087385 | val_dt_mae=1.76721330 | val_qty_mae=0.71115238 | train_log_qty_aux=0.00000000 | val_log_qty_aux=nan
[Epoch 219] train_loss=-3.30963917 | score=0.94118234 | val_nll=-3.43571612 | val_acc=0.95955265 | val_dt_mae=1.76721330 | val_qty_mae=0.69817203 | train_log_qty_aux=0.00000000 | val_log_qty_aux=nan
[Epoch 220] train_loss=-3.30953218 | score=0.94218306 | val_nll=-3.43564264 | val_acc=0.96052616 | val_dt_mae=1.76721330 | val_qty_mae=0.67097383 | train_log_qty_aux=0.00000000 | val_log_qty_aux=nan
[Epoch 221] train_loss=-3.30979595 | score=0.94388216 | val_nll=-3.44280218 | val_acc=0.96228777 | val_dt_mae=1.76721330 | val_qty_mae=0.73347424 | train_log_qty_aux=0.00000000 | val_log_qty_aux=nan
[Epoch 222] train_loss=-3.31022820 | score=0.94182162 | val_nll=-3.43876993 | val_acc=0.96021325 | val_dt_mae=1.76721330 | val_qty_mae=0.71948921 | train_log_qty_aux=0.00000000 | val_log_qty_aux=nan
[Epoch 223] train_loss=-3.30946762 | score=0.94420968 | val_nll=-3.44095721 | val_acc=0.96260068 | val_dt_mae=1.76721330 | val_qty_mae=0.71887109 | train_log_qty_aux=0.00000000 | val_log_qty_aux=nan
[Epoch 224] train_loss=-3.31011698 | score=0.94404383 | val_nll=-3.43891219 | val_acc=0.96245002 | val_dt_mae=1.76721330 | val_qty_mae=0.73405719 | train_log_qty_aux=0.00000000 | val_log_qty_aux=nan
[Epoch 225] train_loss=-3.31007034 | score=0.94424009 | val_nll=-3.44479840 | val_acc=0.96268181 | val_dt_mae=1.76721330 | val_qty_mae=0.76958863 | train_log_qty_aux=0.00000000 | val_log_qty_aux=nan
[Epoch 226] train_loss=-3.31032763 | score=0.94242309 | val_nll=-3.43778271 | val_acc=0.96078113 | val_dt_mae=1.76721330 | val_qty_mae=0.68590689 | train_log_qty_aux=0.00000000 | val_log_qty_aux=nan
[Epoch 227] train_loss=-3.31090233 | score=0.94352107 | val_nll=-3.44142724 | val_acc=0.96188213 | val_dt_mae=1.76721330 | val_qty_mae=0.68892899 | train_log_qty_aux=0.00000000 | val_log_qty_aux=nan
[Epoch 228] train_loss=-3.31012610 | score=0.94299917 | val_nll=-3.43862304 | val_acc=0.96138379 | val_dt_mae=1.76721330 | val_qty_mae=0.71248727 | train_log_qty_aux=0.00000000 | val_log_qty_aux=nan
[Epoch 229] train_loss=-3.30976344 | score=0.94343875 | val_nll=-3.43820576 | val_acc=0.96177783 | val_dt_mae=1.76721330 | val_qty_mae=0.66694236 | train_log_qty_aux=0.00000000 | val_log_qty_aux=nan
[Epoch 230] train_loss=-3.31079898 | score=0.94438293 | val_nll=-3.44123640 | val_acc=0.96271658 | val_dt_mae=1.76721330 | val_qty_mae=0.66151080 | train_log_qty_aux=0.00000000 | val_log_qty_aux=nan
[Epoch 231] train_loss=-3.31008821 | score=0.94147684 | val_nll=-3.43517653 | val_acc=0.95991192 | val_dt_mae=1.76721330 | val_qty_mae=0.76294685 | train_log_qty_aux=0.00000000 | val_log_qty_aux=nan
[Epoch 232] train_loss=-3.31120300 | score=0.94325866 | val_nll=-3.43888332 | val_acc=0.96162717 | val_dt_mae=1.76721330 | val_qty_mae=0.69636792 | train_log_qty_aux=0.00000000 | val_log_qty_aux=nan
[Epoch 233] train_loss=-3.31092634 | score=0.94384167 | val_nll=-3.43814621 | val_acc=0.96220664 | val_dt_mae=1.76721330 | val_qty_mae=0.69283441 | train_log_qty_aux=0.00000000 | val_log_qty_aux=nan
[Epoch 234] train_loss=-3.31135122 | score=0.94464005 | val_nll=-3.44089532 | val_acc=0.96293678 | val_dt_mae=1.76721330 | val_qty_mae=0.62459315 | train_log_qty_aux=0.00000000 | val_log_qty_aux=nan
[Epoch 235] train_loss=-3.31107611 | score=0.94114104 | val_nll=-3.43362837 | val_acc=0.95954106 | val_dt_mae=1.76721330 | val_qty_mae=0.72788583 | train_log_qty_aux=0.00000000 | val_log_qty_aux=nan
[Epoch 236] train_loss=-3.31056482 | score=0.94342363 | val_nll=-3.44318438 | val_acc=0.96187055 | val_dt_mae=1.76721330 | val_qty_mae=0.77477914 | train_log_qty_aux=0.00000000 | val_log_qty_aux=nan
[Epoch 237] train_loss=-3.31015884 | score=0.94227174 | val_nll=-3.43467201 | val_acc=0.96065365 | val_dt_mae=1.76721330 | val_qty_mae=0.70977963 | train_log_qty_aux=0.00000000 | val_log_qty_aux=nan
[Epoch 238] train_loss=-3.31111015 | score=0.94199347 | val_nll=-3.43303730 | val_acc=0.96034073 | val_dt_mae=1.76721330 | val_qty_mae=0.67512638 | train_log_qty_aux=0.00000000 | val_log_qty_aux=nan
[Epoch 239] train_loss=-3.31056455 | score=0.94402877 | val_nll=-3.44341992 | val_acc=0.96242684 | val_dt_mae=1.76721330 | val_qty_mae=0.72593737 | train_log_qty_aux=0.00000000 | val_log_qty_aux=nan
[Epoch 240] train_loss=-3.31026729 | score=0.94295087 | val_nll=-3.43820722 | val_acc=0.96130266 | val_dt_mae=1.76721330 | val_qty_mae=0.67965940 | train_log_qty_aux=0.00000000 | val_log_qty_aux=nan
[Epoch 241] train_loss=-3.31118006 | score=0.94278804 | val_nll=-3.44010706 | val_acc=0.96114041 | val_dt_mae=1.76721330 | val_qty_mae=0.68023352 | train_log_qty_aux=0.00000000 | val_log_qty_aux=nan
[Epoch 242] train_loss=-3.31018481 | score=0.94167258 | val_nll=-3.43728020 | val_acc=0.96016689 | val_dt_mae=1.76721330 | val_qty_mae=0.82217892 | train_log_qty_aux=0.00000000 | val_log_qty_aux=nan
[Epoch 243] train_loss=-3.31148096 | score=0.94475898 | val_nll=-3.44369084 | val_acc=0.96313380 | val_dt_mae=1.76721330 | val_qty_mae=0.70268345 | train_log_qty_aux=0.00000000 | val_log_qty_aux=nan
[Epoch 244] train_loss=-3.31099642 | score=0.94388428 | val_nll=-3.44300446 | val_acc=0.96220664 | val_dt_mae=1.76721330 | val_qty_mae=0.65022493 | train_log_qty_aux=0.00000000 | val_log_qty_aux=nan
[Epoch 245] train_loss=-3.31066184 | score=0.94421166 | val_nll=-3.44140827 | val_acc=0.96255433 | val_dt_mae=1.76721330 | val_qty_mae=0.67052863 | train_log_qty_aux=0.00000000 | val_log_qty_aux=nan
[Epoch 246] train_loss=-3.31137930 | score=0.94308901 | val_nll=-3.44024715 | val_acc=0.96143014 | val_dt_mae=1.76721330 | val_qty_mae=0.66899870 | train_log_qty_aux=0.00000000 | val_log_qty_aux=nan
[Epoch 247] train_loss=-3.31045262 | score=0.94407893 | val_nll=-3.44334342 | val_acc=0.96243843 | val_dt_mae=1.76721330 | val_qty_mae=0.68736976 | train_log_qty_aux=0.00000000 | val_log_qty_aux=nan
[Epoch 248] train_loss=-3.31087917 | score=0.94392529 | val_nll=-3.44318209 | val_acc=0.96228777 | val_dt_mae=1.76721330 | val_qty_mae=0.69034197 | train_log_qty_aux=0.00000000 | val_log_qty_aux=nan
[Epoch 249] train_loss=-3.31134730 | score=0.94411802 | val_nll=-3.44042512 | val_acc=0.96249638 | val_dt_mae=1.76721330 | val_qty_mae=0.70622920 | train_log_qty_aux=0.00000000 | val_log_qty_aux=nan
[Epoch 250] train_loss=-3.31095784 | score=0.94425181 | val_nll=-3.44456541 | val_acc=0.96260068 | val_dt_mae=1.76721330 | val_qty_mae=0.67674201 | train_log_qty_aux=0.00000000 | val_log_qty_aux=nan
[Epoch 251] train_loss=-3.31051683 | score=0.94302586 | val_nll=-3.44001157 | val_acc=0.96139538 | val_dt_mae=1.76721330 | val_qty_mae=0.69738229 | train_log_qty_aux=0.00000000 | val_log_qty_aux=nan
[Epoch 252] train_loss=-3.31085848 | score=0.94346061 | val_nll=-3.44154081 | val_acc=0.96181260 | val_dt_mae=1.76721330 | val_qty_mae=0.67985317 | train_log_qty_aux=0.00000000 | val_log_qty_aux=nan
[Epoch 253] train_loss=-3.31151652 | score=0.94091182 | val_nll=-3.43481540 | val_acc=0.95934403 | val_dt_mae=1.76721330 | val_qty_mae=0.76007982 | train_log_qty_aux=0.00000000 | val_log_qty_aux=nan
[Epoch 254] train_loss=-3.31062259 | score=0.94250986 | val_nll=-3.43720263 | val_acc=0.96093180 | val_dt_mae=1.76721330 | val_qty_mae=0.74980364 | train_log_qty_aux=0.00000000 | val_log_qty_aux=nan
[Epoch 255] train_loss=-3.31125399 | score=0.94116102 | val_nll=-3.43612815 | val_acc=0.95958741 | val_dt_mae=1.76721330 | val_qty_mae=0.75426004 | train_log_qty_aux=0.00000000 | val_log_qty_aux=nan
[Epoch 256] train_loss=-3.31106897 | score=0.94404261 | val_nll=-3.43890232 | val_acc=0.96242684 | val_dt_mae=1.76721330 | val_qty_mae=0.71210056 | train_log_qty_aux=0.00000000 | val_log_qty_aux=nan
[Epoch 257] train_loss=-3.31126625 | score=0.94373837 | val_nll=-3.43920673 | val_acc=0.96207916 | val_dt_mae=1.76721330 | val_qty_mae=0.66865109 | train_log_qty_aux=0.00000000 | val_log_qty_aux=nan
[Epoch 258] train_loss=-3.31104799 | score=0.94408085 | val_nll=-3.44215934 | val_acc=0.96245002 | val_dt_mae=1.76721330 | val_qty_mae=0.69703465 | train_log_qty_aux=0.00000000 | val_log_qty_aux=nan
[Epoch 259] train_loss=-3.31133145 | score=0.94297820 | val_nll=-3.43967034 | val_acc=0.96133743 | val_dt_mae=1.76721330 | val_qty_mae=0.68709950 | train_log_qty_aux=0.00000000 | val_log_qty_aux=nan
[Epoch 260] train_loss=-3.31074913 | score=0.94029925 | val_nll=-3.43229306 | val_acc=0.95864866 | val_dt_mae=1.76721330 | val_qty_mae=0.67728111 | train_log_qty_aux=0.00000000 | val_log_qty_aux=nan
[Epoch 261] train_loss=-3.31163841 | score=0.94375218 | val_nll=-3.44338907 | val_acc=0.96217187 | val_dt_mae=1.76721330 | val_qty_mae=0.74755990 | train_log_qty_aux=0.00000000 | val_log_qty_aux=nan
[Epoch 262] train_loss=-3.31058735 | score=0.94368061 | val_nll=-3.44168701 | val_acc=0.96206757 | val_dt_mae=1.76721330 | val_qty_mae=0.71482514 | train_log_qty_aux=0.00000000 | val_log_qty_aux=nan
[Epoch 263] train_loss=-3.31157653 | score=0.94367914 | val_nll=-3.44365179 | val_acc=0.96205598 | val_dt_mae=1.76721330 | val_qty_mae=0.70470833 | train_log_qty_aux=0.00000000 | val_log_qty_aux=nan
[Epoch 264] train_loss=-3.31100534 | score=0.94183124 | val_nll=-3.43343384 | val_acc=0.96023643 | val_dt_mae=1.76721330 | val_qty_mae=0.73304857 | train_log_qty_aux=0.00000000 | val_log_qty_aux=nan
[Epoch 265] train_loss=-3.31117287 | score=0.94203671 | val_nll=-3.43189344 | val_acc=0.96044504 | val_dt_mae=1.76721330 | val_qty_mae=0.73619095 | train_log_qty_aux=0.00000000 | val_log_qty_aux=nan
[early-stop] epoch=265 patience=40 min_epochs=40
[2026-08-11 07:11:25,583] [INFO] Finished run | dataset=intermittent model=titantpp candidate=small_lmm seed=62 best_val_nll=-3.444798 epoch=225
[2026-08-11 07:11:26,447] [INFO] Unified long-epoch experiment complete. Summary rows:
shape: (1, 101)
┌───────────┬───────────┬───────────┬───────────┬───┬───────────┬───────────┬───────────┬──────────┐
│ dataset_n ┆ model_nam ┆ candidate ┆ reproduci ┆ … ┆ mean_fina ┆ mean_fina ┆ mean_fina ┆ mean_fin │
│ ame       ┆ e         ┆ _name     ┆ bility_mo ┆   ┆ l_context ┆ l_context ┆ l_context ┆ al_conte │
│ ---       ┆ ---       ┆ ---       ┆ de        ┆   ┆ _5_8_log_ ┆ _9_plus_c ┆ _9_plus_q ┆ xt_9_plu │
│ str       ┆ str       ┆ str       ┆ ---       ┆   ┆ qty…      ┆ oun…      ┆ ty_…      ┆ s_log_…  │
│           ┆           ┆           ┆ str       ┆   ┆ ---       ┆ ---       ┆ ---       ┆ ---      │
│           ┆           ┆           ┆           ┆   ┆ f64       ┆ f64       ┆ f64       ┆ f64      │
╞═══════════╪═══════════╪═══════════╪═══════════╪═══╪═══════════╪═══════════╪═══════════╪══════════╡
│ intermitt ┆ titantpp  ┆ small_lmm ┆ strict    ┆ … ┆ 0.0       ┆ 86285.0   ┆ 0.700259  ┆ 0.062664 │
│ ent       ┆           ┆           ┆           ┆   ┆           ┆           ┆           ┆          │
└───────────┴───────────┴───────────┴───────────┴───┴───────────┴───────────┴───────────┴──────────┘
