Unified TPP Experiment Configuration:: ExperimentConfig(base_dir='/home/leekwanhyeong/workspace/paper_research/search_artifacts/intermittent_frozen_5000_e300_20260810/intermittent', experiment_mode='long-epoch', device='cuda', reproducibility_mode='strict', lookback_weeks=520, max_seq_len=96, batch_size=128, lr=0.001, val_ratio=0.2, lambda_value=1.0, lambda_dt=1.0, grad_clip=1.0, epochs=300, seeds=(42, 52, 62), datasets=('intermittent',), models=('rmtpp', 'thp', 'titantpp'), titan_profile='dataset_best', titan_candidates=('small_lmm',), thp_candidates=('small',), intermittent_runtime_profile='long', intermittent_max_series=None, intermittent_split_with_path='/home/leekwanhyeong/workspace/paper_research/sample_data/intermittent_v2/intermittent_frozen_5000_with_split.parquet', intermittent_split_train_path='/home/leekwanhyeong/workspace/paper_research/sample_data/intermittent_v2/intermittent_frozen_5000_train.parquet', intermittent_split_validation_path='/home/leekwanhyeong/workspace/paper_research/sample_data/intermittent_v2/intermittent_frozen_5000_validation.parquet', intermittent_split_test_path='/home/leekwanhyeong/workspace/paper_research/sample_data/intermittent_v2/intermittent_frozen_5000_test.parquet', intermittent_split_manifest_path='/home/leekwanhyeong/workspace/paper_research/sample_data/intermittent_v2/intermittent_frozen_5000_split_manifest.json', yellow_max_series=None, insta_max_series=None, force_rerun=False, stop_on_error=True, early_stopping_patience=40, min_epochs=40, split_mode='fixed', evaluation_scope='validation_only', rmtpp_rnn_type='gru', rmtpp_mark_emb_dim=32, rmtpp_hidden_dim=64, value_head_activation='identity', value_head_mode='shared', time_head_mode='shared', qty_mark_gradient_mode='coupled', value_encoder_gradient_mode='coupled', marker_loss_mode='ce', lambda_ordinal=0.0, qty_decoder_mode='mark_residual', magnitude_norm_mode='global', magnitude_input_emb_dim=8, lambda_magnitude=1.0, magnitude_encoder_gradient_mode='coupled', magnitude_aux_loss_mode='none', lambda_log_qty=0.25, log_qty_huber_delta=1.0, log_qty_floor=1.0, magnitude_sigma_floor=0.0014535461338152059, magnitude_revin_eps=1e-05, magnitude_shrinkage_k=8.0, magnitude_center_mode='mean', magnitude_revin_affine=False, magnitude_stat_context_mode='none', magnitude_exp_clamp_min=-2.0, magnitude_exp_clamp_max=15.0, loss_mode='hybrid', value_input_mode='residual', value_input_emb_dim=8, train_loss_scope='target_only', test_time_memory='none', analysis_scale_base=2.0, analysis_tail_order=7, eval_selections=('best_val_nll',))
[2026-08-10 21:42:32,741] [INFO] Preparing marked datasets for profile=dataset_best
[2026-08-10 21:42:32,794] [INFO] Validated fixed split quantity contract | dataset=intermittent source=/home/leekwanhyeong/workspace/paper_research/sample_data/intermittent_v2/intermittent_frozen_5000_with_split.parquet mark_range=[0,8] residual_range=[0.000000,0.994353] max_abs_error=5.68434e-13
[2026-08-10 21:42:32,828] [INFO] Prepared dataset=intermittent base=2.0 | rows=573128 | series=5000 | num_marks=10 | max_order=8 | cache=/home/leekwanhyeong/workspace/paper_research/search_artifacts/intermittent_frozen_5000_e300_20260810/intermittent/cache/intermittent/fixed_split
[2026-08-10 21:42:32,828] [INFO] Run 1/9 | dataset=intermittent model=rmtpp candidate=rmtpp_gru_h64 base=2.0 seed=42
[2026-08-10 21:42:33,244] [INFO] Using fixed chronological splits | dataset=intermittent train_samples=393824 validation_samples=86285 test_samples=88019 | batch_size=128 max_seq_len=96 lookback=520
[2026-08-10 21:42:33,244] [INFO] Held-out test evaluation disabled | evaluation_scope=validation_only
/home/leekwanhyeong/miniconda3/envs/ai_env/lib/python3.12/site-packages/torch/nn/modules/rnn.py:1364: UserWarning: dropout option adds dropout after all but last recurrent layer, so non-zero dropout expects num_layers greater than 1, but got dropout=0.1 and num_layers=1
  super().__init__("GRU", *args, **kwargs)
[Epoch 001] train_loss=2.05611894 | score=0.95352015 | val_nll=1.12441322 | val_acc=0.95830098 | val_dt_mae=0.37201494 | val_qty_mae=1.06067833 | train_log_qty_aux=nan | val_log_qty_aux=nan
[Epoch 002] train_loss=0.90643565 | score=0.95307955 | val_nll=0.53760904 | val_acc=0.95849800 | val_dt_mae=0.45088129 | val_qty_mae=0.90963599 | train_log_qty_aux=nan | val_log_qty_aux=nan
[Epoch 003] train_loss=0.38696387 | score=0.94864620 | val_nll=0.12984333 | val_acc=0.95954106 | val_dt_mae=1.01452996 | val_qty_mae=0.74955953 | train_log_qty_aux=nan | val_log_qty_aux=nan
[Epoch 004] train_loss=0.12607101 | score=0.94752391 | val_nll=0.13927503 | val_acc=0.96043345 | val_dt_mae=1.21539744 | val_qty_mae=0.75556074 | train_log_qty_aux=nan | val_log_qty_aux=nan
[Epoch 005] train_loss=-0.39765644 | score=0.94278947 | val_nll=-0.82763551 | val_acc=0.95977285 | val_dt_mae=1.61973929 | val_qty_mae=0.78597820 | train_log_qty_aux=nan | val_log_qty_aux=nan
[Epoch 006] train_loss=-0.89623403 | score=0.94039221 | val_nll=-1.17637945 | val_acc=0.95889204 | val_dt_mae=1.76715165 | val_qty_mae=0.82831660 | train_log_qty_aux=nan | val_log_qty_aux=nan
[Epoch 007] train_loss=-1.12801383 | score=0.94269743 | val_nll=-1.36976310 | val_acc=0.96110564 | val_dt_mae=1.76721330 | val_qty_mae=0.73607954 | train_log_qty_aux=nan | val_log_qty_aux=nan
[Epoch 008] train_loss=-1.31161324 | score=0.94275002 | val_nll=-1.53570703 | val_acc=0.96127948 | val_dt_mae=1.76721330 | val_qty_mae=0.85732907 | train_log_qty_aux=nan | val_log_qty_aux=nan
[Epoch 009] train_loss=-1.46530597 | score=0.94312003 | val_nll=-1.67820701 | val_acc=0.96154604 | val_dt_mae=1.76721330 | val_qty_mae=0.75387842 | train_log_qty_aux=nan | val_log_qty_aux=nan
[Epoch 010] train_loss=-1.59723771 | score=0.94296364 | val_nll=-1.79858534 | val_acc=0.96143014 | val_dt_mae=1.76721330 | val_qty_mae=0.79436652 | train_log_qty_aux=nan | val_log_qty_aux=nan
[Epoch 011] train_loss=-1.71455881 | score=0.94111307 | val_nll=-1.90226429 | val_acc=0.95952947 | val_dt_mae=1.76721330 | val_qty_mae=0.74426723 | train_log_qty_aux=nan | val_log_qty_aux=nan
[Epoch 012] train_loss=-1.81630135 | score=0.94317853 | val_nll=-2.00125464 | val_acc=0.96159240 | val_dt_mae=1.76721330 | val_qty_mae=0.74173918 | train_log_qty_aux=nan | val_log_qty_aux=nan
[Epoch 013] train_loss=-1.90572523 | score=0.94250623 | val_nll=-2.08026351 | val_acc=0.96097815 | val_dt_mae=1.76721330 | val_qty_mae=0.79979015 | train_log_qty_aux=nan | val_log_qty_aux=nan
[Epoch 014] train_loss=-1.98652506 | score=0.94341261 | val_nll=-2.15971972 | val_acc=0.96180101 | val_dt_mae=1.76721330 | val_qty_mae=0.71626508 | train_log_qty_aux=nan | val_log_qty_aux=nan
[Epoch 015] train_loss=-2.05990998 | score=0.94304933 | val_nll=-2.22851821 | val_acc=0.96141855 | val_dt_mae=1.76721330 | val_qty_mae=0.69708977 | train_log_qty_aux=nan | val_log_qty_aux=nan
[Epoch 016] train_loss=-2.12479591 | score=0.94371021 | val_nll=-2.29313399 | val_acc=0.96210234 | val_dt_mae=1.76721330 | val_qty_mae=0.71999439 | train_log_qty_aux=nan | val_log_qty_aux=nan
[Epoch 017] train_loss=-2.18647374 | score=0.94164572 | val_nll=-2.34702179 | val_acc=0.96007417 | val_dt_mae=1.76721330 | val_qty_mae=0.75631774 | train_log_qty_aux=nan | val_log_qty_aux=nan
[Epoch 018] train_loss=-2.24231191 | score=0.94404830 | val_nll=-2.40300550 | val_acc=0.96241525 | val_dt_mae=1.76721330 | val_qty_mae=0.69481657 | train_log_qty_aux=nan | val_log_qty_aux=nan
[Epoch 019] train_loss=-2.29169496 | score=0.94375685 | val_nll=-2.45315841 | val_acc=0.96212551 | val_dt_mae=1.76721330 | val_qty_mae=0.69653272 | train_log_qty_aux=nan | val_log_qty_aux=nan
[Epoch 020] train_loss=-2.34013961 | score=0.94441020 | val_nll=-2.49278703 | val_acc=0.96290201 | val_dt_mae=1.76721330 | val_qty_mae=0.81967703 | train_log_qty_aux=nan | val_log_qty_aux=nan
[Epoch 021] train_loss=-2.38338639 | score=0.94426316 | val_nll=-2.53745478 | val_acc=0.96275135 | val_dt_mae=1.76721330 | val_qty_mae=0.81605721 | train_log_qty_aux=nan | val_log_qty_aux=nan
[Epoch 022] train_loss=-2.42573658 | score=0.94465834 | val_nll=-2.57959543 | val_acc=0.96321493 | val_dt_mae=1.76721330 | val_qty_mae=0.88445602 | train_log_qty_aux=nan | val_log_qty_aux=nan
[Epoch 023] train_loss=-2.46473092 | score=0.94400729 | val_nll=-2.61433215 | val_acc=0.96238048 | val_dt_mae=1.76721330 | val_qty_mae=0.70106240 | train_log_qty_aux=nan | val_log_qty_aux=nan
[Epoch 024] train_loss=-2.50061121 | score=0.94444706 | val_nll=-2.65271829 | val_acc=0.96290201 | val_dt_mae=1.76721330 | val_qty_mae=0.78281783 | train_log_qty_aux=nan | val_log_qty_aux=nan
[Epoch 025] train_loss=-2.53495425 | score=0.94489826 | val_nll=-2.68347972 | val_acc=0.96330764 | val_dt_mae=1.76721330 | val_qty_mae=0.73724747 | train_log_qty_aux=nan | val_log_qty_aux=nan
[Epoch 026] train_loss=-2.56597804 | score=0.94416756 | val_nll=-2.71207225 | val_acc=0.96253115 | val_dt_mae=1.76721330 | val_qty_mae=0.69144890 | train_log_qty_aux=nan | val_log_qty_aux=nan
[Epoch 027] train_loss=-2.59596794 | score=0.94503411 | val_nll=-2.74495878 | val_acc=0.96340036 | val_dt_mae=1.76721330 | val_qty_mae=0.69411299 | train_log_qty_aux=nan | val_log_qty_aux=nan
[Epoch 028] train_loss=-2.62424507 | score=0.94325323 | val_nll=-2.76642390 | val_acc=0.96166193 | val_dt_mae=1.76721330 | val_qty_mae=0.73657582 | train_log_qty_aux=nan | val_log_qty_aux=nan
[Epoch 029] train_loss=-2.65087765 | score=0.94395138 | val_nll=-2.79229740 | val_acc=0.96226459 | val_dt_mae=1.76721330 | val_qty_mae=0.64107985 | train_log_qty_aux=nan | val_log_qty_aux=nan
[Epoch 030] train_loss=-2.67712646 | score=0.94418678 | val_nll=-2.81796612 | val_acc=0.96262386 | val_dt_mae=1.76721330 | val_qty_mae=0.76494615 | train_log_qty_aux=nan | val_log_qty_aux=nan
[Epoch 031] train_loss=-2.70085428 | score=0.94450671 | val_nll=-2.84122069 | val_acc=0.96286724 | val_dt_mae=1.76721330 | val_qty_mae=0.68840264 | train_log_qty_aux=nan | val_log_qty_aux=nan
[Epoch 032] train_loss=-2.72359437 | score=0.94476602 | val_nll=-2.86550522 | val_acc=0.96314539 | val_dt_mae=1.76721330 | val_qty_mae=0.70723606 | train_log_qty_aux=nan | val_log_qty_aux=nan
[Epoch 033] train_loss=-2.74535777 | score=0.94428774 | val_nll=-2.88416578 | val_acc=0.96262386 | val_dt_mae=1.76721330 | val_qty_mae=0.66399057 | train_log_qty_aux=nan | val_log_qty_aux=nan
[Epoch 034] train_loss=-2.76581218 | score=0.94410319 | val_nll=-2.90311026 | val_acc=0.96249638 | val_dt_mae=1.76721330 | val_qty_mae=0.72105826 | train_log_qty_aux=nan | val_log_qty_aux=nan
[Epoch 035] train_loss=-2.78617411 | score=0.94324621 | val_nll=-2.92191891 | val_acc=0.96167352 | val_dt_mae=1.76721330 | val_qty_mae=0.75518489 | train_log_qty_aux=nan | val_log_qty_aux=nan
[Epoch 036] train_loss=-2.80470379 | score=0.94469172 | val_nll=-2.94195241 | val_acc=0.96304108 | val_dt_mae=1.76721330 | val_qty_mae=0.67723144 | train_log_qty_aux=nan | val_log_qty_aux=nan
[Epoch 037] train_loss=-2.82158656 | score=0.94360441 | val_nll=-2.95548076 | val_acc=0.96198644 | val_dt_mae=1.76721330 | val_qty_mae=0.70990189 | train_log_qty_aux=nan | val_log_qty_aux=nan
[Epoch 038] train_loss=-2.83877487 | score=0.94244634 | val_nll=-2.96787603 | val_acc=0.96090862 | val_dt_mae=1.76721330 | val_qty_mae=0.79014438 | train_log_qty_aux=nan | val_log_qty_aux=nan
[Epoch 039] train_loss=-2.85571214 | score=0.94519574 | val_nll=-2.99170306 | val_acc=0.96366692 | val_dt_mae=1.76721330 | val_qty_mae=0.79904353 | train_log_qty_aux=nan | val_log_qty_aux=nan
[Epoch 040] train_loss=-2.87194984 | score=0.94403262 | val_nll=-3.00513986 | val_acc=0.96241525 | val_dt_mae=1.76721330 | val_qty_mae=0.71050159 | train_log_qty_aux=nan | val_log_qty_aux=nan
[Epoch 041] train_loss=-2.88553842 | score=0.94252659 | val_nll=-3.01209055 | val_acc=0.96094339 | val_dt_mae=1.76721330 | val_qty_mae=0.74466545 | train_log_qty_aux=nan | val_log_qty_aux=nan
[Epoch 042] train_loss=-2.89993514 | score=0.94308527 | val_nll=-3.02826027 | val_acc=0.96147650 | val_dt_mae=1.76721330 | val_qty_mae=0.71910183 | train_log_qty_aux=nan | val_log_qty_aux=nan
[Epoch 043] train_loss=-2.91403499 | score=0.94481937 | val_nll=-3.04792612 | val_acc=0.96316857 | val_dt_mae=1.76721330 | val_qty_mae=0.67706153 | train_log_qty_aux=nan | val_log_qty_aux=nan
[Epoch 044] train_loss=-2.92718114 | score=0.94480982 | val_nll=-3.05696128 | val_acc=0.96318016 | val_dt_mae=1.76721330 | val_qty_mae=0.69820724 | train_log_qty_aux=nan | val_log_qty_aux=nan
[Epoch 045] train_loss=-2.93895348 | score=0.94397436 | val_nll=-3.07117054 | val_acc=0.96241525 | val_dt_mae=1.76721330 | val_qty_mae=0.76875471 | train_log_qty_aux=nan | val_log_qty_aux=nan
[Epoch 046] train_loss=-2.95105645 | score=0.94434440 | val_nll=-3.08107024 | val_acc=0.96271658 | val_dt_mae=1.76721330 | val_qty_mae=0.70004462 | train_log_qty_aux=nan | val_log_qty_aux=nan
[Epoch 047] train_loss=-2.96286047 | score=0.94381813 | val_nll=-3.09237241 | val_acc=0.96227618 | val_dt_mae=1.76721330 | val_qty_mae=0.78591600 | train_log_qty_aux=nan | val_log_qty_aux=nan
[Epoch 048] train_loss=-2.97416191 | score=0.94485351 | val_nll=-3.10511904 | val_acc=0.96324970 | val_dt_mae=1.76721330 | val_qty_mae=0.72405000 | train_log_qty_aux=nan | val_log_qty_aux=nan
[Epoch 049] train_loss=-2.98507748 | score=0.94384026 | val_nll=-3.11293541 | val_acc=0.96224141 | val_dt_mae=1.76721330 | val_qty_mae=0.72901759 | train_log_qty_aux=nan | val_log_qty_aux=nan
[Epoch 050] train_loss=-2.99574154 | score=0.94495030 | val_nll=-3.12672446 | val_acc=0.96337718 | val_dt_mae=1.76721330 | val_qty_mae=0.75474592 | train_log_qty_aux=nan | val_log_qty_aux=nan
[Epoch 051] train_loss=-3.00505155 | score=0.94356885 | val_nll=-3.13516599 | val_acc=0.96192849 | val_dt_mae=1.76721330 | val_qty_mae=0.68750947 | train_log_qty_aux=nan | val_log_qty_aux=nan
[Epoch 052] train_loss=-3.01441562 | score=0.94467862 | val_nll=-3.14253791 | val_acc=0.96302950 | val_dt_mae=1.76721330 | val_qty_mae=0.67874551 | train_log_qty_aux=nan | val_log_qty_aux=nan
[Epoch 053] train_loss=-3.02377714 | score=0.94582338 | val_nll=-3.15611864 | val_acc=0.96426957 | val_dt_mae=1.76721330 | val_qty_mae=0.77405385 | train_log_qty_aux=nan | val_log_qty_aux=nan
[Epoch 054] train_loss=-3.03233836 | score=0.94429249 | val_nll=-3.16214464 | val_acc=0.96264704 | val_dt_mae=1.76721330 | val_qty_mae=0.68241996 | train_log_qty_aux=nan | val_log_qty_aux=nan
[Epoch 055] train_loss=-3.04099709 | score=0.94512097 | val_nll=-3.16927430 | val_acc=0.96350466 | val_dt_mae=1.76721330 | val_qty_mae=0.71156354 | train_log_qty_aux=nan | val_log_qty_aux=nan
[Epoch 056] train_loss=-3.04890071 | score=0.94540194 | val_nll=-3.17666902 | val_acc=0.96381758 | val_dt_mae=1.76721330 | val_qty_mae=0.74350338 | train_log_qty_aux=nan | val_log_qty_aux=nan
[Epoch 057] train_loss=-3.05695995 | score=0.94365319 | val_nll=-3.18182283 | val_acc=0.96205598 | val_dt_mae=1.76721330 | val_qty_mae=0.73064977 | train_log_qty_aux=nan | val_log_qty_aux=nan
[Epoch 058] train_loss=-3.06455768 | score=0.94484193 | val_nll=-3.19304959 | val_acc=0.96321493 | val_dt_mae=1.76721330 | val_qty_mae=0.70086830 | train_log_qty_aux=nan | val_log_qty_aux=nan
[Epoch 059] train_loss=-3.07190314 | score=0.94463348 | val_nll=-3.19837244 | val_acc=0.96306426 | val_dt_mae=1.76721330 | val_qty_mae=0.75865076 | train_log_qty_aux=nan | val_log_qty_aux=nan
[Epoch 060] train_loss=-3.07842091 | score=0.94427885 | val_nll=-3.20481992 | val_acc=0.96265863 | val_dt_mae=1.76721330 | val_qty_mae=0.70764722 | train_log_qty_aux=nan | val_log_qty_aux=nan
[Epoch 061] train_loss=-3.08497728 | score=0.94516711 | val_nll=-3.21384974 | val_acc=0.96356261 | val_dt_mae=1.76721330 | val_qty_mae=0.72337350 | train_log_qty_aux=nan | val_log_qty_aux=nan
[Epoch 062] train_loss=-3.09265076 | score=0.94519834 | val_nll=-3.21753251 | val_acc=0.96356261 | val_dt_mae=1.76721330 | val_qty_mae=0.69214213 | train_log_qty_aux=nan | val_log_qty_aux=nan
[Epoch 063] train_loss=-3.09820031 | score=0.94426055 | val_nll=-3.22352115 | val_acc=0.96263545 | val_dt_mae=1.76721330 | val_qty_mae=0.70277213 | train_log_qty_aux=nan | val_log_qty_aux=nan
[Epoch 064] train_loss=-3.10494532 | score=0.94423173 | val_nll=-3.22916437 | val_acc=0.96262386 | val_dt_mae=1.76721330 | val_qty_mae=0.72000324 | train_log_qty_aux=nan | val_log_qty_aux=nan
[Epoch 065] train_loss=-3.11052522 | score=0.94496998 | val_nll=-3.23808747 | val_acc=0.96337718 | val_dt_mae=1.76721330 | val_qty_mae=0.73506678 | train_log_qty_aux=nan | val_log_qty_aux=nan
[Epoch 066] train_loss=-3.11606869 | score=0.94580382 | val_nll=-3.24521548 | val_acc=0.96416527 | val_dt_mae=1.76721330 | val_qty_mae=0.68931685 | train_log_qty_aux=nan | val_log_qty_aux=nan
[Epoch 067] train_loss=-3.12134708 | score=0.94454883 | val_nll=-3.24590424 | val_acc=0.96295996 | val_dt_mae=1.76721330 | val_qty_mae=0.73899635 | train_log_qty_aux=nan | val_log_qty_aux=nan
[Epoch 068] train_loss=-3.12695223 | score=0.94220535 | val_nll=-3.24695114 | val_acc=0.96060729 | val_dt_mae=1.76721330 | val_qty_mae=0.72980587 | train_log_qty_aux=nan | val_log_qty_aux=nan
[Epoch 069] train_loss=-3.13246243 | score=0.94448123 | val_nll=-3.25595302 | val_acc=0.96279771 | val_dt_mae=1.76721330 | val_qty_mae=0.64434129 | train_log_qty_aux=nan | val_log_qty_aux=nan
[Epoch 070] train_loss=-3.13751546 | score=0.94519018 | val_nll=-3.26354642 | val_acc=0.96359738 | val_dt_mae=1.76721330 | val_qty_mae=0.73506626 | train_log_qty_aux=nan | val_log_qty_aux=nan
[Epoch 071] train_loss=-3.14179526 | score=0.94431145 | val_nll=-3.26533338 | val_acc=0.96271658 | val_dt_mae=1.76721330 | val_qty_mae=0.73299577 | train_log_qty_aux=nan | val_log_qty_aux=nan
[Epoch 072] train_loss=-3.14720121 | score=0.94581341 | val_nll=-3.27288450 | val_acc=0.96420003 | val_dt_mae=1.76721330 | val_qty_mae=0.71449536 | train_log_qty_aux=nan | val_log_qty_aux=nan
[Epoch 073] train_loss=-3.15152695 | score=0.94550627 | val_nll=-3.27870869 | val_acc=0.96387553 | val_dt_mae=1.76721330 | val_qty_mae=0.69712948 | train_log_qty_aux=nan | val_log_qty_aux=nan
[Epoch 074] train_loss=-3.15616416 | score=0.94487086 | val_nll=-3.27923287 | val_acc=0.96335400 | val_dt_mae=1.76721330 | val_qty_mae=0.81100519 | train_log_qty_aux=nan | val_log_qty_aux=nan
[Epoch 075] train_loss=-3.15996188 | score=0.94617942 | val_nll=-3.28798760 | val_acc=0.96453613 | val_dt_mae=1.76721330 | val_qty_mae=0.68457268 | train_log_qty_aux=nan | val_log_qty_aux=nan
[Epoch 076] train_loss=-3.16457380 | score=0.94406571 | val_nll=-3.28705098 | val_acc=0.96246161 | val_dt_mae=1.76721330 | val_qty_mae=0.72376730 | train_log_qty_aux=nan | val_log_qty_aux=nan
[Epoch 077] train_loss=-3.16776690 | score=0.94563292 | val_nll=-3.29334923 | val_acc=0.96404937 | val_dt_mae=1.76721330 | val_qty_mae=0.74431343 | train_log_qty_aux=nan | val_log_qty_aux=nan
[Epoch 078] train_loss=-3.17233532 | score=0.94580420 | val_nll=-3.29693655 | val_acc=0.96417686 | val_dt_mae=1.76721330 | val_qty_mae=0.70052723 | train_log_qty_aux=nan | val_log_qty_aux=nan
[Epoch 079] train_loss=-3.17591739 | score=0.94471041 | val_nll=-3.30047820 | val_acc=0.96308744 | val_dt_mae=1.76721330 | val_qty_mae=0.70489636 | train_log_qty_aux=nan | val_log_qty_aux=nan
[Epoch 080] train_loss=-3.17987212 | score=0.94570031 | val_nll=-3.30279086 | val_acc=0.96406096 | val_dt_mae=1.76721330 | val_qty_mae=0.68851386 | train_log_qty_aux=nan | val_log_qty_aux=nan
[Epoch 081] train_loss=-3.18395010 | score=0.94516580 | val_nll=-3.30702933 | val_acc=0.96356261 | val_dt_mae=1.76721330 | val_qty_mae=0.72467457 | train_log_qty_aux=nan | val_log_qty_aux=nan
[Epoch 082] train_loss=-3.18632366 | score=0.94599188 | val_nll=-3.31162262 | val_acc=0.96438547 | val_dt_mae=1.76721330 | val_qty_mae=0.72145162 | train_log_qty_aux=nan | val_log_qty_aux=nan
[Epoch 083] train_loss=-3.19031905 | score=0.94532189 | val_nll=-3.31151883 | val_acc=0.96370169 | val_dt_mae=1.76721330 | val_qty_mae=0.70766467 | train_log_qty_aux=nan | val_log_qty_aux=nan
[Epoch 084] train_loss=-3.19294603 | score=0.94393580 | val_nll=-3.31393969 | val_acc=0.96234571 | val_dt_mae=1.76721330 | val_qty_mae=0.73777897 | train_log_qty_aux=nan | val_log_qty_aux=nan
[Epoch 085] train_loss=-3.19613593 | score=0.94500086 | val_nll=-3.31875827 | val_acc=0.96345831 | val_dt_mae=1.76721330 | val_qty_mae=0.78531264 | train_log_qty_aux=nan | val_log_qty_aux=nan
[Epoch 086] train_loss=-3.19869052 | score=0.94542386 | val_nll=-3.32311045 | val_acc=0.96381758 | val_dt_mae=1.76721330 | val_qty_mae=0.72158408 | train_log_qty_aux=nan | val_log_qty_aux=nan
[Epoch 087] train_loss=-3.20161345 | score=0.94363090 | val_nll=-3.32086628 | val_acc=0.96199803 | val_dt_mae=1.76721330 | val_qty_mae=0.69500025 | train_log_qty_aux=nan | val_log_qty_aux=nan
[Epoch 088] train_loss=-3.20441175 | score=0.94487915 | val_nll=-3.32598824 | val_acc=0.96327287 | val_dt_mae=1.76721330 | val_qty_mae=0.72158818 | train_log_qty_aux=nan | val_log_qty_aux=nan
[Epoch 089] train_loss=-3.20718145 | score=0.94558966 | val_nll=-3.33273876 | val_acc=0.96396824 | val_dt_mae=1.76721330 | val_qty_mae=0.70645562 | train_log_qty_aux=nan | val_log_qty_aux=nan
[Epoch 090] train_loss=-3.20962876 | score=0.94441744 | val_nll=-3.33098035 | val_acc=0.96279771 | val_dt_mae=1.76721330 | val_qty_mae=0.70812728 | train_log_qty_aux=nan | val_log_qty_aux=nan
[Epoch 091] train_loss=-3.21288655 | score=0.94522033 | val_nll=-3.33282950 | val_acc=0.96362056 | val_dt_mae=1.76721330 | val_qty_mae=0.72809538 | train_log_qty_aux=nan | val_log_qty_aux=nan
[Epoch 092] train_loss=-3.21476661 | score=0.94609256 | val_nll=-3.33754767 | val_acc=0.96448977 | val_dt_mae=1.76721330 | val_qty_mae=0.72508363 | train_log_qty_aux=nan | val_log_qty_aux=nan
[Epoch 093] train_loss=-3.21799985 | score=0.94592243 | val_nll=-3.33987323 | val_acc=0.96429275 | val_dt_mae=1.76721330 | val_qty_mae=0.69818519 | train_log_qty_aux=nan | val_log_qty_aux=nan
[Epoch 094] train_loss=-3.22047614 | score=0.94541692 | val_nll=-3.34261871 | val_acc=0.96379440 | val_dt_mae=1.76721330 | val_qty_mae=0.70534761 | train_log_qty_aux=nan | val_log_qty_aux=nan
[Epoch 095] train_loss=-3.22236941 | score=0.94508072 | val_nll=-3.34375132 | val_acc=0.96350466 | val_dt_mae=1.76721330 | val_qty_mae=0.75181644 | train_log_qty_aux=nan | val_log_qty_aux=nan
[Epoch 096] train_loss=-3.22467406 | score=0.94575201 | val_nll=-3.34793841 | val_acc=0.96411891 | val_dt_mae=1.76721330 | val_qty_mae=0.69476650 | train_log_qty_aux=nan | val_log_qty_aux=nan
[Epoch 097] train_loss=-3.22635942 | score=0.94555066 | val_nll=-3.34746539 | val_acc=0.96386394 | val_dt_mae=1.76721330 | val_qty_mae=0.64114790 | train_log_qty_aux=nan | val_log_qty_aux=nan
[Epoch 098] train_loss=-3.22787129 | score=0.94535445 | val_nll=-3.34741337 | val_acc=0.96375963 | val_dt_mae=1.76721330 | val_qty_mae=0.73305498 | train_log_qty_aux=nan | val_log_qty_aux=nan
[Epoch 099] train_loss=-3.23010700 | score=0.94397722 | val_nll=-3.34866676 | val_acc=0.96239207 | val_dt_mae=1.76721330 | val_qty_mae=0.74271604 | train_log_qty_aux=nan | val_log_qty_aux=nan
[Epoch 100] train_loss=-3.23177047 | score=0.94531273 | val_nll=-3.34993680 | val_acc=0.96371328 | val_dt_mae=1.76721330 | val_qty_mae=0.72841030 | train_log_qty_aux=nan | val_log_qty_aux=nan
[Epoch 101] train_loss=-3.23389023 | score=0.94247319 | val_nll=-3.34869460 | val_acc=0.96088544 | val_dt_mae=1.76721330 | val_qty_mae=0.74011569 | train_log_qty_aux=nan | val_log_qty_aux=nan
[Epoch 102] train_loss=-3.23613713 | score=0.94415283 | val_nll=-3.35356238 | val_acc=0.96251956 | val_dt_mae=1.76721330 | val_qty_mae=0.69459703 | train_log_qty_aux=nan | val_log_qty_aux=nan
[Epoch 103] train_loss=-3.23758681 | score=0.94570147 | val_nll=-3.35833344 | val_acc=0.96411891 | val_dt_mae=1.76721330 | val_qty_mae=0.74530667 | train_log_qty_aux=nan | val_log_qty_aux=nan
[Epoch 104] train_loss=-3.23960035 | score=0.94390718 | val_nll=-3.35951034 | val_acc=0.96227618 | val_dt_mae=1.76721330 | val_qty_mae=0.69686768 | train_log_qty_aux=nan | val_log_qty_aux=nan
[Epoch 105] train_loss=-3.24168259 | score=0.94459068 | val_nll=-3.35654770 | val_acc=0.96299473 | val_dt_mae=1.76721330 | val_qty_mae=0.73191741 | train_log_qty_aux=nan | val_log_qty_aux=nan
[Epoch 106] train_loss=-3.24270993 | score=0.94590099 | val_nll=-3.36545881 | val_acc=0.96436229 | val_dt_mae=1.76721330 | val_qty_mae=0.78916291 | train_log_qty_aux=nan | val_log_qty_aux=nan
[Epoch 107] train_loss=-3.24453035 | score=0.94623073 | val_nll=-3.36608116 | val_acc=0.96460567 | val_dt_mae=1.76721330 | val_qty_mae=0.70279940 | train_log_qty_aux=nan | val_log_qty_aux=nan
[Epoch 108] train_loss=-3.24631005 | score=0.94378155 | val_nll=-3.36185064 | val_acc=0.96214869 | val_dt_mae=1.76721330 | val_qty_mae=0.69501498 | train_log_qty_aux=nan | val_log_qty_aux=nan
[Epoch 109] train_loss=-3.24705401 | score=0.94472292 | val_nll=-3.36802204 | val_acc=0.96315698 | val_dt_mae=1.76721330 | val_qty_mae=0.76192566 | train_log_qty_aux=nan | val_log_qty_aux=nan
[Epoch 110] train_loss=-3.24890565 | score=0.94459976 | val_nll=-3.36680049 | val_acc=0.96297155 | val_dt_mae=1.76721330 | val_qty_mae=0.69965119 | train_log_qty_aux=nan | val_log_qty_aux=nan
[Epoch 111] train_loss=-3.25026082 | score=0.94575701 | val_nll=-3.37121855 | val_acc=0.96416527 | val_dt_mae=1.76721330 | val_qty_mae=0.73612044 | train_log_qty_aux=nan | val_log_qty_aux=nan
[Epoch 112] train_loss=-3.25155072 | score=0.94522939 | val_nll=-3.37151238 | val_acc=0.96363215 | val_dt_mae=1.76721330 | val_qty_mae=0.73062607 | train_log_qty_aux=nan | val_log_qty_aux=nan
[Epoch 113] train_loss=-3.25236286 | score=0.94569104 | val_nll=-3.37460861 | val_acc=0.96407255 | val_dt_mae=1.76721330 | val_qty_mae=0.70937636 | train_log_qty_aux=nan | val_log_qty_aux=nan
[Epoch 114] train_loss=-3.25375946 | score=0.94514832 | val_nll=-3.37200965 | val_acc=0.96348149 | val_dt_mae=1.76721330 | val_qty_mae=0.66102999 | train_log_qty_aux=nan | val_log_qty_aux=nan
[Epoch 115] train_loss=-3.25559021 | score=0.94547636 | val_nll=-3.37779193 | val_acc=0.96385235 | val_dt_mae=1.76721330 | val_qty_mae=0.70385929 | train_log_qty_aux=nan | val_log_qty_aux=nan
[Epoch 116] train_loss=-3.25718105 | score=0.94464986 | val_nll=-3.37388520 | val_acc=0.96304108 | val_dt_mae=1.76721330 | val_qty_mae=0.71908920 | train_log_qty_aux=nan | val_log_qty_aux=nan
[Epoch 117] train_loss=-3.25773791 | score=0.94547417 | val_nll=-3.37531316 | val_acc=0.96381758 | val_dt_mae=1.76721330 | val_qty_mae=0.67127581 | train_log_qty_aux=nan | val_log_qty_aux=nan
[Epoch 118] train_loss=-3.25882070 | score=0.94558548 | val_nll=-3.37798478 | val_acc=0.96395666 | val_dt_mae=1.76721330 | val_qty_mae=0.69904366 | train_log_qty_aux=nan | val_log_qty_aux=nan
[Epoch 119] train_loss=-3.26000278 | score=0.94601736 | val_nll=-3.38002186 | val_acc=0.96440865 | val_dt_mae=1.76721330 | val_qty_mae=0.71915736 | train_log_qty_aux=nan | val_log_qty_aux=nan
[Epoch 120] train_loss=-3.26140126 | score=0.94547577 | val_nll=-3.37886332 | val_acc=0.96391030 | val_dt_mae=1.76721330 | val_qty_mae=0.76239104 | train_log_qty_aux=nan | val_log_qty_aux=nan
[Epoch 121] train_loss=-3.26266095 | score=0.94574632 | val_nll=-3.38127058 | val_acc=0.96413050 | val_dt_mae=1.76721330 | val_qty_mae=0.71204732 | train_log_qty_aux=nan | val_log_qty_aux=nan
[Epoch 122] train_loss=-3.26401375 | score=0.94565818 | val_nll=-3.38290150 | val_acc=0.96400301 | val_dt_mae=1.76721330 | val_qty_mae=0.67270472 | train_log_qty_aux=nan | val_log_qty_aux=nan
[Epoch 123] train_loss=-3.26419177 | score=0.94415919 | val_nll=-3.38141817 | val_acc=0.96255433 | val_dt_mae=1.76721330 | val_qty_mae=0.72300365 | train_log_qty_aux=nan | val_log_qty_aux=nan
[Epoch 124] train_loss=-3.26507557 | score=0.94541955 | val_nll=-3.38504756 | val_acc=0.96379440 | val_dt_mae=1.76721330 | val_qty_mae=0.70272364 | train_log_qty_aux=nan | val_log_qty_aux=nan
[Epoch 125] train_loss=-3.26575695 | score=0.94493138 | val_nll=-3.38364630 | val_acc=0.96338877 | val_dt_mae=1.76721330 | val_qty_mae=0.78525908 | train_log_qty_aux=nan | val_log_qty_aux=nan
[Epoch 126] train_loss=-3.26784177 | score=0.94567632 | val_nll=-3.38988280 | val_acc=0.96408414 | val_dt_mae=1.76721330 | val_qty_mae=0.73568194 | train_log_qty_aux=nan | val_log_qty_aux=nan
[Epoch 127] train_loss=-3.26877840 | score=0.94458258 | val_nll=-3.38371889 | val_acc=0.96294837 | val_dt_mae=1.76721330 | val_qty_mae=0.69365193 | train_log_qty_aux=nan | val_log_qty_aux=nan
[Epoch 128] train_loss=-3.26854705 | score=0.94475169 | val_nll=-3.38752610 | val_acc=0.96313380 | val_dt_mae=1.76721330 | val_qty_mae=0.70997378 | train_log_qty_aux=nan | val_log_qty_aux=nan
[Epoch 129] train_loss=-3.26969754 | score=0.94545812 | val_nll=-3.38959342 | val_acc=0.96386394 | val_dt_mae=1.76721330 | val_qty_mae=0.73368903 | train_log_qty_aux=nan | val_log_qty_aux=nan
[Epoch 130] train_loss=-3.27031221 | score=0.94406354 | val_nll=-3.38288128 | val_acc=0.96247320 | val_dt_mae=1.76721330 | val_qty_mae=0.73752364 | train_log_qty_aux=nan | val_log_qty_aux=nan
[Epoch 131] train_loss=-3.27187694 | score=0.94532674 | val_nll=-3.38931523 | val_acc=0.96366692 | val_dt_mae=1.76721330 | val_qty_mae=0.66804368 | train_log_qty_aux=nan | val_log_qty_aux=nan
[Epoch 132] train_loss=-3.27275591 | score=0.94643254 | val_nll=-3.39297637 | val_acc=0.96477951 | val_dt_mae=1.76721330 | val_qty_mae=0.67484169 | train_log_qty_aux=nan | val_log_qty_aux=nan
[Epoch 133] train_loss=-3.27306299 | score=0.94251893 | val_nll=-3.38608671 | val_acc=0.96098974 | val_dt_mae=1.76721330 | val_qty_mae=0.79868039 | train_log_qty_aux=nan | val_log_qty_aux=nan
[Epoch 134] train_loss=-3.27429976 | score=0.94496340 | val_nll=-3.39057357 | val_acc=0.96334241 | val_dt_mae=1.76721330 | val_qty_mae=0.70688000 | train_log_qty_aux=nan | val_log_qty_aux=nan
[Epoch 135] train_loss=-3.27461916 | score=0.94350737 | val_nll=-3.38933891 | val_acc=0.96189372 | val_dt_mae=1.76721330 | val_qty_mae=0.71421746 | train_log_qty_aux=nan | val_log_qty_aux=nan
[Epoch 136] train_loss=-3.27521563 | score=0.94425370 | val_nll=-3.39017723 | val_acc=0.96271658 | val_dt_mae=1.76721330 | val_qty_mae=0.79074819 | train_log_qty_aux=nan | val_log_qty_aux=nan
[Epoch 137] train_loss=-3.27604222 | score=0.94532826 | val_nll=-3.39314827 | val_acc=0.96370169 | val_dt_mae=1.76721330 | val_qty_mae=0.70129074 | train_log_qty_aux=nan | val_log_qty_aux=nan
[Epoch 138] train_loss=-3.27608360 | score=0.94552989 | val_nll=-3.39442167 | val_acc=0.96400301 | val_dt_mae=1.76721330 | val_qty_mae=0.80099072 | train_log_qty_aux=nan | val_log_qty_aux=nan
[Epoch 139] train_loss=-3.27748223 | score=0.94554476 | val_nll=-3.39491346 | val_acc=0.96404937 | val_dt_mae=1.76721330 | val_qty_mae=0.83247588 | train_log_qty_aux=nan | val_log_qty_aux=nan
[Epoch 140] train_loss=-3.27717990 | score=0.94422616 | val_nll=-3.39398982 | val_acc=0.96262386 | val_dt_mae=1.76721330 | val_qty_mae=0.72556621 | train_log_qty_aux=nan | val_log_qty_aux=nan
[Epoch 141] train_loss=-3.27871399 | score=0.94449475 | val_nll=-3.39406041 | val_acc=0.96289042 | val_dt_mae=1.76721330 | val_qty_mae=0.72353343 | train_log_qty_aux=nan | val_log_qty_aux=nan
[Epoch 142] train_loss=-3.27917696 | score=0.94508326 | val_nll=-3.39425745 | val_acc=0.96345831 | val_dt_mae=1.76721330 | val_qty_mae=0.70291005 | train_log_qty_aux=nan | val_log_qty_aux=nan
[Epoch 143] train_loss=-3.27988213 | score=0.94556388 | val_nll=-3.39706333 | val_acc=0.96393348 | val_dt_mae=1.76721330 | val_qty_mae=0.69746041 | train_log_qty_aux=nan | val_log_qty_aux=nan
[Epoch 144] train_loss=-3.28097289 | score=0.94461728 | val_nll=-3.39575310 | val_acc=0.96299473 | val_dt_mae=1.76721330 | val_qty_mae=0.70531729 | train_log_qty_aux=nan | val_log_qty_aux=nan
[Epoch 145] train_loss=-3.28059028 | score=0.94426993 | val_nll=-3.39488596 | val_acc=0.96267022 | val_dt_mae=1.76721330 | val_qty_mae=0.72816164 | train_log_qty_aux=nan | val_log_qty_aux=nan
[Epoch 146] train_loss=-3.28119172 | score=0.94272393 | val_nll=-3.39109429 | val_acc=0.96112882 | val_dt_mae=1.76721330 | val_qty_mae=0.73275784 | train_log_qty_aux=nan | val_log_qty_aux=nan
[Epoch 147] train_loss=-3.28187085 | score=0.94470392 | val_nll=-3.39787330 | val_acc=0.96313380 | val_dt_mae=1.76721330 | val_qty_mae=0.75774820 | train_log_qty_aux=nan | val_log_qty_aux=nan
[Epoch 148] train_loss=-3.28245235 | score=0.94587795 | val_nll=-3.40063417 | val_acc=0.96425798 | val_dt_mae=1.76721330 | val_qty_mae=0.70790043 | train_log_qty_aux=nan | val_log_qty_aux=nan
[Epoch 149] train_loss=-3.28252649 | score=0.94556219 | val_nll=-3.39948240 | val_acc=0.96400301 | val_dt_mae=1.76721330 | val_qty_mae=0.76868627 | train_log_qty_aux=nan | val_log_qty_aux=nan
[Epoch 150] train_loss=-3.28408039 | score=0.94363832 | val_nll=-3.39313351 | val_acc=0.96209075 | val_dt_mae=1.76721330 | val_qty_mae=0.78029140 | train_log_qty_aux=nan | val_log_qty_aux=nan
[Epoch 151] train_loss=-3.28410957 | score=0.94537764 | val_nll=-3.40137618 | val_acc=0.96381758 | val_dt_mae=1.76721330 | val_qty_mae=0.76780706 | train_log_qty_aux=nan | val_log_qty_aux=nan
[Epoch 152] train_loss=-3.28495206 | score=0.94482949 | val_nll=-3.40025707 | val_acc=0.96320334 | val_dt_mae=1.76721330 | val_qty_mae=0.70171159 | train_log_qty_aux=nan | val_log_qty_aux=nan
[Epoch 153] train_loss=-3.28470382 | score=0.94486820 | val_nll=-3.40178353 | val_acc=0.96322652 | val_dt_mae=1.76721330 | val_qty_mae=0.68618046 | train_log_qty_aux=nan | val_log_qty_aux=nan
[Epoch 154] train_loss=-3.28514297 | score=0.94535343 | val_nll=-3.40127673 | val_acc=0.96374804 | val_dt_mae=1.76721330 | val_qty_mae=0.72247891 | train_log_qty_aux=nan | val_log_qty_aux=nan
[Epoch 155] train_loss=-3.28611329 | score=0.94560778 | val_nll=-3.40369081 | val_acc=0.96400301 | val_dt_mae=1.76721330 | val_qty_mae=0.72309802 | train_log_qty_aux=nan | val_log_qty_aux=nan
[Epoch 156] train_loss=-3.28581377 | score=0.94479267 | val_nll=-3.40216026 | val_acc=0.96320334 | val_dt_mae=1.76721330 | val_qty_mae=0.73853932 | train_log_qty_aux=nan | val_log_qty_aux=nan
[Epoch 157] train_loss=-3.28610988 | score=0.94520225 | val_nll=-3.40282637 | val_acc=0.96355102 | val_dt_mae=1.76721330 | val_qty_mae=0.67664010 | train_log_qty_aux=nan | val_log_qty_aux=nan
[Epoch 158] train_loss=-3.28724073 | score=0.94432238 | val_nll=-3.40161995 | val_acc=0.96280929 | val_dt_mae=1.76721330 | val_qty_mae=0.81478096 | train_log_qty_aux=nan | val_log_qty_aux=nan
[Epoch 159] train_loss=-3.28710921 | score=0.94555647 | val_nll=-3.40358097 | val_acc=0.96397983 | val_dt_mae=1.76721330 | val_qty_mae=0.75123480 | train_log_qty_aux=nan | val_log_qty_aux=nan
[Epoch 160] train_loss=-3.28738706 | score=0.94505680 | val_nll=-3.40187330 | val_acc=0.96349308 | val_dt_mae=1.76721330 | val_qty_mae=0.76414376 | train_log_qty_aux=nan | val_log_qty_aux=nan
[Epoch 161] train_loss=-3.28756551 | score=0.94501614 | val_nll=-3.40481657 | val_acc=0.96341195 | val_dt_mae=1.76721330 | val_qty_mae=0.72367281 | train_log_qty_aux=nan | val_log_qty_aux=nan
[Epoch 162] train_loss=-3.28804206 | score=0.94426438 | val_nll=-3.40110093 | val_acc=0.96267022 | val_dt_mae=1.76721330 | val_qty_mae=0.73371023 | train_log_qty_aux=nan | val_log_qty_aux=nan
[Epoch 163] train_loss=-3.28813480 | score=0.94451887 | val_nll=-3.40149100 | val_acc=0.96285565 | val_dt_mae=1.76721330 | val_qty_mae=0.66465337 | train_log_qty_aux=nan | val_log_qty_aux=nan
[Epoch 164] train_loss=-3.28852158 | score=0.94475894 | val_nll=-3.40448171 | val_acc=0.96319175 | val_dt_mae=1.76721330 | val_qty_mae=0.76067603 | train_log_qty_aux=nan | val_log_qty_aux=nan
[Epoch 165] train_loss=-3.28846880 | score=0.94446310 | val_nll=-3.40351745 | val_acc=0.96287883 | val_dt_mae=1.76721330 | val_qty_mae=0.74359658 | train_log_qty_aux=nan | val_log_qty_aux=nan
[Epoch 166] train_loss=-3.28916316 | score=0.94496886 | val_nll=-3.40477935 | val_acc=0.96338877 | val_dt_mae=1.76721330 | val_qty_mae=0.74778104 | train_log_qty_aux=nan | val_log_qty_aux=nan
[Epoch 167] train_loss=-3.28972378 | score=0.94543710 | val_nll=-3.40838156 | val_acc=0.96382917 | val_dt_mae=1.76721330 | val_qty_mae=0.71993379 | train_log_qty_aux=nan | val_log_qty_aux=nan
Unified TPP Experiment Configuration:: ExperimentConfig(base_dir='/home/leekwanhyeong/workspace/paper_research/search_artifacts/intermittent_frozen_5000_e300_20260810/intermittent', experiment_mode='long-epoch', device='cuda', reproducibility_mode='strict', lookback_weeks=520, max_seq_len=96, batch_size=128, lr=0.001, val_ratio=0.2, lambda_value=1.0, lambda_dt=1.0, grad_clip=1.0, epochs=300, seeds=(42, 52, 62), datasets=('intermittent',), models=('rmtpp', 'thp'), titan_profile='dataset_best', titan_candidates=('small_lmm',), thp_candidates=('small',), intermittent_runtime_profile='long', intermittent_max_series=None, intermittent_split_with_path='/home/leekwanhyeong/workspace/paper_research/sample_data/intermittent_v2/intermittent_frozen_5000_with_split.parquet', intermittent_split_train_path='/home/leekwanhyeong/workspace/paper_research/sample_data/intermittent_v2/intermittent_frozen_5000_train.parquet', intermittent_split_validation_path='/home/leekwanhyeong/workspace/paper_research/sample_data/intermittent_v2/intermittent_frozen_5000_validation.parquet', intermittent_split_test_path='/home/leekwanhyeong/workspace/paper_research/sample_data/intermittent_v2/intermittent_frozen_5000_test.parquet', intermittent_split_manifest_path='/home/leekwanhyeong/workspace/paper_research/sample_data/intermittent_v2/intermittent_frozen_5000_split_manifest.json', yellow_max_series=None, insta_max_series=None, force_rerun=False, stop_on_error=True, early_stopping_patience=40, min_epochs=40, split_mode='fixed', evaluation_scope='validation_only', rmtpp_rnn_type='gru', rmtpp_mark_emb_dim=32, rmtpp_hidden_dim=64, value_head_activation='identity', value_head_mode='shared', time_head_mode='shared', qty_mark_gradient_mode='coupled', value_encoder_gradient_mode='coupled', marker_loss_mode='ce', lambda_ordinal=0.0, qty_decoder_mode='mark_residual', magnitude_norm_mode='global', magnitude_input_emb_dim=8, lambda_magnitude=1.0, magnitude_encoder_gradient_mode='coupled', magnitude_aux_loss_mode='none', lambda_log_qty=0.25, log_qty_huber_delta=1.0, log_qty_floor=1.0, magnitude_sigma_floor=0.0014535461338152059, magnitude_revin_eps=1e-05, magnitude_shrinkage_k=8.0, magnitude_center_mode='mean', magnitude_revin_affine=False, magnitude_stat_context_mode='none', magnitude_exp_clamp_min=-2.0, magnitude_exp_clamp_max=15.0, loss_mode='hybrid', value_input_mode='residual', value_input_emb_dim=8, train_loss_scope='target_only', test_time_memory='none', analysis_scale_base=2.0, analysis_tail_order=7, eval_selections=('best_val_nll',))
[2026-08-10 22:42:54,369] [INFO] Preparing marked datasets for profile=dataset_best
[2026-08-10 22:42:54,389] [INFO] Prepared dataset=intermittent base=2.0 | rows=573128 | series=5000 | num_marks=10 | max_order=8 | cache=/home/leekwanhyeong/workspace/paper_research/search_artifacts/intermittent_frozen_5000_e300_20260810/intermittent/cache/intermittent/fixed_split
[2026-08-10 22:42:54,389] [INFO] Run 1/6 | dataset=intermittent model=rmtpp candidate=rmtpp_gru_h64 base=2.0 seed=42
[2026-08-10 22:42:54,838] [INFO] Using fixed chronological splits | dataset=intermittent train_samples=393824 validation_samples=86285 test_samples=88019 | batch_size=128 max_seq_len=96 lookback=520
[2026-08-10 22:42:54,838] [INFO] Held-out test evaluation disabled | evaluation_scope=validation_only
/home/leekwanhyeong/miniconda3/envs/ai_env/lib/python3.12/site-packages/torch/nn/modules/rnn.py:1364: UserWarning: dropout option adds dropout after all but last recurrent layer, so non-zero dropout expects num_layers greater than 1, but got dropout=0.1 and num_layers=1
  super().__init__("GRU", *args, **kwargs)
[2026-08-10 22:42:54,933] [INFO] Resuming run from epoch checkpoint | dataset=intermittent model=rmtpp candidate=rmtpp_gru_h64 seed=42 last_epoch=167 target_epochs=300
[resume] loaded /home/leekwanhyeong/workspace/paper_research/search_artifacts/intermittent_frozen_5000_e300_20260810/intermittent/runs/intermittent/rmtpp/lossmode_hybrid/repro_strict/split_fixed/evalscope_validation_only/value_identity/valueinput_residual/valueemb_8/trainscope_target_only/profile_dataset_best/base_2p0/rmtpp_gru_h64/epochs_300/seed_42/checkpoints/last_epoch_state.pt | next_epoch=168 | target_epochs=300
[Epoch 168] train_loss=-3.29063144 | score=0.94369329 | val_nll=-3.40310438 | val_acc=0.96216028 | val_dt_mae=1.76721330 | val_qty_mae=0.79486379 | train_log_qty_aux=nan | val_log_qty_aux=nan
[Epoch 169] train_loss=-3.29049829 | score=0.94443221 | val_nll=-3.40309904 | val_acc=0.96283247 | val_dt_mae=1.76721330 | val_qty_mae=0.72813329 | train_log_qty_aux=nan | val_log_qty_aux=nan
[Epoch 170] train_loss=-3.29064933 | score=0.94542545 | val_nll=-3.40674546 | val_acc=0.96379440 | val_dt_mae=1.76721330 | val_qty_mae=0.69681599 | train_log_qty_aux=nan | val_log_qty_aux=nan
[Epoch 171] train_loss=-3.29105698 | score=0.94572646 | val_nll=-3.40739473 | val_acc=0.96409573 | val_dt_mae=1.76721330 | val_qty_mae=0.69713707 | train_log_qty_aux=nan | val_log_qty_aux=nan
[Epoch 172] train_loss=-3.29078757 | score=0.94562271 | val_nll=-3.40898892 | val_acc=0.96400301 | val_dt_mae=1.76721330 | val_qty_mae=0.70817497 | train_log_qty_aux=nan | val_log_qty_aux=nan
[Epoch 173] train_loss=-3.29154457 | score=0.94494732 | val_nll=-3.40746572 | val_acc=0.96334241 | val_dt_mae=1.76721330 | val_qty_mae=0.72295715 | train_log_qty_aux=nan | val_log_qty_aux=nan
[Epoch 174] train_loss=-3.29118951 | score=0.94479299 | val_nll=-3.40553114 | val_acc=0.96319175 | val_dt_mae=1.76721330 | val_qty_mae=0.72662891 | train_log_qty_aux=nan | val_log_qty_aux=nan
[Epoch 175] train_loss=-3.29175834 | score=0.94486318 | val_nll=-3.40536348 | val_acc=0.96323811 | val_dt_mae=1.76721330 | val_qty_mae=0.70278899 | train_log_qty_aux=nan | val_log_qty_aux=nan
[Epoch 176] train_loss=-3.29188758 | score=0.94575291 | val_nll=-3.40824507 | val_acc=0.96415368 | val_dt_mae=1.76721330 | val_qty_mae=0.72863717 | train_log_qty_aux=nan | val_log_qty_aux=nan
[Epoch 177] train_loss=-3.29275297 | score=0.94592497 | val_nll=-3.40980471 | val_acc=0.96428116 | val_dt_mae=1.76721330 | val_qty_mae=0.68405573 | train_log_qty_aux=nan | val_log_qty_aux=nan
[Epoch 178] train_loss=-3.29232132 | score=0.94404507 | val_nll=-3.40704996 | val_acc=0.96246161 | val_dt_mae=1.76721330 | val_qty_mae=0.74440755 | train_log_qty_aux=nan | val_log_qty_aux=nan
[Epoch 179] train_loss=-3.29363001 | score=0.94451206 | val_nll=-3.40731072 | val_acc=0.96292519 | val_dt_mae=1.76721330 | val_qty_mae=0.74099794 | train_log_qty_aux=nan | val_log_qty_aux=nan
[Epoch 180] train_loss=-3.29315328 | score=0.94467055 | val_nll=-3.40603726 | val_acc=0.96304108 | val_dt_mae=1.76721330 | val_qty_mae=0.69840366 | train_log_qty_aux=nan | val_log_qty_aux=nan
[Epoch 181] train_loss=-3.29389960 | score=0.94464178 | val_nll=-3.40731322 | val_acc=0.96305267 | val_dt_mae=1.76721330 | val_qty_mae=0.73875828 | train_log_qty_aux=nan | val_log_qty_aux=nan
[Epoch 182] train_loss=-3.29408698 | score=0.94427080 | val_nll=-3.40836518 | val_acc=0.96268181 | val_dt_mae=1.76721330 | val_qty_mae=0.73888097 | train_log_qty_aux=nan | val_log_qty_aux=nan
[Epoch 183] train_loss=-3.29394343 | score=0.94506226 | val_nll=-3.40781839 | val_acc=0.96355102 | val_dt_mae=1.76721330 | val_qty_mae=0.81662641 | train_log_qty_aux=nan | val_log_qty_aux=nan
[Epoch 184] train_loss=-3.29428184 | score=0.94486092 | val_nll=-3.40893344 | val_acc=0.96327287 | val_dt_mae=1.76721330 | val_qty_mae=0.73982587 | train_log_qty_aux=nan | val_log_qty_aux=nan
[Epoch 185] train_loss=-3.29458027 | score=0.94573780 | val_nll=-3.41109349 | val_acc=0.96410732 | val_dt_mae=1.76721330 | val_qty_mae=0.69738921 | train_log_qty_aux=nan | val_log_qty_aux=nan
[Epoch 186] train_loss=-3.29510390 | score=0.94530067 | val_nll=-3.41095709 | val_acc=0.96369010 | val_dt_mae=1.76721330 | val_qty_mae=0.71728929 | train_log_qty_aux=nan | val_log_qty_aux=nan
[Epoch 187] train_loss=-3.29524613 | score=0.94544204 | val_nll=-3.41032396 | val_acc=0.96386394 | val_dt_mae=1.76721330 | val_qty_mae=0.74976655 | train_log_qty_aux=nan | val_log_qty_aux=nan
[Epoch 188] train_loss=-3.29533524 | score=0.94494306 | val_nll=-3.40867804 | val_acc=0.96334241 | val_dt_mae=1.76721330 | val_qty_mae=0.72721844 | train_log_qty_aux=nan | val_log_qty_aux=nan
[Epoch 189] train_loss=-3.29509826 | score=0.94472290 | val_nll=-3.40860840 | val_acc=0.96313380 | val_dt_mae=1.76721330 | val_qty_mae=0.73877098 | train_log_qty_aux=nan | val_log_qty_aux=nan
[Epoch 190] train_loss=-3.29552404 | score=0.94468095 | val_nll=-3.41020475 | val_acc=0.96314539 | val_dt_mae=1.76721330 | val_qty_mae=0.79231017 | train_log_qty_aux=nan | val_log_qty_aux=nan
[Epoch 191] train_loss=-3.29512951 | score=0.94425776 | val_nll=-3.40963022 | val_acc=0.96269340 | val_dt_mae=1.76721330 | val_qty_mae=0.76350895 | train_log_qty_aux=nan | val_log_qty_aux=nan
[Epoch 192] train_loss=-3.29547112 | score=0.94427553 | val_nll=-3.40955725 | val_acc=0.96269340 | val_dt_mae=1.76721330 | val_qty_mae=0.74573888 | train_log_qty_aux=nan | val_log_qty_aux=nan
[Epoch 193] train_loss=-3.29561148 | score=0.94377227 | val_nll=-3.40831385 | val_acc=0.96220664 | val_dt_mae=1.76721330 | val_qty_mae=0.76224111 | train_log_qty_aux=nan | val_log_qty_aux=nan
[Epoch 194] train_loss=-3.29615610 | score=0.94670813 | val_nll=-3.41526385 | val_acc=0.96510402 | val_dt_mae=1.76721330 | val_qty_mae=0.72375061 | train_log_qty_aux=nan | val_log_qty_aux=nan
[Epoch 195] train_loss=-3.29626302 | score=0.94312751 | val_nll=-3.40718264 | val_acc=0.96156922 | val_dt_mae=1.76721330 | val_qty_mae=0.76957309 | train_log_qty_aux=nan | val_log_qty_aux=nan
[Epoch 196] train_loss=-3.29628884 | score=0.94470351 | val_nll=-3.41159252 | val_acc=0.96312221 | val_dt_mae=1.76721330 | val_qty_mae=0.74656975 | train_log_qty_aux=nan | val_log_qty_aux=nan
[Epoch 197] train_loss=-3.29654472 | score=0.94357358 | val_nll=-3.40426988 | val_acc=0.96202121 | val_dt_mae=1.76721330 | val_qty_mae=0.77549900 | train_log_qty_aux=nan | val_log_qty_aux=nan
[Epoch 198] train_loss=-3.29614775 | score=0.94500536 | val_nll=-3.41000141 | val_acc=0.96344672 | val_dt_mae=1.76721330 | val_qty_mae=0.76922874 | train_log_qty_aux=nan | val_log_qty_aux=nan
[Epoch 199] train_loss=-3.29625696 | score=0.94429048 | val_nll=-3.41047767 | val_acc=0.96267022 | val_dt_mae=1.76721330 | val_qty_mae=0.70760439 | train_log_qty_aux=nan | val_log_qty_aux=nan
[Epoch 200] train_loss=-3.29648527 | score=0.94402624 | val_nll=-3.40806067 | val_acc=0.96240366 | val_dt_mae=1.76721330 | val_qty_mae=0.70529345 | train_log_qty_aux=nan | val_log_qty_aux=nan
[Epoch 201] train_loss=-3.29654878 | score=0.94489362 | val_nll=-3.41154989 | val_acc=0.96327287 | val_dt_mae=1.76721330 | val_qty_mae=0.70711957 | train_log_qty_aux=nan | val_log_qty_aux=nan
[Epoch 202] train_loss=-3.29574836 | score=0.94502861 | val_nll=-3.41030399 | val_acc=0.96343513 | val_dt_mae=1.76721330 | val_qty_mae=0.73438288 | train_log_qty_aux=nan | val_log_qty_aux=nan
[Epoch 203] train_loss=-3.29670719 | score=0.94530216 | val_nll=-3.41300754 | val_acc=0.96365533 | val_dt_mae=1.76721330 | val_qty_mae=0.68103213 | train_log_qty_aux=nan | val_log_qty_aux=nan
[Epoch 204] train_loss=-3.29664122 | score=0.94142432 | val_nll=-3.40188286 | val_acc=0.95988874 | val_dt_mae=1.76721330 | val_qty_mae=0.79228417 | train_log_qty_aux=nan | val_log_qty_aux=nan
[Epoch 205] train_loss=-3.29728719 | score=0.94538873 | val_nll=-3.41141948 | val_acc=0.96377122 | val_dt_mae=1.76721330 | val_qty_mae=0.71036397 | train_log_qty_aux=nan | val_log_qty_aux=nan
[Epoch 206] train_loss=-3.29675551 | score=0.94334272 | val_nll=-3.41018103 | val_acc=0.96176624 | val_dt_mae=1.76721330 | val_qty_mae=0.75138199 | train_log_qty_aux=nan | val_log_qty_aux=nan
[Epoch 207] train_loss=-3.29702643 | score=0.94493494 | val_nll=-3.41156669 | val_acc=0.96330764 | val_dt_mae=1.76721330 | val_qty_mae=0.70056725 | train_log_qty_aux=nan | val_log_qty_aux=nan
[Epoch 208] train_loss=-3.29650714 | score=0.94430098 | val_nll=-3.41035652 | val_acc=0.96269340 | val_dt_mae=1.76721330 | val_qty_mae=0.72028347 | train_log_qty_aux=nan | val_log_qty_aux=nan
[Epoch 209] train_loss=-3.29720044 | score=0.94324118 | val_nll=-3.40550697 | val_acc=0.96160399 | val_dt_mae=1.76721330 | val_qty_mae=0.69067246 | train_log_qty_aux=nan | val_log_qty_aux=nan
[Epoch 210] train_loss=-3.29722396 | score=0.94498185 | val_nll=-3.40906013 | val_acc=0.96344672 | val_dt_mae=1.76721330 | val_qty_mae=0.79273030 | train_log_qty_aux=nan | val_log_qty_aux=nan
[Epoch 211] train_loss=-3.29710329 | score=0.94432522 | val_nll=-3.41087136 | val_acc=0.96272817 | val_dt_mae=1.76721330 | val_qty_mae=0.73081620 | train_log_qty_aux=nan | val_log_qty_aux=nan
[Epoch 212] train_loss=-3.29757565 | score=0.94313065 | val_nll=-3.40729026 | val_acc=0.96155763 | val_dt_mae=1.76721330 | val_qty_mae=0.75484480 | train_log_qty_aux=nan | val_log_qty_aux=nan
[Epoch 213] train_loss=-3.29770675 | score=0.94404776 | val_nll=-3.40975477 | val_acc=0.96241525 | val_dt_mae=1.76721330 | val_qty_mae=0.69536213 | train_log_qty_aux=nan | val_log_qty_aux=nan
[Epoch 214] train_loss=-3.29854461 | score=0.94358807 | val_nll=-3.40972724 | val_acc=0.96195167 | val_dt_mae=1.76721330 | val_qty_mae=0.69146848 | train_log_qty_aux=nan | val_log_qty_aux=nan
[Epoch 215] train_loss=-3.29832764 | score=0.94398555 | val_nll=-3.40888697 | val_acc=0.96248479 | val_dt_mae=1.76721330 | val_qty_mae=0.82710559 | train_log_qty_aux=nan | val_log_qty_aux=nan
[Epoch 216] train_loss=-3.29772804 | score=0.94437773 | val_nll=-3.41063083 | val_acc=0.96277453 | val_dt_mae=1.76721330 | val_qty_mae=0.72465948 | train_log_qty_aux=nan | val_log_qty_aux=nan
[Epoch 217] train_loss=-3.29831466 | score=0.94531321 | val_nll=-3.41347749 | val_acc=0.96372487 | val_dt_mae=1.76721330 | val_qty_mae=0.73952563 | train_log_qty_aux=nan | val_log_qty_aux=nan
[Epoch 218] train_loss=-3.29853333 | score=0.94492015 | val_nll=-3.41336438 | val_acc=0.96329605 | val_dt_mae=1.76721330 | val_qty_mae=0.70377402 | train_log_qty_aux=nan | val_log_qty_aux=nan
[Epoch 219] train_loss=-3.29875021 | score=0.94376516 | val_nll=-3.41089231 | val_acc=0.96219505 | val_dt_mae=1.76721330 | val_qty_mae=0.75776239 | train_log_qty_aux=nan | val_log_qty_aux=nan
[Epoch 220] train_loss=-3.29873204 | score=0.94454745 | val_nll=-3.41212654 | val_acc=0.96291360 | val_dt_mae=1.76721330 | val_qty_mae=0.69401929 | train_log_qty_aux=nan | val_log_qty_aux=nan
[Epoch 221] train_loss=-3.29813482 | score=0.94503914 | val_nll=-3.41347687 | val_acc=0.96348149 | val_dt_mae=1.76721330 | val_qty_mae=0.77021583 | train_log_qty_aux=nan | val_log_qty_aux=nan
[Epoch 222] train_loss=-3.29769553 | score=0.94383815 | val_nll=-3.41057820 | val_acc=0.96222982 | val_dt_mae=1.76721330 | val_qty_mae=0.71953605 | train_log_qty_aux=nan | val_log_qty_aux=nan
[Epoch 223] train_loss=-3.29904408 | score=0.94439171 | val_nll=-3.41480411 | val_acc=0.96279771 | val_dt_mae=1.76721330 | val_qty_mae=0.73386347 | train_log_qty_aux=nan | val_log_qty_aux=nan
[Epoch 224] train_loss=-3.29914392 | score=0.94432542 | val_nll=-3.41023402 | val_acc=0.96269340 | val_dt_mae=1.76721330 | val_qty_mae=0.69584682 | train_log_qty_aux=nan | val_log_qty_aux=nan
[Epoch 225] train_loss=-3.29923253 | score=0.94542202 | val_nll=-3.41530767 | val_acc=0.96382917 | val_dt_mae=1.76721330 | val_qty_mae=0.73501858 | train_log_qty_aux=nan | val_log_qty_aux=nan
[Epoch 226] train_loss=-3.29865932 | score=0.94430853 | val_nll=-3.41074482 | val_acc=0.96271658 | val_dt_mae=1.76721330 | val_qty_mae=0.73591837 | train_log_qty_aux=nan | val_log_qty_aux=nan
[Epoch 227] train_loss=-3.29925426 | score=0.94512228 | val_nll=-3.41247406 | val_acc=0.96355102 | val_dt_mae=1.76721330 | val_qty_mae=0.75661079 | train_log_qty_aux=nan | val_log_qty_aux=nan
[Epoch 228] train_loss=-3.29914918 | score=0.94379304 | val_nll=-3.41072136 | val_acc=0.96218346 | val_dt_mae=1.76721330 | val_qty_mae=0.71828566 | train_log_qty_aux=nan | val_log_qty_aux=nan
[Epoch 229] train_loss=-3.29995034 | score=0.94509030 | val_nll=-3.41307770 | val_acc=0.96351625 | val_dt_mae=1.76721330 | val_qty_mae=0.75382582 | train_log_qty_aux=nan | val_log_qty_aux=nan
[Epoch 230] train_loss=-3.30033629 | score=0.94360201 | val_nll=-3.41041923 | val_acc=0.96202121 | val_dt_mae=1.76721330 | val_qty_mae=0.74706281 | train_log_qty_aux=nan | val_log_qty_aux=nan
[Epoch 231] train_loss=-3.29932233 | score=0.94534075 | val_nll=-3.41435962 | val_acc=0.96377122 | val_dt_mae=1.76721330 | val_qty_mae=0.75833982 | train_log_qty_aux=nan | val_log_qty_aux=nan
[Epoch 232] train_loss=-3.30012314 | score=0.94487298 | val_nll=-3.41320741 | val_acc=0.96323811 | val_dt_mae=1.76721330 | val_qty_mae=0.69299408 | train_log_qty_aux=nan | val_log_qty_aux=nan
[Epoch 233] train_loss=-3.30080954 | score=0.94398855 | val_nll=-3.41344383 | val_acc=0.96234571 | val_dt_mae=1.76721330 | val_qty_mae=0.68503614 | train_log_qty_aux=nan | val_log_qty_aux=nan
[Epoch 234] train_loss=-3.30009413 | score=0.94539845 | val_nll=-3.41481788 | val_acc=0.96378281 | val_dt_mae=1.76721330 | val_qty_mae=0.71222643 | train_log_qty_aux=nan | val_log_qty_aux=nan
[Epoch 235] train_loss=-3.30028007 | score=0.94274787 | val_nll=-3.40976231 | val_acc=0.96117518 | val_dt_mae=1.76721330 | val_qty_mae=0.75517122 | train_log_qty_aux=nan | val_log_qty_aux=nan
[Epoch 236] train_loss=-3.30050534 | score=0.94455689 | val_nll=-3.41307305 | val_acc=0.96302950 | val_dt_mae=1.76721330 | val_qty_mae=0.80047585 | train_log_qty_aux=nan | val_log_qty_aux=nan
[Epoch 237] train_loss=-3.30037420 | score=0.94413414 | val_nll=-3.41173321 | val_acc=0.96251956 | val_dt_mae=1.76721330 | val_qty_mae=0.71327993 | train_log_qty_aux=nan | val_log_qty_aux=nan
[Epoch 238] train_loss=-3.29994460 | score=0.94455650 | val_nll=-3.41433291 | val_acc=0.96297155 | val_dt_mae=1.76721330 | val_qty_mae=0.74291517 | train_log_qty_aux=nan | val_log_qty_aux=nan
[Epoch 239] train_loss=-3.30055657 | score=0.94387890 | val_nll=-3.40954882 | val_acc=0.96227618 | val_dt_mae=1.76721330 | val_qty_mae=0.72514857 | train_log_qty_aux=nan | val_log_qty_aux=nan
[Epoch 240] train_loss=-3.30126259 | score=0.94367409 | val_nll=-3.41097578 | val_acc=0.96204439 | val_dt_mae=1.76721330 | val_qty_mae=0.69816739 | train_log_qty_aux=nan | val_log_qty_aux=nan
[Epoch 241] train_loss=-3.30126006 | score=0.94327007 | val_nll=-3.41131081 | val_acc=0.96163876 | val_dt_mae=1.76721330 | val_qty_mae=0.69655122 | train_log_qty_aux=nan | val_log_qty_aux=nan
[Epoch 242] train_loss=-3.30168842 | score=0.94377194 | val_nll=-3.41066271 | val_acc=0.96222982 | val_dt_mae=1.76721330 | val_qty_mae=0.78574522 | train_log_qty_aux=nan | val_log_qty_aux=nan
[Epoch 243] train_loss=-3.30153982 | score=0.94499553 | val_nll=-3.41466578 | val_acc=0.96337718 | val_dt_mae=1.76721330 | val_qty_mae=0.70951716 | train_log_qty_aux=nan | val_log_qty_aux=nan
[Epoch 244] train_loss=-3.30227594 | score=0.94567627 | val_nll=-3.41743394 | val_acc=0.96414209 | val_dt_mae=1.76721330 | val_qty_mae=0.79368864 | train_log_qty_aux=nan | val_log_qty_aux=nan
[Epoch 245] train_loss=-3.30236920 | score=0.94573362 | val_nll=-3.41851169 | val_acc=0.96410732 | val_dt_mae=1.76721330 | val_qty_mae=0.70156738 | train_log_qty_aux=nan | val_log_qty_aux=nan
[Epoch 246] train_loss=-3.30253275 | score=0.94490561 | val_nll=-3.41577939 | val_acc=0.96328446 | val_dt_mae=1.76721330 | val_qty_mae=0.70672307 | train_log_qty_aux=nan | val_log_qty_aux=nan
[Epoch 247] train_loss=-3.30229464 | score=0.94450114 | val_nll=-3.41561442 | val_acc=0.96291360 | val_dt_mae=1.76721330 | val_qty_mae=0.74032876 | train_log_qty_aux=nan | val_log_qty_aux=nan
[Epoch 248] train_loss=-3.30280517 | score=0.94329296 | val_nll=-3.41211768 | val_acc=0.96171988 | val_dt_mae=1.76721330 | val_qty_mae=0.75479302 | train_log_qty_aux=nan | val_log_qty_aux=nan
[Epoch 249] train_loss=-3.30242141 | score=0.94452831 | val_nll=-3.41197659 | val_acc=0.96293678 | val_dt_mae=1.76721330 | val_qty_mae=0.73633832 | train_log_qty_aux=nan | val_log_qty_aux=nan
[Epoch 250] train_loss=-3.30256289 | score=0.94363904 | val_nll=-3.41265381 | val_acc=0.96204439 | val_dt_mae=1.76721330 | val_qty_mae=0.73321933 | train_log_qty_aux=nan | val_log_qty_aux=nan
[Epoch 251] train_loss=-3.30278076 | score=0.94467099 | val_nll=-3.41521440 | val_acc=0.96305267 | val_dt_mae=1.76721330 | val_qty_mae=0.70955365 | train_log_qty_aux=nan | val_log_qty_aux=nan
[Epoch 252] train_loss=-3.30246733 | score=0.94511662 | val_nll=-3.41658188 | val_acc=0.96356261 | val_dt_mae=1.76721330 | val_qty_mae=0.77386360 | train_log_qty_aux=nan | val_log_qty_aux=nan
[Epoch 253] train_loss=-3.30296643 | score=0.94551736 | val_nll=-3.41687499 | val_acc=0.96387553 | val_dt_mae=1.76721330 | val_qty_mae=0.68603672 | train_log_qty_aux=nan | val_log_qty_aux=nan
[Epoch 254] train_loss=-3.30346839 | score=0.94519087 | val_nll=-3.41641912 | val_acc=0.96358579 | val_dt_mae=1.76721330 | val_qty_mae=0.72279010 | train_log_qty_aux=nan | val_log_qty_aux=nan
[Epoch 255] train_loss=-3.30380633 | score=0.94442318 | val_nll=-3.41598012 | val_acc=0.96284406 | val_dt_mae=1.76721330 | val_qty_mae=0.74874912 | train_log_qty_aux=nan | val_log_qty_aux=nan
[Epoch 256] train_loss=-3.30371965 | score=0.94673248 | val_nll=-3.42200591 | val_acc=0.96513878 | val_dt_mae=1.76721330 | val_qty_mae=0.73417091 | train_log_qty_aux=nan | val_log_qty_aux=nan
[Epoch 257] train_loss=-3.30373258 | score=0.94371617 | val_nll=-3.41608883 | val_acc=0.96217187 | val_dt_mae=1.76721330 | val_qty_mae=0.78357024 | train_log_qty_aux=nan | val_log_qty_aux=nan
[Epoch 258] train_loss=-3.30411549 | score=0.94167436 | val_nll=-3.41101223 | val_acc=0.96010894 | val_dt_mae=1.76721330 | val_qty_mae=0.76244576 | train_log_qty_aux=nan | val_log_qty_aux=nan
[Epoch 259] train_loss=-3.30390571 | score=0.94254051 | val_nll=-3.41011553 | val_acc=0.96093180 | val_dt_mae=1.76721330 | val_qty_mae=0.71915308 | train_log_qty_aux=nan | val_log_qty_aux=nan
[Epoch 260] train_loss=-3.30444279 | score=0.94467010 | val_nll=-3.41557318 | val_acc=0.96309903 | val_dt_mae=1.76721330 | val_qty_mae=0.75679903 | train_log_qty_aux=nan | val_log_qty_aux=nan
[Epoch 261] train_loss=-3.30522504 | score=0.94380824 | val_nll=-3.41304874 | val_acc=0.96221823 | val_dt_mae=1.76721330 | val_qty_mae=0.73785463 | train_log_qty_aux=nan | val_log_qty_aux=nan
[Epoch 262] train_loss=-3.30498241 | score=0.94466729 | val_nll=-3.41774011 | val_acc=0.96307585 | val_dt_mae=1.76721330 | val_qty_mae=0.73642872 | train_log_qty_aux=nan | val_log_qty_aux=nan
[Epoch 263] train_loss=-3.30505861 | score=0.94429530 | val_nll=-3.41420585 | val_acc=0.96272817 | val_dt_mae=1.76721330 | val_qty_mae=0.76073229 | train_log_qty_aux=nan | val_log_qty_aux=nan
[Epoch 264] train_loss=-3.30505222 | score=0.94530011 | val_nll=-3.41811623 | val_acc=0.96369010 | val_dt_mae=1.76721330 | val_qty_mae=0.71784964 | train_log_qty_aux=nan | val_log_qty_aux=nan
[Epoch 265] train_loss=-3.30530676 | score=0.94375467 | val_nll=-3.41678427 | val_acc=0.96218346 | val_dt_mae=1.76721330 | val_qty_mae=0.75665634 | train_log_qty_aux=nan | val_log_qty_aux=nan
[Epoch 266] train_loss=-3.30561786 | score=0.94526328 | val_nll=-3.41986695 | val_acc=0.96367851 | val_dt_mae=1.76721330 | val_qty_mae=0.74309645 | train_log_qty_aux=nan | val_log_qty_aux=nan
[Epoch 267] train_loss=-3.30547941 | score=0.94462702 | val_nll=-3.41772443 | val_acc=0.96302950 | val_dt_mae=1.76721330 | val_qty_mae=0.73033938 | train_log_qty_aux=nan | val_log_qty_aux=nan
[Epoch 268] train_loss=-3.30587610 | score=0.94481565 | val_nll=-3.41769127 | val_acc=0.96322652 | val_dt_mae=1.76721330 | val_qty_mae=0.73873866 | train_log_qty_aux=nan | val_log_qty_aux=nan
[Epoch 269] train_loss=-3.30576793 | score=0.94384767 | val_nll=-3.41674737 | val_acc=0.96225300 | val_dt_mae=1.76721330 | val_qty_mae=0.73319216 | train_log_qty_aux=nan | val_log_qty_aux=nan
[Epoch 270] train_loss=-3.30596015 | score=0.94408115 | val_nll=-3.41567064 | val_acc=0.96255433 | val_dt_mae=1.76721330 | val_qty_mae=0.80104297 | train_log_qty_aux=nan | val_log_qty_aux=nan
[Epoch 271] train_loss=-3.30562280 | score=0.94311890 | val_nll=-3.41518645 | val_acc=0.96163876 | val_dt_mae=1.76721330 | val_qty_mae=0.84772136 | train_log_qty_aux=nan | val_log_qty_aux=nan
[Epoch 272] train_loss=-3.30521997 | score=0.94519312 | val_nll=-3.41703816 | val_acc=0.96362056 | val_dt_mae=1.76721330 | val_qty_mae=0.75531116 | train_log_qty_aux=nan | val_log_qty_aux=nan
[Epoch 273] train_loss=-3.30573753 | score=0.94533097 | val_nll=-3.42028957 | val_acc=0.96372487 | val_dt_mae=1.76721330 | val_qty_mae=0.72175778 | train_log_qty_aux=nan | val_log_qty_aux=nan
[Epoch 274] train_loss=-3.30579960 | score=0.94377900 | val_nll=-3.41767361 | val_acc=0.96219505 | val_dt_mae=1.76721330 | val_qty_mae=0.74391876 | train_log_qty_aux=nan | val_log_qty_aux=nan
[Epoch 275] train_loss=-3.30563199 | score=0.94290860 | val_nll=-3.41242730 | val_acc=0.96137220 | val_dt_mae=1.76721330 | val_qty_mae=0.79146421 | train_log_qty_aux=nan | val_log_qty_aux=nan
[Epoch 276] train_loss=-3.30635107 | score=0.94520604 | val_nll=-3.41730004 | val_acc=0.96357420 | val_dt_mae=1.76721330 | val_qty_mae=0.69602870 | train_log_qty_aux=nan | val_log_qty_aux=nan
[Epoch 277] train_loss=-3.30613805 | score=0.94521272 | val_nll=-3.41825902 | val_acc=0.96365533 | val_dt_mae=1.76721330 | val_qty_mae=0.77047490 | train_log_qty_aux=nan | val_log_qty_aux=nan
[Epoch 278] train_loss=-3.30515721 | score=0.94474014 | val_nll=-3.41735940 | val_acc=0.96311062 | val_dt_mae=1.76721330 | val_qty_mae=0.69834402 | train_log_qty_aux=nan | val_log_qty_aux=nan
[Epoch 279] train_loss=-3.30571801 | score=0.94492479 | val_nll=-3.41707255 | val_acc=0.96335400 | val_dt_mae=1.76721330 | val_qty_mae=0.75707608 | train_log_qty_aux=nan | val_log_qty_aux=nan
[Epoch 280] train_loss=-3.30561014 | score=0.94303152 | val_nll=-3.41256868 | val_acc=0.96155763 | val_dt_mae=1.76721330 | val_qty_mae=0.85397763 | train_log_qty_aux=nan | val_log_qty_aux=nan
[Epoch 281] train_loss=-3.30584528 | score=0.94377256 | val_nll=-3.41351196 | val_acc=0.96212551 | val_dt_mae=1.76721330 | val_qty_mae=0.68081770 | train_log_qty_aux=nan | val_log_qty_aux=nan
[Epoch 282] train_loss=-3.30629627 | score=0.94607850 | val_nll=-3.42110834 | val_acc=0.96448977 | val_dt_mae=1.76721330 | val_qty_mae=0.73913955 | train_log_qty_aux=nan | val_log_qty_aux=nan
[Epoch 283] train_loss=-3.30606735 | score=0.94439971 | val_nll=-3.41675541 | val_acc=0.96279771 | val_dt_mae=1.76721330 | val_qty_mae=0.72586466 | train_log_qty_aux=nan | val_log_qty_aux=nan
[Epoch 284] train_loss=-3.30604347 | score=0.94530801 | val_nll=-3.41940135 | val_acc=0.96373645 | val_dt_mae=1.76721330 | val_qty_mae=0.75631346 | train_log_qty_aux=nan | val_log_qty_aux=nan
[Epoch 285] train_loss=-3.30620829 | score=0.94387159 | val_nll=-3.41618416 | val_acc=0.96234571 | val_dt_mae=1.76721330 | val_qty_mae=0.80199162 | train_log_qty_aux=nan | val_log_qty_aux=nan
[Epoch 286] train_loss=-3.30661072 | score=0.94138660 | val_nll=-3.40897317 | val_acc=0.95981920 | val_dt_mae=1.76721330 | val_qty_mae=0.76047230 | train_log_qty_aux=nan | val_log_qty_aux=nan
[Epoch 287] train_loss=-3.30621258 | score=0.94445204 | val_nll=-3.41558593 | val_acc=0.96283247 | val_dt_mae=1.76721330 | val_qty_mae=0.70829760 | train_log_qty_aux=nan | val_log_qty_aux=nan
[Epoch 288] train_loss=-3.30589842 | score=0.94361710 | val_nll=-3.41524026 | val_acc=0.96203280 | val_dt_mae=1.76721330 | val_qty_mae=0.74356918 | train_log_qty_aux=nan | val_log_qty_aux=nan
[Epoch 289] train_loss=-3.30648532 | score=0.94325663 | val_nll=-3.41406076 | val_acc=0.96167352 | val_dt_mae=1.76721330 | val_qty_mae=0.74476351 | train_log_qty_aux=nan | val_log_qty_aux=nan
[Epoch 290] train_loss=-3.30644504 | score=0.94219712 | val_nll=-3.41285813 | val_acc=0.96060729 | val_dt_mae=1.76721330 | val_qty_mae=0.73803375 | train_log_qty_aux=nan | val_log_qty_aux=nan
[Epoch 291] train_loss=-3.30638142 | score=0.94481751 | val_nll=-3.41896596 | val_acc=0.96327287 | val_dt_mae=1.76721330 | val_qty_mae=0.78323281 | train_log_qty_aux=nan | val_log_qty_aux=nan
[Epoch 292] train_loss=-3.30708177 | score=0.94328054 | val_nll=-3.41606098 | val_acc=0.96168511 | val_dt_mae=1.76721330 | val_qty_mae=0.73243724 | train_log_qty_aux=nan | val_log_qty_aux=nan
[Epoch 293] train_loss=-3.30690471 | score=0.94435368 | val_nll=-3.41547468 | val_acc=0.96275135 | val_dt_mae=1.76721330 | val_qty_mae=0.72553689 | train_log_qty_aux=nan | val_log_qty_aux=nan
[Epoch 294] train_loss=-3.30649680 | score=0.94264566 | val_nll=-3.41394630 | val_acc=0.96109405 | val_dt_mae=1.76721330 | val_qty_mae=0.77625639 | train_log_qty_aux=nan | val_log_qty_aux=nan
[Epoch 295] train_loss=-3.30645902 | score=0.94429657 | val_nll=-3.41670909 | val_acc=0.96267022 | val_dt_mae=1.76721330 | val_qty_mae=0.70151516 | train_log_qty_aux=nan | val_log_qty_aux=nan
[Epoch 296] train_loss=-3.30653738 | score=0.94490249 | val_nll=-3.41838100 | val_acc=0.96327287 | val_dt_mae=1.76721330 | val_qty_mae=0.69824867 | train_log_qty_aux=nan | val_log_qty_aux=nan
[early-stop] epoch=296 patience=40 min_epochs=40
[2026-08-10 23:28:40,408] [INFO] Finished run | dataset=intermittent model=rmtpp candidate=rmtpp_gru_h64 seed=42 best_val_nll=-3.422006 epoch=256
[2026-08-10 23:28:40,436] [INFO] Run 2/6 | dataset=intermittent model=thp candidate=small base=2.0 seed=42
[2026-08-10 23:28:40,871] [INFO] Using fixed chronological splits | dataset=intermittent train_samples=393824 validation_samples=86285 test_samples=88019 | batch_size=128 max_seq_len=96 lookback=520
[2026-08-10 23:28:40,871] [INFO] Held-out test evaluation disabled | evaluation_scope=validation_only
[Epoch 001] train_loss=2.11975630 | score=0.94541466 | val_nll=1.50568896 | val_acc=0.95285391 | val_dt_mae=0.65473853 | val_qty_mae=0.89186618 | train_log_qty_aux=nan | val_log_qty_aux=nan
[Epoch 002] train_loss=1.26822681 | score=0.94651024 | val_nll=1.68070949 | val_acc=0.95201947 | val_dt_mae=0.44887908 | val_qty_mae=1.02043490 | train_log_qty_aux=nan | val_log_qty_aux=nan
[Epoch 003] train_loss=0.76960205 | score=0.94405342 | val_nll=1.10944704 | val_acc=0.95368836 | val_dt_mae=0.87044841 | val_qty_mae=0.93045759 | train_log_qty_aux=nan | val_log_qty_aux=nan
[Epoch 004] train_loss=0.42869239 | score=0.94098123 | val_nll=0.27526889 | val_acc=0.95422148 | val_dt_mae=1.23696444 | val_qty_mae=0.87060185 | train_log_qty_aux=nan | val_log_qty_aux=nan
[Epoch 005] train_loss=0.20600566 | score=0.93500476 | val_nll=-0.12354919 | val_acc=0.95076780 | val_dt_mae=1.47280941 | val_qty_mae=1.03495085 | train_log_qty_aux=nan | val_log_qty_aux=nan
[Epoch 006] train_loss=-0.51171324 | score=0.93557374 | val_nll=-0.92953993 | val_acc=0.95352611 | val_dt_mae=1.69339536 | val_qty_mae=1.01841026 | train_log_qty_aux=nan | val_log_qty_aux=nan
[Epoch 007] train_loss=-0.93580142 | score=0.93168868 | val_nll=-1.19211153 | val_acc=0.95035058 | val_dt_mae=1.76721330 | val_qty_mae=0.98976687 | train_log_qty_aux=nan | val_log_qty_aux=nan
[Epoch 008] train_loss=-1.13769067 | score=0.93385372 | val_nll=-1.38734052 | val_acc=0.95244828 | val_dt_mae=1.76721330 | val_qty_mae=0.92242626 | train_log_qty_aux=nan | val_log_qty_aux=nan
[Epoch 009] train_loss=-1.31800154 | score=0.93631864 | val_nll=-1.54717801 | val_acc=0.95497479 | val_dt_mae=1.76721330 | val_qty_mae=0.98402234 | train_log_qty_aux=nan | val_log_qty_aux=nan
[Epoch 010] train_loss=-1.47010405 | score=0.93414686 | val_nll=-1.68596382 | val_acc=0.95276120 | val_dt_mae=1.76721330 | val_qty_mae=0.94220451 | train_log_qty_aux=nan | val_log_qty_aux=nan
[Epoch 011] train_loss=-1.60028485 | score=0.93459311 | val_nll=-1.80315450 | val_acc=0.95330590 | val_dt_mae=1.76721330 | val_qty_mae=1.04066587 | train_log_qty_aux=nan | val_log_qty_aux=nan
[Epoch 012] train_loss=-1.71304984 | score=0.93570020 | val_nll=-1.90604205 | val_acc=0.95445327 | val_dt_mae=1.76721330 | val_qty_mae=1.08093470 | train_log_qty_aux=nan | val_log_qty_aux=nan
[Epoch 013] train_loss=-1.81186314 | score=0.93363895 | val_nll=-1.99799854 | val_acc=0.95232080 | val_dt_mae=1.76721330 | val_qty_mae=1.00971242 | train_log_qty_aux=nan | val_log_qty_aux=nan
[Epoch 014] train_loss=-1.90034777 | score=0.93873903 | val_nll=-2.08722483 | val_acc=0.95733905 | val_dt_mae=1.76721330 | val_qty_mae=0.92788556 | train_log_qty_aux=nan | val_log_qty_aux=nan
[Epoch 015] train_loss=-1.98144429 | score=0.93728405 | val_nll=-2.16202821 | val_acc=0.95589036 | val_dt_mae=1.76721330 | val_qty_mae=0.93418285 | train_log_qty_aux=nan | val_log_qty_aux=nan
[Epoch 016] train_loss=-2.05352114 | score=0.93924017 | val_nll=-2.23263870 | val_acc=0.95782581 | val_dt_mae=1.76721330 | val_qty_mae=0.91350896 | train_log_qty_aux=nan | val_log_qty_aux=nan
[Epoch 017] train_loss=-2.12159997 | score=0.93974354 | val_nll=-2.29453172 | val_acc=0.95828939 | val_dt_mae=1.76721330 | val_qty_mae=0.87371944 | train_log_qty_aux=nan | val_log_qty_aux=nan
[Epoch 018] train_loss=-2.18295013 | score=0.93807609 | val_nll=-2.35014927 | val_acc=0.95660891 | val_dt_mae=1.76721330 | val_qty_mae=0.86069267 | train_log_qty_aux=nan | val_log_qty_aux=nan
[Epoch 019] train_loss=-2.23836650 | score=0.93999848 | val_nll=-2.40787313 | val_acc=0.95856754 | val_dt_mae=1.76721330 | val_qty_mae=0.89692786 | train_log_qty_aux=nan | val_log_qty_aux=nan
[Epoch 020] train_loss=-2.29195668 | score=0.93178013 | val_nll=-2.44629997 | val_acc=0.95042012 | val_dt_mae=1.76721330 | val_qty_mae=0.96785502 | train_log_qty_aux=nan | val_log_qty_aux=nan
[Epoch 021] train_loss=-2.33919203 | score=0.93812953 | val_nll=-2.49905562 | val_acc=0.95682911 | val_dt_mae=1.76721330 | val_qty_mae=1.02744710 | train_log_qty_aux=nan | val_log_qty_aux=nan
[Epoch 022] train_loss=-2.38465120 | score=0.93280067 | val_nll=-2.53258905 | val_acc=0.95139364 | val_dt_mae=1.76721330 | val_qty_mae=0.92082960 | train_log_qty_aux=nan | val_log_qty_aux=nan
[Epoch 023] train_loss=-2.42648616 | score=0.93629224 | val_nll=-2.57880316 | val_acc=0.95482413 | val_dt_mae=1.76721330 | val_qty_mae=0.85976052 | train_log_qty_aux=nan | val_log_qty_aux=nan
[Epoch 024] train_loss=-2.46537810 | score=0.93640432 | val_nll=-2.61354749 | val_acc=0.95507910 | val_dt_mae=1.76721330 | val_qty_mae=1.00264913 | train_log_qty_aux=nan | val_log_qty_aux=nan
[Epoch 025] train_loss=-2.50206912 | score=0.93874608 | val_nll=-2.65423713 | val_acc=0.95725792 | val_dt_mae=1.76721330 | val_qty_mae=0.83970850 | train_log_qty_aux=nan | val_log_qty_aux=nan
[Epoch 026] train_loss=-2.53679779 | score=0.94015780 | val_nll=-2.69107047 | val_acc=0.95871820 | val_dt_mae=1.76721330 | val_qty_mae=0.88826622 | train_log_qty_aux=nan | val_log_qty_aux=nan
[Epoch 027] train_loss=-2.56924250 | score=0.93686139 | val_nll=-2.71503594 | val_acc=0.95550791 | val_dt_mae=1.76721330 | val_qty_mae=0.97438206 | train_log_qty_aux=nan | val_log_qty_aux=nan
[Epoch 028] train_loss=-2.60018485 | score=0.93546186 | val_nll=-2.73941912 | val_acc=0.95402445 | val_dt_mae=1.76721330 | val_qty_mae=0.89045843 | train_log_qty_aux=nan | val_log_qty_aux=nan
[Epoch 029] train_loss=-2.62908889 | score=0.93542109 | val_nll=-2.76911740 | val_acc=0.95402445 | val_dt_mae=1.76721330 | val_qty_mae=0.93122717 | train_log_qty_aux=nan | val_log_qty_aux=nan
[Epoch 030] train_loss=-2.65589256 | score=0.93838490 | val_nll=-2.79192031 | val_acc=0.95696819 | val_dt_mae=1.76721330 | val_qty_mae=0.91115777 | train_log_qty_aux=nan | val_log_qty_aux=nan
[Epoch 031] train_loss=-2.68152511 | score=0.93745357 | val_nll=-2.82064781 | val_acc=0.95599467 | val_dt_mae=1.76721330 | val_qty_mae=0.86896158 | train_log_qty_aux=nan | val_log_qty_aux=nan
[Epoch 032] train_loss=-2.70618276 | score=0.93738458 | val_nll=-2.84655716 | val_acc=0.95590195 | val_dt_mae=1.76721330 | val_qty_mae=0.84523576 | train_log_qty_aux=nan | val_log_qty_aux=nan
[Epoch 033] train_loss=-2.72900182 | score=0.93773364 | val_nll=-2.86749384 | val_acc=0.95633076 | val_dt_mae=1.76721330 | val_qty_mae=0.92498708 | train_log_qty_aux=nan | val_log_qty_aux=nan
[Epoch 034] train_loss=-2.75133194 | score=0.93897814 | val_nll=-2.89416212 | val_acc=0.95750130 | val_dt_mae=1.76721330 | val_qty_mae=0.85103539 | train_log_qty_aux=nan | val_log_qty_aux=nan
[Epoch 035] train_loss=-2.77242239 | score=0.93953661 | val_nll=-2.91712509 | val_acc=0.95805760 | val_dt_mae=1.76721330 | val_qty_mae=0.84885673 | train_log_qty_aux=nan | val_log_qty_aux=nan
[Epoch 036] train_loss=-2.79232390 | score=0.93764773 | val_nll=-2.93112514 | val_acc=0.95612215 | val_dt_mae=1.76721330 | val_qty_mae=0.80228810 | train_log_qty_aux=nan | val_log_qty_aux=nan
[Epoch 037] train_loss=-2.81194738 | score=0.93728976 | val_nll=-2.95123300 | val_acc=0.95585559 | val_dt_mae=1.76721330 | val_qty_mae=0.89370206 | train_log_qty_aux=nan | val_log_qty_aux=nan
[Epoch 038] train_loss=-2.83050911 | score=0.93298460 | val_nll=-2.95720485 | val_acc=0.95169496 | val_dt_mae=1.76721330 | val_qty_mae=1.03823182 | train_log_qty_aux=nan | val_log_qty_aux=nan
[Epoch 039] train_loss=-2.84757259 | score=0.93820523 | val_nll=-2.98227823 | val_acc=0.95670163 | val_dt_mae=1.76721330 | val_qty_mae=0.82426399 | train_log_qty_aux=nan | val_log_qty_aux=nan
[Epoch 040] train_loss=-2.86416753 | score=0.93667404 | val_nll=-2.99703094 | val_acc=0.95520658 | val_dt_mae=1.76721330 | val_qty_mae=0.86040917 | train_log_qty_aux=nan | val_log_qty_aux=nan
[Epoch 041] train_loss=-2.88068068 | score=0.93630628 | val_nll=-3.00677132 | val_acc=0.95487049 | val_dt_mae=1.76721330 | val_qty_mae=0.89207369 | train_log_qty_aux=nan | val_log_qty_aux=nan
[Epoch 042] train_loss=-2.89536226 | score=0.93871344 | val_nll=-3.03001571 | val_acc=0.95722316 | val_dt_mae=1.76721330 | val_qty_mae=0.83757976 | train_log_qty_aux=nan | val_log_qty_aux=nan
[Epoch 043] train_loss=-2.90985048 | score=0.93972496 | val_nll=-3.04733426 | val_acc=0.95826621 | val_dt_mae=1.76721330 | val_qty_mae=0.86911658 | train_log_qty_aux=nan | val_log_qty_aux=nan
[Epoch 044] train_loss=-2.92399436 | score=0.93719103 | val_nll=-3.05553418 | val_acc=0.95571652 | val_dt_mae=1.76721330 | val_qty_mae=0.85335299 | train_log_qty_aux=nan | val_log_qty_aux=nan
[Epoch 045] train_loss=-2.93784823 | score=0.93805408 | val_nll=-3.06750601 | val_acc=0.95657414 | val_dt_mae=1.76721330 | val_qty_mae=0.84792813 | train_log_qty_aux=nan | val_log_qty_aux=nan
[Epoch 046] train_loss=-2.94994765 | score=0.93971116 | val_nll=-3.08693339 | val_acc=0.95827780 | val_dt_mae=1.76721330 | val_qty_mae=0.89451126 | train_log_qty_aux=nan | val_log_qty_aux=nan
[Epoch 047] train_loss=-2.96268984 | score=0.93767625 | val_nll=-3.08898725 | val_acc=0.95621487 | val_dt_mae=1.76721330 | val_qty_mae=0.86648872 | train_log_qty_aux=nan | val_log_qty_aux=nan
[Epoch 048] train_loss=-2.97435413 | score=0.93699055 | val_nll=-3.10631851 | val_acc=0.95554268 | val_dt_mae=1.76721330 | val_qty_mae=0.87999602 | train_log_qty_aux=nan | val_log_qty_aux=nan
[Epoch 049] train_loss=-2.98515735 | score=0.93616592 | val_nll=-3.11167923 | val_acc=0.95469664 | val_dt_mae=1.76721330 | val_qty_mae=0.85858743 | train_log_qty_aux=nan | val_log_qty_aux=nan
[Epoch 050] train_loss=-2.99696154 | score=0.93884472 | val_nll=-3.12947188 | val_acc=0.95736223 | val_dt_mae=1.76721330 | val_qty_mae=0.84537746 | train_log_qty_aux=nan | val_log_qty_aux=nan
[Epoch 051] train_loss=-3.00647940 | score=0.93914243 | val_nll=-3.13992550 | val_acc=0.95767515 | val_dt_mae=1.76721330 | val_qty_mae=0.86058175 | train_log_qty_aux=nan | val_log_qty_aux=nan
[Epoch 052] train_loss=-3.01695966 | score=0.93740005 | val_nll=-3.14068044 | val_acc=0.95594831 | val_dt_mae=1.76721330 | val_qty_mae=0.87612282 | train_log_qty_aux=nan | val_log_qty_aux=nan
[Epoch 053] train_loss=-3.02645595 | score=0.93771625 | val_nll=-3.15678736 | val_acc=0.95627282 | val_dt_mae=1.76721330 | val_qty_mae=0.88443112 | train_log_qty_aux=nan | val_log_qty_aux=nan
[Epoch 054] train_loss=-3.03504073 | score=0.93944936 | val_nll=-3.16824473 | val_acc=0.95796488 | val_dt_mae=1.76721330 | val_qty_mae=0.84339342 | train_log_qty_aux=nan | val_log_qty_aux=nan
[Epoch 055] train_loss=-3.04472723 | score=0.93918063 | val_nll=-3.17256206 | val_acc=0.95770991 | val_dt_mae=1.76721330 | val_qty_mae=0.85714918 | train_log_qty_aux=nan | val_log_qty_aux=nan
[Epoch 056] train_loss=-3.05315326 | score=0.93893313 | val_nll=-3.18318522 | val_acc=0.95739700 | val_dt_mae=1.76721330 | val_qty_mae=0.79173338 | train_log_qty_aux=nan | val_log_qty_aux=nan
[Epoch 057] train_loss=-3.06063103 | score=0.93548774 | val_nll=-3.18197506 | val_acc=0.95401286 | val_dt_mae=1.76721330 | val_qty_mae=0.85299537 | train_log_qty_aux=nan | val_log_qty_aux=nan
[Epoch 058] train_loss=-3.06919705 | score=0.93710784 | val_nll=-3.19477507 | val_acc=0.95560063 | val_dt_mae=1.76721330 | val_qty_mae=0.82065388 | train_log_qty_aux=nan | val_log_qty_aux=nan
[Epoch 059] train_loss=-3.07689165 | score=0.93996778 | val_nll=-3.20506910 | val_acc=0.95847482 | val_dt_mae=1.76721330 | val_qty_mae=0.83491303 | train_log_qty_aux=nan | val_log_qty_aux=nan
[Epoch 060] train_loss=-3.08405889 | score=0.93941895 | val_nll=-3.21597513 | val_acc=0.95790694 | val_dt_mae=1.76721330 | val_qty_mae=0.81585612 | train_log_qty_aux=nan | val_log_qty_aux=nan
[Epoch 061] train_loss=-3.09107942 | score=0.93955869 | val_nll=-3.22007606 | val_acc=0.95809237 | val_dt_mae=1.76721330 | val_qty_mae=0.86154981 | train_log_qty_aux=nan | val_log_qty_aux=nan
[Epoch 062] train_loss=-3.09835850 | score=0.93712822 | val_nll=-3.22305581 | val_acc=0.95561222 | val_dt_mae=1.76721330 | val_qty_mae=0.81186016 | train_log_qty_aux=nan | val_log_qty_aux=nan
[Epoch 063] train_loss=-3.10550614 | score=0.93972294 | val_nll=-3.23548055 | val_acc=0.95820826 | val_dt_mae=1.76721330 | val_qty_mae=0.81319062 | train_log_qty_aux=nan | val_log_qty_aux=nan
[Epoch 064] train_loss=-3.11095275 | score=0.93468924 | val_nll=-3.23097802 | val_acc=0.95321319 | val_dt_mae=1.76721330 | val_qty_mae=0.85181427 | train_log_qty_aux=nan | val_log_qty_aux=nan
[Epoch 065] train_loss=-3.11781975 | score=0.93794072 | val_nll=-3.23716256 | val_acc=0.95648143 | val_dt_mae=1.76721330 | val_qty_mae=0.86857923 | train_log_qty_aux=nan | val_log_qty_aux=nan
[Epoch 066] train_loss=-3.12293935 | score=0.93914461 | val_nll=-3.24968427 | val_acc=0.95761720 | val_dt_mae=1.76721330 | val_qty_mae=0.80046042 | train_log_qty_aux=nan | val_log_qty_aux=nan
[Epoch 067] train_loss=-3.12908166 | score=0.93812759 | val_nll=-3.25219645 | val_acc=0.95660891 | val_dt_mae=1.76721330 | val_qty_mae=0.80919066 | train_log_qty_aux=nan | val_log_qty_aux=nan
[Epoch 068] train_loss=-3.13450141 | score=0.93522047 | val_nll=-3.25956545 | val_acc=0.95375790 | val_dt_mae=1.76721330 | val_qty_mae=0.86529259 | train_log_qty_aux=nan | val_log_qty_aux=nan
[Epoch 069] train_loss=-3.14024749 | score=0.93944850 | val_nll=-3.26440967 | val_acc=0.95788376 | val_dt_mae=1.76721330 | val_qty_mae=0.76312728 | train_log_qty_aux=nan | val_log_qty_aux=nan
[Epoch 070] train_loss=-3.14544926 | score=0.93751936 | val_nll=-3.26677299 | val_acc=0.95602944 | val_dt_mae=1.76721330 | val_qty_mae=0.83794138 | train_log_qty_aux=nan | val_log_qty_aux=nan
[Epoch 071] train_loss=-3.15103551 | score=0.93923879 | val_nll=-3.27529881 | val_acc=0.95772150 | val_dt_mae=1.76721330 | val_qty_mae=0.81057959 | train_log_qty_aux=nan | val_log_qty_aux=nan
[Epoch 072] train_loss=-3.15473543 | score=0.93894723 | val_nll=-3.28113913 | val_acc=0.95744336 | val_dt_mae=1.76721330 | val_qty_mae=0.82399573 | train_log_qty_aux=nan | val_log_qty_aux=nan
[Epoch 073] train_loss=-3.16076128 | score=0.94050576 | val_nll=-3.29040334 | val_acc=0.95896158 | val_dt_mae=1.76721330 | val_qty_mae=0.78368407 | train_log_qty_aux=nan | val_log_qty_aux=nan
[Epoch 074] train_loss=-3.16428299 | score=0.94020223 | val_nll=-3.29241940 | val_acc=0.95871820 | val_dt_mae=1.76721330 | val_qty_mae=0.84384032 | train_log_qty_aux=nan | val_log_qty_aux=nan
[Epoch 075] train_loss=-3.16901467 | score=0.93988617 | val_nll=-3.29310333 | val_acc=0.95837052 | val_dt_mae=1.76721330 | val_qty_mae=0.81220856 | train_log_qty_aux=nan | val_log_qty_aux=nan
[Epoch 076] train_loss=-3.17286239 | score=0.93487756 | val_nll=-3.28989477 | val_acc=0.95341021 | val_dt_mae=1.76721330 | val_qty_mae=0.86052202 | train_log_qty_aux=nan | val_log_qty_aux=nan
[Epoch 077] train_loss=-3.17716124 | score=0.93932469 | val_nll=-3.30354325 | val_acc=0.95783740 | val_dt_mae=1.76721330 | val_qty_mae=0.84057595 | train_log_qty_aux=nan | val_log_qty_aux=nan
[Epoch 078] train_loss=-3.18126380 | score=0.93909052 | val_nll=-3.30355233 | val_acc=0.95753607 | val_dt_mae=1.76721330 | val_qty_mae=0.77342387 | train_log_qty_aux=nan | val_log_qty_aux=nan
[Epoch 079] train_loss=-3.18524246 | score=0.93753841 | val_nll=-3.30929251 | val_acc=0.95611056 | val_dt_mae=1.76721330 | val_qty_mae=0.90001831 | train_log_qty_aux=nan | val_log_qty_aux=nan
[Epoch 080] train_loss=-3.18929257 | score=0.93798318 | val_nll=-3.30940191 | val_acc=0.95646984 | val_dt_mae=1.76721330 | val_qty_mae=0.81452637 | train_log_qty_aux=nan | val_log_qty_aux=nan
[Epoch 081] train_loss=-3.19315545 | score=0.93856935 | val_nll=-3.31327206 | val_acc=0.95710726 | val_dt_mae=1.76721330 | val_qty_mae=0.86577626 | train_log_qty_aux=nan | val_log_qty_aux=nan
[Epoch 082] train_loss=-3.19684448 | score=0.93833788 | val_nll=-3.31716274 | val_acc=0.95692183 | val_dt_mae=1.76721330 | val_qty_mae=0.91181867 | train_log_qty_aux=nan | val_log_qty_aux=nan
[Epoch 083] train_loss=-3.19916521 | score=0.93961498 | val_nll=-3.32157159 | val_acc=0.95808078 | val_dt_mae=1.76721330 | val_qty_mae=0.79366750 | train_log_qty_aux=nan | val_log_qty_aux=nan
[Epoch 084] train_loss=-3.20201933 | score=0.93884676 | val_nll=-3.32358054 | val_acc=0.95735064 | val_dt_mae=1.76721330 | val_qty_mae=0.83174491 | train_log_qty_aux=nan | val_log_qty_aux=nan
[Epoch 085] train_loss=-3.20582865 | score=0.93639842 | val_nll=-3.32836846 | val_acc=0.95492843 | val_dt_mae=1.76721330 | val_qty_mae=0.85788328 | train_log_qty_aux=nan | val_log_qty_aux=nan
[Epoch 086] train_loss=-3.20851510 | score=0.93910827 | val_nll=-3.32226460 | val_acc=0.95753607 | val_dt_mae=1.76721330 | val_qty_mae=0.75566719 | train_log_qty_aux=nan | val_log_qty_aux=nan
[Epoch 087] train_loss=-3.21108345 | score=0.93586909 | val_nll=-3.32420467 | val_acc=0.95438373 | val_dt_mae=1.76721330 | val_qty_mae=0.84250360 | train_log_qty_aux=nan | val_log_qty_aux=nan
[Epoch 088] train_loss=-3.21408826 | score=0.93913793 | val_nll=-3.32919152 | val_acc=0.95764038 | val_dt_mae=1.76721330 | val_qty_mae=0.83031960 | train_log_qty_aux=nan | val_log_qty_aux=nan
[Epoch 089] train_loss=-3.21722890 | score=0.93959807 | val_nll=-3.34230239 | val_acc=0.95813873 | val_dt_mae=1.76721330 | val_qty_mae=0.86852645 | train_log_qty_aux=nan | val_log_qty_aux=nan
[Epoch 090] train_loss=-3.21948020 | score=0.93474883 | val_nll=-3.33415323 | val_acc=0.95322478 | val_dt_mae=1.76721330 | val_qty_mae=0.80381833 | train_log_qty_aux=nan | val_log_qty_aux=nan
[Epoch 091] train_loss=-3.22233574 | score=0.93649914 | val_nll=-3.33805065 | val_acc=0.95499797 | val_dt_mae=1.76721330 | val_qty_mae=0.82669492 | train_log_qty_aux=nan | val_log_qty_aux=nan
[Epoch 092] train_loss=-3.22489207 | score=0.93878423 | val_nll=-3.34504964 | val_acc=0.95728110 | val_dt_mae=1.76721330 | val_qty_mae=0.82473786 | train_log_qty_aux=nan | val_log_qty_aux=nan
[Epoch 093] train_loss=-3.22715173 | score=0.93901028 | val_nll=-3.34896356 | val_acc=0.95753607 | val_dt_mae=1.76721330 | val_qty_mae=0.85365889 | train_log_qty_aux=nan | val_log_qty_aux=nan
[Epoch 094] train_loss=-3.23025989 | score=0.93883492 | val_nll=-3.35253617 | val_acc=0.95730428 | val_dt_mae=1.76721330 | val_qty_mae=0.79722695 | train_log_qty_aux=nan | val_log_qty_aux=nan
[Epoch 095] train_loss=-3.23215922 | score=0.93439603 | val_nll=-3.34388087 | val_acc=0.95291186 | val_dt_mae=1.76721330 | val_qty_mae=0.84369933 | train_log_qty_aux=nan | val_log_qty_aux=nan
[Epoch 096] train_loss=-3.23366762 | score=0.93653217 | val_nll=-3.34803066 | val_acc=0.95502115 | val_dt_mae=1.76721330 | val_qty_mae=0.81684654 | train_log_qty_aux=nan | val_log_qty_aux=nan
[Epoch 097] train_loss=-3.23561043 | score=0.94012286 | val_nll=-3.35069815 | val_acc=0.95854436 | val_dt_mae=1.76721330 | val_qty_mae=0.74936797 | train_log_qty_aux=nan | val_log_qty_aux=nan
[Epoch 098] train_loss=-3.23832162 | score=0.93678272 | val_nll=-3.35456940 | val_acc=0.95527612 | val_dt_mae=1.76721330 | val_qty_mae=0.82126541 | train_log_qty_aux=nan | val_log_qty_aux=nan
[Epoch 099] train_loss=-3.24056753 | score=0.93754207 | val_nll=-3.36009581 | val_acc=0.95605262 | val_dt_mae=1.76721330 | val_qty_mae=0.83841004 | train_log_qty_aux=nan | val_log_qty_aux=nan
[Epoch 100] train_loss=-3.24264197 | score=0.93758920 | val_nll=-3.36204167 | val_acc=0.95609897 | val_dt_mae=1.76721330 | val_qty_mae=0.83764267 | train_log_qty_aux=nan | val_log_qty_aux=nan
[Epoch 101] train_loss=-3.24390834 | score=0.93104951 | val_nll=-3.35007997 | val_acc=0.94960885 | val_dt_mae=1.76721330 | val_qty_mae=0.88721353 | train_log_qty_aux=nan | val_log_qty_aux=nan
[Epoch 102] train_loss=-3.24621003 | score=0.93678844 | val_nll=-3.36375473 | val_acc=0.95526453 | val_dt_mae=1.76721330 | val_qty_mae=0.80396193 | train_log_qty_aux=nan | val_log_qty_aux=nan
[Epoch 103] train_loss=-3.24793522 | score=0.93893670 | val_nll=-3.36407892 | val_acc=0.95742018 | val_dt_mae=1.76721330 | val_qty_mae=0.81134880 | train_log_qty_aux=nan | val_log_qty_aux=nan
[Epoch 104] train_loss=-3.25010576 | score=0.93828453 | val_nll=-3.37250810 | val_acc=0.95675958 | val_dt_mae=1.76721330 | val_qty_mae=0.80291371 | train_log_qty_aux=nan | val_log_qty_aux=nan
[Epoch 105] train_loss=-3.25124207 | score=0.93900205 | val_nll=-3.36615515 | val_acc=0.95747812 | val_dt_mae=1.76721330 | val_qty_mae=0.80393752 | train_log_qty_aux=nan | val_log_qty_aux=nan
[Epoch 106] train_loss=-3.25255980 | score=0.93765460 | val_nll=-3.37196189 | val_acc=0.95618010 | val_dt_mae=1.76721330 | val_qty_mae=0.85337211 | train_log_qty_aux=nan | val_log_qty_aux=nan
[Epoch 107] train_loss=-3.25447016 | score=0.93791176 | val_nll=-3.37450720 | val_acc=0.95641189 | val_dt_mae=1.76721330 | val_qty_mae=0.82799905 | train_log_qty_aux=nan | val_log_qty_aux=nan
[Epoch 108] train_loss=-3.25576091 | score=0.93830052 | val_nll=-3.36911547 | val_acc=0.95675958 | val_dt_mae=1.76721330 | val_qty_mae=0.78692372 | train_log_qty_aux=nan | val_log_qty_aux=nan
[Epoch 109] train_loss=-3.25712251 | score=0.93696139 | val_nll=-3.37577278 | val_acc=0.95548473 | val_dt_mae=1.76721330 | val_qty_mae=0.85120490 | train_log_qty_aux=nan | val_log_qty_aux=nan
[Epoch 110] train_loss=-3.25857156 | score=0.93761189 | val_nll=-3.37527243 | val_acc=0.95619169 | val_dt_mae=1.76721330 | val_qty_mae=0.90767054 | train_log_qty_aux=nan | val_log_qty_aux=nan
[Epoch 111] train_loss=-3.26016963 | score=0.93556807 | val_nll=-3.37279798 | val_acc=0.95407081 | val_dt_mae=1.76721330 | val_qty_mae=0.83060951 | train_log_qty_aux=nan | val_log_qty_aux=nan
[Epoch 112] train_loss=-3.26190749 | score=0.93420542 | val_nll=-3.37467583 | val_acc=0.95277279 | val_dt_mae=1.76721330 | val_qty_mae=0.89522983 | train_log_qty_aux=nan | val_log_qty_aux=nan
[Epoch 113] train_loss=-3.26276443 | score=0.93739861 | val_nll=-3.37784451 | val_acc=0.95591354 | val_dt_mae=1.76721330 | val_qty_mae=0.84280133 | train_log_qty_aux=nan | val_log_qty_aux=nan
[Epoch 114] train_loss=-3.26349935 | score=0.93639745 | val_nll=-3.37893884 | val_acc=0.95489367 | val_dt_mae=1.76721330 | val_qty_mae=0.82408482 | train_log_qty_aux=nan | val_log_qty_aux=nan
[Epoch 115] train_loss=-3.26488831 | score=0.93630403 | val_nll=-3.38181596 | val_acc=0.95481254 | val_dt_mae=1.76721330 | val_qty_mae=0.83637793 | train_log_qty_aux=nan | val_log_qty_aux=nan
[Epoch 116] train_loss=-3.26635680 | score=0.93366246 | val_nll=-3.37649854 | val_acc=0.95215854 | val_dt_mae=1.76721330 | val_qty_mae=0.82394841 | train_log_qty_aux=nan | val_log_qty_aux=nan
[Epoch 117] train_loss=-3.26802354 | score=0.93888450 | val_nll=-3.38261553 | val_acc=0.95735064 | val_dt_mae=1.76721330 | val_qty_mae=0.79401133 | train_log_qty_aux=nan | val_log_qty_aux=nan
[Epoch 118] train_loss=-3.26879781 | score=0.93678584 | val_nll=-3.38463439 | val_acc=0.95531089 | val_dt_mae=1.76721330 | val_qty_mae=0.85291134 | train_log_qty_aux=nan | val_log_qty_aux=nan
[Epoch 119] train_loss=-3.26940062 | score=0.93789514 | val_nll=-3.38488611 | val_acc=0.95636553 | val_dt_mae=1.76721330 | val_qty_mae=0.79825794 | train_log_qty_aux=nan | val_log_qty_aux=nan
[Epoch 120] train_loss=-3.27043519 | score=0.93821844 | val_nll=-3.38624168 | val_acc=0.95671322 | val_dt_mae=1.76721330 | val_qty_mae=0.82264171 | train_log_qty_aux=nan | val_log_qty_aux=nan
[Epoch 121] train_loss=-3.27161122 | score=0.93748018 | val_nll=-3.39175407 | val_acc=0.95597149 | val_dt_mae=1.76721330 | val_qty_mae=0.81917362 | train_log_qty_aux=nan | val_log_qty_aux=nan
[Epoch 122] train_loss=-3.27294362 | score=0.93883999 | val_nll=-3.38810639 | val_acc=0.95729269 | val_dt_mae=1.76721330 | val_qty_mae=0.78057284 | train_log_qty_aux=nan | val_log_qty_aux=nan
[Epoch 123] train_loss=-3.27363894 | score=0.93738826 | val_nll=-3.38698947 | val_acc=0.95587877 | val_dt_mae=1.76721330 | val_qty_mae=0.81838540 | train_log_qty_aux=nan | val_log_qty_aux=nan
[Epoch 124] train_loss=-3.27428514 | score=0.93882727 | val_nll=-3.39546072 | val_acc=0.95731587 | val_dt_mae=1.76721330 | val_qty_mae=0.81647256 | train_log_qty_aux=nan | val_log_qty_aux=nan
[Epoch 125] train_loss=-3.27559272 | score=0.93698967 | val_nll=-3.38574407 | val_acc=0.95550791 | val_dt_mae=1.76721330 | val_qty_mae=0.84610909 | train_log_qty_aux=nan | val_log_qty_aux=nan
[Epoch 126] train_loss=-3.27656060 | score=0.93489974 | val_nll=-3.39076544 | val_acc=0.95351452 | val_dt_mae=1.76721330 | val_qty_mae=0.94264122 | train_log_qty_aux=nan | val_log_qty_aux=nan
[Epoch 127] train_loss=-3.27758094 | score=0.93200713 | val_nll=-3.38871688 | val_acc=0.95061714 | val_dt_mae=1.76721330 | val_qty_mae=0.93787464 | train_log_qty_aux=nan | val_log_qty_aux=nan
[Epoch 128] train_loss=-3.27862643 | score=0.93891103 | val_nll=-3.39705586 | val_acc=0.95743177 | val_dt_mae=1.76721330 | val_qty_mae=0.84860006 | train_log_qty_aux=nan | val_log_qty_aux=nan
[Epoch 129] train_loss=-3.27936492 | score=0.93565077 | val_nll=-3.39122017 | val_acc=0.95415194 | val_dt_mae=1.76721330 | val_qty_mae=0.82903385 | train_log_qty_aux=nan | val_log_qty_aux=nan
[Epoch 130] train_loss=-3.27988987 | score=0.93400792 | val_nll=-3.38718106 | val_acc=0.95252941 | val_dt_mae=1.76721330 | val_qty_mae=0.84935633 | train_log_qty_aux=nan | val_log_qty_aux=nan
[Epoch 131] train_loss=-3.28040407 | score=0.93710017 | val_nll=-3.39389033 | val_acc=0.95558904 | val_dt_mae=1.76721330 | val_qty_mae=0.81673689 | train_log_qty_aux=nan | val_log_qty_aux=nan
[Epoch 132] train_loss=-3.28121485 | score=0.93860149 | val_nll=-3.39780932 | val_acc=0.95708408 | val_dt_mae=1.76721330 | val_qty_mae=0.81045952 | train_log_qty_aux=nan | val_log_qty_aux=nan
[Epoch 133] train_loss=-3.28232016 | score=0.93914150 | val_nll=-3.40040638 | val_acc=0.95766356 | val_dt_mae=1.76721330 | val_qty_mae=0.84992711 | train_log_qty_aux=nan | val_log_qty_aux=nan
[Epoch 134] train_loss=-3.28270959 | score=0.93817068 | val_nll=-3.40202623 | val_acc=0.95670163 | val_dt_mae=1.76721330 | val_qty_mae=0.85881411 | train_log_qty_aux=nan | val_log_qty_aux=nan
[Epoch 135] train_loss=-3.28333177 | score=0.93539337 | val_nll=-3.39535486 | val_acc=0.95388538 | val_dt_mae=1.76721330 | val_qty_mae=0.81988168 | train_log_qty_aux=nan | val_log_qty_aux=nan
[Epoch 136] train_loss=-3.28446268 | score=0.93636661 | val_nll=-3.39875214 | val_acc=0.95494002 | val_dt_mae=1.76721330 | val_qty_mae=0.90127945 | train_log_qty_aux=nan | val_log_qty_aux=nan
[Epoch 137] train_loss=-3.28514561 | score=0.93754659 | val_nll=-3.40052728 | val_acc=0.95608738 | val_dt_mae=1.76721330 | val_qty_mae=0.86865787 | train_log_qty_aux=nan | val_log_qty_aux=nan
[Epoch 138] train_loss=-3.28562066 | score=0.93593826 | val_nll=-3.39898806 | val_acc=0.95453439 | val_dt_mae=1.76721330 | val_qty_mae=0.92399733 | train_log_qty_aux=nan | val_log_qty_aux=nan
[Epoch 139] train_loss=-3.28663755 | score=0.93682051 | val_nll=-3.40177045 | val_acc=0.95536884 | val_dt_mae=1.76721330 | val_qty_mae=0.87619462 | train_log_qty_aux=nan | val_log_qty_aux=nan
[Epoch 140] train_loss=-3.28775920 | score=0.94020636 | val_nll=-3.40686631 | val_acc=0.95863707 | val_dt_mae=1.76721330 | val_qty_mae=0.75857729 | train_log_qty_aux=nan | val_log_qty_aux=nan
[Epoch 141] train_loss=-3.28784745 | score=0.93836833 | val_nll=-3.39819893 | val_acc=0.95687547 | val_dt_mae=1.76721330 | val_qty_mae=0.83500709 | train_log_qty_aux=nan | val_log_qty_aux=nan
[Epoch 142] train_loss=-3.28894725 | score=0.93492116 | val_nll=-3.39785271 | val_acc=0.95342180 | val_dt_mae=1.76721330 | val_qty_mae=0.82850215 | train_log_qty_aux=nan | val_log_qty_aux=nan
[Epoch 143] train_loss=-3.28898443 | score=0.93417193 | val_nll=-3.39393093 | val_acc=0.95269166 | val_dt_mae=1.76721330 | val_qty_mae=0.84760252 | train_log_qty_aux=nan | val_log_qty_aux=nan
[Epoch 144] train_loss=-3.28891428 | score=0.93629985 | val_nll=-3.40210854 | val_acc=0.95478936 | val_dt_mae=1.76721330 | val_qty_mae=0.81738110 | train_log_qty_aux=nan | val_log_qty_aux=nan
[Epoch 145] train_loss=-3.28988271 | score=0.93868487 | val_nll=-3.40989462 | val_acc=0.95719998 | val_dt_mae=1.76721330 | val_qty_mae=0.84297811 | train_log_qty_aux=nan | val_log_qty_aux=nan
[Epoch 146] train_loss=-3.29011249 | score=0.93773525 | val_nll=-3.40124373 | val_acc=0.95623805 | val_dt_mae=1.76721330 | val_qty_mae=0.83066542 | train_log_qty_aux=nan | val_log_qty_aux=nan
[Epoch 147] train_loss=-3.29013375 | score=0.93447400 | val_nll=-3.40104969 | val_acc=0.95303935 | val_dt_mae=1.76721330 | val_qty_mae=0.89321187 | train_log_qty_aux=nan | val_log_qty_aux=nan
[Epoch 148] train_loss=-3.29123906 | score=0.93996026 | val_nll=-3.40924404 | val_acc=0.95844005 | val_dt_mae=1.76721330 | val_qty_mae=0.80765789 | train_log_qty_aux=nan | val_log_qty_aux=nan
[Epoch 149] train_loss=-3.29161565 | score=0.93697241 | val_nll=-3.40576267 | val_acc=0.95550791 | val_dt_mae=1.76721330 | val_qty_mae=0.86336878 | train_log_qty_aux=nan | val_log_qty_aux=nan
[Epoch 150] train_loss=-3.29243931 | score=0.93642776 | val_nll=-3.40507991 | val_acc=0.95496320 | val_dt_mae=1.76721330 | val_qty_mae=0.86330771 | train_log_qty_aux=nan | val_log_qty_aux=nan
[Epoch 151] train_loss=-3.29262751 | score=0.93858338 | val_nll=-3.41041406 | val_acc=0.95707249 | val_dt_mae=1.76721330 | val_qty_mae=0.81697715 | train_log_qty_aux=nan | val_log_qty_aux=nan
[Epoch 152] train_loss=-3.29257157 | score=0.93641231 | val_nll=-3.40740775 | val_acc=0.95499797 | val_dt_mae=1.76721330 | val_qty_mae=0.91353230 | train_log_qty_aux=nan | val_log_qty_aux=nan
[Epoch 153] train_loss=-3.29340854 | score=0.93162321 | val_nll=-3.39156235 | val_acc=0.95010720 | val_dt_mae=1.76721330 | val_qty_mae=0.81185978 | train_log_qty_aux=nan | val_log_qty_aux=nan
[Epoch 154] train_loss=-3.29309976 | score=0.93486897 | val_nll=-3.40678817 | val_acc=0.95339862 | val_dt_mae=1.76721330 | val_qty_mae=0.85751866 | train_log_qty_aux=nan | val_log_qty_aux=nan
[Epoch 155] train_loss=-3.29401044 | score=0.93695148 | val_nll=-3.40789286 | val_acc=0.95544996 | val_dt_mae=1.76721330 | val_qty_mae=0.82634757 | train_log_qty_aux=nan | val_log_qty_aux=nan
[Epoch 156] train_loss=-3.29420691 | score=0.93852638 | val_nll=-3.41182390 | val_acc=0.95702613 | val_dt_mae=1.76721330 | val_qty_mae=0.82762557 | train_log_qty_aux=nan | val_log_qty_aux=nan
[Epoch 157] train_loss=-3.29499164 | score=0.93720666 | val_nll=-3.41179921 | val_acc=0.95570493 | val_dt_mae=1.76721330 | val_qty_mae=0.82614016 | train_log_qty_aux=nan | val_log_qty_aux=nan
[Epoch 158] train_loss=-3.29503299 | score=0.93651354 | val_nll=-3.40766897 | val_acc=0.95509069 | val_dt_mae=1.76721330 | val_qty_mae=0.90501036 | train_log_qty_aux=nan | val_log_qty_aux=nan
[Epoch 159] train_loss=-3.29632500 | score=0.93841849 | val_nll=-3.40709845 | val_acc=0.95693342 | val_dt_mae=1.76721330 | val_qty_mae=0.84279953 | train_log_qty_aux=nan | val_log_qty_aux=nan
[Epoch 160] train_loss=-3.29608756 | score=0.93708512 | val_nll=-3.40082789 | val_acc=0.95557745 | val_dt_mae=1.76721330 | val_qty_mae=0.82019114 | train_log_qty_aux=nan | val_log_qty_aux=nan
[Epoch 161] train_loss=-3.29629985 | score=0.93934839 | val_nll=-3.40998277 | val_acc=0.95779104 | val_dt_mae=1.76721330 | val_qty_mae=0.77052257 | train_log_qty_aux=nan | val_log_qty_aux=nan
[Epoch 162] train_loss=-3.29630758 | score=0.93571600 | val_nll=-3.40589992 | val_acc=0.95427942 | val_dt_mae=1.76721330 | val_qty_mae=0.89128771 | train_log_qty_aux=nan | val_log_qty_aux=nan
[Epoch 163] train_loss=-3.29696165 | score=0.93511971 | val_nll=-3.40773395 | val_acc=0.95364200 | val_dt_mae=1.76721330 | val_qty_mae=0.85015871 | train_log_qty_aux=nan | val_log_qty_aux=nan
[Epoch 164] train_loss=-3.29667941 | score=0.93652041 | val_nll=-3.41372310 | val_acc=0.95504433 | val_dt_mae=1.76721330 | val_qty_mae=0.85178892 | train_log_qty_aux=nan | val_log_qty_aux=nan
[Epoch 165] train_loss=-3.29701007 | score=0.93487167 | val_nll=-3.40491809 | val_acc=0.95338703 | val_dt_mae=1.76721330 | val_qty_mae=0.84323059 | train_log_qty_aux=nan | val_log_qty_aux=nan
[Epoch 166] train_loss=-3.29736699 | score=0.93881170 | val_nll=-3.41132758 | val_acc=0.95731587 | val_dt_mae=1.76721330 | val_qty_mae=0.83203673 | train_log_qty_aux=nan | val_log_qty_aux=nan
[Epoch 167] train_loss=-3.29661483 | score=0.93609895 | val_nll=-3.40983822 | val_acc=0.95460393 | val_dt_mae=1.76721330 | val_qty_mae=0.83284547 | train_log_qty_aux=nan | val_log_qty_aux=nan
[Epoch 168] train_loss=-3.29817385 | score=0.93669081 | val_nll=-3.40628455 | val_acc=0.95516022 | val_dt_mae=1.76721330 | val_qty_mae=0.79727932 | train_log_qty_aux=nan | val_log_qty_aux=nan
[Epoch 169] train_loss=-3.29872970 | score=0.93700124 | val_nll=-3.41279207 | val_acc=0.95558904 | val_dt_mae=1.76721330 | val_qty_mae=0.91566073 | train_log_qty_aux=nan | val_log_qty_aux=nan
[Epoch 170] train_loss=-3.29815506 | score=0.93806347 | val_nll=-3.41289342 | val_acc=0.95655096 | val_dt_mae=1.76721330 | val_qty_mae=0.81535868 | train_log_qty_aux=nan | val_log_qty_aux=nan
[Epoch 171] train_loss=-3.29879558 | score=0.94050905 | val_nll=-3.41707451 | val_acc=0.95896158 | val_dt_mae=1.76721330 | val_qty_mae=0.78040114 | train_log_qty_aux=nan | val_log_qty_aux=nan
[Epoch 172] train_loss=-3.29900783 | score=0.93730414 | val_nll=-3.41348746 | val_acc=0.95580924 | val_dt_mae=1.76721330 | val_qty_mae=0.83296786 | train_log_qty_aux=nan | val_log_qty_aux=nan
[Epoch 173] train_loss=-3.29951518 | score=0.93537644 | val_nll=-3.41269141 | val_acc=0.95392015 | val_dt_mae=1.76721330 | val_qty_mae=0.87157448 | train_log_qty_aux=nan | val_log_qty_aux=nan
[Epoch 174] train_loss=-3.29961601 | score=0.93870259 | val_nll=-3.41035057 | val_acc=0.95714203 | val_dt_mae=1.76721330 | val_qty_mae=0.76731060 | train_log_qty_aux=nan | val_log_qty_aux=nan
[Epoch 175] train_loss=-3.29983272 | score=0.93449075 | val_nll=-3.40318197 | val_acc=0.95296981 | val_dt_mae=1.76721330 | val_qty_mae=0.80692433 | train_log_qty_aux=nan | val_log_qty_aux=nan
[Epoch 176] train_loss=-3.29961312 | score=0.93780842 | val_nll=-3.41500522 | val_acc=0.95629600 | val_dt_mae=1.76721330 | val_qty_mae=0.81544326 | train_log_qty_aux=nan | val_log_qty_aux=nan
[Epoch 177] train_loss=-3.29998093 | score=0.93699757 | val_nll=-3.41008420 | val_acc=0.95548473 | val_dt_mae=1.76721330 | val_qty_mae=0.81502760 | train_log_qty_aux=nan | val_log_qty_aux=nan
[Epoch 178] train_loss=-3.30009392 | score=0.93743581 | val_nll=-3.41127065 | val_acc=0.95592513 | val_dt_mae=1.76721330 | val_qty_mae=0.81718943 | train_log_qty_aux=nan | val_log_qty_aux=nan
[Epoch 179] train_loss=-3.30058765 | score=0.93676674 | val_nll=-3.41307809 | val_acc=0.95521817 | val_dt_mae=1.76721330 | val_qty_mae=0.77930259 | train_log_qty_aux=nan | val_log_qty_aux=nan
[Epoch 180] train_loss=-3.30003501 | score=0.93645826 | val_nll=-3.40459474 | val_acc=0.95492843 | val_dt_mae=1.76721330 | val_qty_mae=0.79804342 | train_log_qty_aux=nan | val_log_qty_aux=nan
[Epoch 181] train_loss=-3.30136977 | score=0.93715201 | val_nll=-3.41141388 | val_acc=0.95561222 | val_dt_mae=1.76721330 | val_qty_mae=0.78807660 | train_log_qty_aux=nan | val_log_qty_aux=nan
[Epoch 182] train_loss=-3.30080573 | score=0.93525122 | val_nll=-3.41477660 | val_acc=0.95375790 | val_dt_mae=1.76721330 | val_qty_mae=0.83454197 | train_log_qty_aux=nan | val_log_qty_aux=nan
[Epoch 183] train_loss=-3.30133032 | score=0.93513483 | val_nll=-3.40670701 | val_acc=0.95368836 | val_dt_mae=1.76721330 | val_qty_mae=0.88139488 | train_log_qty_aux=nan | val_log_qty_aux=nan
[Epoch 184] train_loss=-3.30161208 | score=0.93876694 | val_nll=-3.41319136 | val_acc=0.95722316 | val_dt_mae=1.76721330 | val_qty_mae=0.78408417 | train_log_qty_aux=nan | val_log_qty_aux=nan
[Epoch 185] train_loss=-3.30149594 | score=0.92914928 | val_nll=-3.40518395 | val_acc=0.94777771 | val_dt_mae=1.76721330 | val_qty_mae=0.95630470 | train_log_qty_aux=nan | val_log_qty_aux=nan
[Epoch 186] train_loss=-3.30241052 | score=0.93722156 | val_nll=-3.41958216 | val_acc=0.95575129 | val_dt_mae=1.76721330 | val_qty_mae=0.85759767 | train_log_qty_aux=nan | val_log_qty_aux=nan
[Epoch 187] train_loss=-3.30197205 | score=0.93773869 | val_nll=-3.41431669 | val_acc=0.95620328 | val_dt_mae=1.76721330 | val_qty_mae=0.79245269 | train_log_qty_aux=nan | val_log_qty_aux=nan
[Epoch 188] train_loss=-3.30267021 | score=0.93367272 | val_nll=-3.41000502 | val_acc=0.95212378 | val_dt_mae=1.76721330 | val_qty_mae=0.77892705 | train_log_qty_aux=nan | val_log_qty_aux=nan
[Epoch 189] train_loss=-3.30280175 | score=0.93770284 | val_nll=-3.41189399 | val_acc=0.95619169 | val_dt_mae=1.76721330 | val_qty_mae=0.81672083 | train_log_qty_aux=nan | val_log_qty_aux=nan
[Epoch 190] train_loss=-3.30259252 | score=0.93948841 | val_nll=-3.41697299 | val_acc=0.95793012 | val_dt_mae=1.76721330 | val_qty_mae=0.76957715 | train_log_qty_aux=nan | val_log_qty_aux=nan
[Epoch 191] train_loss=-3.30365092 | score=0.93259008 | val_nll=-3.40877898 | val_acc=0.95117344 | val_dt_mae=1.76721330 | val_qty_mae=0.91122428 | train_log_qty_aux=nan | val_log_qty_aux=nan
[Epoch 192] train_loss=-3.30371069 | score=0.93501293 | val_nll=-3.41388234 | val_acc=0.95353769 | val_dt_mae=1.76721330 | val_qty_mae=0.85263435 | train_log_qty_aux=nan | val_log_qty_aux=nan
[Epoch 193] train_loss=-3.30354528 | score=0.93600319 | val_nll=-3.41060041 | val_acc=0.95454598 | val_dt_mae=1.76721330 | val_qty_mae=0.87066029 | train_log_qty_aux=nan | val_log_qty_aux=nan
[Epoch 194] train_loss=-3.30409670 | score=0.93894902 | val_nll=-3.42096161 | val_acc=0.95740859 | val_dt_mae=1.76721330 | val_qty_mae=0.78743601 | train_log_qty_aux=nan | val_log_qty_aux=nan
[Epoch 195] train_loss=-3.30322289 | score=0.93574043 | val_nll=-3.41079809 | val_acc=0.95426783 | val_dt_mae=1.76721330 | val_qty_mae=0.85526791 | train_log_qty_aux=nan | val_log_qty_aux=nan
[Epoch 196] train_loss=-3.30424905 | score=0.93625902 | val_nll=-3.41123167 | val_acc=0.95481254 | val_dt_mae=1.76721330 | val_qty_mae=0.88138815 | train_log_qty_aux=nan | val_log_qty_aux=nan
[Epoch 197] train_loss=-3.30407713 | score=0.93602188 | val_nll=-3.41138648 | val_acc=0.95453439 | val_dt_mae=1.76721330 | val_qty_mae=0.84037782 | train_log_qty_aux=nan | val_log_qty_aux=nan
[Epoch 198] train_loss=-3.30456536 | score=0.93389645 | val_nll=-3.41064040 | val_acc=0.95252941 | val_dt_mae=1.76721330 | val_qty_mae=0.96082721 | train_log_qty_aux=nan | val_log_qty_aux=nan
[Epoch 199] train_loss=-3.30526150 | score=0.93600319 | val_nll=-3.41237205 | val_acc=0.95445327 | val_dt_mae=1.76721330 | val_qty_mae=0.77794722 | train_log_qty_aux=nan | val_log_qty_aux=nan
[Epoch 200] train_loss=-3.30500734 | score=0.93992229 | val_nll=-3.41717627 | val_acc=0.95838211 | val_dt_mae=1.76721330 | val_qty_mae=0.78768703 | train_log_qty_aux=nan | val_log_qty_aux=nan
[Epoch 201] train_loss=-3.30471192 | score=0.94005666 | val_nll=-3.42204195 | val_acc=0.95852118 | val_dt_mae=1.76721330 | val_qty_mae=0.79238538 | train_log_qty_aux=nan | val_log_qty_aux=nan
[Epoch 202] train_loss=-3.30562647 | score=0.93685694 | val_nll=-3.41299159 | val_acc=0.95533407 | val_dt_mae=1.76721330 | val_qty_mae=0.80499551 | train_log_qty_aux=nan | val_log_qty_aux=nan
[Epoch 203] train_loss=-3.30503852 | score=0.93838910 | val_nll=-3.41639302 | val_acc=0.95680593 | val_dt_mae=1.76721330 | val_qty_mae=0.74470532 | train_log_qty_aux=nan | val_log_qty_aux=nan
[Epoch 204] train_loss=-3.30550772 | score=0.93609451 | val_nll=-3.41576374 | val_acc=0.95460393 | val_dt_mae=1.76721330 | val_qty_mae=0.83728647 | train_log_qty_aux=nan | val_log_qty_aux=nan
[Epoch 205] train_loss=-3.30605168 | score=0.93515267 | val_nll=-3.41186245 | val_acc=0.95369995 | val_dt_mae=1.76721330 | val_qty_mae=0.87513983 | train_log_qty_aux=nan | val_log_qty_aux=nan
[Epoch 206] train_loss=-3.30612427 | score=0.93534271 | val_nll=-3.41647928 | val_acc=0.95386220 | val_dt_mae=1.76721330 | val_qty_mae=0.84736278 | train_log_qty_aux=nan | val_log_qty_aux=nan
[Epoch 207] train_loss=-3.30534918 | score=0.93612670 | val_nll=-3.41652464 | val_acc=0.95469664 | val_dt_mae=1.76721330 | val_qty_mae=0.89780989 | train_log_qty_aux=nan | val_log_qty_aux=nan
[Epoch 208] train_loss=-3.30531492 | score=0.93759335 | val_nll=-3.41187166 | val_acc=0.95608738 | val_dt_mae=1.76721330 | val_qty_mae=0.82190342 | train_log_qty_aux=nan | val_log_qty_aux=nan
[Epoch 209] train_loss=-3.30580834 | score=0.93663330 | val_nll=-3.40995332 | val_acc=0.95511387 | val_dt_mae=1.76721330 | val_qty_mae=0.80843286 | train_log_qty_aux=nan | val_log_qty_aux=nan
[Epoch 210] train_loss=-3.30543456 | score=0.93600152 | val_nll=-3.40698572 | val_acc=0.95449962 | val_dt_mae=1.76721330 | val_qty_mae=0.82597084 | train_log_qty_aux=nan | val_log_qty_aux=nan
[Epoch 211] train_loss=-3.30538959 | score=0.93878552 | val_nll=-3.41864399 | val_acc=0.95723475 | val_dt_mae=1.76721330 | val_qty_mae=0.77709591 | train_log_qty_aux=nan | val_log_qty_aux=nan
[Epoch 212] train_loss=-3.30609622 | score=0.93132824 | val_nll=-3.40537444 | val_acc=0.94988700 | val_dt_mae=1.76721330 | val_qty_mae=0.88663429 | train_log_qty_aux=nan | val_log_qty_aux=nan
[Epoch 213] train_loss=-3.30570229 | score=0.93537572 | val_nll=-3.41171940 | val_acc=0.95386220 | val_dt_mae=1.76721330 | val_qty_mae=0.81434961 | train_log_qty_aux=nan | val_log_qty_aux=nan
[Epoch 214] train_loss=-3.30561032 | score=0.93724900 | val_nll=-3.41303808 | val_acc=0.95569334 | val_dt_mae=1.76721330 | val_qty_mae=0.77220562 | train_log_qty_aux=nan | val_log_qty_aux=nan
[Epoch 215] train_loss=-3.30530756 | score=0.93716561 | val_nll=-3.41662615 | val_acc=0.95568175 | val_dt_mae=1.76721330 | val_qty_mae=0.84401357 | train_log_qty_aux=nan | val_log_qty_aux=nan
[Epoch 216] train_loss=-3.30572363 | score=0.93754337 | val_nll=-3.41328138 | val_acc=0.95602944 | val_dt_mae=1.76721330 | val_qty_mae=0.81393069 | train_log_qty_aux=nan | val_log_qty_aux=nan
[Epoch 217] train_loss=-3.30525760 | score=0.93430271 | val_nll=-3.40673942 | val_acc=0.95286550 | val_dt_mae=1.76721330 | val_qty_mae=0.89065642 | train_log_qty_aux=nan | val_log_qty_aux=nan
[Epoch 218] train_loss=-3.30582768 | score=0.93680613 | val_nll=-3.41810259 | val_acc=0.95528771 | val_dt_mae=1.76721330 | val_qty_mae=0.80944676 | train_log_qty_aux=nan | val_log_qty_aux=nan
[Epoch 219] train_loss=-3.30538476 | score=0.93786155 | val_nll=-3.41370445 | val_acc=0.95633076 | val_dt_mae=1.76721330 | val_qty_mae=0.79707965 | train_log_qty_aux=nan | val_log_qty_aux=nan
[Epoch 220] train_loss=-3.30547057 | score=0.93801864 | val_nll=-3.41695235 | val_acc=0.95651620 | val_dt_mae=1.76721330 | val_qty_mae=0.82542211 | train_log_qty_aux=nan | val_log_qty_aux=nan
[Epoch 221] train_loss=-3.30618617 | score=0.93523382 | val_nll=-3.41401890 | val_acc=0.95374631 | val_dt_mae=1.76721330 | val_qty_mae=0.84035042 | train_log_qty_aux=nan | val_log_qty_aux=nan
[Epoch 222] train_loss=-3.30660967 | score=0.93571384 | val_nll=-3.40804366 | val_acc=0.95418671 | val_dt_mae=1.76721330 | val_qty_mae=0.80073308 | train_log_qty_aux=nan | val_log_qty_aux=nan
[Epoch 223] train_loss=-3.30596648 | score=0.93587114 | val_nll=-3.41772737 | val_acc=0.95436055 | val_dt_mae=1.76721330 | val_qty_mae=0.81727377 | train_log_qty_aux=nan | val_log_qty_aux=nan
[Epoch 224] train_loss=-3.30608488 | score=0.93739293 | val_nll=-3.41814942 | val_acc=0.95585559 | val_dt_mae=1.76721330 | val_qty_mae=0.79052737 | train_log_qty_aux=nan | val_log_qty_aux=nan
[Epoch 225] train_loss=-3.30606858 | score=0.93583659 | val_nll=-3.41343514 | val_acc=0.95432578 | val_dt_mae=1.76721330 | val_qty_mae=0.81705855 | train_log_qty_aux=nan | val_log_qty_aux=nan
[Epoch 226] train_loss=-3.30558816 | score=0.93329187 | val_nll=-3.41182725 | val_acc=0.95176450 | val_dt_mae=1.76721330 | val_qty_mae=0.80049695 | train_log_qty_aux=nan | val_log_qty_aux=nan
[Epoch 227] train_loss=-3.30559843 | score=0.93819566 | val_nll=-3.41689579 | val_acc=0.95662050 | val_dt_mae=1.76721330 | val_qty_mae=0.75271255 | train_log_qty_aux=nan | val_log_qty_aux=nan
[Epoch 228] train_loss=-3.30561077 | score=0.93569967 | val_nll=-3.41270619 | val_acc=0.95422148 | val_dt_mae=1.76721330 | val_qty_mae=0.84966990 | train_log_qty_aux=nan | val_log_qty_aux=nan
[Epoch 229] train_loss=-3.30536919 | score=0.93918971 | val_nll=-3.41391640 | val_acc=0.95761720 | val_dt_mae=1.76721330 | val_qty_mae=0.75535761 | train_log_qty_aux=nan | val_log_qty_aux=nan
[Epoch 230] train_loss=-3.30556561 | score=0.93545482 | val_nll=-3.40903963 | val_acc=0.95387379 | val_dt_mae=1.76721330 | val_qty_mae=0.74684071 | train_log_qty_aux=nan | val_log_qty_aux=nan
[Epoch 231] train_loss=-3.30591981 | score=0.93477206 | val_nll=-3.41015018 | val_acc=0.95327114 | val_dt_mae=1.76721330 | val_qty_mae=0.82694718 | train_log_qty_aux=nan | val_log_qty_aux=nan
[Epoch 232] train_loss=-3.30623803 | score=0.93379093 | val_nll=-3.40129340 | val_acc=0.95228603 | val_dt_mae=1.76721330 | val_qty_mae=0.82296932 | train_log_qty_aux=nan | val_log_qty_aux=nan
[Epoch 233] train_loss=-3.30586202 | score=0.93711823 | val_nll=-3.41468727 | val_acc=0.95561222 | val_dt_mae=1.76721330 | val_qty_mae=0.82184731 | train_log_qty_aux=nan | val_log_qty_aux=nan
[Epoch 234] train_loss=-3.30605513 | score=0.93812809 | val_nll=-3.41954163 | val_acc=0.95659732 | val_dt_mae=1.76721330 | val_qty_mae=0.79710243 | train_log_qty_aux=nan | val_log_qty_aux=nan
[Epoch 235] train_loss=-3.30621273 | score=0.93555662 | val_nll=-3.41248877 | val_acc=0.95405922 | val_dt_mae=1.76721330 | val_qty_mae=0.83046974 | train_log_qty_aux=nan | val_log_qty_aux=nan
[Epoch 236] train_loss=-3.30609819 | score=0.93467046 | val_nll=-3.40666290 | val_acc=0.95317842 | val_dt_mae=1.76721330 | val_qty_mae=0.83582665 | train_log_qty_aux=nan | val_log_qty_aux=nan
[Epoch 237] train_loss=-3.30587454 | score=0.93903817 | val_nll=-3.42148318 | val_acc=0.95746654 | val_dt_mae=1.76721330 | val_qty_mae=0.75623176 | train_log_qty_aux=nan | val_log_qty_aux=nan
[Epoch 238] train_loss=-3.30546443 | score=0.93644732 | val_nll=-3.42049997 | val_acc=0.95497479 | val_dt_mae=1.76721330 | val_qty_mae=0.85533863 | train_log_qty_aux=nan | val_log_qty_aux=nan
[Epoch 239] train_loss=-3.30598072 | score=0.93268533 | val_nll=-3.40374534 | val_acc=0.95127774 | val_dt_mae=1.76721330 | val_qty_mae=0.92028054 | train_log_qty_aux=nan | val_log_qty_aux=nan
[Epoch 240] train_loss=-3.30650356 | score=0.93716637 | val_nll=-3.41115176 | val_acc=0.95563539 | val_dt_mae=1.76721330 | val_qty_mae=0.79688954 | train_log_qty_aux=nan | val_log_qty_aux=nan
[Epoch 241] train_loss=-3.30576254 | score=0.93411223 | val_nll=-3.41405113 | val_acc=0.95262212 | val_dt_mae=1.76721330 | val_qty_mae=0.83775978 | train_log_qty_aux=nan | val_log_qty_aux=nan
[early-stop] epoch=241 patience=40 min_epochs=40
[2026-08-11 01:23:09,474] [INFO] Finished run | dataset=intermittent model=thp candidate=small seed=42 best_val_nll=-3.422042 epoch=201
[2026-08-11 01:23:09,504] [INFO] Run 3/6 | dataset=intermittent model=rmtpp candidate=rmtpp_gru_h64 base=2.0 seed=52
[2026-08-11 01:23:09,929] [INFO] Using fixed chronological splits | dataset=intermittent train_samples=393824 validation_samples=86285 test_samples=88019 | batch_size=128 max_seq_len=96 lookback=520
[2026-08-11 01:23:09,929] [INFO] Held-out test evaluation disabled | evaluation_scope=validation_only
[Epoch 001] train_loss=2.04972265 | score=0.95416251 | val_nll=1.11373659 | val_acc=0.95892681 | val_dt_mae=0.36699862 | val_qty_mae=1.09431188 | train_log_qty_aux=nan | val_log_qty_aux=nan
[Epoch 002] train_loss=0.89721479 | score=0.95378420 | val_nll=0.40647262 | val_acc=0.95894999 | val_dt_mae=0.42726272 | val_qty_mae=0.89316573 | train_log_qty_aux=nan | val_log_qty_aux=nan
[Epoch 003] train_loss=0.37631317 | score=0.94890452 | val_nll=0.15139897 | val_acc=0.95991192 | val_dt_mae=1.02119778 | val_qty_mae=0.79542319 | train_log_qty_aux=nan | val_log_qty_aux=nan
[Epoch 004] train_loss=0.12682335 | score=0.94686873 | val_nll=0.43045828 | val_acc=0.95969172 | val_dt_mae=1.20169895 | val_qty_mae=0.80599755 | train_log_qty_aux=nan | val_log_qty_aux=nan
[Epoch 005] train_loss=-0.37657871 | score=0.94200246 | val_nll=-0.83360798 | val_acc=0.95900794 | val_dt_mae=1.62084545 | val_qty_mae=0.79702063 | train_log_qty_aux=nan | val_log_qty_aux=nan
[Epoch 006] train_loss=-0.90001066 | score=0.94066127 | val_nll=-1.18597070 | val_acc=0.95922814 | val_dt_mae=1.76721327 | val_qty_mae=0.89474128 | train_log_qty_aux=nan | val_log_qty_aux=nan
[Epoch 007] train_loss=-1.13525932 | score=0.94270548 | val_nll=-1.37984011 | val_acc=0.96115200 | val_dt_mae=1.76721330 | val_qty_mae=0.77438280 | train_log_qty_aux=nan | val_log_qty_aux=nan
[Epoch 008] train_loss=-1.31701405 | score=0.94260409 | val_nll=-1.54824010 | val_acc=0.96103610 | val_dt_mae=1.76721330 | val_qty_mae=0.75987801 | train_log_qty_aux=nan | val_log_qty_aux=nan
[Epoch 009] train_loss=-1.47395576 | score=0.94261324 | val_nll=-1.68978699 | val_acc=0.96109405 | val_dt_mae=1.76721330 | val_qty_mae=0.80868069 | train_log_qty_aux=nan | val_log_qty_aux=nan
[Epoch 010] train_loss=-1.60891650 | score=0.94242107 | val_nll=-1.81237364 | val_acc=0.96089703 | val_dt_mae=1.76721330 | val_qty_mae=0.80382279 | train_log_qty_aux=nan | val_log_qty_aux=nan
[Epoch 011] train_loss=-1.72478113 | score=0.94391441 | val_nll=-1.92023090 | val_acc=0.96228777 | val_dt_mae=1.76721330 | val_qty_mae=0.70122230 | train_log_qty_aux=nan | val_log_qty_aux=nan
[Epoch 012] train_loss=-1.82639879 | score=0.94346775 | val_nll=-2.01633275 | val_acc=0.96187055 | val_dt_mae=1.76721330 | val_qty_mae=0.73066589 | train_log_qty_aux=nan | val_log_qty_aux=nan
[Epoch 013] train_loss=-1.91554734 | score=0.94456273 | val_nll=-2.09753487 | val_acc=0.96298314 | val_dt_mae=1.76721330 | val_qty_mae=0.74827235 | train_log_qty_aux=nan | val_log_qty_aux=nan
[Epoch 014] train_loss=-1.99700680 | score=0.94390924 | val_nll=-2.17312695 | val_acc=0.96240366 | val_dt_mae=1.76721330 | val_qty_mae=0.82229156 | train_log_qty_aux=nan | val_log_qty_aux=nan
[Epoch 015] train_loss=-2.06940870 | score=0.94384253 | val_nll=-2.24098813 | val_acc=0.96227618 | val_dt_mae=1.76721330 | val_qty_mae=0.76151397 | train_log_qty_aux=nan | val_log_qty_aux=nan
[Epoch 016] train_loss=-2.13471556 | score=0.94390258 | val_nll=-2.30403576 | val_acc=0.96235730 | val_dt_mae=1.76721330 | val_qty_mae=0.78259414 | train_log_qty_aux=nan | val_log_qty_aux=nan
[Epoch 017] train_loss=-2.19554124 | score=0.94417021 | val_nll=-2.36344247 | val_acc=0.96261227 | val_dt_mae=1.76721330 | val_qty_mae=0.76992587 | train_log_qty_aux=nan | val_log_qty_aux=nan
[Epoch 018] train_loss=-2.25085785 | score=0.94279316 | val_nll=-2.41005934 | val_acc=0.96123312 | val_dt_mae=1.76721330 | val_qty_mae=0.76783261 | train_log_qty_aux=nan | val_log_qty_aux=nan
[Epoch 019] train_loss=-2.30280080 | score=0.94354785 | val_nll=-2.46190726 | val_acc=0.96197485 | val_dt_mae=1.76721330 | val_qty_mae=0.75486283 | train_log_qty_aux=nan | val_log_qty_aux=nan
[Epoch 020] train_loss=-2.35138271 | score=0.94423950 | val_nll=-2.50843024 | val_acc=0.96268181 | val_dt_mae=1.76721330 | val_qty_mae=0.77017312 | train_log_qty_aux=nan | val_log_qty_aux=nan
[Epoch 021] train_loss=-2.39519095 | score=0.94415519 | val_nll=-2.55118718 | val_acc=0.96255433 | val_dt_mae=1.76721330 | val_qty_mae=0.72699936 | train_log_qty_aux=nan | val_log_qty_aux=nan
[Epoch 022] train_loss=-2.43727666 | score=0.94278459 | val_nll=-2.58718182 | val_acc=0.96120994 | val_dt_mae=1.76721330 | val_qty_mae=0.75322489 | train_log_qty_aux=nan | val_log_qty_aux=nan
[Epoch 023] train_loss=-2.47546054 | score=0.94332773 | val_nll=-2.62608818 | val_acc=0.96176624 | val_dt_mae=1.76721330 | val_qty_mae=0.76638148 | train_log_qty_aux=nan | val_log_qty_aux=nan
[Epoch 024] train_loss=-2.51283787 | score=0.94351795 | val_nll=-2.66142949 | val_acc=0.96189372 | val_dt_mae=1.76721330 | val_qty_mae=0.70364262 | train_log_qty_aux=nan | val_log_qty_aux=nan
[Epoch 025] train_loss=-2.54610187 | score=0.94500926 | val_nll=-2.69336920 | val_acc=0.96343513 | val_dt_mae=1.76721330 | val_qty_mae=0.75373211 | train_log_qty_aux=nan | val_log_qty_aux=nan
[Epoch 026] train_loss=-2.57857540 | score=0.94477387 | val_nll=-2.72707441 | val_acc=0.96316857 | val_dt_mae=1.76721330 | val_qty_mae=0.72256147 | train_log_qty_aux=nan | val_log_qty_aux=nan
[Epoch 027] train_loss=-2.60833822 | score=0.94433828 | val_nll=-2.75468562 | val_acc=0.96277453 | val_dt_mae=1.76721330 | val_qty_mae=0.76411029 | train_log_qty_aux=nan | val_log_qty_aux=nan
[Epoch 028] train_loss=-2.63685827 | score=0.94447386 | val_nll=-2.78232748 | val_acc=0.96287883 | val_dt_mae=1.76721330 | val_qty_mae=0.73283764 | train_log_qty_aux=nan | val_log_qty_aux=nan
[Epoch 029] train_loss=-2.66569896 | score=0.94540523 | val_nll=-2.81072981 | val_acc=0.96380599 | val_dt_mae=1.76721330 | val_qty_mae=0.72863132 | train_log_qty_aux=nan | val_log_qty_aux=nan
[Epoch 030] train_loss=-2.69164382 | score=0.94508918 | val_nll=-2.83571768 | val_acc=0.96348149 | val_dt_mae=1.76721330 | val_qty_mae=0.72016865 | train_log_qty_aux=nan | val_log_qty_aux=nan
[Epoch 031] train_loss=-2.71604691 | score=0.94455189 | val_nll=-2.85836702 | val_acc=0.96302950 | val_dt_mae=1.76721330 | val_qty_mae=0.80547270 | train_log_qty_aux=nan | val_log_qty_aux=nan
[Epoch 032] train_loss=-2.73939795 | score=0.94526216 | val_nll=-2.88090600 | val_acc=0.96369010 | val_dt_mae=1.76721330 | val_qty_mae=0.75580259 | train_log_qty_aux=nan | val_log_qty_aux=nan
[Epoch 033] train_loss=-2.76168404 | score=0.94540376 | val_nll=-2.90100074 | val_acc=0.96384076 | val_dt_mae=1.76721330 | val_qty_mae=0.76486784 | train_log_qty_aux=nan | val_log_qty_aux=nan
[Epoch 034] train_loss=-2.78185999 | score=0.94420590 | val_nll=-2.91996229 | val_acc=0.96263545 | val_dt_mae=1.76721330 | val_qty_mae=0.75741877 | train_log_qty_aux=nan | val_log_qty_aux=nan
[Epoch 035] train_loss=-2.80232467 | score=0.94482932 | val_nll=-2.93976883 | val_acc=0.96326129 | val_dt_mae=1.76721330 | val_qty_mae=0.75983107 | train_log_qty_aux=nan | val_log_qty_aux=nan
[Epoch 036] train_loss=-2.82201794 | score=0.94550301 | val_nll=-2.95995471 | val_acc=0.96391030 | val_dt_mae=1.76721330 | val_qty_mae=0.73515504 | train_log_qty_aux=nan | val_log_qty_aux=nan
[Epoch 037] train_loss=-2.83939165 | score=0.94421786 | val_nll=-2.97494484 | val_acc=0.96263545 | val_dt_mae=1.76721330 | val_qty_mae=0.74546011 | train_log_qty_aux=nan | val_log_qty_aux=nan
[Epoch 038] train_loss=-2.85726646 | score=0.94601631 | val_nll=-2.99522418 | val_acc=0.96442024 | val_dt_mae=1.76721330 | val_qty_mae=0.73179306 | train_log_qty_aux=nan | val_log_qty_aux=nan
[Epoch 039] train_loss=-2.87335257 | score=0.94547897 | val_nll=-3.00904262 | val_acc=0.96389871 | val_dt_mae=1.76721330 | val_qty_mae=0.74760089 | train_log_qty_aux=nan | val_log_qty_aux=nan
[Epoch 040] train_loss=-2.88914188 | score=0.94509222 | val_nll=-3.02385272 | val_acc=0.96346990 | val_dt_mae=1.76721330 | val_qty_mae=0.70554153 | train_log_qty_aux=nan | val_log_qty_aux=nan
[Epoch 041] train_loss=-2.90407087 | score=0.94578829 | val_nll=-3.03918651 | val_acc=0.96415368 | val_dt_mae=1.76721330 | val_qty_mae=0.69325515 | train_log_qty_aux=nan | val_log_qty_aux=nan
[Epoch 042] train_loss=-2.91894422 | score=0.94439007 | val_nll=-3.05290501 | val_acc=0.96284406 | val_dt_mae=1.76721330 | val_qty_mae=0.78186226 | train_log_qty_aux=nan | val_log_qty_aux=nan
[Epoch 043] train_loss=-2.93347273 | score=0.94551163 | val_nll=-3.06837584 | val_acc=0.96388712 | val_dt_mae=1.76721330 | val_qty_mae=0.70335828 | train_log_qty_aux=nan | val_log_qty_aux=nan
[Epoch 044] train_loss=-2.94674631 | score=0.94545387 | val_nll=-3.08079527 | val_acc=0.96381758 | val_dt_mae=1.76721330 | val_qty_mae=0.69158222 | train_log_qty_aux=nan | val_log_qty_aux=nan
[Epoch 045] train_loss=-2.95895495 | score=0.94501262 | val_nll=-3.09116997 | val_acc=0.96346990 | val_dt_mae=1.76721330 | val_qty_mae=0.78514668 | train_log_qty_aux=nan | val_log_qty_aux=nan
[Epoch 046] train_loss=-2.97096162 | score=0.94594563 | val_nll=-3.10630375 | val_acc=0.96436229 | val_dt_mae=1.76721330 | val_qty_mae=0.74452110 | train_log_qty_aux=nan | val_log_qty_aux=nan
[Epoch 047] train_loss=-2.98317864 | score=0.94517561 | val_nll=-3.11312811 | val_acc=0.96360897 | val_dt_mae=1.76721330 | val_qty_mae=0.76122602 | train_log_qty_aux=nan | val_log_qty_aux=nan
[Epoch 048] train_loss=-2.99338447 | score=0.94613826 | val_nll=-3.12781245 | val_acc=0.96452454 | val_dt_mae=1.76721330 | val_qty_mae=0.71414715 | train_log_qty_aux=nan | val_log_qty_aux=nan
[Epoch 049] train_loss=-3.00442799 | score=0.94554311 | val_nll=-3.13663664 | val_acc=0.96391030 | val_dt_mae=1.76721330 | val_qty_mae=0.69505635 | train_log_qty_aux=nan | val_log_qty_aux=nan
[Epoch 050] train_loss=-3.01540639 | score=0.94618494 | val_nll=-3.14900379 | val_acc=0.96460567 | val_dt_mae=1.76721330 | val_qty_mae=0.74859460 | train_log_qty_aux=nan | val_log_qty_aux=nan
[Epoch 051] train_loss=-3.02540468 | score=0.94517477 | val_nll=-3.15460853 | val_acc=0.96362056 | val_dt_mae=1.76721330 | val_qty_mae=0.77365891 | train_log_qty_aux=nan | val_log_qty_aux=nan
[Epoch 052] train_loss=-3.03448610 | score=0.94619624 | val_nll=-3.16647576 | val_acc=0.96464044 | val_dt_mae=1.76721330 | val_qty_mae=0.77206450 | train_log_qty_aux=nan | val_log_qty_aux=nan
[Epoch 053] train_loss=-3.04404656 | score=0.94586410 | val_nll=-3.17466137 | val_acc=0.96424639 | val_dt_mae=1.76721330 | val_qty_mae=0.71016136 | train_log_qty_aux=nan | val_log_qty_aux=nan
[Epoch 054] train_loss=-3.05245204 | score=0.94536556 | val_nll=-3.17912179 | val_acc=0.96378281 | val_dt_mae=1.76721330 | val_qty_mae=0.74512192 | train_log_qty_aux=nan | val_log_qty_aux=nan
[Epoch 055] train_loss=-3.06132899 | score=0.94491318 | val_nll=-3.18801391 | val_acc=0.96336559 | val_dt_mae=1.76721330 | val_qty_mae=0.78027294 | train_log_qty_aux=nan | val_log_qty_aux=nan
[Epoch 056] train_loss=-3.06918738 | score=0.94433988 | val_nll=-3.19557229 | val_acc=0.96276294 | val_dt_mae=1.76721330 | val_qty_mae=0.75092858 | train_log_qty_aux=nan | val_log_qty_aux=nan
[Epoch 057] train_loss=-3.07759006 | score=0.94605211 | val_nll=-3.20542897 | val_acc=0.96451295 | val_dt_mae=1.76721330 | val_qty_mae=0.78870814 | train_log_qty_aux=nan | val_log_qty_aux=nan
[Epoch 058] train_loss=-3.08545585 | score=0.94631393 | val_nll=-3.21235837 | val_acc=0.96472156 | val_dt_mae=1.76721330 | val_qty_mae=0.73550333 | train_log_qty_aux=nan | val_log_qty_aux=nan
[Epoch 059] train_loss=-3.09254732 | score=0.94526065 | val_nll=-3.21956083 | val_acc=0.96367851 | val_dt_mae=1.76721330 | val_qty_mae=0.74572830 | train_log_qty_aux=nan | val_log_qty_aux=nan
[Epoch 060] train_loss=-3.09974254 | score=0.94565017 | val_nll=-3.22782051 | val_acc=0.96403778 | val_dt_mae=1.76721330 | val_qty_mae=0.71548338 | train_log_qty_aux=nan | val_log_qty_aux=nan
[Epoch 061] train_loss=-3.10649378 | score=0.94462577 | val_nll=-3.23167077 | val_acc=0.96309903 | val_dt_mae=1.76721330 | val_qty_mae=0.80112814 | train_log_qty_aux=nan | val_log_qty_aux=nan
[Epoch 062] train_loss=-3.11328453 | score=0.94525080 | val_nll=-3.23919288 | val_acc=0.96366692 | val_dt_mae=1.76721330 | val_qty_mae=0.74398765 | train_log_qty_aux=nan | val_log_qty_aux=nan
[Epoch 063] train_loss=-3.11960773 | score=0.94607878 | val_nll=-3.24829904 | val_acc=0.96450136 | val_dt_mae=1.76721330 | val_qty_mae=0.75044770 | train_log_qty_aux=nan | val_log_qty_aux=nan
[Epoch 064] train_loss=-3.12639180 | score=0.94558368 | val_nll=-3.25348479 | val_acc=0.96399142 | val_dt_mae=1.76721330 | val_qty_mae=0.73561445 | train_log_qty_aux=nan | val_log_qty_aux=nan
[Epoch 065] train_loss=-3.13229977 | score=0.94479551 | val_nll=-3.25830384 | val_acc=0.96319175 | val_dt_mae=1.76721330 | val_qty_mae=0.72410066 | train_log_qty_aux=nan | val_log_qty_aux=nan
[Epoch 066] train_loss=-3.13760142 | score=0.94434479 | val_nll=-3.26130893 | val_acc=0.96277453 | val_dt_mae=1.76721330 | val_qty_mae=0.75760661 | train_log_qty_aux=nan | val_log_qty_aux=nan
[Epoch 067] train_loss=-3.14294376 | score=0.94451993 | val_nll=-3.26785971 | val_acc=0.96292519 | val_dt_mae=1.76721330 | val_qty_mae=0.73312502 | train_log_qty_aux=nan | val_log_qty_aux=nan
[Epoch 068] train_loss=-3.14848923 | score=0.94599771 | val_nll=-3.27322906 | val_acc=0.96439706 | val_dt_mae=1.76721330 | val_qty_mae=0.72720888 | train_log_qty_aux=nan | val_log_qty_aux=nan
[Epoch 069] train_loss=-3.15326259 | score=0.94584653 | val_nll=-3.28124713 | val_acc=0.96431593 | val_dt_mae=1.76721330 | val_qty_mae=0.79727030 | train_log_qty_aux=nan | val_log_qty_aux=nan
[Epoch 070] train_loss=-3.15897948 | score=0.94613077 | val_nll=-3.28258884 | val_acc=0.96454772 | val_dt_mae=1.76721330 | val_qty_mae=0.74481853 | train_log_qty_aux=nan | val_log_qty_aux=nan
[Epoch 071] train_loss=-3.16409247 | score=0.94547809 | val_nll=-3.28765586 | val_acc=0.96386394 | val_dt_mae=1.76721330 | val_qty_mae=0.71371897 | train_log_qty_aux=nan | val_log_qty_aux=nan
[Epoch 072] train_loss=-3.16841625 | score=0.94569956 | val_nll=-3.29184489 | val_acc=0.96408414 | val_dt_mae=1.76721330 | val_qty_mae=0.71244951 | train_log_qty_aux=nan | val_log_qty_aux=nan
[Epoch 073] train_loss=-3.17272876 | score=0.94565512 | val_nll=-3.29595145 | val_acc=0.96409573 | val_dt_mae=1.76721330 | val_qty_mae=0.76847204 | train_log_qty_aux=nan | val_log_qty_aux=nan
[Epoch 074] train_loss=-3.17701845 | score=0.94570409 | val_nll=-3.30236577 | val_acc=0.96413050 | val_dt_mae=1.76721330 | val_qty_mae=0.75427780 | train_log_qty_aux=nan | val_log_qty_aux=nan
[Epoch 075] train_loss=-3.18113867 | score=0.94490149 | val_nll=-3.30595177 | val_acc=0.96328446 | val_dt_mae=1.76721330 | val_qty_mae=0.71083661 | train_log_qty_aux=nan | val_log_qty_aux=nan
[Epoch 076] train_loss=-3.18527360 | score=0.94511430 | val_nll=-3.30915875 | val_acc=0.96350466 | val_dt_mae=1.76721330 | val_qty_mae=0.71823208 | train_log_qty_aux=nan | val_log_qty_aux=nan
[Epoch 077] train_loss=-3.18915857 | score=0.94606219 | val_nll=-3.31400374 | val_acc=0.96442024 | val_dt_mae=1.76721330 | val_qty_mae=0.68591164 | train_log_qty_aux=nan | val_log_qty_aux=nan
[Epoch 078] train_loss=-3.19316744 | score=0.94590112 | val_nll=-3.31531801 | val_acc=0.96424639 | val_dt_mae=1.76721330 | val_qty_mae=0.67314039 | train_log_qty_aux=nan | val_log_qty_aux=nan
[Epoch 079] train_loss=-3.19627747 | score=0.94603068 | val_nll=-3.32020588 | val_acc=0.96450136 | val_dt_mae=1.76721330 | val_qty_mae=0.79854659 | train_log_qty_aux=nan | val_log_qty_aux=nan
[Epoch 080] train_loss=-3.19955520 | score=0.94596146 | val_nll=-3.32290300 | val_acc=0.96438547 | val_dt_mae=1.76721330 | val_qty_mae=0.75187314 | train_log_qty_aux=nan | val_log_qty_aux=nan
[Epoch 081] train_loss=-3.20370659 | score=0.94624718 | val_nll=-3.32705602 | val_acc=0.96461726 | val_dt_mae=1.76721330 | val_qty_mae=0.69794683 | train_log_qty_aux=nan | val_log_qty_aux=nan
[Epoch 082] train_loss=-3.20678366 | score=0.94486417 | val_nll=-3.32879116 | val_acc=0.96329605 | val_dt_mae=1.76721330 | val_qty_mae=0.75974842 | train_log_qty_aux=nan | val_log_qty_aux=nan
[Epoch 083] train_loss=-3.21081767 | score=0.94483272 | val_nll=-3.33122725 | val_acc=0.96319175 | val_dt_mae=1.76721330 | val_qty_mae=0.68689578 | train_log_qty_aux=nan | val_log_qty_aux=nan
[Epoch 084] train_loss=-3.21345148 | score=0.94483836 | val_nll=-3.33441941 | val_acc=0.96324970 | val_dt_mae=1.76721330 | val_qty_mae=0.73920528 | train_log_qty_aux=nan | val_log_qty_aux=nan
[Epoch 085] train_loss=-3.21666381 | score=0.94428369 | val_nll=-3.33508600 | val_acc=0.96268181 | val_dt_mae=1.76721330 | val_qty_mae=0.72598713 | train_log_qty_aux=nan | val_log_qty_aux=nan
[Epoch 086] train_loss=-3.21926055 | score=0.94608012 | val_nll=-3.34298818 | val_acc=0.96448977 | val_dt_mae=1.76721330 | val_qty_mae=0.73751780 | train_log_qty_aux=nan | val_log_qty_aux=nan
[Epoch 087] train_loss=-3.22237824 | score=0.94478184 | val_nll=-3.34205558 | val_acc=0.96316857 | val_dt_mae=1.76721330 | val_qty_mae=0.71459435 | train_log_qty_aux=nan | val_log_qty_aux=nan
[Epoch 088] train_loss=-3.22453841 | score=0.94532561 | val_nll=-3.34575505 | val_acc=0.96371328 | val_dt_mae=1.76721330 | val_qty_mae=0.71553357 | train_log_qty_aux=nan | val_log_qty_aux=nan
[Epoch 089] train_loss=-3.22711978 | score=0.94597165 | val_nll=-3.35234323 | val_acc=0.96438547 | val_dt_mae=1.76721330 | val_qty_mae=0.74168624 | train_log_qty_aux=nan | val_log_qty_aux=nan
[Epoch 090] train_loss=-3.22991805 | score=0.94691255 | val_nll=-3.35496191 | val_acc=0.96527786 | val_dt_mae=1.76721330 | val_qty_mae=0.69317121 | train_log_qty_aux=nan | val_log_qty_aux=nan
[Epoch 091] train_loss=-3.23334930 | score=0.94486914 | val_nll=-3.35550155 | val_acc=0.96326129 | val_dt_mae=1.76721330 | val_qty_mae=0.72001585 | train_log_qty_aux=nan | val_log_qty_aux=nan
[Epoch 092] train_loss=-3.23553327 | score=0.94482608 | val_nll=-3.35518529 | val_acc=0.96320334 | val_dt_mae=1.76721330 | val_qty_mae=0.70512111 | train_log_qty_aux=nan | val_log_qty_aux=nan
[Epoch 093] train_loss=-3.23708635 | score=0.94587074 | val_nll=-3.35742367 | val_acc=0.96430434 | val_dt_mae=1.76721330 | val_qty_mae=0.76146576 | train_log_qty_aux=nan | val_log_qty_aux=nan
[Epoch 094] train_loss=-3.24023093 | score=0.94538234 | val_nll=-3.36028037 | val_acc=0.96373645 | val_dt_mae=1.76721330 | val_qty_mae=0.68197877 | train_log_qty_aux=nan | val_log_qty_aux=nan
[Epoch 095] train_loss=-3.24188916 | score=0.94492731 | val_nll=-3.36100726 | val_acc=0.96335400 | val_dt_mae=1.76721330 | val_qty_mae=0.75455757 | train_log_qty_aux=nan | val_log_qty_aux=nan
[Epoch 096] train_loss=-3.24427352 | score=0.94539216 | val_nll=-3.36764946 | val_acc=0.96378281 | val_dt_mae=1.76721330 | val_qty_mae=0.71851739 | train_log_qty_aux=nan | val_log_qty_aux=nan
[Epoch 097] train_loss=-3.24617707 | score=0.94491102 | val_nll=-3.36622601 | val_acc=0.96331923 | val_dt_mae=1.76721330 | val_qty_mae=0.73607829 | train_log_qty_aux=nan | val_log_qty_aux=nan
[Epoch 098] train_loss=-3.24855930 | score=0.94598037 | val_nll=-3.37240622 | val_acc=0.96433911 | val_dt_mae=1.76721330 | val_qty_mae=0.68660507 | train_log_qty_aux=nan | val_log_qty_aux=nan
[Epoch 099] train_loss=-3.25134028 | score=0.94563823 | val_nll=-3.37317672 | val_acc=0.96401460 | val_dt_mae=1.76721330 | val_qty_mae=0.70423529 | train_log_qty_aux=nan | val_log_qty_aux=nan
[Epoch 100] train_loss=-3.25288989 | score=0.94595175 | val_nll=-3.37341475 | val_acc=0.96437388 | val_dt_mae=1.76721330 | val_qty_mae=0.74999784 | train_log_qty_aux=nan | val_log_qty_aux=nan
[Epoch 101] train_loss=-3.25440216 | score=0.94594317 | val_nll=-3.37672664 | val_acc=0.96436229 | val_dt_mae=1.76721330 | val_qty_mae=0.74698373 | train_log_qty_aux=nan | val_log_qty_aux=nan
[Epoch 102] train_loss=-3.25666955 | score=0.94669536 | val_nll=-3.37924231 | val_acc=0.96504607 | val_dt_mae=1.76721330 | val_qty_mae=0.67857089 | train_log_qty_aux=nan | val_log_qty_aux=nan
[Epoch 103] train_loss=-3.25824652 | score=0.94439108 | val_nll=-3.37647386 | val_acc=0.96282088 | val_dt_mae=1.76721330 | val_qty_mae=0.75766829 | train_log_qty_aux=nan | val_log_qty_aux=nan
[Epoch 104] train_loss=-3.25960976 | score=0.94621501 | val_nll=-3.38273068 | val_acc=0.96462885 | val_dt_mae=1.76721330 | val_qty_mae=0.74170245 | train_log_qty_aux=nan | val_log_qty_aux=nan
[Epoch 105] train_loss=-3.26153355 | score=0.94532937 | val_nll=-3.38211639 | val_acc=0.96373645 | val_dt_mae=1.76721330 | val_qty_mae=0.73494858 | train_log_qty_aux=nan | val_log_qty_aux=nan
[Epoch 106] train_loss=-3.26277944 | score=0.94537807 | val_nll=-3.38316014 | val_acc=0.96374804 | val_dt_mae=1.76721330 | val_qty_mae=0.69784120 | train_log_qty_aux=nan | val_log_qty_aux=nan
[Epoch 107] train_loss=-3.26482330 | score=0.94630146 | val_nll=-3.38566240 | val_acc=0.96468679 | val_dt_mae=1.76721330 | val_qty_mae=0.71320546 | train_log_qty_aux=nan | val_log_qty_aux=nan
[Epoch 108] train_loss=-3.26692251 | score=0.94693740 | val_nll=-3.39033785 | val_acc=0.96531263 | val_dt_mae=1.76721330 | val_qty_mae=0.70308965 | train_log_qty_aux=nan | val_log_qty_aux=nan
[Epoch 109] train_loss=-3.26766359 | score=0.94569914 | val_nll=-3.38647763 | val_acc=0.96408414 | val_dt_mae=1.76721330 | val_qty_mae=0.71286847 | train_log_qty_aux=nan | val_log_qty_aux=nan
[Epoch 110] train_loss=-3.26979008 | score=0.94602683 | val_nll=-3.39013000 | val_acc=0.96442024 | val_dt_mae=1.76721330 | val_qty_mae=0.72127247 | train_log_qty_aux=nan | val_log_qty_aux=nan
[Epoch 111] train_loss=-3.27078291 | score=0.94546868 | val_nll=-3.39064974 | val_acc=0.96386394 | val_dt_mae=1.76721330 | val_qty_mae=0.72312143 | train_log_qty_aux=nan | val_log_qty_aux=nan
[Epoch 112] train_loss=-3.27231283 | score=0.94549339 | val_nll=-3.38951440 | val_acc=0.96391030 | val_dt_mae=1.76721330 | val_qty_mae=0.74477829 | train_log_qty_aux=nan | val_log_qty_aux=nan
[Epoch 113] train_loss=-3.27388426 | score=0.94333673 | val_nll=-3.38645750 | val_acc=0.96178942 | val_dt_mae=1.76721330 | val_qty_mae=0.78055881 | train_log_qty_aux=nan | val_log_qty_aux=nan
[Epoch 114] train_loss=-3.27449600 | score=0.94571555 | val_nll=-3.39506087 | val_acc=0.96410732 | val_dt_mae=1.76721330 | val_qty_mae=0.71963804 | train_log_qty_aux=nan | val_log_qty_aux=nan
[Epoch 115] train_loss=-3.27606015 | score=0.94594813 | val_nll=-3.39673947 | val_acc=0.96433911 | val_dt_mae=1.76721330 | val_qty_mae=0.71884120 | train_log_qty_aux=nan | val_log_qty_aux=nan
[Epoch 116] train_loss=-3.27710064 | score=0.94359723 | val_nll=-3.39291328 | val_acc=0.96202121 | val_dt_mae=1.76721330 | val_qty_mae=0.75184965 | train_log_qty_aux=nan | val_log_qty_aux=nan
[Epoch 117] train_loss=-3.27807750 | score=0.94567906 | val_nll=-3.39823224 | val_acc=0.96404937 | val_dt_mae=1.76721330 | val_qty_mae=0.69817826 | train_log_qty_aux=nan | val_log_qty_aux=nan
[Epoch 118] train_loss=-3.27933708 | score=0.94569499 | val_nll=-3.39761929 | val_acc=0.96407255 | val_dt_mae=1.76721330 | val_qty_mae=0.70542854 | train_log_qty_aux=nan | val_log_qty_aux=nan
[Epoch 119] train_loss=-3.28025694 | score=0.94336113 | val_nll=-3.39780325 | val_acc=0.96181260 | val_dt_mae=1.76721330 | val_qty_mae=0.77933736 | train_log_qty_aux=nan | val_log_qty_aux=nan
[Epoch 120] train_loss=-3.28160599 | score=0.94536840 | val_nll=-3.39999580 | val_acc=0.96372487 | val_dt_mae=1.76721330 | val_qty_mae=0.68432968 | train_log_qty_aux=nan | val_log_qty_aux=nan
[Epoch 121] train_loss=-3.28276156 | score=0.94591149 | val_nll=-3.40219271 | val_acc=0.96432752 | val_dt_mae=1.76721330 | val_qty_mae=0.74389414 | train_log_qty_aux=nan | val_log_qty_aux=nan
[Epoch 122] train_loss=-3.28349797 | score=0.94621029 | val_nll=-3.40263289 | val_acc=0.96465203 | val_dt_mae=1.76721330 | val_qty_mae=0.76960284 | train_log_qty_aux=nan | val_log_qty_aux=nan
[Epoch 123] train_loss=-3.28491927 | score=0.94420560 | val_nll=-3.40015347 | val_acc=0.96263545 | val_dt_mae=1.76721330 | val_qty_mae=0.75771916 | train_log_qty_aux=nan | val_log_qty_aux=nan
[Epoch 124] train_loss=-3.28613209 | score=0.94609568 | val_nll=-3.40719917 | val_acc=0.96447818 | val_dt_mae=1.76721330 | val_qty_mae=0.71036656 | train_log_qty_aux=nan | val_log_qty_aux=nan
[Epoch 125] train_loss=-3.28707216 | score=0.94508004 | val_nll=-3.40279299 | val_acc=0.96348149 | val_dt_mae=1.76721330 | val_qty_mae=0.72931723 | train_log_qty_aux=nan | val_log_qty_aux=nan
[Epoch 126] train_loss=-3.28812389 | score=0.94455932 | val_nll=-3.40361448 | val_acc=0.96293678 | val_dt_mae=1.76721330 | val_qty_mae=0.70532607 | train_log_qty_aux=nan | val_log_qty_aux=nan
[Epoch 127] train_loss=-3.28858890 | score=0.94617811 | val_nll=-3.40840176 | val_acc=0.96457090 | val_dt_mae=1.76721330 | val_qty_mae=0.72065528 | train_log_qty_aux=nan | val_log_qty_aux=nan
[Epoch 128] train_loss=-3.28957201 | score=0.94685495 | val_nll=-3.41069349 | val_acc=0.96523150 | val_dt_mae=1.76721330 | val_qty_mae=0.70442181 | train_log_qty_aux=nan | val_log_qty_aux=nan
[Epoch 129] train_loss=-3.29064177 | score=0.94598474 | val_nll=-3.40910070 | val_acc=0.96439706 | val_dt_mae=1.76721330 | val_qty_mae=0.74018539 | train_log_qty_aux=nan | val_log_qty_aux=nan
[Epoch 130] train_loss=-3.29162459 | score=0.94445523 | val_nll=-3.40902193 | val_acc=0.96286724 | val_dt_mae=1.76721330 | val_qty_mae=0.73987753 | train_log_qty_aux=nan | val_log_qty_aux=nan
[Epoch 131] train_loss=-3.29222167 | score=0.94606770 | val_nll=-3.41257020 | val_acc=0.96447818 | val_dt_mae=1.76721330 | val_qty_mae=0.73835255 | train_log_qty_aux=nan | val_log_qty_aux=nan
[Epoch 132] train_loss=-3.29334646 | score=0.94601874 | val_nll=-3.41252260 | val_acc=0.96436229 | val_dt_mae=1.76721330 | val_qty_mae=0.67141551 | train_log_qty_aux=nan | val_log_qty_aux=nan
[Epoch 133] train_loss=-3.29407173 | score=0.94681567 | val_nll=-3.41556826 | val_acc=0.96519673 | val_dt_mae=1.76721330 | val_qty_mae=0.70892515 | train_log_qty_aux=nan | val_log_qty_aux=nan
[Epoch 134] train_loss=-3.29449744 | score=0.94621842 | val_nll=-3.41310932 | val_acc=0.96460567 | val_dt_mae=1.76721330 | val_qty_mae=0.71511429 | train_log_qty_aux=nan | val_log_qty_aux=nan
[Epoch 135] train_loss=-3.29546169 | score=0.94678410 | val_nll=-3.41319441 | val_acc=0.96519673 | val_dt_mae=1.76721330 | val_qty_mae=0.74049875 | train_log_qty_aux=nan | val_log_qty_aux=nan
[Epoch 136] train_loss=-3.29591702 | score=0.94617532 | val_nll=-3.41566518 | val_acc=0.96464044 | val_dt_mae=1.76721330 | val_qty_mae=0.79298364 | train_log_qty_aux=nan | val_log_qty_aux=nan
[Epoch 137] train_loss=-3.29593043 | score=0.94480705 | val_nll=-3.41213695 | val_acc=0.96316857 | val_dt_mae=1.76721330 | val_qty_mae=0.68938491 | train_log_qty_aux=nan | val_log_qty_aux=nan
[Epoch 138] train_loss=-3.29707381 | score=0.94566891 | val_nll=-3.41142528 | val_acc=0.96401460 | val_dt_mae=1.76721330 | val_qty_mae=0.67355961 | train_log_qty_aux=nan | val_log_qty_aux=nan
[Epoch 139] train_loss=-3.29724942 | score=0.94282574 | val_nll=-3.40832414 | val_acc=0.96122153 | val_dt_mae=1.76721330 | val_qty_mae=0.72365542 | train_log_qty_aux=nan | val_log_qty_aux=nan
[Epoch 140] train_loss=-3.29822753 | score=0.94634499 | val_nll=-3.41632620 | val_acc=0.96470997 | val_dt_mae=1.76721330 | val_qty_mae=0.69285282 | train_log_qty_aux=nan | val_log_qty_aux=nan
[Epoch 141] train_loss=-3.29870478 | score=0.94578524 | val_nll=-3.41635789 | val_acc=0.96417686 | val_dt_mae=1.76721330 | val_qty_mae=0.71948581 | train_log_qty_aux=nan | val_log_qty_aux=nan
[Epoch 142] train_loss=-3.29897744 | score=0.94639083 | val_nll=-3.41633311 | val_acc=0.96473315 | val_dt_mae=1.76721330 | val_qty_mae=0.67018766 | train_log_qty_aux=nan | val_log_qty_aux=nan
[Epoch 143] train_loss=-3.30006767 | score=0.94688314 | val_nll=-3.41876853 | val_acc=0.96525468 | val_dt_mae=1.76721330 | val_qty_mae=0.69940324 | train_log_qty_aux=nan | val_log_qty_aux=nan
[Epoch 144] train_loss=-3.30081560 | score=0.94523357 | val_nll=-3.41565773 | val_acc=0.96363215 | val_dt_mae=1.76721330 | val_qty_mae=0.72644604 | train_log_qty_aux=nan | val_log_qty_aux=nan
[Epoch 145] train_loss=-3.30083633 | score=0.94551595 | val_nll=-3.41366747 | val_acc=0.96396824 | val_dt_mae=1.76721330 | val_qty_mae=0.78016125 | train_log_qty_aux=nan | val_log_qty_aux=nan
[Epoch 146] train_loss=-3.30145575 | score=0.94524615 | val_nll=-3.41380295 | val_acc=0.96366692 | val_dt_mae=1.76721330 | val_qty_mae=0.74863784 | train_log_qty_aux=nan | val_log_qty_aux=nan
[Epoch 147] train_loss=-3.30290885 | score=0.94650833 | val_nll=-3.41715174 | val_acc=0.96489540 | val_dt_mae=1.76721330 | val_qty_mae=0.71493982 | train_log_qty_aux=nan | val_log_qty_aux=nan
[Epoch 148] train_loss=-3.30289786 | score=0.94371997 | val_nll=-3.41284426 | val_acc=0.96214869 | val_dt_mae=1.76721330 | val_qty_mae=0.75658525 | train_log_qty_aux=nan | val_log_qty_aux=nan
[Epoch 149] train_loss=-3.30342172 | score=0.94462396 | val_nll=-3.41323586 | val_acc=0.96302950 | val_dt_mae=1.76721330 | val_qty_mae=0.73340583 | train_log_qty_aux=nan | val_log_qty_aux=nan
[Epoch 150] train_loss=-3.30365256 | score=0.94360708 | val_nll=-3.41430130 | val_acc=0.96196326 | val_dt_mae=1.76721330 | val_qty_mae=0.68404805 | train_log_qty_aux=nan | val_log_qty_aux=nan
[Epoch 151] train_loss=-3.30460567 | score=0.94408070 | val_nll=-3.41220590 | val_acc=0.96254274 | val_dt_mae=1.76721330 | val_qty_mae=0.78990777 | train_log_qty_aux=nan | val_log_qty_aux=nan
[Epoch 152] train_loss=-3.30476956 | score=0.94567562 | val_nll=-3.41833380 | val_acc=0.96407255 | val_dt_mae=1.76721330 | val_qty_mae=0.72479703 | train_log_qty_aux=nan | val_log_qty_aux=nan
[Epoch 153] train_loss=-3.30466734 | score=0.94478766 | val_nll=-3.41652197 | val_acc=0.96316857 | val_dt_mae=1.76721330 | val_qty_mae=0.70877398 | train_log_qty_aux=nan | val_log_qty_aux=nan
[Epoch 154] train_loss=-3.30476519 | score=0.94489599 | val_nll=-3.41635043 | val_acc=0.96334241 | val_dt_mae=1.76721330 | val_qty_mae=0.77428604 | train_log_qty_aux=nan | val_log_qty_aux=nan
[Epoch 155] train_loss=-3.30538087 | score=0.94562920 | val_nll=-3.41952861 | val_acc=0.96400301 | val_dt_mae=1.76721330 | val_qty_mae=0.70168005 | train_log_qty_aux=nan | val_log_qty_aux=nan
[Epoch 156] train_loss=-3.30529981 | score=0.94390349 | val_nll=-3.41702111 | val_acc=0.96229936 | val_dt_mae=1.76721330 | val_qty_mae=0.72373468 | train_log_qty_aux=nan | val_log_qty_aux=nan
[Epoch 157] train_loss=-3.30588072 | score=0.94228606 | val_nll=-3.41322538 | val_acc=0.96068842 | val_dt_mae=1.76721330 | val_qty_mae=0.73022477 | train_log_qty_aux=nan | val_log_qty_aux=nan
[Epoch 158] train_loss=-3.30612932 | score=0.94405709 | val_nll=-3.41652740 | val_acc=0.96246161 | val_dt_mae=1.76721330 | val_qty_mae=0.73238861 | train_log_qty_aux=nan | val_log_qty_aux=nan
[Epoch 159] train_loss=-3.30709302 | score=0.94481481 | val_nll=-3.41514007 | val_acc=0.96326129 | val_dt_mae=1.76721330 | val_qty_mae=0.77433894 | train_log_qty_aux=nan | val_log_qty_aux=nan
[Epoch 160] train_loss=-3.30705444 | score=0.94549051 | val_nll=-3.41796163 | val_acc=0.96384076 | val_dt_mae=1.76721330 | val_qty_mae=0.67812035 | train_log_qty_aux=nan | val_log_qty_aux=nan
[Epoch 161] train_loss=-3.30752157 | score=0.94493364 | val_nll=-3.41606286 | val_acc=0.96328446 | val_dt_mae=1.76721330 | val_qty_mae=0.67869511 | train_log_qty_aux=nan | val_log_qty_aux=nan
[Epoch 162] train_loss=-3.30748083 | score=0.94423978 | val_nll=-3.41572855 | val_acc=0.96271658 | val_dt_mae=1.76721330 | val_qty_mae=0.80466927 | train_log_qty_aux=nan | val_log_qty_aux=nan
[Epoch 163] train_loss=-3.30789637 | score=0.94585239 | val_nll=-3.42384399 | val_acc=0.96420003 | val_dt_mae=1.76721330 | val_qty_mae=0.67551046 | train_log_qty_aux=nan | val_log_qty_aux=nan
[Epoch 164] train_loss=-3.30828789 | score=0.94474442 | val_nll=-3.42003925 | val_acc=0.96316857 | val_dt_mae=1.76721330 | val_qty_mae=0.75201918 | train_log_qty_aux=nan | val_log_qty_aux=nan
[Epoch 165] train_loss=-3.30905744 | score=0.94588605 | val_nll=-3.42343986 | val_acc=0.96428116 | val_dt_mae=1.76721330 | val_qty_mae=0.72297694 | train_log_qty_aux=nan | val_log_qty_aux=nan
[Epoch 166] train_loss=-3.30909540 | score=0.94507016 | val_nll=-3.41969055 | val_acc=0.96348149 | val_dt_mae=1.76721330 | val_qty_mae=0.73919001 | train_log_qty_aux=nan | val_log_qty_aux=nan
[Epoch 167] train_loss=-3.30918230 | score=0.94552797 | val_nll=-3.42079279 | val_acc=0.96396824 | val_dt_mae=1.76721330 | val_qty_mae=0.76814669 | train_log_qty_aux=nan | val_log_qty_aux=nan
[Epoch 168] train_loss=-3.31011101 | score=0.94523768 | val_nll=-3.42167550 | val_acc=0.96364374 | val_dt_mae=1.76721330 | val_qty_mae=0.73392117 | train_log_qty_aux=nan | val_log_qty_aux=nan
[Epoch 169] train_loss=-3.31032505 | score=0.94347367 | val_nll=-3.41619833 | val_acc=0.96183578 | val_dt_mae=1.76721330 | val_qty_mae=0.68997874 | train_log_qty_aux=nan | val_log_qty_aux=nan
[Epoch 170] train_loss=-3.31067582 | score=0.94529590 | val_nll=-3.42421540 | val_acc=0.96370169 | val_dt_mae=1.76721330 | val_qty_mae=0.73365531 | train_log_qty_aux=nan | val_log_qty_aux=nan
[Epoch 171] train_loss=-3.31045928 | score=0.94580650 | val_nll=-3.42326952 | val_acc=0.96415368 | val_dt_mae=1.76721330 | val_qty_mae=0.67503945 | train_log_qty_aux=nan | val_log_qty_aux=nan
[Epoch 172] train_loss=-3.31176740 | score=0.94572573 | val_nll=-3.42576825 | val_acc=0.96409573 | val_dt_mae=1.76721330 | val_qty_mae=0.69786459 | train_log_qty_aux=nan | val_log_qty_aux=nan
[Epoch 173] train_loss=-3.31135764 | score=0.94472451 | val_nll=-3.42500714 | val_acc=0.96311062 | val_dt_mae=1.76721330 | val_qty_mae=0.71397416 | train_log_qty_aux=nan | val_log_qty_aux=nan
[Epoch 174] train_loss=-3.31222244 | score=0.94587101 | val_nll=-3.42680812 | val_acc=0.96422321 | val_dt_mae=1.76721330 | val_qty_mae=0.68006994 | train_log_qty_aux=nan | val_log_qty_aux=nan
[Epoch 175] train_loss=-3.31235474 | score=0.94518306 | val_nll=-3.41918556 | val_acc=0.96358579 | val_dt_mae=1.76721330 | val_qty_mae=0.73060322 | train_log_qty_aux=nan | val_log_qty_aux=nan
[Epoch 176] train_loss=-3.31287593 | score=0.94420802 | val_nll=-3.41798936 | val_acc=0.96262386 | val_dt_mae=1.76721330 | val_qty_mae=0.74371117 | train_log_qty_aux=nan | val_log_qty_aux=nan
[Epoch 177] train_loss=-3.31342391 | score=0.94483522 | val_nll=-3.41702574 | val_acc=0.96322652 | val_dt_mae=1.76721330 | val_qty_mae=0.71916706 | train_log_qty_aux=nan | val_log_qty_aux=nan
[Epoch 178] train_loss=-3.31315658 | score=0.94539460 | val_nll=-3.42212266 | val_acc=0.96384076 | val_dt_mae=1.76721330 | val_qty_mae=0.77402290 | train_log_qty_aux=nan | val_log_qty_aux=nan
[Epoch 179] train_loss=-3.31338671 | score=0.94443019 | val_nll=-3.42356823 | val_acc=0.96285565 | val_dt_mae=1.76721330 | val_qty_mae=0.75332695 | train_log_qty_aux=nan | val_log_qty_aux=nan
[Epoch 180] train_loss=-3.31338443 | score=0.94678950 | val_nll=-3.42630244 | val_acc=0.96516196 | val_dt_mae=1.76721330 | val_qty_mae=0.70033229 | train_log_qty_aux=nan | val_log_qty_aux=nan
[Epoch 181] train_loss=-3.31354053 | score=0.94521231 | val_nll=-3.24571923 | val_acc=0.96363215 | val_dt_mae=1.76721330 | val_qty_mae=0.74770755 | train_log_qty_aux=nan | val_log_qty_aux=nan
[Epoch 182] train_loss=-3.31319935 | score=0.94590786 | val_nll=-3.40510672 | val_acc=0.96428116 | val_dt_mae=1.76721330 | val_qty_mae=0.70116481 | train_log_qty_aux=nan | val_log_qty_aux=nan
[Epoch 183] train_loss=-3.31358538 | score=0.94473898 | val_nll=-3.30393612 | val_acc=0.96316857 | val_dt_mae=1.76721330 | val_qty_mae=0.75746063 | train_log_qty_aux=nan | val_log_qty_aux=nan
[Epoch 184] train_loss=-3.31389269 | score=0.94393198 | val_nll=-3.31506120 | val_acc=0.96235730 | val_dt_mae=1.76721330 | val_qty_mae=0.75318723 | train_log_qty_aux=nan | val_log_qty_aux=nan
[Epoch 185] train_loss=-3.31376835 | score=0.94477902 | val_nll=-3.33572413 | val_acc=0.96316857 | val_dt_mae=1.76721330 | val_qty_mae=0.71741283 | train_log_qty_aux=nan | val_log_qty_aux=nan
[Epoch 186] train_loss=-3.31385692 | score=0.94095339 | val_nll=-3.18004586 | val_acc=0.95940198 | val_dt_mae=1.76721330 | val_qty_mae=0.77645408 | train_log_qty_aux=nan | val_log_qty_aux=nan
[Epoch 187] train_loss=-3.31398916 | score=0.94660305 | val_nll=-3.37537125 | val_acc=0.96497653 | val_dt_mae=1.76721330 | val_qty_mae=0.70134727 | train_log_qty_aux=nan | val_log_qty_aux=nan
[Epoch 188] train_loss=-3.31484518 | score=0.94475143 | val_nll=-3.22975819 | val_acc=0.96311062 | val_dt_mae=1.76721330 | val_qty_mae=0.68705407 | train_log_qty_aux=nan | val_log_qty_aux=nan
[Epoch 189] train_loss=-3.31458133 | score=0.94465216 | val_nll=-3.42319403 | val_acc=0.96305267 | val_dt_mae=1.76721330 | val_qty_mae=0.72838202 | train_log_qty_aux=nan | val_log_qty_aux=nan
[Epoch 190] train_loss=-3.31474701 | score=0.94393972 | val_nll=-3.15673009 | val_acc=0.96241525 | val_dt_mae=1.76721330 | val_qty_mae=0.80340217 | train_log_qty_aux=nan | val_log_qty_aux=nan
[Epoch 191] train_loss=-3.31436010 | score=0.94511435 | val_nll=-3.31811685 | val_acc=0.96349308 | val_dt_mae=1.76721330 | val_qty_mae=0.70659150 | train_log_qty_aux=nan | val_log_qty_aux=nan
[Epoch 192] train_loss=-3.31404584 | score=0.94566345 | val_nll=-3.42523400 | val_acc=0.96402619 | val_dt_mae=1.76721330 | val_qty_mae=0.69060458 | train_log_qty_aux=nan | val_log_qty_aux=nan
[Epoch 193] train_loss=-3.31491976 | score=0.94419830 | val_nll=-3.41575290 | val_acc=0.96258909 | val_dt_mae=1.76721330 | val_qty_mae=0.71866236 | train_log_qty_aux=nan | val_log_qty_aux=nan
[Epoch 194] train_loss=-3.31518120 | score=0.94415294 | val_nll=-3.30457880 | val_acc=0.96258909 | val_dt_mae=1.76721330 | val_qty_mae=0.76401783 | train_log_qty_aux=nan | val_log_qty_aux=nan
[Epoch 195] train_loss=-3.31539289 | score=0.94475284 | val_nll=-3.32463768 | val_acc=0.96320334 | val_dt_mae=1.76721330 | val_qty_mae=0.77836352 | train_log_qty_aux=nan | val_log_qty_aux=nan
[Epoch 196] train_loss=-3.31529148 | score=0.94577941 | val_nll=-3.36615557 | val_acc=0.96418845 | val_dt_mae=1.76721330 | val_qty_mae=0.73690477 | train_log_qty_aux=nan | val_log_qty_aux=nan
[Epoch 197] train_loss=-3.31507316 | score=0.94467834 | val_nll=-3.32104598 | val_acc=0.96313380 | val_dt_mae=1.76721330 | val_qty_mae=0.78332997 | train_log_qty_aux=nan | val_log_qty_aux=nan
[Epoch 198] train_loss=-3.31555097 | score=0.94534832 | val_nll=-3.23195295 | val_acc=0.96374804 | val_dt_mae=1.76721330 | val_qty_mae=0.72759421 | train_log_qty_aux=nan | val_log_qty_aux=nan
[Epoch 199] train_loss=-3.31540793 | score=0.94491484 | val_nll=-3.05889262 | val_acc=0.96328446 | val_dt_mae=1.76721330 | val_qty_mae=0.69748870 | train_log_qty_aux=nan | val_log_qty_aux=nan
[Epoch 200] train_loss=-3.31606087 | score=0.94617907 | val_nll=-3.26187167 | val_acc=0.96459408 | val_dt_mae=1.76721330 | val_qty_mae=0.74287308 | train_log_qty_aux=nan | val_log_qty_aux=nan
[Epoch 201] train_loss=-3.31587737 | score=0.94485401 | val_nll=-2.90334380 | val_acc=0.96324970 | val_dt_mae=1.76721330 | val_qty_mae=0.72355668 | train_log_qty_aux=nan | val_log_qty_aux=nan
[Epoch 202] train_loss=-3.31597909 | score=0.94636519 | val_nll=-2.79498166 | val_acc=0.96479110 | val_dt_mae=1.76721330 | val_qty_mae=0.75377575 | train_log_qty_aux=nan | val_log_qty_aux=nan
[Epoch 203] train_loss=-3.31613265 | score=0.94529729 | val_nll=-3.35999695 | val_acc=0.96367851 | val_dt_mae=1.76721330 | val_qty_mae=0.70908165 | train_log_qty_aux=nan | val_log_qty_aux=nan
[Epoch 204] train_loss=-3.31614634 | score=0.94534961 | val_nll=-3.24279854 | val_acc=0.96375963 | val_dt_mae=1.76721330 | val_qty_mae=0.73789129 | train_log_qty_aux=nan | val_log_qty_aux=nan
[Epoch 205] train_loss=-3.31662609 | score=0.94450846 | val_nll=-3.26131486 | val_acc=0.96291360 | val_dt_mae=1.76721330 | val_qty_mae=0.73301165 | train_log_qty_aux=nan | val_log_qty_aux=nan
[Epoch 206] train_loss=-3.31590099 | score=0.94469886 | val_nll=-3.04988389 | val_acc=0.96307585 | val_dt_mae=1.76721330 | val_qty_mae=0.70485854 | train_log_qty_aux=nan | val_log_qty_aux=nan
[Epoch 207] train_loss=-3.31605322 | score=0.94614952 | val_nll=-2.99639830 | val_acc=0.96455931 | val_dt_mae=1.76721330 | val_qty_mae=0.73765127 | train_log_qty_aux=nan | val_log_qty_aux=nan
[Epoch 208] train_loss=-3.31674538 | score=0.94322462 | val_nll=-3.35260012 | val_acc=0.96162717 | val_dt_mae=1.76721330 | val_qty_mae=0.73041311 | train_log_qty_aux=nan | val_log_qty_aux=nan
[Epoch 209] train_loss=-3.31668135 | score=0.94595449 | val_nll=-3.08306482 | val_acc=0.96435070 | val_dt_mae=1.76721330 | val_qty_mae=0.72407314 | train_log_qty_aux=nan | val_log_qty_aux=nan
[Epoch 210] train_loss=-3.31726110 | score=0.94606524 | val_nll=-2.97843109 | val_acc=0.96443182 | val_dt_mae=1.76721330 | val_qty_mae=0.69445512 | train_log_qty_aux=nan | val_log_qty_aux=nan
[Epoch 211] train_loss=-3.31728882 | score=0.94610289 | val_nll=-3.42624730 | val_acc=0.96447818 | val_dt_mae=1.76721330 | val_qty_mae=0.70315809 | train_log_qty_aux=nan | val_log_qty_aux=nan
[Epoch 212] train_loss=-3.31793517 | score=0.94336624 | val_nll=-3.42507048 | val_acc=0.96177783 | val_dt_mae=1.76721330 | val_qty_mae=0.73945783 | train_log_qty_aux=nan | val_log_qty_aux=nan
[Epoch 213] train_loss=-3.31719226 | score=0.94677618 | val_nll=-3.33832283 | val_acc=0.96517355 | val_dt_mae=1.76721330 | val_qty_mae=0.72524282 | train_log_qty_aux=nan | val_log_qty_aux=nan
[Epoch 214] train_loss=-3.31738497 | score=0.94422165 | val_nll=-3.39594400 | val_acc=0.96267022 | val_dt_mae=1.76721330 | val_qty_mae=0.77643868 | train_log_qty_aux=nan | val_log_qty_aux=nan
[early-stop] epoch=214 patience=40 min_epochs=40
[2026-08-11 02:39:56,865] [INFO] Finished run | dataset=intermittent model=rmtpp candidate=rmtpp_gru_h64 seed=52 best_val_nll=-3.426808 epoch=174
[2026-08-11 02:39:56,895] [INFO] Run 4/6 | dataset=intermittent model=thp candidate=small base=2.0 seed=52
[2026-08-11 02:39:57,285] [INFO] Using fixed chronological splits | dataset=intermittent train_samples=393824 validation_samples=86285 test_samples=88019 | batch_size=128 max_seq_len=96 lookback=520
[2026-08-11 02:39:57,285] [INFO] Held-out test evaluation disabled | evaluation_scope=validation_only
[Epoch 001] train_loss=2.12940919 | score=0.94716630 | val_nll=1.37118156 | val_acc=0.95414035 | val_dt_mae=0.57913516 | val_qty_mae=1.18269431 | train_log_qty_aux=nan | val_log_qty_aux=nan
[Epoch 002] train_loss=1.27527881 | score=0.94852979 | val_nll=1.23791257 | val_acc=0.95349134 | val_dt_mae=0.40490928 | val_qty_mae=0.91245477 | train_log_qty_aux=nan | val_log_qty_aux=nan
[Epoch 003] train_loss=0.78567101 | score=0.94406627 | val_nll=0.70964749 | val_acc=0.95353769 | val_dt_mae=0.85814067 | val_qty_mae=0.89001686 | train_log_qty_aux=nan | val_log_qty_aux=nan
[Epoch 004] train_loss=0.44552351 | score=0.94203529 | val_nll=0.34767654 | val_acc=0.95482413 | val_dt_mae=1.18367269 | val_qty_mae=0.95211445 | train_log_qty_aux=nan | val_log_qty_aux=nan
[Epoch 005] train_loss=0.22486127 | score=0.93793025 | val_nll=-0.14343515 | val_acc=0.95342180 | val_dt_mae=1.44227983 | val_qty_mae=1.06875413 | train_log_qty_aux=nan | val_log_qty_aux=nan
[Epoch 006] train_loss=-0.48225068 | score=0.93594805 | val_nll=-0.90444616 | val_acc=0.95381584 | val_dt_mae=1.68576153 | val_qty_mae=1.01018075 | train_log_qty_aux=nan | val_log_qty_aux=nan
[Epoch 007] train_loss=-0.92293209 | score=0.93661655 | val_nll=-1.20341490 | val_acc=0.95518340 | val_dt_mae=1.76721330 | val_qty_mae=0.89472112 | train_log_qty_aux=nan | val_log_qty_aux=nan
[Epoch 008] train_loss=-1.13086630 | score=0.93816049 | val_nll=-1.38611448 | val_acc=0.95669004 | val_dt_mae=1.76721330 | val_qty_mae=0.85741678 | train_log_qty_aux=nan | val_log_qty_aux=nan
[Epoch 009] train_loss=-1.31044585 | score=0.93894759 | val_nll=-1.54984709 | val_acc=0.95750130 | val_dt_mae=1.76721330 | val_qty_mae=0.88157894 | train_log_qty_aux=nan | val_log_qty_aux=nan
[Epoch 010] train_loss=-1.46330397 | score=0.93806198 | val_nll=-1.68454746 | val_acc=0.95664368 | val_dt_mae=1.76721330 | val_qty_mae=0.90956573 | train_log_qty_aux=nan | val_log_qty_aux=nan
[Epoch 011] train_loss=-1.59271613 | score=0.93824968 | val_nll=-1.80581914 | val_acc=0.95672481 | val_dt_mae=1.76721330 | val_qty_mae=0.80299129 | train_log_qty_aux=nan | val_log_qty_aux=nan
[Epoch 012] train_loss=-1.70511768 | score=0.93884880 | val_nll=-1.91075875 | val_acc=0.95745495 | val_dt_mae=1.76721330 | val_qty_mae=0.93401500 | train_log_qty_aux=nan | val_log_qty_aux=nan
[Epoch 013] train_loss=-1.80644491 | score=0.93772310 | val_nll=-2.00255795 | val_acc=0.95627282 | val_dt_mae=1.76721330 | val_qty_mae=0.87758799 | train_log_qty_aux=nan | val_log_qty_aux=nan
[Epoch 014] train_loss=-1.89562202 | score=0.93702695 | val_nll=-2.08449618 | val_acc=0.95561222 | val_dt_mae=1.76721330 | val_qty_mae=0.91312812 | train_log_qty_aux=nan | val_log_qty_aux=nan
[Epoch 015] train_loss=-1.97686696 | score=0.93777653 | val_nll=-2.15764168 | val_acc=0.95629600 | val_dt_mae=1.76721330 | val_qty_mae=0.84733385 | train_log_qty_aux=nan | val_log_qty_aux=nan
[Epoch 016] train_loss=-2.05053586 | score=0.93779780 | val_nll=-2.23100717 | val_acc=0.95640030 | val_dt_mae=1.76721330 | val_qty_mae=0.93036765 | train_log_qty_aux=nan | val_log_qty_aux=nan
[Epoch 017] train_loss=-2.11868320 | score=0.93655740 | val_nll=-2.28710509 | val_acc=0.95506751 | val_dt_mae=1.76721330 | val_qty_mae=0.83797542 | train_log_qty_aux=nan | val_log_qty_aux=nan
[Epoch 018] train_loss=-2.18090697 | score=0.93688218 | val_nll=-2.34819138 | val_acc=0.95543837 | val_dt_mae=1.76721330 | val_qty_mae=0.88405808 | train_log_qty_aux=nan | val_log_qty_aux=nan
[Epoch 019] train_loss=-2.23754450 | score=0.93736712 | val_nll=-2.40211240 | val_acc=0.95594831 | val_dt_mae=1.76721330 | val_qty_mae=0.90905787 | train_log_qty_aux=nan | val_log_qty_aux=nan
[Epoch 020] train_loss=-2.29011476 | score=0.93897933 | val_nll=-2.45356988 | val_acc=0.95751289 | val_dt_mae=1.76721330 | val_qty_mae=0.86143361 | train_log_qty_aux=nan | val_log_qty_aux=nan
[Epoch 021] train_loss=-2.33786602 | score=0.93357956 | val_nll=-2.49279802 | val_acc=0.95217013 | val_dt_mae=1.76721330 | val_qty_mae=0.91843865 | train_log_qty_aux=nan | val_log_qty_aux=nan
[Epoch 022] train_loss=-2.38350319 | score=0.93667103 | val_nll=-2.53981054 | val_acc=0.95526453 | val_dt_mae=1.76721330 | val_qty_mae=0.92136461 | train_log_qty_aux=nan | val_log_qty_aux=nan
[Epoch 023] train_loss=-2.42609357 | score=0.93688414 | val_nll=-2.57947282 | val_acc=0.95538043 | val_dt_mae=1.76721330 | val_qty_mae=0.82414914 | train_log_qty_aux=nan | val_log_qty_aux=nan
[Epoch 024] train_loss=-2.46542737 | score=0.93870030 | val_nll=-2.61525614 | val_acc=0.95719998 | val_dt_mae=1.76721330 | val_qty_mae=0.82754004 | train_log_qty_aux=nan | val_log_qty_aux=nan
[Epoch 025] train_loss=-2.50251196 | score=0.93634869 | val_nll=-2.65179508 | val_acc=0.95488208 | val_dt_mae=1.76721330 | val_qty_mae=0.86125841 | train_log_qty_aux=nan | val_log_qty_aux=nan
[Epoch 026] train_loss=-2.53751950 | score=0.93425815 | val_nll=-2.67910218 | val_acc=0.95281915 | val_dt_mae=1.76721330 | val_qty_mae=0.88886330 | train_log_qty_aux=nan | val_log_qty_aux=nan
[Epoch 027] train_loss=-2.56967670 | score=0.93161441 | val_nll=-2.70518510 | val_acc=0.95017674 | val_dt_mae=1.76721330 | val_qty_mae=0.89019230 | train_log_qty_aux=nan | val_log_qty_aux=nan
[Epoch 028] train_loss=-2.60056448 | score=0.93824194 | val_nll=-2.74512435 | val_acc=0.95673640 | val_dt_mae=1.76721330 | val_qty_mae=0.82232506 | train_log_qty_aux=nan | val_log_qty_aux=nan
[Epoch 029] train_loss=-2.63022846 | score=0.93758646 | val_nll=-2.77199407 | val_acc=0.95602944 | val_dt_mae=1.76721330 | val_qty_mae=0.77084468 | train_log_qty_aux=nan | val_log_qty_aux=nan
[Epoch 030] train_loss=-2.65731293 | score=0.93882220 | val_nll=-2.80284534 | val_acc=0.95730428 | val_dt_mae=1.76721330 | val_qty_mae=0.80994527 | train_log_qty_aux=nan | val_log_qty_aux=nan
[Epoch 031] train_loss=-2.68377277 | score=0.93806925 | val_nll=-2.82504671 | val_acc=0.95660891 | val_dt_mae=1.76721330 | val_qty_mae=0.86752509 | train_log_qty_aux=nan | val_log_qty_aux=nan
[Epoch 032] train_loss=-2.70867002 | score=0.93718105 | val_nll=-2.84652311 | val_acc=0.95570493 | val_dt_mae=1.76721330 | val_qty_mae=0.85174509 | train_log_qty_aux=nan | val_log_qty_aux=nan
[Epoch 033] train_loss=-2.73236122 | score=0.93773301 | val_nll=-2.87619332 | val_acc=0.95626123 | val_dt_mae=1.76721330 | val_qty_mae=0.85608886 | train_log_qty_aux=nan | val_log_qty_aux=nan
[Epoch 034] train_loss=-2.75453439 | score=0.93743734 | val_nll=-2.89373587 | val_acc=0.95591354 | val_dt_mae=1.76721330 | val_qty_mae=0.80406855 | train_log_qty_aux=nan | val_log_qty_aux=nan
[Epoch 035] train_loss=-2.77522047 | score=0.93727217 | val_nll=-2.91095012 | val_acc=0.95576288 | val_dt_mae=1.76721330 | val_qty_mae=0.81857956 | train_log_qty_aux=nan | val_log_qty_aux=nan
[Epoch 036] train_loss=-2.79607532 | score=0.93755085 | val_nll=-2.93396795 | val_acc=0.95609897 | val_dt_mae=1.76721330 | val_qty_mae=0.87599406 | train_log_qty_aux=nan | val_log_qty_aux=nan
[Epoch 037] train_loss=-2.81448264 | score=0.93695605 | val_nll=-2.94792075 | val_acc=0.95546155 | val_dt_mae=1.76721330 | val_qty_mae=0.83336692 | train_log_qty_aux=nan | val_log_qty_aux=nan
[Epoch 038] train_loss=-2.83332241 | score=0.93554164 | val_nll=-2.96754969 | val_acc=0.95414035 | val_dt_mae=1.76721330 | val_qty_mae=0.92657085 | train_log_qty_aux=nan | val_log_qty_aux=nan
[Epoch 039] train_loss=-2.85081740 | score=0.93404421 | val_nll=-2.97922229 | val_acc=0.95258736 | val_dt_mae=1.76721330 | val_qty_mae=0.87101222 | train_log_qty_aux=nan | val_log_qty_aux=nan
[Epoch 040] train_loss=-2.86686031 | score=0.93725823 | val_nll=-3.00063764 | val_acc=0.95584401 | val_dt_mae=1.76721330 | val_qty_mae=0.91363869 | train_log_qty_aux=nan | val_log_qty_aux=nan
[Epoch 041] train_loss=-2.88381090 | score=0.93960551 | val_nll=-3.02065837 | val_acc=0.95808078 | val_dt_mae=1.76721330 | val_qty_mae=0.80313983 | train_log_qty_aux=nan | val_log_qty_aux=nan
[Epoch 042] train_loss=-2.89919995 | score=0.93920469 | val_nll=-3.03411635 | val_acc=0.95775627 | val_dt_mae=1.76721330 | val_qty_mae=0.87945114 | train_log_qty_aux=nan | val_log_qty_aux=nan
[Epoch 043] train_loss=-2.91360702 | score=0.93579926 | val_nll=-3.04322694 | val_acc=0.95434896 | val_dt_mae=1.76721330 | val_qty_mae=0.87756862 | train_log_qty_aux=nan | val_log_qty_aux=nan
[Epoch 044] train_loss=-2.92756738 | score=0.93844432 | val_nll=-3.06132371 | val_acc=0.95693342 | val_dt_mae=1.76721330 | val_qty_mae=0.81696969 | train_log_qty_aux=nan | val_log_qty_aux=nan
[Epoch 045] train_loss=-2.94044822 | score=0.93793706 | val_nll=-3.07515684 | val_acc=0.95651620 | val_dt_mae=1.76721330 | val_qty_mae=0.90700433 | train_log_qty_aux=nan | val_log_qty_aux=nan
[Epoch 046] train_loss=-2.95346293 | score=0.93921394 | val_nll=-3.08647294 | val_acc=0.95773309 | val_dt_mae=1.76721330 | val_qty_mae=0.84701823 | train_log_qty_aux=nan | val_log_qty_aux=nan
[Epoch 047] train_loss=-2.96586996 | score=0.93851977 | val_nll=-3.09835635 | val_acc=0.95711885 | val_dt_mae=1.76721330 | val_qty_mae=0.92694585 | train_log_qty_aux=nan | val_log_qty_aux=nan
[Epoch 048] train_loss=-2.97721629 | score=0.93773327 | val_nll=-3.10900302 | val_acc=0.95626123 | val_dt_mae=1.76721330 | val_qty_mae=0.85582373 | train_log_qty_aux=nan | val_log_qty_aux=nan
[Epoch 049] train_loss=-2.98954489 | score=0.93787646 | val_nll=-3.11951366 | val_acc=0.95635394 | val_dt_mae=1.76721330 | val_qty_mae=0.80535102 | train_log_qty_aux=nan | val_log_qty_aux=nan
[Epoch 050] train_loss=-3.00067448 | score=0.93890817 | val_nll=-3.13139858 | val_acc=0.95742018 | val_dt_mae=1.76721330 | val_qty_mae=0.83987610 | train_log_qty_aux=nan | val_log_qty_aux=nan
[Epoch 051] train_loss=-3.01062932 | score=0.93723191 | val_nll=-3.14203930 | val_acc=0.95580924 | val_dt_mae=1.76721330 | val_qty_mae=0.90519268 | train_log_qty_aux=nan | val_log_qty_aux=nan
[Epoch 052] train_loss=-3.02113644 | score=0.93862610 | val_nll=-3.15169499 | val_acc=0.95722316 | val_dt_mae=1.76721330 | val_qty_mae=0.92492162 | train_log_qty_aux=nan | val_log_qty_aux=nan
[Epoch 053] train_loss=-3.03092355 | score=0.93583068 | val_nll=-3.15936829 | val_acc=0.95444168 | val_dt_mae=1.76721330 | val_qty_mae=0.93886421 | train_log_qty_aux=nan | val_log_qty_aux=nan
[Epoch 054] train_loss=-3.03982731 | score=0.93731740 | val_nll=-3.16734809 | val_acc=0.95584401 | val_dt_mae=1.76721330 | val_qty_mae=0.85447722 | train_log_qty_aux=nan | val_log_qty_aux=nan
[Epoch 055] train_loss=-3.04899880 | score=0.93896136 | val_nll=-3.17403109 | val_acc=0.95744336 | val_dt_mae=1.76721330 | val_qty_mae=0.80986662 | train_log_qty_aux=nan | val_log_qty_aux=nan
[Epoch 056] train_loss=-3.05780066 | score=0.93721098 | val_nll=-3.18554203 | val_acc=0.95571652 | val_dt_mae=1.76721330 | val_qty_mae=0.83340511 | train_log_qty_aux=nan | val_log_qty_aux=nan
[Epoch 057] train_loss=-3.06598868 | score=0.93931003 | val_nll=-3.19759704 | val_acc=0.95788376 | val_dt_mae=1.76721330 | val_qty_mae=0.90159448 | train_log_qty_aux=nan | val_log_qty_aux=nan
[Epoch 058] train_loss=-3.07462895 | score=0.93844042 | val_nll=-3.20036389 | val_acc=0.95696819 | val_dt_mae=1.76721330 | val_qty_mae=0.85563448 | train_log_qty_aux=nan | val_log_qty_aux=nan
[Epoch 059] train_loss=-3.08198567 | score=0.93987149 | val_nll=-3.21100565 | val_acc=0.95844005 | val_dt_mae=1.76721330 | val_qty_mae=0.89642757 | train_log_qty_aux=nan | val_log_qty_aux=nan
[Epoch 060] train_loss=-3.08952432 | score=0.93836936 | val_nll=-3.21705882 | val_acc=0.95687547 | val_dt_mae=1.76721330 | val_qty_mae=0.83398190 | train_log_qty_aux=nan | val_log_qty_aux=nan
[Epoch 061] train_loss=-3.09611709 | score=0.93052827 | val_nll=-3.21473355 | val_acc=0.94918004 | val_dt_mae=1.76721330 | val_qty_mae=0.97964077 | train_log_qty_aux=nan | val_log_qty_aux=nan
[Epoch 062] train_loss=-3.10366598 | score=0.93821420 | val_nll=-3.23031129 | val_acc=0.95675958 | val_dt_mae=1.76721330 | val_qty_mae=0.87324274 | train_log_qty_aux=nan | val_log_qty_aux=nan
[Epoch 063] train_loss=-3.11024458 | score=0.93880946 | val_nll=-3.23783860 | val_acc=0.95729269 | val_dt_mae=1.76721330 | val_qty_mae=0.81109674 | train_log_qty_aux=nan | val_log_qty_aux=nan
[Epoch 064] train_loss=-3.11682832 | score=0.93693888 | val_nll=-3.23868909 | val_acc=0.95543837 | val_dt_mae=1.76721330 | val_qty_mae=0.82735588 | train_log_qty_aux=nan | val_log_qty_aux=nan
[Epoch 065] train_loss=-3.12287975 | score=0.93717192 | val_nll=-3.24824592 | val_acc=0.95569334 | val_dt_mae=1.76721330 | val_qty_mae=0.84928602 | train_log_qty_aux=nan | val_log_qty_aux=nan
[Epoch 066] train_loss=-3.12905032 | score=0.93578738 | val_nll=-3.24656618 | val_acc=0.95432578 | val_dt_mae=1.76721330 | val_qty_mae=0.86626468 | train_log_qty_aux=nan | val_log_qty_aux=nan
[Epoch 067] train_loss=-3.13482545 | score=0.93919521 | val_nll=-3.25789523 | val_acc=0.95774468 | val_dt_mae=1.76721330 | val_qty_mae=0.87733653 | train_log_qty_aux=nan | val_log_qty_aux=nan
[Epoch 068] train_loss=-3.14072039 | score=0.93705791 | val_nll=-3.26284551 | val_acc=0.95556586 | val_dt_mae=1.76721330 | val_qty_mae=0.83581506 | train_log_qty_aux=nan | val_log_qty_aux=nan
[Epoch 069] train_loss=-3.14549450 | score=0.93662991 | val_nll=-3.26599841 | val_acc=0.95519499 | val_dt_mae=1.76721330 | val_qty_mae=0.89295511 | train_log_qty_aux=nan | val_log_qty_aux=nan
[Epoch 070] train_loss=-3.15035211 | score=0.93911430 | val_nll=-3.27491217 | val_acc=0.95770991 | val_dt_mae=1.76721330 | val_qty_mae=0.92348208 | train_log_qty_aux=nan | val_log_qty_aux=nan
[Epoch 071] train_loss=-3.15550555 | score=0.93557082 | val_nll=-3.27910580 | val_acc=0.95418671 | val_dt_mae=1.76721330 | val_qty_mae=0.94375204 | train_log_qty_aux=nan | val_log_qty_aux=nan
[Epoch 072] train_loss=-3.16088234 | score=0.93738521 | val_nll=-3.28043808 | val_acc=0.95593672 | val_dt_mae=1.76721330 | val_qty_mae=0.87938167 | train_log_qty_aux=nan | val_log_qty_aux=nan
[Epoch 073] train_loss=-3.16485073 | score=0.93718276 | val_nll=-3.28785359 | val_acc=0.95589036 | val_dt_mae=1.76721330 | val_qty_mae=1.03546852 | train_log_qty_aux=nan | val_log_qty_aux=nan
[Epoch 074] train_loss=-3.16968055 | score=0.94022508 | val_nll=-3.29453911 | val_acc=0.95878774 | val_dt_mae=1.76721330 | val_qty_mae=0.89052135 | train_log_qty_aux=nan | val_log_qty_aux=nan
[Epoch 075] train_loss=-3.17383851 | score=0.93755475 | val_nll=-3.29731639 | val_acc=0.95611056 | val_dt_mae=1.76721330 | val_qty_mae=0.88367874 | train_log_qty_aux=nan | val_log_qty_aux=nan
[Epoch 076] train_loss=-3.17820679 | score=0.93580229 | val_nll=-3.29742368 | val_acc=0.95436055 | val_dt_mae=1.76721330 | val_qty_mae=0.88612478 | train_log_qty_aux=nan | val_log_qty_aux=nan
[Epoch 077] train_loss=-3.18211152 | score=0.93759548 | val_nll=-3.30631919 | val_acc=0.95613374 | val_dt_mae=1.76721330 | val_qty_mae=0.86612611 | train_log_qty_aux=nan | val_log_qty_aux=nan
[Epoch 078] train_loss=-3.18637635 | score=0.94085391 | val_nll=-3.31363812 | val_acc=0.95933244 | val_dt_mae=1.76721330 | val_qty_mae=0.80640314 | train_log_qty_aux=nan | val_log_qty_aux=nan
[Epoch 079] train_loss=-3.19057822 | score=0.93707514 | val_nll=-3.31059106 | val_acc=0.95565857 | val_dt_mae=1.76721330 | val_qty_mae=0.91130285 | train_log_qty_aux=nan | val_log_qty_aux=nan
[Epoch 080] train_loss=-3.19383969 | score=0.93530528 | val_nll=-3.31176332 | val_acc=0.95394333 | val_dt_mae=1.76721330 | val_qty_mae=0.96591790 | train_log_qty_aux=nan | val_log_qty_aux=nan
[Epoch 081] train_loss=-3.19712665 | score=0.93615636 | val_nll=-3.31816516 | val_acc=0.95471982 | val_dt_mae=1.76721330 | val_qty_mae=0.89133266 | train_log_qty_aux=nan | val_log_qty_aux=nan
[Epoch 082] train_loss=-3.20053270 | score=0.93622218 | val_nll=-3.32381352 | val_acc=0.95482413 | val_dt_mae=1.76721330 | val_qty_mae=0.92982001 | train_log_qty_aux=nan | val_log_qty_aux=nan
[Epoch 083] train_loss=-3.20372271 | score=0.93544163 | val_nll=-3.32311276 | val_acc=0.95401286 | val_dt_mae=1.76721330 | val_qty_mae=0.89910450 | train_log_qty_aux=nan | val_log_qty_aux=nan
[Epoch 084] train_loss=-3.20755684 | score=0.93568411 | val_nll=-3.32751792 | val_acc=0.95424465 | val_dt_mae=1.76721330 | val_qty_mae=0.88841073 | train_log_qty_aux=nan | val_log_qty_aux=nan
[Epoch 085] train_loss=-3.21047060 | score=0.93772917 | val_nll=-3.33190622 | val_acc=0.95627282 | val_dt_mae=1.76721330 | val_qty_mae=0.87151272 | train_log_qty_aux=nan | val_log_qty_aux=nan
[Epoch 086] train_loss=-3.21345804 | score=0.93728927 | val_nll=-3.33497328 | val_acc=0.95589036 | val_dt_mae=1.76721330 | val_qty_mae=0.92896479 | train_log_qty_aux=nan | val_log_qty_aux=nan
[Epoch 087] train_loss=-3.21631603 | score=0.93659929 | val_nll=-3.33513531 | val_acc=0.95506751 | val_dt_mae=1.76721330 | val_qty_mae=0.79608661 | train_log_qty_aux=nan | val_log_qty_aux=nan
[Epoch 088] train_loss=-3.22051814 | score=0.93668912 | val_nll=-3.33839267 | val_acc=0.95526453 | val_dt_mae=1.76721330 | val_qty_mae=0.90327861 | train_log_qty_aux=nan | val_log_qty_aux=nan
[Epoch 089] train_loss=-3.22243470 | score=0.93879641 | val_nll=-3.34607377 | val_acc=0.95737382 | val_dt_mae=1.76721330 | val_qty_mae=0.90528071 | train_log_qty_aux=nan | val_log_qty_aux=nan
[Epoch 090] train_loss=-3.22476713 | score=0.93711311 | val_nll=-3.34336816 | val_acc=0.95570493 | val_dt_mae=1.76721330 | val_qty_mae=0.91969310 | train_log_qty_aux=nan | val_log_qty_aux=nan
[Epoch 091] train_loss=-3.22721345 | score=0.93488330 | val_nll=-3.34098234 | val_acc=0.95334067 | val_dt_mae=1.76721330 | val_qty_mae=0.78523542 | train_log_qty_aux=nan | val_log_qty_aux=nan
[Epoch 092] train_loss=-3.23022452 | score=0.94067125 | val_nll=-3.35459493 | val_acc=0.95918178 | val_dt_mae=1.76721330 | val_qty_mae=0.83839664 | train_log_qty_aux=nan | val_log_qty_aux=nan
[Epoch 093] train_loss=-3.23261199 | score=0.93652184 | val_nll=-3.35035579 | val_acc=0.95507910 | val_dt_mae=1.76721330 | val_qty_mae=0.88512848 | train_log_qty_aux=nan | val_log_qty_aux=nan
[Epoch 094] train_loss=-3.23499442 | score=0.93628824 | val_nll=-3.35368806 | val_acc=0.95489367 | val_dt_mae=1.76721330 | val_qty_mae=0.93329700 | train_log_qty_aux=nan | val_log_qty_aux=nan
[Epoch 095] train_loss=-3.23714915 | score=0.93649699 | val_nll=-3.35432764 | val_acc=0.95502115 | val_dt_mae=1.76721330 | val_qty_mae=0.85202820 | train_log_qty_aux=nan | val_log_qty_aux=nan
[Epoch 096] train_loss=-3.23889656 | score=0.93803373 | val_nll=-3.35987083 | val_acc=0.95665527 | val_dt_mae=1.76721330 | val_qty_mae=0.94940981 | train_log_qty_aux=nan | val_log_qty_aux=nan
[Epoch 097] train_loss=-3.24131505 | score=0.93894014 | val_nll=-3.36277823 | val_acc=0.95747812 | val_dt_mae=1.76721330 | val_qty_mae=0.86585236 | train_log_qty_aux=nan | val_log_qty_aux=nan
[Epoch 098] train_loss=-3.24324199 | score=0.93575721 | val_nll=-3.36270054 | val_acc=0.95432578 | val_dt_mae=1.76721330 | val_qty_mae=0.89643718 | train_log_qty_aux=nan | val_log_qty_aux=nan
[Epoch 099] train_loss=-3.24605982 | score=0.93893855 | val_nll=-3.36986875 | val_acc=0.95743177 | val_dt_mae=1.76721330 | val_qty_mae=0.82108026 | train_log_qty_aux=nan | val_log_qty_aux=nan
[Epoch 100] train_loss=-3.24779043 | score=0.93952401 | val_nll=-3.36981609 | val_acc=0.95803442 | val_dt_mae=1.76721330 | val_qty_mae=0.83827729 | train_log_qty_aux=nan | val_log_qty_aux=nan
[Epoch 101] train_loss=-3.24963153 | score=0.93701846 | val_nll=-3.36541516 | val_acc=0.95556586 | val_dt_mae=1.76721330 | val_qty_mae=0.87526718 | train_log_qty_aux=nan | val_log_qty_aux=nan
[Epoch 102] train_loss=-3.25097219 | score=0.93964331 | val_nll=-3.37386315 | val_acc=0.95818508 | val_dt_mae=1.76721330 | val_qty_mae=0.86964344 | train_log_qty_aux=nan | val_log_qty_aux=nan
[Epoch 103] train_loss=-3.25323458 | score=0.93082673 | val_nll=-3.36329564 | val_acc=0.94942342 | val_dt_mae=1.76721330 | val_qty_mae=0.92456028 | train_log_qty_aux=nan | val_log_qty_aux=nan
[Epoch 104] train_loss=-3.25432078 | score=0.94012683 | val_nll=-3.37760309 | val_acc=0.95862549 | val_dt_mae=1.76721330 | val_qty_mae=0.82651817 | train_log_qty_aux=nan | val_log_qty_aux=nan
[Epoch 105] train_loss=-3.25640302 | score=0.93983530 | val_nll=-3.37737567 | val_acc=0.95835893 | val_dt_mae=1.76721330 | val_qty_mae=0.85148918 | train_log_qty_aux=nan | val_log_qty_aux=nan
[Epoch 106] train_loss=-3.25767182 | score=0.94062918 | val_nll=-3.38015382 | val_acc=0.95911224 | val_dt_mae=1.76721330 | val_qty_mae=0.81093622 | train_log_qty_aux=nan | val_log_qty_aux=nan
[Epoch 107] train_loss=-3.25990839 | score=0.93856493 | val_nll=-3.38203921 | val_acc=0.95708408 | val_dt_mae=1.76721330 | val_qty_mae=0.84701741 | train_log_qty_aux=nan | val_log_qty_aux=nan
[Epoch 108] train_loss=-3.26132236 | score=0.93901078 | val_nll=-3.38263993 | val_acc=0.95752448 | val_dt_mae=1.76721330 | val_qty_mae=0.84156806 | train_log_qty_aux=nan | val_log_qty_aux=nan
[Epoch 109] train_loss=-3.26221218 | score=0.93685915 | val_nll=-3.38026239 | val_acc=0.95544996 | val_dt_mae=1.76721330 | val_qty_mae=0.91867822 | train_log_qty_aux=nan | val_log_qty_aux=nan
[Epoch 110] train_loss=-3.26461076 | score=0.93958670 | val_nll=-3.38578385 | val_acc=0.95811555 | val_dt_mae=1.76721330 | val_qty_mae=0.85671141 | train_log_qty_aux=nan | val_log_qty_aux=nan
[Epoch 111] train_loss=-3.26553554 | score=0.93698874 | val_nll=-3.38338606 | val_acc=0.95554268 | val_dt_mae=1.76721330 | val_qty_mae=0.88180060 | train_log_qty_aux=nan | val_log_qty_aux=nan
[Epoch 112] train_loss=-3.26725882 | score=0.93578822 | val_nll=-3.37976314 | val_acc=0.95433737 | val_dt_mae=1.76721330 | val_qty_mae=0.87701693 | train_log_qty_aux=nan | val_log_qty_aux=nan
[Epoch 113] train_loss=-3.26852147 | score=0.93814464 | val_nll=-3.38853951 | val_acc=0.95667845 | val_dt_mae=1.76721330 | val_qty_mae=0.86167659 | train_log_qty_aux=nan | val_log_qty_aux=nan
[Epoch 114] train_loss=-3.27010437 | score=0.93803734 | val_nll=-3.39129811 | val_acc=0.95662050 | val_dt_mae=1.76721330 | val_qty_mae=0.91102448 | train_log_qty_aux=nan | val_log_qty_aux=nan
[Epoch 115] train_loss=-3.27120575 | score=0.93681421 | val_nll=-3.38897370 | val_acc=0.95539201 | val_dt_mae=1.76721330 | val_qty_mae=0.90566973 | train_log_qty_aux=nan | val_log_qty_aux=nan
[Epoch 116] train_loss=-3.27164177 | score=0.93731560 | val_nll=-3.38956480 | val_acc=0.95585559 | val_dt_mae=1.76721330 | val_qty_mae=0.86786284 | train_log_qty_aux=nan | val_log_qty_aux=nan
[Epoch 117] train_loss=-3.27342789 | score=0.93867313 | val_nll=-3.39143552 | val_acc=0.95728110 | val_dt_mae=1.76721330 | val_qty_mae=0.93584039 | train_log_qty_aux=nan | val_log_qty_aux=nan
[Epoch 118] train_loss=-3.27443006 | score=0.93634329 | val_nll=-3.39191852 | val_acc=0.95485890 | val_dt_mae=1.76721330 | val_qty_mae=0.84347827 | train_log_qty_aux=nan | val_log_qty_aux=nan
[Epoch 119] train_loss=-3.27539460 | score=0.93551648 | val_nll=-3.38972053 | val_acc=0.95410558 | val_dt_mae=1.76721330 | val_qty_mae=0.91696346 | train_log_qty_aux=nan | val_log_qty_aux=nan
[Epoch 120] train_loss=-3.27609237 | score=0.93635256 | val_nll=-3.39040477 | val_acc=0.95484731 | val_dt_mae=1.76721330 | val_qty_mae=0.82261707 | train_log_qty_aux=nan | val_log_qty_aux=nan
[Epoch 121] train_loss=-3.27767241 | score=0.93541863 | val_nll=-3.39243396 | val_acc=0.95401286 | val_dt_mae=1.76721330 | val_qty_mae=0.92209667 | train_log_qty_aux=nan | val_log_qty_aux=nan
[Epoch 122] train_loss=-3.27882816 | score=0.93685947 | val_nll=-3.39507165 | val_acc=0.95542678 | val_dt_mae=1.76721330 | val_qty_mae=0.89517592 | train_log_qty_aux=nan | val_log_qty_aux=nan
[Epoch 123] train_loss=-3.27973903 | score=0.93263612 | val_nll=-3.38719394 | val_acc=0.95116185 | val_dt_mae=1.76721330 | val_qty_mae=0.85359396 | train_log_qty_aux=nan | val_log_qty_aux=nan
[Epoch 124] train_loss=-3.28033012 | score=0.93821740 | val_nll=-3.39962874 | val_acc=0.95679434 | val_dt_mae=1.76721330 | val_qty_mae=0.90481255 | train_log_qty_aux=nan | val_log_qty_aux=nan
[Epoch 125] train_loss=-3.28136516 | score=0.93662527 | val_nll=-3.39635237 | val_acc=0.95524135 | val_dt_mae=1.76721330 | val_qty_mae=0.94394814 | train_log_qty_aux=nan | val_log_qty_aux=nan
[Epoch 126] train_loss=-3.28163799 | score=0.93841046 | val_nll=-3.40104496 | val_acc=0.95694501 | val_dt_mae=1.76721330 | val_qty_mae=0.86241170 | train_log_qty_aux=nan | val_log_qty_aux=nan
[Epoch 127] train_loss=-3.28290911 | score=0.93902495 | val_nll=-3.40507715 | val_acc=0.95753607 | val_dt_mae=1.76721330 | val_qty_mae=0.83898766 | train_log_qty_aux=nan | val_log_qty_aux=nan
[Epoch 128] train_loss=-3.28352195 | score=0.93969986 | val_nll=-3.40451538 | val_acc=0.95825462 | val_dt_mae=1.76721330 | val_qty_mae=0.88262468 | train_log_qty_aux=nan | val_log_qty_aux=nan
[Epoch 129] train_loss=-3.28480872 | score=0.93976627 | val_nll=-3.40400383 | val_acc=0.95825462 | val_dt_mae=1.76721330 | val_qty_mae=0.81621550 | train_log_qty_aux=nan | val_log_qty_aux=nan
[Epoch 130] train_loss=-3.28553369 | score=0.93909551 | val_nll=-3.40791911 | val_acc=0.95769833 | val_dt_mae=1.76721330 | val_qty_mae=0.93067754 | train_log_qty_aux=nan | val_log_qty_aux=nan
[Epoch 131] train_loss=-3.28590758 | score=0.93521239 | val_nll=-3.40214021 | val_acc=0.95381584 | val_dt_mae=1.76721330 | val_qty_mae=0.93132332 | train_log_qty_aux=nan | val_log_qty_aux=nan
[Epoch 132] train_loss=-3.28735844 | score=0.93916910 | val_nll=-3.40545266 | val_acc=0.95770991 | val_dt_mae=1.76721330 | val_qty_mae=0.86868554 | train_log_qty_aux=nan | val_log_qty_aux=nan
[Epoch 133] train_loss=-3.28797633 | score=0.93469079 | val_nll=-3.40218751 | val_acc=0.95327114 | val_dt_mae=1.76721330 | val_qty_mae=0.90821459 | train_log_qty_aux=nan | val_log_qty_aux=nan
[Epoch 134] train_loss=-3.28823435 | score=0.93883344 | val_nll=-3.40822159 | val_acc=0.95737382 | val_dt_mae=1.76721330 | val_qty_mae=0.86825063 | train_log_qty_aux=nan | val_log_qty_aux=nan
[Epoch 135] train_loss=-3.28887309 | score=0.94066278 | val_nll=-3.41004694 | val_acc=0.95921655 | val_dt_mae=1.76721330 | val_qty_mae=0.88163542 | train_log_qty_aux=nan | val_log_qty_aux=nan
[Epoch 136] train_loss=-3.28934826 | score=0.93893245 | val_nll=-3.40908362 | val_acc=0.95752448 | val_dt_mae=1.76721330 | val_qty_mae=0.91989581 | train_log_qty_aux=nan | val_log_qty_aux=nan
[Epoch 137] train_loss=-3.29041250 | score=0.93774865 | val_nll=-3.40795522 | val_acc=0.95622646 | val_dt_mae=1.76721330 | val_qty_mae=0.80567937 | train_log_qty_aux=nan | val_log_qty_aux=nan
[Epoch 138] train_loss=-3.29112129 | score=0.94043352 | val_nll=-3.41186365 | val_acc=0.95891522 | val_dt_mae=1.76721330 | val_qty_mae=0.80957300 | train_log_qty_aux=nan | val_log_qty_aux=nan
[Epoch 139] train_loss=-3.29209838 | score=0.93776110 | val_nll=-3.40422865 | val_acc=0.95629600 | val_dt_mae=1.76721330 | val_qty_mae=0.86275917 | train_log_qty_aux=nan | val_log_qty_aux=nan
[Epoch 140] train_loss=-3.29207740 | score=0.93937920 | val_nll=-3.41346017 | val_acc=0.95790694 | val_dt_mae=1.76721330 | val_qty_mae=0.85560170 | train_log_qty_aux=nan | val_log_qty_aux=nan
[Epoch 141] train_loss=-3.29249665 | score=0.93821786 | val_nll=-3.41246674 | val_acc=0.95671322 | val_dt_mae=1.76721330 | val_qty_mae=0.82322627 | train_log_qty_aux=nan | val_log_qty_aux=nan
[Epoch 142] train_loss=-3.29257177 | score=0.93759626 | val_nll=-3.40973613 | val_acc=0.95609897 | val_dt_mae=1.76721330 | val_qty_mae=0.83058574 | train_log_qty_aux=nan | val_log_qty_aux=nan
[Epoch 143] train_loss=-3.29377041 | score=0.93900554 | val_nll=-3.41422827 | val_acc=0.95755925 | val_dt_mae=1.76721330 | val_qty_mae=0.88157837 | train_log_qty_aux=nan | val_log_qty_aux=nan
[Epoch 144] train_loss=-3.29449989 | score=0.93991607 | val_nll=-3.41439550 | val_acc=0.95841687 | val_dt_mae=1.76721330 | val_qty_mae=0.82866638 | train_log_qty_aux=nan | val_log_qty_aux=nan
[Epoch 145] train_loss=-3.29509229 | score=0.93248316 | val_nll=-3.40338024 | val_acc=0.95113867 | val_dt_mae=1.76721330 | val_qty_mae=0.98337399 | train_log_qty_aux=nan | val_log_qty_aux=nan
[Epoch 146] train_loss=-3.29576068 | score=0.93653896 | val_nll=-3.41233882 | val_acc=0.95509069 | val_dt_mae=1.76721330 | val_qty_mae=0.87959732 | train_log_qty_aux=nan | val_log_qty_aux=nan
[Epoch 147] train_loss=-3.29597397 | score=0.93820102 | val_nll=-3.41413855 | val_acc=0.95672481 | val_dt_mae=1.76721330 | val_qty_mae=0.85165036 | train_log_qty_aux=nan | val_log_qty_aux=nan
[Epoch 148] train_loss=-3.29616175 | score=0.93601962 | val_nll=-3.40973847 | val_acc=0.95455757 | val_dt_mae=1.76721330 | val_qty_mae=0.86581937 | train_log_qty_aux=nan | val_log_qty_aux=nan
[Epoch 149] train_loss=-3.29691842 | score=0.93771475 | val_nll=-3.40990242 | val_acc=0.95623805 | val_dt_mae=1.76721330 | val_qty_mae=0.85116911 | train_log_qty_aux=nan | val_log_qty_aux=nan
[Epoch 150] train_loss=-3.29692111 | score=0.94034506 | val_nll=-3.41748717 | val_acc=0.95878774 | val_dt_mae=1.76721330 | val_qty_mae=0.77054989 | train_log_qty_aux=nan | val_log_qty_aux=nan
[Epoch 151] train_loss=-3.29707159 | score=0.93478070 | val_nll=-3.41085387 | val_acc=0.95336385 | val_dt_mae=1.76721330 | val_qty_mae=0.91101692 | train_log_qty_aux=nan | val_log_qty_aux=nan
[Epoch 152] train_loss=-3.29769208 | score=0.93940249 | val_nll=-3.41781773 | val_acc=0.95787217 | val_dt_mae=1.76721330 | val_qty_mae=0.79754543 | train_log_qty_aux=nan | val_log_qty_aux=nan
[Epoch 153] train_loss=-3.29852788 | score=0.93475766 | val_nll=-3.40656862 | val_acc=0.95328273 | val_dt_mae=1.76721330 | val_qty_mae=0.85293202 | train_log_qty_aux=nan | val_log_qty_aux=nan
[Epoch 154] train_loss=-3.29926773 | score=0.93532889 | val_nll=-3.41428082 | val_acc=0.95392015 | val_dt_mae=1.76721330 | val_qty_mae=0.91912497 | train_log_qty_aux=nan | val_log_qty_aux=nan
[Epoch 155] train_loss=-3.29974583 | score=0.93735100 | val_nll=-3.41478052 | val_acc=0.95590195 | val_dt_mae=1.76721330 | val_qty_mae=0.87881959 | train_log_qty_aux=nan | val_log_qty_aux=nan
[Epoch 156] train_loss=-3.29919449 | score=0.93653896 | val_nll=-3.41186680 | val_acc=0.95507910 | val_dt_mae=1.76721330 | val_qty_mae=0.86800812 | train_log_qty_aux=nan | val_log_qty_aux=nan
[Epoch 157] train_loss=-3.29972742 | score=0.93693063 | val_nll=-3.41724494 | val_acc=0.95553109 | val_dt_mae=1.76721330 | val_qty_mae=0.92832314 | train_log_qty_aux=nan | val_log_qty_aux=nan
[Epoch 158] train_loss=-3.29994983 | score=0.93651167 | val_nll=-3.41303682 | val_acc=0.95504433 | val_dt_mae=1.76721330 | val_qty_mae=0.86052755 | train_log_qty_aux=nan | val_log_qty_aux=nan
[Epoch 159] train_loss=-3.29993832 | score=0.93613764 | val_nll=-3.41535755 | val_acc=0.95473141 | val_dt_mae=1.76721330 | val_qty_mae=0.92164516 | train_log_qty_aux=nan | val_log_qty_aux=nan
[Epoch 160] train_loss=-3.30077387 | score=0.93556802 | val_nll=-3.41577351 | val_acc=0.95414035 | val_dt_mae=1.76721330 | val_qty_mae=0.90019894 | train_log_qty_aux=nan | val_log_qty_aux=nan
[Epoch 161] train_loss=-3.30083192 | score=0.93997179 | val_nll=-3.42196452 | val_acc=0.95846323 | val_dt_mae=1.76721330 | val_qty_mae=0.81931255 | train_log_qty_aux=nan | val_log_qty_aux=nan
[Epoch 162] train_loss=-3.30145605 | score=0.93845300 | val_nll=-3.41698910 | val_acc=0.95700296 | val_dt_mae=1.76721330 | val_qty_mae=0.87781840 | train_log_qty_aux=nan | val_log_qty_aux=nan
[Epoch 163] train_loss=-3.30124505 | score=0.93872363 | val_nll=-3.41998711 | val_acc=0.95724633 | val_dt_mae=1.76721330 | val_qty_mae=0.85056864 | train_log_qty_aux=nan | val_log_qty_aux=nan
[Epoch 164] train_loss=-3.30229422 | score=0.93925831 | val_nll=-3.42383176 | val_acc=0.95776786 | val_dt_mae=1.76721330 | val_qty_mae=0.83742060 | train_log_qty_aux=nan | val_log_qty_aux=nan
[Epoch 165] train_loss=-3.30237627 | score=0.93705366 | val_nll=-3.41930389 | val_acc=0.95565857 | val_dt_mae=1.76721330 | val_qty_mae=0.93278004 | train_log_qty_aux=nan | val_log_qty_aux=nan
[Epoch 166] train_loss=-3.30346495 | score=0.93823939 | val_nll=-3.42190999 | val_acc=0.95680593 | val_dt_mae=1.76721330 | val_qty_mae=0.89440946 | train_log_qty_aux=nan | val_log_qty_aux=nan
[Epoch 167] train_loss=-3.30269262 | score=0.93765169 | val_nll=-3.42007278 | val_acc=0.95618010 | val_dt_mae=1.76721330 | val_qty_mae=0.85627284 | train_log_qty_aux=nan | val_log_qty_aux=nan
[Epoch 168] train_loss=-3.30351288 | score=0.93881980 | val_nll=-3.41886039 | val_acc=0.95733905 | val_dt_mae=1.76721330 | val_qty_mae=0.84711724 | train_log_qty_aux=nan | val_log_qty_aux=nan
[Epoch 169] train_loss=-3.30383554 | score=0.93340995 | val_nll=-3.41152957 | val_acc=0.95194993 | val_dt_mae=1.76721330 | val_qty_mae=0.86784702 | train_log_qty_aux=nan | val_log_qty_aux=nan
[Epoch 170] train_loss=-3.30419962 | score=0.93515788 | val_nll=-3.41732626 | val_acc=0.95366518 | val_dt_mae=1.76721330 | val_qty_mae=0.83516885 | train_log_qty_aux=nan | val_log_qty_aux=nan
[Epoch 171] train_loss=-3.30448408 | score=0.94028052 | val_nll=-3.42185115 | val_acc=0.95876456 | val_dt_mae=1.76721330 | val_qty_mae=0.81190488 | train_log_qty_aux=nan | val_log_qty_aux=nan
[Epoch 172] train_loss=-3.30536591 | score=0.93932533 | val_nll=-3.41922529 | val_acc=0.95784899 | val_dt_mae=1.76721330 | val_qty_mae=0.85152276 | train_log_qty_aux=nan | val_log_qty_aux=nan
[Epoch 173] train_loss=-3.30577095 | score=0.93737757 | val_nll=-3.41907535 | val_acc=0.95593672 | val_dt_mae=1.76721330 | val_qty_mae=0.88702327 | train_log_qty_aux=nan | val_log_qty_aux=nan
[Epoch 174] train_loss=-3.30431170 | score=0.93853531 | val_nll=-3.41860359 | val_acc=0.95703772 | val_dt_mae=1.76721330 | val_qty_mae=0.83028243 | train_log_qty_aux=nan | val_log_qty_aux=nan
[Epoch 175] train_loss=-3.30437833 | score=0.93482147 | val_nll=-3.41573587 | val_acc=0.95343339 | val_dt_mae=1.76721330 | val_qty_mae=0.93978789 | train_log_qty_aux=nan | val_log_qty_aux=nan
[Epoch 176] train_loss=-3.30481838 | score=0.93711208 | val_nll=-3.41924571 | val_acc=0.95564698 | val_dt_mae=1.76721330 | val_qty_mae=0.86277566 | train_log_qty_aux=nan | val_log_qty_aux=nan
[Epoch 177] train_loss=-3.30562548 | score=0.93716634 | val_nll=-3.41774769 | val_acc=0.95568175 | val_dt_mae=1.76721330 | val_qty_mae=0.84328288 | train_log_qty_aux=nan | val_log_qty_aux=nan
[Epoch 178] train_loss=-3.30561208 | score=0.93281459 | val_nll=-3.41351168 | val_acc=0.95144000 | val_dt_mae=1.76721330 | val_qty_mae=0.95327250 | train_log_qty_aux=nan | val_log_qty_aux=nan
[Epoch 179] train_loss=-3.30527577 | score=0.93706981 | val_nll=-3.41903997 | val_acc=0.95564698 | val_dt_mae=1.76721330 | val_qty_mae=0.90504186 | train_log_qty_aux=nan | val_log_qty_aux=nan
[Epoch 180] train_loss=-3.30544368 | score=0.94043552 | val_nll=-3.42731319 | val_acc=0.95889204 | val_dt_mae=1.76721330 | val_qty_mae=0.78439067 | train_log_qty_aux=nan | val_log_qty_aux=nan
[Epoch 181] train_loss=-3.30596600 | score=0.93593680 | val_nll=-3.41684802 | val_acc=0.95444168 | val_dt_mae=1.76721330 | val_qty_mae=0.83274450 | train_log_qty_aux=nan | val_log_qty_aux=nan
[Epoch 182] train_loss=-3.30584828 | score=0.93668343 | val_nll=-3.42000288 | val_acc=0.95520658 | val_dt_mae=1.76721330 | val_qty_mae=0.85102160 | train_log_qty_aux=nan | val_log_qty_aux=nan
[Epoch 183] train_loss=-3.30576215 | score=0.93386782 | val_nll=-3.41319264 | val_acc=0.95245987 | val_dt_mae=1.76721330 | val_qty_mae=0.91991775 | train_log_qty_aux=nan | val_log_qty_aux=nan
[Epoch 184] train_loss=-3.30581548 | score=0.93765032 | val_nll=-3.42293149 | val_acc=0.95621487 | val_dt_mae=1.76721330 | val_qty_mae=0.89241505 | train_log_qty_aux=nan | val_log_qty_aux=nan
[Epoch 185] train_loss=-3.30653517 | score=0.94050787 | val_nll=-3.42115907 | val_acc=0.95898476 | val_dt_mae=1.76721330 | val_qty_mae=0.80475546 | train_log_qty_aux=nan | val_log_qty_aux=nan
[Epoch 186] train_loss=-3.30683911 | score=0.93631897 | val_nll=-3.42118418 | val_acc=0.95487049 | val_dt_mae=1.76721330 | val_qty_mae=0.87938777 | train_log_qty_aux=nan | val_log_qty_aux=nan
[Epoch 187] train_loss=-3.30618590 | score=0.93739606 | val_nll=-3.42269926 | val_acc=0.95593672 | val_dt_mae=1.76721330 | val_qty_mae=0.86853066 | train_log_qty_aux=nan | val_log_qty_aux=nan
[Epoch 188] train_loss=-3.30665875 | score=0.93786598 | val_nll=-3.42491492 | val_acc=0.95643507 | val_dt_mae=1.76721330 | val_qty_mae=0.89695668 | train_log_qty_aux=nan | val_log_qty_aux=nan
[Epoch 189] train_loss=-3.30699604 | score=0.93505548 | val_nll=-3.41931245 | val_acc=0.95353769 | val_dt_mae=1.76721330 | val_qty_mae=0.81008124 | train_log_qty_aux=nan | val_log_qty_aux=nan
[Epoch 190] train_loss=-3.30695994 | score=0.92960262 | val_nll=-3.40769186 | val_acc=0.94816017 | val_dt_mae=1.76721330 | val_qty_mae=0.88541537 | train_log_qty_aux=nan | val_log_qty_aux=nan
[Epoch 191] train_loss=-3.30674879 | score=0.93688112 | val_nll=-3.42235486 | val_acc=0.95542678 | val_dt_mae=1.76721330 | val_qty_mae=0.87353406 | train_log_qty_aux=nan | val_log_qty_aux=nan
[Epoch 192] train_loss=-3.30645651 | score=0.93594844 | val_nll=-3.42075022 | val_acc=0.95451121 | val_dt_mae=1.76721330 | val_qty_mae=0.89064101 | train_log_qty_aux=nan | val_log_qty_aux=nan
[Epoch 193] train_loss=-3.30741444 | score=0.93700622 | val_nll=-3.42146779 | val_acc=0.95550791 | val_dt_mae=1.76721330 | val_qty_mae=0.82955275 | train_log_qty_aux=nan | val_log_qty_aux=nan
[Epoch 194] train_loss=-3.30765529 | score=0.93849813 | val_nll=-3.42670806 | val_acc=0.95702613 | val_dt_mae=1.76721330 | val_qty_mae=0.85587010 | train_log_qty_aux=nan | val_log_qty_aux=nan
[Epoch 195] train_loss=-3.30745888 | score=0.93529872 | val_nll=-3.41728157 | val_acc=0.95382743 | val_dt_mae=1.76721330 | val_qty_mae=0.85658360 | train_log_qty_aux=nan | val_log_qty_aux=nan
[Epoch 196] train_loss=-3.30750969 | score=0.93544802 | val_nll=-3.42119584 | val_acc=0.95402445 | val_dt_mae=1.76721330 | val_qty_mae=0.90430240 | train_log_qty_aux=nan | val_log_qty_aux=nan
[Epoch 197] train_loss=-3.30799307 | score=0.93762540 | val_nll=-3.42301338 | val_acc=0.95618010 | val_dt_mae=1.76721330 | val_qty_mae=0.88257143 | train_log_qty_aux=nan | val_log_qty_aux=nan
[Epoch 198] train_loss=-3.30795700 | score=0.93689718 | val_nll=-3.42146485 | val_acc=0.95542678 | val_dt_mae=1.76721330 | val_qty_mae=0.85747073 | train_log_qty_aux=nan | val_log_qty_aux=nan
[Epoch 199] train_loss=-3.30785130 | score=0.93638087 | val_nll=-3.41787189 | val_acc=0.95495161 | val_dt_mae=1.76721330 | val_qty_mae=0.89861065 | train_log_qty_aux=nan | val_log_qty_aux=nan
[Epoch 200] train_loss=-3.30827301 | score=0.93861992 | val_nll=-3.42826025 | val_acc=0.95719998 | val_dt_mae=1.76721330 | val_qty_mae=0.90792774 | train_log_qty_aux=nan | val_log_qty_aux=nan
[Epoch 201] train_loss=-3.30918253 | score=0.93957696 | val_nll=-3.42857709 | val_acc=0.95810396 | val_dt_mae=1.76721330 | val_qty_mae=0.85486006 | train_log_qty_aux=nan | val_log_qty_aux=nan
[Epoch 202] train_loss=-3.30921720 | score=0.93809649 | val_nll=-3.42533951 | val_acc=0.95667845 | val_dt_mae=1.76721330 | val_qty_mae=0.90982941 | train_log_qty_aux=nan | val_log_qty_aux=nan
[Epoch 203] train_loss=-3.30884902 | score=0.93372374 | val_nll=-3.41715491 | val_acc=0.95229762 | val_dt_mae=1.76721330 | val_qty_mae=0.90174937 | train_log_qty_aux=nan | val_log_qty_aux=nan
[Epoch 204] train_loss=-3.30881505 | score=0.93794729 | val_nll=-3.42216116 | val_acc=0.95645825 | val_dt_mae=1.76721330 | val_qty_mae=0.83882332 | train_log_qty_aux=nan | val_log_qty_aux=nan
[Epoch 205] train_loss=-3.30864446 | score=0.93844384 | val_nll=-3.42340833 | val_acc=0.95697978 | val_dt_mae=1.76721330 | val_qty_mae=0.86380050 | train_log_qty_aux=nan | val_log_qty_aux=nan
[Epoch 206] train_loss=-3.30893406 | score=0.93904364 | val_nll=-3.42192298 | val_acc=0.95759402 | val_dt_mae=1.76721330 | val_qty_mae=0.87824364 | train_log_qty_aux=nan | val_log_qty_aux=nan
[Epoch 207] train_loss=-3.30875157 | score=0.93773578 | val_nll=-3.42426781 | val_acc=0.95626123 | val_dt_mae=1.76721330 | val_qty_mae=0.85331610 | train_log_qty_aux=nan | val_log_qty_aux=nan
[Epoch 208] train_loss=-3.30927097 | score=0.93501749 | val_nll=-3.41960878 | val_acc=0.95363041 | val_dt_mae=1.76721330 | val_qty_mae=0.94079210 | train_log_qty_aux=nan | val_log_qty_aux=nan
[Epoch 209] train_loss=-3.30967980 | score=0.93959493 | val_nll=-3.42641949 | val_acc=0.95806919 | val_dt_mae=1.76721330 | val_qty_mae=0.80212305 | train_log_qty_aux=nan | val_log_qty_aux=nan
[Epoch 210] train_loss=-3.30997521 | score=0.93493218 | val_nll=-3.41950622 | val_acc=0.95353769 | val_dt_mae=1.76721330 | val_qty_mae=0.93337917 | train_log_qty_aux=nan | val_log_qty_aux=nan
[Epoch 211] train_loss=-3.30949986 | score=0.93696492 | val_nll=-3.42340747 | val_acc=0.95553109 | val_dt_mae=1.76721330 | val_qty_mae=0.89404035 | train_log_qty_aux=nan | val_log_qty_aux=nan
[Epoch 212] train_loss=-3.30983191 | score=0.93584950 | val_nll=-3.42008436 | val_acc=0.95440691 | val_dt_mae=1.76721330 | val_qty_mae=0.88527895 | train_log_qty_aux=nan | val_log_qty_aux=nan
[Epoch 213] train_loss=-3.30940315 | score=0.93790096 | val_nll=-3.42498196 | val_acc=0.95644666 | val_dt_mae=1.76721330 | val_qty_mae=0.87356199 | train_log_qty_aux=nan | val_log_qty_aux=nan
[Epoch 214] train_loss=-3.31045555 | score=0.94078312 | val_nll=-3.42976702 | val_acc=0.95927450 | val_dt_mae=1.76721330 | val_qty_mae=0.81924584 | train_log_qty_aux=nan | val_log_qty_aux=nan
[Epoch 215] train_loss=-3.31086104 | score=0.93734966 | val_nll=-3.42405642 | val_acc=0.95593672 | val_dt_mae=1.76721330 | val_qty_mae=0.91492420 | train_log_qty_aux=nan | val_log_qty_aux=nan
[Epoch 216] train_loss=-3.31010697 | score=0.93717631 | val_nll=-3.42494960 | val_acc=0.95582083 | val_dt_mae=1.76721330 | val_qty_mae=0.97238428 | train_log_qty_aux=nan | val_log_qty_aux=nan
[Epoch 217] train_loss=-3.31036425 | score=0.93926217 | val_nll=-3.42825645 | val_acc=0.95784899 | val_dt_mae=1.76721330 | val_qty_mae=0.91468314 | train_log_qty_aux=nan | val_log_qty_aux=nan
[Epoch 218] train_loss=-3.31047347 | score=0.93317336 | val_nll=-3.41853719 | val_acc=0.95174132 | val_dt_mae=1.76721330 | val_qty_mae=0.89583082 | train_log_qty_aux=nan | val_log_qty_aux=nan
[Epoch 219] train_loss=-3.31136128 | score=0.93217671 | val_nll=-3.41786693 | val_acc=0.95070986 | val_dt_mae=1.76721330 | val_qty_mae=0.86101463 | train_log_qty_aux=nan | val_log_qty_aux=nan
[Epoch 220] train_loss=-3.31104009 | score=0.93697632 | val_nll=-3.42190316 | val_acc=0.95548473 | val_dt_mae=1.76721330 | val_qty_mae=0.83627620 | train_log_qty_aux=nan | val_log_qty_aux=nan
[Epoch 221] train_loss=-3.31014076 | score=0.93937044 | val_nll=-3.42661757 | val_acc=0.95793012 | val_dt_mae=1.76721330 | val_qty_mae=0.88754102 | train_log_qty_aux=nan | val_log_qty_aux=nan
[Epoch 222] train_loss=-3.31089801 | score=0.93702511 | val_nll=-3.42269055 | val_acc=0.95561222 | val_dt_mae=1.76721330 | val_qty_mae=0.91497305 | train_log_qty_aux=nan | val_log_qty_aux=nan
[Epoch 223] train_loss=-3.31100846 | score=0.93948420 | val_nll=-3.43080211 | val_acc=0.95802283 | val_dt_mae=1.76721330 | val_qty_mae=0.86649391 | train_log_qty_aux=nan | val_log_qty_aux=nan
[Epoch 224] train_loss=-3.31101174 | score=0.93721136 | val_nll=-3.42491936 | val_acc=0.95578606 | val_dt_mae=1.76721330 | val_qty_mae=0.90256182 | train_log_qty_aux=nan | val_log_qty_aux=nan
[Epoch 225] train_loss=-3.31106282 | score=0.93784561 | val_nll=-3.42373075 | val_acc=0.95635394 | val_dt_mae=1.76721330 | val_qty_mae=0.83620390 | train_log_qty_aux=nan | val_log_qty_aux=nan
[Epoch 226] train_loss=-3.31163398 | score=0.93696446 | val_nll=-3.42388946 | val_acc=0.95555427 | val_dt_mae=1.76721330 | val_qty_mae=0.91767960 | train_log_qty_aux=nan | val_log_qty_aux=nan
[Epoch 227] train_loss=-3.31159962 | score=0.93417598 | val_nll=-3.42153596 | val_acc=0.95276120 | val_dt_mae=1.76721330 | val_qty_mae=0.91308594 | train_log_qty_aux=nan | val_log_qty_aux=nan
[Epoch 228] train_loss=-3.31059761 | score=0.93922295 | val_nll=-3.42561285 | val_acc=0.95773309 | val_dt_mae=1.76721330 | val_qty_mae=0.83800645 | train_log_qty_aux=nan | val_log_qty_aux=nan
[Epoch 229] train_loss=-3.31206307 | score=0.93804696 | val_nll=-3.42283208 | val_acc=0.95656255 | val_dt_mae=1.76721330 | val_qty_mae=0.84345773 | train_log_qty_aux=nan | val_log_qty_aux=nan
[Epoch 230] train_loss=-3.31179890 | score=0.93212285 | val_nll=-3.41655014 | val_acc=0.95073304 | val_dt_mae=1.76721330 | val_qty_mae=0.93805365 | train_log_qty_aux=nan | val_log_qty_aux=nan
[Epoch 231] train_loss=-3.31252729 | score=0.93448998 | val_nll=-3.41981008 | val_acc=0.95305094 | val_dt_mae=1.76721330 | val_qty_mae=0.88881932 | train_log_qty_aux=nan | val_log_qty_aux=nan
[Epoch 232] train_loss=-3.31246230 | score=0.93825985 | val_nll=-3.42487900 | val_acc=0.95680593 | val_dt_mae=1.76721330 | val_qty_mae=0.87395057 | train_log_qty_aux=nan | val_log_qty_aux=nan
[Epoch 233] train_loss=-3.31195131 | score=0.93743589 | val_nll=-3.42557673 | val_acc=0.95605262 | val_dt_mae=1.76721330 | val_qty_mae=0.94458929 | train_log_qty_aux=nan | val_log_qty_aux=nan
[Epoch 234] train_loss=-3.31278114 | score=0.93778754 | val_nll=-3.42722216 | val_acc=0.95636553 | val_dt_mae=1.76721330 | val_qty_mae=0.90586399 | train_log_qty_aux=nan | val_log_qty_aux=nan
[Epoch 235] train_loss=-3.31277727 | score=0.93101049 | val_nll=-3.41240642 | val_acc=0.94963203 | val_dt_mae=1.76721330 | val_qty_mae=0.94940966 | train_log_qty_aux=nan | val_log_qty_aux=nan
[Epoch 236] train_loss=-3.31266571 | score=0.93838260 | val_nll=-3.42507193 | val_acc=0.95688706 | val_dt_mae=1.76721330 | val_qty_mae=0.83233221 | train_log_qty_aux=nan | val_log_qty_aux=nan
[Epoch 237] train_loss=-3.31301834 | score=0.93317600 | val_nll=-3.41933086 | val_acc=0.95182245 | val_dt_mae=1.76721330 | val_qty_mae=0.97432022 | train_log_qty_aux=nan | val_log_qty_aux=nan
[Epoch 238] train_loss=-3.31337083 | score=0.93445944 | val_nll=-3.42046812 | val_acc=0.95303935 | val_dt_mae=1.76721330 | val_qty_mae=0.90777288 | train_log_qty_aux=nan | val_log_qty_aux=nan
[Epoch 239] train_loss=-3.31276806 | score=0.93520531 | val_nll=-3.42328041 | val_acc=0.95381584 | val_dt_mae=1.76721330 | val_qty_mae=0.93840139 | train_log_qty_aux=nan | val_log_qty_aux=nan
[Epoch 240] train_loss=-3.31268276 | score=0.93683414 | val_nll=-3.42598920 | val_acc=0.95543837 | val_dt_mae=1.76721330 | val_qty_mae=0.93210398 | train_log_qty_aux=nan | val_log_qty_aux=nan
[Epoch 241] train_loss=-3.31310589 | score=0.93495781 | val_nll=-3.42362751 | val_acc=0.95349134 | val_dt_mae=1.76721330 | val_qty_mae=0.86139371 | train_log_qty_aux=nan | val_log_qty_aux=nan
[Epoch 242] train_loss=-3.31347347 | score=0.93551049 | val_nll=-3.42309936 | val_acc=0.95405922 | val_dt_mae=1.76721330 | val_qty_mae=0.87660018 | train_log_qty_aux=nan | val_log_qty_aux=nan
[Epoch 243] train_loss=-3.31369818 | score=0.93726185 | val_nll=-3.42706338 | val_acc=0.95586718 | val_dt_mae=1.76721330 | val_qty_mae=0.93320282 | train_log_qty_aux=nan | val_log_qty_aux=nan
[Epoch 244] train_loss=-3.31402381 | score=0.93492169 | val_nll=-3.42162940 | val_acc=0.95349134 | val_dt_mae=1.76721330 | val_qty_mae=0.89751118 | train_log_qty_aux=nan | val_log_qty_aux=nan
[Epoch 245] train_loss=-3.31350828 | score=0.93886194 | val_nll=-3.43051135 | val_acc=0.95738541 | val_dt_mae=1.76721330 | val_qty_mae=0.85133573 | train_log_qty_aux=nan | val_log_qty_aux=nan
[Epoch 246] train_loss=-3.31468207 | score=0.93628920 | val_nll=-3.42724134 | val_acc=0.95487049 | val_dt_mae=1.76721330 | val_qty_mae=0.90915827 | train_log_qty_aux=nan | val_log_qty_aux=nan
[Epoch 247] train_loss=-3.31436518 | score=0.94049339 | val_nll=-3.42981525 | val_acc=0.95899635 | val_dt_mae=1.76721330 | val_qty_mae=0.83082161 | train_log_qty_aux=nan | val_log_qty_aux=nan
[Epoch 248] train_loss=-3.31367817 | score=0.93635172 | val_nll=-3.42336810 | val_acc=0.95492843 | val_dt_mae=1.76721330 | val_qty_mae=0.90458271 | train_log_qty_aux=nan | val_log_qty_aux=nan
[Epoch 249] train_loss=-3.31409463 | score=0.93805694 | val_nll=-3.43001197 | val_acc=0.95664368 | val_dt_mae=1.76721330 | val_qty_mae=0.91460530 | train_log_qty_aux=nan | val_log_qty_aux=nan
[Epoch 250] train_loss=-3.31475491 | score=0.93776419 | val_nll=-3.42889375 | val_acc=0.95628441 | val_dt_mae=1.76721330 | val_qty_mae=0.84808080 | train_log_qty_aux=nan | val_log_qty_aux=nan
[Epoch 251] train_loss=-3.31484245 | score=0.93701271 | val_nll=-3.42293397 | val_acc=0.95557745 | val_dt_mae=1.76721330 | val_qty_mae=0.89260494 | train_log_qty_aux=nan | val_log_qty_aux=nan
[Epoch 252] train_loss=-3.31493699 | score=0.93459640 | val_nll=-3.42306529 | val_acc=0.95317842 | val_dt_mae=1.76721330 | val_qty_mae=0.90988667 | train_log_qty_aux=nan | val_log_qty_aux=nan
[Epoch 253] train_loss=-3.31452045 | score=0.93688415 | val_nll=-3.42939404 | val_acc=0.95550791 | val_dt_mae=1.76721330 | val_qty_mae=0.95163177 | train_log_qty_aux=nan | val_log_qty_aux=nan
[Epoch 254] train_loss=-3.31483444 | score=0.93606078 | val_nll=-3.42717857 | val_acc=0.95463870 | val_dt_mae=1.76721330 | val_qty_mae=0.90577996 | train_log_qty_aux=nan | val_log_qty_aux=nan
[Epoch 255] train_loss=-3.31517293 | score=0.93492650 | val_nll=-3.42116362 | val_acc=0.95350293 | val_dt_mae=1.76721330 | val_qty_mae=0.90429444 | train_log_qty_aux=nan | val_log_qty_aux=nan
[Epoch 256] train_loss=-3.31605241 | score=0.93737990 | val_nll=-3.42488920 | val_acc=0.95593672 | val_dt_mae=1.76721330 | val_qty_mae=0.88469165 | train_log_qty_aux=nan | val_log_qty_aux=nan
[Epoch 257] train_loss=-3.31515363 | score=0.93895706 | val_nll=-3.43010807 | val_acc=0.95748971 | val_dt_mae=1.76721330 | val_qty_mae=0.86051904 | train_log_qty_aux=nan | val_log_qty_aux=nan
[Epoch 258] train_loss=-3.31491423 | score=0.93554541 | val_nll=-3.42234960 | val_acc=0.95414035 | val_dt_mae=1.76721330 | val_qty_mae=0.92280192 | train_log_qty_aux=nan | val_log_qty_aux=nan
[Epoch 259] train_loss=-3.31510852 | score=0.93949072 | val_nll=-3.43267128 | val_acc=0.95805760 | val_dt_mae=1.76721330 | val_qty_mae=0.89474648 | train_log_qty_aux=nan | val_log_qty_aux=nan
[Epoch 260] train_loss=-3.31518109 | score=0.93694845 | val_nll=-3.42727290 | val_acc=0.95549632 | val_dt_mae=1.76721330 | val_qty_mae=0.87573856 | train_log_qty_aux=nan | val_log_qty_aux=nan
[Epoch 261] train_loss=-3.31582448 | score=0.93863218 | val_nll=-3.42703256 | val_acc=0.95719998 | val_dt_mae=1.76721330 | val_qty_mae=0.89566635 | train_log_qty_aux=nan | val_log_qty_aux=nan
[Epoch 262] train_loss=-3.31536416 | score=0.93323770 | val_nll=-3.42069081 | val_acc=0.95188040 | val_dt_mae=1.76721330 | val_qty_mae=0.97056809 | train_log_qty_aux=nan | val_log_qty_aux=nan
[Epoch 263] train_loss=-3.31564145 | score=0.93519345 | val_nll=-3.42004309 | val_acc=0.95378107 | val_dt_mae=1.76721330 | val_qty_mae=0.91548771 | train_log_qty_aux=nan | val_log_qty_aux=nan
[Epoch 264] train_loss=-3.31528081 | score=0.93848294 | val_nll=-3.42777644 | val_acc=0.95699137 | val_dt_mae=1.76721330 | val_qty_mae=0.83629578 | train_log_qty_aux=nan | val_log_qty_aux=nan
[Epoch 265] train_loss=-3.31543637 | score=0.93970569 | val_nll=-3.43210356 | val_acc=0.95821985 | val_dt_mae=1.76721330 | val_qty_mae=0.84203461 | train_log_qty_aux=nan | val_log_qty_aux=nan
[Epoch 266] train_loss=-3.31537000 | score=0.93740921 | val_nll=-3.42654284 | val_acc=0.95597149 | val_dt_mae=1.76721330 | val_qty_mae=0.89014979 | train_log_qty_aux=nan | val_log_qty_aux=nan
[Epoch 267] train_loss=-3.31520149 | score=0.93643005 | val_nll=-3.42389089 | val_acc=0.95495161 | val_dt_mae=1.76721330 | val_qty_mae=0.84943378 | train_log_qty_aux=nan | val_log_qty_aux=nan
[Epoch 268] train_loss=-3.31500522 | score=0.93848734 | val_nll=-3.43070195 | val_acc=0.95706090 | val_dt_mae=1.76721330 | val_qty_mae=0.90142524 | train_log_qty_aux=nan | val_log_qty_aux=nan
[Epoch 269] train_loss=-3.31508675 | score=0.93817350 | val_nll=-3.42688046 | val_acc=0.95673640 | val_dt_mae=1.76721330 | val_qty_mae=0.89076296 | train_log_qty_aux=nan | val_log_qty_aux=nan
[Epoch 270] train_loss=-3.31527923 | score=0.93663528 | val_nll=-3.42551559 | val_acc=0.95522976 | val_dt_mae=1.76721330 | val_qty_mae=0.92234581 | train_log_qty_aux=nan | val_log_qty_aux=nan
[Epoch 271] train_loss=-3.31487493 | score=0.93922583 | val_nll=-3.43074373 | val_acc=0.95775627 | val_dt_mae=1.76721330 | val_qty_mae=0.85830812 | train_log_qty_aux=nan | val_log_qty_aux=nan
[Epoch 272] train_loss=-3.31550145 | score=0.93927656 | val_nll=-3.42892018 | val_acc=0.95780263 | val_dt_mae=1.76721330 | val_qty_mae=0.85393551 | train_log_qty_aux=nan | val_log_qty_aux=nan
[Epoch 273] train_loss=-3.31517058 | score=0.93407274 | val_nll=-3.42178094 | val_acc=0.95270325 | val_dt_mae=1.76721330 | val_qty_mae=0.95838206 | train_log_qty_aux=nan | val_log_qty_aux=nan
[Epoch 274] train_loss=-3.31557683 | score=0.93903996 | val_nll=-3.43126563 | val_acc=0.95758243 | val_dt_mae=1.76721330 | val_qty_mae=0.87033414 | train_log_qty_aux=nan | val_log_qty_aux=nan
[Epoch 275] train_loss=-3.31624722 | score=0.93879030 | val_nll=-3.42968949 | val_acc=0.95735064 | val_dt_mae=1.76721330 | val_qty_mae=0.88820681 | train_log_qty_aux=nan | val_log_qty_aux=nan
[Epoch 276] train_loss=-3.31543291 | score=0.93763150 | val_nll=-3.42196954 | val_acc=0.95616851 | val_dt_mae=1.76721330 | val_qty_mae=0.86487940 | train_log_qty_aux=nan | val_log_qty_aux=nan
[Epoch 277] train_loss=-3.31611562 | score=0.93251232 | val_nll=-3.41734273 | val_acc=0.95104595 | val_dt_mae=1.76721330 | val_qty_mae=0.86150158 | train_log_qty_aux=nan | val_log_qty_aux=nan
[Epoch 278] train_loss=-3.31590844 | score=0.93647840 | val_nll=-3.42674107 | val_acc=0.95503274 | val_dt_mae=1.76721330 | val_qty_mae=0.88221156 | train_log_qty_aux=nan | val_log_qty_aux=nan
[Epoch 279] train_loss=-3.31604653 | score=0.93716165 | val_nll=-3.42105676 | val_acc=0.95571652 | val_dt_mae=1.76721330 | val_qty_mae=0.88273294 | train_log_qty_aux=nan | val_log_qty_aux=nan
[Epoch 280] train_loss=-3.31562111 | score=0.93773936 | val_nll=-3.42921814 | val_acc=0.95635394 | val_dt_mae=1.76721330 | val_qty_mae=0.94244613 | train_log_qty_aux=nan | val_log_qty_aux=nan
[Epoch 281] train_loss=-3.31591005 | score=0.93316993 | val_nll=-3.41997638 | val_acc=0.95175291 | val_dt_mae=1.76721330 | val_qty_mae=0.91084781 | train_log_qty_aux=nan | val_log_qty_aux=nan
[Epoch 282] train_loss=-3.31568403 | score=0.93456261 | val_nll=-3.42194856 | val_acc=0.95319001 | val_dt_mae=1.76721330 | val_qty_mae=0.95526285 | train_log_qty_aux=nan | val_log_qty_aux=nan
[Epoch 283] train_loss=-3.31569380 | score=0.93892646 | val_nll=-3.42989741 | val_acc=0.95753607 | val_dt_mae=1.76721330 | val_qty_mae=0.93747851 | train_log_qty_aux=nan | val_log_qty_aux=nan
[Epoch 284] train_loss=-3.31562191 | score=0.93547416 | val_nll=-3.42512475 | val_acc=0.95410558 | val_dt_mae=1.76721330 | val_qty_mae=0.95928346 | train_log_qty_aux=nan | val_log_qty_aux=nan
[Epoch 285] train_loss=-3.31619819 | score=0.93807374 | val_nll=-3.42742535 | val_acc=0.95657414 | val_dt_mae=1.76721330 | val_qty_mae=0.82827419 | train_log_qty_aux=nan | val_log_qty_aux=nan
[Epoch 286] train_loss=-3.31519839 | score=0.93857305 | val_nll=-3.42892701 | val_acc=0.95713044 | val_dt_mae=1.76721330 | val_qty_mae=0.88525277 | train_log_qty_aux=nan | val_log_qty_aux=nan
[Epoch 287] train_loss=-3.31567242 | score=0.93631901 | val_nll=-3.42173244 | val_acc=0.95478936 | val_dt_mae=1.76721330 | val_qty_mae=0.79821636 | train_log_qty_aux=nan | val_log_qty_aux=nan
[Epoch 288] train_loss=-3.31624847 | score=0.93832225 | val_nll=-3.42812790 | val_acc=0.95685229 | val_dt_mae=1.76721330 | val_qty_mae=0.85790528 | train_log_qty_aux=nan | val_log_qty_aux=nan
[Epoch 289] train_loss=-3.31617249 | score=0.93813313 | val_nll=-3.42928561 | val_acc=0.95667845 | val_dt_mae=1.76721330 | val_qty_mae=0.87319052 | train_log_qty_aux=nan | val_log_qty_aux=nan
[Epoch 290] train_loss=-3.31614323 | score=0.93770719 | val_nll=-3.42991945 | val_acc=0.95630759 | val_dt_mae=1.76721330 | val_qty_mae=0.92826485 | train_log_qty_aux=nan | val_log_qty_aux=nan
[Epoch 291] train_loss=-3.31568112 | score=0.93863118 | val_nll=-3.43011551 | val_acc=0.95717680 | val_dt_mae=1.76721330 | val_qty_mae=0.87348151 | train_log_qty_aux=nan | val_log_qty_aux=nan
[Epoch 292] train_loss=-3.31608978 | score=0.93626798 | val_nll=-3.42470214 | val_acc=0.95490526 | val_dt_mae=1.76721330 | val_qty_mae=0.96514587 | train_log_qty_aux=nan | val_log_qty_aux=nan
[Epoch 293] train_loss=-3.31548357 | score=0.93455922 | val_nll=-3.42357773 | val_acc=0.95319001 | val_dt_mae=1.76721330 | val_qty_mae=0.95865803 | train_log_qty_aux=nan | val_log_qty_aux=nan
[Epoch 294] train_loss=-3.31545211 | score=0.94005239 | val_nll=-3.43407681 | val_acc=0.95853277 | val_dt_mae=1.76721330 | val_qty_mae=0.80824285 | train_log_qty_aux=nan | val_log_qty_aux=nan
[Epoch 295] train_loss=-3.31579349 | score=0.93863857 | val_nll=-3.43074668 | val_acc=0.95715362 | val_dt_mae=1.76721330 | val_qty_mae=0.84291517 | train_log_qty_aux=nan | val_log_qty_aux=nan
[Epoch 296] train_loss=-3.31634475 | score=0.93690704 | val_nll=-3.42583644 | val_acc=0.95550791 | val_dt_mae=1.76721330 | val_qty_mae=0.92873830 | train_log_qty_aux=nan | val_log_qty_aux=nan
[Epoch 297] train_loss=-3.31599848 | score=0.93354989 | val_nll=-3.41394236 | val_acc=0.95215854 | val_dt_mae=1.76721330 | val_qty_mae=0.93652448 | train_log_qty_aux=nan | val_log_qty_aux=nan
[Epoch 298] train_loss=-3.31627702 | score=0.93542829 | val_nll=-3.42041077 | val_acc=0.95408240 | val_dt_mae=1.76721330 | val_qty_mae=0.98197547 | train_log_qty_aux=nan | val_log_qty_aux=nan
[Epoch 299] train_loss=-3.31529170 | score=0.93727383 | val_nll=-3.42400705 | val_acc=0.95583242 | val_dt_mae=1.76721330 | val_qty_mae=0.88645686 | train_log_qty_aux=nan | val_log_qty_aux=nan
[Epoch 300] train_loss=-3.31607764 | score=0.93558867 | val_nll=-3.42209333 | val_acc=0.95417512 | val_dt_mae=1.76721330 | val_qty_mae=0.91431032 | train_log_qty_aux=nan | val_log_qty_aux=nan
[2026-08-11 05:06:40,142] [INFO] Finished run | dataset=intermittent model=thp candidate=small seed=52 best_val_nll=-3.434077 epoch=294
[2026-08-11 05:06:40,175] [INFO] Run 5/6 | dataset=intermittent model=rmtpp candidate=rmtpp_gru_h64 base=2.0 seed=62
[2026-08-11 05:06:40,599] [INFO] Using fixed chronological splits | dataset=intermittent train_samples=393824 validation_samples=86285 test_samples=88019 | batch_size=128 max_seq_len=96 lookback=520
[2026-08-11 05:06:40,600] [INFO] Held-out test evaluation disabled | evaluation_scope=validation_only
[Epoch 001] train_loss=2.08234630 | score=0.94997857 | val_nll=1.22670271 | val_acc=0.95543837 | val_dt_mae=0.45717284 | val_qty_mae=0.88807502 | train_log_qty_aux=nan | val_log_qty_aux=nan
[Epoch 002] train_loss=0.95756598 | score=0.95484357 | val_nll=0.45791756 | val_acc=0.96002781 | val_dt_mae=0.42495556 | val_qty_mae=0.93468826 | train_log_qty_aux=nan | val_log_qty_aux=nan
[Epoch 003] train_loss=0.39838334 | score=0.94830537 | val_nll=0.28885707 | val_acc=0.95936721 | val_dt_mae=1.00944098 | val_qty_mae=0.96743039 | train_log_qty_aux=nan | val_log_qty_aux=nan
[Epoch 004] train_loss=0.11035908 | score=0.94623776 | val_nll=-0.03076179 | val_acc=0.95951788 | val_dt_mae=1.24173852 | val_qty_mae=0.86272957 | train_log_qty_aux=nan | val_log_qty_aux=nan
[Epoch 005] train_loss=-0.44478613 | score=0.94276787 | val_nll=-0.87753017 | val_acc=0.96001623 | val_dt_mae=1.63755998 | val_qty_mae=0.87275913 | train_log_qty_aux=nan | val_log_qty_aux=nan
[Epoch 006] train_loss=-0.92065788 | score=0.94104797 | val_nll=-1.19523543 | val_acc=0.95965695 | val_dt_mae=1.76721330 | val_qty_mae=0.93684281 | train_log_qty_aux=nan | val_log_qty_aux=nan
[Epoch 007] train_loss=-1.14584024 | score=0.94199395 | val_nll=-1.38314767 | val_acc=0.96046822 | val_dt_mae=1.76721330 | val_qty_mae=0.80212929 | train_log_qty_aux=nan | val_log_qty_aux=nan
[Epoch 008] train_loss=-1.32863181 | score=0.94294917 | val_nll=-1.55472763 | val_acc=0.96144173 | val_dt_mae=1.76721330 | val_qty_mae=0.82042855 | train_log_qty_aux=nan | val_log_qty_aux=nan
[Epoch 009] train_loss=-1.48246130 | score=0.94147517 | val_nll=-1.69064021 | val_acc=0.95992351 | val_dt_mae=1.76721330 | val_qty_mae=0.77620212 | train_log_qty_aux=nan | val_log_qty_aux=nan
[Epoch 010] train_loss=-1.61488557 | score=0.94330351 | val_nll=-1.81476893 | val_acc=0.96176624 | val_dt_mae=1.76721330 | val_qty_mae=0.79059258 | train_log_qty_aux=nan | val_log_qty_aux=nan
[Epoch 011] train_loss=-1.72743978 | score=0.94245227 | val_nll=-1.91790675 | val_acc=0.96089703 | val_dt_mae=1.76721330 | val_qty_mae=0.77262465 | train_log_qty_aux=nan | val_log_qty_aux=nan
[Epoch 012] train_loss=-1.82825432 | score=0.94290900 | val_nll=-2.01191231 | val_acc=0.96134902 | val_dt_mae=1.76721330 | val_qty_mae=0.76788491 | train_log_qty_aux=nan | val_log_qty_aux=nan
[Epoch 013] train_loss=-1.91819605 | score=0.94166470 | val_nll=-2.09731891 | val_acc=0.96021325 | val_dt_mae=1.76721330 | val_qty_mae=0.87641049 | train_log_qty_aux=nan | val_log_qty_aux=nan
[Epoch 014] train_loss=-1.99828311 | score=0.94421111 | val_nll=-2.17503268 | val_acc=0.96262386 | val_dt_mae=1.76721330 | val_qty_mae=0.74062169 | train_log_qty_aux=nan | val_log_qty_aux=nan
[Epoch 015] train_loss=-2.07035863 | score=0.94352525 | val_nll=-2.24100915 | val_acc=0.96197485 | val_dt_mae=1.76721330 | val_qty_mae=0.77747050 | train_log_qty_aux=nan | val_log_qty_aux=nan
[Epoch 016] train_loss=-2.13626652 | score=0.94187666 | val_nll=-2.30104926 | val_acc=0.96031755 | val_dt_mae=1.76721330 | val_qty_mae=0.76876088 | train_log_qty_aux=nan | val_log_qty_aux=nan
[Epoch 017] train_loss=-2.19624383 | score=0.94285048 | val_nll=-2.35969748 | val_acc=0.96138379 | val_dt_mae=1.76721330 | val_qty_mae=0.86117068 | train_log_qty_aux=nan | val_log_qty_aux=nan
[Epoch 018] train_loss=-2.25224080 | score=0.94412845 | val_nll=-2.41395673 | val_acc=0.96260068 | val_dt_mae=1.76721330 | val_qty_mae=0.80009788 | train_log_qty_aux=nan | val_log_qty_aux=nan
[Epoch 019] train_loss=-2.30368951 | score=0.94216061 | val_nll=-2.45785493 | val_acc=0.96061888 | val_dt_mae=1.76721330 | val_qty_mae=0.78613789 | train_log_qty_aux=nan | val_log_qty_aux=nan
[Epoch 020] train_loss=-2.35069834 | score=0.94308549 | val_nll=-2.50488526 | val_acc=0.96151127 | val_dt_mae=1.76721330 | val_qty_mae=0.75365069 | train_log_qty_aux=nan | val_log_qty_aux=nan
[Epoch 021] train_loss=-2.39466839 | score=0.94386570 | val_nll=-2.54967118 | val_acc=0.96225300 | val_dt_mae=1.76721330 | val_qty_mae=0.71516728 | train_log_qty_aux=nan | val_log_qty_aux=nan
[Epoch 022] train_loss=-2.43704072 | score=0.94323216 | val_nll=-2.58879556 | val_acc=0.96161558 | val_dt_mae=1.76721330 | val_qty_mae=0.71127889 | train_log_qty_aux=nan | val_log_qty_aux=nan
[Epoch 023] train_loss=-2.47547567 | score=0.94247084 | val_nll=-2.62422742 | val_acc=0.96088544 | val_dt_mae=1.76721330 | val_qty_mae=0.74246747 | train_log_qty_aux=nan | val_log_qty_aux=nan
[Epoch 024] train_loss=-2.51117764 | score=0.94337328 | val_nll=-2.65792659 | val_acc=0.96189372 | val_dt_mae=1.76721330 | val_qty_mae=0.84831156 | train_log_qty_aux=nan | val_log_qty_aux=nan
[Epoch 025] train_loss=-2.54589010 | score=0.94405978 | val_nll=-2.69059955 | val_acc=0.96249638 | val_dt_mae=1.76721330 | val_qty_mae=0.76446497 | train_log_qty_aux=nan | val_log_qty_aux=nan
[Epoch 026] train_loss=-2.57714536 | score=0.94297965 | val_nll=-2.72280264 | val_acc=0.96145332 | val_dt_mae=1.76721330 | val_qty_mae=0.80154255 | train_log_qty_aux=nan | val_log_qty_aux=nan
[Epoch 027] train_loss=-2.60747889 | score=0.94184756 | val_nll=-2.74671478 | val_acc=0.96027119 | val_dt_mae=1.76721330 | val_qty_mae=0.75150354 | train_log_qty_aux=nan | val_log_qty_aux=nan
[Epoch 028] train_loss=-2.63601908 | score=0.94369369 | val_nll=-2.77896885 | val_acc=0.96207916 | val_dt_mae=1.76721330 | val_qty_mae=0.71333742 | train_log_qty_aux=nan | val_log_qty_aux=nan
[Epoch 029] train_loss=-2.66292857 | score=0.94397771 | val_nll=-2.80541828 | val_acc=0.96241525 | val_dt_mae=1.76721330 | val_qty_mae=0.76540683 | train_log_qty_aux=nan | val_log_qty_aux=nan
[Epoch 030] train_loss=-2.68882306 | score=0.94399347 | val_nll=-2.82982438 | val_acc=0.96243843 | val_dt_mae=1.76721330 | val_qty_mae=0.77282725 | train_log_qty_aux=nan | val_log_qty_aux=nan
[Epoch 031] train_loss=-2.71290528 | score=0.94348199 | val_nll=-2.85008676 | val_acc=0.96191690 | val_dt_mae=1.76721330 | val_qty_mae=0.76278345 | train_log_qty_aux=nan | val_log_qty_aux=nan
[Epoch 032] train_loss=-2.73600854 | score=0.94278436 | val_nll=-2.87270557 | val_acc=0.96119835 | val_dt_mae=1.76721330 | val_qty_mae=0.74185835 | train_log_qty_aux=nan | val_log_qty_aux=nan
[Epoch 033] train_loss=-2.75803472 | score=0.94320436 | val_nll=-2.89516929 | val_acc=0.96166193 | val_dt_mae=1.76721330 | val_qty_mae=0.78544160 | train_log_qty_aux=nan | val_log_qty_aux=nan
[Epoch 034] train_loss=-2.77815457 | score=0.94396013 | val_nll=-2.91483047 | val_acc=0.96245002 | val_dt_mae=1.76721330 | val_qty_mae=0.81775718 | train_log_qty_aux=nan | val_log_qty_aux=nan
[Epoch 035] train_loss=-2.79843874 | score=0.94263282 | val_nll=-2.93338508 | val_acc=0.96102451 | val_dt_mae=1.76721330 | val_qty_mae=0.71955485 | train_log_qty_aux=nan | val_log_qty_aux=nan
[Epoch 036] train_loss=-2.81690215 | score=0.94332843 | val_nll=-2.95218292 | val_acc=0.96173147 | val_dt_mae=1.76721330 | val_qty_mae=0.73090721 | train_log_qty_aux=nan | val_log_qty_aux=nan
[Epoch 037] train_loss=-2.83475887 | score=0.94492930 | val_nll=-2.97200877 | val_acc=0.96336559 | val_dt_mae=1.76721330 | val_qty_mae=0.76415694 | train_log_qty_aux=nan | val_log_qty_aux=nan
[Epoch 038] train_loss=-2.85220374 | score=0.94434458 | val_nll=-2.98867161 | val_acc=0.96275135 | val_dt_mae=1.76721330 | val_qty_mae=0.73463843 | train_log_qty_aux=nan | val_log_qty_aux=nan
[Epoch 039] train_loss=-2.86870200 | score=0.94427617 | val_nll=-3.00384278 | val_acc=0.96269340 | val_dt_mae=1.76721330 | val_qty_mae=0.74510153 | train_log_qty_aux=nan | val_log_qty_aux=nan
[Epoch 040] train_loss=-2.88527577 | score=0.94352359 | val_nll=-3.01899759 | val_acc=0.96192849 | val_dt_mae=1.76721330 | val_qty_mae=0.73276516 | train_log_qty_aux=nan | val_log_qty_aux=nan
[Epoch 041] train_loss=-2.90009403 | score=0.94305145 | val_nll=-3.03212492 | val_acc=0.96149968 | val_dt_mae=1.76721330 | val_qty_mae=0.77609496 | train_log_qty_aux=nan | val_log_qty_aux=nan
[Epoch 042] train_loss=-2.91417058 | score=0.94303685 | val_nll=-3.04589709 | val_acc=0.96146491 | val_dt_mae=1.76721330 | val_qty_mae=0.75593105 | train_log_qty_aux=nan | val_log_qty_aux=nan
[Epoch 043] train_loss=-2.92771387 | score=0.94337704 | val_nll=-3.05949703 | val_acc=0.96180101 | val_dt_mae=1.76721330 | val_qty_mae=0.75183626 | train_log_qty_aux=nan | val_log_qty_aux=nan
[Epoch 044] train_loss=-2.94145271 | score=0.94383543 | val_nll=-3.07303687 | val_acc=0.96224141 | val_dt_mae=1.76721330 | val_qty_mae=0.73384624 | train_log_qty_aux=nan | val_log_qty_aux=nan
[Epoch 045] train_loss=-2.95443335 | score=0.94536300 | val_nll=-3.09031500 | val_acc=0.96377122 | val_dt_mae=1.76721330 | val_qty_mae=0.73608725 | train_log_qty_aux=nan | val_log_qty_aux=nan
[Epoch 046] train_loss=-2.96640936 | score=0.94564892 | val_nll=-3.10181386 | val_acc=0.96403778 | val_dt_mae=1.76721330 | val_qty_mae=0.71673236 | train_log_qty_aux=nan | val_log_qty_aux=nan
[Epoch 047] train_loss=-2.97806518 | score=0.94464650 | val_nll=-3.10961500 | val_acc=0.96307585 | val_dt_mae=1.76721330 | val_qty_mae=0.75721610 | train_log_qty_aux=nan | val_log_qty_aux=nan
[Epoch 048] train_loss=-2.98925351 | score=0.94490873 | val_nll=-3.12216475 | val_acc=0.96336559 | val_dt_mae=1.76721330 | val_qty_mae=0.78472633 | train_log_qty_aux=nan | val_log_qty_aux=nan
[Epoch 049] train_loss=-3.00002098 | score=0.94521085 | val_nll=-3.13104966 | val_acc=0.96360897 | val_dt_mae=1.76721330 | val_qty_mae=0.72598613 | train_log_qty_aux=nan | val_log_qty_aux=nan
[Epoch 050] train_loss=-3.01014053 | score=0.94574119 | val_nll=-3.14386196 | val_acc=0.96413050 | val_dt_mae=1.76721330 | val_qty_mae=0.71717290 | train_log_qty_aux=nan | val_log_qty_aux=nan
[Epoch 051] train_loss=-3.02019641 | score=0.94423913 | val_nll=-3.14842427 | val_acc=0.96272817 | val_dt_mae=1.76721330 | val_qty_mae=0.81690281 | train_log_qty_aux=nan | val_log_qty_aux=nan
[Epoch 052] train_loss=-3.03045570 | score=0.94450528 | val_nll=-3.15649319 | val_acc=0.96294837 | val_dt_mae=1.76721330 | val_qty_mae=0.77095380 | train_log_qty_aux=nan | val_log_qty_aux=nan
[Epoch 053] train_loss=-3.03893875 | score=0.94392973 | val_nll=-3.16691656 | val_acc=0.96232254 | val_dt_mae=1.76721330 | val_qty_mae=0.72067054 | train_log_qty_aux=nan | val_log_qty_aux=nan
[Epoch 054] train_loss=-3.04800516 | score=0.94411887 | val_nll=-3.17654563 | val_acc=0.96250797 | val_dt_mae=1.76721330 | val_qty_mae=0.71696217 | train_log_qty_aux=nan | val_log_qty_aux=nan
[Epoch 055] train_loss=-3.05735796 | score=0.94404319 | val_nll=-3.18532500 | val_acc=0.96243843 | val_dt_mae=1.76721330 | val_qty_mae=0.72310773 | train_log_qty_aux=nan | val_log_qty_aux=nan
[Epoch 056] train_loss=-3.06560201 | score=0.94434330 | val_nll=-3.19297925 | val_acc=0.96276294 | val_dt_mae=1.76721330 | val_qty_mae=0.74750419 | train_log_qty_aux=nan | val_log_qty_aux=nan
[Epoch 057] train_loss=-3.07321018 | score=0.94489746 | val_nll=-3.20264174 | val_acc=0.96331923 | val_dt_mae=1.76721330 | val_qty_mae=0.74964094 | train_log_qty_aux=nan | val_log_qty_aux=nan
[Epoch 058] train_loss=-3.08064619 | score=0.94395273 | val_nll=-3.20651968 | val_acc=0.96239207 | val_dt_mae=1.76721330 | val_qty_mae=0.76720616 | train_log_qty_aux=nan | val_log_qty_aux=nan
[Epoch 059] train_loss=-3.08820615 | score=0.94561908 | val_nll=-3.21641953 | val_acc=0.96406096 | val_dt_mae=1.76721330 | val_qty_mae=0.76974775 | train_log_qty_aux=nan | val_log_qty_aux=nan
[Epoch 060] train_loss=-3.09568712 | score=0.94489837 | val_nll=-3.22226927 | val_acc=0.96327287 | val_dt_mae=1.76721330 | val_qty_mae=0.70237059 | train_log_qty_aux=nan | val_log_qty_aux=nan
[Epoch 061] train_loss=-3.10211106 | score=0.94422812 | val_nll=-3.22623273 | val_acc=0.96264704 | val_dt_mae=1.76721330 | val_qty_mae=0.74679053 | train_log_qty_aux=nan | val_log_qty_aux=nan
[Epoch 062] train_loss=-3.10832562 | score=0.94487707 | val_nll=-3.23470933 | val_acc=0.96327287 | val_dt_mae=1.76721330 | val_qty_mae=0.72367102 | train_log_qty_aux=nan | val_log_qty_aux=nan
[Epoch 063] train_loss=-3.11549350 | score=0.94548777 | val_nll=-3.24394239 | val_acc=0.96392189 | val_dt_mae=1.76721330 | val_qty_mae=0.76198248 | train_log_qty_aux=nan | val_log_qty_aux=nan
[Epoch 064] train_loss=-3.12120897 | score=0.94464553 | val_nll=-3.24658414 | val_acc=0.96304108 | val_dt_mae=1.76721330 | val_qty_mae=0.72342571 | train_log_qty_aux=nan | val_log_qty_aux=nan
[Epoch 065] train_loss=-3.12745172 | score=0.94417400 | val_nll=-3.24945733 | val_acc=0.96262386 | val_dt_mae=1.76721330 | val_qty_mae=0.77772926 | train_log_qty_aux=nan | val_log_qty_aux=nan
[Epoch 066] train_loss=-3.13303011 | score=0.94553220 | val_nll=-3.25981412 | val_acc=0.96391030 | val_dt_mae=1.76721330 | val_qty_mae=0.70596782 | train_log_qty_aux=nan | val_log_qty_aux=nan
[Epoch 067] train_loss=-3.13884869 | score=0.94562726 | val_nll=-3.26440389 | val_acc=0.96404937 | val_dt_mae=1.76721330 | val_qty_mae=0.74997831 | train_log_qty_aux=nan | val_log_qty_aux=nan
[Epoch 068] train_loss=-3.14376626 | score=0.94408401 | val_nll=-3.26735187 | val_acc=0.96256592 | val_dt_mae=1.76721330 | val_qty_mae=0.80976880 | train_log_qty_aux=nan | val_log_qty_aux=nan
[Epoch 069] train_loss=-3.14907783 | score=0.94578884 | val_nll=-3.27358831 | val_acc=0.96422321 | val_dt_mae=1.76721330 | val_qty_mae=0.76223714 | train_log_qty_aux=nan | val_log_qty_aux=nan
[Epoch 070] train_loss=-3.15413212 | score=0.94546072 | val_nll=-3.27898674 | val_acc=0.96388712 | val_dt_mae=1.76721330 | val_qty_mae=0.75426430 | train_log_qty_aux=nan | val_log_qty_aux=nan
[Epoch 071] train_loss=-3.15901972 | score=0.94453546 | val_nll=-3.28134048 | val_acc=0.96304108 | val_dt_mae=1.76721330 | val_qty_mae=0.83349184 | train_log_qty_aux=nan | val_log_qty_aux=nan
[Epoch 072] train_loss=-3.16341629 | score=0.94622884 | val_nll=-3.29049548 | val_acc=0.96459408 | val_dt_mae=1.76721330 | val_qty_mae=0.69310348 | train_log_qty_aux=nan | val_log_qty_aux=nan
[Epoch 073] train_loss=-3.16746083 | score=0.94503099 | val_nll=-3.29201406 | val_acc=0.96344672 | val_dt_mae=1.76721330 | val_qty_mae=0.74359068 | train_log_qty_aux=nan | val_log_qty_aux=nan
[Epoch 074] train_loss=-3.17197726 | score=0.94555108 | val_nll=-3.29603111 | val_acc=0.96400301 | val_dt_mae=1.76721330 | val_qty_mae=0.77979777 | train_log_qty_aux=nan | val_log_qty_aux=nan
[Epoch 075] train_loss=-3.17578867 | score=0.94535584 | val_nll=-3.30030315 | val_acc=0.96377122 | val_dt_mae=1.76721330 | val_qty_mae=0.74325225 | train_log_qty_aux=nan | val_log_qty_aux=nan
[Epoch 076] train_loss=-3.18069041 | score=0.94511991 | val_nll=-3.30235758 | val_acc=0.96351625 | val_dt_mae=1.76721330 | val_qty_mae=0.72420788 | train_log_qty_aux=nan | val_log_qty_aux=nan
[Epoch 077] train_loss=-3.18445686 | score=0.94614317 | val_nll=-3.31039824 | val_acc=0.96454772 | val_dt_mae=1.76721330 | val_qty_mae=0.73241587 | train_log_qty_aux=nan | val_log_qty_aux=nan
[Epoch 078] train_loss=-3.18850862 | score=0.94540939 | val_nll=-3.31154889 | val_acc=0.96392189 | val_dt_mae=1.76721330 | val_qty_mae=0.84036384 | train_log_qty_aux=nan | val_log_qty_aux=nan
[Epoch 079] train_loss=-3.19169348 | score=0.94303887 | val_nll=-3.31069166 | val_acc=0.96144173 | val_dt_mae=1.76721330 | val_qty_mae=0.73073383 | train_log_qty_aux=nan | val_log_qty_aux=nan
[Epoch 080] train_loss=-3.19523834 | score=0.94357229 | val_nll=-3.31351923 | val_acc=0.96203280 | val_dt_mae=1.76721330 | val_qty_mae=0.78837925 | train_log_qty_aux=nan | val_log_qty_aux=nan
[Epoch 081] train_loss=-3.19865389 | score=0.94539336 | val_nll=-3.32261019 | val_acc=0.96380599 | val_dt_mae=1.76721330 | val_qty_mae=0.74049834 | train_log_qty_aux=nan | val_log_qty_aux=nan
[Epoch 082] train_loss=-3.20224159 | score=0.94533443 | val_nll=-3.32300488 | val_acc=0.96369010 | val_dt_mae=1.76721330 | val_qty_mae=0.68353704 | train_log_qty_aux=nan | val_log_qty_aux=nan
[Epoch 083] train_loss=-3.20537991 | score=0.94513055 | val_nll=-3.32821298 | val_acc=0.96356261 | val_dt_mae=1.76721330 | val_qty_mae=0.75992731 | train_log_qty_aux=nan | val_log_qty_aux=nan
[Epoch 084] train_loss=-3.20883638 | score=0.94469223 | val_nll=-3.32792442 | val_acc=0.96316857 | val_dt_mae=1.76721330 | val_qty_mae=0.80420455 | train_log_qty_aux=nan | val_log_qty_aux=nan
[Epoch 085] train_loss=-3.21170697 | score=0.94539849 | val_nll=-3.33557538 | val_acc=0.96374804 | val_dt_mae=1.76721330 | val_qty_mae=0.67742014 | train_log_qty_aux=nan | val_log_qty_aux=nan
[Epoch 086] train_loss=-3.21475053 | score=0.94481967 | val_nll=-3.33463322 | val_acc=0.96318016 | val_dt_mae=1.76721330 | val_qty_mae=0.68835771 | train_log_qty_aux=nan | val_log_qty_aux=nan
[Epoch 087] train_loss=-3.21779497 | score=0.94617746 | val_nll=-3.34180003 | val_acc=0.96457090 | val_dt_mae=1.76721330 | val_qty_mae=0.72130606 | train_log_qty_aux=nan | val_log_qty_aux=nan
[Epoch 088] train_loss=-3.22024941 | score=0.94581779 | val_nll=-3.34406020 | val_acc=0.96422321 | val_dt_mae=1.76721330 | val_qty_mae=0.73329336 | train_log_qty_aux=nan | val_log_qty_aux=nan
[Epoch 089] train_loss=-3.22248936 | score=0.94497367 | val_nll=-3.34338350 | val_acc=0.96342354 | val_dt_mae=1.76721330 | val_qty_mae=0.77773460 | train_log_qty_aux=nan | val_log_qty_aux=nan
[Epoch 090] train_loss=-3.22555294 | score=0.94451150 | val_nll=-3.34229349 | val_acc=0.96294837 | val_dt_mae=1.76721330 | val_qty_mae=0.76473259 | train_log_qty_aux=nan | val_log_qty_aux=nan
[Epoch 091] train_loss=-3.22771577 | score=0.94558318 | val_nll=-3.34751877 | val_acc=0.96396824 | val_dt_mae=1.76721330 | val_qty_mae=0.71293020 | train_log_qty_aux=nan | val_log_qty_aux=nan
[Epoch 092] train_loss=-3.23037695 | score=0.94440445 | val_nll=-3.34967981 | val_acc=0.96280929 | val_dt_mae=1.76721330 | val_qty_mae=0.73270750 | train_log_qty_aux=nan | val_log_qty_aux=nan
[Epoch 093] train_loss=-3.23287426 | score=0.94559851 | val_nll=-3.35249551 | val_acc=0.96397983 | val_dt_mae=1.76721330 | val_qty_mae=0.70918908 | train_log_qty_aux=nan | val_log_qty_aux=nan
[Epoch 094] train_loss=-3.23458940 | score=0.94465810 | val_nll=-3.35367948 | val_acc=0.96302950 | val_dt_mae=1.76721330 | val_qty_mae=0.69926168 | train_log_qty_aux=nan | val_log_qty_aux=nan
[Epoch 095] train_loss=-3.23716222 | score=0.94544960 | val_nll=-3.35703837 | val_acc=0.96381758 | val_dt_mae=1.76721330 | val_qty_mae=0.69584939 | train_log_qty_aux=nan | val_log_qty_aux=nan
[Epoch 096] train_loss=-3.23995862 | score=0.94470195 | val_nll=-3.35778203 | val_acc=0.96308744 | val_dt_mae=1.76721330 | val_qty_mae=0.71335927 | train_log_qty_aux=nan | val_log_qty_aux=nan
[Epoch 097] train_loss=-3.24155651 | score=0.94570678 | val_nll=-3.36292980 | val_acc=0.96418845 | val_dt_mae=1.76721330 | val_qty_mae=0.80953502 | train_log_qty_aux=nan | val_log_qty_aux=nan
[Epoch 098] train_loss=-3.24422629 | score=0.94636351 | val_nll=-3.36730681 | val_acc=0.96476792 | val_dt_mae=1.76721330 | val_qty_mae=0.73227717 | train_log_qty_aux=nan | val_log_qty_aux=nan
[Epoch 099] train_loss=-3.24618323 | score=0.94537466 | val_nll=-3.36441139 | val_acc=0.96381758 | val_dt_mae=1.76721330 | val_qty_mae=0.77079133 | train_log_qty_aux=nan | val_log_qty_aux=nan
[Epoch 100] train_loss=-3.24788904 | score=0.94490644 | val_nll=-3.36649565 | val_acc=0.96330764 | val_dt_mae=1.76721330 | val_qty_mae=0.72906900 | train_log_qty_aux=nan | val_log_qty_aux=nan
[Epoch 101] train_loss=-3.24939545 | score=0.94566581 | val_nll=-3.36724644 | val_acc=0.96401460 | val_dt_mae=1.76721330 | val_qty_mae=0.67666290 | train_log_qty_aux=nan | val_log_qty_aux=nan
[Epoch 102] train_loss=-3.25128817 | score=0.94614737 | val_nll=-3.37273453 | val_acc=0.96452454 | val_dt_mae=1.76721330 | val_qty_mae=0.70503497 | train_log_qty_aux=nan | val_log_qty_aux=nan
[Epoch 103] train_loss=-3.25315642 | score=0.94644404 | val_nll=-3.37490629 | val_acc=0.96480269 | val_dt_mae=1.76721330 | val_qty_mae=0.68651738 | train_log_qty_aux=nan | val_log_qty_aux=nan
[Epoch 104] train_loss=-3.25531748 | score=0.94403724 | val_nll=-3.37013268 | val_acc=0.96242684 | val_dt_mae=1.76721330 | val_qty_mae=0.71746621 | train_log_qty_aux=nan | val_log_qty_aux=nan
[Epoch 105] train_loss=-3.25683948 | score=0.94549786 | val_nll=-3.37650918 | val_acc=0.96387553 | val_dt_mae=1.76721330 | val_qty_mae=0.70554037 | train_log_qty_aux=nan | val_log_qty_aux=nan
[Epoch 106] train_loss=-3.25878992 | score=0.94529800 | val_nll=-3.37864548 | val_acc=0.96370169 | val_dt_mae=1.76721330 | val_qty_mae=0.73155156 | train_log_qty_aux=nan | val_log_qty_aux=nan
[Epoch 107] train_loss=-3.25936396 | score=0.94593212 | val_nll=-3.37771819 | val_acc=0.96436229 | val_dt_mae=1.76721330 | val_qty_mae=0.75803053 | train_log_qty_aux=nan | val_log_qty_aux=nan
[Epoch 108] train_loss=-3.26166485 | score=0.94489472 | val_nll=-3.37795497 | val_acc=0.96329605 | val_dt_mae=1.76721330 | val_qty_mae=0.72920491 | train_log_qty_aux=nan | val_log_qty_aux=nan
[Epoch 109] train_loss=-3.26244822 | score=0.94537310 | val_nll=-3.38203887 | val_acc=0.96375963 | val_dt_mae=1.76721330 | val_qty_mae=0.71440466 | train_log_qty_aux=nan | val_log_qty_aux=nan
[Epoch 110] train_loss=-3.26451715 | score=0.94643052 | val_nll=-3.38470905 | val_acc=0.96483746 | val_dt_mae=1.76721330 | val_qty_mae=0.73479970 | train_log_qty_aux=nan | val_log_qty_aux=nan
[Epoch 111] train_loss=-3.26592289 | score=0.94522925 | val_nll=-3.38447780 | val_acc=0.96363215 | val_dt_mae=1.76721330 | val_qty_mae=0.73076250 | train_log_qty_aux=nan | val_log_qty_aux=nan
[Epoch 112] train_loss=-3.26719687 | score=0.94545867 | val_nll=-3.38556962 | val_acc=0.96379440 | val_dt_mae=1.76721330 | val_qty_mae=0.66359479 | train_log_qty_aux=nan | val_log_qty_aux=nan
[Epoch 113] train_loss=-3.26875191 | score=0.94430261 | val_nll=-3.38405550 | val_acc=0.96267022 | val_dt_mae=1.76721330 | val_qty_mae=0.69547480 | train_log_qty_aux=nan | val_log_qty_aux=nan
[Epoch 114] train_loss=-3.26956476 | score=0.94516591 | val_nll=-3.38836786 | val_acc=0.96356261 | val_dt_mae=1.76721330 | val_qty_mae=0.72457359 | train_log_qty_aux=nan | val_log_qty_aux=nan
[Epoch 115] train_loss=-3.27158984 | score=0.94571685 | val_nll=-3.38949318 | val_acc=0.96414209 | val_dt_mae=1.76721330 | val_qty_mae=0.75310890 | train_log_qty_aux=nan | val_log_qty_aux=nan
[Epoch 116] train_loss=-3.27190751 | score=0.94621081 | val_nll=-3.39239808 | val_acc=0.96461726 | val_dt_mae=1.76721330 | val_qty_mae=0.73431862 | train_log_qty_aux=nan | val_log_qty_aux=nan
[Epoch 117] train_loss=-3.27329257 | score=0.94557721 | val_nll=-3.39251529 | val_acc=0.96397983 | val_dt_mae=1.76721330 | val_qty_mae=0.73049554 | train_log_qty_aux=nan | val_log_qty_aux=nan
[Epoch 118] train_loss=-3.27471038 | score=0.94516442 | val_nll=-3.39022784 | val_acc=0.96362056 | val_dt_mae=1.76721330 | val_qty_mae=0.78400783 | train_log_qty_aux=nan | val_log_qty_aux=nan
[Epoch 119] train_loss=-3.27532896 | score=0.94508419 | val_nll=-3.39448390 | val_acc=0.96345831 | val_dt_mae=1.76721330 | val_qty_mae=0.70198582 | train_log_qty_aux=nan | val_log_qty_aux=nan
[Epoch 120] train_loss=-3.27669385 | score=0.94609552 | val_nll=-3.39510388 | val_acc=0.96448977 | val_dt_mae=1.76721330 | val_qty_mae=0.72211807 | train_log_qty_aux=nan | val_log_qty_aux=nan
[Epoch 121] train_loss=-3.27796634 | score=0.94465328 | val_nll=-3.39413828 | val_acc=0.96309903 | val_dt_mae=1.76721330 | val_qty_mae=0.77362144 | train_log_qty_aux=nan | val_log_qty_aux=nan
[Epoch 122] train_loss=-3.27817937 | score=0.94550303 | val_nll=-3.39397546 | val_acc=0.96394507 | val_dt_mae=1.76721330 | val_qty_mae=0.76990597 | train_log_qty_aux=nan | val_log_qty_aux=nan
[Epoch 123] train_loss=-3.27875415 | score=0.94529266 | val_nll=-3.39684808 | val_acc=0.96364374 | val_dt_mae=1.76721330 | val_qty_mae=0.67894459 | train_log_qty_aux=nan | val_log_qty_aux=nan
[Epoch 124] train_loss=-3.28019595 | score=0.94609146 | val_nll=-3.40058511 | val_acc=0.96453613 | val_dt_mae=1.76721330 | val_qty_mae=0.77253745 | train_log_qty_aux=nan | val_log_qty_aux=nan
[Epoch 125] train_loss=-3.28109250 | score=0.94494195 | val_nll=-3.39723594 | val_acc=0.96340036 | val_dt_mae=1.76721330 | val_qty_mae=0.78627382 | train_log_qty_aux=nan | val_log_qty_aux=nan
[Epoch 126] train_loss=-3.28172108 | score=0.94539732 | val_nll=-3.39819957 | val_acc=0.96381758 | val_dt_mae=1.76721330 | val_qty_mae=0.74812454 | train_log_qty_aux=nan | val_log_qty_aux=nan
[Epoch 127] train_loss=-3.28294980 | score=0.94562532 | val_nll=-3.40147236 | val_acc=0.96406096 | val_dt_mae=1.76721330 | val_qty_mae=0.76351243 | train_log_qty_aux=nan | val_log_qty_aux=nan
[Epoch 128] train_loss=-3.28366794 | score=0.94574939 | val_nll=-3.40235010 | val_acc=0.96417686 | val_dt_mae=1.76721330 | val_qty_mae=0.75533770 | train_log_qty_aux=nan | val_log_qty_aux=nan
[Epoch 129] train_loss=-3.28522846 | score=0.94482622 | val_nll=-3.40068956 | val_acc=0.96326129 | val_dt_mae=1.76721330 | val_qty_mae=0.76293364 | train_log_qty_aux=nan | val_log_qty_aux=nan
[Epoch 130] train_loss=-3.28572375 | score=0.94504151 | val_nll=-3.40135002 | val_acc=0.96345831 | val_dt_mae=1.76721330 | val_qty_mae=0.74465941 | train_log_qty_aux=nan | val_log_qty_aux=nan
[Epoch 131] train_loss=-3.28618383 | score=0.94506577 | val_nll=-3.40220349 | val_acc=0.96350466 | val_dt_mae=1.76721330 | val_qty_mae=0.76675942 | train_log_qty_aux=nan | val_log_qty_aux=nan
[Epoch 132] train_loss=-3.28778435 | score=0.94436405 | val_nll=-3.40182648 | val_acc=0.96280929 | val_dt_mae=1.76721330 | val_qty_mae=0.77311646 | train_log_qty_aux=nan | val_log_qty_aux=nan
[Epoch 133] train_loss=-3.28759126 | score=0.94512691 | val_nll=-3.40362221 | val_acc=0.96351625 | val_dt_mae=1.76721330 | val_qty_mae=0.71720775 | train_log_qty_aux=nan | val_log_qty_aux=nan
[Epoch 134] train_loss=-3.28826367 | score=0.94570409 | val_nll=-3.40521548 | val_acc=0.96410732 | val_dt_mae=1.76721330 | val_qty_mae=0.73109774 | train_log_qty_aux=nan | val_log_qty_aux=nan
[Epoch 135] train_loss=-3.28820481 | score=0.94615479 | val_nll=-3.40817901 | val_acc=0.96455931 | val_dt_mae=1.76721330 | val_qty_mae=0.73238338 | train_log_qty_aux=nan | val_log_qty_aux=nan
[Epoch 136] train_loss=-3.28942513 | score=0.94562792 | val_nll=-3.40606541 | val_acc=0.96401460 | val_dt_mae=1.76721330 | val_qty_mae=0.71455251 | train_log_qty_aux=nan | val_log_qty_aux=nan
[Epoch 137] train_loss=-3.29080809 | score=0.94375836 | val_nll=-3.40169109 | val_acc=0.96220664 | val_dt_mae=1.76721330 | val_qty_mae=0.77614696 | train_log_qty_aux=nan | val_log_qty_aux=nan
[Epoch 138] train_loss=-3.29141403 | score=0.94574010 | val_nll=-3.40820878 | val_acc=0.96411891 | val_dt_mae=1.76721330 | val_qty_mae=0.70667297 | train_log_qty_aux=nan | val_log_qty_aux=nan
[Epoch 139] train_loss=-3.29117291 | score=0.94462858 | val_nll=-3.40610346 | val_acc=0.96306426 | val_dt_mae=1.76721330 | val_qty_mae=0.76355352 | train_log_qty_aux=nan | val_log_qty_aux=nan
[Epoch 140] train_loss=-3.29261206 | score=0.94293899 | val_nll=-3.40191213 | val_acc=0.96134902 | val_dt_mae=1.76721330 | val_qty_mae=0.73789057 | train_log_qty_aux=nan | val_log_qty_aux=nan
[Epoch 141] train_loss=-3.29309939 | score=0.94457396 | val_nll=-3.40624875 | val_acc=0.96294837 | val_dt_mae=1.76721330 | val_qty_mae=0.70227207 | train_log_qty_aux=nan | val_log_qty_aux=nan
[Epoch 142] train_loss=-3.29349684 | score=0.94541691 | val_nll=-3.40940782 | val_acc=0.96385235 | val_dt_mae=1.76721330 | val_qty_mae=0.76330643 | train_log_qty_aux=nan | val_log_qty_aux=nan
[Epoch 143] train_loss=-3.29415035 | score=0.94420367 | val_nll=-3.40745037 | val_acc=0.96256592 | val_dt_mae=1.76721330 | val_qty_mae=0.69010924 | train_log_qty_aux=nan | val_log_qty_aux=nan
[Epoch 144] train_loss=-3.29502989 | score=0.94549150 | val_nll=-3.41212552 | val_acc=0.96388712 | val_dt_mae=1.76721330 | val_qty_mae=0.72348659 | train_log_qty_aux=nan | val_log_qty_aux=nan
[Epoch 145] train_loss=-3.29519497 | score=0.94376926 | val_nll=-3.40688644 | val_acc=0.96219505 | val_dt_mae=1.76721330 | val_qty_mae=0.75365981 | train_log_qty_aux=nan | val_log_qty_aux=nan
[Epoch 146] train_loss=-3.29599898 | score=0.94551467 | val_nll=-3.41313988 | val_acc=0.96388712 | val_dt_mae=1.76721330 | val_qty_mae=0.70031323 | train_log_qty_aux=nan | val_log_qty_aux=nan
[Epoch 147] train_loss=-3.29558093 | score=0.94450749 | val_nll=-3.40977631 | val_acc=0.96289042 | val_dt_mae=1.76721330 | val_qty_mae=0.71080119 | train_log_qty_aux=nan | val_log_qty_aux=nan
[Epoch 148] train_loss=-3.29641881 | score=0.94313978 | val_nll=-3.40727647 | val_acc=0.96154604 | val_dt_mae=1.76721330 | val_qty_mae=0.73412568 | train_log_qty_aux=nan | val_log_qty_aux=nan
[Epoch 149] train_loss=-3.29655316 | score=0.94606046 | val_nll=-3.41472156 | val_acc=0.96445500 | val_dt_mae=1.76721330 | val_qty_mae=0.72240724 | train_log_qty_aux=nan | val_log_qty_aux=nan
[Epoch 150] train_loss=-3.29714123 | score=0.94613059 | val_nll=-3.41529895 | val_acc=0.96457090 | val_dt_mae=1.76721330 | val_qty_mae=0.76817150 | train_log_qty_aux=nan | val_log_qty_aux=nan
[Epoch 151] train_loss=-3.29821922 | score=0.94444936 | val_nll=-3.41321682 | val_acc=0.96285565 | val_dt_mae=1.76721330 | val_qty_mae=0.73416033 | train_log_qty_aux=nan | val_log_qty_aux=nan
[Epoch 152] train_loss=-3.29805440 | score=0.94676194 | val_nll=-3.41808061 | val_acc=0.96512719 | val_dt_mae=1.76721330 | val_qty_mae=0.69312418 | train_log_qty_aux=nan | val_log_qty_aux=nan
[Epoch 153] train_loss=-3.29877521 | score=0.94538600 | val_nll=-3.41511883 | val_acc=0.96377122 | val_dt_mae=1.76721330 | val_qty_mae=0.71309253 | train_log_qty_aux=nan | val_log_qty_aux=nan
[Epoch 154] train_loss=-3.29897159 | score=0.94418964 | val_nll=-3.41290846 | val_acc=0.96262386 | val_dt_mae=1.76721330 | val_qty_mae=0.76209414 | train_log_qty_aux=nan | val_log_qty_aux=nan
[Epoch 155] train_loss=-3.29938470 | score=0.94628262 | val_nll=-3.41809461 | val_acc=0.96473315 | val_dt_mae=1.76721330 | val_qty_mae=0.77840251 | train_log_qty_aux=nan | val_log_qty_aux=nan
[Epoch 156] train_loss=-3.29996183 | score=0.94558713 | val_nll=-3.41526672 | val_acc=0.96400301 | val_dt_mae=1.76721330 | val_qty_mae=0.74375430 | train_log_qty_aux=nan | val_log_qty_aux=nan
[Epoch 157] train_loss=-3.30016214 | score=0.94571927 | val_nll=-3.41845345 | val_acc=0.96409573 | val_dt_mae=1.76721330 | val_qty_mae=0.70432807 | train_log_qty_aux=nan | val_log_qty_aux=nan
[Epoch 158] train_loss=-3.30042035 | score=0.94578827 | val_nll=-3.41783948 | val_acc=0.96418845 | val_dt_mae=1.76721330 | val_qty_mae=0.72804471 | train_log_qty_aux=nan | val_log_qty_aux=nan
[Epoch 159] train_loss=-3.30079317 | score=0.94355117 | val_nll=-3.41261029 | val_acc=0.96195167 | val_dt_mae=1.76721330 | val_qty_mae=0.72836697 | train_log_qty_aux=nan | val_log_qty_aux=nan
[Epoch 160] train_loss=-3.30187895 | score=0.94448735 | val_nll=-3.41386867 | val_acc=0.96291360 | val_dt_mae=1.76721330 | val_qty_mae=0.75411918 | train_log_qty_aux=nan | val_log_qty_aux=nan
[Epoch 161] train_loss=-3.30232251 | score=0.94643132 | val_nll=-3.41881992 | val_acc=0.96482587 | val_dt_mae=1.76721330 | val_qty_mae=0.72241256 | train_log_qty_aux=nan | val_log_qty_aux=nan
[Epoch 162] train_loss=-3.30257323 | score=0.94552486 | val_nll=-3.41904922 | val_acc=0.96389871 | val_dt_mae=1.76721330 | val_qty_mae=0.70171885 | train_log_qty_aux=nan | val_log_qty_aux=nan
[Epoch 163] train_loss=-3.30255657 | score=0.94618557 | val_nll=-3.41815414 | val_acc=0.96458249 | val_dt_mae=1.76721330 | val_qty_mae=0.72478970 | train_log_qty_aux=nan | val_log_qty_aux=nan
[Epoch 164] train_loss=-3.30301080 | score=0.94343607 | val_nll=-3.41469273 | val_acc=0.96185896 | val_dt_mae=1.76721330 | val_qty_mae=0.75074793 | train_log_qty_aux=nan | val_log_qty_aux=nan
[Epoch 165] train_loss=-3.30367358 | score=0.94505830 | val_nll=-3.41628858 | val_acc=0.96348149 | val_dt_mae=1.76721330 | val_qty_mae=0.75104950 | train_log_qty_aux=nan | val_log_qty_aux=nan
[Epoch 166] train_loss=-3.30400538 | score=0.94590194 | val_nll=-3.42114074 | val_acc=0.96429275 | val_dt_mae=1.76721330 | val_qty_mae=0.71867411 | train_log_qty_aux=nan | val_log_qty_aux=nan
[Epoch 167] train_loss=-3.30343590 | score=0.94463644 | val_nll=-3.41400282 | val_acc=0.96305267 | val_dt_mae=1.76721330 | val_qty_mae=0.74409719 | train_log_qty_aux=nan | val_log_qty_aux=nan
[Epoch 168] train_loss=-3.30455559 | score=0.94473381 | val_nll=-3.41785744 | val_acc=0.96314539 | val_dt_mae=1.76721330 | val_qty_mae=0.73944902 | train_log_qty_aux=nan | val_log_qty_aux=nan
[Epoch 169] train_loss=-3.30466483 | score=0.94406513 | val_nll=-3.41455067 | val_acc=0.96257750 | val_dt_mae=1.76721330 | val_qty_mae=0.84024609 | train_log_qty_aux=nan | val_log_qty_aux=nan
[Epoch 170] train_loss=-3.30499570 | score=0.94563654 | val_nll=-3.42103213 | val_acc=0.96408414 | val_dt_mae=1.76721330 | val_qty_mae=0.77546425 | train_log_qty_aux=nan | val_log_qty_aux=nan
[Epoch 171] train_loss=-3.30512744 | score=0.94614525 | val_nll=-3.42292388 | val_acc=0.96453613 | val_dt_mae=1.76721330 | val_qty_mae=0.71874700 | train_log_qty_aux=nan | val_log_qty_aux=nan
[Epoch 172] train_loss=-3.30544674 | score=0.94471945 | val_nll=-3.41790141 | val_acc=0.96316857 | val_dt_mae=1.76721330 | val_qty_mae=0.77698407 | train_log_qty_aux=nan | val_log_qty_aux=nan
[Epoch 173] train_loss=-3.30587062 | score=0.94471594 | val_nll=-3.41615794 | val_acc=0.96311062 | val_dt_mae=1.76721330 | val_qty_mae=0.72255196 | train_log_qty_aux=nan | val_log_qty_aux=nan
[Epoch 174] train_loss=-3.30524103 | score=0.94437833 | val_nll=-3.41796817 | val_acc=0.96282088 | val_dt_mae=1.76721330 | val_qty_mae=0.77041691 | train_log_qty_aux=nan | val_log_qty_aux=nan
[Epoch 175] train_loss=-3.30607866 | score=0.94580133 | val_nll=-3.42020539 | val_acc=0.96422321 | val_dt_mae=1.76721330 | val_qty_mae=0.74975277 | train_log_qty_aux=nan | val_log_qty_aux=nan
[Epoch 176] train_loss=-3.30586188 | score=0.94532639 | val_nll=-3.42112160 | val_acc=0.96374804 | val_dt_mae=1.76721330 | val_qty_mae=0.74952249 | train_log_qty_aux=nan | val_log_qty_aux=nan
[Epoch 177] train_loss=-3.30595939 | score=0.94577395 | val_nll=-3.42240160 | val_acc=0.96411891 | val_dt_mae=1.76721330 | val_qty_mae=0.67282078 | train_log_qty_aux=nan | val_log_qty_aux=nan
[Epoch 178] train_loss=-3.30605743 | score=0.94455153 | val_nll=-3.42034303 | val_acc=0.96292519 | val_dt_mae=1.76721330 | val_qty_mae=0.70152409 | train_log_qty_aux=nan | val_log_qty_aux=nan
[Epoch 179] train_loss=-3.30588592 | score=0.94539670 | val_nll=-3.42183478 | val_acc=0.96382917 | val_dt_mae=1.76721330 | val_qty_mae=0.76033994 | train_log_qty_aux=nan | val_log_qty_aux=nan
[Epoch 180] train_loss=-3.30690469 | score=0.94370913 | val_nll=-3.41749356 | val_acc=0.96218346 | val_dt_mae=1.76721330 | val_qty_mae=0.80219511 | train_log_qty_aux=nan | val_log_qty_aux=nan
[Epoch 181] train_loss=-3.30624805 | score=0.94594175 | val_nll=-3.42209666 | val_acc=0.96431593 | val_dt_mae=1.76721330 | val_qty_mae=0.70205136 | train_log_qty_aux=nan | val_log_qty_aux=nan
[Epoch 182] train_loss=-3.30632808 | score=0.94433402 | val_nll=-3.41900642 | val_acc=0.96275135 | val_dt_mae=1.76721330 | val_qty_mae=0.74519162 | train_log_qty_aux=nan | val_log_qty_aux=nan
[Epoch 183] train_loss=-3.30636922 | score=0.94435051 | val_nll=-3.42069307 | val_acc=0.96273976 | val_dt_mae=1.76721330 | val_qty_mae=0.71711691 | train_log_qty_aux=nan | val_log_qty_aux=nan
[Epoch 184] train_loss=-3.30714306 | score=0.94537146 | val_nll=-3.41843875 | val_acc=0.96379440 | val_dt_mae=1.76721330 | val_qty_mae=0.75081380 | train_log_qty_aux=nan | val_log_qty_aux=nan
[Epoch 185] train_loss=-3.30646607 | score=0.94470069 | val_nll=-3.41805082 | val_acc=0.96313380 | val_dt_mae=1.76721330 | val_qty_mae=0.76097465 | train_log_qty_aux=nan | val_log_qty_aux=nan
[Epoch 186] train_loss=-3.30713084 | score=0.94445078 | val_nll=-3.41990553 | val_acc=0.96286724 | val_dt_mae=1.76721330 | val_qty_mae=0.74433017 | train_log_qty_aux=nan | val_log_qty_aux=nan
[Epoch 187] train_loss=-3.30697931 | score=0.94401225 | val_nll=-3.41603268 | val_acc=0.96245002 | val_dt_mae=1.76721330 | val_qty_mae=0.76563892 | train_log_qty_aux=nan | val_log_qty_aux=nan
[Epoch 188] train_loss=-3.30750859 | score=0.94509807 | val_nll=-3.41975502 | val_acc=0.96350466 | val_dt_mae=1.76721330 | val_qty_mae=0.73446291 | train_log_qty_aux=nan | val_log_qty_aux=nan
[Epoch 189] train_loss=-3.30733141 | score=0.94562996 | val_nll=-3.42277571 | val_acc=0.96403778 | val_dt_mae=1.76721330 | val_qty_mae=0.73568879 | train_log_qty_aux=nan | val_log_qty_aux=nan
[Epoch 190] train_loss=-3.30766586 | score=0.94517553 | val_nll=-3.42372330 | val_acc=0.96357420 | val_dt_mae=1.76721330 | val_qty_mae=0.72653615 | train_log_qty_aux=nan | val_log_qty_aux=nan
[Epoch 191] train_loss=-3.30865561 | score=0.94499957 | val_nll=-3.42037235 | val_acc=0.96336559 | val_dt_mae=1.76721330 | val_qty_mae=0.69389263 | train_log_qty_aux=nan | val_log_qty_aux=nan
[Epoch 192] train_loss=-3.30785305 | score=0.94611753 | val_nll=-3.42269312 | val_acc=0.96448977 | val_dt_mae=1.76721330 | val_qty_mae=0.70010791 | train_log_qty_aux=nan | val_log_qty_aux=nan
[Epoch 193] train_loss=-3.30800519 | score=0.94477779 | val_nll=-3.42284155 | val_acc=0.96316857 | val_dt_mae=1.76721330 | val_qty_mae=0.71864308 | train_log_qty_aux=nan | val_log_qty_aux=nan
[Epoch 194] train_loss=-3.30873391 | score=0.94470463 | val_nll=-3.42284212 | val_acc=0.96312221 | val_dt_mae=1.76721330 | val_qty_mae=0.74544377 | train_log_qty_aux=nan | val_log_qty_aux=nan
[Epoch 195] train_loss=-3.30870474 | score=0.94453648 | val_nll=-3.41873963 | val_acc=0.96289042 | val_dt_mae=1.76721330 | val_qty_mae=0.68180958 | train_log_qty_aux=nan | val_log_qty_aux=nan
[Epoch 196] train_loss=-3.30894285 | score=0.94386383 | val_nll=-3.41983964 | val_acc=0.96233413 | val_dt_mae=1.76721330 | val_qty_mae=0.79816309 | train_log_qty_aux=nan | val_log_qty_aux=nan
[Epoch 197] train_loss=-3.30881685 | score=0.94638567 | val_nll=-3.42651179 | val_acc=0.96481428 | val_dt_mae=1.76721330 | val_qty_mae=0.75647638 | train_log_qty_aux=nan | val_log_qty_aux=nan
[Epoch 198] train_loss=-3.30912426 | score=0.94553865 | val_nll=-3.42420346 | val_acc=0.96391030 | val_dt_mae=1.76721330 | val_qty_mae=0.69951169 | train_log_qty_aux=nan | val_log_qty_aux=nan
[Epoch 199] train_loss=-3.30934100 | score=0.94467319 | val_nll=-3.42412260 | val_acc=0.96302950 | val_dt_mae=1.76721330 | val_qty_mae=0.68416902 | train_log_qty_aux=nan | val_log_qty_aux=nan
[Epoch 200] train_loss=-3.30912884 | score=0.94573900 | val_nll=-3.42459737 | val_acc=0.96415368 | val_dt_mae=1.76721330 | val_qty_mae=0.74254137 | train_log_qty_aux=nan | val_log_qty_aux=nan
[Epoch 201] train_loss=-3.30995154 | score=0.94463127 | val_nll=-3.42299990 | val_acc=0.96305267 | val_dt_mae=1.76721330 | val_qty_mae=0.74927230 | train_log_qty_aux=nan | val_log_qty_aux=nan
[Epoch 202] train_loss=-3.30906886 | score=0.94607968 | val_nll=-3.42563039 | val_acc=0.96451295 | val_dt_mae=1.76721330 | val_qty_mae=0.76114038 | train_log_qty_aux=nan | val_log_qty_aux=nan
[Epoch 203] train_loss=-3.30973897 | score=0.94605078 | val_nll=-3.42618985 | val_acc=0.96446659 | val_dt_mae=1.76721330 | val_qty_mae=0.74368497 | train_log_qty_aux=nan | val_log_qty_aux=nan
[Epoch 204] train_loss=-3.31053667 | score=0.94623036 | val_nll=-3.42788085 | val_acc=0.96462885 | val_dt_mae=1.76721330 | val_qty_mae=0.72635802 | train_log_qty_aux=nan | val_log_qty_aux=nan
[Epoch 205] train_loss=-3.31080639 | score=0.94614107 | val_nll=-3.42620710 | val_acc=0.96453613 | val_dt_mae=1.76721330 | val_qty_mae=0.72293059 | train_log_qty_aux=nan | val_log_qty_aux=nan
[Epoch 206] train_loss=-3.31086878 | score=0.94591041 | val_nll=-3.42616679 | val_acc=0.96430434 | val_dt_mae=1.76721330 | val_qty_mae=0.72179805 | train_log_qty_aux=nan | val_log_qty_aux=nan
[Epoch 207] train_loss=-3.31098375 | score=0.94533246 | val_nll=-3.42356925 | val_acc=0.96371328 | val_dt_mae=1.76721330 | val_qty_mae=0.70868537 | train_log_qty_aux=nan | val_log_qty_aux=nan
[Epoch 208] train_loss=-3.31076038 | score=0.94527877 | val_nll=-3.42500462 | val_acc=0.96365533 | val_dt_mae=1.76721330 | val_qty_mae=0.70442208 | train_log_qty_aux=nan | val_log_qty_aux=nan
[Epoch 209] train_loss=-3.31092202 | score=0.94537068 | val_nll=-3.42612476 | val_acc=0.96379440 | val_dt_mae=1.76721330 | val_qty_mae=0.75158858 | train_log_qty_aux=nan | val_log_qty_aux=nan
[Epoch 210] train_loss=-3.31111303 | score=0.94454897 | val_nll=-3.42258313 | val_acc=0.96301791 | val_dt_mae=1.76721330 | val_qty_mae=0.79680226 | train_log_qty_aux=nan | val_log_qty_aux=nan
[Epoch 211] train_loss=-3.31126184 | score=0.94410886 | val_nll=-3.41909583 | val_acc=0.96253115 | val_dt_mae=1.76721330 | val_qty_mae=0.75015528 | train_log_qty_aux=nan | val_log_qty_aux=nan
[Epoch 212] train_loss=-3.31179971 | score=0.94654892 | val_nll=-3.42772856 | val_acc=0.96490699 | val_dt_mae=1.76721330 | val_qty_mae=0.68593929 | train_log_qty_aux=nan | val_log_qty_aux=nan
[Epoch 213] train_loss=-3.31210540 | score=0.94434226 | val_nll=-3.42387374 | val_acc=0.96279771 | val_dt_mae=1.76721330 | val_qty_mae=0.78331360 | train_log_qty_aux=nan | val_log_qty_aux=nan
[Epoch 214] train_loss=-3.31257390 | score=0.94649497 | val_nll=-3.42880019 | val_acc=0.96482587 | val_dt_mae=1.76721330 | val_qty_mae=0.65876029 | train_log_qty_aux=nan | val_log_qty_aux=nan
[Epoch 215] train_loss=-3.31183776 | score=0.94687425 | val_nll=-3.42891985 | val_acc=0.96526627 | val_dt_mae=1.76721330 | val_qty_mae=0.71988829 | train_log_qty_aux=nan | val_log_qty_aux=nan
[Epoch 216] train_loss=-3.31200147 | score=0.94504299 | val_nll=-3.42327401 | val_acc=0.96349308 | val_dt_mae=1.76721330 | val_qty_mae=0.77795247 | train_log_qty_aux=nan | val_log_qty_aux=nan
[Epoch 217] train_loss=-3.31222235 | score=0.94500942 | val_nll=-3.42514418 | val_acc=0.96340036 | val_dt_mae=1.76721330 | val_qty_mae=0.71880651 | train_log_qty_aux=nan | val_log_qty_aux=nan
[Epoch 218] train_loss=-3.31263760 | score=0.94625390 | val_nll=-3.42836515 | val_acc=0.96461726 | val_dt_mae=1.76721330 | val_qty_mae=0.69121937 | train_log_qty_aux=nan | val_log_qty_aux=nan
[Epoch 219] train_loss=-3.31315887 | score=0.94443936 | val_nll=-3.42383604 | val_acc=0.96287883 | val_dt_mae=1.76721330 | val_qty_mae=0.76734197 | train_log_qty_aux=nan | val_log_qty_aux=nan
[Epoch 220] train_loss=-3.31283964 | score=0.94529440 | val_nll=-3.42643667 | val_acc=0.96371328 | val_dt_mae=1.76721330 | val_qty_mae=0.74674283 | train_log_qty_aux=nan | val_log_qty_aux=nan
[Epoch 221] train_loss=-3.31343838 | score=0.94635821 | val_nll=-3.42995762 | val_acc=0.96473315 | val_dt_mae=1.76721330 | val_qty_mae=0.70280686 | train_log_qty_aux=nan | val_log_qty_aux=nan
[Epoch 222] train_loss=-3.31365864 | score=0.94549234 | val_nll=-3.42709948 | val_acc=0.96391030 | val_dt_mae=1.76721330 | val_qty_mae=0.74582887 | train_log_qty_aux=nan | val_log_qty_aux=nan
[Epoch 223] train_loss=-3.31367075 | score=0.94510011 | val_nll=-3.42715763 | val_acc=0.96352784 | val_dt_mae=1.76721330 | val_qty_mae=0.75560362 | train_log_qty_aux=nan | val_log_qty_aux=nan
[Epoch 224] train_loss=-3.31396875 | score=0.94591254 | val_nll=-3.42760958 | val_acc=0.96436229 | val_dt_mae=1.76721330 | val_qty_mae=0.77761912 | train_log_qty_aux=nan | val_log_qty_aux=nan
[Epoch 225] train_loss=-3.31377590 | score=0.94608875 | val_nll=-3.43104799 | val_acc=0.96451295 | val_dt_mae=1.76721330 | val_qty_mae=0.75206726 | train_log_qty_aux=nan | val_log_qty_aux=nan
[Epoch 226] train_loss=-3.31413408 | score=0.94554575 | val_nll=-3.42819533 | val_acc=0.96394507 | val_dt_mae=1.76721330 | val_qty_mae=0.72717824 | train_log_qty_aux=nan | val_log_qty_aux=nan
[Epoch 227] train_loss=-3.31458881 | score=0.94511824 | val_nll=-3.42702085 | val_acc=0.96352784 | val_dt_mae=1.76721330 | val_qty_mae=0.73747545 | train_log_qty_aux=nan | val_log_qty_aux=nan
[Epoch 228] train_loss=-3.31463297 | score=0.94490239 | val_nll=-3.42611704 | val_acc=0.96333082 | val_dt_mae=1.76721330 | val_qty_mae=0.75629978 | train_log_qty_aux=nan | val_log_qty_aux=nan
[Epoch 229] train_loss=-3.31456556 | score=0.94484860 | val_nll=-3.42836042 | val_acc=0.96330764 | val_dt_mae=1.76721330 | val_qty_mae=0.78691297 | train_log_qty_aux=nan | val_log_qty_aux=nan
[Epoch 230] train_loss=-3.31449165 | score=0.94534070 | val_nll=-3.42780079 | val_acc=0.96370169 | val_dt_mae=1.76721330 | val_qty_mae=0.68885396 | train_log_qty_aux=nan | val_log_qty_aux=nan
[Epoch 231] train_loss=-3.31452599 | score=0.94482098 | val_nll=-3.42486319 | val_acc=0.96320334 | val_dt_mae=1.76721330 | val_qty_mae=0.71022335 | train_log_qty_aux=nan | val_log_qty_aux=nan
[Epoch 232] train_loss=-3.31490512 | score=0.94428804 | val_nll=-3.42319203 | val_acc=0.96271658 | val_dt_mae=1.76721330 | val_qty_mae=0.75640542 | train_log_qty_aux=nan | val_log_qty_aux=nan
[Epoch 233] train_loss=-3.31510376 | score=0.94598619 | val_nll=-3.42989193 | val_acc=0.96436229 | val_dt_mae=1.76721330 | val_qty_mae=0.70396237 | train_log_qty_aux=nan | val_log_qty_aux=nan
[Epoch 234] train_loss=-3.31465442 | score=0.94450541 | val_nll=-3.42379809 | val_acc=0.96286724 | val_dt_mae=1.76721330 | val_qty_mae=0.68969949 | train_log_qty_aux=nan | val_log_qty_aux=nan
[Epoch 235] train_loss=-3.31431120 | score=0.94484510 | val_nll=-3.42572520 | val_acc=0.96323811 | val_dt_mae=1.76721330 | val_qty_mae=0.72086960 | train_log_qty_aux=nan | val_log_qty_aux=nan
[Epoch 236] train_loss=-3.31460986 | score=0.94560772 | val_nll=-3.42971259 | val_acc=0.96403778 | val_dt_mae=1.76721330 | val_qty_mae=0.75792983 | train_log_qty_aux=nan | val_log_qty_aux=nan
[Epoch 237] train_loss=-3.31414165 | score=0.94614371 | val_nll=-3.42856119 | val_acc=0.96458249 | val_dt_mae=1.76721330 | val_qty_mae=0.76664079 | train_log_qty_aux=nan | val_log_qty_aux=nan
[Epoch 238] train_loss=-3.31477143 | score=0.94491110 | val_nll=-3.42506597 | val_acc=0.96329605 | val_dt_mae=1.76721330 | val_qty_mae=0.71282204 | train_log_qty_aux=nan | val_log_qty_aux=nan
[Epoch 239] train_loss=-3.31474783 | score=0.94532500 | val_nll=-3.42705275 | val_acc=0.96374804 | val_dt_mae=1.76721330 | val_qty_mae=0.75091605 | train_log_qty_aux=nan | val_log_qty_aux=nan
[Epoch 240] train_loss=-3.31456955 | score=0.94544770 | val_nll=-3.42839330 | val_acc=0.96385235 | val_dt_mae=1.76721330 | val_qty_mae=0.73251230 | train_log_qty_aux=nan | val_log_qty_aux=nan
[Epoch 241] train_loss=-3.31485479 | score=0.94529038 | val_nll=-3.42628676 | val_acc=0.96364374 | val_dt_mae=1.76721330 | val_qty_mae=0.68122471 | train_log_qty_aux=nan | val_log_qty_aux=nan
[Epoch 242] train_loss=-3.31506762 | score=0.94492201 | val_nll=-3.42548289 | val_acc=0.96338877 | val_dt_mae=1.76721330 | val_qty_mae=0.79462212 | train_log_qty_aux=nan | val_log_qty_aux=nan
[Epoch 243] train_loss=-3.31517216 | score=0.94706659 | val_nll=-3.43203799 | val_acc=0.96545170 | val_dt_mae=1.76721330 | val_qty_mae=0.71298182 | train_log_qty_aux=nan | val_log_qty_aux=nan
[Epoch 244] train_loss=-3.31532668 | score=0.94601947 | val_nll=-3.42969560 | val_acc=0.96438547 | val_dt_mae=1.76721330 | val_qty_mae=0.69386127 | train_log_qty_aux=nan | val_log_qty_aux=nan
[Epoch 245] train_loss=-3.31539169 | score=0.94566946 | val_nll=-3.43061523 | val_acc=0.96409573 | val_dt_mae=1.76721330 | val_qty_mae=0.75413421 | train_log_qty_aux=nan | val_log_qty_aux=nan
[Epoch 246] train_loss=-3.31487494 | score=0.94612086 | val_nll=-3.42802613 | val_acc=0.96452454 | val_dt_mae=1.76721330 | val_qty_mae=0.73154368 | train_log_qty_aux=nan | val_log_qty_aux=nan
[Epoch 247] train_loss=-3.31436063 | score=0.94664958 | val_nll=-3.43034727 | val_acc=0.96504607 | val_dt_mae=1.76721330 | val_qty_mae=0.72435628 | train_log_qty_aux=nan | val_log_qty_aux=nan
[Epoch 248] train_loss=-3.31453832 | score=0.94689894 | val_nll=-3.43200764 | val_acc=0.96528945 | val_dt_mae=1.76721330 | val_qty_mae=0.71837639 | train_log_qty_aux=nan | val_log_qty_aux=nan
[Epoch 249] train_loss=-3.31514223 | score=0.94577513 | val_nll=-3.42948988 | val_acc=0.96418845 | val_dt_mae=1.76721330 | val_qty_mae=0.74118257 | train_log_qty_aux=nan | val_log_qty_aux=nan
[Epoch 250] train_loss=-3.31501852 | score=0.94530717 | val_nll=-3.42821008 | val_acc=0.96369010 | val_dt_mae=1.76721330 | val_qty_mae=0.71078998 | train_log_qty_aux=nan | val_log_qty_aux=nan
[Epoch 251] train_loss=-3.31474672 | score=0.94497560 | val_nll=-3.42557548 | val_acc=0.96340036 | val_dt_mae=1.76721330 | val_qty_mae=0.75262350 | train_log_qty_aux=nan | val_log_qty_aux=nan
[Epoch 252] train_loss=-3.31537327 | score=0.94621290 | val_nll=-3.43117415 | val_acc=0.96462885 | val_dt_mae=1.76721330 | val_qty_mae=0.74381169 | train_log_qty_aux=nan | val_log_qty_aux=nan
[Epoch 253] train_loss=-3.31565069 | score=0.94554614 | val_nll=-3.42717522 | val_acc=0.96395666 | val_dt_mae=1.76721330 | val_qty_mae=0.73837782 | train_log_qty_aux=nan | val_log_qty_aux=nan
[Epoch 254] train_loss=-3.31518251 | score=0.94450081 | val_nll=-3.42484040 | val_acc=0.96293678 | val_dt_mae=1.76721330 | val_qty_mae=0.76383378 | train_log_qty_aux=nan | val_log_qty_aux=nan
[Epoch 255] train_loss=-3.31581193 | score=0.94557528 | val_nll=-3.42965270 | val_acc=0.96396824 | val_dt_mae=1.76721330 | val_qty_mae=0.72083168 | train_log_qty_aux=nan | val_log_qty_aux=nan
[Epoch 256] train_loss=-3.31574144 | score=0.94465764 | val_nll=-3.42534308 | val_acc=0.96311062 | val_dt_mae=1.76721330 | val_qty_mae=0.78085298 | train_log_qty_aux=nan | val_log_qty_aux=nan
[Epoch 257] train_loss=-3.31534727 | score=0.94488631 | val_nll=-3.42674368 | val_acc=0.96328446 | val_dt_mae=1.76721330 | val_qty_mae=0.72601649 | train_log_qty_aux=nan | val_log_qty_aux=nan
[Epoch 258] train_loss=-3.31561022 | score=0.94577748 | val_nll=-3.42896610 | val_acc=0.96417686 | val_dt_mae=1.76721330 | val_qty_mae=0.72724041 | train_log_qty_aux=nan | val_log_qty_aux=nan
[Epoch 259] train_loss=-3.31586001 | score=0.94411801 | val_nll=-3.42432508 | val_acc=0.96249638 | val_dt_mae=1.76721330 | val_qty_mae=0.70623656 | train_log_qty_aux=nan | val_log_qty_aux=nan
[Epoch 260] train_loss=-3.31527944 | score=0.94445097 | val_nll=-3.42793156 | val_acc=0.96284406 | val_dt_mae=1.76721330 | val_qty_mae=0.72096421 | train_log_qty_aux=nan | val_log_qty_aux=nan
[Epoch 261] train_loss=-3.31620729 | score=0.94518284 | val_nll=-3.42794452 | val_acc=0.96363215 | val_dt_mae=1.76721330 | val_qty_mae=0.77717856 | train_log_qty_aux=nan | val_log_qty_aux=nan
[Epoch 262] train_loss=-3.31606891 | score=0.94527306 | val_nll=-3.42834181 | val_acc=0.96364374 | val_dt_mae=1.76721330 | val_qty_mae=0.69854236 | train_log_qty_aux=nan | val_log_qty_aux=nan
[Epoch 263] train_loss=-3.31636458 | score=0.94470479 | val_nll=-3.42710782 | val_acc=0.96306426 | val_dt_mae=1.76721330 | val_qty_mae=0.68734144 | train_log_qty_aux=nan | val_log_qty_aux=nan
[Epoch 264] train_loss=-3.31594351 | score=0.94542406 | val_nll=-3.42668789 | val_acc=0.96378281 | val_dt_mae=1.76721330 | val_qty_mae=0.68662008 | train_log_qty_aux=nan | val_log_qty_aux=nan
[Epoch 265] train_loss=-3.31578982 | score=0.94395065 | val_nll=-3.42520406 | val_acc=0.96236889 | val_dt_mae=1.76721330 | val_qty_mae=0.74611185 | train_log_qty_aux=nan | val_log_qty_aux=nan
[Epoch 266] train_loss=-3.31628271 | score=0.94524891 | val_nll=-3.42662969 | val_acc=0.96365533 | val_dt_mae=1.76721330 | val_qty_mae=0.73428135 | train_log_qty_aux=nan | val_log_qty_aux=nan
[Epoch 267] train_loss=-3.31610508 | score=0.94581771 | val_nll=-3.42855492 | val_acc=0.96424639 | val_dt_mae=1.76721330 | val_qty_mae=0.75655384 | train_log_qty_aux=nan | val_log_qty_aux=nan
[Epoch 268] train_loss=-3.31680505 | score=0.94435414 | val_nll=-3.42521076 | val_acc=0.96277453 | val_dt_mae=1.76721330 | val_qty_mae=0.74825499 | train_log_qty_aux=nan | val_log_qty_aux=nan
[Epoch 269] train_loss=-3.31639216 | score=0.94507429 | val_nll=-3.42909947 | val_acc=0.96346990 | val_dt_mae=1.76721330 | val_qty_mae=0.72347260 | train_log_qty_aux=nan | val_log_qty_aux=nan
[Epoch 270] train_loss=-3.31651539 | score=0.94472058 | val_nll=-3.42653427 | val_acc=0.96309903 | val_dt_mae=1.76721330 | val_qty_mae=0.70632002 | train_log_qty_aux=nan | val_log_qty_aux=nan
[Epoch 271] train_loss=-3.31627968 | score=0.94545535 | val_nll=-3.42866305 | val_acc=0.96388712 | val_dt_mae=1.76721330 | val_qty_mae=0.75963457 | train_log_qty_aux=nan | val_log_qty_aux=nan
[Epoch 272] train_loss=-3.31660204 | score=0.94569516 | val_nll=-3.42838743 | val_acc=0.96407255 | val_dt_mae=1.76721330 | val_qty_mae=0.70525912 | train_log_qty_aux=nan | val_log_qty_aux=nan
[Epoch 273] train_loss=-3.31658692 | score=0.94525073 | val_nll=-3.42782474 | val_acc=0.96362056 | val_dt_mae=1.76721330 | val_qty_mae=0.69769419 | train_log_qty_aux=nan | val_log_qty_aux=nan
[Epoch 274] train_loss=-3.31645282 | score=0.94530295 | val_nll=-3.42743202 | val_acc=0.96366692 | val_dt_mae=1.76721330 | val_qty_mae=0.69183913 | train_log_qty_aux=nan | val_log_qty_aux=nan
[Epoch 275] train_loss=-3.31646201 | score=0.94508277 | val_nll=-3.42923891 | val_acc=0.96351625 | val_dt_mae=1.76721330 | val_qty_mae=0.76135356 | train_log_qty_aux=nan | val_log_qty_aux=nan
[Epoch 276] train_loss=-3.31708117 | score=0.94461548 | val_nll=-3.42689136 | val_acc=0.96302950 | val_dt_mae=1.76721330 | val_qty_mae=0.74188360 | train_log_qty_aux=nan | val_log_qty_aux=nan
[Epoch 277] train_loss=-3.31702544 | score=0.94371826 | val_nll=-3.42374140 | val_acc=0.96216028 | val_dt_mae=1.76721330 | val_qty_mae=0.76989083 | train_log_qty_aux=nan | val_log_qty_aux=nan
[Epoch 278] train_loss=-3.31678158 | score=0.94383341 | val_nll=-3.42155512 | val_acc=0.96222982 | val_dt_mae=1.76721330 | val_qty_mae=0.72427756 | train_log_qty_aux=nan | val_log_qty_aux=nan
[Epoch 279] train_loss=-3.31655338 | score=0.94601527 | val_nll=-3.42899457 | val_acc=0.96440865 | val_dt_mae=1.76721330 | val_qty_mae=0.72124166 | train_log_qty_aux=nan | val_log_qty_aux=nan
[Epoch 280] train_loss=-3.31692648 | score=0.94495836 | val_nll=-3.42795495 | val_acc=0.96334241 | val_dt_mae=1.76721330 | val_qty_mae=0.71191908 | train_log_qty_aux=nan | val_log_qty_aux=nan
[Epoch 281] train_loss=-3.31721394 | score=0.94482949 | val_nll=-3.42601959 | val_acc=0.96323811 | val_dt_mae=1.76721330 | val_qty_mae=0.73648424 | train_log_qty_aux=nan | val_log_qty_aux=nan
[Epoch 282] train_loss=-3.31682447 | score=0.94479585 | val_nll=-3.42739782 | val_acc=0.96318016 | val_dt_mae=1.76721330 | val_qty_mae=0.71217449 | train_log_qty_aux=nan | val_log_qty_aux=nan
[Epoch 283] train_loss=-3.31697271 | score=0.94442208 | val_nll=-3.42480131 | val_acc=0.96283247 | val_dt_mae=1.76721330 | val_qty_mae=0.73825909 | train_log_qty_aux=nan | val_log_qty_aux=nan
[early-stop] epoch=283 patience=40 min_epochs=40
[2026-08-11 06:51:39,983] [INFO] Finished run | dataset=intermittent model=rmtpp candidate=rmtpp_gru_h64 seed=62 best_val_nll=-3.432038 epoch=243
[2026-08-11 06:51:40,015] [INFO] Run 6/6 | dataset=intermittent model=thp candidate=small base=2.0 seed=62
[2026-08-11 06:51:40,335] [INFO] Using fixed chronological splits | dataset=intermittent train_samples=393824 validation_samples=86285 test_samples=88019 | batch_size=128 max_seq_len=96 lookback=520
[2026-08-11 06:51:40,335] [INFO] Held-out test evaluation disabled | evaluation_scope=validation_only
[Epoch 001] train_loss=2.14144277 | score=0.94571735 | val_nll=1.43425031 | val_acc=0.95277279 | val_dt_mae=0.59091378 | val_qty_mae=1.14630136 | train_log_qty_aux=nan | val_log_qty_aux=nan
[Epoch 002] train_loss=1.34515959 | score=0.94639204 | val_nll=2.38100831 | val_acc=0.95279597 | val_dt_mae=0.54689646 | val_qty_mae=0.93496584 | train_log_qty_aux=nan | val_log_qty_aux=nan
[Epoch 003] train_loss=0.80637661 | score=0.94324119 | val_nll=0.92581145 | val_acc=0.95244828 | val_dt_mae=0.82853878 | val_qty_mae=0.92170673 | train_log_qty_aux=nan | val_log_qty_aux=nan
[Epoch 004] train_loss=0.46121586 | score=0.93915373 | val_nll=0.31766227 | val_acc=0.95194993 | val_dt_mae=1.18973683 | val_qty_mae=0.89883225 | train_log_qty_aux=nan | val_log_qty_aux=nan
[Epoch 005] train_loss=0.23930229 | score=0.93825245 | val_nll=-0.12500606 | val_acc=0.95360723 | val_dt_mae=1.43074130 | val_qty_mae=1.04736619 | train_log_qty_aux=nan | val_log_qty_aux=nan
[Epoch 006] train_loss=-0.45111353 | score=0.93620491 | val_nll=-0.87879962 | val_acc=0.95395492 | val_dt_mae=1.68324687 | val_qty_mae=0.91754283 | train_log_qty_aux=nan | val_log_qty_aux=nan
[Epoch 007] train_loss=-0.90761017 | score=0.93512144 | val_nll=-1.18382856 | val_acc=0.95369995 | val_dt_mae=1.76721330 | val_qty_mae=0.90637289 | train_log_qty_aux=nan | val_log_qty_aux=nan
[Epoch 008] train_loss=-1.11793298 | score=0.93733667 | val_nll=-1.37376720 | val_acc=0.95590195 | val_dt_mae=1.76721330 | val_qty_mae=0.89314696 | train_log_qty_aux=nan | val_log_qty_aux=nan
[Epoch 009] train_loss=-1.29858391 | score=0.93493650 | val_nll=-1.53376843 | val_acc=0.95341021 | val_dt_mae=1.76721330 | val_qty_mae=0.80157413 | train_log_qty_aux=nan | val_log_qty_aux=nan
[Epoch 010] train_loss=-1.45445129 | score=0.93720292 | val_nll=-1.67911778 | val_acc=0.95582083 | val_dt_mae=1.76721330 | val_qty_mae=0.94577394 | train_log_qty_aux=nan | val_log_qty_aux=nan
[Epoch 011] train_loss=-1.58566707 | score=0.93750006 | val_nll=-1.79648791 | val_acc=0.95608738 | val_dt_mae=1.76721330 | val_qty_mae=0.91519481 | train_log_qty_aux=nan | val_log_qty_aux=nan
[Epoch 012] train_loss=-1.69957170 | score=0.93559196 | val_nll=-1.90391499 | val_acc=0.95412876 | val_dt_mae=1.76721330 | val_qty_mae=0.86466536 | train_log_qty_aux=nan | val_log_qty_aux=nan
[Epoch 013] train_loss=-1.80261663 | score=0.93760787 | val_nll=-2.00130693 | val_acc=0.95616851 | val_dt_mae=1.76721330 | val_qty_mae=0.88850889 | train_log_qty_aux=nan | val_log_qty_aux=nan
[Epoch 014] train_loss=-1.89260538 | score=0.93653893 | val_nll=-2.08174061 | val_acc=0.95512546 | val_dt_mae=1.76721330 | val_qty_mae=0.91439630 | train_log_qty_aux=nan | val_log_qty_aux=nan
[Epoch 015] train_loss=-1.97367459 | score=0.93748840 | val_nll=-2.16171968 | val_acc=0.95611056 | val_dt_mae=1.76721330 | val_qty_mae=0.95002941 | train_log_qty_aux=nan | val_log_qty_aux=nan
[Epoch 016] train_loss=-2.04805195 | score=0.93879942 | val_nll=-2.23046114 | val_acc=0.95738541 | val_dt_mae=1.76721330 | val_qty_mae=0.91385587 | train_log_qty_aux=nan | val_log_qty_aux=nan
[Epoch 017] train_loss=-2.11580598 | score=0.93782309 | val_nll=-2.28829311 | val_acc=0.95637712 | val_dt_mae=1.76721330 | val_qty_mae=0.88190060 | train_log_qty_aux=nan | val_log_qty_aux=nan
[Epoch 018] train_loss=-2.17691495 | score=0.93483385 | val_nll=-2.34362686 | val_acc=0.95345657 | val_dt_mae=1.76721330 | val_qty_mae=0.95058309 | train_log_qty_aux=nan | val_log_qty_aux=nan
[Epoch 019] train_loss=-2.23355520 | score=0.93651553 | val_nll=-2.39969760 | val_acc=0.95512546 | val_dt_mae=1.76721330 | val_qty_mae=0.93778861 | train_log_qty_aux=nan | val_log_qty_aux=nan
[Epoch 020] train_loss=-2.28509818 | score=0.93719280 | val_nll=-2.44760409 | val_acc=0.95575129 | val_dt_mae=1.76721330 | val_qty_mae=0.88635493 | train_log_qty_aux=nan | val_log_qty_aux=nan
[Epoch 021] train_loss=-2.33390842 | score=0.93523655 | val_nll=-2.49266020 | val_acc=0.95390856 | val_dt_mae=1.76721330 | val_qty_mae=0.99987572 | train_log_qty_aux=nan | val_log_qty_aux=nan
[Epoch 022] train_loss=-2.37916222 | score=0.93793854 | val_nll=-2.53361939 | val_acc=0.95642348 | val_dt_mae=1.76721330 | val_qty_mae=0.81280293 | train_log_qty_aux=nan | val_log_qty_aux=nan
[Epoch 023] train_loss=-2.42100169 | score=0.93950373 | val_nll=-2.57559633 | val_acc=0.95803442 | val_dt_mae=1.76721330 | val_qty_mae=0.85855824 | train_log_qty_aux=nan | val_log_qty_aux=nan
[Epoch 024] train_loss=-2.46047154 | score=0.93821141 | val_nll=-2.61274810 | val_acc=0.95680593 | val_dt_mae=1.76721330 | val_qty_mae=0.92239108 | train_log_qty_aux=nan | val_log_qty_aux=nan
[Epoch 025] train_loss=-2.49710946 | score=0.93956127 | val_nll=-2.64797079 | val_acc=0.95816191 | val_dt_mae=1.76721330 | val_qty_mae=0.92849832 | train_log_qty_aux=nan | val_log_qty_aux=nan
[Epoch 026] train_loss=-2.53151593 | score=0.93698608 | val_nll=-2.68159325 | val_acc=0.95557745 | val_dt_mae=1.76721330 | val_qty_mae=0.91923337 | train_log_qty_aux=nan | val_log_qty_aux=nan
[Epoch 027] train_loss=-2.56507897 | score=0.93618817 | val_nll=-2.71163638 | val_acc=0.95474300 | val_dt_mae=1.76721330 | val_qty_mae=0.88269921 | train_log_qty_aux=nan | val_log_qty_aux=nan
[Epoch 028] train_loss=-2.59561499 | score=0.93885166 | val_nll=-2.74102066 | val_acc=0.95739700 | val_dt_mae=1.76721330 | val_qty_mae=0.87320943 | train_log_qty_aux=nan | val_log_qty_aux=nan
[Epoch 029] train_loss=-2.62401094 | score=0.93733141 | val_nll=-2.77209195 | val_acc=0.95597149 | val_dt_mae=1.76721330 | val_qty_mae=0.96794948 | train_log_qty_aux=nan | val_log_qty_aux=nan
[Epoch 030] train_loss=-2.65220577 | score=0.93329323 | val_nll=-2.79324165 | val_acc=0.95192675 | val_dt_mae=1.76721330 | val_qty_mae=0.96139359 | train_log_qty_aux=nan | val_log_qty_aux=nan
[Epoch 031] train_loss=-2.67818023 | score=0.93730032 | val_nll=-2.81816681 | val_acc=0.95589036 | val_dt_mae=1.76721330 | val_qty_mae=0.91791037 | train_log_qty_aux=nan | val_log_qty_aux=nan
[Epoch 032] train_loss=-2.70191076 | score=0.93210855 | val_nll=-2.83080185 | val_acc=0.95070986 | val_dt_mae=1.76721330 | val_qty_mae=0.92917411 | train_log_qty_aux=nan | val_log_qty_aux=nan
[Epoch 033] train_loss=-2.72600705 | score=0.93977847 | val_nll=-2.86974480 | val_acc=0.95832416 | val_dt_mae=1.76721330 | val_qty_mae=0.87355075 | train_log_qty_aux=nan | val_log_qty_aux=nan
[Epoch 034] train_loss=-2.74828735 | score=0.93911581 | val_nll=-2.88889728 | val_acc=0.95765197 | val_dt_mae=1.76721330 | val_qty_mae=0.86402823 | train_log_qty_aux=nan | val_log_qty_aux=nan
[Epoch 035] train_loss=-2.76945113 | score=0.93559119 | val_nll=-2.90697670 | val_acc=0.95417512 | val_dt_mae=1.76721330 | val_qty_mae=0.91179719 | train_log_qty_aux=nan | val_log_qty_aux=nan
[Epoch 036] train_loss=-2.78952234 | score=0.93784914 | val_nll=-2.93010327 | val_acc=0.95638871 | val_dt_mae=1.76721330 | val_qty_mae=0.86744177 | train_log_qty_aux=nan | val_log_qty_aux=nan
[Epoch 037] train_loss=-2.80878636 | score=0.93284293 | val_nll=-2.93835557 | val_acc=0.95142841 | val_dt_mae=1.76721330 | val_qty_mae=0.91333840 | train_log_qty_aux=nan | val_log_qty_aux=nan
[Epoch 038] train_loss=-2.82722623 | score=0.93502492 | val_nll=-2.95981884 | val_acc=0.95364200 | val_dt_mae=1.76721330 | val_qty_mae=0.94494644 | train_log_qty_aux=nan | val_log_qty_aux=nan
[Epoch 039] train_loss=-2.84401109 | score=0.93873330 | val_nll=-2.97919049 | val_acc=0.95722316 | val_dt_mae=1.76721330 | val_qty_mae=0.81771929 | train_log_qty_aux=nan | val_log_qty_aux=nan
[Epoch 040] train_loss=-2.86157286 | score=0.93492237 | val_nll=-2.99348933 | val_acc=0.95350293 | val_dt_mae=1.76721330 | val_qty_mae=0.90841941 | train_log_qty_aux=nan | val_log_qty_aux=nan
[Epoch 041] train_loss=-2.87757628 | score=0.93681889 | val_nll=-3.00949264 | val_acc=0.95536884 | val_dt_mae=1.76721330 | val_qty_mae=0.87780816 | train_log_qty_aux=nan | val_log_qty_aux=nan
[Epoch 042] train_loss=-2.89174012 | score=0.93841518 | val_nll=-3.02632914 | val_acc=0.95697978 | val_dt_mae=1.76721330 | val_qty_mae=0.89246596 | train_log_qty_aux=nan | val_log_qty_aux=nan
[Epoch 043] train_loss=-2.90709766 | score=0.93982246 | val_nll=-3.03836622 | val_acc=0.95828939 | val_dt_mae=1.76721330 | val_qty_mae=0.79479975 | train_log_qty_aux=nan | val_log_qty_aux=nan
[Epoch 044] train_loss=-2.92067397 | score=0.93668982 | val_nll=-3.04918160 | val_acc=0.95521817 | val_dt_mae=1.76721330 | val_qty_mae=0.85621654 | train_log_qty_aux=nan | val_log_qty_aux=nan
[Epoch 045] train_loss=-2.93401211 | score=0.93730771 | val_nll=-3.06197317 | val_acc=0.95589036 | val_dt_mae=1.76721330 | val_qty_mae=0.91052323 | train_log_qty_aux=nan | val_log_qty_aux=nan
[Epoch 046] train_loss=-2.94790757 | score=0.93157986 | val_nll=-3.06956999 | val_acc=0.95014197 | val_dt_mae=1.76721330 | val_qty_mae=0.88997850 | train_log_qty_aux=nan | val_log_qty_aux=nan
[Epoch 047] train_loss=-2.95988795 | score=0.93197274 | val_nll=-3.08416579 | val_acc=0.95059396 | val_dt_mae=1.76721330 | val_qty_mae=0.94908985 | train_log_qty_aux=nan | val_log_qty_aux=nan
[Epoch 048] train_loss=-2.97127060 | score=0.93992521 | val_nll=-3.10468577 | val_acc=0.95850959 | val_dt_mae=1.76721330 | val_qty_mae=0.91224399 | train_log_qty_aux=nan | val_log_qty_aux=nan
[Epoch 049] train_loss=-2.98278020 | score=0.93699191 | val_nll=-3.10925159 | val_acc=0.95555427 | val_dt_mae=1.76721330 | val_qty_mae=0.89021998 | train_log_qty_aux=nan | val_log_qty_aux=nan
[Epoch 050] train_loss=-2.99301513 | score=0.93907611 | val_nll=-3.12838205 | val_acc=0.95766356 | val_dt_mae=1.76721330 | val_qty_mae=0.91531872 | train_log_qty_aux=nan | val_log_qty_aux=nan
[Epoch 051] train_loss=-3.00439227 | score=0.93839759 | val_nll=-3.13265026 | val_acc=0.95700296 | val_dt_mae=1.76721330 | val_qty_mae=0.93323364 | train_log_qty_aux=nan | val_log_qty_aux=nan
[Epoch 052] train_loss=-3.01453927 | score=0.93788109 | val_nll=-3.13825210 | val_acc=0.95643507 | val_dt_mae=1.76721330 | val_qty_mae=0.88184620 | train_log_qty_aux=nan | val_log_qty_aux=nan
[Epoch 053] train_loss=-3.02412724 | score=0.93597689 | val_nll=-3.15052403 | val_acc=0.95449962 | val_dt_mae=1.76721330 | val_qty_mae=0.85060102 | train_log_qty_aux=nan | val_log_qty_aux=nan
[Epoch 054] train_loss=-3.03334081 | score=0.93512038 | val_nll=-3.15767628 | val_acc=0.95368836 | val_dt_mae=1.76721330 | val_qty_mae=0.89585012 | train_log_qty_aux=nan | val_log_qty_aux=nan
[Epoch 055] train_loss=-3.04241825 | score=0.94021131 | val_nll=-3.17505783 | val_acc=0.95871820 | val_dt_mae=1.76721330 | val_qty_mae=0.83476248 | train_log_qty_aux=nan | val_log_qty_aux=nan
[Epoch 056] train_loss=-3.05073168 | score=0.93996518 | val_nll=-3.18436612 | val_acc=0.95848641 | val_dt_mae=1.76721330 | val_qty_mae=0.84910213 | train_log_qty_aux=nan | val_log_qty_aux=nan
[Epoch 057] train_loss=-3.05958534 | score=0.93210337 | val_nll=-3.18522798 | val_acc=0.95075621 | val_dt_mae=1.76721330 | val_qty_mae=0.98071421 | train_log_qty_aux=nan | val_log_qty_aux=nan
[Epoch 058] train_loss=-3.06769756 | score=0.93303971 | val_nll=-3.18840816 | val_acc=0.95164861 | val_dt_mae=1.76721330 | val_qty_mae=0.93676542 | train_log_qty_aux=nan | val_log_qty_aux=nan
[Epoch 059] train_loss=-3.07519441 | score=0.93659026 | val_nll=-3.20154552 | val_acc=0.95519499 | val_dt_mae=1.76721330 | val_qty_mae=0.93259767 | train_log_qty_aux=nan | val_log_qty_aux=nan
[Epoch 060] train_loss=-3.08290151 | score=0.93872369 | val_nll=-3.20947170 | val_acc=0.95725792 | val_dt_mae=1.76721330 | val_qty_mae=0.86209860 | train_log_qty_aux=nan | val_log_qty_aux=nan
[Epoch 061] train_loss=-3.08985599 | score=0.93293960 | val_nll=-3.20873122 | val_acc=0.95149794 | val_dt_mae=1.76721330 | val_qty_mae=0.88621243 | train_log_qty_aux=nan | val_log_qty_aux=nan
[Epoch 062] train_loss=-3.09688393 | score=0.93494109 | val_nll=-3.21830862 | val_acc=0.95349134 | val_dt_mae=1.76721330 | val_qty_mae=0.87811609 | train_log_qty_aux=nan | val_log_qty_aux=nan
[Epoch 063] train_loss=-3.10356837 | score=0.93682623 | val_nll=-3.23009756 | val_acc=0.95538043 | val_dt_mae=1.76721330 | val_qty_mae=0.88206163 | train_log_qty_aux=nan | val_log_qty_aux=nan
[Epoch 064] train_loss=-3.11014099 | score=0.93562811 | val_nll=-3.23487269 | val_acc=0.95426783 | val_dt_mae=1.76721330 | val_qty_mae=0.96759395 | train_log_qty_aux=nan | val_log_qty_aux=nan
[Epoch 065] train_loss=-3.11592002 | score=0.93594011 | val_nll=-3.23834891 | val_acc=0.95454598 | val_dt_mae=1.76721330 | val_qty_mae=0.93374082 | train_log_qty_aux=nan | val_log_qty_aux=nan
[Epoch 066] train_loss=-3.12218587 | score=0.93606228 | val_nll=-3.24455003 | val_acc=0.95463870 | val_dt_mae=1.76721330 | val_qty_mae=0.90428182 | train_log_qty_aux=nan | val_log_qty_aux=nan
[Epoch 067] train_loss=-3.12819378 | score=0.93238859 | val_nll=-3.24765131 | val_acc=0.95103436 | val_dt_mae=1.76721330 | val_qty_mae=0.97364106 | train_log_qty_aux=nan | val_log_qty_aux=nan
[Epoch 068] train_loss=-3.13310781 | score=0.93337107 | val_nll=-3.25136407 | val_acc=0.95199629 | val_dt_mae=1.76721330 | val_qty_mae=0.95308740 | train_log_qty_aux=nan | val_log_qty_aux=nan
[Epoch 069] train_loss=-3.13966815 | score=0.93419317 | val_nll=-3.25887735 | val_acc=0.95274961 | val_dt_mae=1.76721330 | val_qty_mae=0.88430210 | train_log_qty_aux=nan | val_log_qty_aux=nan
[Epoch 070] train_loss=-3.14438450 | score=0.93392175 | val_nll=-3.26314254 | val_acc=0.95255259 | val_dt_mae=1.76721330 | val_qty_mae=0.95870108 | train_log_qty_aux=nan | val_log_qty_aux=nan
[Epoch 071] train_loss=-3.14933705 | score=0.93547955 | val_nll=-3.27347389 | val_acc=0.95412876 | val_dt_mae=1.76721330 | val_qty_mae=0.97707708 | train_log_qty_aux=nan | val_log_qty_aux=nan
[Epoch 072] train_loss=-3.15472394 | score=0.93840437 | val_nll=-3.27803158 | val_acc=0.95692183 | val_dt_mae=1.76721330 | val_qty_mae=0.84532478 | train_log_qty_aux=nan | val_log_qty_aux=nan
[Epoch 073] train_loss=-3.15917042 | score=0.93438867 | val_nll=-3.27924787 | val_acc=0.95295822 | val_dt_mae=1.76721330 | val_qty_mae=0.89741871 | train_log_qty_aux=nan | val_log_qty_aux=nan
[Epoch 074] train_loss=-3.16380262 | score=0.93762879 | val_nll=-3.28401033 | val_acc=0.95616851 | val_dt_mae=1.76721330 | val_qty_mae=0.86758524 | train_log_qty_aux=nan | val_log_qty_aux=nan
[Epoch 075] train_loss=-3.16792814 | score=0.94036349 | val_nll=-3.29084453 | val_acc=0.95883410 | val_dt_mae=1.76721330 | val_qty_mae=0.79847380 | train_log_qty_aux=nan | val_log_qty_aux=nan
[Epoch 076] train_loss=-3.17237633 | score=0.93179312 | val_nll=-3.28283422 | val_acc=0.95038535 | val_dt_mae=1.76721330 | val_qty_mae=0.92009587 | train_log_qty_aux=nan | val_log_qty_aux=nan
[Epoch 077] train_loss=-3.17583142 | score=0.93858642 | val_nll=-3.30260328 | val_acc=0.95714203 | val_dt_mae=1.76721330 | val_qty_mae=0.88347242 | train_log_qty_aux=nan | val_log_qty_aux=nan
[Epoch 078] train_loss=-3.18034020 | score=0.93812064 | val_nll=-3.30365313 | val_acc=0.95667845 | val_dt_mae=1.76721330 | val_qty_mae=0.88567815 | train_log_qty_aux=nan | val_log_qty_aux=nan
[Epoch 079] train_loss=-3.18344912 | score=0.93845759 | val_nll=-3.30858042 | val_acc=0.95695660 | val_dt_mae=1.76721330 | val_qty_mae=0.82687371 | train_log_qty_aux=nan | val_log_qty_aux=nan
[Epoch 080] train_loss=-3.18841545 | score=0.93285858 | val_nll=-3.29981117 | val_acc=0.95137046 | val_dt_mae=1.76721330 | val_qty_mae=0.83974263 | train_log_qty_aux=nan | val_log_qty_aux=nan
[Epoch 081] train_loss=-3.19099434 | score=0.93721648 | val_nll=-3.31437718 | val_acc=0.95575129 | val_dt_mae=1.76721330 | val_qty_mae=0.86267328 | train_log_qty_aux=nan | val_log_qty_aux=nan
[Epoch 082] train_loss=-3.19428852 | score=0.93966290 | val_nll=-3.31797547 | val_acc=0.95813873 | val_dt_mae=1.76721330 | val_qty_mae=0.80368929 | train_log_qty_aux=nan | val_log_qty_aux=nan
[Epoch 083] train_loss=-3.19727163 | score=0.93271758 | val_nll=-3.30830005 | val_acc=0.95127774 | val_dt_mae=1.76721330 | val_qty_mae=0.88803285 | train_log_qty_aux=nan | val_log_qty_aux=nan
[Epoch 084] train_loss=-3.20152132 | score=0.93355992 | val_nll=-3.31758957 | val_acc=0.95217013 | val_dt_mae=1.76721330 | val_qty_mae=0.93807909 | train_log_qty_aux=nan | val_log_qty_aux=nan
[Epoch 085] train_loss=-3.20505904 | score=0.93612992 | val_nll=-3.32267120 | val_acc=0.95475459 | val_dt_mae=1.76721330 | val_qty_mae=0.95253576 | train_log_qty_aux=nan | val_log_qty_aux=nan
[Epoch 086] train_loss=-3.20794386 | score=0.93425651 | val_nll=-3.31996188 | val_acc=0.95279597 | val_dt_mae=1.76721330 | val_qty_mae=0.86732176 | train_log_qty_aux=nan | val_log_qty_aux=nan
[Epoch 087] train_loss=-3.21100171 | score=0.93630856 | val_nll=-3.32984836 | val_acc=0.95488208 | val_dt_mae=1.76721330 | val_qty_mae=0.90138013 | train_log_qty_aux=nan | val_log_qty_aux=nan
[Epoch 088] train_loss=-3.21344697 | score=0.94010922 | val_nll=-3.33969691 | val_acc=0.95864866 | val_dt_mae=1.76721330 | val_qty_mae=0.86731027 | train_log_qty_aux=nan | val_log_qty_aux=nan
[Epoch 089] train_loss=-3.21636020 | score=0.93833573 | val_nll=-3.33827485 | val_acc=0.95691024 | val_dt_mae=1.76721330 | val_qty_mae=0.90237976 | train_log_qty_aux=nan | val_log_qty_aux=nan
[Epoch 090] train_loss=-3.21834045 | score=0.93902942 | val_nll=-3.34123547 | val_acc=0.95757084 | val_dt_mae=1.76721330 | val_qty_mae=0.86928396 | train_log_qty_aux=nan | val_log_qty_aux=nan
[Epoch 091] train_loss=-3.22152985 | score=0.93452935 | val_nll=-3.33610514 | val_acc=0.95316683 | val_dt_mae=1.76721330 | val_qty_mae=0.96535207 | train_log_qty_aux=nan | val_log_qty_aux=nan
[Epoch 092] train_loss=-3.22374879 | score=0.93944171 | val_nll=-3.34515959 | val_acc=0.95794170 | val_dt_mae=1.76721330 | val_qty_mae=0.82786250 | train_log_qty_aux=nan | val_log_qty_aux=nan
[Epoch 093] train_loss=-3.22646955 | score=0.93598493 | val_nll=-3.34044888 | val_acc=0.95452280 | val_dt_mae=1.76721330 | val_qty_mae=0.86574361 | train_log_qty_aux=nan | val_log_qty_aux=nan
[Epoch 094] train_loss=-3.22882696 | score=0.93564704 | val_nll=-3.34846089 | val_acc=0.95424465 | val_dt_mae=1.76721330 | val_qty_mae=0.92548534 | train_log_qty_aux=nan | val_log_qty_aux=nan
[Epoch 095] train_loss=-3.23066834 | score=0.93892564 | val_nll=-3.35033121 | val_acc=0.95745495 | val_dt_mae=1.76721330 | val_qty_mae=0.85716850 | train_log_qty_aux=nan | val_log_qty_aux=nan
[Epoch 096] train_loss=-3.23308287 | score=0.93634716 | val_nll=-3.35172151 | val_acc=0.95496320 | val_dt_mae=1.76721330 | val_qty_mae=0.94390608 | train_log_qty_aux=nan | val_log_qty_aux=nan
[Epoch 097] train_loss=-3.23557615 | score=0.93683084 | val_nll=-3.35014549 | val_acc=0.95536884 | val_dt_mae=1.76721330 | val_qty_mae=0.86586091 | train_log_qty_aux=nan | val_log_qty_aux=nan
[Epoch 098] train_loss=-3.23822840 | score=0.93482806 | val_nll=-3.35701714 | val_acc=0.95343339 | val_dt_mae=1.76721330 | val_qty_mae=0.93319746 | train_log_qty_aux=nan | val_log_qty_aux=nan
[Epoch 099] train_loss=-3.23919279 | score=0.93456638 | val_nll=-3.35507787 | val_acc=0.95317842 | val_dt_mae=1.76721330 | val_qty_mae=0.93990685 | train_log_qty_aux=nan | val_log_qty_aux=nan
[Epoch 100] train_loss=-3.24166550 | score=0.93599444 | val_nll=-3.35658475 | val_acc=0.95454598 | val_dt_mae=1.76721330 | val_qty_mae=0.87940961 | train_log_qty_aux=nan | val_log_qty_aux=nan
[Epoch 101] train_loss=-3.24336869 | score=0.93527366 | val_nll=-3.35866252 | val_acc=0.95383902 | val_dt_mae=1.76721330 | val_qty_mae=0.89322889 | train_log_qty_aux=nan | val_log_qty_aux=nan
[Epoch 102] train_loss=-3.24571900 | score=0.93458190 | val_nll=-3.36023202 | val_acc=0.95325955 | val_dt_mae=1.76721330 | val_qty_mae=1.00551784 | train_log_qty_aux=nan | val_log_qty_aux=nan
[Epoch 103] train_loss=-3.24709168 | score=0.94146549 | val_nll=-3.36742648 | val_acc=0.95990033 | val_dt_mae=1.76721330 | val_qty_mae=0.76270980 | train_log_qty_aux=nan | val_log_qty_aux=nan
[Epoch 104] train_loss=-3.24918284 | score=0.93744359 | val_nll=-3.36444223 | val_acc=0.95597149 | val_dt_mae=1.76721330 | val_qty_mae=0.85576681 | train_log_qty_aux=nan | val_log_qty_aux=nan
[Epoch 105] train_loss=-3.25078919 | score=0.93998886 | val_nll=-3.37398711 | val_acc=0.95853277 | val_dt_mae=1.76721330 | val_qty_mae=0.87177146 | train_log_qty_aux=nan | val_log_qty_aux=nan
[Epoch 106] train_loss=-3.25279838 | score=0.93488689 | val_nll=-3.36909749 | val_acc=0.95350293 | val_dt_mae=1.76721330 | val_qty_mae=0.94390801 | train_log_qty_aux=nan | val_log_qty_aux=nan
[Epoch 107] train_loss=-3.25413449 | score=0.93649700 | val_nll=-3.36891661 | val_acc=0.95506751 | val_dt_mae=1.76721330 | val_qty_mae=0.89837746 | train_log_qty_aux=nan | val_log_qty_aux=nan
[Epoch 108] train_loss=-3.25463377 | score=0.93651328 | val_nll=-3.37051304 | val_acc=0.95510228 | val_dt_mae=1.76721330 | val_qty_mae=0.91686206 | train_log_qty_aux=nan | val_log_qty_aux=nan
[Epoch 109] train_loss=-3.25681645 | score=0.93927244 | val_nll=-3.37946805 | val_acc=0.95787217 | val_dt_mae=1.76721330 | val_qty_mae=0.92759166 | train_log_qty_aux=nan | val_log_qty_aux=nan
[Epoch 110] train_loss=-3.25858767 | score=0.93841604 | val_nll=-3.38074953 | val_acc=0.95697978 | val_dt_mae=1.76721330 | val_qty_mae=0.89160703 | train_log_qty_aux=nan | val_log_qty_aux=nan
[Epoch 111] train_loss=-3.25928360 | score=0.93091797 | val_nll=-3.36855823 | val_acc=0.94946978 | val_dt_mae=1.76721330 | val_qty_mae=0.87967493 | train_log_qty_aux=nan | val_log_qty_aux=nan
[Epoch 112] train_loss=-3.26099063 | score=0.93606831 | val_nll=-3.37695013 | val_acc=0.95459234 | val_dt_mae=1.76721330 | val_qty_mae=0.85190035 | train_log_qty_aux=nan | val_log_qty_aux=nan
[Epoch 113] train_loss=-3.26201840 | score=0.93660325 | val_nll=-3.37534976 | val_acc=0.95516022 | val_dt_mae=1.76721330 | val_qty_mae=0.88483804 | train_log_qty_aux=nan | val_log_qty_aux=nan
[Epoch 114] train_loss=-3.26293623 | score=0.93915559 | val_nll=-3.38479382 | val_acc=0.95762879 | val_dt_mae=1.76721330 | val_qty_mae=0.80106695 | train_log_qty_aux=nan | val_log_qty_aux=nan
[Epoch 115] train_loss=-3.26493011 | score=0.93541284 | val_nll=-3.38064300 | val_acc=0.95401286 | val_dt_mae=1.76721330 | val_qty_mae=0.92789441 | train_log_qty_aux=nan | val_log_qty_aux=nan
[Epoch 116] train_loss=-3.26574662 | score=0.93538120 | val_nll=-3.37989214 | val_acc=0.95407081 | val_dt_mae=1.76721330 | val_qty_mae=1.01747639 | train_log_qty_aux=nan | val_log_qty_aux=nan
[Epoch 117] train_loss=-3.26637306 | score=0.93828219 | val_nll=-3.38895384 | val_acc=0.95680593 | val_dt_mae=1.76721330 | val_qty_mae=0.85161440 | train_log_qty_aux=nan | val_log_qty_aux=nan
[Epoch 118] train_loss=-3.26811338 | score=0.93072564 | val_nll=-3.36930353 | val_acc=0.94935389 | val_dt_mae=1.76721330 | val_qty_mae=0.95611146 | train_log_qty_aux=nan | val_log_qty_aux=nan
[Epoch 119] train_loss=-3.26880760 | score=0.93828977 | val_nll=-3.39378191 | val_acc=0.95685229 | val_dt_mae=1.76721330 | val_qty_mae=0.89038914 | train_log_qty_aux=nan | val_log_qty_aux=nan
[Epoch 120] train_loss=-3.27008955 | score=0.93940888 | val_nll=-3.39283209 | val_acc=0.95793012 | val_dt_mae=1.76721330 | val_qty_mae=0.84910344 | train_log_qty_aux=nan | val_log_qty_aux=nan
[Epoch 121] train_loss=-3.27092725 | score=0.93707544 | val_nll=-3.38957094 | val_acc=0.95563539 | val_dt_mae=1.76721330 | val_qty_mae=0.88781897 | train_log_qty_aux=nan | val_log_qty_aux=nan
[Epoch 122] train_loss=-3.27207537 | score=0.93708710 | val_nll=-3.39074881 | val_acc=0.95560063 | val_dt_mae=1.76721330 | val_qty_mae=0.84139001 | train_log_qty_aux=nan | val_log_qty_aux=nan
[Epoch 123] train_loss=-3.27232530 | score=0.93948372 | val_nll=-3.39307288 | val_acc=0.95793012 | val_dt_mae=1.76721330 | val_qty_mae=0.77426555 | train_log_qty_aux=nan | val_log_qty_aux=nan
[Epoch 124] train_loss=-3.27360904 | score=0.93817785 | val_nll=-3.39379687 | val_acc=0.95672481 | val_dt_mae=1.76721330 | val_qty_mae=0.87482469 | train_log_qty_aux=nan | val_log_qty_aux=nan
[Epoch 125] train_loss=-3.27432169 | score=0.93811381 | val_nll=-3.39152468 | val_acc=0.95665527 | val_dt_mae=1.76721330 | val_qty_mae=0.86933001 | train_log_qty_aux=nan | val_log_qty_aux=nan
[Epoch 126] train_loss=-3.27584962 | score=0.94018024 | val_nll=-3.39638119 | val_acc=0.95866025 | val_dt_mae=1.76721330 | val_qty_mae=0.80787832 | train_log_qty_aux=nan | val_log_qty_aux=nan
[Epoch 127] train_loss=-3.27667085 | score=0.93391364 | val_nll=-3.39018847 | val_acc=0.95247146 | val_dt_mae=1.76721330 | val_qty_mae=0.88568641 | train_log_qty_aux=nan | val_log_qty_aux=nan
[Epoch 128] train_loss=-3.27732487 | score=0.93774598 | val_nll=-3.39842301 | val_acc=0.95629600 | val_dt_mae=1.76721330 | val_qty_mae=0.87788284 | train_log_qty_aux=nan | val_log_qty_aux=nan
[Epoch 129] train_loss=-3.27779637 | score=0.93662719 | val_nll=-3.39246356 | val_acc=0.95513705 | val_dt_mae=1.76721330 | val_qty_mae=0.83772420 | train_log_qty_aux=nan | val_log_qty_aux=nan
[Epoch 130] train_loss=-3.27909966 | score=0.93710011 | val_nll=-3.39597875 | val_acc=0.95569334 | val_dt_mae=1.76721330 | val_qty_mae=0.92109900 | train_log_qty_aux=nan | val_log_qty_aux=nan
[Epoch 131] train_loss=-3.27934721 | score=0.93529092 | val_nll=-3.39598954 | val_acc=0.95385061 | val_dt_mae=1.76721330 | val_qty_mae=0.88755756 | train_log_qty_aux=nan | val_log_qty_aux=nan
[Epoch 132] train_loss=-3.28038557 | score=0.93366050 | val_nll=-3.39586426 | val_acc=0.95233239 | val_dt_mae=1.76721330 | val_qty_mae=0.99975428 | train_log_qty_aux=nan | val_log_qty_aux=nan
[Epoch 133] train_loss=-3.28001156 | score=0.93897965 | val_nll=-3.39803415 | val_acc=0.95751289 | val_dt_mae=1.76721330 | val_qty_mae=0.86110824 | train_log_qty_aux=nan | val_log_qty_aux=nan
[Epoch 134] train_loss=-3.28189185 | score=0.93909653 | val_nll=-3.39859676 | val_acc=0.95761720 | val_dt_mae=1.76721330 | val_qty_mae=0.84853316 | train_log_qty_aux=nan | val_log_qty_aux=nan
[Epoch 135] train_loss=-3.28149035 | score=0.93705526 | val_nll=-3.39585631 | val_acc=0.95553109 | val_dt_mae=1.76721330 | val_qty_mae=0.80369828 | train_log_qty_aux=nan | val_log_qty_aux=nan
[Epoch 136] train_loss=-3.28282727 | score=0.93701137 | val_nll=-3.40034122 | val_acc=0.95557745 | val_dt_mae=1.76721330 | val_qty_mae=0.89394740 | train_log_qty_aux=nan | val_log_qty_aux=nan
[Epoch 137] train_loss=-3.28365530 | score=0.93699631 | val_nll=-3.40136142 | val_acc=0.95556586 | val_dt_mae=1.76721330 | val_qty_mae=0.89741419 | train_log_qty_aux=nan | val_log_qty_aux=nan
[Epoch 138] train_loss=-3.28412420 | score=0.93599149 | val_nll=-3.40111557 | val_acc=0.95456916 | val_dt_mae=1.76721330 | val_qty_mae=0.90553235 | train_log_qty_aux=nan | val_log_qty_aux=nan
[Epoch 139] train_loss=-3.28498188 | score=0.92896948 | val_nll=-3.39064165 | val_acc=0.94756910 | val_dt_mae=1.76721330 | val_qty_mae=0.92748466 | train_log_qty_aux=nan | val_log_qty_aux=nan
[Epoch 140] train_loss=-3.28554546 | score=0.93592470 | val_nll=-3.40048247 | val_acc=0.95453439 | val_dt_mae=1.76721330 | val_qty_mae=0.93755580 | train_log_qty_aux=nan | val_log_qty_aux=nan
[Epoch 141] train_loss=-3.28649128 | score=0.93664776 | val_nll=-3.40129992 | val_acc=0.95517181 | val_dt_mae=1.76721330 | val_qty_mae=0.85192041 | train_log_qty_aux=nan | val_log_qty_aux=nan
[Epoch 142] train_loss=-3.28652887 | score=0.93302881 | val_nll=-3.39385391 | val_acc=0.95156748 | val_dt_mae=1.76721330 | val_qty_mae=0.86653498 | train_log_qty_aux=nan | val_log_qty_aux=nan
[Epoch 143] train_loss=-3.28674663 | score=0.93422766 | val_nll=-3.39642132 | val_acc=0.95283074 | val_dt_mae=1.76721330 | val_qty_mae=0.93094520 | train_log_qty_aux=nan | val_log_qty_aux=nan
[Epoch 144] train_loss=-3.28829200 | score=0.93690641 | val_nll=-3.40511940 | val_acc=0.95543837 | val_dt_mae=1.76721330 | val_qty_mae=0.85983155 | train_log_qty_aux=nan | val_log_qty_aux=nan
[Epoch 145] train_loss=-3.28855820 | score=0.93519603 | val_nll=-3.40361235 | val_acc=0.95376948 | val_dt_mae=1.76721330 | val_qty_mae=0.90131814 | train_log_qty_aux=nan | val_log_qty_aux=nan
[Epoch 146] train_loss=-3.28931794 | score=0.93723138 | val_nll=-3.40602933 | val_acc=0.95580924 | val_dt_mae=1.76721330 | val_qty_mae=0.90572181 | train_log_qty_aux=nan | val_log_qty_aux=nan
[Epoch 147] train_loss=-3.28920043 | score=0.93697096 | val_nll=-3.40770863 | val_acc=0.95551950 | val_dt_mae=1.76721330 | val_qty_mae=0.87640624 | train_log_qty_aux=nan | val_log_qty_aux=nan
[Epoch 148] train_loss=-3.28967599 | score=0.93736599 | val_nll=-3.40291135 | val_acc=0.95585559 | val_dt_mae=1.76721330 | val_qty_mae=0.81746769 | train_log_qty_aux=nan | val_log_qty_aux=nan
[Epoch 149] train_loss=-3.28992381 | score=0.93284541 | val_nll=-3.40037786 | val_acc=0.95148635 | val_dt_mae=1.76721330 | val_qty_mae=0.96880726 | train_log_qty_aux=nan | val_log_qty_aux=nan
[Epoch 150] train_loss=-3.29048960 | score=0.93672362 | val_nll=-3.40820620 | val_acc=0.95524135 | val_dt_mae=1.76721330 | val_qty_mae=0.84560004 | train_log_qty_aux=nan | val_log_qty_aux=nan
[Epoch 151] train_loss=-3.29072598 | score=0.93779311 | val_nll=-3.40542421 | val_acc=0.95628441 | val_dt_mae=1.76721330 | val_qty_mae=0.81915836 | train_log_qty_aux=nan | val_log_qty_aux=nan
[Epoch 152] train_loss=-3.29078138 | score=0.94096406 | val_nll=-3.41639091 | val_acc=0.95943675 | val_dt_mae=1.76721330 | val_qty_mae=0.80056201 | train_log_qty_aux=nan | val_log_qty_aux=nan
[Epoch 153] train_loss=-3.29119800 | score=0.93954456 | val_nll=-3.41229455 | val_acc=0.95804601 | val_dt_mae=1.76721330 | val_qty_mae=0.82931373 | train_log_qty_aux=nan | val_log_qty_aux=nan
[Epoch 154] train_loss=-3.29181500 | score=0.93567958 | val_nll=-3.40755112 | val_acc=0.95420989 | val_dt_mae=1.76721330 | val_qty_mae=0.85816880 | train_log_qty_aux=nan | val_log_qty_aux=nan
[Epoch 155] train_loss=-3.29224850 | score=0.93929183 | val_nll=-3.41359144 | val_acc=0.95784899 | val_dt_mae=1.76721330 | val_qty_mae=0.88503061 | train_log_qty_aux=nan | val_log_qty_aux=nan
[Epoch 156] train_loss=-3.29221884 | score=0.93621902 | val_nll=-3.40681403 | val_acc=0.95478936 | val_dt_mae=1.76721330 | val_qty_mae=0.89821133 | train_log_qty_aux=nan | val_log_qty_aux=nan
[Epoch 157] train_loss=-3.29264471 | score=0.93926253 | val_nll=-3.41435903 | val_acc=0.95774468 | val_dt_mae=1.76721330 | val_qty_mae=0.81002311 | train_log_qty_aux=nan | val_log_qty_aux=nan
[Epoch 158] train_loss=-3.29363980 | score=0.93632601 | val_nll=-3.40490301 | val_acc=0.95492843 | val_dt_mae=1.76721330 | val_qty_mae=0.93029109 | train_log_qty_aux=nan | val_log_qty_aux=nan
[Epoch 159] train_loss=-3.29404088 | score=0.93940281 | val_nll=-3.40988821 | val_acc=0.95787217 | val_dt_mae=1.76721330 | val_qty_mae=0.79722010 | train_log_qty_aux=nan | val_log_qty_aux=nan
[Epoch 160] train_loss=-3.29412836 | score=0.93280161 | val_nll=-3.40056224 | val_acc=0.95139364 | val_dt_mae=1.76721330 | val_qty_mae=0.91989433 | train_log_qty_aux=nan | val_log_qty_aux=nan
[Epoch 161] train_loss=-3.29415055 | score=0.93839209 | val_nll=-3.41268443 | val_acc=0.95694501 | val_dt_mae=1.76721330 | val_qty_mae=0.88078964 | train_log_qty_aux=nan | val_log_qty_aux=nan
[Epoch 162] train_loss=-3.29501219 | score=0.93881005 | val_nll=-3.41056315 | val_acc=0.95733905 | val_dt_mae=1.76721330 | val_qty_mae=0.85686455 | train_log_qty_aux=nan | val_log_qty_aux=nan
[Epoch 163] train_loss=-3.29542774 | score=0.94030588 | val_nll=-3.41415038 | val_acc=0.95882251 | val_dt_mae=1.76721330 | val_qty_mae=0.84449822 | train_log_qty_aux=nan | val_log_qty_aux=nan
[Epoch 164] train_loss=-3.29496365 | score=0.93590998 | val_nll=-3.40868289 | val_acc=0.95448803 | val_dt_mae=1.76721330 | val_qty_mae=0.90592326 | train_log_qty_aux=nan | val_log_qty_aux=nan
[Epoch 165] train_loss=-3.29596208 | score=0.93811410 | val_nll=-3.41311973 | val_acc=0.95667845 | val_dt_mae=1.76721330 | val_qty_mae=0.89221129 | train_log_qty_aux=nan | val_log_qty_aux=nan
[Epoch 166] train_loss=-3.29591289 | score=0.93888120 | val_nll=-3.41537530 | val_acc=0.95744336 | val_dt_mae=1.76721330 | val_qty_mae=0.89001918 | train_log_qty_aux=nan | val_log_qty_aux=nan
[Epoch 167] train_loss=-3.29624956 | score=0.93259964 | val_nll=-3.40125579 | val_acc=0.95113867 | val_dt_mae=1.76721330 | val_qty_mae=0.86689968 | train_log_qty_aux=nan | val_log_qty_aux=nan
[Epoch 168] train_loss=-3.29751687 | score=0.93577918 | val_nll=-3.41242502 | val_acc=0.95432578 | val_dt_mae=1.76721330 | val_qty_mae=0.87446440 | train_log_qty_aux=nan | val_log_qty_aux=nan
[Epoch 169] train_loss=-3.29652976 | score=0.93357286 | val_nll=-3.40205609 | val_acc=0.95212378 | val_dt_mae=1.76721330 | val_qty_mae=0.87877883 | train_log_qty_aux=nan | val_log_qty_aux=nan
[Epoch 170] train_loss=-3.29737492 | score=0.94008294 | val_nll=-3.41759905 | val_acc=0.95862549 | val_dt_mae=1.76721330 | val_qty_mae=0.87041166 | train_log_qty_aux=nan | val_log_qty_aux=nan
[Epoch 171] train_loss=-3.29735550 | score=0.93998588 | val_nll=-3.41536173 | val_acc=0.95854436 | val_dt_mae=1.76721330 | val_qty_mae=0.88634111 | train_log_qty_aux=nan | val_log_qty_aux=nan
[Epoch 172] train_loss=-3.29766001 | score=0.93729666 | val_nll=-3.41347784 | val_acc=0.95584401 | val_dt_mae=1.76721330 | val_qty_mae=0.87521063 | train_log_qty_aux=nan | val_log_qty_aux=nan
[Epoch 173] train_loss=-3.29740704 | score=0.93455617 | val_nll=-3.40890278 | val_acc=0.95319001 | val_dt_mae=1.76721330 | val_qty_mae=0.96171143 | train_log_qty_aux=nan | val_log_qty_aux=nan
[Epoch 174] train_loss=-3.29725934 | score=0.93741896 | val_nll=-3.41387638 | val_acc=0.95591354 | val_dt_mae=1.76721330 | val_qty_mae=0.82245033 | train_log_qty_aux=nan | val_log_qty_aux=nan
[Epoch 175] train_loss=-3.29790628 | score=0.93851299 | val_nll=-3.41598940 | val_acc=0.95701454 | val_dt_mae=1.76721330 | val_qty_mae=0.82942672 | train_log_qty_aux=nan | val_log_qty_aux=nan
[Epoch 176] train_loss=-3.29810383 | score=0.93450947 | val_nll=-3.41080583 | val_acc=0.95314365 | val_dt_mae=1.76721330 | val_qty_mae=0.96204724 | train_log_qty_aux=nan | val_log_qty_aux=nan
[Epoch 177] train_loss=-3.29824200 | score=0.93244668 | val_nll=-3.40252645 | val_acc=0.95099959 | val_dt_mae=1.76721330 | val_qty_mae=0.88077799 | train_log_qty_aux=nan | val_log_qty_aux=nan
[Epoch 178] train_loss=-3.29778584 | score=0.93714218 | val_nll=-3.41395152 | val_acc=0.95565857 | val_dt_mae=1.76721330 | val_qty_mae=0.84425602 | train_log_qty_aux=nan | val_log_qty_aux=nan
[Epoch 179] train_loss=-3.29757218 | score=0.93711936 | val_nll=-3.41602559 | val_acc=0.95564698 | val_dt_mae=1.76721330 | val_qty_mae=0.85549197 | train_log_qty_aux=nan | val_log_qty_aux=nan
[Epoch 180] train_loss=-3.29803264 | score=0.93704455 | val_nll=-3.41180952 | val_acc=0.95560063 | val_dt_mae=1.76721330 | val_qty_mae=0.88393958 | train_log_qty_aux=nan | val_log_qty_aux=nan
[Epoch 181] train_loss=-3.29808533 | score=0.93616546 | val_nll=-3.41343361 | val_acc=0.95470823 | val_dt_mae=1.76721330 | val_qty_mae=0.87064572 | train_log_qty_aux=nan | val_log_qty_aux=nan
[Epoch 182] train_loss=-3.29815459 | score=0.93564432 | val_nll=-3.41251196 | val_acc=0.95420989 | val_dt_mae=1.76721330 | val_qty_mae=0.89343311 | train_log_qty_aux=nan | val_log_qty_aux=nan
[Epoch 183] train_loss=-3.29870344 | score=0.93780768 | val_nll=-3.40876053 | val_acc=0.95628441 | val_dt_mae=1.76721330 | val_qty_mae=0.80459367 | train_log_qty_aux=nan | val_log_qty_aux=nan
[Epoch 184] train_loss=-3.29858963 | score=0.93154273 | val_nll=-3.40192657 | val_acc=0.95010720 | val_dt_mae=1.76721330 | val_qty_mae=0.89233842 | train_log_qty_aux=nan | val_log_qty_aux=nan
[Epoch 185] train_loss=-3.29819462 | score=0.93589599 | val_nll=-3.41201564 | val_acc=0.95451121 | val_dt_mae=1.76721330 | val_qty_mae=0.94309335 | train_log_qty_aux=nan | val_log_qty_aux=nan
[Epoch 186] train_loss=-3.29883803 | score=0.93848383 | val_nll=-3.41855328 | val_acc=0.95696819 | val_dt_mae=1.76721330 | val_qty_mae=0.81222801 | train_log_qty_aux=nan | val_log_qty_aux=nan
[Epoch 187] train_loss=-3.29901606 | score=0.93546124 | val_nll=-3.40847730 | val_acc=0.95401286 | val_dt_mae=1.76721330 | val_qty_mae=0.87948780 | train_log_qty_aux=nan | val_log_qty_aux=nan
[Epoch 188] train_loss=-3.29827893 | score=0.93812645 | val_nll=-3.41479478 | val_acc=0.95665527 | val_dt_mae=1.76721330 | val_qty_mae=0.85668334 | train_log_qty_aux=nan | val_log_qty_aux=nan
[Epoch 189] train_loss=-3.29898112 | score=0.93839572 | val_nll=-3.41444025 | val_acc=0.95688706 | val_dt_mae=1.76721330 | val_qty_mae=0.81920287 | train_log_qty_aux=nan | val_log_qty_aux=nan
[Epoch 190] train_loss=-3.29901822 | score=0.93976210 | val_nll=-3.41188906 | val_acc=0.95819667 | val_dt_mae=1.76721330 | val_qty_mae=0.76244381 | train_log_qty_aux=nan | val_log_qty_aux=nan
[Epoch 191] train_loss=-3.29936991 | score=0.93914790 | val_nll=-3.41813266 | val_acc=0.95764038 | val_dt_mae=1.76721330 | val_qty_mae=0.82034598 | train_log_qty_aux=nan | val_log_qty_aux=nan
[Epoch 192] train_loss=-3.29923805 | score=0.93930918 | val_nll=-3.41578517 | val_acc=0.95777945 | val_dt_mae=1.76721330 | val_qty_mae=0.79814075 | train_log_qty_aux=nan | val_log_qty_aux=nan
[Epoch 193] train_loss=-3.29912256 | score=0.93880703 | val_nll=-3.41830495 | val_acc=0.95732746 | val_dt_mae=1.76721330 | val_qty_mae=0.84830277 | train_log_qty_aux=nan | val_log_qty_aux=nan
[Epoch 194] train_loss=-3.29981015 | score=0.93974817 | val_nll=-3.42061959 | val_acc=0.95821985 | val_dt_mae=1.76721330 | val_qty_mae=0.79954742 | train_log_qty_aux=nan | val_log_qty_aux=nan
[Epoch 195] train_loss=-3.30012174 | score=0.93823253 | val_nll=-3.41547983 | val_acc=0.95671322 | val_dt_mae=1.76721330 | val_qty_mae=0.80855652 | train_log_qty_aux=nan | val_log_qty_aux=nan
[Epoch 196] train_loss=-3.29924597 | score=0.93567273 | val_nll=-3.41248541 | val_acc=0.95417512 | val_dt_mae=1.76721330 | val_qty_mae=0.83025823 | train_log_qty_aux=nan | val_log_qty_aux=nan
[Epoch 197] train_loss=-3.29964129 | score=0.93692259 | val_nll=-3.41462706 | val_acc=0.95544996 | val_dt_mae=1.76721330 | val_qty_mae=0.85524415 | train_log_qty_aux=nan | val_log_qty_aux=nan
[Epoch 198] train_loss=-3.29984411 | score=0.93677772 | val_nll=-3.41326107 | val_acc=0.95529930 | val_dt_mae=1.76721330 | val_qty_mae=0.84944137 | train_log_qty_aux=nan | val_log_qty_aux=nan
[Epoch 199] train_loss=-3.30029442 | score=0.93999449 | val_nll=-3.41945247 | val_acc=0.95842846 | val_dt_mae=1.76721330 | val_qty_mae=0.76183995 | train_log_qty_aux=nan | val_log_qty_aux=nan
[Epoch 200] train_loss=-3.29995922 | score=0.93677721 | val_nll=-3.41784227 | val_acc=0.95533407 | val_dt_mae=1.76721330 | val_qty_mae=0.88472820 | train_log_qty_aux=nan | val_log_qty_aux=nan
[Epoch 201] train_loss=-3.29992057 | score=0.93960973 | val_nll=-3.41908021 | val_acc=0.95816191 | val_dt_mae=1.76721330 | val_qty_mae=0.88004531 | train_log_qty_aux=nan | val_log_qty_aux=nan
[Epoch 202] train_loss=-3.30019933 | score=0.93952503 | val_nll=-3.41602498 | val_acc=0.95805760 | val_dt_mae=1.76721330 | val_qty_mae=0.86044173 | train_log_qty_aux=nan | val_log_qty_aux=nan
[Epoch 203] train_loss=-3.30062323 | score=0.93409081 | val_nll=-3.41168428 | val_acc=0.95272643 | val_dt_mae=1.76721330 | val_qty_mae=0.96348578 | train_log_qty_aux=nan | val_log_qty_aux=nan
[Epoch 204] train_loss=-3.30066346 | score=0.93566490 | val_nll=-3.41381209 | val_acc=0.95418671 | val_dt_mae=1.76721330 | val_qty_mae=0.84966969 | train_log_qty_aux=nan | val_log_qty_aux=nan
[Epoch 205] train_loss=-3.30021601 | score=0.93859740 | val_nll=-3.41835363 | val_acc=0.95708408 | val_dt_mae=1.76721330 | val_qty_mae=0.81454884 | train_log_qty_aux=nan | val_log_qty_aux=nan
[Epoch 206] train_loss=-3.30076762 | score=0.94089436 | val_nll=-3.41973795 | val_acc=0.95935562 | val_dt_mae=1.76721330 | val_qty_mae=0.78912734 | train_log_qty_aux=nan | val_log_qty_aux=nan
[Epoch 207] train_loss=-3.30064484 | score=0.93945067 | val_nll=-3.42068294 | val_acc=0.95796488 | val_dt_mae=1.76721330 | val_qty_mae=0.84208538 | train_log_qty_aux=nan | val_log_qty_aux=nan
[Epoch 208] train_loss=-3.30020195 | score=0.93541698 | val_nll=-3.40737061 | val_acc=0.95397810 | val_dt_mae=1.76721330 | val_qty_mae=0.88898676 | train_log_qty_aux=nan | val_log_qty_aux=nan
[Epoch 209] train_loss=-3.30108613 | score=0.93738396 | val_nll=-3.41650922 | val_acc=0.95592513 | val_dt_mae=1.76721330 | val_qty_mae=0.86904214 | train_log_qty_aux=nan | val_log_qty_aux=nan
[Epoch 210] train_loss=-3.30111079 | score=0.92953305 | val_nll=-3.40529468 | val_acc=0.94813699 | val_dt_mae=1.76721330 | val_qty_mae=0.93180644 | train_log_qty_aux=nan | val_log_qty_aux=nan
[Epoch 211] train_loss=-3.30088903 | score=0.93535163 | val_nll=-3.41104395 | val_acc=0.95385061 | val_dt_mae=1.76721330 | val_qty_mae=0.82685311 | train_log_qty_aux=nan | val_log_qty_aux=nan
[Epoch 212] train_loss=-3.30068706 | score=0.93804850 | val_nll=-3.42110719 | val_acc=0.95655096 | val_dt_mae=1.76721330 | val_qty_mae=0.83033623 | train_log_qty_aux=nan | val_log_qty_aux=nan
[Epoch 213] train_loss=-3.30123230 | score=0.93765990 | val_nll=-3.41722462 | val_acc=0.95621487 | val_dt_mae=1.76721330 | val_qty_mae=0.88283650 | train_log_qty_aux=nan | val_log_qty_aux=nan
[Epoch 214] train_loss=-3.30098020 | score=0.93997643 | val_nll=-3.41681413 | val_acc=0.95844005 | val_dt_mae=1.76721330 | val_qty_mae=0.79148530 | train_log_qty_aux=nan | val_log_qty_aux=nan
[Epoch 215] train_loss=-3.30151676 | score=0.93741177 | val_nll=-3.41703954 | val_acc=0.95591354 | val_dt_mae=1.76721330 | val_qty_mae=0.82964329 | train_log_qty_aux=nan | val_log_qty_aux=nan
[Epoch 216] train_loss=-3.30090932 | score=0.93342475 | val_nll=-3.40792328 | val_acc=0.95204265 | val_dt_mae=1.76721330 | val_qty_mae=0.94577093 | train_log_qty_aux=nan | val_log_qty_aux=nan
[Epoch 217] train_loss=-3.30195843 | score=0.93529014 | val_nll=-3.40989231 | val_acc=0.95376948 | val_dt_mae=1.76721330 | val_qty_mae=0.80720877 | train_log_qty_aux=nan | val_log_qty_aux=nan
[Epoch 218] train_loss=-3.30156085 | score=0.93596095 | val_nll=-3.41487733 | val_acc=0.95451121 | val_dt_mae=1.76721330 | val_qty_mae=0.87812706 | train_log_qty_aux=nan | val_log_qty_aux=nan
[Epoch 219] train_loss=-3.30192946 | score=0.93421991 | val_nll=-3.41561108 | val_acc=0.95278438 | val_dt_mae=1.76721330 | val_qty_mae=0.89232983 | train_log_qty_aux=nan | val_log_qty_aux=nan
[Epoch 220] train_loss=-3.30196001 | score=0.93974178 | val_nll=-3.41737840 | val_acc=0.95820826 | val_dt_mae=1.76721330 | val_qty_mae=0.79434567 | train_log_qty_aux=nan | val_log_qty_aux=nan
[Epoch 221] train_loss=-3.30188267 | score=0.93667259 | val_nll=-3.41195496 | val_acc=0.95522976 | val_dt_mae=1.76721330 | val_qty_mae=0.88503798 | train_log_qty_aux=nan | val_log_qty_aux=nan
[Epoch 222] train_loss=-3.30185984 | score=0.93552352 | val_nll=-3.41514087 | val_acc=0.95408240 | val_dt_mae=1.76721330 | val_qty_mae=0.88674823 | train_log_qty_aux=nan | val_log_qty_aux=nan
[Epoch 223] train_loss=-3.30193236 | score=0.93562140 | val_nll=-3.41552232 | val_acc=0.95414035 | val_dt_mae=1.76721330 | val_qty_mae=0.84681619 | train_log_qty_aux=nan | val_log_qty_aux=nan
[Epoch 224] train_loss=-3.30260504 | score=0.93730741 | val_nll=-3.41442991 | val_acc=0.95584401 | val_dt_mae=1.76721330 | val_qty_mae=0.86445836 | train_log_qty_aux=nan | val_log_qty_aux=nan
[Epoch 225] train_loss=-3.30231852 | score=0.93604476 | val_nll=-3.41494873 | val_acc=0.95455757 | val_dt_mae=1.76721330 | val_qty_mae=0.84067343 | train_log_qty_aux=nan | val_log_qty_aux=nan
[Epoch 226] train_loss=-3.30222570 | score=0.93768394 | val_nll=-3.41813717 | val_acc=0.95624964 | val_dt_mae=1.76721330 | val_qty_mae=0.89356943 | train_log_qty_aux=nan | val_log_qty_aux=nan
[Epoch 227] train_loss=-3.30278448 | score=0.93693700 | val_nll=-3.41659090 | val_acc=0.95542678 | val_dt_mae=1.76721330 | val_qty_mae=0.81765070 | train_log_qty_aux=nan | val_log_qty_aux=nan
[Epoch 228] train_loss=-3.30189167 | score=0.93794207 | val_nll=-3.41368651 | val_acc=0.95643507 | val_dt_mae=1.76721330 | val_qty_mae=0.82086846 | train_log_qty_aux=nan | val_log_qty_aux=nan
[Epoch 229] train_loss=-3.30244894 | score=0.93316160 | val_nll=-3.41200257 | val_acc=0.95172973 | val_dt_mae=1.76721330 | val_qty_mae=0.89599512 | train_log_qty_aux=nan | val_log_qty_aux=nan
[Epoch 230] train_loss=-3.30263165 | score=0.93875585 | val_nll=-3.41755263 | val_acc=0.95716521 | val_dt_mae=1.76721330 | val_qty_mae=0.73722716 | train_log_qty_aux=nan | val_log_qty_aux=nan
[Epoch 231] train_loss=-3.30183427 | score=0.93383962 | val_nll=-3.41017896 | val_acc=0.95247146 | val_dt_mae=1.76721330 | val_qty_mae=0.95971123 | train_log_qty_aux=nan | val_log_qty_aux=nan
[Epoch 232] train_loss=-3.30275172 | score=0.93905144 | val_nll=-3.41856428 | val_acc=0.95754766 | val_dt_mae=1.76721330 | val_qty_mae=0.82408749 | train_log_qty_aux=nan | val_log_qty_aux=nan
[Epoch 233] train_loss=-3.30305309 | score=0.93856661 | val_nll=-3.41841755 | val_acc=0.95703772 | val_dt_mae=1.76721330 | val_qty_mae=0.79897794 | train_log_qty_aux=nan | val_log_qty_aux=nan
[Epoch 234] train_loss=-3.30220714 | score=0.93890414 | val_nll=-3.42090999 | val_acc=0.95739700 | val_dt_mae=1.76721330 | val_qty_mae=0.82072913 | train_log_qty_aux=nan | val_log_qty_aux=nan
[Epoch 235] train_loss=-3.30251523 | score=0.93377072 | val_nll=-3.41294885 | val_acc=0.95239033 | val_dt_mae=1.76721330 | val_qty_mae=0.94748239 | train_log_qty_aux=nan | val_log_qty_aux=nan
[Epoch 236] train_loss=-3.30313164 | score=0.94021787 | val_nll=-3.42476729 | val_acc=0.95870661 | val_dt_mae=1.76721330 | val_qty_mae=0.81661248 | train_log_qty_aux=nan | val_log_qty_aux=nan
[Epoch 237] train_loss=-3.30249281 | score=0.93480119 | val_nll=-3.41252747 | val_acc=0.95331749 | val_dt_mae=1.76721330 | val_qty_mae=0.84417558 | train_log_qty_aux=nan | val_log_qty_aux=nan
[Epoch 238] train_loss=-3.30341575 | score=0.93571890 | val_nll=-3.40801632 | val_acc=0.95419830 | val_dt_mae=1.76721330 | val_qty_mae=0.80726247 | train_log_qty_aux=nan | val_log_qty_aux=nan
[Epoch 239] train_loss=-3.30286663 | score=0.93931391 | val_nll=-3.42152245 | val_acc=0.95782581 | val_dt_mae=1.76721330 | val_qty_mae=0.83977104 | train_log_qty_aux=nan | val_log_qty_aux=nan
[Epoch 240] train_loss=-3.30353046 | score=0.93935391 | val_nll=-3.42161162 | val_acc=0.95784899 | val_dt_mae=1.76721330 | val_qty_mae=0.82294609 | train_log_qty_aux=nan | val_log_qty_aux=nan
[Epoch 241] train_loss=-3.30383232 | score=0.93621581 | val_nll=-3.41365081 | val_acc=0.95473141 | val_dt_mae=1.76721330 | val_qty_mae=0.84346650 | train_log_qty_aux=nan | val_log_qty_aux=nan
[Epoch 242] train_loss=-3.30330173 | score=0.93511255 | val_nll=-3.41640778 | val_acc=0.95364200 | val_dt_mae=1.76721330 | val_qty_mae=0.85731456 | train_log_qty_aux=nan | val_log_qty_aux=nan
[Epoch 243] train_loss=-3.30356987 | score=0.93878456 | val_nll=-3.41717678 | val_acc=0.95730428 | val_dt_mae=1.76721330 | val_qty_mae=0.84759356 | train_log_qty_aux=nan | val_log_qty_aux=nan
[Epoch 244] train_loss=-3.30353751 | score=0.93934362 | val_nll=-3.42198673 | val_acc=0.95779104 | val_dt_mae=1.76721330 | val_qty_mae=0.77529001 | train_log_qty_aux=nan | val_log_qty_aux=nan
[Epoch 245] train_loss=-3.30348930 | score=0.93730127 | val_nll=-3.41940107 | val_acc=0.95576288 | val_dt_mae=1.76721330 | val_qty_mae=0.78947397 | train_log_qty_aux=nan | val_log_qty_aux=nan
[Epoch 246] train_loss=-3.30401256 | score=0.93855840 | val_nll=-3.41750537 | val_acc=0.95702613 | val_dt_mae=1.76721330 | val_qty_mae=0.79560027 | train_log_qty_aux=nan | val_log_qty_aux=nan
[Epoch 247] train_loss=-3.30361147 | score=0.93769223 | val_nll=-3.42252115 | val_acc=0.95623805 | val_dt_mae=1.76721330 | val_qty_mae=0.87368599 | train_log_qty_aux=nan | val_log_qty_aux=nan
[Epoch 248] train_loss=-3.30302430 | score=0.93535178 | val_nll=-3.41735348 | val_acc=0.95392015 | val_dt_mae=1.76721330 | val_qty_mae=0.89623174 | train_log_qty_aux=nan | val_log_qty_aux=nan
[Epoch 249] train_loss=-3.30381318 | score=0.93730931 | val_nll=-3.42114700 | val_acc=0.95582083 | val_dt_mae=1.76721330 | val_qty_mae=0.83938294 | train_log_qty_aux=nan | val_log_qty_aux=nan
[Epoch 250] train_loss=-3.30383189 | score=0.93978036 | val_nll=-3.42589084 | val_acc=0.95825462 | val_dt_mae=1.76721330 | val_qty_mae=0.80212692 | train_log_qty_aux=nan | val_log_qty_aux=nan
[Epoch 251] train_loss=-3.30344351 | score=0.93978905 | val_nll=-3.42389843 | val_acc=0.95832416 | val_dt_mae=1.76721330 | val_qty_mae=0.86297188 | train_log_qty_aux=nan | val_log_qty_aux=nan
[Epoch 252] train_loss=-3.30433873 | score=0.93419777 | val_nll=-3.41762451 | val_acc=0.95279597 | val_dt_mae=1.76721330 | val_qty_mae=0.92606871 | train_log_qty_aux=nan | val_log_qty_aux=nan
[Epoch 253] train_loss=-3.30485844 | score=0.93839725 | val_nll=-3.41778811 | val_acc=0.95692183 | val_dt_mae=1.76721330 | val_qty_mae=0.85244116 | train_log_qty_aux=nan | val_log_qty_aux=nan
[Epoch 254] train_loss=-3.30400358 | score=0.93707751 | val_nll=-3.41757160 | val_acc=0.95560063 | val_dt_mae=1.76721330 | val_qty_mae=0.85098053 | train_log_qty_aux=nan | val_log_qty_aux=nan
[Epoch 255] train_loss=-3.30466189 | score=0.93544992 | val_nll=-3.41444090 | val_acc=0.95397810 | val_dt_mae=1.76721330 | val_qty_mae=0.85604188 | train_log_qty_aux=nan | val_log_qty_aux=nan
[Epoch 256] train_loss=-3.30400931 | score=0.93363741 | val_nll=-3.41246437 | val_acc=0.95227444 | val_dt_mae=1.76721330 | val_qty_mae=0.96490118 | train_log_qty_aux=nan | val_log_qty_aux=nan
[Epoch 257] train_loss=-3.30477464 | score=0.93712210 | val_nll=-3.41984503 | val_acc=0.95565857 | val_dt_mae=1.76721330 | val_qty_mae=0.86433654 | train_log_qty_aux=nan | val_log_qty_aux=nan
[Epoch 258] train_loss=-3.30531350 | score=0.93742684 | val_nll=-3.41747207 | val_acc=0.95592513 | val_dt_mae=1.76721330 | val_qty_mae=0.82615859 | train_log_qty_aux=nan | val_log_qty_aux=nan
[Epoch 259] train_loss=-3.30462998 | score=0.93837116 | val_nll=-3.42141514 | val_acc=0.95686388 | val_dt_mae=1.76721330 | val_qty_mae=0.82058616 | train_log_qty_aux=nan | val_log_qty_aux=nan
[Epoch 260] train_loss=-3.30442091 | score=0.93099163 | val_nll=-3.40577001 | val_acc=0.94955091 | val_dt_mae=1.76721330 | val_qty_mae=0.88714125 | train_log_qty_aux=nan | val_log_qty_aux=nan
[Epoch 261] train_loss=-3.30566926 | score=0.93962367 | val_nll=-3.42026134 | val_acc=0.95810396 | val_dt_mae=1.76721330 | val_qty_mae=0.80815029 | train_log_qty_aux=nan | val_log_qty_aux=nan
[Epoch 262] train_loss=-3.30562704 | score=0.93708984 | val_nll=-3.41846572 | val_acc=0.95561222 | val_dt_mae=1.76721330 | val_qty_mae=0.85024301 | train_log_qty_aux=nan | val_log_qty_aux=nan
[Epoch 263] train_loss=-3.30519388 | score=0.93993208 | val_nll=-3.42053144 | val_acc=0.95837052 | val_dt_mae=1.76721330 | val_qty_mae=0.76630478 | train_log_qty_aux=nan | val_log_qty_aux=nan
[Epoch 264] train_loss=-3.30473585 | score=0.93769435 | val_nll=-3.41495194 | val_acc=0.95616851 | val_dt_mae=1.76721330 | val_qty_mae=0.80203302 | train_log_qty_aux=nan | val_log_qty_aux=nan
[Epoch 265] train_loss=-3.30470382 | score=0.93742966 | val_nll=-3.41713596 | val_acc=0.95592513 | val_dt_mae=1.76721330 | val_qty_mae=0.82333879 | train_log_qty_aux=nan | val_log_qty_aux=nan
[Epoch 266] train_loss=-3.30538753 | score=0.93828712 | val_nll=-3.42251980 | val_acc=0.95680593 | val_dt_mae=1.76721330 | val_qty_mae=0.84667714 | train_log_qty_aux=nan | val_log_qty_aux=nan
[Epoch 267] train_loss=-3.30514723 | score=0.93869781 | val_nll=-3.42559561 | val_acc=0.95719998 | val_dt_mae=1.76721330 | val_qty_mae=0.83003736 | train_log_qty_aux=nan | val_log_qty_aux=nan
[Epoch 268] train_loss=-3.30533049 | score=0.93594817 | val_nll=-3.41484380 | val_acc=0.95447644 | val_dt_mae=1.76721330 | val_qty_mae=0.85614464 | train_log_qty_aux=nan | val_log_qty_aux=nan
[Epoch 269] train_loss=-3.30569721 | score=0.93794634 | val_nll=-3.42270314 | val_acc=0.95649302 | val_dt_mae=1.76721330 | val_qty_mae=0.87454204 | train_log_qty_aux=nan | val_log_qty_aux=nan
[Epoch 270] train_loss=-3.30573069 | score=0.93860206 | val_nll=-3.42201316 | val_acc=0.95706090 | val_dt_mae=1.76721330 | val_qty_mae=0.78670586 | train_log_qty_aux=nan | val_log_qty_aux=nan
[Epoch 271] train_loss=-3.30550493 | score=0.94009162 | val_nll=-3.42037463 | val_acc=0.95860231 | val_dt_mae=1.76721330 | val_qty_mae=0.83855710 | train_log_qty_aux=nan | val_log_qty_aux=nan
[Epoch 272] train_loss=-3.30585565 | score=0.93801536 | val_nll=-3.41815842 | val_acc=0.95652779 | val_dt_mae=1.76721330 | val_qty_mae=0.84029219 | train_log_qty_aux=nan | val_log_qty_aux=nan
[Epoch 273] train_loss=-3.30587812 | score=0.93727674 | val_nll=-3.41957426 | val_acc=0.95575129 | val_dt_mae=1.76721330 | val_qty_mae=0.80241463 | train_log_qty_aux=nan | val_log_qty_aux=nan
[Epoch 274] train_loss=-3.30570619 | score=0.93430323 | val_nll=-3.41518973 | val_acc=0.95281915 | val_dt_mae=1.76721330 | val_qty_mae=0.84378679 | train_log_qty_aux=nan | val_log_qty_aux=nan
[Epoch 275] train_loss=-3.30605399 | score=0.93844107 | val_nll=-3.42071074 | val_acc=0.95691024 | val_dt_mae=1.76721330 | val_qty_mae=0.79704023 | train_log_qty_aux=nan | val_log_qty_aux=nan
[Epoch 276] train_loss=-3.30624792 | score=0.93709269 | val_nll=-3.41649143 | val_acc=0.95555427 | val_dt_mae=1.76721330 | val_qty_mae=0.78944642 | train_log_qty_aux=nan | val_log_qty_aux=nan
[Epoch 277] train_loss=-3.30590836 | score=0.93790826 | val_nll=-3.41794431 | val_acc=0.95642348 | val_dt_mae=1.76721330 | val_qty_mae=0.84308662 | train_log_qty_aux=nan | val_log_qty_aux=nan
[Epoch 278] train_loss=-3.30616734 | score=0.93664357 | val_nll=-3.41549373 | val_acc=0.95525294 | val_dt_mae=1.76721330 | val_qty_mae=0.93723658 | train_log_qty_aux=nan | val_log_qty_aux=nan
[Epoch 279] train_loss=-3.30617040 | score=0.93550057 | val_nll=-3.41757057 | val_acc=0.95403604 | val_dt_mae=1.76721330 | val_qty_mae=0.86334521 | train_log_qty_aux=nan | val_log_qty_aux=nan
[Epoch 280] train_loss=-3.30633594 | score=0.93899165 | val_nll=-3.42282241 | val_acc=0.95745495 | val_dt_mae=1.76721330 | val_qty_mae=0.79115816 | train_log_qty_aux=nan | val_log_qty_aux=nan
[Epoch 281] train_loss=-3.30681610 | score=0.93463248 | val_nll=-3.41257688 | val_acc=0.95328273 | val_dt_mae=1.76721330 | val_qty_mae=0.97811030 | train_log_qty_aux=nan | val_log_qty_aux=nan
[Epoch 282] train_loss=-3.30631658 | score=0.93923625 | val_nll=-3.42238607 | val_acc=0.95776786 | val_dt_mae=1.76721330 | val_qty_mae=0.85947634 | train_log_qty_aux=nan | val_log_qty_aux=nan
[Epoch 283] train_loss=-3.30647109 | score=0.93467782 | val_nll=-3.41418636 | val_acc=0.95324796 | val_dt_mae=1.76721330 | val_qty_mae=0.89800574 | train_log_qty_aux=nan | val_log_qty_aux=nan
[Epoch 284] train_loss=-3.30588472 | score=0.93465254 | val_nll=-3.41811643 | val_acc=0.95317842 | val_dt_mae=1.76721330 | val_qty_mae=0.85374833 | train_log_qty_aux=nan | val_log_qty_aux=nan
[Epoch 285] train_loss=-3.30681902 | score=0.93674640 | val_nll=-3.41558169 | val_acc=0.95527612 | val_dt_mae=1.76721330 | val_qty_mae=0.85758826 | train_log_qty_aux=nan | val_log_qty_aux=nan
[Epoch 286] train_loss=-3.30722294 | score=0.93916305 | val_nll=-3.42450488 | val_acc=0.95766356 | val_dt_mae=1.76721330 | val_qty_mae=0.82837511 | train_log_qty_aux=nan | val_log_qty_aux=nan
[Epoch 287] train_loss=-3.30652146 | score=0.94024098 | val_nll=-3.42264426 | val_acc=0.95876456 | val_dt_mae=1.76721330 | val_qty_mae=0.85144469 | train_log_qty_aux=nan | val_log_qty_aux=nan
[Epoch 288] train_loss=-3.30656182 | score=0.93885277 | val_nll=-3.42184505 | val_acc=0.95732746 | val_dt_mae=1.76721330 | val_qty_mae=0.80255465 | train_log_qty_aux=nan | val_log_qty_aux=nan
[Epoch 289] train_loss=-3.30839858 | score=0.93691035 | val_nll=-3.42001917 | val_acc=0.95543837 | val_dt_mae=1.76721330 | val_qty_mae=0.85588833 | train_log_qty_aux=nan | val_log_qty_aux=nan
[Epoch 290] train_loss=-3.30713479 | score=0.93904295 | val_nll=-3.42698579 | val_acc=0.95758243 | val_dt_mae=1.76721330 | val_qty_mae=0.86734961 | train_log_qty_aux=nan | val_log_qty_aux=nan
[Epoch 291] train_loss=-3.30681341 | score=0.93837554 | val_nll=-3.42196223 | val_acc=0.95691024 | val_dt_mae=1.76721330 | val_qty_mae=0.86256798 | train_log_qty_aux=nan | val_log_qty_aux=nan
[Epoch 292] train_loss=-3.30757256 | score=0.93682511 | val_nll=-3.41698460 | val_acc=0.95534566 | val_dt_mae=1.76721330 | val_qty_mae=0.84841193 | train_log_qty_aux=nan | val_log_qty_aux=nan
[Epoch 293] train_loss=-3.30719234 | score=0.93373954 | val_nll=-3.41195634 | val_acc=0.95232080 | val_dt_mae=1.76721330 | val_qty_mae=0.90912849 | train_log_qty_aux=nan | val_log_qty_aux=nan
[Epoch 294] train_loss=-3.30775128 | score=0.93838462 | val_nll=-3.41810883 | val_acc=0.95687547 | val_dt_mae=1.76721330 | val_qty_mae=0.81871357 | train_log_qty_aux=nan | val_log_qty_aux=nan
[Epoch 295] train_loss=-3.30706313 | score=0.93923405 | val_nll=-3.42570661 | val_acc=0.95769833 | val_dt_mae=1.76721330 | val_qty_mae=0.79214379 | train_log_qty_aux=nan | val_log_qty_aux=nan
[Epoch 296] train_loss=-3.30729445 | score=0.93607136 | val_nll=-3.41879663 | val_acc=0.95461552 | val_dt_mae=1.76721330 | val_qty_mae=0.87202985 | train_log_qty_aux=nan | val_log_qty_aux=nan
[Epoch 297] train_loss=-3.30735055 | score=0.93525634 | val_nll=-3.41979781 | val_acc=0.95382743 | val_dt_mae=1.76721330 | val_qty_mae=0.89895651 | train_log_qty_aux=nan | val_log_qty_aux=nan
[Epoch 298] train_loss=-3.30716877 | score=0.93852343 | val_nll=-3.42237544 | val_acc=0.95708408 | val_dt_mae=1.76721330 | val_qty_mae=0.88852144 | train_log_qty_aux=nan | val_log_qty_aux=nan
[Epoch 299] train_loss=-3.30759189 | score=0.93751914 | val_nll=-3.42546306 | val_acc=0.95606421 | val_dt_mae=1.76721330 | val_qty_mae=0.87293432 | train_log_qty_aux=nan | val_log_qty_aux=nan
[Epoch 300] train_loss=-3.30726810 | score=0.93936164 | val_nll=-3.42164041 | val_acc=0.95779104 | val_dt_mae=1.76721330 | val_qty_mae=0.75727177 | train_log_qty_aux=nan | val_log_qty_aux=nan
[2026-08-11 09:17:49,472] [INFO] Finished run | dataset=intermittent model=thp candidate=small seed=62 best_val_nll=-3.426986 epoch=290
[2026-08-11 09:17:50,477] [INFO] Unified long-epoch experiment complete. Summary rows:
shape: (2, 101)
┌───────────┬───────────┬───────────┬───────────┬───┬───────────┬───────────┬───────────┬──────────┐
│ dataset_n ┆ model_nam ┆ candidate ┆ reproduci ┆ … ┆ mean_fina ┆ mean_fina ┆ mean_fina ┆ mean_fin │
│ ame       ┆ e         ┆ _name     ┆ bility_mo ┆   ┆ l_context ┆ l_context ┆ l_context ┆ al_conte │
│ ---       ┆ ---       ┆ ---       ┆ de        ┆   ┆ _5_8_log_ ┆ _9_plus_c ┆ _9_plus_q ┆ xt_9_plu │
│ str       ┆ str       ┆ str       ┆ ---       ┆   ┆ qty…      ┆ oun…      ┆ ty_…      ┆ s_log_…  │
│           ┆           ┆           ┆ str       ┆   ┆ ---       ┆ ---       ┆ ---       ┆ ---      │
│           ┆           ┆           ┆           ┆   ┆ f64       ┆ f64       ┆ f64       ┆ f64      │
╞═══════════╪═══════════╪═══════════╪═══════════╪═══╪═══════════╪═══════════╪═══════════╪══════════╡
│ intermitt ┆ rmtpp     ┆ rmtpp_gru ┆ strict    ┆ … ┆ 0.0       ┆ 86285.0   ┆ 0.737649  ┆ 0.059566 │
│ ent       ┆           ┆ _h64      ┆           ┆   ┆           ┆           ┆           ┆          │
│ intermitt ┆ thp       ┆ small     ┆ strict    ┆ … ┆ 0.0       ┆ 86285.0   ┆ 0.836447  ┆ 0.066937 │
│ ent       ┆           ┆           ┆           ┆   ┆           ┆           ┆           ┆          │
└───────────┴───────────┴───────────┴───────────┴───┴───────────┴───────────┴───────────┴──────────┘
