dataset,model,endpoint,group,bin,count_per_seed,qty_mae_mean,qty_mae_sample_sd,qty_rmse_mean,qty_rmse_sample_sd,time_nll_mean,time_nll_sample_sd
yellow_trip_hourly,titantpp,selected,body,,7888,18.226656223757495,0.705444153669997,56.79820642440109,2.5365962983684787,0.7595886982143448,0.07004085285549987
yellow_trip_hourly,titantpp,selected,tail,,79,346.00921759625527,21.135535808025427,431.69038182031005,19.16787378407096,6.362418081828346e-17,1.1020031376721614e-16
yellow_trip_hourly,titantpp,selected,quantity_cells,0,4364,2.6376871926783423,0.11986594833737936,12.798073989234604,1.3666226597536077,1.3568823091631215,0.11887797357057324
yellow_trip_hourly,titantpp,selected,quantity_cells,1,3138,26.082297612153372,1.9832483045473632,59.097090513485064,6.0617593203804505,0.02237133659468135,0.01088032858074929
yellow_trip_hourly,titantpp,selected,quantity_cells,2,386,130.60815408604543,3.2207716976687606,188.5005868889505,5.858013506050066,2.403578825914137e-10,4.163120615736087e-10
yellow_trip_hourly,titantpp,selected,quantity_cells,3,301,221.38090533724392,7.147491154592828,302.22408844795723,9.165332592225909,3.249553378466341e-13,5.628391553410742e-13
yellow_trip_hourly,titantpp,selected,quantity_cells,4,79,346.00921759625527,21.135535808025427,431.69038182031005,19.16787378407096,6.362418081828346e-17,1.1020031376721614e-16
yellow_trip_hourly,titantpp,selected,history_cells,0,1241,0.5083625605597536,0.047864705905424756,0.8474214852982865,0.0277163289653532,2.368296830310041,0.0381260844507683
yellow_trip_hourly,titantpp,selected,history_cells,1,1475,1.2212631360151,0.034729177303025584,2.5125712396337807,0.08385988891461935,1.0797725991441018,0.01993701495804155
yellow_trip_hourly,titantpp,selected,history_cells,2,5552,42.38292577923933,0.6920100619414695,110.44238982530727,0.6358834461855323,0.2629529361243763,0.0878056506375771
yellow_trip_hourly,titantpp,selected,additional_history_cells,0,1241,0.5083625605597536,0.047864705905424756,0.8474214852982865,0.0277163289653532,2.368296830310041,0.0381260844507683
yellow_trip_hourly,titantpp,selected,additional_history_cells,1,1475,1.2212631360151,0.034729177303025584,2.5125712396337807,0.08385988891461935,1.0797725991441018,0.01993701495804155
yellow_trip_hourly,titantpp,selected,additional_history_cells,2,5552,42.38292577923933,0.6920100619414695,110.44238982530727,0.6358834461855323,0.2629529361243763,0.0878056506375771
yellow_trip_hourly,titantpp,last,body,,7888,18.652681225108548,0.28377667197479445,58.725272610600165,0.9669470969935556,0.9024189579020662,0.1157293434704303
yellow_trip_hourly,titantpp,last,tail,,79,325.24139842101795,23.723729541829734,410.87631144282096,34.58212692178625,2.2630055321651255e-36,3.919640559519442e-36
yellow_trip_hourly,titantpp,last,quantity_cells,0,4364,2.685327745147739,0.05592695910865133,13.388389953772244,0.4752135187458769,1.6073515627939288,0.19799381476325997
yellow_trip_hourly,titantpp,last,quantity_cells,1,3138,26.51355656374278,0.8194009590059702,61.60261892647014,2.065477283376697,0.033077922211214264,0.01558394400698575
yellow_trip_hourly,titantpp,last,quantity_cells,2,386,135.2695303803281,2.382215083904793,193.84565394726906,3.6203922312932133,2.4294016373437863e-18,4.207847066067798e-18
yellow_trip_hourly,titantpp,last,quantity_cells,3,301,225.43880505736087,4.50593262602766,307.4303855714238,8.911672172167652,5.065334853297921e-26,8.773417323261432e-26
yellow_trip_hourly,titantpp,last,quantity_cells,4,79,325.24139842101795,23.723729541829734,410.87631144282096,34.58212692178625,2.2630055321651255e-36,3.919640559519442e-36
yellow_trip_hourly,titantpp,last,history_cells,0,1241,0.5315764575372164,0.013729128311951815,0.8351199699521908,0.007537771348576594,2.4625559034470705,0.0684335935900791
yellow_trip_hourly,titantpp,last,history_cells,1,1475,1.2407732461401297,0.02607510965140056,2.553572138505489,0.2001111243744997,1.288423894760467,0.17296760134297584
yellow_trip_hourly,titantpp,last,history_cells,2,5552,42.902318692240975,0.4073846028444344,111.52960525757919,0.5427260993024157,0.38937745298667015,0.10395046819914121
yellow_trip_hourly,titantpp,last,additional_history_cells,0,1241,0.5315764575372164,0.013729128311951815,0.8351199699521908,0.007537771348576594,2.4625559034470705,0.0684335935900791
yellow_trip_hourly,titantpp,last,additional_history_cells,1,1475,1.2407732461401297,0.02607510965140056,2.553572138505489,0.2001111243744997,1.288423894760467,0.17296760134297584
yellow_trip_hourly,titantpp,last,additional_history_cells,2,5552,42.902318692240975,0.4073846028444344,111.52960525757919,0.5427260993024157,0.38937745298667015,0.10395046819914121
yellow_trip_hourly,titantpp_local_detail,selected,body,,7888,15.914509054905583,0.26388500755859357,46.68288280634256,1.1181136616988194,1.23918921665302,0.14375895765581226
yellow_trip_hourly,titantpp_local_detail,selected,tail,,79,311.15256934829904,3.6265161900718508,386.2413487288897,6.516460711724466,5.0525690599107956e-43,8.751306320516017e-43
yellow_trip_hourly,titantpp_local_detail,selected,quantity_cells,0,4364,2.4791656262715076,0.276730454622297,10.510191100019732,2.7022983968890553,2.214956673796438,0.2589667127692657
yellow_trip_hourly,titantpp_local_detail,selected,quantity_cells,1,3138,22.950938674556188,0.5227564525654659,48.78406896017786,0.902559007925554,0.03462511679775741,0.007135421997857772
yellow_trip_hourly,titantpp_local_detail,selected,quantity_cells,2,386,110.6075727235468,3.397707255313458,154.49682994803908,6.2935071237919304,3.803893060422248e-20,6.588536029584302e-20
yellow_trip_hourly,titantpp_local_detail,selected,quantity_cells,3,301,197.94214042925492,2.1174169372326532,272.3415227757107,5.655463121905195,5.381339391314598e-30,9.320752919390742e-30
yellow_trip_hourly,titantpp_local_detail,selected,quantity_cells,4,79,311.15256934829904,3.6265161900718508,386.2413487288897,6.516460711724466,5.0525690599107956e-43,8.751306320516017e-43
yellow_trip_hourly,titantpp_local_detail,selected,history_cells,0,1241,0.5199814616369042,0.026644652378395778,0.8465647565428023,0.008327953483635412,3.0364644584668645,0.18806459567604886
yellow_trip_hourly,titantpp_local_detail,selected,history_cells,1,1475,1.276804367512633,0.038290235769925934,2.7916079080919545,0.16254858165855424,2.046370106191471,0.371493715640903
yellow_trip_hourly,titantpp_local_detail,selected,history_cells,2,5552,37.31388711038258,0.46419277563336003,96.12238334283204,1.2567493769176787,0.5381981702754365,0.07137588888055614
yellow_trip_hourly,titantpp_local_detail,selected,additional_history_cells,0,1241,0.5199814616369042,0.026644652378395778,0.8465647565428023,0.008327953483635412,3.0364644584668645,0.18806459567604886
yellow_trip_hourly,titantpp_local_detail,selected,additional_history_cells,1,1475,1.276804367512633,0.038290235769925934,2.7916079080919545,0.16254858165855424,2.046370106191471,0.371493715640903
yellow_trip_hourly,titantpp_local_detail,selected,additional_history_cells,2,5552,37.31388711038258,0.46419277563336003,96.12238334283204,1.2567493769176787,0.5381981702754365,0.07137588888055614
yellow_trip_hourly,titantpp_local_detail,last,body,,7888,17.50223761517114,1.3493660288102998,51.878844372954994,5.54129601206705,1.3358902496069072,0.1891885559859952
yellow_trip_hourly,titantpp_local_detail,last,tail,,79,315.9316560769383,71.8612105982952,408.02806010573363,68.1939351552791,3.3642549493119462e-28,5.7768809884390875e-28
yellow_trip_hourly,titantpp_local_detail,last,quantity_cells,0,4364,2.5028930839516503,0.26929578778983865,10.35854221095649,1.9609087273691843,2.396686656490049,0.34156507310170386
yellow_trip_hourly,titantpp_local_detail,last,quantity_cells,1,3138,24.98438591422208,2.15047982949497,53.27490944760547,5.989413683417854,0.024971867424061853,0.0006848969043047318
yellow_trip_hourly,titantpp_local_detail,last,quantity_cells,2,386,126.25394272351306,13.111736870906787,175.0025582633712,20.575717441152023,8.938910457061806e-16,1.537690543875818e-15
yellow_trip_hourly,titantpp_local_detail,last,quantity_cells,3,301,234.48811930068177,27.105486483952774,317.46901878425575,40.50352537742701,1.708693892590194e-21,2.403943095983879e-21
yellow_trip_hourly,titantpp_local_detail,last,quantity_cells,4,79,315.9316560769383,71.8612105982952,408.02806010573363,68.1939351552791,3.3642549493119462e-28,5.7768809884390875e-28
yellow_trip_hourly,titantpp_local_detail,last,history_cells,0,1241,0.5443573198650206,0.003918845956553081,0.8576419832272412,0.012933807517217928,3.480845985951771,0.4324898725700423
yellow_trip_hourly,titantpp_local_detail,last,history_cells,1,1475,1.286141049350049,0.008844894393274533,2.9316972716922054,0.005984253601413723,2.3098498935761804,0.40192660523606133
yellow_trip_hourly,titantpp_local_detail,last,history_cells,2,5552,41.61105359623729,2.439446456662742,108.43781838433591,6.501819886729247,0.5062578939676273,0.07705093816726022
yellow_trip_hourly,titantpp_local_detail,last,additional_history_cells,0,1241,0.5443573198650206,0.003918845956553081,0.8576419832272412,0.012933807517217928,3.480845985951771,0.4324898725700423
yellow_trip_hourly,titantpp_local_detail,last,additional_history_cells,1,1475,1.286141049350049,0.008844894393274533,2.9316972716922054,0.005984253601413723,2.3098498935761804,0.40192660523606133
yellow_trip_hourly,titantpp_local_detail,last,additional_history_cells,2,5552,41.61105359623729,2.439446456662742,108.43781838433591,6.501819886729247,0.5062578939676273,0.07705093816726022
yellow_trip_hourly,titantpp_history_mlp,selected,body,,7888,16.20209474034199,0.21297814836958545,48.47042236807993,0.8562955093333261,1.0887055093796585,0.2980282096204499
yellow_trip_hourly,titantpp_history_mlp,selected,tail,,79,310.1893944076345,39.85070629823754,384.9823628054154,39.40748584544318,9.089807046285407e-49,1.5744007632612733e-48
yellow_trip_hourly,titantpp_history_mlp,selected,quantity_cells,0,4364,2.300294810862232,0.2845072485604342,9.888926868428996,2.7863479663183224,1.9428306212226472,0.5380567799986862
yellow_trip_hourly,titantpp_history_mlp,selected,quantity_cells,1,3138,23.477455733307156,0.1654669751024237,50.808236944843564,0.6210578515760453,0.03479803281424882,0.006454590869008514
yellow_trip_hourly,titantpp_history_mlp,selected,quantity_cells,2,386,114.22637478263474,2.5865723432185193,160.76968239985885,5.593691273758584,1.6504624362988477e-21,2.2340303745281742e-21
yellow_trip_hourly,titantpp_history_mlp,selected,quantity_cells,3,301,197.83833862169504,9.027731103454066,271.75084556806826,10.72467552978602,1.1946527712397292e-31,2.069174604716243e-31
yellow_trip_hourly,titantpp_history_mlp,selected,quantity_cells,4,79,310.1893944076345,39.85070629823754,384.9823628054154,39.40748584544318,9.089807046285407e-49,1.5744007632612733e-48
yellow_trip_hourly,titantpp_history_mlp,selected,history_cells,0,1241,0.5173846048563359,0.01939453934348338,0.8503098893566011,0.008991919046540932,2.802573540151325,0.49826490652129685
yellow_trip_hourly,titantpp_history_mlp,selected,history_cells,1,1475,1.2124265225728352,0.021614141539461625,2.5663935488138834,0.22669370370982778,1.7025146521164634,0.5361913979109049
yellow_trip_hourly,titantpp_history_mlp,selected,history_cells,2,5552,37.72082528453338,1.2379636414080473,97.26362671578109,3.447467207946188,0.4680306525193024,0.17516543658446357
yellow_trip_hourly,titantpp_history_mlp,selected,additional_history_cells,0,1241,0.5173846048563359,0.01939453934348338,0.8503098893566011,0.008991919046540932,2.802573540151325,0.49826490652129685
yellow_trip_hourly,titantpp_history_mlp,selected,additional_history_cells,1,1475,1.2124265225728352,0.021614141539461625,2.5663935488138834,0.22669370370982778,1.7025146521164634,0.5361913979109049
yellow_trip_hourly,titantpp_history_mlp,selected,additional_history_cells,2,5552,37.72082528453338,1.2379636414080473,97.26362671578109,3.447467207946188,0.4680306525193024,0.17516543658446357
yellow_trip_hourly,titantpp_history_mlp,last,body,,7888,19.53563533647287,1.6538871754427167,60.133232392877815,6.246809718219092,1.171563773634341,0.16265072689383786
yellow_trip_hourly,titantpp_history_mlp,last,tail,,79,313.6303680033623,40.22842184240752,415.9814011825543,35.87019507324692,5.592173783594732e-24,9.685929117940747e-24
yellow_trip_hourly,titantpp_history_mlp,last,quantity_cells,0,4364,2.6061399904478955,0.41356874936662,11.821023584645777,4.358314356841391,2.0923693640984222,0.29096036045257395
yellow_trip_hourly,titantpp_history_mlp,last,quantity_cells,1,3138,27.587898706348934,2.1125471871473622,62.25990325507945,6.8922905957214455,0.03511636121802061,0.00579497163039353
yellow_trip_hourly,titantpp_history_mlp,last,quantity_cells,2,386,145.47427584264355,19.104823011755833,201.40577621043607,23.505484586552306,4.502257582776816e-14,7.797939886769663e-14
yellow_trip_hourly,titantpp_history_mlp,last,quantity_cells,3,301,278.9282761887458,27.493974865958776,371.1016423920436,21.12356623053486,4.4029169967430427e-16,7.626075923466354e-16
yellow_trip_hourly,titantpp_history_mlp,last,quantity_cells,4,79,313.6303680033623,40.22842184240752,415.9814011825543,35.87019507324692,5.592173783594732e-24,9.685929117940747e-24
yellow_trip_hourly,titantpp_history_mlp,last,history_cells,0,1241,0.5290018221462987,0.02421576306841519,0.8581860896303626,0.002779162014683855,2.974462167553255,0.30986615958955516
yellow_trip_hourly,titantpp_history_mlp,last,history_cells,1,1475,1.2334154613812764,0.03614154099899855,2.410983727042425,0.20340224084659156,1.919642696644008,0.23311318272201492
yellow_trip_hourly,titantpp_history_mlp,last,history_cells,2,5552,46.89400624502074,4.385613175205816,122.7566158567513,9.51009936042937,0.4896459868415309,0.10122819390113115
yellow_trip_hourly,titantpp_history_mlp,last,additional_history_cells,0,1241,0.5290018221462987,0.02421576306841519,0.8581860896303626,0.002779162014683855,2.974462167553255,0.30986615958955516
yellow_trip_hourly,titantpp_history_mlp,last,additional_history_cells,1,1475,1.2334154613812764,0.03614154099899855,2.410983727042425,0.20340224084659156,1.919642696644008,0.23311318272201492
yellow_trip_hourly,titantpp_history_mlp,last,additional_history_cells,2,5552,46.89400624502074,4.385613175205816,122.7566158567513,9.51009936042937,0.4896459868415309,0.10122819390113115
yellow_trip_hourly,titantpp_level_only,selected,body,,7888,17.59718761288582,0.17750498720625535,53.15248541786584,0.7721802796176984,0.9351069222146043,0.02528225663452711
yellow_trip_hourly,titantpp_level_only,selected,tail,,79,316.3849994643328,25.598227903598605,393.9511911227035,26.6306798779917,1.9403573848735995e-27,3.36079757016212e-27
yellow_trip_hourly,titantpp_level_only,selected,quantity_cells,0,4364,2.4417239664082055,0.33342927799221733,10.806502222578837,3.3746316898966175,1.6666533714511322,0.05440346206537345
yellow_trip_hourly,titantpp_level_only,selected,quantity_cells,1,3138,25.38801752217945,0.526763213744533,55.55223846125258,3.0377595531783057,0.03277504442828252,0.017143060745294068
yellow_trip_hourly,titantpp_level_only,selected,quantity_cells,2,386,125.60449097523006,6.836479433330032,176.55049951002837,6.376248404492991,2.8524756817274595e-13,3.8191148603643127e-13
yellow_trip_hourly,titantpp_level_only,selected,quantity_cells,3,301,210.9639846615881,6.345823651228753,289.8163642791591,7.464072840237814,4.0951457546663205e-20,7.035307741801757e-20
yellow_trip_hourly,titantpp_level_only,selected,quantity_cells,4,79,316.3849994643328,25.598227903598605,393.9511911227035,26.6306798779917,1.9403573848735995e-27,3.36079757016212e-27
yellow_trip_hourly,titantpp_level_only,selected,history_cells,0,1241,0.5302177091743752,0.015938347611165773,0.8397328034117066,0.00934484314227392,2.5739307574001735,0.144335590866524
yellow_trip_hourly,titantpp_level_only,selected,history_cells,1,1475,1.2255464293862466,0.02530100288267401,2.525838297752766,0.19157048552883849,1.3735449433623785,0.2322962563957535
yellow_trip_hourly,titantpp_level_only,selected,history_cells,2,5552,40.49630927068327,0.3253660523036596,103.8400879683659,0.9252923552082712,0.38830989571968216,0.07849831781128627
yellow_trip_hourly,titantpp_level_only,selected,additional_history_cells,0,1241,0.5302177091743752,0.015938347611165773,0.8397328034117066,0.00934484314227392,2.5739307574001735,0.144335590866524
yellow_trip_hourly,titantpp_level_only,selected,additional_history_cells,1,1475,1.2255464293862466,0.02530100288267401,2.525838297752766,0.19157048552883849,1.3735449433623785,0.2322962563957535
yellow_trip_hourly,titantpp_level_only,selected,additional_history_cells,2,5552,40.49630927068327,0.3253660523036596,103.8400879683659,0.9252923552082712,0.38830989571968216,0.07849831781128627
yellow_trip_hourly,titantpp_level_only,last,body,,7888,18.580477684611573,1.101055853618018,56.7390784760798,6.050164406997099,1.2269640022550572,0.080420943846459
yellow_trip_hourly,titantpp_level_only,last,tail,,79,407.6784122000264,220.3185308025272,489.3090159531452,222.72752855014113,1.1268037166527628e-36,1.95168128740003e-36
yellow_trip_hourly,titantpp_level_only,last,quantity_cells,0,4364,2.566336356217239,0.10544354936481654,11.782630768901747,0.9886525000739208,2.176040923458317,0.1287866310800313
yellow_trip_hourly,titantpp_level_only,last,quantity_cells,1,3138,26.411108819319484,2.414873344655079,59.198920340752615,8.87602498674392,0.05801448687565161,0.03674803913909287
yellow_trip_hourly,titantpp_level_only,last,quantity_cells,2,386,135.9721674680298,3.2947296797808514,188.78566940038104,15.114231512673244,1.1616725759628804e-16,1.1967535842192084e-16
yellow_trip_hourly,titantpp_level_only,last,quantity_cells,3,301,247.12188227284918,29.783064829769312,326.39613116481246,23.107622352695156,1.5849013274462157e-23,2.7451296241202036e-23
yellow_trip_hourly,titantpp_level_only,last,quantity_cells,4,79,407.6784122000264,220.3185308025272,489.3090159531452,222.72752855014113,1.1268037166527628e-36,1.95168128740003e-36
yellow_trip_hourly,titantpp_level_only,last,history_cells,0,1241,0.5342784356500972,0.012723140337500629,0.8521381617970578,0.008852221514507657,2.837702685531908,0.2596393381862904
yellow_trip_hourly,titantpp_level_only,last,history_cells,1,1475,1.2334721236848563,0.031086657699357426,2.6489691432715663,0.3217343032203018,1.7356754191985146,0.27427058369849266
yellow_trip_hourly,titantpp_level_only,last,history_cells,2,5552,45.149617828362544,3.1504966334714455,118.98496579395344,13.497013991671551,0.647799310829428,0.1955643509349638
yellow_trip_hourly,titantpp_level_only,last,additional_history_cells,0,1241,0.5342784356500972,0.012723140337500629,0.8521381617970578,0.008852221514507657,2.837702685531908,0.2596393381862904
yellow_trip_hourly,titantpp_level_only,last,additional_history_cells,1,1475,1.2334721236848563,0.031086657699357426,2.6489691432715663,0.3217343032203018,1.7356754191985146,0.27427058369849266
yellow_trip_hourly,titantpp_level_only,last,additional_history_cells,2,5552,45.149617828362544,3.1504966334714455,118.98496579395344,13.497013991671551,0.647799310829428,0.1955643509349638
yellow_trip_hourly,titantpp_change_only,selected,body,,7888,16.528852524902064,0.1338260506884455,48.94937901218171,0.8709401359426535,0.9690814846394087,0.18531980014406824
yellow_trip_hourly,titantpp_change_only,selected,tail,,79,313.53176815499734,21.606751992054743,394.2706388420799,23.99531560506816,3.2561805950744375e-39,5.639870229288787e-39
yellow_trip_hourly,titantpp_change_only,selected,quantity_cells,0,4364,2.637393307902563,0.16820038728850542,12.207094704161799,1.3247719707275547,1.7354391096070043,0.33041219327852994
yellow_trip_hourly,titantpp_change_only,selected,quantity_cells,1,3138,23.69096488862223,0.6914043275503257,51.42427655295333,3.067968781366524,0.022517041590404924,0.006945051379662631
yellow_trip_hourly,titantpp_change_only,selected,quantity_cells,2,386,115.35688212498482,3.795445425063426,160.37795112721767,2.9453602738231344,3.230129571980312e-19,5.518869586902279e-19
yellow_trip_hourly,titantpp_change_only,selected,quantity_cells,3,301,212.4980787782046,9.79749535442249,293.12322597159556,15.244703264535724,1.6660635477435876e-29,2.885706711374268e-29
yellow_trip_hourly,titantpp_change_only,selected,quantity_cells,4,79,313.53176815499734,21.606751992054743,394.2706388420799,23.99531560506816,3.2561805950744375e-39,5.639870229288787e-39
yellow_trip_hourly,titantpp_change_only,selected,history_cells,0,1241,0.5350368541637608,0.02799561855069389,0.8384843220562632,0.01284315538758422,2.586440738627199,0.20074911841862658
yellow_trip_hourly,titantpp_change_only,selected,history_cells,1,1475,1.2399184822901494,0.02495635489093983,2.6301895370936204,0.21874234969047338,1.474876598047922,0.32601881521452347
yellow_trip_hourly,titantpp_change_only,selected,history_cells,2,5552,39.01614906619537,0.673743904093375,101.40329924538742,2.5160504970546778,0.40686217796805096,0.13619260081971393
yellow_trip_hourly,titantpp_change_only,selected,additional_history_cells,0,1241,0.5350368541637608,0.02799561855069389,0.8384843220562632,0.01284315538758422,2.586440738627199,0.20074911841862658
yellow_trip_hourly,titantpp_change_only,selected,additional_history_cells,1,1475,1.2399184822901494,0.02495635489093983,2.6301895370936204,0.21874234969047338,1.474876598047922,0.32601881521452347
yellow_trip_hourly,titantpp_change_only,selected,additional_history_cells,2,5552,39.01614906619537,0.673743904093375,101.40329924538742,2.5160504970546778,0.40686217796805096,0.13619260081971393
yellow_trip_hourly,titantpp_change_only,last,body,,7888,19.1893492169915,3.255703727849675,57.611320979733186,9.539307744743956,1.12784224111294,0.1484862279542524
yellow_trip_hourly,titantpp_change_only,last,tail,,79,384.5497500906514,89.00435852290444,476.6786449460606,96.47984290275708,8.555598848344419e-42,1.4818731894510308e-41
yellow_trip_hourly,titantpp_change_only,last,quantity_cells,0,4364,2.496071938269371,0.32472490543959837,11.697579176435813,2.2997394349658338,2.0207569128293303,0.2695670694691608
yellow_trip_hourly,titantpp_change_only,last,quantity_cells,1,3138,26.64528970178181,3.097546917573691,58.43458675850876,5.429221027086272,0.024804471099960444,0.003882277759502103
yellow_trip_hourly,titantpp_change_only,last,quantity_cells,2,386,147.30520621976703,38.538019576236806,195.74426716362242,43.19765204595323,8.913662876215338e-17,1.5438916983145344e-16
yellow_trip_hourly,titantpp_change_only,last,quantity_cells,3,301,282.6010965239566,93.41440163760143,367.0560411687677,103.0559398713281,6.66452680345292e-26,1.154329903198506e-25
yellow_trip_hourly,titantpp_change_only,last,quantity_cells,4,79,384.5497500906514,89.00435852290444,476.6786449460606,96.47984290275708,8.555598848344419e-42,1.4818731894510308e-41
yellow_trip_hourly,titantpp_change_only,last,history_cells,0,1241,0.5229556854937366,0.015160214923216401,0.8464875730623691,0.009291318363044684,2.7961058493519784,0.19762248532455123
yellow_trip_hourly,titantpp_change_only,last,history_cells,1,1475,1.2659088017172733,0.007562284282461865,2.6490021434160824,0.008756750257955703,1.8373382394509032,0.3199431179924352
yellow_trip_hourly,titantpp_change_only,last,history_cells,2,5552,47.60297972735422,10.261489792797567,123.96907645912933,25.721932888523227,0.48926122760500457,0.12478103210320535
yellow_trip_hourly,titantpp_change_only,last,additional_history_cells,0,1241,0.5229556854937366,0.015160214923216401,0.8464875730623691,0.009291318363044684,2.7961058493519784,0.19762248532455123
yellow_trip_hourly,titantpp_change_only,last,additional_history_cells,1,1475,1.2659088017172733,0.007562284282461865,2.6490021434160824,0.008756750257955703,1.8373382394509032,0.3199431179924352
yellow_trip_hourly,titantpp_change_only,last,additional_history_cells,2,5552,47.60297972735422,10.261489792797567,123.96907645912933,25.721932888523227,0.48926122760500457,0.12478103210320535
yellow_trip_hourly,titantpp_no_static_lmm,selected,body,,7888,15.766279478935855,0.18497482375390012,46.742707048653735,0.4932224017852513,1.1250038358861338,0.13884570189546586
yellow_trip_hourly,titantpp_no_static_lmm,selected,tail,,79,286.5492679901767,24.09802054369956,369.40066764607275,21.626450055810874,1.5978114134168845e-55,2.767490548951484e-55
yellow_trip_hourly,titantpp_no_static_lmm,selected,quantity_cells,0,4364,2.2607588750113052,0.05542965320591883,8.622719580177575,0.4265311741047135,2.0113018940850966,0.24621413321183822
yellow_trip_hourly,titantpp_no_static_lmm,selected,quantity_cells,1,3138,22.433801078963537,0.32839078160776825,47.15349142635016,0.9338962728396594,0.030818607929400794,0.009716586234441922
yellow_trip_hourly,titantpp_no_static_lmm,selected,quantity_cells,2,386,114.25179537178526,2.2209681497621574,160.40023322665803,1.4005781355054712,3.6806510604810806e-22,6.375074641357915e-22
yellow_trip_hourly,titantpp_no_static_lmm,selected,quantity_cells,3,301,205.8984073541753,4.4854537759979625,286.3053469266193,6.646590583910285,1.8313535936463538e-34,3.1719974708193326e-34
yellow_trip_hourly,titantpp_no_static_lmm,selected,quantity_cells,4,79,286.5492679901767,24.09802054369956,369.40066764607275,21.626450055810874,1.5978114134168845e-55,2.767490548951484e-55
yellow_trip_hourly,titantpp_no_static_lmm,selected,history_cells,0,1241,0.5305642629547078,0.03079914311957993,0.8531262822977305,0.011938371653571096,2.66529553376736,0.07576993479859272
yellow_trip_hourly,titantpp_no_static_lmm,selected,history_cells,1,1475,1.2341185683719182,0.02667236066503452,2.6998421705695566,0.17741717523359232,1.6802562004248651,0.26314342811642416
yellow_trip_hourly,titantpp_no_static_lmm,selected,history_cells,2,5552,37.193528489913795,0.5074651380609991,97.42656093601279,1.7622961607707153,0.5561996765918321,0.1395413039491654
yellow_trip_hourly,titantpp_no_static_lmm,selected,additional_history_cells,0,1241,0.5305642629547078,0.03079914311957993,0.8531262822977305,0.011938371653571096,2.66529553376736,0.07576993479859272
yellow_trip_hourly,titantpp_no_static_lmm,selected,additional_history_cells,1,1475,1.2341185683719182,0.02667236066503452,2.6998421705695566,0.17741717523359232,1.6802562004248651,0.26314342811642416
yellow_trip_hourly,titantpp_no_static_lmm,selected,additional_history_cells,2,5552,37.193528489913795,0.5074651380609991,97.42656093601279,1.7622961607707153,0.5561996765918321,0.1395413039491654
yellow_trip_hourly,titantpp_no_static_lmm,last,body,,7888,16.622646000833225,0.7263831711410197,48.90397756104706,3.4643582504292976,1.2510998326289933,0.10870499414047316
yellow_trip_hourly,titantpp_no_static_lmm,last,tail,,79,384.19656719738924,129.33860255442212,474.7002506093608,129.25391421405564,6.413707953090944e-257,1.1108868034716567e-256
yellow_trip_hourly,titantpp_no_static_lmm,last,quantity_cells,0,4364,2.5634107182523436,0.48435521843098267,10.910846051342963,4.551802423932253,2.239467135979809,0.19226056382188392
yellow_trip_hourly,titantpp_no_static_lmm,last,quantity_cells,1,3138,23.074682573958622,1.181198062313345,49.039486744584735,4.95654394441765,0.030478297757047777,0.005877485616751664
yellow_trip_hourly,titantpp_no_static_lmm,last,quantity_cells,2,386,123.12008643273863,6.800904996320722,166.77317562172195,7.490256943737186,1.4895564668974675e-42,2.5799874316085075e-42
yellow_trip_hourly,titantpp_no_static_lmm,last,quantity_cells,3,301,233.692338607636,24.079600652933614,309.7457403929348,25.85592892414761,1.4463829766271855e-91,2.505208751544755e-91
yellow_trip_hourly,titantpp_no_static_lmm,last,quantity_cells,4,79,384.19656719738924,129.33860255442212,474.7002506093608,129.25391421405564,6.413707953090944e-257,1.1108868034716567e-256
yellow_trip_hourly,titantpp_no_static_lmm,last,history_cells,0,1241,0.5499764339052282,0.01754286963510422,0.8579333786057953,0.004628155328643896,2.8751699329644453,0.07120217745931709
yellow_trip_hourly,titantpp_no_static_lmm,last,history_cells,1,1475,1.2844541195287542,0.01636695502785795,2.7920506003157026,0.03167263359032785,2.024951294313181,0.1377859488907323
yellow_trip_hourly,titantpp_no_static_lmm,last,history_cells,2,5552,41.28877229886228,2.809702543291528,109.28171065606979,9.085076314955185,0.5968635507666935,0.12338766377886892
yellow_trip_hourly,titantpp_no_static_lmm,last,additional_history_cells,0,1241,0.5499764339052282,0.01754286963510422,0.8579333786057953,0.004628155328643896,2.8751699329644453,0.07120217745931709
yellow_trip_hourly,titantpp_no_static_lmm,last,additional_history_cells,1,1475,1.2844541195287542,0.01636695502785795,2.7920506003157026,0.03167263359032785,2.024951294313181,0.1377859488907323
yellow_trip_hourly,titantpp_no_static_lmm,last,additional_history_cells,2,5552,41.28877229886228,2.809702543291528,109.28171065606979,9.085076314955185,0.5968635507666935,0.12338766377886892
yellow_trip_hourly,rmtpp,selected,body,,7888,16.766276775022426,0.1252555146882253,53.49792307391354,1.2925259468484238,1.6558807414957442,0.9853222919418069
yellow_trip_hourly,rmtpp,selected,tail,,79,387.61996987902165,47.78355986812992,509.8502081387395,60.428923896994796,8.139739104902185e-15,1.4098441690045802e-14
yellow_trip_hourly,rmtpp,selected,quantity_cells,0,4364,2.150143078587815,0.1917260920830952,7.329174687041437,1.0515469458102005,2.7936027045639986,1.5432581755716996
yellow_trip_hourly,rmtpp,selected,quantity_cells,1,3138,21.988124771193636,0.3662718460247791,46.04199374203364,0.24881770606895529,0.2773437404060334,0.33652285615926875
yellow_trip_hourly,rmtpp,selected,quantity_cells,2,386,139.56070278345612,4.791986316375393,201.55549629280125,7.2306959856558475,1.1108989793034394e-06,1.924133474229963e-06
yellow_trip_hourly,rmtpp,selected,quantity_cells,3,301,242.07912021776372,8.909229829535684,320.531927378266,9.66328527086333,2.4616647065437496e-10,4.2637283429329045e-10
yellow_trip_hourly,rmtpp,selected,quantity_cells,4,79,387.61996987902165,47.78355986812992,509.8502081387395,60.428923896994796,8.139739104902185e-15,1.4098441690045802e-14
yellow_trip_hourly,rmtpp,selected,history_cells,0,1241,0.510701786581624,0.012731600127306907,0.842156052577974,0.008607504288020339,2.331839897780638,0.01861214232185919
yellow_trip_hourly,rmtpp,selected,history_cells,1,1475,1.2118728709490285,0.02301314004647563,2.631393540745966,0.20286703769466194,1.1054935649817945,0.04747158096445603
yellow_trip_hourly,rmtpp,selected,history_cells,2,5552,42.02429585835175,0.942913305708754,115.59071445532096,4.149019564006934,1.5376748860768388,1.383380029968401
yellow_trip_hourly,rmtpp,selected,additional_history_cells,0,1241,0.510701786581624,0.012731600127306907,0.842156052577974,0.008607504288020339,2.331839897780638,0.01861214232185919
yellow_trip_hourly,rmtpp,selected,additional_history_cells,1,1475,1.2118728709490285,0.02301314004647563,2.631393540745966,0.20286703769466194,1.1054935649817945,0.04747158096445603
yellow_trip_hourly,rmtpp,selected,additional_history_cells,2,5552,42.02429585835175,0.942913305708754,115.59071445532096,4.149019564006934,1.5376748860768388,1.383380029968401
yellow_trip_hourly,rmtpp,last,body,,7888,18.67410431672303,1.6619903604459374,61.28868114293499,7.510166513338089,2.1502773547196457,1.0837636916152555
yellow_trip_hourly,rmtpp,last,tail,,79,432.1272765855749,55.587724009091815,559.4343040596302,59.986982157737295,1.7055521308721372e-14,2.954102945627905e-14
yellow_trip_hourly,rmtpp,last,quantity_cells,0,4364,2.166465029844333,0.13294167959692696,7.154095804506631,1.180171194116508,3.6362322617806955,1.7747515556020135
yellow_trip_hourly,rmtpp,last,quantity_cells,1,3138,24.553586766715767,2.4122297172604172,53.86654905355289,7.286404068730641,0.34826962205921125,0.33803147303515874
yellow_trip_hourly,rmtpp,last,quantity_cells,2,386,157.50706265833298,15.674325165856125,229.1723558160208,28.559806723258323,2.8392695209238894e-07,4.917756832230894e-07
yellow_trip_hourly,rmtpp,last,quantity_cells,3,301,272.307026978215,24.22554851426648,360.78264656923693,35.87221560149999,4.34958099711954e-10,7.533695278647141e-10
yellow_trip_hourly,rmtpp,last,quantity_cells,4,79,432.1272765855749,55.587724009091815,559.4343040596302,59.986982157737295,1.7055521308721372e-14,2.954102945627905e-14
yellow_trip_hourly,rmtpp,last,history_cells,0,1241,0.5221202800006851,0.01579026653714402,0.8445181632784602,0.013419909676899473,2.365127175439615,0.030312168148253688
yellow_trip_hourly,rmtpp,last,history_cells,1,1475,1.211693331575663,0.010649356735361782,2.4384832520726807,0.09718668462179905,1.190463963126546,0.08566313082644346
yellow_trip_hourly,rmtpp,last,history_cells,2,5552,47.00443189651647,3.7717403281758712,130.04032739483284,10.147586787907716,2.2100739560207616,1.5167235813798077
yellow_trip_hourly,rmtpp,last,additional_history_cells,0,1241,0.5221202800006851,0.01579026653714402,0.8445181632784602,0.013419909676899473,2.365127175439615,0.030312168148253688
yellow_trip_hourly,rmtpp,last,additional_history_cells,1,1475,1.211693331575663,0.010649356735361782,2.4384832520726807,0.09718668462179905,1.190463963126546,0.08566313082644346
yellow_trip_hourly,rmtpp,last,additional_history_cells,2,5552,47.00443189651647,3.7717403281758712,130.04032739483284,10.147586787907716,2.2100739560207616,1.5167235813798077
yellow_trip_hourly,thp,selected,body,,7888,19.096962587526313,0.1364917195555343,59.927227291201916,2.1959830168195964,0.694865060594782,0.01828679325878022
yellow_trip_hourly,thp,selected,tail,,79,454.24243370088345,41.672964840209346,578.1473664156358,60.410311141464355,5.722503169667266e-17,9.89631362963187e-17
yellow_trip_hourly,thp,selected,quantity_cells,0,4364,2.0407230753327523,0.11978229162180459,8.097989725174447,1.9030616760273131,1.2451579055224276,0.03157851109479862
yellow_trip_hourly,thp,selected,quantity_cells,1,3138,26.14814172944421,0.9272087204521147,55.77500179497662,1.5336860610078253,0.015049859983352051,0.002076305600237001
yellow_trip_hourly,thp,selected,quantity_cells,2,386,154.60688249393655,9.427792813217389,217.35753140219944,14.423037002226055,9.752333489586348e-08,1.6847428901275676e-07
yellow_trip_hourly,thp,selected,quantity_cells,3,301,270.56431388643756,8.482526995973481,368.49735904040347,6.342521175369015,1.208993960078922e-10,2.0923832004705464e-10
yellow_trip_hourly,thp,selected,quantity_cells,4,79,454.24243370088345,41.672964840209346,578.1473664156358,60.410311141464355,5.722503169667266e-17,9.89631362963187e-17
yellow_trip_hourly,thp,selected,history_cells,0,1241,0.46688767738506226,0.01049933024987446,0.847605074160845,0.0036316781686681803,2.33012073856602,0.014832055877844808
yellow_trip_hourly,thp,selected,history_cells,1,1475,1.2085255891185696,0.0066307620298210156,2.455716704697625,0.02971518110854117,1.0567691641148362,0.004212932984193057
yellow_trip_hourly,thp,selected,history_cells,2,5552,47.83859308015315,1.212406426438929,131.29739191729496,5.496545467014662,0.18564143450616297,0.021558234701904124
yellow_trip_hourly,thp,selected,additional_history_cells,0,1241,0.46688767738506226,0.01049933024987446,0.847605074160845,0.0036316781686681803,2.33012073856602,0.014832055877844808
yellow_trip_hourly,thp,selected,additional_history_cells,1,1475,1.2085255891185696,0.0066307620298210156,2.455716704697625,0.02971518110854117,1.0567691641148362,0.004212932984193057
yellow_trip_hourly,thp,selected,additional_history_cells,2,5552,47.83859308015315,1.212406426438929,131.29739191729496,5.496545467014662,0.18564143450616297,0.021558234701904124
yellow_trip_hourly,thp,last,body,,7888,26.181209743771,11.215101138942101,87.82472260744316,45.20461271454731,0.6922072420560487,0.016590244133013708
yellow_trip_hourly,thp,last,tail,,79,554.9917157008175,91.69308169113516,675.7806928289311,77.36781356822536,2.8202663066020787e-22,4.884844533909409e-22
yellow_trip_hourly,thp,last,quantity_cells,0,4364,1.9601029354818291,0.1367468731897772,6.66595226186077,1.0112241262666026,1.2404740159638792,0.02927518468895711
yellow_trip_hourly,thp,last,quantity_cells,1,3138,32.20800796256897,7.021503327086127,76.64650268622204,27.398552677584924,0.01488276598232499,0.0010269064333219375
yellow_trip_hourly,thp,last,quantity_cells,2,386,251.02270534166195,173.67962261109028,328.88181713793966,193.4920259725491,4.9760144107738275e-11,7.471046844245903e-11
yellow_trip_hourly,thp,last,quantity_cells,3,301,502.53210881804574,373.29367753886186,605.3093885902879,380.0606714725045,1.2838634106083631e-15,1.4685877735668562e-15
yellow_trip_hourly,thp,last,quantity_cells,4,79,554.9917157008175,91.69308169113516,675.7806928289311,77.36781356822536,2.8202663066020787e-22,4.884844533909409e-22
yellow_trip_hourly,thp,last,history_cells,0,1241,0.48915478251744365,0.017002501299258368,0.8389507053948686,0.005980143988500735,2.324111341907212,0.004132176520909835
yellow_trip_hourly,thp,last,history_cells,1,1475,1.2509979189856577,0.005021702750401268,2.5716980827680427,0.23118602667367374,1.0552423428790054,0.003840457500836638
yellow_trip_hourly,thp,last,history_cells,2,5552,71.89690737353278,37.46193096859554,195.3723817750566,97.68515966420125,0.1836142100656934,0.022544081702223977
yellow_trip_hourly,thp,last,additional_history_cells,0,1241,0.48915478251744365,0.017002501299258368,0.8389507053948686,0.005980143988500735,2.324111341907212,0.004132176520909835
yellow_trip_hourly,thp,last,additional_history_cells,1,1475,1.2509979189856577,0.005021702750401268,2.5716980827680427,0.23118602667367374,1.0552423428790054,0.003840457500836638
yellow_trip_hourly,thp,last,additional_history_cells,2,5552,71.89690737353278,37.46193096859554,195.3723817750566,97.68515966420125,0.1836142100656934,0.022544081702223977
yellow_trip_hourly,nhp,selected,body,,7888,38.738239165735536,3.250289837156413,115.34416212988216,9.91232335968555,0.6830356524507634,0.002158103025408371
yellow_trip_hourly,nhp,selected,tail,,79,2170.4866629169965,131.90986009211656,2243.0347645656966,133.3440214993957,2.112075559321871e-11,3.430393998385391e-11
yellow_trip_hourly,nhp,selected,quantity_cells,0,4364,1.507160409770535,0.06388343180968994,3.7582143767594873,0.5341411905560469,1.2230649125387858,0.003448806417522305
yellow_trip_hourly,nhp,selected,quantity_cells,1,3138,40.60968406348059,3.4132346212317373,75.45130974300379,5.876943800129792,0.016038829221652624,0.0009474306442832564
yellow_trip_hourly,nhp,selected,quantity_cells,2,386,444.44765264217926,40.014505519910124,474.7884526878715,41.728066443987686,2.64546152900738e-07,1.3910995333423618e-07
yellow_trip_hourly,nhp,selected,quantity_cells,3,301,1004.5957703785775,9.437992486760553,1057.5926855358218,5.682219849870269,2.188920762613681e-09,3.235573646565018e-09
yellow_trip_hourly,nhp,selected,quantity_cells,4,79,2170.4866629169965,131.90986009211656,2243.0347645656966,133.3440214993957,2.112075559321871e-11,3.430393998385391e-11
yellow_trip_hourly,nhp,selected,history_cells,0,1241,0.4769308469707275,0.014039700274311288,0.8547396787575093,0.010060267156639125,2.3310209996931874,0.0033249757349073394
yellow_trip_hourly,nhp,selected,history_cells,1,1475,1.315078686347789,0.054161932957959354,3.6737755147774176,0.3896434032343566,1.069123450905043,0.004393365707576282
yellow_trip_hourly,nhp,selected,history_cells,2,5552,139.9292852215891,2.7917346011954596,389.0527898740218,6.469643126696175,0.1653514186757875,0.0023824806194724063
yellow_trip_hourly,nhp,selected,additional_history_cells,0,1241,0.4769308469707275,0.014039700274311288,0.8547396787575093,0.010060267156639125,2.3310209996931874,0.0033249757349073394
yellow_trip_hourly,nhp,selected,additional_history_cells,1,1475,1.315078686347789,0.054161932957959354,3.6737755147774176,0.3896434032343566,1.069123450905043,0.004393365707576282
yellow_trip_hourly,nhp,selected,additional_history_cells,2,5552,139.9292852215891,2.7917346011954596,389.0527898740218,6.469643126696175,0.1653514186757875,0.0023824806194724063
yellow_trip_hourly,nhp,last,body,,7888,42.95679001004118,2.542831454663633,127.98263277241354,7.526918005868122,0.7267819904217311,0.006088000257269276
yellow_trip_hourly,nhp,last,tail,,79,2392.072797686742,149.86267748175166,2458.024237180548,150.8934292317476,7.432158445096263e-25,6.814349159770479e-25
yellow_trip_hourly,nhp,last,quantity_cells,0,4364,2.085520117887655,0.3384049541748433,8.81776616084382,2.9280661221878725,1.2924854488297988,0.010732920304386958
yellow_trip_hourly,nhp,last,quantity_cells,1,3138,43.42761814013038,2.817566054780294,82.6057214602046,5.84400387932387,0.029461389963068803,0.00040039475479327366
yellow_trip_hourly,nhp,last,quantity_cells,2,386,501.2074717124715,32.62399063282953,527.4876745762822,31.1356832575904,1.276228221005235e-10,2.2093822173547403e-10
yellow_trip_hourly,nhp,last,quantity_cells,3,301,1160.7815017784685,70.4317272487115,1207.6631696838822,67.93308920632488,2.6793088232433887e-17,4.6199531719158083e-17
yellow_trip_hourly,nhp,last,quantity_cells,4,79,2392.072797686742,149.86267748175166,2458.024237180548,150.8934292317476,7.432158445096263e-25,6.814349159770479e-25
yellow_trip_hourly,nhp,last,history_cells,0,1241,0.5181786992714478,0.007189396266257148,0.8292772719714697,0.0013623359762814885,2.3220197065211923,0.006390694173557874
yellow_trip_hourly,nhp,last,history_cells,1,1475,1.2989433009476312,0.020298084057785267,3.6298183940400497,0.12052668257179595,1.0489364864114934,0.006767612049297013
yellow_trip_hourly,nhp,last,history_cells,2,5552,157.53839004270225,9.153966480298298,433.9775395885664,24.725486831021176,0.23487906469684122,0.010586772383722366
yellow_trip_hourly,nhp,last,additional_history_cells,0,1241,0.5181786992714478,0.007189396266257148,0.8292772719714697,0.0013623359762814885,2.3220197065211923,0.006390694173557874
yellow_trip_hourly,nhp,last,additional_history_cells,1,1475,1.2989433009476312,0.020298084057785267,3.6298183940400497,0.12052668257179595,1.0489364864114934,0.006767612049297013
yellow_trip_hourly,nhp,last,additional_history_cells,2,5552,157.53839004270225,9.153966480298298,433.9775395885664,24.725486831021176,0.23487906469684122,0.010586772383722366
yellow_trip_hourly,sahp,selected,body,,7888,21.68296814458023,0.9152986207194809,72.72554358068594,8.025044580807833,0.717811479246539,0.015291012303290233
yellow_trip_hourly,sahp,selected,tail,,79,557.950626936643,26.43169676574589,780.830670450989,36.198690339590186,1.177491881591093e-05,2.0393991991212768e-05
yellow_trip_hourly,sahp,selected,quantity_cells,0,4364,3.611085941321326,0.27861833931050983,20.846867783146003,3.2393805793160464,1.2852200091236607,0.02747584506900398
yellow_trip_hourly,sahp,selected,quantity_cells,1,3138,29.464042095614257,3.476066365097065,73.90343243938904,19.338988355104178,0.0170160879229304,0.0004654034931323674
yellow_trip_hourly,sahp,selected,quantity_cells,2,386,162.741734664469,13.030853841676977,239.70597894835961,10.943636521379009,8.926914261681738e-07,1.218471745361311e-06
yellow_trip_hourly,sahp,selected,quantity_cells,3,301,225.47318555931184,11.909884377129604,314.52286418938814,17.328963699207506,3.085175063279548e-06,5.325385469754881e-06
yellow_trip_hourly,sahp,selected,quantity_cells,4,79,557.950626936643,26.43169676574589,780.830670450989,36.198690339590186,1.177491881591093e-05,2.0393991991212768e-05
yellow_trip_hourly,sahp,selected,history_cells,0,1241,0.48146500005985887,0.00891554400441214,0.8471643782998072,0.001646841987692159,2.3551856246756744,0.03633017640648812
yellow_trip_hourly,sahp,selected,history_cells,1,1475,1.1522198911709973,0.010277490497324477,2.2859978555409803,0.15567036685984786,1.056366268871581,0.02873070040655275
yellow_trip_hourly,sahp,selected,history_cells,2,5552,50.55543204273145,0.6761414460753667,147.07723642858397,2.440724251871157,0.21274733435606755,0.009311597776750363
yellow_trip_hourly,sahp,selected,additional_history_cells,0,1241,0.48146500005985887,0.00891554400441214,0.8471643782998072,0.001646841987692159,2.3551856246756744,0.03633017640648812
yellow_trip_hourly,sahp,selected,additional_history_cells,1,1475,1.1522198911709973,0.010277490497324477,2.2859978555409803,0.15567036685984786,1.056366268871581,0.02873070040655275
yellow_trip_hourly,sahp,selected,additional_history_cells,2,5552,50.55543204273145,0.6761414460753667,147.07723642858397,2.440724251871157,0.21274733435606755,0.009311597776750363
yellow_trip_hourly,sahp,last,body,,7888,23.87571925624822,2.339703333677981,89.67362953657302,17.623132692829667,0.7655506235804656,0.01788223115785796
yellow_trip_hourly,sahp,last,tail,,79,498.49493279436973,40.5941746946633,710.2395343363407,50.3547436396118,1.9378921226098456e-05,3.355183464884578e-05
yellow_trip_hourly,sahp,last,quantity_cells,0,4364,4.3768867811832886,0.36470207020957407,28.074371255617777,3.9646221217902275,1.3685721699177162,0.028749450695272565
yellow_trip_hourly,sahp,last,quantity_cells,1,3138,32.9495129087611,4.879861092417777,95.71466899887636,24.94400709497966,0.021100757682159934,0.0062513253162011385
yellow_trip_hourly,sahp,last,quantity_cells,2,386,170.55794837437764,4.081178516070859,283.76588278542204,41.651826956955034,4.965678279749613e-07,5.080580179236026e-07
yellow_trip_hourly,sahp,last,quantity_cells,3,301,283.90539834665697,33.7155368443569,403.7760306827446,63.86914695510761,3.3313963411322953e-06,5.697118316390284e-06
yellow_trip_hourly,sahp,last,quantity_cells,4,79,498.49493279436973,40.5941746946633,710.2395343363407,50.3547436396118,1.9378921226098456e-05,3.355183464884578e-05
yellow_trip_hourly,sahp,last,history_cells,0,1241,0.5153193369912038,0.021883235241317783,0.8395188711244544,0.0065832129308789995,2.4465309692855595,0.06571472748402492
yellow_trip_hourly,sahp,last,history_cells,1,1475,1.1568058103087258,0.02617165651768552,2.2232664679501544,0.20730566112421608,1.0659827752338213,0.010286181351096903
yellow_trip_hourly,sahp,last,history_cells,2,5552,55.98387936220704,4.997443749613471,166.2356222399107,20.17237468468942,0.25760020283402757,0.03614644467944276
yellow_trip_hourly,sahp,last,additional_history_cells,0,1241,0.5153193369912038,0.021883235241317783,0.8395188711244544,0.0065832129308789995,2.4465309692855595,0.06571472748402492
yellow_trip_hourly,sahp,last,additional_history_cells,1,1475,1.1568058103087258,0.02617165651768552,2.2232664679501544,0.20730566112421608,1.0659827752338213,0.010286181351096903
yellow_trip_hourly,sahp,last,additional_history_cells,2,5552,55.98387936220704,4.997443749613471,166.2356222399107,20.17237468468942,0.25760020283402757,0.03614644467944276
intermittent_frozen_5000,titantpp,selected,body,,81739,0.585822588009983,0.07100001677576465,1.2350480268769608,0.10310326235544665,0.40394906143226345,0.1088684931136023
intermittent_frozen_5000,titantpp,selected,tail,,1141,6.486203451376716,0.35857808957063886,8.62304948684275,0.6017103450521618,9.21896278654777e-06,1.5680619145359608e-05
intermittent_frozen_5000,titantpp,selected,quantity_cells,0,45036,0.11556236014049359,0.0175298862003509,0.22455087074939487,0.03576952862273276,0.6459137656240601,0.18276971755518565
intermittent_frozen_5000,titantpp,selected,quantity_cells,1,29579,0.9628177989505454,0.06435827765933683,1.5105691671243322,0.023429687931538826,0.08878466196214263,0.015373256144750078
intermittent_frozen_5000,titantpp,selected,quantity_cells,2,7124,1.9933883204523508,0.66503429508706,2.7554255581618103,0.5345844783148568,0.18288299657333082,0.049015463987930524
intermittent_frozen_5000,titantpp,selected,quantity_cells,3,3405,2.9909884937826,0.10455423306232317,4.307726471197821,0.2185934959544797,0.04953375912344547,0.01151466360436084
intermittent_frozen_5000,titantpp,selected,quantity_cells,4,1141,6.486203451376716,0.35857808957063886,8.62304948684275,0.6017103450521618,9.21896278654777e-06,1.5680619145359608e-05
intermittent_frozen_5000,titantpp,selected,history_cells,0,25088,0.8518200583025801,0.036700543676592534,1.4217209079198943,0.035887773396005254,0.15753211998511038,0.029354315909695512
intermittent_frozen_5000,titantpp,selected,history_cells,1,28456,1.3317031025455044,0.20302378437449933,2.7152785387887834,0.12275219437190799,0.28265286659889854,0.023129260993000382
intermittent_frozen_5000,titantpp,selected,history_cells,2,32741,0.1894939486261442,0.03614945809004044,0.6069362463742332,0.19053753165628792,0.6472535812265643,0.235843140342006
intermittent_frozen_5000,titantpp,selected,additional_history_cells,0,25088,0.8518200583025801,0.036700543676592534,1.4217209079198943,0.035887773396005254,0.15753211998511038,0.029354315909695512
intermittent_frozen_5000,titantpp,selected,additional_history_cells,1,28456,1.3317031025455044,0.20302378437449933,2.7152785387887834,0.12275219437190799,0.28265286659889854,0.023129260993000382
intermittent_frozen_5000,titantpp,selected,additional_history_cells,2,32741,0.1894939486261442,0.03614945809004044,0.6069362463742332,0.19053753165628792,0.6472535812265643,0.235843140342006
intermittent_frozen_5000,titantpp,last,body,,81739,0.5930632025429655,0.0941647996456286,1.290172527122478,0.1927832513056144,0.5988201707830462,0.2896446954244681
intermittent_frozen_5000,titantpp,last,tail,,1141,16.57424140861081,4.878527886624261,20.005828364262406,4.273940652322232,1.3801054778257844e-14,2.3904128073878445e-14
intermittent_frozen_5000,titantpp,last,quantity_cells,0,45036,0.12954695591033097,0.026312508082943997,0.26816239587894175,0.06308247403848319,0.7292219269554638,0.08624318727094424
intermittent_frozen_5000,titantpp,last,quantity_cells,1,29579,0.8907738492459226,0.015050421498815266,1.450786441509983,0.05510308462251034,0.4907103791311065,0.6851641029000451
intermittent_frozen_5000,titantpp,last,quantity_cells,2,7124,2.287186513115756,0.9426510687362968,3.0942589657392534,0.9403829939966006,0.22332972107665425,0.05394420818236366
intermittent_frozen_5000,titantpp,last,quantity_cells,3,3405,4.499193300012858,1.2804219907368366,6.392027411950525,1.5282747913538346,0.106973296344015,0.07856593351518967
intermittent_frozen_5000,titantpp,last,quantity_cells,4,1141,16.57424140861081,4.878527886624261,20.005828364262406,4.273940652322232,1.3801054778257844e-14,2.3904128073878445e-14
intermittent_frozen_5000,titantpp,last,history_cells,0,25088,0.8928324920948925,0.030469394663423806,2.0263833729791205,0.13626596125772755,0.462799959266882,0.5045734866497428
intermittent_frozen_5000,titantpp,last,history_cells,1,28456,1.841872842523165,0.49649806900842,4.574740961305334,0.9617104470808382,0.49177600478335887,0.30193933462555034
intermittent_frozen_5000,titantpp,last,history_cells,2,32741,0.24115453339581353,0.06372252175198424,0.9846847364051148,0.4744849688748075,0.7240616549123106,0.09824994363743605
intermittent_frozen_5000,titantpp,last,additional_history_cells,0,25088,0.8928324920948925,0.030469394663423806,2.0263833729791205,0.13626596125772755,0.462799959266882,0.5045734866497428
intermittent_frozen_5000,titantpp,last,additional_history_cells,1,28456,1.841872842523165,0.49649806900842,4.574740961305334,0.9617104470808382,0.49177600478335887,0.30193933462555034
intermittent_frozen_5000,titantpp,last,additional_history_cells,2,32741,0.24115453339581353,0.06372252175198424,0.9846847364051148,0.4744849688748075,0.7240616549123106,0.09824994363743605
intermittent_frozen_5000,titantpp_local_detail,selected,body,,81739,0.5435341899399276,0.020088017494626974,1.1355994437092929,0.012464548448506368,0.4555689925260175,0.13456464937442236
intermittent_frozen_5000,titantpp_local_detail,selected,tail,,1141,7.271519550899647,0.7074423821098967,9.409058747066442,0.6077645846650389,0.265107061248645,0.45681105289042534
intermittent_frozen_5000,titantpp_local_detail,selected,quantity_cells,0,45036,0.1069888644575328,0.019842653145453037,0.20334900701279374,0.01439132030564317,0.614684624637582,0.11242621140050128
intermittent_frozen_5000,titantpp_local_detail,selected,quantity_cells,1,29579,0.9152218605114993,0.0641893530033813,1.4134175544387744,0.08019972662527589,0.24113548093858,0.2661826752236885
intermittent_frozen_5000,titantpp_local_detail,selected,quantity_cells,2,7124,1.760000454761463,0.21900482790084067,2.486052759358909,0.2520024802943847,0.34001554382703425,0.3275351938295982
intermittent_frozen_5000,titantpp_local_detail,selected,quantity_cells,3,3405,3.5082846555182354,0.29199067447989563,4.766501987729021,0.3571368406520654,0.9209708591904625,1.5558611689984205
intermittent_frozen_5000,titantpp_local_detail,selected,quantity_cells,4,1141,7.271519550899647,0.7074423821098967,9.409058747066442,0.6077645846650389,0.265107061248645,0.45681105289042534
intermittent_frozen_5000,titantpp_local_detail,selected,history_cells,0,25088,0.9089955670504077,0.07696922988190912,1.5840350833786172,0.0732612824815941,0.29952528057411204,0.26619539812881804
intermittent_frozen_5000,titantpp_local_detail,selected,history_cells,1,28456,1.2718938551776837,0.07587370392192413,2.7084523122195283,0.12483109136053717,0.5116145150868101,0.3491126404050719
intermittent_frozen_5000,titantpp_local_detail,selected,history_cells,2,32741,0.17325560862585268,0.0070650948909905965,0.5748246325919182,0.25887804494158456,0.5681913787654265,0.10909327432921284
intermittent_frozen_5000,titantpp_local_detail,selected,additional_history_cells,0,25088,0.9089955670504077,0.07696922988190912,1.5840350833786172,0.0732612824815941,0.29952528057411204,0.26619539812881804
intermittent_frozen_5000,titantpp_local_detail,selected,additional_history_cells,1,28456,1.2718938551776837,0.07587370392192413,2.7084523122195283,0.12483109136053717,0.5116145150868101,0.3491126404050719
intermittent_frozen_5000,titantpp_local_detail,selected,additional_history_cells,2,32741,0.17325560862585268,0.0070650948909905965,0.5748246325919182,0.25887804494158456,0.5681913787654265,0.10909327432921284
intermittent_frozen_5000,titantpp_local_detail,last,body,,81739,0.5342060801349121,0.03593260363266464,1.1266580164149143,0.04279271340201535,0.3989931720803897,0.034795995183976136
intermittent_frozen_5000,titantpp_local_detail,last,tail,,1141,15.814165383377098,12.036375404468265,18.86374675849637,12.925042230855535,12.436430619318555,10.638852736185246
intermittent_frozen_5000,titantpp_local_detail,last,quantity_cells,0,45036,0.10407754988590869,0.014081495368287936,0.19868872756154274,0.021445755296192557,0.5931198770495566,0.0362370769594429
intermittent_frozen_5000,titantpp_local_detail,last,quantity_cells,1,29579,0.9233797128419479,0.08160898669629299,1.4603798649953166,0.09737618401135636,0.13039480307148188,0.03385054914503368
intermittent_frozen_5000,titantpp_local_detail,last,quantity_cells,2,7124,1.637505014224287,0.0864428873484192,2.3328207127949137,0.0719519104890082,0.2870028396720639,0.09160094448500111
intermittent_frozen_5000,titantpp_local_detail,last,quantity_cells,3,3405,4.801348669133347,1.4817059725741641,6.445656875350318,2.026591993670928,3.580768179589789,3.091730583640288
intermittent_frozen_5000,titantpp_local_detail,last,quantity_cells,4,1141,15.814165383377098,12.036375404468265,18.86374675849637,12.925042230855535,12.436430619318555,10.638852736185246
intermittent_frozen_5000,titantpp_local_detail,last,history_cells,0,25088,0.8794533612331705,0.09547362584144331,1.8808883118969442,0.4247162608033606,0.15289630613571892,0.018064261900375682
intermittent_frozen_5000,titantpp_local_detail,last,history_cells,1,28456,1.7340918091414583,0.61040897754413,4.400565613741755,2.4494262796419064,1.2979771268603224,0.8022718010878366
intermittent_frozen_5000,titantpp_local_detail,last,history_cells,2,32741,0.20307819728880544,0.037268132623696375,0.9464214087859382,0.2845585043628425,0.5566319364269404,0.04805317310371031
intermittent_frozen_5000,titantpp_local_detail,last,additional_history_cells,0,25088,0.8794533612331705,0.09547362584144331,1.8808883118969442,0.4247162608033606,0.15289630613571892,0.018064261900375682
intermittent_frozen_5000,titantpp_local_detail,last,additional_history_cells,1,28456,1.7340918091414583,0.61040897754413,4.400565613741755,2.4494262796419064,1.2979771268603224,0.8022718010878366
intermittent_frozen_5000,titantpp_local_detail,last,additional_history_cells,2,32741,0.20307819728880544,0.037268132623696375,0.9464214087859382,0.2845585043628425,0.5566319364269404,0.04805317310371031
intermittent_frozen_5000,titantpp_history_mlp,selected,body,,81739,0.5324131799702768,0.03784806994536733,1.122502445305173,0.015578873774175897,0.37329106733894274,0.05137491631935274
intermittent_frozen_5000,titantpp_history_mlp,selected,tail,,1141,5.979452683150402,0.7171454482932367,8.189132004173315,0.5975759375224657,9.498323763407674,16.425303475290157
intermittent_frozen_5000,titantpp_history_mlp,selected,quantity_cells,0,45036,0.14873654282999726,0.045377334326384314,0.2620980497339179,0.06936337388232383,0.5902981501056029,0.08455380182642411
intermittent_frozen_5000,titantpp_history_mlp,selected,quantity_cells,1,29579,0.8964574063153516,0.03464371367610905,1.4835219800102988,0.002663947651937617,0.08924226331948422,0.0010446494437432677
intermittent_frozen_5000,titantpp_history_mlp,selected,quantity_cells,2,7124,1.4463936486941207,0.08541529453513318,2.205527143168715,0.05575746830557362,0.18080771453325,0.057996611682576395
intermittent_frozen_5000,titantpp_history_mlp,selected,quantity_cells,3,3405,2.9671464670772245,0.2499656667849403,4.261936494990311,0.3370118209066458,0.4532244739626039,0.6783356404567474
intermittent_frozen_5000,titantpp_history_mlp,selected,quantity_cells,4,1141,5.979452683150402,0.7171454482932367,8.189132004173315,0.5975759375224657,9.498323763407674,16.425303475290157
intermittent_frozen_5000,titantpp_history_mlp,selected,history_cells,0,25088,0.8210202755111897,0.035051932633613676,1.384225799139581,0.030443049110931396,0.15770358915848348,0.014987181485738693
intermittent_frozen_5000,titantpp_history_mlp,selected,history_cells,1,28456,1.138910739093938,0.07270351666935984,2.5080519467453697,0.1327278726222123,0.7261537276473284,0.6979918910517903
intermittent_frozen_5000,titantpp_history_mlp,selected,history_cells,2,32741,0.22717722384109199,0.05509314017368596,0.6452043419378255,0.1977581506995545,0.5581184808762173,0.10860930662949712
intermittent_frozen_5000,titantpp_history_mlp,selected,additional_history_cells,0,25088,0.8210202755111897,0.035051932633613676,1.384225799139581,0.030443049110931396,0.15770358915848348,0.014987181485738693
intermittent_frozen_5000,titantpp_history_mlp,selected,additional_history_cells,1,28456,1.138910739093938,0.07270351666935984,2.5080519467453697,0.1327278726222123,0.7261537276473284,0.6979918910517903
intermittent_frozen_5000,titantpp_history_mlp,selected,additional_history_cells,2,32741,0.22717722384109199,0.05509314017368596,0.6452043419378255,0.1977581506995545,0.5581184808762173,0.10860930662949712
intermittent_frozen_5000,titantpp_history_mlp,last,body,,81739,0.5564374994208211,0.008335843710739067,1.2064891105271713,0.027277909069426644,0.3998236612590537,0.02524661120750377
intermittent_frozen_5000,titantpp_history_mlp,last,tail,,1141,12.261185169359274,7.606071005053173,15.082074992643165,8.410469842020618,0.0012061109197347875,0.0020371129479055256
intermittent_frozen_5000,titantpp_history_mlp,last,quantity_cells,0,45036,0.12055194583260527,0.01249954606467947,0.2309228573176042,0.019519969805065443,0.6184156859446491,0.03689238074843364
intermittent_frozen_5000,titantpp_history_mlp,last,quantity_cells,1,29579,0.878306740679361,0.011227194452288376,1.438968334507863,0.03200563225984946,0.12828033254632945,0.07084192292925268
intermittent_frozen_5000,titantpp_history_mlp,last,quantity_cells,2,7124,1.9755800463344282,0.20288521573615648,2.7814037376675484,0.21912484486118017,0.14539773428729505,0.01994225208521252
intermittent_frozen_5000,titantpp_history_mlp,last,quantity_cells,3,3405,4.0954827415552195,0.8853603368127462,5.646001578943155,1.2928875957788752,0.02708590773608301,0.021028327545181077
intermittent_frozen_5000,titantpp_history_mlp,last,quantity_cells,4,1141,12.261185169359274,7.606071005053173,15.082074992643165,8.410469842020618,0.0012061109197347875,0.0020371129479055256
intermittent_frozen_5000,titantpp_history_mlp,last,history_cells,0,25088,0.8077612619816965,0.029030407196910153,1.5081897406872895,0.11125762731005528,0.15420995061087858,0.030144687315864026
intermittent_frozen_5000,titantpp_history_mlp,last,history_cells,1,28456,1.631632711681444,0.389306882257364,3.874119989778069,1.4845152465684288,0.3524206015788558,0.08425554472925936
intermittent_frozen_5000,titantpp_history_mlp,last,history_cells,2,32741,0.2053364525881609,0.014307783827411059,0.7284297435624272,0.23081598413545915,0.5765703569408667,0.024447557472629073
intermittent_frozen_5000,titantpp_history_mlp,last,additional_history_cells,0,25088,0.8077612619816965,0.029030407196910153,1.5081897406872895,0.11125762731005528,0.15420995061087858,0.030144687315864026
intermittent_frozen_5000,titantpp_history_mlp,last,additional_history_cells,1,28456,1.631632711681444,0.389306882257364,3.874119989778069,1.4845152465684288,0.3524206015788558,0.08425554472925936
intermittent_frozen_5000,titantpp_history_mlp,last,additional_history_cells,2,32741,0.2053364525881609,0.014307783827411059,0.7284297435624272,0.23081598413545915,0.5765703569408667,0.024447557472629073
intermittent_frozen_5000,titantpp_level_only,selected,body,,81739,0.538741160872805,0.011939606619319315,1.1548789454538206,0.005184888793022619,0.4349673179675846,0.12054751963084327
intermittent_frozen_5000,titantpp_level_only,selected,tail,,1141,6.1942667625398276,0.13378585811973046,8.02469212556991,0.424074195442245,0.0736598718901624,0.1206724285177507
intermittent_frozen_5000,titantpp_level_only,selected,quantity_cells,0,45036,0.12243732220273805,0.020114045492981,0.23400666203448128,0.030228324099043663,0.6950347518272664,0.20338264129845288
intermittent_frozen_5000,titantpp_level_only,selected,quantity_cells,1,29579,0.9159547521331921,0.014077431745895678,1.5010733985532243,0.028539588877932537,0.10748168445268212,0.053420963101613955
intermittent_frozen_5000,titantpp_level_only,selected,quantity_cells,2,7124,1.604302483508142,0.21197166722215038,2.3635183120942167,0.11841324121336773,0.15061872201483878,0.03276468473764319
intermittent_frozen_5000,titantpp_level_only,selected,quantity_cells,3,3405,3.1332449600735077,0.2510926994430687,4.442257231153841,0.22269150004890356,0.036767190835132094,0.02632701356355624
intermittent_frozen_5000,titantpp_level_only,selected,quantity_cells,4,1141,6.1942667625398276,0.13378585811973046,8.02469212556991,0.424074195442245,0.0736598718901624,0.1206724285177507
intermittent_frozen_5000,titantpp_level_only,selected,history_cells,0,25088,0.8200549253660133,0.036902011080448445,1.433915104852261,0.07250150892518462,0.17489016358177484,0.07312119861075601
intermittent_frozen_5000,titantpp_level_only,selected,history_cells,1,28456,1.2217115050679395,0.11431037611492223,2.5654616547295612,0.12321766492173525,0.34793792665572915,0.08398474198826968
intermittent_frozen_5000,titantpp_level_only,selected,history_cells,2,32741,0.19651081695411293,0.04367125406797434,0.5562165215212364,0.16068539722809053,0.655889121808059,0.21699318872077014
intermittent_frozen_5000,titantpp_level_only,selected,additional_history_cells,0,25088,0.8200549253660133,0.036902011080448445,1.433915104852261,0.07250150892518462,0.17489016358177484,0.07312119861075601
intermittent_frozen_5000,titantpp_level_only,selected,additional_history_cells,1,28456,1.2217115050679395,0.11431037611492223,2.5654616547295612,0.12321766492173525,0.34793792665572915,0.08398474198826968
intermittent_frozen_5000,titantpp_level_only,selected,additional_history_cells,2,32741,0.19651081695411293,0.04367125406797434,0.5562165215212364,0.16068539722809053,0.655889121808059,0.21699318872077014
intermittent_frozen_5000,titantpp_level_only,last,body,,81739,0.5638733890878795,0.037231931959639565,1.232399233713503,0.05356408759364136,0.4204237413247988,0.15638107688124478
intermittent_frozen_5000,titantpp_level_only,last,tail,,1141,21.244850762713,19.604378649101882,24.490832029438153,21.62881569247268,30.292968338007444,42.42691177822552
intermittent_frozen_5000,titantpp_level_only,last,quantity_cells,0,45036,0.1100472554669914,0.012774128295552429,0.21062834789268792,0.014451258628668022,0.6676373659808037,0.2808837354297674
intermittent_frozen_5000,titantpp_level_only,last,quantity_cells,1,29579,0.9282041413037339,0.09131833132161207,1.5209496480402909,0.12861366199119284,0.09098633026587427,0.023833175024131313
intermittent_frozen_5000,titantpp_level_only,last,quantity_cells,2,7124,1.9201303281610922,0.2526477037291243,2.7322769237088984,0.2768174881880299,0.22543727048034737,0.07210805512308505
intermittent_frozen_5000,titantpp_level_only,last,quantity_cells,3,3405,5.9794417026051105,2.0922505325706378,8.62750947430717,2.935796203294732,0.8503854432962292,1.2153850402718056
intermittent_frozen_5000,titantpp_level_only,last,quantity_cells,4,1141,21.244850762713,19.604378649101882,24.490832029438153,21.62881569247268,30.292968338007444,42.42691177822552
intermittent_frozen_5000,titantpp_level_only,last,history_cells,0,25088,0.8568069446304509,0.07367133028074936,1.5486329206252576,0.0701815265533916,0.16462608857457245,0.022383520684537327
intermittent_frozen_5000,titantpp_level_only,last,history_cells,1,28456,2.167203322827967,0.9936143538317809,5.862069952285108,4.214777372315676,1.644223901297531,1.639872055414708
intermittent_frozen_5000,titantpp_level_only,last,history_cells,2,32741,0.22984362991352583,0.0938630826461535,1.153935583621795,0.9286826053367316,0.6385474131748103,0.2963577657168203
intermittent_frozen_5000,titantpp_level_only,last,additional_history_cells,0,25088,0.8568069446304509,0.07367133028074936,1.5486329206252576,0.0701815265533916,0.16462608857457245,0.022383520684537327
intermittent_frozen_5000,titantpp_level_only,last,additional_history_cells,1,28456,2.167203322827967,0.9936143538317809,5.862069952285108,4.214777372315676,1.644223901297531,1.639872055414708
intermittent_frozen_5000,titantpp_level_only,last,additional_history_cells,2,32741,0.22984362991352583,0.0938630826461535,1.153935583621795,0.9286826053367316,0.6385474131748103,0.2963577657168203
intermittent_frozen_5000,titantpp_change_only,selected,body,,81739,0.5273526874140698,0.010327250073795159,1.1328005730048074,0.016570242994347856,0.5205693082548415,0.12517644709831768
intermittent_frozen_5000,titantpp_change_only,selected,tail,,1141,7.466557704737198,0.16821026790838567,9.358639699336736,0.1365592110064263,5.6051356282526115,9.706272512538447
intermittent_frozen_5000,titantpp_change_only,selected,quantity_cells,0,45036,0.1063672115357755,0.003196259494289344,0.20877630602167993,0.01403458233235295,0.6796813610215965,0.19514556202631458
intermittent_frozen_5000,titantpp_change_only,selected,quantity_cells,1,29579,0.8469104721008894,0.03571776518289072,1.3504132503452542,0.04237773476588606,0.16081655423838517,0.029311199554518847
intermittent_frozen_5000,titantpp_change_only,selected,quantity_cells,2,7124,1.8618981925240399,0.09710310785609567,2.6204491066879187,0.09365602392708662,1.008407082349337,1.2542923632785286
intermittent_frozen_5000,titantpp_change_only,selected,quantity_cells,3,3405,3.646154766670933,0.20769193369017286,4.8839318986173526,0.09790556522797779,4.008102426799704,6.865690015957249
intermittent_frozen_5000,titantpp_change_only,selected,quantity_cells,4,1141,7.466557704737198,0.16821026790838567,9.358639699336736,0.1365592110064263,5.6051356282526115,9.706272512538447
intermittent_frozen_5000,titantpp_change_only,selected,history_cells,0,25088,0.7960080811547965,0.02873210686463771,1.4698507086806512,0.026804967496990583,0.22623809083760962,0.01694073880298968
intermittent_frozen_5000,titantpp_change_only,selected,history_cells,1,28456,1.3297803467096836,0.05971661425911368,2.7486217533705464,0.051551466738551016,1.2327295853607403,1.5702836427393585
intermittent_frozen_5000,titantpp_change_only,selected,history_cells,2,32741,0.19025992951272197,0.02174580516503141,0.700816190771729,0.18736072368804035,0.6670367092811016,0.2767803346551563
intermittent_frozen_5000,titantpp_change_only,selected,additional_history_cells,0,25088,0.7960080811547965,0.02873210686463771,1.4698507086806512,0.026804967496990583,0.22623809083760962,0.01694073880298968
intermittent_frozen_5000,titantpp_change_only,selected,additional_history_cells,1,28456,1.3297803467096836,0.05971661425911368,2.7486217533705464,0.051551466738551016,1.2327295853607403,1.5702836427393585
intermittent_frozen_5000,titantpp_change_only,selected,additional_history_cells,2,32741,0.19025992951272197,0.02174580516503141,0.700816190771729,0.18736072368804035,0.6670367092811016,0.2767803346551563
intermittent_frozen_5000,titantpp_change_only,last,body,,81739,0.5380541300785482,0.0457571715884392,1.1404275617695723,0.08124786563319583,0.3688032438884118,0.027531303699558404
intermittent_frozen_5000,titantpp_change_only,last,tail,,1141,10.946511538586629,2.7205113928172198,13.76136608218067,3.805955606069034,1.8042104066758091e-06,1.5944363578359122e-06
intermittent_frozen_5000,titantpp_change_only,last,quantity_cells,0,45036,0.11514464383056201,0.012858858428051269,0.22135401552667774,0.028954839586072548,0.5784732141187168,0.044821596573343364
intermittent_frozen_5000,titantpp_change_only,last,quantity_cells,1,29579,0.8598976748207043,0.057640380749232625,1.340900007463703,0.05495349807053898,0.09590726347113883,0.01676265822852515
intermittent_frozen_5000,titantpp_change_only,last,quantity_cells,2,7124,1.8752721835226909,0.44347438538091655,2.6537736797441935,0.4638259457074746,0.17639636930537964,0.05800948774175853
intermittent_frozen_5000,titantpp_change_only,last,quantity_cells,3,3405,3.8620877215982476,0.30923995427900774,5.28131356524598,0.5026749603294389,0.06296743426438271,0.06449613945184329
intermittent_frozen_5000,titantpp_change_only,last,quantity_cells,4,1141,10.946511538586629,2.7205113928172198,13.76136608218067,3.805955606069034,1.8042104066758091e-06,1.5944363578359122e-06
intermittent_frozen_5000,titantpp_change_only,last,history_cells,0,25088,0.8510376138558776,0.11289479749789091,1.711951062115113,0.3827363744925273,0.1514131931921363,0.01953535009368492
intermittent_frozen_5000,titantpp_change_only,last,history_cells,1,28456,1.4692003243827025,0.1893063944864787,3.4128280991665,0.6087207889633145,0.3066623618923304,0.04419648809014081
intermittent_frozen_5000,titantpp_change_only,last,history_cells,2,32741,0.19736687361440985,0.023785606082100876,0.6672886544663468,0.11446639908089652,0.5447291213969244,0.048318498609973635
intermittent_frozen_5000,titantpp_change_only,last,additional_history_cells,0,25088,0.8510376138558776,0.11289479749789091,1.711951062115113,0.3827363744925273,0.1514131931921363,0.01953535009368492
intermittent_frozen_5000,titantpp_change_only,last,additional_history_cells,1,28456,1.4692003243827025,0.1893063944864787,3.4128280991665,0.6087207889633145,0.3066623618923304,0.04419648809014081
intermittent_frozen_5000,titantpp_change_only,last,additional_history_cells,2,32741,0.19736687361440985,0.023785606082100876,0.6672886544663468,0.11446639908089652,0.5447291213969244,0.048318498609973635
intermittent_frozen_5000,titantpp_no_static_lmm,selected,body,,81739,0.5238218211057502,0.03659436527886068,1.1488601386775574,0.1104574067368627,0.33169426046110995,0.024610858998222945
intermittent_frozen_5000,titantpp_no_static_lmm,selected,tail,,1141,7.078618055472345,0.355448684912905,9.21389600376479,0.27209992207189615,0.037124050958334764,0.06430073295040022
intermittent_frozen_5000,titantpp_no_static_lmm,selected,quantity_cells,0,45036,0.11023591782522833,0.01738387568072822,0.21326337738565884,0.034448318395081515,0.5149429585220825,0.03534260739981652
intermittent_frozen_5000,titantpp_no_static_lmm,selected,quantity_cells,1,29579,0.8187206708424521,0.016389147259599293,1.341815914926469,0.017552240771109985,0.0933526156540681,0.013728052342036105
intermittent_frozen_5000,titantpp_no_static_lmm,selected,quantity_cells,2,7124,1.9139736548760578,0.42563487958824514,2.6994069066393434,0.5218251735136885,0.1628451793091593,0.02322393258922199
intermittent_frozen_5000,titantpp_no_static_lmm,selected,quantity_cells,3,3405,3.717502043729195,0.18068909478719264,4.840799043976101,0.18865230693453533,0.03163929685741086,0.018962948762727104
intermittent_frozen_5000,titantpp_no_static_lmm,selected,quantity_cells,4,1141,7.078618055472345,0.355448684912905,9.21389600376479,0.27209992207189615,0.037124050958334764,0.06430073295040022
intermittent_frozen_5000,titantpp_no_static_lmm,selected,history_cells,0,25088,0.779646927817902,0.011809716256342553,1.428849611982637,0.0087517471128951,0.15957517650108313,0.02314916373953212
intermittent_frozen_5000,titantpp_no_static_lmm,selected,history_cells,1,28456,1.3160916497949562,0.13211864656463304,2.7562777434497145,0.12184401773573302,0.26758968123858845,0.033767680735320556
intermittent_frozen_5000,titantpp_no_static_lmm,selected,history_cells,2,32741,0.19977958473760626,0.02191343207930123,0.7320622225170316,0.07192372722203201,0.47782576910873714,0.05648439082726117
intermittent_frozen_5000,titantpp_no_static_lmm,selected,additional_history_cells,0,25088,0.779646927817902,0.011809716256342553,1.428849611982637,0.0087517471128951,0.15957517650108313,0.02314916373953212
intermittent_frozen_5000,titantpp_no_static_lmm,selected,additional_history_cells,1,28456,1.3160916497949562,0.13211864656463304,2.7562777434497145,0.12184401773573302,0.26758968123858845,0.033767680735320556
intermittent_frozen_5000,titantpp_no_static_lmm,selected,additional_history_cells,2,32741,0.19977958473760626,0.02191343207930123,0.7320622225170316,0.07192372722203201,0.47782576910873714,0.05648439082726117
intermittent_frozen_5000,titantpp_no_static_lmm,last,body,,81739,0.5579510973043126,0.08651053446177097,1.208455049069905,0.1978682931827809,0.4880070355461053,0.0778570818591319
intermittent_frozen_5000,titantpp_no_static_lmm,last,tail,,1141,9.088645384529686,1.1147357321990627,12.529025320297722,1.8204573825267047,0.047874532851736915,0.04750422813838556
intermittent_frozen_5000,titantpp_no_static_lmm,last,quantity_cells,0,45036,0.12295492278286198,0.012213340636984064,0.2554058242643996,0.041527067118087554,0.6690704444456058,0.1128041611294201
intermittent_frozen_5000,titantpp_no_static_lmm,last,quantity_cells,1,29579,0.8425691684079057,0.06550144626393885,1.3482783542346988,0.06335949715972257,0.2600698625657844,0.10580394624892953
intermittent_frozen_5000,titantpp_no_static_lmm,last,quantity_cells,2,7124,2.126138883740987,0.7236145551752011,2.934128601338993,0.8375731999919026,0.28977317204063197,0.058098547060887074
intermittent_frozen_5000,titantpp_no_static_lmm,last,quantity_cells,3,3405,3.95349167381731,0.5105120891870832,5.567679232067134,0.7231893801705597,0.24198243144546633,0.17672341917072043
intermittent_frozen_5000,titantpp_no_static_lmm,last,quantity_cells,4,1141,9.088645384529686,1.1147357321990627,12.529025320297722,1.8204573825267047,0.047874532851736915,0.04750422813838556
intermittent_frozen_5000,titantpp_no_static_lmm,last,history_cells,0,25088,0.7992103686722527,0.04371107929788385,1.5019661625667131,0.08667868128853114,0.21238763342713676,0.03658545158690071
intermittent_frozen_5000,titantpp_no_static_lmm,last,history_cells,1,28456,1.4741092519217596,0.2123351337082008,3.352603041244768,0.34390872038631204,0.5245501577318982,0.16456736421347964
intermittent_frozen_5000,titantpp_no_static_lmm,last,history_cells,2,32741,0.2272473557227468,0.026902405786205737,0.9108678458731884,0.4226042783347691,0.6265172677596854,0.10126258368203199
intermittent_frozen_5000,titantpp_no_static_lmm,last,additional_history_cells,0,25088,0.7992103686722527,0.04371107929788385,1.5019661625667131,0.08667868128853114,0.21238763342713676,0.03658545158690071
intermittent_frozen_5000,titantpp_no_static_lmm,last,additional_history_cells,1,28456,1.4741092519217596,0.2123351337082008,3.352603041244768,0.34390872038631204,0.5245501577318982,0.16456736421347964
intermittent_frozen_5000,titantpp_no_static_lmm,last,additional_history_cells,2,32741,0.2272473557227468,0.026902405786205737,0.9108678458731884,0.4226042783347691,0.6265172677596854,0.10126258368203199
intermittent_frozen_5000,rmtpp,selected,body,,81739,0.5614928075948404,0.08469289213776424,1.1303796109765232,0.10388041370385895,0.28806439317048543,0.005156965561217508
intermittent_frozen_5000,rmtpp,selected,tail,,1141,11.830391124086773,0.3299803640911515,16.362803772300843,1.0984828021432183,3.56803742033449e-06,2.785291708479455e-06
intermittent_frozen_5000,rmtpp,selected,quantity_cells,0,45036,0.0730885593259469,0.004356432343860659,0.1534984554933529,0.004693484182011931,0.45868225893768155,0.012481986739175381
intermittent_frozen_5000,rmtpp,selected,quantity_cells,1,29579,1.0204749076408903,0.21127235487068247,1.441914189413574,0.17827506906478677,0.059459825798813315,0.006539074062465285
intermittent_frozen_5000,rmtpp,selected,quantity_cells,2,7124,1.7433488137396718,0.2944578413906116,2.4148668492469256,0.25125365615162343,0.15863546217599137,0.03449827210787198
intermittent_frozen_5000,rmtpp,selected,quantity_cells,3,3405,5.233713485934369,0.7997506039922616,6.614415662818064,0.9629357922900292,0.04742774625688746,0.033686034364406134
intermittent_frozen_5000,rmtpp,selected,quantity_cells,4,1141,11.830391124086773,0.3299803640911515,16.362803772300843,1.0984828021432183,3.56803742033449e-06,2.785291708479455e-06
intermittent_frozen_5000,rmtpp,selected,history_cells,0,25088,1.0308417131115373,0.17671444954691864,2.0658543795377167,0.11173602252633122,0.12121459977954564,0.005705823621684902
intermittent_frozen_5000,rmtpp,selected,history_cells,1,28456,1.659383759225122,0.05748712479300561,3.9492801487696254,0.31917548126428796,0.25859575211832986,0.010596997714829732
intermittent_frozen_5000,rmtpp,selected,history_cells,2,32741,0.12626218322995258,0.019677630643393104,0.5259663289790077,0.13961710969944702,0.4064615735301074,0.024424000038343115
intermittent_frozen_5000,rmtpp,selected,additional_history_cells,0,25088,1.0308417131115373,0.17671444954691864,2.0658543795377167,0.11173602252633122,0.12121459977954564,0.005705823621684902
intermittent_frozen_5000,rmtpp,selected,additional_history_cells,1,28456,1.659383759225122,0.05748712479300561,3.9492801487696254,0.31917548126428796,0.25859575211832986,0.010596997714829732
intermittent_frozen_5000,rmtpp,selected,additional_history_cells,2,32741,0.12626218322995258,0.019677630643393104,0.5259663289790077,0.13961710969944702,0.4064615735301074,0.024424000038343115
intermittent_frozen_5000,rmtpp,last,body,,81739,0.6142672201786429,0.023173723726761564,1.246603639855931,0.048000363352366696,0.37966054092048873,0.06325446200161525
intermittent_frozen_5000,rmtpp,last,tail,,1141,22.018449703643377,11.60215691522069,26.455862528496066,10.556289885498018,2.853134695197402e-07,1.979064125606555e-07
intermittent_frozen_5000,rmtpp,last,quantity_cells,0,45036,0.07161803430453476,0.0048560253279545645,0.15197048026154794,0.0014369031574367349,0.6219894120472951,0.12213082094845808
intermittent_frozen_5000,rmtpp,last,quantity_cells,1,29579,1.0226891776985225,0.13303878543544856,1.4706669346398207,0.1660784982856182,0.060505501267277224,0.008535160804030386
intermittent_frozen_5000,rmtpp,last,quantity_cells,2,7124,2.3489718318498696,0.7224263822824948,2.8951934703069333,0.6284759132991155,0.17286153444034816,0.07322637806479848
intermittent_frozen_5000,rmtpp,last,quantity_cells,3,3405,7.372610737095262,1.3131327701961706,9.416656163369733,1.4784260246125989,0.03280044297102579,0.013034024806991878
intermittent_frozen_5000,rmtpp,last,quantity_cells,4,1141,22.018449703643377,11.60215691522069,26.455862528496066,10.556289885498018,2.853134695197402e-07,1.979064125606555e-07
intermittent_frozen_5000,rmtpp,last,history_cells,0,25088,1.1323299049542341,0.10033595639423494,2.712234169620742,0.6735255565872039,0.12401368114926449,0.005943770376938312
intermittent_frozen_5000,rmtpp,last,history_cells,1,28456,2.3850312049824174,0.5261971175533976,6.090870164482134,1.7839077936671257,0.3170358042350062,0.015253353871500404
intermittent_frozen_5000,rmtpp,last,history_cells,2,32741,0.1270589889550427,0.003666526013834664,0.52892172196778,0.05187820174594206,0.5806766045684237,0.1497080049447092
intermittent_frozen_5000,rmtpp,last,additional_history_cells,0,25088,1.1323299049542341,0.10033595639423494,2.712234169620742,0.6735255565872039,0.12401368114926449,0.005943770376938312
intermittent_frozen_5000,rmtpp,last,additional_history_cells,1,28456,2.3850312049824174,0.5261971175533976,6.090870164482134,1.7839077936671257,0.3170358042350062,0.015253353871500404
intermittent_frozen_5000,rmtpp,last,additional_history_cells,2,32741,0.1270589889550427,0.003666526013834664,0.52892172196778,0.05187820174594206,0.5806766045684237,0.1497080049447092
intermittent_frozen_5000,thp,selected,body,,81739,0.5638264130260574,0.07875327261743838,1.1989505539073937,0.09957651353973834,0.3041185284426775,0.003538484957963494
intermittent_frozen_5000,thp,selected,tail,,1141,14.214888822046804,2.0122713494623468,18.749605924542898,2.3540614809501634,3.3260649889593417e-06,3.4955489373257555e-06
intermittent_frozen_5000,thp,selected,quantity_cells,0,45036,0.0953681288964725,0.005649895102408198,0.18176439494993424,0.006252248955418495,0.475708078634226,0.021159868047144162
intermittent_frozen_5000,thp,selected,quantity_cells,1,29579,0.9468498108362463,0.07392568414594894,1.4927141152415817,0.06952778084468524,0.0958831309492054,0.027599237925986005
intermittent_frozen_5000,thp,selected,quantity_cells,2,7124,1.9349715843107869,0.5780274269214061,2.6393048894094036,0.44041485388783874,0.08397364355115877,0.02330140158993201
intermittent_frozen_5000,thp,selected,quantity_cells,3,3405,4.4913264918315665,0.27748781081150886,6.237072752165829,0.23491539319908705,0.07527095604454337,0.030884460406308885
intermittent_frozen_5000,thp,selected,quantity_cells,4,1141,14.214888822046804,2.0122713494623468,18.749605924542898,2.3540614809501634,3.3260649889593417e-06,3.4955489373257555e-06
intermittent_frozen_5000,thp,selected,history_cells,0,25088,0.9384593145445078,0.14144904961349689,2.0337059844088294,0.18270117352702342,0.16022468655114447,0.017437524807178778
intermittent_frozen_5000,thp,selected,history_cells,1,28456,1.6983672484215102,0.1241425709371314,4.322292891313073,0.2972732476618913,0.26658910940655584,0.009205061822461986
intermittent_frozen_5000,thp,selected,history_cells,2,32741,0.1748864213250569,0.034483086511722855,0.7072708721451304,0.2993877823574729,0.4125979402974796,0.01727051347562969
intermittent_frozen_5000,thp,selected,additional_history_cells,0,25088,0.9384593145445078,0.14144904961349689,2.0337059844088294,0.18270117352702342,0.16022468655114447,0.017437524807178778
intermittent_frozen_5000,thp,selected,additional_history_cells,1,28456,1.6983672484215102,0.1241425709371314,4.322292891313073,0.2972732476618913,0.26658910940655584,0.009205061822461986
intermittent_frozen_5000,thp,selected,additional_history_cells,2,32741,0.1748864213250569,0.034483086511722855,0.7072708721451304,0.2993877823574729,0.4125979402974796,0.01727051347562969
intermittent_frozen_5000,thp,last,body,,81739,0.5657311264768957,0.03110093442789169,1.2673486286295141,0.0522753911679384,0.3011019399012429,0.01659554029165849
intermittent_frozen_5000,thp,last,tail,,1141,35.723348516697705,19.387948522097744,40.47802473841592,19.66279107285644,1.5609158380819722e-07,2.647102945115115e-07
intermittent_frozen_5000,thp,last,quantity_cells,0,45036,0.10451865672507556,0.005524242628079279,0.19150740795155363,0.010395639986499054,0.46640868129979757,0.00994794949844966
intermittent_frozen_5000,thp,last,quantity_cells,1,29579,0.9314633627061566,0.041059177136732385,1.5506187647827026,0.04874651389918787,0.07110903271194528,0.013968790533293262
intermittent_frozen_5000,thp,last,quantity_cells,2,7124,1.9628634920464727,0.3442150645415914,2.850823170947767,0.3881758270651247,0.21101291633680036,0.10817610219230969
intermittent_frozen_5000,thp,last,quantity_cells,3,3405,14.876795227528785,12.34973249647612,19.27171461306482,14.656325849572628,0.0642072677086728,0.0613485770447588
intermittent_frozen_5000,thp,last,quantity_cells,4,1141,35.723348516697705,19.387948522097744,40.47802473841592,19.66279107285644,1.5609158380819722e-07,2.647102945115115e-07
intermittent_frozen_5000,thp,last,history_cells,0,25088,1.1702126690089942,0.38347457292236903,3.7608911572566948,2.1789753059628567,0.15203182072206636,0.026303158829205173
intermittent_frozen_5000,thp,last,history_cells,1,28456,3.57917459416695,2.022752545863005,10.170117367296667,5.841387356625766,0.28433568614893345,0.026822277495366118
intermittent_frozen_5000,thp,last,history_cells,2,32741,0.1970262747829999,0.016867725150155354,0.8238820155904392,0.0980876690770673,0.3947700677104237,0.015275425205742106
intermittent_frozen_5000,thp,last,additional_history_cells,0,25088,1.1702126690089942,0.38347457292236903,3.7608911572566948,2.1789753059628567,0.15203182072206636,0.026303158829205173
intermittent_frozen_5000,thp,last,additional_history_cells,1,28456,3.57917459416695,2.022752545863005,10.170117367296667,5.841387356625766,0.28433568614893345,0.026822277495366118
intermittent_frozen_5000,thp,last,additional_history_cells,2,32741,0.1970262747829999,0.016867725150155354,0.8238820155904392,0.0980876690770673,0.3947700677104237,0.015275425205742106
intermittent_frozen_5000,nhp,selected,body,,81739,2.370781291893171,0.01898456195019722,3.970213427192518,0.08604937132667506,0.4868516064133939,0.102325944375809
intermittent_frozen_5000,nhp,selected,tail,,1141,88.82312387727765,9.391692359425054,92.23928675877605,9.257819537521389,5.4535736581353066e-09,7.629319867528068e-09
intermittent_frozen_5000,nhp,selected,quantity_cells,0,45036,0.0824728542459891,0.015903347054932064,0.18591261155861946,0.00850500587538428,0.46579777000812544,0.08162046934172547
intermittent_frozen_5000,nhp,selected,quantity_cells,1,29579,4.339758771666609,0.09049980418651603,4.953454815891386,0.05949749880300692,0.5552035082333516,0.2912890257807423
intermittent_frozen_5000,nhp,selected,quantity_cells,2,7124,8.661611432777503,0.5551340515747675,8.866300231485583,0.542041634189202,0.33614970753847945,0.30843495460416925
intermittent_frozen_5000,nhp,selected,quantity_cells,3,3405,27.83240551175992,1.1279703526786937,31.122656879025094,1.6899280601386826,0.0023228636493297585,0.001782527063092199
intermittent_frozen_5000,nhp,selected,quantity_cells,4,1141,88.82312387727765,9.391692359425054,92.23928675877605,9.257819537521389,5.4535736581353066e-09,7.629319867528068e-09
intermittent_frozen_5000,nhp,selected,history_cells,0,25088,4.509405694613677,0.22063531489321372,8.97513581150487,0.4699781507628269,0.5135520414055891,0.1800592927395042
intermittent_frozen_5000,nhp,selected,history_cells,1,28456,9.451833651667906,0.5547321417919693,20.714018967910675,1.7976015878866758,0.5192867355348227,0.21068607743505977
intermittent_frozen_5000,nhp,selected,history_cells,2,32741,0.2384920641166243,0.029700066341671095,1.4682879786601997,0.10648761484132493,0.3708456019184063,0.06562276388625171
intermittent_frozen_5000,nhp,selected,additional_history_cells,0,25088,4.509405694613677,0.22063531489321372,8.97513581150487,0.4699781507628269,0.5135520414055891,0.1800592927395042
intermittent_frozen_5000,nhp,selected,additional_history_cells,1,28456,9.451833651667906,0.5547321417919693,20.714018967910675,1.7976015878866758,0.5192867355348227,0.21068607743505977
intermittent_frozen_5000,nhp,selected,additional_history_cells,2,32741,0.2384920641166243,0.029700066341671095,1.4682879786601997,0.10648761484132493,0.3708456019184063,0.06562276388625171
intermittent_frozen_5000,nhp,last,body,,81739,3.079982436962083,0.10333108866912863,5.182557172630534,0.24423786083494978,0.8305953024131736,0.3452610672799191
intermittent_frozen_5000,nhp,last,tail,,1141,118.13056888296143,2.5673624461690445,121.96686492729219,2.5743560804864227,2.4949397718464815e-14,4.3213609314621136e-14
intermittent_frozen_5000,nhp,last,quantity_cells,0,45036,0.07669161636087093,0.00467380119468481,0.17100360704882916,0.0082810353285244,0.5101675368849903,0.12228114201439755
intermittent_frozen_5000,nhp,last,quantity_cells,1,29579,5.603032398570743,0.10651498710630967,6.401540116152738,0.18395177550497038,1.2109019295462773,0.5835184550756931
intermittent_frozen_5000,nhp,last,quantity_cells,2,7124,11.590216937547941,0.8136652738957524,11.736786742583181,0.8206391311723927,1.2772116870786974,1.1304428684424517
intermittent_frozen_5000,nhp,last,quantity_cells,3,3405,35.30431274567173,0.9605438504715967,39.818305958868486,0.9798607683315604,0.03229305361332037,0.044047664995265495
intermittent_frozen_5000,nhp,last,quantity_cells,4,1141,118.13056888296143,2.5673624461690445,121.96686492729219,2.5743560804864227,2.4949397718464815e-14,4.3213609314621136e-14
intermittent_frozen_5000,nhp,last,history_cells,0,25088,5.674741935717468,0.19301553770548227,11.414449780927844,0.1653269418933477,1.1973068463079293,0.6407339227586609
intermittent_frozen_5000,nhp,last,history_cells,1,28456,12.49186692201212,0.5350987110959518,27.289830860770248,0.6765403671849779,0.8235451244494317,0.337880400268207
intermittent_frozen_5000,nhp,last,history_cells,2,32741,0.2723300324748243,0.04915256783679319,1.7839800675367363,0.41207431081477564,0.44376021043943176,0.13844816760928352
intermittent_frozen_5000,nhp,last,additional_history_cells,0,25088,5.674741935717468,0.19301553770548227,11.414449780927844,0.1653269418933477,1.1973068463079293,0.6407339227586609
intermittent_frozen_5000,nhp,last,additional_history_cells,1,28456,12.49186692201212,0.5350987110959518,27.289830860770248,0.6765403671849779,0.8235451244494317,0.337880400268207
intermittent_frozen_5000,nhp,last,additional_history_cells,2,32741,0.2723300324748243,0.04915256783679319,1.7839800675367363,0.41207431081477564,0.44376021043943176,0.13844816760928352
intermittent_frozen_5000,sahp,selected,body,,81739,0.8982920430404152,0.11964919039267134,1.9004783723789516,0.04775302040860321,0.3631949828769961,0.01461191915378202
intermittent_frozen_5000,sahp,selected,tail,,1141,30.17922901863457,1.3841787265135996,39.30249465469748,1.8316742804206874,1.7648893114129175e-06,2.370300814583551e-06
intermittent_frozen_5000,sahp,selected,quantity_cells,0,45036,0.09443399653777942,0.004652033002352577,0.20495601042774325,0.003974701225519682,0.5811464289068302,0.026385591752926985
intermittent_frozen_5000,sahp,selected,quantity_cells,1,29579,1.5653301127221293,0.17635590104684656,2.1237588920186687,0.1572332847947661,0.074733227039086,0.015002934796740397
intermittent_frozen_5000,sahp,selected,quantity_cells,2,7124,3.21050876386822,0.8057011815930228,4.721103200090822,0.4035997824546175,0.18306429120517498,0.06204482405285048
intermittent_frozen_5000,sahp,selected,quantity_cells,3,3405,15.50600301338304,1.8758067142170551,25.3528804682658,4.642577662685259,0.018762628316525247,0.006341680782866683
intermittent_frozen_5000,sahp,selected,quantity_cells,4,1141,30.17922901863457,1.3841787265135996,39.30249465469748,1.8316742804206874,1.7648893114129175e-06,2.370300814583551e-06
intermittent_frozen_5000,sahp,selected,history_cells,0,25088,1.6195722542296094,0.3126056685967547,3.7879190371571094,0.017179023969473836,0.15905362348780291,0.013326438145024983
intermittent_frozen_5000,sahp,selected,history_cells,1,28456,4.006316264993377,0.23735708234024414,11.671777260549463,1.402711160549146,0.3166946570200658,0.005332767173504217
intermittent_frozen_5000,sahp,selected,history_cells,2,32741,0.1839396941494714,0.009007324901870156,0.8504284434085349,0.13356622640651916,0.511556855389703,0.023772509563378775
intermittent_frozen_5000,sahp,selected,additional_history_cells,0,25088,1.6195722542296094,0.3126056685967547,3.7879190371571094,0.017179023969473836,0.15905362348780291,0.013326438145024983
intermittent_frozen_5000,sahp,selected,additional_history_cells,1,28456,4.006316264993377,0.23735708234024414,11.671777260549463,1.402711160549146,0.3166946570200658,0.005332767173504217
intermittent_frozen_5000,sahp,selected,additional_history_cells,2,32741,0.1839396941494714,0.009007324901870156,0.8504284434085349,0.13356622640651916,0.511556855389703,0.023772509563378775
intermittent_frozen_5000,sahp,last,body,,81739,0.7899202338251078,0.04308257774257376,2.22419452762364,0.3278972794495343,0.34642737634776977,0.06540801621806863
intermittent_frozen_5000,sahp,last,tail,,1141,62.30367259661635,6.5242075700266025,71.82346943840372,6.305399065630446,6.3789412483043675e-06,1.0025530574823742e-05
intermittent_frozen_5000,sahp,last,quantity_cells,0,45036,0.0833906339476565,0.0054794418699320065,0.19000341502110932,0.004989553027450353,0.5437913239701556,0.11893369309328072
intermittent_frozen_5000,sahp,last,quantity_cells,1,29579,1.3010490477949592,0.09897574438454868,1.9483154240468983,0.044049653719196113,0.06893882931292847,0.004182651993244021
intermittent_frozen_5000,sahp,last,quantity_cells,2,7124,3.1341914117682097,0.2936087537294041,6.354768142666781,1.344968255219824,0.2508842808426897,0.020567479092335104
intermittent_frozen_5000,sahp,last,quantity_cells,3,3405,33.083399889437636,3.650952064554481,50.247448245491874,4.858152291079654,0.03786080197294599,0.015113178511416423
intermittent_frozen_5000,sahp,last,quantity_cells,4,1141,62.30367259661635,6.5242075700266025,71.82346943840372,6.305399065630446,6.3789412483043675e-06,1.0025530574823742e-05
intermittent_frozen_5000,sahp,last,history_cells,0,25088,1.540014421163431,0.15537253916864774,5.787148163063455,0.9535858372768667,0.14254405464503575,0.0032040753871361515
intermittent_frozen_5000,sahp,last,history_cells,1,28456,7.095673388028511,0.5597861461535383,22.126322567485346,1.85538918468204,0.294264908474433,0.04394411524883348
intermittent_frozen_5000,sahp,last,history_cells,2,32741,0.23684045450711413,0.07077272876621475,1.754583915923309,1.0513509715214566,0.5038271019790802,0.12562508020301827
intermittent_frozen_5000,sahp,last,additional_history_cells,0,25088,1.540014421163431,0.15537253916864774,5.787148163063455,0.9535858372768667,0.14254405464503575,0.0032040753871361515
intermittent_frozen_5000,sahp,last,additional_history_cells,1,28456,7.095673388028511,0.5597861461535383,22.126322567485346,1.85538918468204,0.294264908474433,0.04394411524883348
intermittent_frozen_5000,sahp,last,additional_history_cells,2,32741,0.23684045450711413,0.07077272876621475,1.754583915923309,1.0513509715214566,0.5038271019790802,0.12562508020301827
insta_market_basket,titantpp,selected,body,,477507,3.4427992273622814,0.022161184754187806,4.65852197853697,0.041799580812037634,2.8043362748199088,0.0030618903073246053
insta_market_basket,titantpp,selected,tail,,6036,21.756742045780353,0.6419510917680656,24.424559091588545,0.4906902491310387,2.852951980281641,0.04340505020081355
insta_market_basket,titantpp,selected,quantity_cells,0,247651,2.7297840287501955,0.04007744799358268,3.8310220349286603,0.0811036716754265,2.7962480208706544,0.006403422163293897
insta_market_basket,titantpp,selected,quantity_cells,1,202534,3.7064754393006085,0.029775230730329828,4.702942512702646,0.05087284999829082,2.809357964292366,0.01017212980046293
insta_market_basket,titantpp,selected,quantity_cells,2,27322,7.951090313035532,0.19313741562210499,9.069307048703408,0.13051200006670208,2.8404244573531385,0.025868982757358577
insta_market_basket,titantpp,selected,quantity_cells,3,20190,11.69919224805873,0.3736805898446301,13.067729131039389,0.2642742711495961,2.843133875722003,0.0336667142779654
insta_market_basket,titantpp,selected,quantity_cells,4,6036,21.756742045780353,0.6419510917680656,24.424559091588545,0.4906902491310387,2.852951980281641,0.04340505020081355
insta_market_basket,titantpp,selected,history_cells,0,503733,3.993169232781487,0.0018236066080034407,5.879572603077227,0.016550428626557666,2.8064738515924827,0.0045316757364075085
insta_market_basket,titantpp,selected,history_cells,1,0,,,,,,
insta_market_basket,titantpp,selected,history_cells,2,0,,,,,,
insta_market_basket,titantpp,selected,additional_history_cells,0,261,7.279613678178263,0.18724456985588941,10.65994161376365,0.10336155683067315,2.8272936408240694,0.0043794866341270045
insta_market_basket,titantpp,selected,additional_history_cells,1,130279,4.048905330666995,0.005324355484837922,6.011770810656248,0.025851724427399064,2.8535797673994354,0.010253828376509556
insta_market_basket,titantpp,selected,additional_history_cells,2,205041,3.949331876991572,0.0035612096715564685,5.784508095527619,0.013578026462428427,3.0640467304561554,0.0067616192658347144
insta_market_basket,titantpp,selected,additional_history_cells,3,140970,4.037402010843451,0.004993737974343121,5.891127723254564,0.04794817821637818,2.566378036860938,0.0020380916102397226
insta_market_basket,titantpp,selected,additional_history_cells,4,26298,3.786342446789299,0.006165159789353281,5.783915044008579,0.049581003970211465,1.9079380908512271,0.015225346670399122
insta_market_basket,titantpp,selected,additional_history_cells,5,884,4.075846004809729,0.1356249093086477,6.924892124422095,0.08212188843300565,1.133005766965921,0.007581229723656854
insta_market_basket,titantpp,last,body,,477507,3.442115537175702,0.01996544412562109,4.666805274340162,0.034494700242844095,2.8023938979677196,0.0029840138107244236
insta_market_basket,titantpp,last,tail,,6036,22.981233041136896,1.2866779681815406,25.435185757592475,1.0199209605341049,2.8368857271373917,0.019198494328496657
insta_market_basket,titantpp,last,quantity_cells,0,247651,2.526096008364906,0.17602606543267058,3.537993968588969,0.2672929612488055,2.7969756890886868,0.003270456099321314
insta_market_basket,titantpp,last,quantity_cells,1,202534,3.8656811503796913,0.16754295106462136,4.842958717954039,0.14571633947996712,2.8052659885844258,0.003002852769301702
insta_market_basket,titantpp,last,quantity_cells,2,27322,8.605233699274578,0.7223705977824743,9.621300329923605,0.5721966363104266,2.830215025488996,0.006311702024967632
insta_market_basket,titantpp,last,quantity_cells,3,20190,12.601740794129078,1.0004612061520635,13.815139420460767,0.7889572966975245,2.8305669387558976,0.010474142528829083
insta_market_basket,titantpp,last,quantity_cells,4,6036,22.981233041136896,1.2866779681815406,25.435185757592475,1.0199209605341049,2.8368857271373917,0.019198494328496657
insta_market_basket,titantpp,last,history_cells,0,503733,4.043368477109751,0.07264717023637361,6.004919007519215,0.1430726573822992,2.803936394437831,0.0034765698834845205
insta_market_basket,titantpp,last,history_cells,1,0,,,,,,
insta_market_basket,titantpp,last,history_cells,2,0,,,,,,
insta_market_basket,titantpp,last,additional_history_cells,0,261,7.145573126706432,0.07280362602202901,10.607616788389079,0.0434033049427714,2.8243881837455906,0.019617982383387713
insta_market_basket,titantpp,last,additional_history_cells,1,130279,4.083084975526868,0.03170459066722016,6.103748309781651,0.06471985034186566,2.847943191885913,0.015111372402603037
insta_market_basket,titantpp,last,additional_history_cells,2,205041,3.9933405864213216,0.06789135874874622,5.887678163221342,0.13467040767918725,3.0645006493850944,0.002218722969526891
insta_market_basket,titantpp,last,additional_history_cells,3,140970,4.112395658920032,0.1140637984604248,6.064210840673071,0.21317551758811634,2.563663891117543,0.002148632771128446
insta_market_basket,titantpp,last,additional_history_cells,4,26298,3.837393076543068,0.09464244094675171,5.988893938651633,0.21862725731902613,1.8983404371483514,0.0007613523424488065
insta_market_basket,titantpp,last,additional_history_cells,5,884,3.997946404853378,0.08536322518251929,7.130209811366972,0.3191811831727774,1.1316766630701942,0.00743032136165923
insta_market_basket,titantpp_local_detail,selected,body,,477507,3.425578112470822,0.007620420565154803,4.624065311626827,0.010813732156714561,2.804527913088328,0.002107006446460398
insta_market_basket,titantpp_local_detail,selected,tail,,6036,22.245630303143084,0.20127317593832358,24.78951283174425,0.15711002944296443,2.8558153319318764,0.03864629916441537
insta_market_basket,titantpp_local_detail,selected,quantity_cells,0,247651,2.7208935393010965,0.07060650835275867,3.7940571417602618,0.08101888690073739,2.79706896677188,0.006789581020223124
insta_market_basket,titantpp_local_detail,selected,quantity_cells,1,202534,3.665837697420317,0.05717651628914114,4.647360517473421,0.05602339999666645,2.80867843525505,0.008963917485592887
insta_market_basket,titantpp_local_detail,selected,quantity_cells,2,27322,8.031943109612122,0.13532991971631725,9.113146961296378,0.1223791676476944,2.841369786219828,0.022509306321091452
insta_market_basket,titantpp_local_detail,selected,quantity_cells,3,20190,11.945000161771553,0.13823846432681908,13.226227441223406,0.11911211293950258,2.845795524043677,0.028901139387464015
insta_market_basket,titantpp_local_detail,selected,quantity_cells,4,6036,22.245630303143084,0.20127317593832358,24.78951283174425,0.15711002944296443,2.8558153319318764,0.03864629916441537
insta_market_basket,titantpp_local_detail,selected,history_cells,0,503733,3.9925549954589914,0.0013355299970341545,5.885932342650751,0.01615166711328506,2.8067965036419085,0.0034313145013020333
insta_market_basket,titantpp_local_detail,selected,history_cells,1,0,,,,,,
insta_market_basket,titantpp_local_detail,selected,history_cells,2,0,,,,,,
insta_market_basket,titantpp_local_detail,selected,additional_history_cells,0,261,7.21276010742285,0.14697572551655336,10.640539963466152,0.10276205451564767,2.824447510407921,0.008425315959517657
insta_market_basket,titantpp_local_detail,selected,additional_history_cells,1,130279,4.052424731938338,0.004837259707546847,6.013360759648831,0.023974461993413874,2.854072237313322,0.009038914492035647
insta_market_basket,titantpp_local_detail,selected,additional_history_cells,2,205041,3.9487662314017884,0.0025757204564885367,5.783669792686324,0.020835598475478664,3.0652932535830137,0.00434476466575462
insta_market_basket,titantpp_local_detail,selected,additional_history_cells,3,140970,4.033684981057588,0.0036054765277739554,5.907275455766419,0.0018365322459146366,2.566192205896083,0.002319522406333047
insta_market_basket,titantpp_local_detail,selected,additional_history_cells,4,26298,3.785536137266836,0.009991993944530517,5.821036347472901,0.043850583012294865,1.9025383807956986,0.007344542961118244
insta_market_basket,titantpp_local_detail,selected,additional_history_cells,5,884,3.9748365576091036,0.1986872430448848,6.868060062913362,0.07160273487475699,1.146268950948623,0.005889358294626525
insta_market_basket,titantpp_local_detail,last,body,,477507,3.4577685661258353,0.0258079359840632,4.701250404972815,0.03596717185162322,2.8045301270943215,0.0038813793643861423
insta_market_basket,titantpp_local_detail,last,tail,,6036,23.54174824848669,1.376635807600869,25.89790675335678,1.0905227050740505,2.851163921783203,0.01167302080192119
insta_market_basket,titantpp_local_detail,last,quantity_cells,0,247651,2.39985347899684,0.17580951095138964,3.374945668651844,0.2714476134253544,2.796645330599696,0.0028853616804654066
insta_market_basket,titantpp_local_detail,last,quantity_cells,1,202534,4.006433630234398,0.17302588842320252,4.975827196437603,0.14805444962098305,2.8092631684498026,0.007020646625308142
insta_market_basket,titantpp_local_detail,last,quantity_cells,2,27322,8.979706899645306,0.7462651752040987,9.935931899512706,0.5931278247192142,2.840913844933433,0.012116956384559308
insta_market_basket,titantpp_local_detail,last,quantity_cells,3,20190,13.08715257407888,1.0358975490792448,14.21176493136253,0.8209178428675611,2.8433630843846616,0.013608271967775224
insta_market_basket,titantpp_local_detail,last,quantity_cells,4,6036,23.54174824848669,1.376635807600869,25.89790675335678,1.0905227050740505,2.851163921783203,0.01167302080192119
insta_market_basket,titantpp_local_detail,last,history_cells,0,503733,4.084378624397384,0.08219296166149029,6.090547432813642,0.157847348283825,2.806645372655826,0.0042460705105381346
insta_market_basket,titantpp_local_detail,last,history_cells,1,0,,,,,,
insta_market_basket,titantpp_local_detail,last,history_cells,2,0,,,,,,
insta_market_basket,titantpp_local_detail,last,additional_history_cells,0,261,7.146711686866341,0.07454148306770367,10.64627906971503,0.04569147440313576,2.8192662315834407,0.021127609094972678
insta_market_basket,titantpp_local_detail,last,additional_history_cells,1,130279,4.095354568348963,0.031119285506399922,6.137611099779834,0.07104355358153387,2.8543079923086734,0.014141020699753195
insta_market_basket,titantpp_local_detail,last,additional_history_cells,2,205041,4.0453587052506315,0.09344374357774744,5.994771794016734,0.17192538440700955,3.066382949693282,0.0037946165461191614
insta_market_basket,titantpp_local_detail,last,additional_history_cells,3,140970,4.168025404599482,0.12527801746387204,6.171775753204868,0.2319779368617242,2.564732204782794,0.004286745645920159
insta_market_basket,titantpp_local_detail,last,additional_history_cells,4,26298,3.859819383390878,0.09303923622836235,6.054275388723095,0.21090574190233363,1.8983039634899765,0.003718900638100988
insta_market_basket,titantpp_local_detail,last,additional_history_cells,5,884,3.9545727706602793,0.10381375940164093,7.084899960674631,0.4022958644102692,1.1329764247306704,0.021497675509090368
insta_market_basket,titantpp_history_mlp,selected,body,,477507,3.43077025126285,0.011810729054753385,4.6381334132249625,0.021990508323407692,2.804768533700845,0.0025120668717624056
insta_market_basket,titantpp_history_mlp,selected,tail,,6036,22.081120322358668,0.3544800052370657,24.64185914327979,0.27067947401429254,2.857633167766739,0.043842902206169126
insta_market_basket,titantpp_history_mlp,selected,quantity_cells,0,247651,2.7183771765779086,0.02132504666082997,3.808143066671583,0.030749188626823878,2.796411970444124,0.006715191717938846
insta_market_basket,titantpp_history_mlp,selected,quantity_cells,1,202534,3.6871200082136117,0.023888616438602826,4.674101762808872,0.03357849253126647,2.8098545382497,0.010063434051481818
insta_market_basket,titantpp_history_mlp,selected,quantity_cells,2,27322,7.987732247622369,0.049820365862609156,9.086580232472642,0.028077931940871426,2.8428119566490784,0.024890948489954046
insta_market_basket,titantpp_history_mlp,selected,quantity_cells,3,20190,11.84691648403961,0.1345397129258126,13.156064387208438,0.08361764188090574,2.8468159145106284,0.03359736975945485
insta_market_basket,titantpp_history_mlp,selected,quantity_cells,4,6036,22.081120322358668,0.3544800052370657,24.64185914327979,0.27067947401429254,2.857633167766739,0.043842902206169126
insta_market_basket,titantpp_history_mlp,selected,history_cells,0,503733,3.991574299178903,0.002592049028596968,5.882742066966134,0.00477087963425493,2.807087277062449,0.004149487590785835
insta_market_basket,titantpp_history_mlp,selected,history_cells,1,0,,,,,,
insta_market_basket,titantpp_history_mlp,selected,history_cells,2,0,,,,,,
insta_market_basket,titantpp_history_mlp,selected,additional_history_cells,0,261,7.18880411643787,0.14194682092320518,10.605750254831731,0.08392390649166508,2.826057393020355,0.005783619455095906
insta_market_basket,titantpp_history_mlp,selected,additional_history_cells,1,130279,4.0556179406428265,0.009293102924318414,6.031922970683732,0.032630908203835726,2.8559468501036784,0.009690872797294001
insta_market_basket,titantpp_history_mlp,selected,additional_history_cells,2,205041,3.948185086782279,0.0018250021357380363,5.790091687344976,0.0060950080007893,3.0642227369604043,0.006654863110468655
insta_market_basket,titantpp_history_mlp,selected,additional_history_cells,3,140970,4.027230085051606,0.008086532358761833,5.875686320834579,0.03617759421459018,2.5663917697243743,0.0010811900342680468
insta_market_basket,titantpp_history_mlp,selected,additional_history_cells,4,26298,3.7876854354121536,0.009144463145174805,5.783459447761293,0.061441242496914364,1.9065211247312024,0.013255989991110268
insta_market_basket,titantpp_history_mlp,selected,additional_history_cells,5,884,4.052685334581775,0.23973276080816153,6.919691830023439,0.041580793111547845,1.1332128359037807,0.009375281300383386
insta_market_basket,titantpp_history_mlp,last,body,,477507,3.4390607966439566,0.014534060186567393,4.668246772750789,0.03195102889681193,2.801563862585829,0.002990860541457932
insta_market_basket,titantpp_history_mlp,last,tail,,6036,22.750742847954488,1.0324995163901352,25.25651010161795,0.8337236487168694,2.8369909731683114,0.016641254674972895
insta_market_basket,titantpp_history_mlp,last,quantity_cells,0,247651,2.530385810721094,0.16300097250324408,3.5571959706020997,0.2360186962527668,2.7959073451707153,0.0032513710761285734
insta_market_basket,titantpp_history_mlp,last,quantity_cells,1,202534,3.864948844577586,0.15718922079107286,4.847710026895833,0.14224795530414067,2.804548727561935,0.003007103238479291
insta_market_basket,titantpp_history_mlp,last,quantity_cells,2,27322,8.518390971543054,0.5948262085649364,9.55970110517841,0.48503543578874414,2.8307090771124686,0.005472608909554057
insta_market_basket,titantpp_history_mlp,last,quantity_cells,3,20190,12.472237316129702,0.8045378151246675,13.717883262288156,0.6506202452022662,2.8313047388517467,0.008600138611925188
insta_market_basket,titantpp_history_mlp,last,quantity_cells,4,6036,22.750742847954488,1.0324995163901352,25.25651010161795,0.8337236487168694,2.8369909731683114,0.016641254674972895
insta_market_basket,titantpp_history_mlp,last,history_cells,0,503733,4.032520321412291,0.05678164747967204,5.987657717123742,0.11853925798566434,2.8031804061342562,0.003374139610274725
insta_market_basket,titantpp_history_mlp,last,history_cells,1,0,,,,,,
insta_market_basket,titantpp_history_mlp,last,history_cells,2,0,,,,,,
insta_market_basket,titantpp_history_mlp,last,additional_history_cells,0,261,7.150356588083513,0.04535391195867396,10.619623975213901,0.03094395424360025,2.8218177728618943,0.01645456864886995
insta_market_basket,titantpp_history_mlp,last,additional_history_cells,1,130279,4.078241859766954,0.014426115052826604,6.096768128270347,0.03288351684346104,2.847940669318974,0.01560609276351913
insta_market_basket,titantpp_history_mlp,last,additional_history_cells,2,205041,3.9849243240668706,0.051276419483702894,5.878045651329616,0.10820502374606447,3.062991272690087,0.0017795613698399107
insta_market_basket,titantpp_history_mlp,last,additional_history_cells,3,140970,4.09114274690896,0.09728275379088724,6.027257677127809,0.1942457831868684,2.563296849989136,0.0029484391465808076
insta_market_basket,titantpp_history_mlp,last,additional_history_cells,4,26298,3.834965173869114,0.10407401857608202,5.965449809623699,0.2496926336650127,1.8969564595544208,0.0033655467220914588
insta_market_basket,titantpp_history_mlp,last,additional_history_cells,5,884,3.942159776863829,0.07478843460830854,7.114762589634379,0.3337440329863298,1.1518180614564635,0.05738757253516937
insta_market_basket,titantpp_level_only,selected,body,,477507,3.428073523953844,0.006718246164940507,4.629253717983775,0.01235949926155156,2.8046822992532854,0.0033245745930537427
insta_market_basket,titantpp_level_only,selected,tail,,6036,22.221561610955447,0.14068624925310788,24.77072785390512,0.13108046081863417,2.8538141447425383,0.04295074688387357
insta_market_basket,titantpp_level_only,selected,quantity_cells,0,247651,2.715807722344557,0.015068191812770021,3.7885698946001702,0.03201956636009377,2.7965891561693987,0.006283316571788027
insta_market_basket,titantpp_level_only,selected,quantity_cells,1,202534,3.675909935348794,0.010135120547497831,4.6604480371114105,0.014611842429767754,2.8096357659174354,0.010464118689145612
insta_market_basket,titantpp_level_only,selected,quantity_cells,2,27322,8.046990085291839,0.08602162785418614,9.133363459036987,0.06307043838999948,2.8413205234136845,0.02542312168198205
insta_market_basket,titantpp_level_only,selected,quantity_cells,3,20190,11.938025046520664,0.10753755887787288,13.234654890706036,0.08729037904233057,2.8443940944776185,0.032865381852116404
insta_market_basket,titantpp_level_only,selected,quantity_cells,4,6036,22.221561610955447,0.14068624925310788,24.77072785390512,0.13108046081863417,2.8538141447425383,0.04295074688387357
insta_market_basket,titantpp_level_only,selected,history_cells,0,503733,3.9943525156692283,0.0031435069348317536,5.889603376267975,0.006182293359048884,2.806862702294093,0.004756109885298319
insta_market_basket,titantpp_level_only,selected,history_cells,1,0,,,,,,
insta_market_basket,titantpp_level_only,selected,history_cells,2,0,,,,,,
insta_market_basket,titantpp_level_only,selected,additional_history_cells,0,261,7.166252747349356,0.11420118681848274,10.56898201180838,0.07783462720881955,2.825855579771426,0.006602570514490579
insta_market_basket,titantpp_level_only,selected,additional_history_cells,1,130279,4.054915967871456,0.009414190770765555,6.030968183804287,0.029240797572871836,2.8560437905759652,0.010576456099149301
insta_market_basket,titantpp_level_only,selected,additional_history_cells,2,205041,3.950542572978659,0.0035146882218071653,5.793205103524656,0.004620420073275051,3.063909271273936,0.0065433448859238625
insta_market_basket,titantpp_level_only,selected,additional_history_cells,3,140970,4.034933837838331,0.008796600677068599,5.895224625180871,0.039756706568156545,2.5664092326468815,0.0017877535179589938
insta_market_basket,titantpp_level_only,selected,additional_history_cells,4,26298,3.786932830464889,0.017382441448757918,5.795005478906995,0.05655037092346996,1.9041358798516381,0.011898879716148128
insta_market_basket,titantpp_level_only,selected,additional_history_cells,5,884,3.99299098243361,0.21397704007812202,6.8433115559476025,0.05393183106324686,1.1318965272522667,0.015379041298020021
insta_market_basket,titantpp_level_only,last,body,,477507,3.437330775160463,0.01625678527387281,4.658067345465933,0.031111794119529364,2.8023635625217524,0.004185607398597383
insta_market_basket,titantpp_level_only,last,tail,,6036,22.980805566657423,1.031818021109515,25.414155444777577,0.8233472690408603,2.8397686223175853,0.018735369188410553
insta_market_basket,titantpp_level_only,last,quantity_cells,0,247651,2.5376645126588433,0.16635220123260086,3.550551578916399,0.2449491783616001,2.7969747574284383,0.003398678395056641
insta_market_basket,titantpp_level_only,last,quantity_cells,1,202534,3.845675242004424,0.15917381810195802,4.82323256114005,0.14074406508127002,2.8050430790383363,0.00458518024143996
insta_market_basket,titantpp_level_only,last,quantity_cells,2,27322,8.565052440009808,0.634637186730062,9.584755451118172,0.5143254396223916,2.831345693112301,0.008995671857162183
insta_market_basket,titantpp_level_only,last,quantity_cells,3,20190,12.585373641404654,0.8351137979905109,13.790158071417066,0.6761163863154709,2.8328396949718933,0.012293927441785523
insta_market_basket,titantpp_level_only,last,quantity_cells,4,6036,22.980805566657423,1.031818021109515,25.414155444777577,0.8233472690408603,2.8397686223175853,0.018735369188410553
insta_market_basket,titantpp_level_only,last,history_cells,0,503733,4.0381716954713145,0.0604385784304485,5.99479445920918,0.12243659903835036,2.8040332765470346,0.004684398451008148
insta_market_basket,titantpp_level_only,last,history_cells,1,0,,,,,,
insta_market_basket,titantpp_level_only,last,history_cells,2,0,,,,,,
insta_market_basket,titantpp_level_only,last,additional_history_cells,0,261,7.145622882806478,0.04946819724613263,10.614662708341415,0.032080607897873634,2.8248669187348563,0.01836051803134412
insta_market_basket,titantpp_level_only,last,additional_history_cells,1,130279,4.089229685852785,0.028535734853430965,6.119199700566846,0.05876916236946002,2.8492985066714693,0.01755048722332766
insta_market_basket,titantpp_level_only,last,additional_history_cells,2,205041,3.9886676975073723,0.05845252502505289,5.877841672407197,0.12124748558128629,3.0642697132753836,0.0033506906437067068
insta_market_basket,titantpp_level_only,last,additional_history_cells,3,140970,4.097483438779247,0.09089225439712639,6.034339779337348,0.17599222053056018,2.563425993158004,0.00239364349353296
insta_market_basket,titantpp_level_only,last,additional_history_cells,4,26298,3.8266717496276565,0.08368469989250575,5.9578001996451375,0.18784838727277037,1.896465736291457,0.001897344583629786
insta_market_basket,titantpp_level_only,last,additional_history_cells,5,884,3.911893052258283,0.05677676537347461,7.042054446834923,0.2566672294936987,1.1342755772051558,0.024552070856859655
insta_market_basket,titantpp_change_only,selected,body,,477507,3.43374219289202,0.01231929040334595,4.644137915797806,0.021937244523282738,2.804439939784016,0.002375161280664689
insta_market_basket,titantpp_change_only,selected,tail,,6036,21.88385491913482,0.43954793277230825,24.51405036357732,0.3431059502091472,2.8484887750883856,0.041384736229626316
insta_market_basket,titantpp_change_only,selected,quantity_cells,0,247651,2.7170453278593487,0.034921759744796034,3.8080104502780876,0.059773132063453194,2.7976325247868123,0.007527715311711096
insta_market_basket,titantpp_change_only,selected,quantity_cells,1,202534,3.6956315039583854,0.011654104092775184,4.686443394993649,0.019163806408603434,2.8081940763894826,0.00936637852706967
insta_market_basket,titantpp_change_only,selected,quantity_cells,2,27322,7.988650530301102,0.13484321303183142,9.092564702408078,0.09847539057881168,2.8383145766415607,0.024684743367111843
insta_market_basket,titantpp_change_only,selected,quantity_cells,3,20190,11.794065593193126,0.23994999428534652,13.129016648000473,0.1789898150646325,2.841050821296805,0.03166760307500468
insta_market_basket,titantpp_change_only,selected,quantity_cells,4,6036,21.88385491913482,0.43954793277230825,24.51405036357732,0.3431059502091472,2.8484887750883856,0.041384736229626316
insta_market_basket,titantpp_change_only,selected,history_cells,0,503733,3.9899094677532676,0.003911974412929838,5.878483206773257,0.016641793790654398,2.8064351484910937,0.0036675351003941895
insta_market_basket,titantpp_change_only,selected,history_cells,1,0,,,,,,
insta_market_basket,titantpp_change_only,selected,history_cells,2,0,,,,,,
insta_market_basket,titantpp_change_only,selected,additional_history_cells,0,261,7.258932532021825,0.161718666175948,10.65895908522075,0.08108639384068037,2.824530472336793,0.004448230103971033
insta_market_basket,titantpp_change_only,selected,additional_history_cells,1,130279,4.05331014766223,0.0026946268396313513,6.023617334552367,0.005668792305087655,2.8553949260045424,0.008588178764313854
insta_market_basket,titantpp_change_only,selected,additional_history_cells,2,205041,3.9463683646479546,0.004559512941318228,5.785150779867868,0.012088624394912815,3.0633439806875598,0.006019147818519695
insta_market_basket,titantpp_change_only,selected,additional_history_cells,3,140970,4.026892573392439,0.0048944570907526255,5.877287413672285,0.03461788520311191,2.5662004577400706,0.0018906618698467056
insta_market_basket,titantpp_change_only,selected,additional_history_cells,4,26298,3.7844582072869,0.007188236025758918,5.77593392454118,0.03875633895860716,1.9044555719775844,0.011148581763093373
insta_market_basket,titantpp_change_only,selected,additional_history_cells,5,884,3.9946243659133827,0.15202571096543968,6.844667252863321,0.079795270706226,1.139179109722014,0.00206499832896627
insta_market_basket,titantpp_change_only,last,body,,477507,3.435125649124704,0.009517085834769033,4.658360634558749,0.026256922737910287,2.800223957646203,0.0031317403049616875
insta_market_basket,titantpp_change_only,last,tail,,6036,22.691508555092348,0.843629644510762,25.202147994817377,0.6992962838883351,2.8391827398883893,0.016242010375171735
insta_market_basket,titantpp_change_only,last,quantity_cells,0,247651,2.554621550334957,0.16713379958492264,3.5845333427077466,0.2298726517796137,2.794022847002107,0.0021933041596654853
insta_market_basket,titantpp_change_only,last,quantity_cells,1,202534,3.8354887376842375,0.15545475778353215,4.817258180771954,0.14090043985620793,2.803641077623134,0.003980900485999206
insta_market_basket,titantpp_change_only,last,quantity_cells,2,27322,8.44832317460099,0.5516866500973726,9.4985262082969,0.4560745889973596,2.831101209484087,0.007349343946965039
insta_market_basket,titantpp_change_only,last,quantity_cells,3,20190,12.394472919574012,0.7097206266927004,13.650879267299615,0.5840306659494339,2.832984008993984,0.009491018880025445
insta_market_basket,titantpp_change_only,last,quantity_cells,4,6036,22.691508555092348,0.843629644510762,25.202147994817377,0.6992962838883351,2.8391827398883893,0.016242010375171735
insta_market_basket,titantpp_change_only,last,history_cells,0,503733,4.024963417567098,0.047312962196867196,5.971288432616777,0.10465354391807376,2.802003830408809,0.003541351335382958
insta_market_basket,titantpp_change_only,last,history_cells,1,0,,,,,,
insta_market_basket,titantpp_change_only,last,history_cells,2,0,,,,,,
insta_market_basket,titantpp_change_only,last,additional_history_cells,0,261,7.1218320531711115,0.0538121094347687,10.612660119824271,0.017431960906051525,2.827204096682352,0.018611077727274793
insta_market_basket,titantpp_change_only,last,additional_history_cells,1,130279,4.072861267359199,0.014815270370078508,6.083927789491729,0.031199814164593366,2.84453707286646,0.01364249899414291
insta_market_basket,titantpp_change_only,last,additional_history_cells,2,205041,3.9772391118200323,0.04274503799972168,5.860622970799045,0.09724086161067481,3.0627249085496935,0.0030342215831982854
insta_market_basket,titantpp_change_only,last,additional_history_cells,3,140970,4.0833764527433205,0.07951749264399337,6.012360922303145,0.16548523215035493,2.5628484302275676,0.002377076052958425
insta_market_basket,titantpp_change_only,last,additional_history_cells,4,26298,3.818931693226544,0.08252940901844563,5.935195146783877,0.22207729117778272,1.8961139202075503,0.0016738737054736866
insta_market_basket,titantpp_change_only,last,additional_history_cells,5,884,3.935381297252477,0.053940819599954205,7.035073316746885,0.2279884854834752,1.1397340060878183,0.02554571321292496
insta_market_basket,titantpp_no_static_lmm,selected,body,,477507,3.4275527603909497,0.0038135955882942166,4.630294082264648,0.010395009496485771,2.8045038563422953,0.0020698990128093613
insta_market_basket,titantpp_no_static_lmm,selected,tail,,6036,22.18425440734945,0.11690940337519538,24.728121707944773,0.0971349132840223,2.849684295323267,0.040998220929164206
insta_market_basket,titantpp_no_static_lmm,selected,quantity_cells,0,247651,2.721353965612696,0.056716331175495814,3.800807818974527,0.057264170303047666,2.798620553623686,0.006269920157246667
insta_market_basket,titantpp_no_static_lmm,selected,quantity_cells,1,202534,3.670789091913443,0.05142145367728216,4.6562979452846855,0.05347484961616846,2.8073342528437903,0.00915891312876912
insta_market_basket,titantpp_no_static_lmm,selected,quantity_cells,2,27322,8.025576717533642,0.10364438635521257,9.110496750157262,0.09271215626872423,2.836849741582427,0.02384065825451256
insta_market_basket,titantpp_no_static_lmm,selected,quantity_cells,3,20190,11.936532517510395,0.10132202368262992,13.218617118624186,0.08174531867659399,2.8399495275220383,0.030566116987639884
insta_market_basket,titantpp_no_static_lmm,selected,quantity_cells,4,6036,22.18425440734945,0.11690940337519538,24.728121707944773,0.0971349132840223,2.849684295323267,0.040998220929164206
insta_market_basket,titantpp_no_static_lmm,selected,history_cells,0,503733,3.993352008082253,0.0016957193571812983,5.886772996130926,0.012169061872380224,2.80646592202155,0.0036589651321402516
insta_market_basket,titantpp_no_static_lmm,selected,history_cells,1,0,,,,,,
insta_market_basket,titantpp_no_static_lmm,selected,history_cells,2,0,,,,,,
insta_market_basket,titantpp_no_static_lmm,selected,additional_history_cells,0,261,7.224831494639507,0.1241968418577381,10.628244770754147,0.08568363291826639,2.816678891116785,0.010010887465074966
insta_market_basket,titantpp_no_static_lmm,selected,additional_history_cells,1,130279,4.0534778926755966,0.0061817371480735175,6.020365661743547,0.03251684119353552,2.856424760531737,0.010027746403083598
insta_market_basket,titantpp_no_static_lmm,selected,additional_history_cells,2,205041,3.950372249328566,0.0051047032758037595,5.78892807612194,0.022348598415590396,3.0639954537656338,0.004174294912968476
insta_market_basket,titantpp_no_static_lmm,selected,additional_history_cells,3,140970,4.033041877609984,0.006612626988073319,5.901609214569643,0.020096380617952114,2.5651171447554786,0.0035484476331277526
insta_market_basket,titantpp_no_static_lmm,selected,additional_history_cells,4,26298,3.7831190123401988,0.017500745862698994,5.792563098966511,0.03281089240875014,1.9008137190294707,0.007727345929607254
insta_market_basket,titantpp_no_static_lmm,selected,additional_history_cells,5,884,4.07217877775116,0.16286645007238493,6.836017484738024,0.07714905742335908,1.1372497907334755,0.004116231581995484
insta_market_basket,titantpp_no_static_lmm,last,body,,477507,3.457006742893188,0.0344832337912814,4.70050182253178,0.04965972145927621,2.8064387413315033,0.0012051287942868988
insta_market_basket,titantpp_no_static_lmm,last,tail,,6036,23.44989041546625,1.5082460121770094,25.810600468652073,1.205903102636375,2.8536157387190544,0.010996565564513778
insta_market_basket,titantpp_no_static_lmm,last,quantity_cells,0,247651,2.412885211707434,0.1860485806279378,3.395694542425658,0.28640117382803,2.7985388239050133,0.0038318593396090344
insta_market_basket,titantpp_no_static_lmm,last,quantity_cells,1,202534,3.9951793565186597,0.19814520188321497,4.967285295663627,0.1737460969026238,2.811206733311891,0.004488689084219615
insta_market_basket,titantpp_no_static_lmm,last,quantity_cells,2,27322,8.931697072724898,0.7938794002328549,9.891645565989661,0.634331897224846,2.8427004338441826,0.010972344768113238
insta_market_basket,titantpp_no_static_lmm,last,quantity_cells,3,20190,13.027646428877043,1.1063986891402884,14.156846317084227,0.8814779009878971,2.8458424713479,0.012177322976447753
insta_market_basket,titantpp_no_static_lmm,last,quantity_cells,4,6036,23.44989041546625,1.5082460121770094,25.810600468652073,1.205903102636375,2.8536157387190544,0.010996565564513778
insta_market_basket,titantpp_no_static_lmm,last,history_cells,0,503733,4.0801707228342785,0.09446915021762207,6.08049042108697,0.17923286868359048,2.8085833728431613,0.001598352842006938
insta_market_basket,titantpp_no_static_lmm,last,history_cells,1,0,,,,,,
insta_market_basket,titantpp_no_static_lmm,last,history_cells,2,0,,,,,,
insta_market_basket,titantpp_no_static_lmm,last,additional_history_cells,0,261,7.142335141755612,0.09706654760973832,10.66549797935983,0.026128013787570594,2.824499959437097,0.01749573164005138
insta_market_basket,titantpp_no_static_lmm,last,additional_history_cells,1,130279,4.104092205387008,0.0398492293546878,6.157256014914182,0.08682398762710657,2.861643781037368,0.005026924906723537
insta_market_basket,titantpp_no_static_lmm,last,additional_history_cells,2,205041,4.0515633382497365,0.10394501416144718,6.002011864245427,0.1915865466084536,3.0672215756041,0.003305392756681511
insta_market_basket,titantpp_no_static_lmm,last,additional_history_cells,3,140970,4.1459410074569485,0.14202511418161995,6.13054079765576,0.256768868942382,2.5639016838467983,0.004657505866151388
insta_market_basket,titantpp_no_static_lmm,last,additional_history_cells,4,26298,3.806757971654601,0.05065337817377154,5.939440719084914,0.1459070035581348,1.8973475614279394,0.0028190299125632847
insta_market_basket,titantpp_no_static_lmm,last,additional_history_cells,5,884,3.9314903054571797,0.05260097386212315,6.8639516821270306,0.09894473527341971,1.121038334239304,0.0065238880613820585
insta_market_basket,rmtpp,selected,body,,477507,3.4317355769916507,0.012755080836558795,4.645462931027922,0.017672422070462643,2.8024901489180505,0.0038887979935641735
insta_market_basket,rmtpp,selected,tail,,6036,21.918994690438677,0.3855610787943713,24.550112569966988,0.3240349348146499,2.8651908515842908,0.025771345867256303
insta_market_basket,rmtpp,selected,quantity_cells,0,247651,2.7065918216958798,0.05881018744917392,3.7986787801731197,0.0869065928351446,2.793729649553328,0.002006090805191438
insta_market_basket,rmtpp,selected,quantity_cells,1,202534,3.7075151377662676,0.019046006294221107,4.700926341802548,0.011232165670004542,2.807613243260595,0.0091279453170115
insta_market_basket,rmtpp,selected,quantity_cells,2,27322,7.9602414909374355,0.17862921101539087,9.082592509135864,0.14273031264242492,2.8439199724521895,0.017704129782613535
insta_market_basket,rmtpp,selected,quantity_cells,3,20190,11.713120135246221,0.25634989615763865,13.08725193814847,0.20446328977608957,2.8500494916238335,0.021119933148676124
insta_market_basket,rmtpp,selected,quantity_cells,4,6036,21.918994690438677,0.3855610787943713,24.550112569966988,0.3240349348146499,2.8651908515842908,0.025771345867256303
insta_market_basket,rmtpp,selected,history_cells,0,503733,3.9851840313115505,0.0051967143085474565,5.8775405927014095,0.021322223513311905,2.805147676954776,0.004839822870518819
insta_market_basket,rmtpp,selected,history_cells,1,0,,,,,,
insta_market_basket,rmtpp,selected,history_cells,2,0,,,,,,
insta_market_basket,rmtpp,selected,additional_history_cells,0,261,7.0666950284901855,0.09272981329416345,10.530572011609687,0.0322026128942431,2.828651528597846,0.005164417792171199
insta_market_basket,rmtpp,selected,additional_history_cells,1,130279,4.0465110475233725,0.006959099911769225,6.005909979206076,0.03210719046485178,2.8572653388754574,0.010283879349779866
insta_market_basket,rmtpp,selected,additional_history_cells,2,205041,3.9405177202166484,0.0050176782495546315,5.774987576853433,0.023312915256318283,3.063786122026947,0.004763568171003839
insta_market_basket,rmtpp,selected,additional_history_cells,3,140970,4.0279947965037035,0.004380674999164082,5.901628036064399,0.01832118295538935,2.5613045778743917,0.0011331509811531321
insta_market_basket,rmtpp,selected,additional_history_cells,4,26298,3.7732137435122697,0.014366625125754299,5.796026327998155,0.03999663494429717,1.8942189087843724,0.001769175678545654
insta_market_basket,rmtpp,selected,additional_history_cells,5,884,3.876461675309128,0.14451098991020864,6.880645133055222,0.07610340559820851,1.1113802833107747,0.00812703400107721
insta_market_basket,rmtpp,last,body,,477507,3.4428471183381593,0.011798780788312434,4.678864869938832,0.019771775967734145,2.799393135956757,0.0030243642199166147
insta_market_basket,rmtpp,last,tail,,6036,23.1827024032613,1.0583009542562447,25.5945970677126,0.8557048347987674,2.841583223445782,0.010068910939823015
insta_market_basket,rmtpp,last,quantity_cells,0,247651,2.450446340058048,0.16989330455172588,3.453583507385078,0.25617523431475,2.794150655152546,0.0047467094939779055
insta_market_basket,rmtpp,last,quantity_cells,1,202534,3.9434538352423196,0.1482420730238086,4.915251568269849,0.12552548090611995,2.8016148691021066,0.007176803755297483
insta_market_basket,rmtpp,last,quantity_cells,2,27322,8.727202741659319,0.6465249603096257,9.733704475637973,0.5272051168093278,2.830442441014288,0.009727759850825286
insta_market_basket,rmtpp,last,quantity_cells,3,20190,12.725153758345963,0.8509633034182255,13.92340854285953,0.6898391481741319,2.831165098807674,0.010608297953488888
insta_market_basket,rmtpp,last,quantity_cells,4,6036,23.1827024032613,1.0583009542562447,25.5945970677126,0.8557048347987674,2.841583223445782,0.010068910939823015
insta_market_basket,rmtpp,last,history_cells,0,503733,4.051422569145538,0.057192007780080364,6.031675844912177,0.11866046230362369,2.801172124623466,0.0033156718366550665
insta_market_basket,rmtpp,last,history_cells,1,0,,,,,,
insta_market_basket,rmtpp,last,history_cells,2,0,,,,,,
insta_market_basket,rmtpp,last,additional_history_cells,0,261,7.065759532753078,0.08711663617309265,10.577759570348656,0.034463173979513005,2.819053592739623,0.01491654536995508
insta_market_basket,rmtpp,last,additional_history_cells,1,130279,4.077655325027428,0.024373766035932352,6.097517750009582,0.059661401286576966,2.846868932102068,0.01123596614812955
insta_market_basket,rmtpp,last,additional_history_cells,2,205041,4.004840904396671,0.05426679992348229,5.923158457049252,0.11239344795267799,3.061477995900941,0.002291591323187226
insta_market_basket,rmtpp,last,additional_history_cells,3,140970,4.129010552785066,0.09157764298279213,6.108186310591256,0.17709126339908587,2.5609014577191447,0.002610177347126826
insta_market_basket,rmtpp,last,additional_history_cells,4,26298,3.8444589003843115,0.0707016812345606,6.0235782278320835,0.17489622757912676,1.8905749157425147,0.0017120314925127983
insta_market_basket,rmtpp,last,additional_history_cells,5,884,3.883984196015253,0.06525814817530848,7.153567550558706,0.15627924673597773,1.089027006253642,0.019578415132864513
insta_market_basket,thp,selected,body,,477507,3.4842302423359524,0.032892299225035185,4.711818518460305,0.05864911014422914,2.8045554242236816,0.0018043454330769653
insta_market_basket,thp,selected,tail,,6036,21.076006482183104,0.7001458364224785,23.999778527551094,0.5366668785511182,2.8317244488456748,0.022459345478881905
insta_market_basket,thp,selected,quantity_cells,0,247651,2.8754522636017787,0.10379581258622181,4.039368465103197,0.18418496299190926,2.802242956714901,0.007641584559102796
insta_market_basket,thp,selected,quantity_cells,1,202534,3.67891704234662,0.026735230637189862,4.696244365301616,0.04191773423095143,2.8045835671206616,0.003970590880434739
insta_market_basket,thp,selected,quantity_cells,2,27322,7.559106856717624,0.4766832977250512,8.73853541939864,0.3714349779657891,2.825307382261876,0.013945697470494048
insta_market_basket,thp,selected,quantity_cells,3,20190,11.12576098600118,0.6188590296895737,12.596760739572085,0.5146493652194287,2.8237075979752855,0.018229362870333148
insta_market_basket,thp,selected,quantity_cells,4,6036,21.076006482183104,0.7001458364224785,23.999778527551094,0.5366668785511182,2.8317244488456748,0.022459345478881905
insta_market_basket,thp,selected,history_cells,0,503733,4.001302713463153,0.002485497629084104,5.8581783561059755,0.025304102160425904,2.805648611727112,0.0015533508175068105
insta_market_basket,thp,selected,history_cells,1,0,,,,,,
insta_market_basket,thp,selected,history_cells,2,0,,,,,,
insta_market_basket,thp,selected,additional_history_cells,0,261,7.186667822329934,0.27101095655454377,10.527937628874986,0.14616098661743415,2.829441650976268,0.013911560928905302
insta_market_basket,thp,selected,additional_history_cells,1,130279,4.054782831703656,0.007215853344797233,5.972020734446146,0.03485763468455515,2.8581069713049256,0.006683182110858936
insta_market_basket,thp,selected,additional_history_cells,2,205041,3.9593371545753757,0.006820014302478893,5.753108682443363,0.021029928271972188,3.060542804950532,0.0020895665581079467
insta_market_basket,thp,selected,additional_history_cells,3,140970,4.046262255460479,0.007602556781098683,5.880306441025199,0.07006081254046341,2.5646223192570394,0.000733894296998233
insta_market_basket,thp,selected,additional_history_cells,4,26298,3.7957074236597226,0.0132429862562208,5.859898004747966,0.04719515673472407,1.9056508989325602,0.0043020195065477445
insta_market_basket,thp,selected,additional_history_cells,5,884,3.8596079602140825,0.016997988316486353,7.326622633637129,0.07386869196524512,1.1556751017369058,0.014617205807108943
insta_market_basket,thp,last,body,,477507,3.4491808192258033,0.039348756054689134,4.668240912755896,0.0958456443413998,2.803568691661562,0.0033790931608929206
insta_market_basket,thp,last,tail,,6036,22.846571752764095,1.8920313235641626,25.36061687309536,1.3800011952925706,2.844593578645258,0.02806500065351555
insta_market_basket,thp,last,quantity_cells,0,247651,2.6205182369136515,0.1854942615907066,3.6677634964842833,0.2887966125683338,2.7952752736436426,0.0056621236030097236
insta_market_basket,thp,last,quantity_cells,1,202534,3.796168366706579,0.1843385178493094,4.7809329082530665,0.20783552276988945,2.8090385167855696,0.006087539416689424
insta_market_basket,thp,last,quantity_cells,2,27322,8.388143604919211,0.7547973931629627,9.416497611568369,0.5652830198791038,2.838194550086618,0.01724408215252645
insta_market_basket,thp,last,quantity_cells,3,20190,12.380228427624731,1.2580228903786919,13.592875617471275,0.9215327953395374,2.837815823245178,0.023351185968528615
insta_market_basket,thp,last,quantity_cells,4,6036,22.846571752764095,1.8920313235641626,25.36061687309536,1.3800011952925706,2.844593578645258,0.02806500065351555
insta_market_basket,thp,last,history_cells,0,503733,4.039573949889094,0.05277418492358935,5.983699840881848,0.11749568994432387,2.8054329249051753,0.003982228511823088
insta_market_basket,thp,last,history_cells,1,0,,,,,,
insta_market_basket,thp,last,history_cells,2,0,,,,,,
insta_market_basket,thp,last,additional_history_cells,0,261,6.986648016962512,0.08577762106282259,10.467506510565794,0.021966088927027873,2.8095247932150182,0.010291884040845866
insta_market_basket,thp,last,additional_history_cells,1,130279,4.0782289537820935,0.021105848130398713,6.065673392261689,0.06395255373299659,2.846796192089666,0.005508980877909298
insta_market_basket,thp,last,additional_history_cells,2,205041,3.9964006818881948,0.04733510271663552,5.877309019727485,0.11217458217440401,3.065353199302075,0.005324201558636595
insta_market_basket,thp,last,additional_history_cells,3,140970,4.097443743830656,0.07914977039131771,6.03073329644721,0.16047962084690318,2.567683236191751,0.0016819348711930684
insta_market_basket,thp,last,additional_history_cells,4,26298,3.8482350850645015,0.11204351710039369,6.024144082228692,0.22977772410180822,1.904133335841733,0.007646098030828292
insta_market_basket,thp,last,additional_history_cells,5,884,3.950312723311544,0.15813710446817258,7.458104799526977,0.3519421774178306,1.1468403517730614,0.007943649174995206
insta_market_basket,nhp,selected,body,,477507,3.708083109582291,0.017719968015887617,5.0544613356793455,0.02505758801834792,2.810689468421663,0.006573616067860309
insta_market_basket,nhp,selected,tail,,6036,27.558335962610474,0.3939061280957074,29.267779921514123,0.33200058130119287,2.867291971500521,0.03976624331625542
insta_market_basket,nhp,selected,quantity_cells,0,247651,1.9541278917446414,0.01804584683936098,2.6568638797492614,0.033282349130694715,2.8001312391430946,0.002250194974648431
insta_market_basket,nhp,selected,quantity_cells,1,202534,4.828029666193862,0.041262452985266616,5.721454541472532,0.038161509333281426,2.8178591219188958,0.014486912701440292
insta_market_basket,nhp,selected,quantity_cells,2,27322,11.304214716197613,0.16130528875441164,11.825213765690838,0.12149694186919717,2.853243360437537,0.027534023165158367
insta_market_basket,nhp,selected,quantity_cells,3,20190,16.143274520418522,0.2504132114306761,16.740717345826397,0.20199290507282078,2.8572428395262284,0.03278741301198218
insta_market_basket,nhp,selected,quantity_cells,4,6036,27.558335962610474,0.3939061280957074,29.267779921514123,0.33200058130119287,2.867291971500521,0.03976624331625542
insta_market_basket,nhp,selected,history_cells,0,503733,4.492281565521571,0.030410272976951033,6.761279431728098,0.05381639641760841,2.813233604444489,0.008019810130985041
insta_market_basket,nhp,selected,history_cells,1,0,,,,,,
insta_market_basket,nhp,selected,history_cells,2,0,,,,,,
insta_market_basket,nhp,selected,additional_history_cells,0,261,6.90241781048391,0.00178622662448232,10.6979265059495,0.023324610427094217,2.8124175199209365,0.007971195969513869
insta_market_basket,nhp,selected,additional_history_cells,1,130279,4.4587733896219515,0.05506617909080613,6.768785105288521,0.09182328106511761,2.868533266067629,0.014265213581570738
insta_market_basket,nhp,selected,additional_history_cells,2,205041,4.508109077802012,0.03934253203482683,6.7319154197680415,0.07070567810292389,3.0739923657862924,0.006826030474171422
insta_market_basket,nhp,selected,additional_history_cells,3,140970,4.587304852405761,0.028235023363266817,6.8455497472522735,0.03473106888121096,2.5656505141544783,0.005471382914520203
insta_market_basket,nhp,selected,additional_history_cells,4,26298,4.020052372396142,0.02626624810572813,6.4081366600727065,0.04659379867539112,1.8921554879510945,0.0033749398905595735
insta_market_basket,nhp,selected,additional_history_cells,5,884,3.9428785240578255,0.09751161489968618,7.559336679036243,0.24017916155016128,1.0642423633824771,0.03038413540448531
insta_market_basket,nhp,last,body,,477507,3.876555424345247,0.07286040920123832,5.2802548411304615,0.09364798964126764,2.8122093258699037,0.006270938934438996
insta_market_basket,nhp,last,tail,,6036,28.412508470868076,0.5040755180996676,30.04874950573133,0.43848279379745697,2.8805878789618973,0.019440726720099617
insta_market_basket,nhp,last,quantity_cells,0,247651,1.8639041913100707,0.027557210586714807,2.5003960288551395,0.05560647457903105,2.7975735673144118,0.004709598193772447
insta_market_basket,nhp,last,quantity_cells,1,202534,5.247757020633292,0.16121339797647827,6.1059194433262975,0.14374575200524128,2.8231917401059214,0.010228621923875343
insta_market_basket,nhp,last,quantity_cells,2,27322,11.955032344402037,0.32847853669052307,12.41657202330536,0.2779821917128789,2.8634591595990826,0.014855756748793055
insta_market_basket,nhp,last,quantity_cells,3,20190,16.879351669417094,0.4144308080005195,17.420522748108738,0.3611148820767293,2.8684888542060847,0.016632026508392128
insta_market_basket,nhp,last,quantity_cells,4,6036,28.412508470868076,0.5040755180996676,30.04874950573133,0.43848279379745697,2.8805878789618973,0.019440726720099617
insta_market_basket,nhp,last,history_cells,0,503733,4.691720340633861,0.09131900701770869,7.029410447143634,0.1243877206662999,2.8152844006090416,0.006688643644805514
insta_market_basket,nhp,last,history_cells,1,0,,,,,,
insta_market_basket,nhp,last,history_cells,2,0,,,,,,
insta_market_basket,nhp,last,additional_history_cells,0,261,6.915382245186797,0.005365631250260278,10.772768525235616,0.008114979964032803,2.812315261459345,0.012122075323201071
insta_market_basket,nhp,last,additional_history_cells,1,130279,4.59494260660139,0.09378580116049544,6.969092529800847,0.12856540447518586,2.873710444927608,0.01601708903299141
insta_market_basket,nhp,last,additional_history_cells,2,205041,4.717434041444739,0.1025541724821613,7.008579477700102,0.1430865557033584,3.0759044120127905,0.005878055323130873
insta_market_basket,nhp,last,additional_history_cells,3,140970,4.82416068280243,0.1747592987046897,7.153409059894845,0.22947762814578182,2.5663406244606404,0.002788210355842927
insta_market_basket,nhp,last,additional_history_cells,4,26298,4.254363296126964,0.07194364021973426,6.722308733674391,0.10050563966687467,1.8882854505714624,0.0013529838765801942
insta_market_basket,nhp,last,additional_history_cells,5,884,4.224376729665659,0.07500215448851044,7.903411875915002,0.1366059495042866,1.0314869696497209,0.01083628051395589
insta_market_basket,sahp,selected,body,,477507,3.4715464809609764,0.024636972088512284,4.702419917512951,0.039775786935197455,2.8004002895974636,0.0007733613396662308
insta_market_basket,sahp,selected,tail,,6036,21.847160848095,0.6343918066694063,24.515069586810796,0.4253413442273695,2.8421938025562,0.02429161489705021
insta_market_basket,sahp,selected,quantity_cells,0,247651,2.807564026248792,0.016659761407957902,3.9710873845724715,0.003382722264556711,2.797643289041662,0.006048504014621519
insta_market_basket,sahp,selected,quantity_cells,1,202534,3.7299645433507096,0.052017729782562375,4.739041942393097,0.07362827083092702,2.800745682230517,0.005039792863603066
insta_market_basket,sahp,selected,quantity_cells,2,27322,7.574374789426125,0.11402119618544665,8.776717188737008,0.09799314543815038,2.8228298406223358,0.014826057444866652
insta_market_basket,sahp,selected,quantity_cells,3,20190,11.110542668090986,0.35211107555698123,12.616669011630368,0.16540500122498522,2.824044986406253,0.01835424809581265
insta_market_basket,sahp,selected,quantity_cells,4,6036,21.847160848095,0.6343918066694063,24.515069586810796,0.4253413442273695,2.8421938025562,0.02429161489705021
insta_market_basket,sahp,selected,history_cells,0,503733,3.9979097355783546,0.009944955510730435,5.877590832923105,0.0067289946645476256,2.8018487793187825,0.0012586094545948803
insta_market_basket,sahp,selected,history_cells,1,0,,,,,,
insta_market_basket,sahp,selected,history_cells,2,0,,,,,,
insta_market_basket,sahp,selected,additional_history_cells,0,261,7.001852253844455,0.13214764504838672,10.42452688093557,0.056815656015172675,2.8333188553896647,0.012630716197682919
insta_market_basket,sahp,selected,additional_history_cells,1,130279,4.0608519684126225,0.023932271045337985,5.991162836393305,0.03439410392301523,2.8510639258913812,0.00328383768078473
insta_market_basket,sahp,selected,additional_history_cells,2,205041,3.955883493245525,0.006740237288606395,5.773336384690502,0.010861647991133809,3.059456532392738,0.0026573463281023666
insta_market_basket,sahp,selected,additional_history_cells,3,140970,4.036400827255476,0.007551924392537706,5.9009024280889815,0.03437673093106922,2.5611243402215793,0.0018086692336218978
insta_market_basket,sahp,selected,additional_history_cells,4,26298,3.7823195864538564,0.004608584385574597,5.871661868938094,0.024247739988525155,1.8962489340079083,0.0030216549148557635
insta_market_basket,sahp,selected,additional_history_cells,5,884,3.8582300448939093,0.058382746093411764,7.332804867122558,0.07807161514991409,1.116694755897842,0.025221536636805455
insta_market_basket,sahp,last,body,,477507,3.4629842525290364,0.007421770926432022,4.691101275327248,0.007189624422031242,2.796632416504245,0.000728114999821889
insta_market_basket,sahp,last,tail,,6036,23.04923724506716,1.7123545786377612,25.510191368324737,1.3598931203377473,2.84028467160375,0.019793494049066204
insta_market_basket,sahp,last,quantity_cells,0,247651,2.6207976447125905,0.23895450675261054,3.6762204822574898,0.3679317845211387,2.7896997277797486,0.002172011583097301
insta_market_basket,sahp,last,quantity_cells,1,202534,3.8392144596460427,0.16941335656868237,4.827392746601739,0.13550585198341966,2.800784116946082,0.0029507045547708666
insta_market_basket,sahp,last,quantity_cells,2,27322,8.307759409695969,1.0147200369439593,9.38305778769402,0.7853812930566145,2.8286954718451804,0.01084039691691389
insta_market_basket,sahp,last,quantity_cells,3,20190,12.164069536851345,1.5054369071481077,13.477183010987492,1.1491929604074445,2.8303005871683116,0.016051808287963494
insta_market_basket,sahp,last,quantity_cells,4,6036,23.04923724506716,1.7123545786377612,25.510191368324737,1.3598931203377473,2.84028467160375,0.019793494049066204
insta_market_basket,sahp,last,history_cells,0,503733,4.046423366014608,0.08646181487734995,5.997267441592864,0.1795936419598497,2.7985049270951503,0.0015588228286633398
insta_market_basket,sahp,last,history_cells,1,0,,,,,,
insta_market_basket,sahp,last,history_cells,2,0,,,,,,
insta_market_basket,sahp,last,additional_history_cells,0,261,6.981112077622883,0.05722800288510977,10.474804862135892,0.0310165997674786,2.813303964340253,0.006684514151581211
insta_market_basket,sahp,last,additional_history_cells,1,130279,4.0741163052036375,0.027313868091819602,6.058032248719811,0.08842490532267273,2.8372105950734543,0.005520190851863317
insta_market_basket,sahp,last,additional_history_cells,2,205041,3.999638318673063,0.079117581444323,5.886060694272052,0.16712272558702423,3.0598244939811416,0.0012278464492968683
insta_market_basket,sahp,last,additional_history_cells,3,140970,4.118864247067501,0.14151112278189804,6.0691217645857005,0.2693101204695846,2.562314055935088,0.00042599450847469325
insta_market_basket,sahp,last,additional_history_cells,4,26298,3.8613551649333626,0.14030463737563664,6.042165930580196,0.29052815642150853,1.8925995219550145,0.005688325681997661
insta_market_basket,sahp,last,additional_history_cells,5,884,3.9039157456851834,0.16736407722127997,7.491388044339352,0.3238137413958373,1.0922875862280743,0.010549587432740004
