dataset,arm,mode,rep,batch,phase,transfer_seconds,compute_seconds,transfer_compute_seconds,targets,valid_events,tensor_sha256,unique_compiled_graphs
intermittent_frozen_5000,titantpp_history_mlp,eval,1,0,warmup,8.065812289714813e-05,0.4848396680317819,0.48492032615467906,128,6385,104400d466df3657203abe98cdea69804a88cd2e628cb3770226db661a422df1,0
intermittent_frozen_5000,titantpp_history_mlp,eval,1,1,warmup,0.00010064197704195976,0.008598513901233673,0.008699155878275633,128,6665,142350e64010d61fdcc3d6b666854395441a497df15eb5b6647c94a5ce3b4b31,0
intermittent_frozen_5000,titantpp_history_mlp,eval,1,2,warmup,8.140504360198975e-05,0.00797877088189125,0.00806017592549324,128,5996,c7879ee5e18d0a30576f6f7fcf0a3b4c0c7c45d2bb59107de61bfa799685d616,0
intermittent_frozen_5000,titantpp_history_mlp,eval,1,3,warmup,8.143601007759571e-05,0.007928648963570595,0.00801008497364819,128,6746,341fe7287822acbe4ee4686f5ee7f41f7f56190160c0e0b3f834ff3b6c175e36,0
intermittent_frozen_5000,titantpp_history_mlp,eval,1,4,warmup,8.034193888306618e-05,0.007948116166517138,0.008028458105400205,128,7009,de19e7a8c6a4451d8a241e4080bb6b621273fe1dbca207494618201d8900b29e,0
intermittent_frozen_5000,titantpp_history_mlp,eval,1,5,measured,8.174614049494267e-05,0.00798354484140873,0.008065290981903672,128,6521,72e22c9c9acdc86ce96c396b5eb3d59cc23667877bf8e6b92808e7cb82d1d712,0
intermittent_frozen_5000,titantpp_history_mlp,eval,1,6,measured,8.096382953226566e-05,0.00793151999823749,0.008012483827769756,128,6709,9ac12d6ea2b957104fbd0214b1047a16b36495f2cac257ddf0eae73d7748f14a,0
intermittent_frozen_5000,titantpp_history_mlp,eval,1,7,measured,8.081109263002872e-05,0.007973894942551851,0.00805470603518188,128,6834,7819de65ae02f89f0c6cf2deb4d82eac76eab4ce52c6dde399eb80555971169f,0
intermittent_frozen_5000,titantpp_history_mlp,eval,1,8,measured,8.03731381893158e-05,0.007949328050017357,0.008029701188206673,128,6880,313daa4696434904f793646390354485f155ed0c884c553fb8d79a54921e8a85,0
intermittent_frozen_5000,titantpp_history_mlp,eval,1,9,measured,8.034193888306618e-05,0.007952220970764756,0.008032562909647822,128,7369,97da9bc80bec69a272fe483b001f0ea1889ef17f855a3bb8a960bb761af55ead,0
intermittent_frozen_5000,titantpp_history_mlp,eval,1,10,measured,8.157896809279919e-05,0.007927479920908809,0.008009058889001608,128,6582,27060e6727e7c140055b915c6d5b69b07ebecbeb4e48de64dae0f7537b185b1f,0
intermittent_frozen_5000,titantpp_history_mlp,eval,1,11,measured,7.973983883857727e-05,0.007958643138408661,0.008038382977247238,128,6925,cb6f224993c42c095c403ced75a1c54126f0a74f95e6440a0be35700e4849155,0
intermittent_frozen_5000,titantpp_history_mlp,eval,1,12,measured,8.177990093827248e-05,0.00794623396359384,0.008028013864532113,128,6432,d6d228464274fdbdcf86b9515819ea96c971f87dfdb7de8e0815ad63e65bf0f4,0
intermittent_frozen_5000,titantpp_history_mlp,eval,1,13,measured,8.2395039498806e-05,0.007979034911841154,0.00806142995133996,128,7256,4e681234d773e8e028206eed5bb8802c55981f2e54e182a6aa7a885b9b08d09d,0
intermittent_frozen_5000,titantpp_history_mlp,eval,1,14,measured,8.003599941730499e-05,0.007913277018815279,0.007993313018232584,128,7158,3004cacbb1ea9568940b1fb62285842c22859b4e930d2486f01aea0e69b43c5d,0
intermittent_frozen_5000,titantpp_history_mlp,eval,1,15,measured,8.097803220152855e-05,0.007953782100230455,0.008034760132431984,128,6596,1b24e0e76ff0b50daf53dea4b7ed6009db07584fc38c47dfe5e0df458191618f,0
intermittent_frozen_5000,titantpp_history_mlp,eval,1,16,measured,8.515804074704647e-05,0.007950696861371398,0.008035854902118444,128,7581,75178665b157044780804a9060df33404d667470d8f2e002159b75101a29687a,0
intermittent_frozen_5000,titantpp_history_mlp,eval,1,17,measured,8.063716813921928e-05,0.007919265888631344,0.007999903056770563,128,6449,b8bb60f4e03219c679c4fd095ec988d14a6c69783b8f6a547fc1af5f1a867c35,0
intermittent_frozen_5000,titantpp_history_mlp,eval,1,18,measured,8.186209015548229e-05,0.007939683040603995,0.008021545130759478,128,7098,2b38c288123e743a8127bada4e04eb264723876025dd26e27187c9045a4e7517,0
intermittent_frozen_5000,titantpp_history_mlp,eval,1,19,measured,8.162111043930054e-05,0.00873608491383493,0.00881770602427423,128,6447,ef6a157bd2d21685b96e3de01f5e8f3ed8e375e6f17d76fc1ec0f299fecd3b58,0
intermittent_frozen_5000,titantpp_history_mlp,eval,1,20,measured,8.257012814283371e-05,0.007940219016745687,0.00802278914488852,128,6209,bf230fc90225b9aa4320e6f8ac6977efe9e85c6dfaced97190deb7a37b88fbef,0
intermittent_frozen_5000,titantpp_history_mlp,eval,1,21,measured,8.027697913348675e-05,0.007915491005405784,0.00799576798453927,128,7267,cd2d2dff004fc537a1a37d6ff993efd8fc027eef153dd8c2392b2ddac69fdc80,0
intermittent_frozen_5000,titantpp_history_mlp,eval,1,22,measured,8.645397610962391e-05,0.007929302984848619,0.008015756960958242,128,7026,cfcd9403e6cdd122c8ed7321a02aadd258946895fe34913fd3999ea022b166ac,0
intermittent_frozen_5000,titantpp_history_mlp,eval,1,23,measured,7.942109368741512e-05,0.007917207898572087,0.007996628992259502,128,6691,5cf5c4c4430d837be52b256bafd90b5bc6727040138e66b6f03e66c2657ac5b0,0
intermittent_frozen_5000,titantpp_history_mlp,eval,1,24,measured,7.779616862535477e-05,0.007921322947368026,0.00799911911599338,128,6343,e46f12df663f03a31c05ff4ce7880c150ddeffdeacb053299eac7f12d26262a0,0
intermittent_frozen_5000,titantpp_history_mlp,eval,1,25,measured,7.951399311423302e-05,0.007938323076814413,0.008017837069928646,128,7641,2c5db70028201cdc5d8e3de8d9d2902dbe6c2cf303ee30e9077a4e7c252d1ea7,0
intermittent_frozen_5000,titantpp_history_mlp,eval,1,26,measured,7.990794256329536e-05,0.0079413668718189,0.008021274814382195,128,6200,0141772579ea457d1bf80053f9eaceafe55993ceac956159f52aef4b65bd0e26,0
intermittent_frozen_5000,titantpp_history_mlp,eval,1,27,measured,8.564791642129421e-05,0.007904868107289076,0.00799051602371037,128,7231,046b1dae087a2bc1300c14316ce64ecf34658d8e8bd50d10409f4f11ab220c8d,0
intermittent_frozen_5000,titantpp_history_mlp,eval,1,28,measured,8.14502127468586e-05,0.007948515936732292,0.00802996614947915,128,7301,6028ecd55f1b2b875ea4d27f9dd6fa45631262e59d3638f07ab7b327da56c8e8,0
intermittent_frozen_5000,titantpp_history_mlp,eval,1,29,measured,7.945392280817032e-05,0.00796114094555378,0.00804059486836195,128,6397,1b6e96cf865e05767648898737a0495d032064c235b53a458cc302f16b2e72a6,0
intermittent_frozen_5000,titantpp_history_mlp,eval,1,30,measured,7.948395796120167e-05,0.007941554998978972,0.008021038956940174,128,6465,b0e41ecc92ac215052601b9d0c39d8c74d906e7ef5064fe38135329e8a4ba39b,0
intermittent_frozen_5000,titantpp_history_mlp,eval,1,31,measured,7.976382039487362e-05,0.007968865102156997,0.00804862892255187,128,6227,f51bc72668ba9880fffce0fce5ad72e32368529b5c83bd995ececd1242aef531,0
intermittent_frozen_5000,titantpp_history_mlp,eval,1,32,measured,8.07370524853468e-05,0.007963505107909441,0.008044242160394788,128,6547,2402587efa4c3875f6619728cdf1b2fa3e263120b8905bb115867aa32862d993,0
intermittent_frozen_5000,titantpp_history_mlp,eval,1,33,measured,7.771002128720284e-05,0.007960785878822207,0.00803849590010941,128,6654,b79d90af901d695c28f3997a4be77287676124f6e0091dd0fcdeae3fec952fdf,0
intermittent_frozen_5000,titantpp_history_mlp,eval,1,34,measured,7.785414345562458e-05,0.007929669925943017,0.008007524069398642,128,6475,505b1a2aaac4a5b3b4c0df29546ced06790f6e34b9874be24a6edf8c5a880e77,0
intermittent_frozen_5000,titantpp_history_mlp,eval,1,35,measured,7.924903184175491e-05,0.00794807099737227,0.008027320029214025,128,6824,f02e145d83882112f0d7f05ae3fc962cd96135cadff7f3fc7ec9760d7d447298,0
intermittent_frozen_5000,titantpp_history_mlp,eval,1,36,measured,7.90799967944622e-05,0.007932957028970122,0.008012037025764585,128,6447,465ff1d264daecde5e3c8c00e470c137edfb33f499c48c6d5d4418182783511b,0
intermittent_frozen_5000,titantpp_history_mlp,eval,2,0,warmup,8.371192961931229e-05,0.4844284891150892,0.4845122010447085,128,6385,104400d466df3657203abe98cdea69804a88cd2e628cb3770226db661a422df1,0
intermittent_frozen_5000,titantpp_history_mlp,eval,2,1,warmup,0.0001037251204252243,0.008622099878266454,0.008725824998691678,128,6665,142350e64010d61fdcc3d6b666854395441a497df15eb5b6647c94a5ce3b4b31,0
intermittent_frozen_5000,titantpp_history_mlp,eval,2,2,warmup,0.0002220110036432743,0.008760797092691064,0.008982808096334338,128,5996,c7879ee5e18d0a30576f6f7fcf0a3b4c0c7c45d2bb59107de61bfa799685d616,0
intermittent_frozen_5000,titantpp_history_mlp,eval,2,3,warmup,8.04790761321783e-05,0.008003865135833621,0.0080843442119658,128,6746,341fe7287822acbe4ee4686f5ee7f41f7f56190160c0e0b3f834ff3b6c175e36,0
intermittent_frozen_5000,titantpp_history_mlp,eval,2,4,warmup,8.555385284125805e-05,0.007983878022059798,0.008069431874901056,128,7009,de19e7a8c6a4451d8a241e4080bb6b621273fe1dbca207494618201d8900b29e,0
intermittent_frozen_5000,titantpp_history_mlp,eval,2,5,measured,8.116895332932472e-05,0.007948410930112004,0.008029579883441329,128,6521,72e22c9c9acdc86ce96c396b5eb3d59cc23667877bf8e6b92808e7cb82d1d712,0
intermittent_frozen_5000,titantpp_history_mlp,eval,2,6,measured,7.895007729530334e-05,0.007897350005805492,0.007976300083100796,128,6709,9ac12d6ea2b957104fbd0214b1047a16b36495f2cac257ddf0eae73d7748f14a,0
intermittent_frozen_5000,titantpp_history_mlp,eval,2,7,measured,7.789791561663151e-05,0.007878645090386271,0.007956543006002903,128,6834,7819de65ae02f89f0c6cf2deb4d82eac76eab4ce52c6dde399eb80555971169f,0
intermittent_frozen_5000,titantpp_history_mlp,eval,2,8,measured,7.996591739356518e-05,0.007898292038589716,0.007978257955983281,128,6880,313daa4696434904f793646390354485f155ed0c884c553fb8d79a54921e8a85,0
intermittent_frozen_5000,titantpp_history_mlp,eval,2,9,measured,8.292403072118759e-05,0.007896210066974163,0.00797913409769535,128,7369,97da9bc80bec69a272fe483b001f0ea1889ef17f855a3bb8a960bb761af55ead,0
intermittent_frozen_5000,titantpp_history_mlp,eval,2,10,measured,7.712608203291893e-05,0.007885782979428768,0.007962909061461687,128,6582,27060e6727e7c140055b915c6d5b69b07ebecbeb4e48de64dae0f7537b185b1f,0
intermittent_frozen_5000,titantpp_history_mlp,eval,2,11,measured,8.154287934303284e-05,0.007874502101913095,0.007956044981256127,128,6925,cb6f224993c42c095c403ced75a1c54126f0a74f95e6440a0be35700e4849155,0
intermittent_frozen_5000,titantpp_history_mlp,eval,2,12,measured,7.851701229810715e-05,0.007866143016144633,0.00794466002844274,128,6432,d6d228464274fdbdcf86b9515819ea96c971f87dfdb7de8e0815ad63e65bf0f4,0
intermittent_frozen_5000,titantpp_history_mlp,eval,2,13,measured,7.824809290468693e-05,0.007883785059675574,0.007962033152580261,128,7256,4e681234d773e8e028206eed5bb8802c55981f2e54e182a6aa7a885b9b08d09d,0
intermittent_frozen_5000,titantpp_history_mlp,eval,2,14,measured,8.063996210694313e-05,0.007877619937062263,0.007958259899169207,128,7158,3004cacbb1ea9568940b1fb62285842c22859b4e930d2486f01aea0e69b43c5d,0
intermittent_frozen_5000,titantpp_history_mlp,eval,2,15,measured,7.754284888505936e-05,0.007916101021692157,0.007993643870577216,128,6596,1b24e0e76ff0b50daf53dea4b7ed6009db07584fc38c47dfe5e0df458191618f,0
intermittent_frozen_5000,titantpp_history_mlp,eval,2,16,measured,8.091097697615623e-05,0.007908571977168322,0.007989482954144478,128,7581,75178665b157044780804a9060df33404d667470d8f2e002159b75101a29687a,0
intermittent_frozen_5000,titantpp_history_mlp,eval,2,17,measured,7.769698277115822e-05,0.007884811144322157,0.007962508127093315,128,6449,b8bb60f4e03219c679c4fd095ec988d14a6c69783b8f6a547fc1af5f1a867c35,0
intermittent_frozen_5000,titantpp_history_mlp,eval,2,18,measured,7.680291309952736e-05,0.007882120087742805,0.007958923000842333,128,7098,2b38c288123e743a8127bada4e04eb264723876025dd26e27187c9045a4e7517,0
intermittent_frozen_5000,titantpp_history_mlp,eval,2,19,measured,7.857801392674446e-05,0.008639522828161716,0.008718100842088461,128,6447,ef6a157bd2d21685b96e3de01f5e8f3ed8e375e6f17d76fc1ec0f299fecd3b58,0
intermittent_frozen_5000,titantpp_history_mlp,eval,2,20,measured,7.872818969190121e-05,0.007911402033641934,0.007990130223333836,128,6209,bf230fc90225b9aa4320e6f8ac6977efe9e85c6dfaced97190deb7a37b88fbef,0
intermittent_frozen_5000,titantpp_history_mlp,eval,2,21,measured,7.889210246503353e-05,0.007892138790339231,0.007971030892804265,128,7267,cd2d2dff004fc537a1a37d6ff993efd8fc027eef153dd8c2392b2ddac69fdc80,0
intermittent_frozen_5000,titantpp_history_mlp,eval,2,22,measured,7.834797725081444e-05,0.007886246079578996,0.00796459405682981,128,7026,cfcd9403e6cdd122c8ed7321a02aadd258946895fe34913fd3999ea022b166ac,0
intermittent_frozen_5000,titantpp_history_mlp,eval,2,23,measured,8.094706572592258e-05,0.007860478945076466,0.007941426010802388,128,6691,5cf5c4c4430d837be52b256bafd90b5bc6727040138e66b6f03e66c2657ac5b0,0
intermittent_frozen_5000,titantpp_history_mlp,eval,2,24,measured,7.840199396014214e-05,0.007901442935690284,0.007979844929650426,128,6343,e46f12df663f03a31c05ff4ce7880c150ddeffdeacb053299eac7f12d26262a0,0
intermittent_frozen_5000,titantpp_history_mlp,eval,2,25,measured,7.889117114245892e-05,0.007871876936405897,0.007950768107548356,128,7641,2c5db70028201cdc5d8e3de8d9d2902dbe6c2cf303ee30e9077a4e7c252d1ea7,0
intermittent_frozen_5000,titantpp_history_mlp,eval,2,26,measured,7.891585119068623e-05,0.007902409182861447,0.007981325034052134,128,6200,0141772579ea457d1bf80053f9eaceafe55993ceac956159f52aef4b65bd0e26,0
intermittent_frozen_5000,titantpp_history_mlp,eval,2,27,measured,7.76839442551136e-05,0.007891291053965688,0.007968974998220801,128,7231,046b1dae087a2bc1300c14316ce64ecf34658d8e8bd50d10409f4f11ab220c8d,0
intermittent_frozen_5000,titantpp_history_mlp,eval,2,28,measured,7.848907262086868e-05,0.007886372040957212,0.007964861113578081,128,7301,6028ecd55f1b2b875ea4d27f9dd6fa45631262e59d3638f07ab7b327da56c8e8,0
intermittent_frozen_5000,titantpp_history_mlp,eval,2,29,measured,7.659103721380234e-05,0.007875282084569335,0.007951873121783137,128,6397,1b6e96cf865e05767648898737a0495d032064c235b53a458cc302f16b2e72a6,0
intermittent_frozen_5000,titantpp_history_mlp,eval,2,30,measured,8.352403528988361e-05,0.007894706912338734,0.007978230947628617,128,6465,b0e41ecc92ac215052601b9d0c39d8c74d906e7ef5064fe38135329e8a4ba39b,0
intermittent_frozen_5000,titantpp_history_mlp,eval,2,31,measured,7.87938479334116e-05,0.00790501106530428,0.007983804913237691,128,6227,f51bc72668ba9880fffce0fce5ad72e32368529b5c83bd995ececd1242aef531,0
intermittent_frozen_5000,titantpp_history_mlp,eval,2,32,measured,7.68899917602539e-05,0.007865829160436988,0.007942719152197242,128,6547,2402587efa4c3875f6619728cdf1b2fa3e263120b8905bb115867aa32862d993,0
intermittent_frozen_5000,titantpp_history_mlp,eval,2,33,measured,7.828418165445328e-05,0.00789301679469645,0.007971300976350904,128,6654,b79d90af901d695c28f3997a4be77287676124f6e0091dd0fcdeae3fec952fdf,0
intermittent_frozen_5000,titantpp_history_mlp,eval,2,34,measured,7.798499427735806e-05,0.007890140870586038,0.007968125864863396,128,6475,505b1a2aaac4a5b3b4c0df29546ced06790f6e34b9874be24a6edf8c5a880e77,0
intermittent_frozen_5000,titantpp_history_mlp,eval,2,35,measured,7.878500036895275e-05,0.007876717019826174,0.007955502020195127,128,6824,f02e145d83882112f0d7f05ae3fc962cd96135cadff7f3fc7ec9760d7d447298,0
intermittent_frozen_5000,titantpp_history_mlp,eval,2,36,measured,8.019316010177135e-05,0.00792006403207779,0.00800025719217956,128,6447,465ff1d264daecde5e3c8c00e470c137edfb33f499c48c6d5d4418182783511b,0
intermittent_frozen_5000,titantpp_history_mlp,eval,3,0,warmup,8.315895684063435e-05,0.4845680280122906,0.48465118696913123,128,6385,104400d466df3657203abe98cdea69804a88cd2e628cb3770226db661a422df1,0
intermittent_frozen_5000,titantpp_history_mlp,eval,3,1,warmup,0.00022246199660003185,0.008824171032756567,0.009046633029356599,128,6665,142350e64010d61fdcc3d6b666854395441a497df15eb5b6647c94a5ce3b4b31,0
intermittent_frozen_5000,titantpp_history_mlp,eval,3,2,warmup,8.148304186761379e-05,0.00794194103218615,0.008023424074053764,128,5996,c7879ee5e18d0a30576f6f7fcf0a3b4c0c7c45d2bb59107de61bfa799685d616,0
intermittent_frozen_5000,titantpp_history_mlp,eval,3,3,warmup,7.826508954167366e-05,0.007898295996710658,0.007976561086252332,128,6746,341fe7287822acbe4ee4686f5ee7f41f7f56190160c0e0b3f834ff3b6c175e36,0
intermittent_frozen_5000,titantpp_history_mlp,eval,3,4,warmup,7.952796295285225e-05,0.007908541010692716,0.007988068973645568,128,7009,de19e7a8c6a4451d8a241e4080bb6b621273fe1dbca207494618201d8900b29e,0
intermittent_frozen_5000,titantpp_history_mlp,eval,3,5,measured,8.331192657351494e-05,0.007906839018687606,0.00799015094526112,128,6521,72e22c9c9acdc86ce96c396b5eb3d59cc23667877bf8e6b92808e7cb82d1d712,0
intermittent_frozen_5000,titantpp_history_mlp,eval,3,6,measured,7.879897020757198e-05,0.007895316928625107,0.007974115898832679,128,6709,9ac12d6ea2b957104fbd0214b1047a16b36495f2cac257ddf0eae73d7748f14a,0
intermittent_frozen_5000,titantpp_history_mlp,eval,3,7,measured,7.832399569451809e-05,0.007902182172983885,0.007980506168678403,128,6834,7819de65ae02f89f0c6cf2deb4d82eac76eab4ce52c6dde399eb80555971169f,0
intermittent_frozen_5000,titantpp_history_mlp,eval,3,8,measured,7.653003558516502e-05,0.007877935888245702,0.007954465923830867,128,6880,313daa4696434904f793646390354485f155ed0c884c553fb8d79a54921e8a85,0
intermittent_frozen_5000,titantpp_history_mlp,eval,3,9,measured,8.185207843780518e-05,0.007869608933106065,0.00795146101154387,128,7369,97da9bc80bec69a272fe483b001f0ea1889ef17f855a3bb8a960bb761af55ead,0
intermittent_frozen_5000,titantpp_history_mlp,eval,3,10,measured,7.880385965108871e-05,0.007887361105531454,0.007966164965182543,128,6582,27060e6727e7c140055b915c6d5b69b07ebecbeb4e48de64dae0f7537b185b1f,0
intermittent_frozen_5000,titantpp_history_mlp,eval,3,11,measured,7.887184619903564e-05,0.007899485994130373,0.007978357840329409,128,6925,cb6f224993c42c095c403ced75a1c54126f0a74f95e6440a0be35700e4849155,0
intermittent_frozen_5000,titantpp_history_mlp,eval,3,12,measured,7.735914550721645e-05,0.007879474898800254,0.00795683404430747,128,6432,d6d228464274fdbdcf86b9515819ea96c971f87dfdb7de8e0815ad63e65bf0f4,0
intermittent_frozen_5000,titantpp_history_mlp,eval,3,13,measured,8.273101411759853e-05,0.00787331908941269,0.007956050103530288,128,7256,4e681234d773e8e028206eed5bb8802c55981f2e54e182a6aa7a885b9b08d09d,0
intermittent_frozen_5000,titantpp_history_mlp,eval,3,14,measured,7.952400483191013e-05,0.007916682865470648,0.007996206870302558,128,7158,3004cacbb1ea9568940b1fb62285842c22859b4e930d2486f01aea0e69b43c5d,0
intermittent_frozen_5000,titantpp_history_mlp,eval,3,15,measured,7.686717435717583e-05,0.00787281384691596,0.007949681021273136,128,6596,1b24e0e76ff0b50daf53dea4b7ed6009db07584fc38c47dfe5e0df458191618f,0
intermittent_frozen_5000,titantpp_history_mlp,eval,3,16,measured,7.690908387303352e-05,0.007890373934060335,0.007967283017933369,128,7581,75178665b157044780804a9060df33404d667470d8f2e002159b75101a29687a,0
intermittent_frozen_5000,titantpp_history_mlp,eval,3,17,measured,7.918686605989933e-05,0.007895202143117785,0.007974389009177685,128,6449,b8bb60f4e03219c679c4fd095ec988d14a6c69783b8f6a547fc1af5f1a867c35,0
intermittent_frozen_5000,titantpp_history_mlp,eval,3,18,measured,7.779407314956188e-05,0.007883229991421103,0.007961024064570665,128,7098,2b38c288123e743a8127bada4e04eb264723876025dd26e27187c9045a4e7517,0
intermittent_frozen_5000,titantpp_history_mlp,eval,3,19,measured,7.806695066392422e-05,0.008676853030920029,0.008754919981583953,128,6447,ef6a157bd2d21685b96e3de01f5e8f3ed8e375e6f17d76fc1ec0f299fecd3b58,0
intermittent_frozen_5000,titantpp_history_mlp,eval,3,20,measured,8.096895180642605e-05,0.007909605978056788,0.007990574929863214,128,6209,bf230fc90225b9aa4320e6f8ac6977efe9e85c6dfaced97190deb7a37b88fbef,0
intermittent_frozen_5000,titantpp_history_mlp,eval,3,21,measured,8.192798122763634e-05,0.007862630998715758,0.007944558979943395,128,7267,cd2d2dff004fc537a1a37d6ff993efd8fc027eef153dd8c2392b2ddac69fdc80,0
intermittent_frozen_5000,titantpp_history_mlp,eval,3,22,measured,7.840804755687714e-05,0.007925288053229451,0.008003696100786328,128,7026,cfcd9403e6cdd122c8ed7321a02aadd258946895fe34913fd3999ea022b166ac,0
intermittent_frozen_5000,titantpp_history_mlp,eval,3,23,measured,7.67780002206564e-05,0.007882759906351566,0.007959537906572223,128,6691,5cf5c4c4430d837be52b256bafd90b5bc6727040138e66b6f03e66c2657ac5b0,0
intermittent_frozen_5000,titantpp_history_mlp,eval,3,24,measured,7.681990973651409e-05,0.007911458145827055,0.007988278055563569,128,6343,e46f12df663f03a31c05ff4ce7880c150ddeffdeacb053299eac7f12d26262a0,0
intermittent_frozen_5000,titantpp_history_mlp,eval,3,25,measured,7.815496064722538e-05,0.007890698965638876,0.007968853926286101,128,7641,2c5db70028201cdc5d8e3de8d9d2902dbe6c2cf303ee30e9077a4e7c252d1ea7,0
intermittent_frozen_5000,titantpp_history_mlp,eval,3,26,measured,8.110492490231991e-05,0.007898177020251751,0.00797928194515407,128,6200,0141772579ea457d1bf80053f9eaceafe55993ceac956159f52aef4b65bd0e26,0
intermittent_frozen_5000,titantpp_history_mlp,eval,3,27,measured,8.280295878648758e-05,0.007890825159847736,0.007973628118634224,128,7231,046b1dae087a2bc1300c14316ce64ecf34658d8e8bd50d10409f4f11ab220c8d,0
intermittent_frozen_5000,titantpp_history_mlp,eval,3,28,measured,7.984600961208344e-05,0.007882873993366957,0.00796272000297904,128,7301,6028ecd55f1b2b875ea4d27f9dd6fa45631262e59d3638f07ab7b327da56c8e8,0
intermittent_frozen_5000,titantpp_history_mlp,eval,3,29,measured,7.868092507123947e-05,0.007880683988332748,0.007959364913403988,128,6397,1b6e96cf865e05767648898737a0495d032064c235b53a458cc302f16b2e72a6,0
intermittent_frozen_5000,titantpp_history_mlp,eval,3,30,measured,7.613096386194229e-05,0.007913254201412201,0.007989385165274143,128,6465,b0e41ecc92ac215052601b9d0c39d8c74d906e7ef5064fe38135329e8a4ba39b,0
intermittent_frozen_5000,titantpp_history_mlp,eval,3,31,measured,7.526809349656105e-05,0.007895858027040958,0.00797112612053752,128,6227,f51bc72668ba9880fffce0fce5ad72e32368529b5c83bd995ececd1242aef531,0
intermittent_frozen_5000,titantpp_history_mlp,eval,3,32,measured,7.686205208301544e-05,0.00788247212767601,0.007959334179759026,128,6547,2402587efa4c3875f6619728cdf1b2fa3e263120b8905bb115867aa32862d993,0
intermittent_frozen_5000,titantpp_history_mlp,eval,3,33,measured,7.578590884804726e-05,0.007912128930911422,0.007987914839759469,128,6654,b79d90af901d695c28f3997a4be77287676124f6e0091dd0fcdeae3fec952fdf,0
intermittent_frozen_5000,titantpp_history_mlp,eval,3,34,measured,7.725716568529606e-05,0.007905603852123022,0.007982861017808318,128,6475,505b1a2aaac4a5b3b4c0df29546ced06790f6e34b9874be24a6edf8c5a880e77,0
intermittent_frozen_5000,titantpp_history_mlp,eval,3,35,measured,7.602619007229805e-05,0.007895258953794837,0.007971285143867135,128,6824,f02e145d83882112f0d7f05ae3fc962cd96135cadff7f3fc7ec9760d7d447298,0
intermittent_frozen_5000,titantpp_history_mlp,eval,3,36,measured,7.696496322751045e-05,0.007871359819546342,0.007948324782773852,128,6447,465ff1d264daecde5e3c8c00e470c137edfb33f499c48c6d5d4418182783511b,0
intermittent_frozen_5000,titantpp_history_mlp,train,1,0,warmup,8.37759580463171e-05,0.6000160970725119,0.6000998730305582,128,6385,104400d466df3657203abe98cdea69804a88cd2e628cb3770226db661a422df1,0
intermittent_frozen_5000,titantpp_history_mlp,train,1,1,warmup,0.00010953308083117008,0.03322495799511671,0.03333449107594788,128,6665,142350e64010d61fdcc3d6b666854395441a497df15eb5b6647c94a5ce3b4b31,0
intermittent_frozen_5000,titantpp_history_mlp,train,1,2,warmup,8.464092388749123e-05,0.03203596593812108,0.03212060686200857,128,5996,c7879ee5e18d0a30576f6f7fcf0a3b4c0c7c45d2bb59107de61bfa799685d616,0
intermittent_frozen_5000,titantpp_history_mlp,train,1,3,warmup,9.649503044784069e-05,0.03200107696466148,0.03209757199510932,128,6746,341fe7287822acbe4ee4686f5ee7f41f7f56190160c0e0b3f834ff3b6c175e36,0
intermittent_frozen_5000,titantpp_history_mlp,train,1,4,warmup,8.374801836907864e-05,0.03200744092464447,0.03209118894301355,128,7009,de19e7a8c6a4451d8a241e4080bb6b621273fe1dbca207494618201d8900b29e,0
intermittent_frozen_5000,titantpp_history_mlp,train,1,5,measured,9.177601896226406e-05,0.03218604391440749,0.032277819933369756,128,6521,72e22c9c9acdc86ce96c396b5eb3d59cc23667877bf8e6b92808e7cb82d1d712,0
intermittent_frozen_5000,titantpp_history_mlp,train,1,6,measured,8.21331050246954e-05,0.03217478794977069,0.032256921054795384,128,6709,9ac12d6ea2b957104fbd0214b1047a16b36495f2cac257ddf0eae73d7748f14a,0
intermittent_frozen_5000,titantpp_history_mlp,train,1,7,measured,8.370005525648594e-05,0.0322318731341511,0.03231557318940759,128,6834,7819de65ae02f89f0c6cf2deb4d82eac76eab4ce52c6dde399eb80555971169f,0
intermittent_frozen_5000,titantpp_history_mlp,train,1,8,measured,8.280505426228046e-05,0.03302261093631387,0.03310541599057615,128,6880,313daa4696434904f793646390354485f155ed0c884c553fb8d79a54921e8a85,0
intermittent_frozen_5000,titantpp_history_mlp,train,1,9,measured,8.154287934303284e-05,0.03223041910678148,0.032311961986124516,128,7369,97da9bc80bec69a272fe483b001f0ea1889ef17f855a3bb8a960bb761af55ead,0
intermittent_frozen_5000,titantpp_history_mlp,train,1,10,measured,7.969513535499573e-05,0.032206204952672124,0.03228590008802712,128,6582,27060e6727e7c140055b915c6d5b69b07ebecbeb4e48de64dae0f7537b185b1f,0
intermittent_frozen_5000,titantpp_history_mlp,train,1,11,measured,7.978593930602074e-05,0.032170512014999986,0.032250297954306006,128,6925,cb6f224993c42c095c403ced75a1c54126f0a74f95e6440a0be35700e4849155,0
intermittent_frozen_5000,titantpp_history_mlp,train,1,12,measured,7.987790741026402e-05,0.03214525408111513,0.03222513198852539,128,6432,d6d228464274fdbdcf86b9515819ea96c971f87dfdb7de8e0815ad63e65bf0f4,0
intermittent_frozen_5000,titantpp_history_mlp,train,1,13,measured,8.166395127773285e-05,0.03216892201453447,0.032250585965812206,128,7256,4e681234d773e8e028206eed5bb8802c55981f2e54e182a6aa7a885b9b08d09d,0
intermittent_frozen_5000,titantpp_history_mlp,train,1,14,measured,8.10020137578249e-05,0.032155473018065095,0.03223647503182292,128,7158,3004cacbb1ea9568940b1fb62285842c22859b4e930d2486f01aea0e69b43c5d,0
intermittent_frozen_5000,titantpp_history_mlp,train,1,15,measured,8.047791197896004e-05,0.0322057930752635,0.03228627098724246,128,6596,1b24e0e76ff0b50daf53dea4b7ed6009db07584fc38c47dfe5e0df458191618f,0
intermittent_frozen_5000,titantpp_history_mlp,train,1,16,measured,8.112285286188126e-05,0.03214725898578763,0.03222838183864951,128,7581,75178665b157044780804a9060df33404d667470d8f2e002159b75101a29687a,0
intermittent_frozen_5000,titantpp_history_mlp,train,1,17,measured,8.257804438471794e-05,0.032203579088672996,0.032286157133057714,128,6449,b8bb60f4e03219c679c4fd095ec988d14a6c69783b8f6a547fc1af5f1a867c35,0
intermittent_frozen_5000,titantpp_history_mlp,train,1,18,measured,8.070515468716621e-05,0.032159131951630116,0.03223983710631728,128,7098,2b38c288123e743a8127bada4e04eb264723876025dd26e27187c9045a4e7517,0
intermittent_frozen_5000,titantpp_history_mlp,train,1,19,measured,9.02591273188591e-05,0.03217776888050139,0.03226802800782025,128,6447,ef6a157bd2d21685b96e3de01f5e8f3ed8e375e6f17d76fc1ec0f299fecd3b58,0
intermittent_frozen_5000,titantpp_history_mlp,train,1,20,measured,8.03580041974783e-05,0.03220328688621521,0.03228364489041269,128,6209,bf230fc90225b9aa4320e6f8ac6977efe9e85c6dfaced97190deb7a37b88fbef,0
intermittent_frozen_5000,titantpp_history_mlp,train,1,21,measured,7.965392433106899e-05,0.0322195328772068,0.03229918680153787,128,7267,cd2d2dff004fc537a1a37d6ff993efd8fc027eef153dd8c2392b2ddac69fdc80,0
intermittent_frozen_5000,titantpp_history_mlp,train,1,22,measured,8.257897570729256e-05,0.03218831308186054,0.032270892057567835,128,7026,cfcd9403e6cdd122c8ed7321a02aadd258946895fe34913fd3999ea022b166ac,0
intermittent_frozen_5000,titantpp_history_mlp,train,1,23,measured,8.269189856946468e-05,0.032131158048287034,0.0322138499468565,128,6691,5cf5c4c4430d837be52b256bafd90b5bc6727040138e66b6f03e66c2657ac5b0,0
intermittent_frozen_5000,titantpp_history_mlp,train,1,24,measured,8.083484135568142e-05,0.03211048315279186,0.03219131799414754,128,6343,e46f12df663f03a31c05ff4ce7880c150ddeffdeacb053299eac7f12d26262a0,0
intermittent_frozen_5000,titantpp_history_mlp,train,1,25,measured,8.148793131113052e-05,0.03213942609727383,0.03222091402858496,128,7641,2c5db70028201cdc5d8e3de8d9d2902dbe6c2cf303ee30e9077a4e7c252d1ea7,0
intermittent_frozen_5000,titantpp_history_mlp,train,1,26,measured,8.555199019610882e-05,0.032226112904027104,0.03231166489422321,128,6200,0141772579ea457d1bf80053f9eaceafe55993ceac956159f52aef4b65bd0e26,0
intermittent_frozen_5000,titantpp_history_mlp,train,1,27,measured,8.14658123999834e-05,0.03219140414148569,0.032272869953885674,128,7231,046b1dae087a2bc1300c14316ce64ecf34658d8e8bd50d10409f4f11ab220c8d,0
intermittent_frozen_5000,titantpp_history_mlp,train,1,28,measured,7.972889579832554e-05,0.03217784012667835,0.03225756902247667,128,7301,6028ecd55f1b2b875ea4d27f9dd6fa45631262e59d3638f07ab7b327da56c8e8,0
intermittent_frozen_5000,titantpp_history_mlp,train,1,29,measured,7.975101470947266e-05,0.03216670290566981,0.03224645392037928,128,6397,1b6e96cf865e05767648898737a0495d032064c235b53a458cc302f16b2e72a6,0
intermittent_frozen_5000,titantpp_history_mlp,train,1,30,measured,8.016685023903847e-05,0.03224014909937978,0.032320315949618816,128,6465,b0e41ecc92ac215052601b9d0c39d8c74d906e7ef5064fe38135329e8a4ba39b,0
intermittent_frozen_5000,titantpp_history_mlp,train,1,31,measured,8.162809535861015e-05,0.03196121798828244,0.03204284608364105,128,6227,f51bc72668ba9880fffce0fce5ad72e32368529b5c83bd995ececd1242aef531,0
intermittent_frozen_5000,titantpp_history_mlp,train,1,32,measured,9.001302532851696e-05,0.03196131903678179,0.032051332062110305,128,6547,2402587efa4c3875f6619728cdf1b2fa3e263120b8905bb115867aa32862d993,0
intermittent_frozen_5000,titantpp_history_mlp,train,1,33,measured,8.495687507092953e-05,0.0319850230589509,0.03206997993402183,128,6654,b79d90af901d695c28f3997a4be77287676124f6e0091dd0fcdeae3fec952fdf,0
intermittent_frozen_5000,titantpp_history_mlp,train,1,34,measured,7.882690988481045e-05,0.03194550098851323,0.03202432789839804,128,6475,505b1a2aaac4a5b3b4c0df29546ced06790f6e34b9874be24a6edf8c5a880e77,0
intermittent_frozen_5000,titantpp_history_mlp,train,1,35,measured,8.241203613579273e-05,0.031792843947187066,0.03187525598332286,128,6824,f02e145d83882112f0d7f05ae3fc962cd96135cadff7f3fc7ec9760d7d447298,0
intermittent_frozen_5000,titantpp_history_mlp,train,1,36,measured,8.040107786655426e-05,0.0321739858482033,0.032254386926069856,128,6447,465ff1d264daecde5e3c8c00e470c137edfb33f499c48c6d5d4418182783511b,0
intermittent_frozen_5000,titantpp_history_mlp,train,2,0,warmup,8.358503691852093e-05,0.6014238181523979,0.6015074031893164,128,6385,104400d466df3657203abe98cdea69804a88cd2e628cb3770226db661a422df1,0
intermittent_frozen_5000,titantpp_history_mlp,train,2,1,warmup,0.00011668098159134388,0.03318871185183525,0.033305392833426595,128,6665,142350e64010d61fdcc3d6b666854395441a497df15eb5b6647c94a5ce3b4b31,0
intermittent_frozen_5000,titantpp_history_mlp,train,2,2,warmup,8.370215073227882e-05,0.03206409281119704,0.03214779496192932,128,5996,c7879ee5e18d0a30576f6f7fcf0a3b4c0c7c45d2bb59107de61bfa799685d616,0
intermittent_frozen_5000,titantpp_history_mlp,train,2,3,warmup,8.189096115529537e-05,0.032019092002883554,0.03210098296403885,128,6746,341fe7287822acbe4ee4686f5ee7f41f7f56190160c0e0b3f834ff3b6c175e36,0
intermittent_frozen_5000,titantpp_history_mlp,train,2,4,warmup,8.207093924283981e-05,0.03194708307273686,0.0320291540119797,128,7009,de19e7a8c6a4451d8a241e4080bb6b621273fe1dbca207494618201d8900b29e,0
intermittent_frozen_5000,titantpp_history_mlp,train,2,5,measured,8.911499753594398e-05,0.032181611051782966,0.03227072604931891,128,6521,72e22c9c9acdc86ce96c396b5eb3d59cc23667877bf8e6b92808e7cb82d1d712,0
intermittent_frozen_5000,titantpp_history_mlp,train,2,6,measured,8.134916424751282e-05,0.03215430094860494,0.032235650112852454,128,6709,9ac12d6ea2b957104fbd0214b1047a16b36495f2cac257ddf0eae73d7748f14a,0
intermittent_frozen_5000,titantpp_history_mlp,train,2,7,measured,8.761906065046787e-05,0.0321885640732944,0.03227618313394487,128,6834,7819de65ae02f89f0c6cf2deb4d82eac76eab4ce52c6dde399eb80555971169f,0
intermittent_frozen_5000,titantpp_history_mlp,train,2,8,measured,8.196895942091942e-05,0.03304874198511243,0.03313071094453335,128,6880,313daa4696434904f793646390354485f155ed0c884c553fb8d79a54921e8a85,0
intermittent_frozen_5000,titantpp_history_mlp,train,2,9,measured,8.138897828757763e-05,0.032238989137113094,0.03232037811540067,128,7369,97da9bc80bec69a272fe483b001f0ea1889ef17f855a3bb8a960bb761af55ead,0
intermittent_frozen_5000,titantpp_history_mlp,train,2,10,measured,9.154411964118481e-05,0.03224568301811814,0.03233722713775933,128,6582,27060e6727e7c140055b915c6d5b69b07ebecbeb4e48de64dae0f7537b185b1f,0
intermittent_frozen_5000,titantpp_history_mlp,train,2,11,measured,8.25908500701189e-05,0.032196446089074016,0.032279036939144135,128,6925,cb6f224993c42c095c403ced75a1c54126f0a74f95e6440a0be35700e4849155,0
intermittent_frozen_5000,titantpp_history_mlp,train,2,12,measured,8.10020137578249e-05,0.032144309021532536,0.03222531103529036,128,6432,d6d228464274fdbdcf86b9515819ea96c971f87dfdb7de8e0815ad63e65bf0f4,0
intermittent_frozen_5000,titantpp_history_mlp,train,2,13,measured,8.273683488368988e-05,0.03217394417151809,0.03225668100640178,128,7256,4e681234d773e8e028206eed5bb8802c55981f2e54e182a6aa7a885b9b08d09d,0
intermittent_frozen_5000,titantpp_history_mlp,train,2,14,measured,8.129607886075974e-05,0.03213857486844063,0.03221987094730139,128,7158,3004cacbb1ea9568940b1fb62285842c22859b4e930d2486f01aea0e69b43c5d,0
intermittent_frozen_5000,titantpp_history_mlp,train,2,15,measured,8.22239089757204e-05,0.03212409117259085,0.03220631508156657,128,6596,1b24e0e76ff0b50daf53dea4b7ed6009db07584fc38c47dfe5e0df458191618f,0
intermittent_frozen_5000,titantpp_history_mlp,train,2,16,measured,7.96120148152113e-05,0.03217362007126212,0.03225323208607733,128,7581,75178665b157044780804a9060df33404d667470d8f2e002159b75101a29687a,0
intermittent_frozen_5000,titantpp_history_mlp,train,2,17,measured,8.231215178966522e-05,0.03214658587239683,0.03222889802418649,128,6449,b8bb60f4e03219c679c4fd095ec988d14a6c69783b8f6a547fc1af5f1a867c35,0
intermittent_frozen_5000,titantpp_history_mlp,train,2,18,measured,7.881782948970795e-05,0.03215311118401587,0.03223192901350558,128,7098,2b38c288123e743a8127bada4e04eb264723876025dd26e27187c9045a4e7517,0
intermittent_frozen_5000,titantpp_history_mlp,train,2,19,measured,8.263019844889641e-05,0.032174045918509364,0.03225667611695826,128,6447,ef6a157bd2d21685b96e3de01f5e8f3ed8e375e6f17d76fc1ec0f299fecd3b58,0
intermittent_frozen_5000,titantpp_history_mlp,train,2,20,measured,8.050003089010715e-05,0.0321488119661808,0.03222931199707091,128,6209,bf230fc90225b9aa4320e6f8ac6977efe9e85c6dfaced97190deb7a37b88fbef,0
intermittent_frozen_5000,titantpp_history_mlp,train,2,21,measured,8.159689605236053e-05,0.032138048904016614,0.032219645800068974,128,7267,cd2d2dff004fc537a1a37d6ff993efd8fc027eef153dd8c2392b2ddac69fdc80,0
intermittent_frozen_5000,titantpp_history_mlp,train,2,22,measured,8.156709372997284e-05,0.032203120877966285,0.03228468797169626,128,7026,cfcd9403e6cdd122c8ed7321a02aadd258946895fe34913fd3999ea022b166ac,0
intermittent_frozen_5000,titantpp_history_mlp,train,2,23,measured,8.04609153419733e-05,0.03216102416627109,0.032241485081613064,128,6691,5cf5c4c4430d837be52b256bafd90b5bc6727040138e66b6f03e66c2657ac5b0,0
intermittent_frozen_5000,titantpp_history_mlp,train,2,24,measured,8.094706572592258e-05,0.03220629901625216,0.03228724608197808,128,6343,e46f12df663f03a31c05ff4ce7880c150ddeffdeacb053299eac7f12d26262a0,0
intermittent_frozen_5000,titantpp_history_mlp,train,2,25,measured,8.10201745480299e-05,0.032139917835593224,0.032220938010141253,128,7641,2c5db70028201cdc5d8e3de8d9d2902dbe6c2cf303ee30e9077a4e7c252d1ea7,0
intermittent_frozen_5000,titantpp_history_mlp,train,2,26,measured,8.090795017778873e-05,0.03217046707868576,0.03225137502886355,128,6200,0141772579ea457d1bf80053f9eaceafe55993ceac956159f52aef4b65bd0e26,0
intermittent_frozen_5000,titantpp_history_mlp,train,2,27,measured,8.5385050624609e-05,0.03236651490442455,0.03245189995504916,128,7231,046b1dae087a2bc1300c14316ce64ecf34658d8e8bd50d10409f4f11ab220c8d,0
intermittent_frozen_5000,titantpp_history_mlp,train,2,28,measured,8.146790787577629e-05,0.03216117015108466,0.03224263805896044,128,7301,6028ecd55f1b2b875ea4d27f9dd6fa45631262e59d3638f07ab7b327da56c8e8,0
intermittent_frozen_5000,titantpp_history_mlp,train,2,29,measured,8.109305053949356e-05,0.032190446043387055,0.03227153909392655,128,6397,1b6e96cf865e05767648898737a0495d032064c235b53a458cc302f16b2e72a6,0
intermittent_frozen_5000,titantpp_history_mlp,train,2,30,measured,8.049607276916504e-05,0.03219930687919259,0.032279802951961756,128,6465,b0e41ecc92ac215052601b9d0c39d8c74d906e7ef5064fe38135329e8a4ba39b,0
intermittent_frozen_5000,titantpp_history_mlp,train,2,31,measured,7.904693484306335e-05,0.03196223103441298,0.03204127796925604,128,6227,f51bc72668ba9880fffce0fce5ad72e32368529b5c83bd995ececd1242aef531,0
intermittent_frozen_5000,titantpp_history_mlp,train,2,32,measured,8.155405521392822e-05,0.03199394000694156,0.032075494062155485,128,6547,2402587efa4c3875f6619728cdf1b2fa3e263120b8905bb115867aa32862d993,0
intermittent_frozen_5000,titantpp_history_mlp,train,2,33,measured,8.016102947294712e-05,0.03195051080547273,0.03203067183494568,128,6654,b79d90af901d695c28f3997a4be77287676124f6e0091dd0fcdeae3fec952fdf,0
intermittent_frozen_5000,titantpp_history_mlp,train,2,34,measured,7.695518434047699e-05,0.032045081024989486,0.03212203620932996,128,6475,505b1a2aaac4a5b3b4c0df29546ced06790f6e34b9874be24a6edf8c5a880e77,0
intermittent_frozen_5000,titantpp_history_mlp,train,2,35,measured,7.925601676106453e-05,0.03175213700160384,0.031831393018364906,128,6824,f02e145d83882112f0d7f05ae3fc962cd96135cadff7f3fc7ec9760d7d447298,0
intermittent_frozen_5000,titantpp_history_mlp,train,2,36,measured,7.924693636596203e-05,0.03220131597481668,0.03228056291118264,128,6447,465ff1d264daecde5e3c8c00e470c137edfb33f499c48c6d5d4418182783511b,0
intermittent_frozen_5000,titantpp_history_mlp,train,3,0,warmup,8.356291800737381e-05,0.6006682489532977,0.6007518118713051,128,6385,104400d466df3657203abe98cdea69804a88cd2e628cb3770226db661a422df1,0
intermittent_frozen_5000,titantpp_history_mlp,train,3,1,warmup,0.00010955310426652431,0.03313988586887717,0.0332494389731437,128,6665,142350e64010d61fdcc3d6b666854395441a497df15eb5b6647c94a5ce3b4b31,0
intermittent_frozen_5000,titantpp_history_mlp,train,3,2,warmup,0.00010488112457096577,0.03206355101428926,0.032168432138860226,128,5996,c7879ee5e18d0a30576f6f7fcf0a3b4c0c7c45d2bb59107de61bfa799685d616,0
intermittent_frozen_5000,titantpp_history_mlp,train,3,3,warmup,8.354103192687035e-05,0.03197783511132002,0.03206137614324689,128,6746,341fe7287822acbe4ee4686f5ee7f41f7f56190160c0e0b3f834ff3b6c175e36,0
intermittent_frozen_5000,titantpp_history_mlp,train,3,4,warmup,8.232682012021542e-05,0.032002002000808716,0.03208432882092893,128,7009,de19e7a8c6a4451d8a241e4080bb6b621273fe1dbca207494618201d8900b29e,0
intermittent_frozen_5000,titantpp_history_mlp,train,3,5,measured,8.580205030739307e-05,0.03212401899509132,0.03220982104539871,128,6521,72e22c9c9acdc86ce96c396b5eb3d59cc23667877bf8e6b92808e7cb82d1d712,0
intermittent_frozen_5000,titantpp_history_mlp,train,3,6,measured,8.174008689820766e-05,0.03219049610197544,0.03227223618887365,128,6709,9ac12d6ea2b957104fbd0214b1047a16b36495f2cac257ddf0eae73d7748f14a,0
intermittent_frozen_5000,titantpp_history_mlp,train,3,7,measured,8.262298069894314e-05,0.03213585517369211,0.03221847815439105,128,6834,7819de65ae02f89f0c6cf2deb4d82eac76eab4ce52c6dde399eb80555971169f,0
intermittent_frozen_5000,titantpp_history_mlp,train,3,8,measured,8.163298480212688e-05,0.03302395413629711,0.033105587121099234,128,6880,313daa4696434904f793646390354485f155ed0c884c553fb8d79a54921e8a85,0
intermittent_frozen_5000,titantpp_history_mlp,train,3,9,measured,8.195498958230019e-05,0.03215657314285636,0.03223852813243866,128,7369,97da9bc80bec69a272fe483b001f0ea1889ef17f855a3bb8a960bb761af55ead,0
intermittent_frozen_5000,titantpp_history_mlp,train,3,10,measured,8.209678344428539e-05,0.03221357404254377,0.032295670825988054,128,6582,27060e6727e7c140055b915c6d5b69b07ebecbeb4e48de64dae0f7537b185b1f,0
intermittent_frozen_5000,titantpp_history_mlp,train,3,11,measured,8.091982454061508e-05,0.03211689810268581,0.032197817927226424,128,6925,cb6f224993c42c095c403ced75a1c54126f0a74f95e6440a0be35700e4849155,0
intermittent_frozen_5000,titantpp_history_mlp,train,3,12,measured,8.191005326807499e-05,0.032183226896449924,0.032265136949718,128,6432,d6d228464274fdbdcf86b9515819ea96c971f87dfdb7de8e0815ad63e65bf0f4,0
intermittent_frozen_5000,titantpp_history_mlp,train,3,13,measured,7.958989590406418e-05,0.03210877510719001,0.03218836500309408,128,7256,4e681234d773e8e028206eed5bb8802c55981f2e54e182a6aa7a885b9b08d09d,0
intermittent_frozen_5000,titantpp_history_mlp,train,3,14,measured,8.13088845461607e-05,0.03216953203082085,0.03225084091536701,128,7158,3004cacbb1ea9568940b1fb62285842c22859b4e930d2486f01aea0e69b43c5d,0
intermittent_frozen_5000,titantpp_history_mlp,train,3,15,measured,8.12998041510582e-05,0.03214046312496066,0.03222176292911172,128,6596,1b24e0e76ff0b50daf53dea4b7ed6009db07584fc38c47dfe5e0df458191618f,0
intermittent_frozen_5000,titantpp_history_mlp,train,3,16,measured,8.153705857694149e-05,0.03215086995624006,0.032232407014817,128,7581,75178665b157044780804a9060df33404d667470d8f2e002159b75101a29687a,0
intermittent_frozen_5000,titantpp_history_mlp,train,3,17,measured,8.516106754541397e-05,0.03211783687584102,0.032202997943386436,128,6449,b8bb60f4e03219c679c4fd095ec988d14a6c69783b8f6a547fc1af5f1a867c35,0
intermittent_frozen_5000,titantpp_history_mlp,train,3,18,measured,8.044601418077946e-05,0.032182666938751936,0.032263112952932715,128,7098,2b38c288123e743a8127bada4e04eb264723876025dd26e27187c9045a4e7517,0
intermittent_frozen_5000,titantpp_history_mlp,train,3,19,measured,7.948395796120167e-05,0.03211367502808571,0.03219315898604691,128,6447,ef6a157bd2d21685b96e3de01f5e8f3ed8e375e6f17d76fc1ec0f299fecd3b58,0
intermittent_frozen_5000,titantpp_history_mlp,train,3,20,measured,8.016801439225674e-05,0.03213000297546387,0.032210170989856124,128,6209,bf230fc90225b9aa4320e6f8ac6977efe9e85c6dfaced97190deb7a37b88fbef,0
intermittent_frozen_5000,titantpp_history_mlp,train,3,21,measured,8.105696178972721e-05,0.032065615989267826,0.03214667295105755,128,7267,cd2d2dff004fc537a1a37d6ff993efd8fc027eef153dd8c2392b2ddac69fdc80,0
intermittent_frozen_5000,titantpp_history_mlp,train,3,22,measured,7.996405474841595e-05,0.032131341053172946,0.03221130510792136,128,7026,cfcd9403e6cdd122c8ed7321a02aadd258946895fe34913fd3999ea022b166ac,0
intermittent_frozen_5000,titantpp_history_mlp,train,3,23,measured,8.311402052640915e-05,0.03213085909374058,0.03221397311426699,128,6691,5cf5c4c4430d837be52b256bafd90b5bc6727040138e66b6f03e66c2657ac5b0,0
intermittent_frozen_5000,titantpp_history_mlp,train,3,24,measured,8.067814633250237e-05,0.032135457964614034,0.032216136110946536,128,6343,e46f12df663f03a31c05ff4ce7880c150ddeffdeacb053299eac7f12d26262a0,0
intermittent_frozen_5000,titantpp_history_mlp,train,3,25,measured,7.980898953974247e-05,0.032095442060381174,0.03217525104992092,128,7641,2c5db70028201cdc5d8e3de8d9d2902dbe6c2cf303ee30e9077a4e7c252d1ea7,0
intermittent_frozen_5000,titantpp_history_mlp,train,3,26,measured,8.018105290830135e-05,0.03219095407985151,0.03227113513275981,128,6200,0141772579ea457d1bf80053f9eaceafe55993ceac956159f52aef4b65bd0e26,0
intermittent_frozen_5000,titantpp_history_mlp,train,3,27,measured,8.032098412513733e-05,0.03214394906535745,0.032224270049482584,128,7231,046b1dae087a2bc1300c14316ce64ecf34658d8e8bd50d10409f4f11ab220c8d,0
intermittent_frozen_5000,titantpp_history_mlp,train,3,28,measured,8.087605237960815e-05,0.032109425868839025,0.032190301921218634,128,7301,6028ecd55f1b2b875ea4d27f9dd6fa45631262e59d3638f07ab7b327da56c8e8,0
intermittent_frozen_5000,titantpp_history_mlp,train,3,29,measured,8.163508027791977e-05,0.032166540855541825,0.032248175935819745,128,6397,1b6e96cf865e05767648898737a0495d032064c235b53a458cc302f16b2e72a6,0
intermittent_frozen_5000,titantpp_history_mlp,train,3,30,measured,7.889000698924065e-05,0.032110460102558136,0.03218935010954738,128,6465,b0e41ecc92ac215052601b9d0c39d8c74d906e7ef5064fe38135329e8a4ba39b,0
intermittent_frozen_5000,titantpp_history_mlp,train,3,31,measured,8.469307795166969e-05,0.03194021387025714,0.03202490694820881,128,6227,f51bc72668ba9880fffce0fce5ad72e32368529b5c83bd995ececd1242aef531,0
intermittent_frozen_5000,titantpp_history_mlp,train,3,32,measured,7.986603304743767e-05,0.031908761942759156,0.031988627975806594,128,6547,2402587efa4c3875f6619728cdf1b2fa3e263120b8905bb115867aa32862d993,0
intermittent_frozen_5000,titantpp_history_mlp,train,3,33,measured,7.955310866236687e-05,0.031946992967277765,0.03202654607594013,128,6654,b79d90af901d695c28f3997a4be77287676124f6e0091dd0fcdeae3fec952fdf,0
intermittent_frozen_5000,titantpp_history_mlp,train,3,34,measured,7.88387842476368e-05,0.031944704009220004,0.03202354279346764,128,6475,505b1a2aaac4a5b3b4c0df29546ced06790f6e34b9874be24a6edf8c5a880e77,0
intermittent_frozen_5000,titantpp_history_mlp,train,3,35,measured,8.014100603759289e-05,0.0317306169308722,0.031810757936909795,128,6824,f02e145d83882112f0d7f05ae3fc962cd96135cadff7f3fc7ec9760d7d447298,0
intermittent_frozen_5000,titantpp_history_mlp,train,3,36,measured,9.118719026446342e-05,0.032163308933377266,0.03225449612364173,128,6447,465ff1d264daecde5e3c8c00e470c137edfb33f499c48c6d5d4418182783511b,0
intermittent_frozen_5000,titantpp_titans_mac,eval,1,0,warmup,8.753291331231594e-05,1.9239158320706338,1.924003364983946,128,6385,104400d466df3657203abe98cdea69804a88cd2e628cb3770226db661a422df1,1
intermittent_frozen_5000,titantpp_titans_mac,eval,1,1,warmup,0.00011326605454087257,0.06776697211898863,0.0678802381735295,128,6665,142350e64010d61fdcc3d6b666854395441a497df15eb5b6647c94a5ce3b4b31,1
intermittent_frozen_5000,titantpp_titans_mac,eval,1,2,warmup,8.90498049557209e-05,0.0674437410198152,0.06753279082477093,128,5996,c7879ee5e18d0a30576f6f7fcf0a3b4c0c7c45d2bb59107de61bfa799685d616,1
intermittent_frozen_5000,titantpp_titans_mac,eval,1,3,warmup,8.72837845236063e-05,0.06632064818404615,0.06640793196856976,128,6746,341fe7287822acbe4ee4686f5ee7f41f7f56190160c0e0b3f834ff3b6c175e36,1
intermittent_frozen_5000,titantpp_titans_mac,eval,1,4,warmup,8.728005923330784e-05,0.06643175100907683,0.06651903106831014,128,7009,de19e7a8c6a4451d8a241e4080bb6b621273fe1dbca207494618201d8900b29e,1
intermittent_frozen_5000,titantpp_titans_mac,eval,1,5,measured,9.295507334172726e-05,0.06743175792507827,0.06752471299842,128,6521,72e22c9c9acdc86ce96c396b5eb3d59cc23667877bf8e6b92808e7cb82d1d712,1
intermittent_frozen_5000,titantpp_titans_mac,eval,1,6,measured,8.817994967103004e-05,0.06657662615180016,0.06666480610147119,128,6709,9ac12d6ea2b957104fbd0214b1047a16b36495f2cac257ddf0eae73d7748f14a,1
intermittent_frozen_5000,titantpp_titans_mac,eval,1,7,measured,8.676503784954548e-05,0.0667461680714041,0.06683293310925364,128,6834,7819de65ae02f89f0c6cf2deb4d82eac76eab4ce52c6dde399eb80555971169f,1
intermittent_frozen_5000,titantpp_titans_mac,eval,1,8,measured,8.845794945955276e-05,0.06575153209269047,0.06583999004215002,128,6880,313daa4696434904f793646390354485f155ed0c884c553fb8d79a54921e8a85,1
intermittent_frozen_5000,titantpp_titans_mac,eval,1,9,measured,9.015784598886967e-05,0.06968081905506551,0.06977097690105438,128,7369,97da9bc80bec69a272fe483b001f0ea1889ef17f855a3bb8a960bb761af55ead,1
intermittent_frozen_5000,titantpp_titans_mac,eval,1,10,measured,9.218300692737103e-05,0.06879278994165361,0.06888497294858098,128,6582,27060e6727e7c140055b915c6d5b69b07ebecbeb4e48de64dae0f7537b185b1f,1
intermittent_frozen_5000,titantpp_titans_mac,eval,1,11,measured,8.648005314171314e-05,0.06559300003573298,0.0656794800888747,128,6925,cb6f224993c42c095c403ced75a1c54126f0a74f95e6440a0be35700e4849155,1
intermittent_frozen_5000,titantpp_titans_mac,eval,1,12,measured,8.24520830065012e-05,0.06541517889127135,0.06549763097427785,128,6432,d6d228464274fdbdcf86b9515819ea96c971f87dfdb7de8e0815ad63e65bf0f4,1
intermittent_frozen_5000,titantpp_titans_mac,eval,1,13,measured,8.60441941767931e-05,0.06534992181695998,0.06543596601113677,128,7256,4e681234d773e8e028206eed5bb8802c55981f2e54e182a6aa7a885b9b08d09d,1
intermittent_frozen_5000,titantpp_titans_mac,eval,1,14,measured,8.333800360560417e-05,0.0652068059425801,0.06529014394618571,128,7158,3004cacbb1ea9568940b1fb62285842c22859b4e930d2486f01aea0e69b43c5d,1
intermittent_frozen_5000,titantpp_titans_mac,eval,1,15,measured,8.156709372997284e-05,0.06536279805004597,0.06544436514377594,128,6596,1b24e0e76ff0b50daf53dea4b7ed6009db07584fc38c47dfe5e0df458191618f,1
intermittent_frozen_5000,titantpp_titans_mac,eval,1,16,measured,7.977080531418324e-05,0.06525452504865825,0.06533429585397243,128,7581,75178665b157044780804a9060df33404d667470d8f2e002159b75101a29687a,1
intermittent_frozen_5000,titantpp_titans_mac,eval,1,17,measured,8.040014654397964e-05,0.06528479792177677,0.06536519806832075,128,6449,b8bb60f4e03219c679c4fd095ec988d14a6c69783b8f6a547fc1af5f1a867c35,1
intermittent_frozen_5000,titantpp_titans_mac,eval,1,18,measured,8.018105290830135e-05,0.065280897077173,0.0653610781300813,128,7098,2b38c288123e743a8127bada4e04eb264723876025dd26e27187c9045a4e7517,1
intermittent_frozen_5000,titantpp_titans_mac,eval,1,19,measured,8.166697807610035e-05,0.06542183295823634,0.06550349993631244,128,6447,ef6a157bd2d21685b96e3de01f5e8f3ed8e375e6f17d76fc1ec0f299fecd3b58,1
intermittent_frozen_5000,titantpp_titans_mac,eval,1,20,measured,8.576107211410999e-05,0.06537426100112498,0.06546002207323909,128,6209,bf230fc90225b9aa4320e6f8ac6977efe9e85c6dfaced97190deb7a37b88fbef,1
intermittent_frozen_5000,titantpp_titans_mac,eval,1,21,measured,8.323811925947666e-05,0.06530173495411873,0.0653849730733782,128,7267,cd2d2dff004fc537a1a37d6ff993efd8fc027eef153dd8c2392b2ddac69fdc80,1
intermittent_frozen_5000,titantpp_titans_mac,eval,1,22,measured,7.98199325799942e-05,0.06536176893860102,0.06544158887118101,128,7026,cfcd9403e6cdd122c8ed7321a02aadd258946895fe34913fd3999ea022b166ac,1
intermittent_frozen_5000,titantpp_titans_mac,eval,1,23,measured,7.917406037449837e-05,0.06551810586825013,0.06559727992862463,128,6691,5cf5c4c4430d837be52b256bafd90b5bc6727040138e66b6f03e66c2657ac5b0,1
intermittent_frozen_5000,titantpp_titans_mac,eval,1,24,measured,7.836101576685905e-05,0.0653509150724858,0.06542927608825266,128,6343,e46f12df663f03a31c05ff4ce7880c150ddeffdeacb053299eac7f12d26262a0,1
intermittent_frozen_5000,titantpp_titans_mac,eval,1,25,measured,7.898383773863316e-05,0.06545131118036807,0.0655302950181067,128,7641,2c5db70028201cdc5d8e3de8d9d2902dbe6c2cf303ee30e9077a4e7c252d1ea7,1
intermittent_frozen_5000,titantpp_titans_mac,eval,1,26,measured,8.515291847288609e-05,0.06518574408255517,0.06527089700102806,128,6200,0141772579ea457d1bf80053f9eaceafe55993ceac956159f52aef4b65bd0e26,1
intermittent_frozen_5000,titantpp_titans_mac,eval,1,27,measured,7.941806688904762e-05,0.06525890808552504,0.06533832615241408,128,7231,046b1dae087a2bc1300c14316ce64ecf34658d8e8bd50d10409f4f11ab220c8d,1
intermittent_frozen_5000,titantpp_titans_mac,eval,1,28,measured,8.473498746752739e-05,0.06526931701228023,0.06535405199974775,128,7301,6028ecd55f1b2b875ea4d27f9dd6fa45631262e59d3638f07ab7b327da56c8e8,1
intermittent_frozen_5000,titantpp_titans_mac,eval,1,29,measured,7.895310409367085e-05,0.0653175599873066,0.06539651309140027,128,6397,1b6e96cf865e05767648898737a0495d032064c235b53a458cc302f16b2e72a6,1
intermittent_frozen_5000,titantpp_titans_mac,eval,1,30,measured,7.99759291112423e-05,0.06549253617413342,0.06557251210324466,128,6465,b0e41ecc92ac215052601b9d0c39d8c74d906e7ef5064fe38135329e8a4ba39b,1
intermittent_frozen_5000,titantpp_titans_mac,eval,1,31,measured,8.017290383577347e-05,0.06531169405207038,0.06539186695590615,128,6227,f51bc72668ba9880fffce0fce5ad72e32368529b5c83bd995ececd1242aef531,1
intermittent_frozen_5000,titantpp_titans_mac,eval,1,32,measured,7.914891466498375e-05,0.06543866312131286,0.06551781203597784,128,6547,2402587efa4c3875f6619728cdf1b2fa3e263120b8905bb115867aa32862d993,1
intermittent_frozen_5000,titantpp_titans_mac,eval,1,33,measured,8.044904097914696e-05,0.06532093696296215,0.0654013860039413,128,6654,b79d90af901d695c28f3997a4be77287676124f6e0091dd0fcdeae3fec952fdf,1
intermittent_frozen_5000,titantpp_titans_mac,eval,1,34,measured,7.9386867582798e-05,0.06533674406819046,0.06541613093577325,128,6475,505b1a2aaac4a5b3b4c0df29546ced06790f6e34b9874be24a6edf8c5a880e77,1
intermittent_frozen_5000,titantpp_titans_mac,eval,1,35,measured,7.985997945070267e-05,0.0654709308873862,0.0655507908668369,128,6824,f02e145d83882112f0d7f05ae3fc962cd96135cadff7f3fc7ec9760d7d447298,1
intermittent_frozen_5000,titantpp_titans_mac,eval,1,36,measured,7.957592606544495e-05,0.06542156985960901,0.06550114578567445,128,6447,465ff1d264daecde5e3c8c00e470c137edfb33f499c48c6d5d4418182783511b,1
intermittent_frozen_5000,titantpp_titans_mac,eval,2,0,warmup,8.993991650640965e-05,1.916320911142975,1.9164108510594815,128,6385,104400d466df3657203abe98cdea69804a88cd2e628cb3770226db661a422df1,1
intermittent_frozen_5000,titantpp_titans_mac,eval,2,1,warmup,0.00010659615509212017,0.066317138960585,0.06642373511567712,128,6665,142350e64010d61fdcc3d6b666854395441a497df15eb5b6647c94a5ce3b4b31,1
intermittent_frozen_5000,titantpp_titans_mac,eval,2,2,warmup,8.92991665750742e-05,0.06614410784095526,0.06623340700753033,128,5996,c7879ee5e18d0a30576f6f7fcf0a3b4c0c7c45d2bb59107de61bfa799685d616,1
intermittent_frozen_5000,titantpp_titans_mac,eval,2,3,warmup,9.83038917183876e-05,0.06528989900834858,0.06538820290006697,128,6746,341fe7287822acbe4ee4686f5ee7f41f7f56190160c0e0b3f834ff3b6c175e36,1
intermittent_frozen_5000,titantpp_titans_mac,eval,2,4,warmup,8.689798414707184e-05,0.06505683087743819,0.06514372886158526,128,7009,de19e7a8c6a4451d8a241e4080bb6b621273fe1dbca207494618201d8900b29e,1
intermittent_frozen_5000,titantpp_titans_mac,eval,2,5,measured,8.984701707959175e-05,0.06617413298226893,0.06626397999934852,128,6521,72e22c9c9acdc86ce96c396b5eb3d59cc23667877bf8e6b92808e7cb82d1d712,1
intermittent_frozen_5000,titantpp_titans_mac,eval,2,6,measured,8.63899476826191e-05,0.06535132299177349,0.0654377129394561,128,6709,9ac12d6ea2b957104fbd0214b1047a16b36495f2cac257ddf0eae73d7748f14a,1
intermittent_frozen_5000,titantpp_titans_mac,eval,2,7,measured,8.86889174580574e-05,0.06518330401740968,0.06527199293486774,128,6834,7819de65ae02f89f0c6cf2deb4d82eac76eab4ce52c6dde399eb80555971169f,1
intermittent_frozen_5000,titantpp_titans_mac,eval,2,8,measured,8.752499707043171e-05,0.0646576308645308,0.06474515586160123,128,6880,313daa4696434904f793646390354485f155ed0c884c553fb8d79a54921e8a85,1
intermittent_frozen_5000,titantpp_titans_mac,eval,2,9,measured,8.238712325692177e-05,0.0677084110211581,0.06779079814441502,128,7369,97da9bc80bec69a272fe483b001f0ea1889ef17f855a3bb8a960bb761af55ead,1
intermittent_frozen_5000,titantpp_titans_mac,eval,2,10,measured,9.059417061507702e-05,0.0683227269910276,0.06841332116164267,128,6582,27060e6727e7c140055b915c6d5b69b07ebecbeb4e48de64dae0f7537b185b1f,1
intermittent_frozen_5000,titantpp_titans_mac,eval,2,11,measured,8.633709512650967e-05,0.06448562094010413,0.06457195803523064,128,6925,cb6f224993c42c095c403ced75a1c54126f0a74f95e6440a0be35700e4849155,1
intermittent_frozen_5000,titantpp_titans_mac,eval,2,12,measured,9.101699106395245e-05,0.06423962698318064,0.0643306439742446,128,6432,d6d228464274fdbdcf86b9515819ea96c971f87dfdb7de8e0815ad63e65bf0f4,1
intermittent_frozen_5000,titantpp_titans_mac,eval,2,13,measured,7.960200309753418e-05,0.06433132500387728,0.06441092700697482,128,7256,4e681234d773e8e028206eed5bb8802c55981f2e54e182a6aa7a885b9b08d09d,1
intermittent_frozen_5000,titantpp_titans_mac,eval,2,14,measured,8.065602742135525e-05,0.06414332799613476,0.06422398402355611,128,7158,3004cacbb1ea9568940b1fb62285842c22859b4e930d2486f01aea0e69b43c5d,1
intermittent_frozen_5000,titantpp_titans_mac,eval,2,15,measured,7.980596274137497e-05,0.06417791522108018,0.06425772118382156,128,6596,1b24e0e76ff0b50daf53dea4b7ed6009db07584fc38c47dfe5e0df458191618f,1
intermittent_frozen_5000,titantpp_titans_mac,eval,2,16,measured,8.421903476119041e-05,0.06404010904952884,0.06412432808429003,128,7581,75178665b157044780804a9060df33404d667470d8f2e002159b75101a29687a,1
intermittent_frozen_5000,titantpp_titans_mac,eval,2,17,measured,7.828604429960251e-05,0.06396240694448352,0.06404069298878312,128,6449,b8bb60f4e03219c679c4fd095ec988d14a6c69783b8f6a547fc1af5f1a867c35,1
intermittent_frozen_5000,titantpp_titans_mac,eval,2,18,measured,7.91607890278101e-05,0.06420040200464427,0.06427956279367208,128,7098,2b38c288123e743a8127bada4e04eb264723876025dd26e27187c9045a4e7517,1
intermittent_frozen_5000,titantpp_titans_mac,eval,2,19,measured,8.667982183396816e-05,0.06404672213830054,0.0641334019601345,128,6447,ef6a157bd2d21685b96e3de01f5e8f3ed8e375e6f17d76fc1ec0f299fecd3b58,1
intermittent_frozen_5000,titantpp_titans_mac,eval,2,20,measured,7.879477925598621e-05,0.06401603505946696,0.06409482983872294,128,6209,bf230fc90225b9aa4320e6f8ac6977efe9e85c6dfaced97190deb7a37b88fbef,1
intermittent_frozen_5000,titantpp_titans_mac,eval,2,21,measured,7.950980216264725e-05,0.06410952308215201,0.06418903288431466,128,7267,cd2d2dff004fc537a1a37d6ff993efd8fc027eef153dd8c2392b2ddac69fdc80,1
intermittent_frozen_5000,titantpp_titans_mac,eval,2,22,measured,8.334405720233917e-05,0.06371063785627484,0.06379398191347718,128,7026,cfcd9403e6cdd122c8ed7321a02aadd258946895fe34913fd3999ea022b166ac,1
intermittent_frozen_5000,titantpp_titans_mac,eval,2,23,measured,8.225790224969387e-05,0.06381521001458168,0.06389746791683137,128,6691,5cf5c4c4430d837be52b256bafd90b5bc6727040138e66b6f03e66c2657ac5b0,1
intermittent_frozen_5000,titantpp_titans_mac,eval,2,24,measured,7.855216972529888e-05,0.06383622693829238,0.06391477910801768,128,6343,e46f12df663f03a31c05ff4ce7880c150ddeffdeacb053299eac7f12d26262a0,1
intermittent_frozen_5000,titantpp_titans_mac,eval,2,25,measured,8.059595711529255e-05,0.06399858184158802,0.06407917779870331,128,7641,2c5db70028201cdc5d8e3de8d9d2902dbe6c2cf303ee30e9077a4e7c252d1ea7,1
intermittent_frozen_5000,titantpp_titans_mac,eval,2,26,measured,8.27619805932045e-05,0.06400930392555892,0.06409206590615213,128,6200,0141772579ea457d1bf80053f9eaceafe55993ceac956159f52aef4b65bd0e26,1
intermittent_frozen_5000,titantpp_titans_mac,eval,2,27,measured,7.998989894986153e-05,0.06404203618876636,0.06412202608771622,128,7231,046b1dae087a2bc1300c14316ce64ecf34658d8e8bd50d10409f4f11ab220c8d,1
intermittent_frozen_5000,titantpp_titans_mac,eval,2,28,measured,8.004391565918922e-05,0.064284672960639,0.06436471687629819,128,7301,6028ecd55f1b2b875ea4d27f9dd6fa45631262e59d3638f07ab7b327da56c8e8,1
intermittent_frozen_5000,titantpp_titans_mac,eval,2,29,measured,7.932889275252819e-05,0.0640000409912318,0.06407936988398433,128,6397,1b6e96cf865e05767648898737a0495d032064c235b53a458cc302f16b2e72a6,1
intermittent_frozen_5000,titantpp_titans_mac,eval,2,30,measured,7.915101014077663e-05,0.06430809618905187,0.06438724719919264,128,6465,b0e41ecc92ac215052601b9d0c39d8c74d906e7ef5064fe38135329e8a4ba39b,1
intermittent_frozen_5000,titantpp_titans_mac,eval,2,31,measured,7.852492853999138e-05,0.06414032797329128,0.06421885290183127,128,6227,f51bc72668ba9880fffce0fce5ad72e32368529b5c83bd995ececd1242aef531,1
intermittent_frozen_5000,titantpp_titans_mac,eval,2,32,measured,7.846485823392868e-05,0.06419451511465013,0.06427297997288406,128,6547,2402587efa4c3875f6619728cdf1b2fa3e263120b8905bb115867aa32862d993,1
intermittent_frozen_5000,titantpp_titans_mac,eval,2,33,measured,7.899501360952854e-05,0.06418024585582316,0.06425924086943269,128,6654,b79d90af901d695c28f3997a4be77287676124f6e0091dd0fcdeae3fec952fdf,1
intermittent_frozen_5000,titantpp_titans_mac,eval,2,34,measured,7.982994429767132e-05,0.06419464806094766,0.06427447800524533,128,6475,505b1a2aaac4a5b3b4c0df29546ced06790f6e34b9874be24a6edf8c5a880e77,1
intermittent_frozen_5000,titantpp_titans_mac,eval,2,35,measured,7.89291225373745e-05,0.06407597195357084,0.06415490107610822,128,6824,f02e145d83882112f0d7f05ae3fc962cd96135cadff7f3fc7ec9760d7d447298,1
intermittent_frozen_5000,titantpp_titans_mac,eval,2,36,measured,7.883110083639622e-05,0.06417624396272004,0.06425507506355643,128,6447,465ff1d264daecde5e3c8c00e470c137edfb33f499c48c6d5d4418182783511b,1
intermittent_frozen_5000,titantpp_titans_mac,eval,3,0,warmup,9.133596904575825e-05,1.9500243300572038,1.9501156660262495,128,6385,104400d466df3657203abe98cdea69804a88cd2e628cb3770226db661a422df1,1
intermittent_frozen_5000,titantpp_titans_mac,eval,3,1,warmup,0.00012353179045021534,0.06757581303827465,0.06769934482872486,128,6665,142350e64010d61fdcc3d6b666854395441a497df15eb5b6647c94a5ce3b4b31,1
intermittent_frozen_5000,titantpp_titans_mac,eval,3,2,warmup,9.404518641531467e-05,0.06755832396447659,0.0676523691508919,128,5996,c7879ee5e18d0a30576f6f7fcf0a3b4c0c7c45d2bb59107de61bfa799685d616,1
intermittent_frozen_5000,titantpp_titans_mac,eval,3,3,warmup,9.21781174838543e-05,0.06629112991504371,0.06638330803252757,128,6746,341fe7287822acbe4ee4686f5ee7f41f7f56190160c0e0b3f834ff3b6c175e36,1
intermittent_frozen_5000,titantpp_titans_mac,eval,3,4,warmup,8.903793059289455e-05,0.06653090310283005,0.06661994103342295,128,7009,de19e7a8c6a4451d8a241e4080bb6b621273fe1dbca207494618201d8900b29e,1
intermittent_frozen_5000,titantpp_titans_mac,eval,3,5,measured,9.670993313193321e-05,0.06738791707903147,0.0674846270121634,128,6521,72e22c9c9acdc86ce96c396b5eb3d59cc23667877bf8e6b92808e7cb82d1d712,1
intermittent_frozen_5000,titantpp_titans_mac,eval,3,6,measured,9.14109405130148e-05,0.06637319806031883,0.06646460900083184,128,6709,9ac12d6ea2b957104fbd0214b1047a16b36495f2cac257ddf0eae73d7748f14a,1
intermittent_frozen_5000,titantpp_titans_mac,eval,3,7,measured,9.119510650634766e-05,0.06624578195624053,0.06633697706274688,128,6834,7819de65ae02f89f0c6cf2deb4d82eac76eab4ce52c6dde399eb80555971169f,1
intermittent_frozen_5000,titantpp_titans_mac,eval,3,8,measured,8.901488035917282e-05,0.06568291690200567,0.06577193178236485,128,6880,313daa4696434904f793646390354485f155ed0c884c553fb8d79a54921e8a85,1
intermittent_frozen_5000,titantpp_titans_mac,eval,3,9,measured,8.555385284125805e-05,0.07006377098150551,0.07014932483434677,128,7369,97da9bc80bec69a272fe483b001f0ea1889ef17f855a3bb8a960bb761af55ead,1
intermittent_frozen_5000,titantpp_titans_mac,eval,3,10,measured,9.094295091927052e-05,0.06816029502078891,0.06825123797170818,128,6582,27060e6727e7c140055b915c6d5b69b07ebecbeb4e48de64dae0f7537b185b1f,1
intermittent_frozen_5000,titantpp_titans_mac,eval,3,11,measured,8.723000064492226e-05,0.0653564480599016,0.06544367806054652,128,6925,cb6f224993c42c095c403ced75a1c54126f0a74f95e6440a0be35700e4849155,1
intermittent_frozen_5000,titantpp_titans_mac,eval,3,12,measured,8.725794032216072e-05,0.06551232794299722,0.06559958588331938,128,6432,d6d228464274fdbdcf86b9515819ea96c971f87dfdb7de8e0815ad63e65bf0f4,1
intermittent_frozen_5000,titantpp_titans_mac,eval,3,13,measured,7.893587462604046e-05,0.06514495005831122,0.06522388593293726,128,7256,4e681234d773e8e028206eed5bb8802c55981f2e54e182a6aa7a885b9b08d09d,1
intermittent_frozen_5000,titantpp_titans_mac,eval,3,14,measured,8.125510066747665e-05,0.06518796505406499,0.06526922015473247,128,7158,3004cacbb1ea9568940b1fb62285842c22859b4e930d2486f01aea0e69b43c5d,1
intermittent_frozen_5000,titantpp_titans_mac,eval,3,15,measured,7.982808165252209e-05,0.06524344603531063,0.06532327411696315,128,6596,1b24e0e76ff0b50daf53dea4b7ed6009db07584fc38c47dfe5e0df458191618f,1
intermittent_frozen_5000,titantpp_titans_mac,eval,3,16,measured,8.098594844341278e-05,0.06511813192628324,0.06519911787472665,128,7581,75178665b157044780804a9060df33404d667470d8f2e002159b75101a29687a,1
intermittent_frozen_5000,titantpp_titans_mac,eval,3,17,measured,8.01929272711277e-05,0.06527309096418321,0.06535328389145434,128,6449,b8bb60f4e03219c679c4fd095ec988d14a6c69783b8f6a547fc1af5f1a867c35,1
intermittent_frozen_5000,titantpp_titans_mac,eval,3,18,measured,8.058315142989159e-05,0.0651743768248707,0.0652549599763006,128,7098,2b38c288123e743a8127bada4e04eb264723876025dd26e27187c9045a4e7517,1
intermittent_frozen_5000,titantpp_titans_mac,eval,3,19,measured,7.971515879034996e-05,0.06509835598990321,0.06517807114869356,128,6447,ef6a157bd2d21685b96e3de01f5e8f3ed8e375e6f17d76fc1ec0f299fecd3b58,1
intermittent_frozen_5000,titantpp_titans_mac,eval,3,20,measured,7.892283610999584e-05,0.06517116609029472,0.06525008892640471,128,6209,bf230fc90225b9aa4320e6f8ac6977efe9e85c6dfaced97190deb7a37b88fbef,1
intermittent_frozen_5000,titantpp_titans_mac,eval,3,21,measured,7.904297672212124e-05,0.06522823520936072,0.06530727818608284,128,7267,cd2d2dff004fc537a1a37d6ff993efd8fc027eef153dd8c2392b2ddac69fdc80,1
intermittent_frozen_5000,titantpp_titans_mac,eval,3,22,measured,7.955101318657398e-05,0.0651883170939982,0.06526786810718477,128,7026,cfcd9403e6cdd122c8ed7321a02aadd258946895fe34913fd3999ea022b166ac,1
intermittent_frozen_5000,titantpp_titans_mac,eval,3,23,measured,7.969606667757034e-05,0.0652350930031389,0.06531478906981647,128,6691,5cf5c4c4430d837be52b256bafd90b5bc6727040138e66b6f03e66c2657ac5b0,1
intermittent_frozen_5000,titantpp_titans_mac,eval,3,24,measured,7.965299300849438e-05,0.06502729514613748,0.06510694813914597,128,6343,e46f12df663f03a31c05ff4ce7880c150ddeffdeacb053299eac7f12d26262a0,1
intermittent_frozen_5000,titantpp_titans_mac,eval,3,25,measured,7.98588152974844e-05,0.06510004214942455,0.06517990096472204,128,7641,2c5db70028201cdc5d8e3de8d9d2902dbe6c2cf303ee30e9077a4e7c252d1ea7,1
intermittent_frozen_5000,titantpp_titans_mac,eval,3,26,measured,8.083414286375046e-05,0.06508999783545732,0.06517083197832108,128,6200,0141772579ea457d1bf80053f9eaceafe55993ceac956159f52aef4b65bd0e26,1
intermittent_frozen_5000,titantpp_titans_mac,eval,3,27,measured,8.021201938390732e-05,0.06491883588023484,0.06499904789961874,128,7231,046b1dae087a2bc1300c14316ce64ecf34658d8e8bd50d10409f4f11ab220c8d,1
intermittent_frozen_5000,titantpp_titans_mac,eval,3,28,measured,8.740206249058247e-05,0.06518239784054458,0.06526979990303516,128,7301,6028ecd55f1b2b875ea4d27f9dd6fa45631262e59d3638f07ab7b327da56c8e8,1
intermittent_frozen_5000,titantpp_titans_mac,eval,3,29,measured,7.954984903335571e-05,0.06514782598242164,0.06522737583145499,128,6397,1b6e96cf865e05767648898737a0495d032064c235b53a458cc302f16b2e72a6,1
intermittent_frozen_5000,titantpp_titans_mac,eval,3,30,measured,8.235406130552292e-05,0.06514362595044076,0.06522598001174629,128,6465,b0e41ecc92ac215052601b9d0c39d8c74d906e7ef5064fe38135329e8a4ba39b,1
intermittent_frozen_5000,titantpp_titans_mac,eval,3,31,measured,8.215894922614098e-05,0.06512822303920984,0.06521038198843598,128,6227,f51bc72668ba9880fffce0fce5ad72e32368529b5c83bd995ececd1242aef531,1
intermittent_frozen_5000,titantpp_titans_mac,eval,3,32,measured,8.106604218482971e-05,0.06500881887041032,0.06508988491259515,128,6547,2402587efa4c3875f6619728cdf1b2fa3e263120b8905bb115867aa32862d993,1
intermittent_frozen_5000,titantpp_titans_mac,eval,3,33,measured,8.56530386954546e-05,0.06527063809335232,0.06535629113204777,128,6654,b79d90af901d695c28f3997a4be77287676124f6e0091dd0fcdeae3fec952fdf,1
intermittent_frozen_5000,titantpp_titans_mac,eval,3,34,measured,7.954705506563187e-05,0.06529438495635986,0.0653739320114255,128,6475,505b1a2aaac4a5b3b4c0df29546ced06790f6e34b9874be24a6edf8c5a880e77,1
intermittent_frozen_5000,titantpp_titans_mac,eval,3,35,measured,7.935706526041031e-05,0.06534783891402185,0.06542719597928226,128,6824,f02e145d83882112f0d7f05ae3fc962cd96135cadff7f3fc7ec9760d7d447298,1
intermittent_frozen_5000,titantpp_titans_mac,eval,3,36,measured,8.02080612629652e-05,0.06521620089188218,0.06529640895314515,128,6447,465ff1d264daecde5e3c8c00e470c137edfb33f499c48c6d5d4418182783511b,1
intermittent_frozen_5000,titantpp_titans_mac,train,1,0,warmup,9.524705819785595e-05,3.317905199015513,3.318000446073711,128,6385,104400d466df3657203abe98cdea69804a88cd2e628cb3770226db661a422df1,2
intermittent_frozen_5000,titantpp_titans_mac,train,1,1,warmup,0.00012189289554953575,0.18283181311562657,0.1829537060111761,128,6665,142350e64010d61fdcc3d6b666854395441a497df15eb5b6647c94a5ce3b4b31,2
intermittent_frozen_5000,titantpp_titans_mac,train,1,2,warmup,0.00010390579700469971,0.17930352315306664,0.17940742895007133,128,5996,c7879ee5e18d0a30576f6f7fcf0a3b4c0c7c45d2bb59107de61bfa799685d616,2
intermittent_frozen_5000,titantpp_titans_mac,train,1,3,warmup,0.00010040611959993839,0.17986345989629626,0.1799638660158962,128,6746,341fe7287822acbe4ee4686f5ee7f41f7f56190160c0e0b3f834ff3b6c175e36,2
intermittent_frozen_5000,titantpp_titans_mac,train,1,4,warmup,9.923102334141731e-05,0.18015235080383718,0.1802515818271786,128,7009,de19e7a8c6a4451d8a241e4080bb6b621273fe1dbca207494618201d8900b29e,2
intermittent_frozen_5000,titantpp_titans_mac,train,1,5,measured,0.00011592404916882515,0.17959654703736305,0.17971247108653188,128,6521,72e22c9c9acdc86ce96c396b5eb3d59cc23667877bf8e6b92808e7cb82d1d712,2
intermittent_frozen_5000,titantpp_titans_mac,train,1,6,measured,9.931391105055809e-05,0.180403073085472,0.18050238699652255,128,6709,9ac12d6ea2b957104fbd0214b1047a16b36495f2cac257ddf0eae73d7748f14a,2
intermittent_frozen_5000,titantpp_titans_mac,train,1,7,measured,9.504402987658978e-05,0.17970943404361606,0.17980447807349265,128,6834,7819de65ae02f89f0c6cf2deb4d82eac76eab4ce52c6dde399eb80555971169f,2
intermittent_frozen_5000,titantpp_titans_mac,train,1,8,measured,9.993882849812508e-05,0.179578117094934,0.1796780559234321,128,6880,313daa4696434904f793646390354485f155ed0c884c553fb8d79a54921e8a85,2
intermittent_frozen_5000,titantpp_titans_mac,train,1,9,measured,9.875092655420303e-05,0.18009049305692315,0.18018924398347735,128,7369,97da9bc80bec69a272fe483b001f0ea1889ef17f855a3bb8a960bb761af55ead,2
intermittent_frozen_5000,titantpp_titans_mac,train,1,10,measured,9.899702854454517e-05,0.18012026185169816,0.1802192588802427,128,6582,27060e6727e7c140055b915c6d5b69b07ebecbeb4e48de64dae0f7537b185b1f,2
intermittent_frozen_5000,titantpp_titans_mac,train,1,11,measured,9.847595356404781e-05,0.1802730429917574,0.18037151894532144,128,6925,cb6f224993c42c095c403ced75a1c54126f0a74f95e6440a0be35700e4849155,2
intermittent_frozen_5000,titantpp_titans_mac,train,1,12,measured,9.955908171832561e-05,0.1798762979451567,0.17997585702687502,128,6432,d6d228464274fdbdcf86b9515819ea96c971f87dfdb7de8e0815ad63e65bf0f4,2
intermittent_frozen_5000,titantpp_titans_mac,train,1,13,measured,9.754998609423637e-05,0.17946351203136146,0.1795610620174557,128,7256,4e681234d773e8e028206eed5bb8802c55981f2e54e182a6aa7a885b9b08d09d,2
intermittent_frozen_5000,titantpp_titans_mac,train,1,14,measured,0.00010549509897828102,0.1794348699040711,0.17954036500304937,128,7158,3004cacbb1ea9568940b1fb62285842c22859b4e930d2486f01aea0e69b43c5d,2
intermittent_frozen_5000,titantpp_titans_mac,train,1,15,measured,9.904289618134499e-05,0.17979501909576356,0.1798940619919449,128,6596,1b24e0e76ff0b50daf53dea4b7ed6009db07584fc38c47dfe5e0df458191618f,2
intermittent_frozen_5000,titantpp_titans_mac,train,1,16,measured,9.797210805118084e-05,0.1799252349883318,0.18002320709638298,128,7581,75178665b157044780804a9060df33404d667470d8f2e002159b75101a29687a,2
intermittent_frozen_5000,titantpp_titans_mac,train,1,17,measured,9.82009805738926e-05,0.17990127904340625,0.17999948002398014,128,6449,b8bb60f4e03219c679c4fd095ec988d14a6c69783b8f6a547fc1af5f1a867c35,2
intermittent_frozen_5000,titantpp_titans_mac,train,1,18,measured,9.886897169053555e-05,0.1804308828432113,0.18052975181490183,128,7098,2b38c288123e743a8127bada4e04eb264723876025dd26e27187c9045a4e7517,2
intermittent_frozen_5000,titantpp_titans_mac,train,1,19,measured,9.852414950728416e-05,0.1801224669907242,0.1802209911402315,128,6447,ef6a157bd2d21685b96e3de01f5e8f3ed8e375e6f17d76fc1ec0f299fecd3b58,2
intermittent_frozen_5000,titantpp_titans_mac,train,1,20,measured,9.906105697154999e-05,0.1801149419043213,0.18021400296129286,128,6209,bf230fc90225b9aa4320e6f8ac6977efe9e85c6dfaced97190deb7a37b88fbef,2
intermittent_frozen_5000,titantpp_titans_mac,train,1,21,measured,9.958283044397831e-05,0.18023221916519105,0.18033180199563503,128,7267,cd2d2dff004fc537a1a37d6ff993efd8fc027eef153dd8c2392b2ddac69fdc80,2
intermittent_frozen_5000,titantpp_titans_mac,train,1,22,measured,0.00010036095045506954,0.18033013097010553,0.1804304919205606,128,7026,cfcd9403e6cdd122c8ed7321a02aadd258946895fe34913fd3999ea022b166ac,2
intermittent_frozen_5000,titantpp_titans_mac,train,1,23,measured,9.800819680094719e-05,0.18022398091852665,0.1803219891153276,128,6691,5cf5c4c4430d837be52b256bafd90b5bc6727040138e66b6f03e66c2657ac5b0,2
intermittent_frozen_5000,titantpp_titans_mac,train,1,24,measured,9.781308472156525e-05,0.17983821593225002,0.1799360290169716,128,6343,e46f12df663f03a31c05ff4ce7880c150ddeffdeacb053299eac7f12d26262a0,2
intermittent_frozen_5000,titantpp_titans_mac,train,1,25,measured,9.606406092643738e-05,0.18000019597820938,0.1800962600391358,128,7641,2c5db70028201cdc5d8e3de8d9d2902dbe6c2cf303ee30e9077a4e7c252d1ea7,2
intermittent_frozen_5000,titantpp_titans_mac,train,1,26,measured,9.912997484207153e-05,0.18014718289487064,0.1802463128697127,128,6200,0141772579ea457d1bf80053f9eaceafe55993ceac956159f52aef4b65bd0e26,2
intermittent_frozen_5000,titantpp_titans_mac,train,1,27,measured,0.00010149180889129639,0.1801919830031693,0.1802934748120606,128,7231,046b1dae087a2bc1300c14316ce64ecf34658d8e8bd50d10409f4f11ab220c8d,2
intermittent_frozen_5000,titantpp_titans_mac,train,1,28,measured,0.00010003801435232162,0.18056468199938536,0.18066472001373768,128,7301,6028ecd55f1b2b875ea4d27f9dd6fa45631262e59d3638f07ab7b327da56c8e8,2
intermittent_frozen_5000,titantpp_titans_mac,train,1,29,measured,9.981985203921795e-05,0.18345058895647526,0.18355040880851448,128,6397,1b6e96cf865e05767648898737a0495d032064c235b53a458cc302f16b2e72a6,2
intermittent_frozen_5000,titantpp_titans_mac,train,1,30,measured,0.00010123709216713905,0.17954173404723406,0.1796429711394012,128,6465,b0e41ecc92ac215052601b9d0c39d8c74d906e7ef5064fe38135329e8a4ba39b,2
intermittent_frozen_5000,titantpp_titans_mac,train,1,31,measured,9.310385212302208e-05,0.18090916704386473,0.18100227089598775,128,6227,f51bc72668ba9880fffce0fce5ad72e32368529b5c83bd995ececd1242aef531,2
intermittent_frozen_5000,titantpp_titans_mac,train,1,32,measured,9.654811583459377e-05,0.18017370300367475,0.18027025111950934,128,6547,2402587efa4c3875f6619728cdf1b2fa3e263120b8905bb115867aa32862d993,2
intermittent_frozen_5000,titantpp_titans_mac,train,1,33,measured,0.00010519195348024368,0.1800122179556638,0.18011740990914404,128,6654,b79d90af901d695c28f3997a4be77287676124f6e0091dd0fcdeae3fec952fdf,2
intermittent_frozen_5000,titantpp_titans_mac,train,1,34,measured,9.501609019935131e-05,0.1800544960424304,0.18014951213262975,128,6475,505b1a2aaac4a5b3b4c0df29546ced06790f6e34b9874be24a6edf8c5a880e77,2
intermittent_frozen_5000,titantpp_titans_mac,train,1,35,measured,9.478908032178879e-05,0.3049258820246905,0.3050206711050123,128,6824,f02e145d83882112f0d7f05ae3fc962cd96135cadff7f3fc7ec9760d7d447298,2
intermittent_frozen_5000,titantpp_titans_mac,train,1,36,measured,0.00010088994167745113,0.17997364792972803,0.18007453787140548,128,6447,465ff1d264daecde5e3c8c00e470c137edfb33f499c48c6d5d4418182783511b,2
intermittent_frozen_5000,titantpp_titans_mac,train,2,0,warmup,8.828612044453621e-05,3.3102720538154244,3.310360339935869,128,6385,104400d466df3657203abe98cdea69804a88cd2e628cb3770226db661a422df1,2
intermittent_frozen_5000,titantpp_titans_mac,train,2,1,warmup,0.00011813314631581306,0.18173599196597934,0.18185412511229515,128,6665,142350e64010d61fdcc3d6b666854395441a497df15eb5b6647c94a5ce3b4b31,2
intermittent_frozen_5000,titantpp_titans_mac,train,2,2,warmup,9.77229792624712e-05,0.17884277901612222,0.1789405019953847,128,5996,c7879ee5e18d0a30576f6f7fcf0a3b4c0c7c45d2bb59107de61bfa799685d616,2
intermittent_frozen_5000,titantpp_titans_mac,train,2,3,warmup,0.000101523008197546,0.17895734193734825,0.1790588649455458,128,6746,341fe7287822acbe4ee4686f5ee7f41f7f56190160c0e0b3f834ff3b6c175e36,2
intermittent_frozen_5000,titantpp_titans_mac,train,2,4,warmup,9.48621891438961e-05,0.1788177159614861,0.17891257815063,128,7009,de19e7a8c6a4451d8a241e4080bb6b621273fe1dbca207494618201d8900b29e,2
intermittent_frozen_5000,titantpp_titans_mac,train,2,5,measured,9.603588841855526e-05,0.17951804003678262,0.17961407592520118,128,6521,72e22c9c9acdc86ce96c396b5eb3d59cc23667877bf8e6b92808e7cb82d1d712,2
intermittent_frozen_5000,titantpp_titans_mac,train,2,6,measured,9.640492498874664e-05,0.17935466999188066,0.1794510749168694,128,6709,9ac12d6ea2b957104fbd0214b1047a16b36495f2cac257ddf0eae73d7748f14a,2
intermittent_frozen_5000,titantpp_titans_mac,train,2,7,measured,9.708781726658344e-05,0.17888771602883935,0.17898480384610593,128,6834,7819de65ae02f89f0c6cf2deb4d82eac76eab4ce52c6dde399eb80555971169f,2
intermittent_frozen_5000,titantpp_titans_mac,train,2,8,measured,9.81469638645649e-05,0.17903707106597722,0.17913521802984178,128,6880,313daa4696434904f793646390354485f155ed0c884c553fb8d79a54921e8a85,2
intermittent_frozen_5000,titantpp_titans_mac,train,2,9,measured,9.534298442304134e-05,0.1790359690785408,0.17913131206296384,128,7369,97da9bc80bec69a272fe483b001f0ea1889ef17f855a3bb8a960bb761af55ead,2
intermittent_frozen_5000,titantpp_titans_mac,train,2,10,measured,9.606010280549526e-05,0.17940942896530032,0.17950548906810582,128,6582,27060e6727e7c140055b915c6d5b69b07ebecbeb4e48de64dae0f7537b185b1f,2
intermittent_frozen_5000,titantpp_titans_mac,train,2,11,measured,0.00010495702736079693,0.17946594511158764,0.17957090213894844,128,6925,cb6f224993c42c095c403ced75a1c54126f0a74f95e6440a0be35700e4849155,2
intermittent_frozen_5000,titantpp_titans_mac,train,2,12,measured,0.00011089514009654522,0.17898735799826682,0.17909825313836336,128,6432,d6d228464274fdbdcf86b9515819ea96c971f87dfdb7de8e0815ad63e65bf0f4,2
intermittent_frozen_5000,titantpp_titans_mac,train,2,13,measured,0.00010394304990768433,0.1788298669271171,0.1789338099770248,128,7256,4e681234d773e8e028206eed5bb8802c55981f2e54e182a6aa7a885b9b08d09d,2
intermittent_frozen_5000,titantpp_titans_mac,train,2,14,measured,9.635998867452145e-05,0.17874640901573002,0.17884276900440454,128,7158,3004cacbb1ea9568940b1fb62285842c22859b4e930d2486f01aea0e69b43c5d,2
intermittent_frozen_5000,titantpp_titans_mac,train,2,15,measured,9.520817548036575e-05,0.1788003509864211,0.17889555916190147,128,6596,1b24e0e76ff0b50daf53dea4b7ed6009db07584fc38c47dfe5e0df458191618f,2
intermittent_frozen_5000,titantpp_titans_mac,train,2,16,measured,9.585008956491947e-05,0.1791071619372815,0.1792030120268464,128,7581,75178665b157044780804a9060df33404d667470d8f2e002159b75101a29687a,2
intermittent_frozen_5000,titantpp_titans_mac,train,2,17,measured,9.691016748547554e-05,0.17929183086380363,0.1793887410312891,128,6449,b8bb60f4e03219c679c4fd095ec988d14a6c69783b8f6a547fc1af5f1a867c35,2
intermittent_frozen_5000,titantpp_titans_mac,train,2,18,measured,9.92361456155777e-05,0.17900383984670043,0.179103075992316,128,7098,2b38c288123e743a8127bada4e04eb264723876025dd26e27187c9045a4e7517,2
intermittent_frozen_5000,titantpp_titans_mac,train,2,19,measured,9.607290849089622e-05,0.17892028205096722,0.1790163549594581,128,6447,ef6a157bd2d21685b96e3de01f5e8f3ed8e375e6f17d76fc1ec0f299fecd3b58,2
intermittent_frozen_5000,titantpp_titans_mac,train,2,20,measured,9.653693996369839e-05,0.17886301293037832,0.17895954987034202,128,6209,bf230fc90225b9aa4320e6f8ac6977efe9e85c6dfaced97190deb7a37b88fbef,2
intermittent_frozen_5000,titantpp_titans_mac,train,2,21,measured,9.620306082069874e-05,0.1793140941299498,0.1794102971907705,128,7267,cd2d2dff004fc537a1a37d6ff993efd8fc027eef153dd8c2392b2ddac69fdc80,2
intermittent_frozen_5000,titantpp_titans_mac,train,2,22,measured,0.00010285596363246441,0.1795725889969617,0.17967544496059418,128,7026,cfcd9403e6cdd122c8ed7321a02aadd258946895fe34913fd3999ea022b166ac,2
intermittent_frozen_5000,titantpp_titans_mac,train,2,23,measured,9.260186925530434e-05,0.18116750102490187,0.18126010289415717,128,6691,5cf5c4c4430d837be52b256bafd90b5bc6727040138e66b6f03e66c2657ac5b0,2
intermittent_frozen_5000,titantpp_titans_mac,train,2,24,measured,9.24370251595974e-05,0.1793839510064572,0.1794763880316168,128,6343,e46f12df663f03a31c05ff4ce7880c150ddeffdeacb053299eac7f12d26262a0,2
intermittent_frozen_5000,titantpp_titans_mac,train,2,25,measured,9.46240033954382e-05,0.17903992999345064,0.17913455399684608,128,7641,2c5db70028201cdc5d8e3de8d9d2902dbe6c2cf303ee30e9077a4e7c252d1ea7,2
intermittent_frozen_5000,titantpp_titans_mac,train,2,26,measured,9.605311788618565e-05,0.17899465491063893,0.17909070802852511,128,6200,0141772579ea457d1bf80053f9eaceafe55993ceac956159f52aef4b65bd0e26,2
intermittent_frozen_5000,titantpp_titans_mac,train,2,27,measured,9.73439309746027e-05,0.1793558190111071,0.1794531629420817,128,7231,046b1dae087a2bc1300c14316ce64ecf34658d8e8bd50d10409f4f11ab220c8d,2
intermittent_frozen_5000,titantpp_titans_mac,train,2,28,measured,9.652297012507915e-05,0.17893626005388796,0.17903278302401304,128,7301,6028ecd55f1b2b875ea4d27f9dd6fa45631262e59d3638f07ab7b327da56c8e8,2
intermittent_frozen_5000,titantpp_titans_mac,train,2,29,measured,9.403401054441929e-05,0.18253239896148443,0.18262643297202885,128,6397,1b6e96cf865e05767648898737a0495d032064c235b53a458cc302f16b2e72a6,2
intermittent_frozen_5000,titantpp_titans_mac,train,2,30,measured,9.714486077427864e-05,0.17950690211728215,0.17960404697805643,128,6465,b0e41ecc92ac215052601b9d0c39d8c74d906e7ef5064fe38135329e8a4ba39b,2
intermittent_frozen_5000,titantpp_titans_mac,train,2,31,measured,9.396206587553024e-05,0.17922441312111914,0.17931837518699467,128,6227,f51bc72668ba9880fffce0fce5ad72e32368529b5c83bd995ececd1242aef531,2
intermittent_frozen_5000,titantpp_titans_mac,train,2,32,measured,9.770016185939312e-05,0.1796622418332845,0.1797599419951439,128,6547,2402587efa4c3875f6619728cdf1b2fa3e263120b8905bb115867aa32862d993,2
intermittent_frozen_5000,titantpp_titans_mac,train,2,33,measured,9.646802209317684e-05,0.17947310907766223,0.1795695770997554,128,6654,b79d90af901d695c28f3997a4be77287676124f6e0091dd0fcdeae3fec952fdf,2
intermittent_frozen_5000,titantpp_titans_mac,train,2,34,measured,0.00010312697850167751,0.17943980684503913,0.1795429338235408,128,6475,505b1a2aaac4a5b3b4c0df29546ced06790f6e34b9874be24a6edf8c5a880e77,2
intermittent_frozen_5000,titantpp_titans_mac,train,2,35,measured,9.578093886375427e-05,0.30258264392614365,0.3026784248650074,128,6824,f02e145d83882112f0d7f05ae3fc962cd96135cadff7f3fc7ec9760d7d447298,2
intermittent_frozen_5000,titantpp_titans_mac,train,2,36,measured,9.754905477166176e-05,0.1790504229720682,0.17914797202683985,128,6447,465ff1d264daecde5e3c8c00e470c137edfb33f499c48c6d5d4418182783511b,2
intermittent_frozen_5000,titantpp_titans_mac,train,3,0,warmup,9.399582631886005e-05,3.2964073901530355,3.2965013859793544,128,6385,104400d466df3657203abe98cdea69804a88cd2e628cb3770226db661a422df1,2
intermittent_frozen_5000,titantpp_titans_mac,train,3,1,warmup,0.00011880090460181236,0.18180975504219532,0.18192855594679713,128,6665,142350e64010d61fdcc3d6b666854395441a497df15eb5b6647c94a5ce3b4b31,2
intermittent_frozen_5000,titantpp_titans_mac,train,3,2,warmup,9.93961002677679e-05,0.17856827285140753,0.1786676689516753,128,5996,c7879ee5e18d0a30576f6f7fcf0a3b4c0c7c45d2bb59107de61bfa799685d616,2
intermittent_frozen_5000,titantpp_titans_mac,train,3,3,warmup,9.775697253644466e-05,0.17847426002845168,0.17857201700098813,128,6746,341fe7287822acbe4ee4686f5ee7f41f7f56190160c0e0b3f834ff3b6c175e36,2
intermittent_frozen_5000,titantpp_titans_mac,train,3,4,warmup,9.601307101547718e-05,0.1790928898844868,0.17918890295550227,128,7009,de19e7a8c6a4451d8a241e4080bb6b621273fe1dbca207494618201d8900b29e,2
intermittent_frozen_5000,titantpp_titans_mac,train,3,5,measured,9.832484647631645e-05,0.17885612114332616,0.17895444598980248,128,6521,72e22c9c9acdc86ce96c396b5eb3d59cc23667877bf8e6b92808e7cb82d1d712,2
intermittent_frozen_5000,titantpp_titans_mac,train,3,6,measured,9.37099102884531e-05,0.17917543603107333,0.17926914594136178,128,6709,9ac12d6ea2b957104fbd0214b1047a16b36495f2cac257ddf0eae73d7748f14a,2
intermittent_frozen_5000,titantpp_titans_mac,train,3,7,measured,0.00010665995068848133,0.17884512501768768,0.17895178496837616,128,6834,7819de65ae02f89f0c6cf2deb4d82eac76eab4ce52c6dde399eb80555971169f,2
intermittent_frozen_5000,titantpp_titans_mac,train,3,8,measured,9.817606769502163e-05,0.17880720389075577,0.1789053799584508,128,6880,313daa4696434904f793646390354485f155ed0c884c553fb8d79a54921e8a85,2
intermittent_frozen_5000,titantpp_titans_mac,train,3,9,measured,9.76300798356533e-05,0.17906357790343463,0.1791612079832703,128,7369,97da9bc80bec69a272fe483b001f0ea1889ef17f855a3bb8a960bb761af55ead,2
intermittent_frozen_5000,titantpp_titans_mac,train,3,10,measured,0.00010126200504601002,0.17918202700093389,0.1792832890059799,128,6582,27060e6727e7c140055b915c6d5b69b07ebecbeb4e48de64dae0f7537b185b1f,2
intermittent_frozen_5000,titantpp_titans_mac,train,3,11,measured,9.553390555083752e-05,0.17888609692454338,0.17898163083009422,128,6925,cb6f224993c42c095c403ced75a1c54126f0a74f95e6440a0be35700e4849155,2
intermittent_frozen_5000,titantpp_titans_mac,train,3,12,measured,9.624892845749855e-05,0.17890064604580402,0.17899689497426152,128,6432,d6d228464274fdbdcf86b9515819ea96c971f87dfdb7de8e0815ad63e65bf0f4,2
intermittent_frozen_5000,titantpp_titans_mac,train,3,13,measured,9.403214789927006e-05,0.17898741899989545,0.17908145114779472,128,7256,4e681234d773e8e028206eed5bb8802c55981f2e54e182a6aa7a885b9b08d09d,2
intermittent_frozen_5000,titantpp_titans_mac,train,3,14,measured,9.645288810133934e-05,0.17853430402465165,0.17863075691275299,128,7158,3004cacbb1ea9568940b1fb62285842c22859b4e930d2486f01aea0e69b43c5d,2
intermittent_frozen_5000,titantpp_titans_mac,train,3,15,measured,9.515509009361267e-05,0.1790488490369171,0.1791440041270107,128,6596,1b24e0e76ff0b50daf53dea4b7ed6009db07584fc38c47dfe5e0df458191618f,2
intermittent_frozen_5000,titantpp_titans_mac,train,3,16,measured,9.58731397986412e-05,0.17878605891019106,0.1788819320499897,128,7581,75178665b157044780804a9060df33404d667470d8f2e002159b75101a29687a,2
intermittent_frozen_5000,titantpp_titans_mac,train,3,17,measured,9.637512266635895e-05,0.1786106340587139,0.17870700918138027,128,6449,b8bb60f4e03219c679c4fd095ec988d14a6c69783b8f6a547fc1af5f1a867c35,2
intermittent_frozen_5000,titantpp_titans_mac,train,3,18,measured,9.543006308376789e-05,0.17887972900643945,0.17897515906952322,128,7098,2b38c288123e743a8127bada4e04eb264723876025dd26e27187c9045a4e7517,2
intermittent_frozen_5000,titantpp_titans_mac,train,3,19,measured,9.484891779720783e-05,0.17872190894559026,0.17881675786338747,128,6447,ef6a157bd2d21685b96e3de01f5e8f3ed8e375e6f17d76fc1ec0f299fecd3b58,2
intermittent_frozen_5000,titantpp_titans_mac,train,3,20,measured,0.00010743597522377968,0.1785752889700234,0.17868272494524717,128,6209,bf230fc90225b9aa4320e6f8ac6977efe9e85c6dfaced97190deb7a37b88fbef,2
intermittent_frozen_5000,titantpp_titans_mac,train,3,21,measured,9.563216008245945e-05,0.17896572081372142,0.17906135297380388,128,7267,cd2d2dff004fc537a1a37d6ff993efd8fc027eef153dd8c2392b2ddac69fdc80,2
intermittent_frozen_5000,titantpp_titans_mac,train,3,22,measured,9.712786413729191e-05,0.17874322109855711,0.1788403489626944,128,7026,cfcd9403e6cdd122c8ed7321a02aadd258946895fe34913fd3999ea022b166ac,2
intermittent_frozen_5000,titantpp_titans_mac,train,3,23,measured,9.578396566212177e-05,0.1785378661006689,0.17863365006633103,128,6691,5cf5c4c4430d837be52b256bafd90b5bc6727040138e66b6f03e66c2657ac5b0,2
intermittent_frozen_5000,titantpp_titans_mac,train,3,24,measured,9.626802057027817e-05,0.17919699591584504,0.17929326393641531,128,6343,e46f12df663f03a31c05ff4ce7880c150ddeffdeacb053299eac7f12d26262a0,2
intermittent_frozen_5000,titantpp_titans_mac,train,3,25,measured,9.495904669165611e-05,0.17921701702289283,0.1793119760695845,128,7641,2c5db70028201cdc5d8e3de8d9d2902dbe6c2cf303ee30e9077a4e7c252d1ea7,2
intermittent_frozen_5000,titantpp_titans_mac,train,3,26,measured,9.715091437101364e-05,0.18045690096914768,0.1805540518835187,128,6200,0141772579ea457d1bf80053f9eaceafe55993ceac956159f52aef4b65bd0e26,2
intermittent_frozen_5000,titantpp_titans_mac,train,3,27,measured,0.00011110515333712101,0.18189579993486404,0.18200690508820117,128,7231,046b1dae087a2bc1300c14316ce64ecf34658d8e8bd50d10409f4f11ab220c8d,2
intermittent_frozen_5000,titantpp_titans_mac,train,3,28,measured,9.77558083832264e-05,0.17991052800789475,0.18000828381627798,128,7301,6028ecd55f1b2b875ea4d27f9dd6fa45631262e59d3638f07ab7b327da56c8e8,2
intermittent_frozen_5000,titantpp_titans_mac,train,3,29,measured,9.981892071664333e-05,0.1833031619898975,0.18340298091061413,128,6397,1b6e96cf865e05767648898737a0495d032064c235b53a458cc302f16b2e72a6,2
intermittent_frozen_5000,titantpp_titans_mac,train,3,30,measured,9.828992187976837e-05,0.18039351585321128,0.18049180577509105,128,6465,b0e41ecc92ac215052601b9d0c39d8c74d906e7ef5064fe38135329e8a4ba39b,2
intermittent_frozen_5000,titantpp_titans_mac,train,3,31,measured,9.775091893970966e-05,0.1805533969309181,0.1806511478498578,128,6227,f51bc72668ba9880fffce0fce5ad72e32368529b5c83bd995ececd1242aef531,2
intermittent_frozen_5000,titantpp_titans_mac,train,3,32,measured,9.850086644291878e-05,0.18002717103809118,0.1801256719045341,128,6547,2402587efa4c3875f6619728cdf1b2fa3e263120b8905bb115867aa32862d993,2
intermittent_frozen_5000,titantpp_titans_mac,train,3,33,measured,0.00010027782991528511,0.1794757000170648,0.1795759778469801,128,6654,b79d90af901d695c28f3997a4be77287676124f6e0091dd0fcdeae3fec952fdf,2
intermittent_frozen_5000,titantpp_titans_mac,train,3,34,measured,9.572994895279408e-05,0.17984767816960812,0.1799434081185609,128,6475,505b1a2aaac4a5b3b4c0df29546ced06790f6e34b9874be24a6edf8c5a880e77,2
intermittent_frozen_5000,titantpp_titans_mac,train,3,35,measured,0.00010371790267527103,0.30374262598343194,0.3038463438861072,128,6824,f02e145d83882112f0d7f05ae3fc962cd96135cadff7f3fc7ec9760d7d447298,2
intermittent_frozen_5000,titantpp_titans_mac,train,3,36,measured,0.00010399008169770241,0.17946504894644022,0.17956903902813792,128,6447,465ff1d264daecde5e3c8c00e470c137edfb33f499c48c6d5d4418182783511b,2
yellow_trip_hourly,titantpp_history_mlp,eval,1,0,warmup,7.889699190855026e-05,0.483730411157012,0.48380930814892054,128,13977,5e260d8f05dc28d7e34f53217d3bf3090aa30d708eccd4a8c4c5b2c86c0a5972,0
yellow_trip_hourly,titantpp_history_mlp,eval,1,1,warmup,0.00010247505269944668,0.00838185683824122,0.008484331890940666,128,14144,e309e195bdb8c8a10e8e06f781e7544a6e3d05c1d89756bc5067741b21d816a3,0
yellow_trip_hourly,titantpp_history_mlp,eval,1,2,warmup,0.0002486270386725664,0.008513160981237888,0.008761788019910455,128,15705,e391613da587d10860975f1e240a8d31f9cce7ac8aa3b20a26a9747e7b782161,0
yellow_trip_hourly,titantpp_history_mlp,eval,1,3,warmup,8.329004049301147e-05,0.007770698983222246,0.007853989023715258,128,14205,d12a3e5494f4d70b6a92076393939ab706395b41570cef6ab6dbd78bc781ca5b,0
yellow_trip_hourly,titantpp_history_mlp,eval,1,4,warmup,8.228118531405926e-05,0.007734971819445491,0.00781725300475955,128,14135,1937b883f0dc35c3f2bc3050c8ca85b4b83e33623fbfadf50777021d33b42302,0
yellow_trip_hourly,titantpp_history_mlp,eval,1,5,measured,8.202297613024712e-05,0.007640243042260408,0.0077222660183906555,128,14690,3f2863bd360d15d6fb88b8c8600c6c692c355a2cd8d485f8def4a46ec6d5f31f,0
yellow_trip_hourly,titantpp_history_mlp,eval,1,6,measured,7.946393452584743e-05,0.007581419078633189,0.007660883013159037,128,14297,817abd4bc1e349311e5b5848e200d05c5d1fa01cf909277fe75b74114192ecd3,0
yellow_trip_hourly,titantpp_history_mlp,eval,1,7,measured,7.891911081969738e-05,0.0076378448866307735,0.007716763997450471,128,15420,719ce0af83e91323021fb94a0f6217f313351fed6b05f96e6b47955b8107f780,0
yellow_trip_hourly,titantpp_history_mlp,eval,1,8,measured,7.819500751793385e-05,0.007611169014126062,0.007689364021643996,128,14362,0a5f54b8e29697e6a5a9208ad319054eea17ca56736bbb144ca4d5d70f1e8ae3,0
yellow_trip_hourly,titantpp_history_mlp,eval,1,9,measured,7.697520777583122e-05,0.007650913903489709,0.00772788911126554,128,14683,fa945155a02977d16a40e5e29bb8d2b7a7c2c0c4728c7cefe7a61d86a9ec2e4f,0
yellow_trip_hourly,titantpp_history_mlp,eval,1,10,measured,7.74639192968607e-05,0.007641996955499053,0.007719460874795914,128,13848,3e64823c7037d0a6a7e22660b813fca340fb322388a1a6525612fe2b19b2ccf6,0
yellow_trip_hourly,titantpp_history_mlp,eval,1,11,measured,7.820106111466885e-05,0.007655537920072675,0.007733738981187344,128,14841,ad373e73d5b75fa1904c772267f0d37686f2b03ebd8648364bb9cc62e46c3359,0
yellow_trip_hourly,titantpp_history_mlp,eval,1,12,measured,7.894099690020084e-05,0.007660127943381667,0.007739068940281868,128,14376,860527ab6b92857948b15e727baa5f5c4cd329f26b5cc41bd181aee7f1ce2458,0
yellow_trip_hourly,titantpp_history_mlp,eval,1,13,measured,7.882900536060333e-05,0.007646925048902631,0.007725754054263234,128,13293,f034681ed9db8045db7b7afc9adb8a27d1a81a68eb9ef3366ff6c0a129c593bc,0
yellow_trip_hourly,titantpp_history_mlp,eval,1,14,measured,8.149398490786552e-05,0.00762599497102201,0.007707488955929875,128,14416,b322c2cbb92fb40928fe573ae01318a30f5971ab995ccd1538d90538d7a985fc,0
yellow_trip_hourly,titantpp_history_mlp,eval,1,15,measured,8.068210445344448e-05,0.007536893943324685,0.00761757604777813,128,13520,2d1f1cc3de8f916fa193099c1f88b3a02c735cbb746de702eae34cb2b530c114,0
yellow_trip_hourly,titantpp_history_mlp,eval,1,16,measured,7.843086495995522e-05,0.00762049900367856,0.0076989298686385155,128,15470,f755634af42b1d309b486a2ebd72bc53567ee2785fb82884c778bd71bd45c732,0
yellow_trip_hourly,titantpp_history_mlp,eval,1,17,measured,7.876311428844929e-05,0.007588062901049852,0.007666826015338302,128,13486,2207dd205bb567ed78fc4e059e722fcd3b79825586145bf853adc7f674046289,0
yellow_trip_hourly,titantpp_history_mlp,eval,1,18,measured,7.798895239830017e-05,0.007628164021298289,0.0077061529736965895,128,13472,41f647c7b26ac5a2e1dbfea7003cd8ca50a514dca712ae2ddd66483bc762a871,0
yellow_trip_hourly,titantpp_history_mlp,eval,1,19,measured,7.761805318295956e-05,0.008399037877097726,0.008476655930280685,128,14697,9222578893d191711dfb3a4ef546dba8bdd3ca1c35e9260eb5bf8151cb9eca4c,0
yellow_trip_hourly,titantpp_history_mlp,eval,1,20,measured,8.027791045606136e-05,0.007641958072781563,0.007722235983237624,128,13993,28610eab1d9b3653dd81c5f41d121818be630abec573bdac3a6324bbbd9a33c1,0
yellow_trip_hourly,titantpp_history_mlp,eval,1,21,measured,7.889186963438988e-05,0.007625223137438297,0.007704115007072687,128,13850,bf4bd84a6bb9dcb8a91c42cd228751b76b64840a0d8c991fe7c201285f97a59f,0
yellow_trip_hourly,titantpp_history_mlp,eval,1,22,measured,8.403207175433636e-05,0.007562963990494609,0.007646996062248945,128,14500,8ee3771c5602ff8d7338f1f7f87bed89d4d323948de3641c57beef4309e6ee11,0
yellow_trip_hourly,titantpp_history_mlp,eval,1,23,measured,8.270004764199257e-05,0.00763225881382823,0.0077149588614702225,128,14978,50bda321195da6f720cdee88f767be4544b24974e040005f4cc228fb3603f4eb,0
yellow_trip_hourly,titantpp_history_mlp,eval,1,24,measured,7.888209074735641e-05,0.007627492072060704,0.007706374162808061,128,14842,a2451a9a177d67d9fe751ca99d5b41b434217623d1633ec8aa0e017d35d72f1f,0
yellow_trip_hourly,titantpp_history_mlp,eval,1,25,measured,7.854495197534561e-05,0.007625011960044503,0.007703556912019849,128,12947,2232a9ccf6bba87fd3439991d26416e47291cf496ccdcf02d696594474c66732,0
yellow_trip_hourly,titantpp_history_mlp,eval,1,26,measured,7.706508040428162e-05,0.007625058060511947,0.007702123140916228,128,13671,4b9f858bdb4ba789e469646b7fe89c0cd72fdeea3f1a38c581b4d91b803e3381,0
yellow_trip_hourly,titantpp_history_mlp,eval,1,27,measured,7.871584966778755e-05,0.007615562994033098,0.007694278843700886,128,14060,2ca81ebead2c50419249862446d3e92055929c68c6362fedc40347a6f2ac0a7d,0
yellow_trip_hourly,titantpp_history_mlp,eval,1,28,measured,7.839617319405079e-05,0.007618828909471631,0.007697225082665682,128,14271,a0a4d35ae43ba87a0bfba964196bdac335e28a0622abf8880c4258ec3f13a8ee,0
yellow_trip_hourly,titantpp_history_mlp,eval,1,29,measured,7.789512164890766e-05,0.00761782587505877,0.007695720996707678,128,14118,87b39d84cd9a47e25ea730d88c2bbcd8f8fa2578f4bd0f5eef02f67c76194211,0
yellow_trip_hourly,titantpp_history_mlp,eval,1,30,measured,8.333008736371994e-05,0.007630641106516123,0.007713971193879843,128,14718,1d023564b8dad874ab1c6c4c14bfb8affbc44d070aea48a455b941b223383022,0
yellow_trip_hourly,titantpp_history_mlp,eval,1,31,measured,8.17510299384594e-05,0.00761314295232296,0.007694893982261419,128,14063,3165c71d502b49f4edd0dfd7bc6f74116e938deb197d19c7d5c4d551d8ef659a,0
yellow_trip_hourly,titantpp_history_mlp,eval,1,32,measured,7.919291965663433e-05,0.00763573101721704,0.007714923936873674,128,14234,0b5c37e868e26b679d8a672ccdf8e4a61ee937f18c98e603aba6ac27b2a14e63,0
yellow_trip_hourly,titantpp_history_mlp,eval,1,33,measured,7.830513641238213e-05,0.007623024983331561,0.007701330119743943,128,14533,1c42614d2a9587c75b525c9dc45d4678e3f9234b65aa5a9da0a845e516f029df,0
yellow_trip_hourly,titantpp_history_mlp,eval,1,34,measured,7.884087972342968e-05,0.007633469067513943,0.007712309947237372,128,14210,fb50b4b7eb9672c011951e5c4bbfb51954b2056807661094adda672d18419e6d,0
yellow_trip_hourly,titantpp_history_mlp,eval,1,35,measured,7.791304960846901e-05,0.007646969985216856,0.007724883034825325,128,13367,e9c3b6d30e3d954af383522f969b45458bae229dfdb3851d8d619eed076b79d3,0
yellow_trip_hourly,titantpp_history_mlp,eval,1,36,measured,7.851398549973965e-05,0.0076311929151415825,0.007709706900641322,128,14080,986c3d430f243d00702c30babb992f14a864515e5da4b8f5e216a75b7ffc04b7,0
yellow_trip_hourly,titantpp_history_mlp,eval,2,0,warmup,8.52351076900959e-05,0.4844487998634577,0.4845340349711478,128,13977,5e260d8f05dc28d7e34f53217d3bf3090aa30d708eccd4a8c4c5b2c86c0a5972,0
yellow_trip_hourly,titantpp_history_mlp,eval,2,1,warmup,0.00010218587704002857,0.008322339039295912,0.00842452491633594,128,14144,e309e195bdb8c8a10e8e06f781e7544a6e3d05c1d89756bc5067741b21d816a3,0
yellow_trip_hourly,titantpp_history_mlp,eval,2,2,warmup,0.00023466115817427635,0.008538882015272975,0.008773543173447251,128,15705,e391613da587d10860975f1e240a8d31f9cce7ac8aa3b20a26a9747e7b782161,0
yellow_trip_hourly,titantpp_history_mlp,eval,2,3,warmup,9.742402471601963e-05,0.007725789910182357,0.007823213934898376,128,14205,d12a3e5494f4d70b6a92076393939ab706395b41570cef6ab6dbd78bc781ca5b,0
yellow_trip_hourly,titantpp_history_mlp,eval,2,4,warmup,9.092502295970917e-05,0.00775210396386683,0.007843028986826539,128,14135,1937b883f0dc35c3f2bc3050c8ca85b4b83e33623fbfadf50777021d33b42302,0
yellow_trip_hourly,titantpp_history_mlp,eval,2,5,measured,8.097803220152855e-05,0.007682994939386845,0.007763972971588373,128,14690,3f2863bd360d15d6fb88b8c8600c6c692c355a2cd8d485f8def4a46ec6d5f31f,0
yellow_trip_hourly,titantpp_history_mlp,eval,2,6,measured,7.901201024651527e-05,0.007604045094922185,0.0076830571051687,128,14297,817abd4bc1e349311e5b5848e200d05c5d1fa01cf909277fe75b74114192ecd3,0
yellow_trip_hourly,titantpp_history_mlp,eval,2,7,measured,8.354499004781246e-05,0.007637607865035534,0.007721152855083346,128,15420,719ce0af83e91323021fb94a0f6217f313351fed6b05f96e6b47955b8107f780,0
yellow_trip_hourly,titantpp_history_mlp,eval,2,8,measured,7.806112989783287e-05,0.007643938064575195,0.007721999194473028,128,14362,0a5f54b8e29697e6a5a9208ad319054eea17ca56736bbb144ca4d5d70f1e8ae3,0
yellow_trip_hourly,titantpp_history_mlp,eval,2,9,measured,7.772096432745457e-05,0.007651947904378176,0.00772966886870563,128,14683,fa945155a02977d16a40e5e29bb8d2b7a7c2c0c4728c7cefe7a61d86a9ec2e4f,0
yellow_trip_hourly,titantpp_history_mlp,eval,2,10,measured,7.801991887390614e-05,0.007647503167390823,0.0077255230862647295,128,13848,3e64823c7037d0a6a7e22660b813fca340fb322388a1a6525612fe2b19b2ccf6,0
yellow_trip_hourly,titantpp_history_mlp,eval,2,11,measured,8.472590707242489e-05,0.007669295184314251,0.007754021091386676,128,14841,ad373e73d5b75fa1904c772267f0d37686f2b03ebd8648364bb9cc62e46c3359,0
yellow_trip_hourly,titantpp_history_mlp,eval,2,12,measured,8.003995753824711e-05,0.007636157097294927,0.007716197054833174,128,14376,860527ab6b92857948b15e727baa5f5c4cd329f26b5cc41bd181aee7f1ce2458,0
yellow_trip_hourly,titantpp_history_mlp,eval,2,13,measured,7.906300015747547e-05,0.007637202041223645,0.007716265041381121,128,13293,f034681ed9db8045db7b7afc9adb8a27d1a81a68eb9ef3366ff6c0a129c593bc,0
yellow_trip_hourly,titantpp_history_mlp,eval,2,14,measured,8.045393042266369e-05,0.007638328010216355,0.007718781940639019,128,14416,b322c2cbb92fb40928fe573ae01318a30f5971ab995ccd1538d90538d7a985fc,0
yellow_trip_hourly,titantpp_history_mlp,eval,2,15,measured,7.951189763844013e-05,0.007534075062721968,0.007613586960360408,128,13520,2d1f1cc3de8f916fa193099c1f88b3a02c735cbb746de702eae34cb2b530c114,0
yellow_trip_hourly,titantpp_history_mlp,eval,2,16,measured,8.476409129798412e-05,0.007626383099704981,0.007711147191002965,128,15470,f755634af42b1d309b486a2ebd72bc53567ee2785fb82884c778bd71bd45c732,0
yellow_trip_hourly,titantpp_history_mlp,eval,2,17,measured,8.056988008320332e-05,0.0076325139962136745,0.007713083876296878,128,13486,2207dd205bb567ed78fc4e059e722fcd3b79825586145bf853adc7f674046289,0
yellow_trip_hourly,titantpp_history_mlp,eval,2,18,measured,7.837405428290367e-05,0.007643646094948053,0.007722020149230957,128,13472,41f647c7b26ac5a2e1dbfea7003cd8ca50a514dca712ae2ddd66483bc762a871,0
yellow_trip_hourly,titantpp_history_mlp,eval,2,19,measured,7.820781320333481e-05,0.008382844040170312,0.008461051853373647,128,14697,9222578893d191711dfb3a4ef546dba8bdd3ca1c35e9260eb5bf8151cb9eca4c,0
yellow_trip_hourly,titantpp_history_mlp,eval,2,20,measured,7.814797572791576e-05,0.0076549360528588295,0.007733084028586745,128,13993,28610eab1d9b3653dd81c5f41d121818be630abec573bdac3a6324bbbd9a33c1,0
yellow_trip_hourly,titantpp_history_mlp,eval,2,21,measured,7.843691855669022e-05,0.007669189944863319,0.00774762686342001,128,13850,bf4bd84a6bb9dcb8a91c42cd228751b76b64840a0d8c991fe7c201285f97a59f,0
yellow_trip_hourly,titantpp_history_mlp,eval,2,22,measured,7.962505333125591e-05,0.007558488054201007,0.007638113107532263,128,14500,8ee3771c5602ff8d7338f1f7f87bed89d4d323948de3641c57beef4309e6ee11,0
yellow_trip_hourly,titantpp_history_mlp,eval,2,23,measured,8.373591117560863e-05,0.0076472030486911535,0.007730938959866762,128,14978,50bda321195da6f720cdee88f767be4544b24974e040005f4cc228fb3603f4eb,0
yellow_trip_hourly,titantpp_history_mlp,eval,2,24,measured,7.931608706712723e-05,0.0076417329255491495,0.007721049012616277,128,14842,a2451a9a177d67d9fe751ca99d5b41b434217623d1633ec8aa0e017d35d72f1f,0
yellow_trip_hourly,titantpp_history_mlp,eval,2,25,measured,7.834890857338905e-05,0.007629100000485778,0.007707448909059167,128,12947,2232a9ccf6bba87fd3439991d26416e47291cf496ccdcf02d696594474c66732,0
yellow_trip_hourly,titantpp_history_mlp,eval,2,26,measured,7.859990000724792e-05,0.007677509216591716,0.007756109116598964,128,13671,4b9f858bdb4ba789e469646b7fe89c0cd72fdeea3f1a38c581b4d91b803e3381,0
yellow_trip_hourly,titantpp_history_mlp,eval,2,27,measured,7.955706678330898e-05,0.007695114938542247,0.007774672005325556,128,14060,2ca81ebead2c50419249862446d3e92055929c68c6362fedc40347a6f2ac0a7d,0
yellow_trip_hourly,titantpp_history_mlp,eval,2,28,measured,7.951888255774975e-05,0.007638073060661554,0.007717591943219304,128,14271,a0a4d35ae43ba87a0bfba964196bdac335e28a0622abf8880c4258ec3f13a8ee,0
yellow_trip_hourly,titantpp_history_mlp,eval,2,29,measured,7.911515422165394e-05,0.007639311021193862,0.007718426175415516,128,14118,87b39d84cd9a47e25ea730d88c2bbcd8f8fa2578f4bd0f5eef02f67c76194211,0
yellow_trip_hourly,titantpp_history_mlp,eval,2,30,measured,7.912679575383663e-05,0.0076600301545113325,0.007739156950265169,128,14718,1d023564b8dad874ab1c6c4c14bfb8affbc44d070aea48a455b941b223383022,0
yellow_trip_hourly,titantpp_history_mlp,eval,2,31,measured,7.713283412158489e-05,0.00763360015116632,0.007710732985287905,128,14063,3165c71d502b49f4edd0dfd7bc6f74116e938deb197d19c7d5c4d551d8ef659a,0
yellow_trip_hourly,titantpp_history_mlp,eval,2,32,measured,7.858593016862869e-05,0.007631299085915089,0.007709885016083717,128,14234,0b5c37e868e26b679d8a672ccdf8e4a61ee937f18c98e603aba6ac27b2a14e63,0
yellow_trip_hourly,titantpp_history_mlp,eval,2,33,measured,8.176802657544613e-05,0.007642888929694891,0.007724656956270337,128,14533,1c42614d2a9587c75b525c9dc45d4678e3f9234b65aa5a9da0a845e516f029df,0
yellow_trip_hourly,titantpp_history_mlp,eval,2,34,measured,7.941806688904762e-05,0.007637707982212305,0.007717126049101353,128,14210,fb50b4b7eb9672c011951e5c4bbfb51954b2056807661094adda672d18419e6d,0
yellow_trip_hourly,titantpp_history_mlp,eval,2,35,measured,7.854588329792023e-05,0.0076559002045542,0.00773444608785212,128,13367,e9c3b6d30e3d954af383522f969b45458bae229dfdb3851d8d619eed076b79d3,0
yellow_trip_hourly,titantpp_history_mlp,eval,2,36,measured,7.704691961407661e-05,0.007647121092304587,0.007724168011918664,128,14080,986c3d430f243d00702c30babb992f14a864515e5da4b8f5e216a75b7ffc04b7,0
yellow_trip_hourly,titantpp_history_mlp,eval,3,0,warmup,7.99759291112423e-05,0.4832923011854291,0.48337227711454034,128,13977,5e260d8f05dc28d7e34f53217d3bf3090aa30d708eccd4a8c4c5b2c86c0a5972,0
yellow_trip_hourly,titantpp_history_mlp,eval,3,1,warmup,0.00010602991096675396,0.008340001106262207,0.008446031017228961,128,14144,e309e195bdb8c8a10e8e06f781e7544a6e3d05c1d89756bc5067741b21d816a3,0
yellow_trip_hourly,titantpp_history_mlp,eval,3,2,warmup,0.00011993013322353363,0.007830125978216529,0.007950056111440063,128,15705,e391613da587d10860975f1e240a8d31f9cce7ac8aa3b20a26a9747e7b782161,0
yellow_trip_hourly,titantpp_history_mlp,eval,3,3,warmup,7.812585681676865e-05,0.007664347067475319,0.0077424729242920876,128,14205,d12a3e5494f4d70b6a92076393939ab706395b41570cef6ab6dbd78bc781ca5b,0
yellow_trip_hourly,titantpp_history_mlp,eval,3,4,warmup,9.641307406127453e-05,0.007666914025321603,0.007763327099382877,128,14135,1937b883f0dc35c3f2bc3050c8ca85b4b83e33623fbfadf50777021d33b42302,0
yellow_trip_hourly,titantpp_history_mlp,eval,3,5,measured,8.389796130359173e-05,0.00763889099471271,0.007722788956016302,128,14690,3f2863bd360d15d6fb88b8c8600c6c692c355a2cd8d485f8def4a46ec6d5f31f,0
yellow_trip_hourly,titantpp_history_mlp,eval,3,6,measured,7.951096631586552e-05,0.007576700998470187,0.007656211964786053,128,14297,817abd4bc1e349311e5b5848e200d05c5d1fa01cf909277fe75b74114192ecd3,0
yellow_trip_hourly,titantpp_history_mlp,eval,3,7,measured,8.043716661632061e-05,0.007636627880856395,0.007717065047472715,128,15420,719ce0af83e91323021fb94a0f6217f313351fed6b05f96e6b47955b8107f780,0
yellow_trip_hourly,titantpp_history_mlp,eval,3,8,measured,8.279504254460335e-05,0.00765027804300189,0.0077330730855464935,128,14362,0a5f54b8e29697e6a5a9208ad319054eea17ca56736bbb144ca4d5d70f1e8ae3,0
yellow_trip_hourly,titantpp_history_mlp,eval,3,9,measured,7.853587158024311e-05,0.007636229041963816,0.007714764913544059,128,14683,fa945155a02977d16a40e5e29bb8d2b7a7c2c0c4728c7cefe7a61d86a9ec2e4f,0
yellow_trip_hourly,titantpp_history_mlp,eval,3,10,measured,7.973797619342804e-05,0.007625208934769034,0.007704946910962462,128,13848,3e64823c7037d0a6a7e22660b813fca340fb322388a1a6525612fe2b19b2ccf6,0
yellow_trip_hourly,titantpp_history_mlp,eval,3,11,measured,8.038990199565887e-05,0.007645463105291128,0.007725853007286787,128,14841,ad373e73d5b75fa1904c772267f0d37686f2b03ebd8648364bb9cc62e46c3359,0
yellow_trip_hourly,titantpp_history_mlp,eval,3,12,measured,7.800012826919556e-05,0.007615942042320967,0.007693942170590162,128,14376,860527ab6b92857948b15e727baa5f5c4cd329f26b5cc41bd181aee7f1ce2458,0
yellow_trip_hourly,titantpp_history_mlp,eval,3,13,measured,7.985299453139305e-05,0.007619363022968173,0.007699216017499566,128,13293,f034681ed9db8045db7b7afc9adb8a27d1a81a68eb9ef3366ff6c0a129c593bc,0
yellow_trip_hourly,titantpp_history_mlp,eval,3,14,measured,7.840502075850964e-05,0.007603885838761926,0.007682290859520435,128,14416,b322c2cbb92fb40928fe573ae01318a30f5971ab995ccd1538d90538d7a985fc,0
yellow_trip_hourly,titantpp_history_mlp,eval,3,15,measured,7.952493615448475e-05,0.007574985036626458,0.007654509972780943,128,13520,2d1f1cc3de8f916fa193099c1f88b3a02c735cbb746de702eae34cb2b530c114,0
yellow_trip_hourly,titantpp_history_mlp,eval,3,16,measured,8.387211710214615e-05,0.007610702887177467,0.0076945750042796135,128,15470,f755634af42b1d309b486a2ebd72bc53567ee2785fb82884c778bd71bd45c732,0
yellow_trip_hourly,titantpp_history_mlp,eval,3,17,measured,7.852003909647465e-05,0.0075873269233852625,0.007665846962481737,128,13486,2207dd205bb567ed78fc4e059e722fcd3b79825586145bf853adc7f674046289,0
yellow_trip_hourly,titantpp_history_mlp,eval,3,18,measured,8.039502426981926e-05,0.007638436043635011,0.00771883106790483,128,13472,41f647c7b26ac5a2e1dbfea7003cd8ca50a514dca712ae2ddd66483bc762a871,0
yellow_trip_hourly,titantpp_history_mlp,eval,3,19,measured,7.904996164143085e-05,0.00844063307158649,0.00851968303322792,128,14697,9222578893d191711dfb3a4ef546dba8bdd3ca1c35e9260eb5bf8151cb9eca4c,0
yellow_trip_hourly,titantpp_history_mlp,eval,3,20,measured,8.000084199011326e-05,0.00761863705702126,0.0076986378990113735,128,13993,28610eab1d9b3653dd81c5f41d121818be630abec573bdac3a6324bbbd9a33c1,0
yellow_trip_hourly,titantpp_history_mlp,eval,3,21,measured,7.896893657743931e-05,0.007634731940925121,0.007713700877502561,128,13850,bf4bd84a6bb9dcb8a91c42cd228751b76b64840a0d8c991fe7c201285f97a59f,0
yellow_trip_hourly,titantpp_history_mlp,eval,3,22,measured,8.005206473171711e-05,0.007552996976301074,0.007633049041032791,128,14500,8ee3771c5602ff8d7338f1f7f87bed89d4d323948de3641c57beef4309e6ee11,0
yellow_trip_hourly,titantpp_history_mlp,eval,3,23,measured,7.838313467800617e-05,0.007627348881214857,0.007705732015892863,128,14978,50bda321195da6f720cdee88f767be4544b24974e040005f4cc228fb3603f4eb,0
yellow_trip_hourly,titantpp_history_mlp,eval,3,24,measured,7.841107435524464e-05,0.007630540989339352,0.007708952063694596,128,14842,a2451a9a177d67d9fe751ca99d5b41b434217623d1633ec8aa0e017d35d72f1f,0
yellow_trip_hourly,titantpp_history_mlp,eval,3,25,measured,7.784389890730381e-05,0.00763431703671813,0.007712160935625434,128,12947,2232a9ccf6bba87fd3439991d26416e47291cf496ccdcf02d696594474c66732,0
yellow_trip_hourly,titantpp_history_mlp,eval,3,26,measured,7.896800525486469e-05,0.007617977913469076,0.007696945918723941,128,13671,4b9f858bdb4ba789e469646b7fe89c0cd72fdeea3f1a38c581b4d91b803e3381,0
yellow_trip_hourly,titantpp_history_mlp,eval,3,27,measured,7.764296606183052e-05,0.00762849603779614,0.00770613900385797,128,14060,2ca81ebead2c50419249862446d3e92055929c68c6362fedc40347a6f2ac0a7d,0
yellow_trip_hourly,titantpp_history_mlp,eval,3,28,measured,7.920409552752972e-05,0.007628327002748847,0.007707531098276377,128,14271,a0a4d35ae43ba87a0bfba964196bdac335e28a0622abf8880c4258ec3f13a8ee,0
yellow_trip_hourly,titantpp_history_mlp,eval,3,29,measured,7.798499427735806e-05,0.007618841016665101,0.007696826010942459,128,14118,87b39d84cd9a47e25ea730d88c2bbcd8f8fa2578f4bd0f5eef02f67c76194211,0
yellow_trip_hourly,titantpp_history_mlp,eval,3,30,measured,7.982412353157997e-05,0.007609572960063815,0.007689397083595395,128,14718,1d023564b8dad874ab1c6c4c14bfb8affbc44d070aea48a455b941b223383022,0
yellow_trip_hourly,titantpp_history_mlp,eval,3,31,measured,8.398503996431828e-05,0.007632508175447583,0.0077164932154119015,128,14063,3165c71d502b49f4edd0dfd7bc6f74116e938deb197d19c7d5c4d551d8ef659a,0
yellow_trip_hourly,titantpp_history_mlp,eval,3,32,measured,7.896893657743931e-05,0.0076154901180416346,0.007694459054619074,128,14234,0b5c37e868e26b679d8a672ccdf8e4a61ee937f18c98e603aba6ac27b2a14e63,0
yellow_trip_hourly,titantpp_history_mlp,eval,3,33,measured,7.707788608968258e-05,0.007626421982422471,0.007703499868512154,128,14533,1c42614d2a9587c75b525c9dc45d4678e3f9234b65aa5a9da0a845e516f029df,0
yellow_trip_hourly,titantpp_history_mlp,eval,3,34,measured,7.797707803547382e-05,0.007650210987776518,0.007728188065811992,128,14210,fb50b4b7eb9672c011951e5c4bbfb51954b2056807661094adda672d18419e6d,0
yellow_trip_hourly,titantpp_history_mlp,eval,3,35,measured,7.741409353911877e-05,0.007624231046065688,0.007701645139604807,128,13367,e9c3b6d30e3d954af383522f969b45458bae229dfdb3851d8d619eed076b79d3,0
yellow_trip_hourly,titantpp_history_mlp,eval,3,36,measured,7.869512774050236e-05,0.007627927931025624,0.007706623058766127,128,14080,986c3d430f243d00702c30babb992f14a864515e5da4b8f5e216a75b7ffc04b7,0
yellow_trip_hourly,titantpp_history_mlp,train,1,0,warmup,8.237292058765888e-05,1.0539251181762666,1.0540074910968542,128,13977,5e260d8f05dc28d7e34f53217d3bf3090aa30d708eccd4a8c4c5b2c86c0a5972,0
yellow_trip_hourly,titantpp_history_mlp,train,1,1,warmup,0.00010295002721250057,0.03266624314710498,0.03276919317431748,128,14144,e309e195bdb8c8a10e8e06f781e7544a6e3d05c1d89756bc5067741b21d816a3,0
yellow_trip_hourly,titantpp_history_mlp,train,1,2,warmup,8.42479057610035e-05,0.03156430507078767,0.03164855297654867,128,15705,e391613da587d10860975f1e240a8d31f9cce7ac8aa3b20a26a9747e7b782161,0
yellow_trip_hourly,titantpp_history_mlp,train,1,3,warmup,8.39869026094675e-05,0.03155340999364853,0.031637396896258,128,14205,d12a3e5494f4d70b6a92076393939ab706395b41570cef6ab6dbd78bc781ca5b,0
yellow_trip_hourly,titantpp_history_mlp,train,1,4,warmup,8.289702236652374e-05,0.031538649927824736,0.03162154695019126,128,14135,1937b883f0dc35c3f2bc3050c8ca85b4b83e33623fbfadf50777021d33b42302,0
yellow_trip_hourly,titantpp_history_mlp,train,1,5,measured,8.838903158903122e-05,0.03153579495847225,0.03162418399006128,128,14690,3f2863bd360d15d6fb88b8c8600c6c692c355a2cd8d485f8def4a46ec6d5f31f,0
yellow_trip_hourly,titantpp_history_mlp,train,1,6,measured,8.313893340528011e-05,0.031515632988885045,0.031598771922290325,128,14297,817abd4bc1e349311e5b5848e200d05c5d1fa01cf909277fe75b74114192ecd3,0
yellow_trip_hourly,titantpp_history_mlp,train,1,7,measured,9.353202767670155e-05,0.03153421590104699,0.03162774792872369,128,15420,719ce0af83e91323021fb94a0f6217f313351fed6b05f96e6b47955b8107f780,0
yellow_trip_hourly,titantpp_history_mlp,train,1,8,measured,8.201296441257e-05,0.03155373805202544,0.03163575101643801,128,14362,0a5f54b8e29697e6a5a9208ad319054eea17ca56736bbb144ca4d5d70f1e8ae3,0
yellow_trip_hourly,titantpp_history_mlp,train,1,9,measured,8.247699588537216e-05,0.03208164218813181,0.03216411918401718,128,14683,fa945155a02977d16a40e5e29bb8d2b7a7c2c0c4728c7cefe7a61d86a9ec2e4f,0
yellow_trip_hourly,titantpp_history_mlp,train,1,10,measured,8.271820843219757e-05,0.03202828485518694,0.03211100306361914,128,13848,3e64823c7037d0a6a7e22660b813fca340fb322388a1a6525612fe2b19b2ccf6,0
yellow_trip_hourly,titantpp_history_mlp,train,1,11,measured,8.279411122202873e-05,0.031833223067224026,0.031916017178446054,128,14841,ad373e73d5b75fa1904c772267f0d37686f2b03ebd8648364bb9cc62e46c3359,0
yellow_trip_hourly,titantpp_history_mlp,train,1,12,measured,8.231797255575657e-05,0.03184399986639619,0.031926317838951945,128,14376,860527ab6b92857948b15e727baa5f5c4cd329f26b5cc41bd181aee7f1ce2458,0
yellow_trip_hourly,titantpp_history_mlp,train,1,13,measured,8.332496508955956e-05,0.03184171603061259,0.03192504099570215,128,13293,f034681ed9db8045db7b7afc9adb8a27d1a81a68eb9ef3366ff6c0a129c593bc,0
yellow_trip_hourly,titantpp_history_mlp,train,1,14,measured,8.12190119177103e-05,0.03178533515892923,0.03186655417084694,128,14416,b322c2cbb92fb40928fe573ae01318a30f5971ab995ccd1538d90538d7a985fc,0
yellow_trip_hourly,titantpp_history_mlp,train,1,15,measured,8.343299850821495e-05,0.03181833284907043,0.031901765847578645,128,13520,2d1f1cc3de8f916fa193099c1f88b3a02c735cbb746de702eae34cb2b530c114,0
yellow_trip_hourly,titantpp_history_mlp,train,1,16,measured,8.540204726159573e-05,0.03176813689060509,0.03185353893786669,128,15470,f755634af42b1d309b486a2ebd72bc53567ee2785fb82884c778bd71bd45c732,0
yellow_trip_hourly,titantpp_history_mlp,train,1,17,measured,8.387304842472076e-05,0.03179984400048852,0.03188371704891324,128,13486,2207dd205bb567ed78fc4e059e722fcd3b79825586145bf853adc7f674046289,0
yellow_trip_hourly,titantpp_history_mlp,train,1,18,measured,8.262507617473602e-05,0.031792812049388885,0.03187543712556362,128,13472,41f647c7b26ac5a2e1dbfea7003cd8ca50a514dca712ae2ddd66483bc762a871,0
yellow_trip_hourly,titantpp_history_mlp,train,1,19,measured,8.142204023897648e-05,0.031961821019649506,0.03204324305988848,128,14697,9222578893d191711dfb3a4ef546dba8bdd3ca1c35e9260eb5bf8151cb9eca4c,0
yellow_trip_hourly,titantpp_history_mlp,train,1,20,measured,8.054403588175774e-05,0.03145903907716274,0.0315395831130445,128,13993,28610eab1d9b3653dd81c5f41d121818be630abec573bdac3a6324bbbd9a33c1,0
yellow_trip_hourly,titantpp_history_mlp,train,1,21,measured,8.190819062292576e-05,0.031508239917457104,0.03159014810808003,128,13850,bf4bd84a6bb9dcb8a91c42cd228751b76b64840a0d8c991fe7c201285f97a59f,0
yellow_trip_hourly,titantpp_history_mlp,train,1,22,measured,8.310889825224876e-05,0.031504871090874076,0.031587979989126325,128,14500,8ee3771c5602ff8d7338f1f7f87bed89d4d323948de3641c57beef4309e6ee11,0
yellow_trip_hourly,titantpp_history_mlp,train,1,23,measured,9.138905443251133e-05,0.0314588809851557,0.03155027003958821,128,14978,50bda321195da6f720cdee88f767be4544b24974e040005f4cc228fb3603f4eb,0
yellow_trip_hourly,titantpp_history_mlp,train,1,24,measured,8.147605694830418e-05,0.03149368893355131,0.031575164990499616,128,14842,a2451a9a177d67d9fe751ca99d5b41b434217623d1633ec8aa0e017d35d72f1f,0
yellow_trip_hourly,titantpp_history_mlp,train,1,25,measured,8.198479190468788e-05,0.03153613209724426,0.03161811688914895,128,12947,2232a9ccf6bba87fd3439991d26416e47291cf496ccdcf02d696594474c66732,0
yellow_trip_hourly,titantpp_history_mlp,train,1,26,measured,8.34660604596138e-05,0.03150130808353424,0.031584774143993855,128,13671,4b9f858bdb4ba789e469646b7fe89c0cd72fdeea3f1a38c581b4d91b803e3381,0
yellow_trip_hourly,titantpp_history_mlp,train,1,27,measured,8.109910413622856e-05,0.03146989387460053,0.03155099297873676,128,14060,2ca81ebead2c50419249862446d3e92055929c68c6362fedc40347a6f2ac0a7d,0
yellow_trip_hourly,titantpp_history_mlp,train,1,28,measured,8.135801181197166e-05,0.03133206977508962,0.03141342778690159,128,14271,a0a4d35ae43ba87a0bfba964196bdac335e28a0622abf8880c4258ec3f13a8ee,0
yellow_trip_hourly,titantpp_history_mlp,train,1,29,measured,8.236593566834927e-05,0.031237059039995074,0.031319424975663424,128,14118,87b39d84cd9a47e25ea730d88c2bbcd8f8fa2578f4bd0f5eef02f67c76194211,0
yellow_trip_hourly,titantpp_history_mlp,train,1,30,measured,8.212192915380001e-05,0.03144621895626187,0.03152834088541567,128,14718,1d023564b8dad874ab1c6c4c14bfb8affbc44d070aea48a455b941b223383022,0
yellow_trip_hourly,titantpp_history_mlp,train,1,31,measured,8.127791807055473e-05,0.03126248996704817,0.03134376788511872,128,14063,3165c71d502b49f4edd0dfd7bc6f74116e938deb197d19c7d5c4d551d8ef659a,0
yellow_trip_hourly,titantpp_history_mlp,train,1,32,measured,8.130189962685108e-05,0.0312721231020987,0.031353425001725554,128,14234,0b5c37e868e26b679d8a672ccdf8e4a61ee937f18c98e603aba6ac27b2a14e63,0
yellow_trip_hourly,titantpp_history_mlp,train,1,33,measured,8.086813613772392e-05,0.03147081192582846,0.03155168006196618,128,14533,1c42614d2a9587c75b525c9dc45d4678e3f9234b65aa5a9da0a845e516f029df,0
yellow_trip_hourly,titantpp_history_mlp,train,1,34,measured,8.05871095508337e-05,0.03130794200114906,0.03138852911069989,128,14210,fb50b4b7eb9672c011951e5c4bbfb51954b2056807661094adda672d18419e6d,0
yellow_trip_hourly,titantpp_history_mlp,train,1,35,measured,8.226302452385426e-05,0.03133464395068586,0.03141690697520971,128,13367,e9c3b6d30e3d954af383522f969b45458bae229dfdb3851d8d619eed076b79d3,0
yellow_trip_hourly,titantpp_history_mlp,train,1,36,measured,8.105509914457798e-05,0.0317395708989352,0.03182062599807978,128,14080,986c3d430f243d00702c30babb992f14a864515e5da4b8f5e216a75b7ffc04b7,0
yellow_trip_hourly,titantpp_history_mlp,train,2,0,warmup,8.427700959146023e-05,0.6008879679720849,0.6009722449816763,128,13977,5e260d8f05dc28d7e34f53217d3bf3090aa30d708eccd4a8c4c5b2c86c0a5972,0
yellow_trip_hourly,titantpp_history_mlp,train,2,1,warmup,0.000106004998087883,0.03266879403963685,0.03277479903772473,128,14144,e309e195bdb8c8a10e8e06f781e7544a6e3d05c1d89756bc5067741b21d816a3,0
yellow_trip_hourly,titantpp_history_mlp,train,2,2,warmup,9.987805970013142e-05,0.03153238305822015,0.03163226111792028,128,15705,e391613da587d10860975f1e240a8d31f9cce7ac8aa3b20a26a9747e7b782161,0
yellow_trip_hourly,titantpp_history_mlp,train,2,3,warmup,8.354801684617996e-05,0.03151284018531442,0.0315963882021606,128,14205,d12a3e5494f4d70b6a92076393939ab706395b41570cef6ab6dbd78bc781ca5b,0
yellow_trip_hourly,titantpp_history_mlp,train,2,4,warmup,8.194008842110634e-05,0.03153054998256266,0.03161249007098377,128,14135,1937b883f0dc35c3f2bc3050c8ca85b4b83e33623fbfadf50777021d33b42302,0
yellow_trip_hourly,titantpp_history_mlp,train,2,5,measured,8.816784247756004e-05,0.03147454094141722,0.03156270878389478,128,14690,3f2863bd360d15d6fb88b8c8600c6c692c355a2cd8d485f8def4a46ec6d5f31f,0
yellow_trip_hourly,titantpp_history_mlp,train,2,6,measured,8.231401443481445e-05,0.03150946693494916,0.031591780949383974,128,14297,817abd4bc1e349311e5b5848e200d05c5d1fa01cf909277fe75b74114192ecd3,0
yellow_trip_hourly,titantpp_history_mlp,train,2,7,measured,8.37820116430521e-05,0.031475016847252846,0.0315587988588959,128,15420,719ce0af83e91323021fb94a0f6217f313351fed6b05f96e6b47955b8107f780,0
yellow_trip_hourly,titantpp_history_mlp,train,2,8,measured,8.232099935412407e-05,0.03149181394837797,0.03157413494773209,128,14362,0a5f54b8e29697e6a5a9208ad319054eea17ca56736bbb144ca4d5d70f1e8ae3,0
yellow_trip_hourly,titantpp_history_mlp,train,2,9,measured,8.912011981010437e-05,0.03201891202479601,0.03210803214460611,128,14683,fa945155a02977d16a40e5e29bb8d2b7a7c2c0c4728c7cefe7a61d86a9ec2e4f,0
yellow_trip_hourly,titantpp_history_mlp,train,2,10,measured,8.078385144472122e-05,0.032011009054258466,0.03209179290570319,128,13848,3e64823c7037d0a6a7e22660b813fca340fb322388a1a6525612fe2b19b2ccf6,0
yellow_trip_hourly,titantpp_history_mlp,train,2,11,measured,8.149002678692341e-05,0.031813720939680934,0.03189521096646786,128,14841,ad373e73d5b75fa1904c772267f0d37686f2b03ebd8648364bb9cc62e46c3359,0
yellow_trip_hourly,titantpp_history_mlp,train,2,12,measured,7.850583642721176e-05,0.03187122102826834,0.03194972686469555,128,14376,860527ab6b92857948b15e727baa5f5c4cd329f26b5cc41bd181aee7f1ce2458,0
yellow_trip_hourly,titantpp_history_mlp,train,2,13,measured,7.910816930234432e-05,0.03140672203153372,0.03148583020083606,128,13293,f034681ed9db8045db7b7afc9adb8a27d1a81a68eb9ef3366ff6c0a129c593bc,0
yellow_trip_hourly,titantpp_history_mlp,train,2,14,measured,7.777404971420765e-05,0.03129912703298032,0.03137690108269453,128,14416,b322c2cbb92fb40928fe573ae01318a30f5971ab995ccd1538d90538d7a985fc,0
yellow_trip_hourly,titantpp_history_mlp,train,2,15,measured,7.691187784075737e-05,0.03132403898052871,0.03140095085836947,128,13520,2d1f1cc3de8f916fa193099c1f88b3a02c735cbb746de702eae34cb2b530c114,0
yellow_trip_hourly,titantpp_history_mlp,train,2,16,measured,7.785600610077381e-05,0.031290206126868725,0.0313680621329695,128,15470,f755634af42b1d309b486a2ebd72bc53567ee2785fb82884c778bd71bd45c732,0
yellow_trip_hourly,titantpp_history_mlp,train,2,17,measured,7.853400893509388e-05,0.03132730000652373,0.03140583401545882,128,13486,2207dd205bb567ed78fc4e059e722fcd3b79825586145bf853adc7f674046289,0
yellow_trip_hourly,titantpp_history_mlp,train,2,18,measured,7.678219117224216e-05,0.031333011807873845,0.03140979399904609,128,13472,41f647c7b26ac5a2e1dbfea7003cd8ca50a514dca712ae2ddd66483bc762a871,0
yellow_trip_hourly,titantpp_history_mlp,train,2,19,measured,8.302298374474049e-05,0.03161137201823294,0.03169439500197768,128,14697,9222578893d191711dfb3a4ef546dba8bdd3ca1c35e9260eb5bf8151cb9eca4c,0
yellow_trip_hourly,titantpp_history_mlp,train,2,20,measured,8.153310045599937e-05,0.031115132849663496,0.031196665950119495,128,13993,28610eab1d9b3653dd81c5f41d121818be630abec573bdac3a6324bbbd9a33c1,0
yellow_trip_hourly,titantpp_history_mlp,train,2,21,measured,8.283695206046104e-05,0.031155859120190144,0.031238696072250605,128,13850,bf4bd84a6bb9dcb8a91c42cd228751b76b64840a0d8c991fe7c201285f97a59f,0
yellow_trip_hourly,titantpp_history_mlp,train,2,22,measured,8.179782889783382e-05,0.031141506042331457,0.03122330387122929,128,14500,8ee3771c5602ff8d7338f1f7f87bed89d4d323948de3641c57beef4309e6ee11,0
yellow_trip_hourly,titantpp_history_mlp,train,2,23,measured,8.050096221268177e-05,0.031167306005954742,0.031247806968167424,128,14978,50bda321195da6f720cdee88f767be4544b24974e040005f4cc228fb3603f4eb,0
yellow_trip_hourly,titantpp_history_mlp,train,2,24,measured,8.083297871053219e-05,0.031194064998999238,0.03127489797770977,128,14842,a2451a9a177d67d9fe751ca99d5b41b434217623d1633ec8aa0e017d35d72f1f,0
yellow_trip_hourly,titantpp_history_mlp,train,2,25,measured,8.565094321966171e-05,0.031223261961713433,0.031308912904933095,128,12947,2232a9ccf6bba87fd3439991d26416e47291cf496ccdcf02d696594474c66732,0
yellow_trip_hourly,titantpp_history_mlp,train,2,26,measured,8.17989930510521e-05,0.03135121800005436,0.03143301699310541,128,13671,4b9f858bdb4ba789e469646b7fe89c0cd72fdeea3f1a38c581b4d91b803e3381,0
yellow_trip_hourly,titantpp_history_mlp,train,2,27,measured,8.762488141655922e-05,0.031331876991316676,0.031419501872733235,128,14060,2ca81ebead2c50419249862446d3e92055929c68c6362fedc40347a6f2ac0a7d,0
yellow_trip_hourly,titantpp_history_mlp,train,2,28,measured,9.121489711105824e-05,0.031175621086731553,0.03126683598384261,128,14271,a0a4d35ae43ba87a0bfba964196bdac335e28a0622abf8880c4258ec3f13a8ee,0
yellow_trip_hourly,titantpp_history_mlp,train,2,29,measured,8.254800923168659e-05,0.0311270400416106,0.031209588050842285,128,14118,87b39d84cd9a47e25ea730d88c2bbcd8f8fa2578f4bd0f5eef02f67c76194211,0
yellow_trip_hourly,titantpp_history_mlp,train,2,30,measured,8.072704076766968e-05,0.031311952974647284,0.03139268001541495,128,14718,1d023564b8dad874ab1c6c4c14bfb8affbc44d070aea48a455b941b223383022,0
yellow_trip_hourly,titantpp_history_mlp,train,2,31,measured,8.102809078991413e-05,0.031127552967518568,0.031208581058308482,128,14063,3165c71d502b49f4edd0dfd7bc6f74116e938deb197d19c7d5c4d551d8ef659a,0
yellow_trip_hourly,titantpp_history_mlp,train,2,32,measured,8.141901344060898e-05,0.03132246993482113,0.03140388894826174,128,14234,0b5c37e868e26b679d8a672ccdf8e4a61ee937f18c98e603aba6ac27b2a14e63,0
yellow_trip_hourly,titantpp_history_mlp,train,2,33,measured,8.125090971589088e-05,0.0314618821721524,0.03154313308186829,128,14533,1c42614d2a9587c75b525c9dc45d4678e3f9234b65aa5a9da0a845e516f029df,0
yellow_trip_hourly,titantpp_history_mlp,train,2,34,measured,8.047395385801792e-05,0.031285810051485896,0.031366284005343914,128,14210,fb50b4b7eb9672c011951e5c4bbfb51954b2056807661094adda672d18419e6d,0
yellow_trip_hourly,titantpp_history_mlp,train,2,35,measured,8.271890692412853e-05,0.031235327944159508,0.031318046851083636,128,13367,e9c3b6d30e3d954af383522f969b45458bae229dfdb3851d8d619eed076b79d3,0
yellow_trip_hourly,titantpp_history_mlp,train,2,36,measured,9.416183456778526e-05,0.03171650203876197,0.03181066387332976,128,14080,986c3d430f243d00702c30babb992f14a864515e5da4b8f5e216a75b7ffc04b7,0
yellow_trip_hourly,titantpp_history_mlp,train,3,0,warmup,8.476688526570797e-05,0.5971253849565983,0.597210151841864,128,13977,5e260d8f05dc28d7e34f53217d3bf3090aa30d708eccd4a8c4c5b2c86c0a5972,0
yellow_trip_hourly,titantpp_history_mlp,train,3,1,warmup,0.00010541197843849659,0.032611154951155186,0.03271656692959368,128,14144,e309e195bdb8c8a10e8e06f781e7544a6e3d05c1d89756bc5067741b21d816a3,0
yellow_trip_hourly,titantpp_history_mlp,train,3,2,warmup,8.434499613940716e-05,0.03153340797871351,0.03161775297485292,128,15705,e391613da587d10860975f1e240a8d31f9cce7ac8aa3b20a26a9747e7b782161,0
yellow_trip_hourly,titantpp_history_mlp,train,3,3,warmup,9.199697524309158e-05,0.031505130929872394,0.031597127905115485,128,14205,d12a3e5494f4d70b6a92076393939ab706395b41570cef6ab6dbd78bc781ca5b,0
yellow_trip_hourly,titantpp_history_mlp,train,3,4,warmup,9.661703370511532e-05,0.031546551967039704,0.03164316900074482,128,14135,1937b883f0dc35c3f2bc3050c8ca85b4b83e33623fbfadf50777021d33b42302,0
yellow_trip_hourly,titantpp_history_mlp,train,3,5,measured,8.936808444559574e-05,0.031491200905293226,0.03158056898973882,128,14690,3f2863bd360d15d6fb88b8c8600c6c692c355a2cd8d485f8def4a46ec6d5f31f,0
yellow_trip_hourly,titantpp_history_mlp,train,3,6,measured,8.27680341899395e-05,0.03149448987096548,0.03157725790515542,128,14297,817abd4bc1e349311e5b5848e200d05c5d1fa01cf909277fe75b74114192ecd3,0
yellow_trip_hourly,titantpp_history_mlp,train,3,7,measured,8.299481123685837e-05,0.03154730820097029,0.03163030301220715,128,15420,719ce0af83e91323021fb94a0f6217f313351fed6b05f96e6b47955b8107f780,0
yellow_trip_hourly,titantpp_history_mlp,train,3,8,measured,8.295010775327682e-05,0.031518762931227684,0.03160171303898096,128,14362,0a5f54b8e29697e6a5a9208ad319054eea17ca56736bbb144ca4d5d70f1e8ae3,0
yellow_trip_hourly,titantpp_history_mlp,train,3,9,measured,8.380995132029057e-05,0.03204419696703553,0.03212800691835582,128,14683,fa945155a02977d16a40e5e29bb8d2b7a7c2c0c4728c7cefe7a61d86a9ec2e4f,0
yellow_trip_hourly,titantpp_history_mlp,train,3,10,measured,8.060294203460217e-05,0.031979893101379275,0.03206049604341388,128,13848,3e64823c7037d0a6a7e22660b813fca340fb322388a1a6525612fe2b19b2ccf6,0
yellow_trip_hourly,titantpp_history_mlp,train,3,11,measured,8.251890540122986e-05,0.03181633888743818,0.03189885779283941,128,14841,ad373e73d5b75fa1904c772267f0d37686f2b03ebd8648364bb9cc62e46c3359,0
yellow_trip_hourly,titantpp_history_mlp,train,3,12,measured,8.407398127019405e-05,0.031805811915546656,0.03188988589681685,128,14376,860527ab6b92857948b15e727baa5f5c4cd329f26b5cc41bd181aee7f1ce2458,0
yellow_trip_hourly,titantpp_history_mlp,train,3,13,measured,8.26539471745491e-05,0.031754468102008104,0.03183712204918265,128,13293,f034681ed9db8045db7b7afc9adb8a27d1a81a68eb9ef3366ff6c0a129c593bc,0
yellow_trip_hourly,titantpp_history_mlp,train,3,14,measured,8.101388812065125e-05,0.03176291496492922,0.031843928853049874,128,14416,b322c2cbb92fb40928fe573ae01318a30f5971ab995ccd1538d90538d7a985fc,0
yellow_trip_hourly,titantpp_history_mlp,train,3,15,measured,8.252798579633236e-05,0.031769653083756566,0.0318521810695529,128,13520,2d1f1cc3de8f916fa193099c1f88b3a02c735cbb746de702eae34cb2b530c114,0
yellow_trip_hourly,titantpp_history_mlp,train,3,16,measured,8.016708306968212e-05,0.031782534904778004,0.031862701987847686,128,15470,f755634af42b1d309b486a2ebd72bc53567ee2785fb82884c778bd71bd45c732,0
yellow_trip_hourly,titantpp_history_mlp,train,3,17,measured,8.356384932994843e-05,0.03182894107885659,0.031912504928186536,128,13486,2207dd205bb567ed78fc4e059e722fcd3b79825586145bf853adc7f674046289,0
yellow_trip_hourly,titantpp_history_mlp,train,3,18,measured,7.905298843979836e-05,0.03178807580843568,0.03186712879687548,128,13472,41f647c7b26ac5a2e1dbfea7003cd8ca50a514dca712ae2ddd66483bc762a871,0
yellow_trip_hourly,titantpp_history_mlp,train,3,19,measured,8.624093607068062e-05,0.03196450415998697,0.03205074509605765,128,14697,9222578893d191711dfb3a4ef546dba8bdd3ca1c35e9260eb5bf8151cb9eca4c,0
yellow_trip_hourly,titantpp_history_mlp,train,3,20,measured,8.221715688705444e-05,0.031397143844515085,0.03147936100140214,128,13993,28610eab1d9b3653dd81c5f41d121818be630abec573bdac3a6324bbbd9a33c1,0
yellow_trip_hourly,titantpp_history_mlp,train,3,21,measured,8.512893691658974e-05,0.03145051607862115,0.03153564501553774,128,13850,bf4bd84a6bb9dcb8a91c42cd228751b76b64840a0d8c991fe7c201285f97a59f,0
yellow_trip_hourly,titantpp_history_mlp,train,3,22,measured,8.20730347186327e-05,0.031477101147174835,0.03155917418189347,128,14500,8ee3771c5602ff8d7338f1f7f87bed89d4d323948de3641c57beef4309e6ee11,0
yellow_trip_hourly,titantpp_history_mlp,train,3,23,measured,8.298782631754875e-05,0.03145491913892329,0.031537906965240836,128,14978,50bda321195da6f720cdee88f767be4544b24974e040005f4cc228fb3603f4eb,0
yellow_trip_hourly,titantpp_history_mlp,train,3,24,measured,8.062110282480717e-05,0.03148819599300623,0.03156881709583104,128,14842,a2451a9a177d67d9fe751ca99d5b41b434217623d1633ec8aa0e017d35d72f1f,0
yellow_trip_hourly,titantpp_history_mlp,train,3,25,measured,8.368794806301594e-05,0.031455811113119125,0.03153949906118214,128,12947,2232a9ccf6bba87fd3439991d26416e47291cf496ccdcf02d696594474c66732,0
yellow_trip_hourly,titantpp_history_mlp,train,3,26,measured,8.084578439593315e-05,0.031432543182745576,0.03151338896714151,128,13671,4b9f858bdb4ba789e469646b7fe89c0cd72fdeea3f1a38c581b4d91b803e3381,0
yellow_trip_hourly,titantpp_history_mlp,train,3,27,measured,9.23799816519022e-05,0.031459336169064045,0.03155171615071595,128,14060,2ca81ebead2c50419249862446d3e92055929c68c6362fedc40347a6f2ac0a7d,0
yellow_trip_hourly,titantpp_history_mlp,train,3,28,measured,8.006719872355461e-05,0.03132135281339288,0.03140142001211643,128,14271,a0a4d35ae43ba87a0bfba964196bdac335e28a0622abf8880c4258ec3f13a8ee,0
yellow_trip_hourly,titantpp_history_mlp,train,3,29,measured,8.223997429013252e-05,0.03126148320734501,0.03134372318163514,128,14118,87b39d84cd9a47e25ea730d88c2bbcd8f8fa2578f4bd0f5eef02f67c76194211,0
yellow_trip_hourly,titantpp_history_mlp,train,3,30,measured,9.990204125642776e-05,0.03143984405323863,0.03153974609449506,128,14718,1d023564b8dad874ab1c6c4c14bfb8affbc44d070aea48a455b941b223383022,0
yellow_trip_hourly,titantpp_history_mlp,train,3,31,measured,8.254195563495159e-05,0.031286700861528516,0.03136924281716347,128,14063,3165c71d502b49f4edd0dfd7bc6f74116e938deb197d19c7d5c4d551d8ef659a,0
yellow_trip_hourly,titantpp_history_mlp,train,3,32,measured,8.06350726634264e-05,0.03129283990710974,0.031373474979773164,128,14234,0b5c37e868e26b679d8a672ccdf8e4a61ee937f18c98e603aba6ac27b2a14e63,0
yellow_trip_hourly,titantpp_history_mlp,train,3,33,measured,8.09510238468647e-05,0.031454272801056504,0.03153522382490337,128,14533,1c42614d2a9587c75b525c9dc45d4678e3f9234b65aa5a9da0a845e516f029df,0
yellow_trip_hourly,titantpp_history_mlp,train,3,34,measured,7.981620728969574e-05,0.03128559282049537,0.03136540902778506,128,14210,fb50b4b7eb9672c011951e5c4bbfb51954b2056807661094adda672d18419e6d,0
yellow_trip_hourly,titantpp_history_mlp,train,3,35,measured,9.185913950204849e-05,0.03125706501305103,0.03134892415255308,128,13367,e9c3b6d30e3d954af383522f969b45458bae229dfdb3851d8d619eed076b79d3,0
yellow_trip_hourly,titantpp_history_mlp,train,3,36,measured,8.05780291557312e-05,0.031688247108832,0.03176882513798773,128,14080,986c3d430f243d00702c30babb992f14a864515e5da4b8f5e216a75b7ffc04b7,0
yellow_trip_hourly,titantpp_titans_mac,eval,1,0,warmup,8.530099876224995e-05,10.744098501978442,10.744183802977204,128,13977,5e260d8f05dc28d7e34f53217d3bf3090aa30d708eccd4a8c4c5b2c86c0a5972,1
yellow_trip_hourly,titantpp_titans_mac,eval,1,1,warmup,0.00011208397336304188,0.06633617798797786,0.0664482619613409,128,14144,e309e195bdb8c8a10e8e06f781e7544a6e3d05c1d89756bc5067741b21d816a3,1
yellow_trip_hourly,titantpp_titans_mac,eval,1,2,warmup,8.117710240185261e-05,0.06439207796938717,0.06447325507178903,128,15705,e391613da587d10860975f1e240a8d31f9cce7ac8aa3b20a26a9747e7b782161,1
yellow_trip_hourly,titantpp_titans_mac,eval,1,3,warmup,7.945485413074493e-05,0.06461601913906634,0.06469547399319708,128,14205,d12a3e5494f4d70b6a92076393939ab706395b41570cef6ab6dbd78bc781ca5b,1
yellow_trip_hourly,titantpp_titans_mac,eval,1,4,warmup,8.021295070648193e-05,0.06444254098460078,0.06452275393530726,128,14135,1937b883f0dc35c3f2bc3050c8ca85b4b83e33623fbfadf50777021d33b42302,1
yellow_trip_hourly,titantpp_titans_mac,eval,1,5,measured,8.278898894786835e-05,0.06446346314623952,0.06454625213518739,128,14690,3f2863bd360d15d6fb88b8c8600c6c692c355a2cd8d485f8def4a46ec6d5f31f,1
yellow_trip_hourly,titantpp_titans_mac,eval,1,6,measured,7.987790741026402e-05,0.06435918295755982,0.06443906086497009,128,14297,817abd4bc1e349311e5b5848e200d05c5d1fa01cf909277fe75b74114192ecd3,1
yellow_trip_hourly,titantpp_titans_mac,eval,1,7,measured,7.969187572598457e-05,0.06460734596475959,0.06468703784048557,128,15420,719ce0af83e91323021fb94a0f6217f313351fed6b05f96e6b47955b8107f780,1
yellow_trip_hourly,titantpp_titans_mac,eval,1,8,measured,8.064182475209236e-05,0.06458038510754704,0.06466102693229914,128,14362,0a5f54b8e29697e6a5a9208ad319054eea17ca56736bbb144ca4d5d70f1e8ae3,1
yellow_trip_hourly,titantpp_titans_mac,eval,1,9,measured,8.452101610600948e-05,0.06470475485548377,0.06478927587158978,128,14683,fa945155a02977d16a40e5e29bb8d2b7a7c2c0c4728c7cefe7a61d86a9ec2e4f,1
yellow_trip_hourly,titantpp_titans_mac,eval,1,10,measured,8.004391565918922e-05,0.06463583395816386,0.06471587787382305,128,13848,3e64823c7037d0a6a7e22660b813fca340fb322388a1a6525612fe2b19b2ccf6,1
yellow_trip_hourly,titantpp_titans_mac,eval,1,11,measured,7.968186400830746e-05,0.06446159793995321,0.06454127980396152,128,14841,ad373e73d5b75fa1904c772267f0d37686f2b03ebd8648364bb9cc62e46c3359,1
yellow_trip_hourly,titantpp_titans_mac,eval,1,12,measured,7.953308522701263e-05,0.06454948498867452,0.06462901807390153,128,14376,860527ab6b92857948b15e727baa5f5c4cd329f26b5cc41bd181aee7f1ce2458,1
yellow_trip_hourly,titantpp_titans_mac,eval,1,13,measured,7.99940899014473e-05,0.06466761394403875,0.0647476080339402,128,13293,f034681ed9db8045db7b7afc9adb8a27d1a81a68eb9ef3366ff6c0a129c593bc,1
yellow_trip_hourly,titantpp_titans_mac,eval,1,14,measured,7.93959479779005e-05,0.06422646506689489,0.06430586101487279,128,14416,b322c2cbb92fb40928fe573ae01318a30f5971ab995ccd1538d90538d7a985fc,1
yellow_trip_hourly,titantpp_titans_mac,eval,1,15,measured,8.297106251120567e-05,0.06388234882615507,0.06396531988866627,128,13520,2d1f1cc3de8f916fa193099c1f88b3a02c735cbb746de702eae34cb2b530c114,1
yellow_trip_hourly,titantpp_titans_mac,eval,1,16,measured,8.001783862709999e-05,0.06410150998272002,0.06418152782134712,128,15470,f755634af42b1d309b486a2ebd72bc53567ee2785fb82884c778bd71bd45c732,1
yellow_trip_hourly,titantpp_titans_mac,eval,1,17,measured,8.0048106610775e-05,0.06401056703180075,0.06409061513841152,128,13486,2207dd205bb567ed78fc4e059e722fcd3b79825586145bf853adc7f674046289,1
yellow_trip_hourly,titantpp_titans_mac,eval,1,18,measured,8.017010986804962e-05,0.06388711580075324,0.06396728591062129,128,13472,41f647c7b26ac5a2e1dbfea7003cd8ca50a514dca712ae2ddd66483bc762a871,1
yellow_trip_hourly,titantpp_titans_mac,eval,1,19,measured,7.86948949098587e-05,0.06417329492978752,0.06425198982469738,128,14697,9222578893d191711dfb3a4ef546dba8bdd3ca1c35e9260eb5bf8151cb9eca4c,1
yellow_trip_hourly,titantpp_titans_mac,eval,1,20,measured,7.883296348154545e-05,0.06415366986766458,0.06423250283114612,128,13993,28610eab1d9b3653dd81c5f41d121818be630abec573bdac3a6324bbbd9a33c1,1
yellow_trip_hourly,titantpp_titans_mac,eval,1,21,measured,7.80660193413496e-05,0.06394866108894348,0.06402672710828483,128,13850,bf4bd84a6bb9dcb8a91c42cd228751b76b64840a0d8c991fe7c201285f97a59f,1
yellow_trip_hourly,titantpp_titans_mac,eval,1,22,measured,7.868814282119274e-05,0.0638773338869214,0.0639560220297426,128,14500,8ee3771c5602ff8d7338f1f7f87bed89d4d323948de3641c57beef4309e6ee11,1
yellow_trip_hourly,titantpp_titans_mac,eval,1,23,measured,7.991399616003036e-05,0.06385257793590426,0.0639324919320643,128,14978,50bda321195da6f720cdee88f767be4544b24974e040005f4cc228fb3603f4eb,1
yellow_trip_hourly,titantpp_titans_mac,eval,1,24,measured,7.792003452777863e-05,0.0639422161038965,0.06402013613842428,128,14842,a2451a9a177d67d9fe751ca99d5b41b434217623d1633ec8aa0e017d35d72f1f,1
yellow_trip_hourly,titantpp_titans_mac,eval,1,25,measured,7.792701944708824e-05,0.06389901880174875,0.06397694582119584,128,12947,2232a9ccf6bba87fd3439991d26416e47291cf496ccdcf02d696594474c66732,1
yellow_trip_hourly,titantpp_titans_mac,eval,1,26,measured,8.307001553475857e-05,0.06395676406100392,0.06403983407653868,128,13671,4b9f858bdb4ba789e469646b7fe89c0cd72fdeea3f1a38c581b4d91b803e3381,1
yellow_trip_hourly,titantpp_titans_mac,eval,1,27,measured,8.530402556061745e-05,0.06413252907805145,0.06421783310361207,128,14060,2ca81ebead2c50419249862446d3e92055929c68c6362fedc40347a6f2ac0a7d,1
yellow_trip_hourly,titantpp_titans_mac,eval,1,28,measured,7.797987200319767e-05,0.06403501913882792,0.06411299901083112,128,14271,a0a4d35ae43ba87a0bfba964196bdac335e28a0622abf8880c4258ec3f13a8ee,1
yellow_trip_hourly,titantpp_titans_mac,eval,1,29,measured,7.996102795004845e-05,0.0640907499473542,0.06417071097530425,128,14118,87b39d84cd9a47e25ea730d88c2bbcd8f8fa2578f4bd0f5eef02f67c76194211,1
yellow_trip_hourly,titantpp_titans_mac,eval,1,30,measured,8.080899715423584e-05,0.063987054862082,0.06406786385923624,128,14718,1d023564b8dad874ab1c6c4c14bfb8affbc44d070aea48a455b941b223383022,1
yellow_trip_hourly,titantpp_titans_mac,eval,1,31,measured,8.177408017218113e-05,0.06397888995707035,0.06406066403724253,128,14063,3165c71d502b49f4edd0dfd7bc6f74116e938deb197d19c7d5c4d551d8ef659a,1
yellow_trip_hourly,titantpp_titans_mac,eval,1,32,measured,7.902807556092739e-05,0.06386751588433981,0.06394654395990074,128,14234,0b5c37e868e26b679d8a672ccdf8e4a61ee937f18c98e603aba6ac27b2a14e63,1
yellow_trip_hourly,titantpp_titans_mac,eval,1,33,measured,7.420987822115421e-05,0.06391538097523153,0.06398959085345268,128,14533,1c42614d2a9587c75b525c9dc45d4678e3f9234b65aa5a9da0a845e516f029df,1
yellow_trip_hourly,titantpp_titans_mac,eval,1,34,measured,7.605995051562786e-05,0.06417407398112118,0.06425013393163681,128,14210,fb50b4b7eb9672c011951e5c4bbfb51954b2056807661094adda672d18419e6d,1
yellow_trip_hourly,titantpp_titans_mac,eval,1,35,measured,7.90890771895647e-05,0.06411667400971055,0.06419576308690012,128,13367,e9c3b6d30e3d954af383522f969b45458bae229dfdb3851d8d619eed076b79d3,1
yellow_trip_hourly,titantpp_titans_mac,eval,1,36,measured,7.920688949525356e-05,0.06421778304502368,0.06429698993451893,128,14080,986c3d430f243d00702c30babb992f14a864515e5da4b8f5e216a75b7ffc04b7,1
yellow_trip_hourly,titantpp_titans_mac,eval,2,0,warmup,9.630899876356125e-05,1.9189345559570938,1.9190308649558574,128,13977,5e260d8f05dc28d7e34f53217d3bf3090aa30d708eccd4a8c4c5b2c86c0a5972,1
yellow_trip_hourly,titantpp_titans_mac,eval,2,1,warmup,0.00010915705934166908,0.06780947791412473,0.0679186349734664,128,14144,e309e195bdb8c8a10e8e06f781e7544a6e3d05c1d89756bc5067741b21d816a3,1
yellow_trip_hourly,titantpp_titans_mac,eval,2,2,warmup,8.963304571807384e-05,0.06739878794178367,0.06748842098750174,128,15705,e391613da587d10860975f1e240a8d31f9cce7ac8aa3b20a26a9747e7b782161,1
yellow_trip_hourly,titantpp_titans_mac,eval,2,3,warmup,8.471217006444931e-05,0.06637963186949492,0.06646434403955936,128,14205,d12a3e5494f4d70b6a92076393939ab706395b41570cef6ab6dbd78bc781ca5b,1
yellow_trip_hourly,titantpp_titans_mac,eval,2,4,warmup,8.632289245724678e-05,0.06645855819806457,0.06654488109052181,128,14135,1937b883f0dc35c3f2bc3050c8ca85b4b83e33623fbfadf50777021d33b42302,1
yellow_trip_hourly,titantpp_titans_mac,eval,2,5,measured,8.749403059482574e-05,0.06716404506005347,0.0672515390906483,128,14690,3f2863bd360d15d6fb88b8c8600c6c692c355a2cd8d485f8def4a46ec6d5f31f,1
yellow_trip_hourly,titantpp_titans_mac,eval,2,6,measured,8.66008922457695e-05,0.06640897109173238,0.06649557198397815,128,14297,817abd4bc1e349311e5b5848e200d05c5d1fa01cf909277fe75b74114192ecd3,1
yellow_trip_hourly,titantpp_titans_mac,eval,2,7,measured,9.831693023443222e-05,0.06623135320842266,0.06632967013865709,128,15420,719ce0af83e91323021fb94a0f6217f313351fed6b05f96e6b47955b8107f780,1
yellow_trip_hourly,titantpp_titans_mac,eval,2,8,measured,8.518481627106667e-05,0.06582348910160363,0.0659086739178747,128,14362,0a5f54b8e29697e6a5a9208ad319054eea17ca56736bbb144ca4d5d70f1e8ae3,1
yellow_trip_hourly,titantpp_titans_mac,eval,2,9,measured,8.172495290637016e-05,0.06964792008511722,0.06972964503802359,128,14683,fa945155a02977d16a40e5e29bb8d2b7a7c2c0c4728c7cefe7a61d86a9ec2e4f,1
yellow_trip_hourly,titantpp_titans_mac,eval,2,10,measured,8.724909275770187e-05,0.06811576103791595,0.06820301013067365,128,13848,3e64823c7037d0a6a7e22660b813fca340fb322388a1a6525612fe2b19b2ccf6,1
yellow_trip_hourly,titantpp_titans_mac,eval,2,11,measured,8.775293827056885e-05,0.06549583212472498,0.06558358506299555,128,14841,ad373e73d5b75fa1904c772267f0d37686f2b03ebd8648364bb9cc62e46c3359,1
yellow_trip_hourly,titantpp_titans_mac,eval,2,12,measured,8.219596929848194e-05,0.06535710603930056,0.06543930200859904,128,14376,860527ab6b92857948b15e727baa5f5c4cd329f26b5cc41bd181aee7f1ce2458,1
yellow_trip_hourly,titantpp_titans_mac,eval,2,13,measured,8.277292363345623e-05,0.06517966906540096,0.06526244198903441,128,13293,f034681ed9db8045db7b7afc9adb8a27d1a81a68eb9ef3366ff6c0a129c593bc,1
yellow_trip_hourly,titantpp_titans_mac,eval,2,14,measured,8.335080929100513e-05,0.06507991813123226,0.06516326894052327,128,14416,b322c2cbb92fb40928fe573ae01318a30f5971ab995ccd1538d90538d7a985fc,1
yellow_trip_hourly,titantpp_titans_mac,eval,2,15,measured,8.159992285072803e-05,0.06506758811883628,0.06514918804168701,128,13520,2d1f1cc3de8f916fa193099c1f88b3a02c735cbb746de702eae34cb2b530c114,1
yellow_trip_hourly,titantpp_titans_mac,eval,2,16,measured,8.751591667532921e-05,0.06514822295866907,0.0652357388753444,128,15470,f755634af42b1d309b486a2ebd72bc53567ee2785fb82884c778bd71bd45c732,1
yellow_trip_hourly,titantpp_titans_mac,eval,2,17,measured,8.24970193207264e-05,0.06512528681196272,0.06520778383128345,128,13486,2207dd205bb567ed78fc4e059e722fcd3b79825586145bf853adc7f674046289,1
yellow_trip_hourly,titantpp_titans_mac,eval,2,18,measured,8.174311369657516e-05,0.06506712199188769,0.06514886510558426,128,13472,41f647c7b26ac5a2e1dbfea7003cd8ca50a514dca712ae2ddd66483bc762a871,1
yellow_trip_hourly,titantpp_titans_mac,eval,2,19,measured,7.964996621012688e-05,0.06521203415468335,0.06529168412089348,128,14697,9222578893d191711dfb3a4ef546dba8bdd3ca1c35e9260eb5bf8151cb9eca4c,1
yellow_trip_hourly,titantpp_titans_mac,eval,2,20,measured,8.040107786655426e-05,0.06520454795099795,0.0652849490288645,128,13993,28610eab1d9b3653dd81c5f41d121818be630abec573bdac3a6324bbbd9a33c1,1
yellow_trip_hourly,titantpp_titans_mac,eval,2,21,measured,7.943296805024147e-05,0.06510721193626523,0.06518664490431547,128,13850,bf4bd84a6bb9dcb8a91c42cd228751b76b64840a0d8c991fe7c201285f97a59f,1
yellow_trip_hourly,titantpp_titans_mac,eval,2,22,measured,8.032610639929771e-05,0.06501154392026365,0.06509187002666295,128,14500,8ee3771c5602ff8d7338f1f7f87bed89d4d323948de3641c57beef4309e6ee11,1
yellow_trip_hourly,titantpp_titans_mac,eval,2,23,measured,7.943413220345974e-05,0.06518496200442314,0.0652643961366266,128,14978,50bda321195da6f720cdee88f767be4544b24974e040005f4cc228fb3603f4eb,1
yellow_trip_hourly,titantpp_titans_mac,eval,2,24,measured,7.999013178050518e-05,0.06517705181613564,0.06525704194791615,128,14842,a2451a9a177d67d9fe751ca99d5b41b434217623d1633ec8aa0e017d35d72f1f,1
yellow_trip_hourly,titantpp_titans_mac,eval,2,25,measured,8.11438076198101e-05,0.0651378941256553,0.0652190379332751,128,12947,2232a9ccf6bba87fd3439991d26416e47291cf496ccdcf02d696594474c66732,1
yellow_trip_hourly,titantpp_titans_mac,eval,2,26,measured,8.040596731007099e-05,0.06521314196288586,0.06529354793019593,128,13671,4b9f858bdb4ba789e469646b7fe89c0cd72fdeea3f1a38c581b4d91b803e3381,1
yellow_trip_hourly,titantpp_titans_mac,eval,2,27,measured,8.103298023343086e-05,0.0650002951733768,0.06508132815361023,128,14060,2ca81ebead2c50419249862446d3e92055929c68c6362fedc40347a6f2ac0a7d,1
yellow_trip_hourly,titantpp_titans_mac,eval,2,28,measured,8.066720329225063e-05,0.0650425108615309,0.06512317806482315,128,14271,a0a4d35ae43ba87a0bfba964196bdac335e28a0622abf8880c4258ec3f13a8ee,1
yellow_trip_hourly,titantpp_titans_mac,eval,2,29,measured,8.133798837661743e-05,0.06512399693019688,0.0652053349185735,128,14118,87b39d84cd9a47e25ea730d88c2bbcd8f8fa2578f4bd0f5eef02f67c76194211,1
yellow_trip_hourly,titantpp_titans_mac,eval,2,30,measured,7.92930368334055e-05,0.06518398085609078,0.06526327389292419,128,14718,1d023564b8dad874ab1c6c4c14bfb8affbc44d070aea48a455b941b223383022,1
yellow_trip_hourly,titantpp_titans_mac,eval,2,31,measured,8.548703044652939e-05,0.0650751069188118,0.06516059394925833,128,14063,3165c71d502b49f4edd0dfd7bc6f74116e938deb197d19c7d5c4d551d8ef659a,1
yellow_trip_hourly,titantpp_titans_mac,eval,2,32,measured,7.855216972529888e-05,0.06508655194193125,0.06516510411165655,128,14234,0b5c37e868e26b679d8a672ccdf8e4a61ee937f18c98e603aba6ac27b2a14e63,1
yellow_trip_hourly,titantpp_titans_mac,eval,2,33,measured,7.964391261339188e-05,0.06522312620654702,0.06530277011916041,128,14533,1c42614d2a9587c75b525c9dc45d4678e3f9234b65aa5a9da0a845e516f029df,1
yellow_trip_hourly,titantpp_titans_mac,eval,2,34,measured,7.877987809479237e-05,0.06534107308834791,0.0654198529664427,128,14210,fb50b4b7eb9672c011951e5c4bbfb51954b2056807661094adda672d18419e6d,1
yellow_trip_hourly,titantpp_titans_mac,eval,2,35,measured,8.165696635842323e-05,0.06535447109490633,0.06543612806126475,128,13367,e9c3b6d30e3d954af383522f969b45458bae229dfdb3851d8d619eed076b79d3,1
yellow_trip_hourly,titantpp_titans_mac,eval,2,36,measured,8.059409447014332e-05,0.06523610698059201,0.06531670107506216,128,14080,986c3d430f243d00702c30babb992f14a864515e5da4b8f5e216a75b7ffc04b7,1
yellow_trip_hourly,titantpp_titans_mac,eval,3,0,warmup,8.441205136477947e-05,1.9172281629871577,1.9173125750385225,128,13977,5e260d8f05dc28d7e34f53217d3bf3090aa30d708eccd4a8c4c5b2c86c0a5972,1
yellow_trip_hourly,titantpp_titans_mac,eval,3,1,warmup,0.00011356803588569164,0.0675429031252861,0.0676564711611718,128,14144,e309e195bdb8c8a10e8e06f781e7544a6e3d05c1d89756bc5067741b21d816a3,1
yellow_trip_hourly,titantpp_titans_mac,eval,3,2,warmup,9.016599506139755e-05,0.06762449094094336,0.06771465693600476,128,15705,e391613da587d10860975f1e240a8d31f9cce7ac8aa3b20a26a9747e7b782161,1
yellow_trip_hourly,titantpp_titans_mac,eval,3,3,warmup,8.583394810557365e-05,0.0660761371254921,0.06616197107359767,128,14205,d12a3e5494f4d70b6a92076393939ab706395b41570cef6ab6dbd78bc781ca5b,1
yellow_trip_hourly,titantpp_titans_mac,eval,3,4,warmup,8.715991862118244e-05,0.06619890010915697,0.06628606002777815,128,14135,1937b883f0dc35c3f2bc3050c8ca85b4b83e33623fbfadf50777021d33b42302,1
yellow_trip_hourly,titantpp_titans_mac,eval,3,5,measured,8.994480594992638e-05,0.0672162170521915,0.06730616185814142,128,14690,3f2863bd360d15d6fb88b8c8600c6c692c355a2cd8d485f8def4a46ec6d5f31f,1
yellow_trip_hourly,titantpp_titans_mac,eval,3,6,measured,8.756411261856556e-05,0.06594349700026214,0.0660310611128807,128,14297,817abd4bc1e349311e5b5848e200d05c5d1fa01cf909277fe75b74114192ecd3,1
yellow_trip_hourly,titantpp_titans_mac,eval,3,7,measured,8.623581379652023e-05,0.06602756213396788,0.0661137979477644,128,15420,719ce0af83e91323021fb94a0f6217f313351fed6b05f96e6b47955b8107f780,1
yellow_trip_hourly,titantpp_titans_mac,eval,3,8,measured,8.474686183035374e-05,0.06538311601616442,0.06546786287799478,128,14362,0a5f54b8e29697e6a5a9208ad319054eea17ca56736bbb144ca4d5d70f1e8ae3,1
yellow_trip_hourly,titantpp_titans_mac,eval,3,9,measured,8.21119174361229e-05,0.0695531030651182,0.06963521498255432,128,14683,fa945155a02977d16a40e5e29bb8d2b7a7c2c0c4728c7cefe7a61d86a9ec2e4f,1
yellow_trip_hourly,titantpp_titans_mac,eval,3,10,measured,8.933711796998978e-05,0.06765773589722812,0.06774707301519811,128,13848,3e64823c7037d0a6a7e22660b813fca340fb322388a1a6525612fe2b19b2ccf6,1
yellow_trip_hourly,titantpp_titans_mac,eval,3,11,measured,9.406101889908314e-05,0.0654353890568018,0.06552945007570088,128,14841,ad373e73d5b75fa1904c772267f0d37686f2b03ebd8648364bb9cc62e46c3359,1
yellow_trip_hourly,titantpp_titans_mac,eval,3,12,measured,8.082110434770584e-05,0.06548097683116794,0.06556179793551564,128,14376,860527ab6b92857948b15e727baa5f5c4cd329f26b5cc41bd181aee7f1ce2458,1
yellow_trip_hourly,titantpp_titans_mac,eval,3,13,measured,7.867510430514812e-05,0.0653257800731808,0.06540445517748594,128,13293,f034681ed9db8045db7b7afc9adb8a27d1a81a68eb9ef3366ff6c0a129c593bc,1
yellow_trip_hourly,titantpp_titans_mac,eval,3,14,measured,7.737288251519203e-05,0.06517000193707645,0.06524737481959164,128,14416,b322c2cbb92fb40928fe573ae01318a30f5971ab995ccd1538d90538d7a985fc,1
yellow_trip_hourly,titantpp_titans_mac,eval,3,15,measured,7.974216714501381e-05,0.06536886398680508,0.0654486061539501,128,13520,2d1f1cc3de8f916fa193099c1f88b3a02c735cbb746de702eae34cb2b530c114,1
yellow_trip_hourly,titantpp_titans_mac,eval,3,16,measured,7.954402826726437e-05,0.06514296890236437,0.06522251293063164,128,15470,f755634af42b1d309b486a2ebd72bc53567ee2785fb82884c778bd71bd45c732,1
yellow_trip_hourly,titantpp_titans_mac,eval,3,17,measured,7.947278209030628e-05,0.06519670109264553,0.06527617387473583,128,13486,2207dd205bb567ed78fc4e059e722fcd3b79825586145bf853adc7f674046289,1
yellow_trip_hourly,titantpp_titans_mac,eval,3,18,measured,7.91430938988924e-05,0.06516675790771842,0.06524590100161731,128,13472,41f647c7b26ac5a2e1dbfea7003cd8ca50a514dca712ae2ddd66483bc762a871,1
yellow_trip_hourly,titantpp_titans_mac,eval,3,19,measured,7.953285239636898e-05,0.06511838897131383,0.0651979218237102,128,14697,9222578893d191711dfb3a4ef546dba8bdd3ca1c35e9260eb5bf8151cb9eca4c,1
yellow_trip_hourly,titantpp_titans_mac,eval,3,20,measured,7.994496263563633e-05,0.06521067884750664,0.06529062381014228,128,13993,28610eab1d9b3653dd81c5f41d121818be630abec573bdac3a6324bbbd9a33c1,1
yellow_trip_hourly,titantpp_titans_mac,eval,3,21,measured,8.093914948403835e-05,0.06521601998247206,0.0652969591319561,128,13850,bf4bd84a6bb9dcb8a91c42cd228751b76b64840a0d8c991fe7c201285f97a59f,1
yellow_trip_hourly,titantpp_titans_mac,eval,3,22,measured,7.92930368334055e-05,0.06492275302298367,0.06500204605981708,128,14500,8ee3771c5602ff8d7338f1f7f87bed89d4d323948de3641c57beef4309e6ee11,1
yellow_trip_hourly,titantpp_titans_mac,eval,3,23,measured,7.980712689459324e-05,0.06505063408985734,0.06513044121675193,128,14978,50bda321195da6f720cdee88f767be4544b24974e040005f4cc228fb3603f4eb,1
yellow_trip_hourly,titantpp_titans_mac,eval,3,24,measured,7.974589243531227e-05,0.06517886812798679,0.0652586140204221,128,14842,a2451a9a177d67d9fe751ca99d5b41b434217623d1633ec8aa0e017d35d72f1f,1
yellow_trip_hourly,titantpp_titans_mac,eval,3,25,measured,8.351681753993034e-05,0.06516137113794684,0.06524488795548677,128,12947,2232a9ccf6bba87fd3439991d26416e47291cf496ccdcf02d696594474c66732,1
yellow_trip_hourly,titantpp_titans_mac,eval,3,26,measured,8.116895332932472e-05,0.06505137193016708,0.0651325408834964,128,13671,4b9f858bdb4ba789e469646b7fe89c0cd72fdeea3f1a38c581b4d91b803e3381,1
yellow_trip_hourly,titantpp_titans_mac,eval,3,27,measured,7.931515574455261e-05,0.06510393996722996,0.06518325512297451,128,14060,2ca81ebead2c50419249862446d3e92055929c68c6362fedc40347a6f2ac0a7d,1
yellow_trip_hourly,titantpp_titans_mac,eval,3,28,measured,7.938104681670666e-05,0.06513945083133876,0.06521883187815547,128,14271,a0a4d35ae43ba87a0bfba964196bdac335e28a0622abf8880c4258ec3f13a8ee,1
yellow_trip_hourly,titantpp_titans_mac,eval,3,29,measured,8.257105946540833e-05,0.06527731497772038,0.06535988603718579,128,14118,87b39d84cd9a47e25ea730d88c2bbcd8f8fa2578f4bd0f5eef02f67c76194211,1
yellow_trip_hourly,titantpp_titans_mac,eval,3,30,measured,7.590907625854015e-05,0.06482253293506801,0.06489844201132655,128,14718,1d023564b8dad874ab1c6c4c14bfb8affbc44d070aea48a455b941b223383022,1
yellow_trip_hourly,titantpp_titans_mac,eval,3,31,measured,7.503898814320564e-05,0.06508654309436679,0.06516158208251,128,14063,3165c71d502b49f4edd0dfd7bc6f74116e938deb197d19c7d5c4d551d8ef659a,1
yellow_trip_hourly,titantpp_titans_mac,eval,3,32,measured,8.275406435132027e-05,0.06480525503866374,0.06488800910301507,128,14234,0b5c37e868e26b679d8a672ccdf8e4a61ee937f18c98e603aba6ac27b2a14e63,1
yellow_trip_hourly,titantpp_titans_mac,eval,3,33,measured,7.989420555531979e-05,0.06508267996832728,0.0651625741738826,128,14533,1c42614d2a9587c75b525c9dc45d4678e3f9234b65aa5a9da0a845e516f029df,1
yellow_trip_hourly,titantpp_titans_mac,eval,3,34,measured,7.95731320977211e-05,0.06529270485043526,0.06537227798253298,128,14210,fb50b4b7eb9672c011951e5c4bbfb51954b2056807661094adda672d18419e6d,1
yellow_trip_hourly,titantpp_titans_mac,eval,3,35,measured,8.4735918790102e-05,0.06521194614470005,0.06529668206349015,128,13367,e9c3b6d30e3d954af383522f969b45458bae229dfdb3851d8d619eed076b79d3,1
yellow_trip_hourly,titantpp_titans_mac,eval,3,36,measured,7.744901813566685e-05,0.06517282989807427,0.06525027891620994,128,14080,986c3d430f243d00702c30babb992f14a864515e5da4b8f5e216a75b7ffc04b7,1
yellow_trip_hourly,titantpp_titans_mac,train,1,0,warmup,9.190104901790619e-05,49.91963852290064,49.91973042394966,128,13977,5e260d8f05dc28d7e34f53217d3bf3090aa30d708eccd4a8c4c5b2c86c0a5972,2
yellow_trip_hourly,titantpp_titans_mac,train,1,1,warmup,0.00012591504491865635,0.19005890795961022,0.19018482300452888,128,14144,e309e195bdb8c8a10e8e06f781e7544a6e3d05c1d89756bc5067741b21d816a3,2
yellow_trip_hourly,titantpp_titans_mac,train,1,2,warmup,0.00010335398837924004,0.1869895989075303,0.18709295289590955,128,15705,e391613da587d10860975f1e240a8d31f9cce7ac8aa3b20a26a9747e7b782161,2
yellow_trip_hourly,titantpp_titans_mac,train,1,3,warmup,0.00010234210640192032,0.18679236387833953,0.18689470598474145,128,14205,d12a3e5494f4d70b6a92076393939ab706395b41570cef6ab6dbd78bc781ca5b,2
yellow_trip_hourly,titantpp_titans_mac,train,1,4,warmup,9.999703615903854e-05,0.18758966494351625,0.1876896619796753,128,14135,1937b883f0dc35c3f2bc3050c8ca85b4b83e33623fbfadf50777021d33b42302,2
yellow_trip_hourly,titantpp_titans_mac,train,1,5,measured,0.00022585992701351643,0.1886244099587202,0.18885026988573372,128,14690,3f2863bd360d15d6fb88b8c8600c6c692c355a2cd8d485f8def4a46ec6d5f31f,2
yellow_trip_hourly,titantpp_titans_mac,train,1,6,measured,0.000105259008705616,0.18733415007591248,0.1874394090846181,128,14297,817abd4bc1e349311e5b5848e200d05c5d1fa01cf909277fe75b74114192ecd3,2
yellow_trip_hourly,titantpp_titans_mac,train,1,7,measured,0.0001014231238514185,0.18739700899459422,0.18749843211844563,128,15420,719ce0af83e91323021fb94a0f6217f313351fed6b05f96e6b47955b8107f780,2
yellow_trip_hourly,titantpp_titans_mac,train,1,8,measured,0.00010394887067377567,0.18773219408467412,0.1878361429553479,128,14362,0a5f54b8e29697e6a5a9208ad319054eea17ca56736bbb144ca4d5d70f1e8ae3,2
yellow_trip_hourly,titantpp_titans_mac,train,1,9,measured,0.00010328204371035099,0.18807265791110694,0.1881759399548173,128,14683,fa945155a02977d16a40e5e29bb8d2b7a7c2c0c4728c7cefe7a61d86a9ec2e4f,2
yellow_trip_hourly,titantpp_titans_mac,train,1,10,measured,0.00010434398427605629,0.18787689181044698,0.18798123579472303,128,13848,3e64823c7037d0a6a7e22660b813fca340fb322388a1a6525612fe2b19b2ccf6,2
yellow_trip_hourly,titantpp_titans_mac,train,1,11,measured,9.951600804924965e-05,0.1875398859847337,0.18763940199278295,128,14841,ad373e73d5b75fa1904c772267f0d37686f2b03ebd8648364bb9cc62e46c3359,2
yellow_trip_hourly,titantpp_titans_mac,train,1,12,measured,0.0001020070631057024,0.1891812130343169,0.1892832200974226,128,14376,860527ab6b92857948b15e727baa5f5c4cd329f26b5cc41bd181aee7f1ce2458,2
yellow_trip_hourly,titantpp_titans_mac,train,1,13,measured,0.00010208110325038433,0.18766566994599998,0.18776775104925036,128,13293,f034681ed9db8045db7b7afc9adb8a27d1a81a68eb9ef3366ff6c0a129c593bc,2
yellow_trip_hourly,titantpp_titans_mac,train,1,14,measured,0.00010100798681378365,0.18784249108284712,0.1879434990696609,128,14416,b322c2cbb92fb40928fe573ae01318a30f5971ab995ccd1538d90538d7a985fc,2
yellow_trip_hourly,titantpp_titans_mac,train,1,15,measured,0.00010213907808065414,0.18748335796408355,0.1875854970421642,128,13520,2d1f1cc3de8f916fa193099c1f88b3a02c735cbb746de702eae34cb2b530c114,2
yellow_trip_hourly,titantpp_titans_mac,train,1,16,measured,0.00010170601308345795,0.18771647498942912,0.18781818100251257,128,15470,f755634af42b1d309b486a2ebd72bc53567ee2785fb82884c778bd71bd45c732,2
yellow_trip_hourly,titantpp_titans_mac,train,1,17,measured,0.00010276399552822113,0.18730067205615342,0.18740343605168164,128,13486,2207dd205bb567ed78fc4e059e722fcd3b79825586145bf853adc7f674046289,2
yellow_trip_hourly,titantpp_titans_mac,train,1,18,measured,0.00010109017603099346,0.18746771779842675,0.18756880797445774,128,13472,41f647c7b26ac5a2e1dbfea7003cd8ca50a514dca712ae2ddd66483bc762a871,2
yellow_trip_hourly,titantpp_titans_mac,train,1,19,measured,0.00010323920287191868,0.18717625178396702,0.18727949098683894,128,14697,9222578893d191711dfb3a4ef546dba8bdd3ca1c35e9260eb5bf8151cb9eca4c,2
yellow_trip_hourly,titantpp_titans_mac,train,1,20,measured,0.00010116701014339924,0.1869364669546485,0.1870376339647919,128,13993,28610eab1d9b3653dd81c5f41d121818be630abec573bdac3a6324bbbd9a33c1,2
yellow_trip_hourly,titantpp_titans_mac,train,1,21,measured,0.00010271091014146805,0.18743603210896254,0.187538743019104,128,13850,bf4bd84a6bb9dcb8a91c42cd228751b76b64840a0d8c991fe7c201285f97a59f,2
yellow_trip_hourly,titantpp_titans_mac,train,1,22,measured,0.00010374397970736027,0.18767230305820704,0.1877760470379144,128,14500,8ee3771c5602ff8d7338f1f7f87bed89d4d323948de3641c57beef4309e6ee11,2
yellow_trip_hourly,titantpp_titans_mac,train,1,23,measured,0.00010185502469539642,0.1870187451131642,0.18712060013785958,128,14978,50bda321195da6f720cdee88f767be4544b24974e040005f4cc228fb3603f4eb,2
yellow_trip_hourly,titantpp_titans_mac,train,1,24,measured,0.00010435795411467552,0.1866928981617093,0.18679725611582398,128,14842,a2451a9a177d67d9fe751ca99d5b41b434217623d1633ec8aa0e017d35d72f1f,2
yellow_trip_hourly,titantpp_titans_mac,train,1,25,measured,0.00010093115270137787,0.18737940792925656,0.18748033908195794,128,12947,2232a9ccf6bba87fd3439991d26416e47291cf496ccdcf02d696594474c66732,2
yellow_trip_hourly,titantpp_titans_mac,train,1,26,measured,0.0001023018267005682,0.18673576600849628,0.18683806783519685,128,13671,4b9f858bdb4ba789e469646b7fe89c0cd72fdeea3f1a38c581b4d91b803e3381,2
yellow_trip_hourly,titantpp_titans_mac,train,1,27,measured,0.00010119704529643059,0.18741640402004123,0.18751760106533766,128,14060,2ca81ebead2c50419249862446d3e92055929c68c6362fedc40347a6f2ac0a7d,2
yellow_trip_hourly,titantpp_titans_mac,train,1,28,measured,0.0001023169606924057,0.18672682298347354,0.18682913994416595,128,14271,a0a4d35ae43ba87a0bfba964196bdac335e28a0622abf8880c4258ec3f13a8ee,2
yellow_trip_hourly,titantpp_titans_mac,train,1,29,measured,0.00010045315138995647,0.18695401982404292,0.18705447297543287,128,14118,87b39d84cd9a47e25ea730d88c2bbcd8f8fa2578f4bd0f5eef02f67c76194211,2
yellow_trip_hourly,titantpp_titans_mac,train,1,30,measured,0.00010180496610701084,0.18704411294311285,0.18714591790921986,128,14718,1d023564b8dad874ab1c6c4c14bfb8affbc44d070aea48a455b941b223383022,2
yellow_trip_hourly,titantpp_titans_mac,train,1,31,measured,0.00010004499927163124,0.18630857788957655,0.18640862288884819,128,14063,3165c71d502b49f4edd0dfd7bc6f74116e938deb197d19c7d5c4d551d8ef659a,2
yellow_trip_hourly,titantpp_titans_mac,train,1,32,measured,0.00011178595013916492,0.1868279199115932,0.18693970586173236,128,14234,0b5c37e868e26b679d8a672ccdf8e4a61ee937f18c98e603aba6ac27b2a14e63,2
yellow_trip_hourly,titantpp_titans_mac,train,1,33,measured,9.949388913810253e-05,0.18724940600804985,0.18734889989718795,128,14533,1c42614d2a9587c75b525c9dc45d4678e3f9234b65aa5a9da0a845e516f029df,2
yellow_trip_hourly,titantpp_titans_mac,train,1,34,measured,0.00010137795470654964,0.18661780701950192,0.18671918497420847,128,14210,fb50b4b7eb9672c011951e5c4bbfb51954b2056807661094adda672d18419e6d,2
yellow_trip_hourly,titantpp_titans_mac,train,1,35,measured,0.00010085990652441978,0.1870511109009385,0.18715197080746293,128,13367,e9c3b6d30e3d954af383522f969b45458bae229dfdb3851d8d619eed076b79d3,2
yellow_trip_hourly,titantpp_titans_mac,train,1,36,measured,0.00010264408774673939,0.18679216504096985,0.1868948091287166,128,14080,986c3d430f243d00702c30babb992f14a864515e5da4b8f5e216a75b7ffc04b7,2
yellow_trip_hourly,titantpp_titans_mac,train,2,0,warmup,9.409687481820583e-05,3.295749153010547,3.2958432498853654,128,13977,5e260d8f05dc28d7e34f53217d3bf3090aa30d708eccd4a8c4c5b2c86c0a5972,2
yellow_trip_hourly,titantpp_titans_mac,train,2,1,warmup,0.0001195911318063736,0.18186092586256564,0.181980516994372,128,14144,e309e195bdb8c8a10e8e06f781e7544a6e3d05c1d89756bc5067741b21d816a3,2
yellow_trip_hourly,titantpp_titans_mac,train,2,2,warmup,9.684707038104534e-05,0.1784679340198636,0.17856478109024465,128,15705,e391613da587d10860975f1e240a8d31f9cce7ac8aa3b20a26a9747e7b782161,2
yellow_trip_hourly,titantpp_titans_mac,train,2,3,warmup,0.0001075610052794218,0.17876472393982112,0.17887228494510055,128,14205,d12a3e5494f4d70b6a92076393939ab706395b41570cef6ab6dbd78bc781ca5b,2
yellow_trip_hourly,titantpp_titans_mac,train,2,4,warmup,9.653088636696339e-05,0.17852302314713597,0.17861955403350294,128,14135,1937b883f0dc35c3f2bc3050c8ca85b4b83e33623fbfadf50777021d33b42302,2
yellow_trip_hourly,titantpp_titans_mac,train,2,5,measured,9.765219874680042e-05,0.1784325649496168,0.1785302171483636,128,14690,3f2863bd360d15d6fb88b8c8600c6c692c355a2cd8d485f8def4a46ec6d5f31f,2
yellow_trip_hourly,titantpp_titans_mac,train,2,6,measured,9.93991270661354e-05,0.17850317689590156,0.1786025760229677,128,14297,817abd4bc1e349311e5b5848e200d05c5d1fa01cf909277fe75b74114192ecd3,2
yellow_trip_hourly,titantpp_titans_mac,train,2,7,measured,0.00010615191422402859,0.17799090617336333,0.17809705808758736,128,15420,719ce0af83e91323021fb94a0f6217f313351fed6b05f96e6b47955b8107f780,2
yellow_trip_hourly,titantpp_titans_mac,train,2,8,measured,9.833881631493568e-05,0.17871308815665543,0.17881142697297037,128,14362,0a5f54b8e29697e6a5a9208ad319054eea17ca56736bbb144ca4d5d70f1e8ae3,2
yellow_trip_hourly,titantpp_titans_mac,train,2,9,measured,9.621307253837585e-05,0.17889011488296092,0.1789863279554993,128,14683,fa945155a02977d16a40e5e29bb8d2b7a7c2c0c4728c7cefe7a61d86a9ec2e4f,2
yellow_trip_hourly,titantpp_titans_mac,train,2,10,measured,9.558792226016521e-05,0.1789473001845181,0.17904288810677826,128,13848,3e64823c7037d0a6a7e22660b813fca340fb322388a1a6525612fe2b19b2ccf6,2
yellow_trip_hourly,titantpp_titans_mac,train,2,11,measured,0.00010139215737581253,0.1788708739914,0.17897226614877582,128,14841,ad373e73d5b75fa1904c772267f0d37686f2b03ebd8648364bb9cc62e46c3359,2
yellow_trip_hourly,titantpp_titans_mac,train,2,12,measured,9.572901763021946e-05,0.17877270095050335,0.17886842996813357,128,14376,860527ab6b92857948b15e727baa5f5c4cd329f26b5cc41bd181aee7f1ce2458,2
yellow_trip_hourly,titantpp_titans_mac,train,2,13,measured,9.689084254205227e-05,0.17840171209536493,0.17849860293790698,128,13293,f034681ed9db8045db7b7afc9adb8a27d1a81a68eb9ef3366ff6c0a129c593bc,2
yellow_trip_hourly,titantpp_titans_mac,train,2,14,measured,9.726895950734615e-05,0.17850440996699035,0.1786016789264977,128,14416,b322c2cbb92fb40928fe573ae01318a30f5971ab995ccd1538d90538d7a985fc,2
yellow_trip_hourly,titantpp_titans_mac,train,2,15,measured,0.00010559405200183392,0.1793988929130137,0.17950448696501553,128,13520,2d1f1cc3de8f916fa193099c1f88b3a02c735cbb746de702eae34cb2b530c114,2
yellow_trip_hourly,titantpp_titans_mac,train,2,16,measured,0.00011520902626216412,0.18016249896027148,0.18027770798653364,128,15470,f755634af42b1d309b486a2ebd72bc53567ee2785fb82884c778bd71bd45c732,2
yellow_trip_hourly,titantpp_titans_mac,train,2,17,measured,0.00010025594383478165,0.17930835206061602,0.1794086080044508,128,13486,2207dd205bb567ed78fc4e059e722fcd3b79825586145bf853adc7f674046289,2
yellow_trip_hourly,titantpp_titans_mac,train,2,18,measured,9.859888814389706e-05,0.17847798112779856,0.17857658001594245,128,13472,41f647c7b26ac5a2e1dbfea7003cd8ca50a514dca712ae2ddd66483bc762a871,2
yellow_trip_hourly,titantpp_titans_mac,train,2,19,measured,0.00010422500781714916,0.17782475287094712,0.17792897787876427,128,14697,9222578893d191711dfb3a4ef546dba8bdd3ca1c35e9260eb5bf8151cb9eca4c,2
yellow_trip_hourly,titantpp_titans_mac,train,2,20,measured,9.655882604420185e-05,0.17903182818554342,0.17912838701158762,128,13993,28610eab1d9b3653dd81c5f41d121818be630abec573bdac3a6324bbbd9a33c1,2
yellow_trip_hourly,titantpp_titans_mac,train,2,21,measured,9.687896817922592e-05,0.178817582083866,0.17891446105204523,128,13850,bf4bd84a6bb9dcb8a91c42cd228751b76b64840a0d8c991fe7c201285f97a59f,2
yellow_trip_hourly,titantpp_titans_mac,train,2,22,measured,9.905314072966576e-05,0.1787944238167256,0.17889347695745528,128,14500,8ee3771c5602ff8d7338f1f7f87bed89d4d323948de3641c57beef4309e6ee11,2
yellow_trip_hourly,titantpp_titans_mac,train,2,23,measured,9.542005136609077e-05,0.1783592568244785,0.1784546768758446,128,14978,50bda321195da6f720cdee88f767be4544b24974e040005f4cc228fb3603f4eb,2
yellow_trip_hourly,titantpp_titans_mac,train,2,24,measured,9.555602446198463e-05,0.17821555002592504,0.17831110605038702,128,14842,a2451a9a177d67d9fe751ca99d5b41b434217623d1633ec8aa0e017d35d72f1f,2
yellow_trip_hourly,titantpp_titans_mac,train,2,25,measured,9.563402272760868e-05,0.17836797097697854,0.17846360499970615,128,12947,2232a9ccf6bba87fd3439991d26416e47291cf496ccdcf02d696594474c66732,2
yellow_trip_hourly,titantpp_titans_mac,train,2,26,measured,9.570294059813023e-05,0.17833470017649233,0.17843040311709046,128,13671,4b9f858bdb4ba789e469646b7fe89c0cd72fdeea3f1a38c581b4d91b803e3381,2
yellow_trip_hourly,titantpp_titans_mac,train,2,27,measured,9.65711660683155e-05,0.17869598884135485,0.17879256000742316,128,14060,2ca81ebead2c50419249862446d3e92055929c68c6362fedc40347a6f2ac0a7d,2
yellow_trip_hourly,titantpp_titans_mac,train,2,28,measured,9.607779793441296e-05,0.1782865240238607,0.1783826018217951,128,14271,a0a4d35ae43ba87a0bfba964196bdac335e28a0622abf8880c4258ec3f13a8ee,2
yellow_trip_hourly,titantpp_titans_mac,train,2,29,measured,9.66968946158886e-05,0.1813232321292162,0.18141992902383208,128,14118,87b39d84cd9a47e25ea730d88c2bbcd8f8fa2578f4bd0f5eef02f67c76194211,2
yellow_trip_hourly,titantpp_titans_mac,train,2,30,measured,0.00010497285984456539,0.17869545402936637,0.17880042688921094,128,14718,1d023564b8dad874ab1c6c4c14bfb8affbc44d070aea48a455b941b223383022,2
yellow_trip_hourly,titantpp_titans_mac,train,2,31,measured,0.00010116002522408962,0.17903354298323393,0.17913470300845802,128,14063,3165c71d502b49f4edd0dfd7bc6f74116e938deb197d19c7d5c4d551d8ef659a,2
yellow_trip_hourly,titantpp_titans_mac,train,2,32,measured,9.220303036272526e-05,0.17841893690638244,0.17851113993674517,128,14234,0b5c37e868e26b679d8a672ccdf8e4a61ee937f18c98e603aba6ac27b2a14e63,2
yellow_trip_hourly,titantpp_titans_mac,train,2,33,measured,9.703589603304863e-05,0.178260998101905,0.17835803399793804,128,14533,1c42614d2a9587c75b525c9dc45d4678e3f9234b65aa5a9da0a845e516f029df,2
yellow_trip_hourly,titantpp_titans_mac,train,2,34,measured,9.54940915107727e-05,0.1781822198536247,0.17827771394513547,128,14210,fb50b4b7eb9672c011951e5c4bbfb51954b2056807661094adda672d18419e6d,2
yellow_trip_hourly,titantpp_titans_mac,train,2,35,measured,9.853392839431763e-05,0.3021891829557717,0.302287716884166,128,13367,e9c3b6d30e3d954af383522f969b45458bae229dfdb3851d8d619eed076b79d3,2
yellow_trip_hourly,titantpp_titans_mac,train,2,36,measured,9.986897930502892e-05,0.17885319492779672,0.17895306390710175,128,14080,986c3d430f243d00702c30babb992f14a864515e5da4b8f5e216a75b7ffc04b7,2
yellow_trip_hourly,titantpp_titans_mac,train,3,0,warmup,9.222491644322872e-05,3.3045086020138115,3.3046008269302547,128,13977,5e260d8f05dc28d7e34f53217d3bf3090aa30d708eccd4a8c4c5b2c86c0a5972,2
yellow_trip_hourly,titantpp_titans_mac,train,3,1,warmup,0.0001165890134871006,0.178225704934448,0.1783422939479351,128,14144,e309e195bdb8c8a10e8e06f781e7544a6e3d05c1d89756bc5067741b21d816a3,2
yellow_trip_hourly,titantpp_titans_mac,train,3,2,warmup,0.00010121101513504982,0.17583378893323243,0.17593499994836748,128,15705,e391613da587d10860975f1e240a8d31f9cce7ac8aa3b20a26a9747e7b782161,2
yellow_trip_hourly,titantpp_titans_mac,train,3,3,warmup,9.52831469476223e-05,0.17582360398955643,0.17591888713650405,128,14205,d12a3e5494f4d70b6a92076393939ab706395b41570cef6ab6dbd78bc781ca5b,2
yellow_trip_hourly,titantpp_titans_mac,train,3,4,warmup,9.634904563426971e-05,0.1757468448486179,0.17584319389425218,128,14135,1937b883f0dc35c3f2bc3050c8ca85b4b83e33623fbfadf50777021d33b42302,2
yellow_trip_hourly,titantpp_titans_mac,train,3,5,measured,9.916210547089577e-05,0.17583630396984518,0.17593546607531607,128,14690,3f2863bd360d15d6fb88b8c8600c6c692c355a2cd8d485f8def4a46ec6d5f31f,2
yellow_trip_hourly,titantpp_titans_mac,train,3,6,measured,0.00010560592636466026,0.17565054213628173,0.1757561480626464,128,14297,817abd4bc1e349311e5b5848e200d05c5d1fa01cf909277fe75b74114192ecd3,2
yellow_trip_hourly,titantpp_titans_mac,train,3,7,measured,0.00010244292207062244,0.17502623610198498,0.1751286790240556,128,15420,719ce0af83e91323021fb94a0f6217f313351fed6b05f96e6b47955b8107f780,2
yellow_trip_hourly,titantpp_titans_mac,train,3,8,measured,9.882613085210323e-05,0.17572813597507775,0.17582696210592985,128,14362,0a5f54b8e29697e6a5a9208ad319054eea17ca56736bbb144ca4d5d70f1e8ae3,2
yellow_trip_hourly,titantpp_titans_mac,train,3,9,measured,9.406404569745064e-05,0.17622427409514785,0.1763183381408453,128,14683,fa945155a02977d16a40e5e29bb8d2b7a7c2c0c4728c7cefe7a61d86a9ec2e4f,2
yellow_trip_hourly,titantpp_titans_mac,train,3,10,measured,9.711482562124729e-05,0.17620523599907756,0.1763023508246988,128,13848,3e64823c7037d0a6a7e22660b813fca340fb322388a1a6525612fe2b19b2ccf6,2
yellow_trip_hourly,titantpp_titans_mac,train,3,11,measured,9.568384848535061e-05,0.17586064501665533,0.17595632886514068,128,14841,ad373e73d5b75fa1904c772267f0d37686f2b03ebd8648364bb9cc62e46c3359,2
yellow_trip_hourly,titantpp_titans_mac,train,3,12,measured,9.512808173894882e-05,0.17578613385558128,0.17588126193732023,128,14376,860527ab6b92857948b15e727baa5f5c4cd329f26b5cc41bd181aee7f1ce2458,2
yellow_trip_hourly,titantpp_titans_mac,train,3,13,measured,0.00010392419062554836,0.17566937487572432,0.17577329906634986,128,13293,f034681ed9db8045db7b7afc9adb8a27d1a81a68eb9ef3366ff6c0a129c593bc,2
yellow_trip_hourly,titantpp_titans_mac,train,3,14,measured,9.867106564342976e-05,0.17687843600288033,0.17697710706852376,128,14416,b322c2cbb92fb40928fe573ae01318a30f5971ab995ccd1538d90538d7a985fc,2
yellow_trip_hourly,titantpp_titans_mac,train,3,15,measured,9.579397737979889e-05,0.17574332701042295,0.17583912098780274,128,13520,2d1f1cc3de8f916fa193099c1f88b3a02c735cbb746de702eae34cb2b530c114,2
yellow_trip_hourly,titantpp_titans_mac,train,3,16,measured,9.438209235668182e-05,0.1759024888742715,0.1759968709666282,128,15470,f755634af42b1d309b486a2ebd72bc53567ee2785fb82884c778bd71bd45c732,2
yellow_trip_hourly,titantpp_titans_mac,train,3,17,measured,9.389896877110004e-05,0.17578859790228307,0.17588249687105417,128,13486,2207dd205bb567ed78fc4e059e722fcd3b79825586145bf853adc7f674046289,2
yellow_trip_hourly,titantpp_titans_mac,train,3,18,measured,9.410991333425045e-05,0.176168791949749,0.17626290186308324,128,13472,41f647c7b26ac5a2e1dbfea7003cd8ca50a514dca712ae2ddd66483bc762a871,2
yellow_trip_hourly,titantpp_titans_mac,train,3,19,measured,9.505683556199074e-05,0.17525009298697114,0.17534514982253313,128,14697,9222578893d191711dfb3a4ef546dba8bdd3ca1c35e9260eb5bf8151cb9eca4c,2
yellow_trip_hourly,titantpp_titans_mac,train,3,20,measured,0.00010400987230241299,0.17500071390531957,0.17510472377762198,128,13993,28610eab1d9b3653dd81c5f41d121818be630abec573bdac3a6324bbbd9a33c1,2
yellow_trip_hourly,titantpp_titans_mac,train,3,21,measured,0.00010354304686188698,0.17556685395538807,0.17567039700224996,128,13850,bf4bd84a6bb9dcb8a91c42cd228751b76b64840a0d8c991fe7c201285f97a59f,2
yellow_trip_hourly,titantpp_titans_mac,train,3,22,measured,0.00010091508738696575,0.175592381041497,0.17569329612888396,128,14500,8ee3771c5602ff8d7338f1f7f87bed89d4d323948de3641c57beef4309e6ee11,2
yellow_trip_hourly,titantpp_titans_mac,train,3,23,measured,9.553809650242329e-05,0.17516188183799386,0.17525741993449628,128,14978,50bda321195da6f720cdee88f767be4544b24974e040005f4cc228fb3603f4eb,2
yellow_trip_hourly,titantpp_titans_mac,train,3,24,measured,9.537092410027981e-05,0.17543677100911736,0.17553214193321764,128,14842,a2451a9a177d67d9fe751ca99d5b41b434217623d1633ec8aa0e017d35d72f1f,2
yellow_trip_hourly,titantpp_titans_mac,train,3,25,measured,9.890412911772728e-05,0.17529385001398623,0.17539275414310396,128,12947,2232a9ccf6bba87fd3439991d26416e47291cf496ccdcf02d696594474c66732,2
yellow_trip_hourly,titantpp_titans_mac,train,3,26,measured,9.485287591814995e-05,0.1755902001168579,0.17568505299277604,128,13671,4b9f858bdb4ba789e469646b7fe89c0cd72fdeea3f1a38c581b4d91b803e3381,2
yellow_trip_hourly,titantpp_titans_mac,train,3,27,measured,9.400979615747929e-05,0.1757178301922977,0.17581183998845518,128,14060,2ca81ebead2c50419249862446d3e92055929c68c6362fedc40347a6f2ac0a7d,2
yellow_trip_hourly,titantpp_titans_mac,train,3,28,measured,9.460910223424435e-05,0.17503868998028338,0.17513329908251762,128,14271,a0a4d35ae43ba87a0bfba964196bdac335e28a0622abf8880c4258ec3f13a8ee,2
yellow_trip_hourly,titantpp_titans_mac,train,3,29,measured,9.09268856048584e-05,0.1758981430903077,0.17598906997591257,128,14118,87b39d84cd9a47e25ea730d88c2bbcd8f8fa2578f4bd0f5eef02f67c76194211,2
yellow_trip_hourly,titantpp_titans_mac,train,3,30,measured,0.00010971212759613991,0.17883563903160393,0.17894535115920007,128,14718,1d023564b8dad874ab1c6c4c14bfb8affbc44d070aea48a455b941b223383022,2
yellow_trip_hourly,titantpp_titans_mac,train,3,31,measured,9.279907681047916e-05,0.1754939949605614,0.17558679403737187,128,14063,3165c71d502b49f4edd0dfd7bc6f74116e938deb197d19c7d5c4d551d8ef659a,2
yellow_trip_hourly,titantpp_titans_mac,train,3,32,measured,9.430106729269028e-05,0.17514674691483378,0.17524104798212647,128,14234,0b5c37e868e26b679d8a672ccdf8e4a61ee937f18c98e603aba6ac27b2a14e63,2
yellow_trip_hourly,titantpp_titans_mac,train,3,33,measured,9.5051946118474e-05,0.17550181108526886,0.17559686303138733,128,14533,1c42614d2a9587c75b525c9dc45d4678e3f9234b65aa5a9da0a845e516f029df,2
yellow_trip_hourly,titantpp_titans_mac,train,3,34,measured,9.525194764137268e-05,0.1747229490429163,0.17481820099055767,128,14210,fb50b4b7eb9672c011951e5c4bbfb51954b2056807661094adda672d18419e6d,2
yellow_trip_hourly,titantpp_titans_mac,train,3,35,measured,9.440397843718529e-05,0.3001631631050259,0.3002575670834631,128,13367,e9c3b6d30e3d954af383522f969b45458bae229dfdb3851d8d619eed076b79d3,2
yellow_trip_hourly,titantpp_titans_mac,train,3,36,measured,9.429105557501316e-05,0.17612100578844547,0.17621529684402049,128,14080,986c3d430f243d00702c30babb992f14a864515e5da4b8f5e216a75b7ffc04b7,2
