dataset,fold,stratum,stratum_label,slot,stratum_target_count,selection_count,selection_mass_all,selection_mass_within_stratum,log_gradient_norm,raw_gradient_norm,body_gradient_norm,time_gradient_norm
intermittent_v2,0,0,<= 2,0,1047,0,0.0,0.0,0.0,0.0,0.0,0.0
intermittent_v2,0,0,<= 2,1,1047,2,0.000244140625,0.0004775549188156638,0.0016009402296429695,0.0065384942547212855,0.003803443723513276,0.020686486239740363
intermittent_v2,0,0,<= 2,2,1047,8,0.0009765625,0.0019102196752626551,0.0023160125014596235,0.025879432683305444,0.7107194418362239,0.025458803595037785
intermittent_v2,0,0,<= 2,3,1047,5,0.0006103515625,0.0011938872970391596,0.03442577742747652,0.2753220784785737,0.06595380430581436,0.013363102629444786
intermittent_v2,0,0,<= 2,4,1047,0,0.0,0.0,0.0,0.0,0.0,0.0
intermittent_v2,0,0,<= 2,5,1047,2,0.000244140625,0.0004775549188156638,0.025510136987970892,0.18555274214776288,0.07192220779614253,0.026243721675372145
intermittent_v2,0,0,<= 2,6,1047,6,0.000732421875,0.0014326647564469914,0.061340016657150956,0.5801933474996128,1.2004167438006896,0.034513279379399686
intermittent_v2,0,0,<= 2,7,1047,0,0.0,0.0,0.0,0.0,0.0,0.0
intermittent_v2,0,0,<= 2,8,1047,230,0.028076171875,0.054918815663801336,0.12566885916809542,0.8812779039670552,7.985439572751384,0.7655279939922413
intermittent_v2,0,0,<= 2,9,1047,0,0.0,0.0,0.0,0.0,0.0,0.0
intermittent_v2,0,0,<= 2,10,1047,0,0.0,0.0,0.0,0.0,0.0,0.0
intermittent_v2,0,0,<= 2,11,1047,0,0.0,0.0,0.0,0.0,0.0,0.0
intermittent_v2,0,0,<= 2,12,1047,28,0.00341796875,0.0066857688634192934,0.10963774108447745,1.0954943686860021,1.1901047125330704,0.047762315884737304
intermittent_v2,0,0,<= 2,13,1047,0,0.0,0.0,0.0,0.0,0.0,0.0
intermittent_v2,0,0,<= 2,14,1047,0,0.0,0.0,0.0,0.0,0.0,0.0
intermittent_v2,0,0,<= 2,15,1047,242,0.029541015625,0.05778414517669532,0.17952923568537504,0.8262186206900947,16.218810802591342,0.9533564198707607
intermittent_v2,0,0,<= 2,16,1047,2,0.000244140625,0.0004775549188156638,0.0006503576306788678,0.0025899788131217216,0.27497029755627933,0.010899489430498786
intermittent_v2,0,0,<= 2,17,1047,0,0.0,0.0,0.0,0.0,0.0,0.0
intermittent_v2,0,0,<= 2,18,1047,4,0.00048828125,0.0009551098376313276,0.07145158509390638,0.9249808490373868,1.1311225809022603,0.023013610339316978
intermittent_v2,0,0,<= 2,19,1047,7,0.0008544921875,0.0016714422158548234,0.02853923208053379,0.14598202721130057,0.3425425746144723,0.06961462526495356
intermittent_v2,0,0,<= 2,20,1047,21,0.0025634765625,0.00501432664756447,0.06444179648959773,0.4361964139822946,0.18128858680215526,0.05885724660657777
intermittent_v2,0,0,<= 2,21,1047,0,0.0,0.0,0.0,0.0,0.0,0.0
intermittent_v2,0,0,<= 2,22,1047,210,0.025634765625,0.050143266475644696,0.01676707878236363,0.15882560170907353,5.24179106122259,0.7275287169233403
intermittent_v2,0,0,<= 2,23,1047,3,0.0003662109375,0.0007163323782234957,0.04157497024524225,0.3072483405470778,0.73428448387496,0.0039066674493053845
intermittent_v2,0,0,<= 2,24,1047,0,0.0,0.0,0.0,0.0,0.0,0.0
intermittent_v2,0,0,<= 2,25,1047,25,0.0030517578125,0.0059694364851957974,0.025118816856606597,0.10993308611741914,1.3436951971500206,0.11717618995379303
intermittent_v2,0,0,<= 2,26,1047,4,0.00048828125,0.0009551098376313276,0.09308997583617225,0.6451784745372205,1.0077657446349677,0.02213314955775794
intermittent_v2,0,0,<= 2,27,1047,0,0.0,0.0,0.0,0.0,0.0,0.0
intermittent_v2,0,0,<= 2,28,1047,193,0.0235595703125,0.04608404966571156,0.05155947422909747,0.20482764334548872,3.73571870223973,0.7425453126652939
intermittent_v2,0,0,<= 2,29,1047,15,0.0018310546875,0.0035816618911174787,0.12318874232624907,1.294987427395592,2.1401359132499755,0.04153902072316137
intermittent_v2,0,0,<= 2,30,1047,9,0.0010986328125,0.002148997134670487,0.021530289609603643,0.0916500451268034,0.5650728704646208,0.03414508994479136
intermittent_v2,0,0,<= 2,31,1047,16,0.001953125,0.0038204393505253103,0.05043500112687142,0.20703341605540007,1.65164282228268,0.042519442180109036
intermittent_v2,0,0,<= 2,32,1047,25,0.0030517578125,0.0059694364851957974,0.004720367187019826,0.016394014683961157,1.1848352879589037,0.1589641896652713
intermittent_v2,0,0,<= 2,33,1047,33,0.0040283203125,0.007879656160458453,0.2114572160390337,2.635696512176092,1.0459268911975093,0.08761923953235945
intermittent_v2,0,0,<= 2,34,1047,1,0.0001220703125,0.0002387774594078319,0.002697905119034552,0.024816847826926742,0.28234378502420576,0.008486198746806043
intermittent_v2,0,0,<= 2,35,1047,1,0.0001220703125,0.0002387774594078319,0.08533881696707413,1.404513289293389,0.4788547215068768,0.007834534280484048
intermittent_v2,0,0,<= 2,36,1047,0,0.0,0.0,0.0,0.0,0.0,0.0
intermittent_v2,0,0,<= 2,37,1047,148,0.01806640625,0.03533906399235912,0.06357149095411278,0.3330543356841473,7.072324754439153,0.5758084851696892
intermittent_v2,0,0,<= 2,38,1047,499,0.0609130859375,0.11914995224450811,0.4766957231546616,2.586740262298671,6.751850545865511,1.8930403318951154
intermittent_v2,0,0,<= 2,39,1047,0,0.0,0.0,0.0,0.0,0.0,0.0
intermittent_v2,0,0,<= 2,40,1047,55,0.0067138671875,0.013132760267430755,0.015409721835564699,0.10231433038190944,0.8478208544661795,0.25058864633953826
intermittent_v2,0,0,<= 2,41,1047,134,0.016357421875,0.03199617956064948,0.45010894365427645,4.214482112306659,9.445885908098683,0.4701010168031969
intermittent_v2,0,0,<= 2,42,1047,279,0.0340576171875,0.0666189111747851,0.9443170118875852,5.443859208516208,16.238034322901726,0.8353655455846267
intermittent_v2,0,0,<= 2,43,1047,721,0.0880126953125,0.1721585482330468,0.37538619584930477,1.210934067931773,7.277861666466468,2.6070883746892193
intermittent_v2,0,0,<= 2,44,1047,9,0.0010986328125,0.002148997134670487,0.021489794436339985,0.1659743833418448,0.6900455629412499,0.013227277011601686
intermittent_v2,0,0,<= 2,45,1047,0,0.0,0.0,0.0,0.0,0.0,0.0
intermittent_v2,0,0,<= 2,46,1047,9,0.0010986328125,0.002148997134670487,0.01129919626136635,0.12140534891757916,0.9857299476471736,0.032491908543878865
intermittent_v2,0,0,<= 2,47,1047,0,0.0,0.0,0.0,0.0,0.0,0.0
intermittent_v2,0,0,<= 2,48,1047,0,0.0,0.0,0.0,0.0,0.0,0.0
intermittent_v2,0,0,<= 2,49,1047,0,0.0,0.0,0.0,0.0,0.0,0.0
intermittent_v2,0,0,<= 2,50,1047,26,0.003173828125,0.0062082139446036294,0.01974832959101672,0.1538456344783549,0.06387679896202776,0.08141652116686945
intermittent_v2,0,0,<= 2,51,1047,14,0.001708984375,0.0033428844317096467,0.06158410331215464,0.4580629026346051,0.9860951272733184,0.0265319879498109
intermittent_v2,0,0,<= 2,52,1047,29,0.0035400390625,0.0069245463228271254,0.3155004346963496,3.4516167073020623,1.447223546819383,0.09651073682741242
intermittent_v2,0,0,<= 2,53,1047,967,0.1180419921875,0.23089780324737344,0.5518500140951493,1.9188813766318993,1.6301775266166518,3.619376965100946
intermittent_v2,0,0,<= 2,54,1047,5,0.0006103515625,0.0011938872970391596,0.055382444409359244,0.3656102399859122,0.6627228443442846,0.00885229355667429
intermittent_v2,0,0,<= 2,55,1047,0,0.0,0.0,0.0,0.0,0.0,0.0
intermittent_v2,0,0,<= 2,56,1047,0,0.0,0.0,0.0,0.0,0.0,0.0
intermittent_v2,0,0,<= 2,57,1047,0,0.0,0.0,0.0,0.0,0.0,0.0
intermittent_v2,0,0,<= 2,58,1047,14,0.001708984375,0.0033428844317096467,0.0021672377763769643,0.009315862333424508,0.5772343849162065,0.0335950871270419
intermittent_v2,0,0,<= 2,59,1047,2,0.000244140625,0.0004775549188156638,0.0007173182811796068,0.0028515393848898758,0.2748353084818299,0.01113135544170603
intermittent_v2,0,0,<= 2,60,1047,50,0.006103515625,0.011938872970391595,0.02281291522565569,0.16073294475064967,0.7199007715238396,0.14947039603927745
intermittent_v2,0,0,<= 2,61,1047,6,0.000732421875,0.0014326647564469914,0.025248076903214647,0.15626627637589413,0.3105483837991666,0.00703580164079611
intermittent_v2,0,0,<= 2,62,1047,1,0.0001220703125,0.0002387774594078319,0.0019746092004612028,0.01748651649751867,0.27182985179622,9.297045449778664e-05
intermittent_v2,0,0,<= 2,63,1047,128,0.015625,0.030563514804202482,0.28964558610998603,1.3100607468272152,6.666612863808433,0.5293287762035382
intermittent_v2,0,1,"(2, 31]",0,814,0,0.0,0.0,0.0,0.0,0.0,0.0
intermittent_v2,0,1,"(2, 31]",1,814,0,0.0,0.0,0.0,0.0,0.0,0.0
intermittent_v2,0,1,"(2, 31]",2,814,0,0.0,0.0,0.0,0.0,0.0,0.0
intermittent_v2,0,1,"(2, 31]",3,814,1,0.0001220703125,0.0003071253071253071,0.0059366067774045544,0.302001217314467,0.8532645628400002,0.0015894172542322618
intermittent_v2,0,1,"(2, 31]",4,814,0,0.0,0.0,0.0,0.0,0.0,0.0
intermittent_v2,0,1,"(2, 31]",5,814,3,0.0003662109375,0.0009213759213759214,0.09921310255385629,1.511739772699494,1.1012506599715939,0.0030218094272563187
intermittent_v2,0,1,"(2, 31]",6,814,0,0.0,0.0,0.0,0.0,0.0,0.0
intermittent_v2,0,1,"(2, 31]",7,814,0,0.0,0.0,0.0,0.0,0.0,0.0
intermittent_v2,0,1,"(2, 31]",8,814,2,0.000244140625,0.0006142506142506142,0.08283529306993984,0.8749976118753906,0.6119040653493024,0.011800485401722129
intermittent_v2,0,1,"(2, 31]",9,814,0,0.0,0.0,0.0,0.0,0.0,0.0
intermittent_v2,0,1,"(2, 31]",10,814,0,0.0,0.0,0.0,0.0,0.0,0.0
intermittent_v2,0,1,"(2, 31]",11,814,0,0.0,0.0,0.0,0.0,0.0,0.0
intermittent_v2,0,1,"(2, 31]",12,814,2,0.000244140625,0.0006142506142506142,0.067443810748269,0.7852122130580272,0.6525667489724868,0.010629331489684585
intermittent_v2,0,1,"(2, 31]",13,814,0,0.0,0.0,0.0,0.0,0.0,0.0
intermittent_v2,0,1,"(2, 31]",14,814,0,0.0,0.0,0.0,0.0,0.0,0.0
intermittent_v2,0,1,"(2, 31]",15,814,1,0.0001220703125,0.0003071253071253071,0.12566121897682625,0.8770478757405766,0.15077159744196048,0.005877757305979198
intermittent_v2,0,1,"(2, 31]",16,814,0,0.0,0.0,0.0,0.0,0.0,0.0
intermittent_v2,0,1,"(2, 31]",17,814,0,0.0,0.0,0.0,0.0,0.0,0.0
intermittent_v2,0,1,"(2, 31]",18,814,9,0.0010986328125,0.002764127764127764,0.0011056010626443475,1.6311999601667877,2.7982976668208344,0.001478441786801214
intermittent_v2,0,1,"(2, 31]",19,814,0,0.0,0.0,0.0,0.0,0.0,0.0
intermittent_v2,0,1,"(2, 31]",20,814,1,0.0001220703125,0.0003071253071253071,0.062295130966416395,0.5932118993397663,0.25149573906715045,0.005003229226194939
intermittent_v2,0,1,"(2, 31]",21,814,5,0.0006103515625,0.0015356265356265355,0.07246575884828715,2.5946470010021074,2.0168866162885983,0.008486260954631203
intermittent_v2,0,1,"(2, 31]",22,814,8,0.0009765625,0.002457002457002457,0.35014770242504023,3.64270552624687,1.7351507343355892,0.01817864865270179
intermittent_v2,0,1,"(2, 31]",23,814,0,0.0,0.0,0.0,0.0,0.0,0.0
intermittent_v2,0,1,"(2, 31]",24,814,0,0.0,0.0,0.0,0.0,0.0,0.0
intermittent_v2,0,1,"(2, 31]",25,814,1,0.0001220703125,0.0003071253071253071,0.013818958885949787,0.19961128988190682,0.37792959727013464,0.001614889726132719
intermittent_v2,0,1,"(2, 31]",26,814,1,0.0001220703125,0.0003071253071253071,0.018834428890503654,0.4132589446071391,0.49486774366705427,0.003141331041777656
intermittent_v2,0,1,"(2, 31]",27,814,0,0.0,0.0,0.0,0.0,0.0,0.0
intermittent_v2,0,1,"(2, 31]",28,814,1,0.0001220703125,0.0003071253071253071,0.026667702051312102,0.34861207238717884,0.34452097771730494,0.0005409378591495776
intermittent_v2,0,1,"(2, 31]",29,814,9,0.0010986328125,0.002764127764127764,0.13118317667565127,30.474619903087284,13.806482167819695,0.03602885129148208
intermittent_v2,0,1,"(2, 31]",30,814,0,0.0,0.0,0.0,0.0,0.0,0.0
intermittent_v2,0,1,"(2, 31]",31,814,0,0.0,0.0,0.0,0.0,0.0,0.0
intermittent_v2,0,1,"(2, 31]",32,814,0,0.0,0.0,0.0,0.0,0.0,0.0
intermittent_v2,0,1,"(2, 31]",33,814,770,0.093994140625,0.23648648648648649,2.393048745445301,1550.8511715027694,443.98029907181547,2.0920889762471004
intermittent_v2,0,1,"(2, 31]",34,814,1,0.0001220703125,0.0003071253071253071,0.05566812882538991,6.296131993613281,1.4128770284507026,0.0019971638435072
intermittent_v2,0,1,"(2, 31]",35,814,759,0.0926513671875,0.23310810810810811,2.27047373352633,1540.8280348480514,438.481302474313,2.0612307298276704
intermittent_v2,0,1,"(2, 31]",36,814,0,0.0,0.0,0.0,0.0,0.0,0.0
intermittent_v2,0,1,"(2, 31]",37,814,0,0.0,0.0,0.0,0.0,0.0,0.0
intermittent_v2,0,1,"(2, 31]",38,814,12,0.00146484375,0.0036855036855036856,1.0237613629882987,14.644316490820573,2.8424056681179977,0.045922882550502024
intermittent_v2,0,1,"(2, 31]",39,814,0,0.0,0.0,0.0,0.0,0.0,0.0
intermittent_v2,0,1,"(2, 31]",40,814,0,0.0,0.0,0.0,0.0,0.0,0.0
intermittent_v2,0,1,"(2, 31]",41,814,784,0.095703125,0.24078624078624078,2.0444326921625806,1517.3940719688405,428.9793067657914,2.167147932380522
intermittent_v2,0,1,"(2, 31]",42,814,57,0.0069580078125,0.017506142506142505,1.142730128136756,14.488226082521372,0.07885734800628234,0.2047311257724523
intermittent_v2,0,1,"(2, 31]",43,814,32,0.00390625,0.009828009828009828,1.451708131217151,18.827172184497996,3.815938988719475,0.1298278257404
intermittent_v2,0,1,"(2, 31]",44,814,0,0.0,0.0,0.0,0.0,0.0,0.0
intermittent_v2,0,1,"(2, 31]",45,814,0,0.0,0.0,0.0,0.0,0.0,0.0
intermittent_v2,0,1,"(2, 31]",46,814,0,0.0,0.0,0.0,0.0,0.0,0.0
intermittent_v2,0,1,"(2, 31]",47,814,0,0.0,0.0,0.0,0.0,0.0,0.0
intermittent_v2,0,1,"(2, 31]",48,814,0,0.0,0.0,0.0,0.0,0.0,0.0
intermittent_v2,0,1,"(2, 31]",49,814,0,0.0,0.0,0.0,0.0,0.0,0.0
intermittent_v2,0,1,"(2, 31]",50,814,0,0.0,0.0,0.0,0.0,0.0,0.0
intermittent_v2,0,1,"(2, 31]",51,814,2,0.000244140625,0.0006142506142506142,0.025326568383018406,0.3627026298020286,0.762001440946981,0.008215999460665507
intermittent_v2,0,1,"(2, 31]",52,814,782,0.095458984375,0.24017199017199017,2.4069499433362824,1550.7005019683677,442.76992438633755,2.1167349834082145
intermittent_v2,0,1,"(2, 31]",53,814,9,0.0010986328125,0.002764127764127764,1.1297521736349974,14.873232323834344,2.0340460785604075,0.02542383078317346
intermittent_v2,0,1,"(2, 31]",54,814,0,0.0,0.0,0.0,0.0,0.0,0.0
intermittent_v2,0,1,"(2, 31]",55,814,0,0.0,0.0,0.0,0.0,0.0,0.0
intermittent_v2,0,1,"(2, 31]",56,814,0,0.0,0.0,0.0,0.0,0.0,0.0
intermittent_v2,0,1,"(2, 31]",57,814,0,0.0,0.0,0.0,0.0,0.0,0.0
intermittent_v2,0,1,"(2, 31]",58,814,0,0.0,0.0,0.0,0.0,0.0,0.0
intermittent_v2,0,1,"(2, 31]",59,814,0,0.0,0.0,0.0,0.0,0.0,0.0
intermittent_v2,0,1,"(2, 31]",60,814,0,0.0,0.0,0.0,0.0,0.0,0.0
intermittent_v2,0,1,"(2, 31]",61,814,0,0.0,0.0,0.0,0.0,0.0,0.0
intermittent_v2,0,1,"(2, 31]",62,814,4,0.00048828125,0.0012285012285012285,0.025789830985736638,1.410118009402373,0.08710160579062284,0.011271889773366243
intermittent_v2,0,1,"(2, 31]",63,814,0,0.0,0.0,0.0,0.0,0.0,0.0
intermittent_v2,0,2,"(31, 46]",0,85,0,0.0,0.0,0.0,0.0,0.0,0.0
intermittent_v2,0,2,"(31, 46]",1,85,0,0.0,0.0,0.0,0.0,0.0,0.0
intermittent_v2,0,2,"(31, 46]",2,85,0,0.0,0.0,0.0,0.0,0.0,0.0
intermittent_v2,0,2,"(31, 46]",3,85,0,0.0,0.0,0.0,0.0,0.0,0.0
intermittent_v2,0,2,"(31, 46]",4,85,0,0.0,0.0,0.0,0.0,0.0,0.0
intermittent_v2,0,2,"(31, 46]",5,85,0,0.0,0.0,0.0,0.0,0.0,0.0
intermittent_v2,0,2,"(31, 46]",6,85,0,0.0,0.0,0.0,0.0,0.0,0.0
intermittent_v2,0,2,"(31, 46]",7,85,0,0.0,0.0,0.0,0.0,0.0,0.0
intermittent_v2,0,2,"(31, 46]",8,85,0,0.0,0.0,0.0,0.0,0.0,0.0
intermittent_v2,0,2,"(31, 46]",9,85,0,0.0,0.0,0.0,0.0,0.0,0.0
intermittent_v2,0,2,"(31, 46]",10,85,0,0.0,0.0,0.0,0.0,0.0,0.0
intermittent_v2,0,2,"(31, 46]",11,85,0,0.0,0.0,0.0,0.0,0.0,0.0
intermittent_v2,0,2,"(31, 46]",12,85,0,0.0,0.0,0.0,0.0,0.0,0.0
intermittent_v2,0,2,"(31, 46]",13,85,0,0.0,0.0,0.0,0.0,0.0,0.0
intermittent_v2,0,2,"(31, 46]",14,85,0,0.0,0.0,0.0,0.0,0.0,0.0
intermittent_v2,0,2,"(31, 46]",15,85,0,0.0,0.0,0.0,0.0,0.0,0.0
intermittent_v2,0,2,"(31, 46]",16,85,0,0.0,0.0,0.0,0.0,0.0,0.0
intermittent_v2,0,2,"(31, 46]",17,85,0,0.0,0.0,0.0,0.0,0.0,0.0
intermittent_v2,0,2,"(31, 46]",18,85,0,0.0,0.0,0.0,0.0,0.0,0.0
intermittent_v2,0,2,"(31, 46]",19,85,0,0.0,0.0,0.0,0.0,0.0,0.0
intermittent_v2,0,2,"(31, 46]",20,85,0,0.0,0.0,0.0,0.0,0.0,0.0
intermittent_v2,0,2,"(31, 46]",21,85,0,0.0,0.0,0.0,0.0,0.0,0.0
intermittent_v2,0,2,"(31, 46]",22,85,0,0.0,0.0,0.0,0.0,0.0,0.0
intermittent_v2,0,2,"(31, 46]",23,85,0,0.0,0.0,0.0,0.0,0.0,0.0
intermittent_v2,0,2,"(31, 46]",24,85,0,0.0,0.0,0.0,0.0,0.0,0.0
intermittent_v2,0,2,"(31, 46]",25,85,0,0.0,0.0,0.0,0.0,0.0,0.0
intermittent_v2,0,2,"(31, 46]",26,85,0,0.0,0.0,0.0,0.0,0.0,0.0
intermittent_v2,0,2,"(31, 46]",27,85,0,0.0,0.0,0.0,0.0,0.0,0.0
intermittent_v2,0,2,"(31, 46]",28,85,0,0.0,0.0,0.0,0.0,0.0,0.0
intermittent_v2,0,2,"(31, 46]",29,85,0,0.0,0.0,0.0,0.0,0.0,0.0
intermittent_v2,0,2,"(31, 46]",30,85,0,0.0,0.0,0.0,0.0,0.0,0.0
intermittent_v2,0,2,"(31, 46]",31,85,0,0.0,0.0,0.0,0.0,0.0,0.0
intermittent_v2,0,2,"(31, 46]",32,85,0,0.0,0.0,0.0,0.0,0.0,0.0
intermittent_v2,0,2,"(31, 46]",33,85,85,0.0103759765625,0.25,0.30979834724784894,332.3294820611015,127.94103873799584,0.2248894515288826
intermittent_v2,0,2,"(31, 46]",34,85,1,0.0001220703125,0.0029411764705882353,0.005227986301129153,8.124743406252568,5.28106307948796,0.004572395620536508
intermittent_v2,0,2,"(31, 46]",35,85,85,0.0103759765625,0.25,0.30979834724784894,332.3294820611015,127.94103873799584,0.2248894515288826
intermittent_v2,0,2,"(31, 46]",36,85,0,0.0,0.0,0.0,0.0,0.0,0.0
intermittent_v2,0,2,"(31, 46]",37,85,0,0.0,0.0,0.0,0.0,0.0,0.0
intermittent_v2,0,2,"(31, 46]",38,85,0,0.0,0.0,0.0,0.0,0.0,0.0
intermittent_v2,0,2,"(31, 46]",39,85,0,0.0,0.0,0.0,0.0,0.0,0.0
intermittent_v2,0,2,"(31, 46]",40,85,0,0.0,0.0,0.0,0.0,0.0,0.0
intermittent_v2,0,2,"(31, 46]",41,85,84,0.01025390625,0.24705882352941178,0.30457036094671985,324.2047386548489,122.65997565850786,0.22031705590834605
intermittent_v2,0,2,"(31, 46]",42,85,0,0.0,0.0,0.0,0.0,0.0,0.0
intermittent_v2,0,2,"(31, 46]",43,85,0,0.0,0.0,0.0,0.0,0.0,0.0
intermittent_v2,0,2,"(31, 46]",44,85,0,0.0,0.0,0.0,0.0,0.0,0.0
intermittent_v2,0,2,"(31, 46]",45,85,0,0.0,0.0,0.0,0.0,0.0,0.0
intermittent_v2,0,2,"(31, 46]",46,85,0,0.0,0.0,0.0,0.0,0.0,0.0
intermittent_v2,0,2,"(31, 46]",47,85,0,0.0,0.0,0.0,0.0,0.0,0.0
intermittent_v2,0,2,"(31, 46]",48,85,0,0.0,0.0,0.0,0.0,0.0,0.0
intermittent_v2,0,2,"(31, 46]",49,85,0,0.0,0.0,0.0,0.0,0.0,0.0
intermittent_v2,0,2,"(31, 46]",50,85,0,0.0,0.0,0.0,0.0,0.0,0.0
intermittent_v2,0,2,"(31, 46]",51,85,0,0.0,0.0,0.0,0.0,0.0,0.0
intermittent_v2,0,2,"(31, 46]",52,85,85,0.0103759765625,0.25,0.30979834724784894,332.3294820611015,127.94103873799584,0.2248894515288826
intermittent_v2,0,2,"(31, 46]",53,85,0,0.0,0.0,0.0,0.0,0.0,0.0
intermittent_v2,0,2,"(31, 46]",54,85,0,0.0,0.0,0.0,0.0,0.0,0.0
intermittent_v2,0,2,"(31, 46]",55,85,0,0.0,0.0,0.0,0.0,0.0,0.0
intermittent_v2,0,2,"(31, 46]",56,85,0,0.0,0.0,0.0,0.0,0.0,0.0
intermittent_v2,0,2,"(31, 46]",57,85,0,0.0,0.0,0.0,0.0,0.0,0.0
intermittent_v2,0,2,"(31, 46]",58,85,0,0.0,0.0,0.0,0.0,0.0,0.0
intermittent_v2,0,2,"(31, 46]",59,85,0,0.0,0.0,0.0,0.0,0.0,0.0
intermittent_v2,0,2,"(31, 46]",60,85,0,0.0,0.0,0.0,0.0,0.0,0.0
intermittent_v2,0,2,"(31, 46]",61,85,0,0.0,0.0,0.0,0.0,0.0,0.0
intermittent_v2,0,2,"(31, 46]",62,85,0,0.0,0.0,0.0,0.0,0.0,0.0
intermittent_v2,0,2,"(31, 46]",63,85,0,0.0,0.0,0.0,0.0,0.0,0.0
intermittent_v2,0,3,"(46, 187]",0,77,0,0.0,0.0,0.0,0.0,0.0,0.0
intermittent_v2,0,3,"(46, 187]",1,77,0,0.0,0.0,0.0,0.0,0.0,0.0
intermittent_v2,0,3,"(46, 187]",2,77,0,0.0,0.0,0.0,0.0,0.0,0.0
intermittent_v2,0,3,"(46, 187]",3,77,0,0.0,0.0,0.0,0.0,0.0,0.0
intermittent_v2,0,3,"(46, 187]",4,77,0,0.0,0.0,0.0,0.0,0.0,0.0
intermittent_v2,0,3,"(46, 187]",5,77,0,0.0,0.0,0.0,0.0,0.0,0.0
intermittent_v2,0,3,"(46, 187]",6,77,0,0.0,0.0,0.0,0.0,0.0,0.0
intermittent_v2,0,3,"(46, 187]",7,77,0,0.0,0.0,0.0,0.0,0.0,0.0
intermittent_v2,0,3,"(46, 187]",8,77,0,0.0,0.0,0.0,0.0,0.0,0.0
intermittent_v2,0,3,"(46, 187]",9,77,0,0.0,0.0,0.0,0.0,0.0,0.0
intermittent_v2,0,3,"(46, 187]",10,77,0,0.0,0.0,0.0,0.0,0.0,0.0
intermittent_v2,0,3,"(46, 187]",11,77,0,0.0,0.0,0.0,0.0,0.0,0.0
intermittent_v2,0,3,"(46, 187]",12,77,0,0.0,0.0,0.0,0.0,0.0,0.0
intermittent_v2,0,3,"(46, 187]",13,77,0,0.0,0.0,0.0,0.0,0.0,0.0
intermittent_v2,0,3,"(46, 187]",14,77,0,0.0,0.0,0.0,0.0,0.0,0.0
intermittent_v2,0,3,"(46, 187]",15,77,0,0.0,0.0,0.0,0.0,0.0,0.0
intermittent_v2,0,3,"(46, 187]",16,77,0,0.0,0.0,0.0,0.0,0.0,0.0
intermittent_v2,0,3,"(46, 187]",17,77,0,0.0,0.0,0.0,0.0,0.0,0.0
intermittent_v2,0,3,"(46, 187]",18,77,0,0.0,0.0,0.0,0.0,0.0,0.0
intermittent_v2,0,3,"(46, 187]",19,77,0,0.0,0.0,0.0,0.0,0.0,0.0
intermittent_v2,0,3,"(46, 187]",20,77,0,0.0,0.0,0.0,0.0,0.0,0.0
intermittent_v2,0,3,"(46, 187]",21,77,0,0.0,0.0,0.0,0.0,0.0,0.0
intermittent_v2,0,3,"(46, 187]",22,77,0,0.0,0.0,0.0,0.0,0.0,0.0
intermittent_v2,0,3,"(46, 187]",23,77,0,0.0,0.0,0.0,0.0,0.0,0.0
intermittent_v2,0,3,"(46, 187]",24,77,0,0.0,0.0,0.0,0.0,0.0,0.0
intermittent_v2,0,3,"(46, 187]",25,77,0,0.0,0.0,0.0,0.0,0.0,0.0
intermittent_v2,0,3,"(46, 187]",26,77,0,0.0,0.0,0.0,0.0,0.0,0.0
intermittent_v2,0,3,"(46, 187]",27,77,0,0.0,0.0,0.0,0.0,0.0,0.0
intermittent_v2,0,3,"(46, 187]",28,77,0,0.0,0.0,0.0,0.0,0.0,0.0
intermittent_v2,0,3,"(46, 187]",29,77,0,0.0,0.0,0.0,0.0,0.0,0.0
intermittent_v2,0,3,"(46, 187]",30,77,0,0.0,0.0,0.0,0.0,0.0,0.0
intermittent_v2,0,3,"(46, 187]",31,77,0,0.0,0.0,0.0,0.0,0.0,0.0
intermittent_v2,0,3,"(46, 187]",32,77,0,0.0,0.0,0.0,0.0,0.0,0.0
intermittent_v2,0,3,"(46, 187]",33,77,77,0.0093994140625,0.25,0.016767305510516025,1752.410553646424,0.0,0.10111227641464134
intermittent_v2,0,3,"(46, 187]",34,77,2,0.000244140625,0.006493506493506494,0.019182062996968292,399.60536367669806,0.0,0.00302044041376428
intermittent_v2,0,3,"(46, 187]",35,77,77,0.0093994140625,0.25,0.016767305510516025,1752.410553646424,0.0,0.10111227641464134
intermittent_v2,0,3,"(46, 187]",36,77,0,0.0,0.0,0.0,0.0,0.0,0.0
intermittent_v2,0,3,"(46, 187]",37,77,0,0.0,0.0,0.0,0.0,0.0,0.0
intermittent_v2,0,3,"(46, 187]",38,77,0,0.0,0.0,0.0,0.0,0.0,0.0
intermittent_v2,0,3,"(46, 187]",39,77,0,0.0,0.0,0.0,0.0,0.0,0.0
intermittent_v2,0,3,"(46, 187]",40,77,0,0.0,0.0,0.0,0.0,0.0,0.0
intermittent_v2,0,3,"(46, 187]",41,77,75,0.0091552734375,0.2435064935064935,0.0024147574864547394,1352.805189969726,0.0,0.10413271682840561
intermittent_v2,0,3,"(46, 187]",42,77,0,0.0,0.0,0.0,0.0,0.0,0.0
intermittent_v2,0,3,"(46, 187]",43,77,0,0.0,0.0,0.0,0.0,0.0,0.0
intermittent_v2,0,3,"(46, 187]",44,77,0,0.0,0.0,0.0,0.0,0.0,0.0
intermittent_v2,0,3,"(46, 187]",45,77,0,0.0,0.0,0.0,0.0,0.0,0.0
intermittent_v2,0,3,"(46, 187]",46,77,0,0.0,0.0,0.0,0.0,0.0,0.0
intermittent_v2,0,3,"(46, 187]",47,77,0,0.0,0.0,0.0,0.0,0.0,0.0
intermittent_v2,0,3,"(46, 187]",48,77,0,0.0,0.0,0.0,0.0,0.0,0.0
intermittent_v2,0,3,"(46, 187]",49,77,0,0.0,0.0,0.0,0.0,0.0,0.0
intermittent_v2,0,3,"(46, 187]",50,77,0,0.0,0.0,0.0,0.0,0.0,0.0
intermittent_v2,0,3,"(46, 187]",51,77,0,0.0,0.0,0.0,0.0,0.0,0.0
intermittent_v2,0,3,"(46, 187]",52,77,77,0.0093994140625,0.25,0.016767305510516025,1752.410553646424,0.0,0.10111227641464134
intermittent_v2,0,3,"(46, 187]",53,77,0,0.0,0.0,0.0,0.0,0.0,0.0
intermittent_v2,0,3,"(46, 187]",54,77,0,0.0,0.0,0.0,0.0,0.0,0.0
intermittent_v2,0,3,"(46, 187]",55,77,0,0.0,0.0,0.0,0.0,0.0,0.0
intermittent_v2,0,3,"(46, 187]",56,77,0,0.0,0.0,0.0,0.0,0.0,0.0
intermittent_v2,0,3,"(46, 187]",57,77,0,0.0,0.0,0.0,0.0,0.0,0.0
intermittent_v2,0,3,"(46, 187]",58,77,0,0.0,0.0,0.0,0.0,0.0,0.0
intermittent_v2,0,3,"(46, 187]",59,77,0,0.0,0.0,0.0,0.0,0.0,0.0
intermittent_v2,0,3,"(46, 187]",60,77,0,0.0,0.0,0.0,0.0,0.0,0.0
intermittent_v2,0,3,"(46, 187]",61,77,0,0.0,0.0,0.0,0.0,0.0,0.0
intermittent_v2,0,3,"(46, 187]",62,77,0,0.0,0.0,0.0,0.0,0.0,0.0
intermittent_v2,0,3,"(46, 187]",63,77,0,0.0,0.0,0.0,0.0,0.0,0.0
intermittent_v2,0,4,> 187,0,25,0,0.0,0.0,0.0,0.0,0.0,0.0
intermittent_v2,0,4,> 187,1,25,0,0.0,0.0,0.0,0.0,0.0,0.0
intermittent_v2,0,4,> 187,2,25,0,0.0,0.0,0.0,0.0,0.0,0.0
intermittent_v2,0,4,> 187,3,25,0,0.0,0.0,0.0,0.0,0.0,0.0
intermittent_v2,0,4,> 187,4,25,0,0.0,0.0,0.0,0.0,0.0,0.0
intermittent_v2,0,4,> 187,5,25,0,0.0,0.0,0.0,0.0,0.0,0.0
intermittent_v2,0,4,> 187,6,25,0,0.0,0.0,0.0,0.0,0.0,0.0
intermittent_v2,0,4,> 187,7,25,0,0.0,0.0,0.0,0.0,0.0,0.0
intermittent_v2,0,4,> 187,8,25,0,0.0,0.0,0.0,0.0,0.0,0.0
intermittent_v2,0,4,> 187,9,25,0,0.0,0.0,0.0,0.0,0.0,0.0
intermittent_v2,0,4,> 187,10,25,0,0.0,0.0,0.0,0.0,0.0,0.0
intermittent_v2,0,4,> 187,11,25,0,0.0,0.0,0.0,0.0,0.0,0.0
intermittent_v2,0,4,> 187,12,25,0,0.0,0.0,0.0,0.0,0.0,0.0
intermittent_v2,0,4,> 187,13,25,0,0.0,0.0,0.0,0.0,0.0,0.0
intermittent_v2,0,4,> 187,14,25,0,0.0,0.0,0.0,0.0,0.0,0.0
intermittent_v2,0,4,> 187,15,25,0,0.0,0.0,0.0,0.0,0.0,0.0
intermittent_v2,0,4,> 187,16,25,0,0.0,0.0,0.0,0.0,0.0,0.0
intermittent_v2,0,4,> 187,17,25,0,0.0,0.0,0.0,0.0,0.0,0.0
intermittent_v2,0,4,> 187,18,25,0,0.0,0.0,0.0,0.0,0.0,0.0
intermittent_v2,0,4,> 187,19,25,0,0.0,0.0,0.0,0.0,0.0,0.0
intermittent_v2,0,4,> 187,20,25,0,0.0,0.0,0.0,0.0,0.0,0.0
intermittent_v2,0,4,> 187,21,25,0,0.0,0.0,0.0,0.0,0.0,0.0
intermittent_v2,0,4,> 187,22,25,0,0.0,0.0,0.0,0.0,0.0,0.0
intermittent_v2,0,4,> 187,23,25,0,0.0,0.0,0.0,0.0,0.0,0.0
intermittent_v2,0,4,> 187,24,25,0,0.0,0.0,0.0,0.0,0.0,0.0
intermittent_v2,0,4,> 187,25,25,0,0.0,0.0,0.0,0.0,0.0,0.0
intermittent_v2,0,4,> 187,26,25,0,0.0,0.0,0.0,0.0,0.0,0.0
intermittent_v2,0,4,> 187,27,25,0,0.0,0.0,0.0,0.0,0.0,0.0
intermittent_v2,0,4,> 187,28,25,0,0.0,0.0,0.0,0.0,0.0,0.0
intermittent_v2,0,4,> 187,29,25,0,0.0,0.0,0.0,0.0,0.0,0.0
intermittent_v2,0,4,> 187,30,25,0,0.0,0.0,0.0,0.0,0.0,0.0
intermittent_v2,0,4,> 187,31,25,0,0.0,0.0,0.0,0.0,0.0,0.0
intermittent_v2,0,4,> 187,32,25,0,0.0,0.0,0.0,0.0,0.0,0.0
intermittent_v2,0,4,> 187,33,25,25,0.0030517578125,0.25,0.061636042136570035,3486.2147922459267,0.0,0.014945363368106642
intermittent_v2,0,4,> 187,34,25,2,0.000244140625,0.02,0.0027349617212081554,149.97819388942497,0.0,0.003991382161046902
intermittent_v2,0,4,> 187,35,25,25,0.0030517578125,0.25,0.061636042136570035,3486.2147922459267,0.0,0.014945363368106642
intermittent_v2,0,4,> 187,36,25,0,0.0,0.0,0.0,0.0,0.0,0.0
intermittent_v2,0,4,> 187,37,25,0,0.0,0.0,0.0,0.0,0.0,0.0
intermittent_v2,0,4,> 187,38,25,0,0.0,0.0,0.0,0.0,0.0,0.0
intermittent_v2,0,4,> 187,39,25,0,0.0,0.0,0.0,0.0,0.0,0.0
intermittent_v2,0,4,> 187,40,25,0,0.0,0.0,0.0,0.0,0.0,0.0
intermittent_v2,0,4,> 187,41,25,22,0.002685546875,0.22,0.055749036758736874,2980.6499190057893,0.0,0.009817219308272795
intermittent_v2,0,4,> 187,42,25,0,0.0,0.0,0.0,0.0,0.0,0.0
intermittent_v2,0,4,> 187,43,25,0,0.0,0.0,0.0,0.0,0.0,0.0
intermittent_v2,0,4,> 187,44,25,0,0.0,0.0,0.0,0.0,0.0,0.0
intermittent_v2,0,4,> 187,45,25,0,0.0,0.0,0.0,0.0,0.0,0.0
intermittent_v2,0,4,> 187,46,25,0,0.0,0.0,0.0,0.0,0.0,0.0
intermittent_v2,0,4,> 187,47,25,1,0.0001220703125,0.01,0.0031520436566250115,355.5866793507138,0.0,0.0011367618987869461
intermittent_v2,0,4,> 187,48,25,0,0.0,0.0,0.0,0.0,0.0,0.0
intermittent_v2,0,4,> 187,49,25,0,0.0,0.0,0.0,0.0,0.0,0.0
intermittent_v2,0,4,> 187,50,25,0,0.0,0.0,0.0,0.0,0.0,0.0
intermittent_v2,0,4,> 187,51,25,0,0.0,0.0,0.0,0.0,0.0,0.0
intermittent_v2,0,4,> 187,52,25,25,0.0030517578125,0.25,0.061636042136570035,3486.2147922459267,0.0,0.014945363368106642
intermittent_v2,0,4,> 187,53,25,0,0.0,0.0,0.0,0.0,0.0,0.0
intermittent_v2,0,4,> 187,54,25,0,0.0,0.0,0.0,0.0,0.0,0.0
intermittent_v2,0,4,> 187,55,25,0,0.0,0.0,0.0,0.0,0.0,0.0
intermittent_v2,0,4,> 187,56,25,0,0.0,0.0,0.0,0.0,0.0,0.0
intermittent_v2,0,4,> 187,57,25,0,0.0,0.0,0.0,0.0,0.0,0.0
intermittent_v2,0,4,> 187,58,25,0,0.0,0.0,0.0,0.0,0.0,0.0
intermittent_v2,0,4,> 187,59,25,0,0.0,0.0,0.0,0.0,0.0,0.0
intermittent_v2,0,4,> 187,60,25,0,0.0,0.0,0.0,0.0,0.0,0.0
intermittent_v2,0,4,> 187,61,25,0,0.0,0.0,0.0,0.0,0.0,0.0
intermittent_v2,0,4,> 187,62,25,0,0.0,0.0,0.0,0.0,0.0,0.0
intermittent_v2,0,4,> 187,63,25,0,0.0,0.0,0.0,0.0,0.0,0.0
intermittent_v2,1,0,<= 2,0,1050,4,0.00048828125,0.0009523809523809524,0.03293955924857536,0.23547720120916144,0.44259039176670634,0.003214844472245978
intermittent_v2,1,0,<= 2,1,1050,2,0.000244140625,0.0004761904761904762,0.00016959881259373934,0.0006614120503885092,0.0017374062440628623,0.02558234933338775
intermittent_v2,1,0,<= 2,2,1050,12,0.00146484375,0.002857142857142857,0.06828019175868302,0.49960570450898234,0.09751115242580834,0.027359781695607086
intermittent_v2,1,0,<= 2,3,1050,5,0.0006103515625,0.0011904761904761906,0.07022764146029675,0.5116050195296967,0.6297016411342181,0.004892461282987767
intermittent_v2,1,0,<= 2,4,1050,0,0.0,0.0,0.0,0.0,0.0,0.0
intermittent_v2,1,0,<= 2,5,1050,3,0.0003662109375,0.0007142857142857143,0.017836994995081044,0.0986185927702918,0.17739498324891836,0.00925414879332511
intermittent_v2,1,0,<= 2,6,1050,3,0.0003662109375,0.0007142857142857143,0.02348577427031983,0.3092420403670862,0.4026358964891099,0.0023212328389714577
intermittent_v2,1,0,<= 2,7,1050,0,0.0,0.0,0.0,0.0,0.0,0.0
intermittent_v2,1,0,<= 2,8,1050,229,0.0279541015625,0.05452380952380952,0.16799661430415366,1.1827712205651577,5.128522683302415,0.7255192106954848
intermittent_v2,1,0,<= 2,9,1050,0,0.0,0.0,0.0,0.0,0.0,0.0
intermittent_v2,1,0,<= 2,10,1050,0,0.0,0.0,0.0,0.0,0.0,0.0
intermittent_v2,1,0,<= 2,11,1050,0,0.0,0.0,0.0,0.0,0.0,0.0
intermittent_v2,1,0,<= 2,12,1050,33,0.0040283203125,0.007857142857142858,0.03465795635232154,0.49642110705370524,1.2843602245764867,0.053212517164175285
intermittent_v2,1,0,<= 2,13,1050,0,0.0,0.0,0.0,0.0,0.0,0.0
intermittent_v2,1,0,<= 2,14,1050,0,0.0,0.0,0.0,0.0,0.0,0.0
intermittent_v2,1,0,<= 2,15,1050,240,0.029296875,0.05714285714285714,0.26804447439423074,1.3158125308643494,12.214800740267469,0.927420318859995
intermittent_v2,1,0,<= 2,16,1050,0,0.0,0.0,0.0,0.0,0.0,0.0
intermittent_v2,1,0,<= 2,17,1050,0,0.0,0.0,0.0,0.0,0.0,0.0
intermittent_v2,1,0,<= 2,18,1050,3,0.0003662109375,0.0007142857142857143,0.0348055701488821,0.3234411104756898,0.27694611513166034,0.0010631448513360594
intermittent_v2,1,0,<= 2,19,1050,5,0.0006103515625,0.0011904761904761906,0.005965516163706227,0.022807458774759287,0.3938162804504874,0.04645340735133867
intermittent_v2,1,0,<= 2,20,1050,17,0.0020751953125,0.004047619047619047,0.03299213802563461,0.38006115828021997,0.3267271183926188,0.05202234175626195
intermittent_v2,1,0,<= 2,21,1050,0,0.0,0.0,0.0,0.0,0.0,0.0
intermittent_v2,1,0,<= 2,22,1050,179,0.0218505859375,0.04261904761904762,0.2745152956238955,2.061879234846374,4.6582119652460525,0.6198656742054097
intermittent_v2,1,0,<= 2,23,1050,7,0.0008544921875,0.0016666666666666668,0.013673725871798973,0.2374968183502968,0.8064414078196386,0.0007843993348654606
intermittent_v2,1,0,<= 2,24,1050,0,0.0,0.0,0.0,0.0,0.0,0.0
intermittent_v2,1,0,<= 2,25,1050,26,0.003173828125,0.006190476190476191,0.036833355021730824,0.1641208531805753,2.301711758264118,0.08217578015040927
intermittent_v2,1,0,<= 2,26,1050,1,0.0001220703125,0.0002380952380952381,0.001369813212059069,0.012466167000888534,0.27935509490145655,0.005573290366526574
intermittent_v2,1,0,<= 2,27,1050,0,0.0,0.0,0.0,0.0,0.0,0.0
intermittent_v2,1,0,<= 2,28,1050,175,0.0213623046875,0.041666666666666664,0.007350929746922298,0.21976207060886635,1.2452817288465388,0.6912269278978378
intermittent_v2,1,0,<= 2,29,1050,12,0.00146484375,0.002857142857142857,0.01692697747621532,0.03677783495583864,0.8895713042165816,0.039960327578899155
intermittent_v2,1,0,<= 2,30,1050,13,0.0015869140625,0.0030952380952380953,0.06369601025971626,0.2977989415174946,0.10956677514628661,0.02552557559512134
intermittent_v2,1,0,<= 2,31,1050,14,0.001708984375,0.0033333333333333335,0.024602147872225966,0.35981270516454034,0.620153223650624,0.019959400114979382
intermittent_v2,1,0,<= 2,32,1050,16,0.001953125,0.0038095238095238095,0.006343342094146831,0.0743447389479405,0.8670911547855727,0.06818528214568152
intermittent_v2,1,0,<= 2,33,1050,24,0.0029296875,0.005714285714285714,0.20335580244034174,4.072183640545842,1.2631503326274436,0.06718227176577421
intermittent_v2,1,0,<= 2,34,1050,0,0.0,0.0,0.0,0.0,0.0,0.0
intermittent_v2,1,0,<= 2,35,1050,4,0.00048828125,0.0009523809523809524,0.35582508585214023,5.413113526958319,1.7376062586893952,0.0159761075808455
intermittent_v2,1,0,<= 2,36,1050,0,0.0,0.0,0.0,0.0,0.0,0.0
intermittent_v2,1,0,<= 2,37,1050,155,0.0189208984375,0.036904761904761905,0.15970366689412174,0.8161923329051207,6.113402408302692,0.6822449698983729
intermittent_v2,1,0,<= 2,38,1050,485,0.0592041015625,0.11547619047619048,0.2960373156720018,1.243779483118778,11.473630553455061,1.7360466518604936
intermittent_v2,1,0,<= 2,39,1050,0,0.0,0.0,0.0,0.0,0.0,0.0
intermittent_v2,1,0,<= 2,40,1050,72,0.0087890625,0.017142857142857144,0.04318551873228137,0.1384979060753305,1.4343270427087502,0.3161822272014423
intermittent_v2,1,0,<= 2,41,1050,165,0.0201416015625,0.039285714285714285,0.6479075199724637,6.786496025408078,10.547001393298006,0.6301959117425925
intermittent_v2,1,0,<= 2,42,1050,315,0.0384521484375,0.075,0.8552916092657831,4.214772576727037,16.280380404418025,1.0704310932372825
intermittent_v2,1,0,<= 2,43,1050,702,0.085693359375,0.16714285714285715,0.3084410685224218,1.0816219677616847,3.213515062094146,2.733771156925019
intermittent_v2,1,0,<= 2,44,1050,14,0.001708984375,0.0033333333333333335,0.03592386466659601,0.1668272075736977,1.4590228174462607,0.04845530052262959
intermittent_v2,1,0,<= 2,45,1050,0,0.0,0.0,0.0,0.0,0.0,0.0
intermittent_v2,1,0,<= 2,46,1050,5,0.0006103515625,0.0011904761904761906,0.05288442765934575,0.3705914940694554,0.5508627477010936,0.022013337605027657
intermittent_v2,1,0,<= 2,47,1050,0,0.0,0.0,0.0,0.0,0.0,0.0
intermittent_v2,1,0,<= 2,48,1050,0,0.0,0.0,0.0,0.0,0.0,0.0
intermittent_v2,1,0,<= 2,49,1050,0,0.0,0.0,0.0,0.0,0.0,0.0
intermittent_v2,1,0,<= 2,50,1050,19,0.0023193359375,0.004523809523809524,0.03745529860275488,0.23624434912754586,0.1552450116737668,0.06454966451759395
intermittent_v2,1,0,<= 2,51,1050,14,0.001708984375,0.0033333333333333335,0.09815166984837238,0.7538861624806613,1.9137043723465323,0.047756736089883185
intermittent_v2,1,0,<= 2,52,1050,28,0.00341796875,0.006666666666666667,0.4408272060946702,6.608828768881144,0.6578297475270058,0.10548744714282415
intermittent_v2,1,0,<= 2,53,1050,970,0.118408203125,0.23095238095238096,0.2940238312865131,0.04514582485886596,3.7586105921543576,3.6591650430835774
intermittent_v2,1,0,<= 2,54,1050,3,0.0003662109375,0.0007142857142857143,0.0637161948622949,0.6460645266603932,0.8293428449209853,0.006835361312441862
intermittent_v2,1,0,<= 2,55,1050,0,0.0,0.0,0.0,0.0,0.0,0.0
intermittent_v2,1,0,<= 2,56,1050,0,0.0,0.0,0.0,0.0,0.0,0.0
intermittent_v2,1,0,<= 2,57,1050,0,0.0,0.0,0.0,0.0,0.0,0.0
intermittent_v2,1,0,<= 2,58,1050,22,0.002685546875,0.005238095238095238,0.005146498992686837,0.06916446121963411,1.7767051840148256,0.03387016116983429
intermittent_v2,1,0,<= 2,59,1050,2,0.000244140625,0.0004761904761904762,0.0027927561410225252,0.010850613429728047,0.27063059342833046,0.0034903124780809643
intermittent_v2,1,0,<= 2,60,1050,64,0.0078125,0.015238095238095238,0.013061597142430211,0.12404286051337457,2.1154546144439896,0.2996377803575217
intermittent_v2,1,0,<= 2,61,1050,4,0.00048828125,0.0009523809523809524,0.014367838582377168,0.06573900696888081,0.3050116938675768,0.021765457868547812
intermittent_v2,1,0,<= 2,62,1050,3,0.0003662109375,0.0007142857142857143,0.007999152156303386,0.024042195599260113,0.3641837502916537,0.00769068110100517
intermittent_v2,1,0,<= 2,63,1050,131,0.0159912109375,0.031190476190476192,0.1851562745509655,0.675282812293381,5.875772543892568,0.5684012167951551
intermittent_v2,1,1,"(2, 31]",0,791,0,0.0,0.0,0.0,0.0,0.0,0.0
intermittent_v2,1,1,"(2, 31]",1,791,0,0.0,0.0,0.0,0.0,0.0,0.0
intermittent_v2,1,1,"(2, 31]",2,791,0,0.0,0.0,0.0,0.0,0.0,0.0
intermittent_v2,1,1,"(2, 31]",3,791,1,0.0001220703125,0.0003160556257901391,0.013676156834698848,0.3111720975665745,0.5104408579947115,0.00044883861798362577
intermittent_v2,1,1,"(2, 31]",4,791,0,0.0,0.0,0.0,0.0,0.0,0.0
intermittent_v2,1,1,"(2, 31]",5,791,0,0.0,0.0,0.0,0.0,0.0,0.0
intermittent_v2,1,1,"(2, 31]",6,791,1,0.0001220703125,0.0003160556257901391,0.04924914174266477,0.531590174209921,0.2860576874475214,0.0007590097953481256
intermittent_v2,1,1,"(2, 31]",7,791,0,0.0,0.0,0.0,0.0,0.0,0.0
intermittent_v2,1,1,"(2, 31]",8,791,1,0.0001220703125,0.0003160556257901391,0.0563005119229853,0.5689279996472132,0.26752830973529357,0.004940917095149687
intermittent_v2,1,1,"(2, 31]",9,791,0,0.0,0.0,0.0,0.0,0.0,0.0
intermittent_v2,1,1,"(2, 31]",10,791,0,0.0,0.0,0.0,0.0,0.0,0.0
intermittent_v2,1,1,"(2, 31]",11,791,0,0.0,0.0,0.0,0.0,0.0,0.0
intermittent_v2,1,1,"(2, 31]",12,791,3,0.0003662109375,0.0009481668773704172,0.11864150002399092,1.621336457734812,1.0504764788501726,0.005868734032396336
intermittent_v2,1,1,"(2, 31]",13,791,0,0.0,0.0,0.0,0.0,0.0,0.0
intermittent_v2,1,1,"(2, 31]",14,791,0,0.0,0.0,0.0,0.0,0.0,0.0
intermittent_v2,1,1,"(2, 31]",15,791,3,0.0003662109375,0.0009481668773704172,0.3126389803097292,2.0280572921066997,0.4523147923258815,0.01763327191793759
intermittent_v2,1,1,"(2, 31]",16,791,0,0.0,0.0,0.0,0.0,0.0,0.0
intermittent_v2,1,1,"(2, 31]",17,791,0,0.0,0.0,0.0,0.0,0.0,0.0
intermittent_v2,1,1,"(2, 31]",18,791,6,0.000732421875,0.0018963337547408343,0.07491407189031148,1.6281427202544534,2.3646559465355965,0.01690216137308067
intermittent_v2,1,1,"(2, 31]",19,791,0,0.0,0.0,0.0,0.0,0.0,0.0
intermittent_v2,1,1,"(2, 31]",20,791,0,0.0,0.0,0.0,0.0,0.0,0.0
intermittent_v2,1,1,"(2, 31]",21,791,4,0.00048828125,0.0012642225031605564,0.04185282871773402,1.266687786080549,1.1203005107979607,0.0101701214390831
intermittent_v2,1,1,"(2, 31]",22,791,7,0.0008544921875,0.0022123893805309734,0.4249147179223003,3.43541196592801,1.8160058778988772,0.029680060677800227
intermittent_v2,1,1,"(2, 31]",23,791,0,0.0,0.0,0.0,0.0,0.0,0.0
intermittent_v2,1,1,"(2, 31]",24,791,0,0.0,0.0,0.0,0.0,0.0,0.0
intermittent_v2,1,1,"(2, 31]",25,791,1,0.0001220703125,0.0003160556257901391,0.024600994326867222,0.32691937119491143,0.3498723088509357,0.0017510058058117172
intermittent_v2,1,1,"(2, 31]",26,791,4,0.00048828125,0.0012642225031605564,0.06027592827681815,0.7939807811847741,0.7956165915927076,0.010706475066933643
intermittent_v2,1,1,"(2, 31]",27,791,0,0.0,0.0,0.0,0.0,0.0,0.0
intermittent_v2,1,1,"(2, 31]",28,791,0,0.0,0.0,0.0,0.0,0.0,0.0
intermittent_v2,1,1,"(2, 31]",29,791,4,0.00048828125,0.0012642225031605564,0.0043441647311701255,0.34948611857124695,0.46336214405020315,0.005779891450618041
intermittent_v2,1,1,"(2, 31]",30,791,2,0.000244140625,0.0006321112515802782,0.12176609172624386,1.1760557623303087,0.5105961209385287,0.011101402372325899
intermittent_v2,1,1,"(2, 31]",31,791,0,0.0,0.0,0.0,0.0,0.0,0.0
intermittent_v2,1,1,"(2, 31]",32,791,0,0.0,0.0,0.0,0.0,0.0,0.0
intermittent_v2,1,1,"(2, 31]",33,791,760,0.0927734375,0.2402022756005057,2.4853622844318393,1736.7464564555162,393.4534347031989,2.069867192232827
intermittent_v2,1,1,"(2, 31]",34,791,3,0.0003662109375,0.0009481668773704172,0.004603562368270435,0.07087100625001058,0.3924215527298583,0.00713657136800888
intermittent_v2,1,1,"(2, 31]",35,791,738,0.090087890625,0.23324905183312264,2.6831381445781326,1741.6094168579223,394.5093836269779,1.9950778753122451
intermittent_v2,1,1,"(2, 31]",36,791,0,0.0,0.0,0.0,0.0,0.0,0.0
intermittent_v2,1,1,"(2, 31]",37,791,1,0.0001220703125,0.0003160556257901391,0.02592770515442734,0.34094302471122084,0.3464363723470617,0.002121435604358492
intermittent_v2,1,1,"(2, 31]",38,791,5,0.0006103515625,0.0015802781289506952,0.2725442121613111,4.184334248027763,0.8115146548869923,0.015603935368714895
intermittent_v2,1,1,"(2, 31]",39,791,0,0.0,0.0,0.0,0.0,0.0,0.0
intermittent_v2,1,1,"(2, 31]",40,791,0,0.0,0.0,0.0,0.0,0.0,0.0
intermittent_v2,1,1,"(2, 31]",41,791,769,0.0938720703125,0.24304677623261695,2.1030479712504833,1735.7544071057598,393.53108221058346,2.1082424169642247
intermittent_v2,1,1,"(2, 31]",42,791,36,0.00439453125,0.011378002528445006,0.5977904156002775,8.879905551159595,2.7553385860310704,0.1419541642437545
intermittent_v2,1,1,"(2, 31]",43,791,31,0.0037841796875,0.009797724399494312,1.093669420817036,11.876294631606774,7.34690668804602,0.10577449012782317
intermittent_v2,1,1,"(2, 31]",44,791,0,0.0,0.0,0.0,0.0,0.0,0.0
intermittent_v2,1,1,"(2, 31]",45,791,0,0.0,0.0,0.0,0.0,0.0,0.0
intermittent_v2,1,1,"(2, 31]",46,791,0,0.0,0.0,0.0,0.0,0.0,0.0
intermittent_v2,1,1,"(2, 31]",47,791,1,0.0001220703125,0.0003160556257901391,0.015476031596455714,0.5030703199997307,0.6360546868215796,0.005182324985131191
intermittent_v2,1,1,"(2, 31]",48,791,0,0.0,0.0,0.0,0.0,0.0,0.0
intermittent_v2,1,1,"(2, 31]",49,791,0,0.0,0.0,0.0,0.0,0.0,0.0
intermittent_v2,1,1,"(2, 31]",50,791,0,0.0,0.0,0.0,0.0,0.0,0.0
intermittent_v2,1,1,"(2, 31]",51,791,4,0.00048828125,0.0012642225031605564,0.0874721578179293,1.4145336880773995,0.8097352402194501,0.008450416884531296
intermittent_v2,1,1,"(2, 31]",52,791,766,0.093505859375,0.24209860935524652,2.513707555901334,1737.4418914032472,392.47439899658985,2.0924836345088886
intermittent_v2,1,1,"(2, 31]",53,791,7,0.0008544921875,0.0022123893805309734,0.5599503631651229,4.575903937806637,1.5590098376988557,0.032055059580911816
intermittent_v2,1,1,"(2, 31]",54,791,2,0.000244140625,0.0006321112515802782,0.03238833325090961,0.49548410392173947,0.8789374445451436,0.005122460493278001
intermittent_v2,1,1,"(2, 31]",55,791,0,0.0,0.0,0.0,0.0,0.0,0.0
intermittent_v2,1,1,"(2, 31]",56,791,0,0.0,0.0,0.0,0.0,0.0,0.0
intermittent_v2,1,1,"(2, 31]",57,791,0,0.0,0.0,0.0,0.0,0.0,0.0
intermittent_v2,1,1,"(2, 31]",58,791,0,0.0,0.0,0.0,0.0,0.0,0.0
intermittent_v2,1,1,"(2, 31]",59,791,0,0.0,0.0,0.0,0.0,0.0,0.0
intermittent_v2,1,1,"(2, 31]",60,791,1,0.0001220703125,0.0003160556257901391,0.02592770515442734,0.34094302471122084,0.3464363723470617,0.002121435604358492
intermittent_v2,1,1,"(2, 31]",61,791,0,0.0,0.0,0.0,0.0,0.0,0.0
intermittent_v2,1,1,"(2, 31]",62,791,2,0.000244140625,0.0006321112515802782,0.019423661414546965,0.6137095113410918,0.10347793081907726,0.0104787368891866
intermittent_v2,1,1,"(2, 31]",63,791,1,0.0001220703125,0.0003160556257901391,0.02447524066902353,0.464903621063182,0.48114602459129,0.0035285212105504327
intermittent_v2,1,2,"(31, 46]",0,117,0,0.0,0.0,0.0,0.0,0.0,0.0
intermittent_v2,1,2,"(31, 46]",1,117,0,0.0,0.0,0.0,0.0,0.0,0.0
intermittent_v2,1,2,"(31, 46]",2,117,0,0.0,0.0,0.0,0.0,0.0,0.0
intermittent_v2,1,2,"(31, 46]",3,117,0,0.0,0.0,0.0,0.0,0.0,0.0
intermittent_v2,1,2,"(31, 46]",4,117,0,0.0,0.0,0.0,0.0,0.0,0.0
intermittent_v2,1,2,"(31, 46]",5,117,0,0.0,0.0,0.0,0.0,0.0,0.0
intermittent_v2,1,2,"(31, 46]",6,117,0,0.0,0.0,0.0,0.0,0.0,0.0
intermittent_v2,1,2,"(31, 46]",7,117,0,0.0,0.0,0.0,0.0,0.0,0.0
intermittent_v2,1,2,"(31, 46]",8,117,0,0.0,0.0,0.0,0.0,0.0,0.0
intermittent_v2,1,2,"(31, 46]",9,117,0,0.0,0.0,0.0,0.0,0.0,0.0
intermittent_v2,1,2,"(31, 46]",10,117,0,0.0,0.0,0.0,0.0,0.0,0.0
intermittent_v2,1,2,"(31, 46]",11,117,0,0.0,0.0,0.0,0.0,0.0,0.0
intermittent_v2,1,2,"(31, 46]",12,117,0,0.0,0.0,0.0,0.0,0.0,0.0
intermittent_v2,1,2,"(31, 46]",13,117,0,0.0,0.0,0.0,0.0,0.0,0.0
intermittent_v2,1,2,"(31, 46]",14,117,0,0.0,0.0,0.0,0.0,0.0,0.0
intermittent_v2,1,2,"(31, 46]",15,117,0,0.0,0.0,0.0,0.0,0.0,0.0
intermittent_v2,1,2,"(31, 46]",16,117,0,0.0,0.0,0.0,0.0,0.0,0.0
intermittent_v2,1,2,"(31, 46]",17,117,0,0.0,0.0,0.0,0.0,0.0,0.0
intermittent_v2,1,2,"(31, 46]",18,117,0,0.0,0.0,0.0,0.0,0.0,0.0
intermittent_v2,1,2,"(31, 46]",19,117,0,0.0,0.0,0.0,0.0,0.0,0.0
intermittent_v2,1,2,"(31, 46]",20,117,0,0.0,0.0,0.0,0.0,0.0,0.0
intermittent_v2,1,2,"(31, 46]",21,117,0,0.0,0.0,0.0,0.0,0.0,0.0
intermittent_v2,1,2,"(31, 46]",22,117,0,0.0,0.0,0.0,0.0,0.0,0.0
intermittent_v2,1,2,"(31, 46]",23,117,0,0.0,0.0,0.0,0.0,0.0,0.0
intermittent_v2,1,2,"(31, 46]",24,117,0,0.0,0.0,0.0,0.0,0.0,0.0
intermittent_v2,1,2,"(31, 46]",25,117,0,0.0,0.0,0.0,0.0,0.0,0.0
intermittent_v2,1,2,"(31, 46]",26,117,0,0.0,0.0,0.0,0.0,0.0,0.0
intermittent_v2,1,2,"(31, 46]",27,117,0,0.0,0.0,0.0,0.0,0.0,0.0
intermittent_v2,1,2,"(31, 46]",28,117,0,0.0,0.0,0.0,0.0,0.0,0.0
intermittent_v2,1,2,"(31, 46]",29,117,0,0.0,0.0,0.0,0.0,0.0,0.0
intermittent_v2,1,2,"(31, 46]",30,117,0,0.0,0.0,0.0,0.0,0.0,0.0
intermittent_v2,1,2,"(31, 46]",31,117,0,0.0,0.0,0.0,0.0,0.0,0.0
intermittent_v2,1,2,"(31, 46]",32,117,0,0.0,0.0,0.0,0.0,0.0,0.0
intermittent_v2,1,2,"(31, 46]",33,117,117,0.0142822265625,0.25,0.4210337933618952,354.84281969263833,91.43821802938349,0.2764517952557237
intermittent_v2,1,2,"(31, 46]",34,117,1,0.0001220703125,0.002136752136752137,0.00020291448057307323,0.4298615570810431,6.220914273972813,0.0017314658190905378
intermittent_v2,1,2,"(31, 46]",35,117,117,0.0142822265625,0.25,0.4210337933618952,354.84281969263833,91.43821802938349,0.2764517952557237
intermittent_v2,1,2,"(31, 46]",36,117,0,0.0,0.0,0.0,0.0,0.0,0.0
intermittent_v2,1,2,"(31, 46]",37,117,0,0.0,0.0,0.0,0.0,0.0,0.0
intermittent_v2,1,2,"(31, 46]",38,117,0,0.0,0.0,0.0,0.0,0.0,0.0
intermittent_v2,1,2,"(31, 46]",39,117,0,0.0,0.0,0.0,0.0,0.0,0.0
intermittent_v2,1,2,"(31, 46]",40,117,0,0.0,0.0,0.0,0.0,0.0,0.0
intermittent_v2,1,2,"(31, 46]",41,117,116,0.01416015625,0.24786324786324787,0.4212367078424683,355.2726812497194,97.6591323033563,0.27472032943663316
intermittent_v2,1,2,"(31, 46]",42,117,0,0.0,0.0,0.0,0.0,0.0,0.0
intermittent_v2,1,2,"(31, 46]",43,117,0,0.0,0.0,0.0,0.0,0.0,0.0
intermittent_v2,1,2,"(31, 46]",44,117,0,0.0,0.0,0.0,0.0,0.0,0.0
intermittent_v2,1,2,"(31, 46]",45,117,0,0.0,0.0,0.0,0.0,0.0,0.0
intermittent_v2,1,2,"(31, 46]",46,117,0,0.0,0.0,0.0,0.0,0.0,0.0
intermittent_v2,1,2,"(31, 46]",47,117,0,0.0,0.0,0.0,0.0,0.0,0.0
intermittent_v2,1,2,"(31, 46]",48,117,0,0.0,0.0,0.0,0.0,0.0,0.0
intermittent_v2,1,2,"(31, 46]",49,117,0,0.0,0.0,0.0,0.0,0.0,0.0
intermittent_v2,1,2,"(31, 46]",50,117,0,0.0,0.0,0.0,0.0,0.0,0.0
intermittent_v2,1,2,"(31, 46]",51,117,0,0.0,0.0,0.0,0.0,0.0,0.0
intermittent_v2,1,2,"(31, 46]",52,117,117,0.0142822265625,0.25,0.4210337933618952,354.84281969263833,91.43821802938349,0.2764517952557237
intermittent_v2,1,2,"(31, 46]",53,117,0,0.0,0.0,0.0,0.0,0.0,0.0
intermittent_v2,1,2,"(31, 46]",54,117,0,0.0,0.0,0.0,0.0,0.0,0.0
intermittent_v2,1,2,"(31, 46]",55,117,0,0.0,0.0,0.0,0.0,0.0,0.0
intermittent_v2,1,2,"(31, 46]",56,117,0,0.0,0.0,0.0,0.0,0.0,0.0
intermittent_v2,1,2,"(31, 46]",57,117,0,0.0,0.0,0.0,0.0,0.0,0.0
intermittent_v2,1,2,"(31, 46]",58,117,0,0.0,0.0,0.0,0.0,0.0,0.0
intermittent_v2,1,2,"(31, 46]",59,117,0,0.0,0.0,0.0,0.0,0.0,0.0
intermittent_v2,1,2,"(31, 46]",60,117,0,0.0,0.0,0.0,0.0,0.0,0.0
intermittent_v2,1,2,"(31, 46]",61,117,0,0.0,0.0,0.0,0.0,0.0,0.0
intermittent_v2,1,2,"(31, 46]",62,117,0,0.0,0.0,0.0,0.0,0.0,0.0
intermittent_v2,1,2,"(31, 46]",63,117,0,0.0,0.0,0.0,0.0,0.0,0.0
intermittent_v2,1,3,"(46, 187]",0,69,0,0.0,0.0,0.0,0.0,0.0,0.0
intermittent_v2,1,3,"(46, 187]",1,69,0,0.0,0.0,0.0,0.0,0.0,0.0
intermittent_v2,1,3,"(46, 187]",2,69,0,0.0,0.0,0.0,0.0,0.0,0.0
intermittent_v2,1,3,"(46, 187]",3,69,0,0.0,0.0,0.0,0.0,0.0,0.0
intermittent_v2,1,3,"(46, 187]",4,69,0,0.0,0.0,0.0,0.0,0.0,0.0
intermittent_v2,1,3,"(46, 187]",5,69,0,0.0,0.0,0.0,0.0,0.0,0.0
intermittent_v2,1,3,"(46, 187]",6,69,0,0.0,0.0,0.0,0.0,0.0,0.0
intermittent_v2,1,3,"(46, 187]",7,69,0,0.0,0.0,0.0,0.0,0.0,0.0
intermittent_v2,1,3,"(46, 187]",8,69,0,0.0,0.0,0.0,0.0,0.0,0.0
intermittent_v2,1,3,"(46, 187]",9,69,0,0.0,0.0,0.0,0.0,0.0,0.0
intermittent_v2,1,3,"(46, 187]",10,69,0,0.0,0.0,0.0,0.0,0.0,0.0
intermittent_v2,1,3,"(46, 187]",11,69,0,0.0,0.0,0.0,0.0,0.0,0.0
intermittent_v2,1,3,"(46, 187]",12,69,0,0.0,0.0,0.0,0.0,0.0,0.0
intermittent_v2,1,3,"(46, 187]",13,69,0,0.0,0.0,0.0,0.0,0.0,0.0
intermittent_v2,1,3,"(46, 187]",14,69,0,0.0,0.0,0.0,0.0,0.0,0.0
intermittent_v2,1,3,"(46, 187]",15,69,0,0.0,0.0,0.0,0.0,0.0,0.0
intermittent_v2,1,3,"(46, 187]",16,69,0,0.0,0.0,0.0,0.0,0.0,0.0
intermittent_v2,1,3,"(46, 187]",17,69,0,0.0,0.0,0.0,0.0,0.0,0.0
intermittent_v2,1,3,"(46, 187]",18,69,0,0.0,0.0,0.0,0.0,0.0,0.0
intermittent_v2,1,3,"(46, 187]",19,69,0,0.0,0.0,0.0,0.0,0.0,0.0
intermittent_v2,1,3,"(46, 187]",20,69,0,0.0,0.0,0.0,0.0,0.0,0.0
intermittent_v2,1,3,"(46, 187]",21,69,0,0.0,0.0,0.0,0.0,0.0,0.0
intermittent_v2,1,3,"(46, 187]",22,69,0,0.0,0.0,0.0,0.0,0.0,0.0
intermittent_v2,1,3,"(46, 187]",23,69,0,0.0,0.0,0.0,0.0,0.0,0.0
intermittent_v2,1,3,"(46, 187]",24,69,0,0.0,0.0,0.0,0.0,0.0,0.0
intermittent_v2,1,3,"(46, 187]",25,69,0,0.0,0.0,0.0,0.0,0.0,0.0
intermittent_v2,1,3,"(46, 187]",26,69,0,0.0,0.0,0.0,0.0,0.0,0.0
intermittent_v2,1,3,"(46, 187]",27,69,0,0.0,0.0,0.0,0.0,0.0,0.0
intermittent_v2,1,3,"(46, 187]",28,69,0,0.0,0.0,0.0,0.0,0.0,0.0
intermittent_v2,1,3,"(46, 187]",29,69,0,0.0,0.0,0.0,0.0,0.0,0.0
intermittent_v2,1,3,"(46, 187]",30,69,0,0.0,0.0,0.0,0.0,0.0,0.0
intermittent_v2,1,3,"(46, 187]",31,69,0,0.0,0.0,0.0,0.0,0.0,0.0
intermittent_v2,1,3,"(46, 187]",32,69,0,0.0,0.0,0.0,0.0,0.0,0.0
intermittent_v2,1,3,"(46, 187]",33,69,69,0.0084228515625,0.25,0.0943924100002413,1304.578296035577,0.0,0.129882089575533
intermittent_v2,1,3,"(46, 187]",34,69,1,0.0001220703125,0.0036231884057971015,0.0004993502602993339,1.1537204445172629,0.0,0.0048411428923139
intermittent_v2,1,3,"(46, 187]",35,69,69,0.0084228515625,0.25,0.0943924100002413,1304.578296035577,0.0,0.129882089575533
intermittent_v2,1,3,"(46, 187]",36,69,0,0.0,0.0,0.0,0.0,0.0,0.0
intermittent_v2,1,3,"(46, 187]",37,69,0,0.0,0.0,0.0,0.0,0.0,0.0
intermittent_v2,1,3,"(46, 187]",38,69,0,0.0,0.0,0.0,0.0,0.0,0.0
intermittent_v2,1,3,"(46, 187]",39,69,0,0.0,0.0,0.0,0.0,0.0,0.0
intermittent_v2,1,3,"(46, 187]",40,69,0,0.0,0.0,0.0,0.0,0.0,0.0
intermittent_v2,1,3,"(46, 187]",41,69,67,0.0081787109375,0.2427536231884058,0.08638185104764379,1242.8068799904725,0.0,0.12009799682405736
intermittent_v2,1,3,"(46, 187]",42,69,0,0.0,0.0,0.0,0.0,0.0,0.0
intermittent_v2,1,3,"(46, 187]",43,69,0,0.0,0.0,0.0,0.0,0.0,0.0
intermittent_v2,1,3,"(46, 187]",44,69,0,0.0,0.0,0.0,0.0,0.0,0.0
intermittent_v2,1,3,"(46, 187]",45,69,0,0.0,0.0,0.0,0.0,0.0,0.0
intermittent_v2,1,3,"(46, 187]",46,69,0,0.0,0.0,0.0,0.0,0.0,0.0
intermittent_v2,1,3,"(46, 187]",47,69,1,0.0001220703125,0.0036231884057971015,0.007511208692298195,60.617695600587474,0.0,0.004942949859161712
intermittent_v2,1,3,"(46, 187]",48,69,0,0.0,0.0,0.0,0.0,0.0,0.0
intermittent_v2,1,3,"(46, 187]",49,69,0,0.0,0.0,0.0,0.0,0.0,0.0
intermittent_v2,1,3,"(46, 187]",50,69,0,0.0,0.0,0.0,0.0,0.0,0.0
intermittent_v2,1,3,"(46, 187]",51,69,0,0.0,0.0,0.0,0.0,0.0,0.0
intermittent_v2,1,3,"(46, 187]",52,69,69,0.0084228515625,0.25,0.0943924100002413,1304.578296035577,0.0,0.129882089575533
intermittent_v2,1,3,"(46, 187]",53,69,0,0.0,0.0,0.0,0.0,0.0,0.0
intermittent_v2,1,3,"(46, 187]",54,69,0,0.0,0.0,0.0,0.0,0.0,0.0
intermittent_v2,1,3,"(46, 187]",55,69,0,0.0,0.0,0.0,0.0,0.0,0.0
intermittent_v2,1,3,"(46, 187]",56,69,0,0.0,0.0,0.0,0.0,0.0,0.0
intermittent_v2,1,3,"(46, 187]",57,69,0,0.0,0.0,0.0,0.0,0.0,0.0
intermittent_v2,1,3,"(46, 187]",58,69,0,0.0,0.0,0.0,0.0,0.0,0.0
intermittent_v2,1,3,"(46, 187]",59,69,0,0.0,0.0,0.0,0.0,0.0,0.0
intermittent_v2,1,3,"(46, 187]",60,69,0,0.0,0.0,0.0,0.0,0.0,0.0
intermittent_v2,1,3,"(46, 187]",61,69,0,0.0,0.0,0.0,0.0,0.0,0.0
intermittent_v2,1,3,"(46, 187]",62,69,0,0.0,0.0,0.0,0.0,0.0,0.0
intermittent_v2,1,3,"(46, 187]",63,69,0,0.0,0.0,0.0,0.0,0.0,0.0
intermittent_v2,1,4,> 187,0,21,0,0.0,0.0,0.0,0.0,0.0,0.0
intermittent_v2,1,4,> 187,1,21,0,0.0,0.0,0.0,0.0,0.0,0.0
intermittent_v2,1,4,> 187,2,21,0,0.0,0.0,0.0,0.0,0.0,0.0
intermittent_v2,1,4,> 187,3,21,0,0.0,0.0,0.0,0.0,0.0,0.0
intermittent_v2,1,4,> 187,4,21,0,0.0,0.0,0.0,0.0,0.0,0.0
intermittent_v2,1,4,> 187,5,21,0,0.0,0.0,0.0,0.0,0.0,0.0
intermittent_v2,1,4,> 187,6,21,0,0.0,0.0,0.0,0.0,0.0,0.0
intermittent_v2,1,4,> 187,7,21,0,0.0,0.0,0.0,0.0,0.0,0.0
intermittent_v2,1,4,> 187,8,21,0,0.0,0.0,0.0,0.0,0.0,0.0
intermittent_v2,1,4,> 187,9,21,0,0.0,0.0,0.0,0.0,0.0,0.0
intermittent_v2,1,4,> 187,10,21,0,0.0,0.0,0.0,0.0,0.0,0.0
intermittent_v2,1,4,> 187,11,21,0,0.0,0.0,0.0,0.0,0.0,0.0
intermittent_v2,1,4,> 187,12,21,0,0.0,0.0,0.0,0.0,0.0,0.0
intermittent_v2,1,4,> 187,13,21,0,0.0,0.0,0.0,0.0,0.0,0.0
intermittent_v2,1,4,> 187,14,21,0,0.0,0.0,0.0,0.0,0.0,0.0
intermittent_v2,1,4,> 187,15,21,0,0.0,0.0,0.0,0.0,0.0,0.0
intermittent_v2,1,4,> 187,16,21,0,0.0,0.0,0.0,0.0,0.0,0.0
intermittent_v2,1,4,> 187,17,21,0,0.0,0.0,0.0,0.0,0.0,0.0
intermittent_v2,1,4,> 187,18,21,0,0.0,0.0,0.0,0.0,0.0,0.0
intermittent_v2,1,4,> 187,19,21,0,0.0,0.0,0.0,0.0,0.0,0.0
intermittent_v2,1,4,> 187,20,21,0,0.0,0.0,0.0,0.0,0.0,0.0
intermittent_v2,1,4,> 187,21,21,0,0.0,0.0,0.0,0.0,0.0,0.0
intermittent_v2,1,4,> 187,22,21,0,0.0,0.0,0.0,0.0,0.0,0.0
intermittent_v2,1,4,> 187,23,21,0,0.0,0.0,0.0,0.0,0.0,0.0
intermittent_v2,1,4,> 187,24,21,0,0.0,0.0,0.0,0.0,0.0,0.0
intermittent_v2,1,4,> 187,25,21,0,0.0,0.0,0.0,0.0,0.0,0.0
intermittent_v2,1,4,> 187,26,21,0,0.0,0.0,0.0,0.0,0.0,0.0
intermittent_v2,1,4,> 187,27,21,0,0.0,0.0,0.0,0.0,0.0,0.0
intermittent_v2,1,4,> 187,28,21,0,0.0,0.0,0.0,0.0,0.0,0.0
intermittent_v2,1,4,> 187,29,21,0,0.0,0.0,0.0,0.0,0.0,0.0
intermittent_v2,1,4,> 187,30,21,0,0.0,0.0,0.0,0.0,0.0,0.0
intermittent_v2,1,4,> 187,31,21,0,0.0,0.0,0.0,0.0,0.0,0.0
intermittent_v2,1,4,> 187,32,21,0,0.0,0.0,0.0,0.0,0.0,0.0
intermittent_v2,1,4,> 187,33,21,21,0.0025634765625,0.25,0.008444316069647705,1027.0334970054234,0.0,0.02002019787049748
intermittent_v2,1,4,> 187,34,21,4,0.00048828125,0.047619047619047616,0.006664855758375789,369.5585033866513,0.0,0.008411357683070204
intermittent_v2,1,4,> 187,35,21,21,0.0025634765625,0.25,0.008444316069647705,1027.0334970054234,0.0,0.02002019787049748
intermittent_v2,1,4,> 187,36,21,0,0.0,0.0,0.0,0.0,0.0,0.0
intermittent_v2,1,4,> 187,37,21,0,0.0,0.0,0.0,0.0,0.0,0.0
intermittent_v2,1,4,> 187,38,21,0,0.0,0.0,0.0,0.0,0.0,0.0
intermittent_v2,1,4,> 187,39,21,0,0.0,0.0,0.0,0.0,0.0,0.0
intermittent_v2,1,4,> 187,40,21,0,0.0,0.0,0.0,0.0,0.0,0.0
intermittent_v2,1,4,> 187,41,21,17,0.0020751953125,0.20238095238095238,0.0017794603112719475,657.4749936187733,0.0,0.011608840187427277
intermittent_v2,1,4,> 187,42,21,0,0.0,0.0,0.0,0.0,0.0,0.0
intermittent_v2,1,4,> 187,43,21,0,0.0,0.0,0.0,0.0,0.0,0.0
intermittent_v2,1,4,> 187,44,21,0,0.0,0.0,0.0,0.0,0.0,0.0
intermittent_v2,1,4,> 187,45,21,0,0.0,0.0,0.0,0.0,0.0,0.0
intermittent_v2,1,4,> 187,46,21,0,0.0,0.0,0.0,0.0,0.0,0.0
intermittent_v2,1,4,> 187,47,21,0,0.0,0.0,0.0,0.0,0.0,0.0
intermittent_v2,1,4,> 187,48,21,0,0.0,0.0,0.0,0.0,0.0,0.0
intermittent_v2,1,4,> 187,49,21,0,0.0,0.0,0.0,0.0,0.0,0.0
intermittent_v2,1,4,> 187,50,21,0,0.0,0.0,0.0,0.0,0.0,0.0
intermittent_v2,1,4,> 187,51,21,0,0.0,0.0,0.0,0.0,0.0,0.0
intermittent_v2,1,4,> 187,52,21,21,0.0025634765625,0.25,0.008444316069647705,1027.0334970054234,0.0,0.02002019787049748
intermittent_v2,1,4,> 187,53,21,0,0.0,0.0,0.0,0.0,0.0,0.0
intermittent_v2,1,4,> 187,54,21,0,0.0,0.0,0.0,0.0,0.0,0.0
intermittent_v2,1,4,> 187,55,21,0,0.0,0.0,0.0,0.0,0.0,0.0
intermittent_v2,1,4,> 187,56,21,0,0.0,0.0,0.0,0.0,0.0,0.0
intermittent_v2,1,4,> 187,57,21,0,0.0,0.0,0.0,0.0,0.0,0.0
intermittent_v2,1,4,> 187,58,21,0,0.0,0.0,0.0,0.0,0.0,0.0
intermittent_v2,1,4,> 187,59,21,0,0.0,0.0,0.0,0.0,0.0,0.0
intermittent_v2,1,4,> 187,60,21,0,0.0,0.0,0.0,0.0,0.0,0.0
intermittent_v2,1,4,> 187,61,21,0,0.0,0.0,0.0,0.0,0.0,0.0
intermittent_v2,1,4,> 187,62,21,0,0.0,0.0,0.0,0.0,0.0,0.0
intermittent_v2,1,4,> 187,63,21,0,0.0,0.0,0.0,0.0,0.0,0.0
yellow_trip_hourly,0,0,<= 7,0,1078,0,0.0,0.0,0.0,0.0,0.0,0.0
yellow_trip_hourly,0,0,<= 7,1,1078,403,0.0491943359375,0.09346011131725418,1.8106403788234244,5.486859132321225,22.64346558829391,3.166780762502701
yellow_trip_hourly,0,0,<= 7,2,1078,2,0.000244140625,0.00046382189239332097,0.13918737513963206,14.838843855911128,1.8968347256612217,0.0075553437432494056
yellow_trip_hourly,0,0,<= 7,3,1078,0,0.0,0.0,0.0,0.0,0.0,0.0
yellow_trip_hourly,0,0,<= 7,4,1078,0,0.0,0.0,0.0,0.0,0.0,0.0
yellow_trip_hourly,0,0,<= 7,5,1078,0,0.0,0.0,0.0,0.0,0.0,0.0
yellow_trip_hourly,0,0,<= 7,6,1078,0,0.0,0.0,0.0,0.0,0.0,0.0
yellow_trip_hourly,0,0,<= 7,7,1078,5,0.0006103515625,0.0011595547309833025,0.0006607393748904334,0.3522475892105421,0.1694120371232322,0.08723078730207495
yellow_trip_hourly,0,0,<= 7,8,1078,60,0.00732421875,0.013914656771799629,0.7314416923142991,4.706479985699539,2.9563446502327926,1.28206712927733
yellow_trip_hourly,0,0,<= 7,9,1078,324,0.03955078125,0.075139146567718,0.039803839655134454,2.9445288549267676,16.739295261758663,1.406502472391264
yellow_trip_hourly,0,0,<= 7,10,1078,1,0.0001220703125,0.00023191094619666049,0.11178870203002877,7.893717527639189,0.8114503700852002,0.0036555360413816087
yellow_trip_hourly,0,0,<= 7,11,1078,36,0.00439453125,0.008348794063079777,0.24187724480955056,0.5437657320567814,1.3213829730254827,0.4013618293440273
yellow_trip_hourly,0,0,<= 7,12,1078,24,0.0029296875,0.0055658627087198514,0.017222587974031436,0.8702774007399325,0.7700382072694782,0.0691403058234615
yellow_trip_hourly,0,0,<= 7,13,1078,1,0.0001220703125,0.00023191094619666049,0.19385263732897037,18.37797438563575,1.0647123889967862,0.0032036679796139888
yellow_trip_hourly,0,0,<= 7,14,1078,29,0.0035400390625,0.006725417439703154,0.9991812923919237,20.52208518594288,4.8464091516413434,0.3019525903751495
yellow_trip_hourly,0,0,<= 7,15,1078,325,0.0396728515625,0.07537105751391465,5.687943767917822,123.57758596639029,27.528502201519974,0.8895255038219192
yellow_trip_hourly,0,0,<= 7,16,1078,5,0.0006103515625,0.0011595547309833025,0.4470071052717164,72.89119497226137,5.343520335064503,0.021215325522183054
yellow_trip_hourly,0,0,<= 7,17,1078,168,0.0205078125,0.03896103896103896,4.729819660224135,146.52589753715267,28.155177851029823,0.43937358588339986
yellow_trip_hourly,0,0,<= 7,18,1078,0,0.0,0.0,0.0,0.0,0.0,0.0
yellow_trip_hourly,0,0,<= 7,19,1078,67,0.0081787109375,0.015538033395176253,3.8509646146118306,182.9870408890167,22.507042693136373,0.7376175402587867
yellow_trip_hourly,0,0,<= 7,20,1078,1,0.0001220703125,0.00023191094619666049,0.07025474125706843,0.6406170877763472,0.2230229995960173,0.011760041074574318
yellow_trip_hourly,0,0,<= 7,21,1078,1,0.0001220703125,0.00023191094619666049,0.045821163924952134,0.32617627391972237,0.17625240126513078,0.024858504289925885
yellow_trip_hourly,0,0,<= 7,22,1078,0,0.0,0.0,0.0,0.0,0.0,0.0
yellow_trip_hourly,0,0,<= 7,23,1078,0,0.0,0.0,0.0,0.0,0.0,0.0
yellow_trip_hourly,0,0,<= 7,24,1078,524,0.06396484375,0.12152133580705009,8.045813187531817,104.21466617306353,32.9699675127021,2.7533841850292906
yellow_trip_hourly,0,0,<= 7,25,1078,70,0.008544921875,0.016233766233766232,0.9720039782746506,7.190288858959349,3.524473845009229,0.09893867877043172
yellow_trip_hourly,0,0,<= 7,26,1078,320,0.0390625,0.07421150278293136,0.28539404744473545,3.444800670086387,16.799072943418494,3.0834437483294006
yellow_trip_hourly,0,0,<= 7,27,1078,0,0.0,0.0,0.0,0.0,0.0,0.0
yellow_trip_hourly,0,0,<= 7,28,1078,1,0.0001220703125,0.00023191094619666049,0.0623907943437541,0.5265072642422407,0.20762011886611598,0.00668520438893592
yellow_trip_hourly,0,0,<= 7,29,1078,29,0.0035400390625,0.006725417439703154,1.0031093603690395,44.00100470423191,9.05775755168501,0.06420443520621574
yellow_trip_hourly,0,0,<= 7,30,1078,1,0.0001220703125,0.00023191094619666049,0.1482125911354887,35.25076253407281,1.6304361396701277,0.0006900536381016382
yellow_trip_hourly,0,0,<= 7,31,1078,53,0.0064697265625,0.012291280148423005,1.641626862938259,102.47604904675468,9.969387061619466,0.2460701237255696
yellow_trip_hourly,0,0,<= 7,32,1078,133,0.0162353515625,0.030844155844155844,2.940415787128042,42.63093916977782,10.45222291907097,0.4362430297646474
yellow_trip_hourly,0,0,<= 7,33,1078,91,0.0111083984375,0.021103896103896104,1.5562563702773746,25.949221018231178,8.231839448617592,0.16502986495769292
yellow_trip_hourly,0,0,<= 7,34,1078,38,0.004638671875,0.008812615955473098,0.48890638320845364,1.725698353928073,1.8274901505254324,0.002789021931458277
yellow_trip_hourly,0,0,<= 7,35,1078,53,0.0064697265625,0.012291280148423005,1.117392842750819,90.68995888516298,9.493260384419294,0.37612027070578513
yellow_trip_hourly,0,0,<= 7,36,1078,30,0.003662109375,0.006957328385899814,0.4289397324608871,0.36701051178741456,0.7052263147227393,0.37500166820924596
yellow_trip_hourly,0,0,<= 7,37,1078,2,0.000244140625,0.00046382189239332097,0.19411136877478863,16.760306873167227,1.7755048476510473,0.005961359892720816
yellow_trip_hourly,0,0,<= 7,38,1078,0,0.0,0.0,0.0,0.0,0.0,0.0
yellow_trip_hourly,0,0,<= 7,39,1078,0,0.0,0.0,0.0,0.0,0.0,0.0
yellow_trip_hourly,0,0,<= 7,40,1078,7,0.0008544921875,0.0016233766233766235,0.059575787339420615,0.35109543541297134,0.3059328572636991,0.5313029643579998
yellow_trip_hourly,0,0,<= 7,41,1078,1,0.0001220703125,0.00023191094619666049,0.1482125911354887,35.25076253407281,1.6304361396701277,0.0006900536381016382
yellow_trip_hourly,0,0,<= 7,42,1078,2,0.000244140625,0.00046382189239332097,0.0818612928960528,0.5854794073049381,0.24909964723209235,0.03620665568654406
yellow_trip_hourly,0,0,<= 7,43,1078,3,0.0003662109375,0.0006957328385899814,0.08973380918360081,2.766033958136182,0.6208700576474863,0.012816184563452675
yellow_trip_hourly,0,0,<= 7,44,1078,4,0.00048828125,0.0009276437847866419,0.1451534060315389,1.132540246575057,0.3961996572637617,0.046362961794364714
yellow_trip_hourly,0,0,<= 7,45,1078,0,0.0,0.0,0.0,0.0,0.0,0.0
yellow_trip_hourly,0,0,<= 7,46,1078,4,0.00048828125,0.0009276437847866419,0.4499774633225024,37.74627529555346,2.446476167089406,0.007858517814207874
yellow_trip_hourly,0,0,<= 7,47,1078,16,0.001953125,0.0037105751391465678,2.050623038959479,279.78074315073997,16.859575391752834,0.042789451002704405
yellow_trip_hourly,0,0,<= 7,48,1078,89,0.0108642578125,0.020640074211502782,2.8448086206605003,147.65127011437394,19.329548896993376,0.7395426911052451
yellow_trip_hourly,0,0,<= 7,49,1078,367,0.0447998046875,0.0851113172541744,0.6037878143358031,2.6760621959398025,19.42498890073101,2.726630882050409
yellow_trip_hourly,0,0,<= 7,50,1078,647,0.0789794921875,0.15004638218923932,15.06620789826049,532.690898374804,77.58641334905143,3.519199859976455
yellow_trip_hourly,0,0,<= 7,51,1078,241,0.0294189453125,0.05589053803339518,3.1378477865166676,13.480923813657178,7.3688617422611715,2.192567948140997
yellow_trip_hourly,0,0,<= 7,52,1078,6,0.000732421875,0.0013914656771799629,0.1514963525919468,0.9981904513322732,0.7007070691343602,0.10569559506013368
yellow_trip_hourly,0,0,<= 7,53,1078,0,0.0,0.0,0.0,0.0,0.0,0.0
yellow_trip_hourly,0,0,<= 7,54,1078,0,0.0,0.0,0.0,0.0,0.0,0.0
yellow_trip_hourly,0,0,<= 7,55,1078,8,0.0009765625,0.0018552875695732839,0.6810114228036412,56.73497399671423,4.4612084134449885,0.033602769039104044
yellow_trip_hourly,0,0,<= 7,56,1078,55,0.0067138671875,0.012755102040816327,0.1248511894610823,2.5713903590435425,1.0254608341535882,0.704669184191654
yellow_trip_hourly,0,0,<= 7,57,1078,26,0.003173828125,0.006029684601113173,0.33468984420728265,5.157460989557479,1.4558335175554402,0.06781168654474864
yellow_trip_hourly,0,0,<= 7,58,1078,29,0.0035400390625,0.006725417439703154,0.8199666083225622,113.5091190368271,8.810045323395775,0.23414103382008114
yellow_trip_hourly,0,0,<= 7,59,1078,0,0.0,0.0,0.0,0.0,0.0,0.0
yellow_trip_hourly,0,0,<= 7,60,1078,6,0.000732421875,0.0013914656771799629,0.08202052005808705,0.44927675628277525,0.3303951950364186,0.15297530003780352
yellow_trip_hourly,0,0,<= 7,61,1078,1,0.0001220703125,0.00023191094619666049,0.020617412216721767,1.0843603482664124,0.5506832435966109,0.0007640919012030773
yellow_trip_hourly,0,0,<= 7,62,1078,2,0.000244140625,0.00046382189239332097,0.017955947955531817,1.50509166027768,0.32893352721784525,0.004487650719230329
yellow_trip_hourly,0,0,<= 7,63,1078,1,0.0001220703125,0.00023191094619666049,0.050477630073037176,5.114489900706135,0.9007207994652594,0.0052708299615463194
yellow_trip_hourly,0,1,"(7, 686]",0,789,0,0.0,0.0,0.0,0.0,0.0,0.0
yellow_trip_hourly,0,1,"(7, 686]",1,789,6,0.000732421875,0.0019011406844106464,0.4211752738300351,2.759594661594404,0.6348067187646166,0.027962180069102286
yellow_trip_hourly,0,1,"(7, 686]",2,789,8,0.0009765625,0.0025348542458808617,0.18245478996983053,375.11026713242484,4.424369236681181,0.03600914964076593
yellow_trip_hourly,0,1,"(7, 686]",3,789,0,0.0,0.0,0.0,0.0,0.0,0.0
yellow_trip_hourly,0,1,"(7, 686]",4,789,455,0.0555419921875,0.14416983523447402,0.30828770678548956,86901.75037108347,448.62925869665816,0.48992649815346917
yellow_trip_hourly,0,1,"(7, 686]",5,789,1,0.0001220703125,0.0003168567807351077,0.0016628067655551438,0.13263607262298147,0.7239738342595187,0.0025533765901258527
yellow_trip_hourly,0,1,"(7, 686]",6,789,0,0.0,0.0,0.0,0.0,0.0,0.0
yellow_trip_hourly,0,1,"(7, 686]",7,789,0,0.0,0.0,0.0,0.0,0.0,0.0
yellow_trip_hourly,0,1,"(7, 686]",8,789,2,0.000244140625,0.0006337135614702154,0.29600380001117454,7.817814657616787,0.5131591512184768,0.03389232488197203
yellow_trip_hourly,0,1,"(7, 686]",9,789,97,0.0118408203125,0.03073510773130545,0.28294593745637486,207.97223385212158,7.599451468320548,0.1824596835314316
yellow_trip_hourly,0,1,"(7, 686]",10,789,30,0.003662109375,0.009505703422053232,0.39691496872279874,359.02459671389516,14.048286200551969,0.0529306609840833
yellow_trip_hourly,0,1,"(7, 686]",11,789,0,0.0,0.0,0.0,0.0,0.0,0.0
yellow_trip_hourly,0,1,"(7, 686]",12,789,0,0.0,0.0,0.0,0.0,0.0,0.0
yellow_trip_hourly,0,1,"(7, 686]",13,789,34,0.004150390625,0.010773130544993664,0.2657396578749558,20.07416480006724,3.740146108180911,0.08729186378887178
yellow_trip_hourly,0,1,"(7, 686]",14,789,5,0.0006103515625,0.0015842839036755386,0.2405348517943082,11.777670453931488,1.5046302257571365,0.005229153732895086
yellow_trip_hourly,0,1,"(7, 686]",15,789,82,0.010009765625,0.025982256020278833,3.1446712087316357,379.68297094453834,35.17866608915031,0.241999928467983
yellow_trip_hourly,0,1,"(7, 686]",16,789,600,0.0732421875,0.19011406844106463,0.7178134927727421,87855.6996193904,484.35023030712165,1.0065963226475434
yellow_trip_hourly,0,1,"(7, 686]",17,789,56,0.0068359375,0.017743979721166033,3.0633158129054916,260.79471549854964,27.919209481882124,0.22873100669246038
yellow_trip_hourly,0,1,"(7, 686]",18,789,0,0.0,0.0,0.0,0.0,0.0,0.0
yellow_trip_hourly,0,1,"(7, 686]",19,789,59,0.0072021484375,0.018694550063371358,1.1691859451702362,232.84198548939546,22.92876957694135,0.261680881732056
yellow_trip_hourly,0,1,"(7, 686]",20,789,1,0.0001220703125,0.0003168567807351077,0.06304094783421553,10.417187083925155,0.976347680018314,0.006136073973811719
yellow_trip_hourly,0,1,"(7, 686]",21,789,0,0.0,0.0,0.0,0.0,0.0,0.0
yellow_trip_hourly,0,1,"(7, 686]",22,789,469,0.0572509765625,0.14860583016476553,0.5355681668936727,87573.61028993235,448.9789192876855,0.5630589438326825
yellow_trip_hourly,0,1,"(7, 686]",23,789,0,0.0,0.0,0.0,0.0,0.0,0.0
yellow_trip_hourly,0,1,"(7, 686]",24,789,42,0.005126953125,0.013307984790874524,3.391634148272678,188.30462852980526,16.991448958683954,0.09561284394956047
yellow_trip_hourly,0,1,"(7, 686]",25,789,1,0.0001220703125,0.0003168567807351077,0.139218067649579,2.9077265792727953,0.22061271125422588,0.011220979080244794
yellow_trip_hourly,0,1,"(7, 686]",26,789,10,0.001220703125,0.0031685678073510772,0.07459220285496604,419.14539845354585,3.733498654730044,0.024015862487086807
yellow_trip_hourly,0,1,"(7, 686]",27,789,0,0.0,0.0,0.0,0.0,0.0,0.0
yellow_trip_hourly,0,1,"(7, 686]",28,789,0,0.0,0.0,0.0,0.0,0.0,0.0
yellow_trip_hourly,0,1,"(7, 686]",29,789,22,0.002685546875,0.00697084917617237,0.7590297582472388,79.0052792787831,6.325080849166079,0.06363185970514575
yellow_trip_hourly,0,1,"(7, 686]",30,789,485,0.0592041015625,0.15367553865652725,0.4070045066077594,87832.20736038387,457.86565359506585,0.5692553183195262
yellow_trip_hourly,0,1,"(7, 686]",31,789,26,0.003173828125,0.008238276299112801,0.5290122667851075,127.7359801852737,6.024681350300984,0.05617125567990903
yellow_trip_hourly,0,1,"(7, 686]",32,789,10,0.001220703125,0.0031685678073510772,1.0287988490106041,73.22892789207805,5.304686435189175,0.010366694457257977
yellow_trip_hourly,0,1,"(7, 686]",33,789,5,0.0006103515625,0.0015842839036755386,0.2541436205128883,22.086848480162068,1.7855821026733147,0.012661223760943585
yellow_trip_hourly,0,1,"(7, 686]",34,789,3,0.0003662109375,0.0009505703422053232,0.3423116577032856,13.064879397227159,1.2156158534183652,0.03176294807403191
yellow_trip_hourly,0,1,"(7, 686]",35,789,18,0.002197265625,0.005703422053231939,0.4554776470141288,72.8396447299212,8.625317781127636,0.022450787403658794
yellow_trip_hourly,0,1,"(7, 686]",36,789,0,0.0,0.0,0.0,0.0,0.0,0.0
yellow_trip_hourly,0,1,"(7, 686]",37,789,1,0.0001220703125,0.0003168567807351077,0.07178288912809823,15.303495163789265,1.1060227692636886,0.00047244602674677603
yellow_trip_hourly,0,1,"(7, 686]",38,789,0,0.0,0.0,0.0,0.0,0.0,0.0
yellow_trip_hourly,0,1,"(7, 686]",39,789,0,0.0,0.0,0.0,0.0,0.0,0.0
yellow_trip_hourly,0,1,"(7, 686]",40,789,0,0.0,0.0,0.0,0.0,0.0,0.0
yellow_trip_hourly,0,1,"(7, 686]",41,789,47,0.0057373046875,0.014892268694550063,0.27026355567557003,610.8703097525206,12.471831022747557,0.13877258243354382
yellow_trip_hourly,0,1,"(7, 686]",42,789,0,0.0,0.0,0.0,0.0,0.0,0.0
yellow_trip_hourly,0,1,"(7, 686]",43,789,1,0.0001220703125,0.0003168567807351077,0.06285578109492672,3.4535037834816578,0.5197913140841389,0.005367249890447975
yellow_trip_hourly,0,1,"(7, 686]",44,789,0,0.0,0.0,0.0,0.0,0.0,0.0
yellow_trip_hourly,0,1,"(7, 686]",45,789,0,0.0,0.0,0.0,0.0,0.0,0.0
yellow_trip_hourly,0,1,"(7, 686]",46,789,6,0.000732421875,0.0019011406844106464,0.06678579646148763,13.571287796837034,0.6319381304194777,0.004640525563409152
yellow_trip_hourly,0,1,"(7, 686]",47,789,104,0.0126953125,0.032953105196451206,0.35707681700045973,38.695225490515035,4.085912722007988,0.3255126774231094
yellow_trip_hourly,0,1,"(7, 686]",48,789,73,0.0089111328125,0.023130544993662863,2.635153600082243,398.5283926175437,24.052496999299937,0.18363186372421975
yellow_trip_hourly,0,1,"(7, 686]",49,789,0,0.0,0.0,0.0,0.0,0.0,0.0
yellow_trip_hourly,0,1,"(7, 686]",50,789,267,0.0325927734375,0.08460076045627377,5.615297396064738,576.294030604744,52.57422744133658,0.7729955056993973
yellow_trip_hourly,0,1,"(7, 686]",51,789,8,0.0009765625,0.0025348542458808617,0.989994233177974,28.49326411987403,2.3662949689754273,0.03630821364422022
yellow_trip_hourly,0,1,"(7, 686]",52,789,2,0.000244140625,0.0006337135614702154,0.07284749649042,28.675579721974934,2.9793941793904395,0.009091721676988872
yellow_trip_hourly,0,1,"(7, 686]",53,789,5,0.0006103515625,0.0015842839036755386,0.15635100244173034,54.21526561880199,0.9381857701744096,0.025195936722151067
yellow_trip_hourly,0,1,"(7, 686]",54,789,0,0.0,0.0,0.0,0.0,0.0,0.0
yellow_trip_hourly,0,1,"(7, 686]",55,789,66,0.008056640625,0.02091254752851711,0.39035439614537354,235.5031146902528,8.339151354384025,0.2111690157839556
yellow_trip_hourly,0,1,"(7, 686]",56,789,0,0.0,0.0,0.0,0.0,0.0,0.0
yellow_trip_hourly,0,1,"(7, 686]",57,789,1,0.0001220703125,0.0003168567807351077,0.158336862889512,2.948712727179422,0.18470081597624258,0.023599598097712844
yellow_trip_hourly,0,1,"(7, 686]",58,789,38,0.004638671875,0.012040557667934094,0.42356308015253047,205.25304754956395,9.466523075045247,0.11147843608912116
yellow_trip_hourly,0,1,"(7, 686]",59,789,0,0.0,0.0,0.0,0.0,0.0,0.0
yellow_trip_hourly,0,1,"(7, 686]",60,789,0,0.0,0.0,0.0,0.0,0.0,0.0
yellow_trip_hourly,0,1,"(7, 686]",61,789,0,0.0,0.0,0.0,0.0,0.0,0.0
yellow_trip_hourly,0,1,"(7, 686]",62,789,5,0.0006103515625,0.0015842839036755386,0.0268325598632713,9.814095327030232,2.609369868011592,0.030165259781282462
yellow_trip_hourly,0,1,"(7, 686]",63,789,5,0.0006103515625,0.0015842839036755386,0.37257437988872677,55.51275504419813,4.30421519980963,0.017318807891179185
yellow_trip_hourly,0,2,"(686, 1562]",0,97,0,0.0,0.0,0.0,0.0,0.0,0.0
yellow_trip_hourly,0,2,"(686, 1562]",1,97,0,0.0,0.0,0.0,0.0,0.0,0.0
yellow_trip_hourly,0,2,"(686, 1562]",2,97,0,0.0,0.0,0.0,0.0,0.0,0.0
yellow_trip_hourly,0,2,"(686, 1562]",3,97,0,0.0,0.0,0.0,0.0,0.0,0.0
yellow_trip_hourly,0,2,"(686, 1562]",4,97,97,0.0118408203125,0.25,0.1997029160370588,188778.40944582617,80.57791274106911,0.19365542748126868
yellow_trip_hourly,0,2,"(686, 1562]",5,97,0,0.0,0.0,0.0,0.0,0.0,0.0
yellow_trip_hourly,0,2,"(686, 1562]",6,97,0,0.0,0.0,0.0,0.0,0.0,0.0
yellow_trip_hourly,0,2,"(686, 1562]",7,97,0,0.0,0.0,0.0,0.0,0.0,0.0
yellow_trip_hourly,0,2,"(686, 1562]",8,97,0,0.0,0.0,0.0,0.0,0.0,0.0
yellow_trip_hourly,0,2,"(686, 1562]",9,97,0,0.0,0.0,0.0,0.0,0.0,0.0
yellow_trip_hourly,0,2,"(686, 1562]",10,97,0,0.0,0.0,0.0,0.0,0.0,0.0
yellow_trip_hourly,0,2,"(686, 1562]",11,97,0,0.0,0.0,0.0,0.0,0.0,0.0
yellow_trip_hourly,0,2,"(686, 1562]",12,97,0,0.0,0.0,0.0,0.0,0.0,0.0
yellow_trip_hourly,0,2,"(686, 1562]",13,97,0,0.0,0.0,0.0,0.0,0.0,0.0
yellow_trip_hourly,0,2,"(686, 1562]",14,97,0,0.0,0.0,0.0,0.0,0.0,0.0
yellow_trip_hourly,0,2,"(686, 1562]",15,97,0,0.0,0.0,0.0,0.0,0.0,0.0
yellow_trip_hourly,0,2,"(686, 1562]",16,97,97,0.0118408203125,0.25,0.1997029160370588,188778.40944582617,80.57791274106911,0.19365542748126868
yellow_trip_hourly,0,2,"(686, 1562]",17,97,0,0.0,0.0,0.0,0.0,0.0,0.0
yellow_trip_hourly,0,2,"(686, 1562]",18,97,0,0.0,0.0,0.0,0.0,0.0,0.0
yellow_trip_hourly,0,2,"(686, 1562]",19,97,0,0.0,0.0,0.0,0.0,0.0,0.0
yellow_trip_hourly,0,2,"(686, 1562]",20,97,0,0.0,0.0,0.0,0.0,0.0,0.0
yellow_trip_hourly,0,2,"(686, 1562]",21,97,0,0.0,0.0,0.0,0.0,0.0,0.0
yellow_trip_hourly,0,2,"(686, 1562]",22,97,97,0.0118408203125,0.25,0.1997029160370588,188778.40944582617,80.57791274106911,0.19365542748126868
yellow_trip_hourly,0,2,"(686, 1562]",23,97,0,0.0,0.0,0.0,0.0,0.0,0.0
yellow_trip_hourly,0,2,"(686, 1562]",24,97,0,0.0,0.0,0.0,0.0,0.0,0.0
yellow_trip_hourly,0,2,"(686, 1562]",25,97,0,0.0,0.0,0.0,0.0,0.0,0.0
yellow_trip_hourly,0,2,"(686, 1562]",26,97,0,0.0,0.0,0.0,0.0,0.0,0.0
yellow_trip_hourly,0,2,"(686, 1562]",27,97,0,0.0,0.0,0.0,0.0,0.0,0.0
yellow_trip_hourly,0,2,"(686, 1562]",28,97,0,0.0,0.0,0.0,0.0,0.0,0.0
yellow_trip_hourly,0,2,"(686, 1562]",29,97,0,0.0,0.0,0.0,0.0,0.0,0.0
yellow_trip_hourly,0,2,"(686, 1562]",30,97,97,0.0118408203125,0.25,0.1997029160370588,188778.40944582617,80.57791274106911,0.19365542748126868
yellow_trip_hourly,0,2,"(686, 1562]",31,97,0,0.0,0.0,0.0,0.0,0.0,0.0
yellow_trip_hourly,0,2,"(686, 1562]",32,97,0,0.0,0.0,0.0,0.0,0.0,0.0
yellow_trip_hourly,0,2,"(686, 1562]",33,97,0,0.0,0.0,0.0,0.0,0.0,0.0
yellow_trip_hourly,0,2,"(686, 1562]",34,97,0,0.0,0.0,0.0,0.0,0.0,0.0
yellow_trip_hourly,0,2,"(686, 1562]",35,97,0,0.0,0.0,0.0,0.0,0.0,0.0
yellow_trip_hourly,0,2,"(686, 1562]",36,97,0,0.0,0.0,0.0,0.0,0.0,0.0
yellow_trip_hourly,0,2,"(686, 1562]",37,97,0,0.0,0.0,0.0,0.0,0.0,0.0
yellow_trip_hourly,0,2,"(686, 1562]",38,97,0,0.0,0.0,0.0,0.0,0.0,0.0
yellow_trip_hourly,0,2,"(686, 1562]",39,97,0,0.0,0.0,0.0,0.0,0.0,0.0
yellow_trip_hourly,0,2,"(686, 1562]",40,97,0,0.0,0.0,0.0,0.0,0.0,0.0
yellow_trip_hourly,0,2,"(686, 1562]",41,97,0,0.0,0.0,0.0,0.0,0.0,0.0
yellow_trip_hourly,0,2,"(686, 1562]",42,97,0,0.0,0.0,0.0,0.0,0.0,0.0
yellow_trip_hourly,0,2,"(686, 1562]",43,97,0,0.0,0.0,0.0,0.0,0.0,0.0
yellow_trip_hourly,0,2,"(686, 1562]",44,97,0,0.0,0.0,0.0,0.0,0.0,0.0
yellow_trip_hourly,0,2,"(686, 1562]",45,97,0,0.0,0.0,0.0,0.0,0.0,0.0
yellow_trip_hourly,0,2,"(686, 1562]",46,97,0,0.0,0.0,0.0,0.0,0.0,0.0
yellow_trip_hourly,0,2,"(686, 1562]",47,97,0,0.0,0.0,0.0,0.0,0.0,0.0
yellow_trip_hourly,0,2,"(686, 1562]",48,97,0,0.0,0.0,0.0,0.0,0.0,0.0
yellow_trip_hourly,0,2,"(686, 1562]",49,97,0,0.0,0.0,0.0,0.0,0.0,0.0
yellow_trip_hourly,0,2,"(686, 1562]",50,97,0,0.0,0.0,0.0,0.0,0.0,0.0
yellow_trip_hourly,0,2,"(686, 1562]",51,97,0,0.0,0.0,0.0,0.0,0.0,0.0
yellow_trip_hourly,0,2,"(686, 1562]",52,97,0,0.0,0.0,0.0,0.0,0.0,0.0
yellow_trip_hourly,0,2,"(686, 1562]",53,97,0,0.0,0.0,0.0,0.0,0.0,0.0
yellow_trip_hourly,0,2,"(686, 1562]",54,97,0,0.0,0.0,0.0,0.0,0.0,0.0
yellow_trip_hourly,0,2,"(686, 1562]",55,97,0,0.0,0.0,0.0,0.0,0.0,0.0
yellow_trip_hourly,0,2,"(686, 1562]",56,97,0,0.0,0.0,0.0,0.0,0.0,0.0
yellow_trip_hourly,0,2,"(686, 1562]",57,97,0,0.0,0.0,0.0,0.0,0.0,0.0
yellow_trip_hourly,0,2,"(686, 1562]",58,97,0,0.0,0.0,0.0,0.0,0.0,0.0
yellow_trip_hourly,0,2,"(686, 1562]",59,97,0,0.0,0.0,0.0,0.0,0.0,0.0
yellow_trip_hourly,0,2,"(686, 1562]",60,97,0,0.0,0.0,0.0,0.0,0.0,0.0
yellow_trip_hourly,0,2,"(686, 1562]",61,97,0,0.0,0.0,0.0,0.0,0.0,0.0
yellow_trip_hourly,0,2,"(686, 1562]",62,97,0,0.0,0.0,0.0,0.0,0.0,0.0
yellow_trip_hourly,0,2,"(686, 1562]",63,97,0,0.0,0.0,0.0,0.0,0.0,0.0
yellow_trip_hourly,0,3,"(1562, 3449]",0,77,0,0.0,0.0,0.0,0.0,0.0,0.0
yellow_trip_hourly,0,3,"(1562, 3449]",1,77,0,0.0,0.0,0.0,0.0,0.0,0.0
yellow_trip_hourly,0,3,"(1562, 3449]",2,77,0,0.0,0.0,0.0,0.0,0.0,0.0
yellow_trip_hourly,0,3,"(1562, 3449]",3,77,0,0.0,0.0,0.0,0.0,0.0,0.0
yellow_trip_hourly,0,3,"(1562, 3449]",4,77,77,0.0093994140625,0.25,0.5583868491849957,2110367.6480987873,0.0,0.16722006877074586
yellow_trip_hourly,0,3,"(1562, 3449]",5,77,0,0.0,0.0,0.0,0.0,0.0,0.0
yellow_trip_hourly,0,3,"(1562, 3449]",6,77,0,0.0,0.0,0.0,0.0,0.0,0.0
yellow_trip_hourly,0,3,"(1562, 3449]",7,77,0,0.0,0.0,0.0,0.0,0.0,0.0
yellow_trip_hourly,0,3,"(1562, 3449]",8,77,0,0.0,0.0,0.0,0.0,0.0,0.0
yellow_trip_hourly,0,3,"(1562, 3449]",9,77,0,0.0,0.0,0.0,0.0,0.0,0.0
yellow_trip_hourly,0,3,"(1562, 3449]",10,77,0,0.0,0.0,0.0,0.0,0.0,0.0
yellow_trip_hourly,0,3,"(1562, 3449]",11,77,0,0.0,0.0,0.0,0.0,0.0,0.0
yellow_trip_hourly,0,3,"(1562, 3449]",12,77,0,0.0,0.0,0.0,0.0,0.0,0.0
yellow_trip_hourly,0,3,"(1562, 3449]",13,77,0,0.0,0.0,0.0,0.0,0.0,0.0
yellow_trip_hourly,0,3,"(1562, 3449]",14,77,0,0.0,0.0,0.0,0.0,0.0,0.0
yellow_trip_hourly,0,3,"(1562, 3449]",15,77,0,0.0,0.0,0.0,0.0,0.0,0.0
yellow_trip_hourly,0,3,"(1562, 3449]",16,77,77,0.0093994140625,0.25,0.5583868491849957,2110367.6480987873,0.0,0.16722006877074586
yellow_trip_hourly,0,3,"(1562, 3449]",17,77,0,0.0,0.0,0.0,0.0,0.0,0.0
yellow_trip_hourly,0,3,"(1562, 3449]",18,77,0,0.0,0.0,0.0,0.0,0.0,0.0
yellow_trip_hourly,0,3,"(1562, 3449]",19,77,0,0.0,0.0,0.0,0.0,0.0,0.0
yellow_trip_hourly,0,3,"(1562, 3449]",20,77,0,0.0,0.0,0.0,0.0,0.0,0.0
yellow_trip_hourly,0,3,"(1562, 3449]",21,77,0,0.0,0.0,0.0,0.0,0.0,0.0
yellow_trip_hourly,0,3,"(1562, 3449]",22,77,77,0.0093994140625,0.25,0.5583868491849957,2110367.6480987873,0.0,0.16722006877074586
yellow_trip_hourly,0,3,"(1562, 3449]",23,77,0,0.0,0.0,0.0,0.0,0.0,0.0
yellow_trip_hourly,0,3,"(1562, 3449]",24,77,0,0.0,0.0,0.0,0.0,0.0,0.0
yellow_trip_hourly,0,3,"(1562, 3449]",25,77,0,0.0,0.0,0.0,0.0,0.0,0.0
yellow_trip_hourly,0,3,"(1562, 3449]",26,77,0,0.0,0.0,0.0,0.0,0.0,0.0
yellow_trip_hourly,0,3,"(1562, 3449]",27,77,0,0.0,0.0,0.0,0.0,0.0,0.0
yellow_trip_hourly,0,3,"(1562, 3449]",28,77,0,0.0,0.0,0.0,0.0,0.0,0.0
yellow_trip_hourly,0,3,"(1562, 3449]",29,77,0,0.0,0.0,0.0,0.0,0.0,0.0
yellow_trip_hourly,0,3,"(1562, 3449]",30,77,77,0.0093994140625,0.25,0.5583868491849957,2110367.6480987873,0.0,0.16722006877074586
yellow_trip_hourly,0,3,"(1562, 3449]",31,77,0,0.0,0.0,0.0,0.0,0.0,0.0
yellow_trip_hourly,0,3,"(1562, 3449]",32,77,0,0.0,0.0,0.0,0.0,0.0,0.0
yellow_trip_hourly,0,3,"(1562, 3449]",33,77,0,0.0,0.0,0.0,0.0,0.0,0.0
yellow_trip_hourly,0,3,"(1562, 3449]",34,77,0,0.0,0.0,0.0,0.0,0.0,0.0
yellow_trip_hourly,0,3,"(1562, 3449]",35,77,0,0.0,0.0,0.0,0.0,0.0,0.0
yellow_trip_hourly,0,3,"(1562, 3449]",36,77,0,0.0,0.0,0.0,0.0,0.0,0.0
yellow_trip_hourly,0,3,"(1562, 3449]",37,77,0,0.0,0.0,0.0,0.0,0.0,0.0
yellow_trip_hourly,0,3,"(1562, 3449]",38,77,0,0.0,0.0,0.0,0.0,0.0,0.0
yellow_trip_hourly,0,3,"(1562, 3449]",39,77,0,0.0,0.0,0.0,0.0,0.0,0.0
yellow_trip_hourly,0,3,"(1562, 3449]",40,77,0,0.0,0.0,0.0,0.0,0.0,0.0
yellow_trip_hourly,0,3,"(1562, 3449]",41,77,0,0.0,0.0,0.0,0.0,0.0,0.0
yellow_trip_hourly,0,3,"(1562, 3449]",42,77,0,0.0,0.0,0.0,0.0,0.0,0.0
yellow_trip_hourly,0,3,"(1562, 3449]",43,77,0,0.0,0.0,0.0,0.0,0.0,0.0
yellow_trip_hourly,0,3,"(1562, 3449]",44,77,0,0.0,0.0,0.0,0.0,0.0,0.0
yellow_trip_hourly,0,3,"(1562, 3449]",45,77,0,0.0,0.0,0.0,0.0,0.0,0.0
yellow_trip_hourly,0,3,"(1562, 3449]",46,77,0,0.0,0.0,0.0,0.0,0.0,0.0
yellow_trip_hourly,0,3,"(1562, 3449]",47,77,0,0.0,0.0,0.0,0.0,0.0,0.0
yellow_trip_hourly,0,3,"(1562, 3449]",48,77,0,0.0,0.0,0.0,0.0,0.0,0.0
yellow_trip_hourly,0,3,"(1562, 3449]",49,77,0,0.0,0.0,0.0,0.0,0.0,0.0
yellow_trip_hourly,0,3,"(1562, 3449]",50,77,0,0.0,0.0,0.0,0.0,0.0,0.0
yellow_trip_hourly,0,3,"(1562, 3449]",51,77,0,0.0,0.0,0.0,0.0,0.0,0.0
yellow_trip_hourly,0,3,"(1562, 3449]",52,77,0,0.0,0.0,0.0,0.0,0.0,0.0
yellow_trip_hourly,0,3,"(1562, 3449]",53,77,0,0.0,0.0,0.0,0.0,0.0,0.0
yellow_trip_hourly,0,3,"(1562, 3449]",54,77,0,0.0,0.0,0.0,0.0,0.0,0.0
yellow_trip_hourly,0,3,"(1562, 3449]",55,77,0,0.0,0.0,0.0,0.0,0.0,0.0
yellow_trip_hourly,0,3,"(1562, 3449]",56,77,0,0.0,0.0,0.0,0.0,0.0,0.0
yellow_trip_hourly,0,3,"(1562, 3449]",57,77,0,0.0,0.0,0.0,0.0,0.0,0.0
yellow_trip_hourly,0,3,"(1562, 3449]",58,77,0,0.0,0.0,0.0,0.0,0.0,0.0
yellow_trip_hourly,0,3,"(1562, 3449]",59,77,0,0.0,0.0,0.0,0.0,0.0,0.0
yellow_trip_hourly,0,3,"(1562, 3449]",60,77,0,0.0,0.0,0.0,0.0,0.0,0.0
yellow_trip_hourly,0,3,"(1562, 3449]",61,77,0,0.0,0.0,0.0,0.0,0.0,0.0
yellow_trip_hourly,0,3,"(1562, 3449]",62,77,0,0.0,0.0,0.0,0.0,0.0,0.0
yellow_trip_hourly,0,3,"(1562, 3449]",63,77,0,0.0,0.0,0.0,0.0,0.0,0.0
yellow_trip_hourly,0,4,> 3449,0,7,0,0.0,0.0,0.0,0.0,0.0,0.0
yellow_trip_hourly,0,4,> 3449,1,7,0,0.0,0.0,0.0,0.0,0.0,0.0
yellow_trip_hourly,0,4,> 3449,2,7,0,0.0,0.0,0.0,0.0,0.0,0.0
yellow_trip_hourly,0,4,> 3449,3,7,0,0.0,0.0,0.0,0.0,0.0,0.0
yellow_trip_hourly,0,4,> 3449,4,7,7,0.0008544921875,0.25,0.20589458891917622,2037615.7700075496,0.0,0.015079595670320606
yellow_trip_hourly,0,4,> 3449,5,7,0,0.0,0.0,0.0,0.0,0.0,0.0
yellow_trip_hourly,0,4,> 3449,6,7,0,0.0,0.0,0.0,0.0,0.0,0.0
yellow_trip_hourly,0,4,> 3449,7,7,0,0.0,0.0,0.0,0.0,0.0,0.0
yellow_trip_hourly,0,4,> 3449,8,7,0,0.0,0.0,0.0,0.0,0.0,0.0
yellow_trip_hourly,0,4,> 3449,9,7,0,0.0,0.0,0.0,0.0,0.0,0.0
yellow_trip_hourly,0,4,> 3449,10,7,0,0.0,0.0,0.0,0.0,0.0,0.0
yellow_trip_hourly,0,4,> 3449,11,7,0,0.0,0.0,0.0,0.0,0.0,0.0
yellow_trip_hourly,0,4,> 3449,12,7,0,0.0,0.0,0.0,0.0,0.0,0.0
yellow_trip_hourly,0,4,> 3449,13,7,0,0.0,0.0,0.0,0.0,0.0,0.0
yellow_trip_hourly,0,4,> 3449,14,7,0,0.0,0.0,0.0,0.0,0.0,0.0
yellow_trip_hourly,0,4,> 3449,15,7,0,0.0,0.0,0.0,0.0,0.0,0.0
yellow_trip_hourly,0,4,> 3449,16,7,7,0.0008544921875,0.25,0.20589458891917622,2037615.7700075496,0.0,0.015079595670320606
yellow_trip_hourly,0,4,> 3449,17,7,0,0.0,0.0,0.0,0.0,0.0,0.0
yellow_trip_hourly,0,4,> 3449,18,7,0,0.0,0.0,0.0,0.0,0.0,0.0
yellow_trip_hourly,0,4,> 3449,19,7,0,0.0,0.0,0.0,0.0,0.0,0.0
yellow_trip_hourly,0,4,> 3449,20,7,0,0.0,0.0,0.0,0.0,0.0,0.0
yellow_trip_hourly,0,4,> 3449,21,7,0,0.0,0.0,0.0,0.0,0.0,0.0
yellow_trip_hourly,0,4,> 3449,22,7,7,0.0008544921875,0.25,0.20589458891917622,2037615.7700075496,0.0,0.015079595670320606
yellow_trip_hourly,0,4,> 3449,23,7,0,0.0,0.0,0.0,0.0,0.0,0.0
yellow_trip_hourly,0,4,> 3449,24,7,0,0.0,0.0,0.0,0.0,0.0,0.0
yellow_trip_hourly,0,4,> 3449,25,7,0,0.0,0.0,0.0,0.0,0.0,0.0
yellow_trip_hourly,0,4,> 3449,26,7,0,0.0,0.0,0.0,0.0,0.0,0.0
yellow_trip_hourly,0,4,> 3449,27,7,0,0.0,0.0,0.0,0.0,0.0,0.0
yellow_trip_hourly,0,4,> 3449,28,7,0,0.0,0.0,0.0,0.0,0.0,0.0
yellow_trip_hourly,0,4,> 3449,29,7,0,0.0,0.0,0.0,0.0,0.0,0.0
yellow_trip_hourly,0,4,> 3449,30,7,7,0.0008544921875,0.25,0.20589458891917622,2037615.7700075496,0.0,0.015079595670320606
yellow_trip_hourly,0,4,> 3449,31,7,0,0.0,0.0,0.0,0.0,0.0,0.0
yellow_trip_hourly,0,4,> 3449,32,7,0,0.0,0.0,0.0,0.0,0.0,0.0
yellow_trip_hourly,0,4,> 3449,33,7,0,0.0,0.0,0.0,0.0,0.0,0.0
yellow_trip_hourly,0,4,> 3449,34,7,0,0.0,0.0,0.0,0.0,0.0,0.0
yellow_trip_hourly,0,4,> 3449,35,7,0,0.0,0.0,0.0,0.0,0.0,0.0
yellow_trip_hourly,0,4,> 3449,36,7,0,0.0,0.0,0.0,0.0,0.0,0.0
yellow_trip_hourly,0,4,> 3449,37,7,0,0.0,0.0,0.0,0.0,0.0,0.0
yellow_trip_hourly,0,4,> 3449,38,7,0,0.0,0.0,0.0,0.0,0.0,0.0
yellow_trip_hourly,0,4,> 3449,39,7,0,0.0,0.0,0.0,0.0,0.0,0.0
yellow_trip_hourly,0,4,> 3449,40,7,0,0.0,0.0,0.0,0.0,0.0,0.0
yellow_trip_hourly,0,4,> 3449,41,7,0,0.0,0.0,0.0,0.0,0.0,0.0
yellow_trip_hourly,0,4,> 3449,42,7,0,0.0,0.0,0.0,0.0,0.0,0.0
yellow_trip_hourly,0,4,> 3449,43,7,0,0.0,0.0,0.0,0.0,0.0,0.0
yellow_trip_hourly,0,4,> 3449,44,7,0,0.0,0.0,0.0,0.0,0.0,0.0
yellow_trip_hourly,0,4,> 3449,45,7,0,0.0,0.0,0.0,0.0,0.0,0.0
yellow_trip_hourly,0,4,> 3449,46,7,0,0.0,0.0,0.0,0.0,0.0,0.0
yellow_trip_hourly,0,4,> 3449,47,7,0,0.0,0.0,0.0,0.0,0.0,0.0
yellow_trip_hourly,0,4,> 3449,48,7,0,0.0,0.0,0.0,0.0,0.0,0.0
yellow_trip_hourly,0,4,> 3449,49,7,0,0.0,0.0,0.0,0.0,0.0,0.0
yellow_trip_hourly,0,4,> 3449,50,7,0,0.0,0.0,0.0,0.0,0.0,0.0
yellow_trip_hourly,0,4,> 3449,51,7,0,0.0,0.0,0.0,0.0,0.0,0.0
yellow_trip_hourly,0,4,> 3449,52,7,0,0.0,0.0,0.0,0.0,0.0,0.0
yellow_trip_hourly,0,4,> 3449,53,7,0,0.0,0.0,0.0,0.0,0.0,0.0
yellow_trip_hourly,0,4,> 3449,54,7,0,0.0,0.0,0.0,0.0,0.0,0.0
yellow_trip_hourly,0,4,> 3449,55,7,0,0.0,0.0,0.0,0.0,0.0,0.0
yellow_trip_hourly,0,4,> 3449,56,7,0,0.0,0.0,0.0,0.0,0.0,0.0
yellow_trip_hourly,0,4,> 3449,57,7,0,0.0,0.0,0.0,0.0,0.0,0.0
yellow_trip_hourly,0,4,> 3449,58,7,0,0.0,0.0,0.0,0.0,0.0,0.0
yellow_trip_hourly,0,4,> 3449,59,7,0,0.0,0.0,0.0,0.0,0.0,0.0
yellow_trip_hourly,0,4,> 3449,60,7,0,0.0,0.0,0.0,0.0,0.0,0.0
yellow_trip_hourly,0,4,> 3449,61,7,0,0.0,0.0,0.0,0.0,0.0,0.0
yellow_trip_hourly,0,4,> 3449,62,7,0,0.0,0.0,0.0,0.0,0.0,0.0
yellow_trip_hourly,0,4,> 3449,63,7,0,0.0,0.0,0.0,0.0,0.0,0.0
yellow_trip_hourly,1,0,<= 7,0,983,0,0.0,0.0,0.0,0.0,0.0,0.0
yellow_trip_hourly,1,0,<= 7,1,983,345,0.0421142578125,0.08774160732451679,0.3468512449430769,34.386350122955584,14.755557722481061,2.4687334138743338
yellow_trip_hourly,1,0,<= 7,2,983,0,0.0,0.0,0.0,0.0,0.0,0.0
yellow_trip_hourly,1,0,<= 7,3,983,0,0.0,0.0,0.0,0.0,0.0,0.0
yellow_trip_hourly,1,0,<= 7,4,983,3,0.0003662109375,0.000762970498474059,0.5013696406937058,154.19288903124195,5.545364536332908,0.009637359257117483
yellow_trip_hourly,1,0,<= 7,5,983,0,0.0,0.0,0.0,0.0,0.0,0.0
yellow_trip_hourly,1,0,<= 7,6,983,0,0.0,0.0,0.0,0.0,0.0,0.0
yellow_trip_hourly,1,0,<= 7,7,983,2,0.000244140625,0.000508646998982706,0.05714952724100536,1.3783463880093911,0.012518245323289602,0.03178548385280403
yellow_trip_hourly,1,0,<= 7,8,983,41,0.0050048828125,0.010427263479145472,0.6111505700918414,3.412637922683904,3.2575215302349494,0.16518720655004007
yellow_trip_hourly,1,0,<= 7,9,983,256,0.03125,0.06510681586978637,0.3743864026749566,107.42332260587777,14.910482320394193,0.9052221898587146
yellow_trip_hourly,1,0,<= 7,10,983,3,0.0003662109375,0.000762970498474059,0.36577956853385934,59.87462923445039,3.722446685170266,0.00670150447369077
yellow_trip_hourly,1,0,<= 7,11,983,31,0.0037841796875,0.007884028484231942,0.1635619599455284,3.4819989412547567,0.9606885772045213,0.19234551156030558
yellow_trip_hourly,1,0,<= 7,12,983,15,0.0018310546875,0.0038148524923702952,0.030499496945242562,0.8277113438785586,0.2770337344571599,0.33982486621285823
yellow_trip_hourly,1,0,<= 7,13,983,7,0.0008544921875,0.001780264496439471,0.9668679163067853,158.91295091322317,7.8754063616611765,0.0246567910727163
yellow_trip_hourly,1,0,<= 7,14,983,29,0.0035400390625,0.007375381485249237,0.5821156749852162,19.47570450027206,3.6246953946855434,0.05892518967926055
yellow_trip_hourly,1,0,<= 7,15,983,330,0.040283203125,0.0839267548321465,5.5175162010209275,185.9409706837025,34.70046296647813,1.4568457889973496
yellow_trip_hourly,1,0,<= 7,16,983,5,0.0006103515625,0.001271617497456765,1.0056782540231997,351.03843693983094,10.322898094416628,0.017897539554979826
yellow_trip_hourly,1,0,<= 7,17,983,158,0.019287109375,0.04018311291963377,2.868162295850959,115.67782911586576,14.751362542465598,1.295951177312868
yellow_trip_hourly,1,0,<= 7,18,983,0,0.0,0.0,0.0,0.0,0.0,0.0
yellow_trip_hourly,1,0,<= 7,19,983,75,0.0091552734375,0.019074262461851475,1.8441943153034472,103.69357631337252,11.678685597224613,0.494377468163621
yellow_trip_hourly,1,0,<= 7,20,983,2,0.000244140625,0.000508646998982706,0.2762709791533691,37.14916945190075,1.6981889119185087,0.031862768773798636
yellow_trip_hourly,1,0,<= 7,21,983,0,0.0,0.0,0.0,0.0,0.0,0.0
yellow_trip_hourly,1,0,<= 7,22,983,1,0.0001220703125,0.000254323499491353,0.20678490344921582,81.59995840371822,2.2794104045274177,0.0006808539776539757
yellow_trip_hourly,1,0,<= 7,23,983,1,0.0001220703125,0.000254323499491353,0.1687626928529397,47.937722357409385,1.835956360543114,0.0058495351038814645
yellow_trip_hourly,1,0,<= 7,24,983,508,0.06201171875,0.12919633774160733,8.169503126379919,168.6479834602897,43.58406681066906,3.756574053394616
yellow_trip_hourly,1,0,<= 7,25,983,80,0.009765625,0.02034587995930824,0.5914462389368912,4.410433035702191,2.613085832463703,0.9056029704691504
yellow_trip_hourly,1,0,<= 7,26,983,257,0.0313720703125,0.06536113936927772,0.47755898350194115,35.73233195449214,13.813659665764622,0.8837556289034205
yellow_trip_hourly,1,0,<= 7,27,983,0,0.0,0.0,0.0,0.0,0.0,0.0
yellow_trip_hourly,1,0,<= 7,28,983,1,0.0001220703125,0.000254323499491353,0.0060000627804883706,0.050069221352441705,0.16957498225663437,0.013547865964759966
yellow_trip_hourly,1,0,<= 7,29,983,46,0.005615234375,0.011698880976602238,2.5612348091900903,162.85982105320588,19.931943740498735,0.011263493101363308
yellow_trip_hourly,1,0,<= 7,30,983,3,0.0003662109375,0.000762970498474059,0.6192725538007933,231.99662942596214,6.572941036613272,0.007688222762120969
yellow_trip_hourly,1,0,<= 7,31,983,53,0.0064697265625,0.01347914547304171,2.4440933098413375,142.22228245954975,14.726986441708235,0.018568144846156036
yellow_trip_hourly,1,0,<= 7,32,983,126,0.015380859375,0.03204476093591048,1.1683548344924182,3.147624545884976,4.896928654357586,1.4325756564119525
yellow_trip_hourly,1,0,<= 7,33,983,99,0.0120849609375,0.025178026449643946,1.7056734442977222,41.77321010499885,6.380950562099452,0.7468531836066158
yellow_trip_hourly,1,0,<= 7,34,983,51,0.0062255859375,0.012970498474059003,0.03660173603698087,0.9838267172212188,0.345752886084694,0.4414094085563068
yellow_trip_hourly,1,0,<= 7,35,983,42,0.005126953125,0.010681586978636826,0.6911211149524971,21.442480505944086,3.091792966240927,0.0723554981268308
yellow_trip_hourly,1,0,<= 7,36,983,12,0.00146484375,0.003051881993896236,0.17370071626309005,1.1181822072306904,0.7661430107793862,0.31150610317779187
yellow_trip_hourly,1,0,<= 7,37,983,1,0.0001220703125,0.000254323499491353,0.013508742658221476,0.7608288614583069,0.5808604232058672,0.013573568574511096
yellow_trip_hourly,1,0,<= 7,38,983,0,0.0,0.0,0.0,0.0,0.0,0.0
yellow_trip_hourly,1,0,<= 7,39,983,0,0.0,0.0,0.0,0.0,0.0,0.0
yellow_trip_hourly,1,0,<= 7,40,983,3,0.0003662109375,0.000762970498474059,0.0556825350843307,0.4889778706686932,0.2963535311068602,0.3610650732274606
yellow_trip_hourly,1,0,<= 7,41,983,1,0.0001220703125,0.000254323499491353,0.24372495749863787,102.45894866483462,2.4575742715427413,0.0011578336805855292
yellow_trip_hourly,1,0,<= 7,42,983,0,0.0,0.0,0.0,0.0,0.0,0.0
yellow_trip_hourly,1,0,<= 7,43,983,2,0.000244140625,0.000508646998982706,0.03325114543782215,1.1284926468787762,0.1712645428879216,0.03491775542304963
yellow_trip_hourly,1,0,<= 7,44,983,6,0.000732421875,0.001525940996948118,0.17608980805525934,1.4061739524585957,0.7747064379101121,0.0653076567225473
yellow_trip_hourly,1,0,<= 7,45,983,0,0.0,0.0,0.0,0.0,0.0,0.0
yellow_trip_hourly,1,0,<= 7,46,983,2,0.000244140625,0.000508646998982706,0.14143134766299484,3.384990362855304,0.6510369796088252,0.012492728111793456
yellow_trip_hourly,1,0,<= 7,47,983,4,0.00048828125,0.001017293997965412,0.23252305064945084,13.469988660954156,1.6157799510848716,0.08882982089191763
yellow_trip_hourly,1,0,<= 7,48,983,101,0.0123291015625,0.025686673448626653,2.352147897427986,133.995386041896,16.480718383783508,0.46097483898739167
yellow_trip_hourly,1,0,<= 7,49,983,302,0.036865234375,0.0768056968463886,0.41098680900618917,31.639129574045235,14.76926173714185,0.8461944360775476
yellow_trip_hourly,1,0,<= 7,50,983,621,0.0758056640625,0.1579348931841302,12.071752437885454,448.39650077185877,68.76961356033715,2.556981326734668
yellow_trip_hourly,1,0,<= 7,51,983,199,0.0242919921875,0.050610376398779244,2.5100443617509027,10.881835115937903,7.6964600569292765,1.3348213547774939
yellow_trip_hourly,1,0,<= 7,52,983,7,0.0008544921875,0.001780264496439471,0.2607921288485887,3.014573674378608,0.37439620804138046,0.21160168615093494
yellow_trip_hourly,1,0,<= 7,53,983,0,0.0,0.0,0.0,0.0,0.0,0.0
yellow_trip_hourly,1,0,<= 7,54,983,0,0.0,0.0,0.0,0.0,0.0,0.0
yellow_trip_hourly,1,0,<= 7,55,983,6,0.000732421875,0.001525940996948118,0.5205679489203423,64.89648015092486,5.739342927515517,0.009188468090117455
yellow_trip_hourly,1,0,<= 7,56,983,37,0.0045166015625,0.009409969481180062,0.3323824002488939,1.4796839200589993,2.590439333115979,0.4838263723369462
yellow_trip_hourly,1,0,<= 7,57,983,21,0.0025634765625,0.005340793489318413,0.5262548789490789,3.5073500629045657,1.9958783103691269,0.38699667051955455
yellow_trip_hourly,1,0,<= 7,58,983,31,0.0037841796875,0.007884028484231942,1.6005011252334045,163.49934009746462,10.148921345649399,0.12783662617800046
yellow_trip_hourly,1,0,<= 7,59,983,1,0.0001220703125,0.000254323499491353,0.10846748053630648,1.412989891813106,0.3041736371362718,0.07977044352824023
yellow_trip_hourly,1,0,<= 7,60,983,4,0.00048828125,0.001017293997965412,0.03426018123335078,0.3784135331237143,0.3361966197873209,0.12059248647594835
yellow_trip_hourly,1,0,<= 7,61,983,0,0.0,0.0,0.0,0.0,0.0,0.0
yellow_trip_hourly,1,0,<= 7,62,983,1,0.0001220703125,0.000254323499491353,0.2605836558308561,94.38659924375442,2.3199592865409793,0.007102346617276811
yellow_trip_hourly,1,0,<= 7,63,983,0,0.0,0.0,0.0,0.0,0.0,0.0
yellow_trip_hourly,1,1,"(7, 686]",0,848,0,0.0,0.0,0.0,0.0,0.0,0.0
yellow_trip_hourly,1,1,"(7, 686]",1,848,9,0.0010986328125,0.0026533018867924527,0.46760125032017985,37.137513051343376,2.490222235442224,0.25946554772742386
yellow_trip_hourly,1,1,"(7, 686]",2,848,3,0.0003662109375,0.000884433962264151,0.015583365396769551,12.341519724181289,1.65521740094745,0.014775548329289335
yellow_trip_hourly,1,1,"(7, 686]",3,848,0,0.0,0.0,0.0,0.0,0.0,0.0
yellow_trip_hourly,1,1,"(7, 686]",4,848,537,0.0655517578125,0.15831367924528303,1.2831587670791504,72230.82595632623,423.8697630010402,0.5348502563389632
yellow_trip_hourly,1,1,"(7, 686]",5,848,1,0.0001220703125,0.00029481132075471697,0.014334693841013347,1.5229735518931733,0.8316253830987825,0.0004237839896483707
yellow_trip_hourly,1,1,"(7, 686]",6,848,0,0.0,0.0,0.0,0.0,0.0,0.0
yellow_trip_hourly,1,1,"(7, 686]",7,848,0,0.0,0.0,0.0,0.0,0.0,0.0
yellow_trip_hourly,1,1,"(7, 686]",8,848,1,0.0001220703125,0.00029481132075471697,0.10116023955322331,2.864256686727894,0.31155809780907173,0.0002561747148844606
yellow_trip_hourly,1,1,"(7, 686]",9,848,91,0.0111083984375,0.026827830188679246,0.025502789550038516,3571.8251494390115,27.92821253977565,0.4313627157930605
yellow_trip_hourly,1,1,"(7, 686]",10,848,37,0.0045166015625,0.010908018867924528,0.0943078186486567,327.351429277806,9.682040907691922,0.11410823236211826
yellow_trip_hourly,1,1,"(7, 686]",11,848,0,0.0,0.0,0.0,0.0,0.0,0.0
yellow_trip_hourly,1,1,"(7, 686]",12,848,0,0.0,0.0,0.0,0.0,0.0,0.0
yellow_trip_hourly,1,1,"(7, 686]",13,848,26,0.003173828125,0.0076650943396226415,0.3940908359871716,26.53484187426005,9.277512492557033,0.05885749815881217
yellow_trip_hourly,1,1,"(7, 686]",14,848,7,0.0008544921875,0.002063679245283019,0.3527417620254549,32.3806930846153,3.5169971947420575,0.009257059604674761
yellow_trip_hourly,1,1,"(7, 686]",15,848,80,0.009765625,0.02358490566037736,3.3987807351500003,344.1544806787252,26.923791939093377,0.24859496619958762
yellow_trip_hourly,1,1,"(7, 686]",16,848,642,0.078369140625,0.1892688679245283,1.439461060198284,37036.30674259042,230.4413349204583,0.8042978931393188
yellow_trip_hourly,1,1,"(7, 686]",17,848,57,0.0069580078125,0.016804245283018868,2.7963151461907674,256.2135437702102,22.572400923353012,0.19520450692398938
yellow_trip_hourly,1,1,"(7, 686]",18,848,0,0.0,0.0,0.0,0.0,0.0,0.0
yellow_trip_hourly,1,1,"(7, 686]",19,848,75,0.0091552734375,0.022110849056603772,1.4463046570809412,399.55666089540466,12.376992462725372,0.26277255379407055
yellow_trip_hourly,1,1,"(7, 686]",20,848,1,0.0001220703125,0.00029481132075471697,0.013893558622683516,1.4820661916396616,0.8341209707539475,0.006003882927400442
yellow_trip_hourly,1,1,"(7, 686]",21,848,0,0.0,0.0,0.0,0.0,0.0,0.0
yellow_trip_hourly,1,1,"(7, 686]",22,848,545,0.0665283203125,0.16067216981132076,1.7909325699748764,39459.26293943771,244.47055689003594,0.5588783965526286
yellow_trip_hourly,1,1,"(7, 686]",23,848,4,0.00048828125,0.0011792452830188679,0.08384851530867982,41.38148469423396,3.1585145485998796,0.019587850744895458
yellow_trip_hourly,1,1,"(7, 686]",24,848,47,0.0057373046875,0.013856132075471699,3.506055793126727,206.28657169054648,19.433430004285523,0.23514055598208913
yellow_trip_hourly,1,1,"(7, 686]",25,848,1,0.0001220703125,0.00029481132075471697,0.12278563119378202,2.5344784998338006,0.2317242705386115,0.008957272698989618
yellow_trip_hourly,1,1,"(7, 686]",26,848,8,0.0009765625,0.0023584905660377358,0.17579686900921224,2922.1091697955803,15.75380434225314,0.2360637603526696
yellow_trip_hourly,1,1,"(7, 686]",27,848,0,0.0,0.0,0.0,0.0,0.0,0.0
yellow_trip_hourly,1,1,"(7, 686]",28,848,0,0.0,0.0,0.0,0.0,0.0,0.0
yellow_trip_hourly,1,1,"(7, 686]",29,848,26,0.003173828125,0.0076650943396226415,1.0484637140443334,83.66459349385708,6.0867753605247135,0.06021284210086435
yellow_trip_hourly,1,1,"(7, 686]",30,848,566,0.069091796875,0.16686320754716982,2.0550657512967456,42030.06622662503,228.69620621659848,0.5787900701744197
yellow_trip_hourly,1,1,"(7, 686]",31,848,39,0.0047607421875,0.011497641509433961,1.5058903435855167,336.51515936558906,12.918566046991998,0.02810932601188988
yellow_trip_hourly,1,1,"(7, 686]",32,848,10,0.001220703125,0.00294811320754717,0.9804762545109652,42.86654228010111,4.400280009273359,0.11576509674021676
yellow_trip_hourly,1,1,"(7, 686]",33,848,6,0.000732421875,0.001768867924528302,0.4597202315943476,24.240580741002958,3.6998404354943544,0.06344664038757837
yellow_trip_hourly,1,1,"(7, 686]",34,848,2,0.000244140625,0.0005896226415094339,0.21065194857591366,9.08530922532708,0.8239990883610985,0.0023905083761611053
yellow_trip_hourly,1,1,"(7, 686]",35,848,11,0.0013427734375,0.003242924528301887,0.42975872233530815,59.13096322520398,5.751641097959397,0.011618403435042814
yellow_trip_hourly,1,1,"(7, 686]",36,848,1,0.0001220703125,0.00029481132075471697,0.08786631738213169,6.550830725493281,0.592274817822487,0.0065667643228285305
yellow_trip_hourly,1,1,"(7, 686]",37,848,10,0.001220703125,0.00294811320754717,0.001080428059707486,32.3946225172051,2.1772175744293847,0.03645433632216897
yellow_trip_hourly,1,1,"(7, 686]",38,848,0,0.0,0.0,0.0,0.0,0.0,0.0
yellow_trip_hourly,1,1,"(7, 686]",39,848,0,0.0,0.0,0.0,0.0,0.0,0.0
yellow_trip_hourly,1,1,"(7, 686]",40,848,1,0.0001220703125,0.00029481132075471697,0.1055932879473748,2.8204782338869547,0.2955585616048056,0.004454419943309488
yellow_trip_hourly,1,1,"(7, 686]",41,848,45,0.0054931640625,0.013266509433962265,0.14707460086653895,27666.868068710894,154.4595093648966,0.12007262649927603
yellow_trip_hourly,1,1,"(7, 686]",42,848,0,0.0,0.0,0.0,0.0,0.0,0.0
yellow_trip_hourly,1,1,"(7, 686]",43,848,0,0.0,0.0,0.0,0.0,0.0,0.0
yellow_trip_hourly,1,1,"(7, 686]",44,848,0,0.0,0.0,0.0,0.0,0.0,0.0
yellow_trip_hourly,1,1,"(7, 686]",45,848,0,0.0,0.0,0.0,0.0,0.0,0.0
yellow_trip_hourly,1,1,"(7, 686]",46,848,7,0.0008544921875,0.002063679245283019,0.45951914253936527,68.35449327015529,3.855825587695333,0.015343488114922482
yellow_trip_hourly,1,1,"(7, 686]",47,848,61,0.0074462890625,0.017983490566037735,0.3450638940345118,1276.04958060077,14.225258761436676,0.21618013873571393
yellow_trip_hourly,1,1,"(7, 686]",48,848,64,0.0078125,0.018867924528301886,2.5241392254489012,361.6322991135317,12.989735742095837,0.2602471515034636
yellow_trip_hourly,1,1,"(7, 686]",49,848,3,0.0003662109375,0.000884433962264151,0.08474881647515584,495.5337567072879,6.602173116692775,0.24753999235162447
yellow_trip_hourly,1,1,"(7, 686]",50,848,242,0.029541015625,0.07134433962264151,6.882279204255758,1220.526766703536,53.35545776809568,0.7507171573232782
yellow_trip_hourly,1,1,"(7, 686]",51,848,10,0.001220703125,0.00294811320754717,1.0122136806180668,30.070701719767534,3.361963733198491,0.05372826639053645
yellow_trip_hourly,1,1,"(7, 686]",52,848,0,0.0,0.0,0.0,0.0,0.0,0.0
yellow_trip_hourly,1,1,"(7, 686]",53,848,13,0.0015869140625,0.0038325471698113208,0.014154714349177193,17.321566950882975,1.9700664820726614,0.06397099013574044
yellow_trip_hourly,1,1,"(7, 686]",54,848,0,0.0,0.0,0.0,0.0,0.0,0.0
yellow_trip_hourly,1,1,"(7, 686]",55,848,63,0.0076904296875,0.01857311320754717,0.10320213346131084,331.46774431296103,1.412841987552253,0.1653201761824459
yellow_trip_hourly,1,1,"(7, 686]",56,848,0,0.0,0.0,0.0,0.0,0.0,0.0
yellow_trip_hourly,1,1,"(7, 686]",57,848,0,0.0,0.0,0.0,0.0,0.0,0.0
yellow_trip_hourly,1,1,"(7, 686]",58,848,33,0.0040283203125,0.00972877358490566,0.4762603484105109,164.53482475400983,0.9609835878955517,0.0794815186414241
yellow_trip_hourly,1,1,"(7, 686]",59,848,2,0.000244140625,0.0005896226415094339,0.1310632798533233,7.061432280993695,1.0880066992788386,0.01905813393039095
yellow_trip_hourly,1,1,"(7, 686]",60,848,0,0.0,0.0,0.0,0.0,0.0,0.0
yellow_trip_hourly,1,1,"(7, 686]",61,848,0,0.0,0.0,0.0,0.0,0.0,0.0
yellow_trip_hourly,1,1,"(7, 686]",62,848,4,0.00048828125,0.0011792452830188679,0.2262738720469449,100.5661183476266,2.1894817334744983,0.031476100536770094
yellow_trip_hourly,1,1,"(7, 686]",63,848,1,0.0001220703125,0.00029481132075471697,0.09172473171043148,7.707985397842249,0.6305618482131506,0.004529035935808958
yellow_trip_hourly,1,2,"(686, 1562]",0,109,0,0.0,0.0,0.0,0.0,0.0,0.0
yellow_trip_hourly,1,2,"(686, 1562]",1,109,0,0.0,0.0,0.0,0.0,0.0,0.0
yellow_trip_hourly,1,2,"(686, 1562]",2,109,0,0.0,0.0,0.0,0.0,0.0,0.0
yellow_trip_hourly,1,2,"(686, 1562]",3,109,0,0.0,0.0,0.0,0.0,0.0,0.0
yellow_trip_hourly,1,2,"(686, 1562]",4,109,109,0.0133056640625,0.25,1.2042594772356194,862355.5578930968,3236.2932568058204,0.2094022189520737
yellow_trip_hourly,1,2,"(686, 1562]",5,109,0,0.0,0.0,0.0,0.0,0.0,0.0
yellow_trip_hourly,1,2,"(686, 1562]",6,109,0,0.0,0.0,0.0,0.0,0.0,0.0
yellow_trip_hourly,1,2,"(686, 1562]",7,109,0,0.0,0.0,0.0,0.0,0.0,0.0
yellow_trip_hourly,1,2,"(686, 1562]",8,109,0,0.0,0.0,0.0,0.0,0.0,0.0
yellow_trip_hourly,1,2,"(686, 1562]",9,109,0,0.0,0.0,0.0,0.0,0.0,0.0
yellow_trip_hourly,1,2,"(686, 1562]",10,109,0,0.0,0.0,0.0,0.0,0.0,0.0
yellow_trip_hourly,1,2,"(686, 1562]",11,109,0,0.0,0.0,0.0,0.0,0.0,0.0
yellow_trip_hourly,1,2,"(686, 1562]",12,109,0,0.0,0.0,0.0,0.0,0.0,0.0
yellow_trip_hourly,1,2,"(686, 1562]",13,109,0,0.0,0.0,0.0,0.0,0.0,0.0
yellow_trip_hourly,1,2,"(686, 1562]",14,109,0,0.0,0.0,0.0,0.0,0.0,0.0
yellow_trip_hourly,1,2,"(686, 1562]",15,109,0,0.0,0.0,0.0,0.0,0.0,0.0
yellow_trip_hourly,1,2,"(686, 1562]",16,109,109,0.0133056640625,0.25,1.2042594772356194,862355.5578930968,3236.2932568058204,0.2094022189520737
yellow_trip_hourly,1,2,"(686, 1562]",17,109,0,0.0,0.0,0.0,0.0,0.0,0.0
yellow_trip_hourly,1,2,"(686, 1562]",18,109,0,0.0,0.0,0.0,0.0,0.0,0.0
yellow_trip_hourly,1,2,"(686, 1562]",19,109,0,0.0,0.0,0.0,0.0,0.0,0.0
yellow_trip_hourly,1,2,"(686, 1562]",20,109,0,0.0,0.0,0.0,0.0,0.0,0.0
yellow_trip_hourly,1,2,"(686, 1562]",21,109,0,0.0,0.0,0.0,0.0,0.0,0.0
yellow_trip_hourly,1,2,"(686, 1562]",22,109,109,0.0133056640625,0.25,1.2042594772356194,862355.5578930968,3236.2932568058204,0.2094022189520737
yellow_trip_hourly,1,2,"(686, 1562]",23,109,0,0.0,0.0,0.0,0.0,0.0,0.0
yellow_trip_hourly,1,2,"(686, 1562]",24,109,0,0.0,0.0,0.0,0.0,0.0,0.0
yellow_trip_hourly,1,2,"(686, 1562]",25,109,0,0.0,0.0,0.0,0.0,0.0,0.0
yellow_trip_hourly,1,2,"(686, 1562]",26,109,0,0.0,0.0,0.0,0.0,0.0,0.0
yellow_trip_hourly,1,2,"(686, 1562]",27,109,0,0.0,0.0,0.0,0.0,0.0,0.0
yellow_trip_hourly,1,2,"(686, 1562]",28,109,0,0.0,0.0,0.0,0.0,0.0,0.0
yellow_trip_hourly,1,2,"(686, 1562]",29,109,0,0.0,0.0,0.0,0.0,0.0,0.0
yellow_trip_hourly,1,2,"(686, 1562]",30,109,109,0.0133056640625,0.25,1.2042594772356194,862355.5578930968,3236.2932568058204,0.2094022189520737
yellow_trip_hourly,1,2,"(686, 1562]",31,109,0,0.0,0.0,0.0,0.0,0.0,0.0
yellow_trip_hourly,1,2,"(686, 1562]",32,109,0,0.0,0.0,0.0,0.0,0.0,0.0
yellow_trip_hourly,1,2,"(686, 1562]",33,109,0,0.0,0.0,0.0,0.0,0.0,0.0
yellow_trip_hourly,1,2,"(686, 1562]",34,109,0,0.0,0.0,0.0,0.0,0.0,0.0
yellow_trip_hourly,1,2,"(686, 1562]",35,109,0,0.0,0.0,0.0,0.0,0.0,0.0
yellow_trip_hourly,1,2,"(686, 1562]",36,109,0,0.0,0.0,0.0,0.0,0.0,0.0
yellow_trip_hourly,1,2,"(686, 1562]",37,109,0,0.0,0.0,0.0,0.0,0.0,0.0
yellow_trip_hourly,1,2,"(686, 1562]",38,109,0,0.0,0.0,0.0,0.0,0.0,0.0
yellow_trip_hourly,1,2,"(686, 1562]",39,109,0,0.0,0.0,0.0,0.0,0.0,0.0
yellow_trip_hourly,1,2,"(686, 1562]",40,109,0,0.0,0.0,0.0,0.0,0.0,0.0
yellow_trip_hourly,1,2,"(686, 1562]",41,109,0,0.0,0.0,0.0,0.0,0.0,0.0
yellow_trip_hourly,1,2,"(686, 1562]",42,109,0,0.0,0.0,0.0,0.0,0.0,0.0
yellow_trip_hourly,1,2,"(686, 1562]",43,109,0,0.0,0.0,0.0,0.0,0.0,0.0
yellow_trip_hourly,1,2,"(686, 1562]",44,109,0,0.0,0.0,0.0,0.0,0.0,0.0
yellow_trip_hourly,1,2,"(686, 1562]",45,109,0,0.0,0.0,0.0,0.0,0.0,0.0
yellow_trip_hourly,1,2,"(686, 1562]",46,109,0,0.0,0.0,0.0,0.0,0.0,0.0
yellow_trip_hourly,1,2,"(686, 1562]",47,109,0,0.0,0.0,0.0,0.0,0.0,0.0
yellow_trip_hourly,1,2,"(686, 1562]",48,109,0,0.0,0.0,0.0,0.0,0.0,0.0
yellow_trip_hourly,1,2,"(686, 1562]",49,109,0,0.0,0.0,0.0,0.0,0.0,0.0
yellow_trip_hourly,1,2,"(686, 1562]",50,109,0,0.0,0.0,0.0,0.0,0.0,0.0
yellow_trip_hourly,1,2,"(686, 1562]",51,109,0,0.0,0.0,0.0,0.0,0.0,0.0
yellow_trip_hourly,1,2,"(686, 1562]",52,109,0,0.0,0.0,0.0,0.0,0.0,0.0
yellow_trip_hourly,1,2,"(686, 1562]",53,109,0,0.0,0.0,0.0,0.0,0.0,0.0
yellow_trip_hourly,1,2,"(686, 1562]",54,109,0,0.0,0.0,0.0,0.0,0.0,0.0
yellow_trip_hourly,1,2,"(686, 1562]",55,109,0,0.0,0.0,0.0,0.0,0.0,0.0
yellow_trip_hourly,1,2,"(686, 1562]",56,109,0,0.0,0.0,0.0,0.0,0.0,0.0
yellow_trip_hourly,1,2,"(686, 1562]",57,109,0,0.0,0.0,0.0,0.0,0.0,0.0
yellow_trip_hourly,1,2,"(686, 1562]",58,109,0,0.0,0.0,0.0,0.0,0.0,0.0
yellow_trip_hourly,1,2,"(686, 1562]",59,109,0,0.0,0.0,0.0,0.0,0.0,0.0
yellow_trip_hourly,1,2,"(686, 1562]",60,109,0,0.0,0.0,0.0,0.0,0.0,0.0
yellow_trip_hourly,1,2,"(686, 1562]",61,109,0,0.0,0.0,0.0,0.0,0.0,0.0
yellow_trip_hourly,1,2,"(686, 1562]",62,109,0,0.0,0.0,0.0,0.0,0.0,0.0
yellow_trip_hourly,1,2,"(686, 1562]",63,109,0,0.0,0.0,0.0,0.0,0.0,0.0
yellow_trip_hourly,1,3,"(1562, 3449]",0,78,0,0.0,0.0,0.0,0.0,0.0,0.0
yellow_trip_hourly,1,3,"(1562, 3449]",1,78,0,0.0,0.0,0.0,0.0,0.0,0.0
yellow_trip_hourly,1,3,"(1562, 3449]",2,78,0,0.0,0.0,0.0,0.0,0.0,0.0
yellow_trip_hourly,1,3,"(1562, 3449]",3,78,0,0.0,0.0,0.0,0.0,0.0,0.0
yellow_trip_hourly,1,3,"(1562, 3449]",4,78,78,0.009521484375,0.25,0.14714957429015818,53653.97035420601,0.0,0.22513295686789936
yellow_trip_hourly,1,3,"(1562, 3449]",5,78,0,0.0,0.0,0.0,0.0,0.0,0.0
yellow_trip_hourly,1,3,"(1562, 3449]",6,78,0,0.0,0.0,0.0,0.0,0.0,0.0
yellow_trip_hourly,1,3,"(1562, 3449]",7,78,0,0.0,0.0,0.0,0.0,0.0,0.0
yellow_trip_hourly,1,3,"(1562, 3449]",8,78,0,0.0,0.0,0.0,0.0,0.0,0.0
yellow_trip_hourly,1,3,"(1562, 3449]",9,78,0,0.0,0.0,0.0,0.0,0.0,0.0
yellow_trip_hourly,1,3,"(1562, 3449]",10,78,0,0.0,0.0,0.0,0.0,0.0,0.0
yellow_trip_hourly,1,3,"(1562, 3449]",11,78,0,0.0,0.0,0.0,0.0,0.0,0.0
yellow_trip_hourly,1,3,"(1562, 3449]",12,78,0,0.0,0.0,0.0,0.0,0.0,0.0
yellow_trip_hourly,1,3,"(1562, 3449]",13,78,0,0.0,0.0,0.0,0.0,0.0,0.0
yellow_trip_hourly,1,3,"(1562, 3449]",14,78,0,0.0,0.0,0.0,0.0,0.0,0.0
yellow_trip_hourly,1,3,"(1562, 3449]",15,78,0,0.0,0.0,0.0,0.0,0.0,0.0
yellow_trip_hourly,1,3,"(1562, 3449]",16,78,78,0.009521484375,0.25,0.14714957429015818,53653.97035420601,0.0,0.22513295686789936
yellow_trip_hourly,1,3,"(1562, 3449]",17,78,0,0.0,0.0,0.0,0.0,0.0,0.0
yellow_trip_hourly,1,3,"(1562, 3449]",18,78,0,0.0,0.0,0.0,0.0,0.0,0.0
yellow_trip_hourly,1,3,"(1562, 3449]",19,78,0,0.0,0.0,0.0,0.0,0.0,0.0
yellow_trip_hourly,1,3,"(1562, 3449]",20,78,0,0.0,0.0,0.0,0.0,0.0,0.0
yellow_trip_hourly,1,3,"(1562, 3449]",21,78,0,0.0,0.0,0.0,0.0,0.0,0.0
yellow_trip_hourly,1,3,"(1562, 3449]",22,78,78,0.009521484375,0.25,0.14714957429015818,53653.97035420601,0.0,0.22513295686789936
yellow_trip_hourly,1,3,"(1562, 3449]",23,78,0,0.0,0.0,0.0,0.0,0.0,0.0
yellow_trip_hourly,1,3,"(1562, 3449]",24,78,0,0.0,0.0,0.0,0.0,0.0,0.0
yellow_trip_hourly,1,3,"(1562, 3449]",25,78,0,0.0,0.0,0.0,0.0,0.0,0.0
yellow_trip_hourly,1,3,"(1562, 3449]",26,78,0,0.0,0.0,0.0,0.0,0.0,0.0
yellow_trip_hourly,1,3,"(1562, 3449]",27,78,0,0.0,0.0,0.0,0.0,0.0,0.0
yellow_trip_hourly,1,3,"(1562, 3449]",28,78,0,0.0,0.0,0.0,0.0,0.0,0.0
yellow_trip_hourly,1,3,"(1562, 3449]",29,78,0,0.0,0.0,0.0,0.0,0.0,0.0
yellow_trip_hourly,1,3,"(1562, 3449]",30,78,78,0.009521484375,0.25,0.14714957429015818,53653.97035420601,0.0,0.22513295686789936
yellow_trip_hourly,1,3,"(1562, 3449]",31,78,0,0.0,0.0,0.0,0.0,0.0,0.0
yellow_trip_hourly,1,3,"(1562, 3449]",32,78,0,0.0,0.0,0.0,0.0,0.0,0.0
yellow_trip_hourly,1,3,"(1562, 3449]",33,78,0,0.0,0.0,0.0,0.0,0.0,0.0
yellow_trip_hourly,1,3,"(1562, 3449]",34,78,0,0.0,0.0,0.0,0.0,0.0,0.0
yellow_trip_hourly,1,3,"(1562, 3449]",35,78,0,0.0,0.0,0.0,0.0,0.0,0.0
yellow_trip_hourly,1,3,"(1562, 3449]",36,78,0,0.0,0.0,0.0,0.0,0.0,0.0
yellow_trip_hourly,1,3,"(1562, 3449]",37,78,0,0.0,0.0,0.0,0.0,0.0,0.0
yellow_trip_hourly,1,3,"(1562, 3449]",38,78,0,0.0,0.0,0.0,0.0,0.0,0.0
yellow_trip_hourly,1,3,"(1562, 3449]",39,78,0,0.0,0.0,0.0,0.0,0.0,0.0
yellow_trip_hourly,1,3,"(1562, 3449]",40,78,0,0.0,0.0,0.0,0.0,0.0,0.0
yellow_trip_hourly,1,3,"(1562, 3449]",41,78,0,0.0,0.0,0.0,0.0,0.0,0.0
yellow_trip_hourly,1,3,"(1562, 3449]",42,78,0,0.0,0.0,0.0,0.0,0.0,0.0
yellow_trip_hourly,1,3,"(1562, 3449]",43,78,0,0.0,0.0,0.0,0.0,0.0,0.0
yellow_trip_hourly,1,3,"(1562, 3449]",44,78,0,0.0,0.0,0.0,0.0,0.0,0.0
yellow_trip_hourly,1,3,"(1562, 3449]",45,78,0,0.0,0.0,0.0,0.0,0.0,0.0
yellow_trip_hourly,1,3,"(1562, 3449]",46,78,0,0.0,0.0,0.0,0.0,0.0,0.0
yellow_trip_hourly,1,3,"(1562, 3449]",47,78,0,0.0,0.0,0.0,0.0,0.0,0.0
yellow_trip_hourly,1,3,"(1562, 3449]",48,78,0,0.0,0.0,0.0,0.0,0.0,0.0
yellow_trip_hourly,1,3,"(1562, 3449]",49,78,0,0.0,0.0,0.0,0.0,0.0,0.0
yellow_trip_hourly,1,3,"(1562, 3449]",50,78,0,0.0,0.0,0.0,0.0,0.0,0.0
yellow_trip_hourly,1,3,"(1562, 3449]",51,78,0,0.0,0.0,0.0,0.0,0.0,0.0
yellow_trip_hourly,1,3,"(1562, 3449]",52,78,0,0.0,0.0,0.0,0.0,0.0,0.0
yellow_trip_hourly,1,3,"(1562, 3449]",53,78,0,0.0,0.0,0.0,0.0,0.0,0.0
yellow_trip_hourly,1,3,"(1562, 3449]",54,78,0,0.0,0.0,0.0,0.0,0.0,0.0
yellow_trip_hourly,1,3,"(1562, 3449]",55,78,0,0.0,0.0,0.0,0.0,0.0,0.0
yellow_trip_hourly,1,3,"(1562, 3449]",56,78,0,0.0,0.0,0.0,0.0,0.0,0.0
yellow_trip_hourly,1,3,"(1562, 3449]",57,78,0,0.0,0.0,0.0,0.0,0.0,0.0
yellow_trip_hourly,1,3,"(1562, 3449]",58,78,0,0.0,0.0,0.0,0.0,0.0,0.0
yellow_trip_hourly,1,3,"(1562, 3449]",59,78,0,0.0,0.0,0.0,0.0,0.0,0.0
yellow_trip_hourly,1,3,"(1562, 3449]",60,78,0,0.0,0.0,0.0,0.0,0.0,0.0
yellow_trip_hourly,1,3,"(1562, 3449]",61,78,0,0.0,0.0,0.0,0.0,0.0,0.0
yellow_trip_hourly,1,3,"(1562, 3449]",62,78,0,0.0,0.0,0.0,0.0,0.0,0.0
yellow_trip_hourly,1,3,"(1562, 3449]",63,78,0,0.0,0.0,0.0,0.0,0.0,0.0
yellow_trip_hourly,1,4,> 3449,0,30,0,0.0,0.0,0.0,0.0,0.0,0.0
yellow_trip_hourly,1,4,> 3449,1,30,0,0.0,0.0,0.0,0.0,0.0,0.0
yellow_trip_hourly,1,4,> 3449,2,30,0,0.0,0.0,0.0,0.0,0.0,0.0
yellow_trip_hourly,1,4,> 3449,3,30,0,0.0,0.0,0.0,0.0,0.0,0.0
yellow_trip_hourly,1,4,> 3449,4,30,30,0.003662109375,0.25,0.34968326782317233,6314726.959024162,0.0,0.07922562179037994
yellow_trip_hourly,1,4,> 3449,5,30,0,0.0,0.0,0.0,0.0,0.0,0.0
yellow_trip_hourly,1,4,> 3449,6,30,0,0.0,0.0,0.0,0.0,0.0,0.0
yellow_trip_hourly,1,4,> 3449,7,30,0,0.0,0.0,0.0,0.0,0.0,0.0
yellow_trip_hourly,1,4,> 3449,8,30,0,0.0,0.0,0.0,0.0,0.0,0.0
yellow_trip_hourly,1,4,> 3449,9,30,0,0.0,0.0,0.0,0.0,0.0,0.0
yellow_trip_hourly,1,4,> 3449,10,30,0,0.0,0.0,0.0,0.0,0.0,0.0
yellow_trip_hourly,1,4,> 3449,11,30,0,0.0,0.0,0.0,0.0,0.0,0.0
yellow_trip_hourly,1,4,> 3449,12,30,0,0.0,0.0,0.0,0.0,0.0,0.0
yellow_trip_hourly,1,4,> 3449,13,30,0,0.0,0.0,0.0,0.0,0.0,0.0
yellow_trip_hourly,1,4,> 3449,14,30,0,0.0,0.0,0.0,0.0,0.0,0.0
yellow_trip_hourly,1,4,> 3449,15,30,0,0.0,0.0,0.0,0.0,0.0,0.0
yellow_trip_hourly,1,4,> 3449,16,30,30,0.003662109375,0.25,0.34968326782317233,6314726.959024162,0.0,0.07922562179037994
yellow_trip_hourly,1,4,> 3449,17,30,0,0.0,0.0,0.0,0.0,0.0,0.0
yellow_trip_hourly,1,4,> 3449,18,30,0,0.0,0.0,0.0,0.0,0.0,0.0
yellow_trip_hourly,1,4,> 3449,19,30,0,0.0,0.0,0.0,0.0,0.0,0.0
yellow_trip_hourly,1,4,> 3449,20,30,0,0.0,0.0,0.0,0.0,0.0,0.0
yellow_trip_hourly,1,4,> 3449,21,30,0,0.0,0.0,0.0,0.0,0.0,0.0
yellow_trip_hourly,1,4,> 3449,22,30,30,0.003662109375,0.25,0.34968326782317233,6314726.959024162,0.0,0.07922562179037994
yellow_trip_hourly,1,4,> 3449,23,30,0,0.0,0.0,0.0,0.0,0.0,0.0
yellow_trip_hourly,1,4,> 3449,24,30,0,0.0,0.0,0.0,0.0,0.0,0.0
yellow_trip_hourly,1,4,> 3449,25,30,0,0.0,0.0,0.0,0.0,0.0,0.0
yellow_trip_hourly,1,4,> 3449,26,30,0,0.0,0.0,0.0,0.0,0.0,0.0
yellow_trip_hourly,1,4,> 3449,27,30,0,0.0,0.0,0.0,0.0,0.0,0.0
yellow_trip_hourly,1,4,> 3449,28,30,0,0.0,0.0,0.0,0.0,0.0,0.0
yellow_trip_hourly,1,4,> 3449,29,30,0,0.0,0.0,0.0,0.0,0.0,0.0
yellow_trip_hourly,1,4,> 3449,30,30,30,0.003662109375,0.25,0.34968326782317233,6314726.959024162,0.0,0.07922562179037994
yellow_trip_hourly,1,4,> 3449,31,30,0,0.0,0.0,0.0,0.0,0.0,0.0
yellow_trip_hourly,1,4,> 3449,32,30,0,0.0,0.0,0.0,0.0,0.0,0.0
yellow_trip_hourly,1,4,> 3449,33,30,0,0.0,0.0,0.0,0.0,0.0,0.0
yellow_trip_hourly,1,4,> 3449,34,30,0,0.0,0.0,0.0,0.0,0.0,0.0
yellow_trip_hourly,1,4,> 3449,35,30,0,0.0,0.0,0.0,0.0,0.0,0.0
yellow_trip_hourly,1,4,> 3449,36,30,0,0.0,0.0,0.0,0.0,0.0,0.0
yellow_trip_hourly,1,4,> 3449,37,30,0,0.0,0.0,0.0,0.0,0.0,0.0
yellow_trip_hourly,1,4,> 3449,38,30,0,0.0,0.0,0.0,0.0,0.0,0.0
yellow_trip_hourly,1,4,> 3449,39,30,0,0.0,0.0,0.0,0.0,0.0,0.0
yellow_trip_hourly,1,4,> 3449,40,30,0,0.0,0.0,0.0,0.0,0.0,0.0
yellow_trip_hourly,1,4,> 3449,41,30,0,0.0,0.0,0.0,0.0,0.0,0.0
yellow_trip_hourly,1,4,> 3449,42,30,0,0.0,0.0,0.0,0.0,0.0,0.0
yellow_trip_hourly,1,4,> 3449,43,30,0,0.0,0.0,0.0,0.0,0.0,0.0
yellow_trip_hourly,1,4,> 3449,44,30,0,0.0,0.0,0.0,0.0,0.0,0.0
yellow_trip_hourly,1,4,> 3449,45,30,0,0.0,0.0,0.0,0.0,0.0,0.0
yellow_trip_hourly,1,4,> 3449,46,30,0,0.0,0.0,0.0,0.0,0.0,0.0
yellow_trip_hourly,1,4,> 3449,47,30,0,0.0,0.0,0.0,0.0,0.0,0.0
yellow_trip_hourly,1,4,> 3449,48,30,0,0.0,0.0,0.0,0.0,0.0,0.0
yellow_trip_hourly,1,4,> 3449,49,30,0,0.0,0.0,0.0,0.0,0.0,0.0
yellow_trip_hourly,1,4,> 3449,50,30,0,0.0,0.0,0.0,0.0,0.0,0.0
yellow_trip_hourly,1,4,> 3449,51,30,0,0.0,0.0,0.0,0.0,0.0,0.0
yellow_trip_hourly,1,4,> 3449,52,30,0,0.0,0.0,0.0,0.0,0.0,0.0
yellow_trip_hourly,1,4,> 3449,53,30,0,0.0,0.0,0.0,0.0,0.0,0.0
yellow_trip_hourly,1,4,> 3449,54,30,0,0.0,0.0,0.0,0.0,0.0,0.0
yellow_trip_hourly,1,4,> 3449,55,30,0,0.0,0.0,0.0,0.0,0.0,0.0
yellow_trip_hourly,1,4,> 3449,56,30,0,0.0,0.0,0.0,0.0,0.0,0.0
yellow_trip_hourly,1,4,> 3449,57,30,0,0.0,0.0,0.0,0.0,0.0,0.0
yellow_trip_hourly,1,4,> 3449,58,30,0,0.0,0.0,0.0,0.0,0.0,0.0
yellow_trip_hourly,1,4,> 3449,59,30,0,0.0,0.0,0.0,0.0,0.0,0.0
yellow_trip_hourly,1,4,> 3449,60,30,0,0.0,0.0,0.0,0.0,0.0,0.0
yellow_trip_hourly,1,4,> 3449,61,30,0,0.0,0.0,0.0,0.0,0.0,0.0
yellow_trip_hourly,1,4,> 3449,62,30,0,0.0,0.0,0.0,0.0,0.0,0.0
yellow_trip_hourly,1,4,> 3449,63,30,0,0.0,0.0,0.0,0.0,0.0,0.0
insta_market_basket,0,0,<= 8,0,1091,1,0.0001220703125,0.00022914757103574703,0.026766342644372013,2.564851714445936,1.20580934919096,0.08819522476144577
insta_market_basket,0,0,<= 8,1,1091,9,0.0010986328125,0.002062328139321723,0.01632331975338023,0.5837240762086081,0.454356088370952,0.6015709969547228
insta_market_basket,0,0,<= 8,2,1091,71,0.0086669921875,0.01626947754353804,4.70158339024426,166.36179663359943,23.727455356941096,0.2101052216457601
insta_market_basket,0,0,<= 8,3,1091,241,0.0294189453125,0.05522456461961503,5.639672988290141,39.0508614799037,21.12364852024256,0.7987220964876862
insta_market_basket,0,0,<= 8,4,1091,0,0.0,0.0,0.0,0.0,0.0,0.0
insta_market_basket,0,0,<= 8,5,1091,0,0.0,0.0,0.0,0.0,0.0,0.0
insta_market_basket,0,0,<= 8,6,1091,0,0.0,0.0,0.0,0.0,0.0,0.0
insta_market_basket,0,0,<= 8,7,1091,0,0.0,0.0,0.0,0.0,0.0,0.0
insta_market_basket,0,0,<= 8,8,1091,0,0.0,0.0,0.0,0.0,0.0,0.0
insta_market_basket,0,0,<= 8,9,1091,0,0.0,0.0,0.0,0.0,0.0,0.0
insta_market_basket,0,0,<= 8,10,1091,6,0.000732421875,0.001374885426214482,0.8026593621834263,76.4373758352484,5.896331228189732,5.562570870033542
insta_market_basket,0,0,<= 8,11,1091,954,0.116455078125,0.21860678276810266,76.74214949648534,6323.369794236288,615.6179759375246,0.03882759657458449
insta_market_basket,0,0,<= 8,12,1091,1,0.0001220703125,0.00022914757103574703,0.01839266531774164,0.08864385729101876,0.16811432804094267,0.10993278418175934
insta_market_basket,0,0,<= 8,13,1091,12,0.00146484375,0.002749770852428964,1.1939587892109031,113.78678880857873,8.77874645480082,0.22278429906040298
insta_market_basket,0,0,<= 8,14,1091,0,0.0,0.0,0.0,0.0,0.0,0.0
insta_market_basket,0,0,<= 8,15,1091,0,0.0,0.0,0.0,0.0,0.0,0.0
insta_market_basket,0,0,<= 8,16,1091,64,0.0078125,0.01466544454628781,1.8999211387537063,34.725068721397804,8.532775196903827,0.13139189501472814
insta_market_basket,0,0,<= 8,17,1091,0,0.0,0.0,0.0,0.0,0.0,0.0
insta_market_basket,0,0,<= 8,18,1091,8,0.0009765625,0.0018331805682859762,0.08001401605254083,0.34909103454407436,0.3284533533704243,0.6203633239526367
insta_market_basket,0,0,<= 8,19,1091,0,0.0,0.0,0.0,0.0,0.0,0.0
insta_market_basket,0,0,<= 8,20,1091,10,0.001220703125,0.00229147571035747,0.025786535490305434,0.6976825698724727,0.01990936742146226,0.8268531657835694
insta_market_basket,0,0,<= 8,21,1091,0,0.0,0.0,0.0,0.0,0.0,0.0
insta_market_basket,0,0,<= 8,22,1091,2,0.000244140625,0.00045829514207149406,0.0318465195305606,1.028466872186371,1.3044120009829412,0.09996564119151911
insta_market_basket,0,0,<= 8,23,1091,0,0.0,0.0,0.0,0.0,0.0,0.0
insta_market_basket,0,0,<= 8,24,1091,0,0.0,0.0,0.0,0.0,0.0,0.0
insta_market_basket,0,0,<= 8,25,1091,0,0.0,0.0,0.0,0.0,0.0,0.0
insta_market_basket,0,0,<= 8,26,1091,171,0.0208740234375,0.039184234647112744,15.517091777142145,1229.067736182433,129.37427480513406,0.6575267270055263
insta_market_basket,0,0,<= 8,27,1091,0,0.0,0.0,0.0,0.0,0.0,0.0
insta_market_basket,0,0,<= 8,28,1091,0,0.0,0.0,0.0,0.0,0.0,0.0
insta_market_basket,0,0,<= 8,29,1091,0,0.0,0.0,0.0,0.0,0.0,0.0
insta_market_basket,0,0,<= 8,30,1091,955,0.1165771484375,0.2188359303391384,83.33080755097009,7031.912183769165,675.8322625886041,3.740655675509636
insta_market_basket,0,0,<= 8,31,1091,0,0.0,0.0,0.0,0.0,0.0,0.0
insta_market_basket,0,0,<= 8,32,1091,0,0.0,0.0,0.0,0.0,0.0,0.0
insta_market_basket,0,0,<= 8,33,1091,95,0.0115966796875,0.021769019248395968,0.9302518115372995,5.43860714914765,6.182404107875558,0.1310605757935685
insta_market_basket,0,0,<= 8,34,1091,0,0.0,0.0,0.0,0.0,0.0,0.0
insta_market_basket,0,0,<= 8,35,1091,0,0.0,0.0,0.0,0.0,0.0,0.0
insta_market_basket,0,0,<= 8,36,1091,0,0.0,0.0,0.0,0.0,0.0,0.0
insta_market_basket,0,0,<= 8,37,1091,0,0.0,0.0,0.0,0.0,0.0,0.0
insta_market_basket,0,0,<= 8,38,1091,9,0.0010986328125,0.002062328139321723,0.4091791617921668,48.4721389887943,6.947077681615802,0.07064390077330443
insta_market_basket,0,0,<= 8,39,1091,10,0.001220703125,0.00229147571035747,0.17960774153278983,2.895006586596518,0.022375008129196197,0.4286290890175985
insta_market_basket,0,0,<= 8,40,1091,60,0.00732421875,0.013748854262144821,8.350957627904656,1084.678069711031,77.46415916996709,3.357305793431832
insta_market_basket,0,0,<= 8,41,1091,0,0.0,0.0,0.0,0.0,0.0,0.0
insta_market_basket,0,0,<= 8,42,1091,0,0.0,0.0,0.0,0.0,0.0,0.0
insta_market_basket,0,0,<= 8,43,1091,1,0.0001220703125,0.00022914757103574703,0.0033224775302288204,0.05184169534916812,0.39028279951068595,0.0007035301229451812
insta_market_basket,0,0,<= 8,44,1091,3,0.0003662109375,0.000687442713107241,0.15022357851257775,1.7042989732843747,0.6319097832305501,0.2030392962248004
insta_market_basket,0,0,<= 8,45,1091,987,0.1204833984375,0.2261686526122823,79.57517590771585,6130.479603104569,633.7775343966392,1.963722010788126
insta_market_basket,0,0,<= 8,46,1091,0,0.0,0.0,0.0,0.0,0.0,0.0
insta_market_basket,0,0,<= 8,47,1091,0,0.0,0.0,0.0,0.0,0.0,0.0
insta_market_basket,0,0,<= 8,48,1091,0,0.0,0.0,0.0,0.0,0.0,0.0
insta_market_basket,0,0,<= 8,49,1091,72,0.0087890625,0.016498625114573784,6.626595312279318,606.455037354087,54.949434698074,2.2675533808231836
insta_market_basket,0,0,<= 8,50,1091,5,0.0006103515625,0.001145737855178735,0.9193905536770653,54.881796765310774,4.61732446094442,5.6280227855393985
insta_market_basket,0,0,<= 8,51,1091,1,0.0001220703125,0.00022914757103574703,0.08176164358091631,0.6486692711551975,0.28463493131122763,0.10553636046869914
insta_market_basket,0,0,<= 8,52,1091,0,0.0,0.0,0.0,0.0,0.0,0.0
insta_market_basket,0,0,<= 8,53,1091,0,0.0,0.0,0.0,0.0,0.0,0.0
insta_market_basket,0,0,<= 8,54,1091,0,0.0,0.0,0.0,0.0,0.0,0.0
insta_market_basket,0,0,<= 8,55,1091,0,0.0,0.0,0.0,0.0,0.0,0.0
insta_market_basket,0,0,<= 8,56,1091,0,0.0,0.0,0.0,0.0,0.0,0.0
insta_market_basket,0,0,<= 8,57,1091,1,0.0001220703125,0.00022914757103574703,0.027914282499567476,0.5694318852515927,0.44751677852006105,1.2240912416003238
insta_market_basket,0,0,<= 8,58,1091,2,0.000244140625,0.00045829514207149406,0.4052019321578869,6.941927128752398,1.1031936692235669,0.0686027432155659
insta_market_basket,0,0,<= 8,59,1091,2,0.000244140625,0.00045829514207149406,0.054814575966885236,0.3368954062951276,0.14974122715832766,0.09973697909384767
insta_market_basket,0,0,<= 8,60,1091,0,0.0,0.0,0.0,0.0,0.0,0.0
insta_market_basket,0,0,<= 8,61,1091,605,0.0738525390625,0.13863428047662696,58.642903788576085,5585.574570253621,508.1673581428351,2.5982398984506934
insta_market_basket,0,0,<= 8,62,1091,6,0.000732421875,0.001374885426214482,0.2816893820521349,6.675403780344708,0.3705217699411462,5.454528734334585
insta_market_basket,0,0,<= 8,63,1091,0,0.0,0.0,0.0,0.0,0.0,0.0
insta_market_basket,0,1,"(8, 20]",0,780,0,0.0,0.0,0.0,0.0,0.0,0.0
insta_market_basket,0,1,"(8, 20]",1,780,0,0.0,0.0,0.0,0.0,0.0,0.0
insta_market_basket,0,1,"(8, 20]",2,780,17,0.0020751953125,0.0054487179487179484,2.366921095467747,143.4545438160551,13.217181091277393,0.03255986055845938
insta_market_basket,0,1,"(8, 20]",3,780,13,0.0015869140625,0.004166666666666667,2.9734957991892155,116.27062306759633,6.128419109598253,0.3235293993742116
insta_market_basket,0,1,"(8, 20]",4,780,0,0.0,0.0,0.0,0.0,0.0,0.0
insta_market_basket,0,1,"(8, 20]",5,780,0,0.0,0.0,0.0,0.0,0.0,0.0
insta_market_basket,0,1,"(8, 20]",6,780,0,0.0,0.0,0.0,0.0,0.0,0.0
insta_market_basket,0,1,"(8, 20]",7,780,0,0.0,0.0,0.0,0.0,0.0,0.0
insta_market_basket,0,1,"(8, 20]",8,780,0,0.0,0.0,0.0,0.0,0.0,0.0
insta_market_basket,0,1,"(8, 20]",9,780,0,0.0,0.0,0.0,0.0,0.0,0.0
insta_market_basket,0,1,"(8, 20]",10,780,21,0.0025634765625,0.006730769230769231,0.27323096479461817,9.082489449754426,3.553529224856938,0.5724565189319322
insta_market_basket,0,1,"(8, 20]",11,780,680,0.0830078125,0.21794871794871795,24.735914996180213,1220.2305328983775,182.99126199114448,0.6930809427828989
insta_market_basket,0,1,"(8, 20]",12,780,0,0.0,0.0,0.0,0.0,0.0,0.0
insta_market_basket,0,1,"(8, 20]",13,780,11,0.0013427734375,0.0035256410256410257,0.4604549077150168,12.08720187867753,2.2343744539436035,0.29877734951726115
insta_market_basket,0,1,"(8, 20]",14,780,0,0.0,0.0,0.0,0.0,0.0,0.0
insta_market_basket,0,1,"(8, 20]",15,780,0,0.0,0.0,0.0,0.0,0.0,0.0
insta_market_basket,0,1,"(8, 20]",16,780,8,0.0009765625,0.002564102564102564,1.3276363514902259,50.19976555678745,4.509426517204393,0.39779479319735
insta_market_basket,0,1,"(8, 20]",17,780,0,0.0,0.0,0.0,0.0,0.0,0.0
insta_market_basket,0,1,"(8, 20]",18,780,0,0.0,0.0,0.0,0.0,0.0,0.0
insta_market_basket,0,1,"(8, 20]",19,780,1,0.0001220703125,0.0003205128205128205,0.009088955682870842,0.8584347881830274,1.1475974277488572,0.10755002485027147
insta_market_basket,0,1,"(8, 20]",20,780,0,0.0,0.0,0.0,0.0,0.0,0.0
insta_market_basket,0,1,"(8, 20]",21,780,0,0.0,0.0,0.0,0.0,0.0,0.0
insta_market_basket,0,1,"(8, 20]",22,780,0,0.0,0.0,0.0,0.0,0.0,0.0
insta_market_basket,0,1,"(8, 20]",23,780,0,0.0,0.0,0.0,0.0,0.0,0.0
insta_market_basket,0,1,"(8, 20]",24,780,0,0.0,0.0,0.0,0.0,0.0,0.0
insta_market_basket,0,1,"(8, 20]",25,780,0,0.0,0.0,0.0,0.0,0.0,0.0
insta_market_basket,0,1,"(8, 20]",26,780,146,0.017822265625,0.046794871794871795,6.208716273591047,502.20821301751715,61.428202510150136,2.3652588235520127
insta_market_basket,0,1,"(8, 20]",27,780,0,0.0,0.0,0.0,0.0,0.0,0.0
insta_market_basket,0,1,"(8, 20]",28,780,0,0.0,0.0,0.0,0.0,0.0,0.0
insta_market_basket,0,1,"(8, 20]",29,780,0,0.0,0.0,0.0,0.0,0.0,0.0
insta_market_basket,0,1,"(8, 20]",30,780,750,0.091552734375,0.2403846153846154,27.463948009715146,1550.562168106998,223.3849142981742,0.624619221075109
insta_market_basket,0,1,"(8, 20]",31,780,0,0.0,0.0,0.0,0.0,0.0,0.0
insta_market_basket,0,1,"(8, 20]",32,780,0,0.0,0.0,0.0,0.0,0.0,0.0
insta_market_basket,0,1,"(8, 20]",33,780,5,0.0006103515625,0.0016025641025641025,1.2090705312071814,30.36916828466912,1.6830097856512958,0.3708229098030585
insta_market_basket,0,1,"(8, 20]",34,780,0,0.0,0.0,0.0,0.0,0.0,0.0
insta_market_basket,0,1,"(8, 20]",35,780,0,0.0,0.0,0.0,0.0,0.0,0.0
insta_market_basket,0,1,"(8, 20]",36,780,0,0.0,0.0,0.0,0.0,0.0,0.0
insta_market_basket,0,1,"(8, 20]",37,780,0,0.0,0.0,0.0,0.0,0.0,0.0
insta_market_basket,0,1,"(8, 20]",38,780,14,0.001708984375,0.004487179487179487,0.5204131528258692,19.197335178612487,3.980226397586148,0.0016606035022881237
insta_market_basket,0,1,"(8, 20]",39,780,0,0.0,0.0,0.0,0.0,0.0,0.0
insta_market_basket,0,1,"(8, 20]",40,780,105,0.0128173828125,0.03365384615384615,1.7220478251279479,120.6987348592376,5.236476517870171,0.323237823929336
insta_market_basket,0,1,"(8, 20]",41,780,0,0.0,0.0,0.0,0.0,0.0,0.0
insta_market_basket,0,1,"(8, 20]",42,780,0,0.0,0.0,0.0,0.0,0.0,0.0
insta_market_basket,0,1,"(8, 20]",43,780,0,0.0,0.0,0.0,0.0,0.0,0.0
insta_market_basket,0,1,"(8, 20]",44,780,11,0.0013427734375,0.0035256410256410257,0.2850360808844258,59.787190212420654,7.868067145982519,0.10489842273086016
insta_market_basket,0,1,"(8, 20]",45,780,674,0.082275390625,0.21602564102564104,28.360042776029356,2024.9250971274046,246.26237704157526,1.791950080038979
insta_market_basket,0,1,"(8, 20]",46,780,0,0.0,0.0,0.0,0.0,0.0,0.0
insta_market_basket,0,1,"(8, 20]",47,780,0,0.0,0.0,0.0,0.0,0.0,0.0
insta_market_basket,0,1,"(8, 20]",48,780,0,0.0,0.0,0.0,0.0,0.0,0.0
insta_market_basket,0,1,"(8, 20]",49,780,70,0.008544921875,0.022435897435897436,3.007203905655632,200.8837717080561,33.38369219606519,0.6169702073175776
insta_market_basket,0,1,"(8, 20]",50,780,1,0.0001220703125,0.0003205128205128205,0.04139177391843735,3.1798662704664524,0.9819423205679042,0.08638010666813511
insta_market_basket,0,1,"(8, 20]",51,780,0,0.0,0.0,0.0,0.0,0.0,0.0
insta_market_basket,0,1,"(8, 20]",52,780,0,0.0,0.0,0.0,0.0,0.0,0.0
insta_market_basket,0,1,"(8, 20]",53,780,0,0.0,0.0,0.0,0.0,0.0,0.0
insta_market_basket,0,1,"(8, 20]",54,780,0,0.0,0.0,0.0,0.0,0.0,0.0
insta_market_basket,0,1,"(8, 20]",55,780,0,0.0,0.0,0.0,0.0,0.0,0.0
insta_market_basket,0,1,"(8, 20]",56,780,0,0.0,0.0,0.0,0.0,0.0,0.0
insta_market_basket,0,1,"(8, 20]",57,780,0,0.0,0.0,0.0,0.0,0.0,0.0
insta_market_basket,0,1,"(8, 20]",58,780,0,0.0,0.0,0.0,0.0,0.0,0.0
insta_market_basket,0,1,"(8, 20]",59,780,0,0.0,0.0,0.0,0.0,0.0,0.0
insta_market_basket,0,1,"(8, 20]",60,780,0,0.0,0.0,0.0,0.0,0.0,0.0
insta_market_basket,0,1,"(8, 20]",61,780,588,0.07177734375,0.18846153846153846,16.137022428943297,408.97330992594107,119.4993551207702,1.5160256420314282
insta_market_basket,0,1,"(8, 20]",62,780,4,0.00048828125,0.001282051282051282,0.0716391572488546,1.2538495901568047,2.677546989490195,0.36287324785193764
insta_market_basket,0,1,"(8, 20]",63,780,1,0.0001220703125,0.0003205128205128205,0.000764217913347086,0.24873929604172487,2.268964934999364,0.02498626763652999
insta_market_basket,0,2,"(20, 25]",0,97,0,0.0,0.0,0.0,0.0,0.0,0.0
insta_market_basket,0,2,"(20, 25]",1,97,0,0.0,0.0,0.0,0.0,0.0,0.0
insta_market_basket,0,2,"(20, 25]",2,97,1,0.0001220703125,0.002577319587628866,0.2219546835985104,27.026684460820658,1.0050435306575445,0.06916130724553533
insta_market_basket,0,2,"(20, 25]",3,97,0,0.0,0.0,0.0,0.0,0.0,0.0
insta_market_basket,0,2,"(20, 25]",4,97,0,0.0,0.0,0.0,0.0,0.0,0.0
insta_market_basket,0,2,"(20, 25]",5,97,0,0.0,0.0,0.0,0.0,0.0,0.0
insta_market_basket,0,2,"(20, 25]",6,97,0,0.0,0.0,0.0,0.0,0.0,0.0
insta_market_basket,0,2,"(20, 25]",7,97,0,0.0,0.0,0.0,0.0,0.0,0.0
insta_market_basket,0,2,"(20, 25]",8,97,0,0.0,0.0,0.0,0.0,0.0,0.0
insta_market_basket,0,2,"(20, 25]",9,97,0,0.0,0.0,0.0,0.0,0.0,0.0
insta_market_basket,0,2,"(20, 25]",10,97,3,0.0003662109375,0.007731958762886598,0.38729646652091254,94.6739816787097,5.279858293025419,0.5855781775216501
insta_market_basket,0,2,"(20, 25]",11,97,87,0.0106201171875,0.22422680412371135,7.316286867843213,1895.4666119798405,125.60298782570554,0.6284783282111055
insta_market_basket,0,2,"(20, 25]",12,97,0,0.0,0.0,0.0,0.0,0.0,0.0
insta_market_basket,0,2,"(20, 25]",13,97,0,0.0,0.0,0.0,0.0,0.0,0.0
insta_market_basket,0,2,"(20, 25]",14,97,0,0.0,0.0,0.0,0.0,0.0,0.0
insta_market_basket,0,2,"(20, 25]",15,97,0,0.0,0.0,0.0,0.0,0.0,0.0
insta_market_basket,0,2,"(20, 25]",16,97,1,0.0001220703125,0.002577319587628866,0.2219546835985104,27.026684460820658,1.0050435306575445,0.06916130724553533
insta_market_basket,0,2,"(20, 25]",17,97,0,0.0,0.0,0.0,0.0,0.0,0.0
insta_market_basket,0,2,"(20, 25]",18,97,0,0.0,0.0,0.0,0.0,0.0,0.0
insta_market_basket,0,2,"(20, 25]",19,97,0,0.0,0.0,0.0,0.0,0.0,0.0
insta_market_basket,0,2,"(20, 25]",20,97,0,0.0,0.0,0.0,0.0,0.0,0.0
insta_market_basket,0,2,"(20, 25]",21,97,0,0.0,0.0,0.0,0.0,0.0,0.0
insta_market_basket,0,2,"(20, 25]",22,97,0,0.0,0.0,0.0,0.0,0.0,0.0
insta_market_basket,0,2,"(20, 25]",23,97,0,0.0,0.0,0.0,0.0,0.0,0.0
insta_market_basket,0,2,"(20, 25]",24,97,0,0.0,0.0,0.0,0.0,0.0,0.0
insta_market_basket,0,2,"(20, 25]",25,97,0,0.0,0.0,0.0,0.0,0.0,0.0
insta_market_basket,0,2,"(20, 25]",26,97,17,0.0020751953125,0.04381443298969072,2.0210015517326427,437.0147564438577,25.2844412060848,0.6704562590318782
insta_market_basket,0,2,"(20, 25]",27,97,0,0.0,0.0,0.0,0.0,0.0,0.0
insta_market_basket,0,2,"(20, 25]",28,97,0,0.0,0.0,0.0,0.0,0.0,0.0
insta_market_basket,0,2,"(20, 25]",29,97,0,0.0,0.0,0.0,0.0,0.0,0.0
insta_market_basket,0,2,"(20, 25]",30,97,95,0.0115966796875,0.24484536082474226,7.987697331596995,2116.05151639653,136.7912044601988,2.3573445764753966
insta_market_basket,0,2,"(20, 25]",31,97,0,0.0,0.0,0.0,0.0,0.0,0.0
insta_market_basket,0,2,"(20, 25]",32,97,0,0.0,0.0,0.0,0.0,0.0,0.0
insta_market_basket,0,2,"(20, 25]",33,97,0,0.0,0.0,0.0,0.0,0.0,0.0
insta_market_basket,0,2,"(20, 25]",34,97,0,0.0,0.0,0.0,0.0,0.0,0.0
insta_market_basket,0,2,"(20, 25]",35,97,0,0.0,0.0,0.0,0.0,0.0,0.0
insta_market_basket,0,2,"(20, 25]",36,97,0,0.0,0.0,0.0,0.0,0.0,0.0
insta_market_basket,0,2,"(20, 25]",37,97,0,0.0,0.0,0.0,0.0,0.0,0.0
insta_market_basket,0,2,"(20, 25]",38,97,2,0.000244140625,0.005154639175257732,0.331538429208926,67.320243950111,2.901322227682715,0.156099549710807
insta_market_basket,0,2,"(20, 25]",39,97,0,0.0,0.0,0.0,0.0,0.0,0.0
insta_market_basket,0,2,"(20, 25]",40,97,19,0.0023193359375,0.04896907216494845,1.1612665107253242,339.662826351037,14.871743160239518,1.7100550687987757
insta_market_basket,0,2,"(20, 25]",41,97,0,0.0,0.0,0.0,0.0,0.0,0.0
insta_market_basket,0,2,"(20, 25]",42,97,0,0.0,0.0,0.0,0.0,0.0,0.0
insta_market_basket,0,2,"(20, 25]",43,97,0,0.0,0.0,0.0,0.0,0.0,0.0
insta_market_basket,0,2,"(20, 25]",44,97,0,0.0,0.0,0.0,0.0,0.0,0.0
insta_market_basket,0,2,"(20, 25]",45,97,76,0.00927734375,0.1958762886597938,6.986762982715259,1805.379803873177,120.3430182753967,0.6605932938764917
insta_market_basket,0,2,"(20, 25]",46,97,0,0.0,0.0,0.0,0.0,0.0,0.0
insta_market_basket,0,2,"(20, 25]",47,97,0,0.0,0.0,0.0,0.0,0.0,0.0
insta_market_basket,0,2,"(20, 25]",48,97,0,0.0,0.0,0.0,0.0,0.0,0.0
insta_market_basket,0,2,"(20, 25]",49,97,8,0.0009765625,0.020618556701030927,0.8196115139386856,220.1639548406648,9.945703824402107,1.1172884042071418
insta_market_basket,0,2,"(20, 25]",50,97,0,0.0,0.0,0.0,0.0,0.0,0.0
insta_market_basket,0,2,"(20, 25]",51,97,0,0.0,0.0,0.0,0.0,0.0,0.0
insta_market_basket,0,2,"(20, 25]",52,97,0,0.0,0.0,0.0,0.0,0.0,0.0
insta_market_basket,0,2,"(20, 25]",53,97,0,0.0,0.0,0.0,0.0,0.0,0.0
insta_market_basket,0,2,"(20, 25]",54,97,0,0.0,0.0,0.0,0.0,0.0,0.0
insta_market_basket,0,2,"(20, 25]",55,97,0,0.0,0.0,0.0,0.0,0.0,0.0
insta_market_basket,0,2,"(20, 25]",56,97,0,0.0,0.0,0.0,0.0,0.0,0.0
insta_market_basket,0,2,"(20, 25]",57,97,0,0.0,0.0,0.0,0.0,0.0,0.0
insta_market_basket,0,2,"(20, 25]",58,97,0,0.0,0.0,0.0,0.0,0.0,0.0
insta_market_basket,0,2,"(20, 25]",59,97,0,0.0,0.0,0.0,0.0,0.0,0.0
insta_market_basket,0,2,"(20, 25]",60,97,0,0.0,0.0,0.0,0.0,0.0,0.0
insta_market_basket,0,2,"(20, 25]",61,97,78,0.009521484375,0.20103092783505155,5.881285266052243,1638.9977984433915,112.3936654297898,1.5987608482490334
insta_market_basket,0,2,"(20, 25]",62,97,1,0.0001220703125,0.002577319587628866,0.16601607558306633,32.15735314985234,1.4130132668050417,0.0395334282499508
insta_market_basket,0,2,"(20, 25]",63,97,0,0.0,0.0,0.0,0.0,0.0,0.0
insta_market_basket,0,3,"(25, 35]",0,63,0,0.0,0.0,0.0,0.0,0.0,0.0
insta_market_basket,0,3,"(25, 35]",1,63,0,0.0,0.0,0.0,0.0,0.0,0.0
insta_market_basket,0,3,"(25, 35]",2,63,0,0.0,0.0,0.0,0.0,0.0,0.0
insta_market_basket,0,3,"(25, 35]",3,63,0,0.0,0.0,0.0,0.0,0.0,0.0
insta_market_basket,0,3,"(25, 35]",4,63,0,0.0,0.0,0.0,0.0,0.0,0.0
insta_market_basket,0,3,"(25, 35]",5,63,0,0.0,0.0,0.0,0.0,0.0,0.0
insta_market_basket,0,3,"(25, 35]",6,63,0,0.0,0.0,0.0,0.0,0.0,0.0
insta_market_basket,0,3,"(25, 35]",7,63,0,0.0,0.0,0.0,0.0,0.0,0.0
insta_market_basket,0,3,"(25, 35]",8,63,0,0.0,0.0,0.0,0.0,0.0,0.0
insta_market_basket,0,3,"(25, 35]",9,63,0,0.0,0.0,0.0,0.0,0.0,0.0
insta_market_basket,0,3,"(25, 35]",10,63,1,0.0001220703125,0.003968253968253968,0.1259890989763789,43.555240574228904,0.0,0.10849723454761953
insta_market_basket,0,3,"(25, 35]",11,63,54,0.006591796875,0.21428571428571427,6.487676271642639,2340.1495800814514,0.0,0.6462566489201494
insta_market_basket,0,3,"(25, 35]",12,63,0,0.0,0.0,0.0,0.0,0.0,0.0
insta_market_basket,0,3,"(25, 35]",13,63,1,0.0001220703125,0.003968253968253968,0.1259890989763789,43.555240574228904,0.0,0.10849723454761953
insta_market_basket,0,3,"(25, 35]",14,63,0,0.0,0.0,0.0,0.0,0.0,0.0
insta_market_basket,0,3,"(25, 35]",15,63,0,0.0,0.0,0.0,0.0,0.0,0.0
insta_market_basket,0,3,"(25, 35]",16,63,0,0.0,0.0,0.0,0.0,0.0,0.0
insta_market_basket,0,3,"(25, 35]",17,63,0,0.0,0.0,0.0,0.0,0.0,0.0
insta_market_basket,0,3,"(25, 35]",18,63,0,0.0,0.0,0.0,0.0,0.0,0.0
insta_market_basket,0,3,"(25, 35]",19,63,0,0.0,0.0,0.0,0.0,0.0,0.0
insta_market_basket,0,3,"(25, 35]",20,63,0,0.0,0.0,0.0,0.0,0.0,0.0
insta_market_basket,0,3,"(25, 35]",21,63,0,0.0,0.0,0.0,0.0,0.0,0.0
insta_market_basket,0,3,"(25, 35]",22,63,0,0.0,0.0,0.0,0.0,0.0,0.0
insta_market_basket,0,3,"(25, 35]",23,63,0,0.0,0.0,0.0,0.0,0.0,0.0
insta_market_basket,0,3,"(25, 35]",24,63,0,0.0,0.0,0.0,0.0,0.0,0.0
insta_market_basket,0,3,"(25, 35]",25,63,0,0.0,0.0,0.0,0.0,0.0,0.0
insta_market_basket,0,3,"(25, 35]",26,63,9,0.0010986328125,0.03571428571428571,1.679817458125239,496.60329791051674,0.0,0.4233192519780182
insta_market_basket,0,3,"(25, 35]",27,63,0,0.0,0.0,0.0,0.0,0.0,0.0
insta_market_basket,0,3,"(25, 35]",28,63,0,0.0,0.0,0.0,0.0,0.0,0.0
insta_market_basket,0,3,"(25, 35]",29,63,0,0.0,0.0,0.0,0.0,0.0,0.0
insta_market_basket,0,3,"(25, 35]",30,63,60,0.00732421875,0.23809523809523808,7.388374703775991,2587.1378742627912,0.0,0.6800265239487632
insta_market_basket,0,3,"(25, 35]",31,63,0,0.0,0.0,0.0,0.0,0.0,0.0
insta_market_basket,0,3,"(25, 35]",32,63,0,0.0,0.0,0.0,0.0,0.0,0.0
insta_market_basket,0,3,"(25, 35]",33,63,0,0.0,0.0,0.0,0.0,0.0,0.0
insta_market_basket,0,3,"(25, 35]",34,63,0,0.0,0.0,0.0,0.0,0.0,0.0
insta_market_basket,0,3,"(25, 35]",35,63,0,0.0,0.0,0.0,0.0,0.0,0.0
insta_market_basket,0,3,"(25, 35]",36,63,0,0.0,0.0,0.0,0.0,0.0,0.0
insta_market_basket,0,3,"(25, 35]",37,63,0,0.0,0.0,0.0,0.0,0.0,0.0
insta_market_basket,0,3,"(25, 35]",38,63,2,0.000244140625,0.007936507936507936,0.21359502879791542,99.96352895471851,0.0,0.06478161672736878
insta_market_basket,0,3,"(25, 35]",39,63,0,0.0,0.0,0.0,0.0,0.0,0.0
insta_market_basket,0,3,"(25, 35]",40,63,14,0.001708984375,0.05555555555555555,1.2818331141640416,380.0792544905765,0.0,0.48065723269226573
insta_market_basket,0,3,"(25, 35]",41,63,0,0.0,0.0,0.0,0.0,0.0,0.0
insta_market_basket,0,3,"(25, 35]",42,63,0,0.0,0.0,0.0,0.0,0.0,0.0
insta_market_basket,0,3,"(25, 35]",43,63,0,0.0,0.0,0.0,0.0,0.0,0.0
insta_market_basket,0,3,"(25, 35]",44,63,0,0.0,0.0,0.0,0.0,0.0,0.0
insta_market_basket,0,3,"(25, 35]",45,63,51,0.0062255859375,0.20238095238095238,6.768926641157863,2433.4985477768137,0.0,0.9001897840882552
insta_market_basket,0,3,"(25, 35]",46,63,0,0.0,0.0,0.0,0.0,0.0,0.0
insta_market_basket,0,3,"(25, 35]",47,63,0,0.0,0.0,0.0,0.0,0.0,0.0
insta_market_basket,0,3,"(25, 35]",48,63,0,0.0,0.0,0.0,0.0,0.0,0.0
insta_market_basket,0,3,"(25, 35]",49,63,6,0.000732421875,0.023809523809523808,0.6986040294590671,253.46754252016603,0.0,0.07299703375646226
insta_market_basket,0,3,"(25, 35]",50,63,0,0.0,0.0,0.0,0.0,0.0,0.0
insta_market_basket,0,3,"(25, 35]",51,63,0,0.0,0.0,0.0,0.0,0.0,0.0
insta_market_basket,0,3,"(25, 35]",52,63,0,0.0,0.0,0.0,0.0,0.0,0.0
insta_market_basket,0,3,"(25, 35]",53,63,0,0.0,0.0,0.0,0.0,0.0,0.0
insta_market_basket,0,3,"(25, 35]",54,63,0,0.0,0.0,0.0,0.0,0.0,0.0
insta_market_basket,0,3,"(25, 35]",55,63,0,0.0,0.0,0.0,0.0,0.0,0.0
insta_market_basket,0,3,"(25, 35]",56,63,0,0.0,0.0,0.0,0.0,0.0,0.0
insta_market_basket,0,3,"(25, 35]",57,63,0,0.0,0.0,0.0,0.0,0.0,0.0
insta_market_basket,0,3,"(25, 35]",58,63,0,0.0,0.0,0.0,0.0,0.0,0.0
insta_market_basket,0,3,"(25, 35]",59,63,0,0.0,0.0,0.0,0.0,0.0,0.0
insta_market_basket,0,3,"(25, 35]",60,63,0,0.0,0.0,0.0,0.0,0.0,0.0
insta_market_basket,0,3,"(25, 35]",61,63,54,0.006591796875,0.21428571428571427,6.141029881125629,2244.616468021463,0.0,0.646617772221727
insta_market_basket,0,3,"(25, 35]",62,63,0,0.0,0.0,0.0,0.0,0.0,0.0
insta_market_basket,0,3,"(25, 35]",63,63,0,0.0,0.0,0.0,0.0,0.0,0.0
insta_market_basket,0,4,> 35,0,17,0,0.0,0.0,0.0,0.0,0.0,0.0
insta_market_basket,0,4,> 35,1,17,0,0.0,0.0,0.0,0.0,0.0,0.0
insta_market_basket,0,4,> 35,2,17,0,0.0,0.0,0.0,0.0,0.0,0.0
insta_market_basket,0,4,> 35,3,17,0,0.0,0.0,0.0,0.0,0.0,0.0
insta_market_basket,0,4,> 35,4,17,0,0.0,0.0,0.0,0.0,0.0,0.0
insta_market_basket,0,4,> 35,5,17,0,0.0,0.0,0.0,0.0,0.0,0.0
insta_market_basket,0,4,> 35,6,17,0,0.0,0.0,0.0,0.0,0.0,0.0
insta_market_basket,0,4,> 35,7,17,0,0.0,0.0,0.0,0.0,0.0,0.0
insta_market_basket,0,4,> 35,8,17,0,0.0,0.0,0.0,0.0,0.0,0.0
insta_market_basket,0,4,> 35,9,17,0,0.0,0.0,0.0,0.0,0.0,0.0
insta_market_basket,0,4,> 35,10,17,0,0.0,0.0,0.0,0.0,0.0,0.0
insta_market_basket,0,4,> 35,11,17,16,0.001953125,0.23529411764705882,2.6540921482364745,1674.098391735796,0.0,0.37551578931281127
insta_market_basket,0,4,> 35,12,17,0,0.0,0.0,0.0,0.0,0.0,0.0
insta_market_basket,0,4,> 35,13,17,0,0.0,0.0,0.0,0.0,0.0,0.0
insta_market_basket,0,4,> 35,14,17,0,0.0,0.0,0.0,0.0,0.0,0.0
insta_market_basket,0,4,> 35,15,17,0,0.0,0.0,0.0,0.0,0.0,0.0
insta_market_basket,0,4,> 35,16,17,0,0.0,0.0,0.0,0.0,0.0,0.0
insta_market_basket,0,4,> 35,17,17,0,0.0,0.0,0.0,0.0,0.0,0.0
insta_market_basket,0,4,> 35,18,17,0,0.0,0.0,0.0,0.0,0.0,0.0
insta_market_basket,0,4,> 35,19,17,0,0.0,0.0,0.0,0.0,0.0,0.0
insta_market_basket,0,4,> 35,20,17,0,0.0,0.0,0.0,0.0,0.0,0.0
insta_market_basket,0,4,> 35,21,17,0,0.0,0.0,0.0,0.0,0.0,0.0
insta_market_basket,0,4,> 35,22,17,0,0.0,0.0,0.0,0.0,0.0,0.0
insta_market_basket,0,4,> 35,23,17,0,0.0,0.0,0.0,0.0,0.0,0.0
insta_market_basket,0,4,> 35,24,17,0,0.0,0.0,0.0,0.0,0.0,0.0
insta_market_basket,0,4,> 35,25,17,0,0.0,0.0,0.0,0.0,0.0,0.0
insta_market_basket,0,4,> 35,26,17,2,0.000244140625,0.029411764705882353,0.5981397057783314,285.62402518661213,0.0,0.24518967575111011
insta_market_basket,0,4,> 35,27,17,0,0.0,0.0,0.0,0.0,0.0,0.0
insta_market_basket,0,4,> 35,28,17,0,0.0,0.0,0.0,0.0,0.0,0.0
insta_market_basket,0,4,> 35,29,17,0,0.0,0.0,0.0,0.0,0.0,0.0
insta_market_basket,0,4,> 35,30,17,17,0.0020751953125,0.25,2.7291884283339543,1791.1881160113983,0.0,0.3599297301942571
insta_market_basket,0,4,> 35,31,17,0,0.0,0.0,0.0,0.0,0.0,0.0
insta_market_basket,0,4,> 35,32,17,0,0.0,0.0,0.0,0.0,0.0,0.0
insta_market_basket,0,4,> 35,33,17,0,0.0,0.0,0.0,0.0,0.0,0.0
insta_market_basket,0,4,> 35,34,17,0,0.0,0.0,0.0,0.0,0.0,0.0
insta_market_basket,0,4,> 35,35,17,0,0.0,0.0,0.0,0.0,0.0,0.0
insta_market_basket,0,4,> 35,36,17,0,0.0,0.0,0.0,0.0,0.0,0.0
insta_market_basket,0,4,> 35,37,17,0,0.0,0.0,0.0,0.0,0.0,0.0
insta_market_basket,0,4,> 35,38,17,0,0.0,0.0,0.0,0.0,0.0,0.0
insta_market_basket,0,4,> 35,39,17,0,0.0,0.0,0.0,0.0,0.0,0.0
insta_market_basket,0,4,> 35,40,17,6,0.000732421875,0.08823529411764706,0.5133340108178176,600.6516617135643,0.0,0.035458188710275694
insta_market_basket,0,4,> 35,41,17,0,0.0,0.0,0.0,0.0,0.0,0.0
insta_market_basket,0,4,> 35,42,17,0,0.0,0.0,0.0,0.0,0.0,0.0
insta_market_basket,0,4,> 35,43,17,0,0.0,0.0,0.0,0.0,0.0,0.0
insta_market_basket,0,4,> 35,44,17,0,0.0,0.0,0.0,0.0,0.0,0.0
insta_market_basket,0,4,> 35,45,17,11,0.0013427734375,0.16176470588235295,2.215854417516137,1190.5364542978339,0.0,0.32447154148398266
insta_market_basket,0,4,> 35,46,17,0,0.0,0.0,0.0,0.0,0.0,0.0
insta_market_basket,0,4,> 35,47,17,0,0.0,0.0,0.0,0.0,0.0,0.0
insta_market_basket,0,4,> 35,48,17,0,0.0,0.0,0.0,0.0,0.0,0.0
insta_market_basket,0,4,> 35,49,17,1,0.0001220703125,0.014705882352941176,0.07509628009747996,117.08972427560205,0.0,0.015586059118554152
insta_market_basket,0,4,> 35,50,17,0,0.0,0.0,0.0,0.0,0.0,0.0
insta_market_basket,0,4,> 35,51,17,0,0.0,0.0,0.0,0.0,0.0,0.0
insta_market_basket,0,4,> 35,52,17,0,0.0,0.0,0.0,0.0,0.0,0.0
insta_market_basket,0,4,> 35,53,17,0,0.0,0.0,0.0,0.0,0.0,0.0
insta_market_basket,0,4,> 35,54,17,0,0.0,0.0,0.0,0.0,0.0,0.0
insta_market_basket,0,4,> 35,55,17,0,0.0,0.0,0.0,0.0,0.0,0.0
insta_market_basket,0,4,> 35,56,17,0,0.0,0.0,0.0,0.0,0.0,0.0
insta_market_basket,0,4,> 35,57,17,0,0.0,0.0,0.0,0.0,0.0,0.0
insta_market_basket,0,4,> 35,58,17,0,0.0,0.0,0.0,0.0,0.0,0.0
insta_market_basket,0,4,> 35,59,17,0,0.0,0.0,0.0,0.0,0.0,0.0
insta_market_basket,0,4,> 35,60,17,0,0.0,0.0,0.0,0.0,0.0,0.0
insta_market_basket,0,4,> 35,61,17,15,0.0018310546875,0.22058823529411764,2.131048722555623,1505.564090824786,0.0,0.11474005444314736
insta_market_basket,0,4,> 35,62,17,0,0.0,0.0,0.0,0.0,0.0,0.0
insta_market_basket,0,4,> 35,63,17,0,0.0,0.0,0.0,0.0,0.0,0.0
insta_market_basket,1,0,<= 8,0,1028,1,0.0001220703125,0.00024319066147859923,0.014477843197635303,0.5742387805653739,0.7183712170604768,0.0759593399232948
insta_market_basket,1,0,<= 8,1,1028,7,0.0008544921875,0.0017023346303501946,0.039766465740574505,0.8399397239470991,0.1503606131811811,0.801643816589684
insta_market_basket,1,0,<= 8,2,1028,71,0.0086669921875,0.017266536964980546,2.8474187469686414,93.14473980448294,14.48319934019603,1.5246299642818268
insta_market_basket,1,0,<= 8,3,1028,207,0.0252685546875,0.05034046692607004,6.213005029098188,61.78061454223264,24.241297743437013,2.161790712856598
insta_market_basket,1,0,<= 8,4,1028,0,0.0,0.0,0.0,0.0,0.0,0.0
insta_market_basket,1,0,<= 8,5,1028,0,0.0,0.0,0.0,0.0,0.0,0.0
insta_market_basket,1,0,<= 8,6,1028,0,0.0,0.0,0.0,0.0,0.0,0.0
insta_market_basket,1,0,<= 8,7,1028,0,0.0,0.0,0.0,0.0,0.0,0.0
insta_market_basket,1,0,<= 8,8,1028,0,0.0,0.0,0.0,0.0,0.0,0.0
insta_market_basket,1,0,<= 8,9,1028,0,0.0,0.0,0.0,0.0,0.0,0.0
insta_market_basket,1,0,<= 8,10,1028,7,0.0008544921875,0.0017023346303501946,1.0260989005267969,88.22662488099569,9.456539081330432,1.5667926490810786
insta_market_basket,1,0,<= 8,11,1028,902,0.110107421875,0.2193579766536965,73.48446176949686,5859.372528254402,593.9761199988859,16.184006641644654
insta_market_basket,1,0,<= 8,12,1028,0,0.0,0.0,0.0,0.0,0.0,0.0
insta_market_basket,1,0,<= 8,13,1028,11,0.0013427734375,0.0026750972762645915,0.8920507882957854,92.9167953922249,10.932870443155839,0.14487732143578128
insta_market_basket,1,0,<= 8,14,1028,0,0.0,0.0,0.0,0.0,0.0,0.0
insta_market_basket,1,0,<= 8,15,1028,2,0.000244140625,0.00048638132295719845,0.0799559688088318,4.454064013866055,1.6480058295659865,0.15612268616099467
insta_market_basket,1,0,<= 8,16,1028,62,0.007568359375,0.015077821011673152,1.732171397167459,43.892276835056286,5.082736890880967,1.7660120303245659
insta_market_basket,1,0,<= 8,17,1028,0,0.0,0.0,0.0,0.0,0.0,0.0
insta_market_basket,1,0,<= 8,18,1028,6,0.000732421875,0.0014591439688715954,0.04335465291666882,1.7474615086038126,0.07389319514451086,0.04800184196085703
insta_market_basket,1,0,<= 8,19,1028,0,0.0,0.0,0.0,0.0,0.0,0.0
insta_market_basket,1,0,<= 8,20,1028,7,0.0008544921875,0.0017023346303501946,0.14705225348986342,0.8530870314926097,0.25926474238095454,0.10977283675649809
insta_market_basket,1,0,<= 8,21,1028,0,0.0,0.0,0.0,0.0,0.0,0.0
insta_market_basket,1,0,<= 8,22,1028,1,0.0001220703125,0.00024319066147859923,0.05226476063206111,0.700968530857568,0.38666881235736617,0.06509349749044113
insta_market_basket,1,0,<= 8,23,1028,0,0.0,0.0,0.0,0.0,0.0,0.0
insta_market_basket,1,0,<= 8,24,1028,0,0.0,0.0,0.0,0.0,0.0,0.0
insta_market_basket,1,0,<= 8,25,1028,0,0.0,0.0,0.0,0.0,0.0,0.0
insta_market_basket,1,0,<= 8,26,1028,177,0.0216064453125,0.04304474708171206,16.32164619143955,1257.3749811353332,139.26911307044583,2.3973965456812696
insta_market_basket,1,0,<= 8,27,1028,0,0.0,0.0,0.0,0.0,0.0,0.0
insta_market_basket,1,0,<= 8,28,1028,0,0.0,0.0,0.0,0.0,0.0,0.0
insta_market_basket,1,0,<= 8,29,1028,0,0.0,0.0,0.0,0.0,0.0,0.0
insta_market_basket,1,0,<= 8,30,1028,898,0.109619140625,0.2183852140077821,77.24326850092051,6394.065092158429,651.3649441130123,16.69090458380361
insta_market_basket,1,0,<= 8,31,1028,1,0.0001220703125,0.00024319066147859923,0.032527853796808795,2.5594920983591933,1.087792839558903,0.06501408692587952
insta_market_basket,1,0,<= 8,32,1028,0,0.0,0.0,0.0,0.0,0.0,0.0
insta_market_basket,1,0,<= 8,33,1028,93,0.0113525390625,0.022616731517509727,2.580316533140186,25.35097636156353,8.78914843619411,0.609401209328444
insta_market_basket,1,0,<= 8,34,1028,2,0.000244140625,0.00048638132295719845,0.08630998929368945,9.964672178218107,0.6708245401404107,0.014038470567219543
insta_market_basket,1,0,<= 8,35,1028,0,0.0,0.0,0.0,0.0,0.0,0.0
insta_market_basket,1,0,<= 8,36,1028,0,0.0,0.0,0.0,0.0,0.0,0.0
insta_market_basket,1,0,<= 8,37,1028,0,0.0,0.0,0.0,0.0,0.0,0.0
insta_market_basket,1,0,<= 8,38,1028,14,0.001708984375,0.003404669260700389,1.7839996122217565,179.89482472023712,17.08576827064163,0.4564439337948249
insta_market_basket,1,0,<= 8,39,1028,3,0.0003662109375,0.0007295719844357977,0.022596150520850476,0.020302243807042607,0.23524066316485462,0.23631571896862869
insta_market_basket,1,0,<= 8,40,1028,65,0.0079345703125,0.01580739299610895,7.642708915780953,750.4234508733769,75.69855417650506,0.46828283940176046
insta_market_basket,1,0,<= 8,41,1028,0,0.0,0.0,0.0,0.0,0.0,0.0
insta_market_basket,1,0,<= 8,42,1028,0,0.0,0.0,0.0,0.0,0.0,0.0
insta_market_basket,1,0,<= 8,43,1028,1,0.0001220703125,0.00024319066147859923,0.1405599913145973,2.2531878613252734,0.30209204603643997,0.10233931168263474
insta_market_basket,1,0,<= 8,44,1028,3,0.0003662109375,0.0007295719844357977,0.42722322482035946,48.626170304844024,4.517668262412493,0.5344488678163668
insta_market_basket,1,0,<= 8,45,1028,924,0.11279296875,0.2247081712062257,74.84780130811791,5844.936355158051,608.2859860357971,16.00532970373283
insta_market_basket,1,0,<= 8,46,1028,0,0.0,0.0,0.0,0.0,0.0,0.0
insta_market_basket,1,0,<= 8,47,1028,0,0.0,0.0,0.0,0.0,0.0,0.0
insta_market_basket,1,0,<= 8,48,1028,0,0.0,0.0,0.0,0.0,0.0,0.0
insta_market_basket,1,0,<= 8,49,1028,79,0.0096435546875,0.01921206225680934,6.999093047359928,608.831356927625,66.23964660931239,0.0018601901491784208
insta_market_basket,1,0,<= 8,50,1028,2,0.000244140625,0.00048638132295719845,0.0799559688088318,4.454064013866055,1.6480058295659865,0.15612268616099467
insta_market_basket,1,0,<= 8,51,1028,1,0.0001220703125,0.00024319066147859923,0.1405599913145973,2.2531878613252734,0.30209204603643997,0.10233931168263474
insta_market_basket,1,0,<= 8,52,1028,0,0.0,0.0,0.0,0.0,0.0,0.0
insta_market_basket,1,0,<= 8,53,1028,0,0.0,0.0,0.0,0.0,0.0,0.0
insta_market_basket,1,0,<= 8,54,1028,0,0.0,0.0,0.0,0.0,0.0,0.0
insta_market_basket,1,0,<= 8,55,1028,0,0.0,0.0,0.0,0.0,0.0,0.0
insta_market_basket,1,0,<= 8,56,1028,0,0.0,0.0,0.0,0.0,0.0,0.0
insta_market_basket,1,0,<= 8,57,1028,1,0.0001220703125,0.00024319066147859923,0.0037687613534460804,0.03500646792937703,0.27456040526939196,0.09150530783585938
insta_market_basket,1,0,<= 8,58,1028,1,0.0001220703125,0.00024319066147859923,0.05063892359671317,1.7556047200583067,0.6053061975752198,0.06001487099275688
insta_market_basket,1,0,<= 8,59,1028,1,0.0001220703125,0.00024319066147859923,0.05226476063206111,0.700968530857568,0.38666881235736617,0.06509349749044113
insta_market_basket,1,0,<= 8,60,1028,0,0.0,0.0,0.0,0.0,0.0,0.0
insta_market_basket,1,0,<= 8,61,1028,558,0.068115234375,0.13570038910505836,54.91632513481529,5031.505594363001,475.8362208234635,12.648197988912544
insta_market_basket,1,0,<= 8,62,1028,1,0.0001220703125,0.00024319066147859923,0.007513904403100598,0.2845246129344532,0.6925274457739353,0.06101610925930625
insta_market_basket,1,0,<= 8,63,1028,3,0.0003662109375,0.0007295719844357977,0.11035359761529487,14.55076525986609,3.8288819394586007,0.10355516458564804
insta_market_basket,1,1,"(8, 20]",0,815,1,0.0001220703125,0.00030674846625766873,0.06437500359817556,5.174105549813092,0.9787385063743914,0.08920121067685317
insta_market_basket,1,1,"(8, 20]",1,815,1,0.0001220703125,0.00030674846625766873,0.20491294515165406,4.127629860851273,0.30911570348946915,0.10588111086421209
insta_market_basket,1,1,"(8, 20]",2,815,20,0.00244140625,0.006134969325153374,2.3813662270523177,173.3592713539733,16.779449572759322,0.8100157008237066
insta_market_basket,1,1,"(8, 20]",3,815,8,0.0009765625,0.00245398773006135,1.4868397872483232,49.397090433342576,3.7054148669975886,0.05786562710639039
insta_market_basket,1,1,"(8, 20]",4,815,0,0.0,0.0,0.0,0.0,0.0,0.0
insta_market_basket,1,1,"(8, 20]",5,815,0,0.0,0.0,0.0,0.0,0.0,0.0
insta_market_basket,1,1,"(8, 20]",6,815,1,0.0001220703125,0.00030674846625766873,0.10422621493980823,7.699081808400476,0.884260879497584,0.10011527245728316
insta_market_basket,1,1,"(8, 20]",7,815,0,0.0,0.0,0.0,0.0,0.0,0.0
insta_market_basket,1,1,"(8, 20]",8,815,0,0.0,0.0,0.0,0.0,0.0,0.0
insta_market_basket,1,1,"(8, 20]",9,815,0,0.0,0.0,0.0,0.0,0.0,0.0
insta_market_basket,1,1,"(8, 20]",10,815,12,0.00146484375,0.0036809815950920245,0.023529451456162424,26.267425275727476,3.1634187672213807,0.01294126929468034
insta_market_basket,1,1,"(8, 20]",11,815,710,0.086669921875,0.21779141104294478,25.469170168576696,1864.8490864737973,243.32706400163048,7.249039570724695
insta_market_basket,1,1,"(8, 20]",12,815,0,0.0,0.0,0.0,0.0,0.0,0.0
insta_market_basket,1,1,"(8, 20]",13,815,11,0.0013427734375,0.003374233128834356,0.4834479507640118,60.34297368390619,8.350112427591489,0.08427095116183965
insta_market_basket,1,1,"(8, 20]",14,815,0,0.0,0.0,0.0,0.0,0.0,0.0
insta_market_basket,1,1,"(8, 20]",15,815,0,0.0,0.0,0.0,0.0,0.0,0.0
insta_market_basket,1,1,"(8, 20]",16,815,2,0.000244140625,0.0006134969325153375,0.24205667682561052,9.966780880199195,1.281018840103647,0.25851044442831267
insta_market_basket,1,1,"(8, 20]",17,815,0,0.0,0.0,0.0,0.0,0.0,0.0
insta_market_basket,1,1,"(8, 20]",18,815,1,0.0001220703125,0.00030674846625766873,0.20491294515165406,4.127629860851273,0.30911570348946915,0.10588111086421209
insta_market_basket,1,1,"(8, 20]",19,815,0,0.0,0.0,0.0,0.0,0.0,0.0
insta_market_basket,1,1,"(8, 20]",20,815,0,0.0,0.0,0.0,0.0,0.0,0.0
insta_market_basket,1,1,"(8, 20]",21,815,0,0.0,0.0,0.0,0.0,0.0,0.0
insta_market_basket,1,1,"(8, 20]",22,815,0,0.0,0.0,0.0,0.0,0.0,0.0
insta_market_basket,1,1,"(8, 20]",23,815,0,0.0,0.0,0.0,0.0,0.0,0.0
insta_market_basket,1,1,"(8, 20]",24,815,0,0.0,0.0,0.0,0.0,0.0,0.0
insta_market_basket,1,1,"(8, 20]",25,815,0,0.0,0.0,0.0,0.0,0.0,0.0
insta_market_basket,1,1,"(8, 20]",26,815,163,0.0198974609375,0.05,7.572735442147981,744.8459611917384,72.53187826439296,0.6980757189498764
insta_market_basket,1,1,"(8, 20]",27,815,0,0.0,0.0,0.0,0.0,0.0,0.0
insta_market_basket,1,1,"(8, 20]",28,815,0,0.0,0.0,0.0,0.0,0.0,0.0
insta_market_basket,1,1,"(8, 20]",29,815,0,0.0,0.0,0.0,0.0,0.0,0.0
insta_market_basket,1,1,"(8, 20]",30,815,794,0.096923828125,0.24355828220858897,27.16665146016192,1847.4534294458601,260.1978935879037,7.8982901331290485
insta_market_basket,1,1,"(8, 20]",31,815,0,0.0,0.0,0.0,0.0,0.0,0.0
insta_market_basket,1,1,"(8, 20]",32,815,0,0.0,0.0,0.0,0.0,0.0,0.0
insta_market_basket,1,1,"(8, 20]",33,815,2,0.000244140625,0.0006134969325153375,0.42408721010934436,7.448132075414549,0.536934868697855,0.09946474650102627
insta_market_basket,1,1,"(8, 20]",34,815,0,0.0,0.0,0.0,0.0,0.0,0.0
insta_market_basket,1,1,"(8, 20]",35,815,0,0.0,0.0,0.0,0.0,0.0,0.0
insta_market_basket,1,1,"(8, 20]",36,815,0,0.0,0.0,0.0,0.0,0.0,0.0
insta_market_basket,1,1,"(8, 20]",37,815,0,0.0,0.0,0.0,0.0,0.0,0.0
insta_market_basket,1,1,"(8, 20]",38,815,15,0.0018310546875,0.004601226993865031,0.4442691632884529,62.686894914401755,7.89723229027131,0.3304320472446748
insta_market_basket,1,1,"(8, 20]",39,815,0,0.0,0.0,0.0,0.0,0.0,0.0
insta_market_basket,1,1,"(8, 20]",40,815,108,0.01318359375,0.033128834355828224,1.3847542526189953,105.27554887932493,1.2979723828328433,0.2435902700320526
insta_market_basket,1,1,"(8, 20]",41,815,0,0.0,0.0,0.0,0.0,0.0,0.0
insta_market_basket,1,1,"(8, 20]",42,815,0,0.0,0.0,0.0,0.0,0.0,0.0
insta_market_basket,1,1,"(8, 20]",43,815,0,0.0,0.0,0.0,0.0,0.0,0.0
insta_market_basket,1,1,"(8, 20]",44,815,8,0.0009765625,0.00245398773006135,0.1386803397857064,56.04780904291528,4.954543179895341,0.16175743382989763
insta_market_basket,1,1,"(8, 20]",45,815,709,0.0865478515625,0.2174846625766871,27.301406541301734,2062.313607851416,269.3131863094079,6.786480465903053
insta_market_basket,1,1,"(8, 20]",46,815,0,0.0,0.0,0.0,0.0,0.0,0.0
insta_market_basket,1,1,"(8, 20]",47,815,0,0.0,0.0,0.0,0.0,0.0,0.0
insta_market_basket,1,1,"(8, 20]",48,815,0,0.0,0.0,0.0,0.0,0.0,0.0
insta_market_basket,1,1,"(8, 20]",49,815,81,0.0098876953125,0.024846625766871164,2.468052534845475,76.01905580367144,31.790888663139782,0.11016682808178416
insta_market_basket,1,1,"(8, 20]",50,815,1,0.0001220703125,0.00030674846625766873,0.04051339571284913,4.533463858642219,1.2152934901723438,0.0900495044900483
insta_market_basket,1,1,"(8, 20]",51,815,0,0.0,0.0,0.0,0.0,0.0,0.0
insta_market_basket,1,1,"(8, 20]",52,815,0,0.0,0.0,0.0,0.0,0.0,0.0
insta_market_basket,1,1,"(8, 20]",53,815,0,0.0,0.0,0.0,0.0,0.0,0.0
insta_market_basket,1,1,"(8, 20]",54,815,0,0.0,0.0,0.0,0.0,0.0,0.0
insta_market_basket,1,1,"(8, 20]",55,815,0,0.0,0.0,0.0,0.0,0.0,0.0
insta_market_basket,1,1,"(8, 20]",56,815,0,0.0,0.0,0.0,0.0,0.0,0.0
insta_market_basket,1,1,"(8, 20]",57,815,0,0.0,0.0,0.0,0.0,0.0,0.0
insta_market_basket,1,1,"(8, 20]",58,815,0,0.0,0.0,0.0,0.0,0.0,0.0
insta_market_basket,1,1,"(8, 20]",59,815,0,0.0,0.0,0.0,0.0,0.0,0.0
insta_market_basket,1,1,"(8, 20]",60,815,0,0.0,0.0,0.0,0.0,0.0,0.0
insta_market_basket,1,1,"(8, 20]",61,815,608,0.07421875,0.18650306748466258,17.118769643850865,883.834188837265,170.76137928414306,5.9726719751293125
insta_market_basket,1,1,"(8, 20]",62,815,4,0.00048828125,0.001226993865030675,0.1351493790758067,19.673646234487983,2.7315933766330227,0.16026997337673132
insta_market_basket,1,1,"(8, 20]",63,815,0,0.0,0.0,0.0,0.0,0.0,0.0
insta_market_basket,1,2,"(20, 25]",0,100,0,0.0,0.0,0.0,0.0,0.0,0.0
insta_market_basket,1,2,"(20, 25]",1,100,0,0.0,0.0,0.0,0.0,0.0,0.0
insta_market_basket,1,2,"(20, 25]",2,100,1,0.0001220703125,0.0025,0.2926178704133263,23.237415568115082,0.6914930216297124,0.08876848136549913
insta_market_basket,1,2,"(20, 25]",3,100,1,0.0001220703125,0.0025,0.3804451185516835,15.284716557282284,0.3405668800564623,0.43324195098653767
insta_market_basket,1,2,"(20, 25]",4,100,0,0.0,0.0,0.0,0.0,0.0,0.0
insta_market_basket,1,2,"(20, 25]",5,100,0,0.0,0.0,0.0,0.0,0.0,0.0
insta_market_basket,1,2,"(20, 25]",6,100,0,0.0,0.0,0.0,0.0,0.0,0.0
insta_market_basket,1,2,"(20, 25]",7,100,0,0.0,0.0,0.0,0.0,0.0,0.0
insta_market_basket,1,2,"(20, 25]",8,100,0,0.0,0.0,0.0,0.0,0.0,0.0
insta_market_basket,1,2,"(20, 25]",9,100,0,0.0,0.0,0.0,0.0,0.0,0.0
insta_market_basket,1,2,"(20, 25]",10,100,1,0.0001220703125,0.0025,0.14601761056138973,38.12895370299546,1.7078387954319203,0.07762268869044388
insta_market_basket,1,2,"(20, 25]",11,100,93,0.0113525390625,0.2325,9.878156009241282,2274.958543498063,151.91046606728523,1.548278876975664
insta_market_basket,1,2,"(20, 25]",12,100,0,0.0,0.0,0.0,0.0,0.0,0.0
insta_market_basket,1,2,"(20, 25]",13,100,2,0.000244140625,0.005,0.16802574243128568,46.55532052178512,4.053407798618903,0.21542561315596728
insta_market_basket,1,2,"(20, 25]",14,100,0,0.0,0.0,0.0,0.0,0.0,0.0
insta_market_basket,1,2,"(20, 25]",15,100,0,0.0,0.0,0.0,0.0,0.0,0.0
insta_market_basket,1,2,"(20, 25]",16,100,1,0.0001220703125,0.0025,0.3804451185516835,15.284716557282284,0.3405668800564623,0.43324195098653767
insta_market_basket,1,2,"(20, 25]",17,100,0,0.0,0.0,0.0,0.0,0.0,0.0
insta_market_basket,1,2,"(20, 25]",18,100,0,0.0,0.0,0.0,0.0,0.0,0.0
insta_market_basket,1,2,"(20, 25]",19,100,0,0.0,0.0,0.0,0.0,0.0,0.0
insta_market_basket,1,2,"(20, 25]",20,100,0,0.0,0.0,0.0,0.0,0.0,0.0
insta_market_basket,1,2,"(20, 25]",21,100,0,0.0,0.0,0.0,0.0,0.0,0.0
insta_market_basket,1,2,"(20, 25]",22,100,0,0.0,0.0,0.0,0.0,0.0,0.0
insta_market_basket,1,2,"(20, 25]",23,100,0,0.0,0.0,0.0,0.0,0.0,0.0
insta_market_basket,1,2,"(20, 25]",24,100,0,0.0,0.0,0.0,0.0,0.0,0.0
insta_market_basket,1,2,"(20, 25]",25,100,0,0.0,0.0,0.0,0.0,0.0,0.0
insta_market_basket,1,2,"(20, 25]",26,100,12,0.00146484375,0.03,1.892896144499494,377.56609919227907,18.553764441067585,1.1118957290747644
insta_market_basket,1,2,"(20, 25]",27,100,0,0.0,0.0,0.0,0.0,0.0,0.0
insta_market_basket,1,2,"(20, 25]",28,100,0,0.0,0.0,0.0,0.0,0.0,0.0
insta_market_basket,1,2,"(20, 25]",29,100,0,0.0,0.0,0.0,0.0,0.0,0.0
insta_market_basket,1,2,"(20, 25]",30,100,97,0.0118408203125,0.2425,9.987608906933676,2364.5830222271466,155.03152077148124,1.2959289590828134
insta_market_basket,1,2,"(20, 25]",31,100,0,0.0,0.0,0.0,0.0,0.0,0.0
insta_market_basket,1,2,"(20, 25]",32,100,0,0.0,0.0,0.0,0.0,0.0,0.0
insta_market_basket,1,2,"(20, 25]",33,100,1,0.0001220703125,0.0025,0.3804451185516835,15.284716557282284,0.3405668800564623,0.43324195098653767
insta_market_basket,1,2,"(20, 25]",34,100,0,0.0,0.0,0.0,0.0,0.0,0.0
insta_market_basket,1,2,"(20, 25]",35,100,0,0.0,0.0,0.0,0.0,0.0,0.0
insta_market_basket,1,2,"(20, 25]",36,100,0,0.0,0.0,0.0,0.0,0.0,0.0
insta_market_basket,1,2,"(20, 25]",37,100,0,0.0,0.0,0.0,0.0,0.0,0.0
insta_market_basket,1,2,"(20, 25]",38,100,0,0.0,0.0,0.0,0.0,0.0,0.0
insta_market_basket,1,2,"(20, 25]",39,100,0,0.0,0.0,0.0,0.0,0.0,0.0
insta_market_basket,1,2,"(20, 25]",40,100,12,0.00146484375,0.03,0.8421360726470698,242.5475155321731,14.45932315631787,0.7072930617299842
insta_market_basket,1,2,"(20, 25]",41,100,0,0.0,0.0,0.0,0.0,0.0,0.0
insta_market_basket,1,2,"(20, 25]",42,100,0,0.0,0.0,0.0,0.0,0.0,0.0
insta_market_basket,1,2,"(20, 25]",43,100,0,0.0,0.0,0.0,0.0,0.0,0.0
insta_market_basket,1,2,"(20, 25]",44,100,0,0.0,0.0,0.0,0.0,0.0,0.0
insta_market_basket,1,2,"(20, 25]",45,100,88,0.0107421875,0.22,9.219725034191777,2137.6797699439403,141.61356784528888,0.6924081146597513
insta_market_basket,1,2,"(20, 25]",46,100,0,0.0,0.0,0.0,0.0,0.0,0.0
insta_market_basket,1,2,"(20, 25]",47,100,0,0.0,0.0,0.0,0.0,0.0,0.0
insta_market_basket,1,2,"(20, 25]",48,100,0,0.0,0.0,0.0,0.0,0.0,0.0
insta_market_basket,1,2,"(20, 25]",49,100,5,0.0006103515625,0.0125,0.5874855073537767,156.59507182215512,9.468704000911389,0.23484351778362422
insta_market_basket,1,2,"(20, 25]",50,100,0,0.0,0.0,0.0,0.0,0.0,0.0
insta_market_basket,1,2,"(20, 25]",51,100,0,0.0,0.0,0.0,0.0,0.0,0.0
insta_market_basket,1,2,"(20, 25]",52,100,0,0.0,0.0,0.0,0.0,0.0,0.0
insta_market_basket,1,2,"(20, 25]",53,100,0,0.0,0.0,0.0,0.0,0.0,0.0
insta_market_basket,1,2,"(20, 25]",54,100,0,0.0,0.0,0.0,0.0,0.0,0.0
insta_market_basket,1,2,"(20, 25]",55,100,0,0.0,0.0,0.0,0.0,0.0,0.0
insta_market_basket,1,2,"(20, 25]",56,100,0,0.0,0.0,0.0,0.0,0.0,0.0
insta_market_basket,1,2,"(20, 25]",57,100,0,0.0,0.0,0.0,0.0,0.0,0.0
insta_market_basket,1,2,"(20, 25]",58,100,0,0.0,0.0,0.0,0.0,0.0,0.0
insta_market_basket,1,2,"(20, 25]",59,100,0,0.0,0.0,0.0,0.0,0.0,0.0
insta_market_basket,1,2,"(20, 25]",60,100,0,0.0,0.0,0.0,0.0,0.0,0.0
insta_market_basket,1,2,"(20, 25]",61,100,86,0.010498046875,0.215,8.05768810918058,2024.6140948972243,139.29026481393296,0.19786554963648648
insta_market_basket,1,2,"(20, 25]",62,100,0,0.0,0.0,0.0,0.0,0.0,0.0
insta_market_basket,1,2,"(20, 25]",63,100,0,0.0,0.0,0.0,0.0,0.0,0.0
insta_market_basket,1,3,"(25, 35]",0,77,0,0.0,0.0,0.0,0.0,0.0,0.0
insta_market_basket,1,3,"(25, 35]",1,77,0,0.0,0.0,0.0,0.0,0.0,0.0
insta_market_basket,1,3,"(25, 35]",2,77,0,0.0,0.0,0.0,0.0,0.0,0.0
insta_market_basket,1,3,"(25, 35]",3,77,0,0.0,0.0,0.0,0.0,0.0,0.0
insta_market_basket,1,3,"(25, 35]",4,77,0,0.0,0.0,0.0,0.0,0.0,0.0
insta_market_basket,1,3,"(25, 35]",5,77,0,0.0,0.0,0.0,0.0,0.0,0.0
insta_market_basket,1,3,"(25, 35]",6,77,0,0.0,0.0,0.0,0.0,0.0,0.0
insta_market_basket,1,3,"(25, 35]",7,77,0,0.0,0.0,0.0,0.0,0.0,0.0
insta_market_basket,1,3,"(25, 35]",8,77,0,0.0,0.0,0.0,0.0,0.0,0.0
insta_market_basket,1,3,"(25, 35]",9,77,0,0.0,0.0,0.0,0.0,0.0,0.0
insta_market_basket,1,3,"(25, 35]",10,77,1,0.0001220703125,0.003246753246753247,0.09430227813231497,59.23141266546187,0.0,0.03594530402629073
insta_market_basket,1,3,"(25, 35]",11,77,71,0.0086669921875,0.2305194805194805,10.492599502457065,3538.143092187124,0.0,2.5538572766750387
insta_market_basket,1,3,"(25, 35]",12,77,0,0.0,0.0,0.0,0.0,0.0,0.0
insta_market_basket,1,3,"(25, 35]",13,77,0,0.0,0.0,0.0,0.0,0.0,0.0
insta_market_basket,1,3,"(25, 35]",14,77,0,0.0,0.0,0.0,0.0,0.0,0.0
insta_market_basket,1,3,"(25, 35]",15,77,0,0.0,0.0,0.0,0.0,0.0,0.0
insta_market_basket,1,3,"(25, 35]",16,77,0,0.0,0.0,0.0,0.0,0.0,0.0
insta_market_basket,1,3,"(25, 35]",17,77,0,0.0,0.0,0.0,0.0,0.0,0.0
insta_market_basket,1,3,"(25, 35]",18,77,0,0.0,0.0,0.0,0.0,0.0,0.0
insta_market_basket,1,3,"(25, 35]",19,77,0,0.0,0.0,0.0,0.0,0.0,0.0
insta_market_basket,1,3,"(25, 35]",20,77,0,0.0,0.0,0.0,0.0,0.0,0.0
insta_market_basket,1,3,"(25, 35]",21,77,0,0.0,0.0,0.0,0.0,0.0,0.0
insta_market_basket,1,3,"(25, 35]",22,77,0,0.0,0.0,0.0,0.0,0.0,0.0
insta_market_basket,1,3,"(25, 35]",23,77,0,0.0,0.0,0.0,0.0,0.0,0.0
insta_market_basket,1,3,"(25, 35]",24,77,0,0.0,0.0,0.0,0.0,0.0,0.0
insta_market_basket,1,3,"(25, 35]",25,77,0,0.0,0.0,0.0,0.0,0.0,0.0
insta_market_basket,1,3,"(25, 35]",26,77,13,0.0015869140625,0.04220779220779221,2.4733421657344343,711.594643109031,0.0,0.7822132039710633
insta_market_basket,1,3,"(25, 35]",27,77,0,0.0,0.0,0.0,0.0,0.0,0.0
insta_market_basket,1,3,"(25, 35]",28,77,0,0.0,0.0,0.0,0.0,0.0,0.0
insta_market_basket,1,3,"(25, 35]",29,77,0,0.0,0.0,0.0,0.0,0.0,0.0
insta_market_basket,1,3,"(25, 35]",30,77,77,0.0093994140625,0.25,11.047835220130397,3699.7486747653543,0.0,2.6729728263326717
insta_market_basket,1,3,"(25, 35]",31,77,0,0.0,0.0,0.0,0.0,0.0,0.0
insta_market_basket,1,3,"(25, 35]",32,77,0,0.0,0.0,0.0,0.0,0.0,0.0
insta_market_basket,1,3,"(25, 35]",33,77,0,0.0,0.0,0.0,0.0,0.0,0.0
insta_market_basket,1,3,"(25, 35]",34,77,0,0.0,0.0,0.0,0.0,0.0,0.0
insta_market_basket,1,3,"(25, 35]",35,77,0,0.0,0.0,0.0,0.0,0.0,0.0
insta_market_basket,1,3,"(25, 35]",36,77,0,0.0,0.0,0.0,0.0,0.0,0.0
insta_market_basket,1,3,"(25, 35]",37,77,0,0.0,0.0,0.0,0.0,0.0,0.0
insta_market_basket,1,3,"(25, 35]",38,77,0,0.0,0.0,0.0,0.0,0.0,0.0
insta_market_basket,1,3,"(25, 35]",39,77,0,0.0,0.0,0.0,0.0,0.0,0.0
insta_market_basket,1,3,"(25, 35]",40,77,14,0.001708984375,0.045454545454545456,1.2608916453906303,526.1853884869846,0.0,0.02563112496364736
insta_market_basket,1,3,"(25, 35]",41,77,0,0.0,0.0,0.0,0.0,0.0,0.0
insta_market_basket,1,3,"(25, 35]",42,77,0,0.0,0.0,0.0,0.0,0.0,0.0
insta_market_basket,1,3,"(25, 35]",43,77,0,0.0,0.0,0.0,0.0,0.0,0.0
insta_market_basket,1,3,"(25, 35]",44,77,0,0.0,0.0,0.0,0.0,0.0,0.0
insta_market_basket,1,3,"(25, 35]",45,77,62,0.007568359375,0.2012987012987013,9.677733532987975,3098.591375371429,0.0,2.676420160199223
insta_market_basket,1,3,"(25, 35]",46,77,0,0.0,0.0,0.0,0.0,0.0,0.0
insta_market_basket,1,3,"(25, 35]",47,77,0,0.0,0.0,0.0,0.0,0.0,0.0
insta_market_basket,1,3,"(25, 35]",48,77,0,0.0,0.0,0.0,0.0,0.0,0.0
insta_market_basket,1,3,"(25, 35]",49,77,5,0.0006103515625,0.016233766233766232,0.4609334395410198,102.37416991276933,0.0,0.15506085368392403
insta_market_basket,1,3,"(25, 35]",50,77,0,0.0,0.0,0.0,0.0,0.0,0.0
insta_market_basket,1,3,"(25, 35]",51,77,0,0.0,0.0,0.0,0.0,0.0,0.0
insta_market_basket,1,3,"(25, 35]",52,77,0,0.0,0.0,0.0,0.0,0.0,0.0
insta_market_basket,1,3,"(25, 35]",53,77,0,0.0,0.0,0.0,0.0,0.0,0.0
insta_market_basket,1,3,"(25, 35]",54,77,0,0.0,0.0,0.0,0.0,0.0,0.0
insta_market_basket,1,3,"(25, 35]",55,77,0,0.0,0.0,0.0,0.0,0.0,0.0
insta_market_basket,1,3,"(25, 35]",56,77,0,0.0,0.0,0.0,0.0,0.0,0.0
insta_market_basket,1,3,"(25, 35]",57,77,0,0.0,0.0,0.0,0.0,0.0,0.0
insta_market_basket,1,3,"(25, 35]",58,77,0,0.0,0.0,0.0,0.0,0.0,0.0
insta_market_basket,1,3,"(25, 35]",59,77,0,0.0,0.0,0.0,0.0,0.0,0.0
insta_market_basket,1,3,"(25, 35]",60,77,0,0.0,0.0,0.0,0.0,0.0,0.0
insta_market_basket,1,3,"(25, 35]",61,77,65,0.0079345703125,0.21103896103896103,8.683703096147756,3063.1259425632647,0.0,1.861681163531411
insta_market_basket,1,3,"(25, 35]",62,77,0,0.0,0.0,0.0,0.0,0.0,0.0
insta_market_basket,1,3,"(25, 35]",63,77,0,0.0,0.0,0.0,0.0,0.0,0.0
insta_market_basket,1,4,> 35,0,28,0,0.0,0.0,0.0,0.0,0.0,0.0
insta_market_basket,1,4,> 35,1,28,0,0.0,0.0,0.0,0.0,0.0,0.0
insta_market_basket,1,4,> 35,2,28,0,0.0,0.0,0.0,0.0,0.0,0.0
insta_market_basket,1,4,> 35,3,28,0,0.0,0.0,0.0,0.0,0.0,0.0
insta_market_basket,1,4,> 35,4,28,0,0.0,0.0,0.0,0.0,0.0,0.0
insta_market_basket,1,4,> 35,5,28,0,0.0,0.0,0.0,0.0,0.0,0.0
insta_market_basket,1,4,> 35,6,28,0,0.0,0.0,0.0,0.0,0.0,0.0
insta_market_basket,1,4,> 35,7,28,0,0.0,0.0,0.0,0.0,0.0,0.0
insta_market_basket,1,4,> 35,8,28,0,0.0,0.0,0.0,0.0,0.0,0.0
insta_market_basket,1,4,> 35,9,28,0,0.0,0.0,0.0,0.0,0.0,0.0
insta_market_basket,1,4,> 35,10,28,0,0.0,0.0,0.0,0.0,0.0,0.0
insta_market_basket,1,4,> 35,11,28,22,0.002685546875,0.19642857142857142,4.211222838364853,2491.620587560372,0.0,0.7959073946800923
insta_market_basket,1,4,> 35,12,28,0,0.0,0.0,0.0,0.0,0.0,0.0
insta_market_basket,1,4,> 35,13,28,0,0.0,0.0,0.0,0.0,0.0,0.0
insta_market_basket,1,4,> 35,14,28,0,0.0,0.0,0.0,0.0,0.0,0.0
insta_market_basket,1,4,> 35,15,28,0,0.0,0.0,0.0,0.0,0.0,0.0
insta_market_basket,1,4,> 35,16,28,0,0.0,0.0,0.0,0.0,0.0,0.0
insta_market_basket,1,4,> 35,17,28,0,0.0,0.0,0.0,0.0,0.0,0.0
insta_market_basket,1,4,> 35,18,28,0,0.0,0.0,0.0,0.0,0.0,0.0
insta_market_basket,1,4,> 35,19,28,0,0.0,0.0,0.0,0.0,0.0,0.0
insta_market_basket,1,4,> 35,20,28,0,0.0,0.0,0.0,0.0,0.0,0.0
insta_market_basket,1,4,> 35,21,28,0,0.0,0.0,0.0,0.0,0.0,0.0
insta_market_basket,1,4,> 35,22,28,0,0.0,0.0,0.0,0.0,0.0,0.0
insta_market_basket,1,4,> 35,23,28,0,0.0,0.0,0.0,0.0,0.0,0.0
insta_market_basket,1,4,> 35,24,28,0,0.0,0.0,0.0,0.0,0.0,0.0
insta_market_basket,1,4,> 35,25,28,0,0.0,0.0,0.0,0.0,0.0,0.0
insta_market_basket,1,4,> 35,26,28,3,0.0003662109375,0.026785714285714284,0.8665005717013297,376.57462354121105,0.0,0.559693560484679
insta_market_basket,1,4,> 35,27,28,0,0.0,0.0,0.0,0.0,0.0,0.0
insta_market_basket,1,4,> 35,28,28,0,0.0,0.0,0.0,0.0,0.0,0.0
insta_market_basket,1,4,> 35,29,28,0,0.0,0.0,0.0,0.0,0.0,0.0
insta_market_basket,1,4,> 35,30,28,28,0.00341796875,0.25,5.372722328076595,3955.173420579352,0.0,0.8247083473552234
insta_market_basket,1,4,> 35,31,28,0,0.0,0.0,0.0,0.0,0.0,0.0
insta_market_basket,1,4,> 35,32,28,0,0.0,0.0,0.0,0.0,0.0,0.0
insta_market_basket,1,4,> 35,33,28,0,0.0,0.0,0.0,0.0,0.0,0.0
insta_market_basket,1,4,> 35,34,28,0,0.0,0.0,0.0,0.0,0.0,0.0
insta_market_basket,1,4,> 35,35,28,0,0.0,0.0,0.0,0.0,0.0,0.0
insta_market_basket,1,4,> 35,36,28,0,0.0,0.0,0.0,0.0,0.0,0.0
insta_market_basket,1,4,> 35,37,28,0,0.0,0.0,0.0,0.0,0.0,0.0
insta_market_basket,1,4,> 35,38,28,0,0.0,0.0,0.0,0.0,0.0,0.0
insta_market_basket,1,4,> 35,39,28,0,0.0,0.0,0.0,0.0,0.0,0.0
insta_market_basket,1,4,> 35,40,28,7,0.0008544921875,0.0625,1.320305178356963,1655.1810471482258,0.0,0.1775000097800477
insta_market_basket,1,4,> 35,41,28,0,0.0,0.0,0.0,0.0,0.0,0.0
insta_market_basket,1,4,> 35,42,28,0,0.0,0.0,0.0,0.0,0.0,0.0
insta_market_basket,1,4,> 35,43,28,0,0.0,0.0,0.0,0.0,0.0,0.0
insta_market_basket,1,4,> 35,44,28,0,0.0,0.0,0.0,0.0,0.0,0.0
insta_market_basket,1,4,> 35,45,28,22,0.002685546875,0.19642857142857142,4.302451010024649,2396.778187027052,0.0,0.9203574601586344
insta_market_basket,1,4,> 35,46,28,0,0.0,0.0,0.0,0.0,0.0,0.0
insta_market_basket,1,4,> 35,47,28,0,0.0,0.0,0.0,0.0,0.0,0.0
insta_market_basket,1,4,> 35,48,28,0,0.0,0.0,0.0,0.0,0.0,0.0
insta_market_basket,1,4,> 35,49,28,5,0.0006103515625,0.044642857142857144,0.7897668135065781,1327.5433757970607,0.0,0.013762163611304177
insta_market_basket,1,4,> 35,50,28,0,0.0,0.0,0.0,0.0,0.0,0.0
insta_market_basket,1,4,> 35,51,28,0,0.0,0.0,0.0,0.0,0.0,0.0
insta_market_basket,1,4,> 35,52,28,0,0.0,0.0,0.0,0.0,0.0,0.0
insta_market_basket,1,4,> 35,53,28,0,0.0,0.0,0.0,0.0,0.0,0.0
insta_market_basket,1,4,> 35,54,28,0,0.0,0.0,0.0,0.0,0.0,0.0
insta_market_basket,1,4,> 35,55,28,0,0.0,0.0,0.0,0.0,0.0,0.0
insta_market_basket,1,4,> 35,56,28,0,0.0,0.0,0.0,0.0,0.0,0.0
insta_market_basket,1,4,> 35,57,28,0,0.0,0.0,0.0,0.0,0.0,0.0
insta_market_basket,1,4,> 35,58,28,0,0.0,0.0,0.0,0.0,0.0,0.0
insta_market_basket,1,4,> 35,59,28,0,0.0,0.0,0.0,0.0,0.0,0.0
insta_market_basket,1,4,> 35,60,28,0,0.0,0.0,0.0,0.0,0.0,0.0
insta_market_basket,1,4,> 35,61,28,25,0.0030517578125,0.22321428571428573,4.627920572275413,3617.8224406641352,0.0,0.034428780573521944
insta_market_basket,1,4,> 35,62,28,0,0.0,0.0,0.0,0.0,0.0,0.0
insta_market_basket,1,4,> 35,63,28,0,0.0,0.0,0.0,0.0,0.0,0.0
