dataset_name,model_name,candidate_name,titan_candidate_name,reproducibility_mode,source_revision,train_loader_seed,value_head_mode,time_head_mode,evaluation_scope,qty_mark_gradient_mode,value_encoder_gradient_mode,marker_loss_mode,lambda_ordinal,qty_decoder_mode,magnitude_norm_mode,lambda_magnitude,magnitude_encoder_gradient_mode,magnitude_aux_loss_mode,lambda_log_qty,log_qty_huber_delta,log_qty_floor,magnitude_domain,magnitude_sigma_floor,magnitude_revin_eps,magnitude_shrinkage_k,magnitude_center_mode,magnitude_revin_affine,magnitude_stat_context_mode,seed,epoch,score,val_nll,val_nll_marker,val_nll_time,val_ordinal_marker_loss,qty_mae,qty_rmse,qty_wape,log_qty_mae,log_qty_rmse,val_magnitude_loss,train_log_qty_aux_loss,val_log_qty_aux_loss,dt_mae,mark_acc,mark_balanced_accuracy,mark_macro_f1,mark_mae,mark_adjacent_accuracy,mark_0_recall,mark_1_recall,train_loss
intermittent,titantpp,small_lmm,small_lmm,strict,308cec0b9c383d4eab5aac8b9015dae663b0ad73,42,shared,shared,validation_only,coupled,coupled,ce,0.0,mark_residual,global,1.0,coupled,none,0.25,1.0,1.0,,0.0014535461338152059,0.00001,8.0,mean,false,none,42,1,0.9506954656585176,1.090649017163332,0.1328336162781145,0.9578153998839204,0.004389965393051652,0.79038963263437,1.9396849909517335,0.04455056991459633,0.06920237439514733,0.16323507533184065,NaN,0.0,NaN,0.37902645442772764,0.9552761198354291,0.9271541657328406,0.9259659106136543,0.0447238801645709,1.0,0.9848392396151138,0.6913916298060565,2.020857553216974
intermittent,titantpp,small_lmm,small_lmm,strict,308cec0b9c383d4eab5aac8b9015dae663b0ad73,42,shared,shared,validation_only,coupled,coupled,ce,0.0,mark_residual,global,1.0,coupled,none,0.25,1.0,1.0,,0.0014535461338152059,0.00001,8.0,mean,false,none,42,2,0.9511970431746217,0.4795784506217805,0.12306843030360853,0.3565100217076921,0.004264189546925637,0.7243779996403428,1.934518774039268,0.04082980265063918,0.06472596749443164,0.1573268144923844,NaN,0.0,NaN,0.4432522153083451,0.9563539433273455,0.9171409677555852,0.9238631696053569,0.04364605667265457,1.0,0.9938277399671439,0.5842123171146648,0.9657746402568563
intermittent,titantpp,small_lmm,small_lmm,strict,308cec0b9c383d4eab5aac8b9015dae663b0ad73,42,shared,shared,validation_only,coupled,coupled,ce,0.0,mark_residual,global,1.0,coupled,none,0.25,1.0,1.0,,0.0014535461338152059,0.00001,8.0,mean,false,none,42,3,0.9471227911059311,0.14753224490517058,0.11988590904978602,0.027646337243782147,0.004159280262743832,0.7528169101045963,1.8750952832201953,0.042432771131779116,0.06789304250332642,0.15775523267216832,NaN,0.0,NaN,0.9486621803747459,0.9573622298197833,0.9298977886954225,0.929554617249863,0.04263777018021672,1.0,0.9871157005397794,0.6934331405239877,0.4836866014621309
intermittent,titantpp,small_lmm,small_lmm,strict,308cec0b9c383d4eab5aac8b9015dae663b0ad73,42,shared,shared,validation_only,coupled,coupled,ce,0.0,mark_residual,global,1.0,coupled,none,0.25,1.0,1.0,,0.0014535461338152059,0.00001,8.0,mean,false,none,42,4,0.9435247222349169,0.28576815784920434,0.11448568410663275,0.17128247494920557,0.004065611082569582,0.717431018133805,1.8726055895594145,0.04043823376799723,0.06432718596232133,0.16161226326482533,NaN,0.0,NaN,1.1810463076554631,0.9560526163296054,0.932539168512538,0.9285741979241335,0.04394738367039462,1.0,0.9811546585308613,0.7417488941816944,0.19899116246264684
intermittent,titantpp,small_lmm,small_lmm,strict,308cec0b9c383d4eab5aac8b9015dae663b0ad73,42,shared,shared,validation_only,coupled,coupled,ce,0.0,mark_residual,global,1.0,coupled,none,0.25,1.0,1.0,,0.0014535461338152059,0.00001,8.0,mean,false,none,42,5,0.9390536060327035,-0.6121975795234998,0.1166833559731906,-0.7288809350283362,0.004083118661414657,0.9040437530944871,2.266729800183,0.050956721552446425,0.07791194085444278,0.17379856127491236,NaN,0.0,NaN,1.5445954548674994,0.955403604334473,0.9401778782378898,0.9299072762559621,0.04459639566552703,1.0,0.9736916216850504,0.8097992514460701,-0.14460791593056624
intermittent,titantpp,small_lmm,small_lmm,strict,308cec0b9c383d4eab5aac8b9015dae663b0ad73,42,shared,shared,validation_only,coupled,coupled,ce,0.0,mark_residual,global,1.0,coupled,none,0.25,1.0,1.0,,0.0014535461338152059,0.00001,8.0,mean,false,none,42,6,0.9419629607280505,-1.0934851196305861,0.11206146849139842,-1.2055465954220599,0.003935257552403982,0.7154088206809842,1.894731213902514,0.04032425194778694,0.059255400691530055,0.15102397372518428,NaN,0.0,NaN,1.7395803250712192,0.9600741727994437,0.9274930545584805,0.9325358016188788,0.0399258272005563,1.0,0.9933583665806148,0.6566859476012249,-0.7445942638018042
intermittent,titantpp,small_lmm,small_lmm,strict,308cec0b9c383d4eab5aac8b9015dae663b0ad73,42,shared,shared,validation_only,coupled,coupled,ce,0.0,mark_residual,global,1.0,coupled,none,0.25,1.0,1.0,,0.0014535461338152059,0.00001,8.0,mean,false,none,42,7,0.9382350585894533,-1.2965630871234006,0.11127900980141393,-1.4078421022674124,0.004022535057584713,0.7712576879993295,1.9226745772219085,0.04347219160360468,0.06566332229603869,0.1620000251133843,NaN,0.0,NaN,1.7672133047459002,0.9566784493249116,0.9181181627211248,0.9244289975115875,0.04332155067508837,1.0,0.9916686223891106,0.6090506975161619,-1.0308059944016725
intermittent,titantpp,small_lmm,small_lmm,strict,308cec0b9c383d4eab5aac8b9015dae663b0ad73,42,shared,shared,validation_only,coupled,coupled,ce,0.0,mark_residual,global,1.0,coupled,none,0.25,1.0,1.0,,0.0014535461338152059,0.00001,8.0,mean,false,none,42,8,0.9416579019315122,-1.4727260850993797,0.10663193962017851,-1.5793580255233766,0.003791461955190933,0.7904958201247737,2.153698281934499,0.04455655520719122,0.06788500306254958,0.15506540928842277,NaN,0.0,NaN,1.7672133047459002,0.960120530799096,0.927901847549628,0.932555252642254,0.03987946920090398,1.0,0.9936869279511852,0.6655324940455938,-1.2203711849892869
intermittent,titantpp,small_lmm,small_lmm,strict,308cec0b9c383d4eab5aac8b9015dae663b0ad73,42,shared,shared,validation_only,coupled,coupled,ce,0.0,mark_residual,global,1.0,coupled,none,0.25,1.0,1.0,,0.0014535461338152059,0.00001,8.0,mean,false,none,42,9,0.9403099730108223,-1.624028574089231,0.10711391441303408,-1.731142488514872,0.003820859474652149,0.701326751592932,1.8016664612311122,0.03953051152212062,0.06667062175876953,0.15919911230419473,NaN,0.0,NaN,1.7672133047459002,0.9586834328098742,0.9399722721107442,0.9337991648439095,0.04131656719012575,1.0,0.9819291246186341,0.7931269139162981,-1.3867129112638639
intermittent,titantpp,small_lmm,small_lmm,strict,308cec0b9c383d4eab5aac8b9015dae663b0ad73,42,shared,shared,validation_only,coupled,coupled,ce,0.0,mark_residual,global,1.0,coupled,none,0.25,1.0,1.0,,0.0014535461338152059,0.00001,8.0,mean,false,none,42,10,0.9400941807565514,-1.7538948808890986,0.10494967563630546,-1.8588445570720764,0.0038490127155489775,0.7780450069069165,2.0508284476477447,0.043854761051684725,0.08457513583620364,0.15983676587056342,NaN,0.0,NaN,1.7672133047459002,0.9585443588109173,0.9238809999040328,0.9290810758412343,0.04145564118908269,1.0,0.9948603614175077,0.6247022796869683,-1.5294320371743142
intermittent,titantpp,small_lmm,small_lmm,strict,308cec0b9c383d4eab5aac8b9015dae663b0ad73,42,shared,shared,validation_only,coupled,coupled,ce,0.0,mark_residual,global,1.0,coupled,none,0.25,1.0,1.0,,0.0014535461338152059,0.00001,8.0,mean,false,none,42,11,0.9400965000791263,-1.862797690866416,0.10646571067158134,-1.969263403386805,0.00385326004048646,0.77572568433202,2.0179569010368708,0.04372403167687874,0.06804672189429467,0.16583346343189834,NaN,0.0,NaN,1.7672133047459002,0.9585443588109173,0.9135727539938175,0.9252109236717379,0.04145564118908269,1.0,0.9958929828678714,0.5566519224225928,-1.6515143021495506
intermittent,titantpp,small_lmm,small_lmm,strict,308cec0b9c383d4eab5aac8b9015dae663b0ad73,42,shared,shared,validation_only,coupled,coupled,ce,0.0,mark_residual,global,1.0,coupled,none,0.25,1.0,1.0,,0.0014535461338152059,0.00001,8.0,mean,false,none,42,12,0.9413123942266032,-1.9640057107253748,0.10507056300218086,-2.069076261350728,0.0037532755594368496,0.7767290277284067,2.067812813968038,0.04378058545527293,0.06310679231173831,0.1585586131152214,NaN,0.0,NaN,1.7672133047459002,0.9597612563017905,0.9252670279043306,0.931825996664906,0.04023874369820942,1.0,0.9936165219432058,0.6502211636611093,-1.7592165327893743
intermittent,titantpp,small_lmm,small_lmm,strict,308cec0b9c383d4eab5aac8b9015dae663b0ad73,42,shared,shared,validation_only,coupled,coupled,ce,0.0,mark_residual,global,1.0,coupled,none,0.25,1.0,1.0,,0.0014535461338152059,0.00001,8.0,mean,false,none,42,13,0.9424194972207346,-2.058468197320064,0.09817370028786732,-2.156641872905805,0.003628314258654066,0.7358600256001886,1.9248744652753083,0.04147699079578272,0.06505430805632709,0.15205277802846767,NaN,0.0,NaN,1.7672133047459002,0.9608274902937938,0.9332012505350215,0.9347985794316122,0.03917250970620618,1.0,0.9904013142454823,0.7128274923443348,-1.854369819513068
intermittent,titantpp,small_lmm,small_lmm,strict,308cec0b9c383d4eab5aac8b9015dae663b0ad73,42,shared,shared,validation_only,coupled,coupled,ce,0.0,mark_residual,global,1.0,coupled,none,0.25,1.0,1.0,,0.0014535461338152059,0.00001,8.0,mean,false,none,42,14,0.9424944455923926,-2.135469018746384,0.10122719098087803,-2.2366961966662307,0.0036642873871724334,0.6609116539422127,1.833891833685682,0.03725250133682444,0.057590853877116474,0.1519548185082877,NaN,0.0,NaN,1.7672133047459002,0.9608274902937938,0.9286673063306904,0.9342206976437417,0.03917250970620618,1.0,0.9925604318235156,0.6818645797890439,-1.9392109555137793
intermittent,titantpp,small_lmm,small_lmm,strict,308cec0b9c383d4eab5aac8b9015dae663b0ad73,42,shared,shared,validation_only,coupled,coupled,ce,0.0,mark_residual,global,1.0,coupled,none,0.25,1.0,1.0,,0.0014535461338152059,0.00001,8.0,mean,false,none,42,15,0.9407637773791767,-2.2034321149835003,0.10318829953167953,-2.3066204038771305,0.0037498273727795454,0.7574603794140121,2.141789523031359,0.042694501796724606,0.07177090645941686,0.1595531978843744,NaN,0.0,NaN,1.7672133047459002,0.9591933708060497,0.9411791436834513,0.9341562712161556,0.04080662919395028,1.0,0.9807556911523116,0.7958489282068731,-2.016880780070904
intermittent,titantpp,small_lmm,small_lmm,strict,308cec0b9c383d4eab5aac8b9015dae663b0ad73,42,shared,shared,validation_only,coupled,coupled,ce,0.0,mark_residual,global,1.0,coupled,none,0.25,1.0,1.0,,0.0014535461338152059,0.00001,8.0,mean,false,none,42,16,0.9411793739469523,-2.2737662759738773,0.0988634566420105,-2.3726297113609016,0.003644269076585492,0.7590858085093178,1.9952225158788734,0.042786119638813805,0.0663997077151633,0.161653133386818,NaN,0.0,NaN,1.7672133047459002,0.9596105928029206,0.9219093524272641,0.9284957754980712,0.040389407197079445,1.0,0.9955174841586482,0.5920381082000681,-2.0857356046514175
intermittent,titantpp,small_lmm,small_lmm,strict,308cec0b9c383d4eab5aac8b9015dae663b0ad73,42,shared,shared,validation_only,coupled,coupled,ce,0.0,mark_residual,global,1.0,coupled,none,0.25,1.0,1.0,,0.0014535461338152059,0.00001,8.0,mean,false,none,42,17,0.9423315986217723,-2.3327578479461573,0.09909026378319605,-2.4318481156397316,0.0036121882836601983,0.7426321251709989,2.1302249494691514,0.041858702400972204,0.06295865586053084,0.15592264410233939,NaN,0.0,NaN,1.7672133047459002,0.9607463637944023,0.928296407080725,0.933263688338484,0.03925363620559773,1.0,0.9938512086364704,0.6696155154814563,-2.150362071391045
intermittent,titantpp,small_lmm,small_lmm,strict,308cec0b9c383d4eab5aac8b9015dae663b0ad73,42,shared,shared,validation_only,coupled,coupled,ce,0.0,mark_residual,global,1.0,coupled,none,0.25,1.0,1.0,,0.0014535461338152059,0.00001,8.0,mean,false,none,42,18,0.9411719285156164,-2.3855902595827283,0.10139830194838065,-2.4869885563290866,0.00372176339191139,0.6969942403667224,1.8960615427025431,0.03928630811114508,0.060868173939552975,0.15446671278001067,NaN,0.0,NaN,1.7672133047459002,0.9595410558034421,0.92385010133586,0.9306399932255077,0.04045894419655792,1.0,0.9933348979112885,0.6522626743790405,-2.2084139540927152
intermittent,titantpp,small_lmm,small_lmm,strict,308cec0b9c383d4eab5aac8b9015dae663b0ad73,42,shared,shared,validation_only,coupled,coupled,ce,0.0,mark_residual,global,1.0,coupled,none,0.25,1.0,1.0,,0.0014535461338152059,0.00001,8.0,mean,false,none,42,19,0.9433109913317348,-2.444258398655192,0.09263181813584077,-2.53689020920264,0.003442783120034531,0.7019889081678752,1.8990701488795572,0.039567834193836464,0.06489129824952537,0.15578038307616146,NaN,0.0,NaN,1.7672133047459002,0.9616851132873616,0.9278794470297412,0.9340260204732156,0.03831488671263835,1.0,0.9949777047641398,0.6485199047294998,-2.2619004553409177
intermittent,titantpp,small_lmm,small_lmm,strict,308cec0b9c383d4eab5aac8b9015dae663b0ad73,42,shared,shared,validation_only,coupled,coupled,ce,0.0,mark_residual,global,1.0,coupled,none,0.25,1.0,1.0,,0.0014535461338152059,0.00001,8.0,mean,false,none,42,20,0.9418943189703812,-2.483991461667248,0.10037466836538984,-2.584366120378616,0.003705499990728039,0.7626897796913364,2.0498381014678344,0.04298925865213761,0.06437760834595264,0.15602548085222576,NaN,0.0,NaN,1.7672133047459002,0.9603291417975315,0.9372060235059408,0.9360549204608937,0.039670858202468566,1.0,0.9895564421497302,0.7366451173868663,-2.3123912384203105
intermittent,titantpp,small_lmm,small_lmm,strict,308cec0b9c383d4eab5aac8b9015dae663b0ad73,42,shared,shared,validation_only,coupled,coupled,ce,0.0,mark_residual,global,1.0,coupled,none,0.25,1.0,1.0,,0.0014535461338152059,0.00001,8.0,mean,false,none,42,21,0.940844936976916,-2.529268533547839,0.09867908808764787,-2.6279476172624103,0.003659951917662756,0.6994797815009369,1.8683767565244798,0.03942640644936132,0.05787256826439551,0.1568933018084174,NaN,0.0,NaN,1.7672133047459002,0.9592165498058759,0.9216668144849736,0.9291196830597338,0.040783450194124125,1.0,0.9945552687162638,0.6233412725416808,-2.3580897871322533
intermittent,titantpp,small_lmm,small_lmm,strict,308cec0b9c383d4eab5aac8b9015dae663b0ad73,42,shared,shared,validation_only,coupled,coupled,ce,0.0,mark_residual,global,1.0,coupled,none,0.25,1.0,1.0,,0.0014535461338152059,0.00001,8.0,mean,false,none,42,22,0.9411434879769178,-2.5711446572532726,0.09759571818942377,-2.668740363540203,0.0036321084139235627,0.7833822786307193,2.0849009405976586,0.04415559811642703,0.06821951128111976,0.1614432427311702,NaN,0.0,NaN,1.7672133047459002,0.9595990033030075,0.9179131847301366,0.9290716355947978,0.04040099669699253,1.0,0.9956582961746069,0.6158557332425996,-2.401774060819177
intermittent,titantpp,small_lmm,small_lmm,strict,308cec0b9c383d4eab5aac8b9015dae663b0ad73,42,shared,shared,validation_only,coupled,coupled,ce,0.0,mark_residual,global,1.0,coupled,none,0.25,1.0,1.0,,0.0014535461338152059,0.00001,8.0,mean,false,none,42,23,0.9374264736801335,-2.5945718237275686,0.112925022927496,-2.707496835558634,0.004164462615049833,0.6758616040989056,1.7952904806123204,0.03809516016251728,0.06617879967303501,0.16682056815817092,NaN,0.0,NaN,1.7672133047459002,0.9557744683316914,0.9440207666893339,0.9307325543223072,0.04422553166830851,1.0,0.971368223421732,0.8707043211976863,-2.44129477947059
intermittent,titantpp,small_lmm,small_lmm,strict,308cec0b9c383d4eab5aac8b9015dae663b0ad73,42,shared,shared,validation_only,coupled,coupled,ce,0.0,mark_residual,global,1.0,coupled,none,0.25,1.0,1.0,,0.0014535461338152059,0.00001,8.0,mean,false,none,42,24,0.9428561408476475,-2.6483791562865284,0.09453286388581879,-2.7429119935295168,0.0035350730802817983,0.7396173953844221,2.03484702116654,0.041688776171445556,0.06410255757075593,0.15631613238208372,NaN,0.0,NaN,1.7672133047459002,0.9612678912904908,0.9328441769872305,0.9354839424477555,0.03873210870950918,1.0,0.9918094344050692,0.7138482477033005,-2.480050771537156
intermittent,titantpp,small_lmm,small_lmm,strict,308cec0b9c383d4eab5aac8b9015dae663b0ad73,42,shared,shared,validation_only,coupled,coupled,ce,0.0,mark_residual,global,1.0,coupled,none,0.25,1.0,1.0,,0.0014535461338152059,0.00001,8.0,mean,false,none,42,25,0.9398958316667944,-2.673326052459966,0.10347577378399031,-2.7768018173993223,0.00381718715050262,0.6866565988370108,1.867663697939657,0.038703623568350096,0.0606483947928869,0.15858598319503026,NaN,0.0,NaN,1.7672133047459002,0.9582546213130904,0.9413880763138237,0.933381109440464,0.04174537868690966,1.0,0.9785731049049519,0.8247703300442327,-2.5148140968674957
intermittent,titantpp,small_lmm,small_lmm,strict,308cec0b9c383d4eab5aac8b9015dae663b0ad73,42,shared,shared,validation_only,coupled,coupled,ce,0.0,mark_residual,global,1.0,coupled,none,0.25,1.0,1.0,,0.0014535461338152059,0.00001,8.0,mean,false,none,42,26,0.9421299588523017,-2.7116515391103815,0.09712187013205513,-2.8087733995391533,0.003588442305795568,0.7588398960323746,2.0333262014274216,0.042772258701695466,0.06529147977133218,0.1610790131336876,NaN,0.0,NaN,1.7672133047459002,0.960560931795793,0.9432277569710172,0.9362962904491867,0.039439068204206985,1.0,0.9810373151842291,0.8087784960871045,-2.548485311792173
intermittent,titantpp,small_lmm,small_lmm,strict,308cec0b9c383d4eab5aac8b9015dae663b0ad73,42,shared,shared,validation_only,coupled,coupled,ce,0.0,mark_residual,global,1.0,coupled,none,0.25,1.0,1.0,,0.0014535461338152059,0.00001,8.0,mean,false,none,42,27,0.9434819198824871,-2.745261563037316,0.09297186619728266,-2.838233423595005,0.003420635722965441,0.7049028561117614,1.9915801841582608,0.03973207982186794,0.0593060123648961,0.15534531852345235,NaN,0.0,NaN,1.7672133047459002,0.9618589557860578,0.937892332906753,0.9371245609909676,0.03814104421394217,1.0,0.9883360713447548,0.7499149370534195,-2.5795625243602402
intermittent,titantpp,small_lmm,small_lmm,strict,308cec0b9c383d4eab5aac8b9015dae663b0ad73,42,shared,shared,validation_only,coupled,coupled,ce,0.0,mark_residual,global,1.0,coupled,none,0.25,1.0,1.0,,0.0014535461338152059,0.00001,8.0,mean,false,none,42,28,0.9407442333079354,-2.759356880000094,0.10537968590659587,-2.864736560167882,0.0038344315502839765,0.8001834504814477,2.119862208326344,0.04510260165781746,0.06282204221434338,0.1644464732892264,NaN,0.0,NaN,1.7672133047459002,0.9592165498058759,0.9436317835829912,0.9351546036162959,0.040783450194124125,1.0,0.980356723773762,0.8118407621640014,-2.6091900906575205
intermittent,titantpp,small_lmm,small_lmm,strict,308cec0b9c383d4eab5aac8b9015dae663b0ad73,42,shared,shared,validation_only,coupled,coupled,ce,0.0,mark_residual,global,1.0,coupled,none,0.25,1.0,1.0,,0.0014535461338152059,0.00001,8.0,mean,false,none,42,29,0.9435338534009134,-2.795446049197908,0.09721694281441855,-2.892662986352614,0.0035061946086719408,0.734095837076977,1.9956725438877139,0.04137755173319797,0.06428084016198554,0.1574914266163109,NaN,0.0,NaN,1.7672133047459002,0.9619400822854494,0.9351633437082838,0.9363850228074853,0.03805991771455062,1.0,0.9889462567472425,0.748553929908132,-2.6370413289423573
intermittent,titantpp,small_lmm,small_lmm,strict,308cec0b9c383d4eab5aac8b9015dae663b0ad73,42,shared,shared,validation_only,coupled,coupled,ce,0.0,mark_residual,global,1.0,coupled,none,0.25,1.0,1.0,,0.0014535461338152059,0.00001,8.0,mean,false,none,42,30,0.9422729931433632,-2.824879541157806,0.0933371428556353,-2.918216666682347,0.003479296950992281,0.7664691038408582,2.1177205770022627,0.04320228149277383,0.06140130208763648,0.15772409797643372,NaN,0.0,NaN,1.7672133047459002,0.960711595294663,0.9282983404597827,0.9330017277314708,0.03928840470533696,1.0,0.9931236798873504,0.6747192922762845,-2.6642321986866864
intermittent,titantpp,small_lmm,small_lmm,strict,308cec0b9c383d4eab5aac8b9015dae663b0ad73,42,shared,shared,validation_only,coupled,coupled,ce,0.0,mark_residual,global,1.0,coupled,none,0.25,1.0,1.0,,0.0014535461338152059,0.00001,8.0,mean,false,none,42,31,0.9424310805580531,-2.8464573851050057,0.09656525623540534,-2.943022623950211,0.0035655314570378982,0.6547396888032174,1.8705726975323516,0.03690461650498675,0.058978189471257464,0.1533615863306111,NaN,0.0,NaN,1.7672133047459002,0.9607579532943153,0.9383961200028441,0.9356733873856751,0.03924204670568465,1.0,0.9856137057028866,0.7611432460020415,-2.6892118905083566
intermittent,titantpp,small_lmm,small_lmm,strict,308cec0b9c383d4eab5aac8b9015dae663b0ad73,42,shared,shared,validation_only,coupled,coupled,ce,0.0,mark_residual,global,1.0,coupled,none,0.25,1.0,1.0,,0.0014535461338152059,0.00001,8.0,mean,false,none,42,32,0.9433542259228025,-2.872487317954167,0.09284199973389255,-2.965329311689386,0.00347944932399691,0.6935228168394486,1.9183964426979083,0.03909064018969281,0.0649093646995437,0.1537214430978338,NaN,0.0,NaN,1.7672133047459002,0.9617198817871009,0.9365892460515828,0.9365503761021281,0.03828011821289912,1.0,0.9892044121098333,0.7434501531133039,-2.7139673635305446
intermittent,titantpp,small_lmm,small_lmm,strict,308cec0b9c383d4eab5aac8b9015dae663b0ad73,42,shared,shared,validation_only,coupled,coupled,ce,0.0,mark_residual,global,1.0,coupled,none,0.25,1.0,1.0,,0.0014535461338152059,0.00001,8.0,mean,false,none,42,33,0.943465135441168,-2.8924947022991065,0.09469070240558178,-2.987185390552212,0.0034638811089868675,0.7796347969962816,2.22922921128812,0.043944370089558524,0.06837197767870999,0.15747105653883434,NaN,0.0,NaN,1.7672133047459002,0.9619169032856232,0.9345940975482403,0.9358296102669258,0.03808309671437678,1.0,0.9899084721896269,0.7145287512759442,-2.7357083719480486
intermittent,titantpp,small_lmm,small_lmm,strict,308cec0b9c383d4eab5aac8b9015dae663b0ad73,42,shared,shared,validation_only,coupled,coupled,ce,0.0,mark_residual,global,1.0,coupled,none,0.25,1.0,1.0,,0.0014535461338152059,0.00001,8.0,mean,false,none,42,34,0.9436173936665291,-2.9147601695562795,0.09337162534953089,-3.0081317769643183,0.0034238595194029343,0.7085030710268194,2.0353892809800667,0.039935007111977096,0.0571142448779087,0.1508743863871355,NaN,0.0,NaN,1.7672133047459002,0.9619980297850148,0.9336118657214393,0.9361827737771653,0.03800197021498522,1.0,0.9913635296878667,0.6971759101735284,-2.756795811792654
intermittent,titantpp,small_lmm,small_lmm,strict,308cec0b9c383d4eab5aac8b9015dae663b0ad73,42,shared,shared,validation_only,coupled,coupled,ce,0.0,mark_residual,global,1.0,coupled,none,0.25,1.0,1.0,,0.0014535461338152059,0.00001,8.0,mean,false,none,42,35,0.9404170427534584,-2.9272261037813827,0.10028603731952973,-3.027512122695427,0.0037454378122585494,0.7333310079138007,1.959783391704056,0.041334441887496624,0.05899510264514102,0.15731419196413027,NaN,0.0,NaN,1.7672133047459002,0.9588225068088312,0.9432880480414636,0.9341998066352262,0.0411774931911688,1.0,0.9798873503872331,0.8244300782579108,-2.77863734417991
intermittent,titantpp,small_lmm,small_lmm,strict,308cec0b9c383d4eab5aac8b9015dae663b0ad73,42,shared,shared,validation_only,coupled,coupled,ce,0.0,mark_residual,global,1.0,coupled,none,0.25,1.0,1.0,,0.0014535461338152059,0.00001,8.0,mean,false,none,42,36,0.9430656094877415,-2.949789516114965,0.09623899303116334,-3.0460284922610237,0.003568195252824418,0.6460437544211318,1.847195484113347,0.036414467322019084,0.05391959744353017,0.14899503205038628,NaN,0.0,NaN,1.7672133047459002,0.9613837862896216,0.9376543485549524,0.9369449874863501,0.0386162137103784,1.0,0.9878666979582258,0.7662470227968697,-2.7971618087921093
intermittent,titantpp,small_lmm,small_lmm,strict,308cec0b9c383d4eab5aac8b9015dae663b0ad73,42,shared,shared,validation_only,coupled,coupled,ce,0.0,mark_residual,global,1.0,coupled,none,0.25,1.0,1.0,,0.0014535461338152059,0.00001,8.0,mean,false,none,42,37,0.9429292623094095,-2.9695242842924983,0.09412251615139869,-3.063646806180978,0.0034894663592870997,0.7012644333614773,1.9695814943918224,0.0395269989346413,0.06025747488166308,0.15512258449435945,NaN,0.0,NaN,1.7672133047459002,0.96130265979023,0.9325405528330302,0.9355723917128075,0.03869734020976995,1.0,0.9896033794883831,0.74276964954066,-2.8147960361020616
intermittent,titantpp,small_lmm,small_lmm,strict,308cec0b9c383d4eab5aac8b9015dae663b0ad73,42,shared,shared,validation_only,coupled,coupled,ce,0.0,mark_residual,global,1.0,coupled,none,0.25,1.0,1.0,,0.0014535461338152059,0.00001,8.0,mean,false,none,42,38,0.94233199979762,-2.985466674886035,0.09535752051707601,-3.0808241907011324,0.0035049992186426105,0.7190519494972244,1.9913924435623005,0.040529598093958966,0.061001980501592605,0.1557627298415529,NaN,0.0,NaN,1.7672133047459002,0.9607231847945761,0.9322941136507867,0.9344732914446554,0.039276815205423886,1.0,0.9893452241257921,0.7393671316774413,-2.833454721770764
intermittent,titantpp,small_lmm,small_lmm,strict,308cec0b9c383d4eab5aac8b9015dae663b0ad73,42,shared,shared,validation_only,coupled,coupled,ce,0.0,mark_residual,global,1.0,coupled,none,0.25,1.0,1.0,,0.0014535461338152059,0.00001,8.0,mean,false,none,42,39,0.9433521411058601,-3.0021738608866997,0.09507678459891336,-3.097250630456699,0.003493523372687083,0.7187866336080658,2.0379461197056252,0.040514643477170764,0.058247989341862726,0.15093184222509384,NaN,0.0,NaN,1.7672133047459002,0.9617430607869271,0.9346548198030844,0.9358118930848836,0.03825693921307296,1.0,0.9898380661816475,0.7281388227288194,-2.8501910190588475
intermittent,titantpp,small_lmm,small_lmm,strict,308cec0b9c383d4eab5aac8b9015dae663b0ad73,42,shared,shared,validation_only,coupled,coupled,ce,0.0,mark_residual,global,1.0,coupled,none,0.25,1.0,1.0,,0.0014535461338152059,0.00001,8.0,mean,false,none,42,40,0.9425007685470493,-3.0178399564300165,0.09503299129262593,-3.1128729196939613,0.0035032758023924066,0.7241256987640298,2.0393652263618347,0.04081558162930286,0.06466117032041084,0.15732695925385204,NaN,0.0,NaN,1.7672133047459002,0.9608970272932723,0.9408553345840827,0.9358411352197247,0.039102972706727704,1.0,0.9842994602206054,0.7812181013950323,-2.8675048600092667
intermittent,titantpp,small_lmm,small_lmm,strict,308cec0b9c383d4eab5aac8b9015dae663b0ad73,42,shared,shared,validation_only,coupled,coupled,ce,0.0,mark_residual,global,1.0,coupled,none,0.25,1.0,1.0,,0.0014535461338152059,0.00001,8.0,mean,false,none,42,41,0.9439745048039399,-3.0305694647277983,0.09760017508632575,-3.1281696303001167,0.0035156075469624606,0.6758979311822194,1.8818991791233701,0.03809720775043866,0.06081738074643591,0.15161626290982744,NaN,0.0,NaN,1.7672133047459002,0.962322535782581,0.9401890673081892,0.9386194078897954,0.03767746421741902,1.0,0.9873503872330439,0.765226267437904,-2.8825583989660513
intermittent,titantpp,small_lmm,small_lmm,strict,308cec0b9c383d4eab5aac8b9015dae663b0ad73,42,shared,shared,validation_only,coupled,coupled,ce,0.0,mark_residual,global,1.0,coupled,none,0.25,1.0,1.0,,0.0014535461338152059,0.00001,8.0,mean,false,none,42,42,0.9430782377844098,-3.0477206006735096,0.09462141684025134,-3.1423420063581817,0.0034988266874434993,0.6681839574921716,1.8948761641445675,0.037662407102747465,0.05450590247315438,0.1520869048560951,NaN,0.0,NaN,1.7672133047459002,0.9614185547893609,0.9406620089256753,0.9371929426495649,0.03858144521063916,1.0,0.9862942971133537,0.7740728138822729,-2.89725772457098
intermittent,titantpp,small_lmm,small_lmm,strict,308cec0b9c383d4eab5aac8b9015dae663b0ad73,42,shared,shared,validation_only,coupled,coupled,ce,0.0,mark_residual,global,1.0,coupled,none,0.25,1.0,1.0,,0.0014535461338152059,0.00001,8.0,mean,false,none,42,43,0.9428823974428168,-3.05960121294048,0.0963928928418833,-3.155994102494385,0.003547389103016134,0.6670028005627496,1.8723441246134767,0.03759583080646061,0.06937295174608366,0.1552284652731813,NaN,0.0,NaN,1.7672133047459002,0.9612215332908385,0.9315705151886525,0.9348897017098022,0.0387784667091615,1.0,0.9921145271063131,0.6784620619258251,-2.9118777520479866
intermittent,titantpp,small_lmm,small_lmm,strict,308cec0b9c383d4eab5aac8b9015dae663b0ad73,42,shared,shared,validation_only,coupled,coupled,ce,0.0,mark_residual,global,1.0,coupled,none,0.25,1.0,1.0,,0.0014535461338152059,0.00001,8.0,mean,false,none,42,44,0.9423731924904853,-3.0727304134887263,0.09627229418328603,-3.169002696537589,0.0035422566301212947,0.6546802568057117,1.8585387784206966,0.03690126660102708,0.058880235948920175,0.15164474639867992,NaN,0.0,NaN,1.7672133047459002,0.96070000579475,0.937196608591156,0.9359631462736583,0.039299994205250044,1.0,0.9863881717906595,0.7798570942497448,-2.9254567933175593
intermittent,titantpp,small_lmm,small_lmm,strict,308cec0b9c383d4eab5aac8b9015dae663b0ad73,42,shared,shared,validation_only,coupled,coupled,ce,0.0,mark_residual,global,1.0,coupled,none,0.25,1.0,1.0,,0.0014535461338152059,0.00001,8.0,mean,false,none,42,45,0.9432366087951466,-3.0886778208612187,0.0929685032153303,-3.181646320718585,0.003469165102631578,0.6952449453645891,1.8989840560047129,0.03918770852674258,0.05983872584674369,0.15215229104067893,NaN,0.0,NaN,1.7672133047459002,0.9616039867879701,0.9375318357714346,0.9370273417074563,0.0383960132120299,1.0,0.9884299460220606,0.7461721674038788,-2.9395661836947826
intermittent,titantpp,small_lmm,small_lmm,strict,308cec0b9c383d4eab5aac8b9015dae663b0ad73,42,shared,shared,validation_only,coupled,coupled,ce,0.0,mark_residual,global,1.0,coupled,none,0.25,1.0,1.0,,0.0014535461338152059,0.00001,8.0,mean,false,none,42,46,0.943010119287849,-3.0971969875502148,0.0968645260281964,-3.194061489738539,0.003568339744396854,0.7478919539659112,2.057447445872703,0.04215517436972201,0.06434901101209131,0.1548096535020535,NaN,0.0,NaN,1.7672133047459002,0.9614301442892739,0.9399017239684831,0.937362631926015,0.03856985571072608,1.0,0.9866932644919033,0.7655665192242259,-2.9510353100625375
intermittent,titantpp,small_lmm,small_lmm,strict,308cec0b9c383d4eab5aac8b9015dae663b0ad73,42,shared,shared,validation_only,coupled,coupled,ce,0.0,mark_residual,global,1.0,coupled,none,0.25,1.0,1.0,,0.0014535461338152059,0.00001,8.0,mean,false,none,42,47,0.9440305396827118,-3.111742629956251,0.09366807816606802,-3.2054106713722885,0.0034412449754613224,0.7009895518017152,1.940555875405228,0.03951150514570382,0.06563009922588839,0.15212003800867183,NaN,0.0,NaN,1.7672133047459002,0.9624036622819725,0.9388516600739649,0.9370470737898958,0.037596337718027464,1.0,0.9885238206993664,0.751275944198707,-2.9632660952749115
intermittent,titantpp,small_lmm,small_lmm,strict,308cec0b9c383d4eab5aac8b9015dae663b0ad73,42,shared,shared,validation_only,coupled,coupled,ce,0.0,mark_residual,global,1.0,coupled,none,0.25,1.0,1.0,,0.0014535461338152059,0.00001,8.0,mean,false,none,42,48,0.9417199524418728,-3.1156784829531357,0.1003643997724217,-3.216042863313421,0.0036607733536548528,0.7168558098511796,1.9960584463328332,0.04040581196518949,0.06096612880063746,0.15742545355266294,NaN,0.0,NaN,1.7672133047459002,0.9601089412991829,0.9410569406383842,0.935501926339821,0.03989105870081706,1.0,0.9832668387702417,0.7893841442667574,-2.975714361326592
intermittent,titantpp,small_lmm,small_lmm,strict,308cec0b9c383d4eab5aac8b9015dae663b0ad73,42,shared,shared,validation_only,coupled,coupled,ce,0.0,mark_residual,global,1.0,coupled,none,0.25,1.0,1.0,,0.0014535461338152059,0.00001,8.0,mean,false,none,42,49,0.94064714559283,-3.127577294710372,0.1003527635137148,-3.2279300350382187,0.003707538130467891,0.653891667412283,1.8606441683347872,0.036856817502183566,0.06223406734213448,0.15827642086625412,NaN,0.0,NaN,1.7672133047459002,0.9589731703077012,0.942631607861752,0.9347465952261894,0.041026829692298775,1.0,0.9789251349448487,0.8274923443348078,-2.986709030691452
intermittent,titantpp,small_lmm,small_lmm,strict,308cec0b9c383d4eab5aac8b9015dae663b0ad73,42,shared,shared,validation_only,coupled,coupled,ce,0.0,mark_residual,global,1.0,coupled,none,0.25,1.0,1.0,,0.0014535461338152059,0.00001,8.0,mean,false,none,42,50,0.9436635443287528,-3.146104702869669,0.09193130446770739,-3.2380359908510292,0.0034200495363159067,0.6971209085422146,2.0413905698844017,0.03929344780424734,0.05548001933209747,0.15211079584743095,NaN,0.0,NaN,1.7672133047459002,0.962032798284754,0.9366444735686082,0.9366640172029288,0.037967201715245986,1.0,0.9885003520300399,0.7495746852670977,-2.9976949474746446
intermittent,titantpp,small_lmm,small_lmm,strict,308cec0b9c383d4eab5aac8b9015dae663b0ad73,42,shared,shared,validation_only,coupled,coupled,ce,0.0,mark_residual,global,1.0,coupled,none,0.25,1.0,1.0,,0.0014535461338152059,0.00001,8.0,mean,false,none,42,51,0.9434827844834173,-3.1548940580427396,0.09302605426294827,-3.2479200949500058,0.003436332929441237,0.7388067549209077,2.053775406796475,0.04164308415683116,0.058297688915298886,0.1556701489049642,NaN,0.0,NaN,1.7672133047459002,0.9618937242857971,0.9358312541129428,0.9354672289343529,0.038106275714202935,1.0,0.9894390988030979,0.7322218441646818,-3.00737798841784
intermittent,titantpp,small_lmm,small_lmm,strict,308cec0b9c383d4eab5aac8b9015dae663b0ad73,42,shared,shared,validation_only,coupled,coupled,ce,0.0,mark_residual,global,1.0,coupled,none,0.25,1.0,1.0,,0.0014535461338152059,0.00001,8.0,mean,false,none,42,52,0.9426453957704624,-3.1607872658728615,0.09684325243329825,-3.2576305098720697,0.00353686500226197,0.7069829743948943,2.012164505713625,0.039849326368605234,0.06825101479888826,0.15818570640196492,NaN,0.0,NaN,1.7672133047459002,0.9610245117923162,0.9395020026203041,0.9365716108789223,0.03897548820768384,1.0,0.9846749589298287,0.7798570942497448,-3.0170687312267535
intermittent,titantpp,small_lmm,small_lmm,strict,308cec0b9c383d4eab5aac8b9015dae663b0ad73,42,shared,shared,validation_only,coupled,coupled,ce,0.0,mark_residual,global,1.0,coupled,none,0.25,1.0,1.0,,0.0014535461338152059,0.00001,8.0,mean,false,none,42,53,0.9442212291985583,-3.1748340603373673,0.09195800019230504,-3.266792036344881,0.003372071094076493,0.7305005343037588,2.037786960120298,0.04117490131756872,0.0700241215115607,0.1542757382941821,NaN,0.0,NaN,1.7672133047459002,0.9626238627803211,0.9371160190321043,0.9372516806217452,0.03737613721967897,1.0,0.9919267777517015,0.6988771691051378,-3.026839633989396
intermittent,titantpp,small_lmm,small_lmm,strict,308cec0b9c383d4eab5aac8b9015dae663b0ad73,42,shared,shared,validation_only,coupled,coupled,ce,0.0,mark_residual,global,1.0,coupled,none,0.25,1.0,1.0,,0.0014535461338152059,0.00001,8.0,mean,false,none,42,54,0.9417290157542096,-3.1757783020482857,0.09952573279922555,-3.275304021446828,0.003678288338196003,0.7193819974273825,1.9442568780063452,0.04054820135339022,0.06315045720104989,0.1569658350202698,NaN,0.0,NaN,1.7672133047459002,0.960120530799096,0.9395776703505945,0.9353706838141042,0.03987946920090398,1.0,0.9874911992490025,0.759782238856754,-3.0362154923582882
intermittent,titantpp,small_lmm,small_lmm,strict,308cec0b9c383d4eab5aac8b9015dae663b0ad73,42,shared,shared,validation_only,coupled,coupled,ce,0.0,mark_residual,global,1.0,coupled,none,0.25,1.0,1.0,,0.0014535461338152059,0.00001,8.0,mean,false,none,42,55,0.9438777628195067,-3.189006598559303,0.09489349272668132,-3.2839000687535904,0.0034920036342642063,0.7031029161368253,1.8577982077277426,0.039630625617024434,0.07759347930736224,0.15247745578393518,NaN,0.0,NaN,1.7672133047459002,0.9622529987831026,0.938459764911967,0.9380455254736917,0.03774700121689749,1.0,0.9886881013846515,0.7495746852670977,-3.0450445604262333
intermittent,titantpp,small_lmm,small_lmm,strict,308cec0b9c383d4eab5aac8b9015dae663b0ad73,42,shared,shared,validation_only,coupled,coupled,ce,0.0,mark_residual,global,1.0,coupled,none,0.25,1.0,1.0,,0.0014535461338152059,0.00001,8.0,mean,false,none,42,56,0.9420922065249868,-3.1962638263002763,0.09596989356495556,-3.292233703616818,0.003543580772658118,0.7154657239556664,1.9815984956867023,0.040327459319458366,0.058610118812195855,0.15779910491476073,NaN,0.0,NaN,1.7672133047459002,0.9604798052964014,0.9265062758718394,0.9308396251067267,0.03952019470359854,1.0,0.9934287725885942,0.6362708404219122,-3.0534987090002885
intermittent,titantpp,small_lmm,small_lmm,strict,308cec0b9c383d4eab5aac8b9015dae663b0ad73,42,shared,shared,validation_only,coupled,coupled,ce,0.0,mark_residual,global,1.0,coupled,none,0.25,1.0,1.0,,0.0014535461338152059,0.00001,8.0,mean,false,none,42,57,0.9434102945083207,-3.2047162156934816,0.09559670591639148,-3.300312902748208,0.003522613351162685,0.6838122309735982,1.9392730229118649,0.03854329984429081,0.05567166244071142,0.15281049635669322,NaN,0.0,NaN,1.7672133047459002,0.9617662397867532,0.936505705513168,0.9359835306714734,0.0382337602132468,1.0,0.9883360713447548,0.7407281388227288,-3.0618257836495637
intermittent,titantpp,small_lmm,small_lmm,strict,308cec0b9c383d4eab5aac8b9015dae663b0ad73,42,shared,shared,validation_only,coupled,coupled,ce,0.0,mark_residual,global,1.0,coupled,none,0.25,1.0,1.0,,0.0014535461338152059,0.00001,8.0,mean,false,none,42,58,0.9431207326386808,-3.2106692258719116,0.09765565777276813,-3.3083248702773917,0.003537841529574232,0.6488681030472384,1.850175469971673,0.03657366265522605,0.05598060132150627,0.1518827424181085,NaN,0.0,NaN,1.7672133047459002,0.961441733789187,0.9417302988754965,0.9373367782005599,0.03855826621081301,1.0,0.9840413048580146,0.7873426335488262,-3.070733186637472
intermittent,titantpp,small_lmm,small_lmm,strict,308cec0b9c383d4eab5aac8b9015dae663b0ad73,42,shared,shared,validation_only,coupled,coupled,ce,0.0,mark_residual,global,1.0,coupled,none,0.25,1.0,1.0,,0.0014535461338152059,0.00001,8.0,mean,false,none,42,59,0.9433142701229533,-3.2173743868313487,0.09782565233695442,-3.3152000256151717,0.003506224779380131,0.7102996168624569,1.9724736675124102,0.040036270005049945,0.07290577819409967,0.1551303689575492,NaN,0.0,NaN,1.7672133047459002,0.9616967027872747,0.9402572986432018,0.9375781518563068,0.03830329721272527,1.0,0.9870687632011265,0.7648860156515822,-3.0771133932242622
intermittent,titantpp,small_lmm,small_lmm,strict,308cec0b9c383d4eab5aac8b9015dae663b0ad73,42,shared,shared,validation_only,coupled,coupled,ce,0.0,mark_residual,global,1.0,coupled,none,0.25,1.0,1.0,,0.0014535461338152059,0.00001,8.0,mean,false,none,42,60,0.9420196747766612,-3.2209639112069444,0.10177811715248258,-3.3227420213359693,0.0036369316358641057,0.7184604728029164,1.9780204125787295,0.040496259316810786,0.06128576034783088,0.16247899974509206,NaN,0.0,NaN,1.7672133047459002,0.960410268296923,0.9477747879694051,0.9366218475256977,0.03958973170307701,1.0,0.979206758976766,0.8200068050357264,-3.0853978423365382
intermittent,titantpp,small_lmm,small_lmm,strict,308cec0b9c383d4eab5aac8b9015dae663b0ad73,42,shared,shared,validation_only,coupled,coupled,ce,0.0,mark_residual,global,1.0,coupled,none,0.25,1.0,1.0,,0.0014535461338152059,0.00001,8.0,mean,false,none,42,61,0.9434130986790196,-3.2353845577192466,0.09420909335817447,-3.32959362732312,0.003449374477044263,0.72736605992701,2.0098063924820804,0.04099822564508877,0.05874494999524526,0.15718060974199324,NaN,0.0,NaN,1.7672133047459002,0.9618125977864055,0.9305124986656763,0.9347149891830792,0.038187402213594485,1.0,0.9920441210983337,0.6747192922762845,-3.0918561704602134
intermittent,titantpp,small_lmm,small_lmm,strict,308cec0b9c383d4eab5aac8b9015dae663b0ad73,42,shared,shared,validation_only,coupled,coupled,ce,0.0,mark_residual,global,1.0,coupled,none,0.25,1.0,1.0,,0.0014535461338152059,0.00001,8.0,mean,false,none,42,62,0.9443948885143926,-3.242899614121786,0.09351080484213797,-3.3364104177264204,0.003408802067071376,0.7190942172525573,2.0575152123458365,0.040531980529799894,0.06057130817245993,0.151962653420963,NaN,0.0,NaN,1.7672133047459002,0.9627861157791041,0.9409776931483825,0.9386095266267144,0.03721388422089587,1.0,0.988453414691387,0.7468526709765226,-3.0996072123357625
intermittent,titantpp,small_lmm,small_lmm,strict,308cec0b9c383d4eab5aac8b9015dae663b0ad73,42,shared,shared,validation_only,coupled,coupled,ce,0.0,mark_residual,global,1.0,coupled,none,0.25,1.0,1.0,,0.0014535461338152059,0.00001,8.0,mean,false,none,42,63,0.9415391593330158,-3.247601832526718,0.09519787155760531,-3.3427996813881373,0.003533556887895361,0.770164419664267,2.158813626711757,0.04341056917665777,0.062469082941923035,0.16023909858864105,NaN,0.0,NaN,1.7672133047459002,0.959981456800139,0.9288540997169323,0.9319726409839506,0.04001854319986092,1.0,0.9919267777517015,0.664511738686628,-3.1058170606318005
intermittent,titantpp,small_lmm,small_lmm,strict,308cec0b9c383d4eab5aac8b9015dae663b0ad73,42,shared,shared,validation_only,coupled,coupled,ce,0.0,mark_residual,global,1.0,coupled,none,0.25,1.0,1.0,,0.0014535461338152059,0.00001,8.0,mean,false,none,42,64,0.9421962192218384,-3.252448418820561,0.09665905451961715,-3.3491074552733298,0.003565293551747463,0.7157585263217718,1.976449830105722,0.040343963220501274,0.06249568926443222,0.15832032543822924,NaN,0.0,NaN,1.7672133047459002,0.9605841107956191,0.9429115006092741,0.9366321613649355,0.039415889204380834,1.0,0.9817413752640225,0.8002722014290575,-3.1133128621643325
intermittent,titantpp,small_lmm,small_lmm,strict,308cec0b9c383d4eab5aac8b9015dae663b0ad73,42,shared,shared,validation_only,coupled,coupled,ce,0.0,mark_residual,global,1.0,coupled,none,0.25,1.0,1.0,,0.0014535461338152059,0.00001,8.0,mean,false,none,42,65,0.9427972288518072,-3.256586142272118,0.09798023423336814,-3.3545663685402687,0.003563979494902831,0.7521713915723371,2.090036657196712,0.042396386268775885,0.06314626083511075,0.1618709647400856,NaN,0.0,NaN,1.7672133047459002,0.9612215332908385,0.9440104639981983,0.9372213003557113,0.0387784667091615,1.0,0.9841821168739733,0.7917659067710106,-3.1186679280005754
intermittent,titantpp,small_lmm,small_lmm,strict,308cec0b9c383d4eab5aac8b9015dae663b0ad73,42,shared,shared,validation_only,coupled,coupled,ce,0.0,mark_residual,global,1.0,coupled,none,0.25,1.0,1.0,,0.0014535461338152059,0.00001,8.0,mean,false,none,42,66,0.9429131872330314,-3.2673543142776413,0.09303796553175091,-3.3603922616525685,0.003454980988897813,0.7752870093051256,2.180178116267448,0.04369930561564447,0.07101437810219308,0.1611739630325659,NaN,0.0,NaN,1.7672133047459002,0.9613606072897954,0.9302187903123288,0.9344773666717803,0.038639392710204556,1.0,0.9938277399671439,0.664511738686628,-3.1245470726753553
intermittent,titantpp,small_lmm,small_lmm,strict,308cec0b9c383d4eab5aac8b9015dae663b0ad73,42,shared,shared,validation_only,coupled,coupled,ce,0.0,mark_residual,global,1.0,coupled,none,0.25,1.0,1.0,,0.0014535461338152059,0.00001,8.0,mean,false,none,42,67,0.9426312072066227,-3.2719944195433204,0.09412858063478027,-3.3661229807538753,0.0035076530363943176,0.6979925384083249,1.9493037657390908,0.03934257750646822,0.056940191094787054,0.15785410314432843,NaN,0.0,NaN,1.7672133047459002,0.96100133279249,0.9404165845331802,0.9363948638702654,0.038998667207509996,1.0,0.9844168035672377,0.7870023817625043,-3.1298598840890843
intermittent,titantpp,small_lmm,small_lmm,strict,308cec0b9c383d4eab5aac8b9015dae663b0ad73,42,shared,shared,validation_only,coupled,coupled,ce,0.0,mark_residual,global,1.0,coupled,none,0.25,1.0,1.0,,0.0014535461338152059,0.00001,8.0,mean,false,none,42,68,0.9412577981451044,-3.2752953837891474,0.09584574066473803,-3.3711411143175427,0.003570621923561316,0.73860910992264,2.0652043227421157,0.04163194383192046,0.06296166221699115,0.15886212766175906,NaN,0.0,NaN,1.7672133047459002,0.9596685403024859,0.9432552633598329,0.9359272334673742,0.040331459697514054,1.0,0.9813424078854729,0.8118407621640014,-3.135297554057038
intermittent,titantpp,small_lmm,small_lmm,strict,308cec0b9c383d4eab5aac8b9015dae663b0ad73,42,shared,shared,validation_only,coupled,coupled,ce,0.0,mark_residual,global,1.0,coupled,none,0.25,1.0,1.0,,0.0014535461338152059,0.00001,8.0,mean,false,none,42,69,0.9427333467409109,-3.279057350563217,0.09753724569195205,-3.3765945844843137,0.0035920749781013527,0.6653900035985922,1.906146174372965,0.037504924978571316,0.06246871934702742,0.15115872680725406,NaN,0.0,NaN,1.7672133047459002,0.9610708697919684,0.9379404692227555,0.9363030131653249,0.03892913020803152,1.0,0.9855667683642337,0.7798570942497448,-3.1414504052758683
intermittent,titantpp,small_lmm,small_lmm,strict,308cec0b9c383d4eab5aac8b9015dae663b0ad73,42,shared,shared,validation_only,coupled,coupled,ce,0.0,mark_residual,global,1.0,coupled,none,0.25,1.0,1.0,,0.0014535461338152059,0.00001,8.0,mean,false,none,42,70,0.9442961912968403,-3.289178298266702,0.09231255312878249,-3.3814908404045507,0.003383307147786921,0.8062019348918213,2.2260083734195457,0.045441835498234356,0.06973493648665442,0.1549973327219161,NaN,0.0,NaN,1.7672133047459002,0.962774526279191,0.9380748336823588,0.937651649546345,0.03722547372080895,1.0,0.9894156301337714,0.7414086423953726,-3.145870323221457
intermittent,titantpp,small_lmm,small_lmm,strict,308cec0b9c383d4eab5aac8b9015dae663b0ad73,42,shared,shared,validation_only,coupled,coupled,ce,0.0,mark_residual,global,1.0,coupled,none,0.25,1.0,1.0,,0.0014535461338152059,0.00001,8.0,mean,false,none,42,71,0.9432327279236555,-3.292677852685657,0.09382216748703519,-3.3865000007533457,0.0034735304474751497,0.710715316768703,2.006899002026699,0.040059701066101426,0.05694042872448623,0.15535220360245647,NaN,0.0,NaN,1.7672133047459002,0.9616155762878832,0.9402522886425475,0.9371405580238482,0.038384423712116825,1.0,0.9852616756629899,0.7713507995916978,-3.1513842326456922
intermittent,titantpp,small_lmm,small_lmm,strict,308cec0b9c383d4eab5aac8b9015dae663b0ad73,42,shared,shared,validation_only,coupled,coupled,ce,0.0,mark_residual,global,1.0,coupled,none,0.25,1.0,1.0,,0.0014535461338152059,0.00001,8.0,mean,false,none,42,72,0.9442269864285263,-3.2986937106923264,0.09253557207618816,-3.3912292722741926,0.0033899996324279606,0.6783853046834804,1.939776580741903,0.038237409370622234,0.055961584391375364,0.15466220095437505,NaN,0.0,NaN,1.7672133047459002,0.9625775047806687,0.9406163625640394,0.9381121103217916,0.03742249521933129,1.0,0.985425956348275,0.7713507995916978,-3.1562758028429725
intermittent,titantpp,small_lmm,small_lmm,strict,308cec0b9c383d4eab5aac8b9015dae663b0ad73,42,shared,shared,validation_only,coupled,coupled,ce,0.0,mark_residual,global,1.0,coupled,none,0.25,1.0,1.0,,0.0014535461338152059,0.00001,8.0,mean,false,none,42,73,0.9441015606347342,-3.303558381219835,0.0923584078913119,-3.3959167789499682,0.0034256670003513425,0.6647370995185933,1.8781547316287863,0.03746812382675639,0.05866948310556725,0.15074690894098056,NaN,0.0,NaN,1.7672133047459002,0.9624384307817118,0.9374778153236674,0.9372266008451212,0.03756156921828823,1.0,0.9892044121098333,0.7414086423953726,-3.1616642281354945
intermittent,titantpp,small_lmm,small_lmm,strict,308cec0b9c383d4eab5aac8b9015dae663b0ad73,42,shared,shared,validation_only,coupled,coupled,ce,0.0,mark_residual,global,1.0,coupled,none,0.25,1.0,1.0,,0.0014535461338152059,0.00001,8.0,mean,false,none,42,74,0.9434215003413551,-3.302345496798443,0.09767039973074414,-3.4000158733583006,0.0035412915771760086,0.6726063979392519,1.917309093107229,0.03791167940364305,0.06003397930923588,0.1498393253069831,NaN,0.0,NaN,1.7672133047459002,0.9617662397867532,0.9302346907111071,0.9348259524369662,0.0382337602132468,1.0,0.9930767425486975,0.6692752636951343,-3.166026391505575
intermittent,titantpp,small_lmm,small_lmm,strict,308cec0b9c383d4eab5aac8b9015dae663b0ad73,42,shared,shared,validation_only,coupled,coupled,ce,0.0,mark_residual,global,1.0,coupled,none,0.25,1.0,1.0,,0.0014535461338152059,0.00001,8.0,mean,false,none,42,75,0.9442939050577024,-3.3106285507256086,0.09372005714067422,-3.40434857317793,0.00340396275978341,0.6694141750727508,1.8794679081517005,0.037731748718668065,0.06155526305209335,0.1537129103838943,NaN,0.0,NaN,1.7672133047459002,0.9626354522802341,0.9381925221702895,0.9367743810774348,0.03736454771976589,1.0,0.9885707580380192,0.7312010888057162,-3.170686491676673
intermittent,titantpp,small_lmm,small_lmm,strict,308cec0b9c383d4eab5aac8b9015dae663b0ad73,42,shared,shared,validation_only,coupled,coupled,ce,0.0,mark_residual,global,1.0,coupled,none,0.25,1.0,1.0,,0.0014535461338152059,0.00001,8.0,mean,false,none,42,76,0.9424366882174857,-3.31315767379171,0.09538923636810206,-3.4085468925108686,0.003521827591855206,0.7418480286753218,2.0388751759455035,0.041814506545778576,0.06040102096216534,0.16238334127491383,NaN,0.0,NaN,1.7672133047459002,0.96085066929362,0.9416448555547853,0.9364314154361995,0.03914933070638002,1.0,0.9805210044590472,0.8097992514460701,-3.1746043844247827
intermittent,titantpp,small_lmm,small_lmm,strict,308cec0b9c383d4eab5aac8b9015dae663b0ad73,42,shared,shared,validation_only,coupled,coupled,ce,0.0,mark_residual,global,1.0,coupled,none,0.25,1.0,1.0,,0.0014535461338152059,0.00001,8.0,mean,false,none,42,77,0.9434936075306232,-3.3181878993510785,0.09410336176882775,-3.4122912485450168,0.0034878340470093513,0.6932152079756679,1.9128394522253174,0.039073301715570205,0.05711743823414144,0.1522271276436958,NaN,0.0,NaN,1.7672133047459002,0.9618589557860578,0.9353235896552792,0.9364701337093325,0.03814104421394217,1.0,0.9901666275522177,0.7175910173528411,-3.1783931438262503
intermittent,titantpp,small_lmm,small_lmm,strict,308cec0b9c383d4eab5aac8b9015dae663b0ad73,42,shared,shared,validation_only,coupled,coupled,ce,0.0,mark_residual,global,1.0,coupled,none,0.25,1.0,1.0,,0.0014535461338152059,0.00001,8.0,mean,false,none,42,78,0.9432865334139795,-3.321292512770661,0.09486932819670865,-3.4161618215208667,0.00350143403419702,0.738036325836248,2.115310944024159,0.04159965866972555,0.06001726657716895,0.1560747452100783,NaN,0.0,NaN,1.7672133047459002,0.9616967027872747,0.9367332673263635,0.936446433703742,0.03830329721272527,1.0,0.9881717906594696,0.7451514120449132,-3.18207780073151
intermittent,titantpp,small_lmm,small_lmm,strict,308cec0b9c383d4eab5aac8b9015dae663b0ad73,42,shared,shared,validation_only,coupled,coupled,ce,0.0,mark_residual,global,1.0,coupled,none,0.25,1.0,1.0,,0.0014535461338152059,0.00001,8.0,mean,false,none,42,79,0.9428009025030218,-3.325075231657013,0.09455836729772081,-3.4196335899033388,0.0035003540174177437,0.7716767401838106,2.2042529954159034,0.043495811616914286,0.06716322366681651,0.15682023115277802,NaN,0.0,NaN,1.7672133047459002,0.9612447122906647,0.9422101192692361,0.9378619951262677,0.03875528770933534,1.0,0.9842759915512791,0.7931269139162981,-3.186003514089572
intermittent,titantpp,small_lmm,small_lmm,strict,308cec0b9c383d4eab5aac8b9015dae663b0ad73,42,shared,shared,validation_only,coupled,coupled,ce,0.0,mark_residual,global,1.0,coupled,none,0.25,1.0,1.0,,0.0014535461338152059,0.00001,8.0,mean,false,none,42,80,0.9426074964903401,-3.3269855649804105,0.09639464764820022,-3.423380178254912,0.0035113219775202067,0.6985242548647627,2.0059421240165465,0.03937254787828132,0.05720065584076082,0.15688439390650855,NaN,0.0,NaN,1.7672133047459002,0.9609781537926638,0.9361784554390487,0.9355314381461513,0.039021846207336154,1.0,0.986622858483924,0.7618237495746852,-3.1903361037121636
intermittent,titantpp,small_lmm,small_lmm,strict,308cec0b9c383d4eab5aac8b9015dae663b0ad73,42,shared,shared,validation_only,coupled,coupled,ce,0.0,mark_residual,global,1.0,coupled,none,0.25,1.0,1.0,,0.0014535461338152059,0.00001,8.0,mean,false,none,42,81,0.9434386786853991,-3.3295459424357237,0.09725338288974614,-3.4267992964761866,0.0035231424459659347,0.7365545532867392,2.0170626354982555,0.04151613807578204,0.0679071199937471,0.16083493734882418,NaN,0.0,NaN,1.7672133047459002,0.9618473662861448,0.9323283617149392,0.9351696246390807,0.038152633713855244,1.0,0.9919502464210279,0.6930928887376658,-3.193746594830824
intermittent,titantpp,small_lmm,small_lmm,strict,308cec0b9c383d4eab5aac8b9015dae663b0ad73,42,shared,shared,validation_only,coupled,coupled,ce,0.0,mark_residual,global,1.0,coupled,none,0.25,1.0,1.0,,0.0014535461338152059,0.00001,8.0,mean,false,none,42,82,0.9446751060747677,-3.33727368205974,0.09271302724212534,-3.4299866911916914,0.003357654832104495,0.7402036546175633,2.0219880622622366,0.04172182086469019,0.06705105184106429,0.15346261285483168,NaN,0.0,NaN,1.7672133047459002,0.9630874427768442,0.9362460846515259,0.9377136672974407,0.03691255722315582,1.0,0.9915747477118048,0.7070432119768629,-3.1971719069660716
intermittent,titantpp,small_lmm,small_lmm,strict,308cec0b9c383d4eab5aac8b9015dae663b0ad73,42,shared,shared,validation_only,coupled,coupled,ce,0.0,mark_residual,global,1.0,coupled,none,0.25,1.0,1.0,,0.0014535461338152059,0.00001,8.0,mean,false,none,42,83,0.9428064153579833,-3.3363023076099156,0.09731168190410552,-3.43361398493863,0.003534909437327072,0.6502688860916737,1.8559384155378136,0.03665261824925161,0.055055629985318814,0.15392263221317729,NaN,0.0,NaN,1.7672133047459002,0.9611288172915339,0.941935276702215,0.9366773862730651,0.03887118270846613,1.0,0.9830086834076508,0.7948281728479074,-3.2004258843485185
intermittent,titantpp,small_lmm,small_lmm,strict,308cec0b9c383d4eab5aac8b9015dae663b0ad73,42,shared,shared,validation_only,coupled,coupled,ce,0.0,mark_residual,global,1.0,coupled,none,0.25,1.0,1.0,,0.0014535461338152059,0.00001,8.0,mean,false,none,42,84,0.9439105117125673,-3.3431418978201526,0.09369192290570835,-3.4368338109250898,0.003407407355011324,0.7630700223808004,2.1735465872595854,0.043010691155579,0.058237243096563335,0.1536813156305724,NaN,0.0,NaN,1.7672133047459002,0.9623457147824072,0.9424368724690346,0.9381280034798976,0.03765428521759286,1.0,0.9860126730814363,0.7771350799591698,-3.2047880598875573
intermittent,titantpp,small_lmm,small_lmm,strict,308cec0b9c383d4eab5aac8b9015dae663b0ad73,42,shared,shared,validation_only,coupled,coupled,ce,0.0,mark_residual,global,1.0,coupled,none,0.25,1.0,1.0,,0.0014535461338152059,0.00001,8.0,mean,false,none,42,85,0.9433282738387078,-3.346411627792515,0.09329295886420683,-3.4397045690117936,0.0034309895446757075,0.754243400673425,2.085656745535401,0.042513175738817424,0.059751785926776844,0.15729210173344582,NaN,0.0,NaN,1.7672133047459002,0.9617546502868402,0.9378149539395016,0.9373618643440825,0.038245349713159876,1.0,0.9880544473128373,0.7574004763525009,-3.2069058998818516
intermittent,titantpp,small_lmm,small_lmm,strict,308cec0b9c383d4eab5aac8b9015dae663b0ad73,42,shared,shared,validation_only,coupled,coupled,ce,0.0,mark_residual,global,1.0,coupled,none,0.25,1.0,1.0,,0.0014535461338152059,0.00001,8.0,mean,false,none,42,86,0.9433743270102248,-3.349209807997694,0.09374085681600056,-3.4429506511326813,0.0034666739103898715,0.7313692289825358,2.03744559440771,0.04122386557699645,0.06710727372727375,0.16099340708082163,NaN,0.0,NaN,1.7672133047459002,0.9617778292866663,0.9394092359350272,0.9372690061295492,0.03822217071333372,1.0,0.9851208636470312,0.7805375978223885,-3.210477994926884
intermittent,titantpp,small_lmm,small_lmm,strict,308cec0b9c383d4eab5aac8b9015dae663b0ad73,42,shared,shared,validation_only,coupled,coupled,ce,0.0,mark_residual,global,1.0,coupled,none,0.25,1.0,1.0,,0.0014535461338152059,0.00001,8.0,mean,false,none,42,87,0.9443274756281486,-3.3500157169417863,0.09574624296419589,-3.445761933276708,0.003455673112764848,0.7865071034966128,2.070269345168391,0.044331729891074506,0.07121069935718348,0.1618781485170161,NaN,0.0,NaN,1.7672133047459002,0.9627861157791041,0.9324800614405427,0.9366327458102632,0.03721388422089587,1.0,0.9905186575921145,0.7124872405580129,-3.213361534557665
intermittent,titantpp,small_lmm,small_lmm,strict,308cec0b9c383d4eab5aac8b9015dae663b0ad73,42,shared,shared,validation_only,coupled,coupled,ce,0.0,mark_residual,global,1.0,coupled,none,0.25,1.0,1.0,,0.0014535461338152059,0.00001,8.0,mean,false,none,42,88,0.9441931735284154,-3.356773026981366,0.09180180931876908,-3.448574820171055,0.0033602415564712193,0.746966704533662,2.037311606798175,0.04210302238313475,0.0617611884076066,0.15414788023368448,NaN,0.0,NaN,1.7672133047459002,0.962612273280408,0.9404696795296865,0.9381604363860367,0.03738772671959205,1.0,0.9864820464679652,0.7710105478053759,-3.2166750866663008
intermittent,titantpp,small_lmm,small_lmm,strict,308cec0b9c383d4eab5aac8b9015dae663b0ad73,42,shared,shared,validation_only,coupled,coupled,ce,0.0,mark_residual,global,1.0,coupled,none,0.25,1.0,1.0,,0.0014535461338152059,0.00001,8.0,mean,false,none,42,89,0.9446885555287036,-3.3603146460805533,0.09097958339526434,-3.4512942081877385,0.003373205598930649,0.6456277012900999,1.8650795255880974,0.03639101635133714,0.05560651111763046,0.1481323196156186,NaN,0.0,NaN,1.7672133047459002,0.9630063162774526,0.9380223690313964,0.9384609811292199,0.036993683722547376,1.0,0.9899084721896269,0.7461721674038788,-3.2196528926317343
intermittent,titantpp,small_lmm,small_lmm,strict,308cec0b9c383d4eab5aac8b9015dae663b0ad73,42,shared,shared,validation_only,coupled,coupled,ce,0.0,mark_residual,global,1.0,coupled,none,0.25,1.0,1.0,,0.0014535461338152059,0.00001,8.0,mean,false,none,42,90,0.94197386929779,-3.3557359609997905,0.09817358926884122,-3.4539095466836147,0.003584903867289055,0.6947289521955163,2.0106898676661857,0.03915862440315961,0.0564937525002216,0.15987292930070499,NaN,0.0,NaN,1.7672133047459002,0.9603407312974445,0.9473276367424387,0.9371718481837941,0.039659268702555484,1.0,0.9768129547054683,0.8346376318475672,-3.2220506971152147
intermittent,titantpp,small_lmm,small_lmm,strict,308cec0b9c383d4eab5aac8b9015dae663b0ad73,42,shared,shared,validation_only,coupled,coupled,ce,0.0,mark_residual,global,1.0,coupled,none,0.25,1.0,1.0,,0.0014535461338152059,0.00001,8.0,mean,false,none,42,91,0.9433366787129899,-3.3586711172420096,0.0978350067630254,-3.4565061096272753,0.0035242772908875538,0.6878910268258681,1.9464914088038627,0.03877320250530911,0.057737953103195856,0.15444793463849343,NaN,0.0,NaN,1.7672133047459002,0.9616967027872747,0.9351662683052763,0.9360717204314172,0.03830329721272527,1.0,0.9887819760619573,0.74276964954066,-3.2246703740369203
intermittent,titantpp,small_lmm,small_lmm,strict,308cec0b9c383d4eab5aac8b9015dae663b0ad73,42,shared,shared,validation_only,coupled,coupled,ce,0.0,mark_residual,global,1.0,coupled,none,0.25,1.0,1.0,,0.0014535461338152059,0.00001,8.0,mean,false,none,42,92,0.9438149591120479,-3.3653959194823737,0.09364342377281211,-3.459039329895313,0.003424479235703693,0.6963696241171548,1.9689633879791844,0.03925110141213587,0.056719072541915896,0.1527803991507294,NaN,0.0,NaN,1.7672133047459002,0.962183461783624,0.9373448970779026,0.936502930741217,0.03781653821637596,1.0,0.9882187279981225,0.7380061245321538,-3.2275646844362873
intermittent,titantpp,small_lmm,small_lmm,strict,308cec0b9c383d4eab5aac8b9015dae663b0ad73,42,shared,shared,validation_only,coupled,coupled,ce,0.0,mark_residual,global,1.0,coupled,none,0.25,1.0,1.0,,0.0014535461338152059,0.00001,8.0,mean,false,none,42,93,0.9442780485923842,-3.367305375803399,0.09374016815439336,-3.4610455254093138,0.0034151036127637777,0.7084496402171269,2.014428493371364,0.03993199546692949,0.058257327430969584,0.15340017869536934,NaN,0.0,NaN,1.7672133047459002,0.9626586312800602,0.9371086270183415,0.9371598499026342,0.03734136871993973,1.0,0.9888054447312837,0.7397073834637632,-3.2302830888949075
intermittent,titantpp,small_lmm,small_lmm,strict,308cec0b9c383d4eab5aac8b9015dae663b0ad73,42,shared,shared,validation_only,coupled,coupled,ce,0.0,mark_residual,global,1.0,coupled,none,0.25,1.0,1.0,,0.0014535461338152059,0.00001,8.0,mean,false,none,42,94,0.9432164059884953,-3.3703902291928296,0.09312739885407462,-3.463517604548692,0.0034538136173828766,0.7154477520158119,1.9643540936647639,0.04032644632519587,0.06076321596203214,0.1555013600829105,NaN,0.0,NaN,1.7672133047459002,0.9616039867879701,0.9396536750797956,0.9367390689011496,0.0383960132120299,1.0,0.9866697958225769,0.7451514120449132,-3.2322720392317703
intermittent,titantpp,small_lmm,small_lmm,strict,308cec0b9c383d4eab5aac8b9015dae663b0ad73,42,shared,shared,validation_only,coupled,coupled,ce,0.0,mark_residual,global,1.0,coupled,none,0.25,1.0,1.0,,0.0014535461338152059,0.00001,8.0,mean,false,none,42,95,0.9366987273504831,-3.358807533530749,0.10729977983072338,-3.466107291708873,0.004040842295281426,0.7082379389646439,1.9869745124271876,0.03992006285665686,0.06416069363196548,0.17548553852017398,NaN,0.0,NaN,1.7672133047459002,0.9550790983369067,0.9456757786148445,0.9306637692226991,0.04492090166309324,1.0,0.9666275522177893,0.874106839060905,-3.2352221269446324
intermittent,titantpp,small_lmm,small_lmm,strict,308cec0b9c383d4eab5aac8b9015dae663b0ad73,42,shared,shared,validation_only,coupled,coupled,ce,0.0,mark_residual,global,1.0,coupled,none,0.25,1.0,1.0,,0.0014535461338152059,0.00001,8.0,mean,false,none,42,96,0.943774492414915,-3.37629895740515,0.09205500565323768,-3.468353948390324,0.0033968473830029143,0.6788888216847623,1.9251065547511448,0.0382657902709309,0.05530980789710453,0.1529814837218627,NaN,0.0,NaN,1.7672133047459002,0.9621255142840587,0.9399504230721385,0.9377384546864737,0.037874485715941354,1.0,0.9869983571931471,0.7645457638652603,-3.2369331860883337
intermittent,titantpp,small_lmm,small_lmm,strict,308cec0b9c383d4eab5aac8b9015dae663b0ad73,42,shared,shared,validation_only,coupled,coupled,ce,0.0,mark_residual,global,1.0,coupled,none,0.25,1.0,1.0,,0.0014535461338152059,0.00001,8.0,mean,false,none,42,97,0.9437405371789633,-3.3779438295777195,0.09240831267506362,-3.470352119268517,0.0034260639669031834,0.6433070581578404,1.8461753094006441,0.03626021254288387,0.052070818858122626,0.14939671717340597,NaN,0.0,NaN,1.7672133047459002,0.9620559772845801,0.9339407956454756,0.9364564762790349,0.03794402271541983,1.0,0.9912461863412344,0.7046614494726098,-3.239546146442428
intermittent,titantpp,small_lmm,small_lmm,strict,308cec0b9c383d4eab5aac8b9015dae663b0ad73,42,shared,shared,validation_only,coupled,coupled,ce,0.0,mark_residual,global,1.0,coupled,none,0.25,1.0,1.0,,0.0014535461338152059,0.00001,8.0,mean,false,none,42,98,0.9436941129776171,-3.3775415787810403,0.0947187975281728,-3.472260370059438,0.0034406391202450727,0.6665522596779031,1.9044493394641102,0.037570435922265534,0.05588210418353236,0.1546284182163041,NaN,0.0,NaN,1.7672133047459002,0.962032798284754,0.9371964012028116,0.9363561240672307,0.037967201715245986,1.0,0.9870922318704529,0.7410683906090507,-3.2408296785212
intermittent,titantpp,small_lmm,small_lmm,strict,308cec0b9c383d4eab5aac8b9015dae663b0ad73,42,shared,shared,validation_only,coupled,coupled,ce,0.0,mark_residual,global,1.0,coupled,none,0.25,1.0,1.0,,0.0014535461338152059,0.00001,8.0,mean,false,none,42,99,0.9441881943090218,-3.3825216899570534,0.09152556926809899,-3.4740472495932355,0.003342606977038669,0.7055879242748874,1.9761757779843565,0.03977069391273839,0.06243257641951178,0.15366384272629388,NaN,0.0,NaN,1.7672133047459002,0.9625659152807556,0.9378163909002034,0.9376832462293283,0.037434084719244365,1.0,0.988922788077916,0.7390268798911195,-3.2430875269582273
intermittent,titantpp,small_lmm,small_lmm,strict,308cec0b9c383d4eab5aac8b9015dae663b0ad73,42,shared,shared,validation_only,coupled,coupled,ce,0.0,mark_residual,global,1.0,coupled,none,0.25,1.0,1.0,,0.0014535461338152059,0.00001,8.0,mean,false,none,42,100,0.9425335129370356,-3.3773502264306328,0.09889937439145381,-3.4762495975612646,0.0035820182690424335,0.726149808517052,1.9739498121538142,0.04092967123693888,0.06054686256028924,0.15686554735070107,NaN,0.0,NaN,1.7672133047459002,0.9609317957930116,0.9413972591005941,0.9364705238463019,0.03906820420698847,1.0,0.9842994602206054,0.7832596121129636,-3.2453202747864593
intermittent,titantpp,small_lmm,small_lmm,strict,308cec0b9c383d4eab5aac8b9015dae663b0ad73,42,shared,shared,validation_only,coupled,coupled,ce,0.0,mark_residual,global,1.0,coupled,none,0.25,1.0,1.0,,0.0014535461338152059,0.00001,8.0,mean,false,none,42,101,0.9420555209900625,-3.38052482505507,0.09602817459152935,-3.4765529845883703,0.003561882641334352,0.7173827591407698,1.9720729247744226,0.040435513634085485,0.06221269680878002,0.16039885375206814,NaN,0.0,NaN,1.7672133047459002,0.9604450367966623,0.9459261861734155,0.936451092375306,0.039554963203337776,1.0,0.9790190096221544,0.8169445389588296,-3.2477306993327
intermittent,titantpp,small_lmm,small_lmm,strict,308cec0b9c383d4eab5aac8b9015dae663b0ad73,42,shared,shared,validation_only,coupled,coupled,ce,0.0,mark_residual,global,1.0,coupled,none,0.25,1.0,1.0,,0.0014535461338152059,0.00001,8.0,mean,false,none,42,102,0.9432447962789455,-3.3837251114888103,0.09610296258675999,-3.479828061503207,0.0034928937687772883,0.6986469614786919,1.995877323725589,0.039379464276671584,0.0582649513295913,0.15783061126810763,NaN,0.0,NaN,1.7672133047459002,0.9616155762878832,0.9367120921835854,0.9353367603776823,0.038384423712116825,1.0,0.9866697958225769,0.7410683906090507,-3.249347947276305
intermittent,titantpp,small_lmm,small_lmm,strict,308cec0b9c383d4eab5aac8b9015dae663b0ad73,42,shared,shared,validation_only,coupled,coupled,ce,0.0,mark_residual,global,1.0,coupled,none,0.25,1.0,1.0,,0.0014535461338152059,0.00001,8.0,mean,false,none,42,103,0.942168722559569,-3.38524060730946,0.0961334953701656,-3.481374080030392,0.0035838331102847672,0.7548446885043351,2.0622205780567957,0.0425470675238861,0.06473341491605493,0.1592137361159807,NaN,0.0,NaN,1.7672133047459002,0.9605957002955322,0.929976578850715,0.9330882870451269,0.03940429970446775,1.0,0.9901196902135649,0.7009186798230691,-3.251270493310822
intermittent,titantpp,small_lmm,small_lmm,strict,308cec0b9c383d4eab5aac8b9015dae663b0ad73,42,shared,shared,validation_only,coupled,coupled,ce,0.0,mark_residual,global,1.0,coupled,none,0.25,1.0,1.0,,0.0014535461338152059,0.00001,8.0,mean,false,none,42,104,0.9436051717823817,-3.390402345468902,0.09268923554617622,-3.4830915596170553,0.003430962675635433,0.7554934549132718,2.085674169713053,0.042583635454519556,0.05977599099826763,0.15822093845434756,NaN,0.0,NaN,1.7672133047459002,0.962032798284754,0.9427318721806434,0.9382549871489757,0.037967201715245986,1.0,0.9853320816709693,0.781898604967676,-3.252969088417966
intermittent,titantpp,small_lmm,small_lmm,strict,308cec0b9c383d4eab5aac8b9015dae663b0ad73,42,shared,shared,validation_only,coupled,coupled,ce,0.0,mark_residual,global,1.0,coupled,none,0.25,1.0,1.0,,0.0014535461338152059,0.00001,8.0,mean,false,none,42,105,0.9436278723143217,-3.3866956658757643,0.09807469840630213,-3.4847703486195707,0.003561450378244593,0.7096139231472542,1.9239839531666276,0.03999762065473228,0.06236598915674391,0.15404139849859358,NaN,0.0,NaN,1.7672133047459002,0.9620096192849279,0.9331538872037242,0.9356692271631744,0.037990380715072145,1.0,0.9910584369866229,0.6944538958829534,-3.2542704863108027
intermittent,titantpp,small_lmm,small_lmm,strict,308cec0b9c383d4eab5aac8b9015dae663b0ad73,42,shared,shared,validation_only,coupled,coupled,ce,0.0,mark_residual,global,1.0,coupled,none,0.25,1.0,1.0,,0.0014535461338152059,0.00001,8.0,mean,false,none,42,106,0.9430810220286712,-3.390719234760331,0.09593139498862033,-3.4866506228712497,0.0035033341376301923,0.7697052124485105,2.1457032452192726,0.0433846858118891,0.061734040662022,0.1566818579598655,NaN,0.0,NaN,1.7672133047459002,0.9615228602885786,0.9353105630503946,0.9360546780192645,0.03847713971142145,1.0,0.9899788781976062,0.7223545423613474,-3.2565549113660546
intermittent,titantpp,small_lmm,small_lmm,strict,308cec0b9c383d4eab5aac8b9015dae663b0ad73,42,shared,shared,validation_only,coupled,coupled,ce,0.0,mark_residual,global,1.0,coupled,none,0.25,1.0,1.0,,0.0014535461338152059,0.00001,8.0,mean,false,none,42,107,0.9437186204626834,-3.3936876750927696,0.09436212950188315,-3.4880497916684114,0.0035110969962846295,0.6652237744377505,1.8837820850620697,0.0374955554176027,0.06199110887097188,0.15201339310643677,NaN,0.0,NaN,1.7672133047459002,0.9620559772845801,0.9300782356481953,0.9347264889335511,0.03794402271541983,1.0,0.9942971133536729,0.6420551207893841,-3.2586061543699048
intermittent,titantpp,small_lmm,small_lmm,strict,308cec0b9c383d4eab5aac8b9015dae663b0ad73,42,shared,shared,validation_only,coupled,coupled,ce,0.0,mark_residual,global,1.0,coupled,none,0.25,1.0,1.0,,0.0014535461338152059,0.00001,8.0,mean,false,none,42,108,0.9434428007470806,-3.393570974181644,0.09594337944005685,-3.489514328155898,0.003515673671749061,0.7208429916920319,1.9848444855030165,0.04063055077251804,0.06380489423362448,0.1560017695668027,NaN,0.0,NaN,1.7672133047459002,0.9618357767862317,0.9282740927493437,0.9341485416695396,0.03816422321376833,1.0,0.9941563013377142,0.6437563797209935,-3.2591919253334423
intermittent,titantpp,small_lmm,small_lmm,strict,308cec0b9c383d4eab5aac8b9015dae663b0ad73,42,shared,shared,validation_only,coupled,coupled,ce,0.0,mark_residual,global,1.0,coupled,none,0.25,1.0,1.0,,0.0014535461338152059,0.00001,8.0,mean,false,none,42,109,0.9446529692566173,-3.4002588725141147,0.0907654802784619,-3.491024331316484,0.0033285630772091866,0.6928034732893982,1.955950690866675,0.03905009415543839,0.05689267220789749,0.1538056446396291,NaN,0.0,NaN,1.7672133047459002,0.9630179057773657,0.9305818358285021,0.9362833806663039,0.03698209422263429,1.0,0.9929124618634123,0.6781218101395032,-3.2611057587035766
intermittent,titantpp,small_lmm,small_lmm,strict,308cec0b9c383d4eab5aac8b9015dae663b0ad73,42,shared,shared,validation_only,coupled,coupled,ce,0.0,mark_residual,global,1.0,coupled,none,0.25,1.0,1.0,,0.0014535461338152059,0.00001,8.0,mean,false,none,42,110,0.9435137404589276,-3.3984338041845903,0.09397966827142278,-3.4924134485178766,0.003439650561485896,0.684671779584379,1.9713854399347228,0.03859174858260732,0.05592688026340907,0.15407448817297334,NaN,0.0,NaN,1.7672133047459002,0.9618705452859709,0.9373953688719516,0.9359128872457796,0.03812945471402909,1.0,0.9863412344520066,0.7448111602585914,-3.262751826229269
intermittent,titantpp,small_lmm,small_lmm,strict,308cec0b9c383d4eab5aac8b9015dae663b0ad73,42,shared,shared,validation_only,coupled,coupled,ce,0.0,mark_residual,global,1.0,coupled,none,0.25,1.0,1.0,,0.0014535461338152059,0.00001,8.0,mean,false,none,42,111,0.9431360582197652,-3.3997943895194846,0.09415109316089473,-3.4939454668828342,0.0034584248213114814,0.7378480211804376,1.9949064808104102,0.04158904481626955,0.06049142548526336,0.15529444064878917,NaN,0.0,NaN,1.7672133047459002,0.9615460392884047,0.9369551374134512,0.9360370767193511,0.03845396071159529,1.0,0.9885238206993664,0.7277985709424974,-3.2636090346523625
intermittent,titantpp,small_lmm,small_lmm,strict,308cec0b9c383d4eab5aac8b9015dae663b0ad73,42,shared,shared,validation_only,coupled,coupled,ce,0.0,mark_residual,global,1.0,coupled,none,0.25,1.0,1.0,,0.0014535461338152059,0.00001,8.0,mean,false,none,42,112,0.9437875624895248,-3.4007999561860456,0.09436893196840299,-3.4951688702926993,0.0034729960751435345,0.7121767467271759,1.9946819794740207,0.04014207504325396,0.06427983230778272,0.15442775860085217,NaN,0.0,NaN,1.7672133047459002,0.9621718722837109,0.9390446905941334,0.9372542507933469,0.037828127716289045,1.0,0.9867402018305562,0.7659067710105478,-3.265802173140145
intermittent,titantpp,small_lmm,small_lmm,strict,308cec0b9c383d4eab5aac8b9015dae663b0ad73,42,shared,shared,validation_only,coupled,coupled,ce,0.0,mark_residual,global,1.0,coupled,none,0.25,1.0,1.0,,0.0014535461338152059,0.00001,8.0,mean,false,none,42,113,0.945021998078957,-3.4071647816905766,0.0891669500672709,-3.4963317146926847,0.0033200550171120172,0.6946386481682603,1.9816999826930988,0.03915353438715519,0.05482187832038041,0.15036796746639985,NaN,0.0,NaN,1.7672133047459002,0.9633887697745842,0.9424395699135538,0.9403545558517801,0.03661123022541577,1.0,0.9870218258624736,0.7791765906771011,-3.266703114087932
intermittent,titantpp,small_lmm,small_lmm,strict,308cec0b9c383d4eab5aac8b9015dae663b0ad73,42,shared,shared,validation_only,coupled,coupled,ce,0.0,mark_residual,global,1.0,coupled,none,0.25,1.0,1.0,,0.0014535461338152059,0.00001,8.0,mean,false,none,42,114,0.9427341684985743,-3.400904928422813,0.09641390564113884,-3.4973188311074006,0.0035163471305842105,0.7109262455875422,1.9463499393333197,0.040071590137899314,0.06854977568213975,0.15849841716308716,NaN,0.0,NaN,1.7672133047459002,0.9611172277916208,0.9460311374150958,0.9380711472770469,0.038882772208379206,1.0,0.9808495658296175,0.8118407621640014,-3.268166772023289
intermittent,titantpp,small_lmm,small_lmm,strict,308cec0b9c383d4eab5aac8b9015dae663b0ad73,42,shared,shared,validation_only,coupled,coupled,ce,0.0,mark_residual,global,1.0,coupled,none,0.25,1.0,1.0,,0.0014535461338152059,0.00001,8.0,mean,false,none,42,115,0.9438951410371667,-3.4012231586609047,0.0973015252645838,-3.498524667501463,0.0035156208611623434,0.6625456986507715,1.8346026573261602,0.03734460480076992,0.07252171703152276,0.15571073008169314,NaN,0.0,NaN,1.7672133047459002,0.9622298197832764,0.9423508922789764,0.9377084819971522,0.037770180216723646,1.0,0.9849096456230931,0.765226267437904,-3.2699600635641417
intermittent,titantpp,small_lmm,small_lmm,strict,308cec0b9c383d4eab5aac8b9015dae663b0ad73,42,shared,shared,validation_only,coupled,coupled,ce,0.0,mark_residual,global,1.0,coupled,none,0.25,1.0,1.0,,0.0014535461338152059,0.00001,8.0,mean,false,none,42,116,0.9423193640594668,-3.4070354561806555,0.09263587321471078,-3.4996713162932975,0.0034559009421248656,0.7085086878242544,1.9855946481373337,0.03993532370459989,0.058194673549757985,0.16040030508068165,NaN,0.0,NaN,1.7672133047459002,0.96070000579475,0.9231172621590622,0.9302620640602789,0.039299994205250044,1.0,0.99603379488383,0.5814903028240899,-3.2707654610566883
intermittent,titantpp,small_lmm,small_lmm,strict,308cec0b9c383d4eab5aac8b9015dae663b0ad73,42,shared,shared,validation_only,coupled,coupled,ce,0.0,mark_residual,global,1.0,coupled,none,0.25,1.0,1.0,,0.0014535461338152059,0.00001,8.0,mean,false,none,42,117,0.9422131852753934,-3.4024553589302218,0.09864211757500872,-3.501097459246539,0.003645958633318234,0.6756134729406928,1.8784407162304226,0.0380811741687042,0.0560977301143333,0.15419995683454923,NaN,0.0,NaN,1.7672133047459002,0.960560931795793,0.9388801568323619,0.9350067553772369,0.039439068204206985,1.0,0.9836658061487914,0.7795168424634229,-3.271703869375668
intermittent,titantpp,small_lmm,small_lmm,strict,308cec0b9c383d4eab5aac8b9015dae663b0ad73,42,shared,shared,validation_only,coupled,coupled,ce,0.0,mark_residual,global,1.0,coupled,none,0.25,1.0,1.0,,0.0014535461338152059,0.00001,8.0,mean,false,none,42,118,0.9420099974854284,-3.4071324143479083,0.09519978730337102,-3.502332189767394,0.0035536363207164462,0.7513167638618976,2.0463631828649214,0.04234821489861509,0.05723272429326598,0.15566526998008243,NaN,0.0,NaN,1.7672133047459002,0.9604334472967492,0.941155665561203,0.9366403979597746,0.03956655270325085,1.0,0.9857779863881718,0.7781558353181354,-3.2723857597659873
intermittent,titantpp,small_lmm,small_lmm,strict,308cec0b9c383d4eab5aac8b9015dae663b0ad73,42,shared,shared,validation_only,coupled,coupled,ce,0.0,mark_residual,global,1.0,coupled,none,0.25,1.0,1.0,,0.0014535461338152059,0.00001,8.0,mean,false,none,42,119,0.9418059774313879,-3.410383647514839,0.09309143341476314,-3.5034750681166065,0.003500997447477111,0.7351363195538237,2.03341725386568,0.04143619886799802,0.059614811351444766,0.16028046036361523,NaN,0.0,NaN,1.7672133047459002,0.9602132467984007,0.9456432323381831,0.9374348077283615,0.03978675320159935,1.0,0.9803097864351091,0.8257910854031983,-3.27421697047969
intermittent,titantpp,small_lmm,small_lmm,strict,308cec0b9c383d4eab5aac8b9015dae663b0ad73,42,shared,shared,validation_only,coupled,coupled,ce,0.0,mark_residual,global,1.0,coupled,none,0.25,1.0,1.0,,0.0014535461338152059,0.00001,8.0,mean,false,none,42,120,0.943763343896302,-3.4101301604504863,0.09439624133209243,-3.5045263876304045,0.0034526547150157644,0.7016268402108341,2.0191366009190848,0.03954742611512694,0.056595946986463745,0.15526700566494958,NaN,0.0,NaN,1.7672133047459002,0.9621371037839718,0.9315189534049888,0.9350116998656988,0.03786289621602828,1.0,0.9928655245247594,0.6679142565498469,-3.2753006561679863
intermittent,titantpp,small_lmm,small_lmm,strict,308cec0b9c383d4eab5aac8b9015dae663b0ad73,42,shared,shared,validation_only,coupled,coupled,ce,0.0,mark_residual,global,1.0,coupled,none,0.25,1.0,1.0,,0.0014535461338152059,0.00001,8.0,mean,false,none,42,121,0.9422202777485364,-3.4109674845771374,0.09450005927066085,-3.50546753368255,0.003532370066668822,0.7264684993629281,2.0546898034482,0.0409476343506035,0.05705031465943874,0.15891786264144872,NaN,0.0,NaN,1.7672133047459002,0.9606188792953584,0.9444313806770843,0.9368526675284676,0.039381120704641594,1.0,0.9808026284909646,0.8019734603606669,-3.2765137164118388
intermittent,titantpp,small_lmm,small_lmm,strict,308cec0b9c383d4eab5aac8b9015dae663b0ad73,42,shared,shared,validation_only,coupled,coupled,ce,0.0,mark_residual,global,1.0,coupled,none,0.25,1.0,1.0,,0.0014535461338152059,0.00001,8.0,mean,false,none,42,122,0.9434063868178384,-3.4148360421319492,0.09142840871515187,-3.5062644305065884,0.0034148830225734974,0.6761304215428284,1.8925045124605782,0.03811031214558395,0.05878300204119263,0.15388791355107967,NaN,0.0,NaN,1.7672133047459002,0.9617546502868402,0.9399841974486272,0.9369020507898378,0.038245349713159876,1.0,0.9859657357427833,0.7631847567199728,-3.277740433017671
intermittent,titantpp,small_lmm,small_lmm,strict,308cec0b9c383d4eab5aac8b9015dae663b0ad73,42,shared,shared,validation_only,coupled,coupled,ce,0.0,mark_residual,global,1.0,coupled,none,0.25,1.0,1.0,,0.0014535461338152059,0.00001,8.0,mean,false,none,42,123,0.9436482591510116,-3.4155779970143314,0.09184183614719123,-3.5074198183306278,0.003415892457262928,0.7124060862834037,2.022470923578156,0.04015500184228074,0.061076690493449555,0.15315743706946336,NaN,0.0,NaN,1.7672133047459002,0.962032798284754,0.9366823582180209,0.9368261566695024,0.037967201715245986,1.0,0.9902605022295236,0.7233752977203131,-3.2790018031749057
intermittent,titantpp,small_lmm,small_lmm,strict,308cec0b9c383d4eab5aac8b9015dae663b0ad73,42,shared,shared,validation_only,coupled,coupled,ce,0.0,mark_residual,global,1.0,coupled,none,0.25,1.0,1.0,,0.0014535461338152059,0.00001,8.0,mean,false,none,42,124,0.9441262973784854,-3.4163446176492127,0.09207474765757831,-3.5084193490793165,0.003362930555246279,0.7095373552457727,2.0620458219628306,0.03999330487994562,0.05525235914649351,0.1536009355810708,NaN,0.0,NaN,1.7672133047459002,0.9625079677811902,0.9338067404053203,0.9365591971980824,0.03749203221880976,1.0,0.9921849331142925,0.6774413065668595,-3.279779161991472
intermittent,titantpp,small_lmm,small_lmm,strict,308cec0b9c383d4eab5aac8b9015dae663b0ad73,42,shared,shared,validation_only,coupled,coupled,ce,0.0,mark_residual,global,1.0,coupled,none,0.25,1.0,1.0,,0.0014535461338152059,0.00001,8.0,mean,false,none,42,125,0.9423232217867537,-3.412762532563283,0.09666455137861413,-3.509427058802437,0.0035767049305083544,0.7046509605373618,1.9806366176826042,0.03971788164550641,0.059401284728907086,0.1570892413013218,NaN,0.0,NaN,1.7672133047459002,0.96070000579475,0.9386975032991113,0.9355950664902112,0.039299994205250044,1.0,0.9851443323163577,0.7628445049336509,-3.2806597248940537
intermittent,titantpp,small_lmm,small_lmm,strict,308cec0b9c383d4eab5aac8b9015dae663b0ad73,42,shared,shared,validation_only,coupled,coupled,ce,0.0,mark_residual,global,1.0,coupled,none,0.25,1.0,1.0,,0.0014535461338152059,0.00001,8.0,mean,false,none,42,126,0.9444579605951297,-3.420567124908283,0.08996183465088628,-3.510528943292331,0.0033420904313761772,0.7719171356462676,2.1365560701065704,0.043509361585708346,0.06988394403675931,0.16067679746095123,NaN,0.0,NaN,1.7672133047459002,0.9629020107782349,0.9428119306630938,0.9390272779974348,0.03709798922176508,1.0,0.9854024876789486,0.7757740728138822,-3.2819418900964785
intermittent,titantpp,small_lmm,small_lmm,strict,308cec0b9c383d4eab5aac8b9015dae663b0ad73,42,shared,shared,validation_only,coupled,coupled,ce,0.0,mark_residual,global,1.0,coupled,none,0.25,1.0,1.0,,0.0014535461338152059,0.00001,8.0,mean,false,none,42,127,0.9428283673982145,-3.4175918504828036,0.09369247623699793,-3.5112843043255544,0.003456900907507872,0.7326223450781345,2.044210215974108,0.041294497875198545,0.06019191099096023,0.15397928383440138,NaN,0.0,NaN,1.7672133047459002,0.9612331227907516,0.9404873113219467,0.9369676456438286,0.03876687720924842,1.0,0.9862708284440272,0.7601224906430759,-3.2829199382945684
intermittent,titantpp,small_lmm,small_lmm,strict,308cec0b9c383d4eab5aac8b9015dae663b0ad73,42,shared,shared,validation_only,coupled,coupled,ce,0.0,mark_residual,global,1.0,coupled,none,0.25,1.0,1.0,,0.0014535461338152059,0.00001,8.0,mean,false,none,42,128,0.9434760557773707,-3.419002632520881,0.09298238089395462,-3.511984991641823,0.003453545637379716,0.722356461141272,2.039541856739988,0.04071585797257233,0.055888360953243954,0.15246907555420466,NaN,0.0,NaN,1.7672133047459002,0.9618705452859709,0.9360464045731397,0.9363842789464706,0.03812945471402909,1.0,0.9888523820699366,0.7397073834637632,-3.2840027374315945
intermittent,titantpp,small_lmm,small_lmm,strict,308cec0b9c383d4eab5aac8b9015dae663b0ad73,42,shared,shared,validation_only,coupled,coupled,ce,0.0,mark_residual,global,1.0,coupled,none,0.25,1.0,1.0,,0.0014535461338152059,0.00001,8.0,mean,false,none,42,129,0.9434486121408328,-3.4201609511871967,0.0925802055546636,-3.512741150187059,0.0034407592823305884,0.7150315979399258,1.9599642167349542,0.04030298966472423,0.058203915239395894,0.1578261445579639,NaN,0.0,NaN,1.7672133047459002,0.9618357767862317,0.925157956330176,0.9331574784140434,0.03816422321376833,1.0,0.9945552687162638,0.6277645457638653,-3.284415968605384
intermittent,titantpp,small_lmm,small_lmm,strict,308cec0b9c383d4eab5aac8b9015dae663b0ad73,42,shared,shared,validation_only,coupled,coupled,ce,0.0,mark_residual,global,1.0,coupled,none,0.25,1.0,1.0,,0.0014535461338152059,0.00001,8.0,mean,false,none,42,130,0.9432587826504205,-3.415632811629939,0.09770961865174413,-3.5133424148696624,0.0035207719859011916,0.7078395898299166,1.8988844493003845,0.03989760977751166,0.07229634137586612,0.1586790994930677,NaN,0.0,NaN,1.7672133047459002,0.9616387552877094,0.9242879404548433,0.93137050284309,0.03836124471229067,1.0,0.9933583665806148,0.623001020755359,-3.284662882435306
intermittent,titantpp,small_lmm,small_lmm,strict,308cec0b9c383d4eab5aac8b9015dae663b0ad73,42,shared,shared,validation_only,coupled,coupled,ce,0.0,mark_residual,global,1.0,coupled,none,0.25,1.0,1.0,,0.0014535461338152059,0.00001,8.0,mean,false,none,42,131,0.9407734770662375,-3.4111210506678167,0.10299714747781785,-3.514118172430651,0.0037747556852682075,0.7709396921794633,2.1109688838038383,0.04345426766530823,0.06138626216647039,0.1580674333412985,NaN,0.0,NaN,1.7672133047459002,0.9592165498058759,0.9351920986221887,0.9330254531407722,0.040783450194124125,1.0,0.9860830790894156,0.7526369513439946,-3.285972546771537
intermittent,titantpp,small_lmm,small_lmm,strict,308cec0b9c383d4eab5aac8b9015dae663b0ad73,42,shared,shared,validation_only,coupled,coupled,ce,0.0,mark_residual,global,1.0,coupled,none,0.25,1.0,1.0,,0.0014535461338152059,0.00001,8.0,mean,false,none,42,132,0.9445477404266022,-3.423894721651959,0.091061382447993,-3.5149561030802405,0.0033651804004835324,0.7169058039130773,1.975321923364572,0.04040862989682463,0.06094150230700388,0.15453362617303087,NaN,0.0,NaN,1.7672133047459002,0.9629367792779742,0.9349599629022156,0.9379120058980183,0.03706322072202584,1.0,0.9899788781976062,0.7257570602245662,-3.2869669081175745
intermittent,titantpp,small_lmm,small_lmm,strict,308cec0b9c383d4eab5aac8b9015dae663b0ad73,42,shared,shared,validation_only,coupled,coupled,ce,0.0,mark_residual,global,1.0,coupled,none,0.25,1.0,1.0,,0.0014535461338152059,0.00001,8.0,mean,false,none,42,133,0.9410277079839353,-3.4134504996535884,0.10223824962597547,-3.515688728721129,0.0037364136892298265,0.8180357722215928,2.2227877051675216,0.04610885360620317,0.07228861171207139,0.16506856619374488,NaN,0.0,NaN,1.7672133047459002,0.9595178768036159,0.9254265421410304,0.9317463821839844,0.04048212319638408,1.0,0.9924900258155362,0.6719972779857094,-3.2875758740464796
intermittent,titantpp,small_lmm,small_lmm,strict,308cec0b9c383d4eab5aac8b9015dae663b0ad73,42,shared,shared,validation_only,coupled,coupled,ce,0.0,mark_residual,global,1.0,coupled,none,0.25,1.0,1.0,,0.0014535461338152059,0.00001,8.0,mean,false,none,42,134,0.942784159182571,-3.4251406103115256,0.09097063127900165,-3.516111219850111,0.0034376958366194275,0.730472561069247,2.0401068881601905,0.041173324597064805,0.06647937118906946,0.1602469451687861,NaN,0.0,NaN,1.7672133047459002,0.9611867647910992,0.9440681562673849,0.9378446276071588,0.03881323520890074,1.0,0.982187279981225,0.8006124532153793,-3.28829569663121
intermittent,titantpp,small_lmm,small_lmm,strict,308cec0b9c383d4eab5aac8b9015dae663b0ad73,42,shared,shared,validation_only,coupled,coupled,ce,0.0,mark_residual,global,1.0,coupled,none,0.25,1.0,1.0,,0.0014535461338152059,0.00001,8.0,mean,false,none,42,135,0.9412492431553449,-3.419711537760973,0.0972355386860202,-3.516947060230399,0.003642327619707993,0.6544481003775605,1.8228200589614043,0.03688818102809389,0.060369350590075595,0.15795373636954274,NaN,0.0,NaN,1.7672133047459002,0.9595758243031813,0.9478356810226793,0.9359693916162741,0.04042417569681868,1.0,0.9772823280919972,0.8353181354202109,-3.2892100271539975
intermittent,titantpp,small_lmm,small_lmm,strict,308cec0b9c383d4eab5aac8b9015dae663b0ad73,42,shared,shared,validation_only,coupled,coupled,ce,0.0,mark_residual,global,1.0,coupled,none,0.25,1.0,1.0,,0.0014535461338152059,0.00001,8.0,mean,false,none,42,136,0.9433750152039696,-3.421752329486653,0.0959580373874046,-3.5177103450554315,0.003512245600592162,0.719091535324693,2.0406459543448836,0.04053182936205947,0.05705228230350435,0.15843973427193841,NaN,0.0,NaN,1.7672133047459002,0.9617662397867532,0.9395689811778042,0.9374267721040425,0.0382337602132468,1.0,0.9864585777986388,0.7587614834977884,-3.2901400874122997
intermittent,titantpp,small_lmm,small_lmm,strict,308cec0b9c383d4eab5aac8b9015dae663b0ad73,42,shared,shared,validation_only,coupled,coupled,ce,0.0,mark_residual,global,1.0,coupled,none,0.25,1.0,1.0,,0.0014535461338152059,0.00001,8.0,mean,false,none,42,137,0.9429153264137922,-3.423981409426007,0.09445014727556786,-3.518431550920262,0.0035240504320142485,0.6456633295004052,1.8427167789494852,0.036393024547053024,0.05968452102306123,0.15132888269601563,NaN,0.0,NaN,1.7672133047459002,0.9612331227907516,0.9440802734776211,0.937085640628054,0.03876687720924842,1.0,0.9838300868340765,0.7839401156856074,-3.290810696945389
intermittent,titantpp,small_lmm,small_lmm,strict,308cec0b9c383d4eab5aac8b9015dae663b0ad73,42,shared,shared,validation_only,coupled,coupled,ce,0.0,mark_residual,global,1.0,coupled,none,0.25,1.0,1.0,,0.0014535461338152059,0.00001,8.0,mean,false,none,42,138,0.9444570770393824,-3.429450250676342,0.08961486470450972,-3.519065092093092,0.003313924487179491,0.7032636919151198,2.0175116463600604,0.0396396877963038,0.056564223895504265,0.15515772795516936,NaN,0.0,NaN,1.7672133047459002,0.9628324737787565,0.937650787579117,0.9375886710841238,0.03716752622124355,1.0,0.9887585073926308,0.7424293977543382,-3.2906819001440883
intermittent,titantpp,small_lmm,small_lmm,strict,308cec0b9c383d4eab5aac8b9015dae663b0ad73,42,shared,shared,validation_only,coupled,coupled,ce,0.0,mark_residual,global,1.0,coupled,none,0.25,1.0,1.0,,0.0014535461338152059,0.00001,8.0,mean,false,none,42,139,0.9438351395831197,-3.426848927727924,0.09276342595191134,-3.519612341396307,0.003431728356740826,0.7341366526107492,2.0843095513714203,0.0413798523140961,0.0642639899769173,0.15611247579615523,NaN,0.0,NaN,1.7672133047459002,0.9622414092831895,0.9451219459441383,0.9388747300557918,0.03775859071681057,1.0,0.9821168739732458,0.8050357264375638,-3.291896478484914
intermittent,titantpp,small_lmm,small_lmm,strict,308cec0b9c383d4eab5aac8b9015dae663b0ad73,42,shared,shared,validation_only,coupled,coupled,ce,0.0,mark_residual,global,1.0,coupled,none,0.25,1.0,1.0,,0.0014535461338152059,0.00001,8.0,mean,false,none,42,140,0.9438508518224086,-3.428536689724259,0.09196376292548865,-3.5205004357238865,0.003415866739264603,0.6836559135826672,1.9309097043991221,0.03853448896347203,0.056832885152945316,0.15382061122830784,NaN,0.0,NaN,1.7672133047459002,0.9622066407834502,0.9323687401148852,0.9360975845502844,0.037793359216549804,1.0,0.9915747477118048,0.7073834637631847,-3.2928731359337955
intermittent,titantpp,small_lmm,small_lmm,strict,308cec0b9c383d4eab5aac8b9015dae663b0ad73,42,shared,shared,validation_only,coupled,coupled,ce,0.0,mark_residual,global,1.0,coupled,none,0.25,1.0,1.0,,0.0014535461338152059,0.00001,8.0,mean,false,none,42,141,0.9417615159365922,-3.420462673779897,0.10043423683044463,-3.5208968932295535,0.0036388763347208054,0.6637028152188179,1.8952984828260075,0.037409826054232306,0.055819256949370864,0.15423618427137056,NaN,0.0,NaN,1.7672133047459002,0.9600973517992699,0.938114030599134,0.934777731830037,0.03990264820073014,1.0,0.9835719314714856,0.7716910513780197,-3.2935249188476483
intermittent,titantpp,small_lmm,small_lmm,strict,308cec0b9c383d4eab5aac8b9015dae663b0ad73,42,shared,shared,validation_only,coupled,coupled,ce,0.0,mark_residual,global,1.0,coupled,none,0.25,1.0,1.0,,0.0014535461338152059,0.00001,8.0,mean,false,none,42,142,0.942383922717441,-3.4257019461641556,0.09573955700419269,-3.5214414801362453,0.003537704076462577,0.7018975294153722,1.8845581430595615,0.03956268360059231,0.06249303617144181,0.15788604818337232,NaN,0.0,NaN,1.7672133047459002,0.9607579532943153,0.9429368071960771,0.9361952906353319,0.03924204670568465,1.0,0.9819056559493077,0.7951684246342293,-3.2940478231878987
intermittent,titantpp,small_lmm,small_lmm,strict,308cec0b9c383d4eab5aac8b9015dae663b0ad73,42,shared,shared,validation_only,coupled,coupled,ce,0.0,mark_residual,global,1.0,coupled,none,0.25,1.0,1.0,,0.0014535461338152059,0.00001,8.0,mean,false,none,42,143,0.9427523129869931,-3.42675860979096,0.09492368750125663,-3.521682272484054,0.0035187992284821403,0.7739082565601617,2.185382543744085,0.04362159176664732,0.06430892891007102,0.1570004168995975,NaN,0.0,NaN,1.7672133047459002,0.9611983542910123,0.9430944542345203,0.936188477097659,0.038801645708987656,1.0,0.9804975357897208,0.7985709424974481,-3.2941731154066067
intermittent,titantpp,small_lmm,small_lmm,strict,308cec0b9c383d4eab5aac8b9015dae663b0ad73,42,shared,shared,validation_only,coupled,coupled,ce,0.0,mark_residual,global,1.0,coupled,none,0.25,1.0,1.0,,0.0014535461338152059,0.00001,8.0,mean,false,none,42,144,0.9429560663913888,-3.430450784648191,0.09194523867531837,-3.5223960078024414,0.0034217256953347997,0.6976393512083231,1.955061029267493,0.03932266999453113,0.05854365005411375,0.15338780019210518,NaN,0.0,NaN,1.7672133047459002,0.9613258387900562,0.9396400812455943,0.9364840604347378,0.03867416120994379,1.0,0.9855667683642337,0.7608029942157196,-3.2941184391900995
intermittent,titantpp,small_lmm,small_lmm,strict,308cec0b9c383d4eab5aac8b9015dae663b0ad73,42,shared,shared,validation_only,coupled,coupled,ce,0.0,mark_residual,global,1.0,coupled,none,0.25,1.0,1.0,,0.0014535461338152059,0.00001,8.0,mean,false,none,42,145,0.9432449457024702,-3.4280668535534833,0.09448739324934415,-3.5225542231065314,0.0034933068285737173,0.6984975379539985,1.9770564464345015,0.039371041970875965,0.061573128422006934,0.15799533390494944,NaN,0.0,NaN,1.7672133047459002,0.9616155762878832,0.9435464757239357,0.9379832116843603,0.038384423712116825,1.0,0.982445435343816,0.8108200068050357,-3.29536492678837
intermittent,titantpp,small_lmm,small_lmm,strict,308cec0b9c383d4eab5aac8b9015dae663b0ad73,42,shared,shared,validation_only,coupled,coupled,ce,0.0,mark_residual,global,1.0,coupled,none,0.25,1.0,1.0,,0.0014535461338152059,0.00001,8.0,mean,false,none,42,146,0.9412066471744552,-3.42535089529382,0.09784933807005723,-3.523200220745878,0.0036587912376863977,0.7434020809194142,2.0832994593056147,0.04190210120832572,0.06863903675487187,0.15889963940423166,NaN,0.0,NaN,1.7672133047459002,0.9596221823028336,0.9427097781710051,0.935182162959096,0.04037781769716637,1.0,0.9801924430884769,0.7975501871384825,-3.2954464092831306
intermittent,titantpp,small_lmm,small_lmm,strict,308cec0b9c383d4eab5aac8b9015dae663b0ad73,42,shared,shared,validation_only,coupled,coupled,ce,0.0,mark_residual,global,1.0,coupled,none,0.25,1.0,1.0,,0.0014535461338152059,0.00001,8.0,mean,false,none,42,147,0.9412031810290971,-3.427697405528033,0.09585033302422197,-3.5235477225352336,0.0035909256861371783,0.7236892264515304,2.067132559988213,0.040790979724785244,0.057845172234397224,0.15650020178014426,NaN,0.0,NaN,1.7672133047459002,0.9595990033030075,0.9408522676080631,0.9348261843817726,0.04040099669699253,1.0,0.9845810842525229,0.7631847567199728,-3.2960878853990137
intermittent,titantpp,small_lmm,small_lmm,strict,308cec0b9c383d4eab5aac8b9015dae663b0ad73,42,shared,shared,validation_only,coupled,coupled,ce,0.0,mark_residual,global,1.0,coupled,none,0.25,1.0,1.0,,0.0014535461338152059,0.00001,8.0,mean,false,none,42,148,0.9441495375411469,-3.4309755575437912,0.09303525058496388,-3.5240107805833776,0.003409368477293547,0.7094761924104812,1.9907901404691244,0.03998985741674857,0.06685402724504844,0.15728383976347798,NaN,0.0,NaN,1.7672133047459002,0.9625311467810164,0.9392916646244183,0.9378805028654126,0.0374688532189836,1.0,0.986575921145271,0.7625042531473291,-3.2969494302344104
intermittent,titantpp,small_lmm,small_lmm,strict,308cec0b9c383d4eab5aac8b9015dae663b0ad73,42,shared,shared,validation_only,coupled,coupled,ce,0.0,mark_residual,global,1.0,coupled,none,0.25,1.0,1.0,,0.0014535461338152059,0.00001,8.0,mean,false,none,42,149,0.9434877189004706,-3.4297934117526925,0.09455233076214402,-3.524345719314861,0.003474354693896985,0.6991038381283147,1.961000646828519,0.039405216278318576,0.05631409051306811,0.15405995599656716,NaN,0.0,NaN,1.7672133047459002,0.9618589557860578,0.9344685770120282,0.9358416799866371,0.03814104421394217,1.0,0.9903778455761558,0.7063627084042191,-3.297986491293839
intermittent,titantpp,small_lmm,small_lmm,strict,308cec0b9c383d4eab5aac8b9015dae663b0ad73,42,shared,shared,validation_only,coupled,coupled,ce,0.0,mark_residual,global,1.0,coupled,none,0.25,1.0,1.0,,0.0014535461338152059,0.00001,8.0,mean,false,none,42,150,0.9440529030811914,-3.4231211739937053,0.10186952251146343,-3.524990678583753,0.003638070923572251,0.7133946530614604,1.9323056608642175,0.04021072273175429,0.05851848740811737,0.15130510471349465,NaN,0.0,NaN,1.7672133047459002,0.9624384307817118,0.9399698538246893,0.937352089801726,0.03756156921828823,1.0,0.9879371039662052,0.7448111602585914,-3.2981501137946765
intermittent,titantpp,small_lmm,small_lmm,strict,308cec0b9c383d4eab5aac8b9015dae663b0ad73,42,shared,shared,validation_only,coupled,coupled,ce,0.0,mark_residual,global,1.0,coupled,none,0.25,1.0,1.0,,0.0014535461338152059,0.00001,8.0,mean,false,none,42,151,0.9437580898127137,-3.4255835297113637,0.09984470286065014,-3.5254282136833,0.003594708326743042,0.6721124240598708,1.8860098073016804,0.03788383640451868,0.05611743989172875,0.1485291374105117,NaN,0.0,NaN,1.7672133047459002,0.9621023352842325,0.9351669671125106,0.9363127081207244,0.03789766471576751,1.0,0.9911523116639287,0.7077237155495066,-3.298031669909374
intermittent,titantpp,small_lmm,small_lmm,strict,308cec0b9c383d4eab5aac8b9015dae663b0ad73,42,shared,shared,validation_only,coupled,coupled,ce,0.0,mark_residual,global,1.0,coupled,none,0.25,1.0,1.0,,0.0014535461338152059,0.00001,8.0,mean,false,none,42,152,0.9429139312893268,-3.4321538525177,0.09369001528779775,-3.5258438516203343,0.0034492791077144007,0.7281849533573338,2.0204729766826657,0.04104438284087416,0.05763757723317387,0.15977497175867936,NaN,0.0,NaN,1.7672133047459002,0.9613142492901431,0.9315486573886703,0.9342593643730542,0.03868575070985687,1.0,0.9900258155362591,0.6856073494385846,-3.298778646013982
intermittent,titantpp,small_lmm,small_lmm,strict,308cec0b9c383d4eab5aac8b9015dae663b0ad73,42,shared,shared,validation_only,coupled,coupled,ce,0.0,mark_residual,global,1.0,coupled,none,0.25,1.0,1.0,,0.0014535461338152059,0.00001,8.0,mean,false,none,42,153,0.9401130100042538,-3.4291205972137777,0.09720098426746968,-3.526321562067233,0.0036774643551604736,0.6664997598998771,1.855850688026322,0.03756747675512204,0.06296321805675564,0.16156743038613372,NaN,0.0,NaN,1.7672133047459002,0.9584516428116127,0.9481156188639228,0.9347464164373339,0.04154835718838732,1.0,0.973926308378315,0.8448451854372235,-3.298707775548779
intermittent,titantpp,small_lmm,small_lmm,strict,308cec0b9c383d4eab5aac8b9015dae663b0ad73,42,shared,shared,validation_only,coupled,coupled,ce,0.0,mark_residual,global,1.0,coupled,none,0.25,1.0,1.0,,0.0014535461338152059,0.00001,8.0,mean,false,none,42,154,0.9424172390106899,-3.4298200100316656,0.09693439423689518,-3.5267543770840444,0.0035970178112593215,0.7033497359058136,1.9672891243952646,0.039644537693955366,0.0641259580980124,0.15923076984666854,NaN,0.0,NaN,1.7672133047459002,0.9607927217940546,0.9457293805735626,0.9369228835382324,0.03920727820594541,1.0,0.9799812250645389,0.8087784960871045,-3.299278468242392
intermittent,titantpp,small_lmm,small_lmm,strict,308cec0b9c383d4eab5aac8b9015dae663b0ad73,42,shared,shared,validation_only,coupled,coupled,ce,0.0,mark_residual,global,1.0,coupled,none,0.25,1.0,1.0,,0.0014535461338152059,0.00001,8.0,mean,false,none,42,155,0.9424275070827696,-3.431978022627381,0.09527772217935,-3.527255724108757,0.0035190313763807826,0.6930816638260388,1.9048204237295832,0.03906577445593888,0.06875426259316872,0.15965746624690486,NaN,0.0,NaN,1.7672133047459002,0.9607927217940546,0.9407079794272752,0.9360268797267471,0.03920727820594541,1.0,0.9836188688101385,0.7710105478053759,-3.3002745574255448
intermittent,titantpp,small_lmm,small_lmm,strict,308cec0b9c383d4eab5aac8b9015dae663b0ad73,42,shared,shared,validation_only,coupled,coupled,ce,0.0,mark_residual,global,1.0,coupled,none,0.25,1.0,1.0,,0.0014535461338152059,0.00001,8.0,mean,false,none,42,156,0.9437270522584864,-3.4341027002466675,0.09373083395709988,-3.5278335161900447,0.003452257804549311,0.726328978113264,1.9952922073650028,0.04093977018977561,0.06436880512296128,0.15809622770171827,NaN,0.0,NaN,1.7672133047459002,0.9621255142840587,0.9374804818486125,0.9366334904919525,0.037874485715941354,1.0,0.9896737854963623,0.7090847226947942,-3.300669854809621
intermittent,titantpp,small_lmm,small_lmm,strict,308cec0b9c383d4eab5aac8b9015dae663b0ad73,42,shared,shared,validation_only,coupled,coupled,ce,0.0,mark_residual,global,1.0,coupled,none,0.25,1.0,1.0,,0.0014535461338152059,0.00001,8.0,mean,false,none,42,157,0.9442356599200274,-3.43711984677173,0.0910849520539729,-3.5282047798495833,0.0033887735350498203,0.6581223132692249,1.827758642282824,0.03709527923833436,0.05716171248483998,0.15172086994730422,NaN,0.0,NaN,1.7672133047459002,0.9625659152807556,0.9353206818001377,0.9364069271451281,0.037434084719244365,1.0,0.9910584369866229,0.6934331405239877,-3.301063187255661
intermittent,titantpp,small_lmm,small_lmm,strict,308cec0b9c383d4eab5aac8b9015dae663b0ad73,42,shared,shared,validation_only,coupled,coupled,ce,0.0,mark_residual,global,1.0,coupled,none,0.25,1.0,1.0,,0.0014535461338152059,0.00001,8.0,mean,false,none,42,158,0.9429055235395262,-3.4318585205431806,0.09653233967152858,-3.528390825886905,0.0035495749401684555,0.7365927031579421,2.1137086558829328,0.0415182884057384,0.06187372884337551,0.15871776421879563,NaN,0.0,NaN,1.7672133047459002,0.9613142492901431,0.9270964524651308,0.9331333769940853,0.03868575070985687,1.0,0.9939685519831025,0.6430758761483498,-3.30152008685396
intermittent,titantpp,small_lmm,small_lmm,strict,308cec0b9c383d4eab5aac8b9015dae663b0ad73,42,shared,shared,validation_only,coupled,coupled,ce,0.0,mark_residual,global,1.0,coupled,none,0.25,1.0,1.0,,0.0014535461338152059,0.00001,8.0,mean,false,none,42,159,0.9430284072680788,-3.434085198397044,0.0945481202572743,-3.528633306365912,0.0035119940722538098,0.7411934736492446,2.0548942829348045,0.041777612337848484,0.05908290462711633,0.15655500313549892,NaN,0.0,NaN,1.7672133047459002,0.961441733789187,0.9396713151637813,0.936488970700814,0.03855826621081301,1.0,0.9865055151372917,0.7601224906430759,-3.302014851601133
intermittent,titantpp,small_lmm,small_lmm,strict,308cec0b9c383d4eab5aac8b9015dae663b0ad73,42,shared,shared,validation_only,coupled,coupled,ce,0.0,mark_residual,global,1.0,coupled,none,0.25,1.0,1.0,,0.0014535461338152059,0.00001,8.0,mean,false,none,42,160,0.9411474259097834,-3.4306506012629585,0.09829642546884018,-3.5289470099861253,0.003658723577602165,0.6867283464604073,1.9322720974669096,0.0387076676465874,0.06841244517965914,0.15612600154485995,NaN,0.0,NaN,1.7672133047459002,0.9595062873037028,0.9280512279662508,0.9317404890799589,0.04049371269629715,1.0,0.9922084017836189,0.667574004763525,-3.302337544172111
intermittent,titantpp,small_lmm,small_lmm,strict,308cec0b9c383d4eab5aac8b9015dae663b0ad73,42,shared,shared,validation_only,coupled,coupled,ce,0.0,mark_residual,global,1.0,coupled,none,0.25,1.0,1.0,,0.0014535461338152059,0.00001,8.0,mean,false,none,42,161,0.9431126202948533,-3.4337603457012578,0.09480189096823506,-3.528562226510721,0.003476408653369418,0.7496964461793627,1.998536008995641,0.04225688516297694,0.06131594538060042,0.1575018294058301,NaN,0.0,NaN,1.7672133047459002,0.9615344497884917,0.9312533973640958,0.9342370605001897,0.038465550211508374,1.0,0.9897676601736681,0.6958149030282409,-3.3027797347547483
intermittent,titantpp,small_lmm,small_lmm,strict,308cec0b9c383d4eab5aac8b9015dae663b0ad73,42,shared,shared,validation_only,coupled,coupled,ce,0.0,mark_residual,global,1.0,coupled,none,0.25,1.0,1.0,,0.0014535461338152059,0.00001,8.0,mean,false,none,42,162,0.9403887648126539,-3.429355527258088,0.09997197454908034,-3.529327479451627,0.0036736460265856716,0.7152509490660418,2.0067553654711645,0.040315353462623896,0.05844182991350126,0.15755088448567117,NaN,0.0,NaN,1.7672133047459002,0.9587761488091788,0.9246471165957166,0.9303207141941459,0.041223851190821115,1.0,0.9947430180708754,0.6195985028921401,-3.302131889467897
intermittent,titantpp,small_lmm,small_lmm,strict,308cec0b9c383d4eab5aac8b9015dae663b0ad73,42,shared,shared,validation_only,coupled,coupled,ce,0.0,mark_residual,global,1.0,coupled,none,0.25,1.0,1.0,,0.0014535461338152059,0.00001,8.0,mean,false,none,42,163,0.9449372974776205,-3.4404098752131156,0.0892547424222732,-3.52966460403537,0.003313331693109595,0.6982127501133275,1.9118884871175776,0.03935498981117803,0.05603414370313597,0.15131813366167976,NaN,0.0,NaN,1.7672133047459002,0.9633076432751927,0.9374186665178291,0.9380160320871016,0.03669235672480733,1.0,0.9894390988030979,0.7172507655665192,-3.303459130043481
intermittent,titantpp,small_lmm,small_lmm,strict,308cec0b9c383d4eab5aac8b9015dae663b0ad73,42,shared,shared,validation_only,coupled,coupled,ce,0.0,mark_residual,global,1.0,coupled,none,0.25,1.0,1.0,,0.0014535461338152059,0.00001,8.0,mean,false,none,42,164,0.9446738767806435,-3.4404886842899973,0.08948620210694273,-3.529974882761711,0.0033618105715947227,0.6718959492631851,1.8760413343360303,0.037871634731867235,0.06153692643764142,0.15116135642006623,NaN,0.0,NaN,1.7672133047459002,0.9630179057773657,0.938306401938354,0.9381647365368045,0.03698209422263429,1.0,0.9885003520300399,0.7393671316774413,-3.303483902477939
intermittent,titantpp,small_lmm,small_lmm,strict,308cec0b9c383d4eab5aac8b9015dae663b0ad73,42,shared,shared,validation_only,coupled,coupled,ce,0.0,mark_residual,global,1.0,coupled,none,0.25,1.0,1.0,,0.0014535461338152059,0.00001,8.0,mean,false,none,42,165,0.944066807777601,-3.435768008250077,0.09428544642103985,-3.530053432500189,0.0034413229650579447,0.6531319569994277,1.8550466144199795,0.03681399617651669,0.054268443963684763,0.1535169823296271,NaN,0.0,NaN,1.7672133047459002,0.9623920727820594,0.9420317762850487,0.9369549787442141,0.03760792721794055,1.0,0.9850269889697254,0.7631847567199728,-3.3036557872366688
intermittent,titantpp,small_lmm,small_lmm,strict,308cec0b9c383d4eab5aac8b9015dae663b0ad73,42,shared,shared,validation_only,coupled,coupled,ce,0.0,mark_residual,global,1.0,coupled,none,0.25,1.0,1.0,,0.0014535461338152059,0.00001,8.0,mean,false,none,42,166,0.9424299927771268,-3.435069500552397,0.09499827078134797,-3.530067766318559,0.003518333057151024,0.702185469381902,1.9056535300376016,0.03957891343089428,0.05720232070483621,0.15229945583111795,NaN,0.0,NaN,1.7672133047459002,0.9608043112939677,0.9372525311652955,0.9364198980395051,0.039195688706032336,1.0,0.9892513494484863,0.7335828513099694,-3.3039162473653785
intermittent,titantpp,small_lmm,small_lmm,strict,308cec0b9c383d4eab5aac8b9015dae663b0ad73,42,shared,shared,validation_only,coupled,coupled,ce,0.0,mark_residual,global,1.0,coupled,none,0.25,1.0,1.0,,0.0014535461338152059,0.00001,8.0,mean,false,none,42,167,0.9454700619304264,-3.4435017092531743,0.08711941291132286,-3.5306211090574204,0.0032428585161348414,0.6985652933089228,1.9482606977209722,0.0393748610235963,0.058213401534310455,0.15329230251980056,NaN,0.0,NaN,1.7672133047459002,0.9638407602711943,0.941347658340399,0.9392154024814499,0.0361592397288057,1.0,0.9876320112649613,0.7567199727798571,-3.304291489685465
intermittent,titantpp,small_lmm,small_lmm,strict,308cec0b9c383d4eab5aac8b9015dae663b0ad73,42,shared,shared,validation_only,coupled,coupled,ce,0.0,mark_residual,global,1.0,coupled,none,0.25,1.0,1.0,,0.0014535461338152059,0.00001,8.0,mean,false,none,42,168,0.9412467238383381,-3.433668093115718,0.09731374020788239,-3.5309818213664483,0.003635893145547866,0.691735917123588,1.9610126578016036,0.038989921003313194,0.05632584783993197,0.15559129454496573,NaN,0.0,NaN,1.7672133047459002,0.9596105928029206,0.9382854882784246,0.934204391855125,0.040389407197079445,1.0,0.9828209340530392,0.7853011228308948,-3.3045543228386283
intermittent,titantpp,small_lmm,small_lmm,strict,308cec0b9c383d4eab5aac8b9015dae663b0ad73,42,shared,shared,validation_only,coupled,coupled,ce,0.0,mark_residual,global,1.0,coupled,none,0.25,1.0,1.0,,0.0014535461338152059,0.00001,8.0,mean,false,none,42,169,0.9420579694506205,-3.431840574820804,0.09894053425166893,-3.530781098482002,0.0036437678527086966,0.761292298235111,2.0841782805767144,0.042910489153210336,0.06234003132116465,0.15612082477296257,NaN,0.0,NaN,1.7672133047459002,0.9604913947963145,0.9353099669311438,0.9352831788877131,0.03950860520368546,1.0,0.9899319408589533,0.7257570602245662,-3.305331740794783
intermittent,titantpp,small_lmm,small_lmm,strict,308cec0b9c383d4eab5aac8b9015dae663b0ad73,42,shared,shared,validation_only,coupled,coupled,ce,0.0,mark_residual,global,1.0,coupled,none,0.25,1.0,1.0,,0.0014535461338152059,0.00001,8.0,mean,false,none,42,170,0.9429204831837343,-3.4368360195899332,0.09438564445828396,-3.5312216412615594,0.0035037476486300067,0.7332225588628424,2.0325045062496603,0.041328329121302076,0.05657181247896976,0.15328402672406985,NaN,0.0,NaN,1.7672133047459002,0.9613258387900562,0.9377321150326536,0.9360338975396179,0.03867416120994379,1.0,0.9884299460220606,0.7417488941816944,-3.3050178875383693
intermittent,titantpp,small_lmm,small_lmm,strict,308cec0b9c383d4eab5aac8b9015dae663b0ad73,42,shared,shared,validation_only,coupled,coupled,ce,0.0,mark_residual,global,1.0,coupled,none,0.25,1.0,1.0,,0.0014535461338152059,0.00001,8.0,mean,false,none,42,171,0.9439948358686607,-3.4336341742520924,0.09787351076876022,-3.531507663447176,0.003546841697232427,0.6903353662005083,1.8641738847095404,0.038910978492883684,0.0696533224235482,0.15415271108315542,NaN,0.0,NaN,1.7672133047459002,0.9623573042823202,0.9436831584406224,0.9389266749110085,0.03764269571767978,1.0,0.9843933348979113,0.8006124532153793,-3.3050096814747127
intermittent,titantpp,small_lmm,small_lmm,strict,308cec0b9c383d4eab5aac8b9015dae663b0ad73,42,shared,shared,validation_only,coupled,coupled,ce,0.0,mark_residual,global,1.0,coupled,none,0.25,1.0,1.0,,0.0014535461338152059,0.00001,8.0,mean,false,none,42,172,0.9439051571964603,-3.4433771136407056,0.08838065564907652,-3.5317577576260097,0.003318528885327525,0.7336560387486218,2.046366292594105,0.04135276235670981,0.06311576964232518,0.15962423026571274,NaN,0.0,NaN,1.7672133047459002,0.9623109462826679,0.9304491240529552,0.9345431360275092,0.0376890537173321,1.0,0.9933348979112885,0.642395372575706,-3.305256732263553
intermittent,titantpp,small_lmm,small_lmm,strict,308cec0b9c383d4eab5aac8b9015dae663b0ad73,42,shared,shared,validation_only,coupled,coupled,ce,0.0,mark_residual,global,1.0,coupled,none,0.25,1.0,1.0,,0.0014535461338152059,0.00001,8.0,mean,false,none,42,173,0.9419967614959827,-3.434751504364341,0.09693730882089267,-3.53168879553901,0.003583804876799549,0.729784253568274,1.9834593574379005,0.04113452791985812,0.05883139367036432,0.16142992525269173,NaN,0.0,NaN,1.7672133047459002,0.9603986787970099,0.9435386177925023,0.9361579664769418,0.03960132120299009,1.0,0.9806852851443323,0.8033344675059544,-3.305584907686757
intermittent,titantpp,small_lmm,small_lmm,strict,308cec0b9c383d4eab5aac8b9015dae663b0ad73,42,shared,shared,validation_only,coupled,coupled,ce,0.0,mark_residual,global,1.0,coupled,none,0.25,1.0,1.0,,0.0014535461338152059,0.00001,8.0,mean,false,none,42,174,0.9436903524021468,-3.439255340164131,0.0928845901940895,-3.5321399127469246,0.003467640854778651,0.7050813348874809,1.9731180183173118,0.039742139836381876,0.058574494633329505,0.15448397391740984,NaN,0.0,NaN,1.7672133047459002,0.9620675667844932,0.9390452726286556,0.9375706206528334,0.03793243321550675,1.0,0.9870922318704529,0.7601224906430759,-3.3059402156248203
intermittent,titantpp,small_lmm,small_lmm,strict,308cec0b9c383d4eab5aac8b9015dae663b0ad73,42,shared,shared,validation_only,coupled,coupled,ce,0.0,mark_residual,global,1.0,coupled,none,0.25,1.0,1.0,,0.0014535461338152059,0.00001,8.0,mean,false,none,42,175,0.9421301202896317,-3.4376942695758705,0.0944361050758236,-3.5321303539206492,0.0035179627549830855,0.6891414592238037,1.9681629924547843,0.03884368353601548,0.0608824872788213,0.16443502987408087,NaN,0.0,NaN,1.7672133047459002,0.9604913947963145,0.9495603978614289,0.9372558466134377,0.03950860520368546,1.0,0.9756160525698193,0.8373596461381422,-3.306591984354473
intermittent,titantpp,small_lmm,small_lmm,strict,308cec0b9c383d4eab5aac8b9015dae663b0ad73,42,shared,shared,validation_only,coupled,coupled,ce,0.0,mark_residual,global,1.0,coupled,none,0.25,1.0,1.0,,0.0014535461338152059,0.00001,8.0,mean,false,none,42,176,0.9443519430185889,-3.4417628412776677,0.09061834623952633,-3.5323811506474843,0.0033695819899869353,0.7156817134039948,2.01103770884898,0.04033963363529104,0.06835950161039246,0.1572677302937945,NaN,0.0,NaN,1.7672133047459002,0.9627397577794519,0.9367706205135085,0.9381320887933264,0.03726024222054818,1.0,0.9880544473128373,0.7560394692072133,-3.306171431885584
intermittent,titantpp,small_lmm,small_lmm,strict,308cec0b9c383d4eab5aac8b9015dae663b0ad73,42,shared,shared,validation_only,coupled,coupled,ce,0.0,mark_residual,global,1.0,coupled,none,0.25,1.0,1.0,,0.0014535461338152059,0.00001,8.0,mean,false,none,42,177,0.9440816131566239,-3.441636024709855,0.09114244149821571,-3.532778437452465,0.0033690914508505503,0.7078635774551527,1.9536661908421864,0.039898961847846394,0.06918486688935191,0.15522546359688538,NaN,0.0,NaN,1.7672133047459002,0.9624616097815379,0.9388396759488017,0.9373773672485977,0.03753839021846207,1.0,0.9869279511851679,0.7628445049336509,-3.305615047329579
intermittent,titantpp,small_lmm,small_lmm,strict,308cec0b9c383d4eab5aac8b9015dae663b0ad73,42,shared,shared,validation_only,coupled,coupled,ce,0.0,mark_residual,global,1.0,coupled,none,0.25,1.0,1.0,,0.0014535461338152059,0.00001,8.0,mean,false,none,42,178,0.9420285292222795,-3.4369193321184257,0.09611233685866362,-3.533031650323708,0.003598330627961877,0.6864270273583744,1.9241777111407297,0.038690683696940974,0.05614745666787737,0.1550438073220841,NaN,0.0,NaN,1.7672133047459002,0.9603870892970968,0.9439219763788044,0.9368025590123525,0.03961291070290317,1.0,0.9825627786904483,0.8166042871725077,-3.3068118665866333
intermittent,titantpp,small_lmm,small_lmm,strict,308cec0b9c383d4eab5aac8b9015dae663b0ad73,42,shared,shared,validation_only,coupled,coupled,ce,0.0,mark_residual,global,1.0,coupled,none,0.25,1.0,1.0,,0.0014535461338152059,0.00001,8.0,mean,false,none,42,179,0.9428402667671641,-3.433761517543011,0.09935396018255037,-3.533115464905885,0.0035916913317735905,0.7439019759546711,2.089856130021492,0.04193027795533586,0.0634336231412068,0.15398806385803593,NaN,0.0,NaN,1.7672133047459002,0.9612563017905777,0.9440249711392021,0.9367604045024341,0.038743698209422264,1.0,0.9832199014315889,0.7893841442667574,-3.307239638193376
intermittent,titantpp,small_lmm,small_lmm,strict,308cec0b9c383d4eab5aac8b9015dae663b0ad73,42,shared,shared,validation_only,coupled,coupled,ce,0.0,mark_residual,global,1.0,coupled,none,0.25,1.0,1.0,,0.0014535461338152059,0.00001,8.0,mean,false,none,42,180,0.9445732225628976,-3.442414732256238,0.0911040511097982,-3.5335187573888014,0.00338142839703626,0.7146026674438519,1.9449488420115464,0.04027881285715383,0.0704267997236595,0.1598267177166372,NaN,0.0,NaN,1.7672133047459002,0.9629599582778003,0.942820338692585,0.9386322549959838,0.037040041722199685,1.0,0.9842290542126262,0.7798570942497448,-3.3072997292089523
intermittent,titantpp,small_lmm,small_lmm,strict,308cec0b9c383d4eab5aac8b9015dae663b0ad73,42,shared,shared,validation_only,coupled,coupled,ce,0.0,mark_residual,global,1.0,coupled,none,0.25,1.0,1.0,,0.0014535461338152059,0.00001,8.0,mean,false,none,42,181,0.9419160918691036,-3.439138373504089,0.09443979626346073,-3.5335781699779267,0.0035653962079265204,0.6945588813165445,1.9730965856620104,0.039149038302493264,0.06546252135668996,0.1656087489303541,NaN,0.0,NaN,1.7672133047459002,0.9602827837978791,0.946373411801081,0.9370414624494506,0.039717216202120875,1.0,0.9764609246655714,0.8329363729159578,-3.3072039259425687
intermittent,titantpp,small_lmm,small_lmm,strict,308cec0b9c383d4eab5aac8b9015dae663b0ad73,42,shared,shared,validation_only,coupled,coupled,ce,0.0,mark_residual,global,1.0,coupled,none,0.25,1.0,1.0,,0.0014535461338152059,0.00001,8.0,mean,false,none,42,182,0.9433938521625699,-3.4415686954468008,0.09231544774039278,-3.53388413217437,0.0034332383033430845,0.6886650768113577,1.9728775078234575,0.03881683208567317,0.07189806765861222,0.15768295965497392,NaN,0.0,NaN,1.7672133047459002,0.9617546502868402,0.9479789796285449,0.9379060077338524,0.038245349713159876,1.0,0.9816709692560431,0.8138822728819326,-3.3076638790968955
intermittent,titantpp,small_lmm,small_lmm,strict,308cec0b9c383d4eab5aac8b9015dae663b0ad73,42,shared,shared,validation_only,coupled,coupled,ce,0.0,mark_residual,global,1.0,coupled,none,0.25,1.0,1.0,,0.0014535461338152059,0.00001,8.0,mean,false,none,42,183,0.9429607739153637,-3.442991754943349,0.09106943238183995,-3.534061174270569,0.0034142594724770963,0.7508793267989867,2.0454484042485963,0.04232355861562528,0.07304342413249792,0.15982047646308828,NaN,0.0,NaN,1.7672133047459002,0.9613837862896216,0.9362714098853555,0.9366185768164382,0.0386162137103784,1.0,0.9890166627552218,0.7329023477373257,-3.3083607388565848
intermittent,titantpp,small_lmm,small_lmm,strict,308cec0b9c383d4eab5aac8b9015dae663b0ad73,42,shared,shared,validation_only,coupled,coupled,ce,0.0,mark_residual,global,1.0,coupled,none,0.25,1.0,1.0,,0.0014535461338152059,0.00001,8.0,mean,false,none,42,184,0.9438120265959782,-3.442477216630502,0.09181433137678512,-3.534291537377085,0.003415885539840611,0.6761231403607251,1.9427510079650316,0.038109901739375465,0.0539425352574804,0.1530057122442596,NaN,0.0,NaN,1.7672133047459002,0.9621602827837978,0.940846833648656,0.9366793566948365,0.03783971721620212,1.0,0.9860596104200892,0.7638652602926166,-3.3079718724183826
intermittent,titantpp,small_lmm,small_lmm,strict,308cec0b9c383d4eab5aac8b9015dae663b0ad73,42,shared,shared,validation_only,coupled,coupled,ce,0.0,mark_residual,global,1.0,coupled,none,0.25,1.0,1.0,,0.0014535461338152059,0.00001,8.0,mean,false,none,42,185,0.9441882778118431,-3.445146346403079,0.0895385486860157,-3.5346848755271862,0.0033321471780792004,0.7286834212797931,2.0585014320327635,0.04107247914820513,0.05723039327742928,0.15665985374652044,NaN,0.0,NaN,1.7672133047459002,0.9625890942805818,0.9424378754884858,0.9379278941412914,0.03741090571941821,1.0,0.9851678009856841,0.7659067710105478,-3.309143318078918
intermittent,titantpp,small_lmm,small_lmm,strict,308cec0b9c383d4eab5aac8b9015dae663b0ad73,42,shared,shared,validation_only,coupled,coupled,ce,0.0,mark_residual,global,1.0,coupled,none,0.25,1.0,1.0,,0.0014535461338152059,0.00001,8.0,mean,false,none,42,186,0.9441694388843256,-3.44263260038895,0.09205774683176093,-3.5346903348967933,0.0034189567554328585,0.689574849231844,1.94702303473234,0.03886811170543508,0.0582860378109097,0.15588017859906442,NaN,0.0,NaN,1.7672133047459002,0.9625311467810164,0.9330302883642252,0.9356496602292734,0.0374688532189836,1.0,0.9910819056559493,0.6811840762164001,-3.308778558812929
intermittent,titantpp,small_lmm,small_lmm,strict,308cec0b9c383d4eab5aac8b9015dae663b0ad73,42,shared,shared,validation_only,coupled,coupled,ce,0.0,mark_residual,global,1.0,coupled,none,0.25,1.0,1.0,,0.0014535461338152059,0.00001,8.0,mean,false,none,42,187,0.9443650793102835,-3.4413678219374066,0.09387195711382182,-3.5352397664270128,0.0034820419557066063,0.656187422057116,1.8175870496296478,0.03698621846291037,0.05561514356538775,0.15103595546413243,NaN,0.0,NaN,1.7672133047459002,0.9626933997797995,0.940624754177091,0.938112383406136,0.0373066002202005,1.0,0.9872330438864116,0.7519564477713508,-3.3089550864556987
intermittent,titantpp,small_lmm,small_lmm,strict,308cec0b9c383d4eab5aac8b9015dae663b0ad73,42,shared,shared,validation_only,coupled,coupled,ce,0.0,mark_residual,global,1.0,coupled,none,0.25,1.0,1.0,,0.0014535461338152059,0.00001,8.0,mean,false,none,42,188,0.9397542887987818,-3.436355068695091,0.09803347605503843,-3.5343885253421705,0.003688917260817386,0.7007149678058031,1.9561670939590952,0.03949602812904997,0.07101318317430351,0.16770976490656753,NaN,0.0,NaN,1.7672133047459002,0.9581271368140465,0.9496675845010264,0.9348732464648523,0.04187286318595353,1.0,0.9708753813658766,0.8513099693773393,-3.310251825187544
intermittent,titantpp,small_lmm,small_lmm,strict,308cec0b9c383d4eab5aac8b9015dae663b0ad73,42,shared,shared,validation_only,coupled,coupled,ce,0.0,mark_residual,global,1.0,coupled,none,0.25,1.0,1.0,,0.0014535461338152059,0.00001,8.0,mean,false,none,42,189,0.9431866810213354,-3.4365312831719725,0.09896622686776671,-3.535497488983538,0.003568937318530752,0.7219937193495253,2.0381869283942513,0.04069541191294944,0.05781022960219411,0.15863821526097874,NaN,0.0,NaN,1.7672133047459002,0.9615808077881439,0.9384792546997444,0.9371590681558651,0.03841919221185606,1.0,0.9875381365876554,0.7584212317114665,-3.3098654133910785
intermittent,titantpp,small_lmm,small_lmm,strict,308cec0b9c383d4eab5aac8b9015dae663b0ad73,42,shared,shared,validation_only,coupled,coupled,ce,0.0,mark_residual,global,1.0,coupled,none,0.25,1.0,1.0,,0.0014535461338152059,0.00001,8.0,mean,false,none,42,190,0.9428819095609383,-3.4432087688862727,0.0926240689024962,-3.5358328246362944,0.0034855125651060493,0.7254381820066451,2.0124690300923116,0.040889560176145624,0.057591669354452875,0.15528429690468834,NaN,0.0,NaN,1.7672133047459002,0.9612794807904039,0.927720100746794,0.9332867969282331,0.038720519209596106,1.0,0.9932410232339827,0.650901667233753,-3.3094207878540645
intermittent,titantpp,small_lmm,small_lmm,strict,308cec0b9c383d4eab5aac8b9015dae663b0ad73,42,shared,shared,validation_only,coupled,coupled,ce,0.0,mark_residual,global,1.0,coupled,none,0.25,1.0,1.0,,0.0014535461338152059,0.00001,8.0,mean,false,none,42,191,0.9439531393528862,-3.445353900595309,0.09061011259599,-3.5359639887697294,0.0033865070671467677,0.76680038171426,2.0536203857348556,0.04322095407835792,0.060107063237199256,0.1551373652992613,NaN,0.0,NaN,1.7672133047459002,0.9623920727820594,0.9329620240544796,0.9359376334346953,0.03760792721794055,1.0,0.9922788077915983,0.6910513780197346,-3.310705280738007
intermittent,titantpp,small_lmm,small_lmm,strict,308cec0b9c383d4eab5aac8b9015dae663b0ad73,42,shared,shared,validation_only,coupled,coupled,ce,0.0,mark_residual,global,1.0,coupled,none,0.25,1.0,1.0,,0.0014535461338152059,0.00001,8.0,mean,false,none,42,192,0.9433575080097679,-3.444228694261678,0.09203460030717507,-3.536263283458046,0.0034337738253657282,0.7250092296132816,2.104893525988454,0.04086538213432733,0.06117717095568648,0.1596238944763874,NaN,0.0,NaN,1.7672133047459002,0.9617546502868402,0.9474939323020194,0.93823248446065,0.038245349713159876,1.0,0.9826331846984276,0.7927866621299762,-3.310750914720627
intermittent,titantpp,small_lmm,small_lmm,strict,308cec0b9c383d4eab5aac8b9015dae663b0ad73,42,shared,shared,validation_only,coupled,coupled,ce,0.0,mark_residual,global,1.0,coupled,none,0.25,1.0,1.0,,0.0014535461338152059,0.00001,8.0,mean,false,none,42,193,0.944290107703144,-3.4419778362185087,0.0942495384234295,-3.5362273544786342,0.0034351980443813298,0.7195695292834315,2.041725059676084,0.04055877164773515,0.058406222122890025,0.15371790649085623,NaN,0.0,NaN,1.7672133047459002,0.9626818102798864,0.9334769757767973,0.9359030359970042,0.037318189720113575,1.0,0.9908706876320112,0.7012589316093909,-3.3106772398142574
intermittent,titantpp,small_lmm,small_lmm,strict,308cec0b9c383d4eab5aac8b9015dae663b0ad73,42,shared,shared,validation_only,coupled,coupled,ce,0.0,mark_residual,global,1.0,coupled,none,0.25,1.0,1.0,,0.0014535461338152059,0.00001,8.0,mean,false,none,42,194,0.9452224615974347,-3.44629411433783,0.08987286202911758,-3.5361669643084004,0.003332805500401733,0.6911966282128942,1.9114846220739639,0.03895952380764155,0.0645704682666208,0.15272411561051294,NaN,0.0,NaN,1.7672133047459002,0.9635857912731066,0.9334960002617277,0.9376968147026433,0.03641420872689344,1.0,0.992842055855433,0.6866281047975502,-3.310902956635806
intermittent,titantpp,small_lmm,small_lmm,strict,308cec0b9c383d4eab5aac8b9015dae663b0ad73,42,shared,shared,validation_only,coupled,coupled,ce,0.0,mark_residual,global,1.0,coupled,none,0.25,1.0,1.0,,0.0014535461338152059,0.00001,8.0,mean,false,none,42,195,0.9425805136606109,-3.436419217238498,0.09773955616074397,-3.534158750632315,0.0036306179884025734,0.6791490849416847,1.9030424523598746,0.03828046009445209,0.06399505529245082,0.15505048834395335,NaN,0.0,NaN,1.7672133047459002,0.9609317957930116,0.9445708774886347,0.9377494561498924,0.03906820420698847,1.0,0.9816005632480639,0.8077577407281388,-3.3105626695332817
intermittent,titantpp,small_lmm,small_lmm,strict,308cec0b9c383d4eab5aac8b9015dae663b0ad73,42,shared,shared,validation_only,coupled,coupled,ce,0.0,mark_residual,global,1.0,coupled,none,0.25,1.0,1.0,,0.0014535461338152059,0.00001,8.0,mean,false,none,42,196,0.9421646014419445,-3.4393123395267367,0.0969444593819099,-3.5362567832422,0.003597402545194062,0.7126078064764831,2.047361447667025,0.04016637186687863,0.056504419458253005,0.15777227616779171,NaN,0.0,NaN,1.7672133047459002,0.96054934229588,0.9425332030294271,0.9364037213344457,0.03945065770412007,1.0,0.9832433701009152,0.7985709424974481,-3.3112047720792543
intermittent,titantpp,small_lmm,small_lmm,strict,308cec0b9c383d4eab5aac8b9015dae663b0ad73,42,shared,shared,validation_only,coupled,coupled,ce,0.0,mark_residual,global,1.0,coupled,none,0.25,1.0,1.0,,0.0014535461338152059,0.00001,8.0,mean,false,none,42,197,0.9412166577025942,-3.436713859662884,0.09975496209752464,-3.536468809761896,0.0036888643067505516,0.6986230530412503,1.9619711968663895,0.03937811666978276,0.06610313210943562,0.16171338308125047,NaN,0.0,NaN,1.7672133047459002,0.9595874138030944,0.9483729827133828,0.9360619409289868,0.0404125861969056,1.0,0.9757803332551044,0.829533855052739,-3.311064989576104
intermittent,titantpp,small_lmm,small_lmm,strict,308cec0b9c383d4eab5aac8b9015dae663b0ad73,42,shared,shared,validation_only,coupled,coupled,ce,0.0,mark_residual,global,1.0,coupled,none,0.25,1.0,1.0,,0.0014535461338152059,0.00001,8.0,mean,false,none,42,198,0.9443979945771518,-3.4450462323624422,0.09135734396299383,-3.5364035655071016,0.0033773679885050244,0.692809154667224,1.9525670876929582,0.03905041438815601,0.0633643761290151,0.15552493095554465,NaN,0.0,NaN,1.7672133047459002,0.9627629367792779,0.9395522423922108,0.9381356158549153,0.037237063220722025,1.0,0.9878901666275522,0.7441306566859476,-3.311407496389704
intermittent,titantpp,small_lmm,small_lmm,strict,308cec0b9c383d4eab5aac8b9015dae663b0ad73,42,shared,shared,validation_only,coupled,coupled,ce,0.0,mark_residual,global,1.0,coupled,none,0.25,1.0,1.0,,0.0014535461338152059,0.00001,8.0,mean,false,none,42,199,0.9429154138388997,-3.4397830067652433,0.09650207476522787,-3.5362850668671135,0.0035778071713568364,0.6919339040453495,1.931933106010846,0.03900108060085335,0.05593321070220964,0.15624935822389754,NaN,0.0,NaN,1.7672133047459002,0.9612794807904039,0.94394609783133,0.9380253374904969,0.038720519209596106,1.0,0.9825627786904483,0.8094589996597482,-3.3111098330414652
intermittent,titantpp,small_lmm,small_lmm,strict,308cec0b9c383d4eab5aac8b9015dae663b0ad73,42,shared,shared,validation_only,coupled,coupled,ce,0.0,mark_residual,global,1.0,coupled,none,0.25,1.0,1.0,,0.0014535461338152059,0.00001,8.0,mean,false,none,42,200,0.942463555811032,-3.437811714858067,0.09838582939279059,-3.536197523842227,0.0035815186745704786,0.6918014353027748,1.9489799174049578,0.03899361395689206,0.05692250125134759,0.15677859146332196,NaN,0.0,NaN,1.7672133047459002,0.9608274902937938,0.9290961635693668,0.9315917408057905,0.03917250970620618,1.0,0.9899319408589533,0.6733582851309969,-3.311166323750475
intermittent,titantpp,small_lmm,small_lmm,strict,308cec0b9c383d4eab5aac8b9015dae663b0ad73,42,shared,shared,validation_only,coupled,coupled,ce,0.0,mark_residual,global,1.0,coupled,none,0.25,1.0,1.0,,0.0014535461338152059,0.00001,8.0,mean,false,none,42,201,0.943719007657045,-3.444664889740876,0.0915767649302078,-3.5362416311771243,0.0034073313835434296,0.7227840796416097,2.031074858785807,0.04073996082907435,0.05949574139522029,0.1551495197518065,NaN,0.0,NaN,1.7672133047459002,0.9621139247841456,0.9362604912474054,0.935690755370033,0.03788607521585444,1.0,0.988664632715325,0.7329023477373257,-3.3109893612805825
intermittent,titantpp,small_lmm,small_lmm,strict,308cec0b9c383d4eab5aac8b9015dae663b0ad73,42,shared,shared,validation_only,coupled,coupled,ce,0.0,mark_residual,global,1.0,coupled,none,0.25,1.0,1.0,,0.0014535461338152059,0.00001,8.0,mean,false,none,42,202,0.9419585202839917,-3.4357706286024783,0.10036915994344321,-3.536139767773839,0.0036645066985302073,0.6868989661677022,1.9485506905257486,0.03871728468214152,0.05627847206843316,0.16016422230014118,NaN,0.0,NaN,1.7672133047459002,0.9603175522976184,0.9404417416435281,0.9357493961143781,0.03968244770238164,1.0,0.9804975357897208,0.80435522286492,-3.3102939294745615
intermittent,titantpp,small_lmm,small_lmm,strict,308cec0b9c383d4eab5aac8b9015dae663b0ad73,42,shared,shared,validation_only,coupled,coupled,ce,0.0,mark_residual,global,1.0,coupled,none,0.25,1.0,1.0,,0.0014535461338152059,0.00001,8.0,mean,false,none,42,203,0.9438437333264494,-3.4419505203157765,0.0940860699278202,-3.5360365591796903,0.003467239937956132,0.6791849096286834,1.9002785359641017,0.038282479364641,0.058244241572285735,0.15285482914709014,NaN,0.0,NaN,1.7672133047459002,0.9621950512835371,0.937726613437868,0.9373900384312392,0.03780494871646289,1.0,0.9869279511851679,0.7587614834977884,-3.310755737581241
intermittent,titantpp,small_lmm,small_lmm,strict,308cec0b9c383d4eab5aac8b9015dae663b0ad73,42,shared,shared,validation_only,coupled,coupled,ce,0.0,mark_residual,global,1.0,coupled,none,0.25,1.0,1.0,,0.0014535461338152059,0.00001,8.0,mean,false,none,42,204,0.942111244495259,-3.4401846651421115,0.09610490818898858,-3.5362895467987743,0.0035846059264815528,0.7311962534228116,2.064734020534286,0.04121411575305035,0.06304096312527585,0.1584756632330823,NaN,0.0,NaN,1.7672133047459002,0.9605145737961407,0.9424770198849628,0.9367119497927094,0.0394854262038593,1.0,0.9826331846984276,0.7975501871384825,-3.3100338221681445
intermittent,titantpp,small_lmm,small_lmm,strict,308cec0b9c383d4eab5aac8b9015dae663b0ad73,42,shared,shared,validation_only,coupled,coupled,ce,0.0,mark_residual,global,1.0,coupled,none,0.25,1.0,1.0,,0.0014535461338152059,0.00001,8.0,mean,false,none,42,205,0.9426924804795954,-3.4368195306897653,0.0995009343963646,-3.5363204452055745,0.003601859967873901,0.6830772650879449,1.957831669826195,0.03850187325198531,0.05870506617149348,0.15647823546306883,NaN,0.0,NaN,1.7672133047459002,0.9610476907921424,0.9359157835327481,0.9350764781306206,0.03895230920785768,1.0,0.9867871391692091,0.7492344334807758,-3.310858459636976
intermittent,titantpp,small_lmm,small_lmm,strict,308cec0b9c383d4eab5aac8b9015dae663b0ad73,42,shared,shared,validation_only,coupled,coupled,ce,0.0,mark_residual,global,1.0,coupled,none,0.25,1.0,1.0,,0.0014535461338152059,0.00001,8.0,mean,false,none,42,206,0.9442101097645307,-3.4436506876271564,0.0925500122058532,-3.5362006898398,0.0034049324905037447,0.7416199683314121,2.0705532322677254,0.041801651849972116,0.05790195633087539,0.15668002765610198,NaN,0.0,NaN,1.7672133047459002,0.9626238627803211,0.9361414815576262,0.9372690743071627,0.03737613721967897,1.0,0.9889462567472425,0.7308608370193943,-3.3111544190984707
intermittent,titantpp,small_lmm,small_lmm,strict,308cec0b9c383d4eab5aac8b9015dae663b0ad73,42,shared,shared,validation_only,coupled,coupled,ce,0.0,mark_residual,global,1.0,coupled,none,0.25,1.0,1.0,,0.0014535461338152059,0.00001,8.0,mean,false,none,42,207,0.9409478883309224,-3.4359309523463586,0.10023358754842598,-3.536164522831414,0.003686127182102968,0.7008339267123261,1.96895063030702,0.03950273328668767,0.05855301325060218,0.1614666892939271,NaN,0.0,NaN,1.7672133047459002,0.9593208553050936,0.9433808577987565,0.935272256857126,0.04067914469490642,1.0,0.9792536963154189,0.8169445389588296,-3.3112785288354356
intermittent,titantpp,small_lmm,small_lmm,strict,308cec0b9c383d4eab5aac8b9015dae663b0ad73,42,shared,shared,validation_only,coupled,coupled,ce,0.0,mark_residual,global,1.0,coupled,none,0.25,1.0,1.0,,0.0014535461338152059,0.00001,8.0,mean,false,none,42,208,0.9423605248879163,-3.442019513084817,0.09413252785087785,-3.5361520186618396,0.0035319299415255186,0.6557583594616481,1.8378640845628482,0.03696203420951445,0.06156741011189013,0.1546251792427489,NaN,0.0,NaN,1.7672133047459002,0.9606884162948369,0.9447062687413555,0.9369514640965725,0.03931158370516312,1.0,0.9825862473597747,0.8050357264375638,-3.310675268365441
intermittent,titantpp,small_lmm,small_lmm,strict,308cec0b9c383d4eab5aac8b9015dae663b0ad73,42,shared,shared,validation_only,coupled,coupled,ce,0.0,mark_residual,global,1.0,coupled,none,0.25,1.0,1.0,,0.0014535461338152059,0.00001,8.0,mean,false,none,42,209,0.9428910724850977,-3.4378674437896524,0.09825315088393749,-3.536120567845671,0.003560049447063058,0.6930962580210669,1.9556334311232313,0.03906659706251051,0.05528761928559676,0.15072258311231787,NaN,0.0,NaN,1.7672133047459002,0.9612563017905777,0.9377098502062449,0.936182452868933,0.038743698209422264,1.0,0.9868106078385356,0.7591017352841103,-3.3112276019758613
intermittent,titantpp,small_lmm,small_lmm,strict,308cec0b9c383d4eab5aac8b9015dae663b0ad73,42,shared,shared,validation_only,coupled,coupled,ce,0.0,mark_residual,global,1.0,coupled,none,0.25,1.0,1.0,,0.0014535461338152059,0.00001,8.0,mean,false,none,42,210,0.943746727940251,-3.4421010145771067,0.09434461767326578,-3.5364456076842234,0.0034576656487841795,0.7298322961747236,2.0361747356359565,0.04113723585706925,0.05656206385384859,0.15487075708769407,NaN,0.0,NaN,1.7672133047459002,0.9621486932838847,0.9353650900068013,0.9360425145499521,0.0378513067161152,1.0,0.9885472893686928,0.7352841102415788,-3.310867414595402
intermittent,titantpp,small_lmm,small_lmm,strict,308cec0b9c383d4eab5aac8b9015dae663b0ad73,42,shared,shared,validation_only,coupled,coupled,ce,0.0,mark_residual,global,1.0,coupled,none,0.25,1.0,1.0,,0.0014535461338152059,0.00001,8.0,mean,false,none,42,211,0.9427437899289792,-3.439763444797834,0.09659154937748454,-3.5363549750131824,0.0035729830433024012,0.6433573156172122,1.8148782392569611,0.03626304532100371,0.054346931532622,0.1490748269564647,NaN,0.0,NaN,1.7672133047459002,0.9610592802920555,0.936822647135371,0.9352412106525657,0.038940719707944604,1.0,0.9861769537667214,0.759782238856754,-3.311432562196828
intermittent,titantpp,small_lmm,small_lmm,strict,308cec0b9c383d4eab5aac8b9015dae663b0ad73,42,shared,shared,validation_only,coupled,coupled,ce,0.0,mark_residual,global,1.0,coupled,none,0.25,1.0,1.0,,0.0014535461338152059,0.00001,8.0,mean,false,none,42,212,0.9433034586566539,-3.443635171312318,0.09294857766191929,-3.536583730893595,0.003483249918064309,0.6863425834227141,1.9329303699380505,0.03868592398691422,0.05814676886880882,0.15491114893010013,NaN,0.0,NaN,1.7672133047459002,0.9616619342875355,0.9380777655661188,0.9376042559390334,0.03833806571246451,1.0,0.9866697958225769,0.7713507995916978,-3.3113258947631627
intermittent,titantpp,small_lmm,small_lmm,strict,308cec0b9c383d4eab5aac8b9015dae663b0ad73,42,shared,shared,validation_only,coupled,coupled,ce,0.0,mark_residual,global,1.0,coupled,none,0.25,1.0,1.0,,0.0014535461338152059,0.00001,8.0,mean,false,none,42,213,0.9428468307449333,-3.4392235834559717,0.09717111958760376,-3.536394677662577,0.003576636536270744,0.7141589983594012,1.9547811775459174,0.040253805304233524,0.07767314322337274,0.157602507811623,NaN,0.0,NaN,1.7672133047459002,0.9612331227907516,0.9371890444195886,0.9355730570693582,0.03876687720924842,1.0,0.9864585777986388,0.7519564477713508,-3.3109532098621326
intermittent,titantpp,small_lmm,small_lmm,strict,308cec0b9c383d4eab5aac8b9015dae663b0ad73,42,shared,shared,validation_only,coupled,coupled,ce,0.0,mark_residual,global,1.0,coupled,none,0.25,1.0,1.0,,0.0014535461338152059,0.00001,8.0,mean,false,none,42,214,0.9430774278601013,-3.4417492380809236,0.09485946267777622,-3.53660869095495,0.0035033163558977768,0.7153518814528577,1.9928674321969881,0.04032104254958788,0.06067080613241457,0.15531156662227077,NaN,0.0,NaN,1.7672133047459002,0.9614649127890131,0.9381747437627745,0.935784184187503,0.03853508721098685,1.0,0.9863412344520066,0.751275944198707,-3.3110477615859946
intermittent,titantpp,small_lmm,small_lmm,strict,308cec0b9c383d4eab5aac8b9015dae663b0ad73,42,shared,shared,validation_only,coupled,coupled,ce,0.0,mark_residual,global,1.0,coupled,none,0.25,1.0,1.0,,0.0014535461338152059,0.00001,8.0,mean,false,none,42,215,0.9438355743282536,-3.4441193127415235,0.09252797736018721,-3.5366472675203897,0.0034098691208360814,0.756880907303089,2.1598910598107253,0.04266183966184159,0.06266284031505179,0.15482517773012802,NaN,0.0,NaN,1.7672133047459002,0.9622645882830156,0.9454784055644428,0.9392635260539637,0.03773541171698441,1.0,0.9848627082844402,0.7880231371214699,-3.3112431100348036
intermittent,titantpp,small_lmm,small_lmm,strict,308cec0b9c383d4eab5aac8b9015dae663b0ad73,42,shared,shared,validation_only,coupled,coupled,ce,0.0,mark_residual,global,1.0,coupled,none,0.25,1.0,1.0,,0.0014535461338152059,0.00001,8.0,mean,false,none,42,216,0.9425094182370637,-3.4375814086061687,0.09909149274638432,-3.5366728957340285,0.003590720736659085,0.7386550085758868,2.08102660709395,0.041634530924508764,0.058003593875489104,0.1571043262187479,NaN,0.0,NaN,1.7672133047459002,0.9609202062930985,0.9347368124074483,0.9347001686059093,0.039079793706901546,1.0,0.9911992490025816,0.6903708744470909,-3.3115685606963923
intermittent,titantpp,small_lmm,small_lmm,strict,308cec0b9c383d4eab5aac8b9015dae663b0ad73,42,shared,shared,validation_only,coupled,coupled,ce,0.0,mark_residual,global,1.0,coupled,none,0.25,1.0,1.0,,0.0014535461338152059,0.00001,8.0,mean,false,none,42,217,0.9437193792367297,-3.4449578456698506,0.0915451209189777,-3.5365029536124184,0.003393806089495505,0.7108230000438327,1.9800123884071867,0.04006577066909116,0.056951081895079435,0.15361227384856682,NaN,0.0,NaN,1.7672133047459002,0.9621023352842325,0.9379830557054878,0.9372202806759675,0.03789766471576751,1.0,0.9872799812250646,0.7424293977543382,-3.31121447593245
intermittent,titantpp,small_lmm,small_lmm,strict,308cec0b9c383d4eab5aac8b9015dae663b0ad73,42,shared,shared,validation_only,coupled,coupled,ce,0.0,mark_residual,global,1.0,coupled,none,0.25,1.0,1.0,,0.0014535461338152059,0.00001,8.0,mean,false,none,42,218,0.9442629031323694,-3.446653043772701,0.09004144299122999,-3.5366944599477663,0.0033711025049866076,0.6772371005796437,1.9169189589959335,0.03817269047111731,0.05554790166076865,0.15348453198514098,NaN,0.0,NaN,1.7672133047459002,0.962612273280408,0.9399493396860166,0.9379773172838539,0.03738772671959205,1.0,0.9867636704998827,0.7601224906430759,-3.3111939302346487
intermittent,titantpp,small_lmm,small_lmm,strict,308cec0b9c383d4eab5aac8b9015dae663b0ad73,42,shared,shared,validation_only,coupled,coupled,ce,0.0,mark_residual,global,1.0,coupled,none,0.25,1.0,1.0,,0.0014535461338152059,0.00001,8.0,mean,false,none,42,219,0.9434242792416111,-3.4419203754316072,0.09486824513617605,-3.536788596870408,0.0034740564249867373,0.7161854973354407,2.00701129968257,0.040368029581205625,0.061565389374547676,0.15864512333647654,NaN,0.0,NaN,1.7672133047459002,0.9618125977864055,0.942535081943764,0.9363913077779701,0.038187402213594485,1.0,0.9841586482046468,0.7754338210275604,-3.311839988699815
intermittent,titantpp,small_lmm,small_lmm,strict,308cec0b9c383d4eab5aac8b9015dae663b0ad73,42,shared,shared,validation_only,coupled,coupled,ce,0.0,mark_residual,global,1.0,coupled,none,0.25,1.0,1.0,,0.0014535461338152059,0.00001,8.0,mean,false,none,42,220,0.9440298920462802,-3.4437093607967793,0.0927923187360702,-3.5365016586446067,0.0034563104144616744,0.7132266881464945,2.001377088919018,0.04020125533443729,0.06837431151710656,0.1545141996880558,NaN,0.0,NaN,1.7672133047459002,0.9624152517818856,0.9362646370257264,0.9374448838748717,0.03758474821811439,1.0,0.9903074395681765,0.7257570602245662,-3.3112282449929396
intermittent,titantpp,small_lmm,small_lmm,strict,308cec0b9c383d4eab5aac8b9015dae663b0ad73,42,shared,shared,validation_only,coupled,coupled,ce,0.0,mark_residual,global,1.0,coupled,none,0.25,1.0,1.0,,0.0014535461338152059,0.00001,8.0,mean,false,none,42,221,0.9423798058552932,-3.43746164161305,0.09906215247118892,-3.5365237775666554,0.00361134000779383,0.7523723912154798,2.1556509429953756,0.042407715679341144,0.06549118925040336,0.158362647361938,NaN,0.0,NaN,1.7672133047459002,0.9608043112939677,0.9368969469707794,0.9361425993401787,0.039195688706032336,1.0,0.9862708284440272,0.7696495406600885,-3.312302282789749
intermittent,titantpp,small_lmm,small_lmm,strict,308cec0b9c383d4eab5aac8b9015dae663b0ad73,42,shared,shared,validation_only,coupled,coupled,ce,0.0,mark_residual,global,1.0,coupled,none,0.25,1.0,1.0,,0.0014535461338152059,0.00001,8.0,mean,false,none,42,222,0.9434359019585098,-3.4429136853743905,0.09378394200096624,-3.5366976331958506,0.0034604389781598536,0.6813837806105151,1.9429159317850366,0.03840641944604461,0.056163821451397464,0.1523794259935668,NaN,0.0,NaN,1.7672133047459002,0.9617894187865793,0.9350220506082358,0.9359917074551171,0.03821058121342064,1.0,0.9894860361417508,0.7169105137801973,-3.3120842885288986
intermittent,titantpp,small_lmm,small_lmm,strict,308cec0b9c383d4eab5aac8b9015dae663b0ad73,42,shared,shared,validation_only,coupled,coupled,ce,0.0,mark_residual,global,1.0,coupled,none,0.25,1.0,1.0,,0.0014535461338152059,0.00001,8.0,mean,false,none,42,223,0.9437408022773137,-3.4437338708401306,0.09294227171669196,-3.536676110628341,0.0034306043665397216,0.7009894593728958,1.9917451052046595,0.03951149993592321,0.05787045131133372,0.15538535821772215,NaN,0.0,NaN,1.7672133047459002,0.9621139247841456,0.9377183347243255,0.9374060375597603,0.03788607521585444,1.0,0.9862473597747008,0.7703300442327322,-3.3113965004566275
intermittent,titantpp,small_lmm,small_lmm,strict,308cec0b9c383d4eab5aac8b9015dae663b0ad73,42,shared,shared,validation_only,coupled,coupled,ce,0.0,mark_residual,global,1.0,coupled,none,0.25,1.0,1.0,,0.0014535461338152059,0.00001,8.0,mean,false,none,42,224,0.9438774724036274,-3.4422810199660403,0.0941558438607159,-3.536436830586835,0.0034626880940412763,0.691803832103046,1.9477046346503724,0.038993749053322535,0.07041756912945886,0.15715364201599477,NaN,0.0,NaN,1.7672133047459002,0.9622414092831895,0.9318612111405192,0.9356505718948218,0.03775859071681057,1.0,0.9925839004928421,0.6794828172847908,-3.311295667612351
intermittent,titantpp,small_lmm,small_lmm,strict,308cec0b9c383d4eab5aac8b9015dae663b0ad73,42,shared,shared,validation_only,coupled,coupled,ce,0.0,mark_residual,global,1.0,coupled,none,0.25,1.0,1.0,,0.0014535461338152059,0.00001,8.0,mean,false,none,42,225,0.9441284710512395,-3.4418480177180424,0.09457418547383373,-3.5364221879143756,0.00343290791715032,0.6610056828394227,1.8312539483582004,0.037257801306340974,0.05746574271849162,0.1520270969798222,NaN,0.0,NaN,1.7672133047459002,0.9624616097815379,0.9425136096843713,0.9382177397804369,0.03753839021846207,1.0,0.985214738324337,0.7744130656685948,-3.311629201330351
intermittent,titantpp,small_lmm,small_lmm,strict,308cec0b9c383d4eab5aac8b9015dae663b0ad73,42,shared,shared,validation_only,coupled,coupled,ce,0.0,mark_residual,global,1.0,coupled,none,0.25,1.0,1.0,,0.0014535461338152059,0.00001,8.0,mean,false,none,42,226,0.9417328738030922,-3.43855202016075,0.0978148501441608,-3.536366857495639,0.0036196516892041506,0.738702948370973,2.013847879418267,0.04163723306672381,0.06128798793612125,0.16202580096966754,NaN,0.0,NaN,1.7672133047459002,0.9601437097989222,0.9462614053153996,0.9371147010876693,0.039856290201077824,1.0,0.9798404130485802,0.8176250425314733,-3.311341256562073
intermittent,titantpp,small_lmm,small_lmm,strict,308cec0b9c383d4eab5aac8b9015dae663b0ad73,42,shared,shared,validation_only,coupled,coupled,ce,0.0,mark_residual,global,1.0,coupled,none,0.25,1.0,1.0,,0.0014535461338152059,0.00001,8.0,mean,false,none,42,227,0.9446958994569982,-3.443422813435422,0.09282614199264723,-3.5362489323533963,0.003407184203560163,0.6730522727347362,1.8603536384224033,0.03793681128218652,0.05662734697514008,0.1506469773623236,NaN,0.0,NaN,1.7672133047459002,0.9630410847771919,0.9415628467838746,0.9388758635232117,0.036958915222808135,1.0,0.9877258859422671,0.7482136781218102,-3.3111277780700257
intermittent,titantpp,small_lmm,small_lmm,strict,308cec0b9c383d4eab5aac8b9015dae663b0ad73,42,shared,shared,validation_only,coupled,coupled,ce,0.0,mark_residual,global,1.0,coupled,none,0.25,1.0,1.0,,0.0014535461338152059,0.00001,8.0,mean,false,none,42,228,0.9407288660766422,-3.438507837491274,0.09791457773942193,-3.5364223884086923,0.0036735518375415133,0.6764766828178109,1.876701963120826,0.03812982927549418,0.060372309999200124,0.16027182449068159,NaN,0.0,NaN,1.7672133047459002,0.9590774758069189,0.9471040004505359,0.935685948597334,0.04092252419308107,1.0,0.9773292654306501,0.8172847907451514,-3.3114892059866876
intermittent,titantpp,small_lmm,small_lmm,strict,308cec0b9c383d4eab5aac8b9015dae663b0ad73,42,shared,shared,validation_only,coupled,coupled,ce,0.0,mark_residual,global,1.0,coupled,none,0.25,1.0,1.0,,0.0014535461338152059,0.00001,8.0,mean,false,none,42,229,0.9423376491592237,-3.439430555396791,0.09713481595798978,-3.5365653505826553,0.0035613241956689926,0.6670445882411284,1.8764788154555612,0.03759818618260715,0.059163535280244796,0.15461390396982316,NaN,0.0,NaN,1.7672133047459002,0.9606768267949238,0.9390059123357068,0.9349265826703268,0.0393231732050762,1.0,0.9846280215911758,0.754338210275604,-3.3121803040157216
intermittent,titantpp,small_lmm,small_lmm,strict,308cec0b9c383d4eab5aac8b9015dae663b0ad73,42,shared,shared,validation_only,coupled,coupled,ce,0.0,mark_residual,global,1.0,coupled,none,0.25,1.0,1.0,,0.0014535461338152059,0.00001,8.0,mean,false,none,42,230,0.9409991303990682,-3.438320202398336,0.0982424015414684,-3.5365626010915774,0.0036461803649877472,0.6843603583056964,1.972490659990005,0.038574195220473,0.06602128167524601,0.16424424952997504,NaN,0.0,NaN,1.7672133047459002,0.9593556238048329,0.9474487286403108,0.9351268197483189,0.04064437619516718,1.0,0.9747711804740671,0.8298741068390609,-3.312255638318502
intermittent,titantpp,small_lmm,small_lmm,strict,308cec0b9c383d4eab5aac8b9015dae663b0ad73,42,shared,shared,validation_only,coupled,coupled,ce,0.0,mark_residual,global,1.0,coupled,none,0.25,1.0,1.0,,0.0014535461338152059,0.00001,8.0,mean,false,none,42,231,0.9433947932190951,-3.445223564258033,0.09120478509101379,-3.5364283329878083,0.003430507915038588,0.6993135201991099,1.9668712093569858,0.03941703507675558,0.05917028268905934,0.16041908208650038,NaN,0.0,NaN,1.7672133047459002,0.9617662397867532,0.9366484515117759,0.9357212655900933,0.0382337602132468,1.0,0.9857545177188454,0.7563797209935352,-3.3114794681844226
intermittent,titantpp,small_lmm,small_lmm,strict,308cec0b9c383d4eab5aac8b9015dae663b0ad73,42,shared,shared,validation_only,coupled,coupled,ce,0.0,mark_residual,global,1.0,coupled,none,0.25,1.0,1.0,,0.0014535461338152059,0.00001,8.0,mean,false,none,42,232,0.9439191682159843,-3.4426321616446067,0.09380511649362253,-3.5364372682701277,0.003431347190189721,0.6732870195723909,1.874955261583884,0.03795004286439782,0.05481343587248794,0.1522463011356822,NaN,0.0,NaN,1.7672133047459002,0.9622645882830156,0.9426974525840109,0.9385714353943975,0.03773541171698441,1.0,0.9857310490495189,0.7703300442327322,-3.3115926408953724
intermittent,titantpp,small_lmm,small_lmm,strict,308cec0b9c383d4eab5aac8b9015dae663b0ad73,42,shared,shared,validation_only,coupled,coupled,ce,0.0,mark_residual,global,1.0,coupled,none,0.25,1.0,1.0,,0.0014535461338152059,0.00001,8.0,mean,false,none,42,233,0.9441534446747912,-3.4408717455037494,0.0955255727051649,-3.5363973049560165,0.0034796665698362495,0.6939795588531037,1.9213802005485512,0.03911638460253949,0.05688251139716021,0.15518579202857768,NaN,0.0,NaN,1.7672133047459002,0.9625195572811033,0.9351211387135715,0.9364716142937153,0.03748044271889668,1.0,0.9894156301337714,0.7084042191221503,-3.3124695403213154
intermittent,titantpp,small_lmm,small_lmm,strict,308cec0b9c383d4eab5aac8b9015dae663b0ad73,42,shared,shared,validation_only,coupled,coupled,ce,0.0,mark_residual,global,1.0,coupled,none,0.25,1.0,1.0,,0.0014535461338152059,0.00001,8.0,mean,false,none,42,234,0.9420974193309863,-3.4395804232846974,0.09654823397190983,-3.5361286358519144,0.0036149227280005553,0.6523054183907572,1.8813012552118866,0.03676740805775562,0.054397539318233046,0.15592360087175022,NaN,0.0,NaN,1.7672133047459002,0.9604218577968361,0.9463001623869817,0.9370930887759007,0.039578142203163934,1.0,0.9801924430884769,0.8193263014630827,-3.311718962825011
intermittent,titantpp,small_lmm,small_lmm,strict,308cec0b9c383d4eab5aac8b9015dae663b0ad73,42,shared,shared,validation_only,coupled,coupled,ce,0.0,mark_residual,global,1.0,coupled,none,0.25,1.0,1.0,,0.0014535461338152059,0.00001,8.0,mean,false,none,42,235,0.9359745896114109,-3.429334500156908,0.10697281759962143,-3.5363072960941944,0.004042184295876601,0.7022371835128909,1.9826223858613863,0.03958182831478581,0.0629875063847824,0.17713677194913616,NaN,0.0,NaN,1.7672133047459002,0.9543489598423828,0.9498209494556877,0.930509173205171,0.0456510401576172,1.0,0.9638113118986154,0.8849948962232052,-3.3114612265278054
intermittent,titantpp,small_lmm,small_lmm,strict,308cec0b9c383d4eab5aac8b9015dae663b0ad73,42,shared,shared,validation_only,coupled,coupled,ce,0.0,mark_residual,global,1.0,coupled,none,0.25,1.0,1.0,,0.0014535461338152059,0.00001,8.0,mean,false,none,42,236,0.9417914753673023,-3.435123633398907,0.10114662286660282,-3.536270232409793,0.003711701955824723,0.7380488837263347,2.060529678065968,0.041600366499303765,0.05764714816827283,0.1569163616798732,NaN,0.0,NaN,1.7672133047459002,0.9602016572984876,0.933432494061524,0.9329668824876465,0.03979834270151243,1.0,0.9897911288429946,0.6849268458659408,-3.3117353044963784
intermittent,titantpp,small_lmm,small_lmm,strict,308cec0b9c383d4eab5aac8b9015dae663b0ad73,42,shared,shared,validation_only,coupled,coupled,ce,0.0,mark_residual,global,1.0,coupled,none,0.25,1.0,1.0,,0.0014535461338152059,0.00001,8.0,mean,false,none,42,237,0.9440431634902153,-3.4372700869114876,0.09894414975348303,-3.5362142193819617,0.003552552658147392,0.6651867444720945,1.8859256892505862,0.03749346821148843,0.06282293768769628,0.1532163535241203,NaN,0.0,NaN,1.7672133047459002,0.9623804832821464,0.9352624614544713,0.9369607942422223,0.03761951671785362,1.0,0.9895329734804037,0.7342633548826132,-3.3117843064902197
intermittent,titantpp,small_lmm,small_lmm,strict,308cec0b9c383d4eab5aac8b9015dae663b0ad73,42,shared,shared,validation_only,coupled,coupled,ce,0.0,mark_residual,global,1.0,coupled,none,0.25,1.0,1.0,,0.0014535461338152059,0.00001,8.0,mean,false,none,42,238,0.9435199741894107,-3.4421278584450388,0.09412127844218639,-3.536249119540372,0.003510076005561294,0.6784380491013224,1.943856551288572,0.03824038232696891,0.05763801801119715,0.15236491415568681,NaN,0.0,NaN,1.7672133047459002,0.9618705452859709,0.9424840599704764,0.9383989704446779,0.03812945471402909,1.0,0.985684111710866,0.7825791085403199,-3.3113746357832214
intermittent,titantpp,small_lmm,small_lmm,strict,308cec0b9c383d4eab5aac8b9015dae663b0ad73,42,shared,shared,validation_only,coupled,coupled,ce,0.0,mark_residual,global,1.0,coupled,none,0.25,1.0,1.0,,0.0014535461338152059,0.00001,8.0,mean,false,none,42,239,0.9439161377821611,-3.4437553638750704,0.09256309745840294,-3.536318437609783,0.0034203480451582293,0.6879069533085308,1.920371881078698,0.038774100206708594,0.061332752231154246,0.15590528293792075,NaN,0.0,NaN,1.7672133047459002,0.9622761777829286,0.9369041149778659,0.9364809584792769,0.03772382221707133,1.0,0.9884299460220606,0.7281388227288194,-3.31173142228852
intermittent,titantpp,small_lmm,small_lmm,strict,308cec0b9c383d4eab5aac8b9015dae663b0ad73,42,shared,shared,validation_only,coupled,coupled,ce,0.0,mark_residual,global,1.0,coupled,none,0.25,1.0,1.0,,0.0014535461338152059,0.00001,8.0,mean,false,none,42,240,0.9420329851389304,-3.439978649649814,0.09635494045842845,-3.5363335673928007,0.0035925128089115484,0.6587921108812407,1.8558923949605128,0.03713303259960162,0.05568160448164419,0.1544772552275024,NaN,0.0,NaN,1.7672133047459002,0.9603639102972706,0.9416138339104508,0.936613738555883,0.039636089702729325,1.0,0.9825862473597747,0.8145627764545764,-3.311433004232315
intermittent,titantpp,small_lmm,small_lmm,strict,308cec0b9c383d4eab5aac8b9015dae663b0ad73,42,shared,shared,validation_only,coupled,coupled,ce,0.0,mark_residual,global,1.0,coupled,none,0.25,1.0,1.0,,0.0014535461338152059,0.00001,8.0,mean,false,none,42,241,0.9436882688202615,-3.442145823487375,0.09420522201946407,-3.5363510234846247,0.0034344086766671493,0.672396417033557,1.9087209963424936,0.037899843761279285,0.059212700323288445,0.1522782328991737,NaN,0.0,NaN,1.7672133047459002,0.962032798284754,0.9430216560401965,0.9381509305405411,0.037967201715245986,1.0,0.9838535555034029,0.7948281728479074,-3.311563707529646
intermittent,titantpp,small_lmm,small_lmm,strict,308cec0b9c383d4eab5aac8b9015dae663b0ad73,42,shared,shared,validation_only,coupled,coupled,ce,0.0,mark_residual,global,1.0,coupled,none,0.25,1.0,1.0,,0.0014535461338152059,0.00001,8.0,mean,false,none,42,242,0.9394586061276339,-3.4366403961579532,0.09977244454714317,-3.536412818529808,0.0037544940038799646,0.7414286408659522,2.0195662732698976,0.04179086761486247,0.07565246539091866,0.17198123910795238,NaN,0.0,NaN,1.7672133047459002,0.9578721678159587,0.9511412901675416,0.9344862459964194,0.04212783218404126,1.0,0.9707580380192443,0.8645797890438924,-3.311482276268526
intermittent,titantpp,small_lmm,small_lmm,strict,308cec0b9c383d4eab5aac8b9015dae663b0ad73,42,shared,shared,validation_only,coupled,coupled,ce,0.0,mark_residual,global,1.0,coupled,none,0.25,1.0,1.0,,0.0014535461338152059,0.00001,8.0,mean,false,none,42,243,0.943276532495542,-3.4423722449684706,0.0937210197104623,-3.53609325715977,0.0034964119818810683,0.6669107448821923,1.8628340690628287,0.037590642057945475,0.060232044729385426,0.15468963021405607,NaN,0.0,NaN,1.7672133047459002,0.9616155762878832,0.9423926563884737,0.9371264573763693,0.038384423712116825,1.0,0.9827035907064069,0.7927866621299762,-3.311669709856085
intermittent,titantpp,small_lmm,small_lmm,strict,308cec0b9c383d4eab5aac8b9015dae663b0ad73,42,shared,shared,validation_only,coupled,coupled,ce,0.0,mark_residual,global,1.0,coupled,none,0.25,1.0,1.0,,0.0014535461338152059,0.00001,8.0,mean,false,none,42,244,0.9435333831709879,-3.443799565687664,0.0924375121786257,-3.536237054203562,0.003426600969592701,0.7345660670024533,2.044716232599307,0.04140405639660182,0.06543803581144508,0.15414352250708394,NaN,0.0,NaN,1.7672133047459002,0.9619400822854494,0.9405269585468106,0.9374284236338093,0.03805991771455062,1.0,0.9858718610654776,0.7703300442327322,-3.31201746358363
intermittent,titantpp,small_lmm,small_lmm,strict,308cec0b9c383d4eab5aac8b9015dae663b0ad73,42,shared,shared,validation_only,coupled,coupled,ce,0.0,mark_residual,global,1.0,coupled,none,0.25,1.0,1.0,,0.0014535461338152059,0.00001,8.0,mean,false,none,42,245,0.941690319658427,-3.442663491943133,0.0935454738614289,-3.536208937738298,0.0035385779380246317,0.7001305936447624,1.9439831671915833,0.03946308968851026,0.06190548974185441,0.16005923339822314,NaN,0.0,NaN,1.7672133047459002,0.9600625832995306,0.9477629329983297,0.9369712727995707,0.03993741670046937,1.0,0.9794414456700306,0.8142225246682545,-3.3115226221797682
intermittent,titantpp,small_lmm,small_lmm,strict,308cec0b9c383d4eab5aac8b9015dae663b0ad73,42,shared,shared,validation_only,coupled,coupled,ce,0.0,mark_residual,global,1.0,coupled,none,0.25,1.0,1.0,,0.0014535461338152059,0.00001,8.0,mean,false,none,42,246,0.9383431216104535,-3.425868631877856,0.11033165405831505,-3.53620026466806,0.003997338980213262,0.6747841669122321,1.9780652128662048,0.03803443006342236,0.06509891191860433,0.1720568976911703,NaN,0.0,NaN,1.7672133047459002,0.9566900388248247,0.9469836112168094,0.9327157195548101,0.04330996117517529,1.0,0.9673785496362356,0.8758080979925145,-3.3114510630445144
intermittent,titantpp,small_lmm,small_lmm,strict,308cec0b9c383d4eab5aac8b9015dae663b0ad73,42,shared,shared,validation_only,coupled,coupled,ce,0.0,mark_residual,global,1.0,coupled,none,0.25,1.0,1.0,,0.0014535461338152059,0.00001,8.0,mean,false,none,42,247,0.9415772509470554,-3.432870387108113,0.1034955521613211,-3.5363659248323316,0.003746810718768176,0.7436623055377992,2.00738524654256,0.04191676885397313,0.05820074025467068,0.15445492704852729,NaN,0.0,NaN,1.7672133047459002,0.9599930463000521,0.9361961079505752,0.9345965759853035,0.04000695369994785,1.0,0.9869279511851679,0.7533174549166383,-3.3109723616328446
intermittent,titantpp,small_lmm,small_lmm,strict,308cec0b9c383d4eab5aac8b9015dae663b0ad73,42,shared,shared,validation_only,coupled,coupled,ce,0.0,mark_residual,global,1.0,coupled,none,0.25,1.0,1.0,,0.0014535461338152059,0.00001,8.0,mean,false,none,42,248,0.9401928474663624,-3.432167166666629,0.10401681269661345,-3.536183953803308,0.003804692448610657,0.7257362967481921,2.0693542844653754,0.04090636351096619,0.06020554048324119,0.16508632201267684,NaN,0.0,NaN,1.7672133047459002,0.9585907168105696,0.9457427004117981,0.9350129832341475,0.04140928318943038,1.0,0.976695611358836,0.8298741068390609,-3.3120672076514235
intermittent,titantpp,small_lmm,small_lmm,strict,308cec0b9c383d4eab5aac8b9015dae663b0ad73,42,shared,shared,validation_only,coupled,coupled,ce,0.0,mark_residual,global,1.0,coupled,none,0.25,1.0,1.0,,0.0014535461338152059,0.00001,8.0,mean,false,none,42,249,0.9423488197463326,-3.4372986500347626,0.09885822052054356,-3.536156869209565,0.0036174991935844095,0.7254110006107035,1.9964491451175963,0.04088802808788146,0.07217311010014218,0.15798178970822155,NaN,0.0,NaN,1.7672133047459002,0.9607463637944023,0.9263892798384722,0.9314386283404724,0.03925363620559773,1.0,0.9940389579910819,0.6362708404219122,-3.3113672603091278
intermittent,titantpp,small_lmm,small_lmm,strict,308cec0b9c383d4eab5aac8b9015dae663b0ad73,42,shared,shared,validation_only,coupled,coupled,ce,0.0,mark_residual,global,1.0,coupled,none,0.25,1.0,1.0,,0.0014535461338152059,0.00001,8.0,mean,false,none,42,250,0.9427548954269153,-3.4398159164373006,0.09634360345751315,-3.536159501277731,0.003553379472253785,0.7133783170727483,1.9427098256493889,0.04020980194841252,0.05703041549905217,0.15576086073676446,NaN,0.0,NaN,1.7672133047459002,0.961140406791447,0.9412579857141701,0.9371862043373947,0.03885959320855305,1.0,0.9840178361886881,0.7944879210615856,-3.311067674497944
intermittent,titantpp,small_lmm,small_lmm,strict,308cec0b9c383d4eab5aac8b9015dae663b0ad73,42,shared,shared,validation_only,coupled,coupled,ce,0.0,mark_residual,global,1.0,coupled,none,0.25,1.0,1.0,,0.0014535461338152059,0.00001,8.0,mean,false,none,42,251,0.9419603669704772,-3.4360453168686984,0.10015621074836015,-3.536201510783342,0.0036423342100017192,0.6734627797691061,1.9366984596561942,0.03795994964531784,0.05883863406765189,0.15710055999554398,NaN,0.0,NaN,1.7672133047459002,0.9603059627977053,0.941158870607248,0.9356766465429404,0.039694037202294724,1.0,0.9826331846984276,0.7883633889077918,-3.3113546116454393
intermittent,titantpp,small_lmm,small_lmm,strict,308cec0b9c383d4eab5aac8b9015dae663b0ad73,42,shared,shared,validation_only,coupled,coupled,ce,0.0,mark_residual,global,1.0,coupled,none,0.25,1.0,1.0,,0.0014535461338152059,0.00001,8.0,mean,false,none,42,252,0.944246423085131,-3.4419245570312613,0.09423331046083966,-3.536157842855945,0.0034692722468671775,0.6937171478180852,1.9421088705698057,0.039101593718804104,0.05611160711112826,0.15061241589824334,NaN,0.0,NaN,1.7672133047459002,0.962612273280408,0.940891033241023,0.9378180031909059,0.03738772671959205,1.0,0.985895329734804,0.7662470227968697,-3.3113422321715187
intermittent,titantpp,small_lmm,small_lmm,strict,308cec0b9c383d4eab5aac8b9015dae663b0ad73,42,shared,shared,validation_only,coupled,coupled,ce,0.0,mark_residual,global,1.0,coupled,none,0.25,1.0,1.0,,0.0014535461338152059,0.00001,8.0,mean,false,none,42,253,0.9423347995427971,-3.441180991474361,0.09516242454431274,-3.5363433929406223,0.0035539015820821133,0.6583047047546691,1.8685365110398127,0.037105559794010465,0.061682171118924656,0.15673539015185686,NaN,0.0,NaN,1.7672133047459002,0.9606652372950107,0.9444328714637918,0.9368347223844938,0.03933476270498928,1.0,0.979464914339357,0.8203470568220483,-3.3117618425149757
intermittent,titantpp,small_lmm,small_lmm,strict,308cec0b9c383d4eab5aac8b9015dae663b0ad73,42,shared,shared,validation_only,coupled,coupled,ce,0.0,mark_residual,global,1.0,coupled,none,0.25,1.0,1.0,,0.0014535461338152059,0.00001,8.0,mean,false,none,42,254,0.9444346162015623,-3.445385135974034,0.09102182941325192,-3.5364069315126763,0.0033742679086291687,0.6793665300827836,1.9307462437946998,0.03829271646088345,0.054298169160970994,0.15073288776802576,NaN,0.0,NaN,1.7672133047459002,0.9627861157791041,0.9405629111661713,0.9379878352360761,0.03721388422089587,1.0,0.9878666979582258,0.7631847567199728,-3.311950793036869
intermittent,titantpp,small_lmm,small_lmm,strict,308cec0b9c383d4eab5aac8b9015dae663b0ad73,42,shared,shared,validation_only,coupled,coupled,ce,0.0,mark_residual,global,1.0,coupled,none,0.25,1.0,1.0,,0.0014535461338152059,0.00001,8.0,mean,false,none,42,255,0.9439910347051137,-3.4423013429276437,0.09412973800109253,-3.536431067889443,0.0034395827839774863,0.7289050294867035,2.0940297928281044,0.0410849701672013,0.055468027800461464,0.15638205090634327,NaN,0.0,NaN,1.7672133047459002,0.9623920727820594,0.9329453809428744,0.9363100896491622,0.03760792721794055,1.0,0.9920206524290073,0.6859476012249064,-3.312046418264411
intermittent,titantpp,small_lmm,small_lmm,strict,308cec0b9c383d4eab5aac8b9015dae663b0ad73,42,shared,shared,validation_only,coupled,coupled,ce,0.0,mark_residual,global,1.0,coupled,none,0.25,1.0,1.0,,0.0014535461338152059,0.00001,8.0,mean,false,none,42,256,0.944582733940335,-3.446777223541831,0.08946141785221386,-3.5362386208886987,0.003335440489197061,0.7166807899194914,1.9837641324504358,0.040395946909549604,0.05537166702669286,0.15477657301995565,NaN,0.0,NaN,1.7672133047459002,0.9629715477777134,0.9323980043078074,0.9365757118949642,0.03702845222228661,1.0,0.9918094344050692,0.6777815583531813,-3.3120384627107837
intermittent,titantpp,small_lmm,small_lmm,strict,308cec0b9c383d4eab5aac8b9015dae663b0ad73,42,shared,shared,validation_only,coupled,coupled,ce,0.0,mark_residual,global,1.0,coupled,none,0.25,1.0,1.0,,0.0014535461338152059,0.00001,8.0,mean,false,none,42,257,0.9426943050144238,-3.4420928775583763,0.09418994320007452,-3.53628279798766,0.003499328190560274,0.7276107299118542,1.970136867679591,0.041012016548733946,0.07267310913768105,0.1617185729417083,NaN,0.0,NaN,1.7672133047459002,0.9610940487917946,0.9448928168730811,0.9370078077449348,0.038905951208205364,1.0,0.9808730344989439,0.8142225246682545,-3.311337277932657
intermittent,titantpp,small_lmm,small_lmm,strict,308cec0b9c383d4eab5aac8b9015dae663b0ad73,42,shared,shared,validation_only,coupled,coupled,ce,0.0,mark_residual,global,1.0,coupled,none,0.25,1.0,1.0,,0.0014535461338152059,0.00001,8.0,mean,false,none,42,258,0.9424518577329072,-3.4395607746648382,0.0966349347426813,-3.5361956872523934,0.0035642226979247,0.7034995134275938,1.9134947227694117,0.03965297995291246,0.07620473239598272,0.15985881986692366,NaN,0.0,NaN,1.7672133047459002,0.9608274902937938,0.9346338783388433,0.9345181775737488,0.03917250970620618,1.0,0.9888289134006102,0.7148690030622661,-3.311953013678056
intermittent,titantpp,small_lmm,small_lmm,strict,308cec0b9c383d4eab5aac8b9015dae663b0ad73,42,shared,shared,validation_only,coupled,coupled,ce,0.0,mark_residual,global,1.0,coupled,none,0.25,1.0,1.0,,0.0014535461338152059,0.00001,8.0,mean,false,none,42,259,0.9420572932019311,-3.4341006021079084,0.10217500737519455,-3.536275588459617,0.00367020757462912,0.6460735477936698,1.8265466370650412,0.0364161466351976,0.05607414853913404,0.1549640072265733,NaN,0.0,NaN,1.7672133047459002,0.9603754997971837,0.931532527255157,0.9334364583110369,0.03962450020281625,1.0,0.9901431588828914,0.6808438244300783,-3.3114293003733355
intermittent,titantpp,small_lmm,small_lmm,strict,308cec0b9c383d4eab5aac8b9015dae663b0ad73,42,shared,shared,validation_only,coupled,coupled,ce,0.0,mark_residual,global,1.0,coupled,none,0.25,1.0,1.0,,0.0014535461338152059,0.00001,8.0,mean,false,none,42,260,0.9439455311982168,-3.445141917357627,0.0912688076466442,-3.5364106973574128,0.0033764986594100113,0.7164610368182971,2.0265140779845736,0.04038356045419331,0.06390234955825624,0.15828603616252784,NaN,0.0,NaN,1.7672133047459002,0.9623341252824941,0.9450625359345239,0.9379291378716919,0.03766587471750594,1.0,0.98380661816475,0.781898604967676,-3.311226212001746
intermittent,titantpp,small_lmm,small_lmm,strict,308cec0b9c383d4eab5aac8b9015dae663b0ad73,42,shared,shared,validation_only,coupled,coupled,ce,0.0,mark_residual,global,1.0,coupled,none,0.25,1.0,1.0,,0.0014535461338152059,0.00001,8.0,mean,false,none,42,261,0.941680342681861,-3.44041333397218,0.0958598049063193,-3.5362731164332204,0.003580044678319092,0.7564655698629908,2.1559001447811355,0.042638429031312985,0.05975630126270516,0.15712217881317783,NaN,0.0,NaN,1.7672133047459002,0.9601089412991829,0.9358922731115737,0.934105289030334,0.03989105870081706,1.0,0.9853555503402958,0.7454916638312351,-3.31226156374878
intermittent,titantpp,small_lmm,small_lmm,strict,308cec0b9c383d4eab5aac8b9015dae663b0ad73,42,shared,shared,validation_only,coupled,coupled,ce,0.0,mark_residual,global,1.0,coupled,none,0.25,1.0,1.0,,0.0014535461338152059,0.00001,8.0,mean,false,none,42,262,0.9439579674802029,-3.4448441725544825,0.09137693290292315,-3.5362210964033336,0.0033997412634861755,0.7040247548322119,2.021073775930622,0.03968258535631393,0.05887709670280425,0.15402491390169146,NaN,0.0,NaN,1.7672133047459002,0.9623341252824941,0.94306690662939,0.938309717900171,0.03766587471750594,1.0,0.9859187984041304,0.7761143246002041,-3.312681938566374
intermittent,titantpp,small_lmm,small_lmm,strict,308cec0b9c383d4eab5aac8b9015dae663b0ad73,42,shared,shared,validation_only,coupled,coupled,ce,0.0,mark_residual,global,1.0,coupled,none,0.25,1.0,1.0,,0.0014535461338152059,0.00001,8.0,mean,false,none,42,263,0.9440825671122477,-3.4438316641866855,0.0924433514602215,-3.5362749917071836,0.0034156503439957847,0.6837306220050537,1.8960107667609991,0.038538699928111896,0.05517687745875442,0.15208391664202325,NaN,0.0,NaN,1.7672133047459002,0.9624384307817118,0.9351359255112514,0.9366912895299531,0.03756156921828823,1.0,0.9910584369866229,0.7148690030622661,-3.312129998548133
intermittent,titantpp,small_lmm,small_lmm,strict,308cec0b9c383d4eab5aac8b9015dae663b0ad73,42,shared,shared,validation_only,coupled,coupled,ce,0.0,mark_residual,global,1.0,coupled,none,0.25,1.0,1.0,,0.0014535461338152059,0.00001,8.0,mean,false,none,42,264,0.9442254616671604,-3.444719518628452,0.09168683318976574,-3.5364063302949895,0.003402054576203389,0.7262680657017567,1.9942901601290628,0.040936336841797,0.06718963307605431,0.1555743261740705,NaN,0.0,NaN,1.7672133047459002,0.9626238627803211,0.9390869671807442,0.9374112695617044,0.03737613721967897,1.0,0.9880544473128373,0.7522966995576726,-3.312098976462033
intermittent,titantpp,small_lmm,small_lmm,strict,308cec0b9c383d4eab5aac8b9015dae663b0ad73,42,shared,shared,validation_only,coupled,coupled,ce,0.0,mark_residual,global,1.0,coupled,none,0.25,1.0,1.0,,0.0014535461338152059,0.00001,8.0,mean,false,none,42,265,0.9405721836298181,-3.436888130604893,0.09946027845765981,-3.536348388984885,0.0036908653409666293,0.6940851306848967,1.899804709213045,0.03912233519333562,0.060800427748622696,0.16248602735480605,NaN,0.0,NaN,1.7672133047459002,0.958938401807962,0.9492648936724883,0.935556025799097,0.041061598192038015,1.0,0.9733395916451537,0.86049676760803,-3.311711211120819
intermittent,titantpp,small_lmm,small_lmm,strict,308cec0b9c383d4eab5aac8b9015dae663b0ad73,42,shared,shared,validation_only,coupled,coupled,ce,0.0,mark_residual,global,1.0,coupled,none,0.25,1.0,1.0,,0.0014535461338152059,0.00001,8.0,mean,false,none,42,266,0.945187866198408,-3.445344026946535,0.09075549406952499,-3.5360994909193324,0.003344422893461544,0.6794340275872615,1.961956689914368,0.038296520979779126,0.054563607414938826,0.1507699084008569,NaN,0.0,NaN,1.7672133047459002,0.9635394332734543,0.9345611574240257,0.9373865509447119,0.03646056672654575,1.0,0.9919737150903544,0.6879891119428377,-3.3120241572860003
intermittent,titantpp,small_lmm,small_lmm,strict,308cec0b9c383d4eab5aac8b9015dae663b0ad73,42,shared,shared,validation_only,coupled,coupled,ce,0.0,mark_residual,global,1.0,coupled,none,0.25,1.0,1.0,,0.0014535461338152059,0.00001,8.0,mean,false,none,42,267,0.9418445754010978,-3.440418616853736,0.09604712136224937,-3.536465731610454,0.0035758308082243753,0.6617698501047105,1.8573329958559432,0.03730087384395154,0.05629743063871931,0.15849977621203515,NaN,0.0,NaN,1.7672133047459002,0.9601784782986614,0.9419602594441003,0.9359148155937608,0.03982152170133859,1.0,0.9821168739732458,0.7679482817284791,-3.311517391232737
intermittent,titantpp,small_lmm,small_lmm,strict,308cec0b9c383d4eab5aac8b9015dae663b0ad73,42,shared,shared,validation_only,coupled,coupled,ce,0.0,mark_residual,global,1.0,coupled,none,0.25,1.0,1.0,,0.0014535461338152059,0.00001,8.0,mean,false,none,42,268,0.9435431048759035,-3.4417176915491665,0.0945867321013881,-3.536304416049706,0.0034606343159180692,0.6900758623475858,2.0026150573709027,0.03889635147341709,0.059892635666813576,0.15401141049680142,NaN,0.0,NaN,1.7672133047459002,0.9619053137857101,0.937985453394515,0.9367643191870856,0.03809468621428985,1.0,0.9876320112649613,0.7631847567199728,-3.312440842583834
intermittent,titantpp,small_lmm,small_lmm,strict,308cec0b9c383d4eab5aac8b9015dae663b0ad73,42,shared,shared,validation_only,coupled,coupled,ce,0.0,mark_residual,global,1.0,coupled,none,0.25,1.0,1.0,,0.0014535461338152059,0.00001,8.0,mean,false,none,42,269,0.9434481192257117,-3.4405143386320023,0.09594615421448366,-3.536460476095157,0.0035005904427676225,0.6691665134086195,1.9307332291631063,0.037717789188042306,0.05997672377203558,0.1558872647115012,NaN,0.0,NaN,1.7672133047459002,0.9617894187865793,0.9429204881176383,0.9373887974653553,0.03821058121342064,1.0,0.9821638113118986,0.80435522286492,-3.3124725283819925
intermittent,titantpp,small_lmm,small_lmm,strict,308cec0b9c383d4eab5aac8b9015dae663b0ad73,42,shared,shared,validation_only,coupled,coupled,ce,0.0,mark_residual,global,1.0,coupled,none,0.25,1.0,1.0,,0.0014535461338152059,0.00001,8.0,mean,false,none,42,270,0.9437436370383023,-3.4431484314590866,0.09328137804455258,-3.536429787334233,0.00343487932574158,0.7445126980365259,2.1000109692290123,0.041964701505041814,0.05705232449752773,0.15659993274888448,NaN,0.0,NaN,1.7672133047459002,0.9621602827837978,0.9428281219999799,0.9382297630280918,0.03783971721620212,1.0,0.983384182116874,0.7914256549846886,-3.3126531380515725
intermittent,titantpp,small_lmm,small_lmm,strict,308cec0b9c383d4eab5aac8b9015dae663b0ad73,42,shared,shared,validation_only,coupled,coupled,ce,0.0,mark_residual,global,1.0,coupled,none,0.25,1.0,1.0,,0.0014535461338152059,0.00001,8.0,mean,false,none,42,271,0.9433399370849205,-3.4429021047165644,0.09350136646062625,-3.5364034524168124,0.00347916784767962,0.6846326548952198,1.9027242235955915,0.03858954330671831,0.06614956873734415,0.15469537315180926,NaN,0.0,NaN,1.7672133047459002,0.9616967027872747,0.9401909265990067,0.9368507317845458,0.03830329721272527,1.0,0.9853320816709693,0.7672677781558354,-3.312344218494058
intermittent,titantpp,small_lmm,small_lmm,strict,308cec0b9c383d4eab5aac8b9015dae663b0ad73,42,shared,shared,validation_only,coupled,coupled,ce,0.0,mark_residual,global,1.0,coupled,none,0.25,1.0,1.0,,0.0014535461338152059,0.00001,8.0,mean,false,none,42,272,0.9433569090626763,-3.4352326923155276,0.10123546270261476,-3.536468138205409,0.003591457393199177,0.7371976766179015,2.0895469669023155,0.04155238793249278,0.05869283677667195,0.1529689159965101,NaN,0.0,NaN,1.7672133047459002,0.9617662397867532,0.9307128676019796,0.9347798046296928,0.0382337602132468,1.0,0.9921145271063131,0.6896903708744471,-3.312585657997776
intermittent,titantpp,small_lmm,small_lmm,strict,308cec0b9c383d4eab5aac8b9015dae663b0ad73,42,shared,shared,validation_only,coupled,coupled,ce,0.0,mark_residual,global,1.0,coupled,none,0.25,1.0,1.0,,0.0014535461338152059,0.00001,8.0,mean,false,none,42,273,0.9446490784755883,-3.4438045668161266,0.0925682112415804,-3.5363727535759097,0.003392496160908889,0.7082837542314867,1.9613026604368238,0.039922645249143254,0.05703497155278985,0.15155509604441078,NaN,0.0,NaN,1.7672133047459002,0.9630294952772788,0.9451387326078956,0.9391689130037089,0.03697050472272122,1.0,0.9845106782445435,0.7863218781898605,-3.312116326529276
intermittent,titantpp,small_lmm,small_lmm,strict,308cec0b9c383d4eab5aac8b9015dae663b0ad73,42,shared,shared,validation_only,coupled,coupled,ce,0.0,mark_residual,global,1.0,coupled,none,0.25,1.0,1.0,,0.0014535461338152059,0.00001,8.0,mean,false,none,42,274,0.9405119522277537,-3.4346658356849984,0.10147381961091376,-3.5361396312962308,0.0037581034369088447,0.7543165327493138,2.078206913674834,0.04251729785217185,0.06672823711363653,0.16148211906221846,NaN,0.0,NaN,1.7672133047459002,0.958938401807962,0.9373171351245452,0.9344118626351532,0.041061598192038015,1.0,0.9842525228819526,0.7771350799591698,-3.312372523957018
intermittent,titantpp,small_lmm,small_lmm,strict,308cec0b9c383d4eab5aac8b9015dae663b0ad73,42,shared,shared,validation_only,coupled,coupled,ce,0.0,mark_residual,global,1.0,coupled,none,0.25,1.0,1.0,,0.0014535461338152059,0.00001,8.0,mean,false,none,42,275,0.9419178075842906,-3.433103902639599,0.10309334623769247,-3.5361972290470556,0.0037129809227464607,0.7276116658688393,2.0053938367786577,0.04101206930425525,0.0627285555988583,0.15638986705089994,NaN,0.0,NaN,1.7672133047459002,0.9603175522976184,0.9271779676709644,0.9302486802809352,0.03968244770238164,1.0,0.9930063365407181,0.6379720993535216,-3.312407505217702
intermittent,titantpp,small_lmm,small_lmm,strict,308cec0b9c383d4eab5aac8b9015dae663b0ad73,42,shared,shared,validation_only,coupled,coupled,ce,0.0,mark_residual,global,1.0,coupled,none,0.25,1.0,1.0,,0.0014535461338152059,0.00001,8.0,mean,false,none,42,276,0.9435605805805815,-3.443054451439274,0.09314528339582763,-3.5361997024881857,0.0034480373203020177,0.6726001576697032,1.9148952138660467,0.03791132766881084,0.05901981053570921,0.15511997267308836,NaN,0.0,NaN,1.7672133047459002,0.9619053137857101,0.9362283969729661,0.9359902381722459,0.03809468621428985,1.0,0.9875616052569819,0.7400476352500851,-3.312117647365104
intermittent,titantpp,small_lmm,small_lmm,strict,308cec0b9c383d4eab5aac8b9015dae663b0ad73,42,shared,shared,validation_only,coupled,coupled,ce,0.0,mark_residual,global,1.0,coupled,none,0.25,1.0,1.0,,0.0014535461338152059,0.00001,8.0,mean,false,none,42,277,0.9440004158804631,-3.439714693112674,0.09665065244012483,-3.5363653152588723,0.003458055027292635,0.7079343542243346,2.0165319474899523,0.03990295120356866,0.06318674783562428,0.15600754730666389,NaN,0.0,NaN,1.7672133047459002,0.9623804832821464,0.9290197858960284,0.9346082141298014,0.03761951671785362,1.0,0.9929828678713917,0.6634909833276624,-3.3120645664448234
intermittent,titantpp,small_lmm,small_lmm,strict,308cec0b9c383d4eab5aac8b9015dae663b0ad73,42,shared,shared,validation_only,coupled,coupled,ce,0.0,mark_residual,global,1.0,coupled,none,0.25,1.0,1.0,,0.0014535461338152059,0.00001,8.0,mean,false,none,42,278,0.9431597907678384,-3.4390014812458207,0.09709437885244773,-3.5360958427627702,0.003522634628744272,0.6909364732812051,1.9455803326909513,0.03894486008990753,0.07194028000169277,0.16017103301096614,NaN,0.0,NaN,1.7672133047459002,0.9615228602885786,0.9455561848159358,0.9381013531827797,0.03847713971142145,1.0,0.9804271297817414,0.8302143586253827,-3.3123758984790204
intermittent,titantpp,small_lmm,small_lmm,strict,308cec0b9c383d4eab5aac8b9015dae663b0ad73,42,shared,shared,validation_only,coupled,coupled,ce,0.0,mark_residual,global,1.0,coupled,none,0.25,1.0,1.0,,0.0014535461338152059,0.00001,8.0,mean,false,none,42,279,0.9432672140350816,-3.440329314253591,0.09605066680348924,-3.5363799551902853,0.003518870582839586,0.6762292053426355,1.898969898965711,0.0381158801267391,0.055128006602297955,0.15373865047327354,NaN,0.0,NaN,1.7672133047459002,0.9616155762878832,0.944713083020311,0.9378330014203249,0.038384423712116825,1.0,0.9821168739732458,0.8067369853691732,-3.3118878931620963
intermittent,titantpp,small_lmm,small_lmm,strict,308cec0b9c383d4eab5aac8b9015dae663b0ad73,42,shared,shared,validation_only,coupled,coupled,ce,0.0,mark_residual,global,1.0,coupled,none,0.25,1.0,1.0,,0.0014535461338152059,0.00001,8.0,mean,false,none,42,280,0.9427746447469225,-3.4432306575603833,0.0931211938421955,-3.536351837000814,0.0034865974886786593,0.7283974968047616,2.039081346825499,0.04105636292174006,0.06212905907662697,0.15552655397624843,NaN,0.0,NaN,1.7672133047459002,0.9611751752911862,0.9269075644764304,0.9328282649260693,0.038824824708813814,1.0,0.9938746773057968,0.6328683225586934,-3.3121460737425577
intermittent,titantpp,small_lmm,small_lmm,strict,308cec0b9c383d4eab5aac8b9015dae663b0ad73,42,shared,shared,validation_only,coupled,coupled,ce,0.0,mark_residual,global,1.0,coupled,none,0.25,1.0,1.0,,0.0014535461338152059,0.00001,8.0,mean,false,none,42,281,0.9413306963324858,-3.43407081523983,0.10229695544265067,-3.5363677597421685,0.003741404357358525,0.6425319227150212,1.813526932280811,0.036216521780362734,0.056516465175301726,0.15435755329523085,NaN,0.0,NaN,1.7672133047459002,0.9596453613026598,0.943043667385839,0.9354635543761555,0.04035463869734021,1.0,0.9811311898615348,0.7931269139162981,-3.3122742622509422
intermittent,titantpp,small_lmm,small_lmm,strict,308cec0b9c383d4eab5aac8b9015dae663b0ad73,42,shared,shared,validation_only,coupled,coupled,ce,0.0,mark_residual,global,1.0,coupled,none,0.25,1.0,1.0,,0.0014535461338152059,0.00001,8.0,mean,false,none,42,282,0.9441620123785078,-3.444857828847957,0.09150107597055027,-3.5363588766281606,0.0033977508342188122,0.6854118551364909,1.9590235305620842,0.03863346318293242,0.058262745038295746,0.15573299008201696,NaN,0.0,NaN,1.7672133047459002,0.9625195572811033,0.945845458171195,0.9395356673518107,0.03748044271889668,1.0,0.9823750293358366,0.8169445389588296,-3.3121641554975074
intermittent,titantpp,small_lmm,small_lmm,strict,308cec0b9c383d4eab5aac8b9015dae663b0ad73,42,shared,shared,validation_only,coupled,coupled,ce,0.0,mark_residual,global,1.0,coupled,none,0.25,1.0,1.0,,0.0014535461338152059,0.00001,8.0,mean,false,none,42,283,0.942968331838128,-3.440929508159492,0.09504431660659514,-3.5359737998607392,0.003518205137311413,0.6969634043822913,1.9098313611298563,0.039284570030806515,0.07048087896501892,0.15749531942600106,NaN,0.0,NaN,1.7672133047459002,0.9613374282899693,0.9432433166544469,0.937189641909144,0.038662571710030715,1.0,0.9825158413517954,0.790404899625723,-3.311956068086686
intermittent,titantpp,small_lmm,small_lmm,strict,308cec0b9c383d4eab5aac8b9015dae663b0ad73,42,shared,shared,validation_only,coupled,coupled,ce,0.0,mark_residual,global,1.0,coupled,none,0.25,1.0,1.0,,0.0014535461338152059,0.00001,8.0,mean,false,none,42,284,0.9435499184016483,-3.4428730520069473,0.09358113708376398,-3.536454162093657,0.0034816641720327676,0.7296203362552828,2.199273274128227,0.04112528866694903,0.05863159838920329,0.15379208650890538,NaN,0.0,NaN,1.7672133047459002,0.9619516717853624,0.938730137514568,0.9369782731386107,0.038048328214637536,1.0,0.9865524524759446,0.7801973460360667,-3.312684464206621
intermittent,titantpp,small_lmm,small_lmm,strict,308cec0b9c383d4eab5aac8b9015dae663b0ad73,42,shared,shared,validation_only,coupled,coupled,ce,0.0,mark_residual,global,1.0,coupled,none,0.25,1.0,1.0,,0.0014535461338152059,0.00001,8.0,mean,false,none,42,285,0.9445696270944159,-3.4413491166797803,0.09494802342049836,-3.536297122256576,0.003441615508882669,0.7993246353169253,2.181102910670567,0.04505419426043897,0.05705699446911869,0.1528764288073662,NaN,0.0,NaN,1.7672133047459002,0.9630410847771919,0.93362026557084,0.937254418982842,0.036958915222808135,1.0,0.9911757803332552,0.7131677441306566,-3.3126815348204772
intermittent,titantpp,small_lmm,small_lmm,strict,308cec0b9c383d4eab5aac8b9015dae663b0ad73,42,shared,shared,validation_only,coupled,coupled,ce,0.0,mark_residual,global,1.0,coupled,none,0.25,1.0,1.0,,0.0014535461338152059,0.00001,8.0,mean,false,none,42,286,0.9406559572827894,-3.4348137502233156,0.10155286898892296,-3.536366589934095,0.003720668750977033,0.7262064768443649,2.0572633307553794,0.04093286536572507,0.06056480190531088,0.1628070616619779,NaN,0.0,NaN,1.7672133047459002,0.9590542968070928,0.9441053115718481,0.9349192840413496,0.040945703192907225,1.0,0.97805679417977,0.8237495746852671,-3.312988956665962
intermittent,titantpp,small_lmm,small_lmm,strict,308cec0b9c383d4eab5aac8b9015dae663b0ad73,42,shared,shared,validation_only,coupled,coupled,ce,0.0,mark_residual,global,1.0,coupled,none,0.25,1.0,1.0,,0.0014535461338152059,0.00001,8.0,mean,false,none,42,287,0.9432014473780272,-3.440830628474162,0.09545665779267323,-3.5362872679277624,0.003514946898051088,0.6724588629184941,1.94897566286147,0.037903363543988856,0.05457347868049366,0.15178847060441739,NaN,0.0,NaN,1.7672133047459002,0.9615460392884047,0.9324447058218737,0.9349604667852689,0.03845396071159529,1.0,0.9913400610185402,0.6947941476692753,-3.312435008924556
intermittent,titantpp,small_lmm,small_lmm,strict,308cec0b9c383d4eab5aac8b9015dae663b0ad73,42,shared,shared,validation_only,coupled,coupled,ce,0.0,mark_residual,global,1.0,coupled,none,0.25,1.0,1.0,,0.0014535461338152059,0.00001,8.0,mean,false,none,42,288,0.9436695480948377,-3.4432723209867198,0.09331447109857434,-3.5365867769040507,0.0034802356900336894,0.6679381426311751,1.9121242361904291,0.03764855166778386,0.0540381457124931,0.15107477802261007,NaN,0.0,NaN,1.7672133047459002,0.9620096192849279,0.9407700170775468,0.9376178283652055,0.037990380715072145,1.0,0.9857075803801925,0.7948281728479074,-3.312579756672888
intermittent,titantpp,small_lmm,small_lmm,strict,308cec0b9c383d4eab5aac8b9015dae663b0ad73,42,shared,shared,validation_only,coupled,coupled,ce,0.0,mark_residual,global,1.0,coupled,none,0.25,1.0,1.0,,0.0014535461338152059,0.00001,8.0,mean,false,none,42,289,0.941462374360839,-3.4372368660863986,0.09934369568827583,-3.53658054433817,0.003667019021257589,0.7078753928841973,1.9520536933525574,0.039899627828365355,0.05891576111713884,0.15648614416619774,NaN,0.0,NaN,1.7672133047459002,0.9598423828011822,0.9441510691201762,0.9360769530780865,0.04015761719881787,1.0,0.9791832903074396,0.8179652943177952,-3.312750227817168
intermittent,titantpp,small_lmm,small_lmm,strict,308cec0b9c383d4eab5aac8b9015dae663b0ad73,42,shared,shared,validation_only,coupled,coupled,ce,0.0,mark_residual,global,1.0,coupled,none,0.25,1.0,1.0,,0.0014535461338152059,0.00001,8.0,mean,false,none,42,290,0.9366378454674532,-3.429553401973769,0.10686131506801444,-3.536414696544818,0.0039976706732095385,0.7575303220815217,2.242604873134744,0.04269844413803355,0.06571705263832694,0.17122043834939032,NaN,0.0,NaN,1.7672133047459002,0.9550675088369937,0.938203354392654,0.9309026416287234,0.044932491163006315,1.0,0.9770711100680591,0.8424634229329704,-3.312633518124743
intermittent,titantpp,small_lmm,small_lmm,strict,308cec0b9c383d4eab5aac8b9015dae663b0ad73,42,shared,shared,validation_only,coupled,coupled,ce,0.0,mark_residual,global,1.0,coupled,none,0.25,1.0,1.0,,0.0014535461338152059,0.00001,8.0,mean,false,none,42,291,0.9436902733509294,-3.441454195507903,0.09512636371925297,-3.536580551898154,0.0034693090666267864,0.6935708861918288,1.9715776951539439,0.03909334963444708,0.061342808372308336,0.1554853230651126,NaN,0.0,NaN,1.7672133047459002,0.9620559772845801,0.9409370945888145,0.9374104776998011,0.03794402271541983,1.0,0.9843229288899319,0.7747533174549166,-3.3128142662259163
intermittent,titantpp,small_lmm,small_lmm,strict,308cec0b9c383d4eab5aac8b9015dae663b0ad73,42,shared,shared,validation_only,coupled,coupled,ce,0.0,mark_residual,global,1.0,coupled,none,0.25,1.0,1.0,,0.0014535461338152059,0.00001,8.0,mean,false,none,42,292,0.9422638892720788,-3.4407893433122956,0.09560035646332844,-3.536389669814129,0.0035262746640000787,0.6944464757336507,1.9935439168625015,0.03914270252508332,0.05853584967711201,0.15378488922428518,NaN,0.0,NaN,1.7672133047459002,0.9606304687952715,0.939794930509974,0.9363158688704757,0.03936953120472852,1.0,0.9862473597747008,0.768288533514801,-3.312330981999907
intermittent,titantpp,small_lmm,small_lmm,strict,308cec0b9c383d4eab5aac8b9015dae663b0ad73,42,shared,shared,validation_only,coupled,coupled,ce,0.0,mark_residual,global,1.0,coupled,none,0.25,1.0,1.0,,0.0014535461338152059,0.00001,8.0,mean,false,none,42,293,0.9425807118047063,-3.4365807190135933,0.09988662213904802,-3.5364673179250232,0.0036174210688790028,0.7137194405855417,2.021234089358069,0.04022902948667812,0.06356799997224823,0.1592032003782127,NaN,0.0,NaN,1.7672133047459002,0.9609665642927507,0.9330893810827448,0.9353165289871104,0.03903343570724923,1.0,0.9892044121098333,0.7233752977203131,-3.312761172671622
intermittent,titantpp,small_lmm,small_lmm,strict,308cec0b9c383d4eab5aac8b9015dae663b0ad73,42,shared,shared,validation_only,coupled,coupled,ce,0.0,mark_residual,global,1.0,coupled,none,0.25,1.0,1.0,,0.0014535461338152059,0.00001,8.0,mean,false,none,42,294,0.943134291946879,-3.441972689770351,0.09431926892585601,-3.5362919416337535,0.0035111068183271673,0.6932562944143985,1.9406092399849426,0.03907561756611483,0.05607023502049665,0.15287969226184933,NaN,0.0,NaN,1.7672133047459002,0.9614996812887524,0.9445538571204778,0.9374940893593633,0.03850031871124761,1.0,0.9813893452241258,0.815923783599864,-3.3125084719205242
intermittent,titantpp,small_lmm,small_lmm,strict,308cec0b9c383d4eab5aac8b9015dae663b0ad73,42,shared,shared,validation_only,coupled,coupled,ce,0.0,mark_residual,global,1.0,coupled,none,0.25,1.0,1.0,,0.0014535461338152059,0.00001,8.0,mean,false,none,42,295,0.9425635726268483,-3.4405069815295315,0.09606612980581193,-3.536573079096979,0.0035352461937922628,0.7308586184434283,1.964382117680044,0.041195084847110326,0.06844555938852451,0.15897700192095185,NaN,0.0,NaN,1.7672133047459002,0.9609665642927507,0.943307557599664,0.9365319375089085,0.03903343570724923,1.0,0.9818821872799812,0.7958489282068731,-3.312667603300514
intermittent,titantpp,small_lmm,small_lmm,strict,308cec0b9c383d4eab5aac8b9015dae663b0ad73,42,shared,shared,validation_only,coupled,coupled,ce,0.0,mark_residual,global,1.0,coupled,none,0.25,1.0,1.0,,0.0014535461338152059,0.00001,8.0,mean,false,none,42,296,0.9437967675082963,-3.444268575830698,0.09220323666557605,-3.5364717953808995,0.003466075504079416,0.6682032282164415,1.9015569159582162,0.03766349330341792,0.06398365153438516,0.15446575861669887,NaN,0.0,NaN,1.7672133047459002,0.9621371037839718,0.9457631279717779,0.9384963646868072,0.03786289621602828,1.0,0.9818352499413283,0.8142225246682545,-3.312353843830342
intermittent,titantpp,small_lmm,small_lmm,strict,308cec0b9c383d4eab5aac8b9015dae663b0ad73,52,shared,shared,validation_only,coupled,coupled,ce,0.0,mark_residual,global,1.0,coupled,none,0.25,1.0,1.0,,0.0014535461338152059,0.00001,8.0,mean,false,none,52,1,0.9471788698204949,1.1352591530558422,0.137001114509995,0.998258034873618,0.004619447078864167,0.9827206346508857,3.190828323575136,0.055391369690173435,0.07395745716635443,0.17653993485344494,NaN,0.0,NaN,0.4333049401144388,0.9524946398562902,0.940541498585652,0.9266678639409833,0.0475053601437098,1.0,0.970640694672612,0.7985709424974481,2.0377985931574445
intermittent,titantpp,small_lmm,small_lmm,strict,308cec0b9c383d4eab5aac8b9015dae663b0ad73,52,shared,shared,validation_only,coupled,coupled,ce,0.0,mark_residual,global,1.0,coupled,none,0.25,1.0,1.0,,0.0014535461338152059,0.00001,8.0,mean,false,none,52,2,0.952026370291406,0.45041669584850025,0.12247558462113434,0.32794111162733214,0.004177779221100156,0.8265394105905453,2.0167474142865975,0.046588163961555094,0.06814565513780166,0.1583011206682719,NaN,0.0,NaN,0.4370246118829695,0.9572231558208263,0.9241783183488962,0.9281201784990311,0.04277684417917367,1.0,0.9901666275522177,0.6587274583191561,0.9790951246383597
intermittent,titantpp,small_lmm,small_lmm,strict,308cec0b9c383d4eab5aac8b9015dae663b0ad73,52,shared,shared,validation_only,coupled,coupled,ce,0.0,mark_residual,global,1.0,coupled,none,0.25,1.0,1.0,,0.0014535461338152059,0.00001,8.0,mean,false,none,52,3,0.948172535817452,0.11221184020952325,0.11642815846242406,-0.004216318244611346,0.004044843360110256,0.771945493238,2.0074260559854564,0.04351095997063259,0.0635863813621984,0.15400468022214656,NaN,0.0,NaN,0.9762130499010451,0.9587066118097004,0.9313175930668022,0.9320968833914937,0.04129338819029959,1.0,0.9885472893686928,0.715209254848588,0.47196106276485794
intermittent,titantpp,small_lmm,small_lmm,strict,308cec0b9c383d4eab5aac8b9015dae663b0ad73,52,shared,shared,validation_only,coupled,coupled,ce,0.0,mark_residual,global,1.0,coupled,none,0.25,1.0,1.0,,0.0014535461338152059,0.00001,8.0,mean,false,none,52,4,0.9446290742905508,0.17712780061392325,0.11839453671882028,0.05873326367448253,0.00405159299490389,0.7721123813277235,1.8703984985464532,0.043520366672342936,0.07042057728749435,0.16514508260024632,NaN,0.0,NaN,1.1995811647644061,0.9573969983195225,0.9152515397160929,0.9251471796960455,0.04260300168047749,1.0,0.9952827974653837,0.5716230010207554,0.1949173226487497
intermittent,titantpp,small_lmm,small_lmm,strict,308cec0b9c383d4eab5aac8b9015dae663b0ad73,52,shared,shared,validation_only,coupled,coupled,ce,0.0,mark_residual,global,1.0,coupled,none,0.25,1.0,1.0,,0.0014535461338152059,0.00001,8.0,mean,false,none,52,5,0.941889057359733,-0.6554913562812901,0.11361859890972814,-0.7691099570456114,0.004019063902567094,0.7794667471447833,1.9928245220678222,0.04393489790476612,0.08367955832352345,0.16227513219538175,NaN,0.0,NaN,1.5481791706994834,0.9581503158138727,0.9201253881920574,0.9266813158392506,0.04184968418612737,1.0,0.9940858953297348,0.6022456617897244,-0.15972354650129267
intermittent,titantpp,small_lmm,small_lmm,strict,308cec0b9c383d4eab5aac8b9015dae663b0ad73,52,shared,shared,validation_only,coupled,coupled,ce,0.0,mark_residual,global,1.0,coupled,none,0.25,1.0,1.0,,0.0014535461338152059,0.00001,8.0,mean,false,none,52,6,0.9414595850816171,-1.1002377758920279,0.10817816270998983,-1.2084159369180492,0.0038916494287550025,0.7215260144615184,1.9172090222525326,0.04066904957410764,0.06128750755245732,0.15379515556516313,NaN,0.0,NaN,1.734835520745042,0.959529466303529,0.9343655895092206,0.9339407716682676,0.040470533696470995,1.0,0.9878666979582258,0.7553589656345696,-0.7538995942093616
intermittent,titantpp,small_lmm,small_lmm,strict,308cec0b9c383d4eab5aac8b9015dae663b0ad73,52,shared,shared,validation_only,coupled,coupled,ce,0.0,mark_residual,global,1.0,coupled,none,0.25,1.0,1.0,,0.0014535461338152059,0.00001,8.0,mean,false,none,52,7,0.9417868518808069,-1.3088229477194857,0.10285122070616723,-1.4116741686850438,0.0037005406387811356,0.7658513700477825,1.8990708600546367,0.043167462725673726,0.06847892193292186,0.158921017624718,NaN,0.0,NaN,1.7672133047459002,0.9602248362983137,0.9314766051890611,0.9331384113265577,0.039775163701686274,1.0,0.99101149964797,0.6879891119428377,-1.034506888670171
intermittent,titantpp,small_lmm,small_lmm,strict,308cec0b9c383d4eab5aac8b9015dae663b0ad73,52,shared,shared,validation_only,coupled,coupled,ce,0.0,mark_residual,global,1.0,coupled,none,0.25,1.0,1.0,,0.0014535461338152059,0.00001,8.0,mean,false,none,52,8,0.941227153930884,-1.4871610669884696,0.10137549291929406,-1.5885365625573675,0.003712295712492222,0.7228953244906212,1.8793928795730193,0.04074623118133973,0.0696337034274427,0.15549453884589068,NaN,0.0,NaN,1.7672133047459002,0.9596221823028336,0.9413058055654453,0.9354266374074537,0.04037781769716637,1.0,0.983172964092936,0.7900646478394011,-1.2271851361456712
intermittent,titantpp,small_lmm,small_lmm,strict,308cec0b9c383d4eab5aac8b9015dae663b0ad73,52,shared,shared,validation_only,coupled,coupled,ce,0.0,mark_residual,global,1.0,coupled,none,0.25,1.0,1.0,,0.0014535461338152059,0.00001,8.0,mean,false,none,52,9,0.9434339297171933,-1.6393046989690707,0.09694570545222618,-1.7362504054229395,0.003557590016350316,0.8456090207101848,2.2489925361869334,0.04766302876721747,0.06875486058073083,0.15289748163783448,NaN,0.0,NaN,1.7672133047459002,0.9619516717853624,0.935128688741447,0.9369817020662222,0.038048328214637536,1.0,0.9904247829148087,0.7220142905750255,-1.3958819360509807
intermittent,titantpp,small_lmm,small_lmm,strict,308cec0b9c383d4eab5aac8b9015dae663b0ad73,52,shared,shared,validation_only,coupled,coupled,ce,0.0,mark_residual,global,1.0,coupled,none,0.25,1.0,1.0,,0.0014535461338152059,0.00001,8.0,mean,false,none,52,10,0.9397814730109834,-1.7639788373469782,0.10200873619246512,-1.8659875793598504,0.003801063281222145,0.7082992553434623,1.8149687553861913,0.03992351897438497,0.06485876316970902,0.15566409519940896,NaN,0.0,NaN,1.7672133047459002,0.9581619053137858,0.9184312450926045,0.9277848584309437,0.04183809468621429,1.0,0.9949777047641398,0.6178972439605308,-1.5366702245642831
intermittent,titantpp,small_lmm,small_lmm,strict,308cec0b9c383d4eab5aac8b9015dae663b0ad73,52,shared,shared,validation_only,coupled,coupled,ce,0.0,mark_residual,global,1.0,coupled,none,0.25,1.0,1.0,,0.0014535461338152059,0.00001,8.0,mean,false,none,52,11,0.94309642472171,-1.879876951743866,0.09712321482555175,-1.977000172284523,0.003544322100079893,0.6963550198442201,1.9496547246027007,0.039250278237519746,0.05719433718335002,0.1533957450255639,NaN,0.0,NaN,1.7672133047459002,0.9614649127890131,0.9301450645702355,0.9342454941110954,0.03853508721098685,1.0,0.9909176249706642,0.703980945899966,-1.6587375570258176
intermittent,titantpp,small_lmm,small_lmm,strict,308cec0b9c383d4eab5aac8b9015dae663b0ad73,52,shared,shared,validation_only,coupled,coupled,ce,0.0,mark_residual,global,1.0,coupled,none,0.25,1.0,1.0,,0.0014535461338152059,0.00001,8.0,mean,false,none,52,12,0.9432727153171676,-1.9770001374467012,0.09691545554254494,-2.0739155873408452,0.003526461081046597,0.7054964229959307,1.8328972856775823,0.039765536413250646,0.06500309972171195,0.152070295281315,NaN,0.0,NaN,1.7672133047459002,0.9616503447876225,0.9398649731399799,0.9377495330407617,0.038349655212377584,1.0,0.9865055151372917,0.776794828172848,-1.7667318223279227
intermittent,titantpp,small_lmm,small_lmm,strict,308cec0b9c383d4eab5aac8b9015dae663b0ad73,52,shared,shared,validation_only,coupled,coupled,ce,0.0,mark_residual,global,1.0,coupled,none,0.25,1.0,1.0,,0.0014535461338152059,0.00001,8.0,mean,false,none,52,13,0.9412116226332817,-2.061327161831493,0.10042532387961793,-2.1617524827598054,0.003671303542440548,0.680479122527596,1.8158105068160748,0.038355428097590856,0.061340192445095275,0.15267354179687725,NaN,0.0,NaN,1.7672133047459002,0.9595642348032682,0.9287296158006553,0.9326347763967406,0.04043576519673176,1.0,0.9909176249706642,0.7063627084042191,-1.8604323045872588
intermittent,titantpp,small_lmm,small_lmm,strict,308cec0b9c383d4eab5aac8b9015dae663b0ad73,52,shared,shared,validation_only,coupled,coupled,ce,0.0,mark_residual,global,1.0,coupled,none,0.25,1.0,1.0,,0.0014535461338152059,0.00001,8.0,mean,false,none,52,14,0.9443052186001548,-2.1433291601749245,0.09600996102829251,-2.239339133260037,0.0034797056255749022,0.7392271320119533,1.9313508981770913,0.041666778848932204,0.06495430007099436,0.1546306479084406,NaN,0.0,NaN,1.7672133047459002,0.9627165787796257,0.9348720886778398,0.9375855505075157,0.03728342122037434,1.0,0.9910349683172964,0.7165702619938754,-1.9447285863140935
intermittent,titantpp,small_lmm,small_lmm,strict,308cec0b9c383d4eab5aac8b9015dae663b0ad73,52,shared,shared,validation_only,coupled,coupled,ce,0.0,mark_residual,global,1.0,coupled,none,0.25,1.0,1.0,,0.0014535461338152059,0.00001,8.0,mean,false,none,52,15,0.9416860973726455,-2.212398672979801,0.09840351350295928,-2.3108021729458192,0.0036170206038228883,0.7043528794261391,1.921783048090003,0.039701080206270056,0.05782351197349229,0.15463856152398728,NaN,0.0,NaN,1.7672133047459002,0.9600625832995306,0.9305741470990161,0.9339268344828778,0.03993741670046937,1.0,0.9885942267073456,0.734603606668935,-2.020699116824042
intermittent,titantpp,small_lmm,small_lmm,strict,308cec0b9c383d4eab5aac8b9015dae663b0ad73,52,shared,shared,validation_only,coupled,coupled,ce,0.0,mark_residual,global,1.0,coupled,none,0.25,1.0,1.0,,0.0014535461338152059,0.00001,8.0,mean,false,none,52,16,0.9433444823011501,-2.2756925305133695,0.1001123855485299,-2.37580491672933,0.0035881727778563507,0.9002879370141017,3.018672734216141,0.05074502375180867,0.06526182279627134,0.1595135893224052,NaN,0.0,NaN,1.7672133047459002,0.9619169032856232,0.9348138979342954,0.9358160925091811,0.03808309671437678,1.0,0.9885472893686928,0.7335828513099694,-2.090799039803804
intermittent,titantpp,small_lmm,small_lmm,strict,308cec0b9c383d4eab5aac8b9015dae663b0ad73,52,shared,shared,validation_only,coupled,coupled,ce,0.0,mark_residual,global,1.0,coupled,none,0.25,1.0,1.0,,0.0014535461338152059,0.00001,8.0,mean,false,none,52,17,0.9395058383645358,-2.334203832276749,0.1001279386527525,-2.4343317445338433,0.0037617096327663625,0.7173754037901376,2.033722862529881,0.04043509904734364,0.06677098007586779,0.1661166840317172,NaN,0.0,NaN,1.7672133047459002,0.9578953468157849,0.9129898939242922,0.9239554579582977,0.0421046531842151,1.0,0.9968317296409294,0.5386185777475332,-2.1530235401985705
intermittent,titantpp,small_lmm,small_lmm,strict,308cec0b9c383d4eab5aac8b9015dae663b0ad73,52,shared,shared,validation_only,coupled,coupled,ce,0.0,mark_residual,global,1.0,coupled,none,0.25,1.0,1.0,,0.0014535461338152059,0.00001,8.0,mean,false,none,52,18,0.9430359049313922,-2.3925703102311204,0.09628813529307569,-2.488858441305705,0.0035308430303681174,0.6989273105966621,1.9466875674327586,0.03939526624631408,0.06050402608331982,0.15667236325630757,NaN,0.0,NaN,1.7672133047459002,0.9614069652894478,0.9390849240234984,0.9367369552290525,0.03859303471055224,1.0,0.9856606430415396,0.7808778496087104,-2.2108748478836757
intermittent,titantpp,small_lmm,small_lmm,strict,308cec0b9c383d4eab5aac8b9015dae663b0ad73,52,shared,shared,validation_only,coupled,coupled,ce,0.0,mark_residual,global,1.0,coupled,none,0.25,1.0,1.0,,0.0014535461338152059,0.00001,8.0,mean,false,none,52,19,0.9406972575919035,-2.438854574793811,0.10064327872949803,-2.539497838106259,0.003714859328226729,0.8008011668611389,2.236258172202237,0.04513741944340645,0.06800119249764203,0.1574111310758576,NaN,0.0,NaN,1.7672133047459002,0.9591701918062235,0.9412032543932644,0.9355171754848361,0.04082980819377644,1.0,0.9813658765547993,0.821367812181014,-2.264970160894803
intermittent,titantpp,small_lmm,small_lmm,strict,308cec0b9c383d4eab5aac8b9015dae663b0ad73,52,shared,shared,validation_only,coupled,coupled,ce,0.0,mark_residual,global,1.0,coupled,none,0.25,1.0,1.0,,0.0014535461338152059,0.00001,8.0,mean,false,none,52,20,0.943654427554018,-2.488559291052875,0.09722111648784153,-2.585780404811456,0.003525513264970106,0.6946481833640591,1.9294019559274076,0.03915407184158215,0.06456046611193247,0.15128261456373912,NaN,0.0,NaN,1.7672133047459002,0.962021208784841,0.934050924518294,0.9362574742835901,0.03797879121515907,1.0,0.9914104670265196,0.7026199387546784,-2.315275851632281
intermittent,titantpp,small_lmm,small_lmm,strict,308cec0b9c383d4eab5aac8b9015dae663b0ad73,52,shared,shared,validation_only,coupled,coupled,ce,0.0,mark_residual,global,1.0,coupled,none,0.25,1.0,1.0,,0.0014535461338152059,0.00001,8.0,mean,false,none,52,21,0.9406864310559375,-2.52713826293291,0.10225348091522,-2.6293917365316486,0.0037414906017591,0.7652697031748159,2.1657244620518457,0.043134676882310964,0.06161780870063712,0.16264007451498907,NaN,0.0,NaN,1.7672133047459002,0.9591238338065713,0.9371606805767665,0.9332539143259082,0.04087616619342875,1.0,0.9800750997418446,0.7978904389248044,-2.359654860161681
intermittent,titantpp,small_lmm,small_lmm,strict,308cec0b9c383d4eab5aac8b9015dae663b0ad73,52,shared,shared,validation_only,coupled,coupled,ce,0.0,mark_residual,global,1.0,coupled,none,0.25,1.0,1.0,,0.0014535461338152059,0.00001,8.0,mean,false,none,52,22,0.9438554601496864,-2.573021975462728,0.0972897934966826,-2.670311754833141,0.003502922625139613,0.7022265861310294,1.944199344676174,0.03958123098989434,0.06293916851618879,0.15724974218112509,NaN,0.0,NaN,1.7672133047459002,0.9622298197832764,0.9398817450158761,0.9378526407887787,0.037770180216723646,1.0,0.9859187984041304,0.7662470227968697,-2.4033498273404272
intermittent,titantpp,small_lmm,small_lmm,strict,308cec0b9c383d4eab5aac8b9015dae663b0ad73,52,shared,shared,validation_only,coupled,coupled,ce,0.0,mark_residual,global,1.0,coupled,none,0.25,1.0,1.0,,0.0014535461338152059,0.00001,8.0,mean,false,none,52,23,0.9403128028440207,-2.6025877357337457,0.10616245986709742,-2.708750186585714,0.003897749842878153,0.7100864183075867,1.9664129198969127,0.040024252998839,0.06640315626990707,0.1635458862160928,NaN,0.0,NaN,1.7672133047459002,0.9586950223097873,0.9425930784879257,0.9332307502412556,0.041304977690212664,1.0,0.9773292654306501,0.8036747192922763,-2.443888141445438
intermittent,titantpp,small_lmm,small_lmm,strict,308cec0b9c383d4eab5aac8b9015dae663b0ad73,52,shared,shared,validation_only,coupled,coupled,ce,0.0,mark_residual,global,1.0,coupled,none,0.25,1.0,1.0,,0.0014535461338152059,0.00001,8.0,mean,false,none,52,24,0.9436256975866204,-2.646714568868976,0.09739644876099765,-2.7441110041863106,0.0035312906095629013,0.7117886508485841,1.9450231337392265,0.040120199892241235,0.05814142133916468,0.15205637093043028,NaN,0.0,NaN,1.7672133047459002,0.9620096192849279,0.9377695477871453,0.9367053130764216,0.037990380715072145,1.0,0.9874442619103497,0.7522966995576726,-2.4812040134431173
intermittent,titantpp,small_lmm,small_lmm,strict,308cec0b9c383d4eab5aac8b9015dae663b0ad73,52,shared,shared,validation_only,coupled,coupled,ce,0.0,mark_residual,global,1.0,coupled,none,0.25,1.0,1.0,,0.0014535461338152059,0.00001,8.0,mean,false,none,52,25,0.9428969230759785,-2.680468860747136,0.09719442536350355,-2.777663270298545,0.003552443800334468,0.6872456671403154,1.8484556835327202,0.03873682659575239,0.05977040566208258,0.1514632640337597,NaN,0.0,NaN,1.7672133047459002,0.9612563017905777,0.93875919429241,0.9366076040844116,0.038743698209422264,1.0,0.9864820464679652,0.7679482817284791,-2.5165802655821503
intermittent,titantpp,small_lmm,small_lmm,strict,308cec0b9c383d4eab5aac8b9015dae663b0ad73,52,shared,shared,validation_only,coupled,coupled,ce,0.0,mark_residual,global,1.0,coupled,none,0.25,1.0,1.0,,0.0014535461338152059,0.00001,8.0,mean,false,none,52,26,0.941585345815011,-2.7106654021115073,0.09881914861350448,-2.809484537759827,0.003642562577718447,0.7471569374952324,1.9961834904612819,0.04211374492617501,0.06639391503757083,0.15495780332888173,NaN,0.0,NaN,1.7672133047459002,0.9600046357999652,0.9326620057661253,0.9333335431202183,0.039995364200034765,1.0,0.9881013846514902,0.7216740387887036,-2.550039294017152
intermittent,titantpp,small_lmm,small_lmm,strict,308cec0b9c383d4eab5aac8b9015dae663b0ad73,52,shared,shared,validation_only,coupled,coupled,ce,0.0,mark_residual,global,1.0,coupled,none,0.25,1.0,1.0,,0.0014535461338152059,0.00001,8.0,mean,false,none,52,27,0.9428202742555012,-2.743036509651626,0.09603994422724282,-2.839076433006579,0.003533209630826755,0.6943574881390624,1.929734187779361,0.039137686710236375,0.05733349436700099,0.1554864570791507,NaN,0.0,NaN,1.7672133047459002,0.9611867647910992,0.92825981188791,0.933488214700436,0.03881323520890074,1.0,0.9930063365407181,0.6614494726097312,-2.580614783441447
intermittent,titantpp,small_lmm,small_lmm,strict,308cec0b9c383d4eab5aac8b9015dae663b0ad73,52,shared,shared,validation_only,coupled,coupled,ce,0.0,mark_residual,global,1.0,coupled,none,0.25,1.0,1.0,,0.0014535461338152059,0.00001,8.0,mean,false,none,52,28,0.9437580069889896,-2.7691756267097767,0.0982662331825589,-2.8674418398836172,0.0035406461927000644,0.6837847476970723,1.8662547069206399,0.03854175074042887,0.05944339301996893,0.15153010961770558,NaN,0.0,NaN,1.7672133047459002,0.9621139247841456,0.9329993381118474,0.935793863119415,0.03788607521585444,1.0,0.990542126261441,0.715209254848588,-2.6107582855286617
intermittent,titantpp,small_lmm,small_lmm,strict,308cec0b9c383d4eab5aac8b9015dae663b0ad73,52,shared,shared,validation_only,coupled,coupled,ce,0.0,mark_residual,global,1.0,coupled,none,0.25,1.0,1.0,,0.0014535461338152059,0.00001,8.0,mean,false,none,52,29,0.9435077938041619,-2.799506488699912,0.09468976462163502,-2.8941962327507866,0.0034853528958472342,0.7369764340022641,1.9644179089921254,0.04153991752016818,0.062386919251942806,0.15433069502637356,NaN,0.0,NaN,1.7672133047459002,0.9619169032856232,0.9374335088490917,0.936700839183838,0.03808309671437678,1.0,0.98777282328092,0.74276964954066,-2.638921130850659
intermittent,titantpp,small_lmm,small_lmm,strict,308cec0b9c383d4eab5aac8b9015dae663b0ad73,52,shared,shared,validation_only,coupled,coupled,ce,0.0,mark_residual,global,1.0,coupled,none,0.25,1.0,1.0,,0.0014535461338152059,0.00001,8.0,mean,false,none,52,30,0.9440129290454695,-2.8267184246288926,0.09284906227672877,-2.9195674686019624,0.003409847216281004,0.695421189217922,1.976950990211517,0.03919764256912589,0.056683798947643485,0.15412491214898472,NaN,0.0,NaN,1.7672133047459002,0.9623804832821464,0.939908838995533,0.9380740066061976,0.03761951671785362,1.0,0.9876085425956348,0.7628445049336509,-2.665110238429319
intermittent,titantpp,small_lmm,small_lmm,strict,308cec0b9c383d4eab5aac8b9015dae663b0ad73,52,shared,shared,validation_only,coupled,coupled,ce,0.0,mark_residual,global,1.0,coupled,none,0.25,1.0,1.0,,0.0014535461338152059,0.00001,8.0,mean,false,none,52,31,0.9425397362295402,-2.8445172615535372,0.09892048331945417,-2.943437731627304,0.003622212902482762,0.7199265160123753,2.1572249792563545,0.04057889332136261,0.06155838366489308,0.15384512007510104,NaN,0.0,NaN,1.7672133047459002,0.9609317957930116,0.9374004652373065,0.935370066825869,0.03906820420698847,1.0,0.9867167331612298,0.7356243620279006,-2.690758587557566
intermittent,titantpp,small_lmm,small_lmm,strict,308cec0b9c383d4eab5aac8b9015dae663b0ad73,52,shared,shared,validation_only,coupled,coupled,ce,0.0,mark_residual,global,1.0,coupled,none,0.25,1.0,1.0,,0.0014535461338152059,0.00001,8.0,mean,false,none,52,32,0.9431837410313151,-2.8644833940270673,0.10204938791768675,-2.9665327589958257,0.003717505821140581,0.713344209456821,1.9546101577188395,0.040207879461495614,0.06458529009357308,0.15174295422944023,NaN,0.0,NaN,1.7672133047459002,0.9615692182882308,0.9377702609269186,0.9365056363205991,0.038430781711769134,1.0,0.9881013846514902,0.7424293977543382,-2.71377607912639
intermittent,titantpp,small_lmm,small_lmm,strict,308cec0b9c383d4eab5aac8b9015dae663b0ad73,52,shared,shared,validation_only,coupled,coupled,ce,0.0,mark_residual,global,1.0,coupled,none,0.25,1.0,1.0,,0.0014535461338152059,0.00001,8.0,mean,false,none,52,33,0.9433907444119614,-2.8923677459821135,0.09540300368731652,-2.9877707295755718,0.0035057222915533368,0.7033623273329683,1.9495879749858316,0.03964524741386137,0.05930011002884932,0.15384800033802037,NaN,0.0,NaN,1.7672133047459002,0.9617662397867532,0.9396119583737759,0.9376750601854058,0.0382337602132468,1.0,0.9871157005397794,0.7699897924464103,-2.7376940912326075
intermittent,titantpp,small_lmm,small_lmm,strict,308cec0b9c383d4eab5aac8b9015dae663b0ad73,52,shared,shared,validation_only,coupled,coupled,ce,0.0,mark_residual,global,1.0,coupled,none,0.25,1.0,1.0,,0.0014535461338152059,0.00001,8.0,mean,false,none,52,34,0.9420051825353608,-2.9090637306062623,0.09949373199770727,-3.008557461059238,0.003620262746745599,0.6865947144508306,1.9938481706380107,0.03870013543470144,0.06832726476863506,0.15828223431838442,NaN,0.0,NaN,1.7672133047459002,0.9603639102972706,0.9435673815122132,0.9360502604267109,0.039636089702729325,1.0,0.9795118516780098,0.8162640353861857,-2.759240615197369
intermittent,titantpp,small_lmm,small_lmm,strict,308cec0b9c383d4eab5aac8b9015dae663b0ad73,52,shared,shared,validation_only,coupled,coupled,ce,0.0,mark_residual,global,1.0,coupled,none,0.25,1.0,1.0,,0.0014535461338152059,0.00001,8.0,mean,false,none,52,35,0.9432405373067703,-2.9321911472016167,0.0966482973939962,-3.028839427697988,0.0035630185501040776,0.7144954335670893,1.9482784562756654,0.0402727685846499,0.06016173965651722,0.151709641864741,NaN,0.0,NaN,1.7672133047459002,0.9616271657877963,0.9350747011167163,0.9365571185736373,0.03837283421220374,1.0,0.988242196667449,0.7505954406260633,-2.779453000182138
intermittent,titantpp,small_lmm,small_lmm,strict,308cec0b9c383d4eab5aac8b9015dae663b0ad73,52,shared,shared,validation_only,coupled,coupled,ce,0.0,mark_residual,global,1.0,coupled,none,0.25,1.0,1.0,,0.0014535461338152059,0.00001,8.0,mean,false,none,52,36,0.9423648053613013,-2.9528818881517904,0.09488522410951868,-3.047767099925497,0.003503441968687208,0.6978358857289191,1.9145685344971277,0.03933374772700499,0.060684040868352086,0.15739760596543018,NaN,0.0,NaN,1.7672133047459002,0.9607347742944892,0.9444499739795794,0.9368362026936593,0.03926522570551081,1.0,0.9817883126026754,0.8091187478734263,-2.7986623025529562
intermittent,titantpp,small_lmm,small_lmm,strict,308cec0b9c383d4eab5aac8b9015dae663b0ad73,52,shared,shared,validation_only,coupled,coupled,ce,0.0,mark_residual,global,1.0,coupled,none,0.25,1.0,1.0,,0.0014535461338152059,0.00001,8.0,mean,false,none,52,37,0.9428424140457318,-2.9659277664894588,0.09956836640863304,-3.065496111377584,0.003612483760578499,0.6838071978215845,1.845467410417607,0.038543016149032897,0.06374401381665533,0.151030896757952,NaN,0.0,NaN,1.7672133047459002,0.9611983542910123,0.9310227963011442,0.934761382044115,0.038801645708987656,1.0,0.9917155597277635,0.6947941476692753,-2.816639251454754
intermittent,titantpp,small_lmm,small_lmm,strict,308cec0b9c383d4eab5aac8b9015dae663b0ad73,52,shared,shared,validation_only,coupled,coupled,ce,0.0,mark_residual,global,1.0,coupled,none,0.25,1.0,1.0,,0.0014535461338152059,0.00001,8.0,mean,false,none,52,38,0.9438936221947806,-2.9863834834481513,0.09579847831683366,-3.0821819543493105,0.0034685174961852547,0.7567805403414694,1.985338270780222,0.04265618244525356,0.05913115600352285,0.1549242213281787,NaN,0.0,NaN,1.7672133047459002,0.962322535782581,0.9392498172070096,0.9375055918099628,0.03767746421741902,1.0,0.9863647031213331,0.7784960871044573,-2.8353612233820447
intermittent,titantpp,small_lmm,small_lmm,strict,308cec0b9c383d4eab5aac8b9015dae663b0ad73,52,shared,shared,validation_only,coupled,coupled,ce,0.0,mark_residual,global,1.0,coupled,none,0.25,1.0,1.0,,0.0014535461338152059,0.00001,8.0,mean,false,none,52,39,0.9397662917714341,-2.9940685388269186,0.10474831799416827,-3.098816847183644,0.0038291389418211655,0.7118909949795454,1.9895929777961088,0.040125968552625284,0.0662259584645611,0.16621022687077655,NaN,0.0,NaN,1.7672133047459002,0.9581503158138727,0.9453467846906215,0.9334774542006714,0.04184968418612737,1.0,0.973456934991786,0.8390609050697516,-2.852125190246865
intermittent,titantpp,small_lmm,small_lmm,strict,308cec0b9c383d4eab5aac8b9015dae663b0ad73,52,shared,shared,validation_only,coupled,coupled,ce,0.0,mark_residual,global,1.0,coupled,none,0.25,1.0,1.0,,0.0014535461338152059,0.00001,8.0,mean,false,none,52,40,0.9443000367257095,-3.022030535798129,0.09237163836280986,-3.11440215072371,0.003398116488723064,0.6632825070656541,1.9071478311002792,0.0373861352478375,0.06534982492164285,0.1515260865595049,NaN,0.0,NaN,1.7672133047459002,0.9626354522802341,0.9397939492787333,0.9377860644785692,0.03736454771976589,1.0,0.9873503872330439,0.7621640013610071,-2.868317981612698
intermittent,titantpp,small_lmm,small_lmm,strict,308cec0b9c383d4eab5aac8b9015dae663b0ad73,52,shared,shared,validation_only,coupled,coupled,ce,0.0,mark_residual,global,1.0,coupled,none,0.25,1.0,1.0,,0.0014535461338152059,0.00001,8.0,mean,false,none,52,41,0.9428521530071167,-3.032241863775289,0.09628398937994093,-3.128525843401735,0.0035728905030277154,0.6740682364366709,1.853460684481065,0.037994076408226794,0.054170348521020005,0.1515576528810286,NaN,0.0,NaN,1.7672133047459002,0.9611983542910123,0.9284816268416868,0.933545748494085,0.038801645708987656,1.0,0.9934991785965736,0.6651922422592719,-2.8847133994722554
intermittent,titantpp,small_lmm,small_lmm,strict,308cec0b9c383d4eab5aac8b9015dae663b0ad73,52,shared,shared,validation_only,coupled,coupled,ce,0.0,mark_residual,global,1.0,coupled,none,0.25,1.0,1.0,,0.0014535461338152059,0.00001,8.0,mean,false,none,52,42,0.943227581097185,-3.0481341271202336,0.09488278220853924,-3.143016889503286,0.003502570941830299,0.7506306429785774,2.0790607175898344,0.04230954147082689,0.05961098388565328,0.15606799022814016,NaN,0.0,NaN,1.7672133047459002,0.9616503447876225,0.9392903302581487,0.9375896305789454,0.038349655212377584,1.0,0.9877962919502464,0.7740728138822729,-2.899671761360218
intermittent,titantpp,small_lmm,small_lmm,strict,308cec0b9c383d4eab5aac8b9015dae663b0ad73,52,shared,shared,validation_only,coupled,coupled,ce,0.0,mark_residual,global,1.0,coupled,none,0.25,1.0,1.0,,0.0014535461338152059,0.00001,8.0,mean,false,none,52,43,0.9408973925174163,-3.0585557621849047,0.09929225787952367,-3.157848004293986,0.003659339025144924,0.7049717405659303,1.9698484864116477,0.03973596251663615,0.06080717479408274,0.16093366532407288,NaN,0.0,NaN,1.7672133047459002,0.9592744973054412,0.9316660026922716,0.9326875231847409,0.04072550269455873,1.0,0.9875381365876554,0.7009186798230691,-2.913782050845217
intermittent,titantpp,small_lmm,small_lmm,strict,308cec0b9c383d4eab5aac8b9015dae663b0ad73,52,shared,shared,validation_only,coupled,coupled,ce,0.0,mark_residual,global,1.0,coupled,none,0.25,1.0,1.0,,0.0014535461338152059,0.00001,8.0,mean,false,none,52,44,0.9429072742448343,-3.0716546275230647,0.09950692220732674,-3.171161539537879,0.003674759573454479,0.7000734981106477,1.8258938276106265,0.0394598714800731,0.05922474079725605,0.15093268348621547,NaN,0.0,NaN,1.7672133047459002,0.9612794807904039,0.9312503961739986,0.9340708652982532,0.038720519209596106,1.0,0.9921849331142925,0.6805035726437564,-2.9278683577929425
intermittent,titantpp,small_lmm,small_lmm,strict,308cec0b9c383d4eab5aac8b9015dae663b0ad73,52,shared,shared,validation_only,coupled,coupled,ce,0.0,mark_residual,global,1.0,coupled,none,0.25,1.0,1.0,,0.0014535461338152059,0.00001,8.0,mean,false,none,52,45,0.9413165359275909,-3.085423745582352,0.09781619832311476,-3.183239931247046,0.0036241407788664944,0.7378188270015775,1.9806617673943945,0.04158739927683849,0.06379615635089086,0.15722191019964168,NaN,0.0,NaN,1.7672133047459002,0.9597264878020514,0.9447540424320818,0.9353819832494052,0.04027351219794866,1.0,0.9822576859892044,0.7927866621299762,-2.9402566009597133
intermittent,titantpp,small_lmm,small_lmm,strict,308cec0b9c383d4eab5aac8b9015dae663b0ad73,52,shared,shared,validation_only,coupled,coupled,ce,0.0,mark_residual,global,1.0,coupled,none,0.25,1.0,1.0,,0.0014535461338152059,0.00001,8.0,mean,false,none,52,46,0.9429205564941227,-3.1011513885040025,0.09458836218126422,-3.195739736809559,0.0035059135419681533,0.7215597485614527,2.0153147023672306,0.04067095100767353,0.06754755876000333,0.15734013474280645,NaN,0.0,NaN,1.7672133047459002,0.9613142492901431,0.9438713122368136,0.9368005375639432,0.03868575070985687,1.0,0.9817413752640225,0.7941476692752637,-2.9527493601347596
intermittent,titantpp,small_lmm,small_lmm,strict,308cec0b9c383d4eab5aac8b9015dae663b0ad73,52,shared,shared,validation_only,coupled,coupled,ce,0.0,mark_residual,global,1.0,coupled,none,0.25,1.0,1.0,,0.0014535461338152059,0.00001,8.0,mean,false,none,52,47,0.9432582728815043,-3.1080716300398903,0.09954162914057242,-3.2076132401272233,0.0035909556150492583,0.7199388586591305,1.9789265471151538,0.0405795890186801,0.055760571985923935,0.1535823423904529,NaN,0.0,NaN,1.7672133047459002,0.9616503447876225,0.9384895613386066,0.9369495625968267,0.038349655212377584,1.0,0.9867402018305562,0.7618237495746852,-2.965933559697378
intermittent,titantpp,small_lmm,small_lmm,strict,308cec0b9c383d4eab5aac8b9015dae663b0ad73,52,shared,shared,validation_only,coupled,coupled,ce,0.0,mark_residual,global,1.0,coupled,none,0.25,1.0,1.0,,0.0014535461338152059,0.00001,8.0,mean,false,none,52,48,0.9423435899005992,-3.1226867819023054,0.09613863096030136,-3.2188253905051014,0.0035729159819033298,0.70746184651791,1.9145026426043372,0.03987631815229736,0.07332242397152065,0.1584233489061919,NaN,0.0,NaN,1.7672133047459002,0.9607231847945761,0.9465558364268323,0.9367065201936072,0.039276815205423886,1.0,0.9798404130485802,0.815923783599864,-2.9770184117423852
intermittent,titantpp,small_lmm,small_lmm,strict,308cec0b9c383d4eab5aac8b9015dae663b0ad73,52,shared,shared,validation_only,coupled,coupled,ce,0.0,mark_residual,global,1.0,coupled,none,0.25,1.0,1.0,,0.0014535461338152059,0.00001,8.0,mean,false,none,52,49,0.9423637680389848,-3.1322833830756123,0.09713536782882395,-3.2294187127656193,0.003562646178912267,0.6988732080453516,1.9322836571178614,0.039392216738330675,0.06058543709619384,0.15704014483888298,NaN,0.0,NaN,1.7672133047459002,0.9607347742944892,0.9412157222921448,0.9362089039986758,0.03926522570551081,1.0,0.9827974653837127,0.7982306907111262,-2.987758598572566
intermittent,titantpp,small_lmm,small_lmm,strict,308cec0b9c383d4eab5aac8b9015dae663b0ad73,52,shared,shared,validation_only,coupled,coupled,ce,0.0,mark_residual,global,1.0,coupled,none,0.25,1.0,1.0,,0.0014535461338152059,0.00001,8.0,mean,false,none,52,50,0.9415632568503792,-3.1441349422792824,0.09580785745651543,-3.2399427811502752,0.0035967213653932645,0.7344774023878786,1.9770022037952886,0.04139905878662888,0.059796057232646034,0.15839713979724646,NaN,0.0,NaN,1.7672133047459002,0.959969867300226,0.9423127446458488,0.9352013201637589,0.040030132699774006,1.0,0.9822576859892044,0.7985709424974481,-2.9993743782545716
intermittent,titantpp,small_lmm,small_lmm,strict,308cec0b9c383d4eab5aac8b9015dae663b0ad73,52,shared,shared,validation_only,coupled,coupled,ce,0.0,mark_residual,global,1.0,coupled,none,0.25,1.0,1.0,,0.0014535461338152059,0.00001,8.0,mean,false,none,52,51,0.9424645107002864,-3.1538155003039416,0.09615032934328079,-3.249965811364308,0.003542007075011061,0.6908465460484223,1.8911380622633487,0.03893979131204671,0.06021545988981352,0.15498543535001094,NaN,0.0,NaN,1.7672133047459002,0.9608274902937938,0.9415324617879333,0.9366290117710366,0.03917250970620618,1.0,0.984064773527341,0.7873426335488262,-3.010385088709768
intermittent,titantpp,small_lmm,small_lmm,strict,308cec0b9c383d4eab5aac8b9015dae663b0ad73,52,shared,shared,validation_only,coupled,coupled,ce,0.0,mark_residual,global,1.0,coupled,none,0.25,1.0,1.0,,0.0014535461338152059,0.00001,8.0,mean,false,none,52,52,0.9429812178186452,-3.163894676398159,0.09557589247536516,-3.2594705458207405,0.003552301108826395,0.7072564236913432,1.988318621979069,0.039864739427553066,0.06476879153583502,0.1540115409822346,NaN,0.0,NaN,1.7672133047459002,0.9613606072897954,0.9433446376744933,0.9370917291721709,0.038639392710204556,1.0,0.9844402722365642,0.7897243960530793,-3.019668488570711
intermittent,titantpp,small_lmm,small_lmm,strict,308cec0b9c383d4eab5aac8b9015dae663b0ad73,52,shared,shared,validation_only,coupled,coupled,ce,0.0,mark_residual,global,1.0,coupled,none,0.25,1.0,1.0,,0.0014535461338152059,0.00001,8.0,mean,false,none,52,53,0.9440535635419453,-3.1735481541174866,0.09501351133179328,-3.2685616512622424,0.0034768530651316017,0.7011446923944885,1.9501479969339897,0.0395202496959099,0.06504002515732389,0.1567628594907821,NaN,0.0,NaN,1.7672133047459002,0.9624268412817987,0.9419246815616178,0.9380989385105747,0.037573158718201306,1.0,0.984792302276461,0.7914256549846886,-3.029495035795924
intermittent,titantpp,small_lmm,small_lmm,strict,308cec0b9c383d4eab5aac8b9015dae663b0ad73,52,shared,shared,validation_only,coupled,coupled,ce,0.0,mark_residual,global,1.0,coupled,none,0.25,1.0,1.0,,0.0014535461338152059,0.00001,8.0,mean,false,none,52,54,0.9434225745595178,-3.1825873229099795,0.095045226697109,-3.277632530562991,0.003480586374902171,0.7294796793418156,1.953329404283509,0.04111736049405978,0.062232883273432675,0.15802631567319642,NaN,0.0,NaN,1.7672133047459002,0.9618241872863186,0.9336777215998772,0.9354424533873189,0.0381758127136814,1.0,0.9893217554564656,0.7182715209254849,-3.037891801296502
intermittent,titantpp,small_lmm,small_lmm,strict,308cec0b9c383d4eab5aac8b9015dae663b0ad73,52,shared,shared,validation_only,coupled,coupled,ce,0.0,mark_residual,global,1.0,coupled,none,0.25,1.0,1.0,,0.0014535461338152059,0.00001,8.0,mean,false,none,52,55,0.9424092897170623,-3.184566292356849,0.10115224667532029,-3.2857185417264154,0.0036410039083228317,0.6649410298810522,1.8184002958685006,0.03747961842827356,0.05617760716815353,0.15285491242117005,NaN,0.0,NaN,1.7672133047459002,0.9607463637944023,0.9259867261262136,0.9320316509132067,0.03925363620559773,1.0,0.9940624266604083,0.6315073154134059,-3.047657403818808
intermittent,titantpp,small_lmm,small_lmm,strict,308cec0b9c383d4eab5aac8b9015dae663b0ad73,52,shared,shared,validation_only,coupled,coupled,ce,0.0,mark_residual,global,1.0,coupled,none,0.25,1.0,1.0,,0.0014535461338152059,0.00001,8.0,mean,false,none,52,56,0.9412931811349254,-3.193333738916904,0.10111617940239111,-3.2944499036863326,0.003702529856480965,0.7264051199277113,2.013984719758706,0.04094406194802736,0.059800880606152226,0.1532864965890195,NaN,0.0,NaN,1.7672133047459002,0.9596917193023121,0.9303815091384726,0.9327147883966622,0.040308280697687895,1.0,0.9896503168270359,0.7308608370193943,-3.0555721861643352
intermittent,titantpp,small_lmm,small_lmm,strict,308cec0b9c383d4eab5aac8b9015dae663b0ad73,52,shared,shared,validation_only,coupled,coupled,ce,0.0,mark_residual,global,1.0,coupled,none,0.25,1.0,1.0,,0.0014535461338152059,0.00001,8.0,mean,false,none,52,57,0.9437406689273791,-3.2069232219380606,0.09520808914101551,-3.302131293224364,0.00349777081728641,0.7474808089597867,2.0219540700937957,0.04213200004710427,0.06796025821188202,0.1578952072805968,NaN,0.0,NaN,1.7672133047459002,0.9621602827837978,0.9328317606709638,0.9352968673557199,0.03783971721620212,1.0,0.9911757803332552,0.6913916298060565,-3.0645288164655935
intermittent,titantpp,small_lmm,small_lmm,strict,308cec0b9c383d4eab5aac8b9015dae663b0ad73,52,shared,shared,validation_only,coupled,coupled,ce,0.0,mark_residual,global,1.0,coupled,none,0.25,1.0,1.0,,0.0014535461338152059,0.00001,8.0,mean,false,none,52,58,0.9429233944126095,-3.2120380340379877,0.09799722349640858,-3.310035232558977,0.0036155682536216298,0.7187218300746505,1.931408214674014,0.04051099080483432,0.05901466822675325,0.15433522863100452,NaN,0.0,NaN,1.7672133047459002,0.9613142492901431,0.9364935053377903,0.936159862309515,0.03868575070985687,1.0,0.9876554799342877,0.7410683906090507,-3.0731099962568096
intermittent,titantpp,small_lmm,small_lmm,strict,308cec0b9c383d4eab5aac8b9015dae663b0ad73,52,shared,shared,validation_only,coupled,coupled,ce,0.0,mark_residual,global,1.0,coupled,none,0.25,1.0,1.0,,0.0014535461338152059,0.00001,8.0,mean,false,none,52,59,0.943080334023224,-3.2228175582218164,0.09449550446228445,-3.3173130425999573,0.003541154642058704,0.7935722177216689,2.074213268004558,0.0447299573629973,0.07293327962867961,0.1573769901129357,NaN,0.0,NaN,1.7672133047459002,0.9615460392884047,0.94228089676812,0.9374373550569843,0.03845396071159529,1.0,0.98380661816475,0.7856413746172167,-3.0798927038636723
intermittent,titantpp,small_lmm,small_lmm,strict,308cec0b9c383d4eab5aac8b9015dae663b0ad73,52,shared,shared,validation_only,coupled,coupled,ce,0.0,mark_residual,global,1.0,coupled,none,0.25,1.0,1.0,,0.0014535461338152059,0.00001,8.0,mean,false,none,52,60,0.9413542881224256,-3.2221059140127295,0.10255608462386998,-3.3246619695002617,0.003795122596744306,0.6768876323405951,1.8884841011245679,0.03815299257962957,0.056242911947031196,0.15354571264492706,NaN,0.0,NaN,1.7672133047459002,0.9597033088022252,0.9413916505263931,0.9341451319934381,0.04029669119777481,1.0,0.9819291246186341,0.7723715549506635,-3.087656997580212
intermittent,titantpp,small_lmm,small_lmm,strict,308cec0b9c383d4eab5aac8b9015dae663b0ad73,52,shared,shared,validation_only,coupled,coupled,ce,0.0,mark_residual,global,1.0,coupled,none,0.25,1.0,1.0,,0.0014535461338152059,0.00001,8.0,mean,false,none,52,61,0.9400504371613944,-3.22828354254972,0.10291138554512487,-3.3311949120312816,0.0037347199849799327,0.7638411024986347,2.1342414936354737,0.04305415333838224,0.06041936489068088,0.158157687800419,NaN,0.0,NaN,1.7672133047459002,0.9584864113113519,0.930641192459696,0.9306490735123075,0.04151358868864809,1.0,0.9892982867871392,0.6964954066008846,-3.0946468440391928
intermittent,titantpp,small_lmm,small_lmm,strict,308cec0b9c383d4eab5aac8b9015dae663b0ad73,52,shared,shared,validation_only,coupled,coupled,ce,0.0,mark_residual,global,1.0,coupled,none,0.25,1.0,1.0,,0.0014535461338152059,0.00001,8.0,mean,false,none,52,62,0.9432371599460979,-3.237507300778378,0.10077869734646597,-3.338285984849021,0.003627248186679391,0.6599252946740017,1.8924389312951548,0.03719690487436467,0.056481174508894054,0.14976357861476966,NaN,0.0,NaN,1.7672133047459002,0.9615692182882308,0.9431653965208958,0.9375193368791795,0.038430781711769134,1.0,0.9848861769537667,0.7863218781898605,-3.101521222272062
intermittent,titantpp,small_lmm,small_lmm,strict,308cec0b9c383d4eab5aac8b9015dae663b0ad73,52,shared,shared,validation_only,coupled,coupled,ce,0.0,mark_residual,global,1.0,coupled,none,0.25,1.0,1.0,,0.0014535461338152059,0.00001,8.0,mean,false,none,52,63,0.943498389266964,-3.247489214183876,0.09664293909090836,-3.3441321514072384,0.00354005290092166,0.7579704711132864,2.1627112751873656,0.04272325328203399,0.05807583140713485,0.15617821436735374,NaN,0.0,NaN,1.7672133047459002,0.9619284927855363,0.9360198216869366,0.9366572005855309,0.038071507214463694,1.0,0.9890401314245483,0.7434501531133039,-3.1079797773429414
intermittent,titantpp,small_lmm,small_lmm,strict,308cec0b9c383d4eab5aac8b9015dae663b0ad73,52,shared,shared,validation_only,coupled,coupled,ce,0.0,mark_residual,global,1.0,coupled,none,0.25,1.0,1.0,,0.0014535461338152059,0.00001,8.0,mean,false,none,52,64,0.941517668864605,-3.2511805029755956,0.09930892873489797,-3.350489415512885,0.0036717195996606175,0.6757598889442572,1.9128839379887104,0.03808942695458864,0.061905840588947804,0.15661087161299547,NaN,0.0,NaN,1.7672133047459002,0.9598655618010082,0.9462937488661048,0.936094512907268,0.04013443819899171,1.0,0.9789720722835015,0.8257910854031983,-3.115015018823398
intermittent,titantpp,small_lmm,small_lmm,strict,308cec0b9c383d4eab5aac8b9015dae663b0ad73,52,shared,shared,validation_only,coupled,coupled,ce,0.0,mark_residual,global,1.0,coupled,none,0.25,1.0,1.0,,0.0014535461338152059,0.00001,8.0,mean,false,none,52,65,0.9407567187348198,-3.2562678005353125,0.10040096920074291,-3.356668749997878,0.0036910964378963963,0.7297505240316856,2.030797457250854,0.04113262674350669,0.060292806526998,0.16061968035951737,NaN,0.0,NaN,1.7672133047459002,0.9591586023063104,0.9413191785030514,0.9340720030611498,0.04084139769368952,1.0,0.9815770945787374,0.7968696835658388,-3.1214190924586185
intermittent,titantpp,small_lmm,small_lmm,strict,308cec0b9c383d4eab5aac8b9015dae663b0ad73,52,shared,shared,validation_only,coupled,coupled,ce,0.0,mark_residual,global,1.0,coupled,none,0.25,1.0,1.0,,0.0014535461338152059,0.00001,8.0,mean,false,none,52,66,0.9406933032184983,-3.261569904036267,0.10100957707048565,-3.3625794594565708,0.0037827824029291286,0.7236290408747493,2.13747623189689,0.040787587345083476,0.05814738792264255,0.1606033985803162,NaN,0.0,NaN,1.7672133047459002,0.959089065306832,0.9463030805638462,0.9349513842704434,0.04091093469316799,1.0,0.9773762027693029,0.8376998979244641,-3.1272009253811928
intermittent,titantpp,small_lmm,small_lmm,strict,308cec0b9c383d4eab5aac8b9015dae663b0ad73,52,shared,shared,validation_only,coupled,coupled,ce,0.0,mark_residual,global,1.0,coupled,none,0.25,1.0,1.0,,0.0014535461338152059,0.00001,8.0,mean,false,none,52,67,0.9422145470995156,-3.267593905030075,0.10077520756687441,-3.3683690891817393,0.003656374175267283,0.7206096484707109,1.9745693018725639,0.04061739830560003,0.07478968907447059,0.1606045971506383,NaN,0.0,NaN,1.7672133047459002,0.9606072897954453,0.9405924031585384,0.9353546955565809,0.039392710204554676,1.0,0.9824219666744896,0.7774753317454917,-3.133064338382726
intermittent,titantpp,small_lmm,small_lmm,strict,308cec0b9c383d4eab5aac8b9015dae663b0ad73,52,shared,shared,validation_only,coupled,coupled,ce,0.0,mark_residual,global,1.0,coupled,none,0.25,1.0,1.0,,0.0014535461338152059,0.00001,8.0,mean,false,none,52,68,0.9429739149991736,-3.2766253186051424,0.09701178417267847,-3.3736370775247426,0.003543662216622002,0.7261487430759962,1.94206287790094,0.04092961118300562,0.061826725423892115,0.15273404635109863,NaN,0.0,NaN,1.7672133047459002,0.9613721967897085,0.9400763552381688,0.9368680715945756,0.038627803210291474,1.0,0.9855667683642337,0.7744130656685948,-3.1393421367489003
intermittent,titantpp,small_lmm,small_lmm,strict,308cec0b9c383d4eab5aac8b9015dae663b0ad73,52,shared,shared,validation_only,coupled,coupled,ce,0.0,mark_residual,global,1.0,coupled,none,0.25,1.0,1.0,,0.0014535461338152059,0.00001,8.0,mean,false,none,52,69,0.9425655564311219,-3.2824088795198767,0.09607160272624067,-3.378480450736901,0.003571274574898241,0.7172853142567082,1.9667293320731671,0.04043002112135384,0.057161821996847224,0.15477255660450964,NaN,0.0,NaN,1.7672133047459002,0.9609549747928376,0.940995862196469,0.9357527275972044,0.03904502520716231,1.0,0.9834311194555269,0.776454576386526,-3.143661229601142
intermittent,titantpp,small_lmm,small_lmm,strict,308cec0b9c383d4eab5aac8b9015dae663b0ad73,52,shared,shared,validation_only,coupled,coupled,ce,0.0,mark_residual,global,1.0,coupled,none,0.25,1.0,1.0,,0.0014535461338152059,0.00001,8.0,mean,false,none,52,70,0.9432691459278648,-3.283929660299973,0.09946790024406763,-3.3833975505502805,0.0036159800928556056,0.8365503113426063,2.2478326901224945,0.04715243165365056,0.06871089290935664,0.1593908073563035,NaN,0.0,NaN,1.7672133047459002,0.9617778292866663,0.9377749717460028,0.9365616381017333,0.03822217071333372,1.0,0.9870922318704529,0.7553589656345696,-3.1489085162879586
intermittent,titantpp,small_lmm,small_lmm,strict,308cec0b9c383d4eab5aac8b9015dae663b0ad73,52,shared,shared,validation_only,coupled,coupled,ce,0.0,mark_residual,global,1.0,coupled,none,0.25,1.0,1.0,,0.0014535461338152059,0.00001,8.0,mean,false,none,52,71,0.9414795749293796,-3.2907134103451736,0.0978142836559606,-3.3885276770117856,0.0036539638955402384,0.6906748243435693,1.954105669374094,0.03893011216204014,0.05799956672774783,0.15514672576385996,NaN,0.0,NaN,1.7672133047459002,0.9598423828011822,0.9404048406676547,0.9349521903729825,0.04015761719881787,1.0,0.9840178361886881,0.7907451514120449,-3.154967760078619
intermittent,titantpp,small_lmm,small_lmm,strict,308cec0b9c383d4eab5aac8b9015dae663b0ad73,52,shared,shared,validation_only,coupled,coupled,ce,0.0,mark_residual,global,1.0,coupled,none,0.25,1.0,1.0,,0.0014535461338152059,0.00001,8.0,mean,false,none,52,72,0.9432324331053178,-3.2976659938469406,0.09565779548113555,-3.3933237706578026,0.0035249685871982187,0.6994206351933255,1.923887228340582,0.03942307264840591,0.06287655514002385,0.15411720414087993,NaN,0.0,NaN,1.7672133047459002,0.9616039867879701,0.9372015538716387,0.9362652274393302,0.0383960132120299,1.0,0.9873269185637175,0.7516161959850289,-3.1594834313746083
intermittent,titantpp,small_lmm,small_lmm,strict,308cec0b9c383d4eab5aac8b9015dae663b0ad73,52,shared,shared,validation_only,coupled,coupled,ce,0.0,mark_residual,global,1.0,coupled,none,0.25,1.0,1.0,,0.0014535461338152059,0.00001,8.0,mean,false,none,52,73,0.9447947751003726,-3.307027030909898,0.09069092833878645,-3.3977179487548588,0.003351421754337408,0.7596086279696714,2.0857656278711256,0.0428155885285354,0.06319375814178241,0.15757470109864508,NaN,0.0,NaN,1.7672133047459002,0.9632265167758012,0.9383689377125582,0.9383412647027704,0.03677348322419888,1.0,0.9876554799342877,0.743109901326982,-3.1633301252506487
intermittent,titantpp,small_lmm,small_lmm,strict,308cec0b9c383d4eab5aac8b9015dae663b0ad73,52,shared,shared,validation_only,coupled,coupled,ce,0.0,mark_residual,global,1.0,coupled,none,0.25,1.0,1.0,,0.0014535461338152059,0.00001,8.0,mean,false,none,52,74,0.9435682292203814,-3.307294407831446,0.09489516063701317,-3.4021895530264326,0.0034687980791257285,0.6997200176089582,2.003185539434181,0.03943994743609055,0.05332110081624203,0.1490102027180942,NaN,0.0,NaN,1.7672133047459002,0.9619400822854494,0.9401122076256464,0.937175185740388,0.03805991771455062,1.0,0.9873269185637175,0.759782238856754,-3.1683951127203605
intermittent,titantpp,small_lmm,small_lmm,strict,308cec0b9c383d4eab5aac8b9015dae663b0ad73,52,shared,shared,validation_only,coupled,coupled,ce,0.0,mark_residual,global,1.0,coupled,none,0.25,1.0,1.0,,0.0014535461338152059,0.00001,8.0,mean,false,none,52,75,0.9431744138462074,-3.3108639770762465,0.09562170384273114,-3.4064856654848734,0.003536786542133213,0.7342608944775781,2.0114501525732935,0.04138685524751772,0.06150151897555756,0.1572149201141808,NaN,0.0,NaN,1.7672133047459002,0.9615808077881439,0.9332466005229977,0.9356669190205409,0.03841919221185606,1.0,0.988242196667449,0.7284790745151412,-3.172789992839679
intermittent,titantpp,small_lmm,small_lmm,strict,308cec0b9c383d4eab5aac8b9015dae663b0ad73,52,shared,shared,validation_only,coupled,coupled,ce,0.0,mark_residual,global,1.0,coupled,none,0.25,1.0,1.0,,0.0014535461338152059,0.00001,8.0,mean,false,none,52,76,0.9400974587485117,-3.313627412169006,0.09672654519671325,-3.4103539404023833,0.003655795159572229,0.7631775150336652,3.009983611422249,0.04301675001408249,0.059781223188416735,0.16241508894677298,NaN,0.0,NaN,1.7672133047459002,0.9585327693110043,0.9444550566201733,0.9350176183613306,0.04146723068899577,1.0,0.9781506688570758,0.8376998979244641,-3.177212507113989
intermittent,titantpp,small_lmm,small_lmm,strict,308cec0b9c383d4eab5aac8b9015dae663b0ad73,52,shared,shared,validation_only,coupled,coupled,ce,0.0,mark_residual,global,1.0,coupled,none,0.25,1.0,1.0,,0.0014535461338152059,0.00001,8.0,mean,false,none,52,77,0.9438508941303492,-3.321004822171701,0.0937795696767673,-3.414784388518136,0.003456220465337714,0.6952031055552013,1.9771269443337152,0.03918535021221468,0.055806061415653786,0.14965693368805413,NaN,0.0,NaN,1.7672133047459002,0.9622182302833633,0.9290993780938267,0.9346546859723587,0.03778176971663673,1.0,0.9935695846045529,0.664511738686628,-3.182038705510188
intermittent,titantpp,small_lmm,small_lmm,strict,308cec0b9c383d4eab5aac8b9015dae663b0ad73,52,shared,shared,validation_only,coupled,coupled,ce,0.0,mark_residual,global,1.0,coupled,none,0.25,1.0,1.0,,0.0014535461338152059,0.00001,8.0,mean,false,none,52,78,0.9435200701465294,-3.3183677621171532,0.09985118201392666,-3.418218926940766,0.0036584487627628697,0.6783420919826286,1.8974062207629359,0.03823497367261836,0.05543764455159431,0.14767778684245927,NaN,0.0,NaN,1.7672133047459002,0.9618705452859709,0.9374036194607531,0.9371179451498208,0.03812945471402909,1.0,0.9899084721896269,0.7403878870364069,-3.1847672843034
intermittent,titantpp,small_lmm,small_lmm,strict,308cec0b9c383d4eab5aac8b9015dae663b0ad73,52,shared,shared,validation_only,coupled,coupled,ce,0.0,mark_residual,global,1.0,coupled,none,0.25,1.0,1.0,,0.0014535461338152059,0.00001,8.0,mean,false,none,52,79,0.9435478193819243,-3.328719052590355,0.09340800241245924,-3.4221270318337194,0.0034809674980420006,0.7548983558053081,2.0176827219830575,0.04255009249884201,0.06348885384054694,0.15601527228744236,NaN,0.0,NaN,1.7672133047459002,0.9619748507851886,0.9344475708606876,0.9356227870321175,0.03802514921481138,1.0,0.991222717671908,0.6995576726777816,-3.188878770069896
intermittent,titantpp,small_lmm,small_lmm,strict,308cec0b9c383d4eab5aac8b9015dae663b0ad73,52,shared,shared,validation_only,coupled,coupled,ce,0.0,mark_residual,global,1.0,coupled,none,0.25,1.0,1.0,,0.0014535461338152059,0.00001,8.0,mean,false,none,52,80,0.9430280700948802,-3.3262520007962264,0.09935861937291547,-3.425610597681984,0.0036017274395689037,0.718351647021728,1.9430672619610923,0.04049012531609372,0.066986800560899,0.15455982127016465,NaN,0.0,NaN,1.7672133047459002,0.9614185547893609,0.9406161259708947,0.9365326530922222,0.03858144521063916,1.0,0.9846280215911758,0.7757740728138822,-3.1927060912737457
intermittent,titantpp,small_lmm,small_lmm,strict,308cec0b9c383d4eab5aac8b9015dae663b0ad73,52,shared,shared,validation_only,coupled,coupled,ce,0.0,mark_residual,global,1.0,coupled,none,0.25,1.0,1.0,,0.0014535461338152059,0.00001,8.0,mean,false,none,52,81,0.9435051948944511,-3.336622888251501,0.09247456944383585,-3.4290974290012977,0.003447342512017331,0.7279858438000312,1.9472900896013798,0.04103315996561489,0.06844578249371465,0.15702659563495192,NaN,0.0,NaN,1.7672133047459002,0.9619053137857101,0.931215988997587,0.9350172183129867,0.03809468621428985,1.0,0.9923961511382304,0.6808438244300783,-3.1964807273197544
intermittent,titantpp,small_lmm,small_lmm,strict,308cec0b9c383d4eab5aac8b9015dae663b0ad73,52,shared,shared,validation_only,coupled,coupled,ce,0.0,mark_residual,global,1.0,coupled,none,0.25,1.0,1.0,,0.0014535461338152059,0.00001,8.0,mean,false,none,52,82,0.9408284855838737,-3.335303030850168,0.09743792607952029,-3.432740938604766,0.00364537550788226,0.750699674282537,2.0101339979711446,0.04231343244283155,0.06207444884447287,0.16397322349024693,NaN,0.0,NaN,1.7672133047459002,0.9592513183056152,0.9463174997944992,0.935416630526152,0.040748681694384885,1.0,0.9771415160760385,0.8407621640013611,-3.199969404385521
intermittent,titantpp,small_lmm,small_lmm,strict,308cec0b9c383d4eab5aac8b9015dae663b0ad73,52,shared,shared,validation_only,coupled,coupled,ce,0.0,mark_residual,global,1.0,coupled,none,0.25,1.0,1.0,,0.0014535461338152059,0.00001,8.0,mean,false,none,52,83,0.9400760687057504,-3.334336763633847,0.10134072732659591,-3.4356774564399197,0.003795323758745486,0.703441058403303,2.002084635087629,0.03964968511636729,0.06453178888429129,0.16030130996861439,NaN,0.0,NaN,1.7672133047459002,0.9584516428116127,0.9436888026494251,0.9338687442432465,0.04154835718838732,1.0,0.9789720722835015,0.8251105818305546,-3.2037605761861614
intermittent,titantpp,small_lmm,small_lmm,strict,308cec0b9c383d4eab5aac8b9015dae663b0ad73,52,shared,shared,validation_only,coupled,coupled,ce,0.0,mark_residual,global,1.0,coupled,none,0.25,1.0,1.0,,0.0014535461338152059,0.00001,8.0,mean,false,none,52,84,0.9418490883008653,-3.3407880974180655,0.09796788871435956,-3.4387559635984446,0.003635414083239494,0.7383834497286325,2.016462981859339,0.04161922442134752,0.06624694576529795,0.15803596818436363,NaN,0.0,NaN,1.7672133047459002,0.960259604798053,0.9401546652508238,0.9351847020165729,0.03974039520194703,1.0,0.9833137761088946,0.7771350799591698,-3.2070864401031067
intermittent,titantpp,small_lmm,small_lmm,strict,308cec0b9c383d4eab5aac8b9015dae663b0ad73,52,shared,shared,validation_only,coupled,coupled,ce,0.0,mark_residual,global,1.0,coupled,none,0.25,1.0,1.0,,0.0014535461338152059,0.00001,8.0,mean,false,none,52,85,0.9425422349123882,-3.3430687967523567,0.0991210488347683,-3.442189826529859,0.003602503571542809,0.7058383332513509,1.8901426185794177,0.03978480829652149,0.059565956306435415,0.15103849325849003,NaN,0.0,NaN,1.7672133047459002,0.9609202062930985,0.9360347733116924,0.9359658015473141,0.039079793706901546,1.0,0.9882891340061019,0.7383463763184757,-3.210000199598826
intermittent,titantpp,small_lmm,small_lmm,strict,308cec0b9c383d4eab5aac8b9015dae663b0ad73,52,shared,shared,validation_only,coupled,coupled,ce,0.0,mark_residual,global,1.0,coupled,none,0.25,1.0,1.0,,0.0014535461338152059,0.00001,8.0,mean,false,none,52,86,0.9424759890213787,-3.348237849837515,0.09671221008584095,-3.444950046507254,0.003581231909905555,0.7141367246953085,1.923048776197068,0.040252549841878704,0.06926664757329301,0.1533023043706183,NaN,0.0,NaN,1.7672133047459002,0.960862258793533,0.9389152627953651,0.9360582753916664,0.03913774120646694,1.0,0.9865524524759446,0.7832596121129636,-3.212857089365102
intermittent,titantpp,small_lmm,small_lmm,strict,308cec0b9c383d4eab5aac8b9015dae663b0ad73,52,shared,shared,validation_only,coupled,coupled,ce,0.0,mark_residual,global,1.0,coupled,none,0.25,1.0,1.0,,0.0014535461338152059,0.00001,8.0,mean,false,none,52,87,0.9380531758265003,-3.3416191040505923,0.10603358444039503,-3.4476526671864587,0.003966455570462034,0.7445294525170579,2.0242852028172686,0.04196564587681177,0.06943689255018931,0.16919363578529512,NaN,0.0,NaN,1.7672133047459002,0.9564698383264763,0.9454255252478543,0.9327062638134088,0.04353016167352379,1.0,0.9729171555972776,0.846546444368833,-3.2154640653818576
intermittent,titantpp,small_lmm,small_lmm,strict,308cec0b9c383d4eab5aac8b9015dae663b0ad73,52,shared,shared,validation_only,coupled,coupled,ce,0.0,mark_residual,global,1.0,coupled,none,0.25,1.0,1.0,,0.0014535461338152059,0.00001,8.0,mean,false,none,52,88,0.9429706085572329,-3.347299144024464,0.10296291538569838,-3.450262040722209,0.003661126735549471,0.7294551850166549,1.9662430989751456,0.04111597986341822,0.07921852506781368,0.1601500072011992,NaN,0.0,NaN,1.7672133047459002,0.9613721967897085,0.9274889343883981,0.9337791466636663,0.038627803210291474,1.0,0.9930767425486975,0.6757400476352501,-3.2192187641779997
intermittent,titantpp,small_lmm,small_lmm,strict,308cec0b9c383d4eab5aac8b9015dae663b0ad73,52,shared,shared,validation_only,coupled,coupled,ce,0.0,mark_residual,global,1.0,coupled,none,0.25,1.0,1.0,,0.0014535461338152059,0.00001,8.0,mean,false,none,52,89,0.9439437795796594,-3.360095741522646,0.09296174441684596,-3.4530574689605267,0.00344006991614052,0.7066231554626776,1.9007481111648494,0.03982904505691484,0.05649654684969218,0.15308623758479334,NaN,0.0,NaN,1.7672133047459002,0.962322535782581,0.9416721084352255,0.9374721438361914,0.03767746421741902,1.0,0.9858014550574983,0.7642055120789384,-3.221676622007541
intermittent,titantpp,small_lmm,small_lmm,strict,308cec0b9c383d4eab5aac8b9015dae663b0ad73,52,shared,shared,validation_only,coupled,coupled,ce,0.0,mark_residual,global,1.0,coupled,none,0.25,1.0,1.0,,0.0014535461338152059,0.00001,8.0,mean,false,none,52,90,0.9431404055348345,-3.361366663942361,0.09432213224809317,-3.4556887810397563,0.003519500477297776,0.7335007061112512,1.987827105023746,0.041344006981847245,0.06311453250728725,0.15649163856799408,NaN,0.0,NaN,1.7672133047459002,0.9615460392884047,0.9349356429301605,0.9358026491012814,0.03845396071159529,1.0,0.9875616052569819,0.7325620959510037,-3.224321162359612
intermittent,titantpp,small_lmm,small_lmm,strict,308cec0b9c383d4eab5aac8b9015dae663b0ad73,52,shared,shared,validation_only,coupled,coupled,ce,0.0,mark_residual,global,1.0,coupled,none,0.25,1.0,1.0,,0.0014535461338152059,0.00001,8.0,mean,false,none,52,91,0.942022729295943,-3.3622169367744963,0.09645025797238796,-3.4586671790207926,0.003592219451302641,0.6922269536949167,1.923870121848326,0.03901759844010939,0.060066956005692174,0.15626461955200055,NaN,0.0,NaN,1.7672133047459002,0.9603870892970968,0.9422898607731534,0.9353418484637286,0.03961291070290317,1.0,0.9824219666744896,0.7866621299761823,-3.2278082631189275
intermittent,titantpp,small_lmm,small_lmm,strict,308cec0b9c383d4eab5aac8b9015dae663b0ad73,52,shared,shared,validation_only,coupled,coupled,ce,0.0,mark_residual,global,1.0,coupled,none,0.25,1.0,1.0,,0.0014535461338152059,0.00001,8.0,mean,false,none,52,92,0.9424067746278855,-3.363785257431767,0.09691103832260747,-3.460696280137298,0.0035829674127883797,0.6790456189709702,1.8617148958583072,0.03827462820120377,0.06040664845990673,0.1550301594723268,NaN,0.0,NaN,1.7672133047459002,0.9607579532943153,0.9427078579914521,0.9364000623270989,0.03924204670568465,1.0,0.9801924430884769,0.8087784960871045,-3.2305030825079184
intermittent,titantpp,small_lmm,small_lmm,strict,308cec0b9c383d4eab5aac8b9015dae663b0ad73,52,shared,shared,validation_only,coupled,coupled,ce,0.0,mark_residual,global,1.0,coupled,none,0.25,1.0,1.0,,0.0014535461338152059,0.00001,8.0,mean,false,none,52,93,0.9435113529493533,-3.3677917377016335,0.09556358851066707,-3.4633553104342054,0.0035279989337842015,0.7334172888109387,2.1314778655784012,0.04133930513845733,0.054862512706736255,0.15136331987671742,NaN,0.0,NaN,1.7672133047459002,0.9619169032856232,0.9390776298686632,0.9375078308839883,0.03808309671437678,1.0,0.9870452945318,0.7659067710105478,-3.2325606701898018
intermittent,titantpp,small_lmm,small_lmm,strict,308cec0b9c383d4eab5aac8b9015dae663b0ad73,52,shared,shared,validation_only,coupled,coupled,ce,0.0,mark_residual,global,1.0,coupled,none,0.25,1.0,1.0,,0.0014535461338152059,0.00001,8.0,mean,false,none,52,94,0.941235972646184,-3.363366603812634,0.10223360021593834,-3.465600180793086,0.0037577638208058798,0.6677186095383681,1.849691644472733,0.037636177613272204,0.05818142678305622,0.1539697568543572,NaN,0.0,NaN,1.7672133047459002,0.9595758243031813,0.9362861500712903,0.9345489531654239,0.04042417569681868,1.0,0.984064773527341,0.787682885335148,-3.235099811237717
intermittent,titantpp,small_lmm,small_lmm,strict,308cec0b9c383d4eab5aac8b9015dae663b0ad73,52,shared,shared,validation_only,coupled,coupled,ce,0.0,mark_residual,global,1.0,coupled,none,0.25,1.0,1.0,,0.0014535461338152059,0.00001,8.0,mean,false,none,52,95,0.9434676534974976,-3.37007722431852,0.09765087493083917,-3.4677280842266622,0.003554313593269527,0.6612217415357966,1.8985208402517821,0.037269979525362366,0.06170435856438225,0.15483854128961946,NaN,0.0,NaN,1.7672133047459002,0.9618010082864924,0.9390252564861896,0.9350396372197797,0.03819899171350756,1.0,0.9848392396151138,0.7424293977543382,-3.237164848957632
intermittent,titantpp,small_lmm,small_lmm,strict,308cec0b9c383d4eab5aac8b9015dae663b0ad73,52,shared,shared,validation_only,coupled,coupled,ce,0.0,mark_residual,global,1.0,coupled,none,0.25,1.0,1.0,,0.0014535461338152059,0.00001,8.0,mean,false,none,52,96,0.9435974115064083,-3.376279602828885,0.09326672889784426,-3.469546311168424,0.003484204156541736,0.7168957312344579,1.9911419085266833,0.040408062147002856,0.06303871678347217,0.15503090765087527,NaN,0.0,NaN,1.7672133047459002,0.9619864402851017,0.9380588484624243,0.9367953329080072,0.0380135597148983,1.0,0.9881483219901431,0.7454916638312351,-3.239228538093393
intermittent,titantpp,small_lmm,small_lmm,strict,308cec0b9c383d4eab5aac8b9015dae663b0ad73,52,shared,shared,validation_only,coupled,coupled,ce,0.0,mark_residual,global,1.0,coupled,none,0.25,1.0,1.0,,0.0014535461338152059,0.00001,8.0,mean,false,none,52,97,0.9427503451443096,-3.3744653123841335,0.09750616530612385,-3.4719714501893706,0.0036012761503456648,0.741107599504675,2.0299896746403223,0.0417727720136292,0.06759280285014886,0.1564424738036587,NaN,0.0,NaN,1.7672133047459002,0.9611635857912731,0.9443940113345543,0.9370406377362581,0.0388364142087269,1.0,0.9815301572400845,0.8057162300102075,-3.2411793921486765
intermittent,titantpp,small_lmm,small_lmm,strict,308cec0b9c383d4eab5aac8b9015dae663b0ad73,52,shared,shared,validation_only,coupled,coupled,ce,0.0,mark_residual,global,1.0,coupled,none,0.25,1.0,1.0,,0.0014535461338152059,0.00001,8.0,mean,false,none,52,98,0.9428487345759933,-3.378059421514328,0.09610099970321687,-3.4741603962949705,0.003561616809373488,0.7122551672993457,1.9615647813153267,0.04014649524442936,0.06836892862602341,0.1560572088902435,NaN,0.0,NaN,1.7672133047459002,0.9612331227907516,0.92588582715018,0.9324216428467896,0.03876687720924842,1.0,0.9940389579910819,0.6345695814903028,-3.2433813504961906
intermittent,titantpp,small_lmm,small_lmm,strict,308cec0b9c383d4eab5aac8b9015dae663b0ad73,52,shared,shared,validation_only,coupled,coupled,ce,0.0,mark_residual,global,1.0,coupled,none,0.25,1.0,1.0,,0.0014535461338152059,0.00001,8.0,mean,false,none,52,99,0.9435506932687945,-3.381551123983429,0.09444429861271447,-3.475995414447845,0.0034966127600991282,0.7172559691959276,1.9836056153942958,0.04042836707741402,0.05765235641778134,0.15564770929403143,NaN,0.0,NaN,1.7672133047459002,0.9619400822854494,0.9327910720824278,0.935623757031689,0.03805991771455062,1.0,0.9895329734804037,0.7475331745491663,-3.2464282635129473
intermittent,titantpp,small_lmm,small_lmm,strict,308cec0b9c383d4eab5aac8b9015dae663b0ad73,52,shared,shared,validation_only,coupled,coupled,ce,0.0,mark_residual,global,1.0,coupled,none,0.25,1.0,1.0,,0.0014535461338152059,0.00001,8.0,mean,false,none,52,100,0.9434617326993894,-3.378931707163471,0.09899833874684459,-3.4779300243835043,0.0035454314585051053,0.7250900392095218,2.0025614226939674,0.04086993699362511,0.05814605565504092,0.1537356549923149,NaN,0.0,NaN,1.7672133047459002,0.9618589557860578,0.9407782543232541,0.9373185332707011,0.03814104421394217,1.0,0.9851678009856841,0.7798570942497448,-3.248488639281537
intermittent,titantpp,small_lmm,small_lmm,strict,308cec0b9c383d4eab5aac8b9015dae663b0ad73,52,shared,shared,validation_only,coupled,coupled,ce,0.0,mark_residual,global,1.0,coupled,none,0.25,1.0,1.0,,0.0014535461338152059,0.00001,8.0,mean,false,none,52,101,0.9429999772369327,-3.385378403803727,0.09443216643478,-3.4798105423230936,0.003507333966173285,0.7232655051430552,1.9607410416082414,0.04076709653477602,0.060618363268413945,0.15700628744742448,NaN,0.0,NaN,1.7672133047459002,0.9613953757895347,0.9261859705050289,0.9320500503252441,0.038604624210465316,1.0,0.9941797700070406,0.6298060564817966,-3.249870134965651
intermittent,titantpp,small_lmm,small_lmm,strict,308cec0b9c383d4eab5aac8b9015dae663b0ad73,52,shared,shared,validation_only,coupled,coupled,ce,0.0,mark_residual,global,1.0,coupled,none,0.25,1.0,1.0,,0.0014535461338152059,0.00001,8.0,mean,false,none,52,102,0.9435081239724564,-3.3842792165481788,0.09722283192036353,-3.4815020406758057,0.0035234679427778993,0.690288266055504,1.8835153138900207,0.038908323677819864,0.05689911214972507,0.1502331450756491,NaN,0.0,NaN,1.7672133047459002,0.9618705452859709,0.9369437499064317,0.936256014838607,0.03812945471402909,1.0,0.9881013846514902,0.7393671316774413,-3.252262442102668
intermittent,titantpp,small_lmm,small_lmm,strict,308cec0b9c383d4eab5aac8b9015dae663b0ad73,52,shared,shared,validation_only,coupled,coupled,ce,0.0,mark_residual,global,1.0,coupled,none,0.25,1.0,1.0,,0.0014535461338152059,0.00001,8.0,mean,false,none,52,103,0.9375290557186815,-3.3759265264575324,0.10754849782775158,-3.483474999537382,0.004022688108295362,0.7239430644210025,1.9886778317071532,0.04080528738487974,0.06435816772098633,0.1748043263919542,NaN,0.0,NaN,1.7672133047459002,0.9559251318305615,0.9486834549820315,0.9321779698456835,0.04407486816943849,1.0,0.9672142689509505,0.8703640694113645,-3.253757468358128
intermittent,titantpp,small_lmm,small_lmm,strict,308cec0b9c383d4eab5aac8b9015dae663b0ad73,52,shared,shared,validation_only,coupled,coupled,ce,0.0,mark_residual,global,1.0,coupled,none,0.25,1.0,1.0,,0.0014535461338152059,0.00001,8.0,mean,false,none,52,104,0.9441324874107813,-3.385884250831637,0.09927422866912144,-3.485158474271126,0.0035556005896510423,0.6569893232977679,1.8797201301110886,0.037031417888372456,0.05659356739095916,0.14527117285996238,NaN,0.0,NaN,1.7672133047459002,0.9624616097815379,0.9388898960517132,0.9380351236966293,0.03753839021846207,1.0,0.9894390988030979,0.7495746852670977,-3.2553516022560656
intermittent,titantpp,small_lmm,small_lmm,strict,308cec0b9c383d4eab5aac8b9015dae663b0ad73,52,shared,shared,validation_only,coupled,coupled,ce,0.0,mark_residual,global,1.0,coupled,none,0.25,1.0,1.0,,0.0014535461338152059,0.00001,8.0,mean,false,none,52,105,0.9428870172894015,-3.3909580538196455,0.0956969045158291,-3.4866549360411545,0.0035739011696903234,0.6855619538042425,1.9002959153195027,0.03864192354338713,0.05569937033041774,0.1544601947157626,NaN,0.0,NaN,1.7672133047459002,0.9612447122906647,0.943578964258266,0.9360888292847545,0.03875528770933534,1.0,0.9821638113118986,0.781898604967676,-3.256936232972362
intermittent,titantpp,small_lmm,small_lmm,strict,308cec0b9c383d4eab5aac8b9015dae663b0ad73,52,shared,shared,validation_only,coupled,coupled,ce,0.0,mark_residual,global,1.0,coupled,none,0.25,1.0,1.0,,0.0014535461338152059,0.00001,8.0,mean,false,none,52,106,0.9441418573487529,-3.3918946590623635,0.09634728100414834,-3.488241930080329,0.003513376047322004,0.682387885065339,1.9003725856961615,0.0384630161217463,0.05573706599122411,0.15129578464307247,NaN,0.0,NaN,1.7672133047459002,0.9624963782812772,0.9381118980352876,0.9370378021549468,0.03750362171872284,1.0,0.9898380661816475,0.7250765566519224,-3.2587026799453715
intermittent,titantpp,small_lmm,small_lmm,strict,308cec0b9c383d4eab5aac8b9015dae663b0ad73,52,shared,shared,validation_only,coupled,coupled,ce,0.0,mark_residual,global,1.0,coupled,none,0.25,1.0,1.0,,0.0014535461338152059,0.00001,8.0,mean,false,none,52,107,0.9425812755794551,-3.391590322793038,0.09813172704973933,-3.4897220141394305,0.003627584392760514,0.666797666184394,1.8650640180266773,0.03758426834019399,0.059665947860684174,0.15580464199190677,NaN,0.0,NaN,1.7672133047459002,0.9609202062930985,0.9443231090737112,0.937114991090433,0.039079793706901546,1.0,0.9803332551044356,0.8087784960871045,-3.260872518752734
intermittent,titantpp,small_lmm,small_lmm,strict,308cec0b9c383d4eab5aac8b9015dae663b0ad73,52,shared,shared,validation_only,coupled,coupled,ce,0.0,mark_residual,global,1.0,coupled,none,0.25,1.0,1.0,,0.0014535461338152059,0.00001,8.0,mean,false,none,52,108,0.944220193917164,-3.39789376153574,0.09324362110116653,-3.4911373681552913,0.0034398406822186947,0.6619988162195503,1.8818847117025184,0.03731377959383245,0.057919625720081414,0.1531317337754997,NaN,0.0,NaN,1.7672133047459002,0.9625543257808425,0.9291426722916323,0.9335166008187566,0.03744567421915744,1.0,0.9940624266604083,0.6308268118407622,-3.2619000501223443
intermittent,titantpp,small_lmm,small_lmm,strict,308cec0b9c383d4eab5aac8b9015dae663b0ad73,52,shared,shared,validation_only,coupled,coupled,ce,0.0,mark_residual,global,1.0,coupled,none,0.25,1.0,1.0,,0.0014535461338152059,0.00001,8.0,mean,false,none,52,109,0.9404581080844355,-3.389310003005319,0.10328453455384551,-3.49259451628353,0.003814653401024353,0.7038551768498383,1.9686648018203907,0.0396730270379254,0.05571711855787954,0.1575871298547335,NaN,0.0,NaN,1.7672133047459002,0.9588340963087443,0.937132102696956,0.9332886211297841,0.04116590369125572,1.0,0.981976061957287,0.8012929567880231,-3.2629851882572445
intermittent,titantpp,small_lmm,small_lmm,strict,308cec0b9c383d4eab5aac8b9015dae663b0ad73,52,shared,shared,validation_only,coupled,coupled,ce,0.0,mark_residual,global,1.0,coupled,none,0.25,1.0,1.0,,0.0014535461338152059,0.00001,8.0,mean,false,none,52,110,0.9421549749654324,-3.3968849345265406,0.09710745009425124,-3.4939923703508167,0.0035749166830520503,0.7570027827277082,2.050308060847138,0.042668709209974794,0.06855322831529603,0.15834021349821345,NaN,0.0,NaN,1.7672133047459002,0.9605841107956191,0.9325952347756208,0.9341232049800668,0.039415889204380834,1.0,0.9913635296878667,0.6920721333787002,-3.2649644130383106
intermittent,titantpp,small_lmm,small_lmm,strict,308cec0b9c383d4eab5aac8b9015dae663b0ad73,52,shared,shared,validation_only,coupled,coupled,ce,0.0,mark_residual,global,1.0,coupled,none,0.25,1.0,1.0,,0.0014535461338152059,0.00001,8.0,mean,false,none,52,111,0.942295622389506,-3.395362321400812,0.10003667850889895,-3.495398982549215,0.0036346404483357767,0.6858923581326665,1.9248478839826675,0.0386605468913231,0.057567667997041584,0.15460633951180544,NaN,0.0,NaN,1.7672133047459002,0.9606536477950977,0.9427228294982487,0.9348720826844852,0.03934635220490236,1.0,0.9821403426425722,0.7703300442327322,-3.2660565727398825
intermittent,titantpp,small_lmm,small_lmm,strict,308cec0b9c383d4eab5aac8b9015dae663b0ad73,52,shared,shared,validation_only,coupled,coupled,ce,0.0,mark_residual,global,1.0,coupled,none,0.25,1.0,1.0,,0.0014535461338152059,0.00001,8.0,mean,false,none,52,112,0.9427924952756173,-3.395069402475971,0.1015372348688001,-3.4966066150363546,0.0036913344252409454,0.6641889684576213,1.8294099246867395,0.03743722824039501,0.06119179033477371,0.1506066906831773,NaN,0.0,NaN,1.7672133047459002,0.9611288172915339,0.9450615137454519,0.9368771360045742,0.03887118270846613,1.0,0.9827505280450598,0.7941476692752637,-3.2675384403980288
intermittent,titantpp,small_lmm,small_lmm,strict,308cec0b9c383d4eab5aac8b9015dae663b0ad73,52,shared,shared,validation_only,coupled,coupled,ce,0.0,mark_residual,global,1.0,coupled,none,0.25,1.0,1.0,,0.0014535461338152059,0.00001,8.0,mean,false,none,52,113,0.9424700449810055,-3.400349744761495,0.09737554704742922,-3.4977252819394846,0.003574299640570863,0.6969017652424392,1.9319640857640052,0.03928109572054728,0.06409595624288512,0.1556507162491287,NaN,0.0,NaN,1.7672133047459002,0.9608390797937069,0.9405257630685117,0.9363714118107934,0.039160920206293096,1.0,0.984792302276461,0.7825791085403199,-3.2693425842472417
intermittent,titantpp,small_lmm,small_lmm,strict,308cec0b9c383d4eab5aac8b9015dae663b0ad73,52,shared,shared,validation_only,coupled,coupled,ce,0.0,mark_residual,global,1.0,coupled,none,0.25,1.0,1.0,,0.0014535461338152059,0.00001,8.0,mean,false,none,52,114,0.9420729843277129,-3.4009310793364085,0.09803003477397955,-3.498961098047537,0.0036423792318516376,0.7346879212295511,1.9822447866395914,0.04141092474992981,0.05729303930576261,0.1551031591838311,NaN,0.0,NaN,1.7672133047459002,0.9604798052964014,0.9423591452711081,0.9352505521239411,0.03952019470359854,1.0,0.9815770945787374,0.7914256549846886,-3.2707766921529533
intermittent,titantpp,small_lmm,small_lmm,strict,308cec0b9c383d4eab5aac8b9015dae663b0ad73,52,shared,shared,validation_only,coupled,coupled,ce,0.0,mark_residual,global,1.0,coupled,none,0.25,1.0,1.0,,0.0014535461338152059,0.00001,8.0,mean,false,none,52,115,0.9431174625476888,-3.401939456725498,0.09830057247909743,-3.5002400140673355,0.0035937703300090752,0.6637276939523173,1.8499417150662854,0.03741122835217549,0.06065395774063205,0.15284619060669946,NaN,0.0,NaN,1.7672133047459002,0.9614533232891,0.9444052789726207,0.937737821088498,0.038546676710899924,1.0,0.9830321520769773,0.7914256549846886,-3.271019267090275
intermittent,titantpp,small_lmm,small_lmm,strict,308cec0b9c383d4eab5aac8b9015dae663b0ad73,52,shared,shared,validation_only,coupled,coupled,ce,0.0,mark_residual,global,1.0,coupled,none,0.25,1.0,1.0,,0.0014535461338152059,0.00001,8.0,mean,false,none,52,116,0.9406437457844081,-3.4018521609695664,0.09937815647011014,-3.5012302928985792,0.00367653918633485,0.7615969750518807,2.1162770226457495,0.042927662361545084,0.06777502697008872,0.16446249887263162,NaN,0.0,NaN,1.7672133047459002,0.9590774758069189,0.9459048959193935,0.9354667171307239,0.04092252419308107,1.0,0.9788077915982164,0.8237495746852671,-3.2721946947906355
intermittent,titantpp,small_lmm,small_lmm,strict,308cec0b9c383d4eab5aac8b9015dae663b0ad73,52,shared,shared,validation_only,coupled,coupled,ce,0.0,mark_residual,global,1.0,coupled,none,0.25,1.0,1.0,,0.0014535461338152059,0.00001,8.0,mean,false,none,52,117,0.9429406750153326,-3.404014734180983,0.09868516934845728,-3.5026998886512484,0.003608863289999508,0.6898517274384068,1.8991204740411725,0.038883718036021926,0.056430298200161766,0.1526768737084053,NaN,0.0,NaN,1.7672133047459002,0.96130265979023,0.9376449904588574,0.935577546844537,0.03869734020976995,1.0,0.9871391692091058,0.7359646138142225,-3.2744706942759194
intermittent,titantpp,small_lmm,small_lmm,strict,308cec0b9c383d4eab5aac8b9015dae663b0ad73,52,shared,shared,validation_only,coupled,coupled,ce,0.0,mark_residual,global,1.0,coupled,none,0.25,1.0,1.0,,0.0014535461338152059,0.00001,8.0,mean,false,none,52,118,0.9415707601737623,-3.4064518544947058,0.09727384071934643,-3.503725665233334,0.003627080970336836,0.6922055792655177,1.9113126884711975,0.03901639366341191,0.06131665191168497,0.15710481276413793,NaN,0.0,NaN,1.7672133047459002,0.9599350988004868,0.9410396314166918,0.934883463360079,0.04006490119951324,1.0,0.9813658765547993,0.8057162300102075,-3.2757223291886954
intermittent,titantpp,small_lmm,small_lmm,strict,308cec0b9c383d4eab5aac8b9015dae663b0ad73,52,shared,shared,validation_only,coupled,coupled,ce,0.0,mark_residual,global,1.0,coupled,none,0.25,1.0,1.0,,0.0014535461338152059,0.00001,8.0,mean,false,none,52,119,0.9441215584851143,-3.41310156102514,0.09157825935990985,-3.5046798047319228,0.003406762781005027,0.7142762486169407,1.9862190989961293,0.04026041415331294,0.05838874835518176,0.15561046325632646,NaN,0.0,NaN,1.7672133047459002,0.9625079677811902,0.9398881631891709,0.9376707266006529,0.03749203221880976,1.0,0.9870452945318,0.7703300442327322,-3.2766211931200115
intermittent,titantpp,small_lmm,small_lmm,strict,308cec0b9c383d4eab5aac8b9015dae663b0ad73,52,shared,shared,validation_only,coupled,coupled,ce,0.0,mark_residual,global,1.0,coupled,none,0.25,1.0,1.0,,0.0014535461338152059,0.00001,8.0,mean,false,none,52,120,0.9409360448986601,-3.4050663506120533,0.10064890847347702,-3.5057152518600496,0.003729111920771424,0.6894983591483242,1.9677062626105262,0.03886380031688326,0.05887287864612111,0.15582805481872317,NaN,0.0,NaN,1.7672133047459002,0.9592976763052674,0.9441598542414794,0.935434657933321,0.040702323694732576,1.0,0.978479230227646,0.8291936032664171,-3.2767425969301183
intermittent,titantpp,small_lmm,small_lmm,strict,308cec0b9c383d4eab5aac8b9015dae663b0ad73,52,shared,shared,validation_only,coupled,coupled,ce,0.0,mark_residual,global,1.0,coupled,none,0.25,1.0,1.0,,0.0014535461338152059,0.00001,8.0,mean,false,none,52,121,0.9419025824085644,-3.4108534040626233,0.09581717818553637,-3.506670552368836,0.0035855008906127326,0.7196578417688102,1.9802939149204053,0.040563749409830895,0.05833960781991568,0.15708470644984515,NaN,0.0,NaN,1.7672133047459002,0.9602943732977922,0.9454721517140183,0.936720826551993,0.0397056267022078,1.0,0.9811077211922083,0.8091187478734263,-3.2786517508318274
intermittent,titantpp,small_lmm,small_lmm,strict,308cec0b9c383d4eab5aac8b9015dae663b0ad73,52,shared,shared,validation_only,coupled,coupled,ce,0.0,mark_residual,global,1.0,coupled,none,0.25,1.0,1.0,,0.0014535461338152059,0.00001,8.0,mean,false,none,52,122,0.9440184929295612,-3.4134511287680587,0.0941602816713822,-3.507611389522682,0.0034803896007544895,0.7246258048654232,2.0215820252978802,0.040843770273124747,0.06717439299629469,0.1547919149804226,NaN,0.0,NaN,1.7672133047459002,0.9624152517818856,0.9392996178192546,0.9374636505032709,0.03758474821811439,1.0,0.9877258859422671,0.7380061245321538,-3.2790467214367323
intermittent,titantpp,small_lmm,small_lmm,strict,308cec0b9c383d4eab5aac8b9015dae663b0ad73,52,shared,shared,validation_only,coupled,coupled,ce,0.0,mark_residual,global,1.0,coupled,none,0.25,1.0,1.0,,0.0014535461338152059,0.00001,8.0,mean,false,none,52,123,0.9379682215191243,-3.4024993878800203,0.10615314338808507,-3.5086525067273424,0.00396854344309593,0.7019992608491312,1.9373359181143142,0.03956841772609835,0.06138510968612341,0.16875088479890837,NaN,0.0,NaN,1.7672133047459002,0.9563423538274324,0.9459575084180069,0.9321453536891791,0.043657646172567656,1.0,0.9704764139873269,0.8502892140183737,-3.2808215410408645
intermittent,titantpp,small_lmm,small_lmm,strict,308cec0b9c383d4eab5aac8b9015dae663b0ad73,52,shared,shared,validation_only,coupled,coupled,ce,0.0,mark_residual,global,1.0,coupled,none,0.25,1.0,1.0,,0.0014535461338152059,0.00001,8.0,mean,false,none,52,124,0.9419901459519554,-3.4125536124897065,0.09710487398502059,-3.509658466468869,0.00363146132285253,0.6552732982039763,1.7994148276428301,0.03693469357322505,0.06334695030199582,0.15832551357385433,NaN,0.0,NaN,1.7672133047459002,0.9603175522976184,0.9445703014598268,0.9356996881291306,0.03968244770238164,1.0,0.9789016662755222,0.8227288193263015,-3.281279928430004
intermittent,titantpp,small_lmm,small_lmm,strict,308cec0b9c383d4eab5aac8b9015dae663b0ad73,52,shared,shared,validation_only,coupled,coupled,ce,0.0,mark_residual,global,1.0,coupled,none,0.25,1.0,1.0,,0.0014535461338152059,0.00001,8.0,mean,false,none,52,125,0.9412202617244275,-3.4085253400128956,0.10190970694826816,-3.51043502260292,0.0037101215142311306,0.6950190312078904,1.9924752982011988,0.039174974801479565,0.0575071169920134,0.1566365362948168,NaN,0.0,NaN,1.7672133047459002,0.9595874138030944,0.9406695539627682,0.9335159571780937,0.0404125861969056,1.0,0.9811546585308613,0.7757740728138822,-3.2820694204734733
intermittent,titantpp,small_lmm,small_lmm,strict,308cec0b9c383d4eab5aac8b9015dae663b0ad73,52,shared,shared,validation_only,coupled,coupled,ce,0.0,mark_residual,global,1.0,coupled,none,0.25,1.0,1.0,,0.0014535461338152059,0.00001,8.0,mean,false,none,52,126,0.9433626829922127,-3.4166093019343005,0.09504055272879124,-3.511649832919222,0.003503140654528099,0.719834247168449,1.9805749267512922,0.04057369255782453,0.05881024764380892,0.1570036232080936,NaN,0.0,NaN,1.7672133047459002,0.9617546502868402,0.9422937285849553,0.9378649079603762,0.038245349713159876,1.0,0.983642337479465,0.7842803674719292,-3.283790779516818
intermittent,titantpp,small_lmm,small_lmm,strict,308cec0b9c383d4eab5aac8b9015dae663b0ad73,52,shared,shared,validation_only,coupled,coupled,ce,0.0,mark_residual,global,1.0,coupled,none,0.25,1.0,1.0,,0.0014535461338152059,0.00001,8.0,mean,false,none,52,127,0.9427792767606412,-3.417102137345279,0.09522948633371478,-3.512331598965685,0.0035510229475201665,0.6658179835206064,1.8779406926452396,0.03752904820672422,0.056698190043393534,0.1538009106777931,NaN,0.0,NaN,1.7672133047459002,0.9611172277916208,0.9385123605957334,0.9359301309124594,0.038882772208379206,1.0,0.9855198310255808,0.7750935692412385,-3.2847012480616726
intermittent,titantpp,small_lmm,small_lmm,strict,308cec0b9c383d4eab5aac8b9015dae663b0ad73,52,shared,shared,validation_only,coupled,coupled,ce,0.0,mark_residual,global,1.0,coupled,none,0.25,1.0,1.0,,0.0014535461338152059,0.00001,8.0,mean,false,none,52,128,0.9433856648599397,-3.4148618279115732,0.09820631331724064,-3.513068126928919,0.0035867992140249556,0.7084418793545818,1.9002421210763278,0.03993155802337617,0.06284596923743684,0.15051524742803513,NaN,0.0,NaN,1.7672133047459002,0.9617662397867532,0.9339762816688525,0.9355514567224231,0.0382337602132468,1.0,0.9896737854963623,0.7196325280707724,-3.2854835241451683
intermittent,titantpp,small_lmm,small_lmm,strict,308cec0b9c383d4eab5aac8b9015dae663b0ad73,52,shared,shared,validation_only,coupled,coupled,ce,0.0,mark_residual,global,1.0,coupled,none,0.25,1.0,1.0,,0.0014535461338152059,0.00001,8.0,mean,false,none,52,129,0.9436150899484439,-3.41551742456448,0.09829985312431033,-3.5138172503562726,0.003546255516757904,0.652859289546537,1.8687277879870874,0.036798627186436506,0.05644109127259982,0.1509423510600212,NaN,0.0,NaN,1.7672133047459002,0.9619400822854494,0.9322426903585108,0.9354792962277363,0.03805991771455062,1.0,0.9915982163811312,0.7022796869683566,-3.286144982001251
intermittent,titantpp,small_lmm,small_lmm,strict,308cec0b9c383d4eab5aac8b9015dae663b0ad73,52,shared,shared,validation_only,coupled,coupled,ce,0.0,mark_residual,global,1.0,coupled,none,0.25,1.0,1.0,,0.0014535461338152059,0.00001,8.0,mean,false,none,52,130,0.9415345196595563,-3.4171058781226997,0.09751404489508148,-3.514619899665093,0.0036621712623424217,0.7052670936454052,1.9626898042038914,0.03975261018947161,0.06454025108457655,0.16049263955741058,NaN,0.0,NaN,1.7672133047459002,0.9599119198006606,0.9452801311129423,0.9360754981755837,0.0400880801993394,1.0,0.9791128842994602,0.8332766247022797,-3.2871962918261715
intermittent,titantpp,small_lmm,small_lmm,strict,308cec0b9c383d4eab5aac8b9015dae663b0ad73,52,shared,shared,validation_only,coupled,coupled,ce,0.0,mark_residual,global,1.0,coupled,none,0.25,1.0,1.0,,0.0014535461338152059,0.00001,8.0,mean,false,none,52,131,0.9429863103412192,-3.4182945880579316,0.09704061283312745,-3.5153351767781422,0.0035666930183781346,0.7369324008566194,2.0572303237617207,0.04153743557752545,0.06349082945285242,0.15598859087552897,NaN,0.0,NaN,1.7672133047459002,0.9613953757895347,0.9326840578258633,0.9348112842266124,0.038604624210465316,1.0,0.9899319408589533,0.7077237155495066,-3.28715682587791
intermittent,titantpp,small_lmm,small_lmm,strict,308cec0b9c383d4eab5aac8b9015dae663b0ad73,52,shared,shared,validation_only,coupled,coupled,ce,0.0,mark_residual,global,1.0,coupled,none,0.25,1.0,1.0,,0.0014535461338152059,0.00001,8.0,mean,false,none,52,132,0.9434446979261173,-3.418715017742814,0.09735766486025958,-3.516072652215179,0.0035887510606602874,0.6262298133507688,1.8116447607752348,0.03529764805909836,0.05171728542549154,0.1468946765984087,NaN,0.0,NaN,1.7672133047459002,0.9617430607869271,0.938192543044544,0.9367621993674781,0.03825693921307296,1.0,0.9875381365876554,0.7499149370534195,-3.2881190055988543
intermittent,titantpp,small_lmm,small_lmm,strict,308cec0b9c383d4eab5aac8b9015dae663b0ad73,52,shared,shared,validation_only,coupled,coupled,ce,0.0,mark_residual,global,1.0,coupled,none,0.25,1.0,1.0,,0.0014535461338152059,0.00001,8.0,mean,false,none,52,133,0.9412593983882478,-3.41019130913913,0.10603415234610304,-3.5162254537306192,0.003839472267768026,0.737008866779137,2.078830120367904,0.0415417456042345,0.05656809263726185,0.1501054481737266,NaN,0.0,NaN,1.7672133047459002,0.9596685403024859,0.9408831762423245,0.9352827814919453,0.040331459697514054,1.0,0.9873738559023704,0.7642055120789384,-3.289430400950081
intermittent,titantpp,small_lmm,small_lmm,strict,308cec0b9c383d4eab5aac8b9015dae663b0ad73,52,shared,shared,validation_only,coupled,coupled,ce,0.0,mark_residual,global,1.0,coupled,none,0.25,1.0,1.0,,0.0014535461338152059,0.00001,8.0,mean,false,none,52,134,0.9407465989182597,-3.4203392596912665,0.09703682807143614,-3.517376060770997,0.0036559020713677736,0.7166913407657267,1.97510768875052,0.040396541611445305,0.06568216871619811,0.16412615486906043,NaN,0.0,NaN,1.7672133047459002,0.9591354233064844,0.9448805687427707,0.9345268096224157,0.040864576693515675,1.0,0.9765782680122037,0.815583531813542,-3.28994382946947
intermittent,titantpp,small_lmm,small_lmm,strict,308cec0b9c383d4eab5aac8b9015dae663b0ad73,52,shared,shared,validation_only,coupled,coupled,ce,0.0,mark_residual,global,1.0,coupled,none,0.25,1.0,1.0,,0.0014535461338152059,0.00001,8.0,mean,false,none,52,135,0.9438921536995265,-3.4245846986369974,0.09362496699933423,-3.518209641953916,0.003460142802689021,0.7003015360301965,1.9120492114354437,0.039472724911923135,0.07229703575322614,0.15616993822303332,NaN,0.0,NaN,1.7672133047459002,0.9622645882830156,0.9391846118281436,0.9373711152584523,0.03773541171698441,1.0,0.9873269185637175,0.751275944198707,-3.2912005017885773
intermittent,titantpp,small_lmm,small_lmm,strict,308cec0b9c383d4eab5aac8b9015dae663b0ad73,52,shared,shared,validation_only,coupled,coupled,ce,0.0,mark_residual,global,1.0,coupled,none,0.25,1.0,1.0,,0.0014535461338152059,0.00001,8.0,mean,false,none,52,136,0.9429420606990467,-3.4256377870102446,0.0934746288835783,-3.5191124072486324,0.0034957004144756556,0.711645043550447,1.9658742763430699,0.040112105419955996,0.05688225583943941,0.15706764019051525,NaN,0.0,NaN,1.7672133047459002,0.9613258387900562,0.9429041372629108,0.9368161246685348,0.03867416120994379,1.0,0.9817413752640225,0.8002722014290575,-3.2920153307666706
intermittent,titantpp,small_lmm,small_lmm,strict,308cec0b9c383d4eab5aac8b9015dae663b0ad73,52,shared,shared,validation_only,coupled,coupled,ce,0.0,mark_residual,global,1.0,coupled,none,0.25,1.0,1.0,,0.0014535461338152059,0.00001,8.0,mean,false,none,52,137,0.9432121527997479,-3.4201392097780405,0.09953932554052579,-3.519678511152319,0.003584144804296475,0.661753441197796,1.8625674460979529,0.03729994895055146,0.0726641034226142,0.15311609838881415,NaN,0.0,NaN,1.7672133047459002,0.9615460392884047,0.9401985216499043,0.9361778516290278,0.03845396071159529,1.0,0.9844872095752171,0.7791765906771011,-3.2922408422661076
intermittent,titantpp,small_lmm,small_lmm,strict,308cec0b9c383d4eab5aac8b9015dae663b0ad73,52,shared,shared,validation_only,coupled,coupled,ce,0.0,mark_residual,global,1.0,coupled,none,0.25,1.0,1.0,,0.0014535461338152059,0.00001,8.0,mean,false,none,52,138,0.9433027916960682,-3.423853514256245,0.09621726518837193,-3.520070762831014,0.0035410829991978088,0.6870095440083751,1.9106699425212734,0.038723517438263945,0.06094511105549075,0.15350896064919212,NaN,0.0,NaN,1.7672133047459002,0.9616619342875355,0.9276688166401303,0.9330310456684953,0.03833806571246451,1.0,0.9934757099272471,0.6478394011568561,-3.2932121990095964
intermittent,titantpp,small_lmm,small_lmm,strict,308cec0b9c383d4eab5aac8b9015dae663b0ad73,52,shared,shared,validation_only,coupled,coupled,ce,0.0,mark_residual,global,1.0,coupled,none,0.25,1.0,1.0,,0.0014535461338152059,0.00001,8.0,mean,false,none,52,139,0.9431911567194738,-3.424999786419395,0.09555566809454508,-3.5205554426106693,0.0035157234982705864,0.6827495214719033,1.9150011409000955,0.038483399875972185,0.061687574987858575,0.1565056494393039,NaN,0.0,NaN,1.7672133047459002,0.9615460392884047,0.9414570786220382,0.9365887306375852,0.03845396071159529,1.0,0.9824689040131425,0.7921061585573325,-3.293226889112991
intermittent,titantpp,small_lmm,small_lmm,strict,308cec0b9c383d4eab5aac8b9015dae663b0ad73,52,shared,shared,validation_only,coupled,coupled,ce,0.0,mark_residual,global,1.0,coupled,none,0.25,1.0,1.0,,0.0014535461338152059,0.00001,8.0,mean,false,none,52,140,0.9434496006936127,-3.428446898996716,0.09266904754925859,-3.5211159305513933,0.0034411322568165315,0.6908640453338402,1.8905712931908862,0.038940777664987436,0.05755579841297886,0.15365091018679283,NaN,0.0,NaN,1.7672133047459002,0.9618125977864055,0.9406051367886996,0.9365924652095067,0.038187402213594485,1.0,0.9856137057028866,0.7686287853011229,-3.2939521347127747
intermittent,titantpp,small_lmm,small_lmm,strict,308cec0b9c383d4eab5aac8b9015dae663b0ad73,52,shared,shared,validation_only,coupled,coupled,ce,0.0,mark_residual,global,1.0,coupled,none,0.25,1.0,1.0,,0.0014535461338152059,0.00001,8.0,mean,false,none,52,141,0.9454499689490604,-3.4314442739527036,0.08998971573959678,-3.5214339781119732,0.0033545734422291296,0.6838897749357638,1.9162604429788763,0.038547670635056874,0.053646679787216635,0.14941492240931403,NaN,0.0,NaN,1.7672133047459002,0.9638059917714551,0.9389944804864143,0.9389390365791925,0.03619400822854494,1.0,0.9897207228350152,0.7397073834637632,-3.294605459673972
intermittent,titantpp,small_lmm,small_lmm,strict,308cec0b9c383d4eab5aac8b9015dae663b0ad73,52,shared,shared,validation_only,coupled,coupled,ce,0.0,mark_residual,global,1.0,coupled,none,0.25,1.0,1.0,,0.0014535461338152059,0.00001,8.0,mean,false,none,52,142,0.9430401921830767,-3.426706955558201,0.09544227908358359,-3.5221492076103855,0.0035277475757126663,0.6946400589121448,1.954438319902106,0.039153613904195216,0.06367576781433869,0.15230069093299972,NaN,0.0,NaN,1.7672133047459002,0.9614069652894478,0.9369180520358865,0.9360253118850963,0.03859303471055224,1.0,0.9869748885238206,0.7437904048996257,-3.2952382204126476
intermittent,titantpp,small_lmm,small_lmm,strict,308cec0b9c383d4eab5aac8b9015dae663b0ad73,52,shared,shared,validation_only,coupled,coupled,ce,0.0,mark_residual,global,1.0,coupled,none,0.25,1.0,1.0,,0.0014535461338152059,0.00001,8.0,mean,false,none,52,143,0.9428773266224526,-3.428520028182348,0.09417508237720996,-3.5226950938175112,0.0035087078503208313,0.7184316205793262,1.9606878159707253,0.040494633051800254,0.058198576167760335,0.15478718092859825,NaN,0.0,NaN,1.7672133047459002,0.9612678912904908,0.938883728230416,0.9363239060755242,0.03873210870950918,1.0,0.9862473597747008,0.7591017352841103,-3.2958522597897035
intermittent,titantpp,small_lmm,small_lmm,strict,308cec0b9c383d4eab5aac8b9015dae663b0ad73,52,shared,shared,validation_only,coupled,coupled,ce,0.0,mark_residual,global,1.0,coupled,none,0.25,1.0,1.0,,0.0014535461338152059,0.00001,8.0,mean,false,none,52,144,0.9431527177554885,-3.426623341558761,0.09645678704339956,-3.5230801129787372,0.003599438404964068,0.6864199857180714,1.9126108086378093,0.03869028679258434,0.056115487495427226,0.15445377564415205,NaN,0.0,NaN,1.7672133047459002,0.9615112707886655,0.9459576360530266,0.9377911807769927,0.03848872921133453,1.0,0.9816475005867167,0.8077577407281388,-3.296593030733002
intermittent,titantpp,small_lmm,small_lmm,strict,308cec0b9c383d4eab5aac8b9015dae663b0ad73,52,shared,shared,validation_only,coupled,coupled,ce,0.0,mark_residual,global,1.0,coupled,none,0.25,1.0,1.0,,0.0014535461338152059,0.00001,8.0,mean,false,none,52,145,0.9422596761370918,-3.4294066205930758,0.09416570430568076,-3.523572308355268,0.0035486274544525233,0.7102491106337382,1.9774202063746227,0.040033423204964586,0.06608246881038791,0.15977974120999183,NaN,0.0,NaN,1.7672133047459002,0.9606420582951846,0.9445110107717745,0.9363176838894093,0.039357941704815436,1.0,0.980826097160291,0.8046954746512419,-3.2968690749572684
intermittent,titantpp,small_lmm,small_lmm,strict,308cec0b9c383d4eab5aac8b9015dae663b0ad73,52,shared,shared,validation_only,coupled,coupled,ce,0.0,mark_residual,global,1.0,coupled,none,0.25,1.0,1.0,,0.0014535461338152059,0.00001,8.0,mean,false,none,52,146,0.9417589382802708,-3.4281884200438815,0.09598950171568907,-3.5241779032287934,0.003612887223318588,0.7126384711924576,2.01602947071188,0.040168100293614666,0.06375829520974063,0.16124108223034872,NaN,0.0,NaN,1.7672133047459002,0.9601437097989222,0.9332105713745295,0.9328665146999833,0.039856290201077824,1.0,0.9867636704998827,0.7029601905410003,-3.2975577193521866
intermittent,titantpp,small_lmm,small_lmm,strict,308cec0b9c383d4eab5aac8b9015dae663b0ad73,52,shared,shared,validation_only,coupled,coupled,ce,0.0,mark_residual,global,1.0,coupled,none,0.25,1.0,1.0,,0.0014535461338152059,0.00001,8.0,mean,false,none,52,147,0.9439119407712554,-3.426125620850656,0.0984781198345607,-3.5246037201318554,0.0035541519217649805,0.6573354644751075,1.8706025923667076,0.037050928248939796,0.05573745969618818,0.1482376501811229,NaN,0.0,NaN,1.7672133047459002,0.9622414092831895,0.9402684774428872,0.9379881303847524,0.03775859071681057,1.0,0.9860126730814363,0.7795168424634229,-3.2982033181872574
intermittent,titantpp,small_lmm,small_lmm,strict,308cec0b9c383d4eab5aac8b9015dae663b0ad73,52,shared,shared,validation_only,coupled,coupled,ce,0.0,mark_residual,global,1.0,coupled,none,0.25,1.0,1.0,,0.0014535461338152059,0.00001,8.0,mean,false,none,52,148,0.9406805458903376,-3.4232918435095803,0.10153290328751635,-3.5248247227843117,0.003787806784868224,0.7016178692962864,1.9008778229781869,0.03954692046659709,0.07642797977518026,0.16299446103763598,NaN,0.0,NaN,1.7672133047459002,0.9590542968070928,0.947479244025583,0.9346443472694147,0.040945703192907225,1.0,0.9747946491433935,0.8312351139843485,-3.298060459262838
intermittent,titantpp,small_lmm,small_lmm,strict,308cec0b9c383d4eab5aac8b9015dae663b0ad73,52,shared,shared,validation_only,coupled,coupled,ce,0.0,mark_residual,global,1.0,coupled,none,0.25,1.0,1.0,,0.0014535461338152059,0.00001,8.0,mean,false,none,52,149,0.9408316054596508,-3.424256461190412,0.10096417253374701,-3.525220609179597,0.0037615076396163424,0.7591692984183597,2.0897566517816895,0.042790825574818475,0.06198290907757068,0.15809436497568585,NaN,0.0,NaN,1.7672133047459002,0.9592629078055281,0.9377810271886567,0.9340125966829415,0.04073709219447181,1.0,0.9844637409058906,0.7723715549506635,-3.29878818229209
intermittent,titantpp,small_lmm,small_lmm,strict,308cec0b9c383d4eab5aac8b9015dae663b0ad73,52,shared,shared,validation_only,coupled,coupled,ce,0.0,mark_residual,global,1.0,coupled,none,0.25,1.0,1.0,,0.0014535461338152059,0.00001,8.0,mean,false,none,52,150,0.9438614547505497,-3.434136137702881,0.09160931455503016,-3.5257454372498183,0.003439901429794611,0.6730529854414657,1.8566076684575978,0.03793685145413422,0.057257789585124355,0.15137877678300868,NaN,0.0,NaN,1.7672133047459002,0.9622066407834502,0.9395199892656484,0.9372666814158025,0.037793359216549804,1.0,0.986575921145271,0.773732562095951,-3.29892122737763
intermittent,titantpp,small_lmm,small_lmm,strict,308cec0b9c383d4eab5aac8b9015dae663b0ad73,52,shared,shared,validation_only,coupled,coupled,ce,0.0,mark_residual,global,1.0,coupled,none,0.25,1.0,1.0,,0.0014535461338152059,0.00001,8.0,mean,false,none,52,151,0.9426465174730252,-3.4269343982118925,0.09925605267506057,-3.5261904349821416,0.003617187134621557,0.7174507717451547,1.9672877023360256,0.04043934718675573,0.0648897367204307,0.15740373365896204,NaN,0.0,NaN,1.7672133047459002,0.9610361012922293,0.9410014170043909,0.936582163761305,0.03896389870777076,1.0,0.9842759915512791,0.7958489282068731,-3.2994391656976063
intermittent,titantpp,small_lmm,small_lmm,strict,308cec0b9c383d4eab5aac8b9015dae663b0ad73,52,shared,shared,validation_only,coupled,coupled,ce,0.0,mark_residual,global,1.0,coupled,none,0.25,1.0,1.0,,0.0014535461338152059,0.00001,8.0,mean,false,none,52,152,0.9435093255735725,-3.4326684500283173,0.09408610605926121,-3.5267545292121465,0.003493068026840734,0.6890866649394697,1.9375439347242438,0.038840595038274174,0.05900154963715118,0.1528360579267535,NaN,0.0,NaN,1.7672133047459002,0.9618705452859709,0.9343738800268598,0.9356885454627472,0.03812945471402909,1.0,0.9905890636000939,0.7053419530452535,-3.3001713638032832
intermittent,titantpp,small_lmm,small_lmm,strict,308cec0b9c383d4eab5aac8b9015dae663b0ad73,52,shared,shared,validation_only,coupled,coupled,ce,0.0,mark_residual,global,1.0,coupled,none,0.25,1.0,1.0,,0.0014535461338152059,0.00001,8.0,mean,false,none,52,153,0.9427885684313887,-3.432228566824219,0.0949475510334398,-3.5271761069977803,0.003560527994952456,0.7260633122515497,1.9751520268159308,0.04092479584666995,0.0628259330026008,0.15830249260227996,NaN,0.0,NaN,1.7672133047459002,0.9611867647910992,0.946018481824091,0.9374142337539683,0.03881323520890074,1.0,0.9795822576859892,0.8359986389928548,-3.300564251423502
intermittent,titantpp,small_lmm,small_lmm,strict,308cec0b9c383d4eab5aac8b9015dae663b0ad73,52,shared,shared,validation_only,coupled,coupled,ce,0.0,mark_residual,global,1.0,coupled,none,0.25,1.0,1.0,,0.0014535461338152059,0.00001,8.0,mean,false,none,52,154,0.9430973902930568,-3.4335371660386285,0.09400256125022954,-3.527539697803931,0.0034829609760982996,0.7185684483235187,1.9921552063244496,0.040502345392312095,0.06256324208030738,0.15538956571714707,NaN,0.0,NaN,1.7672133047459002,0.9614880917888393,0.9406174689777761,0.936201911467102,0.03851190821116069,1.0,0.9857310490495189,0.7577407281388228,-3.300842199120937
intermittent,titantpp,small_lmm,small_lmm,strict,308cec0b9c383d4eab5aac8b9015dae663b0ad73,52,shared,shared,validation_only,coupled,coupled,ce,0.0,mark_residual,global,1.0,coupled,none,0.25,1.0,1.0,,0.0014535461338152059,0.00001,8.0,mean,false,none,52,155,0.9437762670117528,-3.4335182944171403,0.09453945066968739,-3.528057728652614,0.0034705941276962117,0.6655247249339115,1.9327058202614296,0.03751251859065871,0.057674032058390876,0.1508588998055201,NaN,0.0,NaN,1.7672133047459002,0.9621139247841456,0.9365390503387696,0.936901517165485,0.03788607521585444,1.0,0.9885707580380192,0.7400476352500851,-3.301635734126534
intermittent,titantpp,small_lmm,small_lmm,strict,308cec0b9c383d4eab5aac8b9015dae663b0ad73,52,shared,shared,validation_only,coupled,coupled,ce,0.0,mark_residual,global,1.0,coupled,none,0.25,1.0,1.0,,0.0014535461338152059,0.00001,8.0,mean,false,none,52,156,0.9436319904748567,-3.43116535726798,0.096862223038461,-3.528027553440087,0.003514404293446013,0.682316762786092,1.9692094731360892,0.038459007291236316,0.05482404811250906,0.15359102573293054,NaN,0.0,NaN,1.7672133047459002,0.9619864402851017,0.9408121656749882,0.9371894946106851,0.0380135597148983,1.0,0.9839708988500352,0.7778155835318136,-3.302460378648711
intermittent,titantpp,small_lmm,small_lmm,strict,308cec0b9c383d4eab5aac8b9015dae663b0ad73,52,shared,shared,validation_only,coupled,coupled,ce,0.0,mark_residual,global,1.0,coupled,none,0.25,1.0,1.0,,0.0014535461338152059,0.00001,8.0,mean,false,none,52,157,0.9430734833405967,-3.4331367605412386,0.09509555010758947,-3.5282323124276505,0.0035169709131692138,0.707706901044415,1.901525593779693,0.0398901307307589,0.06485727144888906,0.1556122391918674,NaN,0.0,NaN,1.7672133047459002,0.9614533232891,0.9395977692571774,0.9358440871589411,0.038546676710899924,1.0,0.9851443323163577,0.7471929227628445,-3.3024950652965797
intermittent,titantpp,small_lmm,small_lmm,strict,308cec0b9c383d4eab5aac8b9015dae663b0ad73,52,shared,shared,validation_only,coupled,coupled,ce,0.0,mark_residual,global,1.0,coupled,none,0.25,1.0,1.0,,0.0014535461338152059,0.00001,8.0,mean,false,none,52,158,0.942704661596231,-3.4345404913246256,0.0942717537603171,-3.528812231959215,0.0035213356780058537,0.717254148104614,2.005296079625726,0.04042826443100706,0.06257084311384546,0.1593493522587744,NaN,0.0,NaN,1.7672133047459002,0.9610940487917946,0.9464829257394677,0.9382402825129154,0.038905951208205364,1.0,0.9797230697019479,0.8251105818305546,-3.302277985412836
intermittent,titantpp,small_lmm,small_lmm,strict,308cec0b9c383d4eab5aac8b9015dae663b0ad73,52,shared,shared,validation_only,coupled,coupled,ce,0.0,mark_residual,global,1.0,coupled,none,0.25,1.0,1.0,,0.0014535461338152059,0.00001,8.0,mean,false,none,52,159,0.9425076929798587,-3.4323031160931894,0.0967571450986161,-3.5290602460371465,0.0035877702569814744,0.728790765867771,2.0084957861470936,0.04107852966098289,0.06029646917214819,0.15394050588414374,NaN,0.0,NaN,1.7672133047459002,0.9609086167931854,0.9373627878257699,0.9364234904277363,0.03909138320681463,1.0,0.9887819760619573,0.7468526709765226,-3.302869542444946
intermittent,titantpp,small_lmm,small_lmm,strict,308cec0b9c383d4eab5aac8b9015dae663b0ad73,52,shared,shared,validation_only,coupled,coupled,ce,0.0,mark_residual,global,1.0,coupled,none,0.25,1.0,1.0,,0.0014535461338152059,0.00001,8.0,mean,false,none,52,160,0.942907087189698,-3.431792985560575,0.09769870269008077,-3.529491677930542,0.0035843461827680073,0.6423130536815786,1.8219629891218092,0.03620418515577414,0.05272150409797076,0.14897891299620664,NaN,0.0,NaN,1.7672133047459002,0.9612215332908385,0.9444486668160094,0.9371872078835294,0.0387784667091615,1.0,0.9826566533677541,0.7978904389248044,-3.3035460937627734
intermittent,titantpp,small_lmm,small_lmm,strict,308cec0b9c383d4eab5aac8b9015dae663b0ad73,52,shared,shared,validation_only,coupled,coupled,ce,0.0,mark_residual,global,1.0,coupled,none,0.25,1.0,1.0,,0.0014535461338152059,0.00001,8.0,mean,false,none,52,161,0.9444499925041707,-3.431589758729799,0.09785026899261162,-3.52944000097362,0.0035263857417835616,0.6524007275613357,1.8587627541757452,0.03677278019029892,0.05808238906062353,0.14759922818984092,NaN,0.0,NaN,1.7672133047459002,0.962774526279191,0.9340102660562911,0.9367098381505574,0.03722547372080895,1.0,0.9911757803332552,0.7043211976862879,-3.3034527971468606
intermittent,titantpp,small_lmm,small_lmm,strict,308cec0b9c383d4eab5aac8b9015dae663b0ad73,52,shared,shared,validation_only,coupled,coupled,ce,0.0,mark_residual,global,1.0,coupled,none,0.25,1.0,1.0,,0.0014535461338152059,0.00001,8.0,mean,false,none,52,162,0.9446435509529784,-3.4341608500089666,0.09575795681346587,-3.5299187794119637,0.0034788036970578463,0.6790427771021913,1.923039314294338,0.03827446801834143,0.05621000017359669,0.14928267720302324,NaN,0.0,NaN,1.7672133047459002,0.9629947267775395,0.9371689217991536,0.9378009758475384,0.03700527322246045,1.0,0.9896033794883831,0.7305205852330725,-3.303922711252701
intermittent,titantpp,small_lmm,small_lmm,strict,308cec0b9c383d4eab5aac8b9015dae663b0ad73,52,shared,shared,validation_only,coupled,coupled,ce,0.0,mark_residual,global,1.0,coupled,none,0.25,1.0,1.0,,0.0014535461338152059,0.00001,8.0,mean,false,none,52,163,0.9429461324200982,-3.43149592893704,0.09854231554386232,-3.5300382185405064,0.0036116245037819935,0.6496258229336748,1.8615473693493412,0.03661637178422088,0.056008304477242254,0.15153737088245617,NaN,0.0,NaN,1.7672133047459002,0.9612678912904908,0.9393011928120879,0.9364466836792378,0.03873210870950918,1.0,0.9846749589298287,0.7669275263695134,-3.3038139626170633
intermittent,titantpp,small_lmm,small_lmm,strict,308cec0b9c383d4eab5aac8b9015dae663b0ad73,52,shared,shared,validation_only,coupled,coupled,ce,0.0,mark_residual,global,1.0,coupled,none,0.25,1.0,1.0,,0.0014535461338152059,0.00001,8.0,mean,false,none,52,164,0.9412948850674433,-3.4259115702888883,0.10417603880124697,-3.5300875832917495,0.0037696927055704656,0.7015221875837258,1.951016060732034,0.039541527335603226,0.0577943225679775,0.15432192704577133,NaN,0.0,NaN,1.7672133047459002,0.9596685403024859,0.9339955557307262,0.9337735422361215,0.040331459697514054,1.0,0.9864351091293123,0.7788363388907792,-3.30416768176968
intermittent,titantpp,small_lmm,small_lmm,strict,308cec0b9c383d4eab5aac8b9015dae663b0ad73,52,shared,shared,validation_only,coupled,coupled,ce,0.0,mark_residual,global,1.0,coupled,none,0.25,1.0,1.0,,0.0014535461338152059,0.00001,8.0,mean,false,none,52,165,0.9436866794309259,-3.435535026647998,0.09499381136686903,-3.530528810360399,0.003502555901831021,0.7435228058476295,2.0158540141944084,0.04190890590835319,0.06995888204807242,0.15458455272366753,NaN,0.0,NaN,1.7672133047459002,0.9621023352842325,0.9398467151576989,0.93678172640978,0.03789766471576751,1.0,0.9862004224360479,0.7594419870704321,-3.3042537577750624
intermittent,titantpp,small_lmm,small_lmm,strict,308cec0b9c383d4eab5aac8b9015dae663b0ad73,52,shared,shared,validation_only,coupled,coupled,ce,0.0,mark_residual,global,1.0,coupled,none,0.25,1.0,1.0,,0.0014535461338152059,0.00001,8.0,mean,false,none,52,166,0.9438160499165328,-3.4364369882854517,0.09411085638293021,-3.530547829379473,0.003455068244380263,0.7300473193715579,2.0018383615188027,0.041149355709820735,0.062401055455200916,0.15710105704913033,NaN,0.0,NaN,1.7672133047459002,0.9622182302833633,0.9376168185639876,0.9370908242414251,0.03778176971663673,1.0,0.9866697958225769,0.7567199727798571,-3.3050409774011382
intermittent,titantpp,small_lmm,small_lmm,strict,308cec0b9c383d4eab5aac8b9015dae663b0ad73,52,shared,shared,validation_only,coupled,coupled,ce,0.0,mark_residual,global,1.0,coupled,none,0.25,1.0,1.0,,0.0014535461338152059,0.00001,8.0,mean,false,none,52,167,0.9420067731836742,-3.432409288112704,0.09871213393749022,-3.5311214076316997,0.0036104459292859354,0.6965935660505541,1.9310795132113177,0.03926372397238816,0.06702696216156842,0.15953699063683555,NaN,0.0,NaN,1.7672133047459002,0.9603754997971837,0.9227090339673114,0.9307344153991567,0.03962450020281625,1.0,0.9950715794414456,0.606328683225587,-3.304733831256202
intermittent,titantpp,small_lmm,small_lmm,strict,308cec0b9c383d4eab5aac8b9015dae663b0ad73,52,shared,shared,validation_only,coupled,coupled,ce,0.0,mark_residual,global,1.0,coupled,none,0.25,1.0,1.0,,0.0014535461338152059,0.00001,8.0,mean,false,none,52,168,0.9425798514740805,-3.4308951509671006,0.1004383048163543,-3.531333438351387,0.0036513423008373742,0.6914007713850385,1.8909658213197922,0.038971030404246175,0.07158311975232322,0.15291888887933142,NaN,0.0,NaN,1.7672133047459002,0.9609433852929246,0.9345313748722285,0.935080545233384,0.03905661470707539,1.0,0.9877493546115935,0.7461721674038788,-3.305693530602325
intermittent,titantpp,small_lmm,small_lmm,strict,308cec0b9c383d4eab5aac8b9015dae663b0ad73,52,shared,shared,validation_only,coupled,coupled,ce,0.0,mark_residual,global,1.0,coupled,none,0.25,1.0,1.0,,0.0014535461338152059,0.00001,8.0,mean,false,none,52,169,0.9411332839446238,-3.4267423557366157,0.10476392497181027,-3.5315062537090784,0.0037552639394676773,0.6776913117939665,1.880909038696772,0.03819829223463264,0.05780718167272885,0.15575694850920294,NaN,0.0,NaN,1.7672133047459002,0.9594831083038767,0.9424565847289544,0.9353981469096495,0.04051689169612331,1.0,0.9810373151842291,0.8101395032323919,-3.3061837896569033
intermittent,titantpp,small_lmm,small_lmm,strict,308cec0b9c383d4eab5aac8b9015dae663b0ad73,52,shared,shared,validation_only,coupled,coupled,ce,0.0,mark_residual,global,1.0,coupled,none,0.25,1.0,1.0,,0.0014535461338152059,0.00001,8.0,mean,false,none,52,170,0.9424344851863103,-3.4340210088263547,0.0975802674462787,-3.531601263478311,0.0036563685312145542,0.6513350605460385,1.8338477038963765,0.03671271352075969,0.05893294957557683,0.15497371316668543,NaN,0.0,NaN,1.7672133047459002,0.9607579532943153,0.9413150983440342,0.9357039852874719,0.03924204670568465,1.0,0.9816944379253696,0.7883633889077918,-3.305793610288821
intermittent,titantpp,small_lmm,small_lmm,strict,308cec0b9c383d4eab5aac8b9015dae663b0ad73,52,shared,shared,validation_only,coupled,coupled,ce,0.0,mark_residual,global,1.0,coupled,none,0.25,1.0,1.0,,0.0014535461338152059,0.00001,8.0,mean,false,none,52,171,0.9442473999695133,-3.437973578805034,0.09401428524998194,-3.5319878436657386,0.0034733394495425774,0.6927402634357338,1.9233615172265968,0.03904653131138187,0.06767009708691687,0.15472986031304078,NaN,0.0,NaN,1.7672133047459002,0.962612273280408,0.945227404034569,0.9386022583526122,0.03738772671959205,1.0,0.9828678713916921,0.7965294317795168,-3.3063278830718
intermittent,titantpp,small_lmm,small_lmm,strict,308cec0b9c383d4eab5aac8b9015dae663b0ad73,52,shared,shared,validation_only,coupled,coupled,ce,0.0,mark_residual,global,1.0,coupled,none,0.25,1.0,1.0,,0.0014535461338152059,0.00001,8.0,mean,false,none,52,172,0.9444424255359655,-3.4377332683067414,0.09453068589988638,-3.5322639262848243,0.0034729243488311884,0.694736195505857,1.8758636354555238,0.03915903267471382,0.057422135534848526,0.15053919896031884,NaN,0.0,NaN,1.7672133047459002,0.9628092947789303,0.9400688052378181,0.9383462010512863,0.03719070522106971,1.0,0.9880544473128373,0.7437904048996257,-3.3067161984189433
intermittent,titantpp,small_lmm,small_lmm,strict,308cec0b9c383d4eab5aac8b9015dae663b0ad73,52,shared,shared,validation_only,coupled,coupled,ce,0.0,mark_residual,global,1.0,coupled,none,0.25,1.0,1.0,,0.0014535461338152059,0.00001,8.0,mean,false,none,52,173,0.9432950451831605,-3.4373698401507755,0.0951748895529521,-3.532544709047741,0.0035454760576701487,0.6599875571768233,1.803355801132073,0.03720041432068138,0.05618931906879684,0.1473125190354304,NaN,0.0,NaN,1.7672133047459002,0.9616271657877963,0.9366070035951459,0.9365211174899373,0.03837283421220374,1.0,0.9894156301337714,0.7465124191902007,-3.3065695902151
intermittent,titantpp,small_lmm,small_lmm,strict,308cec0b9c383d4eab5aac8b9015dae663b0ad73,52,shared,shared,validation_only,coupled,coupled,ce,0.0,mark_residual,global,1.0,coupled,none,0.25,1.0,1.0,,0.0014535461338152059,0.00001,8.0,mean,false,none,52,174,0.9432522774168727,-3.4356402975704547,0.09710216241784922,-3.53274244388161,0.003560227548799572,0.6679868237253979,1.9272362006888257,0.03765129559356697,0.058576895147967864,0.15072465022161205,NaN,0.0,NaN,1.7672133047459002,0.961592397288057,0.9353181292595946,0.9356588360131926,0.03840760271194298,1.0,0.9888993194085895,0.7254168084382443,-3.307731676938785
intermittent,titantpp,small_lmm,small_lmm,strict,308cec0b9c383d4eab5aac8b9015dae663b0ad73,52,shared,shared,validation_only,coupled,coupled,ce,0.0,mark_residual,global,1.0,coupled,none,0.25,1.0,1.0,,0.0014535461338152059,0.00001,8.0,mean,false,none,52,175,0.9426624950695115,-3.4321311046138123,0.1010312690410003,-3.5331623523696907,0.003624274512450069,0.7362416749979535,2.053462285557208,0.04149850258879715,0.058479304893092665,0.15541763183140628,NaN,0.0,NaN,1.7672133047459002,0.9610708697919684,0.9395642640937817,0.9366370775073034,0.03892913020803152,1.0,0.9854963623562544,0.776454576386526,-3.3074141217611235
intermittent,titantpp,small_lmm,small_lmm,strict,308cec0b9c383d4eab5aac8b9015dae663b0ad73,52,shared,shared,validation_only,coupled,coupled,ce,0.0,mark_residual,global,1.0,coupled,none,0.25,1.0,1.0,,0.0014535461338152059,0.00001,8.0,mean,false,none,52,176,0.94235145539007,-3.434836995892476,0.0986946343948617,-3.5335316077702816,0.00362173905261064,0.6764173572210032,1.8479903431628175,0.038126485368844616,0.05936778796715954,0.1555493503091236,NaN,0.0,NaN,1.7672133047459002,0.96070000579475,0.9466124905746559,0.9375067520162196,0.039299994205250044,1.0,0.9786200422436048,0.8448451854372235,-3.307438295203781
intermittent,titantpp,small_lmm,small_lmm,strict,308cec0b9c383d4eab5aac8b9015dae663b0ad73,52,shared,shared,validation_only,coupled,coupled,ce,0.0,mark_residual,global,1.0,coupled,none,0.25,1.0,1.0,,0.0014535461338152059,0.00001,8.0,mean,false,none,52,177,0.9413989297482799,-3.4330344024232016,0.10074492500622287,-3.5337793098551833,0.0036903669797369943,0.7249620057909708,2.0598347591207804,0.04086272034815173,0.06750819316542825,0.16181687800180042,NaN,0.0,NaN,1.7672133047459002,0.9597960248015298,0.9483193696453979,0.9364808554782376,0.04020397519847019,1.0,0.9757099272471251,0.8468866961551548,-3.3081983430952957
intermittent,titantpp,small_lmm,small_lmm,strict,308cec0b9c383d4eab5aac8b9015dae663b0ad73,52,shared,shared,validation_only,coupled,coupled,ce,0.0,mark_residual,global,1.0,coupled,none,0.25,1.0,1.0,,0.0014535461338152059,0.00001,8.0,mean,false,none,52,178,0.9431211084212172,-3.437822702211874,0.09613673598554937,-3.533959410782864,0.003539558093168635,0.706439820076186,1.9885978414119787,0.03981871129794777,0.058291173213366985,0.1542758272633328,NaN,0.0,NaN,1.7672133047459002,0.9614996812887524,0.9401643595533328,0.9364624362242727,0.03850031871124761,1.0,0.9860126730814363,0.7454916638312351,-3.3085034924458774
intermittent,titantpp,small_lmm,small_lmm,strict,308cec0b9c383d4eab5aac8b9015dae663b0ad73,52,shared,shared,validation_only,coupled,coupled,ce,0.0,mark_residual,global,1.0,coupled,none,0.25,1.0,1.0,,0.0014535461338152059,0.00001,8.0,mean,false,none,52,179,0.9428350422582213,-3.4337702621899413,0.10027593636078791,-3.5340461644746686,0.0035887979192420713,0.7027684852450666,1.9464359153373867,0.03961177531053036,0.05927932530170093,0.1535063409391765,NaN,0.0,NaN,1.7672133047459002,0.9612099437909254,0.9362684720896289,0.9364442276536951,0.03879005620907458,1.0,0.9870452945318,0.768288533514801,-3.3088723178492723
intermittent,titantpp,small_lmm,small_lmm,strict,308cec0b9c383d4eab5aac8b9015dae663b0ad73,52,shared,shared,validation_only,coupled,coupled,ce,0.0,mark_residual,global,1.0,coupled,none,0.25,1.0,1.0,,0.0014535461338152059,0.00001,8.0,mean,false,none,52,180,0.9436426824160093,-3.4418690024656264,0.092490751014613,-3.5343597229520283,0.0034604518220897177,0.6600353217203688,1.8900297708859384,0.03720310658478607,0.06594843421507636,0.15127299295104787,NaN,0.0,NaN,1.7672133047459002,0.9619748507851886,0.9298624075343138,0.9350820764500543,0.03802514921481138,1.0,0.992630837831495,0.6822048315753658,-3.3089158180786202
intermittent,titantpp,small_lmm,small_lmm,strict,308cec0b9c383d4eab5aac8b9015dae663b0ad73,52,shared,shared,validation_only,coupled,coupled,ce,0.0,mark_residual,global,1.0,coupled,none,0.25,1.0,1.0,,0.0014535461338152059,0.00001,8.0,mean,false,none,52,181,0.9422115168457796,-3.4361785233915354,0.09843921913952801,-3.534617739242675,0.003651993914195271,0.7004609023805578,1.9188864334495588,0.03948170764833649,0.061445345193063036,0.15549559133941157,NaN,0.0,NaN,1.7672133047459002,0.9605841107956191,0.944333714441981,0.9363521731922505,0.039415889204380834,1.0,0.9808730344989439,0.8097992514460701,-3.3095393494759797
intermittent,titantpp,small_lmm,small_lmm,strict,308cec0b9c383d4eab5aac8b9015dae663b0ad73,52,shared,shared,validation_only,coupled,coupled,ce,0.0,mark_residual,global,1.0,coupled,none,0.25,1.0,1.0,,0.0014535461338152059,0.00001,8.0,mean,false,none,52,182,0.9429294816198994,-3.4363813666967995,0.0983730033494024,-3.5347543534615258,0.003580590948278057,0.6430976233062639,1.8637746541047757,0.03624840767903891,0.06104543349858527,0.15155404519608862,NaN,0.0,NaN,1.7672133047459002,0.9612447122906647,0.9427568226614012,0.9368919812055316,0.03875528770933534,1.0,0.9827035907064069,0.7924464103436543,-3.3095911239771603
intermittent,titantpp,small_lmm,small_lmm,strict,308cec0b9c383d4eab5aac8b9015dae663b0ad73,52,shared,shared,validation_only,coupled,coupled,ce,0.0,mark_residual,global,1.0,coupled,none,0.25,1.0,1.0,,0.0014535461338152059,0.00001,8.0,mean,false,none,52,183,0.9432155209395316,-3.4402506565532343,0.09493187194174284,-3.5351825193533473,0.0035398271681174576,0.6815643012402763,1.930702760765154,0.03841659455032881,0.05812394157541636,0.15311873594698078,NaN,0.0,NaN,1.7672133047459002,0.9615692182882308,0.9452151904257016,0.9379254533666076,0.038430781711769134,1.0,0.9819291246186341,0.8050357264375638,-3.3099243175843913
intermittent,titantpp,small_lmm,small_lmm,strict,308cec0b9c383d4eab5aac8b9015dae663b0ad73,52,shared,shared,validation_only,coupled,coupled,ce,0.0,mark_residual,global,1.0,coupled,none,0.25,1.0,1.0,,0.0014535461338152059,0.00001,8.0,mean,false,none,52,184,0.9416893925063613,-3.433121804505226,0.10241297780891062,-3.535534761694869,0.003755721859729516,0.6778787458841677,1.9298298436115944,0.03820885701837362,0.0638325807607111,0.15763287614122876,NaN,0.0,NaN,1.7672133047459002,0.9600394042997045,0.9375538455640111,0.9352527174285746,0.03996059570029553,1.0,0.9841351795353204,0.7927866621299762,-3.3101226974215714
intermittent,titantpp,small_lmm,small_lmm,strict,308cec0b9c383d4eab5aac8b9015dae663b0ad73,52,shared,shared,validation_only,coupled,coupled,ce,0.0,mark_residual,global,1.0,coupled,none,0.25,1.0,1.0,,0.0014535461338152059,0.00001,8.0,mean,false,none,52,185,0.9423779350615629,-3.4375484022901035,0.09803103305319114,-3.5355794106959992,0.0036138605653240714,0.7310641851196934,2.0429699471546234,0.04120667167998988,0.06095603285213262,0.15521743297063223,NaN,0.0,NaN,1.7672133047459002,0.9607811322941415,0.9420751037725764,0.9357761908193858,0.039218867705858494,1.0,0.983337244778221,0.7853011228308948,-3.3107771468875624
intermittent,titantpp,small_lmm,small_lmm,strict,308cec0b9c383d4eab5aac8b9015dae663b0ad73,52,shared,shared,validation_only,coupled,coupled,ce,0.0,mark_residual,global,1.0,coupled,none,0.25,1.0,1.0,,0.0014535461338152059,0.00001,8.0,mean,false,none,52,186,0.9433545485290998,-3.435675981005118,0.10025953977448267,-3.5359354949242037,0.003606585483797547,0.6932002105421102,1.9188450195047888,0.039072456380327095,0.0576886917850251,0.15502395124319154,NaN,0.0,NaN,1.7672133047459002,0.9617198817871009,0.9441056763616397,0.9378281978950831,0.03828011821289912,1.0,0.9827974653837127,0.8053759782238856,-3.310446032622081
intermittent,titantpp,small_lmm,small_lmm,strict,308cec0b9c383d4eab5aac8b9015dae663b0ad73,52,shared,shared,validation_only,coupled,coupled,ce,0.0,mark_residual,global,1.0,coupled,none,0.25,1.0,1.0,,0.0014535461338152059,0.00001,8.0,mean,false,none,52,187,0.9435388802560047,-3.438091818062408,0.0980631940035729,-3.5361550028661095,0.003556457257752494,0.6479424825941223,1.8017199974333389,0.03652148975592639,0.0535935899352961,0.14683045971418682,NaN,0.0,NaN,1.7672133047459002,0.9618589557860578,0.9411460958859246,0.9367563521552077,0.03814104421394217,1.0,0.9856137057028866,0.765226267437904,-3.3103601442666917
intermittent,titantpp,small_lmm,small_lmm,strict,308cec0b9c383d4eab5aac8b9015dae663b0ad73,52,shared,shared,validation_only,coupled,coupled,ce,0.0,mark_residual,global,1.0,coupled,none,0.25,1.0,1.0,,0.0014535461338152059,0.00001,8.0,mean,false,none,52,188,0.9420666594541204,-3.4364195994819076,0.09996888421518198,-3.5363884802882017,0.0037087891772549313,0.6714757953436452,1.8817027540161326,0.03784795261890105,0.05702671099352921,0.1543750530902467,NaN,0.0,NaN,1.7672133047459002,0.960410268296923,0.9429231895104865,0.9370801980715956,0.03958973170307701,1.0,0.9826566533677541,0.7880231371214699,-3.3109913042834895
intermittent,titantpp,small_lmm,small_lmm,strict,308cec0b9c383d4eab5aac8b9015dae663b0ad73,52,shared,shared,validation_only,coupled,coupled,ce,0.0,mark_residual,global,1.0,coupled,none,0.25,1.0,1.0,,0.0014535461338152059,0.00001,8.0,mean,false,none,52,189,0.9397087988246777,-3.4311574516908703,0.10520978921010529,-3.5363672250611846,0.0038509512090079733,0.6766679424313078,1.8667010005300495,0.03814060968610576,0.062196266020464096,0.1630665173494231,NaN,0.0,NaN,1.7672133047459002,0.958057599814568,0.9467080691343869,0.9343244389110301,0.041942400185432,1.0,0.9737620276930298,0.8424634229329704,-3.3114893255835236
intermittent,titantpp,small_lmm,small_lmm,strict,308cec0b9c383d4eab5aac8b9015dae663b0ad73,52,shared,shared,validation_only,coupled,coupled,ce,0.0,mark_residual,global,1.0,coupled,none,0.25,1.0,1.0,,0.0014535461338152059,0.00001,8.0,mean,false,none,52,190,0.93798951121087,-3.4304826698318696,0.10581856163196707,-3.536301214772207,0.003992559491251546,0.6575305692772535,1.8624231923452998,0.03706192539486605,0.05929341537827943,0.16765828167423974,NaN,0.0,NaN,1.7672133047459002,0.9563191748276062,0.9532117848826793,0.9334795674632225,0.043680825172393814,1.0,0.965360244074161,0.8890779176590677,-3.311603648609861
intermittent,titantpp,small_lmm,small_lmm,strict,308cec0b9c383d4eab5aac8b9015dae663b0ad73,52,shared,shared,validation_only,coupled,coupled,ce,0.0,mark_residual,global,1.0,coupled,none,0.25,1.0,1.0,,0.0014535461338152059,0.00001,8.0,mean,false,none,52,191,0.9439622397122409,-3.443467897953534,0.09294089179134382,-3.5364087771214385,0.003421612241937824,0.6881630228811533,1.9841086184707972,0.03878853365184387,0.05416217611114693,0.15094498372231568,NaN,0.0,NaN,1.7672133047459002,0.962322535782581,0.9423032104281392,0.9377494189752817,0.03767746421741902,1.0,0.984956582961746,0.7859816264035386,-3.3118632046702006
intermittent,titantpp,small_lmm,small_lmm,strict,308cec0b9c383d4eab5aac8b9015dae663b0ad73,52,shared,shared,validation_only,coupled,coupled,ce,0.0,mark_residual,global,1.0,coupled,none,0.25,1.0,1.0,,0.0014535461338152059,0.00001,8.0,mean,false,none,52,192,0.9442147536231433,-3.4457979422327942,0.09062252782450139,-3.5364204489853894,0.003390152011404798,0.7137971098925759,1.94488182735465,0.04023340734254867,0.06242855453557527,0.15521164282840816,NaN,0.0,NaN,1.7672133047459002,0.9626006837804949,0.9319783374918068,0.9350809551575462,0.03739931621950513,1.0,0.9914808730344989,0.6964954066008846,-3.3109073424990374
intermittent,titantpp,small_lmm,small_lmm,strict,308cec0b9c383d4eab5aac8b9015dae663b0ad73,52,shared,shared,validation_only,coupled,coupled,ce,0.0,mark_residual,global,1.0,coupled,none,0.25,1.0,1.0,,0.0014535461338152059,0.00001,8.0,mean,false,none,52,193,0.9418813107475177,-3.4339560781119562,0.10229872114872837,-3.5362547678653726,0.003707520703727131,0.7177505029893981,1.9744879083152562,0.040456241636279,0.06463669202291393,0.15305519386445945,NaN,0.0,NaN,1.7672133047459002,0.960271194297966,0.9256356884082056,0.932251868142387,0.03972880570203396,1.0,0.9931471485566769,0.6577067029601905,-3.312055722634721
intermittent,titantpp,small_lmm,small_lmm,strict,308cec0b9c383d4eab5aac8b9015dae663b0ad73,52,shared,shared,validation_only,coupled,coupled,ce,0.0,mark_residual,global,1.0,coupled,none,0.25,1.0,1.0,,0.0014535461338152059,0.00001,8.0,mean,false,none,52,194,0.9403086587770808,-3.4328828647956375,0.10358758011062497,-3.53647042821745,0.0038587620602179244,0.6562829856822269,1.8442672404112015,0.03699160493786653,0.057104678461254214,0.1542251502257582,NaN,0.0,NaN,1.7672133047459002,0.958637074810222,0.9429983614037272,0.9346598921146185,0.04136292518977806,1.0,0.9789486036141751,0.8251105818305546,-3.3114837046097407
intermittent,titantpp,small_lmm,small_lmm,strict,308cec0b9c383d4eab5aac8b9015dae663b0ad73,52,shared,shared,validation_only,coupled,coupled,ce,0.0,mark_residual,global,1.0,coupled,none,0.25,1.0,1.0,,0.0014535461338152059,0.00001,8.0,mean,false,none,52,195,0.9415027647125975,-3.435345555451541,0.10110181976552711,-3.5364473583731844,0.003689485216113396,0.7602010404303071,2.114021513995337,0.04284898005045841,0.06279559935922176,0.15996067486748752,NaN,0.0,NaN,1.7672133047459002,0.9599350988004868,0.9393202023574818,0.9352484679286923,0.04006490119951324,1.0,0.9826097160291012,0.7982306907111262,-3.311774993206342
intermittent,titantpp,small_lmm,small_lmm,strict,308cec0b9c383d4eab5aac8b9015dae663b0ad73,52,shared,shared,validation_only,coupled,coupled,ce,0.0,mark_residual,global,1.0,coupled,none,0.25,1.0,1.0,,0.0014535461338152059,0.00001,8.0,mean,false,none,52,196,0.9415352736814693,-3.4397902716447493,0.09669058281604925,-3.5364808269093335,0.0035979110537331972,0.7392815714716365,2.028661719568976,0.04166984734686612,0.06634768297410187,0.16195275850589042,NaN,0.0,NaN,1.7672133047459002,0.9599466883003999,0.940272020188229,0.9352576365490319,0.040053311699600164,1.0,0.9837127434874443,0.7815583531813542,-3.311593580540507
intermittent,titantpp,small_lmm,small_lmm,strict,308cec0b9c383d4eab5aac8b9015dae663b0ad73,52,shared,shared,validation_only,coupled,coupled,ce,0.0,mark_residual,global,1.0,coupled,none,0.25,1.0,1.0,,0.0014535461338152059,0.00001,8.0,mean,false,none,52,197,0.9423934421687357,-3.4399685876203825,0.09654993267460363,-3.5365185127229566,0.003562788298922212,0.7271465778599514,2.039969226182686,0.0409858544666601,0.05830030955783101,0.15769263598754746,NaN,0.0,NaN,1.7672133047459002,0.9607927217940546,0.9286858487384548,0.9323389710192715,0.03920727820594541,1.0,0.9924196198075569,0.6526029261653624,-3.3121310462412197
intermittent,titantpp,small_lmm,small_lmm,strict,308cec0b9c383d4eab5aac8b9015dae663b0ad73,52,shared,shared,validation_only,coupled,coupled,ce,0.0,mark_residual,global,1.0,coupled,none,0.25,1.0,1.0,,0.0014535461338152059,0.00001,8.0,mean,false,none,52,198,0.9434591415354211,-3.438900450811316,0.09770238463878424,-3.5366028135314824,0.0035424278142938046,0.6465547037862396,1.7692564142982015,0.03644326714994342,0.05423873584544168,0.15107334106997644,NaN,0.0,NaN,1.7672133047459002,0.9617778292866663,0.938763065730555,0.9354925265134058,0.03822217071333372,1.0,0.9856371743722131,0.7329023477373257,-3.311569522199147
intermittent,titantpp,small_lmm,small_lmm,strict,308cec0b9c383d4eab5aac8b9015dae663b0ad73,52,shared,shared,validation_only,coupled,coupled,ce,0.0,mark_residual,global,1.0,coupled,none,0.25,1.0,1.0,,0.0014535461338152059,0.00001,8.0,mean,false,none,52,199,0.940136869089127,-3.4341607924911925,0.102541908733523,-3.536702680833689,0.0038254664257758885,0.6889986746790733,1.9113404752253471,0.03883563543849485,0.06495090806968465,0.16005019921990082,NaN,0.0,NaN,1.7672133047459002,0.958498000811265,0.9484599959719868,0.935376304902172,0.041501999188735005,1.0,0.9758038019244308,0.854712487240558,-3.31209876036613
intermittent,titantpp,small_lmm,small_lmm,strict,308cec0b9c383d4eab5aac8b9015dae663b0ad73,52,shared,shared,validation_only,coupled,coupled,ce,0.0,mark_residual,global,1.0,coupled,none,0.25,1.0,1.0,,0.0014535461338152059,0.00001,8.0,mean,false,none,52,200,0.9443524589694513,-3.4440782510633987,0.09253265245439234,-3.5366108736682684,0.0034313653316740025,0.6803972628023075,1.9554166358449205,0.03835081404742613,0.052570035452499254,0.14915452251012506,NaN,0.0,NaN,1.7672133047459002,0.9627049892797126,0.94011817063604,0.938493160085264,0.037295010720287416,1.0,0.9878197606195729,0.7519564477713508,-3.3125719029664684
intermittent,titantpp,small_lmm,small_lmm,strict,308cec0b9c383d4eab5aac8b9015dae663b0ad73,52,shared,shared,validation_only,coupled,coupled,ce,0.0,mark_residual,global,1.0,coupled,none,0.25,1.0,1.0,,0.0014535461338152059,0.00001,8.0,mean,false,none,52,201,0.9411993903528051,-3.439371744997982,0.09741956157462056,-3.5367912869868734,0.0036436882639517827,0.7274799027434367,1.9506735441738876,0.041004642432636434,0.060490720588583284,0.15879597216873326,NaN,0.0,NaN,1.7672133047459002,0.9595990033030075,0.9430358332340885,0.9349372386041951,0.04040099669699253,1.0,0.9786669795822577,0.815923783599864,-3.3119952093485274
intermittent,titantpp,small_lmm,small_lmm,strict,308cec0b9c383d4eab5aac8b9015dae663b0ad73,52,shared,shared,validation_only,coupled,coupled,ce,0.0,mark_residual,global,1.0,coupled,none,0.25,1.0,1.0,,0.0014535461338152059,0.00001,8.0,mean,false,none,52,202,0.9452774021738435,-3.445551510711544,0.09124785381909889,-3.536799338325783,0.003381225456629637,0.6826140514563773,1.8984870807631786,0.0384757640642803,0.055850464331839156,0.1496101685927245,NaN,0.0,NaN,1.7672133047459002,0.9636321492727589,0.935474758791757,0.9376045138627327,0.03636785072724112,1.0,0.9911053743252758,0.7080639673358285,-3.3125597863265535
intermittent,titantpp,small_lmm,small_lmm,strict,308cec0b9c383d4eab5aac8b9015dae663b0ad73,52,shared,shared,validation_only,coupled,coupled,ce,0.0,mark_residual,global,1.0,coupled,none,0.25,1.0,1.0,,0.0014535461338152059,0.00001,8.0,mean,false,none,52,203,0.9402394268483216,-3.433341663831658,0.10335770110954427,-3.5366993418848995,0.0038215680103852877,0.7371044143544789,2.059866898981279,0.04154713117454019,0.058429838394990226,0.1616268262836355,NaN,0.0,NaN,1.7672133047459002,0.9586486643101351,0.9489656493711482,0.9354608874199807,0.04135133568986498,1.0,0.9739028397089885,0.8502892140183737,-3.3121178984176973
intermittent,titantpp,small_lmm,small_lmm,strict,308cec0b9c383d4eab5aac8b9015dae663b0ad73,52,shared,shared,validation_only,coupled,coupled,ce,0.0,mark_residual,global,1.0,coupled,none,0.25,1.0,1.0,,0.0014535461338152059,0.00001,8.0,mean,false,none,52,204,0.9427809069562002,-3.4387590012973392,0.09795904749865282,-3.5367180361783386,0.0036087754949857007,0.675777287874754,1.9086764548433846,0.03809040765099144,0.05705507855195121,0.15101695333540108,NaN,0.0,NaN,1.7672133047459002,0.9611288172915339,0.9440730087882729,0.9371157760510782,0.03887118270846613,1.0,0.9816709692560431,0.8060564817965294,-3.312303208018155
intermittent,titantpp,small_lmm,small_lmm,strict,308cec0b9c383d4eab5aac8b9015dae663b0ad73,52,shared,shared,validation_only,coupled,coupled,ce,0.0,mark_residual,global,1.0,coupled,none,0.25,1.0,1.0,,0.0014535461338152059,0.00001,8.0,mean,false,none,52,205,0.9446320506287084,-3.4463020074918083,0.09055536872186895,-3.536857345730486,0.0033723567511372045,0.6673641015461355,1.866798771211336,0.03761619565444944,0.05496774729236139,0.15115922083385963,NaN,0.0,NaN,1.7672133047459002,0.9629715477777134,0.9386326460940801,0.9378646666877023,0.03702845222228661,1.0,0.9883126026754283,0.7393671316774413,-3.312015315646158
intermittent,titantpp,small_lmm,small_lmm,strict,308cec0b9c383d4eab5aac8b9015dae663b0ad73,52,shared,shared,validation_only,coupled,coupled,ce,0.0,mark_residual,global,1.0,coupled,none,0.25,1.0,1.0,,0.0014535461338152059,0.00001,8.0,mean,false,none,52,206,0.9436559083231785,-3.442013606747726,0.09459241208765382,-3.536606002297429,0.003505996267183004,0.6468094145511845,1.8451020700167986,0.03645762400543994,0.06473675121774457,0.1502742235930363,NaN,0.0,NaN,1.7672133047459002,0.9619748507851886,0.9403981552737994,0.9371507844060756,0.03802514921481138,1.0,0.9850739263083783,0.7648860156515822,-3.3122246073188335
intermittent,titantpp,small_lmm,small_lmm,strict,308cec0b9c383d4eab5aac8b9015dae663b0ad73,52,shared,shared,validation_only,coupled,coupled,ce,0.0,mark_residual,global,1.0,coupled,none,0.25,1.0,1.0,,0.0014535461338152059,0.00001,8.0,mean,false,none,52,207,0.944195161304202,-3.4430738346196894,0.09353885288032576,-3.536612659769787,0.0034678752738715054,0.6870314291815717,1.9631160101608633,0.03872475100320247,0.05545243940189262,0.1510436826663907,NaN,0.0,NaN,1.7672133047459002,0.9625543257808425,0.9421011627952809,0.9384637669934085,0.03744567421915744,1.0,0.9855667683642337,0.781898604967676,-3.3113820616383545
intermittent,titantpp,small_lmm,small_lmm,strict,308cec0b9c383d4eab5aac8b9015dae663b0ad73,52,shared,shared,validation_only,coupled,coupled,ce,0.0,mark_residual,global,1.0,coupled,none,0.25,1.0,1.0,,0.0014535461338152059,0.00001,8.0,mean,false,none,52,208,0.9421976519615936,-3.438242391814098,0.0984638145521474,-3.536706184510554,0.0036234191485504216,0.7027362866536238,1.979438421588617,0.03960996042640234,0.06123998406768266,0.15595053876307194,NaN,0.0,NaN,1.7672133047459002,0.9605725212957061,0.9424623909408276,0.9358571589179423,0.03942747870429391,1.0,0.9812250645388406,0.7955086764205512,-3.3118436463632572
intermittent,titantpp,small_lmm,small_lmm,strict,308cec0b9c383d4eab5aac8b9015dae663b0ad73,52,shared,shared,validation_only,coupled,coupled,ce,0.0,mark_residual,global,1.0,coupled,none,0.25,1.0,1.0,,0.0014535461338152059,0.00001,8.0,mean,false,none,52,209,0.9427634819751669,-3.4422951212375295,0.09458707543601061,-3.536882189960505,0.0035253904968932407,0.6932022689080579,1.9035325685564224,0.03907257240079634,0.061663748008140916,0.15673838384929878,NaN,0.0,NaN,1.7672133047459002,0.9611288172915339,0.9444059161345082,0.9366959467774463,0.03887118270846613,1.0,0.9815066885707581,0.8012929567880231,-3.3121416629988443
intermittent,titantpp,small_lmm,small_lmm,strict,308cec0b9c383d4eab5aac8b9015dae663b0ad73,52,shared,shared,validation_only,coupled,coupled,ce,0.0,mark_residual,global,1.0,coupled,none,0.25,1.0,1.0,,0.0014535461338152059,0.00001,8.0,mean,false,none,52,210,0.9437259007448199,-3.4412181543227645,0.095791561516196,-3.5370096927626684,0.0034896476195213416,0.657943492301295,1.8309361244984879,0.03708519993604468,0.05658132527734849,0.15197421852181542,NaN,0.0,NaN,1.7672133047459002,0.9620559772845801,0.9438365758592414,0.9377611059961267,0.03794402271541983,1.0,0.9821638113118986,0.7965294317795168,-3.312526122103742
intermittent,titantpp,small_lmm,small_lmm,strict,308cec0b9c383d4eab5aac8b9015dae663b0ad73,52,shared,shared,validation_only,coupled,coupled,ce,0.0,mark_residual,global,1.0,coupled,none,0.25,1.0,1.0,,0.0014535461338152059,0.00001,8.0,mean,false,none,52,211,0.944599979179392,-3.444922345222172,0.09210589985816137,-3.5370282277217044,0.003383615596938557,0.676256551036292,1.8866571952318372,0.038117421475697646,0.060677533714231215,0.1494908547601486,NaN,0.0,NaN,1.7672133047459002,0.9629483687778873,0.9403316799995961,0.9384427264620155,0.03705163122211277,1.0,0.9887115700539779,0.7448111602585914,-3.312925739003096
intermittent,titantpp,small_lmm,small_lmm,strict,308cec0b9c383d4eab5aac8b9015dae663b0ad73,52,shared,shared,validation_only,coupled,coupled,ce,0.0,mark_residual,global,1.0,coupled,none,0.25,1.0,1.0,,0.0014535461338152059,0.00001,8.0,mean,false,none,52,212,0.9428470968842279,-3.4404077079292383,0.09644886371993427,-3.5368565505174163,0.0035589549970175137,0.6791243593254959,1.8899002788270882,0.03827906642701615,0.06603188738524793,0.1585970381275862,NaN,0.0,NaN,1.7672133047459002,0.9611983542910123,0.9440398614053167,0.9372999628788049,0.038801645708987656,1.0,0.9800281624031918,0.8176250425314733,-3.3127657518430245
intermittent,titantpp,small_lmm,small_lmm,strict,308cec0b9c383d4eab5aac8b9015dae663b0ad73,52,shared,shared,validation_only,coupled,coupled,ce,0.0,mark_residual,global,1.0,coupled,none,0.25,1.0,1.0,,0.0014535461338152059,0.00001,8.0,mean,false,none,52,213,0.9446326007282264,-3.44546470502827,0.09142544017537471,-3.536890123964924,0.0034106530044530365,0.6784035019411192,1.8686491634869058,0.03823843506499527,0.057253184206358505,0.15082547170125252,NaN,0.0,NaN,1.7672133047459002,0.9629831372776265,0.9310321076897322,0.9360824546302037,0.03701686272237353,1.0,0.993992020652429,0.66485199047295,-3.3119382309510588
intermittent,titantpp,small_lmm,small_lmm,strict,308cec0b9c383d4eab5aac8b9015dae663b0ad73,52,shared,shared,validation_only,coupled,coupled,ce,0.0,mark_residual,global,1.0,coupled,none,0.25,1.0,1.0,,0.0014535461338152059,0.00001,8.0,mean,false,none,52,214,0.9421022216127861,-3.4392753511327037,0.09778406000789217,-3.5370593890479536,0.003614736237230518,0.6822716363302394,1.896923664500636,0.03845646372380647,0.055713001227761544,0.15622210742702386,NaN,0.0,NaN,1.7672133047459002,0.9604566262965754,0.9431376746563743,0.9361099737597542,0.0395433737034247,1.0,0.9808026284909646,0.7995916978564137,-3.3119525884620855
intermittent,titantpp,small_lmm,small_lmm,strict,308cec0b9c383d4eab5aac8b9015dae663b0ad73,52,shared,shared,validation_only,coupled,coupled,ce,0.0,mark_residual,global,1.0,coupled,none,0.25,1.0,1.0,,0.0014535461338152059,0.00001,8.0,mean,false,none,52,215,0.9410965253738275,-3.434710834346448,0.10207582359703189,-3.536786633042946,0.0037521429749119285,0.6912708827640612,1.9324645718277347,0.03896370918968182,0.058962104433400886,0.1572263344110679,NaN,0.0,NaN,1.7672133047459002,0.9594599293040506,0.9457188882245499,0.9355072514925994,0.04054007069594947,1.0,0.976859892044121,0.8428036747192923,-3.3130438567293017
intermittent,titantpp,small_lmm,small_lmm,strict,308cec0b9c383d4eab5aac8b9015dae663b0ad73,52,shared,shared,validation_only,coupled,coupled,ce,0.0,mark_residual,global,1.0,coupled,none,0.25,1.0,1.0,,0.0014535461338152059,0.00001,8.0,mean,false,none,52,216,0.9439100636456984,-3.4423903806188703,0.09436431524555935,-3.536754685876239,0.003492519892172553,0.6939810897713086,1.947684321698865,0.03911647089324436,0.056530783488243835,0.15342639749546788,NaN,0.0,NaN,1.7672133047459002,0.9622761777829286,0.9429949749152039,0.9382852761451983,0.03772382221707133,1.0,0.9841586482046468,0.7853011228308948,-3.312194725161876
intermittent,titantpp,small_lmm,small_lmm,strict,308cec0b9c383d4eab5aac8b9015dae663b0ad73,52,shared,shared,validation_only,coupled,coupled,ce,0.0,mark_residual,global,1.0,coupled,none,0.25,1.0,1.0,,0.0014535461338152059,0.00001,8.0,mean,false,none,52,217,0.9446647593522794,-3.4417389242288627,0.09504564018722433,-3.5367845416683834,0.003457953572017024,0.6810133776272642,1.9291976599106317,0.03838554156085918,0.05647634157211844,0.14902001198964632,NaN,0.0,NaN,1.7672133047459002,0.9630179057773657,0.9339023960338149,0.9369747802444071,0.03698209422263429,1.0,0.9916216850504577,0.698196665532494,-3.31283100838779
intermittent,titantpp,small_lmm,small_lmm,strict,308cec0b9c383d4eab5aac8b9015dae663b0ad73,52,shared,shared,validation_only,coupled,coupled,ce,0.0,mark_residual,global,1.0,coupled,none,0.25,1.0,1.0,,0.0014535461338152059,0.00001,8.0,mean,false,none,52,218,0.9399790416477853,-3.437039234174419,0.10010754486551642,-3.5371467685384466,0.003768079531615587,0.6961626171506197,1.9596088588240967,0.03923943339682462,0.07343883836035202,0.17165141595106093,NaN,0.0,NaN,1.7672133047459002,0.958347337312395,0.949305802671968,0.9349245746854309,0.04165266268760503,1.0,0.9718845341469139,0.854712487240558,-3.3122475375899723
intermittent,titantpp,small_lmm,small_lmm,strict,308cec0b9c383d4eab5aac8b9015dae663b0ad73,52,shared,shared,validation_only,coupled,coupled,ce,0.0,mark_residual,global,1.0,coupled,none,0.25,1.0,1.0,,0.0014535461338152059,0.00001,8.0,mean,false,none,52,219,0.943565053896786,-3.4447970593079926,0.09238532584368019,-3.537182363110138,0.0034700000529942635,0.6913058412912969,1.88713762045422,0.03896567963849265,0.06888266087213894,0.15447670556588666,NaN,0.0,NaN,1.7672133047459002,0.9619284927855363,0.9469174393114533,0.9389233302468768,0.038071507214463694,1.0,0.9816475005867167,0.8172847907451514,-3.3130657577545652
intermittent,titantpp,small_lmm,small_lmm,strict,308cec0b9c383d4eab5aac8b9015dae663b0ad73,52,shared,shared,validation_only,coupled,coupled,ce,0.0,mark_residual,global,1.0,coupled,none,0.25,1.0,1.0,,0.0014535461338152059,0.00001,8.0,mean,false,none,52,220,0.9435831201482663,-3.443395995695856,0.09365803031634545,-3.537053985692966,0.0034920132366308056,0.6732395898109724,1.9297399974033003,0.03794736947039711,0.055293007775516864,0.15429226880230182,NaN,0.0,NaN,1.7672133047459002,0.9619284927855363,0.9445723136646467,0.9376092272271386,0.038071507214463694,1.0,0.9815770945787374,0.8101395032323919,-3.313156971385792
intermittent,titantpp,small_lmm,small_lmm,strict,308cec0b9c383d4eab5aac8b9015dae663b0ad73,52,shared,shared,validation_only,coupled,coupled,ce,0.0,mark_residual,global,1.0,coupled,none,0.25,1.0,1.0,,0.0014535461338152059,0.00001,8.0,mean,false,none,52,221,0.9425637720791664,-3.4360524373127177,0.1009889528071353,-3.5370413693615217,0.003638324453305995,0.6843011664730818,1.9065809343142048,0.0385708588534859,0.05443353660690928,0.15254379655486197,NaN,0.0,NaN,1.7672133047459002,0.9609202062930985,0.9415625111573538,0.9365368395995696,0.039079793706901546,1.0,0.9839474301807087,0.7812181013950323,-3.3126503674044567
intermittent,titantpp,small_lmm,small_lmm,strict,308cec0b9c383d4eab5aac8b9015dae663b0ad73,52,shared,shared,validation_only,coupled,coupled,ce,0.0,mark_residual,global,1.0,coupled,none,0.25,1.0,1.0,,0.0014535461338152059,0.00001,8.0,mean,false,none,52,222,0.9440120949719591,-3.4413795707275123,0.09569272545643982,-3.537072284303024,0.0035084570779159033,0.7078447626413086,1.9865519427127865,0.03989790134471606,0.06273162866333666,0.1529147367175054,NaN,0.0,NaN,1.7672133047459002,0.9623920727820594,0.9363499349811166,0.9370224157554365,0.03760792721794055,1.0,0.98777282328092,0.743109901326982,-3.313230394929531
intermittent,titantpp,small_lmm,small_lmm,strict,308cec0b9c383d4eab5aac8b9015dae663b0ad73,52,shared,shared,validation_only,coupled,coupled,ce,0.0,mark_residual,global,1.0,coupled,none,0.25,1.0,1.0,,0.0014535461338152059,0.00001,8.0,mean,false,none,52,223,0.9431011193465253,-3.441310314331656,0.09603679997777081,-3.5373470986574005,0.0035507695404220644,0.7380183946812091,2.0456231435185757,0.04159864797431253,0.062187902240893544,0.15246860380147848,NaN,0.0,NaN,1.7672133047459002,0.9615112707886655,0.9364738201097107,0.936386329711898,0.03848872921133453,1.0,0.9881013846514902,0.7403878870364069,-3.3128034821257324
intermittent,titantpp,small_lmm,small_lmm,strict,308cec0b9c383d4eab5aac8b9015dae663b0ad73,52,shared,shared,validation_only,coupled,coupled,ce,0.0,mark_residual,global,1.0,coupled,none,0.25,1.0,1.0,,0.0014535461338152059,0.00001,8.0,mean,false,none,52,224,0.9398816659764287,-3.4368430567414956,0.10038421509674432,-3.537227254693917,0.0037671737719593757,0.7355907889418816,2.0437339343644334,0.0414618151835603,0.062195235657624255,0.1678205631435569,NaN,0.0,NaN,1.7672133047459002,0.9582893898128296,0.9489997107141771,0.9342360398631553,0.04171061018717042,1.0,0.9713212860830791,0.8696835658387206,-3.313291747796365
intermittent,titantpp,small_lmm,small_lmm,strict,308cec0b9c383d4eab5aac8b9015dae663b0ad73,52,shared,shared,validation_only,coupled,coupled,ce,0.0,mark_residual,global,1.0,coupled,none,0.25,1.0,1.0,,0.0014535461338152059,0.00001,8.0,mean,false,none,52,225,0.9443472956602837,-3.4446319454962597,0.09271061054405051,-3.5373425337532867,0.0034182703378440355,0.6623815721436793,1.856025005269527,0.03733535375656698,0.06319108455034812,0.15314425669102125,NaN,0.0,NaN,1.7672133047459002,0.9626818102798864,0.9402197554102533,0.9377382463300865,0.037318189720113575,1.0,0.987514667918329,0.7468526709765226,-3.3125783067840904
intermittent,titantpp,small_lmm,small_lmm,strict,308cec0b9c383d4eab5aac8b9015dae663b0ad73,52,shared,shared,validation_only,coupled,coupled,ce,0.0,mark_residual,global,1.0,coupled,none,0.25,1.0,1.0,,0.0014535461338152059,0.00001,8.0,mean,false,none,52,226,0.942526376854979,-3.4405732352853673,0.09671987933270512,-3.5372930980000867,0.0035923527652805933,0.6637488910951143,1.8804794035224754,0.03741242313605571,0.05993138737326779,0.15380596505655672,NaN,0.0,NaN,1.7672133047459002,0.960862258793533,0.9422610990895729,0.9355251802227197,0.03913774120646694,1.0,0.9816944379253696,0.7801973460360667,-3.312933284222537
intermittent,titantpp,small_lmm,small_lmm,strict,308cec0b9c383d4eab5aac8b9015dae663b0ad73,52,shared,shared,validation_only,coupled,coupled,ce,0.0,mark_residual,global,1.0,coupled,none,0.25,1.0,1.0,,0.0014535461338152059,0.00001,8.0,mean,false,none,52,227,0.9425842783973813,-3.441906603793111,0.0956903841145742,-3.537596963870399,0.0035607760370494498,0.6985633479973432,1.9465256094346373,0.039374751375473464,0.06481039634466296,0.15814000724662763,NaN,0.0,NaN,1.7672133047459002,0.9609549747928376,0.9479090345771559,0.9375088875565426,0.03904502520716231,1.0,0.9793710396620512,0.8196665532494045,-3.3130549776848643
intermittent,titantpp,small_lmm,small_lmm,strict,308cec0b9c383d4eab5aac8b9015dae663b0ad73,52,shared,shared,validation_only,coupled,coupled,ce,0.0,mark_residual,global,1.0,coupled,none,0.25,1.0,1.0,,0.0014535461338152059,0.00001,8.0,mean,false,none,52,228,0.9432893466577157,-3.4447550597055185,0.09273850105717124,-3.537493531394614,0.0034854452042349885,0.6888650824478343,1.9083468844325362,0.03882810546872789,0.05845262770816626,0.15398773299363352,NaN,0.0,NaN,1.7672133047459002,0.9616503447876225,0.9403349821542236,0.9370540413928649,0.038349655212377584,1.0,0.9840882421966675,0.8029942157196325,-3.313457452739324
intermittent,titantpp,small_lmm,small_lmm,strict,308cec0b9c383d4eab5aac8b9015dae663b0ad73,52,shared,shared,validation_only,coupled,coupled,ce,0.0,mark_residual,global,1.0,coupled,none,0.25,1.0,1.0,,0.0014535461338152059,0.00001,8.0,mean,false,none,52,229,0.9420795549712949,-3.4377352742225358,0.09985700085324829,-3.5375922606318384,0.00365847556727656,0.716527777734427,2.065904889277238,0.04038732232773952,0.05825389985960287,0.15553789038645088,NaN,0.0,NaN,1.7672133047459002,0.9604682157964883,0.9435069848697469,0.9361979961816993,0.03953178420351162,1.0,0.9815066885707581,0.8016332085743451,-3.3143624474230298
intermittent,titantpp,small_lmm,small_lmm,strict,308cec0b9c383d4eab5aac8b9015dae663b0ad73,52,shared,shared,validation_only,coupled,coupled,ce,0.0,mark_residual,global,1.0,coupled,none,0.25,1.0,1.0,,0.0014535461338152059,0.00001,8.0,mean,false,none,52,230,0.9417942545344284,-3.4377968995880748,0.09981120809882028,-3.537608094466011,0.0036581192081878403,0.6889117169478279,1.9052839925672636,0.038830734037558524,0.06211992142104727,0.1567113897541228,NaN,0.0,NaN,1.7672133047459002,0.9601552992988353,0.9466965515108016,0.9365885316785081,0.03984470070116475,1.0,0.9796291950246421,0.8125212657366451,-3.3132303167226564
intermittent,titantpp,small_lmm,small_lmm,strict,308cec0b9c383d4eab5aac8b9015dae663b0ad73,52,shared,shared,validation_only,coupled,coupled,ce,0.0,mark_residual,global,1.0,coupled,none,0.25,1.0,1.0,,0.0014535461338152059,0.00001,8.0,mean,false,none,52,231,0.9404404775013051,-3.437113497313463,0.10061554113955486,-3.5377290149977636,0.0037418136630226846,0.733075259893333,1.9806595841032348,0.041320026566753626,0.07362169963277188,0.16359983672163356,NaN,0.0,NaN,1.7672133047459002,0.9588456858086574,0.9456716964622317,0.9338433516309114,0.04115431419134264,1.0,0.9771884534146914,0.8220483157536577,-3.313761940548107
intermittent,titantpp,small_lmm,small_lmm,strict,308cec0b9c383d4eab5aac8b9015dae663b0ad73,52,shared,shared,validation_only,coupled,coupled,ce,0.0,mark_residual,global,1.0,coupled,none,0.25,1.0,1.0,,0.0014535461338152059,0.00001,8.0,mean,false,none,52,232,0.9434129851458792,-3.4419032392906908,0.09613603513303383,-3.5380392502652485,0.003505109673498178,0.704300593241152,1.9238696705298317,0.039698133078368,0.05987629245522194,0.15244815848819937,NaN,0.0,NaN,1.7672133047459002,0.9617894187865793,0.9378597722167432,0.9368422153476182,0.03821058121342064,1.0,0.9876554799342877,0.7611432460020415,-3.3139951732905852
intermittent,titantpp,small_lmm,small_lmm,strict,308cec0b9c383d4eab5aac8b9015dae663b0ad73,52,shared,shared,validation_only,coupled,coupled,ce,0.0,mark_residual,global,1.0,coupled,none,0.25,1.0,1.0,,0.0014535461338152059,0.00001,8.0,mean,false,none,52,233,0.9420768744412625,-3.442670398276022,0.09523466429792134,-3.5379050391929385,0.0035719239106795776,0.7076188078538398,1.9436397909275764,0.03988516532928641,0.057956072077618805,0.15792415225694525,NaN,0.0,NaN,1.7672133047459002,0.9604566262965754,0.9414914717613124,0.936360984869582,0.0395433737034247,1.0,0.9814597512321052,0.8050357264375638,-3.3140510896557482
intermittent,titantpp,small_lmm,small_lmm,strict,308cec0b9c383d4eab5aac8b9015dae663b0ad73,52,shared,shared,validation_only,coupled,coupled,ce,0.0,mark_residual,global,1.0,coupled,none,0.25,1.0,1.0,,0.0014535461338152059,0.00001,8.0,mean,false,none,52,234,0.9443664336786974,-3.442990736821273,0.0949793799477172,-3.5379700937849723,0.003464220449607046,0.6432435537300567,1.8364648501872038,0.03625663309506086,0.05600345475569919,0.15047412466470822,NaN,0.0,NaN,1.7672133047459002,0.9626818102798864,0.9323121630233866,0.9358990561857126,0.037318189720113575,1.0,0.992372682468904,0.6924123851650221,-3.314382384517878
intermittent,titantpp,small_lmm,small_lmm,strict,308cec0b9c383d4eab5aac8b9015dae663b0ad73,52,shared,shared,validation_only,coupled,coupled,ce,0.0,mark_residual,global,1.0,coupled,none,0.25,1.0,1.0,,0.0014535461338152059,0.00001,8.0,mean,false,none,52,235,0.9434410185517846,-3.4435634916541735,0.09435124072901045,-3.5379147056274096,0.0035063023472306732,0.6994461871619267,1.9352591180362713,0.03942451289346559,0.056398573175686605,0.15537959572860655,NaN,0.0,NaN,1.7672133047459002,0.9618125977864055,0.9431140969571032,0.9380580755865275,0.038187402213594485,1.0,0.9830086834076508,0.79346716570262,-3.313989354900638
intermittent,titantpp,small_lmm,small_lmm,strict,308cec0b9c383d4eab5aac8b9015dae663b0ad73,52,shared,shared,validation_only,coupled,coupled,ce,0.0,mark_residual,global,1.0,coupled,none,0.25,1.0,1.0,,0.0014535461338152059,0.00001,8.0,mean,false,none,52,236,0.942443656698381,-3.4412915805140893,0.09666736970305963,-3.5379589297662726,0.0036047602073020304,0.6769320482145823,1.8930523388131468,0.038155496094880385,0.059310161471263265,0.1560126684912376,NaN,0.0,NaN,1.7672133047459002,0.9607927217940546,0.9458746895879957,0.9370414312386964,0.03920727820594541,1.0,0.9802159117578033,0.8111602585913577,-3.313981416321545
intermittent,titantpp,small_lmm,small_lmm,strict,308cec0b9c383d4eab5aac8b9015dae663b0ad73,52,shared,shared,validation_only,coupled,coupled,ce,0.0,mark_residual,global,1.0,coupled,none,0.25,1.0,1.0,,0.0014535461338152059,0.00001,8.0,mean,false,none,52,237,0.9417291543094435,-3.440761770502734,0.09717116201089321,-3.5379329170544924,0.0036276480721427677,0.6960644423674962,1.9181427577846466,0.039233899743093846,0.05759928943716154,0.1587181949619025,NaN,0.0,NaN,1.7672133047459002,0.9600973517992699,0.9468108006983837,0.9369078106728783,0.03990264820073014,1.0,0.9781506688570758,0.824089826471589,-3.314299904246014
intermittent,titantpp,small_lmm,small_lmm,strict,308cec0b9c383d4eab5aac8b9015dae663b0ad73,52,shared,shared,validation_only,coupled,coupled,ce,0.0,mark_residual,global,1.0,coupled,none,0.25,1.0,1.0,,0.0014535461338152059,0.00001,8.0,mean,false,none,52,238,0.9441763670012857,-3.4466382913257347,0.09141741806439706,-3.5380556938497216,0.003417560575303088,0.7174152320109797,1.9748920838032467,0.04043734397802584,0.05769603120884849,0.14961067386041094,NaN,0.0,NaN,1.7672133047459002,0.9625659152807556,0.9417210416705777,0.9382660223429004,0.037434084719244365,1.0,0.9877493546115935,0.7710105478053759,-3.314703973279043
intermittent,titantpp,small_lmm,small_lmm,strict,308cec0b9c383d4eab5aac8b9015dae663b0ad73,52,shared,shared,validation_only,coupled,coupled,ce,0.0,mark_residual,global,1.0,coupled,none,0.25,1.0,1.0,,0.0014535461338152059,0.00001,8.0,mean,false,none,52,239,0.943691456178585,-3.4427348378125036,0.09551131287579415,-3.5382461241473258,0.00352822640014549,0.6344405589709106,1.7764207528246074,0.03576044941895666,0.058742078452975986,0.14873466175234426,NaN,0.0,NaN,1.7672133047459002,0.9619980297850148,0.9419221535068731,0.9379166119251702,0.03800197021498522,1.0,0.9859187984041304,0.773732562095951,-3.3139830346380315
intermittent,titantpp,small_lmm,small_lmm,strict,308cec0b9c383d4eab5aac8b9015dae663b0ad73,52,shared,shared,validation_only,coupled,coupled,ce,0.0,mark_residual,global,1.0,coupled,none,0.25,1.0,1.0,,0.0014535461338152059,0.00001,8.0,mean,false,none,52,240,0.9424820959686895,-3.442970774395756,0.09536432706349787,-3.5383350869018675,0.003539678387636215,0.7196192772976872,1.999739848866254,0.04056157571081455,0.06367603768311501,0.15587844001482426,NaN,0.0,NaN,1.7672133047459002,0.9608738482934461,0.9350304310580921,0.9349316175397858,0.03912615170655386,1.0,0.9883126026754283,0.7155495066349098,-3.3142849227851947
intermittent,titantpp,small_lmm,small_lmm,strict,308cec0b9c383d4eab5aac8b9015dae663b0ad73,52,shared,shared,validation_only,coupled,coupled,ce,0.0,mark_residual,global,1.0,coupled,none,0.25,1.0,1.0,,0.0014535461338152059,0.00001,8.0,mean,false,none,52,241,0.9440953535707745,-3.4442302145258594,0.09405674737101385,-3.538286936390184,0.003463332873375034,0.6941231633045033,1.9181143167848997,0.03912447891436745,0.056876274849577274,0.1517223859633521,NaN,0.0,NaN,1.7672133047459002,0.9624616097815379,0.937134927795728,0.9372952892307358,0.03753839021846207,1.0,0.9898850035203004,0.7414086423953726,-3.314709217170125
intermittent,titantpp,small_lmm,small_lmm,strict,308cec0b9c383d4eab5aac8b9015dae663b0ad73,52,shared,shared,validation_only,coupled,coupled,ce,0.0,mark_residual,global,1.0,coupled,none,0.25,1.0,1.0,,0.0014535461338152059,0.00001,8.0,mean,false,none,52,242,0.940069828601054,-3.4341521724292643,0.1040014375735586,-3.538153568499264,0.003840113077467821,0.6980916631866276,1.964591843607276,0.039348164706987696,0.07294260714044022,0.16323370628241465,NaN,0.0,NaN,1.7672133047459002,0.9584400533116996,0.9488521879502895,0.9349933320351229,0.0415599466883004,1.0,0.972260032856137,0.8666212997618238,-3.314208430648625
intermittent,titantpp,small_lmm,small_lmm,strict,308cec0b9c383d4eab5aac8b9015dae663b0ad73,52,shared,shared,validation_only,coupled,coupled,ce,0.0,mark_residual,global,1.0,coupled,none,0.25,1.0,1.0,,0.0014535461338152059,0.00001,8.0,mean,false,none,52,243,0.9433199001552485,-3.441392558912914,0.0970589387670143,-3.538451478914693,0.003569921540114901,0.7162590844803753,2.0013952085474704,0.040372177344675526,0.06314093466601395,0.15353411087096058,NaN,0.0,NaN,1.7672133047459002,0.9617082922871878,0.9383915113248302,0.9364258417567497,0.03829170771281219,1.0,0.9873738559023704,0.7516161959850289,-3.3146916559675734
intermittent,titantpp,small_lmm,small_lmm,strict,308cec0b9c383d4eab5aac8b9015dae663b0ad73,52,shared,shared,validation_only,coupled,coupled,ce,0.0,mark_residual,global,1.0,coupled,none,0.25,1.0,1.0,,0.0014535461338152059,0.00001,8.0,mean,false,none,52,244,0.9411179280075848,-3.438185515400708,0.10010540444261844,-3.5382909007839776,0.003755621838658419,0.6582787490936906,1.86768004420484,0.037104096794698026,0.056298947627183675,0.15911563741276571,NaN,0.0,NaN,1.7672133047459002,0.9594483398041375,0.9463407992852948,0.9360243132055294,0.04055166019586255,1.0,0.9760150199483689,0.8353181354202109,-3.314214430642841
intermittent,titantpp,small_lmm,small_lmm,strict,308cec0b9c383d4eab5aac8b9015dae663b0ad73,52,shared,shared,validation_only,coupled,coupled,ce,0.0,mark_residual,global,1.0,coupled,none,0.25,1.0,1.0,,0.0014535461338152059,0.00001,8.0,mean,false,none,52,245,0.9424782616877809,-3.441073244281306,0.09746637369258943,-3.538539601273102,0.00357762413236094,0.7234535582062681,2.0423671166702353,0.04077769620713305,0.05701241865283528,0.15405601334907398,NaN,0.0,NaN,1.7672133047459002,0.9608738482934461,0.940682167483772,0.9361628784947048,0.03912615170655386,1.0,0.9837127434874443,0.8002722014290575,-3.3150974603561183
intermittent,titantpp,small_lmm,small_lmm,strict,308cec0b9c383d4eab5aac8b9015dae663b0ad73,52,shared,shared,validation_only,coupled,coupled,ce,0.0,mark_residual,global,1.0,coupled,none,0.25,1.0,1.0,,0.0014535461338152059,0.00001,8.0,mean,false,none,52,246,0.9427408743286863,-3.4422110421885384,0.09635425324853387,-3.5385652832908385,0.00355109391169413,0.6926309155624822,1.8773057943622835,0.039040367882775054,0.058959086629201414,0.15353789383163732,NaN,0.0,NaN,1.7672133047459002,0.9611056382917077,0.9434804528587778,0.9368840340628888,0.03889436170829229,1.0,0.9846984275991552,0.7938074174889418,-3.314909506526198
intermittent,titantpp,small_lmm,small_lmm,strict,308cec0b9c383d4eab5aac8b9015dae663b0ad73,52,shared,shared,validation_only,coupled,coupled,ce,0.0,mark_residual,global,1.0,coupled,none,0.25,1.0,1.0,,0.0014535461338152059,0.00001,8.0,mean,false,none,52,247,0.9438641770181992,-3.4439161774705553,0.09477555582158109,-3.5386917049268476,0.0034827441908988127,0.6819202177050824,1.9669561708439842,0.038436655898168415,0.05601624951769069,0.15184776736869082,NaN,0.0,NaN,1.7672133047459002,0.9622182302833633,0.9405391375782626,0.9370244208689181,0.03778176971663673,1.0,0.9854024876789486,0.7587614834977884,-3.314677898068422
intermittent,titantpp,small_lmm,small_lmm,strict,308cec0b9c383d4eab5aac8b9015dae663b0ad73,52,shared,shared,validation_only,coupled,coupled,ce,0.0,mark_residual,global,1.0,coupled,none,0.25,1.0,1.0,,0.0014535461338152059,0.00001,8.0,mean,false,none,52,248,0.9408101665982644,-3.44113640357205,0.09736926373496488,-3.538505660038997,0.0036752072444927396,0.7458396600655957,2.095758218892666,0.04203949615341422,0.0610700827592106,0.16062779498611052,NaN,0.0,NaN,1.7672133047459002,0.959228139305789,0.9392503288914631,0.935426602087937,0.04077186069421104,1.0,0.9842290542126262,0.776454576386526,-3.314904158850175
intermittent,titantpp,small_lmm,small_lmm,strict,308cec0b9c383d4eab5aac8b9015dae663b0ad73,52,shared,shared,validation_only,coupled,coupled,ce,0.0,mark_residual,global,1.0,coupled,none,0.25,1.0,1.0,,0.0014535461338152059,0.00001,8.0,mean,false,none,52,249,0.9431772860351082,-3.4407994963710093,0.09754641393208521,-3.5383458875108027,0.003557413062835012,0.6734412060114409,1.871469850340368,0.03795873363341751,0.05794845826312068,0.15243671316211752,NaN,0.0,NaN,1.7672133047459002,0.9615228602885786,0.938954722513267,0.9371402941811908,0.03847713971142145,1.0,0.9867636704998827,0.7560394692072133,-3.3150215911617207
intermittent,titantpp,small_lmm,small_lmm,strict,308cec0b9c383d4eab5aac8b9015dae663b0ad73,52,shared,shared,validation_only,coupled,coupled,ce,0.0,mark_residual,global,1.0,coupled,none,0.25,1.0,1.0,,0.0014535461338152059,0.00001,8.0,mean,false,none,52,250,0.9430185679860233,-3.443172625884152,0.09535834781623487,-3.538530959459641,0.0035371737028689633,0.7046747560523756,1.9646895379032232,0.03971922288748569,0.06828159865121641,0.15511400976173653,NaN,0.0,NaN,1.7672133047459002,0.9613953757895347,0.940526035268031,0.9366577727250281,0.038604624210465316,1.0,0.9841821168739733,0.8006124532153793,-3.3139888221017717
intermittent,titantpp,small_lmm,small_lmm,strict,308cec0b9c383d4eab5aac8b9015dae663b0ad73,52,shared,shared,validation_only,coupled,coupled,ce,0.0,mark_residual,global,1.0,coupled,none,0.25,1.0,1.0,,0.0014535461338152059,0.00001,8.0,mean,false,none,52,251,0.9426179716486792,-3.4406439798928403,0.09796085710255557,-3.538604806887977,0.003607508722359661,0.699638596438737,1.9636643327841437,0.0394353581052255,0.058860227458894396,0.15273363905314447,NaN,0.0,NaN,1.7672133047459002,0.9609897432925769,0.939931657752532,0.9367069385809857,0.03901025670742307,1.0,0.9844637409058906,0.7992514460700919,-3.314169739715765
intermittent,titantpp,small_lmm,small_lmm,strict,308cec0b9c383d4eab5aac8b9015dae663b0ad73,52,shared,shared,validation_only,coupled,coupled,ce,0.0,mark_residual,global,1.0,coupled,none,0.25,1.0,1.0,,0.0014535461338152059,0.00001,8.0,mean,false,none,52,252,0.9441476684389755,-3.4445226120770567,0.09404921640323091,-3.5385718133045168,0.00346190464350272,0.6418082951034919,1.8059552717704024,0.03617573427358317,0.058866512886638016,0.14938213777104292,NaN,0.0,NaN,1.7672133047459002,0.9624616097815379,0.9332413984009875,0.9359962458605433,0.03753839021846207,1.0,0.9911523116639287,0.7114664851990473,-3.3144451548746257
intermittent,titantpp,small_lmm,small_lmm,strict,308cec0b9c383d4eab5aac8b9015dae663b0ad73,52,shared,shared,validation_only,coupled,coupled,ce,0.0,mark_residual,global,1.0,coupled,none,0.25,1.0,1.0,,0.0014535461338152059,0.00001,8.0,mean,false,none,52,253,0.9437590585976534,-3.443830856373642,0.094857944418413,-3.5386887792129813,0.0034899603964246863,0.6943226389463015,1.8928921860572787,0.039135722424098934,0.05650857170908726,0.15130488034105982,NaN,0.0,NaN,1.7672133047459002,0.9621255142840587,0.9378563999579475,0.9365873376470345,0.037874485715941354,1.0,0.9887819760619573,0.7563797209935352,-3.3151083289414296
intermittent,titantpp,small_lmm,small_lmm,strict,308cec0b9c383d4eab5aac8b9015dae663b0ad73,52,shared,shared,validation_only,coupled,coupled,ce,0.0,mark_residual,global,1.0,coupled,none,0.25,1.0,1.0,,0.0014535461338152059,0.00001,8.0,mean,false,none,52,254,0.9437025642899489,-3.4479761784492684,0.09082536730318856,-3.5388015274018674,0.0034248561386415735,0.7160484469115834,2.0053200835037863,0.040360304689281715,0.06155667154953517,0.15564684837414056,NaN,0.0,NaN,1.7672133047459002,0.9620907457843194,0.945282355413776,0.9380692675446645,0.037909254215680595,1.0,0.9828913400610185,0.8026539639333107,-3.314864377749137
intermittent,titantpp,small_lmm,small_lmm,strict,308cec0b9c383d4eab5aac8b9015dae663b0ad73,52,shared,shared,validation_only,coupled,coupled,ce,0.0,mark_residual,global,1.0,coupled,none,0.25,1.0,1.0,,0.0014535461338152059,0.00001,8.0,mean,false,none,52,255,0.943149498923861,-3.4420039208164535,0.09693807906288188,-3.538941974576893,0.0035784797472325548,0.712817817171721,1.9926545805430533,0.04017820918833972,0.05674002357628141,0.1526896190740502,NaN,0.0,NaN,1.7672133047459002,0.9615344497884917,0.9456582430560929,0.9383174704532224,0.038465550211508374,1.0,0.9825862473597747,0.8087784960871045,-3.3149622361743716
intermittent,titantpp,small_lmm,small_lmm,strict,308cec0b9c383d4eab5aac8b9015dae663b0ad73,52,shared,shared,validation_only,coupled,coupled,ce,0.0,mark_residual,global,1.0,coupled,none,0.25,1.0,1.0,,0.0014535461338152059,0.00001,8.0,mean,false,none,52,256,0.9441883532895615,-3.443034590653544,0.09567487405594392,-3.5387094437001845,0.003467563893490095,0.6822499439090071,1.9380789403066543,0.0384552410233954,0.05901015650364631,0.15280215323122529,NaN,0.0,NaN,1.7672133047459002,0.9625427362809295,0.9309315469884965,0.9356835082287339,0.03745726371907052,1.0,0.9923961511382304,0.6832255869343314,-3.3156277166851473
intermittent,titantpp,small_lmm,small_lmm,strict,308cec0b9c383d4eab5aac8b9015dae663b0ad73,52,shared,shared,validation_only,coupled,coupled,ce,0.0,mark_residual,global,1.0,coupled,none,0.25,1.0,1.0,,0.0014535461338152059,0.00001,8.0,mean,false,none,52,257,0.9436614364108102,-3.4439937619184255,0.0948936608329695,-3.538887395116582,0.0035200206445424645,0.6644603267456252,1.8811254386346077,0.037452523438968564,0.05444819882176197,0.14944344182999794,NaN,0.0,NaN,1.7672133047459002,0.9619980297850148,0.9327817608002896,0.9357903952118546,0.03800197021498522,1.0,0.9899319408589533,0.7192922762844505,-3.315052834691865
intermittent,titantpp,small_lmm,small_lmm,strict,308cec0b9c383d4eab5aac8b9015dae663b0ad73,52,shared,shared,validation_only,coupled,coupled,ce,0.0,mark_residual,global,1.0,coupled,none,0.25,1.0,1.0,,0.0014535461338152059,0.00001,8.0,mean,false,none,52,258,0.9445003186795378,-3.444998105370709,0.09382381653010037,-3.538821908588612,0.003453056176230087,0.6716115516728471,1.8275930562512934,0.03785560456875685,0.07241521031415676,0.15216900959250554,NaN,0.0,NaN,1.7672133047459002,0.9628440632786696,0.9404286644419653,0.9385624922051028,0.037155936721330475,1.0,0.9879371039662052,0.7488941816944539,-3.3147958956552266
intermittent,titantpp,small_lmm,small_lmm,strict,308cec0b9c383d4eab5aac8b9015dae663b0ad73,52,shared,shared,validation_only,coupled,coupled,ce,0.0,mark_residual,global,1.0,coupled,none,0.25,1.0,1.0,,0.0014535461338152059,0.00001,8.0,mean,false,none,52,259,0.9441540232748935,-3.4445456173740894,0.09432771132586823,-3.538873307550327,0.0034672514610853333,0.6934009587508457,1.8951216819594117,0.03908377161870983,0.05781040763622876,0.1523119325029094,NaN,0.0,NaN,1.7672133047459002,0.9625195572811033,0.9398986496316198,0.9376700897773946,0.03748044271889668,1.0,0.9855902370335602,0.7672677781558354,-3.315591631072085
intermittent,titantpp,small_lmm,small_lmm,strict,308cec0b9c383d4eab5aac8b9015dae663b0ad73,52,shared,shared,validation_only,coupled,coupled,ce,0.0,mark_residual,global,1.0,coupled,none,0.25,1.0,1.0,,0.0014535461338152059,0.00001,8.0,mean,false,none,52,260,0.9402668518651407,-3.437696587352064,0.10108495504477852,-3.5387815214732834,0.003770902641240192,0.7212688974483945,2.021029810466765,0.040654557089646236,0.060576187426572656,0.1611543976295511,NaN,0.0,NaN,1.7672133047459002,0.958660253810048,0.9473943502770885,0.9352180765538368,0.041339746189951905,1.0,0.9749589298286787,0.854712487240558,-3.315362504771844
intermittent,titantpp,small_lmm,small_lmm,strict,308cec0b9c383d4eab5aac8b9015dae663b0ad73,52,shared,shared,validation_only,coupled,coupled,ce,0.0,mark_residual,global,1.0,coupled,none,0.25,1.0,1.0,,0.0014535461338152059,0.00001,8.0,mean,false,none,52,261,0.9412330458780094,-3.440749232246915,0.09823830312392846,-3.5389875196350915,0.003670499800268313,0.7170033773652246,1.9493181970658968,0.040414129656338435,0.06531852699896963,0.15888097267331963,NaN,0.0,NaN,1.7672133047459002,0.9596221823028336,0.9425013732731783,0.9356013379085021,0.04037781769716637,1.0,0.9815301572400845,0.8040149710785982,-3.3149205060247016
intermittent,titantpp,small_lmm,small_lmm,strict,308cec0b9c383d4eab5aac8b9015dae663b0ad73,52,shared,shared,validation_only,coupled,coupled,ce,0.0,mark_residual,global,1.0,coupled,none,0.25,1.0,1.0,,0.0014535461338152059,0.00001,8.0,mean,false,none,52,262,0.9420074603605417,-3.4387171040862294,0.10040439950591402,-3.5391214924573746,0.0036497029434436963,0.7538538887484598,2.073196630437894,0.04249122077188815,0.061608309054171605,0.15861223272305044,NaN,0.0,NaN,1.7672133047459002,0.9604334472967492,0.9353215697887419,0.9348127136512101,0.03956655270325085,1.0,0.9874442619103497,0.7519564477713508,-3.315656630130986
intermittent,titantpp,small_lmm,small_lmm,strict,308cec0b9c383d4eab5aac8b9015dae663b0ad73,52,shared,shared,validation_only,coupled,coupled,ce,0.0,mark_residual,global,1.0,coupled,none,0.25,1.0,1.0,,0.0014535461338152059,0.00001,8.0,mean,false,none,52,263,0.9434659925772997,-3.4433310162615594,0.09599370650185932,-3.5393247139828987,0.0035470429536065156,0.6397036619076428,1.8488700769113235,0.03605710593578002,0.056509261988692716,0.15197158181118348,NaN,0.0,NaN,1.7672133047459002,0.9617778292866663,0.9430073498374765,0.9375554572729293,0.03822217071333372,1.0,0.982914808730345,0.8019734603606669,-3.3156405626099814
intermittent,titantpp,small_lmm,small_lmm,strict,308cec0b9c383d4eab5aac8b9015dae663b0ad73,52,shared,shared,validation_only,coupled,coupled,ce,0.0,mark_residual,global,1.0,coupled,none,0.25,1.0,1.0,,0.0014535461338152059,0.00001,8.0,mean,false,none,52,264,0.9428267160570387,-3.4417933239737604,0.09753843950406783,-3.539331739330275,0.0036054619606489444,0.6531471868624324,1.8769315588808366,0.036814854612721534,0.06348485338761811,0.15558117460962434,NaN,0.0,NaN,1.7672133047459002,0.9611519962913601,0.9461698690915171,0.9373233726258307,0.03884800370863997,1.0,0.9793945083313776,0.8291936032664171,-3.3158785306275744
intermittent,titantpp,small_lmm,small_lmm,strict,308cec0b9c383d4eab5aac8b9015dae663b0ad73,52,shared,shared,validation_only,coupled,coupled,ce,0.0,mark_residual,global,1.0,coupled,none,0.25,1.0,1.0,,0.0014535461338152059,0.00001,8.0,mean,false,none,52,265,0.9445240793632538,-3.4484564155224486,0.09107243180419165,-3.5395288395233693,0.0033824213175195836,0.7521563671745596,2.0868031741781397,0.042395539413685714,0.07490384063515125,0.15767831293071918,NaN,0.0,NaN,1.7672133047459002,0.9629483687778873,0.9428765643632396,0.939909428452839,0.03705163122211277,1.0,0.9849800516310725,0.7846206192582511,-3.3163720808041575
intermittent,titantpp,small_lmm,small_lmm,strict,308cec0b9c383d4eab5aac8b9015dae663b0ad73,52,shared,shared,validation_only,coupled,coupled,ce,0.0,mark_residual,global,1.0,coupled,none,0.25,1.0,1.0,,0.0014535461338152059,0.00001,8.0,mean,false,none,52,266,0.9441371569364575,-3.4476325710685902,0.09177974352568083,-3.5394122898561373,0.003443569536169962,0.6870882973607684,1.8472221232367023,0.03872795639670538,0.05690851870145155,0.15115569928057287,NaN,0.0,NaN,1.7672133047459002,0.9624963782812772,0.9395469986532508,0.9379502865517372,0.03750362171872284,1.0,0.9870452945318,0.7601224906430759,-3.315933647174364
intermittent,titantpp,small_lmm,small_lmm,strict,308cec0b9c383d4eab5aac8b9015dae663b0ad73,52,shared,shared,validation_only,coupled,coupled,ce,0.0,mark_residual,global,1.0,coupled,none,0.25,1.0,1.0,,0.0014535461338152059,0.00001,8.0,mean,false,none,52,267,0.9399175236765352,-3.4375124314876215,0.101739927131568,-3.5392523460567236,0.003826049069458331,0.6881435889222914,1.8615100278130503,0.0387874382504023,0.06961827259900404,0.1671921940641267,NaN,0.0,NaN,1.7672133047459002,0.9582778003129165,0.9455900355277319,0.9345598244155072,0.0417221996870835,1.0,0.9725416568880545,0.8567539979584893,-3.316263158625217
intermittent,titantpp,small_lmm,small_lmm,strict,308cec0b9c383d4eab5aac8b9015dae663b0ad73,52,shared,shared,validation_only,coupled,coupled,ce,0.0,mark_residual,global,1.0,coupled,none,0.25,1.0,1.0,,0.0014535461338152059,0.00001,8.0,mean,false,none,52,268,0.9425539957658436,-3.43858434691824,0.10093592930651635,-3.5395202481098025,0.0036716176264162672,0.6477194801434903,1.8423291520726495,0.03650892014992726,0.05528810023847002,0.15166856058505393,NaN,0.0,NaN,1.7672133047459002,0.9608738482934461,0.9370942930498624,0.935382008826142,0.03912615170655386,1.0,0.9860596104200892,0.7519564477713508,-3.3161859539457352
intermittent,titantpp,small_lmm,small_lmm,strict,308cec0b9c383d4eab5aac8b9015dae663b0ad73,52,shared,shared,validation_only,coupled,coupled,ce,0.0,mark_residual,global,1.0,coupled,none,0.25,1.0,1.0,,0.0014535461338152059,0.00001,8.0,mean,false,none,52,269,0.9440881105820398,-3.4446688328694517,0.09482034410443335,-3.5394891607476087,0.003489502190085861,0.678187152212987,1.9117816502123228,0.03822624044187371,0.05533147131905548,0.15173579815659302,NaN,0.0,NaN,1.7672133047459002,0.9624384307817118,0.9396135633915608,0.937536427857099,0.03756156921828823,1.0,0.9872095752170852,0.7471929227628445,-3.316210360381321
intermittent,titantpp,small_lmm,small_lmm,strict,308cec0b9c383d4eab5aac8b9015dae663b0ad73,52,shared,shared,validation_only,coupled,coupled,ce,0.0,mark_residual,global,1.0,coupled,none,0.25,1.0,1.0,,0.0014535461338152059,0.00001,8.0,mean,false,none,52,270,0.9428120279794374,-3.4441646251644205,0.09538435072226806,-3.539548955978037,0.0035654821693030096,0.6794247643768134,1.8635936295469435,0.03829599885589533,0.05706948310563357,0.15757208135831918,NaN,0.0,NaN,1.7672133047459002,0.9611635857912731,0.9404255379754756,0.9362739408858497,0.0388364142087269,1.0,0.9823984980051631,0.7798570942497448,-3.3161783019960005
intermittent,titantpp,small_lmm,small_lmm,strict,308cec0b9c383d4eab5aac8b9015dae663b0ad73,52,shared,shared,validation_only,coupled,coupled,ce,0.0,mark_residual,global,1.0,coupled,none,0.25,1.0,1.0,,0.0014535461338152059,0.00001,8.0,mean,false,none,52,271,0.9429163675357634,-3.4410102853080367,0.09849699359945618,-3.539507258332825,0.0035807723381493777,0.6793907072685433,1.9569797573267496,0.03829407921585904,0.055830584018913075,0.15515763812684247,NaN,0.0,NaN,1.7672133047459002,0.9612678912904908,0.942311122855845,0.9369922911029772,0.03873210870950918,1.0,0.9827035907064069,0.7924464103436543,-3.31602269744377
intermittent,titantpp,small_lmm,small_lmm,strict,308cec0b9c383d4eab5aac8b9015dae663b0ad73,52,shared,shared,validation_only,coupled,coupled,ce,0.0,mark_residual,global,1.0,coupled,none,0.25,1.0,1.0,,0.0014535461338152059,0.00001,8.0,mean,false,none,52,272,0.9454146865907147,-3.448547180559528,0.09116034028808698,-3.5397074967151294,0.0033592628528166173,0.707582633368364,1.952440541951925,0.039883126342592036,0.06501938681782912,0.1544681347411479,NaN,0.0,NaN,1.7672133047459002,0.963794402271542,0.9435718706944763,0.9405166044618585,0.036205597728458015,1.0,0.9863412344520066,0.7713507995916978,-3.316794319177635
intermittent,titantpp,small_lmm,small_lmm,strict,308cec0b9c383d4eab5aac8b9015dae663b0ad73,52,shared,shared,validation_only,coupled,coupled,ce,0.0,mark_residual,global,1.0,coupled,none,0.25,1.0,1.0,,0.0014535461338152059,0.00001,8.0,mean,false,none,52,273,0.9415317508640368,-3.439582219068301,0.10013060091405428,-3.539712806874523,0.0036134182693097028,0.8239308882956088,2.231119936127903,0.046441133750028896,0.06778339744477682,0.16004805381502435,NaN,0.0,NaN,1.7672133047459002,0.9600278147997914,0.9428957691843919,0.9356367004875127,0.039972185200208614,1.0,0.9810138465149026,0.8016332085743451,-3.316045703906542
intermittent,titantpp,small_lmm,small_lmm,strict,308cec0b9c383d4eab5aac8b9015dae663b0ad73,52,shared,shared,validation_only,coupled,coupled,ce,0.0,mark_residual,global,1.0,coupled,none,0.25,1.0,1.0,,0.0014535461338152059,0.00001,8.0,mean,false,none,52,274,0.9456380581767408,-3.4487802499635283,0.09116694148416839,-3.539947163553719,0.0033541483732717928,0.6464640461252512,1.8796758640519362,0.03643815720125812,0.05752986278347146,0.14689307262240778,NaN,0.0,NaN,1.7672133047459002,0.963956655270325,0.9350029566136805,0.9382832093889402,0.036043344729674916,1.0,0.9922553391222718,0.6958149030282409,-3.3166841725844245
intermittent,titantpp,small_lmm,small_lmm,strict,308cec0b9c383d4eab5aac8b9015dae663b0ad73,52,shared,shared,validation_only,coupled,coupled,ce,0.0,mark_residual,global,1.0,coupled,none,0.25,1.0,1.0,,0.0014535461338152059,0.00001,8.0,mean,false,none,52,275,0.9429799851969316,-3.4448703232912363,0.09491101328730187,-3.5397813043540753,0.0035304223314323977,0.6968995454918298,1.9449707797704874,0.03928097060357884,0.064954446976739,0.15514429792573536,NaN,0.0,NaN,1.7672133047459002,0.9613490177898824,0.9411735192474292,0.9370853580786309,0.03865098221011763,1.0,0.9847453649378081,0.7798570942497448,-3.316757337557169
intermittent,titantpp,small_lmm,small_lmm,strict,308cec0b9c383d4eab5aac8b9015dae663b0ad73,52,shared,shared,validation_only,coupled,coupled,ce,0.0,mark_residual,global,1.0,coupled,none,0.25,1.0,1.0,,0.0014535461338152059,0.00001,8.0,mean,false,none,52,276,0.9411751589151276,-3.4381688598272055,0.10167216547995982,-3.5398409991383986,0.0037503288129288187,0.6705848410292987,1.909193836968492,0.0377977336878408,0.062487626955808576,0.15792078615340385,NaN,0.0,NaN,1.7672133047459002,0.9595178768036159,0.9420759664199936,0.9354169484359449,0.04048212319638408,1.0,0.9791832903074396,0.8230690711126234,-3.3160389144026876
intermittent,titantpp,small_lmm,small_lmm,strict,308cec0b9c383d4eab5aac8b9015dae663b0ad73,52,shared,shared,validation_only,coupled,coupled,ce,0.0,mark_residual,global,1.0,coupled,none,0.25,1.0,1.0,,0.0014535461338152059,0.00001,8.0,mean,false,none,52,277,0.9423667604664369,-3.4438368824325876,0.0959073690561336,-3.539744227097071,0.0035579951371053626,0.7074702805064124,1.9296027603091106,0.03987679353681522,0.06437690279164236,0.15735077628353106,NaN,0.0,NaN,1.7672133047459002,0.9607463637944023,0.9452573244652098,0.9367284638660957,0.03925363620559773,1.0,0.9790424782914808,0.8111602585913577,-3.3162072124189765
intermittent,titantpp,small_lmm,small_lmm,strict,308cec0b9c383d4eab5aac8b9015dae663b0ad73,52,shared,shared,validation_only,coupled,coupled,ce,0.0,mark_residual,global,1.0,coupled,none,0.25,1.0,1.0,,0.0014535461338152059,0.00001,8.0,mean,false,none,52,278,0.9445955301678125,-3.4469887154689633,0.09294148511330201,-3.5399301769767,0.003451131932999168,0.634347562963443,1.7694819215056201,0.03575520766860797,0.053168782520150504,0.14885053045236377,NaN,0.0,NaN,1.7672133047459002,0.9629020107782349,0.9385998416038868,0.9379336215674139,0.03709798922176508,1.0,0.9885472893686928,0.7390268798911195,-3.3169583451918414
intermittent,titantpp,small_lmm,small_lmm,strict,308cec0b9c383d4eab5aac8b9015dae663b0ad73,52,shared,shared,validation_only,coupled,coupled,ce,0.0,mark_residual,global,1.0,coupled,none,0.25,1.0,1.0,,0.0014535461338152059,0.00001,8.0,mean,false,none,52,279,0.9434801436249252,-3.4432304552092283,0.09683421683700807,-3.5400646566716047,0.0035156540083475084,0.6950896137606375,1.9192142073491902,0.03917895321012901,0.05773445991111146,0.15533772953585678,NaN,0.0,NaN,1.7672133047459002,0.9618473662861448,0.9400960479224325,0.9368387575735366,0.038152633713855244,1.0,0.985895329734804,0.7516161959850289,-3.3171355531336584
intermittent,titantpp,small_lmm,small_lmm,strict,308cec0b9c383d4eab5aac8b9015dae663b0ad73,52,shared,shared,validation_only,coupled,coupled,ce,0.0,mark_residual,global,1.0,coupled,none,0.25,1.0,1.0,,0.0014535461338152059,0.00001,8.0,mean,false,none,52,280,0.9432517982815622,-3.446990211505827,0.09307288780788804,-3.5400630726559785,0.0034908298653037427,0.7264134586012818,2.063379723040941,0.040944531960087946,0.05702793059222231,0.15303970251890125,NaN,0.0,NaN,1.7672133047459002,0.9616503447876225,0.9315306657937188,0.9344956672906272,0.038349655212377584,1.0,0.9916216850504577,0.6702960190541001,-3.316793124991989
intermittent,titantpp,small_lmm,small_lmm,strict,308cec0b9c383d4eab5aac8b9015dae663b0ad73,52,shared,shared,validation_only,coupled,coupled,ce,0.0,mark_residual,global,1.0,coupled,none,0.25,1.0,1.0,,0.0014535461338152059,0.00001,8.0,mean,false,none,52,281,0.9433363375766906,-3.444056232233772,0.09619976854934134,-3.5402559904536304,0.003554624209665191,0.676642663212069,1.8090006713725126,0.03813918481465301,0.07616736108709501,0.15558632237905598,NaN,0.0,NaN,1.7672133047459002,0.9616851132873616,0.9414821260471238,0.937338750781866,0.03831488671263835,1.0,0.9846984275991552,0.7750935692412385,-3.31710913874238
intermittent,titantpp,small_lmm,small_lmm,strict,308cec0b9c383d4eab5aac8b9015dae663b0ad73,52,shared,shared,validation_only,coupled,coupled,ce,0.0,mark_residual,global,1.0,coupled,none,0.25,1.0,1.0,,0.0014535461338152059,0.00001,8.0,mean,false,none,52,282,0.9429342515580478,-3.4426760700325523,0.09752056746278255,-3.54019661097812,0.0035636681167154787,0.7194541845494629,1.9910904050548872,0.04055227020411446,0.05933427671267922,0.1553798899660778,NaN,0.0,NaN,1.7672133047459002,0.9613258387900562,0.9443448782864512,0.9376449087907558,0.03867416120994379,1.0,0.982445435343816,0.8023137121469888,-3.317162922826948
intermittent,titantpp,small_lmm,small_lmm,strict,308cec0b9c383d4eab5aac8b9015dae663b0ad73,52,shared,shared,validation_only,coupled,coupled,ce,0.0,mark_residual,global,1.0,coupled,none,0.25,1.0,1.0,,0.0014535461338152059,0.00001,8.0,mean,false,none,52,283,0.9434844492309622,-3.444257939772996,0.09601662406601699,-3.5402745394715844,0.003487510332838565,0.6907840077236131,1.868706424844365,0.03893626631893355,0.0697196001138072,0.15614810014299993,NaN,0.0,NaN,1.7672133047459002,0.9618473662861448,0.9441510861552163,0.9377053732471308,0.038152633713855244,1.0,0.982445435343816,0.7992514460700919,-3.3169025250932176
intermittent,titantpp,small_lmm,small_lmm,strict,308cec0b9c383d4eab5aac8b9015dae663b0ad73,52,shared,shared,validation_only,coupled,coupled,ce,0.0,mark_residual,global,1.0,coupled,none,0.25,1.0,1.0,,0.0014535461338152059,0.00001,8.0,mean,false,none,52,284,0.9433821753739828,-3.446381311371863,0.09416598848440627,-3.540547281417674,0.003502567222289181,0.7119313653114877,1.9532465748623262,0.0401282440395768,0.060555406710139544,0.15405430078417776,NaN,0.0,NaN,1.7672133047459002,0.9617662397867532,0.9388595069140957,0.9372642047498759,0.0382337602132468,1.0,0.9859657357427833,0.7625042531473291,-3.3178316671764585
intermittent,titantpp,small_lmm,small_lmm,strict,308cec0b9c383d4eab5aac8b9015dae663b0ad73,52,shared,shared,validation_only,coupled,coupled,ce,0.0,mark_residual,global,1.0,coupled,none,0.25,1.0,1.0,,0.0014535461338152059,0.00001,8.0,mean,false,none,52,285,0.9421226714920306,-3.441759138830693,0.09885920160750912,-3.540618331740296,0.0036286232268011426,0.6734112569988344,1.9097994113299182,0.03795704554753567,0.05889128579003044,0.15295720005827457,NaN,0.0,NaN,1.7672133047459002,0.9604682157964883,0.940311905164108,0.936681514213006,0.03953178420351162,1.0,0.984792302276461,0.7914256549846886,-3.317651802526184
intermittent,titantpp,small_lmm,small_lmm,strict,308cec0b9c383d4eab5aac8b9015dae663b0ad73,52,shared,shared,validation_only,coupled,coupled,ce,0.0,mark_residual,global,1.0,coupled,none,0.25,1.0,1.0,,0.0014535461338152059,0.00001,8.0,mean,false,none,52,286,0.9393165604599217,-3.437594032983912,0.10297066359598588,-3.540564667701224,0.003833108265213024,0.7559898095341749,2.0577450001598168,0.04261161264491776,0.062246840132922046,0.16476540071161225,NaN,0.0,NaN,1.7672133047459002,0.9577446833169149,0.9418759713852142,0.9339937637197995,0.042255316683085124,1.0,0.9787139169209106,0.8152432800272201,-3.3176929512786617
intermittent,titantpp,small_lmm,small_lmm,strict,308cec0b9c383d4eab5aac8b9015dae663b0ad73,52,shared,shared,validation_only,coupled,coupled,ce,0.0,mark_residual,global,1.0,coupled,none,0.25,1.0,1.0,,0.0014535461338152059,0.00001,8.0,mean,false,none,52,287,0.942177661680309,-3.4431727110334474,0.09726673947450663,-3.5404394280311577,0.0036148973527314757,0.6879580681988682,1.9935065635398725,0.038776981314204984,0.05815182916464725,0.15837861714510776,NaN,0.0,NaN,1.7672133047459002,0.9605377527959669,0.9438822651560818,0.9359965455924153,0.03946224720403314,1.0,0.9791363529687866,0.8257910854031983,-3.3170770319912615
intermittent,titantpp,small_lmm,small_lmm,strict,308cec0b9c383d4eab5aac8b9015dae663b0ad73,52,shared,shared,validation_only,coupled,coupled,ce,0.0,mark_residual,global,1.0,coupled,none,0.25,1.0,1.0,,0.0014535461338152059,0.00001,8.0,mean,false,none,52,288,0.9420009107481074,-3.442833824354451,0.09790283705612413,-3.540736637622793,0.003649692070972692,0.6792770017911379,1.8441983910256732,0.03828767016947019,0.06394478588797246,0.15647868265965492,NaN,0.0,NaN,1.7672133047459002,0.9603523207973576,0.9452753497585855,0.9368586582491294,0.03964767920264241,1.0,0.979464914339357,0.8394011568560735,-3.3179616152232585
intermittent,titantpp,small_lmm,small_lmm,strict,308cec0b9c383d4eab5aac8b9015dae663b0ad73,52,shared,shared,validation_only,coupled,coupled,ce,0.0,mark_residual,global,1.0,coupled,none,0.25,1.0,1.0,,0.0014535461338152059,0.00001,8.0,mean,false,none,52,289,0.9437287035351668,-3.44680965008227,0.09403940484677016,-3.540849023551386,0.0034998143485886336,0.6551407019543662,1.8153167841894606,0.036927219742288055,0.05472574372857182,0.15041296268592547,NaN,0.0,NaN,1.7672133047459002,0.9620559772845801,0.9325757707383375,0.9356532074243515,0.03794402271541983,1.0,0.9920675897676602,0.6822048315753658,-3.3175902617768287
intermittent,titantpp,small_lmm,small_lmm,strict,308cec0b9c383d4eab5aac8b9015dae663b0ad73,52,shared,shared,validation_only,coupled,coupled,ce,0.0,mark_residual,global,1.0,coupled,none,0.25,1.0,1.0,,0.0014535461338152059,0.00001,8.0,mean,false,none,52,290,0.9438648947499626,-3.447780295590464,0.09300430397725264,-3.540784579814914,0.0034515207430808746,0.7507394854201912,2.050246101357474,0.04231567641061429,0.06673105537680697,0.15384151906689061,NaN,0.0,NaN,1.7672133047459002,0.9622877672828417,0.9383234748433557,0.9369972450115633,0.037712232717158255,1.0,0.9888289134006102,0.7424293977543382,-3.317801605973039
intermittent,titantpp,small_lmm,small_lmm,strict,308cec0b9c383d4eab5aac8b9015dae663b0ad73,52,shared,shared,validation_only,coupled,coupled,ce,0.0,mark_residual,global,1.0,coupled,none,0.25,1.0,1.0,,0.0014535461338152059,0.00001,8.0,mean,false,none,52,291,0.9425033383069533,-3.444640744300971,0.09609251677054806,-3.5407332412888612,0.0035905522740040403,0.6867874391207297,1.888330831623716,0.03871099842369585,0.06964181484004234,0.15552617185533793,NaN,0.0,NaN,1.7672133047459002,0.960862258793533,0.9378068584565822,0.9360758092904268,0.03913774120646694,1.0,0.9865993898145975,0.7556992174208914,-3.317834836453858
intermittent,titantpp,small_lmm,small_lmm,strict,308cec0b9c383d4eab5aac8b9015dae663b0ad73,52,shared,shared,validation_only,coupled,coupled,ce,0.0,mark_residual,global,1.0,coupled,none,0.25,1.0,1.0,,0.0014535461338152059,0.00001,8.0,mean,false,none,52,292,0.9415242233828308,-3.4431073637241325,0.09781998700046783,-3.540927319610396,0.0036416169730639136,0.7735108699363111,2.096193118124416,0.0435991929397422,0.06225589345986275,0.1599949372622897,NaN,0.0,NaN,1.7672133047459002,0.959969867300226,0.9409506579930582,0.9354461262042535,0.040030132699774006,1.0,0.9818117812720019,0.7897243960530793,-3.318194080391228
intermittent,titantpp,small_lmm,small_lmm,strict,308cec0b9c383d4eab5aac8b9015dae663b0ad73,52,shared,shared,validation_only,coupled,coupled,ce,0.0,mark_residual,global,1.0,coupled,none,0.25,1.0,1.0,,0.0014535461338152059,0.00001,8.0,mean,false,none,52,293,0.9425225627476022,-3.4462085319572537,0.09485071469252677,-3.5410592182117644,0.0035240288240135915,0.7370999979504486,1.9992022323359948,0.04154688224248389,0.062002352990687994,0.15625941561156426,NaN,0.0,NaN,1.7672133047459002,0.9609317957930116,0.9409743156549921,0.9369289178868326,0.03906820420698847,1.0,0.9859187984041304,0.7635250085062947,-3.3182473910490464
intermittent,titantpp,small_lmm,small_lmm,strict,308cec0b9c383d4eab5aac8b9015dae663b0ad73,52,shared,shared,validation_only,coupled,coupled,ce,0.0,mark_residual,global,1.0,coupled,none,0.25,1.0,1.0,,0.0014535461338152059,0.00001,8.0,mean,false,none,52,294,0.9415392639004702,-3.4419676952734535,0.09943390111881736,-3.5414015828813636,0.003702071356308342,0.6541648530791531,1.8619287999046557,0.036872215701564036,0.05736846554394689,0.15331000252698024,NaN,0.0,NaN,1.7672133047459002,0.9598655618010082,0.9316720336087331,0.9330773399786167,0.04013443819899171,1.0,0.9873973245716968,0.7090847226947942,-3.3179009663733146
intermittent,titantpp,small_lmm,small_lmm,strict,308cec0b9c383d4eab5aac8b9015dae663b0ad73,52,shared,shared,validation_only,coupled,coupled,ce,0.0,mark_residual,global,1.0,coupled,none,0.25,1.0,1.0,,0.0014535461338152059,0.00001,8.0,mean,false,none,52,295,0.9433459394296766,-3.448979039790975,0.0922788582958841,-3.5412578768668546,0.0034562840213157773,0.690219810052246,1.937698225303741,0.03890446513282725,0.05629260922705111,0.15631247284635497,NaN,0.0,NaN,1.7672133047459002,0.9617082922871878,0.9433437935544933,0.9381424222238741,0.03829170771281219,1.0,0.9839708988500352,0.7910854031983668,-3.3184137987687468
intermittent,titantpp,small_lmm,small_lmm,strict,308cec0b9c383d4eab5aac8b9015dae663b0ad73,52,shared,shared,validation_only,coupled,coupled,ce,0.0,mark_residual,global,1.0,coupled,none,0.25,1.0,1.0,,0.0014535461338152059,0.00001,8.0,mean,false,none,52,296,0.9434909271863325,-3.4436976758907503,0.09747282366064393,-3.5411704791616634,0.0035103113187753467,0.649537552613997,1.7895147722285942,0.03661139639880866,0.05488867043081092,0.15260647030559735,NaN,0.0,NaN,1.7672133047459002,0.9618125977864055,0.9354515337709365,0.936169951168228,0.038187402213594485,1.0,0.9885238206993664,0.7179312691391629,-3.3186441346789834
intermittent,titantpp,small_lmm,small_lmm,strict,308cec0b9c383d4eab5aac8b9015dae663b0ad73,52,shared,shared,validation_only,coupled,coupled,ce,0.0,mark_residual,global,1.0,coupled,none,0.25,1.0,1.0,,0.0014535461338152059,0.00001,8.0,mean,false,none,52,297,0.9418550354503318,-3.4400218021277653,0.10133274578560979,-3.541354532988425,0.003701996718498708,0.6976678005228896,1.9530211002660336,0.03932427354944289,0.05618032814626478,0.15672871923282627,NaN,0.0,NaN,1.7672133047459002,0.9602248362983137,0.9461011941289826,0.9372520553788415,0.039775163701686274,1.0,0.9781037315184229,0.8404219122150391,-3.3179677934888434
intermittent,titantpp,small_lmm,small_lmm,strict,308cec0b9c383d4eab5aac8b9015dae663b0ad73,52,shared,shared,validation_only,coupled,coupled,ce,0.0,mark_residual,global,1.0,coupled,none,0.25,1.0,1.0,,0.0014535461338152059,0.00001,8.0,mean,false,none,52,298,0.9442463465987749,-3.447691599203785,0.09370479411614208,-3.5413963620712563,0.0034187449758090135,0.6706146343479553,1.881599707304016,0.03779941299798227,0.05522747948871963,0.15211427609148795,NaN,0.0,NaN,1.7672133047459002,0.9625890942805818,0.9358899109801558,0.9369981250474103,0.03741090571941821,1.0,0.9889931940858954,0.7294998298741069,-3.318948768437761
intermittent,titantpp,small_lmm,small_lmm,strict,308cec0b9c383d4eab5aac8b9015dae663b0ad73,52,shared,shared,validation_only,coupled,coupled,ce,0.0,mark_residual,global,1.0,coupled,none,0.25,1.0,1.0,,0.0014535461338152059,0.00001,8.0,mean,false,none,52,299,0.9437873344425656,-3.4470715169690536,0.09446615701487444,-3.541537664673962,0.003479990014812883,0.6892257938602193,1.877388946015469,0.038848437085354605,0.06259388438988141,0.15343173236410082,NaN,0.0,NaN,1.7672133047459002,0.9621486932838847,0.94154443464446,0.9375655269248667,0.0378513067161152,1.0,0.9862942971133537,0.7526369513439946,-3.31888445053051
intermittent,titantpp,small_lmm,small_lmm,strict,308cec0b9c383d4eab5aac8b9015dae663b0ad73,52,shared,shared,validation_only,coupled,coupled,ce,0.0,mark_residual,global,1.0,coupled,none,0.25,1.0,1.0,,0.0014535461338152059,0.00001,8.0,mean,false,none,52,300,0.9431659325090118,-3.447250854205704,0.09409357105284806,-3.541344408268599,0.0034914825340675733,0.6963842320208713,1.9602627991374484,0.039251924791402194,0.05866116683010763,0.15479062544648148,NaN,0.0,NaN,1.7672133047459002,0.9615344497884917,0.9391788769504049,0.93620326893869,0.038465550211508374,1.0,0.9866932644919033,0.743109901326982,-3.3187542465480315
intermittent,titantpp,small_lmm,small_lmm,strict,308cec0b9c383d4eab5aac8b9015dae663b0ad73,62,shared,shared,validation_only,coupled,coupled,ce,0.0,mark_residual,global,1.0,coupled,none,0.25,1.0,1.0,,0.0014535461338152059,0.00001,8.0,mean,false,none,62,1,0.9447612480164459,1.2241370762196506,0.1477869246956122,1.0763501510480855,0.00504373967286953,0.8755909762625941,2.8918341612982332,0.04935297148896345,0.09994701112609146,0.19324391760664575,NaN,0.0,NaN,0.36590988875720293,0.9492959378802804,0.8863732491550298,0.896490761657346,0.05075042011937185,0.9999536420003476,0.9989908472189627,0.30350459339911534,2.0385046759801972
intermittent,titantpp,small_lmm,small_lmm,strict,308cec0b9c383d4eab5aac8b9015dae663b0ad73,62,shared,shared,validation_only,coupled,coupled,ce,0.0,mark_residual,global,1.0,coupled,none,0.25,1.0,1.0,,0.0014535461338152059,0.00001,8.0,mean,false,none,62,2,0.9521322675012345,0.43564626814530594,0.12248836265673,0.3131579056084277,0.004203935582364731,0.863542245803084,2.432456726832428,0.0486738408595175,0.06822354236635278,0.15753997295305375,NaN,0.0,NaN,0.40303245752664735,0.957026134322304,0.9164779522356964,0.9245940130895463,0.04297386567769601,1.0,0.9952123914574044,0.583872065328343,1.0074254468141515
intermittent,titantpp,small_lmm,small_lmm,strict,308cec0b9c383d4eab5aac8b9015dae663b0ad73,62,shared,shared,validation_only,coupled,coupled,ce,0.0,mark_residual,global,1.0,coupled,none,0.25,1.0,1.0,,0.0014535461338152059,0.00001,8.0,mean,false,none,62,3,0.9472003511415099,0.1741157615807184,0.11792162728211539,0.056194134552812997,0.004085080107054074,0.797206005591703,2.1090546744227674,0.04493477700368413,0.0707090050899092,0.1587039769823777,NaN,0.0,NaN,0.9468978171899268,0.9574665353190009,0.9324932934469905,0.9303797134759599,0.042533464680999014,1.0,0.9847218962684816,0.7478734263354883,0.48655124132670413
intermittent,titantpp,small_lmm,small_lmm,strict,308cec0b9c383d4eab5aac8b9015dae663b0ad73,62,shared,shared,validation_only,coupled,coupled,ce,0.0,mark_residual,global,1.0,coupled,none,0.25,1.0,1.0,,0.0014535461338152059,0.00001,8.0,mean,false,none,62,4,0.9464108462820298,0.04021465492640903,0.11643033985374714,-0.07621568430683777,0.004024075427209804,0.6959622598560645,1.7919990012235552,0.03922814019244739,0.06627811579133142,0.1583700395023577,NaN,0.0,NaN,1.193589876529384,0.9590427073071797,0.9295604514813812,0.9315270789262233,0.04095729269282031,1.0,0.9906594696080733,0.6883293637291595,0.1971286017125562
intermittent,titantpp,small_lmm,small_lmm,strict,308cec0b9c383d4eab5aac8b9015dae663b0ad73,62,shared,shared,validation_only,coupled,coupled,ce,0.0,mark_residual,global,1.0,coupled,none,0.25,1.0,1.0,,0.0014535461338152059,0.00001,8.0,mean,false,none,62,5,0.9389945975213239,-0.6389420395496512,0.11966948755913982,-0.7586115263687844,0.004233975599779652,0.9647980029719615,2.8106957833765893,0.054381154699113664,0.0786603166750742,0.16982243620931584,NaN,0.0,NaN,1.5374671810698577,0.9553340673349945,0.9057367365150159,0.9164271570800364,0.04466593266500551,1.0,0.9980051631072518,0.4521946240217761,-0.12344883775558947
intermittent,titantpp,small_lmm,small_lmm,strict,308cec0b9c383d4eab5aac8b9015dae663b0ad73,62,shared,shared,validation_only,coupled,coupled,ce,0.0,mark_residual,global,1.0,coupled,none,0.25,1.0,1.0,,0.0014535461338152059,0.00001,8.0,mean,false,none,62,6,0.9415082642391824,-1.082814574884071,0.10857459372005022,-1.1913891675194976,0.0038468305253934712,0.7975730309544692,2.0764406539656894,0.04495546450818726,0.0649526410537488,0.15711455880634403,NaN,0.0,NaN,1.7281576532957528,0.9595874138030944,0.9310925596215383,0.9329404160560109,0.0404125861969056,1.0,0.9903778455761558,0.7026199387546784,-0.7255275296471209
intermittent,titantpp,small_lmm,small_lmm,strict,308cec0b9c383d4eab5aac8b9015dae663b0ad73,62,shared,shared,validation_only,coupled,coupled,ce,0.0,mark_residual,global,1.0,coupled,none,0.25,1.0,1.0,,0.0014535461338152059,0.00001,8.0,mean,false,none,62,7,0.9341888323075569,-1.2719265454529873,0.12229567363684662,-1.394222220439461,0.004437564456966394,0.853874999622885,2.2828104656389536,0.0481289433696591,0.0690153353403678,0.17299886925841151,NaN,0.0,NaN,1.7672133047459002,0.9527148403546387,0.9364390138002945,0.9250169765350272,0.0472851596453613,1.0,0.9731518422905421,0.8053759782238856,-1.0177862692638864
intermittent,titantpp,small_lmm,small_lmm,strict,308cec0b9c383d4eab5aac8b9015dae663b0ad73,62,shared,shared,validation_only,coupled,coupled,ce,0.0,mark_residual,global,1.0,coupled,none,0.25,1.0,1.0,,0.0014535461338152059,0.00001,8.0,mean,false,none,62,8,0.9421096803851536,-1.467942440282527,0.10292355095728141,-1.5708659924353896,0.0037142743912777325,0.7211708636150415,1.8663657992862168,0.04064903138059533,0.06236190754451156,0.15580750036624877,NaN,0.0,NaN,1.7672133047459002,0.9605029842962276,0.9298309721795172,0.9340032988943607,0.039497015703772384,1.0,0.9925134944848627,0.6978564137461721,-1.20887678319053
intermittent,titantpp,small_lmm,small_lmm,strict,308cec0b9c383d4eab5aac8b9015dae663b0ad73,62,shared,shared,validation_only,coupled,coupled,ce,0.0,mark_residual,global,1.0,coupled,none,0.25,1.0,1.0,,0.0014535461338152059,0.00001,8.0,mean,false,none,62,9,0.9401290220714551,-1.6176268258210564,0.10222301809603448,-1.7198498482457414,0.0037220192789740253,0.7663826918293898,1.9028554474882524,0.04319741085151105,0.07895287141094218,0.1615205358924463,NaN,0.0,NaN,1.7672133047459002,0.9585675378107434,0.9373538885819909,0.9326549084875813,0.04143246218925653,1.0,0.9835484628021591,0.7744130656685948,-1.3756447918470875
intermittent,titantpp,small_lmm,small_lmm,strict,308cec0b9c383d4eab5aac8b9015dae663b0ad73,62,shared,shared,validation_only,coupled,coupled,ce,0.0,mark_residual,global,1.0,coupled,none,0.25,1.0,1.0,,0.0014535461338152059,0.00001,8.0,mean,false,none,62,10,0.9414764815770621,-1.7479636434871269,0.10053786264363664,-1.8485015098552766,0.0036510729548108237,0.8676106753572843,2.2823654566348077,0.04890315922075777,0.06267819707029049,0.15526464278384913,NaN,0.0,NaN,1.7672133047459002,0.9600162252998783,0.9375455930988825,0.9349965829242896,0.03998377470012169,1.0,0.9854963623562544,0.7659067710105478,-1.5186355634458044
intermittent,titantpp,small_lmm,small_lmm,strict,308cec0b9c383d4eab5aac8b9015dae663b0ad73,62,shared,shared,validation_only,coupled,coupled,ce,0.0,mark_residual,global,1.0,coupled,none,0.25,1.0,1.0,,0.0014535461338152059,0.00001,8.0,mean,false,none,62,11,0.9400195440171375,-1.8574429795136491,0.1026978035152784,-1.960140786649261,0.0037886315131232516,0.7136077473639834,1.9001370472068309,0.04022273386174762,0.05972574818912826,0.16014197296620006,NaN,0.0,NaN,1.7672133047459002,0.9584052848119604,0.9425216545953058,0.9335304956698004,0.04159471518803964,1.0,0.9781037315184229,0.8094589996597482,-1.6427856800770109
intermittent,titantpp,small_lmm,small_lmm,strict,308cec0b9c383d4eab5aac8b9015dae663b0ad73,62,shared,shared,validation_only,coupled,coupled,ce,0.0,mark_residual,global,1.0,coupled,none,0.25,1.0,1.0,,0.0014535461338152059,0.00001,8.0,mean,false,none,62,12,0.937723255311663,-1.953685483210207,0.10528114437728822,-2.058966624577214,0.0038969451352591244,0.7151754700488893,1.9366653864668704,0.04031109906315824,0.06580633169227136,0.1671968463627976,NaN,0.0,NaN,1.7672133047459002,0.9561105638291708,0.9379792232493741,0.9301589460940831,0.04388943617082923,1.0,0.9751232105139639,0.8291936032664171,-1.7494610526316807
intermittent,titantpp,small_lmm,small_lmm,strict,308cec0b9c383d4eab5aac8b9015dae663b0ad73,62,shared,shared,validation_only,coupled,coupled,ce,0.0,mark_residual,global,1.0,coupled,none,0.25,1.0,1.0,,0.0014535461338152059,0.00001,8.0,mean,false,none,62,13,0.9404473480196038,-2.0447285339316563,0.10289810159341163,-2.1476266217368525,0.0037788875362586957,0.7957417410729886,2.0977275878478396,0.04485224325561734,0.06817995158063583,0.15982041503679736,NaN,0.0,NaN,1.7672133047459002,0.9589152228081358,0.9392547883371125,0.9339294520469585,0.04108477719186417,1.0,0.9819291246186341,0.8261313371895203,-1.846296703280646
intermittent,titantpp,small_lmm,small_lmm,strict,308cec0b9c383d4eab5aac8b9015dae663b0ad73,62,shared,shared,validation_only,coupled,coupled,ce,0.0,mark_residual,global,1.0,coupled,none,0.25,1.0,1.0,,0.0014535461338152059,0.00001,8.0,mean,false,none,62,14,0.9421170654069662,-2.127206525235061,0.09946821427569955,-2.2266747265720848,0.0036463521907086345,0.6442488423240429,1.8092616082449713,0.036313296515153366,0.06360653574803672,0.1528374676258689,NaN,0.0,NaN,1.7672133047459002,0.9604334472967492,0.9387204622890918,0.9358915086683025,0.03956655270325085,1.0,0.9864351091293123,0.7720313031643417,-1.9321774824077969
intermittent,titantpp,small_lmm,small_lmm,strict,308cec0b9c383d4eab5aac8b9015dae663b0ad73,62,shared,shared,validation_only,coupled,coupled,ce,0.0,mark_residual,global,1.0,coupled,none,0.25,1.0,1.0,,0.0014535461338152059,0.00001,8.0,mean,false,none,62,15,0.940516315249816,-2.1976303939257864,0.1008655902290787,-2.2984959757479317,0.003737831129246453,0.7035955110347554,1.9534438575671766,0.039658390889408715,0.05976107163066458,0.16301484961252122,NaN,0.0,NaN,1.7672133047459002,0.9588920438083097,0.944300638696026,0.9350165544841358,0.04110795619169033,1.0,0.9779394508331377,0.8414426675740048,-2.008332120620383
intermittent,titantpp,small_lmm,small_lmm,strict,308cec0b9c383d4eab5aac8b9015dae663b0ad73,62,shared,shared,validation_only,coupled,coupled,ce,0.0,mark_residual,global,1.0,coupled,none,0.25,1.0,1.0,,0.0014535461338152059,0.00001,8.0,mean,false,none,62,16,0.9403106501811997,-2.263467349664578,0.10067723077404725,-2.3641445793447624,0.0037253075206177067,0.747007580867833,2.0225083817183647,0.042105326391067226,0.07442344001652419,0.1597370602171957,NaN,0.0,NaN,1.7672133047459002,0.9587297908095266,0.923601319818973,0.9296218947548088,0.04127020919047343,1.0,0.9916686223891106,0.673018033344675,-2.0793074864327363
intermittent,titantpp,small_lmm,small_lmm,strict,308cec0b9c383d4eab5aac8b9015dae663b0ad73,62,shared,shared,validation_only,coupled,coupled,ce,0.0,mark_residual,global,1.0,coupled,none,0.25,1.0,1.0,,0.0014535461338152059,0.00001,8.0,mean,false,none,62,17,0.9405037924562234,-2.320647902675774,0.1038647302238104,-2.4245126198912685,0.003788391158490077,0.7972448040189144,2.1145852020470652,0.04493696388971185,0.07386786481102738,0.16467114787142823,NaN,0.0,NaN,1.7672133047459002,0.9589731703077012,0.9448978640819597,0.9349605653869576,0.041026829692298775,1.0,0.9776578268012204,0.8308948621980266,-2.1432104564534673
intermittent,titantpp,small_lmm,small_lmm,strict,308cec0b9c383d4eab5aac8b9015dae663b0ad73,62,shared,shared,validation_only,coupled,coupled,ce,0.0,mark_residual,global,1.0,coupled,none,0.25,1.0,1.0,,0.0014535461338152059,0.00001,8.0,mean,false,none,62,18,0.9396219356314943,-2.3774476641484594,0.10199219637422564,-2.4794398620644373,0.0037661458358217792,0.7171731359624169,2.0021711977590053,0.04042369815514024,0.05991477089560432,0.16300171656509083,NaN,0.0,NaN,1.7672133047459002,0.9580112418149157,0.9465221657053429,0.9340039211264121,0.04198875818508432,1.0,0.9742548697488852,0.8329363729159578,-2.201927790909967
intermittent,titantpp,small_lmm,small_lmm,strict,308cec0b9c383d4eab5aac8b9015dae663b0ad73,62,shared,shared,validation_only,coupled,coupled,ce,0.0,mark_residual,global,1.0,coupled,none,0.25,1.0,1.0,,0.0014535461338152059,0.00001,8.0,mean,false,none,62,19,0.942737237467532,-2.435022925744778,0.0955468092645856,-2.5305697263651448,0.003509330231871044,0.7889837760212952,2.2352794715854993,0.04447132834721654,0.05923674295942898,0.15664409305636454,NaN,0.0,NaN,1.7672133047459002,0.9611983542910123,0.9418088471124063,0.9370746604282333,0.038801645708987656,1.0,0.9860126730814363,0.7686287853011229,-2.2558888734084577
intermittent,titantpp,small_lmm,small_lmm,strict,308cec0b9c383d4eab5aac8b9015dae663b0ad73,62,shared,shared,validation_only,coupled,coupled,ce,0.0,mark_residual,global,1.0,coupled,none,0.25,1.0,1.0,,0.0014535461338152059,0.00001,8.0,mean,false,none,62,20,0.9422193231936242,-2.480048605870308,0.09810869539282949,-2.5781573036796437,0.0036010792091358394,0.704244054449028,1.880754432799936,0.03969494625087507,0.06583880199136827,0.15725343959939164,NaN,0.0,NaN,1.7672133047459002,0.9605957002955322,0.9438663367595469,0.9361665262537817,0.03940429970446775,1.0,0.9821168739732458,0.8029942157196325,-2.3068510676081377
intermittent,titantpp,small_lmm,small_lmm,strict,308cec0b9c383d4eab5aac8b9015dae663b0ad73,62,shared,shared,validation_only,coupled,coupled,ce,0.0,mark_residual,global,1.0,coupled,none,0.25,1.0,1.0,,0.0014535461338152059,0.00001,8.0,mean,false,none,62,21,0.9419631391259108,-2.5220096323093215,0.09976357054510405,-2.6217732048134144,0.003636224018857039,0.7286381239008778,2.089183167838884,0.041069925946641,0.0599315854208131,0.15957355028507458,NaN,0.0,NaN,1.7672133047459002,0.9603639102972706,0.9237866052085977,0.9313111062910553,0.039636089702729325,1.0,0.9942032386763671,0.628445049336509,-2.3525204641456257
intermittent,titantpp,small_lmm,small_lmm,strict,308cec0b9c383d4eab5aac8b9015dae663b0ad73,62,shared,shared,validation_only,coupled,coupled,ce,0.0,mark_residual,global,1.0,coupled,none,0.25,1.0,1.0,,0.0014535461338152059,0.00001,8.0,mean,false,none,62,22,0.9415872427088102,-2.5619142697364077,0.10157008919494243,-2.6634843554289254,0.0037026235785122,0.6873125441306338,1.9099080386033263,0.038740596139164696,0.061783161371671745,0.15516620385081173,NaN,0.0,NaN,1.7672133047459002,0.9599466883003999,0.942337019238835,0.9355543857017007,0.040053311699600164,1.0,0.9815066885707581,0.79891119428377,-2.3965525724797936
intermittent,titantpp,small_lmm,small_lmm,strict,308cec0b9c383d4eab5aac8b9015dae663b0ad73,62,shared,shared,validation_only,coupled,coupled,ce,0.0,mark_residual,global,1.0,coupled,none,0.25,1.0,1.0,,0.0014535461338152059,0.00001,8.0,mean,false,none,62,23,0.939360354764496,-2.5944435506912304,0.1063289180046549,-2.700772460346849,0.0038929650446845516,0.8049115042645844,2.0865239786310688,0.045369099954263414,0.06390980503170475,0.1647230983524135,NaN,0.0,NaN,1.7672133047459002,0.9578373993162195,0.9384062523910571,0.9318720764900189,0.04216260068378049,1.0,0.9807791598216381,0.7754338210275604,-2.436664216075049
intermittent,titantpp,small_lmm,small_lmm,strict,308cec0b9c383d4eab5aac8b9015dae663b0ad73,62,shared,shared,validation_only,coupled,coupled,ce,0.0,mark_residual,global,1.0,coupled,none,0.25,1.0,1.0,,0.0014535461338152059,0.00001,8.0,mean,false,none,62,24,0.9412146888862558,-2.63347563554868,0.103610760867233,-2.7370863893324002,0.0037566296861565817,0.7121813692927478,1.9852563171633149,0.040142335595672915,0.06681909488762641,0.16208446367349547,NaN,0.0,NaN,1.7672133047459002,0.9595990033030075,0.9221015689037091,0.9285656137768926,0.04040099669699253,1.0,0.9935461159352265,0.6100714528751275,-2.4753522376865345
intermittent,titantpp,small_lmm,small_lmm,strict,308cec0b9c383d4eab5aac8b9015dae663b0ad73,62,shared,shared,validation_only,coupled,coupled,ce,0.0,mark_residual,global,1.0,coupled,none,0.25,1.0,1.0,,0.0014535461338152059,0.00001,8.0,mean,false,none,62,25,0.9419711647611053,-2.6683422637937686,0.10278043945420277,-2.771122694217213,0.0037118756341690895,0.7785599882718606,2.158315514007346,0.043883788144597355,0.06579801787739868,0.1627253989025222,NaN,0.0,NaN,1.7672133047459002,0.9604218577968361,0.9365076096484136,0.9334615338990491,0.039578142203163934,1.0,0.9859657357427833,0.7356243620279006,-2.5106486937779597
intermittent,titantpp,small_lmm,small_lmm,strict,308cec0b9c383d4eab5aac8b9015dae663b0ad73,62,shared,shared,validation_only,coupled,coupled,ce,0.0,mark_residual,global,1.0,coupled,none,0.25,1.0,1.0,,0.0014535461338152059,0.00001,8.0,mean,false,none,62,26,0.9429658745495616,-2.708424104486189,0.09460798710284148,-2.8030320840811145,0.0035091544211434318,0.826905191992597,2.2580540369094306,0.046608781349806075,0.06474719306730053,0.15460944191117218,NaN,0.0,NaN,1.7672133047459002,0.9614649127890131,0.9383377982309976,0.9364320743606753,0.03853508721098685,1.0,0.9859187984041304,0.7631847567199728,-2.543596089428826
intermittent,titantpp,small_lmm,small_lmm,strict,308cec0b9c383d4eab5aac8b9015dae663b0ad73,62,shared,shared,validation_only,coupled,coupled,ce,0.0,mark_residual,global,1.0,coupled,none,0.25,1.0,1.0,,0.0014535461338152059,0.00001,8.0,mean,false,none,62,27,0.9422793969548895,-2.733837283085221,0.09901955985890663,-2.8328568341344216,0.0036438680170156287,0.7252967925753386,2.0168249576381783,0.040881590714649,0.05767356165799549,0.15527897058541618,NaN,0.0,NaN,1.7672133047459002,0.9606768267949238,0.9413088447189225,0.936521726073852,0.0393231732050762,1.0,0.9827739967143863,0.8023137121469888,-2.5753304467709692
intermittent,titantpp,small_lmm,small_lmm,strict,308cec0b9c383d4eab5aac8b9015dae663b0ad73,62,shared,shared,validation_only,coupled,coupled,ce,0.0,mark_residual,global,1.0,coupled,none,0.25,1.0,1.0,,0.0014535461338152059,0.00001,8.0,mean,false,none,62,28,0.9432898360965164,-2.7646320714606274,0.09686500329230478,-2.8614970713700134,0.0035493734571194137,0.699965143560182,1.8819821844552456,0.0394537640404297,0.07276132410865895,0.155062973630104,NaN,0.0,NaN,1.7672133047459002,0.9616619342875355,0.9328569739763436,0.9355258328845291,0.03833806571246451,1.0,0.9897676601736681,0.7284790745151412,-2.604458466772915
intermittent,titantpp,small_lmm,small_lmm,strict,308cec0b9c383d4eab5aac8b9015dae663b0ad73,62,shared,shared,validation_only,coupled,coupled,ce,0.0,mark_residual,global,1.0,coupled,none,0.25,1.0,1.0,,0.0014535461338152059,0.00001,8.0,mean,false,none,62,29,0.9439513041585749,-2.7925835270286745,0.095854085535627,-2.8884375989606346,0.003500264501602271,0.7570460761126012,2.1255439205364235,0.042671149455761025,0.05925550197210719,0.15535001095438278,NaN,0.0,NaN,1.7672133047459002,0.9623804832821464,0.9388047768495744,0.9379708025477113,0.03761951671785362,1.0,0.9867167331612298,0.7665872745831915,-2.63290404668865
intermittent,titantpp,small_lmm,small_lmm,strict,308cec0b9c383d4eab5aac8b9015dae663b0ad73,62,shared,shared,validation_only,coupled,coupled,ce,0.0,mark_residual,global,1.0,coupled,none,0.25,1.0,1.0,,0.0014535461338152059,0.00001,8.0,mean,false,none,62,30,0.9421401177842502,-2.8134163785714392,0.10057316538644374,-2.913989531563505,0.00369436064355651,0.7139124643445506,1.9347875439815523,0.04023990933392794,0.06542146663618245,0.15949089820778753,NaN,0.0,NaN,1.7672133047459002,0.9605261632960538,0.9262048728392416,0.9319354084521042,0.039473836703946226,1.0,0.992161464444966,0.6570261993875468,-2.659365694684077
intermittent,titantpp,small_lmm,small_lmm,strict,308cec0b9c383d4eab5aac8b9015dae663b0ad73,62,shared,shared,validation_only,coupled,coupled,ce,0.0,mark_residual,global,1.0,coupled,none,0.25,1.0,1.0,,0.0014535461338152059,0.00001,8.0,mean,false,none,62,31,0.9427028201652885,-2.8389111565446608,0.09946539356873695,-2.9383765284802483,0.0036066858648845426,0.6727375793948872,1.8401318012686505,0.03791907348925536,0.05805714357118241,0.15407349624915853,NaN,0.0,NaN,1.7672133047459002,0.9610476907921424,0.940497300827078,0.93547854955996,0.03895230920785768,1.0,0.9842055855432997,0.7635250085062947,-2.6849342976807
intermittent,titantpp,small_lmm,small_lmm,strict,308cec0b9c383d4eab5aac8b9015dae663b0ad73,62,shared,shared,validation_only,coupled,coupled,ce,0.0,mark_residual,global,1.0,coupled,none,0.25,1.0,1.0,,0.0014535461338152059,0.00001,8.0,mean,false,none,62,32,0.9416018846424056,-2.858555252880709,0.1022204055163586,-2.960775645867749,0.003722301374842841,0.707439110274524,1.9204038235979266,0.03987503661650951,0.062357630734925285,0.15979571743373086,NaN,0.0,NaN,1.7672133047459002,0.959981456800139,0.9458811466692263,0.9362776322712497,0.04001854319986092,1.0,0.9776108894625675,0.8251105818305546,-2.708632120230418
intermittent,titantpp,small_lmm,small_lmm,strict,308cec0b9c383d4eab5aac8b9015dae663b0ad73,62,shared,shared,validation_only,coupled,coupled,ce,0.0,mark_residual,global,1.0,coupled,none,0.25,1.0,1.0,,0.0014535461338152059,0.00001,8.0,mean,false,none,62,33,0.9422674068931745,-2.8831278118631576,0.09928534717099957,-2.982413146136195,0.003638917237648506,0.7025183545511775,1.9344927386360118,0.039597676612235504,0.057930206766187674,0.1537672257008112,NaN,0.0,NaN,1.7672133047459002,0.9606420582951846,0.9408214945691245,0.9361755655225381,0.039357941704815436,1.0,0.9845106782445435,0.7757740728138822,-2.731739325160633
intermittent,titantpp,small_lmm,small_lmm,strict,308cec0b9c383d4eab5aac8b9015dae663b0ad73,62,shared,shared,validation_only,coupled,coupled,ce,0.0,mark_residual,global,1.0,coupled,none,0.25,1.0,1.0,,0.0014535461338152059,0.00001,8.0,mean,false,none,62,34,0.9432552449020484,-2.9055557346913203,0.09824783537978748,-3.0038035661394877,0.003626541195202139,0.6997878382889429,1.8677035790865752,0.039443770170879265,0.057883839514120544,0.15116717588952375,NaN,0.0,NaN,1.7672133047459002,0.9616271657877963,0.9330991564391896,0.9353798131154392,0.03837283421220374,1.0,0.9908002816240319,0.7165702619938754,-2.752891679268975
intermittent,titantpp,small_lmm,small_lmm,strict,308cec0b9c383d4eab5aac8b9015dae663b0ad73,62,shared,shared,validation_only,coupled,coupled,ce,0.0,mark_residual,global,1.0,coupled,none,0.25,1.0,1.0,,0.0014535461338152059,0.00001,8.0,mean,false,none,62,35,0.9422991831265479,-2.920498785923135,0.1027003101072396,-3.0231990816198455,0.0037071795999305433,0.6591526212646392,1.8491909526715211,0.037153352885163825,0.05934218986220768,0.15573852102806116,NaN,0.0,NaN,1.7672133047459002,0.9606304687952715,0.9421109281143267,0.9359885424606765,0.03936953120472852,1.0,0.9824923726824689,0.7771350799591698,-2.7745929730109027
intermittent,titantpp,small_lmm,small_lmm,strict,308cec0b9c383d4eab5aac8b9015dae663b0ad73,62,shared,shared,validation_only,coupled,coupled,ce,0.0,mark_residual,global,1.0,coupled,none,0.25,1.0,1.0,,0.0014535461338152059,0.00001,8.0,mean,false,none,62,36,0.9396534600896659,-2.937109622666849,0.10476746918896836,-3.0418770889076208,0.0038353799975243,0.7667751771823317,2.0376263289685985,0.04321953341667984,0.07450189865940367,0.1676515685162472,NaN,0.0,NaN,1.7672133047459002,0.9580923683143072,0.9458395756769519,0.9349196546045059,0.04190763168569276,1.0,0.9756395212391458,0.8400816604287172,-2.7932666614554793
intermittent,titantpp,small_lmm,small_lmm,strict,308cec0b9c383d4eab5aac8b9015dae663b0ad73,62,shared,shared,validation_only,coupled,coupled,ce,0.0,mark_residual,global,1.0,coupled,none,0.25,1.0,1.0,,0.0014535461338152059,0.00001,8.0,mean,false,none,62,37,0.9405145198569055,-2.956402348402706,0.10319495723514967,-3.059597287584499,0.0037331100870389745,0.7633384035105721,2.118002254182674,0.04302581854565597,0.06298699230309703,0.16123265470700454,NaN,0.0,NaN,1.7672133047459002,0.9589499913078751,0.9396519554176178,0.9337586940054504,0.04105000869212493,1.0,0.98202299929594,0.7781558353181354,-2.8128285396393626
intermittent,titantpp,small_lmm,small_lmm,strict,308cec0b9c383d4eab5aac8b9015dae663b0ad73,62,shared,shared,validation_only,coupled,coupled,ce,0.0,mark_residual,global,1.0,coupled,none,0.25,1.0,1.0,,0.0014535461338152059,0.00001,8.0,mean,false,none,62,38,0.9433052461300456,-2.9809946962405087,0.09649065103894135,-3.077485332587382,0.0035515156389232068,0.649786610291649,1.7972822179913786,0.03662543461619268,0.05565074814383467,0.15000206194928456,NaN,0.0,NaN,1.7672133047459002,0.9616271657877963,0.9428561015534164,0.9373777771862668,0.03837283421220374,1.0,0.9848627082844402,0.7921061585573325,-2.8300913855220315
intermittent,titantpp,small_lmm,small_lmm,strict,308cec0b9c383d4eab5aac8b9015dae663b0ad73,62,shared,shared,validation_only,coupled,coupled,ce,0.0,mark_residual,global,1.0,coupled,none,0.25,1.0,1.0,,0.0014535461338152059,0.00001,8.0,mean,false,none,62,39,0.9429878971192917,-2.9961718109037134,0.09761417970517222,-3.0937859681056454,0.0035985847095385028,0.6889876231317166,1.8813974354119196,0.038835012514416845,0.06553805525280644,0.15413017757569958,NaN,0.0,NaN,1.7672133047459002,0.9613490177898824,0.9424012552972114,0.9372659424826225,0.03865098221011763,1.0,0.9848392396151138,0.7801973460360667,-2.8479825002474346
intermittent,titantpp,small_lmm,small_lmm,strict,308cec0b9c383d4eab5aac8b9015dae663b0ad73,62,shared,shared,validation_only,coupled,coupled,ce,0.0,mark_residual,global,1.0,coupled,none,0.25,1.0,1.0,,0.0014535461338152059,0.00001,8.0,mean,false,none,62,40,0.9421583192448811,-3.013985963250986,0.09588121732264825,-3.1098671756586773,0.0035497944354749033,0.7420690033660604,2.0834943471978002,0.04182696185642871,0.06609816112696258,0.1599829689532896,NaN,0.0,NaN,1.7672133047459002,0.9605725212957061,0.9396864538967912,0.9356489507324768,0.03942747870429391,1.0,0.984956582961746,0.7686287853011229,-2.8641306178932537
intermittent,titantpp,small_lmm,small_lmm,strict,308cec0b9c383d4eab5aac8b9015dae663b0ad73,62,shared,shared,validation_only,coupled,coupled,ce,0.0,mark_residual,global,1.0,coupled,none,0.25,1.0,1.0,,0.0014535461338152059,0.00001,8.0,mean,false,none,62,41,0.9425242397794451,-3.0293234041780654,0.09552481723192145,-3.1248482114782252,0.0035642380268132187,0.6890649664551909,1.956066752452046,0.03883937199611751,0.055361849443311656,0.15234142428632888,NaN,0.0,NaN,1.7672133047459002,0.9608854377933592,0.9342679993590605,0.9356091121528585,0.039114562206640786,1.0,0.9895564421497302,0.7243960530792787,-2.87987689823106
intermittent,titantpp,small_lmm,small_lmm,strict,308cec0b9c383d4eab5aac8b9015dae663b0ad73,62,shared,shared,validation_only,coupled,coupled,ce,0.0,mark_residual,global,1.0,coupled,none,0.25,1.0,1.0,,0.0014535461338152059,0.00001,8.0,mean,false,none,62,42,0.9418521328341128,-3.037051743781877,0.10194368202489902,-3.138995407925922,0.0037001248210854526,0.6889809168289343,1.8935533034085787,0.03883463451146914,0.0672430848995186,0.15827734101093768,NaN,0.0,NaN,1.7672133047459002,0.9602132467984007,0.9369008751403274,0.9346013787969285,0.03978675320159935,1.0,0.9858718610654776,0.7526369513439946,-2.894483445679723
intermittent,titantpp,small_lmm,small_lmm,strict,308cec0b9c383d4eab5aac8b9015dae663b0ad73,62,shared,shared,validation_only,coupled,coupled,ce,0.0,mark_residual,global,1.0,coupled,none,0.25,1.0,1.0,,0.0014535461338152059,0.00001,8.0,mean,false,none,62,43,0.9420652292804246,-3.0529802317856127,0.0998495682375654,-3.1528297928757456,0.0036480033555037024,0.6613164691264103,1.8413069933007502,0.03727531887696091,0.05591554383783384,0.15519983808727858,NaN,0.0,NaN,1.7672133047459002,0.9603986787970099,0.9404891508201126,0.9356570697523954,0.03960132120299009,1.0,0.9842994602206054,0.7955086764205512,-2.9093481106937937
intermittent,titantpp,small_lmm,small_lmm,strict,308cec0b9c383d4eab5aac8b9015dae663b0ad73,62,shared,shared,validation_only,coupled,coupled,ce,0.0,mark_residual,global,1.0,coupled,none,0.25,1.0,1.0,,0.0014535461338152059,0.00001,8.0,mean,false,none,62,44,0.9438214942347557,-3.071516923295973,0.09444826016708895,-3.1659651804531257,0.0034769782166713106,0.7477820009747834,2.0933626268366288,0.04214897683344838,0.06036803827105056,0.1538899580590511,NaN,0.0,NaN,1.7672133047459002,0.9622414092831895,0.9375700548037061,0.9375524968405811,0.03775859071681057,1.0,0.9890870687632011,0.7369853691731881,-2.921194229463917
intermittent,titantpp,small_lmm,small_lmm,strict,308cec0b9c383d4eab5aac8b9015dae663b0ad73,62,shared,shared,validation_only,coupled,coupled,ce,0.0,mark_residual,global,1.0,coupled,none,0.25,1.0,1.0,,0.0014535461338152059,0.00001,8.0,mean,false,none,62,45,0.9430625055571161,-3.080757101323891,0.09762364239702566,-3.178380732733329,0.003563255072533846,0.7186846845249606,1.9526866907479328,0.04050889708378821,0.058828451353407904,0.1552724209788236,NaN,0.0,NaN,1.7672133047459002,0.9614533232891,0.940087731986242,0.9370393249842945,0.038546676710899924,1.0,0.9866932644919033,0.7635250085062947,-2.9360510704576273
intermittent,titantpp,small_lmm,small_lmm,strict,308cec0b9c383d4eab5aac8b9015dae663b0ad73,62,shared,shared,validation_only,coupled,coupled,ce,0.0,mark_residual,global,1.0,coupled,none,0.25,1.0,1.0,,0.0014535461338152059,0.00001,8.0,mean,false,none,62,46,0.9417182861513865,-3.092451463787651,0.09838104581334828,-3.1908324842955342,0.0036691458311429318,0.6837536005982935,1.9558051341527416,0.038539995124028434,0.06570565739076978,0.15372059160679122,NaN,0.0,NaN,1.7672133047459002,0.9600741727994437,0.9290011978757415,0.9320755489701749,0.0399258272005563,1.0,0.99028397089885,0.684586594079619,-2.947934310209922
intermittent,titantpp,small_lmm,small_lmm,strict,308cec0b9c383d4eab5aac8b9015dae663b0ad73,62,shared,shared,validation_only,coupled,coupled,ce,0.0,mark_residual,global,1.0,coupled,none,0.25,1.0,1.0,,0.0014535461338152059,0.00001,8.0,mean,false,none,62,47,0.9380748831708593,-3.0943820240033793,0.10816492404970712,-3.202546925679304,0.0039779227674115215,0.7923591076364079,2.1613216451514234,0.04466158001664043,0.06677493570218006,0.16947918584474397,NaN,0.0,NaN,1.7672133047459002,0.9565393753259547,0.9401161978850465,0.9321485774218066,0.043460624674045316,1.0,0.9793945083313776,0.8115005103776795,-2.959864721806679
intermittent,titantpp,small_lmm,small_lmm,strict,308cec0b9c383d4eab5aac8b9015dae663b0ad73,62,shared,shared,validation_only,coupled,coupled,ce,0.0,mark_residual,global,1.0,coupled,none,0.25,1.0,1.0,,0.0014535461338152059,0.00001,8.0,mean,false,none,62,48,0.9431065851045759,-3.1192259475558575,0.09421602648198207,-3.2134419684988424,0.0034994749589339013,0.6977841368913581,1.9473066039922047,0.0393308308868662,0.06321174421032452,0.15637304639962465,NaN,0.0,NaN,1.7672133047459002,0.9614765022889262,0.9437436836036807,0.9379341928807842,0.038523497711073766,1.0,0.9830321520769773,0.8053759782238856,-2.971618015139869
intermittent,titantpp,small_lmm,small_lmm,strict,308cec0b9c383d4eab5aac8b9015dae663b0ad73,62,shared,shared,validation_only,coupled,coupled,ce,0.0,mark_residual,global,1.0,coupled,none,0.25,1.0,1.0,,0.0014535461338152059,0.00001,8.0,mean,false,none,62,49,0.9433491093135132,-3.1272912912257698,0.09695778745105944,-3.2242490656690745,0.003526460454714691,0.7334079258679694,2.1147951736702035,0.04133877739311739,0.05626238814619924,0.1538669833572535,NaN,0.0,NaN,1.7672133047459002,0.9617546502868402,0.9265424706917239,0.9334602194587885,0.038245349713159876,1.0,0.993992020652429,0.6580469547465124,-2.9840433471999646
intermittent,titantpp,small_lmm,small_lmm,strict,308cec0b9c383d4eab5aac8b9015dae663b0ad73,62,shared,shared,validation_only,coupled,coupled,ce,0.0,mark_residual,global,1.0,coupled,none,0.25,1.0,1.0,,0.0014535461338152059,0.00001,8.0,mean,false,none,62,50,0.9436793135829242,-3.1405300694116542,0.09402182443534685,-3.23455187807549,0.0034802441921915777,0.7161201541100647,2.0033417021650557,0.04036434648895547,0.06664770082353393,0.15652500970862215,NaN,0.0,NaN,1.7672133047459002,0.9620675667844932,0.9324222310691445,0.9355307598299757,0.03793243321550675,1.0,0.9912461863412344,0.6896903708744471,-2.9938878590635887
intermittent,titantpp,small_lmm,small_lmm,strict,308cec0b9c383d4eab5aac8b9015dae663b0ad73,62,shared,shared,validation_only,coupled,coupled,ce,0.0,mark_residual,global,1.0,coupled,none,0.25,1.0,1.0,,0.0014535461338152059,0.00001,8.0,mean,false,none,62,51,0.9425579509050785,-3.1466710084613534,0.0974000149297208,-3.2440710076701635,0.003566395102857152,0.7596593400394059,2.096429874774814,0.04281844693091688,0.06401614393040943,0.15420635035092253,NaN,0.0,NaN,1.7672133047459002,0.9609897432925769,0.9387098887266594,0.9361283876741384,0.03901025670742307,1.0,0.9863177657826802,0.7689690370874447,-3.0040643193476844
intermittent,titantpp,small_lmm,small_lmm,strict,308cec0b9c383d4eab5aac8b9015dae663b0ad73,62,shared,shared,validation_only,coupled,coupled,ce,0.0,mark_residual,global,1.0,coupled,none,0.25,1.0,1.0,,0.0014535461338152059,0.00001,8.0,mean,false,none,62,52,0.942953679393469,-3.155988424813657,0.09826916401175363,-3.254257576257127,0.0035951292198869687,0.6420788495629178,1.8038642164574719,0.03619098416409627,0.05834600466347835,0.15178953877553178,NaN,0.0,NaN,1.7672133047459002,0.9612678912904908,0.9409236036915103,0.936838508906766,0.03873210870950918,1.0,0.984956582961746,0.7744130656685948,-3.014133769684557
intermittent,titantpp,small_lmm,small_lmm,strict,308cec0b9c383d4eab5aac8b9015dae663b0ad73,62,shared,shared,validation_only,coupled,coupled,ce,0.0,mark_residual,global,1.0,coupled,none,0.25,1.0,1.0,,0.0014535461338152059,0.00001,8.0,mean,false,none,62,53,0.9418947291515072,-3.1643656158403055,0.0992741931616887,-3.2636397962630426,0.0036140672507368648,0.6811530991736794,1.8744711712774003,0.03839341701147889,0.06387275488398585,0.159944150692634,NaN,0.0,NaN,1.7672133047459002,0.9602480152981399,0.9442374039673764,0.9361555690955927,0.039751984701860116,1.0,0.9808495658296175,0.807417488941817,-3.0233284717883495
intermittent,titantpp,small_lmm,small_lmm,strict,308cec0b9c383d4eab5aac8b9015dae663b0ad73,62,shared,shared,validation_only,coupled,coupled,ce,0.0,mark_residual,global,1.0,coupled,none,0.25,1.0,1.0,,0.0014535461338152059,0.00001,8.0,mean,false,none,62,54,0.9417197682476973,-3.1737824299800104,0.09806848790626327,-3.2718508958084294,0.0036354322047165814,0.7054505041136473,2.013756825137619,0.03976294818044609,0.061311805881713116,0.15756799353390832,NaN,0.0,NaN,1.7672133047459002,0.9600973517992699,0.943986019750449,0.9360866435474006,0.03990264820073014,1.0,0.9810373151842291,0.8111602585913577,-3.0331219599057855
intermittent,titantpp,small_lmm,small_lmm,strict,308cec0b9c383d4eab5aac8b9015dae663b0ad73,62,shared,shared,validation_only,coupled,coupled,ce,0.0,mark_residual,global,1.0,coupled,none,0.25,1.0,1.0,,0.0014535461338152059,0.00001,8.0,mean,false,none,62,55,0.942255832564721,-3.1776094172598692,0.1033000482176877,-3.2809094524234337,0.0037341965023707773,0.6793241832653797,1.8678575584207326,0.03829032956868304,0.06203133506584797,0.15638620372001513,NaN,0.0,NaN,1.7672133047459002,0.9606072897954453,0.9416260785242613,0.9357888253850591,0.039392710204554676,1.0,0.9823280919971837,0.7992514460700919,-3.042182092006247
intermittent,titantpp,small_lmm,small_lmm,strict,308cec0b9c383d4eab5aac8b9015dae663b0ad73,62,shared,shared,validation_only,coupled,coupled,ce,0.0,mark_residual,global,1.0,coupled,none,0.25,1.0,1.0,,0.0014535461338152059,0.00001,8.0,mean,false,none,62,56,0.942746795087066,-3.191600648714547,0.09790354480552128,-3.289504173991923,0.003618240436582588,0.721478656921988,1.9200263208019954,0.040666380250917254,0.06213961146331962,0.15478821213147503,NaN,0.0,NaN,1.7672133047459002,0.961140406791447,0.9404372155057698,0.9369034710533752,0.03885959320855305,1.0,0.9859892044121098,0.7638652602926166,-3.051112054150808
intermittent,titantpp,small_lmm,small_lmm,strict,308cec0b9c383d4eab5aac8b9015dae663b0ad73,62,shared,shared,validation_only,coupled,coupled,ce,0.0,mark_residual,global,1.0,coupled,none,0.25,1.0,1.0,,0.0014535461338152059,0.00001,8.0,mean,false,none,62,57,0.9420807594301888,-3.2000524501089855,0.09726542070716966,-3.2973178399094785,0.003623557390926738,0.7037338189276868,1.9096345300393054,0.03966618665898789,0.07248419548729214,0.16227716934791972,NaN,0.0,NaN,1.7672133047459002,0.9604566262965754,0.9302775838703339,0.9326690137192953,0.0395433737034247,1.0,0.9892748181178127,0.6958149030282409,-3.058983973780906
intermittent,titantpp,small_lmm,small_lmm,strict,308cec0b9c383d4eab5aac8b9015dae663b0ad73,62,shared,shared,validation_only,coupled,coupled,ce,0.0,mark_residual,global,1.0,coupled,none,0.25,1.0,1.0,,0.0014535461338152059,0.00001,8.0,mean,false,none,62,58,0.9416597535558308,-3.2043414583044254,0.10052448529509413,-3.304865922080674,0.003679602006693411,0.742286196154004,2.056316268870542,0.041839203998892016,0.06266473204496735,0.15905072351508523,NaN,0.0,NaN,1.7672133047459002,0.9600741727994437,0.9358927334595479,0.9353088978226319,0.0399258272005563,1.0,0.9877493546115935,0.74276964954066,-3.0668879952015273
intermittent,titantpp,small_lmm,small_lmm,strict,308cec0b9c383d4eab5aac8b9015dae663b0ad73,62,shared,shared,validation_only,coupled,coupled,ce,0.0,mark_residual,global,1.0,coupled,none,0.25,1.0,1.0,,0.0014535461338152059,0.00001,8.0,mean,false,none,62,59,0.9428798770346192,-3.2152296930266577,0.09683979264254185,-3.3120694646057776,0.0035721903660493504,0.7274707083258048,2.038723887669818,0.041004124186282215,0.05849860684236287,0.15833615145254223,NaN,0.0,NaN,1.7672133047459002,0.9612794807904039,0.9268020212766983,0.9325706302224028,0.038720519209596106,1.0,0.9944379253696315,0.6250425314732903,-3.0742639566738985
intermittent,titantpp,small_lmm,small_lmm,strict,308cec0b9c383d4eab5aac8b9015dae663b0ad73,62,shared,shared,validation_only,coupled,coupled,ce,0.0,mark_residual,global,1.0,coupled,none,0.25,1.0,1.0,,0.0014535461338152059,0.00001,8.0,mean,false,none,62,60,0.9438475317537284,-3.22177241013087,0.09796286365065326,-3.3197352474628445,0.003545536352929162,0.6985654821758952,1.916111263366119,0.03937487166914492,0.061195665574083465,0.1546079180697798,NaN,0.0,NaN,1.7672133047459002,0.9622182302833633,0.9430631278021203,0.9381671999862802,0.03778176971663673,1.0,0.9844637409058906,0.776794828172848,-3.0814877665554437
intermittent,titantpp,small_lmm,small_lmm,strict,308cec0b9c383d4eab5aac8b9015dae663b0ad73,62,shared,shared,validation_only,coupled,coupled,ce,0.0,mark_residual,global,1.0,coupled,none,0.25,1.0,1.0,,0.0014535461338152059,0.00001,8.0,mean,false,none,62,61,0.9445949090233842,-3.2327922892886876,0.09351477199740017,-3.3263070579502725,0.0034165601341224383,0.6929162069572291,1.9290486334720778,0.039056448425463026,0.055186557201947636,0.1507363496462243,NaN,0.0,NaN,1.7672133047459002,0.9629599582778003,0.9384084341150662,0.9384155584394951,0.037040041722199685,1.0,0.9891574747711804,0.7356243620279006,-3.088897837463994
intermittent,titantpp,small_lmm,small_lmm,strict,308cec0b9c383d4eab5aac8b9015dae663b0ad73,62,shared,shared,validation_only,coupled,coupled,ce,0.0,mark_residual,global,1.0,coupled,none,0.25,1.0,1.0,,0.0014535461338152059,0.00001,8.0,mean,false,none,62,62,0.9433715479351468,-3.2366059500849067,0.09631582451965398,-3.3329217519393737,0.0035101050826150913,0.6762008044951386,1.9101780973765092,0.038114279303689554,0.05695565275585844,0.15660712761514525,NaN,0.0,NaN,1.7672133047459002,0.9617198817871009,0.9422820718072629,0.9373999649996989,0.03828011821289912,1.0,0.9825862473597747,0.8016332085743451,-3.0950371159533687
intermittent,titantpp,small_lmm,small_lmm,strict,308cec0b9c383d4eab5aac8b9015dae663b0ad73,62,shared,shared,validation_only,coupled,coupled,ce,0.0,mark_residual,global,1.0,coupled,none,0.25,1.0,1.0,,0.0014535461338152059,0.00001,8.0,mean,false,none,62,63,0.9439155083540425,-3.2456444663313992,0.09356488683602864,-3.3392093365995246,0.0034639829739235486,0.6305888818618272,1.774155388174154,0.03554334838011238,0.05510720699073998,0.14876181741873726,NaN,0.0,NaN,1.7672133047459002,0.9622182302833633,0.9391477314964547,0.9371885922726823,0.03778176971663673,1.0,0.9885942267073456,0.7522966995576726,-3.1021353093173323
intermittent,titantpp,small_lmm,small_lmm,strict,308cec0b9c383d4eab5aac8b9015dae663b0ad73,62,shared,shared,validation_only,coupled,coupled,ce,0.0,mark_residual,global,1.0,coupled,none,0.25,1.0,1.0,,0.0014535461338152059,0.00001,8.0,mean,false,none,62,64,0.9445793230836497,-3.253014681793388,0.09268827794013183,-3.345702942897224,0.003402547527014839,0.6737336469524158,1.8897061872797452,0.03797521716261484,0.05814846790340468,0.15134519496491658,NaN,0.0,NaN,1.7672133047459002,0.9629251897780611,0.9395799339020291,0.9385179777617056,0.037074810221938925,1.0,0.9873503872330439,0.7594419870704321,-3.1090299349922508
intermittent,titantpp,small_lmm,small_lmm,strict,308cec0b9c383d4eab5aac8b9015dae663b0ad73,62,shared,shared,validation_only,coupled,coupled,ce,0.0,mark_residual,global,1.0,coupled,none,0.25,1.0,1.0,,0.0014535461338152059,0.00001,8.0,mean,false,none,62,65,0.9436291148849094,-3.2573287608857404,0.09410260490052708,-3.351431358148624,0.003448417889653602,0.7083713525594811,1.9826534772468956,0.03992758275752467,0.05761651512562016,0.1535734420302186,NaN,0.0,NaN,1.7672133047459002,0.9620096192849279,0.940830494105757,0.9375826273165769,0.037990380715072145,1.0,0.9854728936869279,0.7890438924804355,-3.115194561965134
intermittent,titantpp,small_lmm,small_lmm,strict,308cec0b9c383d4eab5aac8b9015dae663b0ad73,62,shared,shared,validation_only,coupled,coupled,ce,0.0,mark_residual,global,1.0,coupled,none,0.25,1.0,1.0,,0.0014535461338152059,0.00001,8.0,mean,false,none,62,66,0.9448454777459713,-3.265100194388679,0.09238423644836234,-3.3574844091552127,0.003394134434814615,0.6857269825447391,1.9077187668758473,0.03865122544227073,0.05483423482434335,0.15261878096269782,NaN,0.0,NaN,1.7672133047459002,0.963203337775975,0.937295953337149,0.9381335196101895,0.036796662224025035,1.0,0.9897207228350152,0.7325620959510037,-3.1210992729245297
intermittent,titantpp,small_lmm,small_lmm,strict,308cec0b9c383d4eab5aac8b9015dae663b0ad73,62,shared,shared,validation_only,coupled,coupled,ce,0.0,mark_residual,global,1.0,coupled,none,0.25,1.0,1.0,,0.0014535461338152059,0.00001,8.0,mean,false,none,62,67,0.9433185382408181,-3.267178600881815,0.09567706399609262,-3.362855656492259,0.003493341197634116,0.7639789985630875,2.0046862820872273,0.043061925895114636,0.06212881430417961,0.1567901686762635,NaN,0.0,NaN,1.7672133047459002,0.9617546502868402,0.9386041052687428,0.9370684270786859,0.038245349713159876,1.0,0.9888758507392631,0.7386866281047976,-3.127464025011298
intermittent,titantpp,small_lmm,small_lmm,strict,308cec0b9c383d4eab5aac8b9015dae663b0ad73,62,shared,shared,validation_only,coupled,coupled,ce,0.0,mark_residual,global,1.0,coupled,none,0.25,1.0,1.0,,0.0014535461338152059,0.00001,8.0,mean,false,none,62,68,0.9426069741247648,-3.2691904252240147,0.09898977361368198,-3.3681801824198887,0.003634540217028899,0.7569941200054748,2.102373976668375,0.042668220932805444,0.05770524759353945,0.15666219447758784,NaN,0.0,NaN,1.7672133047459002,0.9610361012922293,0.9413429029412984,0.9372741070269629,0.03896389870777076,1.0,0.9843933348979113,0.7917659067710106,-3.1323134025609694
intermittent,titantpp,small_lmm,small_lmm,strict,308cec0b9c383d4eab5aac8b9015dae663b0ad73,62,shared,shared,validation_only,coupled,coupled,ce,0.0,mark_residual,global,1.0,coupled,none,0.25,1.0,1.0,,0.0014535461338152059,0.00001,8.0,mean,false,none,62,69,0.9437680411796026,-3.2739646940357874,0.09934672206053505,-3.373311391064388,0.003589160558254375,0.6389820573448327,1.8750648555005824,0.03601643245880258,0.05267227806939707,0.14899921696876123,NaN,0.0,NaN,1.7672133047459002,0.9620791562844063,0.9314096535863544,0.9357814655467744,0.03792084371559367,1.0,0.992372682468904,0.6978564137461721,-3.1376115615408193
intermittent,titantpp,small_lmm,small_lmm,strict,308cec0b9c383d4eab5aac8b9015dae663b0ad73,62,shared,shared,validation_only,coupled,coupled,ce,0.0,mark_residual,global,1.0,coupled,none,0.25,1.0,1.0,,0.0014535461338152059,0.00001,8.0,mean,false,none,62,70,0.9419336204786474,-3.276547445684193,0.10182978998598308,-3.3783772287027802,0.0036750847372172303,0.7233882714251817,1.9436589407789897,0.04077401629638372,0.0660383957855504,0.15480261050460706,NaN,0.0,NaN,1.7672133047459002,0.9603291417975315,0.9341805049314161,0.9342264609038745,0.039670858202468566,1.0,0.9863177657826802,0.7563797209935352,-3.1431033418299474
intermittent,titantpp,small_lmm,small_lmm,strict,308cec0b9c383d4eab5aac8b9015dae663b0ad73,62,shared,shared,validation_only,coupled,coupled,ce,0.0,mark_residual,global,1.0,coupled,none,0.25,1.0,1.0,,0.0014535461338152059,0.00001,8.0,mean,false,none,62,71,0.9436244843572483,-3.288929537562967,0.09428490047470602,-3.3832144164331694,0.0034757665164839237,0.7361808800466604,2.0200107667996843,0.0414950758615019,0.06209164358493716,0.16005085747575531,NaN,0.0,NaN,1.7672133047459002,0.962032798284754,0.933285667560889,0.935296060188482,0.037967201715245986,1.0,0.9912461863412344,0.6988771691051378,-3.1481952363399905
intermittent,titantpp,small_lmm,small_lmm,strict,308cec0b9c383d4eab5aac8b9015dae663b0ad73,62,shared,shared,validation_only,coupled,coupled,ce,0.0,mark_residual,global,1.0,coupled,none,0.25,1.0,1.0,,0.0014535461338152059,0.00001,8.0,mean,false,none,62,72,0.9440509152922658,-3.2924375646462645,0.09546580422004118,-3.3879033507080574,0.003460273323002382,0.6922034421607877,1.9139254080902426,0.03901627320480547,0.05684858769939984,0.1490843468297335,NaN,0.0,NaN,1.7672133047459002,0.9624152517818856,0.9356514595635296,0.9365804914866076,0.03758474821811439,1.0,0.9911757803332552,0.7124872405580129,-3.152942336737257
intermittent,titantpp,small_lmm,small_lmm,strict,308cec0b9c383d4eab5aac8b9015dae663b0ad73,62,shared,shared,validation_only,coupled,coupled,ce,0.0,mark_residual,global,1.0,coupled,none,0.25,1.0,1.0,,0.0014535461338152059,0.00001,8.0,mean,false,none,62,73,0.9439509521607916,-3.295068970805297,0.09732970332867909,-3.392398663797294,0.003540470680778277,0.6762715745042689,1.8753093230406466,0.0381182682783793,0.056230503716860905,0.15156165356190826,NaN,0.0,NaN,1.7672133047459002,0.9622993567827548,0.9343967597650208,0.9361190935997379,0.03770064321724518,1.0,0.9905655949307675,0.7070432119768629,-3.1577836162712236
intermittent,titantpp,small_lmm,small_lmm,strict,308cec0b9c383d4eab5aac8b9015dae663b0ad73,62,shared,shared,validation_only,coupled,coupled,ce,0.0,mark_residual,global,1.0,coupled,none,0.25,1.0,1.0,,0.0014535461338152059,0.00001,8.0,mean,false,none,62,74,0.9437751554668409,-3.301936624516699,0.0950669581673147,-3.397003560934682,0.003476173185820256,0.7245837694110506,1.9922409789706947,0.04084140093100336,0.058881464051213875,0.15261593956487407,NaN,0.0,NaN,1.7672133047459002,0.9621718722837109,0.9398537465469884,0.9378067070925498,0.037828127716289045,1.0,0.9883830086834077,0.7556992174208914,-3.162103374463219
intermittent,titantpp,small_lmm,small_lmm,strict,308cec0b9c383d4eab5aac8b9015dae663b0ad73,62,shared,shared,validation_only,coupled,coupled,ce,0.0,mark_residual,global,1.0,coupled,none,0.25,1.0,1.0,,0.0014535461338152059,0.00001,8.0,mean,false,none,62,75,0.9436185682940443,-3.304141938297457,0.09701984325206778,-3.401161773844335,0.0035359768828422166,0.7073284435114717,1.956262934635355,0.039868798848248115,0.05596912045215492,0.15065804588332943,NaN,0.0,NaN,1.7672133047459002,0.9619980297850148,0.9351635004239921,0.9367416205246324,0.03800197021498522,1.0,0.99028397089885,0.715209254848588,-3.166130512604013
intermittent,titantpp,small_lmm,small_lmm,strict,308cec0b9c383d4eab5aac8b9015dae663b0ad73,62,shared,shared,validation_only,coupled,coupled,ce,0.0,mark_residual,global,1.0,coupled,none,0.25,1.0,1.0,,0.0014535461338152059,0.00001,8.0,mean,false,none,62,76,0.9430952208756586,-3.306703959540903,0.09826313595744555,-3.404967089523313,0.003595045431540701,0.7323273656348499,1.983038422411531,0.04127787126248904,0.062154557507774634,0.15294645745059984,NaN,0.0,NaN,1.7672133047459002,0.9614996812887524,0.9322260659993419,0.9347658602612694,0.03850031871124761,1.0,0.9905890636000939,0.6998979244641035,-3.1702373040203002
intermittent,titantpp,small_lmm,small_lmm,strict,308cec0b9c383d4eab5aac8b9015dae663b0ad73,62,shared,shared,validation_only,coupled,coupled,ce,0.0,mark_residual,global,1.0,coupled,none,0.25,1.0,1.0,,0.0014535461338152059,0.00001,8.0,mean,false,none,62,77,0.9439380702451772,-3.314974776727407,0.0940811249459932,-3.4090558829890303,0.0034456212116354464,0.6659744902924563,1.8618743147630277,0.037537869762060375,0.05612717227987738,0.15328232531683203,NaN,0.0,NaN,1.7672133047459002,0.9622761777829286,0.9358207361882166,0.9361009328587101,0.03772382221707133,1.0,0.9908237502933583,0.7002381762504253,-3.175153589682709
intermittent,titantpp,small_lmm,small_lmm,strict,308cec0b9c383d4eab5aac8b9015dae663b0ad73,62,shared,shared,validation_only,coupled,coupled,ce,0.0,mark_residual,global,1.0,coupled,none,0.25,1.0,1.0,,0.0014535461338152059,0.00001,8.0,mean,false,none,62,78,0.9441499077404817,-3.318221522491114,0.09462564383337853,-3.412847143154318,0.003457077157335087,0.7206954929887637,1.9713124910058009,0.040622236959911004,0.05688559869394426,0.15069029424001396,NaN,0.0,NaN,1.7672133047459002,0.9625427362809295,0.9407979023308788,0.9385019179190588,0.03745726371907052,1.0,0.9866463271532504,0.7713507995916978,-3.179053184890003
intermittent,titantpp,small_lmm,small_lmm,strict,308cec0b9c383d4eab5aac8b9015dae663b0ad73,62,shared,shared,validation_only,coupled,coupled,ce,0.0,mark_residual,global,1.0,coupled,none,0.25,1.0,1.0,,0.0014535461338152059,0.00001,8.0,mean,false,none,62,79,0.9425495141498155,-3.316133179128284,0.10049903083791471,-3.4166322054147042,0.0036547076029484924,0.6753800959978635,1.891539560646672,0.038068019801062364,0.05773444984632992,0.1545077397642298,NaN,0.0,NaN,1.7672133047459002,0.9608970272932723,0.942206935630038,0.9370306613086432,0.039102972706727704,1.0,0.9832433701009152,0.7958489282068731,-3.1826979123414416
intermittent,titantpp,small_lmm,small_lmm,strict,308cec0b9c383d4eab5aac8b9015dae663b0ad73,62,shared,shared,validation_only,coupled,coupled,ce,0.0,mark_residual,global,1.0,coupled,none,0.25,1.0,1.0,,0.0014535461338152059,0.00001,8.0,mean,false,none,62,80,0.9416317102694115,-3.316036826378709,0.1043475257261604,-3.4203843321841405,0.0037936027369778027,0.7239714829208967,1.9703138039600836,0.04080688920291243,0.06548622447949624,0.15953134413620498,NaN,0.0,NaN,1.7672133047459002,0.9600278147997914,0.945203446818839,0.935716819489325,0.039972185200208614,1.0,0.9795118516780098,0.8278325961211296,-3.185976966614841
intermittent,titantpp,small_lmm,small_lmm,strict,308cec0b9c383d4eab5aac8b9015dae663b0ad73,62,shared,shared,validation_only,coupled,coupled,ce,0.0,mark_residual,global,1.0,coupled,none,0.25,1.0,1.0,,0.0014535461338152059,0.00001,8.0,mean,false,none,62,81,0.9407442602691766,-3.3242179978036823,0.09952126636507204,-3.4237392551315793,0.0037149742134351235,0.6726719901964743,1.868026495688904,0.0379153765326546,0.05789169516107219,0.16009763154209142,NaN,0.0,NaN,1.7672133047459002,0.959089065306832,0.9461603535492092,0.9358621311095846,0.04091093469316799,1.0,0.9757099272471251,0.8397414086423953,-3.190244344183
intermittent,titantpp,small_lmm,small_lmm,strict,308cec0b9c383d4eab5aac8b9015dae663b0ad73,62,shared,shared,validation_only,coupled,coupled,ce,0.0,mark_residual,global,1.0,coupled,none,0.25,1.0,1.0,,0.0014535461338152059,0.00001,8.0,mean,false,none,62,82,0.9432055551671275,-3.330491205717132,0.09622972078250952,-3.4267209021815934,0.0035190379335471116,0.6915300736444162,1.9623402797812264,0.03897831856834736,0.05666780219525971,0.15358966467410326,NaN,0.0,NaN,1.7672133047459002,0.9615692182882308,0.9399392009462405,0.9366508844097685,0.038430781711769134,1.0,0.9860830790894156,0.7546784620619258,-3.193420828938949
intermittent,titantpp,small_lmm,small_lmm,strict,308cec0b9c383d4eab5aac8b9015dae663b0ad73,62,shared,shared,validation_only,coupled,coupled,ce,0.0,mark_residual,global,1.0,coupled,none,0.25,1.0,1.0,,0.0014535461338152059,0.00001,8.0,mean,false,none,62,83,0.9432528904444429,-3.331278837979541,0.0989926359086202,-3.4302714627967714,0.003576214535064745,0.6673737961550871,1.8356545342217103,0.037616742094250845,0.0569210789243295,0.15432421963288753,NaN,0.0,NaN,1.7672133047459002,0.961592397288057,0.9461405732593826,0.9378801243993257,0.03840760271194298,1.0,0.9803097864351091,0.8234093228989452,-3.1968039342423875
intermittent,titantpp,small_lmm,small_lmm,strict,308cec0b9c383d4eab5aac8b9015dae663b0ad73,62,shared,shared,validation_only,coupled,coupled,ce,0.0,mark_residual,global,1.0,coupled,none,0.25,1.0,1.0,,0.0014535461338152059,0.00001,8.0,mean,false,none,62,84,0.9423689977014383,-3.3352663899501436,0.0982800871444659,-3.433546467383339,0.0036073098310076585,0.6820540456787877,1.9098078522188813,0.03844419915563652,0.057328999360964264,0.15474672718794327,NaN,0.0,NaN,1.7672133047459002,0.9607231847945761,0.9444111186047771,0.9372619886496294,0.039276815205423886,1.0,0.9816475005867167,0.8312351139843485,-3.2006030278801143
intermittent,titantpp,small_lmm,small_lmm,strict,308cec0b9c383d4eab5aac8b9015dae663b0ad73,62,shared,shared,validation_only,coupled,coupled,ce,0.0,mark_residual,global,1.0,coupled,none,0.25,1.0,1.0,,0.0014535461338152059,0.00001,8.0,mean,false,none,62,85,0.9443145152859833,-3.344082419797817,0.09247191084089348,-3.4365543187973624,0.003416568110059114,0.6951619464441889,1.915613418688219,0.03918303026547313,0.058760552278653407,0.15413746369108947,NaN,0.0,NaN,1.7672133047459002,0.9626818102798864,0.9420730070577421,0.938357885062458,0.037318189720113575,1.0,0.9846280215911758,0.782238856753998,-3.204374901882539
intermittent,titantpp,small_lmm,small_lmm,strict,308cec0b9c383d4eab5aac8b9015dae663b0ad73,62,shared,shared,validation_only,coupled,coupled,ce,0.0,mark_residual,global,1.0,coupled,none,0.25,1.0,1.0,,0.0014535461338152059,0.00001,8.0,mean,false,none,62,86,0.9444628661659272,-3.3453738029388465,0.09445989614648004,-3.439833677183223,0.0034662689646870006,0.6858850654572319,1.8357475567089243,0.03866013583728925,0.05572365556164178,0.15251398716780826,NaN,0.0,NaN,1.7672133047459002,0.9628208842788434,0.9385281954614071,0.9377618402446034,0.03717911572115663,1.0,0.9878432292888993,0.7444709084722695,-3.207433203959496
intermittent,titantpp,small_lmm,small_lmm,strict,308cec0b9c383d4eab5aac8b9015dae663b0ad73,62,shared,shared,validation_only,coupled,coupled,ce,0.0,mark_residual,global,1.0,coupled,none,0.25,1.0,1.0,,0.0014535461338152059,0.00001,8.0,mean,false,none,62,87,0.94317333420225,-3.347193514599601,0.095411088449897,-3.4426045759698085,0.0034815814487288354,0.7237510385218754,1.9853585580446786,0.04079446378232822,0.07666618998774498,0.16059016017594666,NaN,0.0,NaN,1.7672133047459002,0.9615692182882308,0.9409063518389021,0.9372768614145376,0.038430781711769134,1.0,0.9853320816709693,0.7757740728138822,-3.2101329410029638
intermittent,titantpp,small_lmm,small_lmm,strict,308cec0b9c383d4eab5aac8b9015dae663b0ad73,62,shared,shared,validation_only,coupled,coupled,ce,0.0,mark_residual,global,1.0,coupled,none,0.25,1.0,1.0,,0.0014535461338152059,0.00001,8.0,mean,false,none,62,88,0.9439822351096853,-3.3479282685749747,0.0973706432490297,-3.445298876112773,0.003518648544492362,0.7261151250022003,2.0426914971429126,0.040927716289290934,0.059723289815466464,0.154847803305879,NaN,0.0,NaN,1.7672133047459002,0.9623804832821464,0.9320398233516802,0.9362684015826684,0.03761951671785362,1.0,0.9925839004928421,0.7005784280367472,-3.213229547706475
intermittent,titantpp,small_lmm,small_lmm,strict,308cec0b9c383d4eab5aac8b9015dae663b0ad73,62,shared,shared,validation_only,coupled,coupled,ce,0.0,mark_residual,global,1.0,coupled,none,0.25,1.0,1.0,,0.0014535461338152059,0.00001,8.0,mean,false,none,62,89,0.9429951367462346,-3.350192280681093,0.0979689963280027,-3.448161258267563,0.0035742230219621223,0.6817479961888431,1.8768682891146138,0.03842694857612974,0.058693417859269494,0.15088100644430635,NaN,0.0,NaN,1.7672133047459002,0.9613490177898824,0.935929069647736,0.9359456619536045,0.03865098221011763,1.0,0.9883595400140812,0.7478734263354883,-3.215769091337648
intermittent,titantpp,small_lmm,small_lmm,strict,308cec0b9c383d4eab5aac8b9015dae663b0ad73,62,shared,shared,validation_only,coupled,coupled,ce,0.0,mark_residual,global,1.0,coupled,none,0.25,1.0,1.0,,0.0014535461338152059,0.00001,8.0,mean,false,none,62,90,0.9438123496967001,-3.3528802299952667,0.0979272879293796,-3.4508075044102204,0.0035724785710136097,0.6873895395518441,1.8906746895460822,0.03874493601124057,0.06395111165773677,0.1523883802506134,NaN,0.0,NaN,1.7672133047459002,0.9621718722837109,0.9307413115340134,0.9355587314043446,0.037828127716289045,1.0,0.9929828678713917,0.6920721333787002,-3.218543862257884
intermittent,titantpp,small_lmm,small_lmm,strict,308cec0b9c383d4eab5aac8b9015dae663b0ad73,62,shared,shared,validation_only,coupled,coupled,ce,0.0,mark_residual,global,1.0,coupled,none,0.25,1.0,1.0,,0.0014535461338152059,0.00001,8.0,mean,false,none,62,91,0.9421720302985553,-3.3479407161994046,0.10513646021608807,-3.4530771559992526,0.0037442938300092116,0.7051789498656597,1.963671327692802,0.03974764193652401,0.056807202249618605,0.15632719216592647,NaN,0.0,NaN,1.7672133047459002,0.96054934229588,0.944811397399338,0.937268102144575,0.03945065770412007,1.0,0.9807556911523116,0.815923783599864,-3.220648950733661
intermittent,titantpp,small_lmm,small_lmm,strict,308cec0b9c383d4eab5aac8b9015dae663b0ad73,62,shared,shared,validation_only,coupled,coupled,ce,0.0,mark_residual,global,1.0,coupled,none,0.25,1.0,1.0,,0.0014535461338152059,0.00001,8.0,mean,false,none,62,92,0.9421165955325485,-3.3536460227897784,0.10183136010511319,-3.455477367586144,0.0036724091381932678,0.6910767163939939,1.9670235366907145,0.03895276493878632,0.05619558062428787,0.15410900979317527,NaN,0.0,NaN,1.7672133047459002,0.9604798052964014,0.932016633584126,0.9338906828290653,0.03952019470359854,1.0,0.9877024172729406,0.7298400816604287,-3.223586183375593
intermittent,titantpp,small_lmm,small_lmm,strict,308cec0b9c383d4eab5aac8b9015dae663b0ad73,62,shared,shared,validation_only,coupled,coupled,ce,0.0,mark_residual,global,1.0,coupled,none,0.25,1.0,1.0,,0.0014535461338152059,0.00001,8.0,mean,false,none,62,93,0.9421408582080576,-3.3518204891012298,0.10623345227156843,-3.4580539298180515,0.00370445781238335,0.7015825406241032,1.941922839629998,0.039544929154445324,0.06087226574229028,0.15762057916709618,NaN,0.0,NaN,1.7672133047459002,0.9605145737961407,0.9312397454102344,0.9322610229663957,0.0394854262038593,1.0,0.9883360713447548,0.6937733923103097,-3.2262611437215916
intermittent,titantpp,small_lmm,small_lmm,strict,308cec0b9c383d4eab5aac8b9015dae663b0ad73,62,shared,shared,validation_only,coupled,coupled,ce,0.0,mark_residual,global,1.0,coupled,none,0.25,1.0,1.0,,0.0014535461338152059,0.00001,8.0,mean,false,none,62,94,0.9440836813543614,-3.36430705558413,0.09622012869512504,-3.4605271616560658,0.003517952995208376,0.6594373800652725,1.8335691433229222,0.037169403408010546,0.07456501384195077,0.15255397797618478,NaN,0.0,NaN,1.7672133047459002,0.9624152517818856,0.9413944342865168,0.938891413069242,0.03758474821811439,1.0,0.9862708284440272,0.7795168424634229,-3.2289105640586238
intermittent,titantpp,small_lmm,small_lmm,strict,308cec0b9c383d4eab5aac8b9015dae663b0ad73,62,shared,shared,validation_only,coupled,coupled,ce,0.0,mark_residual,global,1.0,coupled,none,0.25,1.0,1.0,,0.0014535461338152059,0.00001,8.0,mean,false,none,62,95,0.943666399255821,-3.3653769943220504,0.09726302276781065,-3.46264000312543,0.0035759832665223723,0.7058554813871103,1.911387823606332,0.03978577485679697,0.05662554548839059,0.15071480312460633,NaN,0.0,NaN,1.7672133047459002,0.962044387784667,0.9367736309510174,0.9368638175015652,0.03795561221533291,1.0,0.9896972541656888,0.7281388227288194,-3.231025158196339
intermittent,titantpp,small_lmm,small_lmm,strict,308cec0b9c383d4eab5aac8b9015dae663b0ad73,62,shared,shared,validation_only,coupled,coupled,ce,0.0,mark_residual,global,1.0,coupled,none,0.25,1.0,1.0,,0.0014535461338152059,0.00001,8.0,mean,false,none,62,96,0.9441968700987678,-3.366371987532884,0.09834005160630353,-3.4647120332803554,0.003543301500826766,0.7085016344419366,2.0044871909737365,0.039934926138400745,0.061578447713618166,0.15284481299230498,NaN,0.0,NaN,1.7672133047459002,0.9625775047806687,0.94034215332679,0.9382609164033422,0.03742249521933129,1.0,0.9885238206993664,0.7648860156515822,-3.233631639083743
intermittent,titantpp,small_lmm,small_lmm,strict,308cec0b9c383d4eab5aac8b9015dae663b0ad73,62,shared,shared,validation_only,coupled,coupled,ce,0.0,mark_residual,global,1.0,coupled,none,0.25,1.0,1.0,,0.0014535461338152059,0.00001,8.0,mean,false,none,62,97,0.9438673774703433,-3.3678452473578715,0.09895429787318144,-3.466799537750207,0.0035527404335352363,0.6903092654740444,1.9394881613451525,0.03890950731690775,0.06481115249505137,0.15411080078516967,NaN,0.0,NaN,1.7672133047459002,0.9622298197832764,0.9434337336412191,0.9382201670080366,0.037770180216723646,1.0,0.9848392396151138,0.7829193603266417,-3.236027905317835
intermittent,titantpp,small_lmm,small_lmm,strict,308cec0b9c383d4eab5aac8b9015dae663b0ad73,62,shared,shared,validation_only,coupled,coupled,ce,0.0,mark_residual,global,1.0,coupled,none,0.25,1.0,1.0,,0.0014535461338152059,0.00001,8.0,mean,false,none,62,98,0.9425105587235509,-3.372388657464167,0.09668820811301848,-3.4690768617063115,0.0035678814208191566,0.7606935219146592,2.0484106989634765,0.04287673893024931,0.066865728804595,0.16194499061734088,NaN,0.0,NaN,1.7672133047459002,0.9609433852929246,0.9408792218604515,0.9360919734212272,0.03905661470707539,1.0,0.9823280919971837,0.782238856753998,-3.2377792580540063
intermittent,titantpp,small_lmm,small_lmm,strict,308cec0b9c383d4eab5aac8b9015dae663b0ad73,62,shared,shared,validation_only,coupled,coupled,ce,0.0,mark_residual,global,1.0,coupled,none,0.25,1.0,1.0,,0.0014535461338152059,0.00001,8.0,mean,false,none,62,99,0.9421387272602039,-3.3730560959701417,0.09789449723634196,-3.4709505630159816,0.0036066382621679793,0.7500714881302564,2.002435214326099,0.0422780245250894,0.05939820197543588,0.15886522780849455,NaN,0.0,NaN,1.7672133047459002,0.960560931795793,0.9406871348182513,0.9356605214899419,0.039439068204206985,1.0,0.9826801220370806,0.7805375978223885,-3.2401343396488187
intermittent,titantpp,small_lmm,small_lmm,strict,308cec0b9c383d4eab5aac8b9015dae663b0ad73,62,shared,shared,validation_only,coupled,coupled,ce,0.0,mark_residual,global,1.0,coupled,none,0.25,1.0,1.0,,0.0014535461338152059,0.00001,8.0,mean,false,none,62,100,0.9450735961952996,-3.380246014431177,0.09241762801509605,-3.4726636221782283,0.0033851364722375585,0.6778090315649294,1.872070566730686,0.0382049275479896,0.06765752573958857,0.1528917443564354,NaN,0.0,NaN,1.7672133047459002,0.9634235382743235,0.9371198173701194,0.9385274204984165,0.03657646172567654,1.0,0.990753344285379,0.7216740387887036,-3.2421043419868956
intermittent,titantpp,small_lmm,small_lmm,strict,308cec0b9c383d4eab5aac8b9015dae663b0ad73,62,shared,shared,validation_only,coupled,coupled,ce,0.0,mark_residual,global,1.0,coupled,none,0.25,1.0,1.0,,0.0014535461338152059,0.00001,8.0,mean,false,none,62,101,0.9443585880762347,-3.377533549635768,0.09692912572569454,-3.4744626736401916,0.003515709781009732,0.6858576559319988,1.9035410035067204,0.038658590890443024,0.05910193233768516,0.1521405036108792,NaN,0.0,NaN,1.7672133047459002,0.9627165787796257,0.9370409639544928,0.9377095633091298,0.03728342122037434,1.0,0.989861534850974,0.7380061245321538,-3.2432252080294806
intermittent,titantpp,small_lmm,small_lmm,strict,308cec0b9c383d4eab5aac8b9015dae663b0ad73,62,shared,shared,validation_only,coupled,coupled,ce,0.0,mark_residual,global,1.0,coupled,none,0.25,1.0,1.0,,0.0014535461338152059,0.00001,8.0,mean,false,none,62,102,0.9437695028477019,-3.378937902769429,0.09738547432175336,-3.476323359663464,0.003519829351341729,0.7186468886370287,2.023889239407118,0.040506766706214586,0.05775488334368836,0.15407865963712786,NaN,0.0,NaN,1.7672133047459002,0.9621602827837978,0.9290650272574492,0.9347795045749224,0.03783971721620212,1.0,0.9926073691621685,0.681524328002722,-3.2456090783576816
intermittent,titantpp,small_lmm,small_lmm,strict,308cec0b9c383d4eab5aac8b9015dae663b0ad73,62,shared,shared,validation_only,coupled,coupled,ce,0.0,mark_residual,global,1.0,coupled,none,0.25,1.0,1.0,,0.0014535461338152059,0.00001,8.0,mean,false,none,62,103,0.9418281407806491,-3.376958843752221,0.10113432766773493,-3.47809315548992,0.003667124967317714,0.6897939704664683,1.8556229307636118,0.03888046254542569,0.05900696031034715,0.1579351422365236,NaN,0.0,NaN,1.7672133047459002,0.9601900677985745,0.9462722462399632,0.936500033433131,0.03980993220142551,1.0,0.9790424782914808,0.8261313371895203,-3.2465842331339387
intermittent,titantpp,small_lmm,small_lmm,strict,308cec0b9c383d4eab5aac8b9015dae663b0ad73,62,shared,shared,validation_only,coupled,coupled,ce,0.0,mark_residual,global,1.0,coupled,none,0.25,1.0,1.0,,0.0014535461338152059,0.00001,8.0,mean,false,none,62,104,0.9420644540711862,-3.376885138195166,0.10283278943095982,-3.479717916866757,0.0037279365282911797,0.6620916783647327,1.8571155695399342,0.03731901379898969,0.057622004689571786,0.15783523075429068,NaN,0.0,NaN,1.7672133047459002,0.9603986787970099,0.9446851752226496,0.9365797591845906,0.03960132120299009,1.0,0.9795118516780098,0.8172847907451514,-3.2492942421737045
intermittent,titantpp,small_lmm,small_lmm,strict,308cec0b9c383d4eab5aac8b9015dae663b0ad73,62,shared,shared,validation_only,coupled,coupled,ce,0.0,mark_residual,global,1.0,coupled,none,0.25,1.0,1.0,,0.0014535461338152059,0.00001,8.0,mean,false,none,62,105,0.9436185781179495,-3.385919064956544,0.09505515144714259,-3.4809741964813816,0.003474767457112003,0.7073186196063439,1.961159260957776,0.039868245120625485,0.06107099299539439,0.15423354248791393,NaN,0.0,NaN,1.7672133047459002,0.9619980297850148,0.9375603018328685,0.9367390895066856,0.03800197021498522,1.0,0.9880779159821638,0.7356243620279006,-3.250454938613237
intermittent,titantpp,small_lmm,small_lmm,strict,308cec0b9c383d4eab5aac8b9015dae663b0ad73,62,shared,shared,validation_only,coupled,coupled,ce,0.0,mark_residual,global,1.0,coupled,none,0.25,1.0,1.0,,0.0014535461338152059,0.00001,8.0,mean,false,none,62,106,0.9438608699579052,-3.3905613719018177,0.09252178833171826,-3.48308313558419,0.0034245905751796946,0.6968167779121945,1.9694922122925915,0.039276305381907205,0.06248451247996967,0.15448973648536055,NaN,0.0,NaN,1.7672133047459002,0.9622298197832764,0.9428839604385478,0.938701785079836,0.037770180216723646,1.0,0.9846749589298287,0.7951684246342293,-3.2521432055298467
intermittent,titantpp,small_lmm,small_lmm,strict,308cec0b9c383d4eab5aac8b9015dae663b0ad73,62,shared,shared,validation_only,coupled,coupled,ce,0.0,mark_residual,global,1.0,coupled,none,0.25,1.0,1.0,,0.0014535461338152059,0.00001,8.0,mean,false,none,62,107,0.9439114069788649,-3.3880876039680854,0.09637880289592848,-3.4844663914989233,0.0034941467827931914,0.6810482566917717,1.914384616193808,0.03838750753072738,0.05611143622536811,0.15018810861351406,NaN,0.0,NaN,1.7672133047459002,0.9622645882830156,0.936239901077779,0.937315248728009,0.03773541171698441,1.0,0.9895799108190566,0.7363048656005444,-3.2543481725555092
intermittent,titantpp,small_lmm,small_lmm,strict,308cec0b9c383d4eab5aac8b9015dae663b0ad73,62,shared,shared,validation_only,coupled,coupled,ce,0.0,mark_residual,global,1.0,coupled,none,0.25,1.0,1.0,,0.0014535461338152059,0.00001,8.0,mean,false,none,62,108,0.9435417163250489,-3.386333837120656,0.09967935015067235,-3.486013175441346,0.0036407523846406554,0.7262329129415073,2.0156003172643637,0.04093435544497887,0.05699484020725437,0.14886559457144866,NaN,0.0,NaN,1.7672133047459002,0.9619400822854494,0.9401328862546026,0.9369014342689082,0.03805991771455062,1.0,0.9861065477587421,0.7727118067369854,-3.255385454438908
intermittent,titantpp,small_lmm,small_lmm,strict,308cec0b9c383d4eab5aac8b9015dae663b0ad73,62,shared,shared,validation_only,coupled,coupled,ce,0.0,mark_residual,global,1.0,coupled,none,0.25,1.0,1.0,,0.0014535461338152059,0.00001,8.0,mean,false,none,62,109,0.9433788824483239,-3.3887763938587705,0.09863117193719972,-3.4874075519159233,0.0035993089676647477,0.6920452911441942,1.845522754854722,0.039007358971077065,0.0697783557414152,0.15371207860727826,NaN,0.0,NaN,1.7672133047459002,0.9617430607869271,0.9370724310288127,0.9363575232483102,0.03825693921307296,1.0,0.9885707580380192,0.7482136781218102,-3.2569832861501
intermittent,titantpp,small_lmm,small_lmm,strict,308cec0b9c383d4eab5aac8b9015dae663b0ad73,62,shared,shared,validation_only,coupled,coupled,ce,0.0,mark_residual,global,1.0,coupled,none,0.25,1.0,1.0,,0.0014535461338152059,0.00001,8.0,mean,false,none,62,110,0.9416074923526843,-3.388866513998254,0.09972291578451666,-3.488589420065499,0.003652999042456777,0.7713683994743276,2.1009135485252215,0.04347843189206951,0.06321144941653466,0.16047969685357852,NaN,0.0,NaN,1.7672133047459002,0.9600509937996176,0.9380128169379698,0.935196818005924,0.039949006200382456,1.0,0.9863177657826802,0.748553929908132,-3.2589192162564578
intermittent,titantpp,small_lmm,small_lmm,strict,308cec0b9c383d4eab5aac8b9015dae663b0ad73,62,shared,shared,validation_only,coupled,coupled,ce,0.0,mark_residual,global,1.0,coupled,none,0.25,1.0,1.0,,0.0014535461338152059,0.00001,8.0,mean,false,none,62,111,0.9417414261091389,-3.3939995904893636,0.09600662740260775,-3.490006201768893,0.0035859456643079794,0.7069716424981254,2.0292589373116194,0.03984868764254099,0.058603673205906474,0.15721355988745087,NaN,0.0,NaN,1.7672133047459002,0.960120530799096,0.9433024406531886,0.9367926626308475,0.03987946920090398,1.0,0.9814597512321052,0.8080979925144607,-3.259400825041633
intermittent,titantpp,small_lmm,small_lmm,strict,308cec0b9c383d4eab5aac8b9015dae663b0ad73,62,shared,shared,validation_only,coupled,coupled,ce,0.0,mark_residual,global,1.0,coupled,none,0.25,1.0,1.0,,0.0014535461338152059,0.00001,8.0,mean,false,none,62,112,0.9426330042259037,-3.389405116801702,0.10179741756642244,-3.4912025295597324,0.003699016270951704,0.6730165193011409,1.9152139318323025,0.03793479602821897,0.054904735026868254,0.15165220562574272,NaN,0.0,NaN,1.7672133047459002,0.9609781537926638,0.9382403141246939,0.9357396561633355,0.039021846207336154,1.0,0.9853790190096221,0.7941476692752637,-3.260981288548409
intermittent,titantpp,small_lmm,small_lmm,strict,308cec0b9c383d4eab5aac8b9015dae663b0ad73,62,shared,shared,validation_only,coupled,coupled,ce,0.0,mark_residual,global,1.0,coupled,none,0.25,1.0,1.0,,0.0014535461338152059,0.00001,8.0,mean,false,none,62,113,0.9427415791656588,-3.3944294773165247,0.0983420489687608,-3.4927715146113996,0.0035914860407221367,0.7382840782422943,2.04038570880165,0.04161362331504901,0.06033814189372848,0.15661303952255207,NaN,0.0,NaN,1.7672133047459002,0.9611519962913601,0.9390752647282888,0.9364841523541738,0.03884800370863997,1.0,0.9851678009856841,0.7631847567199728,-3.262943252940482
intermittent,titantpp,small_lmm,small_lmm,strict,308cec0b9c383d4eab5aac8b9015dae663b0ad73,62,shared,shared,validation_only,coupled,coupled,ce,0.0,mark_residual,global,1.0,coupled,none,0.25,1.0,1.0,,0.0014535461338152059,0.00001,8.0,mean,false,none,62,114,0.9420582732524809,-3.3931894178468425,0.10101279816584582,-3.4942021857740952,0.003688473314743308,0.6682724970699689,1.8800958302462525,0.03766739766498159,0.05796086608158131,0.15186887225818207,NaN,0.0,NaN,1.7672133047459002,0.9603986787970099,0.9283347603616406,0.932312432209414,0.03960132120299009,1.0,0.9926777751701479,0.6631507315413406,-3.263607978123217
intermittent,titantpp,small_lmm,small_lmm,strict,308cec0b9c383d4eab5aac8b9015dae663b0ad73,62,shared,shared,validation_only,coupled,coupled,ce,0.0,mark_residual,global,1.0,coupled,none,0.25,1.0,1.0,,0.0014535461338152059,0.00001,8.0,mean,false,none,62,115,0.9438884362849838,-3.4014172864097043,0.09373446934814757,-3.4951517230549642,0.0034553437713952923,0.7271979503990249,1.992121510471507,0.040988750096611695,0.05863016625023209,0.1549118449251417,NaN,0.0,NaN,1.7672133047459002,0.9622877672828417,0.9362101981843615,0.9367828456681908,0.037712232717158255,1.0,0.9892748181178127,0.7339231030962913,-3.2657832917993495
intermittent,titantpp,small_lmm,small_lmm,strict,308cec0b9c383d4eab5aac8b9015dae663b0ad73,62,shared,shared,validation_only,coupled,coupled,ce,0.0,mark_residual,global,1.0,coupled,none,0.25,1.0,1.0,,0.0014535461338152059,0.00001,8.0,mean,false,none,62,116,0.9438593232740166,-3.4017951505101416,0.09431732149803657,-3.4961124677249686,0.003474425835930451,0.7099529617139582,1.9609689763678178,0.040016730674330266,0.06660408281524247,0.1537494292689957,NaN,0.0,NaN,1.7672133047459002,0.9622414092831895,0.9418092284938678,0.9384586469531754,0.03775859071681057,1.0,0.9864585777986388,0.7730520585233073,-3.2664701478999056
intermittent,titantpp,small_lmm,small_lmm,strict,308cec0b9c383d4eab5aac8b9015dae663b0ad73,62,shared,shared,validation_only,coupled,coupled,ce,0.0,mark_residual,global,1.0,coupled,none,0.25,1.0,1.0,,0.0014535461338152059,0.00001,8.0,mean,false,none,62,117,0.9422225179447127,-3.4001052158804668,0.09727922562509667,-3.4973844170204256,0.0035726042914804774,0.7126388032736035,2.007860150639157,0.04016811901147697,0.06357776984531827,0.15724466902484607,NaN,0.0,NaN,1.7672133047459002,0.9606072897954453,0.9334653833828305,0.934670228388482,0.039392710204554676,1.0,0.9869983571931471,0.7274583191561755,-3.267791479554691
intermittent,titantpp,small_lmm,small_lmm,strict,308cec0b9c383d4eab5aac8b9015dae663b0ad73,62,shared,shared,validation_only,coupled,coupled,ce,0.0,mark_residual,global,1.0,coupled,none,0.25,1.0,1.0,,0.0014535461338152059,0.00001,8.0,mean,false,none,62,118,0.9428685722903904,-3.3984177545592913,0.10019061326214895,-3.498608344279719,0.0036277484355738024,0.7735439522936314,2.1138331137095747,0.043601057637622696,0.05961926697703773,0.15601242224275716,NaN,0.0,NaN,1.7672133047459002,0.9613142492901431,0.9247330868959855,0.9328482026113724,0.03868575070985687,1.0,0.9943440506923258,0.6444368832936372,-3.268975706419802
intermittent,titantpp,small_lmm,small_lmm,strict,308cec0b9c383d4eab5aac8b9015dae663b0ad73,62,shared,shared,validation_only,coupled,coupled,ce,0.0,mark_residual,global,1.0,coupled,none,0.25,1.0,1.0,,0.0014535461338152059,0.00001,8.0,mean,false,none,62,119,0.9437636934865383,-3.4031121150017505,0.0962520639009991,-3.4993641675772365,0.0035033193567681337,0.7012772499744756,1.989844774673028,0.03952772134722096,0.05586036065365726,0.15309035007200278,NaN,0.0,NaN,1.7672133047459002,0.9621371037839718,0.9433682705882848,0.937923980026029,0.03786289621602828,1.0,0.9844872095752171,0.7798570942497448,-3.270019717427317
intermittent,titantpp,small_lmm,small_lmm,strict,308cec0b9c383d4eab5aac8b9015dae663b0ad73,62,shared,shared,validation_only,coupled,coupled,ce,0.0,mark_residual,global,1.0,coupled,none,0.25,1.0,1.0,,0.0014535461338152059,0.00001,8.0,mean,false,none,62,120,0.9437199484272919,-3.4058719763441077,0.09481298851786477,-3.500684950037683,0.003477038263356611,0.721843309394729,2.0048882711421037,0.04068693400669873,0.05808151600403285,0.15373732388767447,NaN,0.0,NaN,1.7672133047459002,0.9621139247841456,0.9362850514716291,0.9367669298036654,0.03788607521585444,1.0,0.9888758507392631,0.7397073834637632,-3.2710208358783253
intermittent,titantpp,small_lmm,small_lmm,strict,308cec0b9c383d4eab5aac8b9015dae663b0ad73,62,shared,shared,validation_only,coupled,coupled,ce,0.0,mark_residual,global,1.0,coupled,none,0.25,1.0,1.0,,0.0014535461338152059,0.00001,8.0,mean,false,none,62,121,0.9428902278787796,-3.402248806679049,0.0993924096763564,-3.5016412032371034,0.0035732189153826026,0.7518883639044562,2.0900695985817284,0.04238043332179242,0.061597201682853,0.1563956972813222,NaN,0.0,NaN,1.7672133047459002,0.9613142492901431,0.936183081811797,0.9360634676673045,0.03868575070985687,1.0,0.9870218258624736,0.7522966995576726,-3.2721718152880825
intermittent,titantpp,small_lmm,small_lmm,strict,308cec0b9c383d4eab5aac8b9015dae663b0ad73,62,shared,shared,validation_only,coupled,coupled,ce,0.0,mark_residual,global,1.0,coupled,none,0.25,1.0,1.0,,0.0014535461338152059,0.00001,8.0,mean,false,none,62,122,0.9418931006213512,-3.399086106894929,0.10387029459054209,-3.5029563814061415,0.00373666511425769,0.7175501290689568,2.044657909341792,0.04044494749477827,0.0592014292531683,0.15621017355016686,NaN,0.0,NaN,1.7672133047459002,0.9602827837978791,0.9368469219535088,0.9344218909563042,0.039717216202120875,1.0,0.9844637409058906,0.7693092888737666,-3.27385750354809
intermittent,titantpp,small_lmm,small_lmm,strict,308cec0b9c383d4eab5aac8b9015dae663b0ad73,62,shared,shared,validation_only,coupled,coupled,ce,0.0,mark_residual,global,1.0,coupled,none,0.25,1.0,1.0,,0.0014535461338152059,0.00001,8.0,mean,false,none,62,123,0.9437766085097266,-3.4047889657304347,0.09887911333004863,-3.5036680613372586,0.0035739629709318093,0.6651832269601269,1.8900255041186493,0.03749326994577698,0.056150803241584946,0.1490371402045532,NaN,0.0,NaN,1.7672133047459002,0.9621139247841456,0.9323639684427201,0.9354509037186121,0.03788607521585444,1.0,0.9926073691621685,0.6784620619258251,-3.274003950765136
intermittent,titantpp,small_lmm,small_lmm,strict,308cec0b9c383d4eab5aac8b9015dae663b0ad73,62,shared,shared,validation_only,coupled,coupled,ce,0.0,mark_residual,global,1.0,coupled,none,0.25,1.0,1.0,,0.0014535461338152059,0.00001,8.0,mean,false,none,62,124,0.9453627253047864,-3.4073596586293844,0.09707252097526507,-3.5044321550363846,0.003464244520111565,0.7131859196443343,2.0094691315704596,0.04019895740449134,0.05695990254319874,0.15243378429772256,NaN,0.0,NaN,1.7672133047459002,0.9637480442718896,0.9351230234820951,0.9384702633576509,0.03625195572811033,1.0,0.9916216850504577,0.7169105137801973,-3.275270421111227
intermittent,titantpp,small_lmm,small_lmm,strict,308cec0b9c383d4eab5aac8b9015dae663b0ad73,62,shared,shared,validation_only,coupled,coupled,ce,0.0,mark_residual,global,1.0,coupled,none,0.25,1.0,1.0,,0.0014535461338152059,0.00001,8.0,mean,false,none,62,125,0.9438834028670346,-3.4082199349563367,0.09712934405330007,-3.505349265644184,0.003504251573490745,0.685873368695899,1.9419376806925652,0.03865947654551463,0.06092770439645759,0.15283167132297243,NaN,0.0,NaN,1.7672133047459002,0.9622414092831895,0.9401844185377934,0.9373874632366294,0.03775859071681057,1.0,0.9858014550574983,0.7614834977883634,-3.2762348926268876
intermittent,titantpp,small_lmm,small_lmm,strict,308cec0b9c383d4eab5aac8b9015dae663b0ad73,62,shared,shared,validation_only,coupled,coupled,ce,0.0,mark_residual,global,1.0,coupled,none,0.25,1.0,1.0,,0.0014535461338152059,0.00001,8.0,mean,false,none,62,126,0.9419876862881199,-3.407099018758975,0.09908119460886566,-3.5061801896032,0.0036405175468991508,0.7156804616049086,1.930673706273436,0.04033956307722651,0.05866461775425433,0.16017968024746868,NaN,0.0,NaN,1.7672133047459002,0.9603754997971837,0.9457778281831045,0.9363232249843763,0.03962450020281625,1.0,0.9781272001877493,0.8359986389928548,-3.277172728539753
intermittent,titantpp,small_lmm,small_lmm,strict,308cec0b9c383d4eab5aac8b9015dae663b0ad73,62,shared,shared,validation_only,coupled,coupled,ce,0.0,mark_residual,global,1.0,coupled,none,0.25,1.0,1.0,,0.0014535461338152059,0.00001,8.0,mean,false,none,62,127,0.943164791215358,-3.410557585552282,0.0963571344004633,-3.5069147099706424,0.0035123927979821648,0.6743465258485646,1.881370638137047,0.038009762281863244,0.05837635148571134,0.15712636385423376,NaN,0.0,NaN,1.7672133047459002,0.9615112707886655,0.9457659726096787,0.9380052813995238,0.03848872921133453,1.0,0.9811077211922083,0.8084382443007826,-3.2778390922689002
intermittent,titantpp,small_lmm,small_lmm,strict,308cec0b9c383d4eab5aac8b9015dae663b0ad73,62,shared,shared,validation_only,coupled,coupled,ce,0.0,mark_residual,global,1.0,coupled,none,0.25,1.0,1.0,,0.0014535461338152059,0.00001,8.0,mean,false,none,62,128,0.9416390701362694,-3.4066955554911535,0.10103020399315402,-3.507725751569237,0.0036377634672366916,0.728201115976212,2.053348696256797,0.041045293852168596,0.05870003759940433,0.15782043992894715,NaN,0.0,NaN,1.7672133047459002,0.9600394042997045,0.9408962417123701,0.935496541653924,0.03996059570029553,1.0,0.9859422670734569,0.7608029942157196,-3.278958048172518
intermittent,titantpp,small_lmm,small_lmm,strict,308cec0b9c383d4eab5aac8b9015dae663b0ad73,62,shared,shared,validation_only,coupled,coupled,ce,0.0,mark_residual,global,1.0,coupled,none,0.25,1.0,1.0,,0.0014535461338152059,0.00001,8.0,mean,false,none,62,129,0.9421455401795636,-3.41084996174984,0.09744595722557357,-3.508295899180235,0.0036303774244584295,0.7084900690311835,1.9449076798631275,0.039934274250244484,0.061428100590137494,0.16034712940315693,NaN,0.0,NaN,1.7672133047459002,0.9605261632960538,0.9436943859449103,0.936416108089752,0.039473836703946226,1.0,0.9793241023233983,0.8125212657366451,-3.2798786050941606
intermittent,titantpp,small_lmm,small_lmm,strict,308cec0b9c383d4eab5aac8b9015dae663b0ad73,62,shared,shared,validation_only,coupled,coupled,ce,0.0,mark_residual,global,1.0,coupled,none,0.25,1.0,1.0,,0.0014535461338152059,0.00001,8.0,mean,false,none,62,130,0.9442079262258696,-3.4124068090922175,0.09677687916749693,-3.509183670771649,0.0034951284216771295,0.7438035069925591,2.027430205022355,0.04192472772011027,0.06247761826902868,0.15681817538074194,NaN,0.0,NaN,1.7672133047459002,0.9626238627803211,0.9398689493227409,0.9378798425961526,0.03737613721967897,1.0,0.9874207932410233,0.7601224906430759,-3.280583184779233
intermittent,titantpp,small_lmm,small_lmm,strict,308cec0b9c383d4eab5aac8b9015dae663b0ad73,62,shared,shared,validation_only,coupled,coupled,ce,0.0,mark_residual,global,1.0,coupled,none,0.25,1.0,1.0,,0.0014535461338152059,0.00001,8.0,mean,false,none,62,131,0.9421518354398956,-3.4110676506534543,0.09890919182037913,-3.509976828586684,0.003626168096624518,0.6906053087861511,1.964055951103809,0.03892619389493106,0.05662268321097032,0.15590788282802698,NaN,0.0,NaN,1.7672133047459002,0.9605145737961407,0.9416375167500115,0.9359129018485438,0.0394854262038593,1.0,0.9820699366345929,0.7832596121129636,-3.2812123314921973
intermittent,titantpp,small_lmm,small_lmm,strict,308cec0b9c383d4eab5aac8b9015dae663b0ad73,62,shared,shared,validation_only,coupled,coupled,ce,0.0,mark_residual,global,1.0,coupled,none,0.25,1.0,1.0,,0.0014535461338152059,0.00001,8.0,mean,false,none,62,132,0.94076013915075,-3.4121335015178396,0.09889706407162635,-3.5110305516007063,0.0036888527772217464,0.726330108101553,1.9694657803988391,0.040939833881934756,0.061133089099814845,0.16493346044180754,NaN,0.0,NaN,1.7672133047459002,0.9591586023063104,0.9461582080075418,0.9352557309980685,0.04084139769368952,1.0,0.9758507392630837,0.8451854372235454,-3.282621765245232
intermittent,titantpp,small_lmm,small_lmm,strict,308cec0b9c383d4eab5aac8b9015dae663b0ad73,62,shared,shared,validation_only,coupled,coupled,ce,0.0,mark_residual,global,1.0,coupled,none,0.25,1.0,1.0,,0.0014535461338152059,0.00001,8.0,mean,false,none,62,133,0.9431070600032143,-3.4160370172793617,0.09588805668456668,-3.5119250449906594,0.0035454067643627793,0.6973092382529067,1.9605854569439563,0.03930406306992994,0.06298599421387373,0.15865835411231888,NaN,0.0,NaN,1.7672133047459002,0.9614765022889262,0.9431785716415431,0.9370873685374416,0.038523497711073766,1.0,0.9817413752640225,0.7965294317795168,-3.283568376217459
intermittent,titantpp,small_lmm,small_lmm,strict,308cec0b9c383d4eab5aac8b9015dae663b0ad73,62,shared,shared,validation_only,coupled,coupled,ce,0.0,mark_residual,global,1.0,coupled,none,0.25,1.0,1.0,,0.0014535461338152059,0.00001,8.0,mean,false,none,62,134,0.9446684550756678,-3.4175642149386363,0.09487206633703822,-3.51243626813993,0.003443448788789532,0.7004966540650779,2.0402861544051802,0.03948372280371684,0.05547305016512942,0.1503250070072228,NaN,0.0,NaN,1.7672133047459002,0.9630410847771919,0.9420450727177587,0.9387802429988304,0.036958915222808135,1.0,0.9883595400140812,0.7553589656345696,-3.28433114336743
intermittent,titantpp,small_lmm,small_lmm,strict,308cec0b9c383d4eab5aac8b9015dae663b0ad73,62,shared,shared,validation_only,coupled,coupled,ce,0.0,mark_residual,global,1.0,coupled,none,0.25,1.0,1.0,,0.0014535461338152059,0.00001,8.0,mean,false,none,62,135,0.9434337744432867,-3.4144452431196823,0.09865491013194008,-3.5131001252470972,0.003603891977930598,0.7182797955728913,1.9405235356826478,0.04048607538570154,0.05925427306573623,0.15432638424889353,NaN,0.0,NaN,1.7672133047459002,0.9618241872863186,0.941238006853761,0.937050682525704,0.0381758127136814,1.0,0.9856371743722131,0.7880231371214699,-3.28372521929065
intermittent,titantpp,small_lmm,small_lmm,strict,308cec0b9c383d4eab5aac8b9015dae663b0ad73,62,shared,shared,validation_only,coupled,coupled,ce,0.0,mark_residual,global,1.0,coupled,none,0.25,1.0,1.0,,0.0014535461338152059,0.00001,8.0,mean,false,none,62,136,0.9435637144586776,-3.416984297617594,0.09680481258707016,-3.5137890895921537,0.003505476411567255,0.7390032790520518,2.0122707506936495,0.04165416130370018,0.06669792552297442,0.15632745817011293,NaN,0.0,NaN,1.7672133047459002,0.9619748507851886,0.9370440805456316,0.9364566391423796,0.03802514921481138,1.0,0.9897676601736681,0.7148690030622661,-3.2851824142687964
intermittent,titantpp,small_lmm,small_lmm,strict,308cec0b9c383d4eab5aac8b9015dae663b0ad73,62,shared,shared,validation_only,coupled,coupled,ce,0.0,mark_residual,global,1.0,coupled,none,0.25,1.0,1.0,,0.0014535461338152059,0.00001,8.0,mean,false,none,62,137,0.94031780705329,-3.4123153663534014,0.1020798475642016,-3.514395201374069,0.00376467253272244,0.7166717089513587,1.971459965401022,0.04039543505781347,0.06136617055944781,0.1580217328753396,NaN,0.0,NaN,1.7672133047459002,0.9587066118097004,0.943278889825548,0.9350073523074514,0.04129338819029959,1.0,0.9792771649847454,0.8319156175569922,-3.2860837716740035
intermittent,titantpp,small_lmm,small_lmm,strict,308cec0b9c383d4eab5aac8b9015dae663b0ad73,62,shared,shared,validation_only,coupled,coupled,ce,0.0,mark_residual,global,1.0,coupled,none,0.25,1.0,1.0,,0.0014535461338152059,0.00001,8.0,mean,false,none,62,138,0.942938672544183,-3.4185086993648355,0.09652196938523205,-3.5150306446565955,0.0035474836278829537,0.7266226983273465,2.0674877388552706,0.040956325825619665,0.06006356100636244,0.1547657368155355,NaN,0.0,NaN,1.7672133047459002,0.9613374282899693,0.9348613713548831,0.9354182549515697,0.038662571710030715,1.0,0.9888993194085895,0.7114664851990473,-3.286817748695418
intermittent,titantpp,small_lmm,small_lmm,strict,308cec0b9c383d4eab5aac8b9015dae663b0ad73,62,shared,shared,validation_only,coupled,coupled,ce,0.0,mark_residual,global,1.0,coupled,none,0.25,1.0,1.0,,0.0014535461338152059,0.00001,8.0,mean,false,none,62,139,0.9409827815381789,-3.41507384430708,0.10051393263783923,-3.5155877468738908,0.0037051747804137487,0.6659407194557241,1.8925590420282907,0.037535966257812865,0.060218447639207584,0.16269854246435958,NaN,0.0,NaN,1.7672133047459002,0.9593208553050936,0.9455539163758567,0.9353506718829857,0.04067914469490642,1.0,0.9757333959164516,0.8186457978904389,-3.287774361931611
intermittent,titantpp,small_lmm,small_lmm,strict,308cec0b9c383d4eab5aac8b9015dae663b0ad73,62,shared,shared,validation_only,coupled,coupled,ce,0.0,mark_residual,global,1.0,coupled,none,0.25,1.0,1.0,,0.0014535461338152059,0.00001,8.0,mean,false,none,62,140,0.9394636432060564,-3.4138783214556048,0.10258505415823747,-3.516463355025542,0.003813317189378401,0.7479810623565292,2.0801551715076307,0.04216019699327664,0.06451581341232342,0.17023310847540707,NaN,0.0,NaN,1.7672133047459002,0.9578837573158718,0.9397356142363308,0.9314146903468329,0.04211624268412818,1.0,0.9783384182116874,0.7689690370874447,-3.287907425386853
intermittent,titantpp,small_lmm,small_lmm,strict,308cec0b9c383d4eab5aac8b9015dae663b0ad73,62,shared,shared,validation_only,coupled,coupled,ce,0.0,mark_residual,global,1.0,coupled,none,0.25,1.0,1.0,,0.0014535461338152059,0.00001,8.0,mean,false,none,62,141,0.9434655815102794,-3.4188667112563667,0.0981479677374541,-3.5170146623160394,0.0035502183707951714,0.7328307282325739,1.987468770161287,0.04130624345979071,0.056985142901121014,0.15360364739642274,NaN,0.0,NaN,1.7672133047459002,0.9618705452859709,0.9373863337346874,0.9360299965048049,0.03812945471402909,1.0,0.9888758507392631,0.7475331745491663,-3.2889788315882145
intermittent,titantpp,small_lmm,small_lmm,strict,308cec0b9c383d4eab5aac8b9015dae663b0ad73,62,shared,shared,validation_only,coupled,coupled,ce,0.0,mark_residual,global,1.0,coupled,none,0.25,1.0,1.0,,0.0014535461338152059,0.00001,8.0,mean,false,none,62,142,0.942458382525629,-3.4149809515986718,0.10266929074181544,-3.517650223949897,0.0037031741111713526,0.6390272211405412,1.8348152799599793,0.03601897813090561,0.05580559295084645,0.15322079653265613,NaN,0.0,NaN,1.7672133047459002,0.9607695427942284,0.940532137818303,0.9360761044731807,0.03923045720577157,1.0,0.9832903074395681,0.7716910513780197,-3.289194783789284
intermittent,titantpp,small_lmm,small_lmm,strict,308cec0b9c383d4eab5aac8b9015dae663b0ad73,62,shared,shared,validation_only,coupled,coupled,ce,0.0,mark_residual,global,1.0,coupled,none,0.25,1.0,1.0,,0.0014535461338152059,0.00001,8.0,mean,false,none,62,143,0.9407857332165896,-3.4116552708025583,0.10662183116304601,-3.518277089612512,0.0037813296642890707,0.7123255421749622,1.9696710898906653,0.040150461947289495,0.07371785729275578,0.15903944339369724,NaN,0.0,NaN,1.7672133047459002,0.9591701918062235,0.9336444733264511,0.9336736876335741,0.04082980819377644,1.0,0.9862708284440272,0.7628445049336509,-3.289838075792836
intermittent,titantpp,small_lmm,small_lmm,strict,308cec0b9c383d4eab5aac8b9015dae663b0ad73,62,shared,shared,validation_only,coupled,coupled,ce,0.0,mark_residual,global,1.0,coupled,none,0.25,1.0,1.0,,0.0014535461338152059,0.00001,8.0,mean,false,none,62,144,0.9412321595047595,-3.41826908297035,0.10054753536630798,-3.518816610976139,0.003713423857041479,0.7642477502674772,2.096624283901228,0.04307707417275103,0.06225125657149191,0.1612082200409554,NaN,0.0,NaN,1.7672133047459002,0.9596685403024859,0.945829047009866,0.9360782671591229,0.040331459697514054,1.0,0.9795118516780098,0.8227288193263015,-3.290342208855484
intermittent,titantpp,small_lmm,small_lmm,strict,308cec0b9c383d4eab5aac8b9015dae663b0ad73,62,shared,shared,validation_only,coupled,coupled,ce,0.0,mark_residual,global,1.0,coupled,none,0.25,1.0,1.0,,0.0014535461338152059,0.00001,8.0,mean,false,none,62,145,0.943783136879419,-3.4243727584602786,0.09509690390197008,-3.5194696402849543,0.0034822206847450383,0.7397813566591632,2.006738562867325,0.041698017902273045,0.05833529955598745,0.15457805878666483,NaN,0.0,NaN,1.7672133047459002,0.9621950512835371,0.9383636967160824,0.937261012413832,0.03780494871646289,1.0,0.9868810138465149,0.7560394692072133,-3.2912356822481392
intermittent,titantpp,small_lmm,small_lmm,strict,308cec0b9c383d4eab5aac8b9015dae663b0ad73,62,shared,shared,validation_only,coupled,coupled,ce,0.0,mark_residual,global,1.0,coupled,none,0.25,1.0,1.0,,0.0014535461338152059,0.00001,8.0,mean,false,none,62,146,0.942775777158549,-3.421958939697704,0.09785566452203948,-3.519814573624958,0.003604541502116525,0.7040860853521519,1.9586629264519744,0.03968604227111097,0.057297057562371204,0.15475109740833487,NaN,0.0,NaN,1.7672133047459002,0.9611519962913601,0.9354691253802179,0.9350901496261768,0.03884800370863997,1.0,0.9893686927951185,0.7169105137801973,-3.2918442608631167
intermittent,titantpp,small_lmm,small_lmm,strict,308cec0b9c383d4eab5aac8b9015dae663b0ad73,62,shared,shared,validation_only,coupled,coupled,ce,0.0,mark_residual,global,1.0,coupled,none,0.25,1.0,1.0,,0.0014535461338152059,0.00001,8.0,mean,false,none,62,147,0.9419261060398894,-3.422031027197099,0.09833503544815012,-3.5203660455993204,0.0036265080773785316,0.7077237103569374,1.960191720809073,0.03989107819315191,0.05966564980499326,0.1591807960385883,NaN,0.0,NaN,1.7672133047459002,0.9603059627977053,0.9218749397920859,0.9294080224289539,0.039694037202294724,1.0,0.995400140812016,0.5944198707043212,-3.2924637417799474
intermittent,titantpp,small_lmm,small_lmm,strict,308cec0b9c383d4eab5aac8b9015dae663b0ad73,62,shared,shared,validation_only,coupled,coupled,ce,0.0,mark_residual,global,1.0,coupled,none,0.25,1.0,1.0,,0.0014535461338152059,0.00001,8.0,mean,false,none,62,148,0.9395359314583058,-3.415942760369603,0.10473387915132261,-3.5206766188997807,0.0038893725190905504,0.6525138102809019,1.850964944823941,0.03677915413473867,0.0591298111787765,0.16480484527186254,NaN,0.0,NaN,1.7672133047459002,0.9578605783160457,0.9436803317963443,0.9336785703592945,0.042139421683954334,1.0,0.9755925839004929,0.8285130996937734,-3.292530891566655
intermittent,titantpp,small_lmm,small_lmm,strict,308cec0b9c383d4eab5aac8b9015dae663b0ad73,62,shared,shared,validation_only,coupled,coupled,ce,0.0,mark_residual,global,1.0,coupled,none,0.25,1.0,1.0,,0.0014535461338152059,0.00001,8.0,mean,false,none,62,149,0.9426326909092796,-3.424777227250202,0.09633491019340412,-3.521112123414112,0.00358061286587822,0.696508835751481,1.9457543860226054,0.03925894812139407,0.056503701772323424,0.15565056947863778,NaN,0.0,NaN,1.7672133047459002,0.96100133279249,0.9428164152046672,0.9370436849891526,0.038998667207509996,1.0,0.9833607134475475,0.7870023817625043,-3.29340573002055
intermittent,titantpp,small_lmm,small_lmm,strict,308cec0b9c383d4eab5aac8b9015dae663b0ad73,62,shared,shared,validation_only,coupled,coupled,ce,0.0,mark_residual,global,1.0,coupled,none,0.25,1.0,1.0,,0.0014535461338152059,0.00001,8.0,mean,false,none,62,150,0.9433718213897402,-3.4260355437279246,0.0951023205110212,-3.5211378338149464,0.003510163474718948,0.7222853495540421,1.9913773287443841,0.04071184974472138,0.06036062782869186,0.15745008895111598,NaN,0.0,NaN,1.7672133047459002,0.9617662397867532,0.9422721579416804,0.9374655268265408,0.0382337602132468,1.0,0.9844168035672377,0.7835998638992855,-3.293295402055599
intermittent,titantpp,small_lmm,small_lmm,strict,308cec0b9c383d4eab5aac8b9015dae663b0ad73,62,shared,shared,validation_only,coupled,coupled,ce,0.0,mark_residual,global,1.0,coupled,none,0.25,1.0,1.0,,0.0014535461338152059,0.00001,8.0,mean,false,none,62,151,0.943448515637776,-3.4254671853573857,0.09609756110257743,-3.5215647228652345,0.003507432695677379,0.7151281009966856,2.063148132523849,0.040308429091052256,0.05806386587261539,0.15858502777408967,NaN,0.0,NaN,1.7672133047459002,0.9618357767862317,0.9374105494567433,0.9365029905746813,0.03816422321376833,1.0,0.9852382069936635,0.7750935692412385,-3.293168183343463
intermittent,titantpp,small_lmm,small_lmm,strict,308cec0b9c383d4eab5aac8b9015dae663b0ad73,62,shared,shared,validation_only,coupled,coupled,ce,0.0,mark_residual,global,1.0,coupled,none,0.25,1.0,1.0,,0.0014535461338152059,0.00001,8.0,mean,false,none,62,152,0.9431395038521648,-3.427590675130741,0.09435729456339811,-3.52194794858601,0.0035052893592044023,0.7459918886939475,2.1173970590596465,0.04204807656979417,0.059584366942968994,0.15508487746297306,NaN,0.0,NaN,1.7672133047459002,0.9615576287883177,0.9385601414021573,0.9371809540294679,0.038442371211682216,1.0,0.9869044825158414,0.7706702960190541,-3.293416451880774
intermittent,titantpp,small_lmm,small_lmm,strict,308cec0b9c383d4eab5aac8b9015dae663b0ad73,62,shared,shared,validation_only,coupled,coupled,ce,0.0,mark_residual,global,1.0,coupled,none,0.25,1.0,1.0,,0.0014535461338152059,0.00001,8.0,mean,false,none,62,153,0.9415622796634054,-3.4227650469698014,0.09920508225561277,-3.5219701021248286,0.003645064057235492,0.700686089622399,1.974343889484744,0.03949440040080603,0.05728844682400919,0.15599617643244287,NaN,0.0,NaN,1.7672133047459002,0.9599350988004868,0.9404370593475228,0.9353892205664075,0.04006490119951324,1.0,0.9850739263083783,0.7778155835318136,-3.2947050395805597
intermittent,titantpp,small_lmm,small_lmm,strict,308cec0b9c383d4eab5aac8b9015dae663b0ad73,62,shared,shared,validation_only,coupled,coupled,ce,0.0,mark_residual,global,1.0,coupled,none,0.25,1.0,1.0,,0.0014535461338152059,0.00001,8.0,mean,false,none,62,154,0.942515078109575,-3.421794660534748,0.10065885173815158,-3.522453485698781,0.0036414291706627533,0.6982266363252347,1.920797026279693,0.03935577251204969,0.058542047808591284,0.15609048599212508,NaN,0.0,NaN,1.7672133047459002,0.9608854377933592,0.9410979121916875,0.9354894555498839,0.039114562206640786,1.0,0.9823046233278573,0.781898604967676,-3.294925673497824
intermittent,titantpp,small_lmm,small_lmm,strict,308cec0b9c383d4eab5aac8b9015dae663b0ad73,62,shared,shared,validation_only,coupled,coupled,ce,0.0,mark_residual,global,1.0,coupled,none,0.25,1.0,1.0,,0.0014535461338152059,0.00001,8.0,mean,false,none,62,155,0.9428662353304134,-3.4278672453024894,0.0950889090567196,-3.5229561270723586,0.003532090161851475,0.7642914123577156,2.0675515496224266,0.04307953520073454,0.06429285884435411,0.1590562260829881,NaN,0.0,NaN,1.7672133047459002,0.96130265979023,0.9398904510511596,0.9365854643614363,0.03869734020976995,1.0,0.9857545177188454,0.7608029942157196,-3.2956643148733518
intermittent,titantpp,small_lmm,small_lmm,strict,308cec0b9c383d4eab5aac8b9015dae663b0ad73,62,shared,shared,validation_only,coupled,coupled,ce,0.0,mark_residual,global,1.0,coupled,none,0.25,1.0,1.0,,0.0014535461338152059,0.00001,8.0,mean,false,none,62,156,0.9431322704727856,-3.425346884611702,0.09787526151692416,-3.5232221341778316,0.0035879480780153065,0.6836882685947689,1.8666524805183256,0.03853631266430161,0.05725912100305672,0.15477429443832666,NaN,0.0,NaN,1.7672133047459002,0.9614880917888393,0.9392407682534001,0.9364525413972756,0.03851190821116069,1.0,0.9865289838066181,0.7417488941816944,-3.295539527472656
intermittent,titantpp,small_lmm,small_lmm,strict,308cec0b9c383d4eab5aac8b9015dae663b0ad73,62,shared,shared,validation_only,coupled,coupled,ce,0.0,mark_residual,global,1.0,coupled,none,0.25,1.0,1.0,,0.0014535461338152059,0.00001,8.0,mean,false,none,62,157,0.9423143208548238,-3.4284494598418735,0.0952977454551214,-3.5237471836539043,0.003552340674688109,0.7019623925541232,1.9693670242156929,0.039566339632602976,0.06124298629599374,0.1587957313959825,NaN,0.0,NaN,1.7672133047459002,0.9606884162948369,0.9407880110799485,0.9348189170627299,0.03931158370516312,1.0,0.9840882421966675,0.776454576386526,-3.296596660958155
intermittent,titantpp,small_lmm,small_lmm,strict,308cec0b9c383d4eab5aac8b9015dae663b0ad73,62,shared,shared,validation_only,coupled,coupled,ce,0.0,mark_residual,global,1.0,coupled,none,0.25,1.0,1.0,,0.0014535461338152059,0.00001,8.0,mean,false,none,62,158,0.9431914583626101,-3.4249956646364574,0.09888542752315546,-3.5238810770300386,0.00358333232830666,0.7519848778141867,2.0841879975919966,0.04238587335985168,0.056880176614456414,0.15413521268733793,NaN,0.0,NaN,1.7672133047459002,0.9616155762878832,0.9399210381064093,0.9366830305852923,0.038384423712116825,1.0,0.9865993898145975,0.7628445049336509,-3.2964594526160678
intermittent,titantpp,small_lmm,small_lmm,strict,308cec0b9c383d4eab5aac8b9015dae663b0ad73,62,shared,shared,validation_only,coupled,coupled,ce,0.0,mark_residual,global,1.0,coupled,none,0.25,1.0,1.0,,0.0014535461338152059,0.00001,8.0,mean,false,none,62,159,0.9435464533870118,-3.426964576917044,0.09722388050704417,-3.5241884349940817,0.0035367039992890374,0.6983168511524146,1.9687658833292958,0.039360857500262685,0.06056110733608289,0.1559865885258166,NaN,0.0,NaN,1.7672133047459002,0.9619169032856232,0.9276923602322158,0.9341586165638157,0.03808309671437678,1.0,0.9933348979112885,0.656345695814903,-3.2973642139192987
intermittent,titantpp,small_lmm,small_lmm,strict,308cec0b9c383d4eab5aac8b9015dae663b0ad73,62,shared,shared,validation_only,coupled,coupled,ce,0.0,mark_residual,global,1.0,coupled,none,0.25,1.0,1.0,,0.0014535461338152059,0.00001,8.0,mean,false,none,62,160,0.9434960756980427,-3.4266625790259733,0.09798558066746565,-3.52464815347449,0.0035573311314675933,0.690747040556115,1.9462625325238805,0.03893418265245796,0.062109942761441266,0.15334831085739475,NaN,0.0,NaN,1.7672133047459002,0.9618589557860578,0.9330799344152185,0.9357470009895318,0.03814104421394217,1.0,0.9909880309786435,0.7128274923443348,-3.296774252570962
intermittent,titantpp,small_lmm,small_lmm,strict,308cec0b9c383d4eab5aac8b9015dae663b0ad73,62,shared,shared,validation_only,coupled,coupled,ce,0.0,mark_residual,global,1.0,coupled,none,0.25,1.0,1.0,,0.0014535461338152059,0.00001,8.0,mean,false,none,62,161,0.9429795950745076,-3.4288721360799412,0.09642603290362002,-3.525298147737037,0.003554897112963774,0.7552371674813034,2.074265861222227,0.04256918972967106,0.06386929830228522,0.159785306477801,NaN,0.0,NaN,1.7672133047459002,0.9614069652894478,0.9437618375326361,0.9376374003727983,0.03859303471055224,1.0,0.9819525932879606,0.8063967335828514,-3.297889537091993
intermittent,titantpp,small_lmm,small_lmm,strict,308cec0b9c383d4eab5aac8b9015dae663b0ad73,62,shared,shared,validation_only,coupled,coupled,ce,0.0,mark_residual,global,1.0,coupled,none,0.25,1.0,1.0,,0.0014535461338152059,0.00001,8.0,mean,false,none,62,162,0.9432402409907682,-3.430120139943494,0.09558602825507993,-3.5257061446521956,0.003519344683239898,0.749560249308387,2.0336003609064126,0.04224920838184011,0.06520544709091067,0.1564537258021089,NaN,0.0,NaN,1.7672133047459002,0.9616619342875355,0.9340870062720461,0.9360179747918793,0.03833806571246451,1.0,0.9890636000938747,0.734603606668935,-3.2982894310870625
intermittent,titantpp,small_lmm,small_lmm,strict,308cec0b9c383d4eab5aac8b9015dae663b0ad73,62,shared,shared,validation_only,coupled,coupled,ce,0.0,mark_residual,global,1.0,coupled,none,0.25,1.0,1.0,,0.0014535461338152059,0.00001,8.0,mean,false,none,62,163,0.9451520722129395,-3.4318662956553014,0.09418518214462847,-3.5260514581135074,0.0034198140517278093,0.6920490132295817,1.9399089279329775,0.03900756876763617,0.05531680835815171,0.1523761039529566,NaN,0.0,NaN,1.7672133047459002,0.9635162542736281,0.9395725572155076,0.9388544282354481,0.036483745726371905,1.0,0.9884768833607135,0.7553589656345696,-3.2985099014597226
intermittent,titantpp,small_lmm,small_lmm,strict,308cec0b9c383d4eab5aac8b9015dae663b0ad73,62,shared,shared,validation_only,coupled,coupled,ce,0.0,mark_residual,global,1.0,coupled,none,0.25,1.0,1.0,,0.0014535461338152059,0.00001,8.0,mean,false,none,62,164,0.9446397063443923,-3.4338138989931934,0.09262186611120772,-3.526435742011012,0.003408821556508948,0.8103718847321312,2.404838857946091,0.045676876083574396,0.06752945518151021,0.1556898452956463,NaN,0.0,NaN,1.7672133047459002,0.9631222112765834,0.9421920491933152,0.9392759854243707,0.036877788723416585,1.0,0.9862473597747008,0.7812181013950323,-3.298748106965783
intermittent,titantpp,small_lmm,small_lmm,strict,308cec0b9c383d4eab5aac8b9015dae663b0ad73,62,shared,shared,validation_only,coupled,coupled,ce,0.0,mark_residual,global,1.0,coupled,none,0.25,1.0,1.0,,0.0014535461338152059,0.00001,8.0,mean,false,none,62,165,0.942538306463517,-3.4310519667899144,0.09572640848708448,-3.526778361686392,0.003524975253249919,0.7561247817747575,2.088337446861341,0.04261922039936231,0.06565989077198289,0.15963152001408734,NaN,0.0,NaN,1.7672133047459002,0.9609665642927507,0.9341515930475914,0.9354690750269508,0.03903343570724923,1.0,0.9894390988030979,0.7226947941476692,-3.2999732702079148
intermittent,titantpp,small_lmm,small_lmm,strict,308cec0b9c383d4eab5aac8b9015dae663b0ad73,62,shared,shared,validation_only,coupled,coupled,ce,0.0,mark_residual,global,1.0,coupled,none,0.25,1.0,1.0,,0.0014535461338152059,0.00001,8.0,mean,false,none,62,166,0.9407802177393666,-3.423067939724259,0.10384801432653655,-3.5269159367748073,0.0037770830483433108,0.7410200192242086,2.060700045554307,0.0417678355225026,0.06497984152303866,0.16581950549835564,NaN,0.0,NaN,1.7672133047459002,0.9591933708060497,0.9421066077993405,0.9350405107879527,0.04080662919395028,1.0,0.9790659469608073,0.8223885675399796,-3.3002347725265513
intermittent,titantpp,small_lmm,small_lmm,strict,308cec0b9c383d4eab5aac8b9015dae663b0ad73,62,shared,shared,validation_only,coupled,coupled,ce,0.0,mark_residual,global,1.0,coupled,none,0.25,1.0,1.0,,0.0014535461338152059,0.00001,8.0,mean,false,none,62,167,0.938967763729994,-3.4191314475329246,0.10827805656297959,-3.5274094903842803,0.003942130815450041,0.7223330423302382,2.0422493605728156,0.04071453796363597,0.06141279000993357,0.16597998657156593,NaN,0.0,NaN,1.7672133047459002,0.9573622298197833,0.9408827937638353,0.9314561991569228,0.04263777018021672,1.0,0.9743018070875381,0.8152432800272201,-3.3001313882314336
intermittent,titantpp,small_lmm,small_lmm,strict,308cec0b9c383d4eab5aac8b9015dae663b0ad73,62,shared,shared,validation_only,coupled,coupled,ce,0.0,mark_residual,global,1.0,coupled,none,0.25,1.0,1.0,,0.0014535461338152059,0.00001,8.0,mean,false,none,62,168,0.9432672021571598,-3.4316806545855516,0.09595941664508453,-3.5276400584061562,0.003551643201804909,0.6762410832645098,1.9260347753243954,0.03811654962968682,0.059749240696191884,0.15671375064084686,NaN,0.0,NaN,1.7672133047459002,0.9616155762878832,0.9457729710485108,0.937986213609131,0.038384423712116825,1.0,0.9809199718375968,0.8237495746852671,-3.3007977632769374
intermittent,titantpp,small_lmm,small_lmm,strict,308cec0b9c383d4eab5aac8b9015dae663b0ad73,62,shared,shared,validation_only,coupled,coupled,ce,0.0,mark_residual,global,1.0,coupled,none,0.25,1.0,1.0,,0.0014535461338152059,0.00001,8.0,mean,false,none,62,169,0.9424907524902575,-3.4279929663357565,0.09972820448410527,-3.5277211453814203,0.0036367814973105586,0.745731255468919,2.007914177314875,0.04203338589289979,0.06157030544904373,0.15724899661825212,NaN,0.0,NaN,1.7672133047459002,0.9609086167931854,0.9403726590713042,0.9364428079960416,0.03909138320681463,1.0,0.9833137761088946,0.7853011228308948,-3.3007068872761818
intermittent,titantpp,small_lmm,small_lmm,strict,308cec0b9c383d4eab5aac8b9015dae663b0ad73,62,shared,shared,validation_only,coupled,coupled,ce,0.0,mark_residual,global,1.0,coupled,none,0.25,1.0,1.0,,0.0014535461338152059,0.00001,8.0,mean,false,none,62,170,0.9441952164662295,-3.435724264280734,0.09246550335223339,-3.5281897475947828,0.0034085188404099245,0.7217447668933963,1.939995506143712,0.040681379626410934,0.05797099560100261,0.15452671549531571,NaN,0.0,NaN,1.7672133047459002,0.9625890942805818,0.9397529248657701,0.9377217040489574,0.03741090571941821,1.0,0.9860596104200892,0.7659067710105478,-3.301394833622425
intermittent,titantpp,small_lmm,small_lmm,strict,308cec0b9c383d4eab5aac8b9015dae663b0ad73,62,shared,shared,validation_only,coupled,coupled,ce,0.0,mark_residual,global,1.0,coupled,none,0.25,1.0,1.0,,0.0014535461338152059,0.00001,8.0,mean,false,none,62,171,0.9440870559834422,-3.433385628632117,0.09480742834212244,-3.5281930389731455,0.003492964724241193,0.7487787502889749,1.9912782839970335,0.042205158934244924,0.06280882915049858,0.1581140825097506,NaN,0.0,NaN,1.7672133047459002,0.9625079677811902,0.935898041011009,0.9366864397075761,0.03749203221880976,1.0,0.9890636000938747,0.7240558012929568,-3.301700063892707
intermittent,titantpp,small_lmm,small_lmm,strict,308cec0b9c383d4eab5aac8b9015dae663b0ad73,62,shared,shared,validation_only,coupled,coupled,ce,0.0,mark_residual,global,1.0,coupled,none,0.25,1.0,1.0,,0.0014535461338152059,0.00001,8.0,mean,false,none,62,172,0.9420731253813073,-3.4312541626775888,0.09743443219798627,-3.5286885732100446,0.0035981619514860127,0.7461363675482837,2.053000934229415,0.04205622016762937,0.06478884547418658,0.16114295754351352,NaN,0.0,NaN,1.7672133047459002,0.9604913947963145,0.9439914584793028,0.9357334239322166,0.03950860520368546,1.0,0.9805679417977,0.8046954746512419,-3.301180770787833
intermittent,titantpp,small_lmm,small_lmm,strict,308cec0b9c383d4eab5aac8b9015dae663b0ad73,62,shared,shared,validation_only,coupled,coupled,ce,0.0,mark_residual,global,1.0,coupled,none,0.25,1.0,1.0,,0.0014535461338152059,0.00001,8.0,mean,false,none,62,173,0.9417944183256575,-3.4279598902114166,0.10078221316696355,-3.5287420780915557,0.003689897463713029,0.7003374256319275,1.939105325803529,0.03947474784105214,0.06466694135699604,0.15850721446387933,NaN,0.0,NaN,1.7672133047459002,0.9601668887987483,0.9316170319329373,0.9329679490268362,0.039833111201251666,1.0,0.9885003520300399,0.7281388227288194,-3.3016958596337447
intermittent,titantpp,small_lmm,small_lmm,strict,308cec0b9c383d4eab5aac8b9015dae663b0ad73,62,shared,shared,validation_only,coupled,coupled,ce,0.0,mark_residual,global,1.0,coupled,none,0.25,1.0,1.0,,0.0014535461338152059,0.00001,8.0,mean,false,none,62,174,0.943143901436593,-3.4292441339863613,0.09976900414833932,-3.5290131221801526,0.0036117340116852384,0.6952363046135598,1.9776816712234844,0.03918722148798732,0.057621515912833356,0.1549206325308674,NaN,0.0,NaN,1.7672133047459002,0.9615112707886655,0.9385402068878066,0.9362494524808618,0.03848872921133453,1.0,0.9863647031213331,0.7703300442327322,-3.3013523499274284
intermittent,titantpp,small_lmm,small_lmm,strict,308cec0b9c383d4eab5aac8b9015dae663b0ad73,62,shared,shared,validation_only,coupled,coupled,ce,0.0,mark_residual,global,1.0,coupled,none,0.25,1.0,1.0,,0.0014535461338152059,0.00001,8.0,mean,false,none,62,175,0.9441950568739189,-3.4326369738795703,0.09649380819606285,-3.5291307637566742,0.0035065160668098293,0.7219043592039746,2.031350167032294,0.04069037509914576,0.05767611302692285,0.1511549584743802,NaN,0.0,NaN,1.7672133047459002,0.9625890942805818,0.9360428438900009,0.9372813144997677,0.03741090571941821,1.0,0.9896972541656888,0.7315413405920381,-3.3026609888932486
intermittent,titantpp,small_lmm,small_lmm,strict,308cec0b9c383d4eab5aac8b9015dae663b0ad73,62,shared,shared,validation_only,coupled,coupled,ce,0.0,mark_residual,global,1.0,coupled,none,0.25,1.0,1.0,,0.0014535461338152059,0.00001,8.0,mean,false,none,62,176,0.9421299506030326,-3.43084289609139,0.09855537617508621,-3.5293982560232435,0.003617325661226989,0.7820271451275532,2.1386239266658356,0.04407921557371175,0.06507710739214657,0.1618861566435801,NaN,0.0,NaN,1.7672133047459002,0.9605841107956191,0.9412337638353608,0.9361347823435285,0.039415889204380834,1.0,0.9830086834076508,0.790404899625723,-3.3029483702464906
intermittent,titantpp,small_lmm,small_lmm,strict,308cec0b9c383d4eab5aac8b9015dae663b0ad73,62,shared,shared,validation_only,coupled,coupled,ce,0.0,mark_residual,global,1.0,coupled,none,0.25,1.0,1.0,,0.0014535461338152059,0.00001,8.0,mean,false,none,62,177,0.9444269046871067,-3.4322772280990423,0.09718883159115609,-3.5294660460032268,0.0035168805584651092,0.6638990447122901,1.8706190705342125,0.03742088659375267,0.05560418302106396,0.1522547369255905,NaN,0.0,NaN,1.7672133047459002,0.9627629367792779,0.9446311969746048,0.939139493110126,0.037237063220722025,1.0,0.983172964092936,0.8009527050017012,-3.3021501123672654
intermittent,titantpp,small_lmm,small_lmm,strict,308cec0b9c383d4eab5aac8b9015dae663b0ad73,62,shared,shared,validation_only,coupled,coupled,ce,0.0,mark_residual,global,1.0,coupled,none,0.25,1.0,1.0,,0.0014535461338152059,0.00001,8.0,mean,false,none,62,178,0.9431633272869435,-3.4344416155740243,0.0949715137267761,-3.5294131072363184,0.0035475630664763206,0.6758104542629836,1.8975541581015027,0.03809227708530159,0.05883038349304137,0.1583430382698409,NaN,0.0,NaN,1.7672133047459002,0.9615112707886655,0.9447290259147445,0.9372411892310102,0.03848872921133453,1.0,0.9807087538136587,0.8111602585913577,-3.302635615141711
intermittent,titantpp,small_lmm,small_lmm,strict,308cec0b9c383d4eab5aac8b9015dae663b0ad73,62,shared,shared,validation_only,coupled,coupled,ce,0.0,mark_residual,global,1.0,coupled,none,0.25,1.0,1.0,,0.0014535461338152059,0.00001,8.0,mean,false,none,62,179,0.9444354977408048,-3.433381438499849,0.09633305358251495,-3.529714472343452,0.003476088460396108,0.6900744907534219,1.9073495669920266,0.038896274163063856,0.05922264628375248,0.14962211549508336,NaN,0.0,NaN,1.7672133047459002,0.9627977052790172,0.9378517752768434,0.9378850522890221,0.03720229472098279,1.0,0.9896503168270359,0.7461721674038788,-3.3024662986533384
intermittent,titantpp,small_lmm,small_lmm,strict,308cec0b9c383d4eab5aac8b9015dae663b0ad73,62,shared,shared,validation_only,coupled,coupled,ce,0.0,mark_residual,global,1.0,coupled,none,0.25,1.0,1.0,,0.0014535461338152059,0.00001,8.0,mean,false,none,62,180,0.9427866308757975,-3.4331432360876626,0.09667112691707971,-3.5298143434477565,0.003567974613109562,0.76276936758198,2.086244261154034,0.04299374464960022,0.06927496796584927,0.15981048833335326,NaN,0.0,NaN,1.7672133047459002,0.9612215332908385,0.9430312535466732,0.9373807780316675,0.0387784667091615,1.0,0.9821168739732458,0.8108200068050357,-3.3035763178907227
intermittent,titantpp,small_lmm,small_lmm,strict,308cec0b9c383d4eab5aac8b9015dae663b0ad73,62,shared,shared,validation_only,coupled,coupled,ce,0.0,mark_residual,global,1.0,coupled,none,0.25,1.0,1.0,,0.0014535461338152059,0.00001,8.0,mean,false,none,62,181,0.9437634832546611,-3.435680321983386,0.09435892376094364,-3.5300392180942,0.0034822529594804915,0.6783084820255921,1.867600819187099,0.03823307923640746,0.06697989198709339,0.15374595837917698,NaN,0.0,NaN,1.7672133047459002,0.9621139247841456,0.9392412385260367,0.9367261796626983,0.03788607521585444,1.0,0.9870687632011265,0.7591017352841103,-3.302644419654603
intermittent,titantpp,small_lmm,small_lmm,strict,308cec0b9c383d4eab5aac8b9015dae663b0ad73,62,shared,shared,validation_only,coupled,coupled,ce,0.0,mark_residual,global,1.0,coupled,none,0.25,1.0,1.0,,0.0014535461338152059,0.00001,8.0,mean,false,none,62,182,0.9403182063873518,-3.426490860440719,0.10370695220162206,-3.5301978075954006,0.0038436818962912806,0.6930933750635255,1.92848638360378,0.039066434563666645,0.060966001460772856,0.16750252766785512,NaN,0.0,NaN,1.7672133047459002,0.9586834328098742,0.9470237431660556,0.9343896677513153,0.04131656719012575,1.0,0.9730579676132364,0.8502892140183737,-3.3034948906600863
intermittent,titantpp,small_lmm,small_lmm,strict,308cec0b9c383d4eab5aac8b9015dae663b0ad73,62,shared,shared,validation_only,coupled,coupled,ce,0.0,mark_residual,global,1.0,coupled,none,0.25,1.0,1.0,,0.0014535461338152059,0.00001,8.0,mean,false,none,62,183,0.9417532359111542,-3.427943247370519,0.10243277838099082,-3.5303759979249816,0.0037298834509412507,0.6951618404828321,1.9473312928432454,0.03918302429292663,0.05762406321716397,0.15810469756508597,NaN,0.0,NaN,1.7672133047459002,0.960120530799096,0.9444918961556191,0.9361997570956397,0.03987946920090398,1.0,0.978314949542361,0.8142225246682545,-3.3034391734938007
intermittent,titantpp,small_lmm,small_lmm,strict,308cec0b9c383d4eab5aac8b9015dae663b0ad73,62,shared,shared,validation_only,coupled,coupled,ce,0.0,mark_residual,global,1.0,coupled,none,0.25,1.0,1.0,,0.0014535461338152059,0.00001,8.0,mean,false,none,62,184,0.9419756949945322,-3.4303615458879118,0.09987625010786952,-3.5302377791326527,0.003647991763360376,0.6929032554533623,1.9216288442159382,0.03905571840971548,0.06761106923080067,0.1606050752287094,NaN,0.0,NaN,1.7672133047459002,0.9603407312974445,0.9437796253307893,0.9359489467225942,0.039659268702555484,1.0,0.9796057263553156,0.8104797550187138,-3.3034771724237113
intermittent,titantpp,small_lmm,small_lmm,strict,308cec0b9c383d4eab5aac8b9015dae663b0ad73,62,shared,shared,validation_only,coupled,coupled,ce,0.0,mark_residual,global,1.0,coupled,none,0.25,1.0,1.0,,0.0014535461338152059,0.00001,8.0,mean,false,none,62,185,0.9415026418209547,-3.4308426080162047,0.09954893173964108,-3.5303915237892736,0.0036555508801726947,0.7719134319862693,2.145101690828656,0.043509152827702305,0.06705265643112131,0.16027204466209297,NaN,0.0,NaN,1.7672133047459002,0.9599466883003999,0.9434389810968307,0.9360885062643963,0.040053311699600164,1.0,0.9807087538136587,0.8135420210956108,-3.3037161431014925
intermittent,titantpp,small_lmm,small_lmm,strict,308cec0b9c383d4eab5aac8b9015dae663b0ad73,62,shared,shared,validation_only,coupled,coupled,ce,0.0,mark_residual,global,1.0,coupled,none,0.25,1.0,1.0,,0.0014535461338152059,0.00001,8.0,mean,false,none,62,186,0.9421526111683302,-3.434057117388548,0.09658421365735353,-3.5306413203434683,0.003574106624329667,0.7014190802646276,1.9522536532484327,0.039535715657870465,0.06176820010777496,0.15762698045935256,NaN,0.0,NaN,1.7672133047459002,0.9605261632960538,0.9337740708489597,0.933159953189382,0.039473836703946226,1.0,0.9888289134006102,0.6968356583872065,-3.303881393064913
intermittent,titantpp,small_lmm,small_lmm,strict,308cec0b9c383d4eab5aac8b9015dae663b0ad73,62,shared,shared,validation_only,coupled,coupled,ce,0.0,mark_residual,global,1.0,coupled,none,0.25,1.0,1.0,,0.0014535461338152059,0.00001,8.0,mean,false,none,62,187,0.9423756466632854,-3.4328848364925566,0.09785814153508346,-3.5307429469114604,0.003619890434790891,0.6754050838316606,1.872297533170269,0.03806942824847947,0.06290004223130935,0.15530868864420302,NaN,0.0,NaN,1.7672133047459002,0.9607231847945761,0.9412521742547916,0.936173117041438,0.039276815205423886,1.0,0.9830321520769773,0.7805375978223885,-3.3042365198637635
intermittent,titantpp,small_lmm,small_lmm,strict,308cec0b9c383d4eab5aac8b9015dae663b0ad73,62,shared,shared,validation_only,coupled,coupled,ce,0.0,mark_residual,global,1.0,coupled,none,0.25,1.0,1.0,,0.0014535461338152059,0.00001,8.0,mean,false,none,62,188,0.9420649690400686,-3.43414724349644,0.0964327401737646,-3.5305799769962856,0.0036203466113465892,0.6615767094823282,1.867390011159473,0.03728998740965949,0.05637336411702437,0.1566962896200855,NaN,0.0,NaN,1.7672133047459002,0.9603986787970099,0.9414678634217822,0.9356712740385191,0.03960132120299009,1.0,0.9833607134475475,0.7757740728138822,-3.3044110051367155
intermittent,titantpp,small_lmm,small_lmm,strict,308cec0b9c383d4eab5aac8b9015dae663b0ad73,62,shared,shared,validation_only,coupled,coupled,ce,0.0,mark_residual,global,1.0,coupled,none,0.25,1.0,1.0,,0.0014535461338152059,0.00001,8.0,mean,false,none,62,189,0.9444603895584609,-3.4334369450529527,0.09780595416544542,-3.5312428786275616,0.0035192433167400157,0.6883616729234981,1.9579110745397907,0.038799730626392394,0.05796594040041666,0.15019832278867157,NaN,0.0,NaN,1.7672133047459002,0.9628208842788434,0.9369258951144279,0.9378351292196297,0.03717911572115663,1.0,0.9896503168270359,0.7288193263014631,-3.304605745370118
intermittent,titantpp,small_lmm,small_lmm,strict,308cec0b9c383d4eab5aac8b9015dae663b0ad73,62,shared,shared,validation_only,coupled,coupled,ce,0.0,mark_residual,global,1.0,coupled,none,0.25,1.0,1.0,,0.0014535461338152059,0.00001,8.0,mean,false,none,62,190,0.9431622681787775,-3.433472152562298,0.09757248986059741,-3.5310446256474104,0.0035587862905471154,0.7116380621682743,1.987701830038377,0.04011171191206856,0.05540223463583139,0.15342931288620504,NaN,0.0,NaN,1.7672133047459002,0.9615460392884047,0.9415931294023044,0.9365268618728658,0.03845396071159529,1.0,0.9841586482046468,0.7781558353181354,-3.3045113985033123
intermittent,titantpp,small_lmm,small_lmm,strict,308cec0b9c383d4eab5aac8b9015dae663b0ad73,62,shared,shared,validation_only,coupled,coupled,ce,0.0,mark_residual,global,1.0,coupled,none,0.25,1.0,1.0,,0.0014535461338152059,0.00001,8.0,mean,false,none,62,191,0.943238619310842,-3.4353058543495116,0.09571341655637035,-3.5310192477974573,0.003540946830620242,0.6932344296691854,1.963725684768837,0.03907438515260628,0.05959787827595821,0.15660135641059345,NaN,0.0,NaN,1.7672133047459002,0.9616039867879701,0.9430951766076721,0.9374494609103107,0.0383960132120299,1.0,0.9830790894156302,0.7873426335488262,-3.305302454761783
intermittent,titantpp,small_lmm,small_lmm,strict,308cec0b9c383d4eab5aac8b9015dae663b0ad73,62,shared,shared,validation_only,coupled,coupled,ce,0.0,mark_residual,global,1.0,coupled,none,0.25,1.0,1.0,,0.0014535461338152059,0.00001,8.0,mean,false,none,62,192,0.9409216643108708,-3.4290753260392153,0.10236475748996673,-3.5314400713088827,0.0037750577245907408,0.6806999471114783,1.8649874143477068,0.03836787494741898,0.06098857638857598,0.16085080511132785,NaN,0.0,NaN,1.7672133047459002,0.9592744973054412,0.9355855985218137,0.9324703302616404,0.04072550269455873,1.0,0.9825862473597747,0.7832596121129636,-3.305565697629058
intermittent,titantpp,small_lmm,small_lmm,strict,308cec0b9c383d4eab5aac8b9015dae663b0ad73,62,shared,shared,validation_only,coupled,coupled,ce,0.0,mark_residual,global,1.0,coupled,none,0.25,1.0,1.0,,0.0014535461338152059,0.00001,8.0,mean,false,none,62,193,0.9440234020253104,-3.434866374388778,0.09681180797654594,-3.5316781623991975,0.003514593103166049,0.719716709116184,2.0789832745452697,0.04056706748710137,0.055813041563388295,0.1511397885335155,NaN,0.0,NaN,1.7672133047459002,0.9624152517818856,0.9381261205357578,0.9372265080643278,0.03758474821811439,1.0,0.9872330438864116,0.7546784620619258,-3.305288144453914
intermittent,titantpp,small_lmm,small_lmm,strict,308cec0b9c383d4eab5aac8b9015dae663b0ad73,62,shared,shared,validation_only,coupled,coupled,ce,0.0,mark_residual,global,1.0,coupled,none,0.25,1.0,1.0,,0.0014535461338152059,0.00001,8.0,mean,false,none,62,194,0.9420609311045408,-3.429933413286547,0.10168509910471067,-3.5316184906927206,0.0037341808567673733,0.6424356451839729,1.8277027205460095,0.036211095065865125,0.058193824574037864,0.15411772717267894,NaN,0.0,NaN,1.7672133047459002,0.9603754997971837,0.9388237105858,0.9356503686523963,0.03962450020281625,1.0,0.9842525228819526,0.768288533514801,-3.3056932757517763
intermittent,titantpp,small_lmm,small_lmm,strict,308cec0b9c383d4eab5aac8b9015dae663b0ad73,62,shared,shared,validation_only,coupled,coupled,ce,0.0,mark_residual,global,1.0,coupled,none,0.25,1.0,1.0,,0.0014535461338152059,0.00001,8.0,mean,false,none,62,195,0.9425925250443355,-3.433375666120372,0.09845225971004097,-3.531827898495801,0.003628860455735105,0.6787272011300479,1.8513460846226957,0.03825668047555259,0.058428206603773125,0.1551187791243187,NaN,0.0,NaN,1.7672133047459002,0.9609433852929246,0.9411531145737754,0.936190440862004,0.03905661470707539,1.0,0.9837596808260971,0.7995916978564137,-3.3051391381901167
intermittent,titantpp,small_lmm,small_lmm,strict,308cec0b9c383d4eab5aac8b9015dae663b0ad73,62,shared,shared,validation_only,coupled,coupled,ce,0.0,mark_residual,global,1.0,coupled,none,0.25,1.0,1.0,,0.0014535461338152059,0.00001,8.0,mean,false,none,62,196,0.9426970974389749,-3.433520473328362,0.09837811070202333,-3.531898567768695,0.003646619788133663,0.7132288054477134,2.080144019720996,0.040201374676812354,0.0569340717988004,0.1572758387878468,NaN,0.0,NaN,1.7672133047459002,0.9610824592918815,0.9435734292549773,0.9366473687959268,0.038917540708118446,1.0,0.9801689744191504,0.7992514460700919,-3.304816469026945
intermittent,titantpp,small_lmm,small_lmm,strict,308cec0b9c383d4eab5aac8b9015dae663b0ad73,62,shared,shared,validation_only,coupled,coupled,ce,0.0,mark_residual,global,1.0,coupled,none,0.25,1.0,1.0,,0.0014535461338152059,0.00001,8.0,mean,false,none,62,197,0.9439982985812019,-3.4358486319884176,0.0963112889602586,-3.5321598997976533,0.003479835927158762,0.710051653485603,1.9544019855857118,0.04002229346828798,0.05999338580440617,0.15557205605607255,NaN,0.0,NaN,1.7672133047459002,0.9623804832821464,0.9440229132870953,0.9384379250732356,0.03761951671785362,1.0,0.9839239615113823,0.7863218781898605,-3.3055995512070675
intermittent,titantpp,small_lmm,small_lmm,strict,308cec0b9c383d4eab5aac8b9015dae663b0ad73,62,shared,shared,validation_only,coupled,coupled,ce,0.0,mark_residual,global,1.0,coupled,none,0.25,1.0,1.0,,0.0014535461338152059,0.00001,8.0,mean,false,none,62,198,0.9417297993063547,-3.431233009841936,0.10121579177381024,-3.532448789914099,0.0036758491880591014,0.6722404456300255,1.8445582418941482,0.03789105238215334,0.06690630840386176,0.15634102890318435,NaN,0.0,NaN,1.7672133047459002,0.9600741727994437,0.9384306602760328,0.9350460926351276,0.0399258272005563,1.0,0.9830086834076508,0.7965294317795168,-3.3058347644669492
intermittent,titantpp,small_lmm,small_lmm,strict,308cec0b9c383d4eab5aac8b9015dae663b0ad73,62,shared,shared,validation_only,coupled,coupled,ce,0.0,mark_residual,global,1.0,coupled,none,0.25,1.0,1.0,,0.0014535461338152059,0.00001,8.0,mean,false,none,62,199,0.9442913149992616,-3.4366798011384985,0.09598726309885992,-3.532667043429161,0.003508280333143955,0.6720042335135349,1.8423463987949644,0.03787773820902164,0.05663349043765502,0.1513897842451648,NaN,0.0,NaN,1.7672133047459002,0.9626354522802341,0.9419694389442422,0.9381596496116197,0.03736454771976589,1.0,0.984956582961746,0.7754338210275604,-3.3062790966312967
intermittent,titantpp,small_lmm,small_lmm,strict,308cec0b9c383d4eab5aac8b9015dae663b0ad73,62,shared,shared,validation_only,coupled,coupled,ce,0.0,mark_residual,global,1.0,coupled,none,0.25,1.0,1.0,,0.0014535461338152059,0.00001,8.0,mean,false,none,62,200,0.9437179082316803,-3.438159638989695,0.09465103394540193,-3.532810668140683,0.003501188387032979,0.6891150052670277,1.891555209801912,0.038842192450097596,0.06690563334093494,0.15322149460453388,NaN,0.0,NaN,1.7672133047459002,0.9620791562844063,0.9371337688866428,0.9366390690390399,0.03792084371559367,1.0,0.9897207228350152,0.7465124191902007,-3.305987735951055
intermittent,titantpp,small_lmm,small_lmm,strict,308cec0b9c383d4eab5aac8b9015dae663b0ad73,62,shared,shared,validation_only,coupled,coupled,ce,0.0,mark_residual,global,1.0,coupled,none,0.25,1.0,1.0,,0.0014535461338152059,0.00001,8.0,mean,false,none,62,201,0.9419276481972265,-3.432701400241342,0.10045333110512092,-3.533154710596238,0.0036762607732119205,0.764129052585209,2.076365247479992,0.04307038373910382,0.06444225399009376,0.16189407448444382,NaN,0.0,NaN,1.7672133047459002,0.9603639102972706,0.9365910783773835,0.9336841595956162,0.039636089702729325,1.0,0.9858483923961512,0.7574004763525009,-3.306581018339983
intermittent,titantpp,small_lmm,small_lmm,strict,308cec0b9c383d4eab5aac8b9015dae663b0ad73,62,shared,shared,validation_only,coupled,coupled,ce,0.0,mark_residual,global,1.0,coupled,none,0.25,1.0,1.0,,0.0014535461338152059,0.00001,8.0,mean,false,none,62,202,0.9443058288895573,-3.4364687711219766,0.09679385815824958,-3.5332626142942276,0.0034622704609584797,0.7733853423485593,2.24799997753398,0.04359211753624063,0.05773116891406368,0.15510586839011126,NaN,0.0,NaN,1.7672133047459002,0.9627513472793648,0.9395202349791533,0.9376952720871523,0.03724865272063511,1.0,0.9872799812250646,0.7516161959850289,-3.3068809813888858
intermittent,titantpp,small_lmm,small_lmm,strict,308cec0b9c383d4eab5aac8b9015dae663b0ad73,62,shared,shared,validation_only,coupled,coupled,ce,0.0,mark_residual,global,1.0,coupled,none,0.25,1.0,1.0,,0.0014535461338152059,0.00001,8.0,mean,false,none,62,203,0.9433289857804945,-3.436202130127307,0.09716242885531919,-3.533364534994235,0.00357096959429913,0.6955839593212788,2.0138957160748405,0.03920681715918907,0.055671672104835895,0.15582850287663771,NaN,0.0,NaN,1.7672133047459002,0.9616967027872747,0.9472849691473502,0.9385507308622025,0.03830329721272527,1.0,0.9789955409528279,0.8322558693433141,-3.3071048890660735
intermittent,titantpp,small_lmm,small_lmm,strict,308cec0b9c383d4eab5aac8b9015dae663b0ad73,62,shared,shared,validation_only,coupled,coupled,ce,0.0,mark_residual,global,1.0,coupled,none,0.25,1.0,1.0,,0.0014535461338152059,0.00001,8.0,mean,false,none,62,204,0.9442832540179844,-3.4389046763561413,0.0943972092276835,-3.5333018627256276,0.0034463482929310858,0.703244214616908,1.983815060970788,0.039638589952025606,0.06195156433466668,0.1557081853474778,NaN,0.0,NaN,1.7672133047459002,0.9626586312800602,0.9416874222911924,0.9378062537129492,0.03734136871993973,1.0,0.9847688336071345,0.7788363388907792,-3.307462136519126
intermittent,titantpp,small_lmm,small_lmm,strict,308cec0b9c383d4eab5aac8b9015dae663b0ad73,62,shared,shared,validation_only,coupled,coupled,ce,0.0,mark_residual,global,1.0,coupled,none,0.25,1.0,1.0,,0.0014535461338152059,0.00001,8.0,mean,false,none,62,205,0.9437719202090977,-3.4398572400622442,0.09377515132113114,-3.533632376876913,0.0034909252437914317,0.6930505274151322,1.8840036593750462,0.03906401944196387,0.06190978910566972,0.153562008939668,NaN,0.0,NaN,1.7672133047459002,0.9621371037839718,0.9400991546113523,0.9367375345344653,0.03786289621602828,1.0,0.9862708284440272,0.7563797209935352,-3.3076356202170194
intermittent,titantpp,small_lmm,small_lmm,strict,308cec0b9c383d4eab5aac8b9015dae663b0ad73,62,shared,shared,validation_only,coupled,coupled,ce,0.0,mark_residual,global,1.0,coupled,none,0.25,1.0,1.0,,0.0014535461338152059,0.00001,8.0,mean,false,none,62,206,0.9444692530591263,-3.439539599989231,0.09419336393007093,-3.533732938415559,0.0034555787936869117,0.6563191724319534,1.86108981857822,0.0369936446158394,0.05714836466137639,0.1506745404501761,NaN,0.0,NaN,1.7672133047459002,0.9627977052790172,0.942216865074868,0.9386900262994874,0.03720229472098279,1.0,0.9860830790894156,0.7757740728138822,-3.3077755854095687
intermittent,titantpp,small_lmm,small_lmm,strict,308cec0b9c383d4eab5aac8b9015dae663b0ad73,62,shared,shared,validation_only,coupled,coupled,ce,0.0,mark_residual,global,1.0,coupled,none,0.25,1.0,1.0,,0.0014535461338152059,0.00001,8.0,mean,false,none,62,207,0.9422845460484767,-3.4345631158814034,0.09930631036170165,-3.5338694094810257,0.00364944110223025,0.6969686991619802,1.9334492122376314,0.03928486847279383,0.05997943360082809,0.1574038097221338,NaN,0.0,NaN,1.7672133047459002,0.9606536477950977,0.9423809109205966,0.9358492244197385,0.03934635220490236,1.0,0.9819995306266135,0.7927866621299762,-3.3081107653474002
intermittent,titantpp,small_lmm,small_lmm,strict,308cec0b9c383d4eab5aac8b9015dae663b0ad73,62,shared,shared,validation_only,coupled,coupled,ce,0.0,mark_residual,global,1.0,coupled,none,0.25,1.0,1.0,,0.0014535461338152059,0.00001,8.0,mean,false,none,62,208,0.942925932115792,-3.437882373210984,0.09607998388098657,-3.5339623255325425,0.0035586878635236914,0.7509526266313659,2.0354074093931245,0.0423276901846291,0.06923798633877618,0.15956981508725718,NaN,0.0,NaN,1.7672133047459002,0.9613490177898824,0.9444618461668992,0.9373057318774486,0.03865098221011763,1.0,0.9832668387702417,0.7907451514120449,-3.307221774317043
intermittent,titantpp,small_lmm,small_lmm,strict,308cec0b9c383d4eab5aac8b9015dae663b0ad73,62,shared,shared,validation_only,coupled,coupled,ce,0.0,mark_residual,global,1.0,coupled,none,0.25,1.0,1.0,,0.0014535461338152059,0.00001,8.0,mean,false,none,62,209,0.9435709910786774,-3.441588024778908,0.09243555048861318,-3.5340235595915335,0.003433894510163379,0.7780846587046415,2.2049092544995244,0.04385699603822029,0.05802716873277482,0.15871789500984163,NaN,0.0,NaN,1.7672133047459002,0.962021208784841,0.9425782427483421,0.93790965939305,0.03797879121515907,1.0,0.983172964092936,0.8115005103776795,-3.3069916000911874
intermittent,titantpp,small_lmm,small_lmm,strict,308cec0b9c383d4eab5aac8b9015dae663b0ad73,62,shared,shared,validation_only,coupled,coupled,ce,0.0,mark_residual,global,1.0,coupled,none,0.25,1.0,1.0,,0.0014535461338152059,0.00001,8.0,mean,false,none,62,210,0.9404934900324708,-3.4341949596406134,0.10009347083624597,-3.5342884189057284,0.0037280062761055415,0.7148312284667778,2.0000253447159797,0.040291695773896644,0.06584124482506264,0.16313048376007058,NaN,0.0,NaN,1.7672133047459002,0.9588804543083966,0.9474214873987408,0.9346715220339519,0.04111954569160341,1.0,0.9758976766017367,0.8356583872065328,-3.3078735344431647
intermittent,titantpp,small_lmm,small_lmm,strict,308cec0b9c383d4eab5aac8b9015dae663b0ad73,62,shared,shared,validation_only,coupled,coupled,ce,0.0,mark_residual,global,1.0,coupled,none,0.25,1.0,1.0,,0.0014535461338152059,0.00001,8.0,mean,false,none,62,211,0.9423643187490145,-3.4327084634770606,0.10163774465302428,-3.5343461903593467,0.0036612539026395757,0.6867329981026288,1.912597562436383,0.03870792983792121,0.057223696535153246,0.15424782715551008,NaN,0.0,NaN,1.7672133047459002,0.9607231847945761,0.9369634380840678,0.9351643826060558,0.039276815205423886,1.0,0.985684111710866,0.7614834977883634,-3.3085267322891245
intermittent,titantpp,small_lmm,small_lmm,strict,308cec0b9c383d4eab5aac8b9015dae663b0ad73,62,shared,shared,validation_only,coupled,coupled,ce,0.0,mark_residual,global,1.0,coupled,none,0.25,1.0,1.0,,0.0014535461338152059,0.00001,8.0,mean,false,none,62,212,0.9427920150568058,-3.4365606740914068,0.09813704337038999,-3.5346976985866188,0.00361315702583118,0.6878481870952871,1.9067985591914611,0.03877078782989641,0.06283615278314866,0.1599573368461874,NaN,0.0,NaN,1.7672133047459002,0.9611519962913601,0.9383533722414934,0.9348859009077675,0.03884800370863997,1.0,0.9845576155831964,0.74276964954066,-3.3083672459165823
intermittent,titantpp,small_lmm,small_lmm,strict,308cec0b9c383d4eab5aac8b9015dae663b0ad73,62,shared,shared,validation_only,coupled,coupled,ce,0.0,mark_residual,global,1.0,coupled,none,0.25,1.0,1.0,,0.0014535461338152059,0.00001,8.0,mean,false,none,62,213,0.9429204984861999,-3.4377104062073034,0.09717059516246863,-3.534880984964463,0.003568922170193111,0.7100282565711679,1.9667521960759573,0.040020974693560564,0.05872535264291016,0.15894657308530039,NaN,0.0,NaN,1.7672133047459002,0.96130265979023,0.9405145181930453,0.9363524897188018,0.03869734020976995,1.0,0.9839004928420558,0.7801973460360667,-3.308876994527363
intermittent,titantpp,small_lmm,small_lmm,strict,308cec0b9c383d4eab5aac8b9015dae663b0ad73,62,shared,shared,validation_only,coupled,coupled,ce,0.0,mark_residual,global,1.0,coupled,none,0.25,1.0,1.0,,0.0014535461338152059,0.00001,8.0,mean,false,none,62,214,0.9439189724277427,-3.4420174192786805,0.0927242095963038,-3.5347416122798165,0.003465779556914643,0.6618933079008805,1.896152355941805,0.03730783258297427,0.05415415339020345,0.15287767612442854,NaN,0.0,NaN,1.7672133047459002,0.9622529987831026,0.9422925585196293,0.9374478410062134,0.03774700121689749,1.0,0.98453414691387,0.7859816264035386,-3.3087982749287885
intermittent,titantpp,small_lmm,small_lmm,strict,308cec0b9c383d4eab5aac8b9015dae663b0ad73,62,shared,shared,validation_only,coupled,coupled,ce,0.0,mark_residual,global,1.0,coupled,none,0.25,1.0,1.0,,0.0014535461338152059,0.00001,8.0,mean,false,none,62,215,0.943907560293368,-3.4406496959040145,0.09435742064605011,-3.535007104112685,0.0034762756851377864,0.6733054422756097,1.8806502839137706,0.03795108126608463,0.05472979054304818,0.14988352142763656,NaN,0.0,NaN,1.7672133047459002,0.9622529987831026,0.9399440682476166,0.9374672287859842,0.03774700121689749,1.0,0.9872799812250646,0.7560394692072133,-3.3082485150143754
intermittent,titantpp,small_lmm,small_lmm,strict,308cec0b9c383d4eab5aac8b9015dae663b0ad73,62,shared,shared,validation_only,coupled,coupled,ce,0.0,mark_residual,global,1.0,coupled,none,0.25,1.0,1.0,,0.0014535461338152059,0.00001,8.0,mean,false,none,62,216,0.9426597098345828,-3.432412656063538,0.10176925821310875,-3.534181888074334,0.0036330812242778695,0.7622059097528775,2.0651175686392205,0.04296198516494493,0.06532725714211421,0.16178248903982553,NaN,0.0,NaN,1.7672133047459002,0.9610940487917946,0.9356589966647338,0.9357964745153932,0.038905951208205364,1.0,0.986153485097395,0.7580809799251446,-3.3087443848115106
intermittent,titantpp,small_lmm,small_lmm,strict,308cec0b9c383d4eab5aac8b9015dae663b0ad73,62,shared,shared,validation_only,coupled,coupled,ce,0.0,mark_residual,global,1.0,coupled,none,0.25,1.0,1.0,,0.0014535461338152059,0.00001,8.0,mean,false,none,62,217,0.9428186018050045,-3.4329404052055303,0.10220437034289533,-3.5351447604156667,0.003667386745504391,0.7076194385488332,1.935680161483733,0.03988520087861581,0.059040570603106676,0.1555461502608666,NaN,0.0,NaN,1.7672133047459002,0.9611983542910123,0.9451077632143571,0.9371646337990148,0.038801645708987656,1.0,0.9819995306266135,0.8145627764545764,-3.3093115277346152
intermittent,titantpp,small_lmm,small_lmm,strict,308cec0b9c383d4eab5aac8b9015dae663b0ad73,62,shared,shared,validation_only,coupled,coupled,ce,0.0,mark_residual,global,1.0,coupled,none,0.25,1.0,1.0,,0.0014535461338152059,0.00001,8.0,mean,false,none,62,218,0.9424905628702708,-3.4352388344268614,0.10021715917297326,-3.5354559681800604,0.0036581859287828575,0.711152375716354,1.9720400778208496,0.04008433603650106,0.06043763500158802,0.15762631445866498,NaN,0.0,NaN,1.7672133047459002,0.9608738482934461,0.9398687211459456,0.9358829694120211,0.03912615170655386,1.0,0.9842759915512791,0.7706702960190541,-3.3099003578348496
intermittent,titantpp,small_lmm,small_lmm,strict,308cec0b9c383d4eab5aac8b9015dae663b0ad73,62,shared,shared,validation_only,coupled,coupled,ce,0.0,mark_residual,global,1.0,coupled,none,0.25,1.0,1.0,,0.0014535461338152059,0.00001,8.0,mean,false,none,62,219,0.9411823402212554,-3.4357161211167537,0.09974427751779294,-3.535460376048714,0.00369081921678993,0.6981720346408916,1.9776944767284514,0.039352694870269815,0.05926771317157214,0.1616153147371494,NaN,0.0,NaN,1.7672133047459002,0.9595526453033552,0.9459390997126226,0.9354856057049101,0.04044735469664484,1.0,0.9772119220840179,0.8234093228989452,-3.3096391653208492
intermittent,titantpp,small_lmm,small_lmm,strict,308cec0b9c383d4eab5aac8b9015dae663b0ad73,62,shared,shared,validation_only,coupled,coupled,ce,0.0,mark_residual,global,1.0,coupled,none,0.25,1.0,1.0,,0.0014535461338152059,0.00001,8.0,mean,false,none,62,220,0.9421830564189567,-3.435642637053971,0.10006298249942633,-3.5357056107051044,0.003655005385487806,0.6709738296381242,1.8335858635409852,0.037819659157884856,0.05747376933824272,0.153063410454782,NaN,0.0,NaN,1.7672133047459002,0.9605261632960538,0.9335596813230617,0.9344209098323445,0.039473836703946226,1.0,0.9880779159821638,0.7203130316434161,-3.3095321849821757
intermittent,titantpp,small_lmm,small_lmm,strict,308cec0b9c383d4eab5aac8b9015dae663b0ad73,62,shared,shared,validation_only,coupled,coupled,ce,0.0,mark_residual,global,1.0,coupled,none,0.25,1.0,1.0,,0.0014535461338152059,0.00001,8.0,mean,false,none,62,221,0.9438821599904567,-3.4428021758292235,0.09309895677995975,-3.535901109419451,0.0034497004774671483,0.7334742449260694,2.054583462474714,0.0413425154884979,0.060936464123290145,0.15478475150448506,NaN,0.0,NaN,1.7672133047459002,0.9622877672828417,0.9366963886855904,0.9358422321298175,0.037712232717158255,1.0,0.9894156301337714,0.7264375637972099,-3.3097959511921835
intermittent,titantpp,small_lmm,small_lmm,strict,308cec0b9c383d4eab5aac8b9015dae663b0ad73,62,shared,shared,validation_only,coupled,coupled,ce,0.0,mark_residual,global,1.0,coupled,none,0.25,1.0,1.0,,0.0014535461338152059,0.00001,8.0,mean,false,none,62,222,0.9418216245400324,-3.4387699340070506,0.09709541126796419,-3.535865324875526,0.0035946320793630803,0.7194892109093194,1.9641189171900704,0.04055424447633314,0.060248361330440744,0.1556301511659949,NaN,0.0,NaN,1.7672133047459002,0.9602132467984007,0.9352753087830487,0.9340004827142698,0.03978675320159935,1.0,0.9881717906594696,0.7298400816604287,-3.3102281993480283
intermittent,titantpp,small_lmm,small_lmm,strict,308cec0b9c383d4eab5aac8b9015dae663b0ad73,62,shared,shared,validation_only,coupled,coupled,ce,0.0,mark_residual,global,1.0,coupled,none,0.25,1.0,1.0,,0.0014535461338152059,0.00001,8.0,mean,false,none,62,223,0.94420967964132,-3.4409572085161546,0.09510571519572938,-3.5360629055476127,0.0034711828715355613,0.7188710917159332,2.0050252698182387,0.04051940398601861,0.06120598252916444,0.15835087897119823,NaN,0.0,NaN,1.7672133047459002,0.9626006837804949,0.9405627887504724,0.9380774245199527,0.03739931621950513,1.0,0.9853320816709693,0.7713507995916978,-3.309467619045193
intermittent,titantpp,small_lmm,small_lmm,strict,308cec0b9c383d4eab5aac8b9015dae663b0ad73,62,shared,shared,validation_only,coupled,coupled,ce,0.0,mark_residual,global,1.0,coupled,none,0.25,1.0,1.0,,0.0014535461338152059,0.00001,8.0,mean,false,none,62,224,0.9440438300481745,-3.438912188725655,0.09717544067171584,-3.536087599992683,0.0035086647731636255,0.7340571859913975,2.0579198470172475,0.041375373152129476,0.05723245396304325,0.15471247830556842,NaN,0.0,NaN,1.7672133047459002,0.9624500202816249,0.9364373953040567,0.9369295804631977,0.037549979718375155,1.0,0.9892044121098333,0.7267778155835318,-3.3101169811113604
intermittent,titantpp,small_lmm,small_lmm,strict,308cec0b9c383d4eab5aac8b9015dae663b0ad73,62,shared,shared,validation_only,coupled,coupled,ce,0.0,mark_residual,global,1.0,coupled,none,0.25,1.0,1.0,,0.0014535461338152059,0.00001,8.0,mean,false,none,62,225,0.944240088603264,-3.4447983955683488,0.09129010010962933,-3.536088477127686,0.0033727955135851367,0.7695886291633884,2.126358534343276,0.04337811455692794,0.0649824463119856,0.156990756558374,NaN,0.0,NaN,1.7672133047459002,0.9626818102798864,0.9373924341090658,0.9371868239596198,0.037318189720113575,1.0,0.990072752874912,0.737665872745832,-3.3100703429958753
intermittent,titantpp,small_lmm,small_lmm,strict,308cec0b9c383d4eab5aac8b9015dae663b0ad73,62,shared,shared,validation_only,coupled,coupled,ce,0.0,mark_residual,global,1.0,coupled,none,0.25,1.0,1.0,,0.0014535461338152059,0.00001,8.0,mean,false,none,62,226,0.9424230923616452,-3.4377827077736174,0.09844005650614521,-3.5362227368756836,0.003619326699780538,0.6859068850373423,1.9503226301527827,0.038661365705052034,0.05972307265657963,0.15462572572246772,NaN,0.0,NaN,1.7672133047459002,0.9607811322941415,0.9402909279031145,0.9362998993230255,0.039218867705858494,1.0,0.9838770241727294,0.7921061585573325,-3.310327627801461
intermittent,titantpp,small_lmm,small_lmm,strict,308cec0b9c383d4eab5aac8b9015dae663b0ad73,62,shared,shared,validation_only,coupled,coupled,ce,0.0,mark_residual,global,1.0,coupled,none,0.25,1.0,1.0,,0.0014535461338152059,0.00001,8.0,mean,false,none,62,227,0.9435210727445122,-3.441427238903365,0.09447904139499838,-3.535906266080219,0.0035114364057824785,0.6889289939127909,1.8908713508397013,0.03883170785933416,0.059058997180264736,0.15614685448640975,NaN,0.0,NaN,1.7672133047459002,0.961882134785884,0.9428647220298214,0.9373938790639887,0.03811786521411601,1.0,0.9840413048580146,0.7723715549506635,-3.310902334081181
intermittent,titantpp,small_lmm,small_lmm,strict,308cec0b9c383d4eab5aac8b9015dae663b0ad73,62,shared,shared,validation_only,coupled,coupled,ce,0.0,mark_residual,global,1.0,coupled,none,0.25,1.0,1.0,,0.0014535461338152059,0.00001,8.0,mean,false,none,62,228,0.9429991659758037,-3.43862304479711,0.09746410483021103,-3.5360871301241943,0.0035549989889595885,0.712487266358933,2.0166157199725796,0.0401595775837647,0.057896806211179215,0.15570294991139522,NaN,0.0,NaN,1.7672133047459002,0.9613837862896216,0.9382344711269935,0.9362405398627937,0.0386162137103784,1.0,0.9863647031213331,0.7604627424293977,-3.3101260972116022
intermittent,titantpp,small_lmm,small_lmm,strict,308cec0b9c383d4eab5aac8b9015dae663b0ad73,62,shared,shared,validation_only,coupled,coupled,ce,0.0,mark_residual,global,1.0,coupled,none,0.25,1.0,1.0,,0.0014535461338152059,0.00001,8.0,mean,false,none,62,229,0.9434387538787934,-3.438205755114065,0.09781389481161853,-3.536019635160435,0.003591117645914915,0.6669423604140022,1.8165845997722605,0.037592424077726776,0.05819559633065231,0.15084256324465153,NaN,0.0,NaN,1.7672133047459002,0.9617778292866663,0.9397450399582539,0.9367085334715181,0.03822217071333372,1.0,0.9862238911053743,0.7887036406941137,-3.309763436587176
intermittent,titantpp,small_lmm,small_lmm,strict,308cec0b9c383d4eab5aac8b9015dae663b0ad73,62,shared,shared,validation_only,coupled,coupled,ce,0.0,mark_residual,global,1.0,coupled,none,0.25,1.0,1.0,,0.0014535461338152059,0.00001,8.0,mean,false,none,62,230,0.9443829349301938,-3.441236398730831,0.09489179469762457,-3.5361281761518253,0.0034508965638507744,0.6615108019729378,1.9000052708220772,0.03728627251135648,0.0554135625246482,0.1481424251495103,NaN,0.0,NaN,1.7672133047459002,0.9627165787796257,0.9330871815609092,0.9368846894767788,0.03728342122037434,1.0,0.9922788077915983,0.6975161619598503,-3.310798979782159
intermittent,titantpp,small_lmm,small_lmm,strict,308cec0b9c383d4eab5aac8b9015dae663b0ad73,62,shared,shared,validation_only,coupled,coupled,ce,0.0,mark_residual,global,1.0,coupled,none,0.25,1.0,1.0,,0.0014535461338152059,0.00001,8.0,mean,false,none,62,231,0.9414768399021872,-3.4351765282648548,0.10096087003118213,-3.536137388633564,0.0036994115926156407,0.7629468510143587,2.0300845282371243,0.043003748561261504,0.06815463951028167,0.16150232752242147,NaN,0.0,NaN,1.7672133047459002,0.9599119198006606,0.9419672723179615,0.9349118473580655,0.0400880801993394,1.0,0.9793241023233983,0.8186457978904389,-3.310088210127599
intermittent,titantpp,small_lmm,small_lmm,strict,308cec0b9c383d4eab5aac8b9015dae663b0ad73,62,shared,shared,validation_only,coupled,coupled,ce,0.0,mark_residual,global,1.0,coupled,none,0.25,1.0,1.0,,0.0014535461338152059,0.00001,8.0,mean,false,none,62,232,0.9432586648182859,-3.438883317544078,0.09720652976651374,-3.5360898407985113,0.0035862509516056207,0.6963679220513811,1.9507582627043785,0.03925100547464236,0.0599630547528638,0.1577786716778505,NaN,0.0,NaN,1.7672133047459002,0.9616271657877963,0.9421845241406781,0.9367830338743632,0.03837283421220374,1.0,0.9835719314714856,0.7740728138822729,-3.3112030041698364
intermittent,titantpp,small_lmm,small_lmm,strict,308cec0b9c383d4eab5aac8b9015dae663b0ad73,62,shared,shared,validation_only,coupled,coupled,ce,0.0,mark_residual,global,1.0,coupled,none,0.25,1.0,1.0,,0.0014535461338152059,0.00001,8.0,mean,false,none,62,233,0.9438416733219636,-3.4381462140936296,0.09791224855471319,-3.5360584376411905,0.0035352872871914614,0.6928344140276887,1.8997937169266446,0.03905183814026246,0.05680874759976693,0.15291693148589963,NaN,0.0,NaN,1.7672133047459002,0.9622066407834502,0.9391647906531951,0.9372452613509181,0.037793359216549804,1.0,0.9870687632011265,0.7461721674038788,-3.3109263377784908
intermittent,titantpp,small_lmm,small_lmm,strict,308cec0b9c383d4eab5aac8b9015dae663b0ad73,62,shared,shared,validation_only,coupled,coupled,ce,0.0,mark_residual,global,1.0,coupled,none,0.25,1.0,1.0,,0.0014535461338152059,0.00001,8.0,mean,false,none,62,234,0.9446400530840726,-3.4408953151027566,0.09530898761380904,-3.536204275703861,0.003470704588344642,0.6245931464426416,1.7956582089439472,0.035205396794017366,0.05344706243716282,0.15000429461810255,NaN,0.0,NaN,1.7672133047459002,0.9629367792779742,0.9400845373171509,0.9376189701386097,0.03706322072202584,1.0,0.9876085425956348,0.7315413405920381,-3.311351216738494
intermittent,titantpp,small_lmm,small_lmm,strict,308cec0b9c383d4eab5aac8b9015dae663b0ad73,62,shared,shared,validation_only,coupled,coupled,ce,0.0,mark_residual,global,1.0,coupled,none,0.25,1.0,1.0,,0.0014535461338152059,0.00001,8.0,mean,false,none,62,235,0.9411410369271758,-3.4336283680074233,0.10265742164492019,-3.5362857755603647,0.0037665277974915858,0.7278858288073448,2.0140451651279703,0.041027522587870784,0.0686204057666292,0.1621872666374029,NaN,0.0,NaN,1.7672133047459002,0.9595410558034421,0.9409513247701197,0.934823957520255,0.04045894419655792,1.0,0.9803097864351091,0.7975501871384825,-3.3110761148721872
intermittent,titantpp,small_lmm,small_lmm,strict,308cec0b9c383d4eab5aac8b9015dae663b0ad73,62,shared,shared,validation_only,coupled,coupled,ce,0.0,mark_residual,global,1.0,coupled,none,0.25,1.0,1.0,,0.0014535461338152059,0.00001,8.0,mean,false,none,62,236,0.9434236330953557,-3.4431843768847794,0.0929884514162537,-3.536172795753017,0.003463772811784063,0.774779143156317,2.0874415436023823,0.04367067957421432,0.061945416071174965,0.1616830303521088,NaN,0.0,NaN,1.7672133047459002,0.9618705452859709,0.9396966523635757,0.9370340342574424,0.03812945471402909,1.0,0.9849800516310725,0.7686287853011229,-3.3105648173932445
intermittent,titantpp,small_lmm,small_lmm,strict,308cec0b9c383d4eab5aac8b9015dae663b0ad73,62,shared,shared,validation_only,coupled,coupled,ce,0.0,mark_residual,global,1.0,coupled,none,0.25,1.0,1.0,,0.0014535461338152059,0.00001,8.0,mean,false,none,62,237,0.9422717351141939,-3.434672011042578,0.10147680065323642,-3.5361487901065027,0.003678022594813076,0.7097796334447759,2.0283456224474374,0.04000696096980031,0.05749766174594821,0.1601831820723691,NaN,0.0,NaN,1.7672133047459002,0.9606536477950977,0.9479938437630461,0.9367653896137667,0.03934635220490236,1.0,0.9760150199483689,0.8363388907791766,-3.3101588386087952
intermittent,titantpp,small_lmm,small_lmm,strict,308cec0b9c383d4eab5aac8b9015dae663b0ad73,62,shared,shared,validation_only,coupled,coupled,ce,0.0,mark_residual,global,1.0,coupled,none,0.25,1.0,1.0,,0.0014535461338152059,0.00001,8.0,mean,false,none,62,238,0.9419934718678018,-3.433037295332926,0.10316078622331692,-3.5361980502116497,0.0037370892364386498,0.6751263821837233,1.9032935846507437,0.038053719139023716,0.05684800589285645,0.15212948773212784,NaN,0.0,NaN,1.7672133047459002,0.9603407312974445,0.9369788673535816,0.935337941100594,0.039659268702555484,1.0,0.9855432996949073,0.7567199727798571,-3.3111101513721235
intermittent,titantpp,small_lmm,small_lmm,strict,308cec0b9c383d4eab5aac8b9015dae663b0ad73,62,shared,shared,validation_only,coupled,coupled,ce,0.0,mark_residual,global,1.0,coupled,none,0.25,1.0,1.0,,0.0014535461338152059,0.00001,8.0,mean,false,none,62,239,0.9440287708605621,-3.4434199245930577,0.0926697675613197,-3.536089675760963,0.003451255899991694,0.7259373737775541,1.982449500588099,0.04091769728343098,0.06045536185883146,0.1569125071451882,NaN,0.0,NaN,1.7672133047459002,0.9624268412817987,0.9350864443203055,0.9364097687826707,0.037573158718201306,1.0,0.988922788077916,0.7288193263014631,-3.310564551613886
intermittent,titantpp,small_lmm,small_lmm,strict,308cec0b9c383d4eab5aac8b9015dae663b0ad73,62,shared,shared,validation_only,coupled,coupled,ce,0.0,mark_residual,global,1.0,coupled,none,0.25,1.0,1.0,,0.0014535461338152059,0.00001,8.0,mean,false,none,62,240,0.9429508673388857,-3.438207218169945,0.09809794488723526,-3.536305143930285,0.0035967930581251974,0.6796594038853511,1.9119646310721157,0.03830922438846588,0.058124611787629676,0.15390772015560145,NaN,0.0,NaN,1.7672133047459002,0.96130265979023,0.9400666234408731,0.9363797384375084,0.03869734020976995,1.0,0.9864585777986388,0.7574004763525009,-3.3102672864308746
intermittent,titantpp,small_lmm,small_lmm,strict,308cec0b9c383d4eab5aac8b9015dae663b0ad73,62,shared,shared,validation_only,coupled,coupled,ce,0.0,mark_residual,global,1.0,coupled,none,0.25,1.0,1.0,,0.0014535461338152059,0.00001,8.0,mean,false,none,62,241,0.9427880402202947,-3.440107060534284,0.09626090289219569,-3.53636793830811,0.003576205269252639,0.6802335236932847,1.8810658774677291,0.03834158483904196,0.06026887726091583,0.15759383859139167,NaN,0.0,NaN,1.7672133047459002,0.961140406791447,0.9440142025465978,0.9370661116151692,0.03885959320855305,1.0,0.9810138465149026,0.7985709424974481,-3.311180057311709
intermittent,titantpp,small_lmm,small_lmm,strict,308cec0b9c383d4eab5aac8b9015dae663b0ad73,62,shared,shared,validation_only,coupled,coupled,ce,0.0,mark_residual,global,1.0,coupled,none,0.25,1.0,1.0,,0.0014535461338152059,0.00001,8.0,mean,false,none,62,242,0.9416725768357791,-3.4372802029660687,0.09886777738926628,-3.5361479637250777,0.0036450928480627654,0.8221789155103395,2.1633250123338525,0.046342383231504934,0.0639183794767547,0.1604570202690795,NaN,0.0,NaN,1.7672133047459002,0.9601668887987483,0.944589470995076,0.9357011938518282,0.039833111201251666,1.0,0.9779863881717906,0.829533855052739,-3.3101848093368917
intermittent,titantpp,small_lmm,small_lmm,strict,308cec0b9c383d4eab5aac8b9015dae663b0ad73,62,shared,shared,validation_only,coupled,coupled,ce,0.0,mark_residual,global,1.0,coupled,none,0.25,1.0,1.0,,0.0014535461338152059,0.00001,8.0,mean,false,none,62,243,0.9447589842744157,-3.4436908386145584,0.09241610429464334,-3.536106923046909,0.003431744808669774,0.7026834546217549,1.942321712196583,0.039606982531662414,0.058091015273328106,0.15385415323911542,NaN,0.0,NaN,1.7672133047459002,0.9631338007764965,0.9434941803837289,0.9386751622703806,0.0368661992235035,1.0,0.9855432996949073,0.7784960871044573,-3.311480963493665
intermittent,titantpp,small_lmm,small_lmm,strict,308cec0b9c383d4eab5aac8b9015dae663b0ad73,62,shared,shared,validation_only,coupled,coupled,ce,0.0,mark_residual,global,1.0,coupled,none,0.25,1.0,1.0,,0.0014535461338152059,0.00001,8.0,mean,false,none,62,244,0.9438842828075876,-3.4430044582809267,0.09331135494104437,-3.5363157865753414,0.0034643629320263722,0.650224928403568,1.8240761907255192,0.03665014055979773,0.0562965423709763,0.15293051083317796,NaN,0.0,NaN,1.7672133047459002,0.9622066407834502,0.9454573117762222,0.9382123573568362,0.037793359216549804,1.0,0.9819995306266135,0.8009527050017012,-3.3109964236946503
intermittent,titantpp,small_lmm,small_lmm,strict,308cec0b9c383d4eab5aac8b9015dae663b0ad73,62,shared,shared,validation_only,coupled,coupled,ce,0.0,mark_residual,global,1.0,coupled,none,0.25,1.0,1.0,,0.0014535461338152059,0.00001,8.0,mean,false,none,62,245,0.9442116641029364,-3.441408270151554,0.09488321746043102,-3.536291463763176,0.003484133898403616,0.6705286304471445,1.8806202286344225,0.037794565360010066,0.058656390003280164,0.15416156508576453,NaN,0.0,NaN,1.7672133047459002,0.9625543257808425,0.9414555843871921,0.9378716881649763,0.03744567421915744,1.0,0.9850739263083783,0.7716910513780197,-3.3106618391831923
intermittent,titantpp,small_lmm,small_lmm,strict,308cec0b9c383d4eab5aac8b9015dae663b0ad73,62,shared,shared,validation_only,coupled,coupled,ce,0.0,mark_residual,global,1.0,coupled,none,0.25,1.0,1.0,,0.0014535461338152059,0.00001,8.0,mean,false,none,62,246,0.9430890125450104,-3.44024714686375,0.0957533416337995,-3.5360004702027195,0.0035070369210427332,0.6689986968044611,1.9130012754405763,0.03770833015031243,0.055839449309208526,0.15666195433882346,NaN,0.0,NaN,1.7672133047459002,0.9614301442892739,0.9408706275220445,0.9366418561609466,0.03856985571072608,1.0,0.9845810842525229,0.765226267437904,-3.311379300834919
intermittent,titantpp,small_lmm,small_lmm,strict,308cec0b9c383d4eab5aac8b9015dae663b0ad73,62,shared,shared,validation_only,coupled,coupled,ce,0.0,mark_residual,global,1.0,coupled,none,0.25,1.0,1.0,,0.0014535461338152059,0.00001,8.0,mean,false,none,62,247,0.9440789279785191,-3.4433434168018775,0.0929242746720678,-3.536267669265693,0.0034370952666287076,0.6873697557337157,1.9212891552958689,0.03874382088986712,0.06134724626951742,0.15378135763872586,NaN,0.0,NaN,1.7672133047459002,0.9624384307817118,0.9358139603154139,0.9365838026863654,0.03756156921828823,1.0,0.9900962215442385,0.7329023477373257,-3.3104526236246405
intermittent,titantpp,small_lmm,small_lmm,strict,308cec0b9c383d4eab5aac8b9015dae663b0ad73,62,shared,shared,validation_only,coupled,coupled,ce,0.0,mark_residual,global,1.0,coupled,none,0.25,1.0,1.0,,0.0014535461338152059,0.00001,8.0,mean,false,none,62,248,0.9439252922650636,-3.443182088375893,0.09306410616279398,-3.5362461716770786,0.0034444751162281653,0.6903419703191627,1.9360824549665825,0.03891135073618963,0.0614563394519872,0.15636110306799605,NaN,0.0,NaN,1.7672133047459002,0.9622877672828417,0.946085807189458,0.9381538757991813,0.037712232717158255,1.0,0.9811781272001877,0.8046954746512419,-3.310879168724363
intermittent,titantpp,small_lmm,small_lmm,strict,308cec0b9c383d4eab5aac8b9015dae663b0ad73,62,shared,shared,validation_only,coupled,coupled,ce,0.0,mark_residual,global,1.0,coupled,none,0.25,1.0,1.0,,0.0014535461338152059,0.00001,8.0,mean,false,none,62,249,0.9441180160289763,-3.4404251201201017,0.09583315099933032,-3.5362582551843773,0.003472754129938178,0.7062292048419524,1.9400017752638128,0.03980683990144864,0.057295418957221025,0.15139100113059809,NaN,0.0,NaN,1.7672133047459002,0.9624963782812772,0.9344350819354467,0.936442870180831,0.03750362171872284,1.0,0.9897676601736681,0.7281388227288194,-3.3113472998064735
intermittent,titantpp,small_lmm,small_lmm,strict,308cec0b9c383d4eab5aac8b9015dae663b0ad73,62,shared,shared,validation_only,coupled,coupled,ce,0.0,mark_residual,global,1.0,coupled,none,0.25,1.0,1.0,,0.0014535461338152059,0.00001,8.0,mean,false,none,62,250,0.9442518087268463,-3.4445654146736366,0.09150006537616405,-3.5360654472054422,0.0033977986884960072,0.6767420061895854,1.8872740515813409,0.03814478431404247,0.05680468283447294,0.1520434063249652,NaN,0.0,NaN,1.7672133047459002,0.9626006837804949,0.9402351049719062,0.9373543091973201,0.03739931621950513,1.0,0.9874207932410233,0.7584212317114665,-3.3109578421273995
intermittent,titantpp,small_lmm,small_lmm,strict,308cec0b9c383d4eab5aac8b9015dae663b0ad73,62,shared,shared,validation_only,coupled,coupled,ce,0.0,mark_residual,global,1.0,coupled,none,0.25,1.0,1.0,,0.0014535461338152059,0.00001,8.0,mean,false,none,62,251,0.9430258604495049,-3.4400115712144776,0.09610159957559411,-3.536113142305449,0.003556947057319941,0.6973822925709321,1.9452559693954412,0.039308180800436986,0.06348566574604658,0.15353866204921066,NaN,0.0,NaN,1.7672133047459002,0.9613953757895347,0.934741684149911,0.9356390672085264,0.038604624210465316,1.0,0.9888054447312837,0.737665872745832,-3.3105168332514125
intermittent,titantpp,small_lmm,small_lmm,strict,308cec0b9c383d4eab5aac8b9015dae663b0ad73,62,shared,shared,validation_only,coupled,coupled,ce,0.0,mark_residual,global,1.0,coupled,none,0.25,1.0,1.0,,0.0014535461338152059,0.00001,8.0,mean,false,none,62,252,0.9434606115693129,-3.4415408121473634,0.09465926854031528,-3.5362000597084897,0.003494561519058941,0.6798531696335938,1.9184615497131194,0.03832014605818133,0.06528488236713735,0.1534429372023171,NaN,0.0,NaN,1.7672133047459002,0.9618125977864055,0.9405757113917981,0.9374101975055952,0.038187402213594485,1.0,0.9846749589298287,0.7801973460360667,-3.3108584776966405
intermittent,titantpp,small_lmm,small_lmm,strict,308cec0b9c383d4eab5aac8b9015dae663b0ad73,62,shared,shared,validation_only,coupled,coupled,ce,0.0,mark_residual,global,1.0,coupled,none,0.25,1.0,1.0,,0.0014535461338152059,0.00001,8.0,mean,false,none,62,253,0.940911821440401,-3.434815399670384,0.10140565766227011,-3.5362210427318668,0.0037943037845353093,0.7600798170598473,2.1037220689575946,0.042842147255570964,0.0627996157610645,0.16621404931485703,NaN,0.0,NaN,1.7672133047459002,0.9593440343049198,0.9494616437599395,0.935689042166659,0.04065596569508026,1.0,0.9744660877728233,0.8492684586594079,-3.3115165177805372
intermittent,titantpp,small_lmm,small_lmm,strict,308cec0b9c383d4eab5aac8b9015dae663b0ad73,62,shared,shared,validation_only,coupled,coupled,ce,0.0,mark_residual,global,1.0,coupled,none,0.25,1.0,1.0,,0.0014535461338152059,0.00001,8.0,mean,false,none,62,254,0.9425098591013,-3.4372026339918507,0.09891200850185007,-3.5361146191549846,0.0036386048953764936,0.749803644252582,2.0397808202520618,0.04226292741740245,0.06234299786751106,0.15864201320767257,NaN,0.0,NaN,1.7672133047459002,0.9609317957930116,0.9432824539086349,0.9371589887743949,0.03906820420698847,1.0,0.9840178361886881,0.7931269139162981,-3.3106225883232137
intermittent,titantpp,small_lmm,small_lmm,strict,308cec0b9c383d4eab5aac8b9015dae663b0ad73,62,shared,shared,validation_only,coupled,coupled,ce,0.0,mark_residual,global,1.0,coupled,none,0.25,1.0,1.0,,0.0014535461338152059,0.00001,8.0,mean,false,none,62,255,0.9411610207109247,-3.4361281504655636,0.10014951172037988,-3.53627764216689,0.0036835832953012893,0.7542600447107676,2.0672301244154414,0.04251411388542091,0.0627427202722541,0.1619141517164705,NaN,0.0,NaN,1.7672133047459002,0.9595874138030944,0.928422320408386,0.9315653545405591,0.0404125861969056,1.0,0.9877962919502464,0.6907111262334127,-3.3112539904790363
intermittent,titantpp,small_lmm,small_lmm,strict,308cec0b9c383d4eab5aac8b9015dae663b0ad73,62,shared,shared,validation_only,coupled,coupled,ce,0.0,mark_residual,global,1.0,coupled,none,0.25,1.0,1.0,,0.0014535461338152059,0.00001,8.0,mean,false,none,62,256,0.944042607678332,-3.4389023168452986,0.0971891580197131,-3.536091462569848,0.00352415068923129,0.7121005560076996,1.9387857408345013,0.04013778052845427,0.060961807004171815,0.15351638178030058,NaN,0.0,NaN,1.7672133047459002,0.9624268412817987,0.9369019743585542,0.9371003988886571,0.037573158718201306,1.0,0.9909176249706642,0.7243960530792787,-3.311068968980613
intermittent,titantpp,small_lmm,small_lmm,strict,308cec0b9c383d4eab5aac8b9015dae663b0ad73,62,shared,shared,validation_only,coupled,coupled,ce,0.0,mark_residual,global,1.0,coupled,none,0.25,1.0,1.0,,0.0014535461338152059,0.00001,8.0,mean,false,none,62,257,0.9437383721433302,-3.4392067292892015,0.0969172374196573,-3.536123941013336,0.003532209941539444,0.6686510936170946,1.8738737615150265,0.037688737383072185,0.05631431379648158,0.154137255696606,NaN,0.0,NaN,1.7672133047459002,0.9620791562844063,0.9386433174678346,0.9365185998030603,0.03792084371559367,1.0,0.9866463271532504,0.7417488941816944,-3.311266248185861
intermittent,titantpp,small_lmm,small_lmm,strict,308cec0b9c383d4eab5aac8b9015dae663b0ad73,62,shared,shared,validation_only,coupled,coupled,ce,0.0,mark_residual,global,1.0,coupled,none,0.25,1.0,1.0,,0.0014535461338152059,0.00001,8.0,mean,false,none,62,258,0.9440808525853633,-3.4421593387495664,0.09387824767503793,-3.5360375713775682,0.0034599340733330987,0.6970346488025323,1.9136917383300434,0.039288585745833535,0.06049427037416746,0.15713912135610505,NaN,0.0,NaN,1.7672133047459002,0.9624500202816249,0.9441171136298573,0.9383027581783967,0.037549979718375155,1.0,0.9826331846984276,0.8009527050017012,-3.311047988610708
intermittent,titantpp,small_lmm,small_lmm,strict,308cec0b9c383d4eab5aac8b9015dae663b0ad73,62,shared,shared,validation_only,coupled,coupled,ce,0.0,mark_residual,global,1.0,coupled,none,0.25,1.0,1.0,,0.0014535461338152059,0.00001,8.0,mean,false,none,62,259,0.9429781957384319,-3.439670335458301,0.09660045949012229,-3.536270781149695,0.003546282347330632,0.6870995040784575,1.9203400330549576,0.03872858806700989,0.06183057357464024,0.15484029555326903,NaN,0.0,NaN,1.7672133047459002,0.9613374282899693,0.9354034394123839,0.9357237872615044,0.038662571710030715,1.0,0.9877962919502464,0.7420891459680163,-3.3113314538845313
intermittent,titantpp,small_lmm,small_lmm,strict,308cec0b9c383d4eab5aac8b9015dae663b0ad73,62,shared,shared,validation_only,coupled,coupled,ce,0.0,mark_residual,global,1.0,coupled,none,0.25,1.0,1.0,,0.0014535461338152059,0.00001,8.0,mean,false,none,62,260,0.9402992501504799,-3.4322930590153264,0.10388692753059087,-3.5361799754390173,0.0037971651604726915,0.6772811121961889,1.8955371946534691,0.038175171200265305,0.06079222526667451,0.16477076481482802,NaN,0.0,NaN,1.7672133047459002,0.9586486643101351,0.9473240825359084,0.9344089763153397,0.04135133568986498,1.0,0.9725416568880545,0.8370193943518204,-3.3107491299141834
intermittent,titantpp,small_lmm,small_lmm,strict,308cec0b9c383d4eab5aac8b9015dae663b0ad73,62,shared,shared,validation_only,coupled,coupled,ce,0.0,mark_residual,global,1.0,coupled,none,0.25,1.0,1.0,,0.0014535461338152059,0.00001,8.0,mean,false,none,62,261,0.943752179335042,-3.4433890680093273,0.09292183550643625,-3.53631087223196,0.003451302891911093,0.747559901210022,2.033513123744705,0.042136458107633314,0.06087438313193011,0.15722396044415235,NaN,0.0,NaN,1.7672133047459002,0.9621718722837109,0.9437697299323917,0.9370546672634715,0.037828127716289045,1.0,0.9827739967143863,0.7907451514120449,-3.311638414704753
intermittent,titantpp,small_lmm,small_lmm,strict,308cec0b9c383d4eab5aac8b9015dae663b0ad73,62,shared,shared,validation_only,coupled,coupled,ce,0.0,mark_residual,global,1.0,coupled,none,0.25,1.0,1.0,,0.0014535461338152059,0.00001,8.0,mean,false,none,62,262,0.9436806086016605,-3.4416870068556022,0.09450691441760377,-3.5361938972603566,0.003470387204842879,0.7148251353737625,1.993011503000135,0.04029135233471783,0.05910416448241335,0.15868813369561613,NaN,0.0,NaN,1.7672133047459002,0.9620675667844932,0.9386840467366794,0.9369206111274,0.03793243321550675,1.0,0.9862942971133537,0.7495746852670977,-3.3105873519019435
intermittent,titantpp,small_lmm,small_lmm,strict,308cec0b9c383d4eab5aac8b9015dae663b0ad73,62,shared,shared,validation_only,coupled,coupled,ce,0.0,mark_residual,global,1.0,coupled,none,0.25,1.0,1.0,,0.0014535461338152059,0.00001,8.0,mean,false,none,62,263,0.9436791359113709,-3.4436517866101153,0.09245901590396347,-3.536110785314601,0.003436937993775751,0.7047083257502861,1.939416355631817,0.03972111505447779,0.07310484659701487,0.15964487815084324,NaN,0.0,NaN,1.7672133047459002,0.9620559772845801,0.9457904935011529,0.9377975640556926,0.03794402271541983,1.0,0.9813424078854729,0.8080979925144607,-3.3115765256286442
intermittent,titantpp,small_lmm,small_lmm,strict,308cec0b9c383d4eab5aac8b9015dae663b0ad73,62,shared,shared,validation_only,coupled,coupled,ce,0.0,mark_residual,global,1.0,coupled,none,0.25,1.0,1.0,,0.0014535461338152059,0.00001,8.0,mean,false,none,62,264,0.9418312441760145,-3.4334338427184043,0.10280960588406465,-3.536243429701775,0.0037103595793889113,0.7330485747532918,1.9765925591606623,0.04131852245011545,0.06135837092020769,0.1617486711907244,NaN,0.0,NaN,1.7672133047459002,0.9602364257982268,0.9402660714694977,0.9352144352370545,0.03976357420177319,1.0,0.981084252522882,0.8023137121469888,-3.311005335480401
intermittent,titantpp,small_lmm,small_lmm,strict,308cec0b9c383d4eab5aac8b9015dae663b0ad73,62,shared,shared,validation_only,coupled,coupled,ce,0.0,mark_residual,global,1.0,coupled,none,0.25,1.0,1.0,,0.0014535461338152059,0.00001,8.0,mean,false,none,62,265,0.942036712799342,-3.431893438783659,0.10430944309017642,-3.536202873216275,0.0037689344457755495,0.7361909498612726,2.0078406339951616,0.04149564344989297,0.06534722677116883,0.16112713919443003,NaN,0.0,NaN,1.7672133047459002,0.9604450367966623,0.946104073521324,0.9363153884445933,0.039554963203337776,1.0,0.9803097864351091,0.812861517522967,-3.3111728667747835
