/home/leekwanhyeong/miniconda3/envs/ai_env/lib/python3.12/site-packages/torch/nn/modules/rnn.py:1364: UserWarning: dropout option adds dropout after all but last recurrent layer, so non-zero dropout expects num_layers greater than 1, but got dropout=0.1 and num_layers=1
  super().__init__("GRU", *args, **kwargs)
[epoch 001] backbone=rmtpp seed=42 train=1.71266497 nll=0.92172887 time_nll=0.80936980 qty_mae=0.92767982 mark_acc=0.96041027
[epoch 002] backbone=rmtpp seed=42 train=0.61169399 nll=0.40337115 time_nll=0.29275170 qty_mae=1.02021201 mark_acc=0.96050298
[epoch 003] backbone=rmtpp seed=42 train=0.15236454 nll=0.44465219 time_nll=0.34016942 qty_mae=0.94667184 mark_acc=0.96053775
[epoch 004] backbone=rmtpp seed=42 train=-0.12961018 nll=-0.34876642 time_nll=-0.44883793 qty_mae=0.84287625 mark_acc=0.96126789
[epoch 005] backbone=rmtpp seed=42 train=-0.83887484 nll=-1.10656809 time_nll=-1.20713603 qty_mae=0.85365439 mark_acc=0.96058411
[epoch 006] backbone=rmtpp seed=42 train=-1.17530063 nll=-1.34217028 time_nll=-1.44226822 qty_mae=0.81141483 mark_acc=0.95994669
[epoch 007] backbone=rmtpp seed=42 train=-1.38543043 nll=-1.53800972 time_nll=-1.63492493 qty_mae=0.78222513 mark_acc=0.96145332
[epoch 008] backbone=rmtpp seed=42 train=-1.56360685 nll=-1.70106099 time_nll=-1.79581266 qty_mae=0.75627243 mark_acc=0.96264704
[epoch 009] backbone=rmtpp seed=42 train=-1.71296129 nll=-1.83906699 time_nll=-1.93177831 qty_mae=0.69729900 mark_acc=0.96234571
[epoch 010] backbone=rmtpp seed=42 train=-1.84086285 nll=-1.95678127 time_nll=-2.04938043 qty_mae=0.72562900 mark_acc=0.96344672
[epoch 011] backbone=rmtpp seed=42 train=-1.95168598 nll=-2.05812910 time_nll=-2.15219885 qty_mae=0.81325094 mark_acc=0.96198644
[epoch 012] backbone=rmtpp seed=42 train=-2.04955092 nll=-2.15251230 time_nll=-2.24314658 qty_mae=0.75287278 mark_acc=0.96277453
[epoch 013] backbone=rmtpp seed=42 train=-2.13640499 nll=-2.22770462 time_nll=-2.32450175 qty_mae=0.75121022 mark_acc=0.96070001
[epoch 014] backbone=rmtpp seed=42 train=-2.21450460 nll=-2.30228564 time_nll=-2.39781747 qty_mae=0.70363263 mark_acc=0.96265863
[epoch 015] backbone=rmtpp seed=42 train=-2.28508952 nll=-2.37414065 time_nll=-2.46434218 qty_mae=0.71416612 mark_acc=0.96381758
[epoch 016] backbone=rmtpp seed=42 train=-2.34911833 nll=-2.43650231 time_nll=-2.52508985 qty_mae=0.79150572 mark_acc=0.96415368
[epoch 017] backbone=rmtpp seed=42 train=-2.40833803 nll=-2.49054493 time_nll=-2.58066261 qty_mae=0.67153389 mark_acc=0.96343513
[epoch 018] backbone=rmtpp seed=42 train=-2.46225749 nll=-2.54178544 time_nll=-2.63203708 qty_mae=0.72677952 mark_acc=0.96430434
[epoch 019] backbone=rmtpp seed=42 train=-2.51222918 nll=-2.59355434 time_nll=-2.67947034 qty_mae=0.66430069 mark_acc=0.96482587
[epoch 020] backbone=rmtpp seed=42 train=-2.55827587 nll=-2.63275948 time_nll=-2.72342595 qty_mae=0.66203742 mark_acc=0.96275135
[epoch 021] backbone=rmtpp seed=42 train=-2.60109524 nll=-2.67474288 time_nll=-2.76449627 qty_mae=0.66521635 mark_acc=0.96407255
[epoch 022] backbone=rmtpp seed=42 train=-2.64138701 nll=-2.71556597 time_nll=-2.80280361 qty_mae=0.78302755 mark_acc=0.96450136
[epoch 023] backbone=rmtpp seed=42 train=-2.67896047 nll=-2.74683945 time_nll=-2.83858931 qty_mae=0.71889450 mark_acc=0.96264704
[epoch 024] backbone=rmtpp seed=42 train=-2.71377980 nll=-2.78719601 time_nll=-2.87211524 qty_mae=0.72321942 mark_acc=0.96554442
[epoch 025] backbone=rmtpp seed=42 train=-2.74636933 nll=-2.80920166 time_nll=-2.90359380 qty_mae=0.70234255 mark_acc=0.96140697
[epoch 026] backbone=rmtpp seed=42 train=-2.77741993 nll=-2.84190860 time_nll=-2.93340866 qty_mae=0.64382406 mark_acc=0.96300632
[epoch 027] backbone=rmtpp seed=42 train=-2.80654126 nll=-2.87576838 time_nll=-2.96147207 qty_mae=0.70040980 mark_acc=0.96524309
[epoch 028] backbone=rmtpp seed=42 train=-2.83420798 nll=-2.89449691 time_nll=-2.98796948 qty_mae=0.75273736 mark_acc=0.96243843
[epoch 029] backbone=rmtpp seed=42 train=-2.86021082 nll=-2.91850038 time_nll=-3.01301962 qty_mae=0.70303540 mark_acc=0.96176624
[epoch 030] backbone=rmtpp seed=42 train=-2.88499449 nll=-2.94684706 time_nll=-3.03670762 qty_mae=0.73148990 mark_acc=0.96428116
[epoch 031] backbone=rmtpp seed=42 train=-2.90807511 nll=-2.96688898 time_nll=-3.05915224 qty_mae=0.67271276 mark_acc=0.96365533
[epoch 032] backbone=rmtpp seed=42 train=-2.93043526 nll=-2.99223620 time_nll=-3.08046788 qty_mae=0.61309427 mark_acc=0.96408414
[epoch 033] backbone=rmtpp seed=42 train=-2.95140290 nll=-3.01227286 time_nll=-3.10071391 qty_mae=0.67711252 mark_acc=0.96461726
[epoch 034] backbone=rmtpp seed=42 train=-2.97144123 nll=-3.03299101 time_nll=-3.12010401 qty_mae=0.70354723 mark_acc=0.96527786
[epoch 035] backbone=rmtpp seed=42 train=-2.99083113 nll=-3.04763132 time_nll=-3.13855580 qty_mae=0.88098308 mark_acc=0.96414209
[epoch 036] backbone=rmtpp seed=42 train=-3.00875156 nll=-3.06769814 time_nll=-3.15615848 qty_mae=0.69627474 mark_acc=0.96423480
[epoch 037] backbone=rmtpp seed=42 train=-3.02594492 nll=-3.08281021 time_nll=-3.17277264 qty_mae=0.65104308 mark_acc=0.96337718
[epoch 038] backbone=rmtpp seed=42 train=-3.04259313 nll=-3.09323410 time_nll=-3.18863448 qty_mae=0.65296507 mark_acc=0.96043345
[epoch 039] backbone=rmtpp seed=42 train=-3.05832072 nll=-3.11801116 time_nll=-3.20376708 qty_mae=0.65331918 mark_acc=0.96510402
[epoch 040] backbone=rmtpp seed=42 train=-3.07332700 nll=-3.12881690 time_nll=-3.21826383 qty_mae=0.66366210 mark_acc=0.96387553
[epoch 041] backbone=rmtpp seed=42 train=-3.08750671 nll=-3.12983777 time_nll=-3.23224504 qty_mae=0.65590136 mark_acc=0.95913542
[epoch 042] backbone=rmtpp seed=42 train=-3.10143997 nll=-3.15433026 time_nll=-3.24570776 qty_mae=0.67387707 mark_acc=0.96362056
[epoch 043] backbone=rmtpp seed=42 train=-3.11467871 nll=-3.16973936 time_nll=-3.25863381 qty_mae=0.62127736 mark_acc=0.96384076
[epoch 044] backbone=rmtpp seed=42 train=-3.12742319 nll=-3.16993821 time_nll=-3.27101220 qty_mae=0.68450074 mark_acc=0.95954106
[epoch 045] backbone=rmtpp seed=42 train=-3.13969723 nll=-3.19496838 time_nll=-3.28287836 qty_mae=0.63232891 mark_acc=0.96379440
[epoch 046] backbone=rmtpp seed=42 train=-3.15163224 nll=-3.20118445 time_nll=-3.29426926 qty_mae=0.66736451 mark_acc=0.96227618
[epoch 047] backbone=rmtpp seed=42 train=-3.16270178 nll=-3.21678139 time_nll=-3.30518248 qty_mae=0.63325410 mark_acc=0.96418845
[epoch 048] backbone=rmtpp seed=42 train=-3.17390313 nll=-3.22667762 time_nll=-3.31565992 qty_mae=0.67985571 mark_acc=0.96388712
[epoch 049] backbone=rmtpp seed=42 train=-3.18420410 nll=-3.23060348 time_nll=-3.32570630 qty_mae=0.64872296 mark_acc=0.96241525
[epoch 050] backbone=rmtpp seed=42 train=-3.19422343 nll=-3.24857438 time_nll=-3.33534766 qty_mae=0.63629594 mark_acc=0.96446659
[epoch 051] backbone=rmtpp seed=42 train=-3.20400104 nll=-3.25927494 time_nll=-3.34461040 qty_mae=0.64721342 mark_acc=0.96520832
[epoch 052] backbone=rmtpp seed=42 train=-3.21305731 nll=-3.25848666 time_nll=-3.35351129 qty_mae=0.62938129 mark_acc=0.96082749
[epoch 053] backbone=rmtpp seed=42 train=-3.22183335 nll=-3.27482800 time_nll=-3.36207768 qty_mae=0.69510358 mark_acc=0.96454772
[epoch 054] backbone=rmtpp seed=42 train=-3.23039027 nll=-3.27530692 time_nll=-3.37030468 qty_mae=0.69569124 mark_acc=0.96131425
[epoch 055] backbone=rmtpp seed=42 train=-3.23851543 nll=-3.29103840 time_nll=-3.37823517 qty_mae=0.63868357 mark_acc=0.96484905
[epoch 056] backbone=rmtpp seed=42 train=-3.24679954 nll=-3.29824342 time_nll=-3.38586097 qty_mae=0.71078654 mark_acc=0.96435070
[epoch 057] backbone=rmtpp seed=42 train=-3.25408064 nll=-3.30309506 time_nll=-3.39316272 qty_mae=0.65674888 mark_acc=0.96384076
[epoch 058] backbone=rmtpp seed=42 train=-3.26154814 nll=-3.31303993 time_nll=-3.40022027 qty_mae=0.62716209 mark_acc=0.96439706
[epoch 059] backbone=rmtpp seed=42 train=-3.26862531 nll=-3.31491617 time_nll=-3.40704267 qty_mae=0.67468559 mark_acc=0.96184737
[epoch 060] backbone=rmtpp seed=42 train=-3.27553219 nll=-3.32764976 time_nll=-3.41360108 qty_mae=0.74719289 mark_acc=0.96483746
[epoch 061] backbone=rmtpp seed=42 train=-3.28186946 nll=-3.33186129 time_nll=-3.41988422 qty_mae=0.81814441 mark_acc=0.96415368
[epoch 062] backbone=rmtpp seed=42 train=-3.28847735 nll=-3.33708957 time_nll=-3.42597528 qty_mae=0.66383505 mark_acc=0.96445500
[epoch 063] backbone=rmtpp seed=42 train=-3.29434100 nll=-3.34118683 time_nll=-3.43183654 qty_mae=0.65190112 mark_acc=0.96249638
[epoch 064] backbone=rmtpp seed=42 train=-3.30028622 nll=-3.33771392 time_nll=-3.43745982 qty_mae=0.70341847 mark_acc=0.96025960
[epoch 065] backbone=rmtpp seed=42 train=-3.30580650 nll=-3.35187207 time_nll=-3.44294845 qty_mae=0.66623845 mark_acc=0.96388712
[epoch 066] backbone=rmtpp seed=42 train=-3.31140978 nll=-3.36009282 time_nll=-3.44817073 qty_mae=0.68969403 mark_acc=0.96474474
[epoch 067] backbone=rmtpp seed=42 train=-3.31662345 nll=-3.35889926 time_nll=-3.45324474 qty_mae=0.66188591 mark_acc=0.96225300
[epoch 068] backbone=rmtpp seed=42 train=-3.32178595 nll=-3.35619130 time_nll=-3.45814302 qty_mae=0.64481969 mark_acc=0.95884569
[epoch 069] backbone=rmtpp seed=42 train=-3.32679191 nll=-3.36115476 time_nll=-3.46284192 qty_mae=0.64230050 mark_acc=0.96075795
[epoch 070] backbone=rmtpp seed=42 train=-3.33134442 nll=-3.37654011 time_nll=-3.46740488 qty_mae=0.71709271 mark_acc=0.96312221
[epoch 071] backbone=rmtpp seed=42 train=-3.33600074 nll=-3.38115795 time_nll=-3.47178120 qty_mae=0.69534332 mark_acc=0.96395666
[epoch 072] backbone=rmtpp seed=42 train=-3.33987739 nll=-3.38649450 time_nll=-3.47604319 qty_mae=0.76521230 mark_acc=0.96328446
[epoch 073] backbone=rmtpp seed=42 train=-3.34470761 nll=-3.39078821 time_nll=-3.48012461 qty_mae=0.69009114 mark_acc=0.96365533
[epoch 074] backbone=rmtpp seed=42 train=-3.34863980 nll=-3.39531150 time_nll=-3.48409561 qty_mae=0.73144613 mark_acc=0.96433911
[epoch 075] backbone=rmtpp seed=42 train=-3.35276459 nll=-3.40200995 time_nll=-3.48791878 qty_mae=0.65613320 mark_acc=0.96544011
[epoch 076] backbone=rmtpp seed=42 train=-3.35648845 nll=-3.40154394 time_nll=-3.49159667 qty_mae=0.68939121 mark_acc=0.96271658
[epoch 077] backbone=rmtpp seed=42 train=-3.36018780 nll=-3.39743154 time_nll=-3.49521956 qty_mae=0.77283237 mark_acc=0.95857913
[epoch 078] backbone=rmtpp seed=42 train=-3.36388753 nll=-3.40778286 time_nll=-3.49859196 qty_mae=0.68834298 mark_acc=0.96382917
[epoch 079] backbone=rmtpp seed=42 train=-3.36727464 nll=-3.41405591 time_nll=-3.50198223 qty_mae=0.79893615 mark_acc=0.96418845
[epoch 080] backbone=rmtpp seed=42 train=-3.37041632 nll=-3.41832961 time_nll=-3.50517294 qty_mae=0.68140536 mark_acc=0.96532422
[epoch 081] backbone=rmtpp seed=42 train=-3.37398416 nll=-3.41632492 time_nll=-3.50828066 qty_mae=0.77587501 mark_acc=0.96367851
[epoch 082] backbone=rmtpp seed=42 train=-3.37698147 nll=-3.41921715 time_nll=-3.51136090 qty_mae=0.67451256 mark_acc=0.96345831
[epoch 083] backbone=rmtpp seed=42 train=-3.38002691 nll=-3.42792499 time_nll=-3.51418463 qty_mae=0.72505311 mark_acc=0.96452454
[epoch 084] backbone=rmtpp seed=42 train=-3.38300454 nll=-3.42559369 time_nll=-3.51699765 qty_mae=0.74691161 mark_acc=0.96218346
[epoch 085] backbone=rmtpp seed=42 train=-3.38571501 nll=-3.42943805 time_nll=-3.51979297 qty_mae=0.63797891 mark_acc=0.96331923
[epoch 086] backbone=rmtpp seed=42 train=-3.38842814 nll=-3.43060048 time_nll=-3.52234319 qty_mae=0.81488504 mark_acc=0.96304108
[epoch 087] backbone=rmtpp seed=42 train=-3.39082671 nll=-3.43250198 time_nll=-3.52486642 qty_mae=0.67733111 mark_acc=0.96316857
[epoch 088] backbone=rmtpp seed=42 train=-3.39358230 nll=-3.43625289 time_nll=-3.52739155 qty_mae=0.67493277 mark_acc=0.96349308
[epoch 089] backbone=rmtpp seed=42 train=-3.39600659 nll=-3.44613707 time_nll=-3.52973160 qty_mae=0.65839331 mark_acc=0.96583415
[epoch 090] backbone=rmtpp seed=42 train=-3.39860172 nll=-3.43725424 time_nll=-3.53200068 qty_mae=0.69833883 mark_acc=0.96120994
[epoch 091] backbone=rmtpp seed=42 train=-3.40088768 nll=-3.44090591 time_nll=-3.53426427 qty_mae=0.68956927 mark_acc=0.96269340
[epoch 092] backbone=rmtpp seed=42 train=-3.40314642 nll=-3.44637144 time_nll=-3.53648136 qty_mae=0.73130861 mark_acc=0.96387553
[epoch 093] backbone=rmtpp seed=42 train=-3.40535453 nll=-3.44586777 time_nll=-3.53847913 qty_mae=0.66887458 mark_acc=0.96322652
[epoch 094] backbone=rmtpp seed=42 train=-3.40769945 nll=-3.45152690 time_nll=-3.54047293 qty_mae=0.65474865 mark_acc=0.96298314
[epoch 095] backbone=rmtpp seed=42 train=-3.40933564 nll=-3.44627135 time_nll=-3.54246268 qty_mae=0.79213477 mark_acc=0.96124471
[epoch 096] backbone=rmtpp seed=42 train=-3.41169299 nll=-3.44754016 time_nll=-3.54444243 qty_mae=0.68289900 mark_acc=0.95988874
[epoch 097] backbone=rmtpp seed=42 train=-3.41352355 nll=-3.45564166 time_nll=-3.54617905 qty_mae=0.63719478 mark_acc=0.96411891
[epoch 098] backbone=rmtpp seed=42 train=-3.41533703 nll=-3.45839836 time_nll=-3.54791412 qty_mae=0.67232785 mark_acc=0.96432752
[epoch 099] backbone=rmtpp seed=42 train=-3.41695391 nll=-3.45067961 time_nll=-3.54963544 qty_mae=0.66016123 mark_acc=0.96139538
[epoch 100] backbone=rmtpp seed=42 train=-3.41857733 nll=-3.45966099 time_nll=-3.55137202 qty_mae=0.64323539 mark_acc=0.96349308
[epoch 101] backbone=rmtpp seed=42 train=-3.42045906 nll=-3.45687388 time_nll=-3.55299119 qty_mae=0.67543039 mark_acc=0.96049139
[epoch 102] backbone=rmtpp seed=42 train=-3.42212071 nll=-3.46160105 time_nll=-3.55446917 qty_mae=0.73933336 mark_acc=0.96235730
[epoch 103] backbone=rmtpp seed=42 train=-3.42329025 nll=-3.46518510 time_nll=-3.55595022 qty_mae=0.66419883 mark_acc=0.96357420
[epoch 104] backbone=rmtpp seed=42 train=-3.42532120 nll=-3.46473278 time_nll=-3.55741508 qty_mae=0.68179431 mark_acc=0.96255433
[epoch 105] backbone=rmtpp seed=42 train=-3.42667709 nll=-3.46286156 time_nll=-3.55888465 qty_mae=0.66074719 mark_acc=0.96251956
[epoch 106] backbone=rmtpp seed=42 train=-3.42822705 nll=-3.47026949 time_nll=-3.56033284 qty_mae=0.69962772 mark_acc=0.96364374
[epoch 107] backbone=rmtpp seed=42 train=-3.42959472 nll=-3.47253789 time_nll=-3.56156577 qty_mae=0.67093247 mark_acc=0.96335400
[epoch 108] backbone=rmtpp seed=42 train=-3.43080294 nll=-3.46592045 time_nll=-3.56278194 qty_mae=0.68162862 mark_acc=0.96233413
[epoch 109] backbone=rmtpp seed=42 train=-3.43202619 nll=-3.47137592 time_nll=-3.56399758 qty_mae=0.70273592 mark_acc=0.96353943
[epoch 110] backbone=rmtpp seed=42 train=-3.43308228 nll=-3.46958077 time_nll=-3.56520718 qty_mae=0.63781315 mark_acc=0.96141855
[epoch 111] backbone=rmtpp seed=42 train=-3.43436074 nll=-3.47348162 time_nll=-3.56641470 qty_mae=0.68394373 mark_acc=0.96229936
[epoch 112] backbone=rmtpp seed=42 train=-3.43592793 nll=-3.47039084 time_nll=-3.56762411 qty_mae=0.85928296 mark_acc=0.96076954
[epoch 113] backbone=rmtpp seed=42 train=-3.43708468 nll=-3.47733127 time_nll=-3.56873541 qty_mae=0.65802253 mark_acc=0.96308744
[epoch 114] backbone=rmtpp seed=42 train=-3.43800208 nll=-3.47818891 time_nll=-3.56971334 qty_mae=0.67898272 mark_acc=0.96319175
[epoch 115] backbone=rmtpp seed=42 train=-3.43910302 nll=-3.47622797 time_nll=-3.57067425 qty_mae=0.64954507 mark_acc=0.96297155
[epoch 116] backbone=rmtpp seed=42 train=-3.44003335 nll=-3.48447540 time_nll=-3.57164028 qty_mae=0.68940172 mark_acc=0.96436229
[epoch 117] backbone=rmtpp seed=42 train=-3.44112284 nll=-3.48034679 time_nll=-3.57260213 qty_mae=0.64034326 mark_acc=0.96344672
[epoch 118] backbone=rmtpp seed=42 train=-3.44229675 nll=-3.48394921 time_nll=-3.57356895 qty_mae=0.75186210 mark_acc=0.96386394
[epoch 119] backbone=rmtpp seed=42 train=-3.44301756 nll=-3.48639206 time_nll=-3.57453389 qty_mae=0.66186122 mark_acc=0.96377122
[epoch 120] backbone=rmtpp seed=42 train=-3.44424372 nll=-3.48335217 time_nll=-3.57549464 qty_mae=0.73728914 mark_acc=0.96314539
[epoch 121] backbone=rmtpp seed=42 train=-3.44495950 nll=-3.48543291 time_nll=-3.57640342 qty_mae=0.73698057 mark_acc=0.96280929
[epoch 122] backbone=rmtpp seed=42 train=-3.44556079 nll=-3.48285909 time_nll=-3.57712354 qty_mae=0.72746570 mark_acc=0.96319175
[epoch 123] backbone=rmtpp seed=42 train=-3.44682636 nll=-3.48937800 time_nll=-3.57784237 qty_mae=0.72396201 mark_acc=0.96394507
[epoch 124] backbone=rmtpp seed=42 train=-3.44747126 nll=-3.48979898 time_nll=-3.57856461 qty_mae=0.64812648 mark_acc=0.96430434
[epoch 125] backbone=rmtpp seed=42 train=-3.44798523 nll=-3.49114180 time_nll=-3.57927670 qty_mae=0.66230282 mark_acc=0.96410732
[epoch 126] backbone=rmtpp seed=42 train=-3.44905077 nll=-3.49476492 time_nll=-3.57998425 qty_mae=0.66903274 mark_acc=0.96569508
[epoch 127] backbone=rmtpp seed=42 train=-3.44982552 nll=-3.48692980 time_nll=-3.58069655 qty_mae=0.66164225 mark_acc=0.96221823
[epoch 128] backbone=rmtpp seed=42 train=-3.45058773 nll=-3.49187855 time_nll=-3.58142731 qty_mae=0.68110857 mark_acc=0.96394507
[epoch 129] backbone=rmtpp seed=42 train=-3.45105057 nll=-3.49567332 time_nll=-3.58213702 qty_mae=0.66860719 mark_acc=0.96465203
[epoch 130] backbone=rmtpp seed=42 train=-3.45195050 nll=-3.48766554 time_nll=-3.58285127 qty_mae=0.72065447 mark_acc=0.96245002
[epoch 131] backbone=rmtpp seed=42 train=-3.45262484 nll=-3.48637499 time_nll=-3.58356127 qty_mae=0.69381215 mark_acc=0.96203280
[epoch 132] backbone=rmtpp seed=42 train=-3.45343191 nll=-3.49668247 time_nll=-3.58419754 qty_mae=0.77343278 mark_acc=0.96553283
[epoch 133] backbone=rmtpp seed=42 train=-3.45393165 nll=-3.48977600 time_nll=-3.58467244 qty_mae=0.72501611 mark_acc=0.96149968
[epoch 134] backbone=rmtpp seed=42 train=-3.45458433 nll=-3.49589870 time_nll=-3.58514474 qty_mae=0.65154500 mark_acc=0.96394507
[epoch 135] backbone=rmtpp seed=42 train=-3.45484575 nll=-3.49370795 time_nll=-3.58562137 qty_mae=0.66581614 mark_acc=0.96202121
[epoch 136] backbone=rmtpp seed=42 train=-3.45550608 nll=-3.48800477 time_nll=-3.58609389 qty_mae=0.69530605 mark_acc=0.96012053
[epoch 137] backbone=rmtpp seed=42 train=-3.45582517 nll=-3.49809869 time_nll=-3.58656033 qty_mae=0.72298836 mark_acc=0.96462885
[epoch 138] backbone=rmtpp seed=42 train=-3.45640232 nll=-3.49708854 time_nll=-3.58702702 qty_mae=0.71824763 mark_acc=0.96312221
[epoch 139] backbone=rmtpp seed=42 train=-3.45707522 nll=-3.49256164 time_nll=-3.58750784 qty_mae=0.79626142 mark_acc=0.96336559
[epoch 140] backbone=rmtpp seed=42 train=-3.45747091 nll=-3.50048393 time_nll=-3.58797056 qty_mae=0.64263078 mark_acc=0.96440865
[epoch 141] backbone=rmtpp seed=42 train=-3.45843462 nll=-3.49392355 time_nll=-3.58844744 qty_mae=0.72318913 mark_acc=0.96233413
[epoch 142] backbone=rmtpp seed=42 train=-3.45889537 nll=-3.49325392 time_nll=-3.58891437 qty_mae=0.71288588 mark_acc=0.96207916
[epoch 143] backbone=rmtpp seed=42 train=-3.45902301 nll=-3.49729094 time_nll=-3.58938837 qty_mae=0.68643306 mark_acc=0.96311062
[epoch 144] backbone=rmtpp seed=42 train=-3.45930254 nll=-3.49726863 time_nll=-3.58985789 qty_mae=0.80682958 mark_acc=0.96351625
[epoch 145] backbone=rmtpp seed=42 train=-3.46015308 nll=-3.49557781 time_nll=-3.59033097 qty_mae=0.65378137 mark_acc=0.96220664
[epoch 146] backbone=rmtpp seed=42 train=-3.46041822 nll=-3.49457766 time_nll=-3.59080663 qty_mae=0.64860566 mark_acc=0.96100133
[epoch 147] backbone=rmtpp seed=42 train=-3.46065577 nll=-3.50142169 time_nll=-3.59127252 qty_mae=0.70717395 mark_acc=0.96348149
[epoch 148] backbone=rmtpp seed=42 train=-3.46152471 nll=-3.49885304 time_nll=-3.59172524 qty_mae=0.66660043 mark_acc=0.96371328
[epoch 149] backbone=rmtpp seed=42 train=-3.46204222 nll=-3.50049099 time_nll=-3.59200535 qty_mae=0.65550997 mark_acc=0.96430434
[epoch 150] backbone=rmtpp seed=42 train=-3.46229723 nll=-3.50465209 time_nll=-3.59224566 qty_mae=0.64728144 mark_acc=0.96326129
[epoch 151] backbone=rmtpp seed=42 train=-3.46254075 nll=-3.50011819 time_nll=-3.59248321 qty_mae=0.73085505 mark_acc=0.96279771
[epoch 152] backbone=rmtpp seed=42 train=-3.46270316 nll=-3.49578304 time_nll=-3.59270212 qty_mae=0.72643278 mark_acc=0.96107087
[epoch 153] backbone=rmtpp seed=42 train=-3.46312681 nll=-3.50279034 time_nll=-3.59292497 qty_mae=0.71934846 mark_acc=0.96279771
[epoch 154] backbone=rmtpp seed=42 train=-3.46321993 nll=-3.49717644 time_nll=-3.59316133 qty_mae=0.63816104 mark_acc=0.96210234
[epoch 155] backbone=rmtpp seed=42 train=-3.46353691 nll=-3.50202810 time_nll=-3.59339626 qty_mae=0.69175555 mark_acc=0.96315698
[epoch 156] backbone=rmtpp seed=42 train=-3.46382260 nll=-3.50111684 time_nll=-3.59361902 qty_mae=0.66476652 mark_acc=0.96174306
[epoch 157] backbone=rmtpp seed=42 train=-3.46405908 nll=-3.50464451 time_nll=-3.59385206 qty_mae=0.74444512 mark_acc=0.96370169
[epoch 158] backbone=rmtpp seed=42 train=-3.46436271 nll=-3.50771948 time_nll=-3.59408153 qty_mae=0.70183212 mark_acc=0.96484905
[epoch 159] backbone=rmtpp seed=42 train=-3.46472178 nll=-3.50451012 time_nll=-3.59430900 qty_mae=0.68014625 mark_acc=0.96366692
[epoch 160] backbone=rmtpp seed=42 train=-3.46494153 nll=-3.50273922 time_nll=-3.59454793 qty_mae=0.62948818 mark_acc=0.96353943
[epoch 161] backbone=rmtpp seed=42 train=-3.46510146 nll=-3.50303148 time_nll=-3.59477814 qty_mae=0.64943895 mark_acc=0.96304108
[epoch 162] backbone=rmtpp seed=42 train=-3.46534512 nll=-3.50066981 time_nll=-3.59500666 qty_mae=0.67480996 mark_acc=0.96395666
[epoch 163] backbone=rmtpp seed=42 train=-3.46597545 nll=-3.50486275 time_nll=-3.59523858 qty_mae=0.68131199 mark_acc=0.96420003
[epoch 164] backbone=rmtpp seed=42 train=-3.46571676 nll=-3.50817782 time_nll=-3.59546398 qty_mae=0.66127653 mark_acc=0.96477951
[epoch 165] backbone=rmtpp seed=42 train=-3.46611705 nll=-3.50149952 time_nll=-3.59569587 qty_mae=0.65082289 mark_acc=0.96243843
[epoch 166] backbone=rmtpp seed=42 train=-3.46647305 nll=-3.49917220 time_nll=-3.59591795 qty_mae=0.62875874 mark_acc=0.96078113
[epoch 167] backbone=rmtpp seed=42 train=-3.46672879 nll=-3.51157337 time_nll=-3.59614606 qty_mae=0.67083676 mark_acc=0.96474474
[epoch 168] backbone=rmtpp seed=42 train=-3.46703928 nll=-3.49987850 time_nll=-3.59637582 qty_mae=0.66632072 mark_acc=0.96058411
[epoch 169] backbone=rmtpp seed=42 train=-3.46727827 nll=-3.50427347 time_nll=-3.59659824 qty_mae=0.72751078 mark_acc=0.96130266
[epoch 170] backbone=rmtpp seed=42 train=-3.46731675 nll=-3.51016755 time_nll=-3.59682899 qty_mae=0.69128786 mark_acc=0.96479110
[epoch 171] backbone=rmtpp seed=42 train=-3.46758892 nll=-3.50692753 time_nll=-3.59706098 qty_mae=0.75940917 mark_acc=0.96395666
[epoch 172] backbone=rmtpp seed=42 train=-3.46809876 nll=-3.50728044 time_nll=-3.59729487 qty_mae=0.72675773 mark_acc=0.96340036
[epoch 173] backbone=rmtpp seed=42 train=-3.46838787 nll=-3.49932529 time_nll=-3.59751914 qty_mae=0.68152428 mark_acc=0.96155763
[epoch 174] backbone=rmtpp seed=42 train=-3.46836192 nll=-3.50094573 time_nll=-3.59775077 qty_mae=0.71263648 mark_acc=0.96246161
[epoch 175] backbone=rmtpp seed=42 train=-3.46899464 nll=-3.50037305 time_nll=-3.59798904 qty_mae=0.65541319 mark_acc=0.96137220
[epoch 176] backbone=rmtpp seed=42 train=-3.46913502 nll=-3.51247706 time_nll=-3.59822069 qty_mae=0.73962486 mark_acc=0.96491858
[epoch 177] backbone=rmtpp seed=42 train=-3.46882736 nll=-3.51144592 time_nll=-3.59845128 qty_mae=0.65068745 mark_acc=0.96508084
[epoch 178] backbone=rmtpp seed=42 train=-3.46957376 nll=-3.50545974 time_nll=-3.59867674 qty_mae=0.68068699 mark_acc=0.96140697
[epoch 179] backbone=rmtpp seed=42 train=-3.46987869 nll=-3.50423017 time_nll=-3.59890182 qty_mae=0.75017482 mark_acc=0.96167352
[epoch 180] backbone=rmtpp seed=42 train=-3.46973728 nll=-3.50951737 time_nll=-3.59913030 qty_mae=0.66017152 mark_acc=0.96345831
[epoch 181] backbone=rmtpp seed=42 train=-3.47040681 nll=-3.50730126 time_nll=-3.59934473 qty_mae=0.71574587 mark_acc=0.96335400
[epoch 182] backbone=rmtpp seed=42 train=-3.47043456 nll=-3.51174533 time_nll=-3.59948020 qty_mae=0.71142025 mark_acc=0.96380599
[epoch 183] backbone=rmtpp seed=42 train=-3.47023177 nll=-3.50349298 time_nll=-3.59948625 qty_mae=0.69754969 mark_acc=0.96151127
[epoch 184] backbone=rmtpp seed=42 train=-3.47051736 nll=-3.50910104 time_nll=-3.59946857 qty_mae=0.73910158 mark_acc=0.96364374
[epoch 185] backbone=rmtpp seed=42 train=-3.47074450 nll=-3.50924572 time_nll=-3.59948513 qty_mae=0.73491202 mark_acc=0.96243843
[epoch 186] backbone=rmtpp seed=42 train=-3.47043039 nll=-3.51394620 time_nll=-3.59948547 qty_mae=0.72526380 mark_acc=0.96508084
[epoch 187] backbone=rmtpp seed=42 train=-3.47035872 nll=-3.51147046 time_nll=-3.59948979 qty_mae=0.64897146 mark_acc=0.96411891
[epoch 188] backbone=rmtpp seed=42 train=-3.47081901 nll=-3.50311380 time_nll=-3.59948661 qty_mae=0.63851157 mark_acc=0.96107087
[epoch 189] backbone=rmtpp seed=42 train=-3.47094285 nll=-3.51372675 time_nll=-3.59948589 qty_mae=0.68964726 mark_acc=0.96504607
[epoch 190] backbone=rmtpp seed=42 train=-3.47050300 nll=-3.51043244 time_nll=-3.59948315 qty_mae=0.68709751 mark_acc=0.96299473
[epoch 191] backbone=rmtpp seed=42 train=-3.47074941 nll=-3.50710218 time_nll=-3.59948448 qty_mae=0.92375084 mark_acc=0.96241525
[epoch 192] backbone=rmtpp seed=42 train=-3.47080555 nll=-3.50638823 time_nll=-3.59948203 qty_mae=0.67260091 mark_acc=0.96199803
[epoch 193] backbone=rmtpp seed=42 train=-3.47086422 nll=-3.50281322 time_nll=-3.59947298 qty_mae=0.70139274 mark_acc=0.96072318
[epoch 194] backbone=rmtpp seed=42 train=-3.47068025 nll=-3.51123069 time_nll=-3.59948821 qty_mae=0.78210167 mark_acc=0.96554442
[epoch 195] backbone=rmtpp seed=42 train=-3.47068084 nll=-3.50800768 time_nll=-3.59947888 qty_mae=0.63787467 mark_acc=0.96312221
[epoch 196] backbone=rmtpp seed=42 train=-3.47108867 nll=-3.50690460 time_nll=-3.59948393 qty_mae=0.68191722 mark_acc=0.96269340
[epoch 197] backbone=rmtpp seed=42 train=-3.47102987 nll=-3.50740653 time_nll=-3.59948186 qty_mae=0.69911242 mark_acc=0.96255433
[epoch 198] backbone=rmtpp seed=42 train=-3.47078224 nll=-3.51004909 time_nll=-3.59948583 qty_mae=0.67427424 mark_acc=0.96311062
[epoch 199] backbone=rmtpp seed=42 train=-3.47090401 nll=-3.50373265 time_nll=-3.59948901 qty_mae=0.69192230 mark_acc=0.96210234
[epoch 200] backbone=rmtpp seed=42 train=-3.47095560 nll=-3.49979831 time_nll=-3.59948311 qty_mae=0.71022694 mark_acc=0.96072318
[epoch 201] backbone=rmtpp seed=42 train=-3.47087521 nll=-3.51167695 time_nll=-3.59948494 qty_mae=0.64580291 mark_acc=0.96366692
[epoch 202] backbone=rmtpp seed=42 train=-3.47098242 nll=-3.51131977 time_nll=-3.59948835 qty_mae=0.70814885 mark_acc=0.96389871
[epoch 203] backbone=rmtpp seed=42 train=-3.47090285 nll=-3.50557618 time_nll=-3.59948698 qty_mae=0.66982621 mark_acc=0.96225300
[epoch 204] backbone=rmtpp seed=42 train=-3.47086576 nll=-3.50656769 time_nll=-3.59948284 qty_mae=0.71486962 mark_acc=0.96249638
[epoch 205] backbone=rmtpp seed=42 train=-3.47112171 nll=-3.50541815 time_nll=-3.59948127 qty_mae=0.67987568 mark_acc=0.96247320
[epoch 206] backbone=rmtpp seed=42 train=-3.47087609 nll=-3.50738206 time_nll=-3.59947502 qty_mae=0.68508765 mark_acc=0.96231095
[epoch 207] backbone=rmtpp seed=42 train=-3.47096258 nll=-3.50704250 time_nll=-3.59948541 qty_mae=0.77107550 mark_acc=0.96233413
[epoch 208] backbone=rmtpp seed=42 train=-3.47072297 nll=-3.50755958 time_nll=-3.59948655 qty_mae=0.64792353 mark_acc=0.96315698
[epoch 209] backbone=rmtpp seed=42 train=-3.47109335 nll=-3.50459158 time_nll=-3.59948240 qty_mae=0.69836218 mark_acc=0.96213710
[epoch 210] backbone=rmtpp seed=42 train=-3.47091090 nll=-3.50583230 time_nll=-3.59948171 qty_mae=0.67561863 mark_acc=0.96242684
[epoch 211] backbone=rmtpp seed=42 train=-3.47095885 nll=-3.50154311 time_nll=-3.59948499 qty_mae=0.65287018 mark_acc=0.96103610
[epoch 212] backbone=rmtpp seed=42 train=-3.47062491 nll=-3.50539111 time_nll=-3.59947033 qty_mae=0.69120456 mark_acc=0.96152286
[epoch 213] backbone=rmtpp seed=42 train=-3.47139445 nll=-3.50545967 time_nll=-3.59948100 qty_mae=0.72169598 mark_acc=0.96133743
[epoch 214] backbone=rmtpp seed=42 train=-3.47104841 nll=-3.50352456 time_nll=-3.59947798 qty_mae=0.66771509 mark_acc=0.96188213
[epoch 215] backbone=rmtpp seed=42 train=-3.47073081 nll=-3.50759440 time_nll=-3.59948629 qty_mae=0.63460169 mark_acc=0.96169670
[epoch 216] backbone=rmtpp seed=42 train=-3.47092162 nll=-3.50442989 time_nll=-3.59948585 qty_mae=0.70200116 mark_acc=0.96251956
[epoch 217] backbone=rmtpp seed=42 train=-3.47126418 nll=-3.50982758 time_nll=-3.59948536 qty_mae=0.73478388 mark_acc=0.96342354
[epoch 218] backbone=rmtpp seed=42 train=-3.47103125 nll=-3.50365987 time_nll=-3.59948160 qty_mae=0.70357560 mark_acc=0.96108246
[epoch 219] backbone=rmtpp seed=42 train=-3.47112309 nll=-3.50248597 time_nll=-3.59947881 qty_mae=0.67783713 mark_acc=0.96204439
[epoch 220] backbone=rmtpp seed=42 train=-3.47078685 nll=-3.50817224 time_nll=-3.59947692 qty_mae=0.75387034 mark_acc=0.96250797
[epoch 221] backbone=rmtpp seed=42 train=-3.47090325 nll=-3.51075136 time_nll=-3.59948208 qty_mae=0.71278580 mark_acc=0.96413050
[epoch 222] backbone=rmtpp seed=42 train=-3.47108704 nll=-3.50977997 time_nll=-3.59948169 qty_mae=0.73246770 mark_acc=0.96245002
[epoch 223] backbone=rmtpp seed=42 train=-3.47101827 nll=-3.50610793 time_nll=-3.59948251 qty_mae=0.74928853 mark_acc=0.96161558
[epoch 224] backbone=rmtpp seed=42 train=-3.47128205 nll=-3.50791877 time_nll=-3.59948871 qty_mae=0.72156307 mark_acc=0.96323811
[epoch 225] backbone=rmtpp seed=42 train=-3.47120605 nll=-3.50595288 time_nll=-3.59948296 qty_mae=0.70964710 mark_acc=0.96255433
[epoch 226] backbone=rmtpp seed=42 train=-3.47088544 nll=-3.50010032 time_nll=-3.59948473 qty_mae=0.75978488 mark_acc=0.96024802
[early-stop] backbone=rmtpp seed=42 current_epoch=226 best_epoch=186
[epoch 001] backbone=rmtpp seed=52 train=1.72776040 nll=0.92962334 time_nll=0.81999553 qty_mae=1.02888115 mark_acc=0.96081590
[epoch 002] backbone=rmtpp seed=52 train=0.63319097 nll=0.29584673 time_nll=0.18942466 qty_mae=0.85422900 mark_acc=0.96012053
[epoch 003] backbone=rmtpp seed=52 train=0.19824311 nll=0.36402180 time_nll=0.25796587 qty_mae=1.16382409 mark_acc=0.95856754
[epoch 004] backbone=rmtpp seed=52 train=0.01458451 nll=0.05145861 time_nll=-0.05115507 qty_mae=0.99597979 mark_acc=0.96134902
[epoch 005] backbone=rmtpp seed=52 train=-0.68139414 nll=-1.03295702 time_nll=-1.13120032 qty_mae=0.82876092 mark_acc=0.96167352
[epoch 006] backbone=rmtpp seed=52 train=-1.12403864 nll=-1.29668070 time_nll=-1.39713684 qty_mae=0.79454837 mark_acc=0.96097815
[epoch 007] backbone=rmtpp seed=52 train=-1.34272888 nll=-1.50484006 time_nll=-1.59702622 qty_mae=0.78462933 mark_acc=0.96353943
[epoch 008] backbone=rmtpp seed=52 train=-1.52813886 nll=-1.67186353 time_nll=-1.76395798 qty_mae=0.76940405 mark_acc=0.96318016
[epoch 009] backbone=rmtpp seed=52 train=-1.68298916 nll=-1.81183570 time_nll=-1.90494999 qty_mae=0.80333727 mark_acc=0.96270499
[epoch 010] backbone=rmtpp seed=52 train=-1.81519241 nll=-1.93206320 time_nll=-2.02597125 qty_mae=0.73087290 mark_acc=0.96174306
[epoch 011] backbone=rmtpp seed=52 train=-1.92948975 nll=-2.04210485 time_nll=-2.13165415 qty_mae=0.74871597 mark_acc=0.96402619
[epoch 012] backbone=rmtpp seed=52 train=-2.03002751 nll=-2.13769894 time_nll=-2.22497697 qty_mae=0.74800113 mark_acc=0.96393348
[epoch 013] backbone=rmtpp seed=52 train=-2.11911492 nll=-2.21605964 time_nll=-2.30821079 qty_mae=0.71116092 mark_acc=0.96340036
[epoch 014] backbone=rmtpp seed=52 train=-2.19879991 nll=-2.29325533 time_nll=-2.38305535 qty_mae=0.74192845 mark_acc=0.96395666
[epoch 015] backbone=rmtpp seed=52 train=-2.27086661 nll=-2.36017916 time_nll=-2.45087860 qty_mae=0.75265718 mark_acc=0.96350466
[epoch 016] backbone=rmtpp seed=52 train=-2.33613004 nll=-2.42347098 time_nll=-2.51276083 qty_mae=0.74301291 mark_acc=0.96392189
[epoch 017] backbone=rmtpp seed=52 train=-2.39617210 nll=-2.48250782 time_nll=-2.56935915 qty_mae=0.68821012 mark_acc=0.96513878
[epoch 018] backbone=rmtpp seed=52 train=-2.45111045 nll=-2.53114039 time_nll=-2.62156380 qty_mae=0.67919526 mark_acc=0.96404937
[epoch 019] backbone=rmtpp seed=52 train=-2.50174178 nll=-2.57604148 time_nll=-2.66978823 qty_mae=0.68376980 mark_acc=0.96331923
[epoch 020] backbone=rmtpp seed=52 train=-2.54893450 nll=-2.62688889 time_nll=-2.71443400 qty_mae=0.68368437 mark_acc=0.96377122
[epoch 021] backbone=rmtpp seed=52 train=-2.59244711 nll=-2.66648974 time_nll=-2.75606059 qty_mae=0.73026938 mark_acc=0.96371328
[epoch 022] backbone=rmtpp seed=52 train=-2.63326478 nll=-2.70546102 time_nll=-2.79493215 qty_mae=0.76969979 mark_acc=0.96381758
[epoch 023] backbone=rmtpp seed=52 train=-2.67083205 nll=-2.73876280 time_nll=-2.83123787 qty_mae=0.67936586 mark_acc=0.96283247
[epoch 024] backbone=rmtpp seed=52 train=-2.70628164 nll=-2.77103794 time_nll=-2.86522667 qty_mae=0.66267627 mark_acc=0.96235730
[epoch 025] backbone=rmtpp seed=52 train=-2.73984511 nll=-2.80409132 time_nll=-2.89711916 qty_mae=0.68835152 mark_acc=0.96328446
[epoch 026] backbone=rmtpp seed=52 train=-2.77106813 nll=-2.83476846 time_nll=-2.92727616 qty_mae=0.72164590 mark_acc=0.96318016
[epoch 027] backbone=rmtpp seed=52 train=-2.80069136 nll=-2.86686561 time_nll=-2.95571659 qty_mae=0.67836986 mark_acc=0.96348149
[epoch 028] backbone=rmtpp seed=52 train=-2.82830341 nll=-2.88718027 time_nll=-2.98254955 qty_mae=0.68745686 mark_acc=0.96254274
[epoch 029] backbone=rmtpp seed=52 train=-2.85505900 nll=-2.91759954 time_nll=-3.00790453 qty_mae=0.67509796 mark_acc=0.96374804
[epoch 030] backbone=rmtpp seed=52 train=-2.87999087 nll=-2.94517571 time_nll=-3.03188024 qty_mae=0.66439881 mark_acc=0.96458249
[epoch 031] backbone=rmtpp seed=52 train=-2.90360947 nll=-2.96343503 time_nll=-3.05460269 qty_mae=0.65524462 mark_acc=0.96299473
[epoch 032] backbone=rmtpp seed=52 train=-2.92584381 nll=-2.98662193 time_nll=-3.07614642 qty_mae=0.67155224 mark_acc=0.96477951
[epoch 033] backbone=rmtpp seed=52 train=-2.94710307 nll=-3.00897781 time_nll=-3.09660223 qty_mae=0.64814485 mark_acc=0.96454772
[epoch 034] backbone=rmtpp seed=52 train=-2.96753930 nll=-3.02913285 time_nll=-3.11607454 qty_mae=0.65046177 mark_acc=0.96473315
[epoch 035] backbone=rmtpp seed=52 train=-2.98653057 nll=-3.04126279 time_nll=-3.13474111 qty_mae=0.63239285 mark_acc=0.96307585
[epoch 036] backbone=rmtpp seed=52 train=-3.00511157 nll=-3.06508297 time_nll=-3.15253902 qty_mae=0.63551023 mark_acc=0.96512719
[epoch 037] backbone=rmtpp seed=52 train=-3.02263278 nll=-3.07739439 time_nll=-3.16937871 qty_mae=0.65131865 mark_acc=0.96256592
[epoch 038] backbone=rmtpp seed=52 train=-3.03933850 nll=-3.09509927 time_nll=-3.18538449 qty_mae=0.67034521 mark_acc=0.96342354
[epoch 039] backbone=rmtpp seed=52 train=-3.05502567 nll=-3.10797523 time_nll=-3.20067166 qty_mae=0.70511088 mark_acc=0.96345831
[epoch 040] backbone=rmtpp seed=52 train=-3.07004169 nll=-3.12461903 time_nll=-3.21523420 qty_mae=0.71162408 mark_acc=0.96336559
[epoch 041] backbone=rmtpp seed=52 train=-3.08464783 nll=-3.13892520 time_nll=-3.22920402 qty_mae=0.64880764 mark_acc=0.96417686
[epoch 042] backbone=rmtpp seed=52 train=-3.09851554 nll=-3.15099775 time_nll=-3.24268942 qty_mae=0.66382848 mark_acc=0.96267022
[epoch 043] backbone=rmtpp seed=52 train=-3.11209825 nll=-3.16558859 time_nll=-3.25578592 qty_mae=0.70262604 mark_acc=0.96380599
[epoch 044] backbone=rmtpp seed=52 train=-3.12495605 nll=-3.17883814 time_nll=-3.26829623 qty_mae=0.70183010 mark_acc=0.96477951
[epoch 045] backbone=rmtpp seed=52 train=-3.13745243 nll=-3.19001384 time_nll=-3.28028744 qty_mae=0.64720587 mark_acc=0.96382917
[epoch 046] backbone=rmtpp seed=52 train=-3.14918231 nll=-3.20670606 time_nll=-3.29177774 qty_mae=0.67200435 mark_acc=0.96527786
[epoch 047] backbone=rmtpp seed=52 train=-3.16072015 nll=-3.20581500 time_nll=-3.30280388 qty_mae=0.76800453 mark_acc=0.96140697
[epoch 048] backbone=rmtpp seed=52 train=-3.17166475 nll=-3.22552065 time_nll=-3.31338147 qty_mae=0.68575510 mark_acc=0.96505766
[epoch 049] backbone=rmtpp seed=52 train=-3.18226850 nll=-3.23523598 time_nll=-3.32351941 qty_mae=0.61787820 mark_acc=0.96541693
[epoch 050] backbone=rmtpp seed=52 train=-3.19228819 nll=-3.24421400 time_nll=-3.33327543 qty_mae=0.73057440 mark_acc=0.96464044
[epoch 051] backbone=rmtpp seed=52 train=-3.20198274 nll=-3.25090274 time_nll=-3.34263303 qty_mae=0.70036389 mark_acc=0.96297155
[epoch 052] backbone=rmtpp seed=52 train=-3.21136545 nll=-3.26312647 time_nll=-3.35162708 qty_mae=0.68898949 mark_acc=0.96424639
[epoch 053] backbone=rmtpp seed=52 train=-3.22045767 nll=-3.27455914 time_nll=-3.36027106 qty_mae=0.66421153 mark_acc=0.96486064
[epoch 054] backbone=rmtpp seed=52 train=-3.22908773 nll=-3.27510103 time_nll=-3.36860555 qty_mae=0.65206951 mark_acc=0.96299473
[epoch 055] backbone=rmtpp seed=52 train=-3.23708394 nll=-3.28648654 time_nll=-3.37660406 qty_mae=0.64223726 mark_acc=0.96442024
[epoch 056] backbone=rmtpp seed=52 train=-3.24503309 nll=-3.29023148 time_nll=-3.38426928 qty_mae=0.65768576 mark_acc=0.96138379
[epoch 057] backbone=rmtpp seed=52 train=-3.25272528 nll=-3.29646458 time_nll=-3.39166093 qty_mae=0.64277059 mark_acc=0.96165034
[epoch 058] backbone=rmtpp seed=52 train=-3.26027332 nll=-3.31027997 time_nll=-3.39879000 qty_mae=0.72534067 mark_acc=0.96438547
[epoch 059] backbone=rmtpp seed=52 train=-3.26713521 nll=-3.31622796 time_nll=-3.40568849 qty_mae=0.64829813 mark_acc=0.96363215
[epoch 060] backbone=rmtpp seed=52 train=-3.27394264 nll=-3.31983074 time_nll=-3.41226354 qty_mae=0.65650355 mark_acc=0.96261227
[epoch 061] backbone=rmtpp seed=52 train=-3.28064606 nll=-3.32716312 time_nll=-3.41861696 qty_mae=0.71442888 mark_acc=0.96216028
[epoch 062] backbone=rmtpp seed=52 train=-3.28700848 nll=-3.33164668 time_nll=-3.42478069 qty_mae=0.68113645 mark_acc=0.96277453
[epoch 063] backbone=rmtpp seed=52 train=-3.29311956 nll=-3.33970991 time_nll=-3.43066511 qty_mae=0.63018634 mark_acc=0.96312221
[epoch 064] backbone=rmtpp seed=52 train=-3.29928780 nll=-3.34956683 time_nll=-3.43635790 qty_mae=0.64721913 mark_acc=0.96489540
[epoch 065] backbone=rmtpp seed=52 train=-3.30488694 nll=-3.35374466 time_nll=-3.44190075 qty_mae=0.69442662 mark_acc=0.96377122
[epoch 066] backbone=rmtpp seed=52 train=-3.31030364 nll=-3.35764151 time_nll=-3.44715304 qty_mae=0.68631837 mark_acc=0.96469838
[epoch 067] backbone=rmtpp seed=52 train=-3.31532516 nll=-3.36045066 time_nll=-3.45229294 qty_mae=0.70275372 mark_acc=0.96294837
[epoch 068] backbone=rmtpp seed=52 train=-3.32074334 nll=-3.36554120 time_nll=-3.45720596 qty_mae=0.70531576 mark_acc=0.96443182
[epoch 069] backbone=rmtpp seed=52 train=-3.32577174 nll=-3.37165979 time_nll=-3.46197198 qty_mae=0.66816927 mark_acc=0.96314539
[epoch 070] backbone=rmtpp seed=52 train=-3.33028627 nll=-3.37563534 time_nll=-3.46656117 qty_mae=0.67629734 mark_acc=0.96319175
[epoch 071] backbone=rmtpp seed=52 train=-3.33519308 nll=-3.37922371 time_nll=-3.47099447 qty_mae=0.72316690 mark_acc=0.96235730
[epoch 072] backbone=rmtpp seed=52 train=-3.33937689 nll=-3.38512815 time_nll=-3.47527943 qty_mae=0.64068754 mark_acc=0.96396824
[epoch 073] backbone=rmtpp seed=52 train=-3.34379749 nll=-3.38806430 time_nll=-3.47940826 qty_mae=0.70964410 mark_acc=0.96206757
[epoch 074] backbone=rmtpp seed=52 train=-3.34792102 nll=-3.39014548 time_nll=-3.48339656 qty_mae=0.71455493 mark_acc=0.96344672
[epoch 075] backbone=rmtpp seed=52 train=-3.35180481 nll=-3.39584617 time_nll=-3.48727438 qty_mae=0.63668238 mark_acc=0.96308744
[epoch 076] backbone=rmtpp seed=52 train=-3.35570391 nll=-3.39814367 time_nll=-3.49096706 qty_mae=0.65139452 mark_acc=0.96187055
[epoch 077] backbone=rmtpp seed=52 train=-3.35966001 nll=-3.40909625 time_nll=-3.49463786 qty_mae=0.64670717 mark_acc=0.96474474
[epoch 078] backbone=rmtpp seed=52 train=-3.36328270 nll=-3.40253663 time_nll=-3.49803493 qty_mae=0.66972817 mark_acc=0.96226459
[epoch 079] backbone=rmtpp seed=52 train=-3.36668257 nll=-3.41444557 time_nll=-3.50142585 qty_mae=0.64359066 mark_acc=0.96454772
[epoch 080] backbone=rmtpp seed=52 train=-3.37001530 nll=-3.41567232 time_nll=-3.50466605 qty_mae=0.64062938 mark_acc=0.96406096
[epoch 081] backbone=rmtpp seed=52 train=-3.37289877 nll=-3.42138121 time_nll=-3.50778140 qty_mae=0.71567727 mark_acc=0.96473315
[epoch 082] backbone=rmtpp seed=52 train=-3.37639204 nll=-3.41714089 time_nll=-3.51088041 qty_mae=0.62766819 mark_acc=0.96211392
[epoch 083] backbone=rmtpp seed=52 train=-3.37961512 nll=-3.42354312 time_nll=-3.51376049 qty_mae=0.66686302 mark_acc=0.96327287
[epoch 084] backbone=rmtpp seed=52 train=-3.38244718 nll=-3.42543671 time_nll=-3.51657632 qty_mae=0.64819502 mark_acc=0.96269340
[epoch 085] backbone=rmtpp seed=52 train=-3.38538953 nll=-3.43099114 time_nll=-3.51939210 qty_mae=0.67480275 mark_acc=0.96433911
[epoch 086] backbone=rmtpp seed=52 train=-3.38790211 nll=-3.43243428 time_nll=-3.52198340 qty_mae=0.65979591 mark_acc=0.96367851
[epoch 087] backbone=rmtpp seed=52 train=-3.39053693 nll=-3.43029847 time_nll=-3.52452480 qty_mae=0.67671518 mark_acc=0.96133743
[epoch 088] backbone=rmtpp seed=52 train=-3.39345177 nll=-3.43150880 time_nll=-3.52704781 qty_mae=0.66142609 mark_acc=0.96267022
[epoch 089] backbone=rmtpp seed=52 train=-3.39570762 nll=-3.43876231 time_nll=-3.52944242 qty_mae=0.68210140 mark_acc=0.96321493
[epoch 090] backbone=rmtpp seed=52 train=-3.39827683 nll=-3.44032533 time_nll=-3.53171504 qty_mae=0.68540572 mark_acc=0.96453613
[epoch 091] backbone=rmtpp seed=52 train=-3.40071163 nll=-3.44362540 time_nll=-3.53397301 qty_mae=0.63643263 mark_acc=0.96435070
[epoch 092] backbone=rmtpp seed=52 train=-3.40308071 nll=-3.44356025 time_nll=-3.53624528 qty_mae=0.67742220 mark_acc=0.96232254
[epoch 093] backbone=rmtpp seed=52 train=-3.40521418 nll=-3.44742264 time_nll=-3.53824984 qty_mae=0.69952703 mark_acc=0.96418845
[epoch 094] backbone=rmtpp seed=52 train=-3.40713431 nll=-3.44671913 time_nll=-3.54025743 qty_mae=0.66472596 mark_acc=0.96268181
[epoch 095] backbone=rmtpp seed=52 train=-3.40953308 nll=-3.44323437 time_nll=-3.54225993 qty_mae=0.61106739 mark_acc=0.96183578
[epoch 096] backbone=rmtpp seed=52 train=-3.41151227 nll=-3.45656182 time_nll=-3.54425645 qty_mae=0.63798013 mark_acc=0.96433911
[epoch 097] backbone=rmtpp seed=52 train=-3.41339914 nll=-3.45568805 time_nll=-3.54601496 qty_mae=0.61896160 mark_acc=0.96267022
[epoch 098] backbone=rmtpp seed=52 train=-3.41511792 nll=-3.45797728 time_nll=-3.54775639 qty_mae=0.75373349 mark_acc=0.96387553
[epoch 099] backbone=rmtpp seed=52 train=-3.41690526 nll=-3.45876961 time_nll=-3.54949257 qty_mae=0.63153393 mark_acc=0.96284406
[epoch 100] backbone=rmtpp seed=52 train=-3.41871374 nll=-3.46189910 time_nll=-3.55122296 qty_mae=0.68351049 mark_acc=0.96436229
[epoch 101] backbone=rmtpp seed=52 train=-3.42043212 nll=-3.46584409 time_nll=-3.55288138 qty_mae=0.62168120 mark_acc=0.96432752
[epoch 102] backbone=rmtpp seed=52 train=-3.42216865 nll=-3.46392719 time_nll=-3.55436645 qty_mae=0.66083807 mark_acc=0.96341195
[epoch 103] backbone=rmtpp seed=52 train=-3.42357743 nll=-3.46108357 time_nll=-3.55582244 qty_mae=0.65044771 mark_acc=0.96203280
[epoch 104] backbone=rmtpp seed=52 train=-3.42520730 nll=-3.46777533 time_nll=-3.55732110 qty_mae=0.61960947 mark_acc=0.96384076
[epoch 105] backbone=rmtpp seed=52 train=-3.42664801 nll=-3.46488464 time_nll=-3.55879526 qty_mae=0.67067095 mark_acc=0.96364374
[epoch 106] backbone=rmtpp seed=52 train=-3.42819651 nll=-3.47194076 time_nll=-3.56026654 qty_mae=0.70993168 mark_acc=0.96334241
[epoch 107] backbone=rmtpp seed=52 train=-3.42970845 nll=-3.47270478 time_nll=-3.56152040 qty_mae=0.71099791 mark_acc=0.96413050
[epoch 108] backbone=rmtpp seed=52 train=-3.43097588 nll=-3.47439821 time_nll=-3.56274532 qty_mae=0.68455852 mark_acc=0.96486064
[epoch 109] backbone=rmtpp seed=52 train=-3.43217249 nll=-3.46454522 time_nll=-3.56396336 qty_mae=0.64156239 mark_acc=0.96212551
[epoch 110] backbone=rmtpp seed=52 train=-3.43338173 nll=-3.47354361 time_nll=-3.56518885 qty_mae=0.67177383 mark_acc=0.96389871
[epoch 111] backbone=rmtpp seed=52 train=-3.43476160 nll=-3.47155438 time_nll=-3.56640823 qty_mae=0.66101287 mark_acc=0.96174306
[epoch 112] backbone=rmtpp seed=52 train=-3.43623045 nll=-3.47272150 time_nll=-3.56762279 qty_mae=0.67049041 mark_acc=0.96277453
[epoch 113] backbone=rmtpp seed=52 train=-3.43732528 nll=-3.47371822 time_nll=-3.56874445 qty_mae=0.67964372 mark_acc=0.96141855
[epoch 114] backbone=rmtpp seed=52 train=-3.43843851 nll=-3.47957211 time_nll=-3.56971818 qty_mae=0.69205139 mark_acc=0.96270499
[epoch 115] backbone=rmtpp seed=52 train=-3.43915483 nll=-3.48072533 time_nll=-3.57069008 qty_mae=0.75493695 mark_acc=0.96411891
[epoch 116] backbone=rmtpp seed=52 train=-3.44029047 nll=-3.47521976 time_nll=-3.57165990 qty_mae=0.64659356 mark_acc=0.96129107
[epoch 117] backbone=rmtpp seed=52 train=-3.44144075 nll=-3.48284172 time_nll=-3.57262960 qty_mae=0.67952764 mark_acc=0.96415368
[epoch 118] backbone=rmtpp seed=52 train=-3.44250625 nll=-3.48384104 time_nll=-3.57359546 qty_mae=0.65584600 mark_acc=0.96324970
[epoch 119] backbone=rmtpp seed=52 train=-3.44328290 nll=-3.49147355 time_nll=-3.57456668 qty_mae=0.67226476 mark_acc=0.96532422
[epoch 120] backbone=rmtpp seed=52 train=-3.44440636 nll=-3.48510522 time_nll=-3.57553555 qty_mae=0.66418202 mark_acc=0.96346990
[epoch 121] backbone=rmtpp seed=52 train=-3.44536619 nll=-3.48696427 time_nll=-3.57643151 qty_mae=0.68741014 mark_acc=0.96348149
[epoch 122] backbone=rmtpp seed=52 train=-3.44629417 nll=-3.48246187 time_nll=-3.57715337 qty_mae=0.66223504 mark_acc=0.96240366
[epoch 123] backbone=rmtpp seed=52 train=-3.44708157 nll=-3.47992202 time_nll=-3.57788020 qty_mae=0.70383738 mark_acc=0.96122153
[epoch 124] backbone=rmtpp seed=52 train=-3.44785432 nll=-3.48496910 time_nll=-3.57860178 qty_mae=0.64098718 mark_acc=0.96227618
[epoch 125] backbone=rmtpp seed=52 train=-3.44853555 nll=-3.48110569 time_nll=-3.57932385 qty_mae=0.66121568 mark_acc=0.96078113
[epoch 126] backbone=rmtpp seed=52 train=-3.44938219 nll=-3.48735508 time_nll=-3.58004582 qty_mae=0.74231764 mark_acc=0.96258909
[epoch 127] backbone=rmtpp seed=52 train=-3.45004206 nll=-3.49247459 time_nll=-3.58076279 qty_mae=0.65583683 mark_acc=0.96477951
[epoch 128] backbone=rmtpp seed=52 train=-3.45062562 nll=-3.48951461 time_nll=-3.58148559 qty_mae=0.67865166 mark_acc=0.96451295
[epoch 129] backbone=rmtpp seed=52 train=-3.45174683 nll=-3.48571530 time_nll=-3.58220386 qty_mae=0.68212195 mark_acc=0.96238048
[epoch 130] backbone=rmtpp seed=52 train=-3.45236123 nll=-3.48510850 time_nll=-3.58292493 qty_mae=0.63543759 mark_acc=0.96131425
[epoch 131] backbone=rmtpp seed=52 train=-3.45287326 nll=-3.49411193 time_nll=-3.58364082 qty_mae=0.67568398 mark_acc=0.96407255
[epoch 132] backbone=rmtpp seed=52 train=-3.45356203 nll=-3.49427962 time_nll=-3.58425699 qty_mae=0.63064133 mark_acc=0.96436229
[epoch 133] backbone=rmtpp seed=52 train=-3.45451389 nll=-3.50064655 time_nll=-3.58472892 qty_mae=0.63379703 mark_acc=0.96557919
[epoch 134] backbone=rmtpp seed=52 train=-3.45489090 nll=-3.49231963 time_nll=-3.58520447 qty_mae=0.65213758 mark_acc=0.96341195
[epoch 135] backbone=rmtpp seed=52 train=-3.45527942 nll=-3.49341154 time_nll=-3.58568393 qty_mae=0.68663504 mark_acc=0.96374804
[epoch 136] backbone=rmtpp seed=52 train=-3.45578375 nll=-3.49963332 time_nll=-3.58615422 qty_mae=0.61593303 mark_acc=0.96525468
[epoch 137] backbone=rmtpp seed=52 train=-3.45648004 nll=-3.49447399 time_nll=-3.58662951 qty_mae=0.72513806 mark_acc=0.96297155
[epoch 138] backbone=rmtpp seed=52 train=-3.45679635 nll=-3.48627696 time_nll=-3.58710561 qty_mae=0.65457998 mark_acc=0.96221823
[epoch 139] backbone=rmtpp seed=52 train=-3.45732447 nll=-3.49425776 time_nll=-3.58758428 qty_mae=0.71902376 mark_acc=0.96245002
[epoch 140] backbone=rmtpp seed=52 train=-3.45784461 nll=-3.49624514 time_nll=-3.58805798 qty_mae=0.64092250 mark_acc=0.96356261
[epoch 141] backbone=rmtpp seed=52 train=-3.45856288 nll=-3.50076812 time_nll=-3.58852842 qty_mae=0.64411530 mark_acc=0.96527786
[epoch 142] backbone=rmtpp seed=52 train=-3.45894209 nll=-3.49744392 time_nll=-3.58900117 qty_mae=0.69513442 mark_acc=0.96450136
[epoch 143] backbone=rmtpp seed=52 train=-3.45944867 nll=-3.49489754 time_nll=-3.58947166 qty_mae=0.68853485 mark_acc=0.96264704
[epoch 144] backbone=rmtpp seed=52 train=-3.46007333 nll=-3.49417331 time_nll=-3.58994769 qty_mae=0.66756138 mark_acc=0.96255433
[epoch 145] backbone=rmtpp seed=52 train=-3.46051390 nll=-3.49895699 time_nll=-3.59042475 qty_mae=0.69602696 mark_acc=0.96387553
[epoch 146] backbone=rmtpp seed=52 train=-3.46085326 nll=-3.49900332 time_nll=-3.59089637 qty_mae=0.68597625 mark_acc=0.96282088
[epoch 147] backbone=rmtpp seed=52 train=-3.46144083 nll=-3.50196373 time_nll=-3.59136969 qty_mae=0.63727967 mark_acc=0.96435070
[epoch 148] backbone=rmtpp seed=52 train=-3.46189564 nll=-3.49758084 time_nll=-3.59181878 qty_mae=0.69152638 mark_acc=0.96181260
[epoch 149] backbone=rmtpp seed=52 train=-3.46244580 nll=-3.49721393 time_nll=-3.59205521 qty_mae=0.63672507 mark_acc=0.96251956
[epoch 150] backbone=rmtpp seed=52 train=-3.46246255 nll=-3.49319285 time_nll=-3.59228980 qty_mae=0.66082555 mark_acc=0.96111723
[epoch 151] backbone=rmtpp seed=52 train=-3.46287503 nll=-3.49819355 time_nll=-3.59252245 qty_mae=0.68739414 mark_acc=0.96225300
[epoch 152] backbone=rmtpp seed=52 train=-3.46291605 nll=-3.50149899 time_nll=-3.59275393 qty_mae=0.62483521 mark_acc=0.96351625
[epoch 153] backbone=rmtpp seed=52 train=-3.46333805 nll=-3.50250888 time_nll=-3.59299117 qty_mae=0.68176411 mark_acc=0.96379440
[epoch 154] backbone=rmtpp seed=52 train=-3.46348588 nll=-3.49897323 time_nll=-3.59322550 qty_mae=0.63440092 mark_acc=0.96207916
[epoch 155] backbone=rmtpp seed=52 train=-3.46396291 nll=-3.50055956 time_nll=-3.59346168 qty_mae=0.64560294 mark_acc=0.96335400
[epoch 156] backbone=rmtpp seed=52 train=-3.46425963 nll=-3.49358580 time_nll=-3.59369372 qty_mae=0.69577620 mark_acc=0.96072318
[epoch 157] backbone=rmtpp seed=52 train=-3.46438183 nll=-3.50365032 time_nll=-3.59392865 qty_mae=0.66955724 mark_acc=0.96377122
[epoch 158] backbone=rmtpp seed=52 train=-3.46475134 nll=-3.49729973 time_nll=-3.59416408 qty_mae=0.66426772 mark_acc=0.96155763
[epoch 159] backbone=rmtpp seed=52 train=-3.46489171 nll=-3.49713782 time_nll=-3.59439879 qty_mae=0.70269613 mark_acc=0.95913542
[epoch 160] backbone=rmtpp seed=52 train=-3.46526034 nll=-3.50258154 time_nll=-3.59463188 qty_mae=0.61743566 mark_acc=0.96401460
[epoch 161] backbone=rmtpp seed=52 train=-3.46528090 nll=-3.50503987 time_nll=-3.59487156 qty_mae=0.68133950 mark_acc=0.96379440
[epoch 162] backbone=rmtpp seed=52 train=-3.46590107 nll=-3.50039167 time_nll=-3.59510395 qty_mae=0.66505521 mark_acc=0.96294837
[epoch 163] backbone=rmtpp seed=52 train=-3.46609204 nll=-3.50468499 time_nll=-3.59533829 qty_mae=0.71721099 mark_acc=0.96433911
[epoch 164] backbone=rmtpp seed=52 train=-3.46606314 nll=-3.50015325 time_nll=-3.59557536 qty_mae=0.63474703 mark_acc=0.96185896
[epoch 165] backbone=rmtpp seed=52 train=-3.46659669 nll=-3.50269130 time_nll=-3.59581158 qty_mae=0.64594537 mark_acc=0.96349308
[epoch 166] backbone=rmtpp seed=52 train=-3.46656296 nll=-3.50201299 time_nll=-3.59603860 qty_mae=0.65901062 mark_acc=0.96351625
[epoch 167] backbone=rmtpp seed=52 train=-3.46709459 nll=-3.50216024 time_nll=-3.59627414 qty_mae=0.72648093 mark_acc=0.96309903
[epoch 168] backbone=rmtpp seed=52 train=-3.46719941 nll=-3.49719033 time_nll=-3.59649949 qty_mae=0.65817409 mark_acc=0.96254274
[epoch 169] backbone=rmtpp seed=52 train=-3.46769801 nll=-3.49511583 time_nll=-3.59674675 qty_mae=0.65967613 mark_acc=0.96044504
[epoch 170] backbone=rmtpp seed=52 train=-3.46783878 nll=-3.50176569 time_nll=-3.59697675 qty_mae=0.69501919 mark_acc=0.96136061
[epoch 171] backbone=rmtpp seed=52 train=-3.46826876 nll=-3.50404057 time_nll=-3.59721493 qty_mae=0.72762183 mark_acc=0.96386394
[epoch 172] backbone=rmtpp seed=52 train=-3.46861137 nll=-3.50254083 time_nll=-3.59745187 qty_mae=0.69516514 mark_acc=0.96165034
[epoch 173] backbone=rmtpp seed=52 train=-3.46860259 nll=-3.50412809 time_nll=-3.59768531 qty_mae=0.64605882 mark_acc=0.96293678
[epoch 174] backbone=rmtpp seed=52 train=-3.46889619 nll=-3.50926124 time_nll=-3.59792037 qty_mae=0.65236789 mark_acc=0.96466361
[epoch 175] backbone=rmtpp seed=52 train=-3.46909964 nll=-3.50273003 time_nll=-3.59815509 qty_mae=0.80041279 mark_acc=0.96342354
[epoch 176] backbone=rmtpp seed=52 train=-3.46926401 nll=-3.50015318 time_nll=-3.59838521 qty_mae=0.67292050 mark_acc=0.96114041
[epoch 177] backbone=rmtpp seed=52 train=-3.46963962 nll=-3.50155752 time_nll=-3.59861056 qty_mae=0.66686874 mark_acc=0.96102451
[epoch 178] backbone=rmtpp seed=52 train=-3.47004326 nll=-3.50081490 time_nll=-3.59884546 qty_mae=0.70268276 mark_acc=0.96141855
[epoch 179] backbone=rmtpp seed=52 train=-3.47028404 nll=-3.50644350 time_nll=-3.59907862 qty_mae=0.64542212 mark_acc=0.96343513
[epoch 180] backbone=rmtpp seed=52 train=-3.47071473 nll=-3.50771061 time_nll=-3.59930831 qty_mae=0.66838517 mark_acc=0.96428116
[epoch 181] backbone=rmtpp seed=52 train=-3.47050909 nll=-3.50651069 time_nll=-3.59948669 qty_mae=0.64985839 mark_acc=0.96198644
[epoch 182] backbone=rmtpp seed=52 train=-3.47075852 nll=-3.50384575 time_nll=-3.59948536 qty_mae=0.68128774 mark_acc=0.96241525
[epoch 183] backbone=rmtpp seed=52 train=-3.47075860 nll=-3.50727360 time_nll=-3.59948671 qty_mae=0.63609147 mark_acc=0.96263545
[epoch 184] backbone=rmtpp seed=52 train=-3.47100417 nll=-3.50118562 time_nll=-3.59948950 qty_mae=0.71744005 mark_acc=0.96147650
[epoch 185] backbone=rmtpp seed=52 train=-3.47084759 nll=-3.50650304 time_nll=-3.59946596 qty_mae=0.69121023 mark_acc=0.96402619
[epoch 186] backbone=rmtpp seed=52 train=-3.47079228 nll=-3.50483271 time_nll=-3.59948625 qty_mae=0.69207168 mark_acc=0.96272817
[epoch 187] backbone=rmtpp seed=52 train=-3.47089081 nll=-3.50969578 time_nll=-3.59948185 qty_mae=0.67083818 mark_acc=0.96439706
[epoch 188] backbone=rmtpp seed=52 train=-3.47108295 nll=-3.49863490 time_nll=-3.59948786 qty_mae=0.65243989 mark_acc=0.96038709
[epoch 189] backbone=rmtpp seed=52 train=-3.47101039 nll=-3.50493697 time_nll=-3.59948745 qty_mae=0.61832752 mark_acc=0.96275135
[epoch 190] backbone=rmtpp seed=52 train=-3.47095131 nll=-3.50383894 time_nll=-3.59948269 qty_mae=0.69951583 mark_acc=0.96192849
[epoch 191] backbone=rmtpp seed=52 train=-3.47110088 nll=-3.50720038 time_nll=-3.59947982 qty_mae=0.64531741 mark_acc=0.96231095
[epoch 192] backbone=rmtpp seed=52 train=-3.47092925 nll=-3.50619885 time_nll=-3.59948394 qty_mae=0.69910454 mark_acc=0.96261227
[epoch 193] backbone=rmtpp seed=52 train=-3.47106366 nll=-3.50161132 time_nll=-3.59948695 qty_mae=0.64765377 mark_acc=0.96217187
[epoch 194] backbone=rmtpp seed=52 train=-3.47116247 nll=-3.50748972 time_nll=-3.59948669 qty_mae=0.70088827 mark_acc=0.96320334
[epoch 195] backbone=rmtpp seed=52 train=-3.47119119 nll=-3.50208587 time_nll=-3.59948446 qty_mae=0.64810111 mark_acc=0.96187055
[epoch 196] backbone=rmtpp seed=52 train=-3.47140037 nll=-3.50509913 time_nll=-3.59948446 qty_mae=0.64200864 mark_acc=0.96348149
[epoch 197] backbone=rmtpp seed=52 train=-3.47121597 nll=-3.50079627 time_nll=-3.59948250 qty_mae=0.66781570 mark_acc=0.96125630
[epoch 198] backbone=rmtpp seed=52 train=-3.47114828 nll=-3.50125022 time_nll=-3.59948620 qty_mae=0.63506758 mark_acc=0.96154604
[epoch 199] backbone=rmtpp seed=52 train=-3.47149184 nll=-3.50431082 time_nll=-3.59948841 qty_mae=0.65328894 mark_acc=0.96176624
[epoch 200] backbone=rmtpp seed=52 train=-3.47127258 nll=-3.51004617 time_nll=-3.59948276 qty_mae=0.62775695 mark_acc=0.96430434
[epoch 201] backbone=rmtpp seed=52 train=-3.47119789 nll=-3.50437957 time_nll=-3.59948603 qty_mae=0.64654996 mark_acc=0.96311062
[epoch 202] backbone=rmtpp seed=52 train=-3.47126193 nll=-3.50906015 time_nll=-3.59947350 qty_mae=0.66228792 mark_acc=0.96474474
[epoch 203] backbone=rmtpp seed=52 train=-3.47133576 nll=-3.50508651 time_nll=-3.59948325 qty_mae=0.63761614 mark_acc=0.96178942
[epoch 204] backbone=rmtpp seed=52 train=-3.47127866 nll=-3.50538971 time_nll=-3.59948333 qty_mae=0.62615058 mark_acc=0.96302950
[epoch 205] backbone=rmtpp seed=52 train=-3.47115767 nll=-3.50444847 time_nll=-3.59948170 qty_mae=0.69126866 mark_acc=0.96254274
[epoch 206] backbone=rmtpp seed=52 train=-3.47158716 nll=-3.50156771 time_nll=-3.59948704 qty_mae=0.64355708 mark_acc=0.96092021
[epoch 207] backbone=rmtpp seed=52 train=-3.47153729 nll=-3.51040855 time_nll=-3.59948653 qty_mae=0.62366621 mark_acc=0.96431593
[epoch 208] backbone=rmtpp seed=52 train=-3.47138230 nll=-3.50219714 time_nll=-3.59948248 qty_mae=0.66036895 mark_acc=0.96146491
[epoch 209] backbone=rmtpp seed=52 train=-3.47159093 nll=-3.50451772 time_nll=-3.59948105 qty_mae=0.66370336 mark_acc=0.96218346
[epoch 210] backbone=rmtpp seed=52 train=-3.47175655 nll=-3.50529698 time_nll=-3.59948477 qty_mae=0.63507892 mark_acc=0.96315698
[epoch 211] backbone=rmtpp seed=52 train=-3.47176885 nll=-3.51247952 time_nll=-3.59947939 qty_mae=0.63207484 mark_acc=0.96524309
[epoch 212] backbone=rmtpp seed=52 train=-3.47179282 nll=-3.50375222 time_nll=-3.59948814 qty_mae=0.65262202 mark_acc=0.96209075
[epoch 213] backbone=rmtpp seed=52 train=-3.47143624 nll=-3.50753182 time_nll=-3.59948737 qty_mae=0.68972807 mark_acc=0.96340036
[epoch 214] backbone=rmtpp seed=52 train=-3.47150351 nll=-3.50325826 time_nll=-3.59948875 qty_mae=0.66366428 mark_acc=0.96229936
[epoch 215] backbone=rmtpp seed=52 train=-3.47153960 nll=-3.50864392 time_nll=-3.59948396 qty_mae=0.67672669 mark_acc=0.96406096
[epoch 216] backbone=rmtpp seed=52 train=-3.47167725 nll=-3.50572630 time_nll=-3.59948039 qty_mae=0.71150851 mark_acc=0.96319175
[epoch 217] backbone=rmtpp seed=52 train=-3.47154909 nll=-3.50670810 time_nll=-3.59947924 qty_mae=0.62473923 mark_acc=0.96410732
[epoch 218] backbone=rmtpp seed=52 train=-3.47120038 nll=-3.50809708 time_nll=-3.59948877 qty_mae=0.65926958 mark_acc=0.96295996
[epoch 219] backbone=rmtpp seed=52 train=-3.47174725 nll=-3.50479781 time_nll=-3.59948148 qty_mae=0.66573881 mark_acc=0.96299473
[epoch 220] backbone=rmtpp seed=52 train=-3.47178409 nll=-3.50637696 time_nll=-3.59948077 qty_mae=0.71381827 mark_acc=0.96355102
[epoch 221] backbone=rmtpp seed=52 train=-3.47162930 nll=-3.50419540 time_nll=-3.59948839 qty_mae=0.70074729 mark_acc=0.96246161
[epoch 222] backbone=rmtpp seed=52 train=-3.47184591 nll=-3.50584560 time_nll=-3.59947661 qty_mae=0.66243929 mark_acc=0.96286724
[epoch 223] backbone=rmtpp seed=52 train=-3.47173452 nll=-3.50737499 time_nll=-3.59948422 qty_mae=0.68004275 mark_acc=0.96335400
[epoch 224] backbone=rmtpp seed=52 train=-3.47178891 nll=-3.50693743 time_nll=-3.59948197 qty_mae=0.66657617 mark_acc=0.96437388
[epoch 225] backbone=rmtpp seed=52 train=-3.47167267 nll=-3.50515902 time_nll=-3.59948174 qty_mae=0.68772810 mark_acc=0.96311062
[epoch 226] backbone=rmtpp seed=52 train=-3.47185002 nll=-3.50709413 time_nll=-3.59948418 qty_mae=0.64475512 mark_acc=0.96442024
[epoch 227] backbone=rmtpp seed=52 train=-3.47191947 nll=-3.50587300 time_nll=-3.59948865 qty_mae=0.79887296 mark_acc=0.96318016
[epoch 228] backbone=rmtpp seed=52 train=-3.47189073 nll=-3.50741802 time_nll=-3.59948169 qty_mae=0.66326813 mark_acc=0.96248479
[epoch 229] backbone=rmtpp seed=52 train=-3.47203906 nll=-3.50858253 time_nll=-3.59948520 qty_mae=0.74254117 mark_acc=0.96384076
[epoch 230] backbone=rmtpp seed=52 train=-3.47197180 nll=-3.50382744 time_nll=-3.59947304 qty_mae=0.65811006 mark_acc=0.96183578
[epoch 231] backbone=rmtpp seed=52 train=-3.47190744 nll=-3.50502569 time_nll=-3.59948922 qty_mae=0.64967221 mark_acc=0.96257750
[epoch 232] backbone=rmtpp seed=52 train=-3.47213597 nll=-3.50510174 time_nll=-3.59948511 qty_mae=0.63770609 mark_acc=0.96284406
[epoch 233] backbone=rmtpp seed=52 train=-3.47211443 nll=-3.50421629 time_nll=-3.59949099 qty_mae=0.66092473 mark_acc=0.96228777
[epoch 234] backbone=rmtpp seed=52 train=-3.47200681 nll=-3.50821074 time_nll=-3.59948650 qty_mae=0.66419255 mark_acc=0.96458249
[epoch 235] backbone=rmtpp seed=52 train=-3.47212344 nll=-3.50461364 time_nll=-3.59948156 qty_mae=0.71384012 mark_acc=0.96253115
[epoch 236] backbone=rmtpp seed=52 train=-3.47215224 nll=-3.50545533 time_nll=-3.59948170 qty_mae=0.64630326 mark_acc=0.96373645
[epoch 237] backbone=rmtpp seed=52 train=-3.47246180 nll=-3.50606323 time_nll=-3.59948417 qty_mae=0.65156489 mark_acc=0.96349308
[epoch 238] backbone=rmtpp seed=52 train=-3.47225884 nll=-3.50492071 time_nll=-3.59948739 qty_mae=0.65623621 mark_acc=0.96276294
[epoch 239] backbone=rmtpp seed=52 train=-3.47223985 nll=-3.50796232 time_nll=-3.59948012 qty_mae=0.66329895 mark_acc=0.96312221
[epoch 240] backbone=rmtpp seed=52 train=-3.47221297 nll=-3.50796189 time_nll=-3.59948560 qty_mae=0.64188701 mark_acc=0.96372487
[epoch 241] backbone=rmtpp seed=52 train=-3.47204454 nll=-3.50504806 time_nll=-3.59948322 qty_mae=0.65633372 mark_acc=0.96176624
[epoch 242] backbone=rmtpp seed=52 train=-3.47203703 nll=-3.49755278 time_nll=-3.59947920 qty_mae=0.64444839 mark_acc=0.96016689
[epoch 243] backbone=rmtpp seed=52 train=-3.47226186 nll=-3.50235195 time_nll=-3.59947848 qty_mae=0.64640269 mark_acc=0.96073477
[epoch 244] backbone=rmtpp seed=52 train=-3.47216749 nll=-3.49812400 time_nll=-3.59947830 qty_mae=0.66524492 mark_acc=0.96051457
[epoch 245] backbone=rmtpp seed=52 train=-3.47225850 nll=-3.50511114 time_nll=-3.59948809 qty_mae=0.66137634 mark_acc=0.96249638
[epoch 246] backbone=rmtpp seed=52 train=-3.47194338 nll=-3.50760361 time_nll=-3.59947791 qty_mae=0.68709390 mark_acc=0.96248479
[epoch 247] backbone=rmtpp seed=52 train=-3.47214278 nll=-3.50724409 time_nll=-3.59948147 qty_mae=0.61637491 mark_acc=0.96428116
[epoch 248] backbone=rmtpp seed=52 train=-3.47232792 nll=-3.50654801 time_nll=-3.59948036 qty_mae=0.69437274 mark_acc=0.96240366
[epoch 249] backbone=rmtpp seed=52 train=-3.47228617 nll=-3.50237598 time_nll=-3.59947418 qty_mae=0.69684650 mark_acc=0.96238048
[epoch 250] backbone=rmtpp seed=52 train=-3.47219604 nll=-3.50165808 time_nll=-3.59948892 qty_mae=0.67458420 mark_acc=0.96034073
[epoch 251] backbone=rmtpp seed=52 train=-3.47231357 nll=-3.50274462 time_nll=-3.59948086 qty_mae=0.65677982 mark_acc=0.96180101
[early-stop] backbone=rmtpp seed=52 current_epoch=251 best_epoch=211
[epoch 001] backbone=rmtpp seed=62 train=1.72100293 nll=0.92812095 time_nll=0.81599927 qty_mae=0.98720463 mark_acc=0.95894999
[epoch 002] backbone=rmtpp seed=62 train=0.62444624 nll=0.35454352 time_nll=0.24727524 qty_mae=0.86478177 mark_acc=0.95961059
[epoch 003] backbone=rmtpp seed=62 train=0.18066193 nll=0.49671979 time_nll=0.39203075 qty_mae=0.92216687 mark_acc=0.95923973
[epoch 004] backbone=rmtpp seed=62 train=-0.09301321 nll=-0.35241215 time_nll=-0.45515322 qty_mae=0.87176802 mark_acc=0.95976126
[epoch 005] backbone=rmtpp seed=62 train=-0.80538372 nll=-1.09639231 time_nll=-1.19593418 qty_mae=0.80460132 mark_acc=0.96214869
[epoch 006] backbone=rmtpp seed=62 train=-1.16330095 nll=-1.32908534 time_nll=-1.43163239 qty_mae=0.80967059 mark_acc=0.96012053
[epoch 007] backbone=rmtpp seed=62 train=-1.37455723 nll=-1.52092102 time_nll=-1.62589795 qty_mae=0.83131688 mark_acc=0.95944834
[epoch 008] backbone=rmtpp seed=62 train=-1.55442167 nll=-1.68798163 time_nll=-1.78822275 qty_mae=0.79594269 mark_acc=0.96149968
[epoch 009] backbone=rmtpp seed=62 train=-1.70498976 nll=-1.82606202 time_nll=-1.92538102 qty_mae=0.77943460 mark_acc=0.96035232
[epoch 010] backbone=rmtpp seed=62 train=-1.83372944 nll=-1.95103950 time_nll=-2.04370307 qty_mae=0.72880578 mark_acc=0.96299473
[epoch 011] backbone=rmtpp seed=62 train=-1.94527056 nll=-2.04909400 time_nll=-2.14722220 qty_mae=0.83314011 mark_acc=0.96163876
[epoch 012] backbone=rmtpp seed=62 train=-2.04373179 nll=-2.14435975 time_nll=-2.23872062 qty_mae=0.74473275 mark_acc=0.96153445
[epoch 013] backbone=rmtpp seed=62 train=-2.13106141 nll=-2.22325552 time_nll=-2.32050954 qty_mae=0.71741535 mark_acc=0.96124471
[epoch 014] backbone=rmtpp seed=62 train=-2.20957734 nll=-2.30026242 time_nll=-2.39426208 qty_mae=0.82937940 mark_acc=0.96324970
[epoch 015] backbone=rmtpp seed=62 train=-2.28007935 nll=-2.36483367 time_nll=-2.46110115 qty_mae=0.73756093 mark_acc=0.96269340
[epoch 016] backbone=rmtpp seed=62 train=-2.34470518 nll=-2.42657346 time_nll=-2.52215724 qty_mae=0.75961888 mark_acc=0.96176624
[epoch 017] backbone=rmtpp seed=62 train=-2.40395020 nll=-2.48260677 time_nll=-2.57798325 qty_mae=0.75865216 mark_acc=0.96158081
[epoch 018] backbone=rmtpp seed=62 train=-2.45805066 nll=-2.53815390 time_nll=-2.62957926 qty_mae=0.70022327 mark_acc=0.96384076
[epoch 019] backbone=rmtpp seed=62 train=-2.50836945 nll=-2.58399378 time_nll=-2.67720349 qty_mae=0.72385119 mark_acc=0.96185896
[epoch 020] backbone=rmtpp seed=62 train=-2.55489142 nll=-2.62904988 time_nll=-2.72130655 qty_mae=0.72749676 mark_acc=0.96235730
[epoch 021] backbone=rmtpp seed=62 train=-2.59790591 nll=-2.67106709 time_nll=-2.76249904 qty_mae=0.70440499 mark_acc=0.96322652
[epoch 022] backbone=rmtpp seed=62 train=-2.63820809 nll=-2.70567576 time_nll=-2.80094830 qty_mae=0.70324679 mark_acc=0.96153445
[epoch 023] backbone=rmtpp seed=62 train=-2.67563547 nll=-2.74462267 time_nll=-2.83685787 qty_mae=0.72256320 mark_acc=0.96320334
[epoch 024] backbone=rmtpp seed=62 train=-2.71089448 nll=-2.77807338 time_nll=-2.87049554 qty_mae=0.69837238 mark_acc=0.96320334
[epoch 025] backbone=rmtpp seed=62 train=-2.74400483 nll=-2.80824285 time_nll=-2.90207573 qty_mae=0.64047910 mark_acc=0.96254274
[epoch 026] backbone=rmtpp seed=62 train=-2.77494126 nll=-2.84012684 time_nll=-2.93196928 qty_mae=0.73435954 mark_acc=0.96342354
[epoch 027] backbone=rmtpp seed=62 train=-2.80450817 nll=-2.86557867 time_nll=-2.96015230 qty_mae=0.72882204 mark_acc=0.96203280
[epoch 028] backbone=rmtpp seed=62 train=-2.83193755 nll=-2.88965651 time_nll=-2.98673915 qty_mae=0.73537524 mark_acc=0.96129107
[epoch 029] backbone=rmtpp seed=62 train=-2.85816326 nll=-2.92267563 time_nll=-3.01184700 qty_mae=0.79180207 mark_acc=0.96450136
[epoch 030] backbone=rmtpp seed=62 train=-2.88291691 nll=-2.94648977 time_nll=-3.03562271 qty_mae=0.74577503 mark_acc=0.96355102
[epoch 031] backbone=rmtpp seed=62 train=-2.90619723 nll=-2.96151190 time_nll=-3.05812693 qty_mae=0.68448191 mark_acc=0.96070001
[epoch 032] backbone=rmtpp seed=62 train=-2.92853599 nll=-2.98263488 time_nll=-3.07949975 qty_mae=0.71635553 mark_acc=0.96176624
[epoch 033] backbone=rmtpp seed=62 train=-2.94954769 nll=-3.01036795 time_nll=-3.09979344 qty_mae=0.67609701 mark_acc=0.96358579
[epoch 034] backbone=rmtpp seed=62 train=-2.96969508 nll=-3.02189803 time_nll=-3.11915224 qty_mae=0.80457064 mark_acc=0.95985397
[epoch 035] backbone=rmtpp seed=62 train=-2.98901421 nll=-3.04547511 time_nll=-3.13768564 qty_mae=0.76480969 mark_acc=0.96358579
[epoch 036] backbone=rmtpp seed=62 train=-3.00705491 nll=-3.06263242 time_nll=-3.15532946 qty_mae=0.71035729 mark_acc=0.96324970
[epoch 037] backbone=rmtpp seed=62 train=-3.02457326 nll=-3.08012665 time_nll=-3.17201014 qty_mae=0.70031213 mark_acc=0.96324970
[epoch 038] backbone=rmtpp seed=62 train=-3.04125668 nll=-3.10044419 time_nll=-3.18791522 qty_mae=0.70116229 mark_acc=0.96382917
[epoch 039] backbone=rmtpp seed=62 train=-3.05710317 nll=-3.11651543 time_nll=-3.20305655 qty_mae=0.69364949 mark_acc=0.96515037
[epoch 040] backbone=rmtpp seed=62 train=-3.07209628 nll=-3.12906887 time_nll=-3.21753371 qty_mae=0.68465821 mark_acc=0.96479110
[epoch 041] backbone=rmtpp seed=62 train=-3.08658182 nll=-3.14353198 time_nll=-3.23142739 qty_mae=0.61661458 mark_acc=0.96362056
[epoch 042] backbone=rmtpp seed=62 train=-3.10036661 nll=-3.15029824 time_nll=-3.24486375 qty_mae=0.67412886 mark_acc=0.96159240
[epoch 043] backbone=rmtpp seed=62 train=-3.11395371 nll=-3.16756435 time_nll=-3.25782411 qty_mae=0.74348126 mark_acc=0.96432752
[epoch 044] backbone=rmtpp seed=62 train=-3.12658986 nll=-3.18151807 time_nll=-3.27025869 qty_mae=0.67937393 mark_acc=0.96442024
[epoch 045] backbone=rmtpp seed=62 train=-3.13909313 nll=-3.19540248 time_nll=-3.28217545 qty_mae=0.77908410 mark_acc=0.96519673
[epoch 046] backbone=rmtpp seed=62 train=-3.15085820 nll=-3.20861301 time_nll=-3.29359620 qty_mae=0.71973475 mark_acc=0.96540534
[epoch 047] backbone=rmtpp seed=62 train=-3.16213607 nll=-3.21367380 time_nll=-3.30454675 qty_mae=0.68987341 mark_acc=0.96287883
[epoch 048] backbone=rmtpp seed=62 train=-3.17330005 nll=-3.22765721 time_nll=-3.31505810 qty_mae=0.67233711 mark_acc=0.96465203
[epoch 049] backbone=rmtpp seed=62 train=-3.18367516 nll=-3.23815095 time_nll=-3.32512749 qty_mae=0.67198386 mark_acc=0.96534740
[epoch 050] backbone=rmtpp seed=62 train=-3.19379322 nll=-3.25244108 time_nll=-3.33480991 qty_mae=0.67285407 mark_acc=0.96592687
[epoch 051] backbone=rmtpp seed=62 train=-3.20346831 nll=-3.25596957 time_nll=-3.34410559 qty_mae=0.71982674 mark_acc=0.96490699
[epoch 052] backbone=rmtpp seed=62 train=-3.21298515 nll=-3.26643389 time_nll=-3.35303741 qty_mae=0.64552674 mark_acc=0.96369010
[epoch 053] backbone=rmtpp seed=62 train=-3.22160854 nll=-3.27170107 time_nll=-3.36162857 qty_mae=0.66915926 mark_acc=0.96348149
[epoch 054] backbone=rmtpp seed=62 train=-3.23003195 nll=-3.27653063 time_nll=-3.36989622 qty_mae=0.65430471 mark_acc=0.96190531
[epoch 055] backbone=rmtpp seed=62 train=-3.23856993 nll=-3.28732509 time_nll=-3.37786207 qty_mae=0.62849659 mark_acc=0.96331923
[epoch 056] backbone=rmtpp seed=62 train=-3.24639758 nll=-3.29945055 time_nll=-3.38549550 qty_mae=0.69659861 mark_acc=0.96472156
[epoch 057] backbone=rmtpp seed=62 train=-3.25406538 nll=-3.30548466 time_nll=-3.39282856 qty_mae=0.64175522 mark_acc=0.96433911
[epoch 058] backbone=rmtpp seed=62 train=-3.26129179 nll=-3.30863975 time_nll=-3.39990770 qty_mae=0.64053156 mark_acc=0.96214869
[epoch 059] backbone=rmtpp seed=62 train=-3.26842307 nll=-3.32122683 time_nll=-3.40675028 qty_mae=0.68881025 mark_acc=0.96472156
[epoch 060] backbone=rmtpp seed=62 train=-3.27515361 nll=-3.32773359 time_nll=-3.41330358 qty_mae=0.63330796 mark_acc=0.96527786
[epoch 061] backbone=rmtpp seed=62 train=-3.28164945 nll=-3.33130344 time_nll=-3.41960121 qty_mae=0.67808766 mark_acc=0.96408414
[epoch 062] backbone=rmtpp seed=62 train=-3.28807177 nll=-3.33644559 time_nll=-3.42572793 qty_mae=0.83237866 mark_acc=0.96391030
[epoch 063] backbone=rmtpp seed=62 train=-3.29436375 nll=-3.34662253 time_nll=-3.43160467 qty_mae=0.63808360 mark_acc=0.96501130
[epoch 064] backbone=rmtpp seed=62 train=-3.30032857 nll=-3.35044296 time_nll=-3.43724435 qty_mae=0.68034425 mark_acc=0.96546329
[epoch 065] backbone=rmtpp seed=62 train=-3.30571543 nll=-3.34928613 time_nll=-3.44274851 qty_mae=0.69082741 mark_acc=0.96262386
[epoch 066] backbone=rmtpp seed=62 train=-3.31133685 nll=-3.36436904 time_nll=-3.44798580 qty_mae=0.66317229 mark_acc=0.96603118
[epoch 067] backbone=rmtpp seed=62 train=-3.31666612 nll=-3.36626362 time_nll=-3.45307099 qty_mae=0.64723879 mark_acc=0.96448977
[epoch 068] backbone=rmtpp seed=62 train=-3.32173063 nll=-3.36698747 time_nll=-3.45797510 qty_mae=0.77359597 mark_acc=0.96211392
[epoch 069] backbone=rmtpp seed=62 train=-3.32673020 nll=-3.37841953 time_nll=-3.46269420 qty_mae=0.72950614 mark_acc=0.96583415
[epoch 070] backbone=rmtpp seed=62 train=-3.33142532 nll=-3.37724468 time_nll=-3.46728176 qty_mae=0.67913056 mark_acc=0.96331923
[epoch 071] backbone=rmtpp seed=62 train=-3.33589519 nll=-3.38305107 time_nll=-3.47166815 qty_mae=0.63483738 mark_acc=0.96334241
[epoch 072] backbone=rmtpp seed=62 train=-3.34046805 nll=-3.38972557 time_nll=-3.47595215 qty_mae=0.69090212 mark_acc=0.96508084
[epoch 073] backbone=rmtpp seed=62 train=-3.34472292 nll=-3.39314719 time_nll=-3.48003950 qty_mae=0.70169596 mark_acc=0.96479110
[epoch 074] backbone=rmtpp seed=62 train=-3.34876037 nll=-3.39473637 time_nll=-3.48402337 qty_mae=0.66102103 mark_acc=0.96299473
[epoch 075] backbone=rmtpp seed=62 train=-3.35272738 nll=-3.39979912 time_nll=-3.48785806 qty_mae=0.65880423 mark_acc=0.96450136
[epoch 076] backbone=rmtpp seed=62 train=-3.35674590 nll=-3.40144058 time_nll=-3.49154470 qty_mae=0.67379055 mark_acc=0.96413050
[epoch 077] backbone=rmtpp seed=62 train=-3.36052995 nll=-3.41009609 time_nll=-3.49517262 qty_mae=0.64903023 mark_acc=0.96443182
[epoch 078] backbone=rmtpp seed=62 train=-3.36405568 nll=-3.41195513 time_nll=-3.49856935 qty_mae=0.61549612 mark_acc=0.96411891
[epoch 079] backbone=rmtpp seed=62 train=-3.36765408 nll=-3.40956427 time_nll=-3.50195415 qty_mae=0.66664602 mark_acc=0.96210234
[epoch 080] backbone=rmtpp seed=62 train=-3.37096584 nll=-3.41242955 time_nll=-3.50515347 qty_mae=0.68809235 mark_acc=0.96273976
[epoch 081] backbone=rmtpp seed=62 train=-3.37427805 nll=-3.41995610 time_nll=-3.50825479 qty_mae=0.70854692 mark_acc=0.96404937
[epoch 082] backbone=rmtpp seed=62 train=-3.37747224 nll=-3.42221092 time_nll=-3.51135907 qty_mae=0.68101606 mark_acc=0.96373645
[epoch 083] backbone=rmtpp seed=62 train=-3.38021014 nll=-3.42314351 time_nll=-3.51419825 qty_mae=0.67901178 mark_acc=0.96327287
[epoch 084] backbone=rmtpp seed=62 train=-3.38315302 nll=-3.42646236 time_nll=-3.51702058 qty_mae=0.71499363 mark_acc=0.96348149
[epoch 085] backbone=rmtpp seed=62 train=-3.38626906 nll=-3.43283912 time_nll=-3.51982656 qty_mae=0.71650238 mark_acc=0.96436229
[epoch 086] backbone=rmtpp seed=62 train=-3.38896758 nll=-3.43245335 time_nll=-3.52237939 qty_mae=0.69002907 mark_acc=0.96417686
[epoch 087] backbone=rmtpp seed=62 train=-3.39157086 nll=-3.43956847 time_nll=-3.52492646 qty_mae=0.66607308 mark_acc=0.96531263
[epoch 088] backbone=rmtpp seed=62 train=-3.39412089 nll=-3.43729854 time_nll=-3.52745548 qty_mae=0.66496326 mark_acc=0.96300632
[epoch 089] backbone=rmtpp seed=62 train=-3.39655864 nll=-3.44270513 time_nll=-3.52979581 qty_mae=0.67574805 mark_acc=0.96494176
[epoch 090] backbone=rmtpp seed=62 train=-3.39911530 nll=-3.44103707 time_nll=-3.53206758 qty_mae=0.70968735 mark_acc=0.96335400
[epoch 091] backbone=rmtpp seed=62 train=-3.40123344 nll=-3.44630792 time_nll=-3.53433789 qty_mae=0.65734909 mark_acc=0.96381758
[epoch 092] backbone=rmtpp seed=62 train=-3.40363901 nll=-3.44912720 time_nll=-3.53655539 qty_mae=0.66554871 mark_acc=0.96453613
[epoch 093] backbone=rmtpp seed=62 train=-3.40585025 nll=-3.44743186 time_nll=-3.53855985 qty_mae=0.65871759 mark_acc=0.96444341
[epoch 094] backbone=rmtpp seed=62 train=-3.40794359 nll=-3.44586364 time_nll=-3.54056879 qty_mae=0.79298205 mark_acc=0.96246161
[epoch 095] backbone=rmtpp seed=62 train=-3.40976300 nll=-3.45464144 time_nll=-3.54256589 qty_mae=0.65499400 mark_acc=0.96433911
[epoch 096] backbone=rmtpp seed=62 train=-3.41194209 nll=-3.45586114 time_nll=-3.54453875 qty_mae=0.69185679 mark_acc=0.96316857
[epoch 097] backbone=rmtpp seed=62 train=-3.41400736 nll=-3.45432290 time_nll=-3.54627943 qty_mae=0.61816745 mark_acc=0.96233413
[epoch 098] backbone=rmtpp seed=62 train=-3.41585667 nll=-3.46184090 time_nll=-3.54801295 qty_mae=0.64073135 mark_acc=0.96451295
[epoch 099] backbone=rmtpp seed=62 train=-3.41763771 nll=-3.45993184 time_nll=-3.54975260 qty_mae=0.66991508 mark_acc=0.96428116
[epoch 100] backbone=rmtpp seed=62 train=-3.41928026 nll=-3.46500861 time_nll=-3.55148989 qty_mae=0.74011100 mark_acc=0.96489540
[epoch 101] backbone=rmtpp seed=62 train=-3.42110374 nll=-3.45859265 time_nll=-3.55309384 qty_mae=0.70145094 mark_acc=0.96218346
[epoch 102] backbone=rmtpp seed=62 train=-3.42277659 nll=-3.46464423 time_nll=-3.55458374 qty_mae=0.67717550 mark_acc=0.96355102
[epoch 103] backbone=rmtpp seed=62 train=-3.42385748 nll=-3.46633099 time_nll=-3.55606027 qty_mae=0.65270394 mark_acc=0.96322652
[epoch 104] backbone=rmtpp seed=62 train=-3.42582035 nll=-3.46420441 time_nll=-3.55753020 qty_mae=0.66423932 mark_acc=0.96190531
[epoch 105] backbone=rmtpp seed=62 train=-3.42733973 nll=-3.46755844 time_nll=-3.55900575 qty_mae=0.73369471 mark_acc=0.96314539
[epoch 106] backbone=rmtpp seed=62 train=-3.42880411 nll=-3.47056216 time_nll=-3.56047942 qty_mae=0.72508048 mark_acc=0.96365533
[epoch 107] backbone=rmtpp seed=62 train=-3.42993395 nll=-3.47364477 time_nll=-3.56169558 qty_mae=0.66785032 mark_acc=0.96452454
[epoch 108] backbone=rmtpp seed=62 train=-3.43131658 nll=-3.47370984 time_nll=-3.56292547 qty_mae=0.65870376 mark_acc=0.96421162
[epoch 109] backbone=rmtpp seed=62 train=-3.43257822 nll=-3.47772231 time_nll=-3.56415005 qty_mae=0.62841702 mark_acc=0.96454772
[epoch 110] backbone=rmtpp seed=62 train=-3.43410453 nll=-3.47377604 time_nll=-3.56537324 qty_mae=0.72226872 mark_acc=0.96250797
[epoch 111] backbone=rmtpp seed=62 train=-3.43529037 nll=-3.47939616 time_nll=-3.56658273 qty_mae=0.67482008 mark_acc=0.96450136
[epoch 112] backbone=rmtpp seed=62 train=-3.43659360 nll=-3.47706612 time_nll=-3.56779812 qty_mae=0.68933631 mark_acc=0.96384076
[epoch 113] backbone=rmtpp seed=62 train=-3.43806023 nll=-3.47787038 time_nll=-3.56888568 qty_mae=0.67721073 mark_acc=0.96222982
[epoch 114] backbone=rmtpp seed=62 train=-3.43868644 nll=-3.48292078 time_nll=-3.56985316 qty_mae=0.77003690 mark_acc=0.96385235
[epoch 115] backbone=rmtpp seed=62 train=-3.44012325 nll=-3.48194536 time_nll=-3.57081590 qty_mae=0.73766721 mark_acc=0.96380599
[epoch 116] backbone=rmtpp seed=62 train=-3.44085749 nll=-3.48322356 time_nll=-3.57179105 qty_mae=0.68401631 mark_acc=0.96381758
[epoch 117] backbone=rmtpp seed=62 train=-3.44193959 nll=-3.48065355 time_nll=-3.57276948 qty_mae=0.64721778 mark_acc=0.96343513
[epoch 118] backbone=rmtpp seed=62 train=-3.44311752 nll=-3.48215158 time_nll=-3.57372764 qty_mae=0.67803254 mark_acc=0.96358579
[epoch 119] backbone=rmtpp seed=62 train=-3.44395106 nll=-3.48592969 time_nll=-3.57469904 qty_mae=0.79528580 mark_acc=0.96297155
[epoch 120] backbone=rmtpp seed=62 train=-3.44506176 nll=-3.48400221 time_nll=-3.57566813 qty_mae=0.67624713 mark_acc=0.96399142
[epoch 121] backbone=rmtpp seed=62 train=-3.44595952 nll=-3.48004174 time_nll=-3.57652158 qty_mae=0.71796188 mark_acc=0.96209075
[epoch 122] backbone=rmtpp seed=62 train=-3.44667178 nll=-3.48676353 time_nll=-3.57724724 qty_mae=0.66174073 mark_acc=0.96366692
[epoch 123] backbone=rmtpp seed=62 train=-3.44755677 nll=-3.48605548 time_nll=-3.57797151 qty_mae=0.65708140 mark_acc=0.96293678
[epoch 124] backbone=rmtpp seed=62 train=-3.44834736 nll=-3.49123308 time_nll=-3.57870288 qty_mae=0.65504074 mark_acc=0.96482587
[epoch 125] backbone=rmtpp seed=62 train=-3.44889674 nll=-3.48287827 time_nll=-3.57942005 qty_mae=0.73859575 mark_acc=0.95991192
[epoch 126] backbone=rmtpp seed=62 train=-3.45024517 nll=-3.49059212 time_nll=-3.58013932 qty_mae=0.66150500 mark_acc=0.96399142
[epoch 127] backbone=rmtpp seed=62 train=-3.45080492 nll=-3.49351597 time_nll=-3.58086110 qty_mae=0.68375525 mark_acc=0.96420003
[epoch 128] backbone=rmtpp seed=62 train=-3.45136941 nll=-3.49658346 time_nll=-3.58157339 qty_mae=0.71598534 mark_acc=0.96501130
[epoch 129] backbone=rmtpp seed=62 train=-3.45220594 nll=-3.48920460 time_nll=-3.58229396 qty_mae=0.66208421 mark_acc=0.96111723
[epoch 130] backbone=rmtpp seed=62 train=-3.45283157 nll=-3.49012748 time_nll=-3.58302219 qty_mae=0.74316479 mark_acc=0.96214869
[epoch 131] backbone=rmtpp seed=62 train=-3.45341790 nll=-3.49426635 time_nll=-3.58374167 qty_mae=0.67355726 mark_acc=0.96400301
[epoch 132] backbone=rmtpp seed=62 train=-3.45443129 nll=-3.49402656 time_nll=-3.58432487 qty_mae=0.61993694 mark_acc=0.96279771
[epoch 133] backbone=rmtpp seed=62 train=-3.45506669 nll=-3.49394875 time_nll=-3.58480721 qty_mae=0.65855655 mark_acc=0.96282088
[epoch 134] backbone=rmtpp seed=62 train=-3.45551165 nll=-3.49743527 time_nll=-3.58528585 qty_mae=0.65528562 mark_acc=0.96431593
[epoch 135] backbone=rmtpp seed=62 train=-3.45606567 nll=-3.49559186 time_nll=-3.58576304 qty_mae=0.65202581 mark_acc=0.96448977
[epoch 136] backbone=rmtpp seed=62 train=-3.45690234 nll=-3.49912122 time_nll=-3.58623350 qty_mae=0.66870413 mark_acc=0.96491858
[epoch 137] backbone=rmtpp seed=62 train=-3.45720888 nll=-3.49073240 time_nll=-3.58671573 qty_mae=0.73290380 mark_acc=0.96024802
[epoch 138] backbone=rmtpp seed=62 train=-3.45767282 nll=-3.50010566 time_nll=-3.58719599 qty_mae=0.70853866 mark_acc=0.96435070
[epoch 139] backbone=rmtpp seed=62 train=-3.45800436 nll=-3.50020336 time_nll=-3.58766177 qty_mae=0.68647275 mark_acc=0.96403778
[epoch 140] backbone=rmtpp seed=62 train=-3.45856226 nll=-3.49653263 time_nll=-3.58814917 qty_mae=0.61894918 mark_acc=0.96167352
[epoch 141] backbone=rmtpp seed=62 train=-3.45934019 nll=-3.50255770 time_nll=-3.58862500 qty_mae=0.63787313 mark_acc=0.96486064
[epoch 142] backbone=rmtpp seed=62 train=-3.45953669 nll=-3.49521922 time_nll=-3.58910161 qty_mae=0.64462248 mark_acc=0.96315698
[epoch 143] backbone=rmtpp seed=62 train=-3.45997071 nll=-3.49454438 time_nll=-3.58957493 qty_mae=0.67917695 mark_acc=0.96175465
[epoch 144] backbone=rmtpp seed=62 train=-3.46092901 nll=-3.50225945 time_nll=-3.59005332 qty_mae=0.62968848 mark_acc=0.96362056
[epoch 145] backbone=rmtpp seed=62 train=-3.46139688 nll=-3.49496980 time_nll=-3.59051989 qty_mae=0.65403380 mark_acc=0.96194008
[epoch 146] backbone=rmtpp seed=62 train=-3.46194850 nll=-3.50285052 time_nll=-3.59100253 qty_mae=0.63628466 mark_acc=0.96504607
[epoch 147] backbone=rmtpp seed=62 train=-3.46232802 nll=-3.49828305 time_nll=-3.59147557 qty_mae=0.63136049 mark_acc=0.96171988
[epoch 148] backbone=rmtpp seed=62 train=-3.46302473 nll=-3.49578980 time_nll=-3.59187468 qty_mae=0.62782752 mark_acc=0.96138379
[epoch 149] backbone=rmtpp seed=62 train=-3.46302847 nll=-3.50156603 time_nll=-3.59211058 qty_mae=0.67373556 mark_acc=0.96314539
[epoch 150] backbone=rmtpp seed=62 train=-3.46329046 nll=-3.50057343 time_nll=-3.59233796 qty_mae=0.64333022 mark_acc=0.96233413
[epoch 151] backbone=rmtpp seed=62 train=-3.46362146 nll=-3.50033670 time_nll=-3.59258239 qty_mae=0.70747590 mark_acc=0.96300632
[epoch 152] backbone=rmtpp seed=62 train=-3.46384982 nll=-3.50571247 time_nll=-3.59281471 qty_mae=0.64392471 mark_acc=0.96512719
[epoch 153] backbone=rmtpp seed=62 train=-3.46430341 nll=-3.50192943 time_nll=-3.59305214 qty_mae=0.66280120 mark_acc=0.96267022
[epoch 154] backbone=rmtpp seed=62 train=-3.46432982 nll=-3.50455115 time_nll=-3.59328864 qty_mae=0.61163790 mark_acc=0.96410732
[epoch 155] backbone=rmtpp seed=62 train=-3.46480549 nll=-3.50842341 time_nll=-3.59352311 qty_mae=0.71576262 mark_acc=0.96552124
[epoch 156] backbone=rmtpp seed=62 train=-3.46483391 nll=-3.50113748 time_nll=-3.59375536 qty_mae=0.70090485 mark_acc=0.96316857
[epoch 157] backbone=rmtpp seed=62 train=-3.46506253 nll=-3.50399605 time_nll=-3.59399572 qty_mae=0.64937193 mark_acc=0.96308744
[epoch 158] backbone=rmtpp seed=62 train=-3.46560032 nll=-3.50313393 time_nll=-3.59422910 qty_mae=0.66715846 mark_acc=0.96395666
[epoch 159] backbone=rmtpp seed=62 train=-3.46595498 nll=-3.50253215 time_nll=-3.59446428 qty_mae=0.64540042 mark_acc=0.96324970
[epoch 160] backbone=rmtpp seed=62 train=-3.46608644 nll=-3.50091480 time_nll=-3.59469918 qty_mae=0.62793302 mark_acc=0.96290201
[epoch 161] backbone=rmtpp seed=62 train=-3.46618928 nll=-3.50705676 time_nll=-3.59493884 qty_mae=0.62486298 mark_acc=0.96362056
[epoch 162] backbone=rmtpp seed=62 train=-3.46644320 nll=-3.50637032 time_nll=-3.59517074 qty_mae=0.63062462 mark_acc=0.96426957
[epoch 163] backbone=rmtpp seed=62 train=-3.46707243 nll=-3.49799983 time_nll=-3.59540969 qty_mae=0.62504216 mark_acc=0.96129107
[epoch 164] backbone=rmtpp seed=62 train=-3.46695378 nll=-3.50641141 time_nll=-3.59564307 qty_mae=0.62199218 mark_acc=0.96333082
[epoch 165] backbone=rmtpp seed=62 train=-3.46741182 nll=-3.50588803 time_nll=-3.59588222 qty_mae=0.63711114 mark_acc=0.96435070
[epoch 166] backbone=rmtpp seed=62 train=-3.46765159 nll=-3.50495577 time_nll=-3.59611333 qty_mae=0.63662366 mark_acc=0.96333082
[epoch 167] backbone=rmtpp seed=62 train=-3.46800230 nll=-3.50072691 time_nll=-3.59634620 qty_mae=0.69014514 mark_acc=0.96210234
[epoch 168] backbone=rmtpp seed=62 train=-3.46816028 nll=-3.50541392 time_nll=-3.59657333 qty_mae=0.62244556 mark_acc=0.96326129
[epoch 169] backbone=rmtpp seed=62 train=-3.46821381 nll=-3.50786580 time_nll=-3.59681213 qty_mae=0.69677769 mark_acc=0.96421162
[epoch 170] backbone=rmtpp seed=62 train=-3.46888513 nll=-3.50880057 time_nll=-3.59704801 qty_mae=0.67186813 mark_acc=0.96451295
[epoch 171] backbone=rmtpp seed=62 train=-3.46894046 nll=-3.50700109 time_nll=-3.59728393 qty_mae=0.69281908 mark_acc=0.96411891
[epoch 172] backbone=rmtpp seed=62 train=-3.46927770 nll=-3.50059554 time_nll=-3.59751878 qty_mae=0.67337945 mark_acc=0.96083908
[epoch 173] backbone=rmtpp seed=62 train=-3.46943370 nll=-3.50713696 time_nll=-3.59775703 qty_mae=0.63598253 mark_acc=0.96329605
[epoch 174] backbone=rmtpp seed=62 train=-3.46980826 nll=-3.50245624 time_nll=-3.59799334 qty_mae=0.64528727 mark_acc=0.96260068
[epoch 175] backbone=rmtpp seed=62 train=-3.46992575 nll=-3.50528291 time_nll=-3.59822773 qty_mae=0.62536110 mark_acc=0.96313380
[epoch 176] backbone=rmtpp seed=62 train=-3.47013884 nll=-3.50497917 time_nll=-3.59846202 qty_mae=0.70686217 mark_acc=0.96248479
[epoch 177] backbone=rmtpp seed=62 train=-3.47041793 nll=-3.50923559 time_nll=-3.59869574 qty_mae=0.63281211 mark_acc=0.96406096
[epoch 178] backbone=rmtpp seed=62 train=-3.47080393 nll=-3.50910954 time_nll=-3.59892666 qty_mae=0.66886881 mark_acc=0.96324970
[epoch 179] backbone=rmtpp seed=62 train=-3.47108677 nll=-3.50696479 time_nll=-3.59916077 qty_mae=0.67344424 mark_acc=0.96359738
[epoch 180] backbone=rmtpp seed=62 train=-3.47105340 nll=-3.50348862 time_nll=-3.59939383 qty_mae=0.73318200 mark_acc=0.95990033
[epoch 181] backbone=rmtpp seed=62 train=-3.47133326 nll=-3.50918811 time_nll=-3.59948956 qty_mae=0.67156726 mark_acc=0.96341195
[epoch 182] backbone=rmtpp seed=62 train=-3.47158049 nll=-3.49739425 time_nll=-3.59949203 qty_mae=0.67256527 mark_acc=0.95914701
[epoch 183] backbone=rmtpp seed=62 train=-3.47151370 nll=-3.50498775 time_nll=-3.59948914 qty_mae=0.65459436 mark_acc=0.96301791
[epoch 184] backbone=rmtpp seed=62 train=-3.47141380 nll=-3.50526823 time_nll=-3.59948863 qty_mae=0.66928917 mark_acc=0.96301791
[epoch 185] backbone=rmtpp seed=62 train=-3.47143903 nll=-3.50780340 time_nll=-3.59949036 qty_mae=0.61835373 mark_acc=0.96213710
[epoch 186] backbone=rmtpp seed=62 train=-3.47140329 nll=-3.51069675 time_nll=-3.59948842 qty_mae=0.63286904 mark_acc=0.96345831
[epoch 187] backbone=rmtpp seed=62 train=-3.47144330 nll=-3.50153215 time_nll=-3.59948545 qty_mae=0.64903546 mark_acc=0.96063047
[epoch 188] backbone=rmtpp seed=62 train=-3.47139154 nll=-3.50928309 time_nll=-3.59949041 qty_mae=0.78770178 mark_acc=0.96435070
[epoch 189] backbone=rmtpp seed=62 train=-3.47163139 nll=-3.51047309 time_nll=-3.59949018 qty_mae=0.67556323 mark_acc=0.96418845
[epoch 190] backbone=rmtpp seed=62 train=-3.47169177 nll=-3.50909180 time_nll=-3.59948354 qty_mae=0.66085317 mark_acc=0.96404937
[epoch 191] backbone=rmtpp seed=62 train=-3.47186090 nll=-3.50458319 time_nll=-3.59949006 qty_mae=0.64348858 mark_acc=0.96224141
[epoch 192] backbone=rmtpp seed=62 train=-3.47182774 nll=-3.50980447 time_nll=-3.59949135 qty_mae=0.66629300 mark_acc=0.96411891
[epoch 193] backbone=rmtpp seed=62 train=-3.47189686 nll=-3.50797035 time_nll=-3.59948753 qty_mae=0.64711596 mark_acc=0.96367851
[epoch 194] backbone=rmtpp seed=62 train=-3.47167438 nll=-3.51165836 time_nll=-3.59948538 qty_mae=0.68982512 mark_acc=0.96468679
[epoch 195] backbone=rmtpp seed=62 train=-3.47199745 nll=-3.51002791 time_nll=-3.59948815 qty_mae=0.63654095 mark_acc=0.96385235
[epoch 196] backbone=rmtpp seed=62 train=-3.47175923 nll=-3.50637519 time_nll=-3.59948993 qty_mae=0.65410999 mark_acc=0.96272817
[epoch 197] backbone=rmtpp seed=62 train=-3.47165449 nll=-3.50919090 time_nll=-3.59948947 qty_mae=0.66178714 mark_acc=0.96386394
[epoch 198] backbone=rmtpp seed=62 train=-3.47176265 nll=-3.50606393 time_nll=-3.59948896 qty_mae=0.64428785 mark_acc=0.96225300
[epoch 199] backbone=rmtpp seed=62 train=-3.47206491 nll=-3.50347630 time_nll=-3.59948612 qty_mae=0.76039562 mark_acc=0.96314539
[epoch 200] backbone=rmtpp seed=62 train=-3.47178556 nll=-3.50873202 time_nll=-3.59949051 qty_mae=0.69656180 mark_acc=0.96366692
[epoch 201] backbone=rmtpp seed=62 train=-3.47213937 nll=-3.50800697 time_nll=-3.59949130 qty_mae=0.67397440 mark_acc=0.96159240
[epoch 202] backbone=rmtpp seed=62 train=-3.47218184 nll=-3.50964048 time_nll=-3.59948754 qty_mae=0.70428878 mark_acc=0.96424639
[epoch 203] backbone=rmtpp seed=62 train=-3.47189844 nll=-3.50770947 time_nll=-3.59948795 qty_mae=0.69766783 mark_acc=0.96269340
[epoch 204] backbone=rmtpp seed=62 train=-3.47188880 nll=-3.51102507 time_nll=-3.59949007 qty_mae=0.65382205 mark_acc=0.96373645
[epoch 205] backbone=rmtpp seed=62 train=-3.47231282 nll=-3.51117938 time_nll=-3.59948639 qty_mae=0.67901434 mark_acc=0.96442024
[epoch 206] backbone=rmtpp seed=62 train=-3.47206216 nll=-3.51087458 time_nll=-3.59949095 qty_mae=0.67906723 mark_acc=0.96428116
[epoch 207] backbone=rmtpp seed=62 train=-3.47186750 nll=-3.50847082 time_nll=-3.59949175 qty_mae=0.64718089 mark_acc=0.96388712
[epoch 208] backbone=rmtpp seed=62 train=-3.47190908 nll=-3.50705740 time_nll=-3.59948939 qty_mae=0.68365479 mark_acc=0.96359738
[epoch 209] backbone=rmtpp seed=62 train=-3.47207620 nll=-3.50557187 time_nll=-3.59948896 qty_mae=0.74042682 mark_acc=0.96185896
[epoch 210] backbone=rmtpp seed=62 train=-3.47221642 nll=-3.50104984 time_nll=-3.59948940 qty_mae=0.72196728 mark_acc=0.95868343
[epoch 211] backbone=rmtpp seed=62 train=-3.47220414 nll=-3.50405119 time_nll=-3.59948992 qty_mae=0.67396422 mark_acc=0.96269340
[epoch 212] backbone=rmtpp seed=62 train=-3.47230085 nll=-3.50984324 time_nll=-3.59948843 qty_mae=0.67616463 mark_acc=0.96415368
[epoch 213] backbone=rmtpp seed=62 train=-3.47215039 nll=-3.50821836 time_nll=-3.59948806 qty_mae=0.66616396 mark_acc=0.96366692
[epoch 214] backbone=rmtpp seed=62 train=-3.47197266 nll=-3.51086683 time_nll=-3.59948549 qty_mae=0.66174255 mark_acc=0.96527786
[epoch 215] backbone=rmtpp seed=62 train=-3.47206654 nll=-3.51426722 time_nll=-3.59948623 qty_mae=0.64385394 mark_acc=0.96554442
[epoch 216] backbone=rmtpp seed=62 train=-3.47231716 nll=-3.50208228 time_nll=-3.59949009 qty_mae=0.67510120 mark_acc=0.96153445
[epoch 217] backbone=rmtpp seed=62 train=-3.47230224 nll=-3.51227470 time_nll=-3.59949107 qty_mae=0.68170212 mark_acc=0.96557919
[epoch 218] backbone=rmtpp seed=62 train=-3.47241641 nll=-3.50559297 time_nll=-3.59949193 qty_mae=0.71608004 mark_acc=0.96263545
[epoch 219] backbone=rmtpp seed=62 train=-3.47230047 nll=-3.50543467 time_nll=-3.59948950 qty_mae=0.66474413 mark_acc=0.96246161
[epoch 220] backbone=rmtpp seed=62 train=-3.47233287 nll=-3.50534367 time_nll=-3.59949097 qty_mae=0.69926174 mark_acc=0.96304108
[epoch 221] backbone=rmtpp seed=62 train=-3.47227328 nll=-3.50963758 time_nll=-3.59948784 qty_mae=0.65310226 mark_acc=0.96389871
[epoch 222] backbone=rmtpp seed=62 train=-3.47229179 nll=-3.51061485 time_nll=-3.59948634 qty_mae=0.68773395 mark_acc=0.96428116
[epoch 223] backbone=rmtpp seed=62 train=-3.47253364 nll=-3.50389886 time_nll=-3.59948915 qty_mae=0.64795704 mark_acc=0.96190531
[epoch 224] backbone=rmtpp seed=62 train=-3.47249504 nll=-3.51179313 time_nll=-3.59948805 qty_mae=0.71235118 mark_acc=0.96457090
[epoch 225] backbone=rmtpp seed=62 train=-3.47242059 nll=-3.51104776 time_nll=-3.59949240 qty_mae=0.72299494 mark_acc=0.96420003
[epoch 226] backbone=rmtpp seed=62 train=-3.47242459 nll=-3.50884214 time_nll=-3.59948989 qty_mae=0.67774921 mark_acc=0.96426957
[epoch 227] backbone=rmtpp seed=62 train=-3.47252479 nll=-3.50745490 time_nll=-3.59948989 qty_mae=0.70956137 mark_acc=0.96313380
[epoch 228] backbone=rmtpp seed=62 train=-3.47259049 nll=-3.50522042 time_nll=-3.59949047 qty_mae=0.74849220 mark_acc=0.96202121
[epoch 229] backbone=rmtpp seed=62 train=-3.47253684 nll=-3.50538243 time_nll=-3.59949152 qty_mae=0.69905097 mark_acc=0.96229936
[epoch 230] backbone=rmtpp seed=62 train=-3.47240531 nll=-3.50356237 time_nll=-3.59948772 qty_mae=0.66906835 mark_acc=0.96358579
[epoch 231] backbone=rmtpp seed=62 train=-3.47259618 nll=-3.50362654 time_nll=-3.59948011 qty_mae=0.75132106 mark_acc=0.96210234
[epoch 232] backbone=rmtpp seed=62 train=-3.47268913 nll=-3.50782786 time_nll=-3.59947994 qty_mae=0.68480882 mark_acc=0.96273976
[epoch 233] backbone=rmtpp seed=62 train=-3.47277922 nll=-3.50396476 time_nll=-3.59949014 qty_mae=0.69881849 mark_acc=0.96183578
[epoch 234] backbone=rmtpp seed=62 train=-3.47268186 nll=-3.50458554 time_nll=-3.59948633 qty_mae=0.65560883 mark_acc=0.96260068
[epoch 235] backbone=rmtpp seed=62 train=-3.47249293 nll=-3.50416879 time_nll=-3.59947219 qty_mae=0.67773486 mark_acc=0.96249638
[epoch 236] backbone=rmtpp seed=62 train=-3.47298062 nll=-3.51181368 time_nll=-3.59948835 qty_mae=0.65161598 mark_acc=0.96423480
[epoch 237] backbone=rmtpp seed=62 train=-3.47269770 nll=-3.50615564 time_nll=-3.59948390 qty_mae=0.64262534 mark_acc=0.96387553
[epoch 238] backbone=rmtpp seed=62 train=-3.47281013 nll=-3.50440298 time_nll=-3.59948833 qty_mae=0.71165092 mark_acc=0.96255433
[epoch 239] backbone=rmtpp seed=62 train=-3.47272625 nll=-3.51329492 time_nll=-3.59947922 qty_mae=0.65900073 mark_acc=0.96512719
[epoch 240] backbone=rmtpp seed=62 train=-3.47272578 nll=-3.50694426 time_nll=-3.59948695 qty_mae=0.65612320 mark_acc=0.96166193
[epoch 241] backbone=rmtpp seed=62 train=-3.47251226 nll=-3.50363682 time_nll=-3.59947931 qty_mae=0.73422363 mark_acc=0.96196326
[epoch 242] backbone=rmtpp seed=62 train=-3.47257433 nll=-3.50395159 time_nll=-3.59948136 qty_mae=0.67173162 mark_acc=0.96158081
[epoch 243] backbone=rmtpp seed=62 train=-3.47288173 nll=-3.51023029 time_nll=-3.59947388 qty_mae=0.71673751 mark_acc=0.96344672
[epoch 244] backbone=rmtpp seed=62 train=-3.47287875 nll=-3.50920340 time_nll=-3.59948411 qty_mae=0.65457451 mark_acc=0.96403778
[epoch 245] backbone=rmtpp seed=62 train=-3.47284485 nll=-3.50659991 time_nll=-3.59948760 qty_mae=0.67774495 mark_acc=0.96387553
[epoch 246] backbone=rmtpp seed=62 train=-3.47287929 nll=-3.50806182 time_nll=-3.59948572 qty_mae=0.66089610 mark_acc=0.96400301
[epoch 247] backbone=rmtpp seed=62 train=-3.47267595 nll=-3.50932256 time_nll=-3.59948275 qty_mae=0.64110222 mark_acc=0.96309903
[epoch 248] backbone=rmtpp seed=62 train=-3.47286527 nll=-3.51434021 time_nll=-3.59947626 qty_mae=0.67840702 mark_acc=0.96548647
[epoch 249] backbone=rmtpp seed=62 train=-3.47252874 nll=-3.50798524 time_nll=-3.59949109 qty_mae=0.64667410 mark_acc=0.96425798
[epoch 250] backbone=rmtpp seed=62 train=-3.47287029 nll=-3.50966964 time_nll=-3.59948404 qty_mae=0.65450623 mark_acc=0.96353943
[epoch 251] backbone=rmtpp seed=62 train=-3.47281606 nll=-3.50767741 time_nll=-3.59948074 qty_mae=0.69718837 mark_acc=0.96271658
[epoch 252] backbone=rmtpp seed=62 train=-3.47290303 nll=-3.50937291 time_nll=-3.59948413 qty_mae=0.61061311 mark_acc=0.96289042
[epoch 253] backbone=rmtpp seed=62 train=-3.47258080 nll=-3.50566223 time_nll=-3.59948687 qty_mae=0.66554889 mark_acc=0.96094339
[epoch 254] backbone=rmtpp seed=62 train=-3.47272983 nll=-3.50377836 time_nll=-3.59948720 qty_mae=0.68304653 mark_acc=0.96090862
[epoch 255] backbone=rmtpp seed=62 train=-3.47309932 nll=-3.50320346 time_nll=-3.59948437 qty_mae=0.68473206 mark_acc=0.96075795
[epoch 256] backbone=rmtpp seed=62 train=-3.47274603 nll=-3.50820170 time_nll=-3.59948466 qty_mae=0.64953223 mark_acc=0.96209075
[epoch 257] backbone=rmtpp seed=62 train=-3.47330251 nll=-3.50488023 time_nll=-3.59948439 qty_mae=0.74935405 mark_acc=0.96189372
[epoch 258] backbone=rmtpp seed=62 train=-3.47299617 nll=-3.50363295 time_nll=-3.59948153 qty_mae=0.69186902 mark_acc=0.96174306
[epoch 259] backbone=rmtpp seed=62 train=-3.47298868 nll=-3.50732147 time_nll=-3.59948126 qty_mae=0.64963227 mark_acc=0.96305267
[epoch 260] backbone=rmtpp seed=62 train=-3.47300285 nll=-3.50500677 time_nll=-3.59947853 qty_mae=0.65928421 mark_acc=0.96235730
[epoch 261] backbone=rmtpp seed=62 train=-3.47323668 nll=-3.50769077 time_nll=-3.59948771 qty_mae=0.63782306 mark_acc=0.96289042
[epoch 262] backbone=rmtpp seed=62 train=-3.47316706 nll=-3.50404088 time_nll=-3.59948787 qty_mae=0.64653229 mark_acc=0.96141855
[epoch 263] backbone=rmtpp seed=62 train=-3.47321819 nll=-3.50850577 time_nll=-3.59948841 qty_mae=0.63656428 mark_acc=0.96411891
[epoch 264] backbone=rmtpp seed=62 train=-3.47311413 nll=-3.50348450 time_nll=-3.59946757 qty_mae=0.69879380 mark_acc=0.96278612
[epoch 265] backbone=rmtpp seed=62 train=-3.47277881 nll=-3.50609096 time_nll=-3.59948912 qty_mae=0.64576779 mark_acc=0.96075795
[epoch 266] backbone=rmtpp seed=62 train=-3.47330337 nll=-3.50887513 time_nll=-3.59948197 qty_mae=0.68261583 mark_acc=0.96399142
[epoch 267] backbone=rmtpp seed=62 train=-3.47270464 nll=-3.51144851 time_nll=-3.59948793 qty_mae=0.64747128 mark_acc=0.96333082
[epoch 268] backbone=rmtpp seed=62 train=-3.47349415 nll=-3.50927704 time_nll=-3.59947922 qty_mae=0.68167134 mark_acc=0.96257750
[epoch 269] backbone=rmtpp seed=62 train=-3.47314376 nll=-3.51302800 time_nll=-3.59948475 qty_mae=0.61542080 mark_acc=0.96546329
[epoch 270] backbone=rmtpp seed=62 train=-3.47303704 nll=-3.50836383 time_nll=-3.59948826 qty_mae=0.62584204 mark_acc=0.96341195
[epoch 271] backbone=rmtpp seed=62 train=-3.47297195 nll=-3.50692221 time_nll=-3.59948311 qty_mae=0.73030025 mark_acc=0.96280929
[epoch 272] backbone=rmtpp seed=62 train=-3.47338531 nll=-3.50551931 time_nll=-3.59948822 qty_mae=0.65781512 mark_acc=0.96187055
[epoch 273] backbone=rmtpp seed=62 train=-3.47348825 nll=-3.51097168 time_nll=-3.59948850 qty_mae=0.68681313 mark_acc=0.96461726
[epoch 274] backbone=rmtpp seed=62 train=-3.47331350 nll=-3.51077770 time_nll=-3.59947674 qty_mae=0.63283205 mark_acc=0.96356261
[epoch 275] backbone=rmtpp seed=62 train=-3.47329026 nll=-3.51100819 time_nll=-3.59948752 qty_mae=0.65802551 mark_acc=0.96352784
[epoch 276] backbone=rmtpp seed=62 train=-3.47305542 nll=-3.50691295 time_nll=-3.59948045 qty_mae=0.68111542 mark_acc=0.96268181
[epoch 277] backbone=rmtpp seed=62 train=-3.47328555 nll=-3.50505692 time_nll=-3.59948037 qty_mae=0.66539967 mark_acc=0.96089703
[epoch 278] backbone=rmtpp seed=62 train=-3.47337402 nll=-3.50643912 time_nll=-3.59948185 qty_mae=0.66623522 mark_acc=0.96171988
[epoch 279] backbone=rmtpp seed=62 train=-3.47332315 nll=-3.50888936 time_nll=-3.59947948 qty_mae=0.64949372 mark_acc=0.96343513
[epoch 280] backbone=rmtpp seed=62 train=-3.47314181 nll=-3.50887136 time_nll=-3.59948183 qty_mae=0.65435129 mark_acc=0.96352784
[epoch 281] backbone=rmtpp seed=62 train=-3.47341641 nll=-3.50441712 time_nll=-3.59948277 qty_mae=0.69790654 mark_acc=0.96227618
[epoch 282] backbone=rmtpp seed=62 train=-3.47324814 nll=-3.50650686 time_nll=-3.59949037 qty_mae=0.67517534 mark_acc=0.96170829
[epoch 283] backbone=rmtpp seed=62 train=-3.47347366 nll=-3.50512260 time_nll=-3.59947265 qty_mae=0.64553358 mark_acc=0.96202121
[epoch 284] backbone=rmtpp seed=62 train=-3.47330027 nll=-3.51080404 time_nll=-3.59948529 qty_mae=0.67356222 mark_acc=0.96397983
[epoch 285] backbone=rmtpp seed=62 train=-3.47327454 nll=-3.50837272 time_nll=-3.59948149 qty_mae=0.67426437 mark_acc=0.96318016
[epoch 286] backbone=rmtpp seed=62 train=-3.47348317 nll=-3.50922287 time_nll=-3.59947624 qty_mae=0.66857082 mark_acc=0.96290201
[epoch 287] backbone=rmtpp seed=62 train=-3.47316553 nll=-3.50965981 time_nll=-3.59947868 qty_mae=0.72233249 mark_acc=0.96445500
[epoch 288] backbone=rmtpp seed=62 train=-3.47357285 nll=-3.50872133 time_nll=-3.59948750 qty_mae=0.65492472 mark_acc=0.96322652
[early-stop] backbone=rmtpp seed=62 current_epoch=288 best_epoch=248
/home/leekwanhyeong/miniconda3/envs/ai_env/lib/python3.12/site-packages/torch/autograd/graph.py:869: UserWarning: Memory Efficient attention defaults to a non-deterministic algorithm. To explicitly enable determinism call torch.use_deterministic_algorithms(True, warn_only=False). (Triggered internally at /pytorch/aten/src/ATen/native/transformers/cuda/attention_backward.cu:900.)
  return Variable._execution_engine.run_backward(  # Calls into the C++ engine to run the backward pass
[epoch 001] backbone=thp seed=42 train=1.82465167 nll=1.26357939 time_nll=1.09393638 qty_mae=2.47303646 mark_acc=0.94004752
[epoch 002] backbone=thp seed=42 train=1.07736562 nll=1.03762268 time_nll=0.88352009 qty_mae=2.74935864 mark_acc=0.94431245
[epoch 003] backbone=thp seed=42 train=0.61567845 nll=1.11793513 time_nll=0.97078307 qty_mae=2.10217062 mark_acc=0.94966680
[epoch 004] backbone=thp seed=42 train=0.27269690 nll=0.92820081 time_nll=0.74847114 qty_mae=1.94889037 mark_acc=0.92704410
[epoch 005] backbone=thp seed=42 train=-0.25433669 nll=-0.64441269 time_nll=-0.80131259 qty_mae=1.81365809 mark_acc=0.93556238
[epoch 006] backbone=thp seed=42 train=-0.97231425 nll=-1.17475370 time_nll=-1.31494329 qty_mae=1.74887844 mark_acc=0.94687373
[epoch 007] backbone=thp seed=42 train=-1.23385070 nll=-1.36248110 time_nll=-1.51974178 qty_mae=1.55469038 mark_acc=0.94114852
[epoch 008] backbone=thp seed=42 train=-1.43167036 nll=-1.57623993 time_nll=-1.70065079 qty_mae=1.33383357 mark_acc=0.95069827
[epoch 009] backbone=thp seed=42 train=-1.59833123 nll=-1.68456936 time_nll=-1.85077495 qty_mae=1.34721638 mark_acc=0.93318653
[epoch 010] backbone=thp seed=42 train=-1.73936566 nll=-1.83225954 time_nll=-1.97931841 qty_mae=1.36081251 mark_acc=0.94048792
[epoch 011] backbone=thp seed=42 train=-1.86020126 nll=-1.94984235 time_nll=-2.09060475 qty_mae=1.20792009 mark_acc=0.94213363
[epoch 012] backbone=thp seed=42 train=-1.96657649 nll=-2.04726853 time_nll=-2.18886462 qty_mae=1.65090527 mark_acc=0.94275946
[epoch 013] backbone=thp seed=42 train=-2.06080903 nll=-2.13622539 time_nll=-2.27577361 qty_mae=1.36856529 mark_acc=0.94504259
[epoch 014] backbone=thp seed=42 train=-2.14463933 nll=-2.21680950 time_nll=-2.35391477 qty_mae=1.59272461 mark_acc=0.94687373
[epoch 015] backbone=thp seed=42 train=-2.21941633 nll=-2.28498883 time_nll=-2.42446657 qty_mae=1.48195370 mark_acc=0.94304920
[epoch 016] backbone=thp seed=42 train=-2.28726656 nll=-2.35338446 time_nll=-2.48865065 qty_mae=1.50108953 mark_acc=0.94761546
[epoch 017] backbone=thp seed=42 train=-2.34994146 nll=-2.42038087 time_nll=-2.54727895 qty_mae=1.46676309 mark_acc=0.95080257
[epoch 018] backbone=thp seed=42 train=-2.40673830 nll=-2.46220379 time_nll=-2.60114610 qty_mae=1.54145127 mark_acc=0.94601611
[epoch 019] backbone=thp seed=42 train=-2.45926257 nll=-2.52104343 time_nll=-2.65092800 qty_mae=1.38684658 mark_acc=0.94789361
[epoch 020] backbone=thp seed=42 train=-2.50795378 nll=-2.56186845 time_nll=-2.69694093 qty_mae=1.60667889 mark_acc=0.94647969
[epoch 021] backbone=thp seed=42 train=-2.55267867 nll=-2.60269861 time_nll=-2.73971469 qty_mae=1.64420876 mark_acc=0.94820652
[epoch 022] backbone=thp seed=42 train=-2.59460218 nll=-2.64477472 time_nll=-2.77969007 qty_mae=1.78602110 mark_acc=0.94638697
[epoch 023] backbone=thp seed=42 train=-2.63368198 nll=-2.67294480 time_nll=-2.81696719 qty_mae=1.47846497 mark_acc=0.94132236
[epoch 024] backbone=thp seed=42 train=-2.67066386 nll=-2.70794499 time_nll=-2.85184178 qty_mae=1.38444165 mark_acc=0.94245813
[epoch 025] backbone=thp seed=42 train=-2.70425616 nll=-2.73616709 time_nll=-2.88455062 qty_mae=1.43936833 mark_acc=0.94197137
[epoch 026] backbone=thp seed=42 train=-2.73606904 nll=-2.77507577 time_nll=-2.91536324 qty_mae=1.51195515 mark_acc=0.94537869
[epoch 027] backbone=thp seed=42 train=-2.76695297 nll=-2.80013357 time_nll=-2.94448443 qty_mae=1.53469325 mark_acc=0.94497305
[epoch 028] backbone=thp seed=42 train=-2.79598099 nll=-2.82448271 time_nll=-2.97192606 qty_mae=1.43254353 mark_acc=0.94286377
[epoch 029] backbone=thp seed=42 train=-2.82278631 nll=-2.83546618 time_nll=-2.99783546 qty_mae=1.51212923 mark_acc=0.93447297
[epoch 030] backbone=thp seed=42 train=-2.84824099 nll=-2.88688338 time_nll=-3.02233394 qty_mae=1.31755971 mark_acc=0.94630585
[epoch 031] backbone=thp seed=42 train=-2.87256730 nll=-2.89154429 time_nll=-3.04553184 qty_mae=1.72213569 mark_acc=0.94126441
[epoch 032] backbone=thp seed=42 train=-2.89506447 nll=-2.93049487 time_nll=-3.06754611 qty_mae=1.36873091 mark_acc=0.94686214
[epoch 033] backbone=thp seed=42 train=-2.91742085 nll=-2.93934451 time_nll=-3.08845254 qty_mae=1.34212030 mark_acc=0.94292171
[epoch 034] backbone=thp seed=42 train=-2.93796301 nll=-2.96285310 time_nll=-3.10836450 qty_mae=1.40613395 mark_acc=0.94168164
[epoch 035] backbone=thp seed=42 train=-2.95789165 nll=-2.97727341 time_nll=-3.12736706 qty_mae=1.41455190 mark_acc=0.94244654
[epoch 036] backbone=thp seed=42 train=-2.97643682 nll=-2.99453003 time_nll=-3.14547312 qty_mae=1.56784357 mark_acc=0.94394159
[epoch 037] backbone=thp seed=42 train=-2.99414789 nll=-3.01378092 time_nll=-3.16269985 qty_mae=1.68023074 mark_acc=0.94286377
[epoch 038] backbone=thp seed=42 train=-3.01148795 nll=-3.01920086 time_nll=-3.17899516 qty_mae=1.54287285 mark_acc=0.93750942
[epoch 039] backbone=thp seed=42 train=-3.02797752 nll=-3.05281424 time_nll=-3.19472096 qty_mae=1.42848053 mark_acc=0.94672307
[epoch 040] backbone=thp seed=42 train=-3.04315894 nll=-3.04793587 time_nll=-3.20970996 qty_mae=1.42736981 mark_acc=0.93708060
[epoch 041] backbone=thp seed=42 train=-3.05822728 nll=-3.07811584 time_nll=-3.22407868 qty_mae=1.59293280 mark_acc=0.94688532
[epoch 042] backbone=thp seed=42 train=-3.07239838 nll=-3.09545985 time_nll=-3.23783415 qty_mae=1.64009069 mark_acc=0.94514690
[epoch 043] backbone=thp seed=42 train=-3.08609158 nll=-3.10949978 time_nll=-3.25103973 qty_mae=1.49449220 mark_acc=0.94761546
[epoch 044] backbone=thp seed=42 train=-3.09962107 nll=-3.10124949 time_nll=-3.26370234 qty_mae=1.39361289 mark_acc=0.93972301
[epoch 045] backbone=thp seed=42 train=-3.11192413 nll=-3.13196184 time_nll=-3.27584363 qty_mae=1.62436822 mark_acc=0.94216840
[epoch 046] backbone=thp seed=42 train=-3.12368843 nll=-3.14425950 time_nll=-3.28749785 qty_mae=1.31639342 mark_acc=0.94600452
[epoch 047] backbone=thp seed=42 train=-3.13579031 nll=-3.16045999 time_nll=-3.29865701 qty_mae=1.41206795 mark_acc=0.94673466
[epoch 048] backbone=thp seed=42 train=-3.14651618 nll=-3.16951848 time_nll=-3.30936286 qty_mae=1.37532296 mark_acc=0.94559889
[epoch 049] backbone=thp seed=42 train=-3.15744435 nll=-3.18138425 time_nll=-3.31962131 qty_mae=1.47034051 mark_acc=0.94631744
[epoch 050] backbone=thp seed=42 train=-3.16812577 nll=-3.19471944 time_nll=-3.32945211 qty_mae=1.34595233 mark_acc=0.94702440
[epoch 051] backbone=thp seed=42 train=-3.17776076 nll=-3.20375780 time_nll=-3.33898809 qty_mae=1.46318563 mark_acc=0.94753433
[epoch 052] backbone=thp seed=42 train=-3.18666478 nll=-3.20652423 time_nll=-3.34807640 qty_mae=1.35114261 mark_acc=0.94711711
[epoch 053] backbone=thp seed=42 train=-3.19600238 nll=-3.21516925 time_nll=-3.35682200 qty_mae=1.60138655 mark_acc=0.94672307
[epoch 054] backbone=thp seed=42 train=-3.20476955 nll=-3.22600751 time_nll=-3.36521878 qty_mae=1.31534095 mark_acc=0.94863534
[epoch 055] backbone=thp seed=42 train=-3.21294738 nll=-3.22106439 time_nll=-3.37328779 qty_mae=1.47397394 mark_acc=0.94453265
[epoch 056] backbone=thp seed=42 train=-3.22132106 nll=-3.23779132 time_nll=-3.38108202 qty_mae=1.44039345 mark_acc=0.94719824
[epoch 057] backbone=thp seed=42 train=-3.22925330 nll=-3.24236429 time_nll=-3.38857521 qty_mae=1.31981131 mark_acc=0.94440517
[epoch 058] backbone=thp seed=42 train=-3.23662553 nll=-3.24631005 time_nll=-3.39579581 qty_mae=1.49870120 mark_acc=0.94508895
[epoch 059] backbone=thp seed=42 train=-3.24394913 nll=-3.25383027 time_nll=-3.40271024 qty_mae=1.54684239 mark_acc=0.94637538
[epoch 060] backbone=thp seed=42 train=-3.25059762 nll=-3.27623084 time_nll=-3.40935300 qty_mae=1.77525032 mark_acc=0.95026946
[epoch 061] backbone=thp seed=42 train=-3.25687671 nll=-3.28277272 time_nll=-3.41585096 qty_mae=1.51651637 mark_acc=0.94951614
[epoch 062] backbone=thp seed=42 train=-3.26373832 nll=-3.28179471 time_nll=-3.42205788 qty_mae=1.39151815 mark_acc=0.94875123
[epoch 063] backbone=thp seed=42 train=-3.27015145 nll=-3.28000359 time_nll=-3.42801619 qty_mae=1.52494128 mark_acc=0.94650287
[epoch 064] backbone=thp seed=42 train=-3.27603120 nll=-3.28022780 time_nll=-3.43383194 qty_mae=1.63976725 mark_acc=0.94164687
[epoch 065] backbone=thp seed=42 train=-3.28173636 nll=-3.28807250 time_nll=-3.43935091 qty_mae=1.43283579 mark_acc=0.94395318
[epoch 066] backbone=thp seed=42 train=-3.28713861 nll=-3.30919351 time_nll=-3.44471723 qty_mae=1.50896844 mark_acc=0.94877441
[epoch 067] backbone=thp seed=42 train=-3.29229529 nll=-3.30799766 time_nll=-3.44991841 qty_mae=1.48666515 mark_acc=0.94679261
[epoch 068] backbone=thp seed=42 train=-3.29819005 nll=-3.31045639 time_nll=-3.45488533 qty_mae=1.43677769 mark_acc=0.94412702
[epoch 069] backbone=thp seed=42 train=-3.30304843 nll=-3.31025921 time_nll=-3.45973806 qty_mae=1.58462452 mark_acc=0.94279423
[epoch 070] backbone=thp seed=42 train=-3.30776636 nll=-3.32067942 time_nll=-3.46433675 qty_mae=1.52937355 mark_acc=0.94685055
[epoch 071] backbone=thp seed=42 train=-3.31249490 nll=-3.33628680 time_nll=-3.46887969 qty_mae=1.51492014 mark_acc=0.94923799
[epoch 072] backbone=thp seed=42 train=-3.31683690 nll=-3.33494000 time_nll=-3.47317446 qty_mae=1.65412985 mark_acc=0.94675784
[epoch 073] backbone=thp seed=42 train=-3.32146246 nll=-3.34755260 time_nll=-3.47740842 qty_mae=1.30132668 mark_acc=0.95123138
[epoch 074] backbone=thp seed=42 train=-3.32551247 nll=-3.35445430 time_nll=-3.48136755 qty_mae=1.44674451 mark_acc=0.95154430
[epoch 075] backbone=thp seed=42 train=-3.32954451 nll=-3.35031350 time_nll=-3.48535281 qty_mae=1.70079471 mark_acc=0.94892507
[epoch 076] backbone=thp seed=42 train=-3.33345381 nll=-3.35001409 time_nll=-3.48906377 qty_mae=1.57963441 mark_acc=0.94625949
[epoch 077] backbone=thp seed=42 train=-3.33758268 nll=-3.35602211 time_nll=-3.49273626 qty_mae=1.28943695 mark_acc=0.94946978
[epoch 078] backbone=thp seed=42 train=-3.34082884 nll=-3.36330884 time_nll=-3.49622138 qty_mae=1.41689017 mark_acc=0.95106913
[epoch 079] backbone=thp seed=42 train=-3.34465042 nll=-3.36579434 time_nll=-3.49962603 qty_mae=1.57504923 mark_acc=0.94833401
[epoch 080] backbone=thp seed=42 train=-3.34733661 nll=-3.36500137 time_nll=-3.50301466 qty_mae=1.55844876 mark_acc=0.94696645
[epoch 081] backbone=thp seed=42 train=-3.35100464 nll=-3.36835150 time_nll=-3.50610177 qty_mae=1.74239875 mark_acc=0.94730254
[epoch 082] backbone=thp seed=42 train=-3.35429296 nll=-3.37521870 time_nll=-3.50918718 qty_mae=1.49050427 mark_acc=0.94871646
[epoch 083] backbone=thp seed=42 train=-3.35735093 nll=-3.36244681 time_nll=-3.51218101 qty_mae=1.39397350 mark_acc=0.94664194
[epoch 084] backbone=thp seed=42 train=-3.36025367 nll=-3.37442469 time_nll=-3.51498733 qty_mae=1.70347499 mark_acc=0.94792838
[epoch 085] backbone=thp seed=42 train=-3.36309081 nll=-3.38546332 time_nll=-3.51774419 qty_mae=1.25209738 mark_acc=0.95015356
[epoch 086] backbone=thp seed=42 train=-3.36570224 nll=-3.37351460 time_nll=-3.52049642 qty_mae=1.45933226 mark_acc=0.94471809
[epoch 087] backbone=thp seed=42 train=-3.36843750 nll=-3.37345990 time_nll=-3.52298222 qty_mae=1.52343653 mark_acc=0.94315350
[epoch 088] backbone=thp seed=42 train=-3.37112934 nll=-3.38260318 time_nll=-3.52554762 qty_mae=1.47582254 mark_acc=0.94878600
[epoch 089] backbone=thp seed=42 train=-3.37367822 nll=-3.39777427 time_nll=-3.52805999 qty_mae=1.48476402 mark_acc=0.94963203
[epoch 090] backbone=thp seed=42 train=-3.37620576 nll=-3.38985556 time_nll=-3.53031733 qty_mae=1.41416931 mark_acc=0.94695486
[epoch 091] backbone=thp seed=42 train=-3.37856049 nll=-3.39154434 time_nll=-3.53256837 qty_mae=1.48382269 mark_acc=0.94719824
[epoch 092] backbone=thp seed=42 train=-3.38100538 nll=-3.39308274 time_nll=-3.53482268 qty_mae=1.41932177 mark_acc=0.94710552
[epoch 093] backbone=thp seed=42 train=-3.38353370 nll=-3.39472236 time_nll=-3.53697085 qty_mae=1.41653669 mark_acc=0.94705916
[epoch 094] backbone=thp seed=42 train=-3.38545857 nll=-3.39999725 time_nll=-3.53894053 qty_mae=1.36687541 mark_acc=0.94680420
[epoch 095] backbone=thp seed=42 train=-3.38724243 nll=-3.39140613 time_nll=-3.54090706 qty_mae=1.45323222 mark_acc=0.94111375
[epoch 096] backbone=thp seed=42 train=-3.38913720 nll=-3.39795212 time_nll=-3.54289616 qty_mae=1.34271713 mark_acc=0.94594657
[epoch 097] backbone=thp seed=42 train=-3.39162173 nll=-3.40213706 time_nll=-3.54480098 qty_mae=1.40512181 mark_acc=0.94789361
[epoch 098] backbone=thp seed=42 train=-3.39304983 nll=-3.41362215 time_nll=-3.54653451 qty_mae=1.26593864 mark_acc=0.94952773
[epoch 099] backbone=thp seed=42 train=-3.39499723 nll=-3.41074791 time_nll=-3.54826191 qty_mae=1.39550469 mark_acc=0.94783566
[epoch 100] backbone=thp seed=42 train=-3.39694077 nll=-3.41252245 time_nll=-3.54998640 qty_mae=1.34096386 mark_acc=0.94861216
[epoch 101] backbone=thp seed=42 train=-3.39859793 nll=-3.40641296 time_nll=-3.55169788 qty_mae=1.40934441 mark_acc=0.94520484
[epoch 102] backbone=thp seed=42 train=-3.40043046 nll=-3.41511758 time_nll=-3.55326667 qty_mae=1.45314718 mark_acc=0.94809063
[epoch 103] backbone=thp seed=42 train=-3.40190308 nll=-3.42113494 time_nll=-3.55474124 qty_mae=1.38567898 mark_acc=0.94858898
[epoch 104] backbone=thp seed=42 train=-3.40346850 nll=-3.42656294 time_nll=-3.55621111 qty_mae=1.30682541 mark_acc=0.94795156
[epoch 105] backbone=thp seed=42 train=-3.40522482 nll=-3.42356724 time_nll=-3.55767083 qty_mae=1.37747711 mark_acc=0.95132410
[epoch 106] backbone=thp seed=42 train=-3.40671077 nll=-3.43232085 time_nll=-3.55913766 qty_mae=1.27958732 mark_acc=0.95388538
[epoch 107] backbone=thp seed=42 train=-3.40804706 nll=-3.42596323 time_nll=-3.56053688 qty_mae=1.45300443 mark_acc=0.95037376
[epoch 108] backbone=thp seed=42 train=-3.40961650 nll=-3.42504363 time_nll=-3.56177337 qty_mae=1.48527081 mark_acc=0.94946978
[epoch 109] backbone=thp seed=42 train=-3.41036309 nll=-3.43356507 time_nll=-3.56295513 qty_mae=1.49686768 mark_acc=0.94920322
[epoch 110] backbone=thp seed=42 train=-3.41173086 nll=-3.42467806 time_nll=-3.56418711 qty_mae=1.46819581 mark_acc=0.94643333
[epoch 111] backbone=thp seed=42 train=-3.41288644 nll=-3.42303408 time_nll=-3.56538777 qty_mae=1.65214112 mark_acc=0.94497305
[epoch 112] backbone=thp seed=42 train=-3.41385225 nll=-3.41405168 time_nll=-3.56657955 qty_mae=1.70864441 mark_acc=0.94117170
[epoch 113] backbone=thp seed=42 train=-3.41561889 nll=-3.42783573 time_nll=-3.56776874 qty_mae=1.42647439 mark_acc=0.94894825
[epoch 114] backbone=thp seed=42 train=-3.41669829 nll=-3.42926922 time_nll=-3.56884781 qty_mae=1.37239932 mark_acc=0.94912210
[epoch 115] backbone=thp seed=42 train=-3.41821041 nll=-3.42854608 time_nll=-3.56977311 qty_mae=1.59643840 mark_acc=0.94614359
[epoch 116] backbone=thp seed=42 train=-3.41877139 nll=-3.44604553 time_nll=-3.57076687 qty_mae=1.57437986 mark_acc=0.95218172
[epoch 117] backbone=thp seed=42 train=-3.42018097 nll=-3.43708249 time_nll=-3.57167468 qty_mae=1.31132185 mark_acc=0.95115026
[epoch 118] backbone=thp seed=42 train=-3.42107528 nll=-3.43970613 time_nll=-3.57266075 qty_mae=1.36133507 mark_acc=0.94688532
[epoch 119] backbone=thp seed=42 train=-3.42184596 nll=-3.43324635 time_nll=-3.57361494 qty_mae=1.46210928 mark_acc=0.94682737
[epoch 120] backbone=thp seed=42 train=-3.42288780 nll=-3.43985051 time_nll=-3.57456936 qty_mae=1.52558156 mark_acc=0.95038535
[epoch 121] backbone=thp seed=42 train=-3.42388429 nll=-3.44273499 time_nll=-3.57552103 qty_mae=1.48781381 mark_acc=0.94849626
[epoch 122] backbone=thp seed=42 train=-3.42520366 nll=-3.43491722 time_nll=-3.57640504 qty_mae=1.30285497 mark_acc=0.94727936
[epoch 123] backbone=thp seed=42 train=-3.42598200 nll=-3.43932453 time_nll=-3.57710965 qty_mae=1.29595348 mark_acc=0.94598134
[epoch 124] backbone=thp seed=42 train=-3.42676532 nll=-3.44410915 time_nll=-3.57781749 qty_mae=1.35461693 mark_acc=0.94923799
[epoch 125] backbone=thp seed=42 train=-3.42756408 nll=-3.43909507 time_nll=-3.57851709 qty_mae=1.45424477 mark_acc=0.94788202
[epoch 126] backbone=thp seed=42 train=-3.42827939 nll=-3.43434174 time_nll=-3.57923350 qty_mae=1.64578990 mark_acc=0.94489193
[epoch 127] backbone=thp seed=42 train=-3.42916254 nll=-3.44093002 time_nll=-3.57993359 qty_mae=1.60063429 mark_acc=0.94875123
[epoch 128] backbone=thp seed=42 train=-3.42963294 nll=-3.44357571 time_nll=-3.58064021 qty_mae=1.67722351 mark_acc=0.94884395
[epoch 129] backbone=thp seed=42 train=-3.43012362 nll=-3.45354805 time_nll=-3.58131963 qty_mae=1.46361341 mark_acc=0.95081416
[epoch 130] backbone=thp seed=42 train=-3.43108589 nll=-3.44268131 time_nll=-3.58203311 qty_mae=1.30810135 mark_acc=0.95007243
[epoch 131] backbone=thp seed=42 train=-3.43152020 nll=-3.44008080 time_nll=-3.58271297 qty_mae=1.44732554 mark_acc=0.94827606
[epoch 132] backbone=thp seed=42 train=-3.43252054 nll=-3.43766415 time_nll=-3.58344478 qty_mae=1.47179485 mark_acc=0.94486875
[epoch 133] backbone=thp seed=42 train=-3.43322767 nll=-3.44122188 time_nll=-3.58411421 qty_mae=1.28074965 mark_acc=0.94603929
[epoch 134] backbone=thp seed=42 train=-3.43362540 nll=-3.43876063 time_nll=-3.58458347 qty_mae=1.33692352 mark_acc=0.94402272
[epoch 135] backbone=thp seed=42 train=-3.43453256 nll=-3.44126587 time_nll=-3.58500314 qty_mae=1.41617405 mark_acc=0.94672307
[epoch 136] backbone=thp seed=42 train=-3.43513931 nll=-3.44858468 time_nll=-3.58548286 qty_mae=1.45018290 mark_acc=0.94967839
[epoch 137] backbone=thp seed=42 train=-3.43490339 nll=-3.44863136 time_nll=-3.58594382 qty_mae=1.18107539 mark_acc=0.94593498
[epoch 138] backbone=thp seed=42 train=-3.43571133 nll=-3.44080212 time_nll=-3.58639882 qty_mae=1.48641227 mark_acc=0.94554094
[epoch 139] backbone=thp seed=42 train=-3.43641458 nll=-3.44858279 time_nll=-3.58682390 qty_mae=1.46201890 mark_acc=0.94848467
[epoch 140] backbone=thp seed=42 train=-3.43699109 nll=-3.45298544 time_nll=-3.58730408 qty_mae=1.22712773 mark_acc=0.95116185
[epoch 141] backbone=thp seed=42 train=-3.43747554 nll=-3.43986641 time_nll=-3.58773118 qty_mae=1.28960021 mark_acc=0.94506577
[epoch 142] backbone=thp seed=42 train=-3.43812818 nll=-3.44638670 time_nll=-3.58822129 qty_mae=1.67857984 mark_acc=0.94775453
[epoch 143] backbone=thp seed=42 train=-3.43827985 nll=-3.44738269 time_nll=-3.58867484 qty_mae=1.47415757 mark_acc=0.94798632
[epoch 144] backbone=thp seed=42 train=-3.43852307 nll=-3.44277812 time_nll=-3.58912117 qty_mae=1.24438117 mark_acc=0.94381410
[epoch 145] backbone=thp seed=42 train=-3.43919125 nll=-3.44876027 time_nll=-3.58955650 qty_mae=1.35347726 mark_acc=0.94755751
[epoch 146] backbone=thp seed=42 train=-3.44004893 nll=-3.45295221 time_nll=-3.59003057 qty_mae=1.31467866 mark_acc=0.95113867
[epoch 147] backbone=thp seed=42 train=-3.44025317 nll=-3.45168921 time_nll=-3.59049658 qty_mae=1.30263494 mark_acc=0.94601611
[epoch 148] backbone=thp seed=42 train=-3.44040938 nll=-3.44495661 time_nll=-3.59096180 qty_mae=1.41016020 mark_acc=0.94432404
[epoch 149] backbone=thp seed=42 train=-3.44123794 nll=-3.44668450 time_nll=-3.59141360 qty_mae=1.38272211 mark_acc=0.94686214
[epoch 150] backbone=thp seed=42 train=-3.44171662 nll=-3.45868709 time_nll=-3.59183791 qty_mae=1.41999761 mark_acc=0.94902938
[epoch 151] backbone=thp seed=42 train=-3.44198781 nll=-3.45322151 time_nll=-3.59205369 qty_mae=1.18591137 mark_acc=0.94871646
[epoch 152] backbone=thp seed=42 train=-3.44269840 nll=-3.44058819 time_nll=-3.59227216 qty_mae=1.34046281 mark_acc=0.94511213
[epoch 153] backbone=thp seed=42 train=-3.44231456 nll=-3.44057871 time_nll=-3.59249363 qty_mae=1.31128117 mark_acc=0.94267833
[epoch 154] backbone=thp seed=42 train=-3.44295700 nll=-3.45495064 time_nll=-3.59271385 qty_mae=1.38987692 mark_acc=0.95051284
[epoch 155] backbone=thp seed=42 train=-3.44343676 nll=-3.46777799 time_nll=-3.59294445 qty_mae=1.47051775 mark_acc=0.95089529
[epoch 156] backbone=thp seed=42 train=-3.44323349 nll=-3.45581170 time_nll=-3.59308503 qty_mae=1.41066403 mark_acc=0.94711711
[epoch 157] backbone=thp seed=42 train=-3.44387374 nll=-3.45997577 time_nll=-3.59337807 qty_mae=1.29289986 mark_acc=0.95190358
[epoch 158] backbone=thp seed=42 train=-3.44383089 nll=-3.45804933 time_nll=-3.59359808 qty_mae=1.36582484 mark_acc=0.94946978
[epoch 159] backbone=thp seed=42 train=-3.44395882 nll=-3.45457847 time_nll=-3.59380409 qty_mae=1.44220693 mark_acc=0.94838037
[epoch 160] backbone=thp seed=42 train=-3.44471840 nll=-3.45129167 time_nll=-3.59401146 qty_mae=1.39201847 mark_acc=0.94585386
[epoch 161] backbone=thp seed=42 train=-3.44466914 nll=-3.46488923 time_nll=-3.59420968 qty_mae=1.31279637 mark_acc=0.94935389
[epoch 162] backbone=thp seed=42 train=-3.44476801 nll=-3.45706054 time_nll=-3.59443148 qty_mae=1.13086174 mark_acc=0.95149794
[epoch 163] backbone=thp seed=42 train=-3.44546911 nll=-3.45409896 time_nll=-3.59464694 qty_mae=1.30402558 mark_acc=0.94752274
[epoch 164] backbone=thp seed=42 train=-3.44538352 nll=-3.45579148 time_nll=-3.59487550 qty_mae=1.55839697 mark_acc=0.94856580
[epoch 165] backbone=thp seed=42 train=-3.44578323 nll=-3.45311576 time_nll=-3.59507943 qty_mae=1.36182312 mark_acc=0.94564525
[epoch 166] backbone=thp seed=42 train=-3.44623453 nll=-3.45408796 time_nll=-3.59527926 qty_mae=1.19037106 mark_acc=0.94668830
[epoch 167] backbone=thp seed=42 train=-3.44621057 nll=-3.46019368 time_nll=-3.59547881 qty_mae=1.33537153 mark_acc=0.94927276
[epoch 168] backbone=thp seed=42 train=-3.44664110 nll=-3.46136917 time_nll=-3.59574702 qty_mae=1.20237744 mark_acc=0.94733731
[epoch 169] backbone=thp seed=42 train=-3.44630281 nll=-3.46500065 time_nll=-3.59595151 qty_mae=1.35504686 mark_acc=0.95077939
[epoch 170] backbone=thp seed=42 train=-3.44670278 nll=-3.45656929 time_nll=-3.59618103 qty_mae=1.37396491 mark_acc=0.94916845
[epoch 171] backbone=thp seed=42 train=-3.44701532 nll=-3.45300796 time_nll=-3.59639739 qty_mae=1.22491040 mark_acc=0.94657241
[epoch 172] backbone=thp seed=42 train=-3.44769531 nll=-3.46130745 time_nll=-3.59660609 qty_mae=1.17627114 mark_acc=0.94571478
[epoch 173] backbone=thp seed=42 train=-3.44725911 nll=-3.44594266 time_nll=-3.59683499 qty_mae=1.29179040 mark_acc=0.94317668
[epoch 174] backbone=thp seed=42 train=-3.44747518 nll=-3.45656794 time_nll=-3.59705890 qty_mae=1.22188378 mark_acc=0.94840355
[epoch 175] backbone=thp seed=42 train=-3.44843267 nll=-3.45173215 time_nll=-3.59728081 qty_mae=1.24397683 mark_acc=0.94745321
[epoch 176] backbone=thp seed=42 train=-3.44844318 nll=-3.45033916 time_nll=-3.59749382 qty_mae=1.51503409 mark_acc=0.94253926
[epoch 177] backbone=thp seed=42 train=-3.44872603 nll=-3.46099425 time_nll=-3.59771045 qty_mae=1.33711894 mark_acc=0.94771977
[epoch 178] backbone=thp seed=42 train=-3.44875257 nll=-3.46068189 time_nll=-3.59792311 qty_mae=1.33253046 mark_acc=0.94743003
[epoch 179] backbone=thp seed=42 train=-3.44893117 nll=-3.45852434 time_nll=-3.59812680 qty_mae=1.37265815 mark_acc=0.94663035
[epoch 180] backbone=thp seed=42 train=-3.44932678 nll=-3.46078765 time_nll=-3.59833434 qty_mae=1.32818309 mark_acc=0.94869328
[epoch 181] backbone=thp seed=42 train=-3.44913669 nll=-3.44864011 time_nll=-3.59853103 qty_mae=1.34723696 mark_acc=0.94416179
[epoch 182] backbone=thp seed=42 train=-3.44972708 nll=-3.45111530 time_nll=-3.59872923 qty_mae=1.52808847 mark_acc=0.94143826
[epoch 183] backbone=thp seed=42 train=-3.44974246 nll=-3.45757214 time_nll=-3.59896486 qty_mae=1.60050733 mark_acc=0.94504259
[epoch 184] backbone=thp seed=42 train=-3.45059076 nll=-3.46066837 time_nll=-3.59919257 qty_mae=1.48589562 mark_acc=0.95042012
[epoch 185] backbone=thp seed=42 train=-3.45077588 nll=-3.46169879 time_nll=-3.59941094 qty_mae=1.22898368 mark_acc=0.94555253
[epoch 186] backbone=thp seed=42 train=-3.45045784 nll=-3.45639982 time_nll=-3.59947407 qty_mae=1.36693786 mark_acc=0.94568001
[epoch 187] backbone=thp seed=42 train=-3.45074021 nll=-3.46004462 time_nll=-3.59948522 qty_mae=1.34959163 mark_acc=0.94819494
[epoch 188] backbone=thp seed=42 train=-3.45118396 nll=-3.45344125 time_nll=-3.59948231 qty_mae=1.38680400 mark_acc=0.94408066
[epoch 189] backbone=thp seed=42 train=-3.45076135 nll=-3.46259397 time_nll=-3.59949153 qty_mae=1.37750374 mark_acc=0.94817176
[epoch 190] backbone=thp seed=42 train=-3.45068276 nll=-3.44541756 time_nll=-3.59948267 qty_mae=1.32804721 mark_acc=0.94629426
[epoch 191] backbone=thp seed=42 train=-3.45074941 nll=-3.46767115 time_nll=-3.59949152 qty_mae=1.55379968 mark_acc=0.94887872
[epoch 192] backbone=thp seed=42 train=-3.45042468 nll=-3.44754264 time_nll=-3.59948511 qty_mae=1.49145225 mark_acc=0.94315350
[epoch 193] backbone=thp seed=42 train=-3.45064389 nll=-3.46174759 time_nll=-3.59949163 qty_mae=1.51848389 mark_acc=0.94696645
[epoch 194] backbone=thp seed=42 train=-3.45054195 nll=-3.47028201 time_nll=-3.59940545 qty_mae=1.50927251 mark_acc=0.95007243
[epoch 195] backbone=thp seed=42 train=-3.45075020 nll=-3.45557714 time_nll=-3.59949049 qty_mae=1.51841307 mark_acc=0.94729095
[epoch 196] backbone=thp seed=42 train=-3.45078111 nll=-3.46089801 time_nll=-3.59948595 qty_mae=1.41377999 mark_acc=0.94448630
[epoch 197] backbone=thp seed=42 train=-3.45133254 nll=-3.46120878 time_nll=-3.59943350 qty_mae=1.55020977 mark_acc=0.94768500
[epoch 198] backbone=thp seed=42 train=-3.45105090 nll=-3.45720160 time_nll=-3.59949007 qty_mae=1.34208430 mark_acc=0.94747639
[epoch 199] backbone=thp seed=42 train=-3.45061991 nll=-3.45526375 time_nll=-3.59949213 qty_mae=1.21581464 mark_acc=0.94716347
[epoch 200] backbone=thp seed=42 train=-3.45107863 nll=-3.46082845 time_nll=-3.59948093 qty_mae=1.29067618 mark_acc=0.94554094
[epoch 201] backbone=thp seed=42 train=-3.45091065 nll=-3.45043941 time_nll=-3.59948918 qty_mae=1.26816372 mark_acc=0.94426609
[epoch 202] backbone=thp seed=42 train=-3.45117883 nll=-3.44841292 time_nll=-3.59948536 qty_mae=1.40249658 mark_acc=0.94163528
[epoch 203] backbone=thp seed=42 train=-3.45108121 nll=-3.45699723 time_nll=-3.59949141 qty_mae=1.20476709 mark_acc=0.94870487
[epoch 204] backbone=thp seed=42 train=-3.45047182 nll=-3.45473103 time_nll=-3.59946800 qty_mae=1.41706585 mark_acc=0.94412702
[epoch 205] backbone=thp seed=42 train=-3.45069264 nll=-3.45765225 time_nll=-3.59948759 qty_mae=1.36339767 mark_acc=0.94475285
[epoch 206] backbone=thp seed=42 train=-3.45179738 nll=-3.45172562 time_nll=-3.59948756 qty_mae=1.42338014 mark_acc=0.94448630
[epoch 207] backbone=thp seed=42 train=-3.45097498 nll=-3.45569023 time_nll=-3.59946687 qty_mae=1.49447204 mark_acc=0.94942342
[epoch 208] backbone=thp seed=42 train=-3.45128751 nll=-3.45867120 time_nll=-3.59948369 qty_mae=1.33957512 mark_acc=0.94596975
[epoch 209] backbone=thp seed=42 train=-3.45069429 nll=-3.45805411 time_nll=-3.59948759 qty_mae=1.23895264 mark_acc=0.94895984
[epoch 210] backbone=thp seed=42 train=-3.45141541 nll=-3.46551833 time_nll=-3.59949272 qty_mae=1.26390435 mark_acc=0.94889031
[epoch 211] backbone=thp seed=42 train=-3.45133195 nll=-3.45753663 time_nll=-3.59949213 qty_mae=1.18604424 mark_acc=0.94967839
[epoch 212] backbone=thp seed=42 train=-3.45130124 nll=-3.45466787 time_nll=-3.59949235 qty_mae=1.53512145 mark_acc=0.94615518
[epoch 213] backbone=thp seed=42 train=-3.45140943 nll=-3.44751387 time_nll=-3.59948674 qty_mae=1.28784807 mark_acc=0.94423133
[epoch 214] backbone=thp seed=42 train=-3.45102022 nll=-3.45968209 time_nll=-3.59948717 qty_mae=1.38930592 mark_acc=0.94829924
[epoch 215] backbone=thp seed=42 train=-3.45076406 nll=-3.45192605 time_nll=-3.59947314 qty_mae=1.37784225 mark_acc=0.94585386
[epoch 216] backbone=thp seed=42 train=-3.45112450 nll=-3.45011015 time_nll=-3.59948798 qty_mae=1.32303850 mark_acc=0.94302602
[epoch 217] backbone=thp seed=42 train=-3.45114129 nll=-3.45166602 time_nll=-3.59948529 qty_mae=1.24940671 mark_acc=0.94545981
[epoch 218] backbone=thp seed=42 train=-3.45112745 nll=-3.46137174 time_nll=-3.59941936 qty_mae=1.26667679 mark_acc=0.94805586
[epoch 219] backbone=thp seed=42 train=-3.45092110 nll=-3.45756491 time_nll=-3.59948974 qty_mae=1.38512721 mark_acc=0.94752274
[epoch 220] backbone=thp seed=42 train=-3.45116864 nll=-3.45112721 time_nll=-3.59942208 qty_mae=1.59165006 mark_acc=0.94580750
[epoch 221] backbone=thp seed=42 train=-3.45157840 nll=-3.45086923 time_nll=-3.59948721 qty_mae=1.47986057 mark_acc=0.94562207
[epoch 222] backbone=thp seed=42 train=-3.45157310 nll=-3.45836989 time_nll=-3.59948528 qty_mae=1.26140065 mark_acc=0.94714029
[epoch 223] backbone=thp seed=42 train=-3.45138821 nll=-3.45201577 time_nll=-3.59948708 qty_mae=1.45244220 mark_acc=0.94382569
[epoch 224] backbone=thp seed=42 train=-3.45133869 nll=-3.45672025 time_nll=-3.59948905 qty_mae=1.44486755 mark_acc=0.94748798
[epoch 225] backbone=thp seed=42 train=-3.45114748 nll=-3.45713772 time_nll=-3.59947700 qty_mae=1.33221382 mark_acc=0.94638697
[epoch 226] backbone=thp seed=42 train=-3.45095062 nll=-3.44747955 time_nll=-3.59948576 qty_mae=1.44796510 mark_acc=0.94485716
[epoch 227] backbone=thp seed=42 train=-3.45148876 nll=-3.45635840 time_nll=-3.59948785 qty_mae=1.21959568 mark_acc=0.94696645
[epoch 228] backbone=thp seed=42 train=-3.45126743 nll=-3.45029612 time_nll=-3.59948889 qty_mae=1.33218978 mark_acc=0.94457901
[epoch 229] backbone=thp seed=42 train=-3.45123486 nll=-3.44197687 time_nll=-3.59947622 qty_mae=1.41726938 mark_acc=0.94455583
[epoch 230] backbone=thp seed=42 train=-3.45135855 nll=-3.45239733 time_nll=-3.59945121 qty_mae=1.17040147 mark_acc=0.94618995
[epoch 231] backbone=thp seed=42 train=-3.45115631 nll=-3.45686338 time_nll=-3.59949249 qty_mae=1.31192515 mark_acc=0.94978270
[epoch 232] backbone=thp seed=42 train=-3.45117110 nll=-3.44262030 time_nll=-3.59949098 qty_mae=1.33449343 mark_acc=0.94226111
[epoch 233] backbone=thp seed=42 train=-3.45161123 nll=-3.44925894 time_nll=-3.59948626 qty_mae=1.25563188 mark_acc=0.94628267
[epoch 234] backbone=thp seed=42 train=-3.45132014 nll=-3.45220275 time_nll=-3.59948924 qty_mae=1.35679765 mark_acc=0.94525120
[early-stop] backbone=thp seed=42 current_epoch=234 best_epoch=194
[epoch 001] backbone=thp seed=52 train=1.83165323 nll=1.23134622 time_nll=1.07940826 qty_mae=1.53050288 mark_acc=0.94209886
[epoch 002] backbone=thp seed=52 train=1.12381977 nll=0.95390677 time_nll=0.77708808 qty_mae=2.41232957 mark_acc=0.93090340
[epoch 003] backbone=thp seed=52 train=0.63370907 nll=0.86715574 time_nll=0.70179552 qty_mae=2.29140802 mark_acc=0.93783392
[epoch 004] backbone=thp seed=52 train=0.27350988 nll=1.56758412 time_nll=1.41916114 qty_mae=1.61411428 mark_acc=0.94629426
[epoch 005] backbone=thp seed=52 train=-0.24060506 nll=-0.67700517 time_nll=-0.82380662 qty_mae=1.62163389 mark_acc=0.94660717
[epoch 006] backbone=thp seed=52 train=-0.96844094 nll=-1.16692202 time_nll=-1.30810726 qty_mae=1.82734385 mark_acc=0.94535551
[epoch 007] backbone=thp seed=52 train=-1.22825345 nll=-1.37238436 time_nll=-1.51532252 qty_mae=1.24943516 mark_acc=0.94351278
[epoch 008] backbone=thp seed=52 train=-1.42670092 nll=-1.56207468 time_nll=-1.69588107 qty_mae=1.44659918 mark_acc=0.94678102
[epoch 009] backbone=thp seed=52 train=-1.59417554 nll=-1.71417987 time_nll=-1.84697278 qty_mae=1.20280886 mark_acc=0.94899461
[epoch 010] backbone=thp seed=52 train=-1.73606209 nll=-1.83826214 time_nll=-1.97525203 qty_mae=1.34022966 mark_acc=0.94658399
[epoch 011] backbone=thp seed=52 train=-1.85757485 nll=-1.95806365 time_nll=-2.08790916 qty_mae=1.22425675 mark_acc=0.95068668
[epoch 012] backbone=thp seed=52 train=-1.96421431 nll=-2.05803371 time_nll=-2.18635665 qty_mae=1.40934003 mark_acc=0.94996813
[epoch 013] backbone=thp seed=52 train=-2.05774122 nll=-2.14637886 time_nll=-2.27373576 qty_mae=1.14669624 mark_acc=0.95128933
[epoch 014] backbone=thp seed=52 train=-2.14193428 nll=-2.21986941 time_nll=-2.35215607 qty_mae=1.68278063 mark_acc=0.95052442
[epoch 015] backbone=thp seed=52 train=-2.21739357 nll=-2.28598957 time_nll=-2.42281689 qty_mae=1.46260973 mark_acc=0.94895984
[epoch 016] backbone=thp seed=52 train=-2.28569005 nll=-2.35732935 time_nll=-2.48711477 qty_mae=1.51222305 mark_acc=0.94964362
[epoch 017] backbone=thp seed=52 train=-2.34778578 nll=-2.41173163 time_nll=-2.54587840 qty_mae=1.28507726 mark_acc=0.95147476
[epoch 018] backbone=thp seed=52 train=-2.40486820 nll=-2.45905652 time_nll=-2.59987108 qty_mae=1.32921954 mark_acc=0.94743003
[epoch 019] backbone=thp seed=52 train=-2.45741450 nll=-2.51522739 time_nll=-2.64974861 qty_mae=1.28403332 mark_acc=0.94987541
[epoch 020] backbone=thp seed=52 train=-2.50652603 nll=-2.56453218 time_nll=-2.69584890 qty_mae=1.41134230 mark_acc=0.94963203
[epoch 021] backbone=thp seed=52 train=-2.55083178 nll=-2.60401405 time_nll=-2.73870334 qty_mae=1.25393953 mark_acc=0.94914527
[epoch 022] backbone=thp seed=52 train=-2.59316381 nll=-2.64045329 time_nll=-2.77870726 qty_mae=1.45332846 mark_acc=0.94595816
[epoch 023] backbone=thp seed=52 train=-2.63200500 nll=-2.67136507 time_nll=-2.81606995 qty_mae=1.37817770 mark_acc=0.94372139
[epoch 024] backbone=thp seed=52 train=-2.66846003 nll=-2.71271477 time_nll=-2.85099275 qty_mae=1.43625440 mark_acc=0.94751115
[epoch 025] backbone=thp seed=52 train=-2.70322939 nll=-2.74809909 time_nll=-2.88378495 qty_mae=1.36539829 mark_acc=0.95021151
[epoch 026] backbone=thp seed=52 train=-2.73536672 nll=-2.76867444 time_nll=-2.91470606 qty_mae=1.40568018 mark_acc=0.94598134
[epoch 027] backbone=thp seed=52 train=-2.76555537 nll=-2.80724731 time_nll=-2.94386040 qty_mae=1.51269113 mark_acc=0.94770818
[epoch 028] backbone=thp seed=52 train=-2.79469517 nll=-2.83133689 time_nll=-2.97131142 qty_mae=1.39973935 mark_acc=0.94826447
[epoch 029] backbone=thp seed=52 train=-2.82154320 nll=-2.85649884 time_nll=-2.99726141 qty_mae=1.95850892 mark_acc=0.94541346
[epoch 030] backbone=thp seed=52 train=-2.84725941 nll=-2.88249195 time_nll=-3.02179003 qty_mae=1.42661244 mark_acc=0.94586545
[epoch 031] backbone=thp seed=52 train=-2.87130116 nll=-2.90270974 time_nll=-3.04501984 qty_mae=1.69150967 mark_acc=0.94893666
[epoch 032] backbone=thp seed=52 train=-2.89443868 nll=-2.91986587 time_nll=-3.06704792 qty_mae=1.43875313 mark_acc=0.94438199
[epoch 033] backbone=thp seed=52 train=-2.91630684 nll=-2.95694515 time_nll=-3.08798627 qty_mae=1.61446629 mark_acc=0.94768500
[epoch 034] backbone=thp seed=52 train=-2.93704777 nll=-2.96377323 time_nll=-3.10797668 qty_mae=1.56400255 mark_acc=0.94485716
[epoch 035] backbone=thp seed=52 train=-2.95665887 nll=-2.98913286 time_nll=-3.12698282 qty_mae=1.60281350 mark_acc=0.95062873
[epoch 036] backbone=thp seed=52 train=-2.97563458 nll=-2.99931392 time_nll=-3.14511904 qty_mae=1.36259173 mark_acc=0.94668830
[epoch 037] backbone=thp seed=52 train=-2.99347256 nll=-3.02012764 time_nll=-3.16237052 qty_mae=1.63328647 mark_acc=0.95029263
[epoch 038] backbone=thp seed=52 train=-3.01087944 nll=-3.04384562 time_nll=-3.17873276 qty_mae=1.56037868 mark_acc=0.94654923
[epoch 039] backbone=thp seed=52 train=-3.02618235 nll=-3.04354089 time_nll=-3.19433416 qty_mae=1.81607191 mark_acc=0.94212204
[epoch 040] backbone=thp seed=52 train=-3.04214476 nll=-3.06784838 time_nll=-3.20936417 qty_mae=1.56000104 mark_acc=0.94672307
[epoch 041] backbone=thp seed=52 train=-3.05756022 nll=-3.08468024 time_nll=-3.22376226 qty_mae=1.42748366 mark_acc=0.95042012
[epoch 042] backbone=thp seed=52 train=-3.07159624 nll=-3.10316176 time_nll=-3.23749418 qty_mae=1.71877607 mark_acc=0.95160225
[epoch 043] backbone=thp seed=52 train=-3.08534528 nll=-3.11822540 time_nll=-3.25070693 qty_mae=1.79251859 mark_acc=0.95193834
[epoch 044] backbone=thp seed=52 train=-3.09814108 nll=-3.13207824 time_nll=-3.26339779 qty_mae=1.56753050 mark_acc=0.95157907
[epoch 045] backbone=thp seed=52 train=-3.11065265 nll=-3.13197339 time_nll=-3.27554602 qty_mae=1.93926892 mark_acc=0.94871646
[epoch 046] backbone=thp seed=52 train=-3.12280022 nll=-3.15529491 time_nll=-3.28720558 qty_mae=1.99362135 mark_acc=0.95145158
[epoch 047] backbone=thp seed=52 train=-3.13467416 nll=-3.14599501 time_nll=-3.29837053 qty_mae=1.71506727 mark_acc=0.94521643
[epoch 048] backbone=thp seed=52 train=-3.14574989 nll=-3.16775953 time_nll=-3.30910632 qty_mae=1.76905920 mark_acc=0.94846149
[epoch 049] backbone=thp seed=52 train=-3.15623644 nll=-3.18001459 time_nll=-3.31939283 qty_mae=1.82473026 mark_acc=0.94919163
[epoch 050] backbone=thp seed=52 train=-3.16636947 nll=-3.19485263 time_nll=-3.32926843 qty_mae=1.52023215 mark_acc=0.94899461
[epoch 051] backbone=thp seed=52 train=-3.17650736 nll=-3.19831974 time_nll=-3.33877994 qty_mae=1.58192533 mark_acc=0.94741844
[epoch 052] backbone=thp seed=52 train=-3.18553484 nll=-3.21723221 time_nll=-3.34788445 qty_mae=1.86104279 mark_acc=0.95101118
[epoch 053] backbone=thp seed=52 train=-3.19486636 nll=-3.21898436 time_nll=-3.35663158 qty_mae=1.72200719 mark_acc=0.94796315
[epoch 054] backbone=thp seed=52 train=-3.20346107 nll=-3.22145547 time_nll=-3.36504397 qty_mae=1.74773798 mark_acc=0.94788202
[epoch 055] backbone=thp seed=52 train=-3.21189608 nll=-3.24215321 time_nll=-3.37312824 qty_mae=2.04444728 mark_acc=0.95296981
[epoch 056] backbone=thp seed=52 train=-3.21998583 nll=-3.22806695 time_nll=-3.38092605 qty_mae=1.82308312 mark_acc=0.94426609
[epoch 057] backbone=thp seed=52 train=-3.22743883 nll=-3.24052478 time_nll=-3.38839489 qty_mae=1.49314513 mark_acc=0.94627108
[epoch 058] backbone=thp seed=52 train=-3.23495418 nll=-3.25051248 time_nll=-3.39566853 qty_mae=1.63988048 mark_acc=0.94383728
[epoch 059] backbone=thp seed=52 train=-3.24239761 nll=-3.26045155 time_nll=-3.40256129 qty_mae=2.00310072 mark_acc=0.94637538
[epoch 060] backbone=thp seed=52 train=-3.24916645 nll=-3.26917299 time_nll=-3.40924805 qty_mae=2.05878480 mark_acc=0.94957409
[epoch 061] backbone=thp seed=52 train=-3.25633483 nll=-3.26826729 time_nll=-3.41573714 qty_mae=1.74288905 mark_acc=0.94697804
[epoch 062] backbone=thp seed=52 train=-3.26217005 nll=-3.27143583 time_nll=-3.42190952 qty_mae=2.00631046 mark_acc=0.94702440
[epoch 063] backbone=thp seed=52 train=-3.26866423 nll=-3.27948698 time_nll=-3.42786853 qty_mae=1.78052828 mark_acc=0.94253926
[epoch 064] backbone=thp seed=52 train=-3.27445831 nll=-3.29795266 time_nll=-3.43366480 qty_mae=1.53659938 mark_acc=0.95081416
[epoch 065] backbone=thp seed=52 train=-3.28031719 nll=-3.29624233 time_nll=-3.43922198 qty_mae=1.96611819 mark_acc=0.94654923
[epoch 066] backbone=thp seed=52 train=-3.28628496 nll=-3.30162397 time_nll=-3.44460247 qty_mae=1.35977248 mark_acc=0.94761546
[epoch 067] backbone=thp seed=52 train=-3.29098712 nll=-3.30239128 time_nll=-3.44978411 qty_mae=1.69391624 mark_acc=0.94602770
[epoch 068] backbone=thp seed=52 train=-3.29624796 nll=-3.31990500 time_nll=-3.45473619 qty_mae=1.65744231 mark_acc=0.95258736
[epoch 069] backbone=thp seed=52 train=-3.30154855 nll=-3.30642878 time_nll=-3.45961447 qty_mae=1.90286284 mark_acc=0.94338529
[epoch 070] backbone=thp seed=52 train=-3.30606417 nll=-3.32207005 time_nll=-3.46421596 qty_mae=1.66660405 mark_acc=0.94876282
[epoch 071] backbone=thp seed=52 train=-3.31051457 nll=-3.33469305 time_nll=-3.46874472 qty_mae=1.89770591 mark_acc=0.94912210
[epoch 072] backbone=thp seed=52 train=-3.31532122 nll=-3.32654325 time_nll=-3.47303706 qty_mae=1.88900806 mark_acc=0.94766182
[epoch 073] backbone=thp seed=52 train=-3.31966276 nll=-3.32998963 time_nll=-3.47729173 qty_mae=1.61987637 mark_acc=0.94424292
[epoch 074] backbone=thp seed=52 train=-3.32413038 nll=-3.34418051 time_nll=-3.48126895 qty_mae=1.77119334 mark_acc=0.95296981
[epoch 075] backbone=thp seed=52 train=-3.32791808 nll=-3.33555660 time_nll=-3.48520335 qty_mae=2.09740304 mark_acc=0.94714029
[epoch 076] backbone=thp seed=52 train=-3.33173345 nll=-3.33710496 time_nll=-3.48892907 qty_mae=1.78164998 mark_acc=0.94314191
[epoch 077] backbone=thp seed=52 train=-3.33521498 nll=-3.35135399 time_nll=-3.49259241 qty_mae=1.50464620 mark_acc=0.95093006
[epoch 078] backbone=thp seed=52 train=-3.33902183 nll=-3.35663185 time_nll=-3.49613368 qty_mae=1.58629628 mark_acc=0.95135887
[epoch 079] backbone=thp seed=52 train=-3.34279640 nll=-3.36695705 time_nll=-3.49945553 qty_mae=1.79238818 mark_acc=0.95051284
[epoch 080] backbone=thp seed=52 train=-3.34629026 nll=-3.35188761 time_nll=-3.50284619 qty_mae=1.55890308 mark_acc=0.94445153
[epoch 081] backbone=thp seed=52 train=-3.34931278 nll=-3.37100702 time_nll=-3.50591016 qty_mae=1.57358362 mark_acc=0.94980588
[epoch 082] backbone=thp seed=52 train=-3.35275256 nll=-3.34925756 time_nll=-3.50903058 qty_mae=1.78842478 mark_acc=0.93872631
[epoch 083] backbone=thp seed=52 train=-3.35567383 nll=-3.36780773 time_nll=-3.51204417 qty_mae=1.80056234 mark_acc=0.94761546
[epoch 084] backbone=thp seed=52 train=-3.35843343 nll=-3.37356432 time_nll=-3.51484287 qty_mae=1.97046945 mark_acc=0.94882077
[epoch 085] backbone=thp seed=52 train=-3.36161000 nll=-3.37719991 time_nll=-3.51761575 qty_mae=1.99301402 mark_acc=0.94943501
[epoch 086] backbone=thp seed=52 train=-3.36435067 nll=-3.37550046 time_nll=-3.52036212 qty_mae=1.82746724 mark_acc=0.94659558
[epoch 087] backbone=thp seed=52 train=-3.36716429 nll=-3.37885028 time_nll=-3.52288563 qty_mae=2.11505301 mark_acc=0.94799791
[epoch 088] backbone=thp seed=52 train=-3.36964973 nll=-3.37912535 time_nll=-3.52539379 qty_mae=1.74541857 mark_acc=0.94904097
[epoch 089] backbone=thp seed=52 train=-3.37192147 nll=-3.38134610 time_nll=-3.52791278 qty_mae=2.04202864 mark_acc=0.94583068
[epoch 090] backbone=thp seed=52 train=-3.37452072 nll=-3.38640742 time_nll=-3.53017091 qty_mae=1.67294206 mark_acc=0.94867010
[epoch 091] backbone=thp seed=52 train=-3.37669108 nll=-3.37628637 time_nll=-3.53240563 qty_mae=1.66692722 mark_acc=0.94219157
[epoch 092] backbone=thp seed=52 train=-3.37918728 nll=-3.39014871 time_nll=-3.53464515 qty_mae=1.69520589 mark_acc=0.94687373
[epoch 093] backbone=thp seed=52 train=-3.38193057 nll=-3.38845380 time_nll=-3.53681231 qty_mae=1.53153906 mark_acc=0.94651446
[epoch 094] backbone=thp seed=52 train=-3.38372675 nll=-3.38334440 time_nll=-3.53879045 qty_mae=1.81681992 mark_acc=0.94118329
[epoch 095] backbone=thp seed=52 train=-3.38583713 nll=-3.37430808 time_nll=-3.54077246 qty_mae=1.49762937 mark_acc=0.94357072
[epoch 096] backbone=thp seed=52 train=-3.38753245 nll=-3.40377523 time_nll=-3.54274291 qty_mae=1.88710069 mark_acc=0.94933071
[epoch 097] backbone=thp seed=52 train=-3.38966607 nll=-3.39957570 time_nll=-3.54462278 qty_mae=1.46412689 mark_acc=0.94745321
[epoch 098] backbone=thp seed=52 train=-3.39187494 nll=-3.40740298 time_nll=-3.54636824 qty_mae=1.80702592 mark_acc=0.95043171
[epoch 099] backbone=thp seed=52 train=-3.39342383 nll=-3.38685018 time_nll=-3.54805396 qty_mae=2.14491305 mark_acc=0.94141508
[epoch 100] backbone=thp seed=52 train=-3.39561417 nll=-3.41365271 time_nll=-3.54976359 qty_mae=1.82503005 mark_acc=0.95043171
[epoch 101] backbone=thp seed=52 train=-3.39701744 nll=-3.40236829 time_nll=-3.55150809 qty_mae=1.68411893 mark_acc=0.94636379
[epoch 102] backbone=thp seed=52 train=-3.39867730 nll=-3.40465020 time_nll=-3.55310196 qty_mae=1.73521048 mark_acc=0.94738367
[epoch 103] backbone=thp seed=52 train=-3.40039788 nll=-3.40645809 time_nll=-3.55452811 qty_mae=1.84857770 mark_acc=0.94544822
[epoch 104] backbone=thp seed=52 train=-3.40168797 nll=-3.39435305 time_nll=-3.55600148 qty_mae=2.01064293 mark_acc=0.94391841
[epoch 105] backbone=thp seed=52 train=-3.40322347 nll=-3.41469971 time_nll=-3.55742981 qty_mae=1.68873483 mark_acc=0.95146317
[epoch 106] backbone=thp seed=52 train=-3.40430580 nll=-3.41654721 time_nll=-3.55890550 qty_mae=1.81153053 mark_acc=0.94876282
[epoch 107] backbone=thp seed=52 train=-3.40612440 nll=-3.41856895 time_nll=-3.56034889 qty_mae=1.64067002 mark_acc=0.94905256
[epoch 108] backbone=thp seed=52 train=-3.40766746 nll=-3.40178907 time_nll=-3.56155253 qty_mae=2.14160705 mark_acc=0.94335052
[epoch 109] backbone=thp seed=52 train=-3.40838999 nll=-3.39577581 time_nll=-3.56275552 qty_mae=1.91682463 mark_acc=0.92957061
[epoch 110] backbone=thp seed=52 train=-3.40997713 nll=-3.42664412 time_nll=-3.56392601 qty_mae=1.73732357 mark_acc=0.95083734
[epoch 111] backbone=thp seed=52 train=-3.41129296 nll=-3.38986323 time_nll=-3.56514440 qty_mae=1.76972369 mark_acc=0.93967665
[epoch 112] backbone=thp seed=52 train=-3.41221345 nll=-3.42063381 time_nll=-3.56633296 qty_mae=1.67089663 mark_acc=0.94747639
[epoch 113] backbone=thp seed=52 train=-3.41363856 nll=-3.42024031 time_nll=-3.56751435 qty_mae=1.43037485 mark_acc=0.94811381
[epoch 114] backbone=thp seed=52 train=-3.41475877 nll=-3.43011389 time_nll=-3.56861805 qty_mae=1.41678199 mark_acc=0.94908733
[epoch 115] backbone=thp seed=52 train=-3.41606571 nll=-3.42143246 time_nll=-3.56957211 qty_mae=1.80971507 mark_acc=0.94751115
[epoch 116] backbone=thp seed=52 train=-3.41667770 nll=-3.42437566 time_nll=-3.57049895 qty_mae=1.52702907 mark_acc=0.94806745
[epoch 117] backbone=thp seed=52 train=-3.41802367 nll=-3.43450243 time_nll=-3.57146574 qty_mae=1.75548962 mark_acc=0.95214695
[epoch 118] backbone=thp seed=52 train=-3.41865614 nll=-3.43336566 time_nll=-3.57239079 qty_mae=2.15616363 mark_acc=0.94753433
[epoch 119] backbone=thp seed=52 train=-3.42003192 nll=-3.42403892 time_nll=-3.57330694 qty_mae=1.44281334 mark_acc=0.94321145
[epoch 120] backbone=thp seed=52 train=-3.42052071 nll=-3.43535549 time_nll=-3.57423803 qty_mae=1.44133320 mark_acc=0.94948137
[epoch 121] backbone=thp seed=52 train=-3.42167653 nll=-3.42865491 time_nll=-3.57522438 qty_mae=1.85532798 mark_acc=0.94523961
[epoch 122] backbone=thp seed=52 train=-3.42266570 nll=-3.43298474 time_nll=-3.57618908 qty_mae=2.18342507 mark_acc=0.94857739
[epoch 123] backbone=thp seed=52 train=-3.42384266 nll=-3.40756919 time_nll=-3.57687713 qty_mae=1.70633916 mark_acc=0.93538854
[epoch 124] backbone=thp seed=52 train=-3.42438656 nll=-3.43614753 time_nll=-3.57759545 qty_mae=1.65761111 mark_acc=0.94850785
[epoch 125] backbone=thp seed=52 train=-3.42549825 nll=-3.43621840 time_nll=-3.57828249 qty_mae=1.98327362 mark_acc=0.94948137
[epoch 126] backbone=thp seed=52 train=-3.42571260 nll=-3.42116917 time_nll=-3.57899966 qty_mae=2.02738438 mark_acc=0.94153097
[epoch 127] backbone=thp seed=52 train=-3.42669244 nll=-3.44239606 time_nll=-3.57969249 qty_mae=1.60466354 mark_acc=0.94937706
[epoch 128] backbone=thp seed=52 train=-3.42723822 nll=-3.43664329 time_nll=-3.58034783 qty_mae=1.56373911 mark_acc=0.94826447
[epoch 129] backbone=thp seed=52 train=-3.42827823 nll=-3.44072819 time_nll=-3.58098696 qty_mae=1.76448611 mark_acc=0.95008402
[epoch 130] backbone=thp seed=52 train=-3.42890793 nll=-3.44295298 time_nll=-3.58175352 qty_mae=1.90536888 mark_acc=0.95011879
[epoch 131] backbone=thp seed=52 train=-3.42966219 nll=-3.43843835 time_nll=-3.58245373 qty_mae=2.13064941 mark_acc=0.94809063
[epoch 132] backbone=thp seed=52 train=-3.43029190 nll=-3.42936838 time_nll=-3.58314040 qty_mae=1.60330888 mark_acc=0.94995654
[epoch 133] backbone=thp seed=52 train=-3.43109907 nll=-3.44756272 time_nll=-3.58383450 qty_mae=1.99595820 mark_acc=0.94817176
[epoch 134] backbone=thp seed=52 train=-3.43195760 nll=-3.44177076 time_nll=-3.58432969 qty_mae=1.58374879 mark_acc=0.94926117
[epoch 135] backbone=thp seed=52 train=-3.43195733 nll=-3.45219835 time_nll=-3.58480547 qty_mae=1.66699758 mark_acc=0.95124297
[epoch 136] backbone=thp seed=52 train=-3.43199624 nll=-3.44357990 time_nll=-3.58526396 qty_mae=2.16850796 mark_acc=0.94762705
[epoch 137] backbone=thp seed=52 train=-3.43289626 nll=-3.44110003 time_nll=-3.58570088 qty_mae=1.72717038 mark_acc=0.94797473
[epoch 138] backbone=thp seed=52 train=-3.43362911 nll=-3.43938251 time_nll=-3.58615451 qty_mae=1.68245877 mark_acc=0.94727936
[epoch 139] backbone=thp seed=52 train=-3.43430787 nll=-3.44788722 time_nll=-3.58659709 qty_mae=1.81398143 mark_acc=0.95134728
[epoch 140] backbone=thp seed=52 train=-3.43416510 nll=-3.43318807 time_nll=-3.58705507 qty_mae=2.01055612 mark_acc=0.94462537
[epoch 141] backbone=thp seed=52 train=-3.43514211 nll=-3.44280380 time_nll=-3.58748441 qty_mae=1.63860601 mark_acc=0.94747639
[epoch 142] backbone=thp seed=52 train=-3.43510382 nll=-3.45033527 time_nll=-3.58795248 qty_mae=1.96629812 mark_acc=0.95053601
[epoch 143] backbone=thp seed=52 train=-3.43580103 nll=-3.44986536 time_nll=-3.58840401 qty_mae=2.06079480 mark_acc=0.94974793
[epoch 144] backbone=thp seed=52 train=-3.43610252 nll=-3.44680196 time_nll=-3.58885579 qty_mae=1.74665337 mark_acc=0.94930753
[epoch 145] backbone=thp seed=52 train=-3.43695302 nll=-3.44027365 time_nll=-3.58930360 qty_mae=1.73179783 mark_acc=0.94382569
[epoch 146] backbone=thp seed=52 train=-3.43735555 nll=-3.45360194 time_nll=-3.58971901 qty_mae=2.02717046 mark_acc=0.95110390
[epoch 147] backbone=thp seed=52 train=-3.43790964 nll=-3.44817406 time_nll=-3.59019289 qty_mae=1.63864331 mark_acc=0.94942342
[epoch 148] backbone=thp seed=52 train=-3.43797946 nll=-3.44796849 time_nll=-3.59063183 qty_mae=1.97884672 mark_acc=0.94530915
[epoch 149] backbone=thp seed=52 train=-3.43908710 nll=-3.45498002 time_nll=-3.59107650 qty_mae=1.58787612 mark_acc=0.95265689
[epoch 150] backbone=thp seed=52 train=-3.43929346 nll=-3.44932202 time_nll=-3.59153144 qty_mae=1.52270222 mark_acc=0.94752274
[epoch 151] backbone=thp seed=52 train=-3.43989836 nll=-3.44608768 time_nll=-3.59183496 qty_mae=1.88696607 mark_acc=0.94900620
[epoch 152] backbone=thp seed=52 train=-3.44015418 nll=-3.45073132 time_nll=-3.59209799 qty_mae=1.88950858 mark_acc=0.94958568
[epoch 153] backbone=thp seed=52 train=-3.44034518 nll=-3.44369172 time_nll=-3.59229918 qty_mae=1.70672644 mark_acc=0.94608565
[epoch 154] backbone=thp seed=52 train=-3.44021983 nll=-3.45186096 time_nll=-3.59248844 qty_mae=1.92061009 mark_acc=0.94698963
[epoch 155] backbone=thp seed=52 train=-3.44057397 nll=-3.45269179 time_nll=-3.59272938 qty_mae=1.54041358 mark_acc=0.95040853
[epoch 156] backbone=thp seed=52 train=-3.44114993 nll=-3.45145398 time_nll=-3.59293914 qty_mae=1.68360147 mark_acc=0.94778930
[epoch 157] backbone=thp seed=52 train=-3.44126063 nll=-3.44963144 time_nll=-3.59306602 qty_mae=1.80718286 mark_acc=0.94884395
[epoch 158] backbone=thp seed=52 train=-3.44118772 nll=-3.44494154 time_nll=-3.59336071 qty_mae=1.84449835 mark_acc=0.94492670
[epoch 159] backbone=thp seed=52 train=-3.44186994 nll=-3.44921708 time_nll=-3.59356424 qty_mae=1.72342147 mark_acc=0.94588862
[epoch 160] backbone=thp seed=52 train=-3.44165556 nll=-3.44956721 time_nll=-3.59376007 qty_mae=1.90664463 mark_acc=0.94928435
[epoch 161] backbone=thp seed=52 train=-3.44221151 nll=-3.45682487 time_nll=-3.59392457 qty_mae=1.92781894 mark_acc=0.95062873
[epoch 162] backbone=thp seed=52 train=-3.44218590 nll=-3.43158002 time_nll=-3.59417237 qty_mae=1.77585801 mark_acc=0.94167005
[epoch 163] backbone=thp seed=52 train=-3.44270152 nll=-3.45306848 time_nll=-3.59438177 qty_mae=1.69511500 mark_acc=0.94979429
[epoch 164] backbone=thp seed=52 train=-3.44291547 nll=-3.43852687 time_nll=-3.59457112 qty_mae=1.69064823 mark_acc=0.94420815
[epoch 165] backbone=thp seed=52 train=-3.44334363 nll=-3.44915997 time_nll=-3.59480876 qty_mae=1.58432128 mark_acc=0.94605088
[epoch 166] backbone=thp seed=52 train=-3.44339495 nll=-3.46415134 time_nll=-3.59498512 qty_mae=2.05101095 mark_acc=0.95076780
[epoch 167] backbone=thp seed=52 train=-3.44334400 nll=-3.45809997 time_nll=-3.59523850 qty_mae=1.91745016 mark_acc=0.95057078
[epoch 168] backbone=thp seed=52 train=-3.44371979 nll=-3.44724667 time_nll=-3.59542031 qty_mae=1.63279735 mark_acc=0.94847308
[epoch 169] backbone=thp seed=52 train=-3.44385737 nll=-3.43994154 time_nll=-3.59567026 qty_mae=1.60628220 mark_acc=0.94605088
[epoch 170] backbone=thp seed=52 train=-3.44437631 nll=-3.43932723 time_nll=-3.59585749 qty_mae=1.42398792 mark_acc=0.94615518
[epoch 171] backbone=thp seed=52 train=-3.44447890 nll=-3.44953188 time_nll=-3.59607155 qty_mae=2.09017383 mark_acc=0.94872805
[epoch 172] backbone=thp seed=52 train=-3.44461122 nll=-3.45182403 time_nll=-3.59630542 qty_mae=1.93666773 mark_acc=0.95126615
[epoch 173] backbone=thp seed=52 train=-3.44484840 nll=-3.43946041 time_nll=-3.59647962 qty_mae=1.76632655 mark_acc=0.94445153
[epoch 174] backbone=thp seed=52 train=-3.44533205 nll=-3.44594078 time_nll=-3.59670497 qty_mae=1.54651268 mark_acc=0.94769659
[epoch 175] backbone=thp seed=52 train=-3.44542891 nll=-3.45620643 time_nll=-3.59689176 qty_mae=1.83588061 mark_acc=0.95028105
[epoch 176] backbone=thp seed=52 train=-3.44502656 nll=-3.43783455 time_nll=-3.59713693 qty_mae=2.06083425 mark_acc=0.94417338
[epoch 177] backbone=thp seed=52 train=-3.44590299 nll=-3.45803582 time_nll=-3.59731628 qty_mae=1.59512230 mark_acc=0.95000290
[epoch 178] backbone=thp seed=52 train=-3.44627563 nll=-3.46050464 time_nll=-3.59751808 qty_mae=2.21358391 mark_acc=0.95025787
[epoch 179] backbone=thp seed=52 train=-3.44651635 nll=-3.45064686 time_nll=-3.59774103 qty_mae=2.03276820 mark_acc=0.94623631
[epoch 180] backbone=thp seed=52 train=-3.44640043 nll=-3.45588678 time_nll=-3.59792063 qty_mae=2.12412537 mark_acc=0.94715188
[epoch 181] backbone=thp seed=52 train=-3.44689503 nll=-3.46280344 time_nll=-3.59810462 qty_mae=1.98014091 mark_acc=0.95088370
[epoch 182] backbone=thp seed=52 train=-3.44743372 nll=-3.45475957 time_nll=-3.59834207 qty_mae=1.89073410 mark_acc=0.94864693
[epoch 183] backbone=thp seed=52 train=-3.44710372 nll=-3.45554703 time_nll=-3.59854711 qty_mae=1.73967910 mark_acc=0.94625949
[epoch 184] backbone=thp seed=52 train=-3.44764325 nll=-3.44751714 time_nll=-3.59875531 qty_mae=1.83684120 mark_acc=0.94515849
[epoch 185] backbone=thp seed=52 train=-3.44769013 nll=-3.46076959 time_nll=-3.59897004 qty_mae=2.05629030 mark_acc=0.95225126
[epoch 186] backbone=thp seed=52 train=-3.44769059 nll=-3.45235528 time_nll=-3.59917071 qty_mae=1.72686234 mark_acc=0.94894825
[epoch 187] backbone=thp seed=52 train=-3.44773754 nll=-3.44783215 time_nll=-3.59935871 qty_mae=1.69596955 mark_acc=0.94343165
[epoch 188] backbone=thp seed=52 train=-3.44839168 nll=-3.43059546 time_nll=-3.59946299 qty_mae=1.63245837 mark_acc=0.93651272
[epoch 189] backbone=thp seed=52 train=-3.44843023 nll=-3.43858834 time_nll=-3.59947852 qty_mae=1.48307385 mark_acc=0.94331576
[epoch 190] backbone=thp seed=52 train=-3.44835784 nll=-3.42530534 time_nll=-3.59949178 qty_mae=1.39942210 mark_acc=0.93497132
[epoch 191] backbone=thp seed=52 train=-3.44807688 nll=-3.45431230 time_nll=-3.59948863 qty_mae=1.78904447 mark_acc=0.94676943
[epoch 192] backbone=thp seed=52 train=-3.44817250 nll=-3.44982685 time_nll=-3.59941703 qty_mae=1.49987666 mark_acc=0.94191343
[epoch 193] backbone=thp seed=52 train=-3.44870230 nll=-3.44729356 time_nll=-3.59948744 qty_mae=1.92644187 mark_acc=0.94206409
[epoch 194] backbone=thp seed=52 train=-3.44860814 nll=-3.45698758 time_nll=-3.59948480 qty_mae=2.05203411 mark_acc=0.94700122
[epoch 195] backbone=thp seed=52 train=-3.44852194 nll=-3.45589978 time_nll=-3.59948693 qty_mae=1.74928370 mark_acc=0.94784725
[epoch 196] backbone=thp seed=52 train=-3.44815441 nll=-3.44692951 time_nll=-3.59948195 qty_mae=1.73397656 mark_acc=0.94755751
[epoch 197] backbone=thp seed=52 train=-3.44830639 nll=-3.45500988 time_nll=-3.59943338 qty_mae=1.57047483 mark_acc=0.94551776
[epoch 198] backbone=thp seed=52 train=-3.44857376 nll=-3.46042595 time_nll=-3.59948422 qty_mae=1.70287383 mark_acc=0.95131251
[epoch 199] backbone=thp seed=52 train=-3.44858542 nll=-3.46148593 time_nll=-3.59945545 qty_mae=1.62520830 mark_acc=0.95064032
[epoch 200] backbone=thp seed=52 train=-3.44848839 nll=-3.46255725 time_nll=-3.59947863 qty_mae=1.80725605 mark_acc=0.95088370
[epoch 201] backbone=thp seed=52 train=-3.44883120 nll=-3.45084846 time_nll=-3.59948422 qty_mae=1.48251731 mark_acc=0.94364026
[epoch 202] backbone=thp seed=52 train=-3.44876188 nll=-3.44737893 time_nll=-3.59948449 qty_mae=1.61205662 mark_acc=0.94770818
[epoch 203] backbone=thp seed=52 train=-3.44821008 nll=-3.44577981 time_nll=-3.59948927 qty_mae=1.87576866 mark_acc=0.94462537
[epoch 204] backbone=thp seed=52 train=-3.44904208 nll=-3.43977396 time_nll=-3.59948170 qty_mae=1.61532172 mark_acc=0.94340847
[epoch 205] backbone=thp seed=52 train=-3.44887351 nll=-3.44875481 time_nll=-3.59948996 qty_mae=1.99195418 mark_acc=0.94653764
[epoch 206] backbone=thp seed=52 train=-3.44796040 nll=-3.44637695 time_nll=-3.59947364 qty_mae=1.64192787 mark_acc=0.95133569
[early-stop] backbone=thp seed=52 current_epoch=206 best_epoch=166
[epoch 001] backbone=thp seed=62 train=1.84448697 nll=1.24760051 time_nll=1.08759157 qty_mae=2.29893049 mark_acc=0.94395318
[epoch 002] backbone=thp seed=62 train=1.09727085 nll=1.40563066 time_nll=1.24519324 qty_mae=1.93357973 mark_acc=0.94369821
[epoch 003] backbone=thp seed=62 train=0.60704938 nll=0.79526471 time_nll=0.61120120 qty_mae=2.00101852 mark_acc=0.92807556
[epoch 004] backbone=thp seed=62 train=0.25705912 nll=1.27891355 time_nll=1.13038127 qty_mae=1.86581891 mark_acc=0.94680420
[epoch 005] backbone=thp seed=62 train=-0.31782440 nll=-0.73693822 time_nll=-0.89322047 qty_mae=1.86511183 mark_acc=0.94339688
[epoch 006] backbone=thp seed=62 train=-0.99280527 nll=-1.16972565 time_nll=-1.32223449 qty_mae=1.64829064 mark_acc=0.94330417
[epoch 007] backbone=thp seed=62 train=-1.24080697 nll=-1.37502383 time_nll=-1.52748123 qty_mae=1.61540387 mark_acc=0.94154256
[epoch 008] backbone=thp seed=62 train=-1.43723586 nll=-1.55936848 time_nll=-1.70561445 qty_mae=1.34542371 mark_acc=0.94328099
[epoch 009] backbone=thp seed=62 train=-1.60409150 nll=-1.71165701 time_nll=-1.85569039 qty_mae=1.27570262 mark_acc=0.94430086
[epoch 010] backbone=thp seed=62 train=-1.74460401 nll=-1.83202099 time_nll=-1.98379705 qty_mae=1.35671997 mark_acc=0.93599119
[epoch 011] backbone=thp seed=62 train=-1.86475282 nll=-1.95027887 time_nll=-2.09441478 qty_mae=1.32131545 mark_acc=0.93983891
[epoch 012] backbone=thp seed=62 train=-1.97020366 nll=-2.04584106 time_nll=-2.19202888 qty_mae=1.54453642 mark_acc=0.93870313
[epoch 013] backbone=thp seed=62 train=-2.06331974 nll=-2.13983158 time_nll=-2.27886948 qty_mae=1.48486345 mark_acc=0.94656082
[epoch 014] backbone=thp seed=62 train=-2.14679138 nll=-2.21059228 time_nll=-2.35663895 qty_mae=1.55169562 mark_acc=0.93785710
[epoch 015] backbone=thp seed=62 train=-2.22151907 nll=-2.27561300 time_nll=-2.42688076 qty_mae=1.44644838 mark_acc=0.93920148
[epoch 016] backbone=thp seed=62 train=-2.28983826 nll=-2.35533150 time_nll=-2.49083026 qty_mae=1.52481867 mark_acc=0.94737208
[epoch 017] backbone=thp seed=62 train=-2.35186355 nll=-2.38360215 time_nll=-2.54928181 qty_mae=1.59560841 mark_acc=0.93206235
[epoch 018] backbone=thp seed=62 train=-2.40831668 nll=-2.45988780 time_nll=-2.60300072 qty_mae=1.23820626 mark_acc=0.94132236
[epoch 019] backbone=thp seed=62 train=-2.46094513 nll=-2.51532065 time_nll=-2.65262495 qty_mae=1.28620638 mark_acc=0.94669989
[epoch 020] backbone=thp seed=62 train=-2.50915716 nll=-2.55532101 time_nll=-2.69850603 qty_mae=1.30540606 mark_acc=0.94342006
[epoch 021] backbone=thp seed=62 train=-2.55401594 nll=-2.60898835 time_nll=-2.74121897 qty_mae=1.59343820 mark_acc=0.94769659
[epoch 022] backbone=thp seed=62 train=-2.59578220 nll=-2.62780857 time_nll=-2.78109283 qty_mae=1.60809923 mark_acc=0.93428754
[epoch 023] backbone=thp seed=62 train=-2.63453968 nll=-2.67940730 time_nll=-2.81830455 qty_mae=1.28175203 mark_acc=0.94680420
[epoch 024] backbone=thp seed=62 train=-2.67098922 nll=-2.72362534 time_nll=-2.85310046 qty_mae=1.39113773 mark_acc=0.95190358
[epoch 025] backbone=thp seed=62 train=-2.70558821 nll=-2.75288660 time_nll=-2.88572465 qty_mae=1.85871457 mark_acc=0.95022310
[epoch 026] backbone=thp seed=62 train=-2.73770560 nll=-2.77174672 time_nll=-2.91652685 qty_mae=1.49621386 mark_acc=0.94167005
[epoch 027] backbone=thp seed=62 train=-2.76811756 nll=-2.77827014 time_nll=-2.94558826 qty_mae=1.27627833 mark_acc=0.93733557
[epoch 028] backbone=thp seed=62 train=-2.79630572 nll=-2.82653819 time_nll=-2.97297303 qty_mae=1.68175254 mark_acc=0.94293330
[epoch 029] backbone=thp seed=62 train=-2.82315381 nll=-2.86297295 time_nll=-2.99882752 qty_mae=1.74772764 mark_acc=0.94384887
[epoch 030] backbone=thp seed=62 train=-2.84871941 nll=-2.88588709 time_nll=-3.02328169 qty_mae=1.45598687 mark_acc=0.94457901
[epoch 031] backbone=thp seed=62 train=-2.87257974 nll=-2.90971316 time_nll=-3.04642779 qty_mae=1.89801647 mark_acc=0.94501941
[epoch 032] backbone=thp seed=62 train=-2.89548283 nll=-2.91285570 time_nll=-3.06839587 qty_mae=1.79069232 mark_acc=0.94330417
[epoch 033] backbone=thp seed=62 train=-2.91732017 nll=-2.95527107 time_nll=-3.08925284 qty_mae=1.58677621 mark_acc=0.95021151
[epoch 034] backbone=thp seed=62 train=-2.93791683 nll=-2.96392992 time_nll=-3.10910700 qty_mae=1.44912338 mark_acc=0.94322304
[epoch 035] backbone=thp seed=62 train=-2.95762610 nll=-2.99102231 time_nll=-3.12809055 qty_mae=1.50555810 mark_acc=0.94847308
[epoch 036] backbone=thp seed=62 train=-2.97611389 nll=-2.99998086 time_nll=-3.14616218 qty_mae=1.48824361 mark_acc=0.94117170
[epoch 037] backbone=thp seed=62 train=-2.99388124 nll=-3.02071202 time_nll=-3.16336930 qty_mae=1.80635701 mark_acc=0.94528597
[epoch 038] backbone=thp seed=62 train=-3.01142449 nll=-3.04422293 time_nll=-3.17964813 qty_mae=1.61069463 mark_acc=0.94755751
[epoch 039] backbone=thp seed=62 train=-3.02707390 nll=-3.05669338 time_nll=-3.19518904 qty_mae=1.72178280 mark_acc=0.94566842
[epoch 040] backbone=thp seed=62 train=-3.04299340 nll=-3.07848112 time_nll=-3.21013852 qty_mae=1.30726452 mark_acc=0.95060555
[epoch 041] backbone=thp seed=62 train=-3.05749731 nll=-3.09224798 time_nll=-3.22440852 qty_mae=1.64587463 mark_acc=0.94991018
[epoch 042] backbone=thp seed=62 train=-3.07162826 nll=-3.10038136 time_nll=-3.23812518 qty_mae=1.29462244 mark_acc=0.95037376
[epoch 043] backbone=thp seed=62 train=-3.08546597 nll=-3.11195138 time_nll=-3.25130451 qty_mae=1.84137070 mark_acc=0.94762705
[epoch 044] backbone=thp seed=62 train=-3.09817107 nll=-3.12274075 time_nll=-3.26398040 qty_mae=1.80572052 mark_acc=0.94600452
[epoch 045] backbone=thp seed=62 train=-3.11134433 nll=-3.13292866 time_nll=-3.27612926 qty_mae=1.90250933 mark_acc=0.94010546
[epoch 046] backbone=thp seed=62 train=-3.12300487 nll=-3.15088487 time_nll=-3.28775375 qty_mae=1.97095849 mark_acc=0.94669989
[epoch 047] backbone=thp seed=62 train=-3.13446211 nll=-3.14753622 time_nll=-3.29890099 qty_mae=1.55211426 mark_acc=0.94236542
[epoch 048] backbone=thp seed=62 train=-3.14581665 nll=-3.17446083 time_nll=-3.30961677 qty_mae=1.63025698 mark_acc=0.95062873
[epoch 049] backbone=thp seed=62 train=-3.15618309 nll=-3.16457265 time_nll=-3.31987697 qty_mae=1.71276503 mark_acc=0.93708060
[epoch 050] backbone=thp seed=62 train=-3.16658784 nll=-3.19085998 time_nll=-3.32975649 qty_mae=2.24090602 mark_acc=0.94781248
[epoch 051] backbone=thp seed=62 train=-3.17649136 nll=-3.20359502 time_nll=-3.33920920 qty_mae=1.42437414 mark_acc=0.94573796
[epoch 052] backbone=thp seed=62 train=-3.18587589 nll=-3.20648243 time_nll=-3.34836530 qty_mae=1.54440768 mark_acc=0.94674625
[epoch 053] backbone=thp seed=62 train=-3.19505046 nll=-3.21264821 time_nll=-3.35711092 qty_mae=1.93421160 mark_acc=0.94618995
[epoch 054] backbone=thp seed=62 train=-3.20411602 nll=-3.21847379 time_nll=-3.36551368 qty_mae=1.62578234 mark_acc=0.94500782
[epoch 055] backbone=thp seed=62 train=-3.21257728 nll=-3.22620961 time_nll=-3.37358891 qty_mae=1.64304768 mark_acc=0.94975952
[epoch 056] backbone=thp seed=62 train=-3.22002128 nll=-3.23122022 time_nll=-3.38136512 qty_mae=2.02302565 mark_acc=0.94471809
[epoch 057] backbone=thp seed=62 train=-3.22848211 nll=-3.25026148 time_nll=-3.38888126 qty_mae=1.76742539 mark_acc=0.94600452
[epoch 058] backbone=thp seed=62 train=-3.23576623 nll=-3.25057797 time_nll=-3.39611331 qty_mae=2.14028805 mark_acc=0.94636379
[epoch 059] backbone=thp seed=62 train=-3.24254959 nll=-3.26188169 time_nll=-3.40303676 qty_mae=1.99960721 mark_acc=0.94705916
[epoch 060] backbone=thp seed=62 train=-3.24980945 nll=-3.26706928 time_nll=-3.40966216 qty_mae=1.73376032 mark_acc=0.95024628
[epoch 061] backbone=thp seed=62 train=-3.25638906 nll=-3.25543328 time_nll=-3.41618115 qty_mae=1.68076599 mark_acc=0.93611868
[epoch 062] backbone=thp seed=62 train=-3.26314254 nll=-3.27857770 time_nll=-3.42231396 qty_mae=1.85318312 mark_acc=0.94568001
[epoch 063] backbone=thp seed=62 train=-3.26889033 nll=-3.29358992 time_nll=-3.42831041 qty_mae=1.55448076 mark_acc=0.94855421
[epoch 064] backbone=thp seed=62 train=-3.27520250 nll=-3.29359112 time_nll=-3.43415256 qty_mae=1.49186625 mark_acc=0.94543663
[epoch 065] backbone=thp seed=62 train=-3.28085748 nll=-3.28566838 time_nll=-3.43968140 qty_mae=2.23203514 mark_acc=0.93982732
[epoch 066] backbone=thp seed=62 train=-3.28652342 nll=-3.29947046 time_nll=-3.44502755 qty_mae=1.61778237 mark_acc=0.94833401
[epoch 067] backbone=thp seed=62 train=-3.29204101 nll=-3.30379674 time_nll=-3.45019118 qty_mae=1.73993897 mark_acc=0.94376775
[epoch 068] backbone=thp seed=62 train=-3.29717040 nll=-3.30917313 time_nll=-3.45517056 qty_mae=2.16208093 mark_acc=0.94463696
[epoch 069] backbone=thp seed=62 train=-3.30199927 nll=-3.31723935 time_nll=-3.46003006 qty_mae=1.84708458 mark_acc=0.94539028
[epoch 070] backbone=thp seed=62 train=-3.30703702 nll=-3.30504750 time_nll=-3.46463776 qty_mae=2.23914545 mark_acc=0.93936374
[epoch 071] backbone=thp seed=62 train=-3.31121917 nll=-3.32835208 time_nll=-3.46916412 qty_mae=1.69689673 mark_acc=0.94638697
[epoch 072] backbone=thp seed=62 train=-3.31606002 nll=-3.33509000 time_nll=-3.47340153 qty_mae=2.31226309 mark_acc=0.94649128
[epoch 073] backbone=thp seed=62 train=-3.32057720 nll=-3.32149765 time_nll=-3.47767542 qty_mae=1.85716285 mark_acc=0.93895810
[epoch 074] backbone=thp seed=62 train=-3.32465749 nll=-3.33942971 time_nll=-3.48165119 qty_mae=1.92593821 mark_acc=0.94558730
[epoch 075] backbone=thp seed=62 train=-3.32849201 nll=-3.34306066 time_nll=-3.48560806 qty_mae=2.08010560 mark_acc=0.94599293
[epoch 076] backbone=thp seed=62 train=-3.33276117 nll=-3.34069485 time_nll=-3.48931069 qty_mae=1.52590617 mark_acc=0.94793997
[epoch 077] backbone=thp seed=62 train=-3.33649571 nll=-3.35804277 time_nll=-3.49296652 qty_mae=1.58700175 mark_acc=0.95084893
[epoch 078] backbone=thp seed=62 train=-3.34019504 nll=-3.35269359 time_nll=-3.49647552 qty_mae=1.70465666 mark_acc=0.94693168
[epoch 079] backbone=thp seed=62 train=-3.34365897 nll=-3.35405318 time_nll=-3.49986547 qty_mae=1.64561549 mark_acc=0.94439358
[epoch 080] backbone=thp seed=62 train=-3.34715737 nll=-3.33832973 time_nll=-3.50316191 qty_mae=1.73361514 mark_acc=0.94154256
[epoch 081] backbone=thp seed=62 train=-3.35026486 nll=-3.35725926 time_nll=-3.50632076 qty_mae=1.76279093 mark_acc=0.94289853
[epoch 082] backbone=thp seed=62 train=-3.35292880 nll=-3.36227107 time_nll=-3.50940224 qty_mae=1.92471616 mark_acc=0.94308397
[epoch 083] backbone=thp seed=62 train=-3.35642743 nll=-3.35347649 time_nll=-3.51238641 qty_mae=1.66279713 mark_acc=0.93938692
[epoch 084] backbone=thp seed=62 train=-3.35928996 nll=-3.34472067 time_nll=-3.51520941 qty_mae=1.82029566 mark_acc=0.93300110
[epoch 085] backbone=thp seed=62 train=-3.36248916 nll=-3.36715530 time_nll=-3.51802983 qty_mae=2.01268554 mark_acc=0.94171640
[epoch 086] backbone=thp seed=62 train=-3.36518507 nll=-3.37121887 time_nll=-3.52071524 qty_mae=1.56525526 mark_acc=0.94396477
[epoch 087] backbone=thp seed=62 train=-3.36790411 nll=-3.36598476 time_nll=-3.52324727 qty_mae=1.87191648 mark_acc=0.94127600
[epoch 088] backbone=thp seed=62 train=-3.37069552 nll=-3.38751157 time_nll=-3.52578888 qty_mae=1.70940547 mark_acc=0.95008402
[epoch 089] backbone=thp seed=62 train=-3.37333699 nll=-3.37707658 time_nll=-3.52827488 qty_mae=1.74381833 mark_acc=0.94285218
[epoch 090] backbone=thp seed=62 train=-3.37585898 nll=-3.38923029 time_nll=-3.53053399 qty_mae=1.54356173 mark_acc=0.95051284
[epoch 091] backbone=thp seed=62 train=-3.37745627 nll=-3.37494008 time_nll=-3.53276564 qty_mae=1.60144493 mark_acc=0.93793823
[epoch 092] backbone=thp seed=62 train=-3.38011723 nll=-3.39875839 time_nll=-3.53505328 qty_mae=1.91560735 mark_acc=0.95099959
[epoch 093] backbone=thp seed=62 train=-3.38251320 nll=-3.38023527 time_nll=-3.53718503 qty_mae=1.58316842 mark_acc=0.94002434
[epoch 094] backbone=thp seed=62 train=-3.38408176 nll=-3.34690771 time_nll=-3.53918597 qty_mae=1.72592519 mark_acc=0.92459871
[epoch 095] backbone=thp seed=62 train=-3.38661368 nll=-3.38194181 time_nll=-3.54112963 qty_mae=2.21795887 mark_acc=0.94535551
[epoch 096] backbone=thp seed=62 train=-3.38867727 nll=-3.40259091 time_nll=-3.54313727 qty_mae=1.99001130 mark_acc=0.94755751
[epoch 097] backbone=thp seed=62 train=-3.39090678 nll=-3.37569117 time_nll=-3.54502111 qty_mae=1.90514657 mark_acc=0.93659385
[epoch 098] backbone=thp seed=62 train=-3.39245643 nll=-3.39060740 time_nll=-3.54674563 qty_mae=1.70532451 mark_acc=0.93458886
[epoch 099] backbone=thp seed=62 train=-3.39441105 nll=-3.39522135 time_nll=-3.54845557 qty_mae=2.04034258 mark_acc=0.94211045
[epoch 100] backbone=thp seed=62 train=-3.39588479 nll=-3.38259174 time_nll=-3.55016334 qty_mae=1.99788901 mark_acc=0.93740511
[epoch 101] backbone=thp seed=62 train=-3.39796460 nll=-3.40076167 time_nll=-3.55186952 qty_mae=1.95446500 mark_acc=0.94083560
[epoch 102] backbone=thp seed=62 train=-3.39937382 nll=-3.39925543 time_nll=-3.55339466 qty_mae=1.48094460 mark_acc=0.94038361
[epoch 103] backbone=thp seed=62 train=-3.40055008 nll=-3.40656951 time_nll=-3.55487491 qty_mae=1.86687115 mark_acc=0.94802109
[epoch 104] backbone=thp seed=62 train=-3.40223222 nll=-3.39291644 time_nll=-3.55633625 qty_mae=1.35208905 mark_acc=0.94176276
[epoch 105] backbone=thp seed=62 train=-3.40391279 nll=-3.40005077 time_nll=-3.55779628 qty_mae=1.72816307 mark_acc=0.93857565
[epoch 106] backbone=thp seed=62 train=-3.40529634 nll=-3.41241558 time_nll=-3.55918915 qty_mae=1.57843831 mark_acc=0.94300284
[epoch 107] backbone=thp seed=62 train=-3.40652263 nll=-3.40842154 time_nll=-3.56066587 qty_mae=1.83190761 mark_acc=0.94253926
[epoch 108] backbone=thp seed=62 train=-3.40812770 nll=-3.41660385 time_nll=-3.56184939 qty_mae=1.74700283 mark_acc=0.94476444
[epoch 109] backbone=thp seed=62 train=-3.40953669 nll=-3.41609120 time_nll=-3.56301589 qty_mae=1.64598295 mark_acc=0.94643333
[epoch 110] backbone=thp seed=62 train=-3.41071249 nll=-3.41650882 time_nll=-3.56428254 qty_mae=2.09599292 mark_acc=0.94324622
[epoch 111] backbone=thp seed=62 train=-3.41216669 nll=-3.40851373 time_nll=-3.56546651 qty_mae=1.51413419 mark_acc=0.94024454
[epoch 112] backbone=thp seed=62 train=-3.41308401 nll=-3.39014258 time_nll=-3.56667140 qty_mae=1.81466722 mark_acc=0.93118155
[epoch 113] backbone=thp seed=62 train=-3.41453176 nll=-3.41219645 time_nll=-3.56788504 qty_mae=1.65745500 mark_acc=0.94175117
[epoch 114] backbone=thp seed=62 train=-3.41541484 nll=-3.42317045 time_nll=-3.56889306 qty_mae=1.74387327 mark_acc=0.94471809
[epoch 115] backbone=thp seed=62 train=-3.41681175 nll=-3.40882383 time_nll=-3.56988265 qty_mae=1.44574331 mark_acc=0.93555079
[epoch 116] backbone=thp seed=62 train=-3.41775911 nll=-3.42724393 time_nll=-3.57083266 qty_mae=1.96102496 mark_acc=0.94521643
[epoch 117] backbone=thp seed=62 train=-3.41885348 nll=-3.42458293 time_nll=-3.57178813 qty_mae=1.42296659 mark_acc=0.94274787
[epoch 118] backbone=thp seed=62 train=-3.41967628 nll=-3.42546852 time_nll=-3.57274319 qty_mae=1.88840145 mark_acc=0.94784725
[epoch 119] backbone=thp seed=62 train=-3.42025619 nll=-3.43785829 time_nll=-3.57369265 qty_mae=1.74435859 mark_acc=0.94868169
[epoch 120] backbone=thp seed=62 train=-3.42155061 nll=-3.43563072 time_nll=-3.57462805 qty_mae=1.87321167 mark_acc=0.94873964
[epoch 121] backbone=thp seed=62 train=-3.42267178 nll=-3.40958484 time_nll=-3.57558681 qty_mae=2.11876789 mark_acc=0.93669815
[epoch 122] backbone=thp seed=62 train=-3.42387098 nll=-3.42853116 time_nll=-3.57646365 qty_mae=1.62051192 mark_acc=0.94438199
[epoch 123] backbone=thp seed=62 train=-3.42426693 nll=-3.41684208 time_nll=-3.57717273 qty_mae=1.91705937 mark_acc=0.93855247
[epoch 124] backbone=thp seed=62 train=-3.42514459 nll=-3.43186674 time_nll=-3.57786466 qty_mae=2.09958744 mark_acc=0.94208727
[epoch 125] backbone=thp seed=62 train=-3.42607594 nll=-3.41884089 time_nll=-3.57859345 qty_mae=1.70890129 mark_acc=0.93947963
[epoch 126] backbone=thp seed=62 train=-3.42649982 nll=-3.42981683 time_nll=-3.57926490 qty_mae=1.64333201 mark_acc=0.94615518
[epoch 127] backbone=thp seed=62 train=-3.42774014 nll=-3.43263892 time_nll=-3.57998234 qty_mae=1.64277487 mark_acc=0.94335052
[epoch 128] backbone=thp seed=62 train=-3.42781449 nll=-3.44437423 time_nll=-3.58068404 qty_mae=2.15580616 mark_acc=0.95025787
[epoch 129] backbone=thp seed=62 train=-3.42895984 nll=-3.41944295 time_nll=-3.58133650 qty_mae=1.69043583 mark_acc=0.93880744
[epoch 130] backbone=thp seed=62 train=-3.42984337 nll=-3.43491860 time_nll=-3.58210537 qty_mae=1.62499618 mark_acc=0.94379093
[epoch 131] backbone=thp seed=62 train=-3.43033526 nll=-3.43511848 time_nll=-3.58281769 qty_mae=1.81193621 mark_acc=0.94366344
[epoch 132] backbone=thp seed=62 train=-3.43152242 nll=-3.43488491 time_nll=-3.58348891 qty_mae=1.56754832 mark_acc=0.94195978
[epoch 133] backbone=thp seed=62 train=-3.43170468 nll=-3.44057195 time_nll=-3.58416533 qty_mae=1.53482253 mark_acc=0.94435881
[epoch 134] backbone=thp seed=62 train=-3.43259336 nll=-3.43992333 time_nll=-3.58461162 qty_mae=2.13157155 mark_acc=0.94669989
[epoch 135] backbone=thp seed=62 train=-3.43262843 nll=-3.43759673 time_nll=-3.58509215 qty_mae=1.87660820 mark_acc=0.94605088
[epoch 136] backbone=thp seed=62 train=-3.43335419 nll=-3.41723358 time_nll=-3.58554512 qty_mae=2.23991869 mark_acc=0.93353422
[epoch 137] backbone=thp seed=62 train=-3.43399825 nll=-3.43208118 time_nll=-3.58599646 qty_mae=1.81222641 mark_acc=0.94287535
[epoch 138] backbone=thp seed=62 train=-3.43460490 nll=-3.44499722 time_nll=-3.58642711 qty_mae=1.58297045 mark_acc=0.94767341
[epoch 139] backbone=thp seed=62 train=-3.43490033 nll=-3.39553109 time_nll=-3.58690879 qty_mae=1.64479289 mark_acc=0.92192154
[epoch 140] backbone=thp seed=62 train=-3.43565953 nll=-3.45468421 time_nll=-3.58737323 qty_mae=1.48940484 mark_acc=0.95080257
[epoch 141] backbone=thp seed=62 train=-3.43589085 nll=-3.44074261 time_nll=-3.58780751 qty_mae=1.77456372 mark_acc=0.94430086
[epoch 142] backbone=thp seed=62 train=-3.43649992 nll=-3.41246161 time_nll=-3.58828618 qty_mae=1.70348321 mark_acc=0.93077592
[epoch 143] backbone=thp seed=62 train=-3.43696989 nll=-3.42201833 time_nll=-3.58874639 qty_mae=1.67428778 mark_acc=0.93409051
[epoch 144] backbone=thp seed=62 train=-3.43782977 nll=-3.44213787 time_nll=-3.58917067 qty_mae=1.57198642 mark_acc=0.94354755
[epoch 145] backbone=thp seed=62 train=-3.43790274 nll=-3.41800774 time_nll=-3.58963633 qty_mae=1.59169510 mark_acc=0.93286203
[epoch 146] backbone=thp seed=62 train=-3.43829413 nll=-3.45482108 time_nll=-3.59008588 qty_mae=2.11273984 mark_acc=0.94840355
[epoch 147] backbone=thp seed=62 train=-3.43899934 nll=-3.43294094 time_nll=-3.59053614 qty_mae=1.76604124 mark_acc=0.94361708
[epoch 148] backbone=thp seed=62 train=-3.43926736 nll=-3.43462913 time_nll=-3.59096585 qty_mae=1.86577925 mark_acc=0.94547140
[epoch 149] backbone=thp seed=62 train=-3.43963126 nll=-3.43432516 time_nll=-3.59145813 qty_mae=1.85386605 mark_acc=0.93925943
[epoch 150] backbone=thp seed=62 train=-3.43997955 nll=-3.43820740 time_nll=-3.59182611 qty_mae=1.75215367 mark_acc=0.94399954
[epoch 151] backbone=thp seed=62 train=-3.44044309 nll=-3.44931698 time_nll=-3.59203286 qty_mae=1.60286605 mark_acc=0.94792838
[epoch 152] backbone=thp seed=62 train=-3.44122664 nll=-3.43473889 time_nll=-3.59223375 qty_mae=2.08591165 mark_acc=0.93885380
[epoch 153] backbone=thp seed=62 train=-3.44126927 nll=-3.45208239 time_nll=-3.59247763 qty_mae=1.67548493 mark_acc=0.95065191
[epoch 154] backbone=thp seed=62 train=-3.44095815 nll=-3.44472012 time_nll=-3.59270544 qty_mae=1.55137647 mark_acc=0.94299125
[epoch 155] backbone=thp seed=62 train=-3.44145337 nll=-3.44556502 time_nll=-3.59288308 qty_mae=1.80179556 mark_acc=0.94725619
[epoch 156] backbone=thp seed=62 train=-3.44137904 nll=-3.45091611 time_nll=-3.59311656 qty_mae=1.41891997 mark_acc=0.94827606
[epoch 157] backbone=thp seed=62 train=-3.44214566 nll=-3.45455288 time_nll=-3.59334423 qty_mae=1.61425446 mark_acc=0.94885554
[epoch 158] backbone=thp seed=62 train=-3.44247816 nll=-3.43947552 time_nll=-3.59356193 qty_mae=2.03920437 mark_acc=0.94767341
[epoch 159] backbone=thp seed=62 train=-3.44272528 nll=-3.45138507 time_nll=-3.59373265 qty_mae=1.87188976 mark_acc=0.94654923
[epoch 160] backbone=thp seed=62 train=-3.44261478 nll=-3.43853285 time_nll=-3.59399915 qty_mae=1.73949363 mark_acc=0.94591180
[epoch 161] backbone=thp seed=62 train=-3.44319343 nll=-3.45231859 time_nll=-3.59417720 qty_mae=1.76233197 mark_acc=0.94778930
[epoch 162] backbone=thp seed=62 train=-3.44330810 nll=-3.44489685 time_nll=-3.59443607 qty_mae=1.65752086 mark_acc=0.94584227
[epoch 163] backbone=thp seed=62 train=-3.44366360 nll=-3.42554407 time_nll=-3.59465403 qty_mae=1.95214843 mark_acc=0.94027931
[epoch 164] backbone=thp seed=62 train=-3.44357977 nll=-3.45017528 time_nll=-3.59486414 qty_mae=1.88067622 mark_acc=0.94615518
[epoch 165] backbone=thp seed=62 train=-3.44390231 nll=-3.44795035 time_nll=-3.59503517 qty_mae=1.76685053 mark_acc=0.94848467
[epoch 166] backbone=thp seed=62 train=-3.44358596 nll=-3.43951056 time_nll=-3.59528152 qty_mae=2.03432022 mark_acc=0.94308397
[epoch 167] backbone=thp seed=62 train=-3.44437767 nll=-3.40981875 time_nll=-3.59552478 qty_mae=1.69785448 mark_acc=0.92910703
[epoch 168] backbone=thp seed=62 train=-3.44493664 nll=-3.44225720 time_nll=-3.59574968 qty_mae=1.67860753 mark_acc=0.93979255
[epoch 169] backbone=thp seed=62 train=-3.44457016 nll=-3.43766403 time_nll=-3.59595283 qty_mae=2.20334044 mark_acc=0.93953758
[epoch 170] backbone=thp seed=62 train=-3.44512030 nll=-3.43897197 time_nll=-3.59618134 qty_mae=1.66136941 mark_acc=0.93717332
[epoch 171] backbone=thp seed=62 train=-3.44508288 nll=-3.43850111 time_nll=-3.59635984 qty_mae=1.90554938 mark_acc=0.94014023
[epoch 172] backbone=thp seed=62 train=-3.44528852 nll=-3.43282744 time_nll=-3.59655052 qty_mae=1.69499401 mark_acc=0.93793823
[epoch 173] backbone=thp seed=62 train=-3.44603167 nll=-3.42637635 time_nll=-3.59678304 qty_mae=1.80014120 mark_acc=0.93724286
[epoch 174] backbone=thp seed=62 train=-3.44607649 nll=-3.43625067 time_nll=-3.59704365 qty_mae=1.55265057 mark_acc=0.94144985
[epoch 175] backbone=thp seed=62 train=-3.44608129 nll=-3.43938396 time_nll=-3.59724359 qty_mae=1.67812129 mark_acc=0.94671148
[epoch 176] backbone=thp seed=62 train=-3.44624147 nll=-3.44199870 time_nll=-3.59746426 qty_mae=2.13825188 mark_acc=0.94054587
[epoch 177] backbone=thp seed=62 train=-3.44708674 nll=-3.44292861 time_nll=-3.59767721 qty_mae=1.69807029 mark_acc=0.94403430
[epoch 178] backbone=thp seed=62 train=-3.44724274 nll=-3.44584265 time_nll=-3.59789537 qty_mae=1.64202785 mark_acc=0.94504259
[epoch 179] backbone=thp seed=62 train=-3.44738347 nll=-3.44965095 time_nll=-3.59809791 qty_mae=1.74151961 mark_acc=0.94771977
[epoch 180] backbone=thp seed=62 train=-3.44801608 nll=-3.42462154 time_nll=-3.59833309 qty_mae=1.67918656 mark_acc=0.93200440
[epoch 181] backbone=thp seed=62 train=-3.44781952 nll=-3.44041161 time_nll=-3.59852287 qty_mae=1.76521859 mark_acc=0.94052269
[epoch 182] backbone=thp seed=62 train=-3.44829014 nll=-3.44146415 time_nll=-3.59874686 qty_mae=1.95690589 mark_acc=0.93910877
[epoch 183] backbone=thp seed=62 train=-3.44809740 nll=-3.42004414 time_nll=-3.59896657 qty_mae=1.64867302 mark_acc=0.93599119
[epoch 184] backbone=thp seed=62 train=-3.44858625 nll=-3.40691417 time_nll=-3.59915024 qty_mae=1.81654468 mark_acc=0.92529408
[epoch 185] backbone=thp seed=62 train=-3.44904892 nll=-3.45479203 time_nll=-3.59938121 qty_mae=1.65893041 mark_acc=0.94765023
[epoch 186] backbone=thp seed=62 train=-3.44919261 nll=-3.44798305 time_nll=-3.59947591 qty_mae=1.74483043 mark_acc=0.94614359
[early-stop] backbone=thp seed=62 current_epoch=186 best_epoch=146
[complete] output_dir=/home/leekwanhyeong/workspace/paper_research/search_artifacts/intermittent_log_backbone_control_e300_20260811 runs=6
