dataset,scope_type,scope,prototype_id,event_count_per_seed,seed_use_fraction,selection_share_mean,selection_share_std,event_hit_share_mean,event_hit_share_std,rank1_share_mean,rank1_share_std,selected_similarity_mean_mean,selected_similarity_mean_std
insta_market_basket,history,history_le_64,0,503733,1.0,0.0012299836090415624,0.000954751796541781,0.00491993443616625,0.003819007186167124,0.00013499214861841492,0.0001237994082394353,0.3018134198012878,0.017631162127966653
insta_market_basket,history,history_le_64,1,503733,1.0,0.0006542817987571459,0.0009703552374399315,0.0026171271950285835,0.003881420949759726,0.0013565387483713265,0.002186270623530332,0.18527686018297498,0.07373000031058352
insta_market_basket,history,history_le_64,2,503733,0.6666666666666666,0.00020629314868524928,0.0003534490365844232,0.0008251725947409971,0.0014137961463376928,0.00023491280764479066,0.00040516291889262495,0.07574407812879835,0.06815867095567558
insta_market_basket,history,history_le_64,3,503733,1.0,0.15468263941413407,0.13244689784169683,0.6187305576565363,0.5297875913667873,0.1663189295387305,0.22430775617932427,0.45201728946874403,0.01403355573804555
insta_market_basket,history,history_le_64,4,503733,1.0,0.000021506102108325908,0.000026192574879965882,0.00008602440843330363,0.00010477029951986353,5.9555359684594815e-6,8.653193147045505e-6,0.060076990965047344,0.20868181108735478
insta_market_basket,history,history_le_64,5,503733,0.6666666666666666,0.0006511385992182367,0.0011273753601383312,0.0026045543968729466,0.004509501440553325,4.632083531024041e-6,6.381456552706132e-6,0.1189744952270988,0.15855749477183373
insta_market_basket,history,history_le_64,6,503733,0.3333333333333333,0.0008074714183902981,0.0013985815223117027,0.0032298856735611925,0.005594326089246811,0.001588804651141246,0.0027518903790783836,0.1308202603785458,0.22658733763503103
insta_market_basket,history,history_le_64,7,503733,0.3333333333333333,1.6543155467943005e-7,2.865358578798817e-7,6.617262187177202e-7,1.1461434315195268e-6,0.0,0.0,0.031130045652389526,0.0539188207118773
insta_market_basket,history,history_le_64,8,503733,1.0,0.0015818565258447102,0.0027329812205079077,0.006327426103378841,0.010931924882031631,0.001745633764977346,0.0030235263723485117,0.1563204271478769,0.2121235677952071
insta_market_basket,history,history_le_64,9,503733,1.0,0.000022002396772364198,0.00002952988005351602,0.00008800958708945679,0.00011811952021406409,5.293809749741762e-6,6.064820973221713e-6,0.22893525801270267,0.062337699413650687
insta_market_basket,history,history_le_64,10,503733,1.0,0.08267127625150626,0.14262437316448912,0.33068510500602505,0.5704974926579565,0.0158073159127289,0.02669552117577491,0.2618054164816679,0.2557331172436519
insta_market_basket,history,history_le_64,11,503733,0.6666666666666666,4.632083531024041e-6,5.306718351568999e-6,0.000018528334124096164,0.000021226873406275997,0.0,0.0,0.05066235910450655,0.08584646856261592
insta_market_basket,history,history_le_64,12,503733,1.0,0.0005505562139731431,0.0006979692960950073,0.0022022248558925725,0.0027918771843800294,0.0006015091328144077,0.0009061617566177408,0.2950483168547666,0.17379322880596737
insta_market_basket,history,history_le_64,13,503733,1.0,0.07876196318287663,0.13633591241152798,0.31504785273150654,0.5453436496461119,0.001196401003441638,0.0020292763190618373,0.19897781832621556,0.28459185483628757
insta_market_basket,history,history_le_64,14,503733,1.0,0.004009564590765346,0.006884241677814702,0.016038258363061383,0.02753696671125881,0.010557841819641227,0.018279842020483095,0.26017634893374975,0.2433102874750362
insta_market_basket,history,history_le_64,15,503733,1.0,0.00035253464302186546,0.00031122120925786156,0.0014101385720874618,0.0012448848370314462,0.000021836965217684762,0.000026707847306159636,0.2533793168932629,0.15412812813140905
insta_market_basket,history,history_le_64,16,503733,1.0,0.00011861442470515134,0.00012600510051903515,0.00047445769882060535,0.0005040204020761406,0.00003176285849845057,0.000053304911856469804,-0.007354677182675063,0.08134537059035712
insta_market_basket,history,history_le_64,17,503733,1.0,0.0007168149264259704,0.0005346027362701996,0.0028672597057038817,0.0021384109450807982,0.0007742196758997326,0.0005795395805712551,0.15967021452188407,0.17200650803449347
insta_market_basket,history,history_le_64,18,503733,0.3333333333333333,0.000020844375889608186,0.000036103518092865094,0.00008337750355843274,0.00014441407237146038,0.000022498691436402488,0.00003896887667166391,0.05651866432640298,0.09789319818926057
insta_market_basket,history,history_le_64,19,503733,0.6666666666666666,0.000021506102108325908,0.000021589293258462598,0.00008602440843330363,0.00008635717303385039,0.000015881429249225285,0.00002750744235646864,0.03210206125381551,0.051429053249844404
insta_market_basket,history,history_le_64,20,503733,1.0,3.143199538909171e-6,2.865358578798817e-6,0.000012572798155636684,0.000011461434315195267,1.3234524374354404e-6,2.2922868630390537e-6,0.10508720997052316,0.2653497261663448
insta_market_basket,history,history_le_64,21,503733,1.0,0.00004665169841959927,0.00007359064240137572,0.0001866067936783971,0.0002943625696055029,6.617262187177202e-6,0.000011461434315195267,0.1441819568876501,0.14471703680720666
insta_market_basket,history,history_le_64,22,503733,0.6666666666666666,7.609851515253782e-6,9.222716442219955e-6,0.00003043940606101513,0.00003689086576887982,6.617262187177202e-7,1.1461434315195268e-6,0.06986090199745916,0.0782879919474604
insta_market_basket,history,history_le_64,23,503733,0.3333333333333333,0.0001564982507267408,0.00027106292155436806,0.0006259930029069632,0.0010842516862174722,0.000013234524374354404,0.000022922868630390535,0.1363181656697756,0.2361099889346428
insta_market_basket,history,history_le_64,24,503733,0.6666666666666666,0.042261972116180595,0.07317882355790328,0.16904788846472238,0.29271529423161313,0.0013658029154333744,0.0023622024465271224,0.270607649455924,0.2455735801096097
insta_market_basket,history,history_le_64,25,503733,0.6666666666666666,0.007197761512547322,0.012443686450865883,0.028791046050189287,0.049774745803463534,0.0033807592514288327,0.00585220869804358,0.08708065496068013,0.2576784868760277
insta_market_basket,history,history_le_64,26,503733,0.6666666666666666,0.0001333378330716206,0.0001481465204124861,0.0005333513322864825,0.0005925860816499444,0.00002448387009255565,0.000027098476414348168,0.19574692995238072,0.18850623454757398
insta_market_basket,history,history_le_64,27,503733,0.3333333333333333,1.6543155467943005e-7,2.865358578798817e-7,6.617262187177202e-7,1.1461434315195268e-6,0.0,0.0,-0.04537971317768097,0.07859996885664634
insta_market_basket,history,history_le_64,28,503733,1.0,0.08220624815130237,0.13952961781470027,0.3288249926052095,0.5581184712588011,0.0026852849955565083,0.002341265821262912,0.40624203310771767,0.05037862651576822
insta_market_basket,history,history_le_64,29,503733,0.6666666666666666,0.08152152694648421,0.141196847767035,0.32608610778593683,0.56478739106814,0.08148430484668134,0.141134956013883,0.26232067776408224,0.24093092791485246
insta_market_basket,history,history_le_64,30,503733,1.0,0.00015964145026565,0.0001721966078419307,0.0006385658010626,0.0006887864313677228,0.00015815256627353514,0.0001460197527415481,0.1711614252409296,0.13268350221548306
insta_market_basket,history,history_le_64,31,503733,1.0,0.0030690862024127866,0.004784501340432789,0.012276344809651146,0.019138005361731155,0.001473002562865645,0.002089619082439161,0.32577987100685385,0.1939549178150448
insta_market_basket,history,history_le_64,32,503733,0.6666666666666666,0.00003804925757626891,0.00006547391376870762,0.00015219703030507563,0.0002618956550748305,8.602440843330362e-6,0.00001489986460975385,0.19875178444829636,0.17306972977347518
insta_market_basket,history,history_le_64,33,503733,1.0,0.00007758739914465269,0.00012965771315108472,0.00031034959657861075,0.0005186308526043389,2.6469048748708804e-6,3.0324104866108565e-6,0.1482907268955259,0.22625460717680687
insta_market_basket,history,history_le_64,34,503733,1.0,0.00047346510949252877,0.0007981928852256202,0.001893860437970115,0.003192771540902481,0.0005809956200341583,0.0010011607158530579,0.17164714221942567,0.18770078030000845
insta_market_basket,history,history_le_64,35,503733,1.0,0.08253330633490362,0.14250466804456943,0.3301332253396145,0.5700186721782777,0.19263644298335295,0.3334566968784665,0.31692856096013333,0.13873747254941438
insta_market_basket,history,history_le_64,36,503733,0.3333333333333333,5.128378195062332e-6,8.882611594276332e-6,0.000020513512780249328,0.00003553044637710533,0.0,0.0,-0.022985199095821512,0.03981153265604907
insta_market_basket,history,history_le_64,37,503733,0.6666666666666666,0.00200850450536296,0.0021347132370630336,0.00803401802145184,0.008538852948252134,0.0020202501457451997,0.003364271868449948,0.27930184231183736,0.24399141682150122
insta_market_basket,history,history_le_64,38,503733,0.6666666666666666,0.00018429075191288508,0.00031834172496640785,0.0007371630076515403,0.0012733668998656314,0.00031034959657861075,0.000537541269382658,0.17948310862191416,0.25492159830687117
insta_market_basket,history,history_le_64,39,503733,1.0,0.0014596026069366112,0.0021092291421551715,0.005838410427746445,0.008436916568620686,0.0007417950911825644,0.0009363991835514533,0.3414089050782403,0.3099164498498333
insta_market_basket,history,history_le_64,40,503733,1.0,0.004193028184904833,0.00709041046589406,0.016772112739619333,0.02836164186357624,0.007046722503125002,0.01183927502591273,0.09635238650768709,0.2314122779957573
insta_market_basket,history,history_le_64,41,503733,1.0,0.000018693765678775593,0.000024577027562126198,0.00007477506271510237,0.00009830811024850479,0.000025145596311273367,0.00004355345039774202,0.1791575325958811,0.10964842741496397
insta_market_basket,history,history_le_64,42,503733,1.0,0.00002547645942063223,0.000028999637211306294,0.00010190583768252891,0.00011599854884522518,0.000010587619499483523,0.000015031530184443674,0.17500613023391332,0.03137139743516897
insta_market_basket,history,history_le_64,43,503733,0.3333333333333333,0.00004863687707575243,0.00008424154221668523,0.00019454750830300973,0.0003369661688667409,0.000014557976811789844,0.00002521515549342959,0.0874197468617741,0.15141544314940264
insta_market_basket,history,history_le_64,44,503733,0.6666666666666666,0.08008508475720273,0.13871014631857218,0.3203403390288109,0.5548405852742887,0.04106540568118428,0.07112736907323879,0.17334614197274645,0.2616138888384618
insta_market_basket,history,history_le_64,45,503733,1.0,0.000044501088208766686,0.00007193590996818134,0.00017800435283506674,0.00028774363987272536,0.000010587619499483523,0.00001833829490431243,0.21300593481897998,0.21089442813442372
insta_market_basket,history,history_le_64,46,503733,1.0,2.9777679842297408e-6,1.3130722580536667e-6,0.000011911071936918963,5.252289032214667e-6,0.0,0.0,0.2124721198416655,0.17503313222692707
insta_market_basket,history,history_le_64,47,503733,1.0,0.05871629083926075,0.10142969796698897,0.234865163357043,0.4057187918679559,0.0011196407620703826,0.001874095921531461,0.33861481336355426,0.16825847323376342
insta_market_basket,history,history_le_64,48,503733,1.0,0.00018693765678775597,0.00014728528419291262,0.0007477506271510239,0.0005891411367716505,0.00008139232490227958,0.000029243507696847807,0.05087016640454397,0.22152211809586003
insta_market_basket,history,history_le_64,49,503733,1.0,0.07617792229878394,0.13193457618682206,0.30471168919513575,0.5277383047472882,0.07785076617970234,0.13484148243140928,0.09173868352787383,0.32559475875220445
insta_market_basket,history,history_le_64,50,503733,0.3333333333333333,0.03771492040426178,0.06532415834359755,0.15085968161704713,0.2612966333743902,0.0849629995784804,0.14716023203338116,0.14969429258193737,0.2592781203549964
insta_market_basket,history,history_le_64,51,503733,0.6666666666666666,1.3234524374354402e-6,1.878941273055459e-6,5.293809749741761e-6,7.515765092221836e-6,0.0,0.0,0.0008197226339862473,0.12015944345621771
insta_market_basket,history,history_le_64,52,503733,1.0,0.02339764650453051,0.04046059901566933,0.09359058601812204,0.1618423960626773,0.01213804402993914,0.021020270627809402,0.1488689041176213,0.3266325073151387
insta_market_basket,history,history_le_64,53,503733,0.6666666666666666,8.933303952689223e-6,0.00001144709855684539,0.00003573321581075689,0.00004578839422738156,1.3234524374354404e-6,2.2922868630390537e-6,0.09896074870061551,0.2576380893579004
insta_market_basket,history,history_le_64,54,503733,0.6666666666666666,0.0002792484642988779,0.00024184441185245138,0.0011169938571955116,0.0009673776474098055,0.00034145072885834356,0.0003784825237128628,0.16581879263053093,0.14810719580671686
insta_market_basket,history,history_le_64,55,503733,0.6666666666666666,0.0000903256288549688,0.00014751477093910366,0.0003613025154198752,0.0005900590837564147,0.000013234524374354404,0.000022922868630390535,0.14393186600878835,0.20847329539815995
insta_market_basket,history,history_le_64,56,503733,1.0,0.08283389546975613,0.1432628159819409,0.3313355818790245,0.5730512639277636,0.27755775381005415,0.4805206484270528,0.22688657965701106,0.235699045326362
insta_market_basket,history,history_le_64,57,503733,0.6666666666666666,0.00009843177503426088,0.00009589452365855437,0.00039372710013704353,0.0003835780946342175,0.00011050827852585927,0.00009993818666042302,0.08956740388361428,0.08311899806877902
insta_market_basket,history,history_le_64,58,503733,1.0,0.0007573456573224307,0.000785335773107346,0.003029382629289723,0.003141343092429384,0.0005763635365031343,0.0005552340406980161,0.40078938964041405,0.1126734817829655
insta_market_basket,history,history_le_64,59,503733,1.0,0.003919900688129095,0.0067529358412284505,0.01567960275251638,0.027011743364913802,0.009350853196700105,0.01615661603524219,0.13976287481069652,0.10207097570333873
insta_market_basket,history,history_le_64,60,503733,0.6666666666666666,9.925893280765803e-7,1.3130722580536667e-6,3.970357312306321e-6,5.252289032214667e-6,0.0,0.0,0.1617483894030253,0.2111566655521107
insta_market_basket,history,history_le_64,61,503733,1.0,0.00009545400705003114,0.00015637640299843102,0.00038181602820012457,0.0006255056119937241,0.00002448387009255565,0.00004240730696622249,0.1564008348855934,0.22547105466783424
insta_market_basket,history,history_le_64,62,503733,0.6666666666666666,0.000020513512780249328,0.00003256817534705543,0.00008205405112099731,0.00013027270138822172,2.646904874870881e-6,2.2922868630390537e-6,0.058496307823969994,0.1525883555605146
insta_market_basket,history,history_le_64,63,503733,0.6666666666666666,0.0006522966201009927,0.0007930419659232033,0.002609186480403971,0.003172167863692813,0.0003758604922316651,0.0004384923682957189,0.25206054603030886,0.22191891973172004
insta_market_basket,overall,overall,0,503733,1.0,0.0012299836090415624,0.000954751796541781,0.00491993443616625,0.003819007186167124,0.00013499214861841492,0.0001237994082394353,0.3018134198012878,0.017631162127966653
insta_market_basket,overall,overall,1,503733,1.0,0.0006542817987571459,0.0009703552374399315,0.0026171271950285835,0.003881420949759726,0.0013565387483713265,0.002186270623530332,0.18527686018297498,0.07373000031058352
insta_market_basket,overall,overall,2,503733,0.6666666666666666,0.00020629314868524928,0.0003534490365844232,0.0008251725947409971,0.0014137961463376928,0.00023491280764479066,0.00040516291889262495,0.07574407812879835,0.06815867095567558
insta_market_basket,overall,overall,3,503733,1.0,0.15468263941413407,0.13244689784169683,0.6187305576565363,0.5297875913667873,0.1663189295387305,0.22430775617932427,0.45201728946874403,0.01403355573804555
insta_market_basket,overall,overall,4,503733,1.0,0.000021506102108325908,0.000026192574879965882,0.00008602440843330363,0.00010477029951986353,5.9555359684594815e-6,8.653193147045505e-6,0.060076990965047344,0.20868181108735478
insta_market_basket,overall,overall,5,503733,0.6666666666666666,0.0006511385992182367,0.0011273753601383312,0.0026045543968729466,0.004509501440553325,4.632083531024041e-6,6.381456552706132e-6,0.1189744952270988,0.15855749477183373
insta_market_basket,overall,overall,6,503733,0.3333333333333333,0.0008074714183902981,0.0013985815223117027,0.0032298856735611925,0.005594326089246811,0.001588804651141246,0.0027518903790783836,0.1308202603785458,0.22658733763503103
insta_market_basket,overall,overall,7,503733,0.3333333333333333,1.6543155467943005e-7,2.865358578798817e-7,6.617262187177202e-7,1.1461434315195268e-6,0.0,0.0,0.031130045652389526,0.0539188207118773
insta_market_basket,overall,overall,8,503733,1.0,0.0015818565258447102,0.0027329812205079077,0.006327426103378841,0.010931924882031631,0.001745633764977346,0.0030235263723485117,0.1563204271478769,0.2121235677952071
insta_market_basket,overall,overall,9,503733,1.0,0.000022002396772364198,0.00002952988005351602,0.00008800958708945679,0.00011811952021406409,5.293809749741762e-6,6.064820973221713e-6,0.22893525801270267,0.062337699413650687
insta_market_basket,overall,overall,10,503733,1.0,0.08267127625150626,0.14262437316448912,0.33068510500602505,0.5704974926579565,0.0158073159127289,0.02669552117577491,0.2618054164816679,0.2557331172436519
insta_market_basket,overall,overall,11,503733,0.6666666666666666,4.632083531024041e-6,5.306718351568999e-6,0.000018528334124096164,0.000021226873406275997,0.0,0.0,0.05066235910450655,0.08584646856261592
insta_market_basket,overall,overall,12,503733,1.0,0.0005505562139731431,0.0006979692960950073,0.0022022248558925725,0.0027918771843800294,0.0006015091328144077,0.0009061617566177408,0.2950483168547666,0.17379322880596737
insta_market_basket,overall,overall,13,503733,1.0,0.07876196318287663,0.13633591241152798,0.31504785273150654,0.5453436496461119,0.001196401003441638,0.0020292763190618373,0.19897781832621556,0.28459185483628757
insta_market_basket,overall,overall,14,503733,1.0,0.004009564590765346,0.006884241677814702,0.016038258363061383,0.02753696671125881,0.010557841819641227,0.018279842020483095,0.26017634893374975,0.2433102874750362
insta_market_basket,overall,overall,15,503733,1.0,0.00035253464302186546,0.00031122120925786156,0.0014101385720874618,0.0012448848370314462,0.000021836965217684762,0.000026707847306159636,0.2533793168932629,0.15412812813140905
insta_market_basket,overall,overall,16,503733,1.0,0.00011861442470515134,0.00012600510051903515,0.00047445769882060535,0.0005040204020761406,0.00003176285849845057,0.000053304911856469804,-0.007354677182675063,0.08134537059035712
insta_market_basket,overall,overall,17,503733,1.0,0.0007168149264259704,0.0005346027362701996,0.0028672597057038817,0.0021384109450807982,0.0007742196758997326,0.0005795395805712551,0.15967021452188407,0.17200650803449347
insta_market_basket,overall,overall,18,503733,0.3333333333333333,0.000020844375889608186,0.000036103518092865094,0.00008337750355843274,0.00014441407237146038,0.000022498691436402488,0.00003896887667166391,0.05651866432640298,0.09789319818926057
insta_market_basket,overall,overall,19,503733,0.6666666666666666,0.000021506102108325908,0.000021589293258462598,0.00008602440843330363,0.00008635717303385039,0.000015881429249225285,0.00002750744235646864,0.03210206125381551,0.051429053249844404
insta_market_basket,overall,overall,20,503733,1.0,3.143199538909171e-6,2.865358578798817e-6,0.000012572798155636684,0.000011461434315195267,1.3234524374354404e-6,2.2922868630390537e-6,0.10508720997052316,0.2653497261663448
insta_market_basket,overall,overall,21,503733,1.0,0.00004665169841959927,0.00007359064240137572,0.0001866067936783971,0.0002943625696055029,6.617262187177202e-6,0.000011461434315195267,0.1441819568876501,0.14471703680720666
insta_market_basket,overall,overall,22,503733,0.6666666666666666,7.609851515253782e-6,9.222716442219955e-6,0.00003043940606101513,0.00003689086576887982,6.617262187177202e-7,1.1461434315195268e-6,0.06986090199745916,0.0782879919474604
insta_market_basket,overall,overall,23,503733,0.3333333333333333,0.0001564982507267408,0.00027106292155436806,0.0006259930029069632,0.0010842516862174722,0.000013234524374354404,0.000022922868630390535,0.1363181656697756,0.2361099889346428
insta_market_basket,overall,overall,24,503733,0.6666666666666666,0.042261972116180595,0.07317882355790328,0.16904788846472238,0.29271529423161313,0.0013658029154333744,0.0023622024465271224,0.270607649455924,0.2455735801096097
insta_market_basket,overall,overall,25,503733,0.6666666666666666,0.007197761512547322,0.012443686450865883,0.028791046050189287,0.049774745803463534,0.0033807592514288327,0.00585220869804358,0.08708065496068013,0.2576784868760277
insta_market_basket,overall,overall,26,503733,0.6666666666666666,0.0001333378330716206,0.0001481465204124861,0.0005333513322864825,0.0005925860816499444,0.00002448387009255565,0.000027098476414348168,0.19574692995238072,0.18850623454757398
insta_market_basket,overall,overall,27,503733,0.3333333333333333,1.6543155467943005e-7,2.865358578798817e-7,6.617262187177202e-7,1.1461434315195268e-6,0.0,0.0,-0.04537971317768097,0.07859996885664634
insta_market_basket,overall,overall,28,503733,1.0,0.08220624815130237,0.13952961781470027,0.3288249926052095,0.5581184712588011,0.0026852849955565083,0.002341265821262912,0.40624203310771767,0.05037862651576822
insta_market_basket,overall,overall,29,503733,0.6666666666666666,0.08152152694648421,0.141196847767035,0.32608610778593683,0.56478739106814,0.08148430484668134,0.141134956013883,0.26232067776408224,0.24093092791485246
insta_market_basket,overall,overall,30,503733,1.0,0.00015964145026565,0.0001721966078419307,0.0006385658010626,0.0006887864313677228,0.00015815256627353514,0.0001460197527415481,0.1711614252409296,0.13268350221548306
insta_market_basket,overall,overall,31,503733,1.0,0.0030690862024127866,0.004784501340432789,0.012276344809651146,0.019138005361731155,0.001473002562865645,0.002089619082439161,0.32577987100685385,0.1939549178150448
insta_market_basket,overall,overall,32,503733,0.6666666666666666,0.00003804925757626891,0.00006547391376870762,0.00015219703030507563,0.0002618956550748305,8.602440843330362e-6,0.00001489986460975385,0.19875178444829636,0.17306972977347518
insta_market_basket,overall,overall,33,503733,1.0,0.00007758739914465269,0.00012965771315108472,0.00031034959657861075,0.0005186308526043389,2.6469048748708804e-6,3.0324104866108565e-6,0.1482907268955259,0.22625460717680687
insta_market_basket,overall,overall,34,503733,1.0,0.00047346510949252877,0.0007981928852256202,0.001893860437970115,0.003192771540902481,0.0005809956200341583,0.0010011607158530579,0.17164714221942567,0.18770078030000845
insta_market_basket,overall,overall,35,503733,1.0,0.08253330633490362,0.14250466804456943,0.3301332253396145,0.5700186721782777,0.19263644298335295,0.3334566968784665,0.31692856096013333,0.13873747254941438
insta_market_basket,overall,overall,36,503733,0.3333333333333333,5.128378195062332e-6,8.882611594276332e-6,0.000020513512780249328,0.00003553044637710533,0.0,0.0,-0.022985199095821512,0.03981153265604907
insta_market_basket,overall,overall,37,503733,0.6666666666666666,0.00200850450536296,0.0021347132370630336,0.00803401802145184,0.008538852948252134,0.0020202501457451997,0.003364271868449948,0.27930184231183736,0.24399141682150122
insta_market_basket,overall,overall,38,503733,0.6666666666666666,0.00018429075191288508,0.00031834172496640785,0.0007371630076515403,0.0012733668998656314,0.00031034959657861075,0.000537541269382658,0.17948310862191416,0.25492159830687117
insta_market_basket,overall,overall,39,503733,1.0,0.0014596026069366112,0.0021092291421551715,0.005838410427746445,0.008436916568620686,0.0007417950911825644,0.0009363991835514533,0.3414089050782403,0.3099164498498333
insta_market_basket,overall,overall,40,503733,1.0,0.004193028184904833,0.00709041046589406,0.016772112739619333,0.02836164186357624,0.007046722503125002,0.01183927502591273,0.09635238650768709,0.2314122779957573
insta_market_basket,overall,overall,41,503733,1.0,0.000018693765678775593,0.000024577027562126198,0.00007477506271510237,0.00009830811024850479,0.000025145596311273367,0.00004355345039774202,0.1791575325958811,0.10964842741496397
insta_market_basket,overall,overall,42,503733,1.0,0.00002547645942063223,0.000028999637211306294,0.00010190583768252891,0.00011599854884522518,0.000010587619499483523,0.000015031530184443674,0.17500613023391332,0.03137139743516897
insta_market_basket,overall,overall,43,503733,0.3333333333333333,0.00004863687707575243,0.00008424154221668523,0.00019454750830300973,0.0003369661688667409,0.000014557976811789844,0.00002521515549342959,0.0874197468617741,0.15141544314940264
insta_market_basket,overall,overall,44,503733,0.6666666666666666,0.08008508475720273,0.13871014631857218,0.3203403390288109,0.5548405852742887,0.04106540568118428,0.07112736907323879,0.17334614197274645,0.2616138888384618
insta_market_basket,overall,overall,45,503733,1.0,0.000044501088208766686,0.00007193590996818134,0.00017800435283506674,0.00028774363987272536,0.000010587619499483523,0.00001833829490431243,0.21300593481897998,0.21089442813442372
insta_market_basket,overall,overall,46,503733,1.0,2.9777679842297408e-6,1.3130722580536667e-6,0.000011911071936918963,5.252289032214667e-6,0.0,0.0,0.2124721198416655,0.17503313222692707
insta_market_basket,overall,overall,47,503733,1.0,0.05871629083926075,0.10142969796698897,0.234865163357043,0.4057187918679559,0.0011196407620703826,0.001874095921531461,0.33861481336355426,0.16825847323376342
insta_market_basket,overall,overall,48,503733,1.0,0.00018693765678775597,0.00014728528419291262,0.0007477506271510239,0.0005891411367716505,0.00008139232490227958,0.000029243507696847807,0.05087016640454397,0.22152211809586003
insta_market_basket,overall,overall,49,503733,1.0,0.07617792229878394,0.13193457618682206,0.30471168919513575,0.5277383047472882,0.07785076617970234,0.13484148243140928,0.09173868352787383,0.32559475875220445
insta_market_basket,overall,overall,50,503733,0.3333333333333333,0.03771492040426178,0.06532415834359755,0.15085968161704713,0.2612966333743902,0.0849629995784804,0.14716023203338116,0.14969429258193737,0.2592781203549964
insta_market_basket,overall,overall,51,503733,0.6666666666666666,1.3234524374354402e-6,1.878941273055459e-6,5.293809749741761e-6,7.515765092221836e-6,0.0,0.0,0.0008197226339862473,0.12015944345621771
insta_market_basket,overall,overall,52,503733,1.0,0.02339764650453051,0.04046059901566933,0.09359058601812204,0.1618423960626773,0.01213804402993914,0.021020270627809402,0.1488689041176213,0.3266325073151387
insta_market_basket,overall,overall,53,503733,0.6666666666666666,8.933303952689223e-6,0.00001144709855684539,0.00003573321581075689,0.00004578839422738156,1.3234524374354404e-6,2.2922868630390537e-6,0.09896074870061551,0.2576380893579004
insta_market_basket,overall,overall,54,503733,0.6666666666666666,0.0002792484642988779,0.00024184441185245138,0.0011169938571955116,0.0009673776474098055,0.00034145072885834356,0.0003784825237128628,0.16581879263053093,0.14810719580671686
insta_market_basket,overall,overall,55,503733,0.6666666666666666,0.0000903256288549688,0.00014751477093910366,0.0003613025154198752,0.0005900590837564147,0.000013234524374354404,0.000022922868630390535,0.14393186600878835,0.20847329539815995
insta_market_basket,overall,overall,56,503733,1.0,0.08283389546975613,0.1432628159819409,0.3313355818790245,0.5730512639277636,0.27755775381005415,0.4805206484270528,0.22688657965701106,0.235699045326362
insta_market_basket,overall,overall,57,503733,0.6666666666666666,0.00009843177503426088,0.00009589452365855437,0.00039372710013704353,0.0003835780946342175,0.00011050827852585927,0.00009993818666042302,0.08956740388361428,0.08311899806877902
insta_market_basket,overall,overall,58,503733,1.0,0.0007573456573224307,0.000785335773107346,0.003029382629289723,0.003141343092429384,0.0005763635365031343,0.0005552340406980161,0.40078938964041405,0.1126734817829655
insta_market_basket,overall,overall,59,503733,1.0,0.003919900688129095,0.0067529358412284505,0.01567960275251638,0.027011743364913802,0.009350853196700105,0.01615661603524219,0.13976287481069652,0.10207097570333873
insta_market_basket,overall,overall,60,503733,0.6666666666666666,9.925893280765803e-7,1.3130722580536667e-6,3.970357312306321e-6,5.252289032214667e-6,0.0,0.0,0.1617483894030253,0.2111566655521107
insta_market_basket,overall,overall,61,503733,1.0,0.00009545400705003114,0.00015637640299843102,0.00038181602820012457,0.0006255056119937241,0.00002448387009255565,0.00004240730696622249,0.1564008348855934,0.22547105466783424
insta_market_basket,overall,overall,62,503733,0.6666666666666666,0.000020513512780249328,0.00003256817534705543,0.00008205405112099731,0.00013027270138822172,2.646904874870881e-6,2.2922868630390537e-6,0.058496307823969994,0.1525883555605146
insta_market_basket,overall,overall,63,503733,0.6666666666666666,0.0006522966201009927,0.0007930419659232033,0.002609186480403971,0.003172167863692813,0.0003758604922316651,0.0004384923682957189,0.25206054603030886,0.22191891973172004
insta_market_basket,quantity,gt_p99,0,6036,1.0,0.0018223989396951624,0.002800553595821234,0.00728959575878065,0.011202214383284935,0.0,0.0,0.4213430673250409,0.05037169694320476
insta_market_basket,quantity,gt_p99,1,6036,1.0,0.0008559752595537883,0.0009821723222792362,0.0034239010382151533,0.003928689289116945,0.0009388115749944776,0.0014849049767780818,0.31500550968668745,0.08536225678601289
insta_market_basket,quantity,gt_p99,2,6036,0.3333333333333333,0.0000138060525734482,0.00002391278450917933,0.0000552242102937928,0.00009565113803671732,0.0,0.0,0.059675892194112144,0.10336167726720519
insta_market_basket,quantity,gt_p99,3,6036,1.0,0.1628009719461012,0.13869662386750836,0.6512038877844047,0.5547864954700334,0.28771813563066045,0.427595326020608,0.5375923547099972,0.025936867894481814
insta_market_basket,quantity,gt_p99,4,6036,0.0,0.0,0.0,0.0,0.0,0.0,0.0,0.0,0.0
insta_market_basket,quantity,gt_p99,5,6036,0.3333333333333333,0.0021951623591782636,0.0038021327369595135,0.008780649436713054,0.015208530947838054,0.0,0.0,0.1448976814871814,0.2509701462347305
insta_market_basket,quantity,gt_p99,6,6036,0.3333333333333333,0.0026231499889551577,0.004543429056744073,0.010492599955820631,0.01817371622697629,0.006185111552904794,0.01071292746011234,0.1517692900279112,0.2628721213569988
insta_market_basket,quantity,gt_p99,7,6036,0.0,0.0,0.0,0.0,0.0,0.0,0.0,0.0,0.0
insta_market_basket,quantity,gt_p99,8,6036,0.3333333333333333,0.00042798762977689416,0.0007412963197845592,0.0017119505191075766,0.002965185279138237,0.001049259995582063,0.001817371622697629,0.20254772773353003,0.3508229553921018
insta_market_basket,quantity,gt_p99,9,6036,0.0,0.0,0.0,0.0,0.0,0.0,0.0,0.0,0.0
insta_market_basket,quantity,gt_p99,10,6036,0.6666666666666666,0.08133145571018334,0.14072676121658742,0.32532582284073336,0.5629070448663497,0.00491495471614756,0.008369884501622802,0.3436736908544231,0.301692923749085
insta_market_basket,quantity,gt_p99,11,6036,0.0,0.0,0.0,0.0,0.0,0.0,0.0,0.0,0.0
insta_market_basket,quantity,gt_p99,12,6036,0.6666666666666666,0.00040037552462999777,0.0006231104537440224,0.001601502098519991,0.0024924418149760894,0.0001104484205875856,0.00019130227607343464,0.2469948195380929,0.26850065086122643
insta_market_basket,quantity,gt_p99,13,6036,0.6666666666666666,0.08108294676386128,0.14040391577290423,0.32433178705544513,0.5616156630916169,0.0017119505191075766,0.002965185279138237,0.3617596071607667,0.3170094862155412
insta_market_basket,quantity,gt_p99,14,6036,0.6666666666666666,0.000552242102937928,0.0009208750908798483,0.002208968411751712,0.003683500363519393,0.0012701568367572344,0.0021999761748444984,0.38989844179560995,0.33767650188283915
insta_market_basket,quantity,gt_p99,15,6036,0.6666666666666666,0.00122873867903689,0.0010976463005467724,0.00491495471614756,0.00439058520218709,0.0000552242102937928,0.00009565113803671732,0.2795730478725853,0.24217653214758064
insta_market_basket,quantity,gt_p99,16,6036,0.3333333333333333,0.00004141815772034459,0.00007173835352753798,0.00016567263088137837,0.00028695341411015193,0.0000552242102937928,0.00009565113803671732,0.08093238208029005,0.14017899774063933
insta_market_basket,quantity,gt_p99,17,6036,0.3333333333333333,0.0002347028937486194,0.00040651733665604864,0.0009388115749944776,0.0016260693466241946,0.00038656947205654963,0.0006695579662570213,0.128032735749787,0.2217592033506712
insta_market_basket,quantity,gt_p99,18,6036,0.0,0.0,0.0,0.0,0.0,0.0,0.0,0.0,0.0
insta_market_basket,quantity,gt_p99,19,6036,0.0,0.0,0.0,0.0,0.0,0.0,0.0,0.0,0.0
insta_market_basket,quantity,gt_p99,20,6036,0.0,0.0,0.0,0.0,0.0,0.0,0.0,0.0,0.0
insta_market_basket,quantity,gt_p99,21,6036,0.3333333333333333,0.0000138060525734482,0.00002391278450917933,0.0000552242102937928,0.00009565113803671732,0.0,0.0,0.061119904120763145,0.10586277929090014
insta_market_basket,quantity,gt_p99,22,6036,0.0,0.0,0.0,0.0,0.0,0.0,0.0,0.0,0.0
insta_market_basket,quantity,gt_p99,23,6036,0.3333333333333333,0.00038656947205654963,0.0006695579662570213,0.0015462778882261985,0.0026782318650280853,0.0,0.0,0.15095814104591096,0.26146717010766657
insta_market_basket,quantity,gt_p99,24,6036,0.6666666666666666,0.07342058758559752,0.1271323205297432,0.2936823503423901,0.5085292821189727,0.001435829467638613,0.002486929588954651,0.28508943879410403,0.2659381802405479
insta_market_basket,quantity,gt_p99,25,6036,0.3333333333333333,0.000345151314336205,0.0005978196127294832,0.00138060525734482,0.002391278450917933,0.0005522421029379279,0.0009565113803671731,0.1572727127869924,0.2724043291912583
insta_market_basket,quantity,gt_p99,26,6036,0.3333333333333333,0.00013806052573448198,0.0002391278450917933,0.0005522421029379279,0.0009565113803671731,0.0,0.0,0.14010890622933705,0.24267574418211538
insta_market_basket,quantity,gt_p99,27,6036,0.0,0.0,0.0,0.0,0.0,0.0,0.0,0.0,0.0
insta_market_basket,quantity,gt_p99,28,6036,1.0,0.08378893306825712,0.13662385012731076,0.3351557322730285,0.5464954005092431,0.009167218908769604,0.015162741977616535,0.5097424707547701,0.04877578943114004
insta_market_basket,quantity,gt_p99,29,6036,0.3333333333333333,0.08075160150209852,0.1398658765941899,0.3230064060083941,0.5594635063767596,0.06278992710404241,0.10875534394774759,0.1986929194347508,0.344146231565178
insta_market_basket,quantity,gt_p99,30,6036,0.6666666666666666,0.0002347028937486194,0.00037122624419452045,0.0009388115749944776,0.0014849049767780818,0.0001104484205875856,0.00019130227607343464,0.12878945004194975,0.15614891048033055
insta_market_basket,quantity,gt_p99,31,6036,1.0,0.00414181577203446,0.006958743552855323,0.01656726308813784,0.027834974211421292,0.0011597084161696486,0.0018670357305474892,0.37949682316846317,0.20137087257001074
insta_market_basket,quantity,gt_p99,32,6036,0.3333333333333333,0.0000138060525734482,0.00002391278450917933,0.0000552242102937928,0.00009565113803671732,0.0,0.0,0.11505116025606792,0.19927445503325875
insta_market_basket,quantity,gt_p99,33,6036,0.3333333333333333,0.00040037552462999777,0.0006934707507662006,0.001601502098519991,0.0027738830030648023,0.0,0.0,0.14826876952730375,0.2568090419970102
insta_market_basket,quantity,gt_p99,34,6036,0.3333333333333333,0.0014220234150651644,0.002463016804445471,0.005688093660260658,0.009852067217781884,0.0008835873647006848,0.0015304182085874771,0.1391694206009019,0.24104850734068492
insta_market_basket,quantity,gt_p99,35,6036,0.6666666666666666,0.08217362491716368,0.14225716107455413,0.3286944996686547,0.5690286442982165,0.18754141815772032,0.32483126477269203,0.3116639238929882,0.29936828685517736
insta_market_basket,quantity,gt_p99,36,6036,0.0,0.0,0.0,0.0,0.0,0.0,0.0,0.0,0.0
insta_market_basket,quantity,gt_p99,37,6036,0.6666666666666666,0.0029683013032913625,0.0050696795073527125,0.01187320521316545,0.02027871802941085,0.0037552462999779104,0.006504277386496778,0.3276602282817002,0.2839451336086866
insta_market_basket,quantity,gt_p99,38,6036,0.0,0.0,0.0,0.0,0.0,0.0,0.0,0.0,0.0
insta_market_basket,quantity,gt_p99,39,6036,0.6666666666666666,0.002678374199248951,0.004215980566670864,0.010713496796995804,0.016863922266683457,0.001656726308813784,0.0027273157112581723,0.37033192962590017,0.320781649089113
insta_market_basket,quantity,gt_p99,40,6036,0.3333333333333333,0.00936050364479788,0.01621286789722359,0.03744201457919152,0.06485147158889436,0.017837419924895074,0.0308953175858597,0.13985275782666726,0.24223208213441366
insta_market_basket,quantity,gt_p99,41,6036,0.0,0.0,0.0,0.0,0.0,0.0,0.0,0.0,0.0
insta_market_basket,quantity,gt_p99,42,6036,0.3333333333333333,0.0000138060525734482,0.00002391278450917933,0.0000552242102937928,0.00009565113803671732,0.0,0.0,0.047850469748179116,0.08287944476988378
insta_market_basket,quantity,gt_p99,43,6036,0.3333333333333333,0.00012425447316103378,0.000215215060582614,0.0004970178926441351,0.000860860242330456,0.0,0.0,0.10031016667683919,0.173742305199988
insta_market_basket,quantity,gt_p99,44,6036,0.3333333333333333,0.08189750386569472,0.1418506377084518,0.3275900154627789,0.5674025508338072,0.06842279655400928,0.11851176002749277,0.1979069869314708,0.34278495653817725
insta_market_basket,quantity,gt_p99,45,6036,0.6666666666666666,0.00017947868345482657,0.0002757756841649848,0.0007179147338193063,0.0011031027366599391,0.0,0.0,0.2550238387452231,0.23041033117720802
insta_market_basket,quantity,gt_p99,46,6036,0.0,0.0,0.0,0.0,0.0,0.0,0.0,0.0,0.0
insta_market_basket,quantity,gt_p99,47,6036,0.6666666666666666,0.03571625800751049,0.061754797245924566,0.14286503203004197,0.24701918898369826,0.001932847360282748,0.0033477898312851066,0.3406880516011048,0.29739780760127105
insta_market_basket,quantity,gt_p99,48,6036,0.3333333333333333,0.00004141815772034459,0.00007173835352753798,0.00016567263088137837,0.00028695341411015193,0.0,0.0,0.12084421846601699,0.20930832618409456
insta_market_basket,quantity,gt_p99,49,6036,0.3333333333333333,0.06683510050806274,0.11576178980893714,0.26734040203225096,0.4630471592357486,0.019604594654296443,0.03395615400303465,0.17671460436790074,0.3060786732046371
insta_market_basket,quantity,gt_p99,50,6036,0.3333333333333333,0.004942566821294456,0.0085607768542862,0.019770267285177823,0.0342431074171448,0.005632869449966865,0.009756416079745167,0.1708606353907168,0.2959393015102225
insta_market_basket,quantity,gt_p99,51,6036,0.0,0.0,0.0,0.0,0.0,0.0,0.0,0.0,0.0
insta_market_basket,quantity,gt_p99,52,6036,0.3333333333333333,0.04658162138281422,0.08068173493397106,0.18632648553125689,0.32272693973588423,0.019715043074884028,0.034147456279108084,0.161889143425046,0.28040022160598477
insta_market_basket,quantity,gt_p99,53,6036,0.0,0.0,0.0,0.0,0.0,0.0,0.0,0.0,0.0
insta_market_basket,quantity,gt_p99,54,6036,0.3333333333333333,0.0002899271040424122,0.000502168474692766,0.0011597084161696488,0.002008673898771064,0.0,0.0,0.10766654473448556,0.18648392575551637
insta_market_basket,quantity,gt_p99,55,6036,0.3333333333333333,0.00004141815772034459,0.00007173835352753798,0.00016567263088137837,0.00028695341411015193,0.0,0.0,0.1571466624736786,0.2721860036442888
insta_market_basket,quantity,gt_p99,56,6036,0.3333333333333333,0.08254638833664678,0.14297453858038323,0.3301855533465871,0.5718981543215329,0.29180472719240114,0.5054206133860143,0.19080647107679163,0.3304865023179246
insta_market_basket,quantity,gt_p99,57,6036,0.0,0.0,0.0,0.0,0.0,0.0,0.0,0.0,0.0
insta_market_basket,quantity,gt_p99,58,6036,0.6666666666666666,0.00222277446432516,0.0023489366459139827,0.00889109785730064,0.00939574658365593,0.0011597084161696488,0.0014725305529018537,0.29506156567370584,0.25803799297714186
insta_market_basket,quantity,gt_p99,59,6036,0.6666666666666666,0.0001104484205875856,0.00015680661436382465,0.0004417936823503424,0.0006272264574552986,0.0002208968411751712,0.0003826045521468693,0.15017793504964738,0.16103461483873074
insta_market_basket,quantity,gt_p99,60,6036,0.0,0.0,0.0,0.0,0.0,0.0,0.0,0.0,0.0
insta_market_basket,quantity,gt_p99,61,6036,0.3333333333333333,0.00042798762977689416,0.0007412963197845592,0.0017119505191075766,0.002965185279138237,0.0002208968411751712,0.0003826045521468693,0.11243160950240268,0.1947372600349052
insta_market_basket,quantity,gt_p99,62,6036,0.3333333333333333,0.0000552242102937928,0.00009565113803671732,0.0002208968411751712,0.0003826045521468693,0.0,0.0,0.12623417129119238,0.21864399832769774
insta_market_basket,quantity,gt_p99,63,6036,0.6666666666666666,0.00012425447316103378,0.00018053756393061107,0.0004970178926441351,0.0007221502557224443,0.0,0.0,0.30262674142916995,0.27815017473494075
insta_market_basket,quantity,le_p50,0,247651,1.0,0.0016124842352073414,0.0016110197605786086,0.006449936940829366,0.006444079042314434,0.00023285456818937403,0.0002572371987678412,0.26361899941193856,0.033966572716888854
insta_market_basket,quantity,le_p50,1,247651,1.0,0.0007372606342527723,0.0010656120040950512,0.002949042537011089,0.004262448016380205,0.001535763365919513,0.002447406134346502,0.1546492192301482,0.05630137473824997
insta_market_basket,quantity,le_p50,2,247651,0.6666666666666666,0.00036476062415792115,0.000623932313041661,0.0014590424966316846,0.002495729252166644,0.00044013551328280523,0.0007588427980106108,0.06904350317583054,0.060389249190795566
insta_market_basket,quantity,le_p50,3,247651,1.0,0.14619127993291633,0.12581260530731786,0.5847651197316653,0.5032504212292714,0.110258657007913,0.12645254911735704,0.40736227856481905,0.016186699468883913
insta_market_basket,quantity,le_p50,4,247651,1.0,0.00004138889001053902,0.00005106637917852841,0.00016555556004215608,0.00020426551671411363,0.000012113821466499227,0.000017600974530854605,0.06250011830226916,0.21625326228609365
insta_market_basket,quantity,le_p50,5,247651,0.6666666666666666,0.0005330081445259659,0.0009223230855169498,0.0021320325781038637,0.0036892923420677993,8.075880977666152e-6,0.000010683386342330903,0.09622629311820592,0.12003591514489081
insta_market_basket,quantity,le_p50,6,247651,0.3333333333333333,0.0005565627973774923,0.0009639950426604788,0.002226251189509969,0.0038559801706419153,0.0010404426659559893,0.0018020995597981867,0.117911494509698,0.20422869928717563
insta_market_basket,quantity,le_p50,7,247651,0.0,0.0,0.0,0.0,0.0,0.0,0.0,0.0,0.0
insta_market_basket,quantity,le_p50,8,247651,1.0,0.0025085705286875485,0.004330989538619054,0.010034282114750194,0.017323958154476217,0.002169720022666306,0.003758065317457538,0.14340045951382235,0.19071375396798818
insta_market_basket,quantity,le_p50,9,247651,1.0,0.00003499548423655332,0.000044075712708165956,0.00013998193694621328,0.00017630285083266382,9.42186114061051e-6,0.000010161927383388653,0.21714415868703385,0.05275236927657943
insta_market_basket,quantity,le_p50,10,247651,1.0,0.08277239610042628,0.14237635611549865,0.3310895844017051,0.5695054244619946,0.023421400815394785,0.03925805200280517,0.23755600032445603,0.23491525201782887
insta_market_basket,quantity,le_p50,11,247651,0.6666666666666666,8.412376018402242e-6,9.159837559587349e-6,0.00003364950407360897,0.000036639350238349396,0.0,0.0,0.04870849251550025,0.08246256315702945
insta_market_basket,quantity,le_p50,12,247651,1.0,0.0005666576485995749,0.0006692089484424562,0.0022666305943982996,0.002676835793769825,0.0006070370534879058,0.0008534522597114143,0.27800299817164015,0.15694175954850287
insta_market_basket,quantity,le_p50,13,247651,1.0,0.07588804406200662,0.13130120057092506,0.3035521762480265,0.5252048022837003,0.0007039476252198995,0.0011355255368945868,0.1677743237174243,0.2563104106474682
insta_market_basket,quantity,le_p50,14,247651,1.0,0.006449600445788631,0.01109853492382709,0.025798401783154522,0.04439413969530836,0.01757446298756449,0.030425876045813916,0.23847880651500697,0.2230114285902809
insta_market_basket,quantity,le_p50,15,247651,1.0,0.00025539973591869205,0.0002462585108245365,0.0010215989436747682,0.000985034043298146,0.00002691960325888717,0.000043176391864210624,0.22670177163053448,0.13218265420626235
insta_market_basket,quantity,le_p50,16,247651,1.0,0.00020122403436018157,0.00019055040025900378,0.0008048961374407263,0.0007622016010360151,0.00004441734537716384,0.0000734638882890045,-0.015754560656719343,0.06877729436573321
insta_market_basket,quantity,le_p50,17,247651,1.0,0.0011514860293988986,0.001014423725178726,0.0046059441175955946,0.004057694900714904,0.0012329178292570324,0.0010878584388126589,0.14698568881884708,0.16171718363342621
insta_market_basket,quantity,le_p50,18,247651,0.3333333333333333,0.000038696929684650305,0.00006702504831073462,0.00015478771873860122,0.0002681001932429385,0.000039033424725386396,0.00006760787481778449,0.05005371951653312,0.08669558531043726
insta_market_basket,quantity,le_p50,19,247651,0.6666666666666666,0.000040715899929066846,0.000039438883987608486,0.00016286359971626739,0.00015775553595043395,0.00002961156358477589,0.00005128873262038823,0.027765011889050614,0.043926992890816655
insta_market_basket,quantity,le_p50,20,247651,1.0,5.0474256110413445e-6,3.4969590422991983e-6,0.000020189702444165378,0.000013987836169196793,2.6919603258887173e-6,4.66261205639893e-6,0.09491636686854893,0.24798580700599754
insta_market_basket,quantity,le_p50,21,247651,1.0,0.00006258807757691267,0.00010578421520969489,0.0002503523103076507,0.00042313686083877955,0.00001076784130355487,0.00001865044822559572,0.14657332811156099,0.16053713339645237
insta_market_basket,quantity,le_p50,22,247651,0.6666666666666666,0.000013123306588707495,0.000015540825918672497,0.00005249322635482998,0.00006216330367468999,1.3459801629443587e-6,2.331306028199465e-6,0.06240883480274567,0.06861322971249781
insta_market_basket,quantity,le_p50,23,247651,0.3333333333333333,0.0001167637791354231,0.0002022407979463036,0.0004670551165416924,0.0008089631917852144,0.000016151761955332303,0.000027975672338393583,0.12915043512808372,0.2236951154614693
insta_market_basket,quantity,le_p50,24,247651,0.6666666666666666,0.02554771297780614,0.04422546043960497,0.10219085191122455,0.1769018417584199,0.0013836676075068006,0.0023895920905693743,0.25177046185939483,0.22824231641324008
insta_market_basket,quantity,le_p50,25,247651,0.6666666666666666,0.01327170090167211,0.022940067509570148,0.05308680360668844,0.09176027003828059,0.005767524998216576,0.009982653229414964,0.0840328616242534,0.2525372704094692
insta_market_basket,quantity,le_p50,26,247651,0.6666666666666666,0.00016387308483847566,0.00015332990176952083,0.0006554923393539026,0.0006133196070780833,0.00004172538505127512,0.00004714774659537547,0.18498486047394977,0.17711680143511252
insta_market_basket,quantity,le_p50,27,247651,0.3333333333333333,3.3649504073608967e-7,5.828265070498663e-7,1.3459801629443587e-6,2.331306028199465e-6,0.0,0.0,-0.04537971317768097,0.07859996885664634
insta_market_basket,quantity,le_p50,28,247651,1.0,0.08130090328728735,0.13871713730621835,0.3252036131491494,0.5548685492248734,0.0024496838965587324,0.001584547393629975,0.3649431906290464,0.03750008437005102
insta_market_basket,quantity,le_p50,29,247651,0.6666666666666666,0.08124740057581031,0.14072200306906946,0.32498960230324125,0.5628880122762778,0.09365868365832025,0.1622215986662316,0.2227734464716722,0.20592914184920857
insta_market_basket,quantity,le_p50,30,247651,1.0,0.0002079539351749034,0.00019555110445556968,0.0008318157406996136,0.0007822044178222787,0.00025708221112237246,0.00022592027443933864,0.1572726319798742,0.1377537034841365
insta_market_basket,quantity,le_p50,31,247651,1.0,0.0026855669201147313,0.003962145172913556,0.010742267680458925,0.015848580691654224,0.001483270139564683,0.0019352241411135559,0.3024101437474724,0.19060234348660418
insta_market_basket,quantity,le_p50,32,247651,0.6666666666666666,0.0000679719982286901,0.0001168578047329284,0.0002718879929147604,0.0004674312189317136,0.00001749774211827666,0.000030306978366593047,0.19208610738561202,0.16870238514817112
insta_market_basket,quantity,le_p50,33,247651,1.0,0.000048118790825260816,0.00007547772036563403,0.00019247516330104326,0.0003019108814625361,2.6919603258887173e-6,2.331306028199465e-6,0.12026351018326903,0.24148160172321256
insta_market_basket,quantity,le_p50,34,247651,1.0,0.0003913437323760722,0.0006352351739141562,0.0015653749295042889,0.002540940695656625,0.0005383920651777435,0.0009220514281426821,0.15538712129482163,0.17136581218480554
insta_market_basket,quantity,le_p50,35,247651,1.0,0.08223669599557441,0.14188418022457522,0.32894678398229765,0.5675367208983009,0.17611208246012874,0.304720400129594,0.280921112786205,0.1103196066537359
insta_market_basket,quantity,le_p50,36,247651,0.3333333333333333,0.000010094851222082689,0.000017484795211495987,0.000040379404888330756,0.00006993918084598395,0.0,0.0,-0.023204402056419188,0.04019120332097377
insta_market_basket,quantity,le_p50,37,247651,0.6666666666666666,0.0020680985203640066,0.001791163544345249,0.008272394081456027,0.007164654177380996,0.0015263415047789026,0.0023997022035236477,0.2623971781407021,0.22822310784215732
insta_market_basket,quantity,le_p50,38,247651,0.6666666666666666,0.0003684620696060181,0.0006373209853309135,0.0014738482784240725,0.002549283941323654,0.0006178048947914606,0.0010700694669435545,0.18216255253289196,0.26045999575620715
insta_market_basket,quantity,le_p50,39,247651,1.0,0.0011205284856511783,0.0014714692282872131,0.004482113942604713,0.0058858769131488525,0.0006204968551173492,0.0006970721978487177,0.32657524124521786,0.2982723409550474
insta_market_basket,quantity,le_p50,40,247651,1.0,0.0028447290743829016,0.0046192125410597735,0.011378916297531606,0.018476850164239094,0.00474323409421592,0.007550670515766853,0.07972590394999168,0.21423633492200475
insta_market_basket,quantity,le_p50,41,247651,0.6666666666666666,0.00003634146439949768,0.00005040354261771577,0.00014536585759799072,0.0002016141704708631,0.000049801266028941267,0.00008625832304338023,0.12195194919366643,0.15378497820459988
insta_market_basket,quantity,le_p50,42,247651,1.0,0.00003499548423655332,0.00003435711588866008,0.00013998193694621328,0.00013742846355464032,0.000012113821466499227,0.000014559001479759778,0.1535025375164122,0.05388055549511493
insta_market_basket,quantity,le_p50,43,247651,0.3333333333333333,0.000040042909847594666,0.0000693563543389341,0.00016017163939037866,0.0002774254173557364,5.383920651777435e-6,9.32522411279786e-6,0.08130471310278281,0.14082389398883086
insta_market_basket,quantity,le_p50,44,247651,0.6666666666666666,0.07827884132643652,0.13558118185924736,0.3131153653057461,0.5423247274369895,0.03674122050789216,0.0636376606517608,0.11718444977335751,0.2525151190459352
insta_market_basket,quantity,le_p50,45,247651,0.6666666666666666,0.0000356684743180255,0.00005410250100952812,0.000142673897272102,0.00021641000403811248,8.075880977666152e-6,0.000013987836169196792,0.12421267542386383,0.22571207809425964
insta_market_basket,quantity,le_p50,46,247651,1.0,3.701445448096986e-6,2.9141325352493315e-6,0.000014805781792387944,0.000011656530140997326,0.0,0.0,0.19333693939482885,0.143969051648321
insta_market_basket,quantity,le_p50,47,247651,1.0,0.06626394940191371,0.11441322014511413,0.26505579760765485,0.4576528805804565,0.0009341102330833848,0.0015030163381881045,0.3180613469801938,0.1575840097080579
insta_market_basket,quantity,le_p50,48,247651,1.0,0.00029712512096996714,0.00018949391894030368,0.0011885004838798686,0.0007579756757612147,0.00015344173857565686,0.00005551250382541366,0.04371967877078104,0.21699420291791227
insta_market_basket,quantity,le_p50,49,247651,1.0,0.07824418233724072,0.13550454032868248,0.31297672934896287,0.5420181613147299,0.0805703725538493,0.13955197884801998,0.07098605832624223,0.3143945343545484
insta_market_basket,quantity,le_p50,50,247651,0.3333333333333333,0.05416829866761424,0.09382224545187337,0.21667319467045695,0.3752889818074935,0.14090258737766723,0.24405044025603284,0.1432178339190304,0.24806056489772196
insta_market_basket,quantity,le_p50,51,247651,0.6666666666666666,2.6919603258887165e-6,3.821848990313165e-6,0.000010767841303554866,0.00001528739596125266,0.0,0.0,0.0008197226339862473,0.12015944345621771
insta_market_basket,quantity,le_p50,52,247651,1.0,0.016344237118633347,0.02818324716304326,0.06537694847453339,0.11273298865217304,0.01124431828123717,0.01946873706024107,0.12701670803076057,0.3036503774457941
insta_market_basket,quantity,le_p50,53,247651,0.6666666666666666,0.000015815266914596213,0.000023981026797922388,0.00006326106765838485,0.00009592410719168955,2.6919603258887173e-6,4.66261205639893e-6,0.09189278189031508,0.2452411344345774
insta_market_basket,quantity,le_p50,54,247651,0.6666666666666666,0.0003758649605022121,0.000334778407006905,0.0015034598420088485,0.00133911362802762,0.0005316621643630216,0.0006110824057168285,0.1490121154710948,0.13551050508949875
insta_market_basket,quantity,le_p50,55,247651,0.6666666666666666,0.00011945573946131182,0.0001888420841445574,0.00047782295784524727,0.0007553683365782296,0.000024227642932998453,0.000041963508507590376,0.1368372508462509,0.1962747637358097
insta_market_basket,quantity,le_p50,56,247651,1.0,0.08271014451789009,0.1429085974132521,0.33084057807156037,0.5716343896530084,0.2608321118563355,0.4513688734670265,0.20179883992229097,0.20816876125948028
insta_market_basket,quantity,le_p50,57,247651,0.6666666666666666,0.00015377823361639294,0.00014780025165847494,0.0006151129344655718,0.0005912010066338998,0.00017901536167159968,0.0001566144946306018,0.07615256307199898,0.07381637751155902
insta_market_basket,quantity,le_p50,58,247651,1.0,0.0006040085981212809,0.0005905559865130405,0.0024160343924851235,0.002362223946052162,0.0005370460850147991,0.0004866849116073462,0.3704518869376116,0.1273113004839564
insta_market_basket,quantity,le_p50,59,247651,1.0,0.007437213390349052,0.012813443302469208,0.02974885356139621,0.051253773209876834,0.018007868600032572,0.031110124365022196,0.13546792353353201,0.10042887327032402
insta_market_basket,quantity,le_p50,60,247651,0.6666666666666666,1.3459801629443587e-6,1.5420139951503795e-6,5.383920651777435e-6,6.168055980601518e-6,0.0,0.0,0.15554185046090022,0.2006361937888742
insta_market_basket,quantity,le_p50,61,247651,1.0,0.00005922312716955178,0.00008887100949930808,0.0002368925086782071,0.0003554840379972323,8.075880977666152e-6,0.00001398783616919679,0.14350115473692615,0.21604610987542117
insta_market_basket,quantity,le_p50,62,247651,0.6666666666666666,0.00002220867268858192,0.000032539261826696034,0.00008883469075432768,0.00013015704730678414,4.037940488833076e-6,4.037940488833076e-6,0.044266568612017165,0.12844327467631966
insta_market_basket,quantity,le_p50,63,247651,0.6666666666666666,0.0010189069833488795,0.0011812914212309075,0.004075627933395518,0.00472516568492363,0.0006137669543026274,0.0006749161149834507,0.23289864126733498,0.20392472868994488
insta_market_basket,quantity,p50_p90,0,202534,1.0,0.0008159123900184661,0.0008826351913433549,0.0032636495600738644,0.0035305407653734196,0.00004279116921932449,7.542068154739183e-6,0.3596404192676681,0.0712166901426737
insta_market_basket,quantity,p50_p90,1,202534,1.0,0.0006064825329738876,0.0009379779258991935,0.0024259301318955502,0.003751911703596774,0.0013084222895908834,0.0021307110078921873,0.22098150564066968,0.05710831054379639
insta_market_basket,quantity,p50_p90,2,202534,0.3333333333333333,0.00006418675382898674,0.0001111747188047212,0.00025674701531594696,0.0004446988752188848,0.00004443698342006774,0.00007696711301865315,0.08744566510958819,0.15146033487145985
insta_market_basket,quantity,p50_p90,3,202534,1.0,0.16260232849793121,0.13897127081322438,0.6504093139917249,0.5558850832528975,0.206689576400341,0.296635525727082,0.4781904334375924,0.02491174571522399
insta_market_basket,quantity,p50_p90,4,202534,0.6666666666666666,2.8801748513006864e-6,3.106406181707248e-6,0.000011520699405202746,0.000012425624726828991,0.0,0.0,0.14462989817063013,0.1254632984415228
insta_market_basket,quantity,p50_p90,5,202534,0.3333333333333333,0.000647216434442283,0.0011210117479476054,0.002588865737769132,0.004484046991790422,1.6458142007432496e-6,2.8506338155056717e-6,0.10533950895887689,0.18245338156113172
insta_market_basket,quantity,p50_p90,6,202534,0.3333333333333333,0.00091671850981399,0.0015878030352366591,0.00366687403925596,0.0063512121409466365,0.0017692502657989933,0.0030644313516685973,0.13129388676362166,0.22740768259778768
insta_market_basket,quantity,p50_p90,7,202534,0.3333333333333333,4.114535501858124e-7,7.126584538764179e-7,1.6458142007432496e-6,2.8506338155056717e-6,0.0,0.0,0.031130045652389526,0.0539188207118773
insta_market_basket,quantity,p50_p90,8,202534,0.3333333333333333,0.0007410278438846483,0.001283497875431429,0.002964111375538593,0.005133991501725716,0.001397296256431019,0.0024201881093643155,0.17397627215980713,0.3013357426922167
insta_market_basket,quantity,p50_p90,9,202534,0.6666666666666666,9.8748852044595e-6,0.000016046688457246685,0.000039499540817838,0.00006418675382898674,1.6458142007432496e-6,2.8506338155056717e-6,0.23227462647617725,0.21520159002384487
insta_market_basket,quantity,p50_p90,10,202534,1.0,0.08264085700837061,0.1429660737209319,0.33056342803348243,0.5718642948837276,0.009372911873232807,0.01614888887206593,0.3171157735158827,0.2356762908698413
insta_market_basket,quantity,p50_p90,11,202534,0.3333333333333333,1.2343606505574372e-6,2.137975361629254e-6,4.937442602229749e-6,8.551901446517016e-6,0.0,0.0,0.061650246381759644,0.10678135903234705
insta_market_basket,quantity,p50_p90,12,202534,0.6666666666666666,0.000550524850148617,0.0007338904716743624,0.002202099400594468,0.0029355618866974496,0.0006369300956876376,0.0010147255409039837,0.26807560257577917,0.25142752447601685
insta_market_basket,quantity,p50_p90,13,202534,1.0,0.08150524520985777,0.14114343254433065,0.3260209808394311,0.5645737301773226,0.0016573349001484524,0.0028705882522142116,0.2652163102794195,0.2687820159055221
insta_market_basket,quantity,p50_p90,14,202534,1.0,0.0018885717953528792,0.003219916056962524,0.007554287181411517,0.012879664227850095,0.004326845533754003,0.007494316300964412,0.3009378320435767,0.29553919638205395
insta_market_basket,quantity,p50_p90,15,202534,0.6666666666666666,0.0003962297688289374,0.0003492106415353708,0.0015849190753157497,0.0013968425661414832,0.000016458142007432496,0.00001425316907752836,0.23442319924749921,0.20341636167011742
insta_market_basket,quantity,p50_p90,16,202534,0.6666666666666666,0.000039499540817838,0.00006734905184168456,0.000157998163271352,0.00026939620736673824,0.000021395584609662245,0.00003705823960157374,0.056110796142827,0.08488001143149895
insta_market_basket,quantity,p50_p90,17,202534,1.0,0.00032710557239772086,0.0003918332020284363,0.0013084222895908834,0.0015673328081137452,0.00035220423895905546,0.0004675300178861876,0.2660286814611545,0.09253617218281064
insta_market_basket,quantity,p50_p90,18,202534,0.3333333333333333,4.5259890520439365e-6,7.839242992640599e-6,0.000018103956208175746,0.000031356971970562395,8.229071003716248e-6,0.00001425316907752836,0.12410672370231512,0.21495915101332244
insta_market_basket,quantity,p50_p90,19,202534,0.3333333333333333,3.2916284014864993e-6,5.701267631011343e-6,0.000013166513605945997,0.000022805070524045374,3.2916284014864993e-6,5.701267631011343e-6,0.06630624737590551,0.1148457893142989
insta_market_basket,quantity,p50_p90,20,202534,0.3333333333333333,1.2343606505574372e-6,2.137975361629254e-6,4.937442602229749e-6,8.551901446517016e-6,0.0,0.0,0.15003392100334167,0.2598663740365631
insta_market_basket,quantity,p50_p90,21,202534,0.6666666666666666,0.00003661936596653731,0.00004922504814570285,0.00014647746386614924,0.0001969001925828114,3.2916284014864993e-6,5.701267631011343e-6,0.1603655953087386,0.14496953158052125
insta_market_basket,quantity,p50_p90,22,202534,0.6666666666666666,2.8801748513006864e-6,3.9679143423626625e-6,0.000011520699405202746,0.00001587165736945065,0.0,0.0,0.13191402087815934,0.1685711274532123
insta_market_basket,quantity,p50_p90,23,202534,0.3333333333333333,0.0001682845020259973,0.000291477307635455,0.0006731380081039892,0.00116590923054182,0.000013166513605945997,0.000022805070524045374,0.13664790770583943,0.23668111889449658
insta_market_basket,quantity,p50_p90,24,202534,0.6666666666666666,0.055072646238820806,0.0953747248905337,0.22029058495528323,0.3814988995621348,0.001449962310854803,0.0025114083914604974,0.2819442651831569,0.25226228810405993
insta_market_basket,quantity,p50_p90,25,202534,0.3333333333333333,0.001528961392490479,0.0026482388146047693,0.006115845569961916,0.010592955258419077,0.0012409439073604103,0.0021493778968912766,0.15497280706012917,0.26842077561971256
insta_market_basket,quantity,p50_p90,26,202534,0.6666666666666666,0.00010985809789961191,0.00015928992569879988,0.00043943239159844764,0.0006371597027951995,9.874885204459498e-6,9.874885204459498e-6,0.2212140510862093,0.20178871640032903
insta_market_basket,quantity,p50_p90,27,202534,0.0,0.0,0.0,0.0,0.0,0.0,0.0,0.0,0.0
insta_market_basket,quantity,p50_p90,28,202534,1.0,0.08297043130206945,0.14055230198661878,0.3318817252082778,0.5622092079464751,0.00249176269992528,0.0030316112015264596,0.4317471044841265,0.058167793413982635
insta_market_basket,quantity,p50_p90,29,202534,0.6666666666666666,0.0818348195035566,0.1417399272384017,0.3273392780142264,0.5669597089536068,0.07133617071701541,0.12355787209927785,0.2912340149080929,0.2681955487619561
insta_market_basket,quantity,p50_p90,30,202534,0.6666666666666666,0.0001160299011523991,0.00016205420751356622,0.0004641196046095964,0.0006482168300542649,0.00006583256802973,0.00008585094424142763,0.09819180932568816,0.10505862858909674
insta_market_basket,quantity,p50_p90,31,202534,1.0,0.0034430433079548784,0.005546992125926895,0.013772173231819514,0.02218796850370758,0.0015240239498882492,0.002297143954677114,0.35172159358783417,0.19612746301964243
insta_market_basket,quantity,p50_p90,32,202534,0.3333333333333333,0.000010286338754645311,0.000017816461346910453,0.000041145355018581244,0.00007126584538764181,0.0,0.0,0.14004647274812063,0.24256760622055507
insta_market_basket,quantity,p50_p90,33,202534,0.6666666666666666,0.00008722815263939224,0.00015001587411718242,0.00034891261055756896,0.0006000634964687297,3.2916284014864993e-6,5.701267631011343e-6,0.1936877615173093,0.20298119875573328
insta_market_basket,quantity,p50_p90,34,202534,1.0,0.000497858795724833,0.0008601787538288366,0.001991435182899332,0.0034407150153153462,0.0006319926530854079,0.001094643385154178,0.21146752002569857,0.16787145003180495
insta_market_basket,quantity,p50_p90,35,202534,1.0,0.0828354745376085,0.1430841774392648,0.331341898150434,0.5723367097570592,0.2095467098528313,0.3628429300441058,0.44827298498541107,0.13353866390153019
insta_market_basket,quantity,p50_p90,36,202534,0.3333333333333333,4.114535501858124e-7,7.126584538764179e-7,1.6458142007432496e-6,2.8506338155056717e-6,0.0,0.0,-0.01640911027789116,0.028421412708308145
insta_market_basket,quantity,p50_p90,37,202534,0.6666666666666666,0.001800932189163301,0.0026698427627547838,0.007203728756653204,0.010679371051019135,0.0022909733674346035,0.003933924241325711,0.31230026631717694,0.27055238044518226
insta_market_basket,quantity,p50_p90,38,202534,0.6666666666666666,7.817617453530437e-6,0.000012486784857105079,0.000031270469814121746,0.000049947139428420315,0.000016458142007432496,0.00002850633815505672,0.20029761950071487,0.23708133256250474
insta_market_basket,quantity,p50_p90,39,202534,0.6666666666666666,0.0016737930421558847,0.002548366187287142,0.006695172168623539,0.010193464749148567,0.0008097405867656788,0.0010749233251383552,0.3600528222943517,0.31181663703891793
insta_market_basket,quantity,p50_p90,40,202534,0.6666666666666666,0.0050514152356312195,0.008701247716584226,0.020205660942524878,0.034804990866336906,0.008433151964608412,0.014521212596868354,0.16195645728385957,0.18525528305097255
insta_market_basket,quantity,p50_p90,41,202534,1.0,2.057267750929062e-6,1.4253169077528359e-6,8.229071003716248e-6,5.701267631011343e-6,1.6458142007432496e-6,2.8506338155056717e-6,0.15802902355790138,0.11875595099993227
insta_market_basket,quantity,p50_p90,42,202534,1.0,0.000016869595557618308,0.000024973569714210154,0.00006747838223047323,0.00009989427885684062,0.000011520699405202749,0.000019954436708539704,0.22758877520133428,0.08460576114845562
insta_market_basket,quantity,p50_p90,43,202534,0.3333333333333333,0.00005595768282527049,0.00009692154972719285,0.00022383073130108195,0.0003876861989087714,0.000023041398810405498,0.00003990887341707941,0.08946124982892299,0.15495143001230713
insta_market_basket,quantity,p50_p90,44,202534,0.6666666666666666,0.08178050763493207,0.1416469253061406,0.32712203053972827,0.5665877012245624,0.04284054364534679,0.07420199821761264,0.2579631947111097,0.2629868429676878
insta_market_basket,quantity,p50_p90,45,202534,0.6666666666666666,0.00004896297247211168,0.00008267759554712187,0.0001958518898884467,0.00033071038218848747,0.000014812327806689248,0.00002565570433955105,0.20551400400294875,0.20366254114826887
insta_market_basket,quantity,p50_p90,46,202534,0.3333333333333333,2.057267750929062e-6,3.56329226938209e-6,8.229071003716248e-6,0.00001425316907752836,0.0,0.0,0.0651473710934321,0.11283855671336841
insta_market_basket,quantity,p50_p90,47,202534,1.0,0.0540551216092113,0.09343276314402015,0.2162204864368452,0.3737310525760806,0.0012244857653529778,0.0020995280908783515,0.3734430091053027,0.1584976263991722
insta_market_basket,quantity,p50_p90,48,202534,1.0,0.0000962801307434801,0.00014865208059591141,0.0003851205229739204,0.0005946083223836457,0.000014812327806689248,0.000021521813342651966,0.1282466867798677,0.18020915485710984
insta_market_basket,quantity,p50_p90,49,202534,0.6666666666666666,0.07492034259268403,0.1297647709047822,0.2996813703707361,0.5190590836191288,0.08522025931448547,0.1476058189668837,0.14546221164355452,0.3021077398259729
insta_market_basket,quantity,p50_p90,50,202534,0.3333333333333333,0.02523897222194792,0.04371518221923336,0.10095588888779168,0.17486072887693344,0.03630830708259683,0.06288783260387062,0.16482279209186443,0.2854814501484709
insta_market_basket,quantity,p50_p90,51,202534,0.0,0.0,0.0,0.0,0.0,0.0,0.0,0.0,0.0
insta_market_basket,quantity,p50_p90,52,202534,0.6666666666666666,0.027618408102672475,0.04782900333935368,0.1104736324106899,0.19131601335741472,0.012389689303195185,0.0214595713631267,0.2715062542900908,0.23532317795672433
insta_market_basket,quantity,p50_p90,53,202534,0.6666666666666666,2.8801748513006864e-6,3.9679143423626625e-6,0.000011520699405202746,0.00001587165736945065,0.0,0.0,0.09811024947298898,0.27223904315615777
insta_market_basket,quantity,p50_p90,54,202534,0.6666666666666666,0.00020037787894049063,0.00018239462534421245,0.0008015115157619625,0.0007295785013768498,0.00018433119048324393,0.00019035319418469348,0.19528776925716085,0.17610656763311305
insta_market_basket,quantity,p50_p90,55,202534,0.3333333333333333,0.00006377530027880093,0.00011046206035084479,0.00025510120111520374,0.00044184824140337917,3.2916284014864993e-6,5.701267631011343e-6,0.13750268035037544,0.23816162854375297
insta_market_basket,quantity,p50_p90,56,202534,0.6666666666666666,0.08297495729112149,0.1436291937104398,0.33189982916448596,0.5745167748417592,0.29231141437980784,0.5062383592078396,0.27371977603177994,0.2553641428269752
insta_market_basket,quantity,p50_p90,57,202534,0.6666666666666666,0.000049374426022297496,0.000048187517394469903,0.00019749770408918998,0.00019275006957787961,0.000052666054423783995,0.00006367833589143257,0.13088046954501242,0.11627585444543306
insta_market_basket,quantity,p50_p90,58,202534,1.0,0.0008097405867656789,0.0008446202385300257,0.0032389623470627156,0.003378480954120103,0.0005562851998512184,0.0005413277808370042,0.4041118211912813,0.10192880277628
insta_market_basket,quantity,p50_p90,59,202534,1.0,0.0005986649155203571,0.001030507081390078,0.0023946596620814282,0.004122028325560312,0.0011158620281039233,0.0019327297269128457,0.20314924045188865,0.11902067123116661
insta_market_basket,quantity,p50_p90,60,202534,0.3333333333333333,4.114535501858124e-7,7.126584538764179e-7,1.6458142007432496e-6,2.8506338155056717e-6,0.0,0.0,0.12366380294164021,0.21419198975210646
insta_market_basket,quantity,p50_p90,61,202534,0.6666666666666666,0.00011767571535314235,0.0001984993678041336,0.0004707028614125694,0.0007939974712165344,0.000037853726617094745,0.00006556457775663046,0.19725432409899377,0.1757693094303505
insta_market_basket,quantity,p50_p90,62,202534,0.3333333333333333,0.000016458142007432496,0.00002850633815505672,0.00006583256802972999,0.00011402535262022688,0.0,0.0,0.08233328182250262,0.1426054272704616
insta_market_basket,quantity,p50_p90,63,202534,0.6666666666666666,0.000315996326542704,0.00044181318181429815,0.001263985306170816,0.0017672527272571926,0.00017116467687729796,0.0002509043614086032,0.3262216339353506,0.2844689047872078
insta_market_basket,quantity,p90_p95,0,27322,1.0,0.0008448625039650586,0.0012512733520031083,0.0033794500158602346,0.005005093408012433,0.00004880072225068931,0.00008452533038425089,0.4053552995314674,0.0657024583602281
insta_market_basket,quantity,p90_p95,1,27322,1.0,0.00037210550716150595,0.0006050400922218343,0.0014884220286460238,0.002420160368887337,0.0007442110143230119,0.0012574474630805388,0.30811939307852004,0.02297490038995778
insta_market_basket,quantity,p90_p95,2,27322,0.3333333333333333,0.000012200180562672327,0.000021131332596062722,0.00004880072225068931,0.00008452533038425089,0.0,0.0,0.11739713201920192,0.20333779732012877
insta_market_basket,quantity,p90_p95,3,27322,1.0,0.16415647951589685,0.14001661908886204,0.6566259180635874,0.5600664763554482,0.26365810213991164,0.39758487048141167,0.5131525515927821,0.025305845661320304
insta_market_basket,quantity,p90_p95,4,27322,0.0,0.0,0.0,0.0,0.0,0.0,0.0,0.0,0.0
insta_market_basket,quantity,p90_p95,5,27322,0.3333333333333333,0.0009516140838884416,0.0016482439424928925,0.0038064563355537664,0.00659297576997157,0.0,0.0,0.12757721620524284,0.22097022035568017
insta_market_basket,quantity,p90_p95,6,27322,0.3333333333333333,0.0012840690042212625,0.002224072755735602,0.00513627601688505,0.008896291022942407,0.0027206402654759293,0.004712287168921988,0.14744397616773394,0.2553804579924899
insta_market_basket,quantity,p90_p95,7,27322,0.0,0.0,0.0,0.0,0.0,0.0,0.0,0.0,0.0
insta_market_basket,quantity,p90_p95,8,27322,0.3333333333333333,0.0004605568162408804,0.0007977078055013678,0.0018422272649635215,0.003190831222005471,0.0010492155283898202,0.0018172946032613945,0.18659257684848693,0.3231878234167796
insta_market_basket,quantity,p90_p95,9,27322,0.3333333333333333,9.150135422004245e-6,0.000015848499447047045,0.00003660054168801698,0.00006339399778818818,0.0,0.0,0.10429298877716064,0.18064075543525296
insta_market_basket,quantity,p90_p95,10,27322,1.0,0.08255252177732231,0.14291384735203091,0.33021008710928923,0.5716553894081237,0.0052582778225117735,0.009075925799931337,0.3527966207474233,0.22225921497048082
insta_market_basket,quantity,p90_p95,11,27322,0.0,0.0,0.0,0.0,0.0,0.0,0.0,0.0,0.0
insta_market_basket,quantity,p90_p95,12,27322,0.6666666666666666,0.00045140668081887616,0.0006889592222870703,0.0018056267232755047,0.0027558368891482813,0.0005490081253202547,0.0009509099668228226,0.28309865812071006,0.2698508038718662
insta_market_basket,quantity,p90_p95,13,27322,0.6666666666666666,0.08185101139496866,0.1417384145694921,0.3274040455798746,0.5669536582779684,0.001830027084400849,0.0031696998894094087,0.2909874737860792,0.2830708528136482
insta_market_basket,quantity,p90_p95,14,27322,0.6666666666666666,0.0008143620525583778,0.0013868116220937857,0.003257448210233511,0.005547246488375143,0.0017690261815874874,0.0030640432264290953,0.36843665294123423,0.3194572718776858
insta_market_basket,quantity,p90_p95,15,27322,0.6666666666666666,0.0005063074933509016,0.00044312862952111865,0.0020252299734036063,0.0017725145180844746,0.000012200180562672327,0.000021131332596062722,0.2536890096483175,0.21975382966789378
insta_market_basket,quantity,p90_p95,16,27322,0.3333333333333333,0.00003050045140668082,0.00005282833149015682,0.00012200180562672328,0.00021131332596062728,0.0,0.0,0.06274508871138096,0.10867768157352824
insta_market_basket,quantity,p90_p95,17,27322,0.3333333333333333,0.00018300270844008492,0.00031696998894094086,0.0007320108337603397,0.0012678799557637635,0.00028060415294146353,0.0004860206497094427,0.11279301659928427,0.19536323548892012
insta_market_basket,quantity,p90_p95,18,27322,0.0,0.0,0.0,0.0,0.0,0.0,0.0,0.0,0.0
insta_market_basket,quantity,p90_p95,19,27322,0.3333333333333333,3.050045140668082e-6,5.282833149015681e-6,0.000012200180562672327,0.000021131332596062722,0.0,0.0,0.08210040628910065,0.1422020750147697
insta_market_basket,quantity,p90_p95,20,27322,0.0,0.0,0.0,0.0,0.0,0.0,0.0,0.0,0.0
insta_market_basket,quantity,p90_p95,21,27322,0.3333333333333333,0.00001830027084400849,0.00003169699889409409,0.00007320108337603396,0.00012678799557637636,0.0,0.0,0.07051395583483908,0.12213375414860918
insta_market_basket,quantity,p90_p95,22,27322,0.0,0.0,0.0,0.0,0.0,0.0,0.0,0.0,0.0
insta_market_basket,quantity,p90_p95,23,27322,0.3333333333333333,0.00024705365639411463,0.00042790948507027016,0.0009882146255764585,0.0017116379402810807,0.0,0.0,0.14394236727015963,0.24931549347365592
insta_market_basket,quantity,p90_p95,24,27322,0.6666666666666666,0.06945257789815289,0.12027954548483231,0.27781031159261155,0.48111818193932926,0.0008906131810750799,0.0015425872795125787,0.2706600568494006,0.2565265730382358
insta_market_basket,quantity,p90_p95,25,27322,0.3333333333333333,0.0006496596149623014,0.0011252434607403401,0.0025986384598492055,0.0045009738429613606,0.0004636068613815484,0.0008029906386503835,0.15568412148943156,0.26965280835142114
insta_market_basket,quantity,p90_p95,26,27322,0.3333333333333333,0.00006100090281336164,0.00010565666298031364,0.00024400361125344656,0.00042262665192125456,0.0,0.0,0.138338303565979,0.23960897040916243
insta_market_basket,quantity,p90_p95,27,27322,0.0,0.0,0.0,0.0,0.0,0.0,0.0,0.0,0.0
insta_market_basket,quantity,p90_p95,28,27322,1.0,0.08340348437156869,0.1402337214031628,0.33361393748627477,0.5609348856126511,0.003281848571358856,0.005052510019682331,0.47378092611450223,0.05698832337379118
insta_market_basket,quantity,p90_p95,29,27322,0.6666666666666666,0.08179916062757729,0.14167237804760005,0.32719664251030917,0.5666895121904002,0.06519776492692092,0.1129258413933592,0.3240564912174673,0.2930594209869897
insta_market_basket,quantity,p90_p95,30,27322,0.6666666666666666,0.00007625112851670205,0.0001165819660201571,0.0003050045140668082,0.0004663278640806284,0.00006100090281336163,0.00007619010319398773,0.10778703535164613,0.12111928903984873
insta_market_basket,quantity,p90_p95,31,27322,1.0,0.0034038503769855794,0.005697948831585518,0.013615401507942318,0.02279179532634207,0.0012200180562672326,0.0020815167083932957,0.3925875524352021,0.17283372878672135
insta_market_basket,quantity,p90_p95,32,27322,0.3333333333333333,6.100090281336164e-6,0.000010565666298031361,0.000024400361125344655,0.000042262665192125445,0.0,0.0,0.1687424580256144,0.29227051069442284
insta_market_basket,quantity,p90_p95,33,27322,0.3333333333333333,0.00013115194104872753,0.00022716182540767431,0.0005246077641949101,0.0009086473016306973,0.0,0.0,0.13970450860585354,0.2419753069517818
insta_market_basket,quantity,p90_p95,34,27322,0.3333333333333333,0.0005917087572896079,0.001024869630909042,0.0023668350291584316,0.004099478523636168,0.0005490081253202547,0.0009509099668228226,0.1314940568302915,0.2277543873234142
insta_market_basket,quantity,p90_p95,35,27322,0.6666666666666666,0.08291242710392115,0.14344215925426504,0.3316497084156846,0.5737686370170602,0.20926969719151844,0.36246574802026393,0.3021804972366384,0.28741396159828464
insta_market_basket,quantity,p90_p95,36,27322,0.0,0.0,0.0,0.0,0.0,0.0,0.0,0.0,0.0
insta_market_basket,quantity,p90_p95,37,27322,0.6666666666666666,0.0022875338555010615,0.003742438945403152,0.009150135422004246,0.014969755781612607,0.0028792426127906695,0.004986994492670803,0.33718678283571113,0.2924154151455604
insta_market_basket,quantity,p90_p95,38,27322,0.0,0.0,0.0,0.0,0.0,0.0,0.0,0.0,0.0
insta_market_basket,quantity,p90_p95,39,27322,0.6666666666666666,0.0020343801088256105,0.003204250612861293,0.008137520435302442,0.012817002451445172,0.0009882146255764585,0.0015254129261528956,0.37139364736295805,0.3217775272697248
insta_market_basket,quantity,p90_p95,40,27322,0.6666666666666666,0.006545396871873704,0.011329036611851655,0.026181587487494815,0.04531614644740662,0.01137056828441061,0.01966271349675459,0.1892152103892851,0.19862104556201987
insta_market_basket,quantity,p90_p95,41,27322,0.0,0.0,0.0,0.0,0.0,0.0,0.0,0.0,0.0
insta_market_basket,quantity,p90_p95,42,27322,0.6666666666666666,0.000015250225703340408,0.00001904752579849693,0.00006100090281336163,0.00007619010319398773,0.0,0.0,0.19871660321950912,0.17502111385058125
insta_market_basket,quantity,p90_p95,43,27322,0.3333333333333333,0.000051850767391357395,0.00008980816353326658,0.00020740306956542958,0.0003592326541330663,0.00003660054168801698,0.00006339399778818818,0.10106454176061293,0.17504892117304816
insta_market_basket,quantity,p90_p95,44,27322,0.3333333333333333,0.08211026523192543,0.14221915120465115,0.3284410609277017,0.5688766048186046,0.04956933362613766,0.08585660433780284,0.18966240263654208,0.32850491765207623
insta_market_basket,quantity,p90_p95,45,27322,0.3333333333333333,0.00004270063196935315,0.00007395966408621954,0.0001708025278774126,0.00029583865634487817,0.000012200180562672327,0.000021131332596062722,0.14643065347557976,0.25362533160521633
insta_market_basket,quantity,p90_p95,46,27322,0.3333333333333333,3.050045140668082e-6,5.282833149015681e-6,0.000012200180562672327,0.000021131332596062722,0.0,0.0,0.1731512745221456,0.29990680486766264
insta_market_basket,quantity,p90_p95,47,27322,1.0,0.04435375643559525,0.07668827047106233,0.177415025742381,0.3067530818842493,0.001378620403581973,0.0023878405833550878,0.40269824409113264,0.14560236981855323
insta_market_basket,quantity,p90_p95,48,27322,0.3333333333333333,0.00001830027084400849,0.00003169699889409409,0.00007320108337603396,0.00012678799557637636,0.0,0.0,0.11604434748490651,0.20099470577503575
insta_market_basket,quantity,p90_p95,49,27322,0.3333333333333333,0.07253007344508698,0.1256257722835929,0.2901202937803479,0.5025030891343716,0.046348485957592174,0.0802779325324423,0.17221591380216705,0.2982867125772556
insta_market_basket,quantity,p90_p95,50,27322,0.3333333333333333,0.010818510113949686,0.01873820917955862,0.043274040455798746,0.07495283671823448,0.012858990313056632,0.02227242455625011,0.16989119710240885,0.2942601851400706
insta_market_basket,quantity,p90_p95,51,27322,0.0,0.0,0.0,0.0,0.0,0.0,0.0,0.0,0.0
insta_market_basket,quantity,p90_p95,52,27322,0.6666666666666666,0.03708244882024254,0.06422076133897235,0.14832979528097015,0.2568830453558894,0.014335212161139985,0.024829315800373702,0.30303921930283345,0.26245997692926487
insta_market_basket,quantity,p90_p95,53,27322,0.0,0.0,0.0,0.0,0.0,0.0,0.0,0.0,0.0
insta_market_basket,quantity,p90_p95,54,27322,0.6666666666666666,0.00011285167020471904,0.0001249029794637,0.00045140668081887616,0.0004996119178548,0.00006100090281336163,0.000055908250920574866,0.22545310240468863,0.20479118187617681
insta_market_basket,quantity,p90_p95,55,27322,0.3333333333333333,0.000051850767391357395,0.00008980816353326658,0.00020740306956542958,0.0003592326541330663,0.0,0.0,0.14791576418222166,0.2561976188039846
insta_market_basket,quantity,p90_p95,56,27322,0.6666666666666666,0.08296732791645317,0.14367193148613272,0.3318693116658127,0.5746877259445309,0.30000244003611254,0.5196194685371824,0.28045028556351675,0.2729356944465891
insta_market_basket,quantity,p90_p95,57,27322,0.6666666666666666,0.0000335504965473489,0.00004324185295963517,0.0001342019861893956,0.00017296741183854067,0.000012200180562672327,0.000021131332596062722,0.1816587911711799,0.16889177962119462
insta_market_basket,quantity,p90_p95,58,27322,1.0,0.0010644657540931606,0.0012579467385709531,0.004257863016372643,0.0050317869542838125,0.0006954102920723226,0.0007789984867064184,0.4568025092032797,0.11380920471336446
insta_market_basket,quantity,p90_p95,59,27322,0.3333333333333333,0.0002318034306907742,0.00040149531932519175,0.0009272137227630969,0.001605981277300767,0.0005002074030695654,0.0008663846364385716,0.10863441421666688,0.1881603248737498
insta_market_basket,quantity,p90_p95,60,27322,0.0,0.0,0.0,0.0,0.0,0.0,0.0,0.0,0.0
insta_market_basket,quantity,p90_p95,61,27322,0.3333333333333333,0.00014030207647073176,0.00024301032485472138,0.0005612083058829271,0.0009720412994188855,0.000012200180562672327,0.000021131332596062722,0.10107872149218683,0.17507348118857183
insta_market_basket,quantity,p90_p95,62,27322,0.3333333333333333,0.000024400361125344655,0.000042262665192125445,0.00009760144450137862,0.00016905066076850178,0.000012200180562672327,0.000021131332596062722,0.09340069784472387,0.16177475412945064
insta_market_basket,quantity,p90_p95,63,27322,0.6666666666666666,0.00024400361125344653,0.0003685509775227975,0.0009760144450137861,0.00147420391009119,0.00007320108337603396,0.00012678799557637636,0.37169139240780297,0.32190078545009154
insta_market_basket,quantity,p95_p99,0,20190,1.0,0.0010359914148918607,0.0015370270910818418,0.004143965659567443,0.006148108364327367,0.00001650982334489021,0.000028595852857336592,0.44929068911924586,0.07683727982021454
insta_market_basket,quantity,p95_p99,1,20190,1.0,0.0004375103186395905,0.0006524383690490242,0.001750041274558362,0.0026097534761960967,0.0005943536404160475,0.0010294507028641173,0.28081598802021257,0.04359211664829904
insta_market_basket,quantity,p95_p99,2,20190,0.3333333333333333,8.254911672445104e-6,0.000014297926428668296,0.00003301964668978042,0.000057191705714673184,0.00001650982334489021,0.000028595852857336592,0.10567206641038258,0.1830293879635752
insta_market_basket,quantity,p95_p99,3,20190,1.0,0.1641447911507347,0.139612533109315,0.6565791646029387,0.55845013243726,0.2809641736833416,0.42791773928110827,0.5272567689968096,0.024205847051923617
insta_market_basket,quantity,p95_p99,4,20190,0.0,0.0,0.0,0.0,0.0,0.0,0.0,0.0,0.0
insta_market_basket,quantity,p95_p99,5,20190,0.3333333333333333,0.0012712563975565462,0.0022018806700149175,0.005085025590226185,0.00880752268005967,0.0,0.0,0.135933938827285,0.23544448852181732
insta_market_basket,quantity,p95_p99,6,20190,0.3333333333333333,0.0016014528644543505,0.002773797727161649,0.006405811457817402,0.011095190908646597,0.0035991414891860655,0.006233895922899377,0.15483304177158067,0.26817869503881203
insta_market_basket,quantity,p95_p99,7,20190,0.0,0.0,0.0,0.0,0.0,0.0,0.0,0.0,0.0
insta_market_basket,quantity,p95_p99,8,20190,0.3333333333333333,0.0005118045236915965,0.0008864714385774342,0.002047218094766386,0.003545885754309737,0.001188707280832095,0.0020589014057282346,0.18926620128895008,0.3278186767880196
insta_market_basket,quantity,p95_p99,9,20190,0.3333333333333333,8.254911672445104e-6,0.000014297926428668296,0.00003301964668978042,0.000057191705714673184,0.0,0.0,0.10686524212360382,0.18509602892123161
insta_market_basket,quantity,p95_p99,10,20190,1.0,0.08229734191844147,0.14241450965021293,0.3291893676737659,0.5696580386008517,0.004490671949810137,0.007735217840857209,0.38855978078723497,0.22306173958397957
insta_market_basket,quantity,p95_p99,11,20190,0.0,0.0,0.0,0.0,0.0,0.0,0.0,0.0,0.0
insta_market_basket,quantity,p95_p99,12,20190,0.6666666666666666,0.0005324418028727092,0.0007670074624045854,0.002129767211490837,0.0030680298496183417,0.0003962357602773651,0.0006438831104507183,0.3069984861110386,0.2757356633862303
insta_market_basket,quantity,p95_p99,13,20190,0.6666666666666666,0.08162043916130098,0.1413385784493848,0.3264817566452039,0.5653543137975392,0.00160145286445435,0.0027310162329475924,0.29483036159238346,0.290145475108909
insta_market_basket,quantity,p95_p99,14,20190,0.6666666666666666,0.0007140498596665016,0.0011730183012635838,0.0028561994386660065,0.004692073205054335,0.001667492157833911,0.002888181138590995,0.3712923140602753,0.3219032243944255
insta_market_basket,quantity,p95_p99,15,20190,0.6666666666666666,0.0006356281987782731,0.0006141870639060406,0.0025425127951130924,0.0024567482556241624,0.00001650982334489021,0.000028595852857336592,0.26402793444366973,0.2288734588624356
insta_market_basket,quantity,p95_p99,16,20190,0.3333333333333333,0.00004127455836222552,0.00007148963214334146,0.00016509823344890208,0.00028595852857336585,0.00001650982334489021,0.000028595852857336592,0.06426862900455793,0.11131653076868914
insta_market_basket,quantity,p95_p99,17,20190,0.6666666666666666,0.00016097077761267954,0.00024733759726892245,0.0006438831104507182,0.0009893503890756898,0.00016509823344890208,0.00028595852857336585,0.2659788984391424,0.23433966152469354
insta_market_basket,quantity,p95_p99,18,20190,0.0,0.0,0.0,0.0,0.0,0.0,0.0,0.0,0.0
insta_market_basket,quantity,p95_p99,19,20190,0.0,0.0,0.0,0.0,0.0,0.0,0.0,0.0,0.0
insta_market_basket,quantity,p95_p99,20,20190,0.3333333333333333,4.127455836222552e-6,7.148963214334148e-6,0.00001650982334489021,0.000028595852857336592,0.0,0.0,0.18461515506108603,0.3197628284130075
insta_market_basket,quantity,p95_p99,21,20190,0.0,0.0,0.0,0.0,0.0,0.0,0.0,0.0,0.0
insta_market_basket,quantity,p95_p99,22,20190,0.0,0.0,0.0,0.0,0.0,0.0,0.0,0.0,0.0
insta_market_basket,quantity,p95_p99,23,20190,0.3333333333333333,0.0003343239227340267,0.000579066020361066,0.0013372956909361068,0.002316264081444264,0.0,0.0,0.1526744417815542,0.2644398901828685
insta_market_basket,quantity,p95_p99,24,20190,0.6666666666666666,0.07265973254086182,0.12579673500982969,0.2906389301634473,0.5031869400393187,0.0009245501073138518,0.001601367760010849,0.3065452721522461,0.27201750929141594
insta_market_basket,quantity,p95_p99,25,20190,0.3333333333333333,0.000470529965329371,0.0008149818064340928,0.001882119861317484,0.003259927225736371,0.0003632161135875846,0.0006291087628614051,0.16058591600747138,0.2781429655049287
insta_market_basket,quantity,p95_p99,26,20190,0.3333333333333333,0.00009080402839689616,0.00015727719071535127,0.0003632161135875846,0.0006291087628614051,0.0,0.0,0.14324947740092422,0.2481153730160904
insta_market_basket,quantity,p95_p99,27,20190,0.0,0.0,0.0,0.0,0.0,0.0,0.0,0.0,0.0
insta_market_basket,quantity,p95_p99,28,20190,1.0,0.08355208849265312,0.13919873715119602,0.3342083539706125,0.5567949486047841,0.00477133894667327,0.007666248960703425,0.47858405255064124,0.06855835601326285
insta_market_basket,quantity,p95_p99,29,20190,0.3333333333333333,0.08159567442628364,0.14132785378417176,0.32638269770513456,0.565311415136687,0.061581641076440485,0.10666253115786549,0.19491891836454533,0.33760946996376284
insta_market_basket,quantity,p95_p99,30,20190,0.6666666666666666,0.00009493148423311871,0.00014351443495718764,0.00037972593693247483,0.0005740577398287506,0.00001650982334489021,0.000028595852857336592,0.12686504275789337,0.12402126485658635
insta_market_basket,quantity,p95_p99,31,20190,1.0,0.003248307743107149,0.005336991922072185,0.012993230972428596,0.02134796768828874,0.0012712563975565462,0.0020745300913122804,0.39435436670572205,0.17097221027943457
insta_market_basket,quantity,p95_p99,32,20190,0.0,0.0,0.0,0.0,0.0,0.0,0.0,0.0,0.0
insta_market_basket,quantity,p95_p99,33,20190,0.6666666666666666,0.0001733531451213472,0.0002895991967193289,0.0006934125804853888,0.0011583967868773156,0.0,0.0,0.20542160185371958,0.21396241033788263
insta_market_basket,quantity,p95_p99,34,20190,0.3333333333333333,0.00079247152055473,0.0013726009371521563,0.00316988608221892,0.005490403748608625,0.0005448241703813769,0.0009436631442921075,0.1381301117103754,0.23924837153753492
insta_market_basket,quantity,p95_p99,35,20190,0.6666666666666666,0.08273485223708106,0.14310798901543412,0.33093940894832424,0.5724319560617365,0.20470529965329373,0.3544741954798364,0.3244677837305108,0.29809829887153455
insta_market_basket,quantity,p95_p99,36,20190,0.0,0.0,0.0,0.0,0.0,0.0,0.0,0.0,0.0
insta_market_basket,quantity,p95_p99,37,20190,0.6666666666666666,0.0026952286610533263,0.004466076963678293,0.010780914644213305,0.01786430785471317,0.003681690605910517,0.00637687518718606,0.33922587551258604,0.29395821980597486
insta_market_basket,quantity,p95_p99,38,20190,0.0,0.0,0.0,0.0,0.0,0.0,0.0,0.0,0.0
insta_market_basket,quantity,p95_p99,39,20190,0.6666666666666666,0.0023278850916295195,0.0034690965520861707,0.009311540366518078,0.013876386208344683,0.000941059930658742,0.0012637296505372039,0.37151118094235464,0.3218436715652967
insta_market_basket,quantity,p95_p99,40,20190,0.3333333333333333,0.007392273402674592,0.012803793116872459,0.029569093610698368,0.051215172467489835,0.012316328215288096,0.0213325062315731,0.1364979837946046,0.23642144306296842
insta_market_basket,quantity,p95_p99,41,20190,0.0,0.0,0.0,0.0,0.0,0.0,0.0,0.0,0.0
insta_market_basket,quantity,p95_p99,42,20190,0.3333333333333333,0.000012382367508667656,0.000021446889643002442,0.00004952947003467062,0.00008578755857200977,0.0,0.0,0.08075504501660664,0.13987184093627458
insta_market_basket,quantity,p95_p99,43,20190,0.3333333333333333,0.00005365692587089318,0.00009293652178634392,0.00021462770348357272,0.00037174608714537566,0.00001650982334489021,0.000028595852857336592,0.09527123318268703,0.16501461637215586
insta_market_basket,quantity,p95_p99,44,20190,0.3333333333333333,0.08195063562819878,0.14194266462060448,0.3278025425127951,0.5677706584824179,0.05661218424962853,0.09805517944780717,0.1945166621740895,0.3369127418042342
insta_market_basket,quantity,p95_p99,45,20190,0.3333333333333333,0.0000701667492157834,0.00012153237464368051,0.0002806669968631336,0.00048612949857472206,0.0,0.0,0.15371528969091527,0.2662426916448338
insta_market_basket,quantity,p95_p99,46,20190,0.3333333333333333,4.127455836222552e-6,7.148963214334148e-6,0.00001650982334489021,0.000028595852857336592,0.0,0.0,0.09049729506174724,0.15674591299449825
insta_market_basket,quantity,p95_p99,47,20190,1.0,0.039206702988278025,0.06773648191213069,0.1568268119531121,0.27094592764852277,0.0017500412745583623,0.003031160402877679,0.40807093680413004,0.16536609018485798
insta_market_basket,quantity,p95_p99,48,20190,0.3333333333333333,0.00001650982334489021,0.000028595852857336592,0.00006603929337956083,0.00011438341142934637,0.0,0.0,0.10064965238173802,0.17433031168931612
insta_market_basket,quantity,p95_p99,49,20190,0.3333333333333333,0.07117797589565791,0.12328387063119237,0.28471190358263165,0.49313548252476946,0.03060921248142645,0.053016711197502044,0.17457098177287375,0.3023658099577977
insta_market_basket,quantity,p95_p99,50,20190,0.3333333333333333,0.007243684992570579,0.01254643044115643,0.028974739970282316,0.05018572176462572,0.008172362555720654,0.014154947164381612,0.16983908069552633,0.2941699168754421
insta_market_basket,quantity,p95_p99,51,20190,0.0,0.0,0.0,0.0,0.0,0.0,0.0,0.0,0.0
insta_market_basket,quantity,p95_p99,52,20190,0.3333333333333333,0.042124814264487366,0.07296231856549432,0.16849925705794946,0.29184927426197727,0.015337625887403006,0.026565547304465694,0.1581978531734048,0.2740067193446584
insta_market_basket,quantity,p95_p99,53,20190,0.0,0.0,0.0,0.0,0.0,0.0,0.0,0.0,0.0
insta_market_basket,quantity,p95_p99,54,20190,0.6666666666666666,0.00010731385174178636,0.00014510810493022078,0.00042925540696714544,0.0005804324197208831,0.00006603929337956083,0.00007565751518830841,0.21669169560526358,0.19313250622550346
insta_market_basket,quantity,p95_p99,55,20190,0.3333333333333333,0.00006603929337956083,0.00011438341142934637,0.00026415717351824334,0.00045753364571738547,0.0,0.0,0.15344633969167867,0.26577685658146033
insta_market_basket,quantity,p95_p99,56,20190,0.6666666666666666,0.08284216608882285,0.1434653943196131,0.3313686643552914,0.5738615772784524,0.30008254911672444,0.51975822153495,0.29252726708348087,0.2807949549998503
insta_market_basket,quantity,p95_p99,57,20190,0.3333333333333333,0.00002889219085355787,0.00005004274250033903,0.00011556876341423148,0.00020017097000135612,0.00001650982334489021,0.000028595852857336592,0.06994947720141638,0.121156048475734
insta_market_basket,quantity,p95_p99,58,20190,1.0,0.0012588740300478786,0.0015748664584692394,0.005035496120191514,0.006299465833876958,0.0009245501073138516,0.0011619209714322542,0.4541456222575324,0.08608005003080633
insta_market_basket,quantity,p95_p99,59,20190,0.3333333333333333,0.00022288261515601782,0.00038604401357404395,0.0008915304606240713,0.0015441760542961758,0.0004787848770018161,0.0008292797328627612,0.11428746654663557,0.1979516987271012
insta_market_basket,quantity,p95_p99,60,20190,0.3333333333333333,4.127455836222552e-6,7.148963214334148e-6,0.00001650982334489021,0.000028595852857336592,0.0,0.0,0.16204013427098593,0.28066174542263045
insta_market_basket,quantity,p95_p99,61,20190,0.3333333333333333,0.000156843321776457,0.0002716606021446976,0.000627373287105828,0.0010866424085787905,0.00004952947003467062,0.00008578755857200977,0.10053735487816627,0.17413580670756668
insta_market_basket,quantity,p95_p99,62,20190,0.3333333333333333,0.00002476473501733531,0.000042893779286004884,0.00009905894006934124,0.00017157511714401954,0.0,0.0,0.12886461367209753,0.2232000581778079
insta_market_basket,quantity,p95_p99,63,20190,0.6666666666666666,0.00023939243850090803,0.00038292025238877245,0.0009575697540036321,0.0015316810095550898,0.00003301964668978042,0.000057191705714673184,0.31704271200931433,0.2881637079662345
insta_market_basket,quantity_region,body_le_p95,0,477507,1.0,0.0012306974906476065,0.0009717206028272386,0.004922789962590426,0.0038868824113089543,0.0001417082192861396,0.00013122417197153894,0.2938261548167778,0.02251214487519256
insta_market_basket,quantity_region,body_le_p95,1,477507,1.0,0.0006608978158086339,0.0009842288215193378,0.0026435912632345356,0.003936915286077351,0.0013940458813518266,0.0022440771888670927,0.17894923996947795,0.06998191940760436
insta_market_basket,quantity_region,body_le_p95,2,477507,0.6666666666666666,0.00021709978422654886,0.0003719546300037052,0.0008683991369061954,0.0014878185200148208,0.00024711679619356363,0.0004262064934981693,0.07563161583839233,0.06801925319244974
insta_market_basket,quantity_region,body_le_p95,3,477507,1.0,0.15417993872341137,0.1320713628151966,0.6167197548936455,0.5282854512607864,0.1599369223906665,0.21321991255781914,0.44682758223687563,0.015166641977511783
insta_market_basket,quantity_region,body_le_p95,4,477507,1.0,0.00002268727648669723,0.000027631143254465074,0.00009074910594678892,0.0001105245730178603,6.28263041170077e-6,9.128450354739666e-6,0.060076990965047344,0.20868181108735478
insta_market_basket,quantity_region,body_le_p95,5,477507,0.6666666666666666,0.0006054012471719437,0.0010481323419624068,0.002421604988687775,0.004192529367849627,4.88649032021171e-6,6.731943727870625e-6,0.11367881966337835,0.14954893430893246
insta_market_basket,quantity_region,body_le_p95,6,477507,0.3333333333333333,0.0007509488517096784,0.0013006815650466693,0.0030037954068387134,0.005202726260186677,0.0014457030647369218,0.002504031160782386,0.12773002686381724,0.22123489618026904
insta_market_basket,quantity_region,body_le_p95,7,477507,0.3333333333333333,1.745175114361325e-7,3.0227319661786407e-7,6.9807004574453e-7,1.2090927864714563e-6,0.0,0.0,0.031130045652389526,0.0539188207118773
insta_market_basket,quantity_region,body_le_p95,8,477507,1.0,0.0016416862300796988,0.002836231771665769,0.006566744920318795,0.011344927086663075,0.0017779844065113181,0.0030795593271427993,0.15530804542386017,0.21043866476460357
insta_market_basket,quantity_region,body_le_p95,9,477507,1.0,0.000022861793998133362,0.00003054754440416859,0.00009144717599253345,0.00012219017761667437,5.58456036595624e-6,6.39791765001119e-6,0.22839575080975735,0.06232091142259608
insta_market_basket,quantity_region,body_le_p95,10,477507,1.0,0.08270402318709465,0.14265723394167337,0.3308160927483786,0.5706289357666935,0.01642349396623156,0.02772888438691597,0.25909308253977215,0.25338784257714286
insta_market_basket,quantity_region,body_le_p95,11,477507,0.6666666666666666,4.88649032021171e-6,5.598177943759791e-6,0.00001954596128084684,0.000022392711775039165,0.0,0.0,0.05066235910450655,0.08584646856261592
insta_market_basket,quantity_region,body_le_p95,12,477507,1.0,0.0005532205112525401,0.0006962887196358056,0.0022128820450101603,0.0027851548785432223,0.00061639585039242,0.0009263331641208612,0.2931967119739127,0.17219536597084367
insta_market_basket,quantity_region,body_le_p95,13,477507,1.0,0.07861176206142877,0.13607296696458965,0.31444704824571507,0.5442918678583586,0.0011727576768508106,0.0019877761204389697,0.19566127597866326,0.2814842428360816
insta_market_basket,quantity_region,body_le_p95,14,477507,1.0,0.0041926086947416475,0.007201125182384755,0.01677043477896659,0.02880450072953902,0.011051146894181655,0.019133893804334598,0.25659707680918115,0.2406863565943793
insta_market_basket,quantity_region,body_le_p95,15,477507,1.0,0.0003294890615914182,0.0002961532345657413,0.0013179562463656728,0.0011846129382629652,0.000021640171418080434,0.000027331916181964373,0.24816862587669417,0.14953646913507565
insta_market_basket,quantity_region,body_le_p95,16,477507,1.0,0.0001228603280510373,0.00012912267510503046,0.0004914413122041492,0.0005164907004201218,0.00003211122210424839,0.00005381481701757401,-0.008442247268344156,0.07967141390990118
insta_market_basket,quantity_region,body_le_p95,17,477507,1.0,0.0007464113964123388,0.0005612596309994902,0.0029856455856493553,0.002245038523997961,0.0008048747627434432,0.0006065128072976086,0.158639628130103,0.17095138963484935
insta_market_basket,quantity_region,body_le_p95,18,477507,0.3333333333333333,0.000021989206440952697,0.00003808642277385088,0.00008795682576381079,0.00015234569109540353,0.000023734381555314023,0.00004110915474002952,0.05651866432640298,0.09789319818926057
insta_market_basket,quantity_region,body_le_p95,19,477507,0.6666666666666666,0.00002268727648669723,0.000022775036723995963,0.00009074910594678892,0.00009110014689598385,0.00001675368109786872,0.000029018226875314954,0.03210206125381551,0.051429053249844404
insta_market_basket,quantity_region,body_le_p95,20,477507,1.0,3.141315205850386e-6,2.7204587695607768e-6,0.000012565260823401543,0.000010881835078243107,1.39614009148906e-6,2.4181855729429126e-6,0.10101884976029396,0.2584000175518872
insta_market_basket,quantity_region,body_le_p95,21,477507,1.0,0.00004903942071355324,0.00007733055844829095,0.00019615768285421295,0.0003093222337931638,6.9807004574453015e-6,0.000012090927864714565,0.1441386767264611,0.14471485811957668
insta_market_basket,quantity_region,body_le_p95,22,477507,0.6666666666666666,8.027805526062097e-6,9.729253438355429e-6,0.00003211122210424839,0.000038917013753421714,6.9807004574453e-7,1.2090927864714563e-6,0.06986090199745916,0.0782879919474604
insta_market_basket,quantity_region,body_le_p95,23,477507,0.3333333333333333,0.00014607115707204293,0.0002530026655691523,0.0005842846282881717,0.0010120106622766092,0.000013961400914890603,0.00002418185572942913,0.13424555195939822,0.23252011668380534
insta_market_basket,quantity_region,body_le_p95,24,477507,0.6666666666666666,0.040582825661892565,0.07027202024146617,0.16233130264757026,0.2810880809658647,0.001383574830665659,0.0023927955408690705,0.26663684359965706,0.24286494081484253
insta_market_basket,quantity_region,body_le_p95,25,477507,0.6666666666666666,0.007568824470985068,0.013085112043948115,0.03027529788394027,0.05234044817579246,0.003544101622244979,0.0061349371559939175,0.08697053018037547,0.25749262417135566
insta_market_basket,quantity_region,body_le_p95,26,477507,0.6666666666666666,0.00013507655385156658,0.0001473072531421741,0.0005403062154062663,0.0005892290125686964,0.000025828591692547616,0.000028586799396927892,0.19477698769699336,0.18711689198671863
insta_market_basket,quantity_region,body_le_p95,27,477507,0.3333333333333333,1.745175114361325e-7,3.0227319661786407e-7,6.9807004574453e-7,1.2090927864714563e-6,0.0,0.0,-0.04537971317768097,0.07859996885664634
insta_market_basket,quantity_region,body_le_p95,28,477507,1.0,0.08212933702193545,0.13958134702883204,0.3285173480877418,0.5583253881153282,0.0025151463748175422,0.0020074388787085784,0.3998908597227136,0.049526531822034335
insta_market_basket,quantity_region,body_le_p95,29,477507,0.6666666666666666,0.08152812419503798,0.1412081329015569,0.3261124967801519,0.5648325316062276,0.08256214045029707,0.1430018220415521,0.2602437800976021,0.23820889166000286
insta_market_basket,quantity_region,body_le_p95,30,477507,1.0,0.00016142869807842257,0.0001715154693013409,0.0006457147923136903,0.0006860618772053636,0.0001647445307957091,0.00015126712396712483,0.16910309745363397,0.13303201697524236
insta_market_basket,quantity_region,body_le_p95,31,477507,1.0,0.0030479483372320543,0.004733672272925343,0.012191793348928217,0.018934689091701373,0.00148549305734436,0.002093516140616961,0.32351826730097766,0.19430140038834484
insta_market_basket,quantity_region,body_le_p95,32,477507,0.6666666666666666,0.000039964510118874346,0.00006876765048128095,0.00015985804047549738,0.0002750706019251238,9.07491059467889e-6,0.000015718206224128934,0.19865661908461227,0.17300273191278137
insta_market_basket,quantity_region,body_le_p95,33,477507,1.0,0.00006945796955158075,0.00011577063430464196,0.000277831878206323,0.00046308253721856783,2.79228018297812e-6,3.198958825005595e-6,0.1365091748004363,0.2317798212512564
insta_market_basket,quantity_region,body_le_p95,34,477507,1.0,0.00044798645185655216,0.0007528671486795356,0.0017919458074262087,0.0030114685947181426,0.0005787000679222154,0.0009969019517216706,0.1682428359371807,0.18348216015874474
insta_market_basket,quantity_region,body_le_p95,35,477507,1.0,0.08252933115814708,0.14248229188155037,0.3301173246325883,0.5699291675262015,0.19219055078424677,0.33267706449758194,0.31403199493418216,0.13565682858079336
insta_market_basket,quantity_region,body_le_p95,36,477507,0.3333333333333333,5.410042854520108e-6,9.370469095153789e-6,0.000021640171418080434,0.000037481876380615155,0.0,0.0,-0.022985199095821512,0.03981153265604907
insta_market_basket,quantity_region,body_le_p95,37,477507,0.6666666666666666,0.001967335906419522,0.0020221957796602414,0.007869343625678088,0.008088783118640966,0.0019280694663463922,0.0031973070503157727,0.2772787977870243,0.2419645314303296
insta_market_basket,quantity_region,body_le_p95,38,477507,0.6666666666666666,0.00019441250773985164,0.0003358259295518255,0.0007776500309594065,0.001343303718207302,0.0003273948514541846,0.000567064516855113,0.17948310862191416,0.25492159830687117
insta_market_basket,quantity_region,body_le_p95,39,477507,1.0,0.001407483729732409,0.0020251959714369613,0.005629934918929636,0.008100783885747845,0.0007218044272998442,0.0009007303053852384,0.3395269808861003,0.30838656439560563
insta_market_basket,quantity_region,body_le_p95,40,477507,1.0,0.003992437109124404,0.0067335992567235025,0.015969748436497615,0.02693439702689401,0.006687511038232598,0.011197232498490556,0.09437335172107365,0.2280541573675044
insta_market_basket,quantity_region,body_le_p95,41,477507,1.0,0.000019720478792282976,0.000025926865627001314,0.0000788819151691319,0.00010370746250800526,0.000026526661738292143,0.00004594552588591535,0.1791575325958811,0.10964842741496397
insta_market_basket,quantity_region,body_le_p95,42,477507,1.0,0.00002617762671541988,0.000029398302310471797,0.00010471050686167952,0.00011759320924188719,0.00001116912073191248,0.000015857103234927162,0.1740891905478792,0.03294260335734746
insta_market_basket,quantity_region,body_le_p95,43,477507,0.3333333333333333,0.00004746876311062805,0.00008221830948005904,0.0001898750524425122,0.00032887323792023617,0.000014659470960635131,0.000025390948515900584,0.08661797075696727,0.15002672619958257
insta_market_basket,quantity_region,body_le_p95,44,477507,0.6666666666666666,0.07998329518380533,0.1385337707879711,0.3199331807352213,0.5541350831518844,0.04006223992527858,0.06938983501559688,0.1712527672746599,0.2580021481903121
insta_market_basket,quantity_region,body_le_p95,45,477507,1.0,0.000041709685233235676,0.0000672807446276736,0.0001668387409329427,0.0002691229785106944,0.00001116912073191248,0.0000193454845835433,0.19893820544606763,0.20607787477595466
insta_market_basket,quantity_region,body_le_p95,46,477507,1.0,2.966797694414253e-6,1.2090927864714565e-6,0.000011867190777657012,4.836371145885826e-6,0.0,0.0,0.2095838447973605,0.1751450318774809
insta_market_basket,quantity_region,body_le_p95,47,477507,1.0,0.05983193265578655,0.10335583546887207,0.2393277306231462,0.4134233418754883,0.0010827066409497663,0.001806559423126465,0.33675399337994794,0.16693661019838998
insta_market_basket,quantity_region,body_le_p95,48,477507,1.0,0.00019598316534277685,0.00015347354134409257,0.0007839326613711074,0.0006138941653763703,0.0000858626156265772,0.00003084964170715034,0.050793180149131645,0.2213893574047991
insta_market_basket,quantity_region,body_le_p95,49,477507,1.0,0.07650742990853189,0.1325047807798394,0.30602971963412756,0.5300191231193576,0.08058450801070281,0.13957646217747846,0.09065189762643439,0.3237491176460131
insta_market_basket,quantity_region,body_le_p95,50,477507,0.3333333333333333,0.03941757223803351,0.06827323782729049,0.15767028895213403,0.27309295130916195,0.08921265377610521,0.15452084901826568,0.14950421681194592,0.25894889946408345
insta_market_basket,quantity_region,body_le_p95,51,477507,0.6666666666666666,1.39614009148906e-6,1.9821379043658953e-6,5.58456036595624e-6,7.928551617463581e-6,0.0,0.0,0.0008197226339862473,0.12015944345621771
insta_market_basket,quantity_region,body_le_p95,52,477507,1.0,0.022312761907155285,0.03857793844582738,0.08925104762862114,0.15431175378330952,0.011906980770264452,0.02061986848683107,0.14615835895574789,0.3235144405318647
insta_market_basket,quantity_region,body_le_p95,53,477507,0.6666666666666666,9.423945617551157e-6,0.00001207580474702025,0.00003769578247020463,0.000048303218988081,1.39614009148906e-6,2.418185572942913e-6,0.09896074870061551,0.2576380893579004
insta_market_basket,quantity_region,body_le_p95,54,477507,0.6666666666666666,0.0002863832362666935,0.00024832014465839134,0.001145532945066774,0.0009932805786335654,0.00035741186342119947,0.00039870006509869595,0.1640970756861823,0.1472149272653772
insta_market_basket,quantity_region,body_le_p95,55,477507,0.6666666666666666,0.00009197072852684184,0.0001498772197937282,0.00036788291410736737,0.0005995088791749128,0.000013961400914890603,0.00002418185572942913,0.14294194146947303,0.20677057440921526
insta_market_basket,quantity_region,body_le_p95,56,477507,1.0,0.08283718004832041,0.14325789673645795,0.33134872019328165,0.5730315869458318,0.2764252670641478,0.4785468504539145,0.22492218244797332,0.2329500723296252
insta_market_basket,quantity_region,body_le_p95,57,477507,0.6666666666666666,0.00010261629672444593,0.00009938814411681877,0.0004104651868977837,0.0003975525764672751,0.000115879627593592,0.00010515632263764676,0.08891872390078626,0.0829518015616282
insta_market_basket,quantity_region,body_le_p95,58,477507,1.0,0.000717616007025377,0.0007341704465357082,0.002870464028101508,0.0029366817861428327,0.000554267616321157,0.0005228707740560691,0.3942922025906579,0.11618197071877595
insta_market_basket,quantity_region,body_le_p95,59,477507,1.0,0.00412437234777012,0.007105537961724708,0.01649748939108048,0.028422151846898832,0.009841391504906385,0.01700408185113116,0.13947244432778097,0.10208661651029395
insta_market_basket,quantity_region,body_le_p95,60,477507,0.6666666666666666,8.725875571806625e-7,1.089861509604117e-6,3.49035022872265e-6,4.359446038416468e-6,0.0,0.0,0.15462389588356018,0.19908228548323506
insta_market_basket,quantity_region,body_le_p95,61,477507,1.0,0.00008865489580955531,0.00014411902927415667,0.00035461958323822126,0.0005764761170966267,0.000020942101372335904,0.000036272783594143695,0.15362495298571963,0.22362247142127198
insta_market_basket,quantity_region,body_le_p95,62,477507,0.6666666666666666,0.000019894996303719107,0.000031338894347050794,0.00007957998521487643,0.00012535557738820318,2.79228018297812e-6,2.4181855729429126e-6,0.05376860121682429,0.14454758459114467
insta_market_basket,quantity_region,body_le_p95,63,477507,0.6666666666666666,0.0006764298743264495,0.0008185542537274418,0.002705719497305798,0.0032742170149097673,0.000395107645891404,0.000460275437170333,0.25100176257637447,0.2207709430498278
insta_market_basket,quantity_region,extreme_tail_gt_p99,0,6036,1.0,0.0018223989396951624,0.002800553595821234,0.00728959575878065,0.011202214383284935,0.0,0.0,0.4213430673250409,0.05037169694320476
insta_market_basket,quantity_region,extreme_tail_gt_p99,1,6036,1.0,0.0008559752595537883,0.0009821723222792362,0.0034239010382151533,0.003928689289116945,0.0009388115749944776,0.0014849049767780818,0.31500550968668745,0.08536225678601289
insta_market_basket,quantity_region,extreme_tail_gt_p99,2,6036,0.3333333333333333,0.0000138060525734482,0.00002391278450917933,0.0000552242102937928,0.00009565113803671732,0.0,0.0,0.059675892194112144,0.10336167726720519
insta_market_basket,quantity_region,extreme_tail_gt_p99,3,6036,1.0,0.1628009719461012,0.13869662386750836,0.6512038877844047,0.5547864954700334,0.28771813563066045,0.427595326020608,0.5375923547099972,0.025936867894481814
insta_market_basket,quantity_region,extreme_tail_gt_p99,4,6036,0.0,0.0,0.0,0.0,0.0,0.0,0.0,0.0,0.0
insta_market_basket,quantity_region,extreme_tail_gt_p99,5,6036,0.3333333333333333,0.0021951623591782636,0.0038021327369595135,0.008780649436713054,0.015208530947838054,0.0,0.0,0.1448976814871814,0.2509701462347305
insta_market_basket,quantity_region,extreme_tail_gt_p99,6,6036,0.3333333333333333,0.0026231499889551577,0.004543429056744073,0.010492599955820631,0.01817371622697629,0.006185111552904794,0.01071292746011234,0.1517692900279112,0.2628721213569988
insta_market_basket,quantity_region,extreme_tail_gt_p99,7,6036,0.0,0.0,0.0,0.0,0.0,0.0,0.0,0.0,0.0
insta_market_basket,quantity_region,extreme_tail_gt_p99,8,6036,0.3333333333333333,0.00042798762977689416,0.0007412963197845592,0.0017119505191075766,0.002965185279138237,0.001049259995582063,0.001817371622697629,0.20254772773353003,0.3508229553921018
insta_market_basket,quantity_region,extreme_tail_gt_p99,9,6036,0.0,0.0,0.0,0.0,0.0,0.0,0.0,0.0,0.0
insta_market_basket,quantity_region,extreme_tail_gt_p99,10,6036,0.6666666666666666,0.08133145571018334,0.14072676121658742,0.32532582284073336,0.5629070448663497,0.00491495471614756,0.008369884501622802,0.3436736908544231,0.301692923749085
insta_market_basket,quantity_region,extreme_tail_gt_p99,11,6036,0.0,0.0,0.0,0.0,0.0,0.0,0.0,0.0,0.0
insta_market_basket,quantity_region,extreme_tail_gt_p99,12,6036,0.6666666666666666,0.00040037552462999777,0.0006231104537440224,0.001601502098519991,0.0024924418149760894,0.0001104484205875856,0.00019130227607343464,0.2469948195380929,0.26850065086122643
insta_market_basket,quantity_region,extreme_tail_gt_p99,13,6036,0.6666666666666666,0.08108294676386128,0.14040391577290423,0.32433178705544513,0.5616156630916169,0.0017119505191075766,0.002965185279138237,0.3617596071607667,0.3170094862155412
insta_market_basket,quantity_region,extreme_tail_gt_p99,14,6036,0.6666666666666666,0.000552242102937928,0.0009208750908798483,0.002208968411751712,0.003683500363519393,0.0012701568367572344,0.0021999761748444984,0.38989844179560995,0.33767650188283915
insta_market_basket,quantity_region,extreme_tail_gt_p99,15,6036,0.6666666666666666,0.00122873867903689,0.0010976463005467724,0.00491495471614756,0.00439058520218709,0.0000552242102937928,0.00009565113803671732,0.2795730478725853,0.24217653214758064
insta_market_basket,quantity_region,extreme_tail_gt_p99,16,6036,0.3333333333333333,0.00004141815772034459,0.00007173835352753798,0.00016567263088137837,0.00028695341411015193,0.0000552242102937928,0.00009565113803671732,0.08093238208029005,0.14017899774063933
insta_market_basket,quantity_region,extreme_tail_gt_p99,17,6036,0.3333333333333333,0.0002347028937486194,0.00040651733665604864,0.0009388115749944776,0.0016260693466241946,0.00038656947205654963,0.0006695579662570213,0.128032735749787,0.2217592033506712
insta_market_basket,quantity_region,extreme_tail_gt_p99,18,6036,0.0,0.0,0.0,0.0,0.0,0.0,0.0,0.0,0.0
insta_market_basket,quantity_region,extreme_tail_gt_p99,19,6036,0.0,0.0,0.0,0.0,0.0,0.0,0.0,0.0,0.0
insta_market_basket,quantity_region,extreme_tail_gt_p99,20,6036,0.0,0.0,0.0,0.0,0.0,0.0,0.0,0.0,0.0
insta_market_basket,quantity_region,extreme_tail_gt_p99,21,6036,0.3333333333333333,0.0000138060525734482,0.00002391278450917933,0.0000552242102937928,0.00009565113803671732,0.0,0.0,0.061119904120763145,0.10586277929090014
insta_market_basket,quantity_region,extreme_tail_gt_p99,22,6036,0.0,0.0,0.0,0.0,0.0,0.0,0.0,0.0,0.0
insta_market_basket,quantity_region,extreme_tail_gt_p99,23,6036,0.3333333333333333,0.00038656947205654963,0.0006695579662570213,0.0015462778882261985,0.0026782318650280853,0.0,0.0,0.15095814104591096,0.26146717010766657
insta_market_basket,quantity_region,extreme_tail_gt_p99,24,6036,0.6666666666666666,0.07342058758559752,0.1271323205297432,0.2936823503423901,0.5085292821189727,0.001435829467638613,0.002486929588954651,0.28508943879410403,0.2659381802405479
insta_market_basket,quantity_region,extreme_tail_gt_p99,25,6036,0.3333333333333333,0.000345151314336205,0.0005978196127294832,0.00138060525734482,0.002391278450917933,0.0005522421029379279,0.0009565113803671731,0.1572727127869924,0.2724043291912583
insta_market_basket,quantity_region,extreme_tail_gt_p99,26,6036,0.3333333333333333,0.00013806052573448198,0.0002391278450917933,0.0005522421029379279,0.0009565113803671731,0.0,0.0,0.14010890622933705,0.24267574418211538
insta_market_basket,quantity_region,extreme_tail_gt_p99,27,6036,0.0,0.0,0.0,0.0,0.0,0.0,0.0,0.0,0.0
insta_market_basket,quantity_region,extreme_tail_gt_p99,28,6036,1.0,0.08378893306825712,0.13662385012731076,0.3351557322730285,0.5464954005092431,0.009167218908769604,0.015162741977616535,0.5097424707547701,0.04877578943114004
insta_market_basket,quantity_region,extreme_tail_gt_p99,29,6036,0.3333333333333333,0.08075160150209852,0.1398658765941899,0.3230064060083941,0.5594635063767596,0.06278992710404241,0.10875534394774759,0.1986929194347508,0.344146231565178
insta_market_basket,quantity_region,extreme_tail_gt_p99,30,6036,0.6666666666666666,0.0002347028937486194,0.00037122624419452045,0.0009388115749944776,0.0014849049767780818,0.0001104484205875856,0.00019130227607343464,0.12878945004194975,0.15614891048033055
insta_market_basket,quantity_region,extreme_tail_gt_p99,31,6036,1.0,0.00414181577203446,0.006958743552855323,0.01656726308813784,0.027834974211421292,0.0011597084161696486,0.0018670357305474892,0.37949682316846317,0.20137087257001074
insta_market_basket,quantity_region,extreme_tail_gt_p99,32,6036,0.3333333333333333,0.0000138060525734482,0.00002391278450917933,0.0000552242102937928,0.00009565113803671732,0.0,0.0,0.11505116025606792,0.19927445503325875
insta_market_basket,quantity_region,extreme_tail_gt_p99,33,6036,0.3333333333333333,0.00040037552462999777,0.0006934707507662006,0.001601502098519991,0.0027738830030648023,0.0,0.0,0.14826876952730375,0.2568090419970102
insta_market_basket,quantity_region,extreme_tail_gt_p99,34,6036,0.3333333333333333,0.0014220234150651644,0.002463016804445471,0.005688093660260658,0.009852067217781884,0.0008835873647006848,0.0015304182085874771,0.1391694206009019,0.24104850734068492
insta_market_basket,quantity_region,extreme_tail_gt_p99,35,6036,0.6666666666666666,0.08217362491716368,0.14225716107455413,0.3286944996686547,0.5690286442982165,0.18754141815772032,0.32483126477269203,0.3116639238929882,0.29936828685517736
insta_market_basket,quantity_region,extreme_tail_gt_p99,36,6036,0.0,0.0,0.0,0.0,0.0,0.0,0.0,0.0,0.0
insta_market_basket,quantity_region,extreme_tail_gt_p99,37,6036,0.6666666666666666,0.0029683013032913625,0.0050696795073527125,0.01187320521316545,0.02027871802941085,0.0037552462999779104,0.006504277386496778,0.3276602282817002,0.2839451336086866
insta_market_basket,quantity_region,extreme_tail_gt_p99,38,6036,0.0,0.0,0.0,0.0,0.0,0.0,0.0,0.0,0.0
insta_market_basket,quantity_region,extreme_tail_gt_p99,39,6036,0.6666666666666666,0.002678374199248951,0.004215980566670864,0.010713496796995804,0.016863922266683457,0.001656726308813784,0.0027273157112581723,0.37033192962590017,0.320781649089113
insta_market_basket,quantity_region,extreme_tail_gt_p99,40,6036,0.3333333333333333,0.00936050364479788,0.01621286789722359,0.03744201457919152,0.06485147158889436,0.017837419924895074,0.0308953175858597,0.13985275782666726,0.24223208213441366
insta_market_basket,quantity_region,extreme_tail_gt_p99,41,6036,0.0,0.0,0.0,0.0,0.0,0.0,0.0,0.0,0.0
insta_market_basket,quantity_region,extreme_tail_gt_p99,42,6036,0.3333333333333333,0.0000138060525734482,0.00002391278450917933,0.0000552242102937928,0.00009565113803671732,0.0,0.0,0.047850469748179116,0.08287944476988378
insta_market_basket,quantity_region,extreme_tail_gt_p99,43,6036,0.3333333333333333,0.00012425447316103378,0.000215215060582614,0.0004970178926441351,0.000860860242330456,0.0,0.0,0.10031016667683919,0.173742305199988
insta_market_basket,quantity_region,extreme_tail_gt_p99,44,6036,0.3333333333333333,0.08189750386569472,0.1418506377084518,0.3275900154627789,0.5674025508338072,0.06842279655400928,0.11851176002749277,0.1979069869314708,0.34278495653817725
insta_market_basket,quantity_region,extreme_tail_gt_p99,45,6036,0.6666666666666666,0.00017947868345482657,0.0002757756841649848,0.0007179147338193063,0.0011031027366599391,0.0,0.0,0.2550238387452231,0.23041033117720802
insta_market_basket,quantity_region,extreme_tail_gt_p99,46,6036,0.0,0.0,0.0,0.0,0.0,0.0,0.0,0.0,0.0
insta_market_basket,quantity_region,extreme_tail_gt_p99,47,6036,0.6666666666666666,0.03571625800751049,0.061754797245924566,0.14286503203004197,0.24701918898369826,0.001932847360282748,0.0033477898312851066,0.3406880516011048,0.29739780760127105
insta_market_basket,quantity_region,extreme_tail_gt_p99,48,6036,0.3333333333333333,0.00004141815772034459,0.00007173835352753798,0.00016567263088137837,0.00028695341411015193,0.0,0.0,0.12084421846601699,0.20930832618409456
insta_market_basket,quantity_region,extreme_tail_gt_p99,49,6036,0.3333333333333333,0.06683510050806274,0.11576178980893714,0.26734040203225096,0.4630471592357486,0.019604594654296443,0.03395615400303465,0.17671460436790074,0.3060786732046371
insta_market_basket,quantity_region,extreme_tail_gt_p99,50,6036,0.3333333333333333,0.004942566821294456,0.0085607768542862,0.019770267285177823,0.0342431074171448,0.005632869449966865,0.009756416079745167,0.1708606353907168,0.2959393015102225
insta_market_basket,quantity_region,extreme_tail_gt_p99,51,6036,0.0,0.0,0.0,0.0,0.0,0.0,0.0,0.0,0.0
insta_market_basket,quantity_region,extreme_tail_gt_p99,52,6036,0.3333333333333333,0.04658162138281422,0.08068173493397106,0.18632648553125689,0.32272693973588423,0.019715043074884028,0.034147456279108084,0.161889143425046,0.28040022160598477
insta_market_basket,quantity_region,extreme_tail_gt_p99,53,6036,0.0,0.0,0.0,0.0,0.0,0.0,0.0,0.0,0.0
insta_market_basket,quantity_region,extreme_tail_gt_p99,54,6036,0.3333333333333333,0.0002899271040424122,0.000502168474692766,0.0011597084161696488,0.002008673898771064,0.0,0.0,0.10766654473448556,0.18648392575551637
insta_market_basket,quantity_region,extreme_tail_gt_p99,55,6036,0.3333333333333333,0.00004141815772034459,0.00007173835352753798,0.00016567263088137837,0.00028695341411015193,0.0,0.0,0.1571466624736786,0.2721860036442888
insta_market_basket,quantity_region,extreme_tail_gt_p99,56,6036,0.3333333333333333,0.08254638833664678,0.14297453858038323,0.3301855533465871,0.5718981543215329,0.29180472719240114,0.5054206133860143,0.19080647107679163,0.3304865023179246
insta_market_basket,quantity_region,extreme_tail_gt_p99,57,6036,0.0,0.0,0.0,0.0,0.0,0.0,0.0,0.0,0.0
insta_market_basket,quantity_region,extreme_tail_gt_p99,58,6036,0.6666666666666666,0.00222277446432516,0.0023489366459139827,0.00889109785730064,0.00939574658365593,0.0011597084161696488,0.0014725305529018537,0.29506156567370584,0.25803799297714186
insta_market_basket,quantity_region,extreme_tail_gt_p99,59,6036,0.6666666666666666,0.0001104484205875856,0.00015680661436382465,0.0004417936823503424,0.0006272264574552986,0.0002208968411751712,0.0003826045521468693,0.15017793504964738,0.16103461483873074
insta_market_basket,quantity_region,extreme_tail_gt_p99,60,6036,0.0,0.0,0.0,0.0,0.0,0.0,0.0,0.0,0.0
insta_market_basket,quantity_region,extreme_tail_gt_p99,61,6036,0.3333333333333333,0.00042798762977689416,0.0007412963197845592,0.0017119505191075766,0.002965185279138237,0.0002208968411751712,0.0003826045521468693,0.11243160950240268,0.1947372600349052
insta_market_basket,quantity_region,extreme_tail_gt_p99,62,6036,0.3333333333333333,0.0000552242102937928,0.00009565113803671732,0.0002208968411751712,0.0003826045521468693,0.0,0.0,0.12623417129119238,0.21864399832769774
insta_market_basket,quantity_region,extreme_tail_gt_p99,63,6036,0.6666666666666666,0.00012425447316103378,0.00018053756393061107,0.0004970178926441351,0.0007221502557224443,0.0,0.0,0.30262674142916995,0.27815017473494075
insta_market_basket,quantity_region,tail_p95_p99,0,20190,1.0,0.0010359914148918607,0.0015370270910818418,0.004143965659567443,0.006148108364327367,0.00001650982334489021,0.000028595852857336592,0.44929068911924586,0.07683727982021454
insta_market_basket,quantity_region,tail_p95_p99,1,20190,1.0,0.0004375103186395905,0.0006524383690490242,0.001750041274558362,0.0026097534761960967,0.0005943536404160475,0.0010294507028641173,0.28081598802021257,0.04359211664829904
insta_market_basket,quantity_region,tail_p95_p99,2,20190,0.3333333333333333,8.254911672445104e-6,0.000014297926428668296,0.00003301964668978042,0.000057191705714673184,0.00001650982334489021,0.000028595852857336592,0.10567206641038258,0.1830293879635752
insta_market_basket,quantity_region,tail_p95_p99,3,20190,1.0,0.1641447911507347,0.139612533109315,0.6565791646029387,0.55845013243726,0.2809641736833416,0.42791773928110827,0.5272567689968096,0.024205847051923617
insta_market_basket,quantity_region,tail_p95_p99,4,20190,0.0,0.0,0.0,0.0,0.0,0.0,0.0,0.0,0.0
insta_market_basket,quantity_region,tail_p95_p99,5,20190,0.3333333333333333,0.0012712563975565462,0.0022018806700149175,0.005085025590226185,0.00880752268005967,0.0,0.0,0.135933938827285,0.23544448852181732
insta_market_basket,quantity_region,tail_p95_p99,6,20190,0.3333333333333333,0.0016014528644543505,0.002773797727161649,0.006405811457817402,0.011095190908646597,0.0035991414891860655,0.006233895922899377,0.15483304177158067,0.26817869503881203
insta_market_basket,quantity_region,tail_p95_p99,7,20190,0.0,0.0,0.0,0.0,0.0,0.0,0.0,0.0,0.0
insta_market_basket,quantity_region,tail_p95_p99,8,20190,0.3333333333333333,0.0005118045236915965,0.0008864714385774342,0.002047218094766386,0.003545885754309737,0.001188707280832095,0.0020589014057282346,0.18926620128895008,0.3278186767880196
insta_market_basket,quantity_region,tail_p95_p99,9,20190,0.3333333333333333,8.254911672445104e-6,0.000014297926428668296,0.00003301964668978042,0.000057191705714673184,0.0,0.0,0.10686524212360382,0.18509602892123161
insta_market_basket,quantity_region,tail_p95_p99,10,20190,1.0,0.08229734191844147,0.14241450965021293,0.3291893676737659,0.5696580386008517,0.004490671949810137,0.007735217840857209,0.38855978078723497,0.22306173958397957
insta_market_basket,quantity_region,tail_p95_p99,11,20190,0.0,0.0,0.0,0.0,0.0,0.0,0.0,0.0,0.0
insta_market_basket,quantity_region,tail_p95_p99,12,20190,0.6666666666666666,0.0005324418028727092,0.0007670074624045854,0.002129767211490837,0.0030680298496183417,0.0003962357602773651,0.0006438831104507183,0.3069984861110386,0.2757356633862303
insta_market_basket,quantity_region,tail_p95_p99,13,20190,0.6666666666666666,0.08162043916130098,0.1413385784493848,0.3264817566452039,0.5653543137975392,0.00160145286445435,0.0027310162329475924,0.29483036159238346,0.290145475108909
insta_market_basket,quantity_region,tail_p95_p99,14,20190,0.6666666666666666,0.0007140498596665016,0.0011730183012635838,0.0028561994386660065,0.004692073205054335,0.001667492157833911,0.002888181138590995,0.3712923140602753,0.3219032243944255
insta_market_basket,quantity_region,tail_p95_p99,15,20190,0.6666666666666666,0.0006356281987782731,0.0006141870639060406,0.0025425127951130924,0.0024567482556241624,0.00001650982334489021,0.000028595852857336592,0.26402793444366973,0.2288734588624356
insta_market_basket,quantity_region,tail_p95_p99,16,20190,0.3333333333333333,0.00004127455836222552,0.00007148963214334146,0.00016509823344890208,0.00028595852857336585,0.00001650982334489021,0.000028595852857336592,0.06426862900455793,0.11131653076868914
insta_market_basket,quantity_region,tail_p95_p99,17,20190,0.6666666666666666,0.00016097077761267954,0.00024733759726892245,0.0006438831104507182,0.0009893503890756898,0.00016509823344890208,0.00028595852857336585,0.2659788984391424,0.23433966152469354
insta_market_basket,quantity_region,tail_p95_p99,18,20190,0.0,0.0,0.0,0.0,0.0,0.0,0.0,0.0,0.0
insta_market_basket,quantity_region,tail_p95_p99,19,20190,0.0,0.0,0.0,0.0,0.0,0.0,0.0,0.0,0.0
insta_market_basket,quantity_region,tail_p95_p99,20,20190,0.3333333333333333,4.127455836222552e-6,7.148963214334148e-6,0.00001650982334489021,0.000028595852857336592,0.0,0.0,0.18461515506108603,0.3197628284130075
insta_market_basket,quantity_region,tail_p95_p99,21,20190,0.0,0.0,0.0,0.0,0.0,0.0,0.0,0.0,0.0
insta_market_basket,quantity_region,tail_p95_p99,22,20190,0.0,0.0,0.0,0.0,0.0,0.0,0.0,0.0,0.0
insta_market_basket,quantity_region,tail_p95_p99,23,20190,0.3333333333333333,0.0003343239227340267,0.000579066020361066,0.0013372956909361068,0.002316264081444264,0.0,0.0,0.1526744417815542,0.2644398901828685
insta_market_basket,quantity_region,tail_p95_p99,24,20190,0.6666666666666666,0.07265973254086182,0.12579673500982969,0.2906389301634473,0.5031869400393187,0.0009245501073138518,0.001601367760010849,0.3065452721522461,0.27201750929141594
insta_market_basket,quantity_region,tail_p95_p99,25,20190,0.3333333333333333,0.000470529965329371,0.0008149818064340928,0.001882119861317484,0.003259927225736371,0.0003632161135875846,0.0006291087628614051,0.16058591600747138,0.2781429655049287
insta_market_basket,quantity_region,tail_p95_p99,26,20190,0.3333333333333333,0.00009080402839689616,0.00015727719071535127,0.0003632161135875846,0.0006291087628614051,0.0,0.0,0.14324947740092422,0.2481153730160904
insta_market_basket,quantity_region,tail_p95_p99,27,20190,0.0,0.0,0.0,0.0,0.0,0.0,0.0,0.0,0.0
insta_market_basket,quantity_region,tail_p95_p99,28,20190,1.0,0.08355208849265312,0.13919873715119602,0.3342083539706125,0.5567949486047841,0.00477133894667327,0.007666248960703425,0.47858405255064124,0.06855835601326285
insta_market_basket,quantity_region,tail_p95_p99,29,20190,0.3333333333333333,0.08159567442628364,0.14132785378417176,0.32638269770513456,0.565311415136687,0.061581641076440485,0.10666253115786549,0.19491891836454533,0.33760946996376284
insta_market_basket,quantity_region,tail_p95_p99,30,20190,0.6666666666666666,0.00009493148423311871,0.00014351443495718764,0.00037972593693247483,0.0005740577398287506,0.00001650982334489021,0.000028595852857336592,0.12686504275789337,0.12402126485658635
insta_market_basket,quantity_region,tail_p95_p99,31,20190,1.0,0.003248307743107149,0.005336991922072185,0.012993230972428596,0.02134796768828874,0.0012712563975565462,0.0020745300913122804,0.39435436670572205,0.17097221027943457
insta_market_basket,quantity_region,tail_p95_p99,32,20190,0.0,0.0,0.0,0.0,0.0,0.0,0.0,0.0,0.0
insta_market_basket,quantity_region,tail_p95_p99,33,20190,0.6666666666666666,0.0001733531451213472,0.0002895991967193289,0.0006934125804853888,0.0011583967868773156,0.0,0.0,0.20542160185371958,0.21396241033788263
insta_market_basket,quantity_region,tail_p95_p99,34,20190,0.3333333333333333,0.00079247152055473,0.0013726009371521563,0.00316988608221892,0.005490403748608625,0.0005448241703813769,0.0009436631442921075,0.1381301117103754,0.23924837153753492
insta_market_basket,quantity_region,tail_p95_p99,35,20190,0.6666666666666666,0.08273485223708106,0.14310798901543412,0.33093940894832424,0.5724319560617365,0.20470529965329373,0.3544741954798364,0.3244677837305108,0.29809829887153455
insta_market_basket,quantity_region,tail_p95_p99,36,20190,0.0,0.0,0.0,0.0,0.0,0.0,0.0,0.0,0.0
insta_market_basket,quantity_region,tail_p95_p99,37,20190,0.6666666666666666,0.0026952286610533263,0.004466076963678293,0.010780914644213305,0.01786430785471317,0.003681690605910517,0.00637687518718606,0.33922587551258604,0.29395821980597486
insta_market_basket,quantity_region,tail_p95_p99,38,20190,0.0,0.0,0.0,0.0,0.0,0.0,0.0,0.0,0.0
insta_market_basket,quantity_region,tail_p95_p99,39,20190,0.6666666666666666,0.0023278850916295195,0.0034690965520861707,0.009311540366518078,0.013876386208344683,0.000941059930658742,0.0012637296505372039,0.37151118094235464,0.3218436715652967
insta_market_basket,quantity_region,tail_p95_p99,40,20190,0.3333333333333333,0.007392273402674592,0.012803793116872459,0.029569093610698368,0.051215172467489835,0.012316328215288096,0.0213325062315731,0.1364979837946046,0.23642144306296842
insta_market_basket,quantity_region,tail_p95_p99,41,20190,0.0,0.0,0.0,0.0,0.0,0.0,0.0,0.0,0.0
insta_market_basket,quantity_region,tail_p95_p99,42,20190,0.3333333333333333,0.000012382367508667656,0.000021446889643002442,0.00004952947003467062,0.00008578755857200977,0.0,0.0,0.08075504501660664,0.13987184093627458
insta_market_basket,quantity_region,tail_p95_p99,43,20190,0.3333333333333333,0.00005365692587089318,0.00009293652178634392,0.00021462770348357272,0.00037174608714537566,0.00001650982334489021,0.000028595852857336592,0.09527123318268703,0.16501461637215586
insta_market_basket,quantity_region,tail_p95_p99,44,20190,0.3333333333333333,0.08195063562819878,0.14194266462060448,0.3278025425127951,0.5677706584824179,0.05661218424962853,0.09805517944780717,0.1945166621740895,0.3369127418042342
insta_market_basket,quantity_region,tail_p95_p99,45,20190,0.3333333333333333,0.0000701667492157834,0.00012153237464368051,0.0002806669968631336,0.00048612949857472206,0.0,0.0,0.15371528969091527,0.2662426916448338
insta_market_basket,quantity_region,tail_p95_p99,46,20190,0.3333333333333333,4.127455836222552e-6,7.148963214334148e-6,0.00001650982334489021,0.000028595852857336592,0.0,0.0,0.09049729506174724,0.15674591299449825
insta_market_basket,quantity_region,tail_p95_p99,47,20190,1.0,0.039206702988278025,0.06773648191213069,0.1568268119531121,0.27094592764852277,0.0017500412745583623,0.003031160402877679,0.40807093680413004,0.16536609018485798
insta_market_basket,quantity_region,tail_p95_p99,48,20190,0.3333333333333333,0.00001650982334489021,0.000028595852857336592,0.00006603929337956083,0.00011438341142934637,0.0,0.0,0.10064965238173802,0.17433031168931612
insta_market_basket,quantity_region,tail_p95_p99,49,20190,0.3333333333333333,0.07117797589565791,0.12328387063119237,0.28471190358263165,0.49313548252476946,0.03060921248142645,0.053016711197502044,0.17457098177287375,0.3023658099577977
insta_market_basket,quantity_region,tail_p95_p99,50,20190,0.3333333333333333,0.007243684992570579,0.01254643044115643,0.028974739970282316,0.05018572176462572,0.008172362555720654,0.014154947164381612,0.16983908069552633,0.2941699168754421
insta_market_basket,quantity_region,tail_p95_p99,51,20190,0.0,0.0,0.0,0.0,0.0,0.0,0.0,0.0,0.0
insta_market_basket,quantity_region,tail_p95_p99,52,20190,0.3333333333333333,0.042124814264487366,0.07296231856549432,0.16849925705794946,0.29184927426197727,0.015337625887403006,0.026565547304465694,0.1581978531734048,0.2740067193446584
insta_market_basket,quantity_region,tail_p95_p99,53,20190,0.0,0.0,0.0,0.0,0.0,0.0,0.0,0.0,0.0
insta_market_basket,quantity_region,tail_p95_p99,54,20190,0.6666666666666666,0.00010731385174178636,0.00014510810493022078,0.00042925540696714544,0.0005804324197208831,0.00006603929337956083,0.00007565751518830841,0.21669169560526358,0.19313250622550346
insta_market_basket,quantity_region,tail_p95_p99,55,20190,0.3333333333333333,0.00006603929337956083,0.00011438341142934637,0.00026415717351824334,0.00045753364571738547,0.0,0.0,0.15344633969167867,0.26577685658146033
insta_market_basket,quantity_region,tail_p95_p99,56,20190,0.6666666666666666,0.08284216608882285,0.1434653943196131,0.3313686643552914,0.5738615772784524,0.30008254911672444,0.51975822153495,0.29252726708348087,0.2807949549998503
insta_market_basket,quantity_region,tail_p95_p99,57,20190,0.3333333333333333,0.00002889219085355787,0.00005004274250033903,0.00011556876341423148,0.00020017097000135612,0.00001650982334489021,0.000028595852857336592,0.06994947720141638,0.121156048475734
insta_market_basket,quantity_region,tail_p95_p99,58,20190,1.0,0.0012588740300478786,0.0015748664584692394,0.005035496120191514,0.006299465833876958,0.0009245501073138516,0.0011619209714322542,0.4541456222575324,0.08608005003080633
insta_market_basket,quantity_region,tail_p95_p99,59,20190,0.3333333333333333,0.00022288261515601782,0.00038604401357404395,0.0008915304606240713,0.0015441760542961758,0.0004787848770018161,0.0008292797328627612,0.11428746654663557,0.1979516987271012
insta_market_basket,quantity_region,tail_p95_p99,60,20190,0.3333333333333333,4.127455836222552e-6,7.148963214334148e-6,0.00001650982334489021,0.000028595852857336592,0.0,0.0,0.16204013427098593,0.28066174542263045
insta_market_basket,quantity_region,tail_p95_p99,61,20190,0.3333333333333333,0.000156843321776457,0.0002716606021446976,0.000627373287105828,0.0010866424085787905,0.00004952947003467062,0.00008578755857200977,0.10053735487816627,0.17413580670756668
insta_market_basket,quantity_region,tail_p95_p99,62,20190,0.3333333333333333,0.00002476473501733531,0.000042893779286004884,0.00009905894006934124,0.00017157511714401954,0.0,0.0,0.12886461367209753,0.2232000581778079
insta_market_basket,quantity_region,tail_p95_p99,63,20190,0.6666666666666666,0.00023939243850090803,0.00038292025238877245,0.0009575697540036321,0.0015316810095550898,0.00003301964668978042,0.000057191705714673184,0.31704271200931433,0.2881637079662345
intermittent_v2,history,history_65_128,0,28456,0.3333333333333333,0.004454245150407647,0.007714978909873321,0.01781698060163059,0.030859915639493283,0.0007496954362290319,0.0012985105857511966,0.10925150123991623,0.1892291509507091
intermittent_v2,history,history_65_128,1,28456,0.6666666666666666,0.0020733764408209167,0.0029193230848945924,0.008293505763283667,0.01167729233957837,0.000011713991191078624,0.000020289227902362447,0.18185953030728383,0.1587378772007523
intermittent_v2,history,history_65_128,2,28456,0.3333333333333333,0.00012299690750632554,0.0002130368929748057,0.0004919876300253022,0.0008521475718992228,0.00007028394714647174,0.00012173536741417467,0.11812245774836767,0.20459409833508083
intermittent_v2,history,history_65_128,3,28456,0.0,0.0,0.0,0.0,0.0,0.0,0.0,0.0,0.0
intermittent_v2,history,history_65_128,4,28456,0.3333333333333333,2.928497797769656e-6,5.072306975590612e-6,0.000011713991191078624,0.000020289227902362447,0.0,0.0,0.15036943554878235,0.2604475022759447
intermittent_v2,history,history_65_128,5,28456,0.6666666666666666,0.04400067941148908,0.07617337317242955,0.17600271764595632,0.3046934926897182,0.03323259300909006,0.057560539559002255,0.286219635658062,0.2517090482892207
intermittent_v2,history,history_65_128,6,28456,1.0,0.0024042966919688873,0.004012973863800163,0.00961718676787555,0.01605189545520065,0.00009371192952862899,0.00016231382321889957,0.31362982146703194,0.10817151109369404
intermittent_v2,history,history_65_128,7,28456,0.6666666666666666,0.008144152375597414,0.013946613111616338,0.03257660950238966,0.05578645244646535,0.004053040952113204,0.007020072854217406,0.2592851745030278,0.23340525377907445
intermittent_v2,history,history_65_128,8,28456,1.0,0.019632649236247777,0.03218738414059928,0.07853059694499111,0.12874953656239713,0.006665260987723738,0.007138262490549991,0.4359196128314419,0.07093082844616158
intermittent_v2,history,history_65_128,9,28456,0.6666666666666666,0.010188243838440634,0.016839011817225726,0.04075297535376254,0.0673560472689029,0.005810139630774997,0.00890294926911204,0.19716917266776232,0.1867548714594578
intermittent_v2,history,history_65_128,10,28456,1.0,0.027580592259394618,0.04575500338321363,0.11032236903757847,0.18302001353285452,0.04856620747821198,0.08411913888319471,0.2593234198657306,0.033001912990402185
intermittent_v2,history,history_65_128,11,28456,1.0,0.020068995408115454,0.03397174936732312,0.08027598163246182,0.13588699746929248,0.02061662449629838,0.0357090411081579,0.3845908591038465,0.1654145959500557
intermittent_v2,history,history_65_128,12,28456,0.6666666666666666,0.01063630400149939,0.01820241935569102,0.04254521600599756,0.07280967742276408,0.0009019773217130541,0.0015622705484819083,0.21487483537727423,0.20898181261378643
intermittent_v2,history,history_65_128,13,28456,1.0,0.047951222940680355,0.07976306196732948,0.19180489176272142,0.3190522478693179,0.07883516071595914,0.13593811765684272,0.40587413960172053,0.106442176161913
intermittent_v2,history,history_65_128,14,28456,0.6666666666666666,0.004053040952113204,0.003998561069919284,0.016212163808452817,0.015994244279677137,0.00029284977977696563,0.0002818669622227524,0.24702451534684303,0.2293505688828033
intermittent_v2,history,history_65_128,15,28456,0.3333333333333333,0.0521829022584575,0.0903834379980491,0.20873160903383,0.3615337519921964,0.08796035985380939,0.1523518123188396,0.1591047084114979,0.2755774386921457
intermittent_v2,history,history_65_128,16,28456,1.0,0.030878080779683254,0.03287576979266552,0.12351232311873302,0.1315030791706621,0.01286196232780433,0.01615716966432879,0.4268495303948856,0.05100882267906513
intermittent_v2,history,history_65_128,17,28456,1.0,0.009948107019023522,0.017146979307413473,0.03979242807609409,0.06858791722965389,0.004591884546902821,0.00789258788972854,0.4567727530165717,0.03770034587101662
intermittent_v2,history,history_65_128,18,28456,1.0,0.06348690375784838,0.061468470549817474,0.2539476150313935,0.2458738821992699,0.023498266329303723,0.023147715048792313,0.3990248536118857,0.06998163996431286
intermittent_v2,history,history_65_128,19,28456,1.0,0.0013295380001874238,0.0011030022801921402,0.005318152000749695,0.004412009120768561,0.000011713991191078624,0.000020289227902362447,0.2691340698647016,0.058714391507179
intermittent_v2,history,history_65_128,20,28456,0.6666666666666666,0.003959329022584575,0.005910680772026084,0.0158373160903383,0.023642723088104337,0.0011362571455346266,0.0013075144164152585,0.2381254237729545,0.2197302757479194
intermittent_v2,history,history_65_128,21,28456,1.0,0.05247868053603224,0.08551010773624754,0.20991472214412896,0.34204043094499015,0.06719145347202699,0.11407385587361453,0.3882164991156241,0.13886556367131755
intermittent_v2,history,history_65_128,22,28456,1.0,0.007622879767594415,0.0063981337073108855,0.03049151907037766,0.025592534829243542,0.000046855964764314496,0.00008115691160944979,0.4387773156571589,0.1444605151575321
intermittent_v2,history,history_65_128,23,28456,0.6666666666666666,0.01048695061381314,0.017777311468086077,0.04194780245525256,0.07110924587234431,0.005177584106456752,0.008937422163301921,0.23833594713675632,0.21156567452208394
intermittent_v2,history,history_65_128,24,28456,0.6666666666666666,0.00014935338768625245,0.00013001342939053927,0.0005974135507450098,0.0005200537175621571,0.0,0.0,0.22527607902884483,0.2078485718921002
intermittent_v2,history,history_65_128,25,28456,1.0,0.011992198481866742,0.019311239927582942,0.04796879392746697,0.07724495971033177,0.003279917533502015,0.005680983812661485,0.2674749381068989,0.07938545226903469
intermittent_v2,history,history_65_128,26,28456,0.6666666666666666,0.02590256302127261,0.04418156262352625,0.10361025208509043,0.176726250494105,0.04240464811170463,0.07338614573695615,0.19018965286672182,0.16489928942335605
intermittent_v2,history,history_65_128,27,28456,0.6666666666666666,0.0005212726080029988,0.0005886499114071893,0.002085090432011995,0.0023545996456287572,0.0003045637709680442,0.00029887899030487,0.3011013207941606,0.2737952932703473
intermittent_v2,history,history_65_128,28,28456,0.6666666666666666,0.04524821947333896,0.07397337040277602,0.18099287789335583,0.29589348161110407,0.022022303439227814,0.03759726963096565,0.3030675819464524,0.2667430614366683
intermittent_v2,history,history_65_128,29,28456,0.6666666666666666,0.00041584668728329114,0.00069756670011342,0.0016633867491331646,0.00279026680045368,0.0,0.0,0.24513237777469066,0.2289345997571485
intermittent_v2,history,history_65_128,30,28456,1.0,0.0011391856433323963,0.0005961417457522477,0.004556742573329585,0.002384566983008991,0.00022256583263049386,0.00023398679078153617,0.3497949983676265,0.1626325999235118
intermittent_v2,history,history_65_128,31,28456,0.3333333333333333,0.011055079186580453,0.01914795883285456,0.04422031674632181,0.07659183533141824,0.003783619154718396,0.00655342061246307,0.1038512745164088,0.17987568389320302
intermittent_v2,history,history_65_128,32,28456,1.0,0.004032541467528816,0.003482525697690628,0.016130165870115263,0.013930102790762513,0.0002694217973948084,0.0002468291105063429,0.3940643503199688,0.0772577968647358
intermittent_v2,history,history_65_128,33,28456,0.6666666666666666,0.01932222846968419,0.03227240873554988,0.07728891387873676,0.12908963494219952,0.00127682503982757,0.002211525841357507,0.17455008275370787,0.15531185426084101
intermittent_v2,history,history_65_128,34,28456,0.6666666666666666,0.003358986974041796,0.005810329301049604,0.013435947896167184,0.023241317204198416,0.000011713991191078624,0.000020289227902362447,0.2829046959470288,0.31651381130640877
intermittent_v2,history,history_65_128,35,28456,0.6666666666666666,0.017298636491425358,0.028708375191568762,0.06919454596570143,0.11483350076627505,0.0026942179739480837,0.003546438642836981,0.29188426379008053,0.2539558316432428
intermittent_v2,history,history_65_128,36,28456,1.0,0.0034292709211882675,0.0054452083598127065,0.01371708368475307,0.021780833439250826,0.00039827570049667327,0.000659633971759961,0.4360096180244784,0.036617764793835016
intermittent_v2,history,history_65_128,37,28456,0.3333333333333333,8.785493393308968e-6,0.000015216920926771834,0.00003514197357323587,0.000060867683707087336,0.0,0.0,0.1766051451365153,0.3058890842545201
intermittent_v2,history,history_65_128,38,28456,0.6666666666666666,0.00020792334364164557,0.00030841128044860696,0.0008316933745665823,0.0012336451217944279,0.00005856995595539312,0.00007315385154154248,0.27973404750671416,0.2510751520425786
intermittent_v2,history,history_65_128,39,28456,0.6666666666666666,0.03175955861681192,0.027513229640758197,0.12703823446724768,0.11005291856303279,0.005938993533876863,0.010286638546497761,0.255381121033642,0.24238383578782072
intermittent_v2,history,history_65_128,40,28456,0.6666666666666666,0.001490605379064755,0.001463578119245409,0.00596242151625902,0.005854312476981636,0.0004217036828788305,0.0007304122044850481,0.28204665257909817,0.2463514907868703
intermittent_v2,history,history_65_128,41,28456,0.6666666666666666,0.0026005060444194545,0.0022549984506447635,0.010402024177677818,0.009019993802579054,0.0001405678942929435,0.00021376028009200941,0.17461461967039793,0.1573583254708763
intermittent_v2,history,history_65_128,42,28456,0.3333333333333333,0.004111610908068597,0.007121518993729219,0.016446443632274387,0.028486075974916876,0.00289335582419642,0.005011439291883525,0.10695549357480812,0.1852523490201743
intermittent_v2,history,history_65_128,43,28456,1.0,0.0005886280573517009,0.0009967180006316943,0.0023545122294068035,0.003986872002526777,0.00012885390310186486,0.00019354689862546043,0.40361308642609756,0.13745471180538096
intermittent_v2,history,history_65_128,44,28456,0.3333333333333333,0.0001200684097085559,0.00020796458599921507,0.0004802736388342236,0.0008318583439968603,0.000011713991191078624,0.000020289227902362447,0.11009202740056728,0.19068498496604752
intermittent_v2,history,history_65_128,45,28456,1.0,0.0002987067753725049,0.0004212458565763583,0.0011948271014900196,0.0016849834263054332,0.000011713991191078624,0.000020289227902362447,0.3473562940992368,0.05061776908216233
intermittent_v2,history,history_65_128,46,28456,0.3333333333333333,0.0019913785024833664,0.0034491687434016157,0.007965514009933465,0.013796674973606463,0.0006559835067004031,0.001136196762532297,0.07362418671449025,0.12752083205543466
intermittent_v2,history,history_65_128,47,28456,0.0,0.0,0.0,0.0,0.0,0.0,0.0,0.0,0.0
intermittent_v2,history,history_65_128,48,28456,0.3333333333333333,0.039959352450566955,0.0692116286819339,0.15983740980226782,0.2768465147277356,0.015111048636491426,0.02617310399404756,0.1456668130349979,0.2523023211532528
intermittent_v2,history,history_65_128,49,28456,1.0,0.013845937587854934,0.02357866848785126,0.055383750351419736,0.09431467395140504,0.005985849498641176,0.010216004020427693,0.386813944836541,0.14632846560647952
intermittent_v2,history,history_65_128,50,28456,0.6666666666666666,0.028778347858682413,0.04914724388523675,0.11511339143472965,0.196588975540947,0.0569417111798332,0.09744142664717045,0.25322556093734566,0.2640337859606502
intermittent_v2,history,history_65_128,51,28456,1.0,0.05294724018367538,0.08913280067340795,0.21178896073470152,0.3565312026936318,0.09749554868334738,0.16877595053759167,0.3859425162557623,0.041331317446070555
intermittent_v2,history,history_65_128,52,28456,0.3333333333333333,0.0013588229781651203,0.0023535504366740435,0.005435291912660481,0.009414201746696174,0.0,0.0,0.10166762062701686,0.1760934844106308
intermittent_v2,history,history_65_128,53,28456,0.6666666666666666,0.014551705557117421,0.023394619692952617,0.058206822228469686,0.09357847877181047,0.009874894574079281,0.0155774899334413,0.19408984658755193,0.16811181222152133
intermittent_v2,history,history_65_128,54,28456,0.6666666666666666,0.027659661699934404,0.047885115816424295,0.11063864679973762,0.19154046326569718,0.03931215443725986,0.06809064884032837,0.2654269616700618,0.25249838289692117
intermittent_v2,history,history_65_128,55,28456,1.0,0.057916900946490484,0.08838089431310887,0.23166760378596193,0.3535235772524355,0.15488239152844158,0.26471112427394494,0.39727521519204334,0.0822173269969711
intermittent_v2,history,history_65_128,56,28456,0.6666666666666666,0.0006940539780714085,0.0011418099873980877,0.002776215912285634,0.004567239949592351,0.0010074032424327616,0.0017448735996031704,0.2590505101459082,0.2857592087870696
intermittent_v2,history,history_65_128,57,28456,0.6666666666666666,0.00017863836566394902,0.0002441566435560715,0.0007145534626557961,0.000976626574224286,0.00010542592071970763,0.00018260305112126202,0.21405066170880938,0.20060163113931698
intermittent_v2,history,history_65_128,58,28456,0.6666666666666666,0.0004656311498453753,0.000731731925512892,0.0018625245993815012,0.002926927702051568,0.0,0.0,0.2386461019515991,0.2149088287507942
intermittent_v2,history,history_65_128,59,28456,1.0,0.0010864726829725425,0.0009185078233249917,0.00434589073189017,0.0036740312932999667,0.0005271296035985381,0.000700198862987464,0.41466784313439375,0.1402230949297294
intermittent_v2,history,history_65_128,60,28456,1.0,0.03152527879299035,0.047386557307663085,0.1261011151719614,0.18954622923065234,0.08865148533408303,0.153427157495967,0.27234855955673065,0.0603369016992818
intermittent_v2,history,history_65_128,61,28456,1.0,0.027281885484022116,0.032940708489493195,0.10912754193608847,0.13176283395797278,0.005083872176928123,0.008503002158882141,0.34078921777568016,0.08042834683033143
intermittent_v2,history,history_65_128,62,28456,1.0,0.03440399212819792,0.05954381158645818,0.13761596851279168,0.23817524634583273,0.01140942742011058,0.019761707976901022,0.4655680080699885,0.07719315956854862
intermittent_v2,history,history_65_128,63,28456,0.6666666666666666,0.04661582794489739,0.08071815813181675,0.18646331177958955,0.322872632527267,0.024306531721488143,0.042100147897402074,0.3407199124969578,0.30408742129698557
intermittent_v2,history,history_gt_128,0,32741,0.6666666666666666,0.0374657666737933,0.06488599883767537,0.1498630666951732,0.2595439953507015,0.03119432312187573,0.05403015255480936,0.28922243379965057,0.26374452490967726
intermittent_v2,history,history_gt_128,1,32741,1.0,0.01050670413243334,0.00499430496027402,0.04202681652973336,0.01997721984109608,0.002260163098256009,0.0016748455906484463,0.5006712101014731,0.200139495712552
intermittent_v2,history,history_gt_128,2,32741,1.0,0.0002112539832829378,0.0002931878111365097,0.0008450159331317512,0.0011727512445460389,0.00005090457428504525,0.00008816930899936254,0.596158441680449,0.09706690931864843
intermittent_v2,history,history_gt_128,3,32741,0.6666666666666666,5.090457428504526e-6,4.408465449968127e-6,0.000020361829714018103,0.000017633861799872508,0.0,0.0,0.36325788497924805,0.3302195193802677
intermittent_v2,history,history_gt_128,4,32741,1.0,0.000310517903138776,0.0003382473940770475,0.001242071612555104,0.00135298957630819,0.00006108548914205431,0.00006108548914205431,0.3916912497735418,0.1524101176104472
intermittent_v2,history,history_gt_128,5,32741,1.0,0.002507050283538479,0.0005403742948586923,0.010028201134153916,0.002161497179434769,0.00007126640399906336,0.00012343703259910755,0.4636324631765984,0.07092503388079212
intermittent_v2,history,history_gt_128,6,32741,1.0,0.009753316433014669,0.012096086930307894,0.039013265732058676,0.048384347721231576,0.0034716919662400865,0.004231722703341231,0.33639957700032136,0.09945668671295486
intermittent_v2,history,history_gt_128,7,32741,0.6666666666666666,0.016879956832921005,0.029177448812855736,0.06751982733168402,0.11670979525142294,0.007177544974191381,0.012431872568910119,0.3357290802657707,0.30870293685417405
intermittent_v2,history,history_gt_128,8,32741,1.0,0.0019343738228317197,0.0029539975335825894,0.007737495291326879,0.011815990134330358,0.0013235189314111766,0.0020557634438693197,0.5730996377411022,0.09426492602394851
intermittent_v2,history,history_gt_128,9,32741,1.0,0.03466856031683007,0.0598890518142652,0.13867424126732028,0.2395562072570608,0.011738594830131434,0.020173345989881502,0.4092474411482648,0.22353268392708422
intermittent_v2,history,history_gt_128,10,32741,1.0,0.07291062174847031,0.1208042812793626,0.29164248699388123,0.4832171251174504,0.12493000621035805,0.21538076980838447,0.3644367794638752,0.19298585897740353
intermittent_v2,history,history_gt_128,11,32741,1.0,0.06115166508862487,0.09876815377092403,0.2446066603544995,0.3950726150836961,0.03746576667379331,0.051014634184417144,0.47020818927963265,0.22252333033400024
intermittent_v2,history,history_gt_128,12,32741,1.0,0.049153456929639704,0.08163177079133975,0.19661382771855881,0.326527083165359,0.006953564847337182,0.006721162097233712,0.48578081306632476,0.22415489392114926
intermittent_v2,history,history_gt_128,13,32741,1.0,0.0035047799395253655,0.002841798866163405,0.014019119758101462,0.01136719546465362,0.0022907058428270365,0.0031355069116279903,0.5548277635590467,0.08059720583431876
intermittent_v2,history,history_gt_128,14,32741,1.0,0.0028735632183908046,0.002692100094016868,0.011494252873563218,0.010768400376067471,0.0002647037862822353,0.000259763005043077,0.4406744840561436,0.13362804534686368
intermittent_v2,history,history_gt_128,15,32741,1.0,0.0011937122669843112,0.0020279084823652013,0.004774849067937245,0.008111633929460805,0.0027081233519644075,0.004690607238766087,0.45760760896170716,0.053557535292984855
intermittent_v2,history,history_gt_128,16,32741,1.0,0.004018916139804323,0.005442960744902307,0.01607566455921729,0.021771842979609227,0.00503955285421948,0.007720188474498409,0.5331811377593711,0.018124211478287612
intermittent_v2,history,history_gt_128,17,32741,1.0,0.0001247162069983609,0.00016329184541650571,0.0004988648279934436,0.0006531673816660229,0.0,0.0,0.533100555308143,0.10107388330235788
intermittent_v2,history,history_gt_128,18,32741,1.0,0.05645317288211518,0.07687499229937057,0.22581269152846073,0.3074999691974823,0.028302943302485162,0.027678979251805107,0.482570725035341,0.1269867255167222
intermittent_v2,history,history_gt_128,19,32741,1.0,0.004487238223226739,0.0041952125569421385,0.017948952892906957,0.016780850227768554,0.000814473188560724,0.000676322396189991,0.41778166644814974,0.11480600078447255
intermittent_v2,history,history_gt_128,20,32741,1.0,0.0033749732750985007,0.0020422998309910694,0.013499893100394003,0.008169199323964278,0.002046363886258819,0.0026498361353341645,0.5379338712185741,0.19192526329663379
intermittent_v2,history,history_gt_128,21,32741,1.0,0.0027310304103926784,0.001345730563461373,0.010924121641570713,0.005382922253845492,0.0006821212954196064,0.0007053544719949001,0.4540543330600461,0.22533344543389255
intermittent_v2,history,history_gt_128,22,32741,1.0,0.0222707512497073,0.03449755367475153,0.0890830049988292,0.13799021469900613,0.0017409364405485477,0.0009536968935582908,0.5082611184145974,0.20844459574467722
intermittent_v2,history,history_gt_128,23,32741,0.6666666666666666,0.011649511825132608,0.020025646827147227,0.04659804730053043,0.08010258730858891,0.010007839304439896,0.0173076420939125,0.22354090000543528,0.1936012253492774
intermittent_v2,history,history_gt_128,24,32741,0.6666666666666666,0.00005854026042780204,0.00007094753705734071,0.00023416104171120815,0.00028379014822936283,0.000010180914857009052,0.000017633861799872508,0.3947500139474869,0.34194426879417794
intermittent_v2,history,history_gt_128,25,32741,1.0,0.018106757073190597,0.016624087063236388,0.07242702829276239,0.06649634825294555,0.007126640399906335,0.006310927316873524,0.4712547622650381,0.12766724250454228
intermittent_v2,history,history_gt_128,26,32741,1.0,0.06860663999266974,0.11730265298760648,0.27442655997067894,0.4692106119504259,0.06654245950541116,0.11517556935829906,0.462086933930345,0.2355037169772595
intermittent_v2,history,history_gt_128,27,32741,0.6666666666666666,0.0023568817893975954,0.003207282079806648,0.009427527157590381,0.012829128319226592,0.001618765462264439,0.002084304562270281,0.4059046342987512,0.3573731596016721
intermittent_v2,history,history_gt_128,28,32741,1.0,0.0033266139295277074,0.0028779784696524933,0.01330645571811083,0.011511913878609973,0.005497694022784887,0.007135245350086479,0.6117982505729056,0.08394393593469394
intermittent_v2,history,history_gt_128,29,32741,1.0,0.0016543986642639707,0.0027070670195590654,0.006617594657055883,0.010828268078236261,0.0007228449548476426,0.0011466078800526221,0.5668180385107872,0.04379460142853122
intermittent_v2,history,history_gt_128,30,32741,1.0,0.000949370310416094,0.0013876445962763544,0.003797481241664376,0.005550578385105418,0.00016289463771214483,0.0002561466382702448,0.46196484018392653,0.21651584260778792
intermittent_v2,history,history_gt_128,31,32741,0.6666666666666666,0.044816387200553844,0.07759781035305414,0.17926554880221537,0.3103912414122166,0.060484815165490764,0.10476277295304255,0.2015834590078014,0.17634896315616924
intermittent_v2,history,history_gt_128,32,32741,1.0,0.014204921454241877,0.022371643489076,0.05681968581696751,0.089486573956304,0.0011708052085560407,0.0017951063446291088,0.38769151332292706,0.07664405004755498
intermittent_v2,history,history_gt_128,33,32741,0.6666666666666666,0.029209044724758968,0.04475326804425513,0.11683617889903587,0.17901307217702053,0.005355161214786761,0.0091698116013125,0.20938841732133118,0.18598508130090055
intermittent_v2,history,history_gt_128,34,32741,1.0,0.00892102664345418,0.013626784916726059,0.03568410657381672,0.054507139666904236,0.0008551968479887603,0.0005497694022784888,0.5163009484214838,0.1644865558853853
intermittent_v2,history,history_gt_128,35,32741,1.0,0.0004886839131364344,0.0004555248385288982,0.0019547356525457375,0.0018220993541155927,0.00011199006342709954,0.0000981811873083998,0.5654366332056727,0.046676450898540604
intermittent_v2,history,history_gt_128,36,32741,1.0,0.001287885729411645,0.0017447890921993205,0.00515154291764658,0.006979156368797282,0.0004988648279934436,0.0007357780342752575,0.5750159823773124,0.1037469118816975
intermittent_v2,history,history_gt_128,37,32741,1.0,0.0004123270517088665,0.000654757304051027,0.001649308206835466,0.002619029216204108,0.00024434195656821724,0.00039705567942335297,0.5652360335024873,0.06337419418905109
intermittent_v2,history,history_gt_128,38,32741,1.0,0.0004250531952801279,0.00042385509683406355,0.0017002127811205116,0.0016954203873362542,0.00033597019028129864,0.0004109106028244009,0.557058582896257,0.10731702960636756
intermittent_v2,history,history_gt_128,39,32741,1.0,0.04573266953768465,0.07658665535583742,0.1829306781507386,0.3063466214233497,0.028811989045335617,0.0489005683189239,0.4509965439263708,0.11378460534694056
intermittent_v2,history,history_gt_128,40,32741,1.0,0.0001094448347128473,0.0001255445512266834,0.0004377793388513892,0.0005021782049067336,0.000010180914857009052,0.000017633861799872508,0.5796302235638252,0.07981010792023047
intermittent_v2,history,history_gt_128,41,32741,1.0,0.005133726316646814,0.005842559069465147,0.020534905266587255,0.023370236277860588,0.0004174175091373711,0.0005257730402726594,0.3821556758377945,0.2742312528988659
intermittent_v2,history,history_gt_128,42,32741,1.0,0.032538203883000924,0.053016764163045245,0.1301528155320037,0.21206705665218098,0.029891166020178578,0.05082285469940753,0.36463556344515213,0.08944768643358753
intermittent_v2,history,history_gt_128,43,32741,1.0,0.0011682599798417885,0.0008556058048215655,0.004673039919367154,0.003422423219286262,0.00017307555256915384,0.0001963623746167996,0.49400197298992216,0.15362397507100284
intermittent_v2,history,history_gt_128,44,32741,0.6666666666666666,0.00007635686142756788,0.0000678674629464249,0.0003054274457102715,0.0002714698517856996,0.000020361829714018103,0.000035267723599745016,0.3176960274015257,0.27677849066878557
intermittent_v2,history,history_gt_128,45,32741,1.0,0.0013184284739826723,0.001873597816236454,0.005273713895930689,0.007494391264945816,0.003512415625668123,0.006057250779166444,0.47422924751921486,0.05265694020512432
intermittent_v2,history,history_gt_128,46,32741,1.0,0.0032324404671003736,0.005052091788583093,0.012929761868401494,0.02020836715433237,0.0001221709782841086,0.000080808506492306,0.4794268871825504,0.2540312632160969
intermittent_v2,history,history_gt_128,47,32741,0.6666666666666666,0.0012649786709833745,0.0017665739255474343,0.005059914683933498,0.007066295702189737,0.0004581411685654073,0.0007672249892844123,0.3873188063433349,0.3556537446348889
intermittent_v2,history,history_gt_128,48,32741,1.0,0.004889384360078596,0.005627300380708713,0.019557537440314385,0.02250920152283485,0.007401525101045581,0.011003967775008193,0.6019440048380823,0.059047161875445314
intermittent_v2,history,history_gt_128,49,32741,1.0,0.00975331643301467,0.016490682190848,0.03901326573205868,0.065962728763392,0.0047850299827942545,0.00807682846301922,0.4591736019627249,0.22552083635717604
intermittent_v2,history,history_gt_128,50,32741,1.0,0.06916659030980525,0.11950248456430136,0.276666361239221,0.47800993825720545,0.1444264581615304,0.2499688196062881,0.46395034460051005,0.19991385126866726
intermittent_v2,history,history_gt_128,51,32741,1.0,0.006070370483491647,0.008676878059397345,0.02428148193396659,0.03470751223758938,0.011891308552986571,0.019886454246989285,0.550580385038777,0.0927557776711493
intermittent_v2,history,history_gt_128,52,32741,1.0,0.006324893354916874,0.009952733435670427,0.025299573419667497,0.03981093374268171,0.0001832564674261629,0.0003174095123977051,0.4089261466298328,0.09932999762185628
intermittent_v2,history,history_gt_128,53,32741,1.0,0.025360658908809546,0.031495001865011585,0.10144263563523818,0.12598000746004634,0.013907129694674364,0.020373185902985938,0.355459698903857,0.10325150396131233
intermittent_v2,history,history_gt_128,54,32741,1.0,0.07142166295063275,0.12317042984429058,0.285686651802531,0.4926817193771623,0.16123514859045235,0.27924101894946807,0.3907962252092969,0.2406096440788586
intermittent_v2,history,history_gt_128,55,32741,1.0,0.01232908789183796,0.0026828799393125175,0.04931635156735184,0.01073151975725007,0.010384533154149231,0.010011127106667054,0.46816298630994435,0.12368185723749055
intermittent_v2,history,history_gt_128,56,32741,1.0,0.002937193936247111,0.003927128722974765,0.011748775744988444,0.01570851489189906,0.003196807265100842,0.005457872515380966,0.5067286585483651,0.20835379119701095
intermittent_v2,history,history_gt_128,57,32741,0.6666666666666666,0.001542408600836871,0.002380167199344648,0.006169634403347484,0.009520668797378591,0.00037669384970933484,0.0006261883393780186,0.2651085156199955,0.28217483343080235
intermittent_v2,history,history_gt_128,58,32741,1.0,0.0030135507976746783,0.004829909998909333,0.012054203190698713,0.019319639995637333,0.00018325646742616293,0.000242425519476918,0.4249781882286703,0.11422756460460194
intermittent_v2,history,history_gt_128,59,32741,1.0,0.0010079105708438961,0.00108095536875093,0.0040316422833755845,0.00432382147500372,0.00016289463771214483,0.00028214178879796013,0.5519065888434659,0.15168913479561738
intermittent_v2,history,history_gt_128,60,32741,1.0,0.07691681174470337,0.08860811260282717,0.3076672469788135,0.35443245041130866,0.13930545798845484,0.23530103656921825,0.3066313350837227,0.082406632601385
intermittent_v2,history,history_gt_128,61,32741,1.0,0.010394714069006241,0.005473494673411054,0.041578856276024964,0.021893978693644216,0.005660588660497032,0.004812332255083731,0.4188242034239067,0.09923336275212884
intermittent_v2,history,history_gt_128,62,32741,1.0,0.00032324404671003735,0.00009608027696250815,0.0012929761868401494,0.0003843211078500326,0.00021379921199719007,0.00018578426224911336,0.5892612682276639,0.11868106777564005
intermittent_v2,history,history_gt_128,63,32741,1.0,0.0030084603402461747,0.0038188508489401547,0.012033841360984699,0.015275403395760619,0.0019343738228317197,0.002115255042912579,0.5590401145912615,0.09701144554535977
intermittent_v2,history,history_le_64,0,25088,0.3333333333333333,0.0027436755952380955,0.004752185530439163,0.010974702380952382,0.019008742121756652,0.0018069727891156463,0.0031297686786427416,0.0964752906351632,0.16710010505507658
intermittent_v2,history,history_le_64,1,25088,1.0,0.0007739423894557823,0.0007724797704161599,0.0030957695578231292,0.0030899190816646395,0.00003985969387755102,0.00003985969387755102,0.36316723801501083,0.18967667718597533
intermittent_v2,history,history_le_64,2,25088,0.6666666666666666,0.00025576636904761906,0.0004089667398214532,0.0010230654761904762,0.0016358669592858128,0.00007971938775510203,0.00010545883733516386,0.2969020006319159,0.25800668288400025
intermittent_v2,history,history_le_64,3,25088,0.0,0.0,0.0,0.0,0.0,0.0,0.0,0.0,0.0
intermittent_v2,history,history_le_64,4,25088,0.6666666666666666,0.0012389721513605442,0.0021287262854406304,0.004955888605442177,0.008514905141762522,0.00003985969387755102,0.00006903901497006048,0.3070009056903817,0.2671158972014222
intermittent_v2,history,history_le_64,5,25088,1.0,0.055129278273809514,0.09297887724252493,0.22051711309523805,0.37191550897009973,0.017910289115646256,0.027327369305704268,0.35727183972413035,0.2257585749964009
intermittent_v2,history,history_le_64,6,25088,1.0,0.003311676232993197,0.00521980662630435,0.013246704931972789,0.0208792265052174,0.0055272108843537416,0.009573410075848386,0.24350221858015708,0.15573404920761816
intermittent_v2,history,history_le_64,7,25088,0.6666666666666666,0.002800143494897959,0.0048413634886122665,0.011200573979591837,0.019365453954449066,0.0000664328231292517,0.00011506502495010079,0.24894710567057934,0.2216699200841619
intermittent_v2,history,history_le_64,8,25088,0.6666666666666666,0.014246518920068027,0.02403135938546429,0.05698607568027211,0.09612543754185716,0.00864955357142857,0.013259984840001465,0.31384004944133237,0.2756376686655308
intermittent_v2,history,history_le_64,9,25088,0.6666666666666666,0.0033980389030612243,0.005722391465786589,0.013592155612244897,0.022889565863146357,0.00312234268707483,0.005373573623830066,0.2021175432766884,0.1874961422727369
intermittent_v2,history,history_le_64,10,25088,1.0,0.007021949404761904,0.01204170329564465,0.028087797619047616,0.0481668131825786,0.010390093537414966,0.017996169902195765,0.23065441441660808,0.026491798058115832
intermittent_v2,history,history_le_64,11,25088,1.0,0.002856611394557823,0.004664183885879211,0.011426445578231291,0.018656735543516843,0.0004916028911564626,0.0008172047361119145,0.4128695757238257,0.1400324859172781
intermittent_v2,history,history_le_64,12,25088,0.6666666666666666,0.004557291666666667,0.007704383227917139,0.018229166666666668,0.030817532911668555,0.001674107142857143,0.0028308802462635053,0.19776746467018747,0.21687192129299743
intermittent_v2,history,history_le_64,13,25088,1.0,0.06431361607142858,0.11018631295213249,0.2572544642857143,0.44074525180852997,0.1257706207482993,0.21756498203745978,0.4366099820544018,0.06363728641835362
intermittent_v2,history,history_le_64,14,25088,1.0,0.010888339710884353,0.01649284947545259,0.043553358843537414,0.06597139790181036,0.007653061224489795,0.013014602070430415,0.4121193348368435,0.13559459251539946
intermittent_v2,history,history_le_64,15,25088,0.6666666666666666,0.07273397640306123,0.1259012816604736,0.2909359056122449,0.5036051266418944,0.11696162840136055,0.2024454205932429,0.30108845382511296,0.2651145553319594
intermittent_v2,history,history_le_64,16,25088,1.0,0.01997302827380952,0.02107031011681728,0.07989211309523808,0.08428124046726912,0.004278273809523809,0.0035294027731520477,0.4356176580309448,0.05476559021845001
intermittent_v2,history,history_le_64,17,25088,1.0,0.01627936330782313,0.028136279196319388,0.06511745323129252,0.11254511678527755,0.0068292942176870755,0.011828684564870363,0.48434131771687383,0.021522653545144887
intermittent_v2,history,history_le_64,18,25088,1.0,0.0598991549744898,0.08480461812142023,0.2395966198979592,0.33921847248568093,0.02315848214285714,0.03331633831912988,0.39589511383402565,0.052255940320079464
intermittent_v2,history,history_le_64,19,25088,0.6666666666666666,0.0005347842261904761,0.0005022492780152445,0.0021391369047619045,0.002008997112060978,0.00001328656462585034,0.000023013004990020158,0.12287046770906189,0.15420533129527084
intermittent_v2,history,history_le_64,20,25088,0.6666666666666666,0.0008038371598639455,0.0008021814970970151,0.003215348639455782,0.0032087259883880606,0.00002657312925170068,0.000046026009980040316,0.2096782189695832,0.18611275830804236
intermittent_v2,history,history_le_64,21,25088,1.0,0.08161272321428571,0.11914606199356013,0.32645089285714285,0.47658424797424054,0.2155213647959184,0.36046073244703913,0.3413452649689199,0.2373226024550318
intermittent_v2,history,history_le_64,22,25088,1.0,0.0039926126700680275,0.004323678361647294,0.01597045068027211,0.017294713446589175,0.0005048894557823129,0.00040908812495590597,0.43826633349672944,0.16854060340360202
intermittent_v2,history,history_le_64,23,25088,0.6666666666666666,0.0057364742772108845,0.006428992481404504,0.022945897108843538,0.025715969925618015,0.003866390306122449,0.0036668752015647076,0.23711957366765798,0.2131531382085953
intermittent_v2,history,history_le_64,24,25088,0.6666666666666666,0.0019796981292517007,0.0034203114956881265,0.007918792517006803,0.013681245982752506,0.0015146683673469387,0.002623482568862298,0.3521262780624945,0.3137552177947212
intermittent_v2,history,history_le_64,25,25088,1.0,0.0023716517857142855,0.0032018742794443365,0.009486607142857142,0.012807497117777346,0.00018601190476190475,0.00010031136313869512,0.33584330484855235,0.030384875815787832
intermittent_v2,history,history_le_64,26,25088,1.0,0.008998325892857142,0.014146601393429348,0.03599330357142857,0.05658640557371739,0.018481611394557822,0.032011089941118044,0.3746656933637486,0.1669537227686117
intermittent_v2,history,history_le_64,27,25088,1.0,0.00047499468537414965,0.00027131932738974987,0.0018999787414965986,0.0010852773095589995,0.00021258503401360543,0.00024354675249552718,0.37773018371243,0.13947322210749985
intermittent_v2,history,history_le_64,28,25088,0.6666666666666666,0.06762529230442177,0.1160103663745698,0.2705011692176871,0.4640414654982792,0.0031356292517006803,0.00498904751822669,0.31745615958090795,0.27976791676097085
intermittent_v2,history,history_le_64,29,25088,1.0,0.0019464817176870748,0.003242267187372724,0.007785926870748299,0.012969068749490897,0.0015013818027210886,0.002600469563872278,0.34998186583311597,0.07140458362310438
intermittent_v2,history,history_le_64,30,25088,1.0,0.0013818027210884354,0.001265048244567409,0.0055272108843537416,0.005060192978269636,0.0007839073129251701,0.0013577672944111894,0.2944998015525308,0.18094690825007764
intermittent_v2,history,history_le_64,31,25088,0.6666666666666666,0.0019099436649659865,0.003128642150059803,0.007639774659863946,0.012514568600239213,0.001089498299319728,0.0018870664091816531,0.12644324692566136,0.15964039833988958
intermittent_v2,history,history_le_64,32,25088,1.0,0.000999813988095238,0.0008843740923030608,0.003999255952380952,0.003537496369212243,0.00011957908163265307,0.00020711704491018144,0.37648569027712075,0.12737452590549037
intermittent_v2,history,history_le_64,33,25088,1.0,0.00770952912414966,0.01302545611857958,0.03083811649659864,0.05210182447431832,0.006723001700680271,0.011506778647756167,0.25290194074722455,0.027101930438215852
intermittent_v2,history,history_le_64,34,25088,1.0,0.002215534651360544,0.0037684322682854303,0.008862138605442176,0.015073729073141721,0.0,0.0,0.41255345429124063,0.207541151316207
intermittent_v2,history,history_le_64,35,25088,0.6666666666666666,0.04141090029761905,0.07097630770732222,0.1656436011904762,0.28390523082928887,0.01400403911564626,0.023945703494346493,0.3195390897844024,0.2773235462280386
intermittent_v2,history,history_le_64,36,25088,1.0,0.01485437925170068,0.021599305122355125,0.05941751700680272,0.0863972204894205,0.0061782525510204085,0.0070326101595822865,0.45228420769102845,0.09181874963458239
intermittent_v2,history,history_le_64,37,25088,0.3333333333333333,3.321641156462585e-6,5.7532512475050395e-6,0.00001328656462585034,0.000023013004990020158,0.0,0.0,0.12551390131314596,0.2173964541305548
intermittent_v2,history,history_le_64,38,25088,1.0,0.0009400244472789116,0.0015678322191899565,0.0037600977891156465,0.006271328876759826,0.000744047619047619,0.001288728279441129,0.4132730038017754,0.045017382562625684
intermittent_v2,history,history_le_64,39,25088,0.6666666666666666,0.009277343749999998,0.008645919284556762,0.03710937499999999,0.03458367713822705,0.0009832057823129252,0.001634409472223829,0.25318856209043805,0.24769508904891624
intermittent_v2,history,history_le_64,40,25088,0.6666666666666666,0.00012954400510204082,0.00011317977411113428,0.0005181760204081633,0.0004527190964445371,0.0,0.0,0.2909243011443073,0.2527144935897293
intermittent_v2,history,history_le_64,41,25088,1.0,0.0011559311224489796,0.0017205299617471803,0.004623724489795918,0.006882119846988721,0.0002258715986394558,0.0003912210848303427,0.3153692832725809,0.21597080514136158
intermittent_v2,history,history_le_64,42,25088,1.0,0.0007706207482993197,0.000999990538150246,0.003082482993197279,0.003999962152600984,0.00009300595238095238,0.00016109103493014112,0.3539336100233683,0.04590494020419738
intermittent_v2,history,history_le_64,43,25088,1.0,0.0013186915391156463,0.0015501889671482587,0.005274766156462585,0.006200755868593035,0.000664328231292517,0.0008297456949402634,0.46427139494175695,0.09659729369910433
intermittent_v2,history,history_le_64,44,25088,0.3333333333333333,6.64328231292517e-6,0.000011506502495010079,0.00002657312925170068,0.000046026009980040316,0.0,0.0,0.10923364261786143,0.189198218909957
intermittent_v2,history,history_le_64,45,25088,0.6666666666666666,0.00012622236394557824,0.00015480415866458126,0.0005048894557823129,0.000619216634658325,0.0000664328231292517,0.00011506502495010079,0.24286342453625465,0.21044604293208005
intermittent_v2,history,history_le_64,46,25088,0.3333333333333333,0.0008270886479591837,0.001432559560628755,0.003308354591836735,0.00573023824251502,0.0007573341836734694,0.001311741284431149,0.07567309269226431,0.1310696413088709
intermittent_v2,history,history_le_64,47,25088,0.0,0.0,0.0,0.0,0.0,0.0,0.0,0.0,0.0
intermittent_v2,history,history_le_64,48,25088,0.6666666666666666,0.04683181866496599,0.08107194378182464,0.18732727465986396,0.32428777512729856,0.021019345238095236,0.03640657389421189,0.29166873550600836,0.25337922387498407
intermittent_v2,history,history_le_64,49,25088,1.0,0.0026074883078231292,0.0034883258028396546,0.010429953231292517,0.013953303211358618,0.0014482355442176872,0.002508417543912197,0.3949724222557571,0.1831130981237488
intermittent_v2,history,history_le_64,50,25088,0.6666666666666666,0.007174744897959184,0.012272012623395721,0.028698979591836735,0.049088050493582884,0.012648809523809522,0.021908380750499192,0.2340579896230606,0.2699733290999051
intermittent_v2,history,history_le_64,51,25088,0.6666666666666666,0.07964631164965986,0.1113957772339495,0.31858524659863946,0.445583108935798,0.04686171343537415,0.0800991466255064,0.2867791931723342,0.24846120066770797
intermittent_v2,history,history_le_64,52,25088,0.3333333333333333,0.0014116974914965986,0.0024451317801896418,0.005646789965986394,0.009780527120758567,0.000744047619047619,0.001288728279441129,0.11568415279481925,0.20037083027118807
intermittent_v2,history,history_le_64,53,25088,0.6666666666666666,0.0038663903061224494,0.006653681705475346,0.015465561224489797,0.026614726821901386,0.002458014455782313,0.004257405923153729,0.18530101833036314,0.16081410041382913
intermittent_v2,history,history_le_64,54,25088,0.3333333333333333,0.007898862670068027,0.013681231466566985,0.03159545068027211,0.05472492586626794,0.009991496598639455,0.01730577975249516,0.09189934342502211,0.15917433199435915
intermittent_v2,history,history_le_64,55,25088,1.0,0.061736022534013606,0.10587845012393342,0.24694409013605442,0.42351380049573367,0.08188509778911564,0.1417255926323344,0.37590372203040534,0.09964125614702336
intermittent_v2,history,history_le_64,56,25088,0.6666666666666666,0.005779655612244898,0.009497570597452052,0.02311862244897959,0.03799028238980821,0.007241177721088436,0.012542087719560988,0.23806971513799258,0.2651627572783286
intermittent_v2,history,history_le_64,57,25088,0.6666666666666666,0.00010297087585034014,0.0001613989505375258,0.00041188350340136057,0.0006455958021501032,0.00001328656462585034,0.000023013004990020158,0.2884337878090212,0.25041246985684634
intermittent_v2,history,history_le_64,58,25088,1.0,0.0011160714285714285,0.0018728489779733751,0.004464285714285714,0.0074913959118935005,0.0006244685374149659,0.0010816112345309475,0.423697468347543,0.020561382588068805
intermittent_v2,history,history_le_64,59,25088,1.0,0.01033030399659864,0.017323042372353967,0.04132121598639456,0.06929216948941587,0.002085990646258503,0.0034068575704403765,0.39343459669108777,0.09634179424695413
intermittent_v2,history,history_le_64,60,25088,1.0,0.011257041879251702,0.01659866229045425,0.045028167517006806,0.066394649161817,0.024819302721088437,0.04298829332135766,0.2794309813530563,0.12036708269890584
intermittent_v2,history,history_le_64,61,25088,1.0,0.031485836522108845,0.05088535294031706,0.12594334608843538,0.20354141176126825,0.00029230442176870754,0.0002653989205388789,0.3445644414929576,0.06379089313182786
intermittent_v2,history,history_le_64,62,25088,1.0,0.0533820950255102,0.08790111522395319,0.2135283801020408,0.35160446089581276,0.01872076955782313,0.032321820808465795,0.4297569136156156,0.12016473490270452
intermittent_v2,history,history_le_64,63,25088,0.6666666666666666,0.07183713329081633,0.1243565321028865,0.2873485331632653,0.497426128411546,0.1572996386054422,0.27245096607684866,0.33192156185422944,0.2951189348711907
intermittent_v2,overall,overall,0,86285,0.6666666666666666,0.016483166251376254,0.028547172253411208,0.06593266500550501,0.11418868901364483,0.012609375905429682,0.021840079719939023,0.28752807214378245,0.26316271717455475
intermittent_v2,overall,overall,1,86285,1.0,0.004895597921616349,0.0028372629847404148,0.019582391686465396,0.011349051938961659,0.0008730756601185993,0.0006478036306600482,0.48211146600605764,0.19901813365113463
intermittent_v2,overall,overall,2,86285,1.0,0.0001950899152034923,0.00030029909086947104,0.0007803596608139692,0.0012011963634778842,0.0000656738328407796,0.0001038753716153735,0.5440554871644613,0.09474016971868068
intermittent_v2,overall,overall,3,86285,0.6666666666666666,1.9315833188464583e-6,1.6728002236472905e-6,7.726333275385833e-6,6.691200894589162e-6,0.0,0.0,0.36325788497924805,0.3302195193802677
intermittent_v2,overall,overall,4,86285,1.0,0.0004790326630739217,0.0006101319536252712,0.0019161306522956867,0.0024405278145010847,0.000034768499739236256,0.00004178653619359089,0.3587293611866045,0.09995628967612956
intermittent_v2,overall,overall,5,86285,1.0,0.03149156863881324,0.05204748250257845,0.12596627455525297,0.2081899300103138,0.01619439454520871,0.02689030308671456,0.4364250135100902,0.12468141115979071
intermittent_v2,overall,overall,6,86285,1.0,0.005456722875741245,0.007387663820523221,0.02182689150296498,0.029550655282092882,0.0029553224778350816,0.004406433945264566,0.3148113864531157,0.08513069829366775
intermittent_v2,overall,overall,7,86285,0.6666666666666666,0.009905159259044638,0.01707851292973854,0.03962063703617855,0.06831405171895416,0.0040795039694037204,0.007065908144686155,0.28997831629148235,0.2585912913313701
intermittent_v2,overall,overall,8,86285,1.0,0.011350949373201214,0.01871809819727154,0.045403797492804855,0.07487239278908615,0.005215274960885437,0.006884289768327635,0.48363744728861,0.060723004548987686
intermittent_v2,overall,overall,9,86285,1.0,0.017503042243727184,0.02994052548976288,0.07001216897490874,0.11976210195905151,0.007278205945413455,0.012147454598115656,0.4358868735264763,0.20127356702274135
intermittent_v2,overall,overall,10,86285,1.0,0.038803577292306504,0.06442731922458089,0.15521430916922602,0.25770927689832357,0.06644260300168048,0.11470077710372935,0.34793239979527074,0.16761121988795727
intermittent_v2,overall,overall,11,86285,1.0,0.030653261478433873,0.05003055298746821,0.1226130459137355,0.20012221194987284,0.021158563674644106,0.031282407562761176,0.4562841815272112,0.22762073230552318
intermittent_v2,overall,overall,12,86285,1.0,0.023484189990535243,0.039218103363071084,0.09393675996214097,0.15687241345228434,0.0034227656409959242,0.0038261559871163166,0.47979834587884446,0.22608298918766806
intermittent_v2,overall,overall,13,86285,1.0,0.0358434258561743,0.059335060350566335,0.1433737034246972,0.23734024140226534,0.06343705935755538,0.10926398360112152,0.45727312990878216,0.11239223522271788
intermittent_v2,overall,overall,14,86285,1.0,0.00559289949971992,0.006344497266824393,0.02237159799887968,0.02537798906729757,0.0024222054818334587,0.003868897258166047,0.4360826768332123,0.1379008666668127
intermittent_v2,overall,overall,15,86285,1.0,0.038810337833922466,0.06718384087213929,0.15524135133568986,0.26873536348855714,0.06404357651967317,0.1108865836477242,0.4376079545227505,0.04677399994136292
intermittent_v2,overall,overall,16,86285,1.0,0.017515597535299687,0.016423911158576377,0.07006239014119875,0.06569564463430551,0.007397964111181935,0.008944634078683539,0.4391364040713752,0.05280700347375237
intermittent_v2,overall,overall,17,86285,1.0,0.008061462981205693,0.013897625466150384,0.03224585192482277,0.05559050186460154,0.0035000289737497827,0.006042165522755441,0.49094765850013383,0.05409721849106281
intermittent_v2,overall,overall,18,86285,1.0,0.05977477738502251,0.04795359244204168,0.23909910954009003,0.1918143697681667,0.025222614977497056,0.017059965635271474,0.42600457393818747,0.08658387179681568
intermittent_v2,overall,overall,19,86285,1.0,0.002296652566108439,0.001980843402353257,0.009186610264433756,0.007923373609413028,0.00031677966429081924,0.0002698968685126201,0.3718238408327299,0.10914926386271752
intermittent_v2,overall,overall,20,86285,1.0,0.0028201116455158297,0.0029256204687720393,0.011280446582063319,0.011702481875088157,0.001158949991307875,0.0011007584752297896,0.5076671995544499,0.2200064116333375
intermittent_v2,overall,overall,21,86285,1.0,0.04207278205945414,0.06297571473268425,0.16829112823781656,0.251902858930737,0.0850823820285488,0.1426936139445256,0.3930213123436617,0.14995828367850922
intermittent_v2,overall,overall,22,86285,1.0,0.012125514284058643,0.015513824614506209,0.04850205713623457,0.062055298458024835,0.0008228544938285913,0.0004743207261906732,0.4778871403911415,0.19820904490155075
intermittent_v2,overall,overall,23,86285,1.0,0.00954685055339862,0.015226791367428534,0.03818740221359448,0.060907165469714135,0.006629193950281046,0.010396905426476241,0.3564531539534859,0.04878027173558468
intermittent_v2,overall,overall,24,86285,0.6666666666666666,0.0006470804118135636,0.0010147942978260512,0.0025883216472542543,0.004059177191304205,0.00044426416333468544,0.000759473408706049,0.28902009830818204,0.25109349208073417
intermittent_v2,overall,overall,25,86285,1.0,0.011515133955303162,0.013445031351129798,0.046060535821212646,0.053780125404519194,0.003839987637866759,0.004120802024583465,0.4491568756142581,0.11878368114751454
intermittent_v2,overall,overall,26,86285,1.0,0.03719167101272914,0.06318931218459503,0.14876668405091656,0.2527572487383801,0.044607985165440116,0.07721311468011174,0.4410383760338546,0.24161699596084807
intermittent_v2,overall,overall,27,86285,1.0,0.0012043421993007668,0.0014513805105752181,0.004817368797203067,0.0058055220423008725,0.0007764964941762764,0.0009549213446190888,0.4763923849159493,0.1694630836976587
intermittent_v2,overall,overall,28,86285,1.0,0.035847289022812,0.0586433992401142,0.143389156091248,0.2345735969604568,0.010260570589712387,0.01329245582503086,0.5526378234204714,0.12148317553203393
intermittent_v2,overall,overall,29,86285,1.0,0.0013308609066852099,0.0018692028684741137,0.0053234436267408395,0.007476811473896455,0.0007108226613354966,0.0011910901444265867,0.4770713284447181,0.07047520345442689
intermittent_v2,overall,overall,30,86285,1.0,0.0011377025748005641,0.001029740002390792,0.0045508102992022565,0.004118960009563168,0.00036313766394313417,0.0004536713158067395,0.3404757860014966,0.17679602457546775
intermittent_v2,overall,overall,31,86285,0.6666666666666666,0.021206853257615264,0.03666863518811343,0.08482741303046105,0.14667454075245373,0.024515655482799253,0.042462360877062816,0.14339676709807872,0.1652131119319854
intermittent_v2,overall,overall,32,86285,1.0,0.00701068165575322,0.008905736241715591,0.02804272662301288,0.035622944966862365,0.0005678854957408588,0.0008176143721136824,0.38931539565781387,0.08214245888149065
intermittent_v2,overall,overall,33,86285,1.0,0.01969732089393676,0.03139750850537655,0.07878928357574704,0.1255900340215062,0.0044078731336076185,0.007554365809991163,0.2755656655218723,0.06227605411123786
intermittent_v2,overall,overall,34,86285,1.0,0.005137045836472156,0.008181719077173013,0.020548183345888624,0.03272687630869205,0.00032836916420389794,0.0002144318492805303,0.4968118084438364,0.18966566441331345
intermittent_v2,overall,overall,35,86285,1.0,0.017930887948851674,0.030247780684919838,0.0717235517954067,0.12099112273967935,0.0050028007958123275,0.008129142693105109,0.5033470184823563,0.06498611360378712
intermittent_v2,overall,overall,36,86285,1.0,0.005938652913793437,0.008728288782924302,0.023754611655173747,0.03491315513169721,0.0021170153174557183,0.00252654642269834,0.4537092059183565,0.07153784506247003
intermittent_v2,overall,overall,37,86285,1.0,0.00016032141546425604,0.00025513905240887253,0.0006412856618570242,0.0010205562096354901,0.00009271599930463002,0.00015066349887002376,0.5647728798748834,0.06358941273026471
intermittent_v2,overall,overall,38,86285,1.0,0.0005031774545595024,0.00038164415609070974,0.0020127098182380096,0.001526576624362839,0.00036313766394313417,0.00034464556496402915,0.45500689835126434,0.04490847890994361
intermittent_v2,overall,overall,39,86285,1.0,0.03052481118773058,0.03550757095860905,0.12209924475092232,0.1420302838344362,0.013177261401170539,0.02242288809999627,0.4338590810329912,0.10784116971953016
intermittent_v2,overall,overall,40,86285,1.0,0.0005707828707191285,0.0005097321751658718,0.002283131482876514,0.002038928700663487,0.00014293716559463793,0.0002376083029446104,0.5066886605117832,0.14054983248027894
intermittent_v2,overall,overall,41,86285,1.0,0.003141720268103765,0.002781383901330089,0.01256688107241506,0.011125535605320355,0.0002704216646385042,0.00015777619019653578,0.377297582982151,0.2346019824556872
intermittent_v2,overall,overall,42,86285,1.0,0.013926715728882962,0.02275154109857452,0.05570686291553185,0.09100616439429808,0.012323501574240404,0.020984326107967785,0.3640904275870471,0.08159227958389928
intermittent_v2,overall,overall,43,86285,1.0,0.0010208417840103531,0.0009383619039467394,0.004083367136041413,0.0037534476157869575,0.0003013269977400475,0.00037357041110937467,0.47686493394287494,0.1517403993109929
intermittent_v2,overall,overall,44,86285,0.6666666666666666,0.00007050279113789572,0.00009145491183218479,0.0002820111645515829,0.00036581964732873914,0.00001158949991307875,0.00002007360268376748,0.28992509714558595,0.26114509406574477
intermittent_v2,overall,overall,45,86285,1.0,0.0006354909119004849,0.0006663290561081512,0.0025419636476019395,0.002665316224432605,0.0013559714898302138,0.0022785381262592926,0.43441208170239926,0.059448863692609925
intermittent_v2,overall,overall,46,86285,1.0,0.002123775859071681,0.003470683962827418,0.008495103436286724,0.013882735851309672,0.00048289582971161463,0.0007862374597206896,0.4812560009981341,0.25112467031207375
intermittent_v2,overall,overall,47,86285,0.6666666666666666,0.00047999845473334487,0.0006703296853027588,0.0019199938189333795,0.002681318741211035,0.00017384249869618125,0.00029112491596640133,0.3873188063433349,0.3556537446348889
intermittent_v2,overall,overall,48,86285,1.0,0.028650209576790094,0.048445809070934265,0.11460083830716038,0.19378323628373706,0.013903536729056807,0.023381471642310674,0.5595243466249865,0.11864465742721159
intermittent_v2,overall,overall,49,86285,1.0,0.009025323057310077,0.01503470825000933,0.03610129222924031,0.06013883300003732,0.004210851635085279,0.007162932901609051,0.41083857692243303,0.1773351329954465
intermittent_v2,overall,overall,50,86285,1.0,0.0378223329663325,0.06512151222740839,0.15128933186533,0.26048604890963356,0.07725946958722064,0.13335587757263462,0.42970615625122216,0.1654560463531453
intermittent_v2,overall,overall,51,86285,1.0,0.04292267871974658,0.06489658012686811,0.17169071487898632,0.25958632050747243,0.0502907032894864,0.08649381787543813,0.5001484725334802,0.12546005047248848
intermittent_v2,overall,overall,52,86285,1.0,0.003258581058893975,0.004272613727629752,0.0130343242355759,0.01709045491051901,0.00028587433118927585,0.0003313327019743342,0.36509902175448755,0.03576681216388642
intermittent_v2,overall,overall,53,86285,1.0,0.01554634834173572,0.02148120771592213,0.06218539336694288,0.08592483086368852,0.009248420930636844,0.014097348788013737,0.351554558407575,0.10549907623595933
intermittent_v2,overall,overall,54,86285,1.0,0.03851963454443608,0.06650722467792129,0.1540785381777443,0.26602889871168517,0.07705085858878523,0.1334459651670544,0.3932427022596081,0.23630664233298543
intermittent_v2,overall,overall,55,86285,1.0,0.041728960228699465,0.060333498788259665,0.16691584091479786,0.24133399515303866,0.07882791524212397,0.1322263219115882,0.4423128977880337,0.12709945646037935
intermittent_v2,overall,overall,56,86285,1.0,0.0030238936856541304,0.004628137621257457,0.012095574742616522,0.018512550485029828,0.0036506924726198067,0.006293098452801761,0.4590119897130229,0.18382266426899446
intermittent_v2,overall,overall,57,86285,1.0,0.000674122578277414,0.0010298582044121242,0.002696490313109656,0.004119432817648497,0.00018156883197156709,0.000304504782970212,0.3979431621638345,0.1546971461980692
intermittent_v2,overall,overall,58,86285,1.0,0.001621564196171602,0.002617933953330416,0.006486256784686408,0.010471735813321665,0.00025110583145003957,0.0004051907516625844,0.4131356995743937,0.07451848533915724
intermittent_v2,overall,overall,59,86285,1.0,0.0037443742635838596,0.005708091474914143,0.014977497054335438,0.022832365899656572,0.0008421703270170558,0.0011693531656451273,0.43635693968097106,0.10776879832318839
intermittent_v2,overall,overall,60,86285,1.0,0.04285603909524637,0.05382316053195014,0.1714241563809855,0.21529264212780055,0.08931254949682253,0.1523802778637416,0.2983067508867171,0.07814074654818015
intermittent_v2,overall,overall,61,86285,1.0,0.02209634737594406,0.02481051755084195,0.08838538950377624,0.0992420702033678,0.003909524637345232,0.004599474258242797,0.3739674127525137,0.048879553906687336
intermittent_v2,overall,overall,62,86285,1.0,0.026990013714241562,0.04516061676014733,0.10796005485696625,0.1806424670405893,0.009287052597013772,0.015844767956900648,0.45392277409916026,0.09994134395339216
intermittent_v2,overall,overall,63,86285,1.0,0.037402213594483404,0.0642182034251721,0.14960885437793361,0.2568728137006884,0.0544861022580209,0.0938810889069825,0.5190338173267569,0.11788036612610321
intermittent_v2,quantity,gt_p99,0,1141,0.0,0.0,0.0,0.0,0.0,0.0,0.0,0.0,0.0
intermittent_v2,quantity,gt_p99,1,1141,0.0,0.0,0.0,0.0,0.0,0.0,0.0,0.0,0.0
intermittent_v2,quantity,gt_p99,2,1141,0.0,0.0,0.0,0.0,0.0,0.0,0.0,0.0,0.0
intermittent_v2,quantity,gt_p99,3,1141,0.0,0.0,0.0,0.0,0.0,0.0,0.0,0.0,0.0
intermittent_v2,quantity,gt_p99,4,1141,0.0,0.0,0.0,0.0,0.0,0.0,0.0,0.0,0.0
intermittent_v2,quantity,gt_p99,5,1141,0.3333333333333333,0.08333333333333333,0.14433756729740646,0.3333333333333333,0.5773502691896258,0.026292725679228746,0.04554033674589511,0.12863464307408914,0.2228017374178104
intermittent_v2,quantity,gt_p99,6,1141,0.0,0.0,0.0,0.0,0.0,0.0,0.0,0.0,0.0
intermittent_v2,quantity,gt_p99,7,1141,0.0,0.0,0.0,0.0,0.0,0.0,0.0,0.0,0.0
intermittent_v2,quantity,gt_p99,8,1141,0.3333333333333333,0.06536663745252702,0.11321833718771145,0.2614665498101081,0.4528733487508458,0.0011685655857434998,0.002024014966484227,0.10325981404084289,0.17885124429885402
intermittent_v2,quantity,gt_p99,9,1141,0.0,0.0,0.0,0.0,0.0,0.0,0.0,0.0,0.0
intermittent_v2,quantity,gt_p99,10,1141,0.0,0.0,0.0,0.0,0.0,0.0,0.0,0.0,0.0
intermittent_v2,quantity,gt_p99,11,1141,0.0,0.0,0.0,0.0,0.0,0.0,0.0,0.0,0.0
intermittent_v2,quantity,gt_p99,12,1141,0.0,0.0,0.0,0.0,0.0,0.0,0.0,0.0,0.0
intermittent_v2,quantity,gt_p99,13,1141,0.3333333333333333,0.07676015191352614,0.13295248311093266,0.30704060765410457,0.5318099324437306,0.06281040023371312,0.1087908044485272,0.1285899047941546,0.22272424844392053
intermittent_v2,quantity,gt_p99,14,1141,0.3333333333333333,0.00007303534910896874,0.0001265009354052642,0.00029214139643587495,0.0005060037416210568,0.0,0.0,0.12212404608726501,0.21152505264902616
intermittent_v2,quantity,gt_p99,15,1141,0.3333333333333333,0.08333333333333333,0.14433756729740646,0.3333333333333333,0.5773502691896258,0.24423020742039148,0.42301912799520347,0.1296305916321894,0.22452677092216503
intermittent_v2,quantity,gt_p99,16,1141,0.3333333333333333,0.010590125620800467,0.01834263563376331,0.04236050248320187,0.07337054253505323,0.0,0.0,0.12849770188331602,0.2225645483177424
intermittent_v2,quantity,gt_p99,17,1141,0.3333333333333333,0.0018258837277242187,0.003162523385131605,0.007303534910896875,0.01265009354052642,0.0,0.0,0.12601763725280762,0.21826895037164729
intermittent_v2,quantity,gt_p99,18,1141,0.3333333333333333,0.05506865322816243,0.09538170529556919,0.22027461291264971,0.38152682118227677,0.0,0.0,0.11772815863396824,0.20391115223556158
intermittent_v2,quantity,gt_p99,19,1141,0.0,0.0,0.0,0.0,0.0,0.0,0.0,0.0,0.0
intermittent_v2,quantity,gt_p99,20,1141,0.0,0.0,0.0,0.0,0.0,0.0,0.0,0.0,0.0
intermittent_v2,quantity,gt_p99,21,1141,0.3333333333333333,0.08333333333333333,0.14433756729740646,0.3333333333333333,0.5773502691896258,0.022494887525562373,0.03896228810482137,0.1031017693604707,0.1785775028825834
intermittent_v2,quantity,gt_p99,22,1141,0.0,0.0,0.0,0.0,0.0,0.0,0.0,0.0,0.0
intermittent_v2,quantity,gt_p99,23,1141,0.0,0.0,0.0,0.0,0.0,0.0,0.0,0.0,0.0
intermittent_v2,quantity,gt_p99,24,1141,0.0,0.0,0.0,0.0,0.0,0.0,0.0,0.0,0.0
intermittent_v2,quantity,gt_p99,25,1141,0.0,0.0,0.0,0.0,0.0,0.0,0.0,0.0,0.0
intermittent_v2,quantity,gt_p99,26,1141,0.0,0.0,0.0,0.0,0.0,0.0,0.0,0.0,0.0
intermittent_v2,quantity,gt_p99,27,1141,0.0,0.0,0.0,0.0,0.0,0.0,0.0,0.0,0.0
intermittent_v2,quantity,gt_p99,28,1141,0.3333333333333333,0.03381536663745253,0.05856993309263732,0.1352614665498101,0.23427973237054928,0.0,0.0,0.10241891380434331,0.17739476236514007
intermittent_v2,quantity,gt_p99,29,1141,0.0,0.0,0.0,0.0,0.0,0.0,0.0,0.0,0.0
intermittent_v2,quantity,gt_p99,30,1141,0.0,0.0,0.0,0.0,0.0,0.0,0.0,0.0,0.0
intermittent_v2,quantity,gt_p99,31,1141,0.0,0.0,0.0,0.0,0.0,0.0,0.0,0.0,0.0
intermittent_v2,quantity,gt_p99,32,1141,0.0,0.0,0.0,0.0,0.0,0.0,0.0,0.0,0.0
intermittent_v2,quantity,gt_p99,33,1141,0.0,0.0,0.0,0.0,0.0,0.0,0.0,0.0,0.0
intermittent_v2,quantity,gt_p99,34,1141,0.0,0.0,0.0,0.0,0.0,0.0,0.0,0.0,0.0
intermittent_v2,quantity,gt_p99,35,1141,0.3333333333333333,0.06273736488460414,0.10866430351312194,0.2509494595384166,0.43465721405248775,0.0,0.0,0.1272697272946495,0.22043763393976848
intermittent_v2,quantity,gt_p99,36,1141,0.0,0.0,0.0,0.0,0.0,0.0,0.0,0.0,0.0
intermittent_v2,quantity,gt_p99,37,1141,0.0,0.0,0.0,0.0,0.0,0.0,0.0,0.0,0.0
intermittent_v2,quantity,gt_p99,38,1141,0.0,0.0,0.0,0.0,0.0,0.0,0.0,0.0,0.0
intermittent_v2,quantity,gt_p99,39,1141,0.3333333333333333,0.014753140520011686,0.02555318895186337,0.059012562080046745,0.10221275580745348,0.0,0.0,0.12721707718600536,0.22034644127657277
intermittent_v2,quantity,gt_p99,40,1141,0.0,0.0,0.0,0.0,0.0,0.0,0.0,0.0,0.0
intermittent_v2,quantity,gt_p99,41,1141,0.0,0.0,0.0,0.0,0.0,0.0,0.0,0.0,0.0
intermittent_v2,quantity,gt_p99,42,1141,0.0,0.0,0.0,0.0,0.0,0.0,0.0,0.0,0.0
intermittent_v2,quantity,gt_p99,43,1141,0.0,0.0,0.0,0.0,0.0,0.0,0.0,0.0,0.0
intermittent_v2,quantity,gt_p99,44,1141,0.0,0.0,0.0,0.0,0.0,0.0,0.0,0.0,0.0
intermittent_v2,quantity,gt_p99,45,1141,0.0,0.0,0.0,0.0,0.0,0.0,0.0,0.0,0.0
intermittent_v2,quantity,gt_p99,46,1141,0.0,0.0,0.0,0.0,0.0,0.0,0.0,0.0,0.0
intermittent_v2,quantity,gt_p99,47,1141,0.0,0.0,0.0,0.0,0.0,0.0,0.0,0.0,0.0
intermittent_v2,quantity,gt_p99,48,1141,0.3333333333333333,0.053461875547765124,0.09259868471665339,0.2138475021910605,0.37039473886661356,0.0,0.0,0.1197510398585071,0.20741488529414004
intermittent_v2,quantity,gt_p99,49,1141,0.0,0.0,0.0,0.0,0.0,0.0,0.0,0.0,0.0
intermittent_v2,quantity,gt_p99,50,1141,0.0,0.0,0.0,0.0,0.0,0.0,0.0,0.0,0.0
intermittent_v2,quantity,gt_p99,51,1141,0.6666666666666666,0.08384458077709611,0.14238628583814564,0.33537832310838445,0.5695451433525826,0.2307917031843412,0.3997429558806348,0.23204757838292697,0.20420610656339622
intermittent_v2,quantity,gt_p99,52,1141,0.0,0.0,0.0,0.0,0.0,0.0,0.0,0.0,0.0
intermittent_v2,quantity,gt_p99,53,1141,0.0,0.0,0.0,0.0,0.0,0.0,0.0,0.0,0.0
intermittent_v2,quantity,gt_p99,54,1141,0.0,0.0,0.0,0.0,0.0,0.0,0.0,0.0,0.0
intermittent_v2,quantity,gt_p99,55,1141,0.3333333333333333,0.08333333333333333,0.14433756729740646,0.3333333333333333,0.5773502691896258,0.3032427695004382,0.5252318838026568,0.12046772558508718,0.20865622138563616
intermittent_v2,quantity,gt_p99,56,1141,0.0,0.0,0.0,0.0,0.0,0.0,0.0,0.0,0.0
intermittent_v2,quantity,gt_p99,57,1141,0.0,0.0,0.0,0.0,0.0,0.0,0.0,0.0,0.0
intermittent_v2,quantity,gt_p99,58,1141,0.0,0.0,0.0,0.0,0.0,0.0,0.0,0.0,0.0
intermittent_v2,quantity,gt_p99,59,1141,0.0,0.0,0.0,0.0,0.0,0.0,0.0,0.0,0.0
intermittent_v2,quantity,gt_p99,60,1141,0.0,0.0,0.0,0.0,0.0,0.0,0.0,0.0,0.0
intermittent_v2,quantity,gt_p99,61,1141,0.3333333333333333,0.07310838445807771,0.12662743634066945,0.29243353783231085,0.5065097453626778,0.030090563832895118,0.05211838538696884,0.11839361293808921,0.2050637529004145
intermittent_v2,quantity,gt_p99,62,1141,0.3333333333333333,0.06806894536955886,0.11789887179770624,0.27227578147823545,0.47159548719082495,0.07887817703768624,0.13662101023768533,0.1026976059626612,0.17787747134301768
intermittent_v2,quantity,gt_p99,63,1141,0.3333333333333333,0.06719252118025125,0.11638086057284305,0.268770084721005,0.4655234422913722,0.0,0.0,0.11782236273090045,0.2040743185177293
intermittent_v2,quantity,le_p50,0,45036,0.6666666666666666,0.03158029132249756,0.05469386175249991,0.12632116528999024,0.21877544700999965,0.024158451016964205,0.04184366459354602,0.28752807214378245,0.26316271717455475
intermittent_v2,quantity,le_p50,1,45036,1.0,0.00917969328241111,0.005583561396228766,0.03671877312964444,0.022334245584915063,0.0016653343991473487,0.001235693585396263,0.4840596312067391,0.2000979051211425
intermittent_v2,quantity,le_p50,2,45036,1.0,0.00030716167806495544,0.00045998390904867256,0.0012286467122598218,0.0018399356361946903,0.00011842377949492259,0.0001862176277557084,0.5454934399181176,0.09226255757832415
intermittent_v2,quantity,le_p50,3,45036,0.6666666666666666,3.7007431092163305e-6,3.2049375454615514e-6,0.000014802972436865322,0.000012819750181846205,0.0,0.0,0.36325788497924805,0.3302195193802677
intermittent_v2,quantity,le_p50,4,45036,1.0,0.00023684755898984515,0.0002497590371193548,0.0009473902359593806,0.0009990361484774192,0.000044408917310595964,0.000044408917310595964,0.3887088213102285,0.14250902775597557
intermittent_v2,quantity,le_p50,5,45036,1.0,0.0017430500044408918,0.0017351740244095628,0.006972200017763567,0.006940696097638251,0.0008215649702460254,0.0012709022134518328,0.4772682204006144,0.16066623182633058
intermittent_v2,quantity,le_p50,6,45036,1.0,0.010430544453326229,0.014180460126564492,0.041722177813304916,0.05672184050625797,0.005662136957100986,0.008442338417425017,0.3202921182435306,0.09276338424832876
intermittent_v2,quantity,le_p50,7,45036,0.6666666666666666,0.018864537999230244,0.03263108118057274,0.07545815199692098,0.13052432472229095,0.00781596944666489,0.013537656192029594,0.32684738714490374,0.3063095716896256
intermittent_v2,quantity,le_p50,8,45036,1.0,0.0009769961808331112,0.001381357825973652,0.003907984723332445,0.005525431303894608,0.0009547917221778133,0.0014038065474796823,0.5555532978943959,0.02637196784418142
intermittent_v2,quantity,le_p50,9,45036,1.0,0.03283854397963111,0.056733850325779996,0.13135417591852444,0.22693540130311998,0.013263463303431327,0.02278096660649879,0.4092527107167922,0.22181224740495176
intermittent_v2,quantity,le_p50,10,45036,1.0,0.07377246351067294,0.1224611256053521,0.2950898540426918,0.4898445024214084,0.12685407229771736,0.2189873789924509,0.3477368758449056,0.16757693815692518
intermittent_v2,quantity,le_p50,11,45036,1.0,0.05846804038250881,0.09587779288574744,0.23387216153003523,0.38351117154298975,0.04046392515617136,0.05980672872086489,0.45261780729326945,0.23484636853449242
intermittent_v2,quantity,le_p50,12,45036,1.0,0.044814148681055155,0.07504673291065897,0.17925659472422062,0.3001869316426359,0.006542913817094473,0.00732155899637637,0.4834007974713143,0.2274384592165053
intermittent_v2,quantity,le_p50,13,45036,1.0,0.002557213488468485,0.000187125542086279,0.01022885395387394,0.000748502168345116,0.0009399887497409479,0.0007244009671147272,0.549542775382302,0.21337068773086018
intermittent_v2,quantity,le_p50,14,45036,1.0,0.00304571157888504,0.0044322976914283555,0.01218284631554016,0.017729190765713422,0.0003034609349557391,0.00038223499226323703,0.4464737082189479,0.14152487743351228
intermittent_v2,quantity,le_p50,15,45036,1.0,0.000257201646090535,0.00038380381628757036,0.00102880658436214,0.0015352152651502814,0.00005181040352902863,0.0000462222666192853,0.5054175229084613,0.15577155771126747
intermittent_v2,quantity,le_p50,16,45036,1.0,0.0021297776593539983,0.0032004539065155946,0.008519110637415993,0.012801815626062378,0.002731148414601652,0.004258801277805734,0.5842945184672302,0.09870615726322969
intermittent_v2,quantity,le_p50,17,45036,1.0,0.00003515705953755514,0.00001784433705071675,0.00014062823815022055,0.000071377348202867,7.401486218432661e-6,0.000012819750181846205,0.5521263728539149,0.08779219817018173
intermittent_v2,quantity,le_p50,18,45036,1.0,0.05798139266364686,0.0847398124852742,0.23192557065458744,0.3389592499410968,0.02633448796518341,0.029325785896618554,0.4767217484284478,0.12793876646411548
intermittent_v2,quantity,le_p50,19,45036,1.0,0.004379829469757527,0.003768937058002857,0.01751931787903011,0.015075748232011427,0.0005995203836930456,0.0005043883422861954,0.37149586524878103,0.1089553413556019
intermittent_v2,quantity,le_p50,20,45036,1.0,0.0049552950232406665,0.005891577508974784,0.019821180092962666,0.023566310035899134,0.0018799774994818959,0.0016664195968805126,0.5158847497061926,0.21828766494059332
intermittent_v2,quantity,le_p50,21,45036,1.0,0.001434037954821328,0.0011811010194303245,0.005736151819285312,0.004724404077721298,0.00017763566924238386,0.00016763998657231437,0.4842272987960035,0.22824678305857554
intermittent_v2,quantity,le_p50,22,45036,1.0,0.02008208248216242,0.032185962319059604,0.08032832992864967,0.12874384927623841,0.0014358883263759364,0.0009447555754538743,0.517128135177951,0.21273343256881064
intermittent_v2,quantity,le_p50,23,45036,1.0,0.017334280723569292,0.02990372657260648,0.06933712289427717,0.11961490629042593,0.011879385380584423,0.020556472414660843,0.34102691385398226,0.02315655897867021
intermittent_v2,quantity,le_p50,24,45036,0.6666666666666666,0.00011287266483109808,0.00011987494698127066,0.0004514906593243923,0.00047949978792508264,7.401486218432661e-6,0.000012819750181846205,0.2909286222921991,0.25298333015359414
intermittent_v2,quantity,le_p50,25,45036,1.0,0.021906548835006073,0.025828053009911544,0.08762619534002429,0.10331221203964618,0.007312668383811469,0.00793206956490638,0.45260573082241556,0.12199988637723162
intermittent_v2,quantity,le_p50,26,45036,1.0,0.07075635787666164,0.12078975556924097,0.28302543150664655,0.4831590222769639,0.0849986677324807,0.1471643226312854,0.43851243124870076,0.24634551244886096
intermittent_v2,quantity,le_p50,27,45036,0.6666666666666666,0.0018392693252805164,0.002503794768028668,0.007357077301122066,0.010015179072114673,0.0011916392811676584,0.0015403451320545158,0.39776217141703335,0.35136600546119007
intermittent_v2,quantity,le_p50,28,45036,0.6666666666666666,0.0019780471918761284,0.0017717740027627287,0.007912188767504514,0.007087096011050915,0.003582319329721408,0.00538087539036745,0.40499943322528376,0.35866052051331765
intermittent_v2,quantity,le_p50,29,45036,1.0,0.001857773040826598,0.0030591745845066323,0.007431092163306392,0.01223669833802653,0.00091778429108565,0.0015128934756070307,0.4958894981953415,0.062341621121704285
intermittent_v2,quantity,le_p50,30,45036,1.0,0.0019909997927583857,0.0021582369256215703,0.007963999171033543,0.008632947702486281,0.0006143233561299109,0.0009310881387785419,0.36327320462881474,0.21747087000315207
intermittent_v2,quantity,le_p50,31,45036,0.6666666666666666,0.04060640376587619,0.07021220356486543,0.16242561506350475,0.28084881425946173,0.0469550285697368,0.08132849515363234,0.14339011534065044,0.16520220124910417
intermittent_v2,quantity,le_p50,32,45036,1.0,0.011444548065251503,0.01842087224128822,0.04577819226100601,0.07368348896515288,0.000962193208396246,0.0016665675236400069,0.3721232011059623,0.06473700109733599
intermittent_v2,quantity,le_p50,33,45036,1.0,0.035697368031500726,0.056680269007334534,0.1427894721260029,0.22672107602933814,0.006002605323148888,0.01024298039529512,0.2731351280225614,0.062434563619897444
intermittent_v2,quantity,le_p50,34,45036,1.0,0.00975145809278503,0.01555689394660923,0.03900583237114012,0.06222757578643692,0.0006291263285667761,0.0004108324921212043,0.4977220711229364,0.1915160125758936
intermittent_v2,quantity,le_p50,35,45036,1.0,0.0004459395446605678,0.00037667220705937387,0.0017837581786422712,0.0015066888282374955,0.00019984012789768185,0.00021181703557530545,0.5568935797011568,0.06431077735736743
intermittent_v2,quantity,le_p50,36,45036,1.0,0.0011731355656215768,0.0012715849718858941,0.004692542262486307,0.0050863398875435764,0.0005403084939455843,0.0005132705227695121,0.5452995113842501,0.12261398027309686
intermittent_v2,quantity,le_p50,37,45036,1.0,0.00025720164609053495,0.0004023058412825505,0.0010288065843621398,0.001609223365130202,0.00017763566924238386,0.0002886579625188738,0.5617024114116644,0.06524808891457129
intermittent_v2,quantity,le_p50,38,45036,1.0,0.0002942090771826983,0.00026372176747978737,0.0011768363087307932,0.0010548870699191495,0.0002516505314267105,0.00031112664767421174,0.5417304948657017,0.09273813878589937
intermittent_v2,quantity,le_p50,39,45036,1.0,0.04458840335139296,0.0765283233621008,0.17835361340557185,0.3061132934484032,0.025231666518636942,0.04297292700013459,0.504228706149532,0.1943880982550429
intermittent_v2,quantity,le_p50,40,45036,1.0,0.00008696746306658379,0.00010390128742462665,0.00034786985226633514,0.0004156051496985066,7.401486218432661e-6,0.000012819750181846205,0.5742178841888368,0.08753987295300844
intermittent_v2,quantity,le_p50,41,45036,1.0,0.005889732658317791,0.00538344512853054,0.023558930633271163,0.02153378051412216,0.000481096604198123,0.00028979441558533753,0.3911045701254478,0.2596319987388287
intermittent_v2,quantity,le_p50,42,45036,1.0,0.02653247772152648,0.04353332108826983,0.10612991088610592,0.17413328435307932,0.02358853657814489,0.0401847967723465,0.36097583212626083,0.08506647995961664
intermittent_v2,quantity,le_p50,43,45036,1.0,0.0013951801521745568,0.0011398904548988176,0.005580720608698227,0.00455956181959527,0.00034046836604790235,0.0003325730813669208,0.47513658971510736,0.1612805533801954
intermittent_v2,quantity,le_p50,44,45036,0.6666666666666666,0.00013507712348639607,0.00017521953698019507,0.0005403084939455843,0.0007008781479207803,0.000022204458655297982,0.00003845925054553862,0.28992509714558595,0.26114509406574477
intermittent_v2,quantity,le_p50,45,45036,1.0,0.0009658939515054623,0.0013556999467093562,0.0038635758060218493,0.005422799786837425,0.002553512745359268,0.004403598182802393,0.4665821293546102,0.04679508961145103
intermittent_v2,quantity,le_p50,46,45036,1.0,0.004068967048583355,0.006649524063694906,0.01627586819433342,0.026598096254779623,0.0009251857773040828,0.0015063615599076232,0.4812560009981341,0.25112467031207375
intermittent_v2,quantity,le_p50,47,45036,0.6666666666666666,0.0009159339195310419,0.0012779505106635149,0.0036637356781241675,0.0051118020426540595,0.0003330668798294698,0.0005577696370494924,0.3873448599551342,0.3556880169950871
intermittent_v2,quantity,le_p50,48,45036,1.0,0.0034731474079995263,0.003952480700705377,0.013892589631998105,0.015809922802821508,0.005425289398111141,0.008076513835083432,0.602753069596046,0.058152509675898995
intermittent_v2,quantity,le_p50,49,45036,1.0,0.01683097966071587,0.02868622976522981,0.06732391864286348,0.11474491906091924,0.007971400657251977,0.013576133600849366,0.4398947166616552,0.20720931753440577
intermittent_v2,quantity,le_p50,50,45036,1.0,0.07218299434526453,0.1247602199164325,0.2887319773810581,0.49904087966573,0.14765224857151316,0.2556065950285339,0.45664276956569766,0.19848043049048078
intermittent_v2,quantity,le_p50,51,45036,1.0,0.0036526334487965184,0.004990365635305011,0.014610533795186073,0.019961462541220044,0.007260857980282441,0.012060700785324133,0.5590060362764004,0.09238300685158603
intermittent_v2,quantity,le_p50,52,45036,1.0,0.005447493856766439,0.008704693564569765,0.021789975427065757,0.03481877425827906,0.00012582526571335524,0.0002179357530913855,0.4074710000650668,0.10111311313983185
intermittent_v2,quantity,le_p50,53,45036,1.0,0.029779879799863813,0.041146595763718714,0.11911951919945525,0.16458638305487486,0.01771175652070936,0.0269964976377525,0.35155182847996524,0.10550098871824264
intermittent_v2,quantity,le_p50,54,45036,1.0,0.07364108713029575,0.1271559557622897,0.294564348521183,0.5086238230491588,0.14748941587470765,0.25543993248964564,0.3900618965911129,0.23996696314586666
intermittent_v2,quantity,le_p50,55,45036,1.0,0.011494508097225922,0.0072518686353858905,0.04597803238890369,0.029007474541543562,0.006468898954910146,0.004092272292562808,0.465276845252675,0.1327411777871655
intermittent_v2,quantity,le_p50,56,45036,1.0,0.0024480415667466025,0.0030879020239999973,0.00979216626698641,0.01235160809599999,0.0027681558456938153,0.004737014785892053,0.49007949235743836,0.22060081042958182
intermittent_v2,quantity,le_p50,57,45036,0.6666666666666666,0.0011009710749918583,0.001654142132511881,0.004403884299967433,0.006616568530047524,0.0002886579625188738,0.0004808688122326076,0.26370003787467294,0.27891944413605124
intermittent_v2,quantity,le_p50,58,45036,1.0,0.002684889125736448,0.004318725586786765,0.010739556502945792,0.01727490234714706,0.00017023418302395123,0.0002394926975066382,0.4118542877290173,0.0917082610729709
intermittent_v2,quantity,le_p50,59,45036,1.0,0.0011157740474287236,0.0007348468222476646,0.0044630961897148946,0.0029393872889906586,0.0002516505314267105,0.00008973825127292343,0.5127916085811653,0.18801108646551115
intermittent_v2,quantity,le_p50,60,45036,1.0,0.08092785031234272,0.10124243459075524,0.32371140124937087,0.40496973836302097,0.16880569618379368,0.2880432268382171,0.29751957216363706,0.07796538635737657
intermittent_v2,quantity,le_p50,61,45036,1.0,0.011265062024454509,0.01222288432090934,0.045060248097818036,0.04889153728363736,0.0037081445954347627,0.0030136776049346555,0.4262468812839046,0.142370268716777
intermittent_v2,quantity,le_p50,62,45036,1.0,0.00020724161411611453,0.00012807726027083674,0.0008289664564644581,0.000512309041083347,0.0001554312105870859,0.00011749495119746827,0.6140991985192257,0.07306148811148189
intermittent_v2,quantity,le_p50,63,45036,1.0,0.0016486810551558752,0.0018265697971983205,0.006594724220623501,0.007306279188793282,0.0012138437398229564,0.00121666115845275,0.5723754712017387,0.09695413400827442
intermittent_v2,quantity,p50_p90,0,29579,0.0,0.0,0.0,0.0,0.0,0.0,0.0,0.0,0.0
intermittent_v2,quantity,p50_p90,1,29579,1.0,0.0003042699212278982,0.00024452273811639055,0.0012170796849115928,0.0009780909524655622,0.000011269256341774005,0.00001951892454747036,0.4438840473255916,0.18123582822611867
intermittent_v2,quantity,p50_p90,2,29579,0.3333333333333333,0.00010142330707596606,0.00017567032092723325,0.00040569322830386425,0.000702681283708933,0.000011269256341774005,0.00001951892454747036,0.1390401828620169,0.24082466101068073
intermittent_v2,quantity,p50_p90,3,29579,0.0,0.0,0.0,0.0,0.0,0.0,0.0,0.0,0.0
intermittent_v2,quantity,p50_p90,4,29579,0.3333333333333333,0.0010367715834432086,0.001795741058367273,0.004147086333772834,0.007182964233469092,0.00003380776902532202,0.00005855677364241108,0.14497137091298035,0.25109778006419486
intermittent_v2,quantity,p50_p90,5,29579,1.0,0.060761012880759996,0.104751045184947,0.24304405152303998,0.419004180739788,0.030843954607435456,0.05324772275832993,0.45670380675561667,0.05871917425301449
intermittent_v2,quantity,p50_p90,6,29579,0.3333333333333333,0.00003662508311076552,0.00006343650477927867,0.00014650033244306208,0.0002537460191171147,0.0,0.0,0.12599960962931314,0.21823772561181515
intermittent_v2,quantity,p50_p90,7,29579,0.6666666666666666,0.00017185615921205358,0.00016526374991336718,0.0006874246368482143,0.0006610549996534687,0.0,0.0,0.2821349652242364,0.24595322563097433
intermittent_v2,quantity,p50_p90,8,29579,1.0,0.021253817460585776,0.03456002633603371,0.0850152698423431,0.13824010534413483,0.013297722483293327,0.017202718206974294,0.4494455724377695,0.06284076068983767
intermittent_v2,quantity,p50_p90,9,29579,0.6666666666666666,0.0010593100961267565,0.0010825527082072035,0.004237240384507026,0.004330210832828814,0.0010367715834432086,0.0009594102416711298,0.23828133903508486,0.20687839884503093
intermittent_v2,quantity,p50_p90,10,29579,0.6666666666666666,0.0008705500524020421,0.0014859322158818032,0.0034822002096081685,0.005943728863527213,0.0006761553805064404,0.0011711354728482215,0.3026845721134303,0.3023377090251336
intermittent_v2,quantity,p50_p90,11,29579,1.0,0.00039724128604753375,0.00004705842289149415,0.001588965144190135,0.0001882336915659766,0.00011269256341774006,0.0001951892454747036,0.49184709221422684,0.1153735404074883
intermittent_v2,quantity,p50_p90,12,29579,0.6666666666666666,0.00027327946628801967,0.0002376083349135733,0.0010931178651520787,0.0009504333396542932,0.00002253851268354801,0.00001951892454747036,0.23490648681330187,0.21422042271223343
intermittent_v2,quantity,p50_p90,13,29579,1.0,0.0706638718910939,0.12109086914230327,0.2826554875643756,0.4843634765692131,0.13682004124547822,0.23662798266674256,0.4526457396032469,0.05297904615253336
intermittent_v2,quantity,p50_p90,14,29579,0.3333333333333333,0.009925397523017456,0.01719129279518452,0.039701590092069826,0.06876517118073808,0.006603784216279568,0.01143808978481763,0.15390839451184302,0.26657715900586704
intermittent_v2,quantity,p50_p90,15,29579,0.6666666666666666,0.08001453734068088,0.13857460508251623,0.32005814936272353,0.5542984203300649,0.12232777758995685,0.21184864825036923,0.292759077184547,0.261589000127603
intermittent_v2,quantity,p50_p90,16,29579,1.0,0.032745641615109816,0.0291281071902893,0.13098256646043926,0.1165124287611572,0.013737223480622514,0.016945158486629214,0.4357949516236659,0.0584621100633172
intermittent_v2,quantity,p50_p90,17,29579,1.0,0.016698220584423634,0.0287977410560623,0.06679288233769454,0.1151909642242492,0.007494055467279714,0.012921572277520114,0.4640822275080192,0.03735326102059008
intermittent_v2,quantity,p50_p90,18,29579,1.0,0.058546604009601405,0.0960268143835833,0.23418641603840562,0.3841072575343332,0.022606128221598656,0.03605779382597291,0.4337976188449102,0.015631140176132152
intermittent_v2,quantity,p50_p90,19,29579,0.6666666666666666,0.000030990454939878514,0.00003994232078715143,0.00012396181975951406,0.00015976928314860573,0.000011269256341774005,0.00001951892454747036,0.3456982296926004,0.3059303169289392
intermittent_v2,quantity,p50_p90,20,29579,0.6666666666666666,0.0006817900086773273,0.0011662863672368825,0.0027271600347093094,0.00466514546894753,0.0005183857917216043,0.0008978705291836364,0.2579695773828361,0.22787382711269213
intermittent_v2,quantity,p50_p90,21,29579,1.0,0.08783821855595748,0.12917581610195192,0.35135287422382994,0.5167032644078077,0.19782052582350088,0.3297210293691769,0.45089073719659817,0.06503729641418322
intermittent_v2,quantity,p50_p90,22,29579,1.0,0.004595039273358351,0.007415279318512217,0.018380157093433405,0.029661117274048868,0.00021411587049370614,0.00023985256041778245,0.45206532213109757,0.1722331254161283
intermittent_v2,quantity,p50_p90,23,29579,0.6666666666666666,0.0014565513821742906,0.0024210696412204067,0.0058262055286971625,0.009684278564881627,0.0012508874539369148,0.002108314929871715,0.2923993742608171,0.2546073327507677
intermittent_v2,quantity,p50_p90,24,29579,0.3333333333333333,0.0017157442780350925,0.002971756262352363,0.00686297711214037,0.011887025049409451,0.0012846952229622368,0.0022251573984116207,0.1511076178848254,0.26172607158722117
intermittent_v2,quantity,p50_p90,25,29579,1.0,0.00023665438317725413,0.00022882765425945574,0.0009466175327090165,0.000915310617037823,0.00006761553805064405,0.00005855677364241108,0.38017146133368146,0.06848043646688652
intermittent_v2,quantity,p50_p90,26,29579,1.0,0.0007606748030697455,0.0006534286149873383,0.003042699212278982,0.0026137144599493534,0.0007099631495317624,0.0011716233443431795,0.3939161882060261,0.1318231108248117
intermittent_v2,quantity,p50_p90,27,29579,1.0,0.0007127804636172059,0.0004297489201949209,0.0028511218544688237,0.0017189956807796836,0.00045077025367096024,0.00045650921488283566,0.3967547140641698,0.12125867360774194
intermittent_v2,quantity,p50_p90,28,29579,1.0,0.07496309318548068,0.12505432307319594,0.2998523727419227,0.5002172922927838,0.013838646787698479,0.023009815302377088,0.5316281677891075,0.11502870210119996
intermittent_v2,quantity,p50_p90,29,29579,0.6666666666666666,0.0010536754679558696,0.0009791250748766884,0.004214701871823478,0.0039165002995067534,0.0006761553805064404,0.0011711354728482215,0.2729387720588974,0.24047941096375336
intermittent_v2,quantity,p50_p90,30,29579,1.0,0.0002873660367152372,0.0004392571236413092,0.0011494641468609487,0.0017570284945652367,0.00012396181975951406,0.00015976928314860573,0.38611564474184745,0.09931132255333214
intermittent_v2,quantity,p50_p90,31,29579,0.3333333333333333,0.00003662508311076552,0.00006343650477927867,0.00014650033244306208,0.0002537460191171147,0.00002253851268354801,0.00003903784909494072,0.11923597714839838,0.20652277051114762
intermittent_v2,quantity,p50_p90,32,29579,0.6666666666666666,0.0029131027643485804,0.004806119012290664,0.011652411057394322,0.019224476049162657,0.00015776958878483609,0.00024457142357991264,0.2939414232423454,0.2563179664655885
intermittent_v2,quantity,p50_p90,33,29579,0.6666666666666666,0.0031074974362441826,0.005294751140126306,0.01242998974497673,0.021179004560505223,0.003718854592785422,0.006441245100665218,0.2746674451009175,0.24423337662535072
intermittent_v2,quantity,p50_p90,34,29579,1.0,0.00013804839018673157,0.00018055005206410083,0.0005521935607469263,0.0007222002082564033,0.0,0.0,0.4941653683781624,0.13164919732029923
intermittent_v2,quantity,p50_p90,35,29579,0.6666666666666666,0.04056087088813009,0.0687656956147876,0.16224348355252036,0.2750627824591504,0.013331530252318648,0.02207407422752575,0.30865025941642465,0.2697962177731667
intermittent_v2,quantity,p50_p90,36,29579,1.0,0.014866966428885358,0.02241986775417238,0.05946786571554143,0.08967947101668952,0.005352896762342654,0.006637209317012976,0.42997271049514957,0.047197280314757596
intermittent_v2,quantity,p50_p90,37,29579,0.3333333333333333,0.00007606748030697455,0.00013175274069542492,0.0003042699212278982,0.0005270109627816997,0.0,0.0,0.19633169748164989,0.34005647517446014
intermittent_v2,quantity,p50_p90,38,29579,1.0,0.0010198676989305476,0.0011166910475481648,0.00407947079572219,0.004466764190192659,0.0006761553805064404,0.0010561884682925933,0.4340675870726561,0.04829330351992929
intermittent_v2,quantity,p50_p90,39,29579,0.6666666666666666,0.011694670768675974,0.01997826468999976,0.0467786830747039,0.07991305875999904,0.00002253851268354801,0.00003903784909494072,0.2606463431347483,0.25202990184390395
intermittent_v2,quantity,p50_p90,40,29579,0.6666666666666666,0.0015241669202249342,0.001485002486254856,0.006096667680899737,0.005940009945019424,0.00040569322830386425,0.000702681283708933,0.28322060111998176,0.2474159819419974
intermittent_v2,quantity,p50_p90,41,29579,0.6666666666666666,0.00019721198598104513,0.00019863562817170203,0.0007888479439241805,0.0007945425126868081,0.00005634628170887003,0.0000975946227373518,0.28518748463045623,0.27252855912661095
intermittent_v2,quantity,p50_p90,42,29579,0.6666666666666666,0.00022820244092092363,0.0001987554686822551,0.0009128097636836945,0.0007950218747290204,0.000033807769025322016,0.000033807769025322016,0.27036579790430526,0.23416830391778873
intermittent_v2,quantity,p50_p90,43,29579,1.0,0.0008536461678893809,0.0011576075829734407,0.0034145846715575236,0.004630430331893763,0.00036061620293676816,0.0005955671371231306,0.46305908289818304,0.10903104366230999
intermittent_v2,quantity,p50_p90,44,29579,0.0,0.0,0.0,0.0,0.0,0.0,0.0,0.0,0.0
intermittent_v2,quantity,p50_p90,45,29579,0.6666666666666666,0.0003831547156203162,0.0005241112931126129,0.0015326188624812647,0.0020964451724504517,0.00006761553805064405,0.00011711354728482216,0.2475663674631338,0.2146278277478785
intermittent_v2,quantity,p50_p90,46,29579,0.0,0.0,0.0,0.0,0.0,0.0,0.0,0.0,0.0
intermittent_v2,quantity,p50_p90,47,29579,0.3333333333333333,5.6346281708870025e-6,9.75946227373518e-6,0.00002253851268354801,0.00003903784909494072,0.0,0.0,0.22749302784601846,0.3940294825969854
intermittent_v2,quantity,p50_p90,48,29579,0.6666666666666666,0.05228934942583138,0.09053853309145066,0.20915739770332553,0.36215413236580263,0.026663060504637296,0.04618177547931487,0.2965551393768149,0.25728099716735464
intermittent_v2,quantity,p50_p90,49,29579,1.0,0.0007015112072754319,0.0005207384225548315,0.0028060448291017275,0.002082953690219326,0.00014650033244306208,0.0002251032191243583,0.4171967745125893,0.10623699097347875
intermittent_v2,quantity,p50_p90,50,29579,0.6666666666666666,0.00042823174098741227,0.0004227097903582734,0.001712926963949649,0.0016908391614330936,0.0005634628170887003,0.0006798080228926231,0.2646410367465936,0.260393203878051
intermittent_v2,quantity,p50_p90,51,29579,0.6666666666666666,0.08609430113706797,0.12606086533275107,0.34437720454827186,0.5042434613310043,0.07754375288774694,0.1333154935193216,0.2887238487519899,0.2500727961641892
intermittent_v2,quantity,p50_p90,52,29579,0.6666666666666666,0.0012114450567407057,0.00206179468054114,0.004845780226962823,0.00824717872216456,0.0006423476114811184,0.001083432188982864,0.31006841376716016,0.2933302860653119
intermittent_v2,quantity,p50_p90,53,29579,0.3333333333333333,8.451942256330506e-6,0.00001463919341060277,0.00003380776902532202,0.00005855677364241108,0.000011269256341774005,0.00001951892454747036,0.11334007812870873,0.19631077385274964
intermittent_v2,quantity,p50_p90,54,29579,0.6666666666666666,0.00024228901134814112,0.0004051058626732635,0.0009691560453925645,0.001620423450693054,0.00020284661415193213,0.0003513406418544665,0.28194136089748806,0.2598453379252054
intermittent_v2,quantity,p50_p90,55,29579,1.0,0.0714273640082491,0.1234743463193327,0.2857094560329964,0.4938973852773308,0.1174481895939687,0.20339695394933768,0.5398257636795191,0.0839594238210678
intermittent_v2,quantity,p50_p90,56,29579,0.6666666666666666,0.0050937038664818505,0.008815235311704011,0.020374815465927402,0.035260941246816044,0.006434745371152958,0.011145305916605576,0.39934733637561,0.3530917654105406
intermittent_v2,quantity,p50_p90,57,29579,0.6666666666666666,0.00029018335080068067,0.00048804630416493777,0.0011607334032027227,0.001952185216659751,0.00009015405073419204,0.00015615139637976288,0.29752771285894286,0.2595573410077738
intermittent_v2,quantity,p50_p90,58,29579,0.6666666666666666,0.0006423476114811184,0.0010617536953825362,0.0025693904459244735,0.004247014781530145,0.00047330876635450826,0.000819794830993755,0.29271436727167693,0.2541255402984604
intermittent_v2,quantity,p50_p90,59,29579,1.0,0.009223886315742023,0.015611470258996738,0.036895545262968094,0.06244588103598695,0.002073543166886417,0.00347502644844122,0.38641136574916085,0.10984015341449647
intermittent_v2,quantity,p50_p90,60,29579,1.0,0.001797446386512954,0.002896098847014885,0.007189785546051816,0.01158439538805954,0.00351600797863349,0.005944113446436933,0.36649123939510303,0.0845064772862482
intermittent_v2,quantity,p50_p90,61,29579,1.0,0.033179507984268115,0.056811047090689376,0.13271803193707246,0.2272441883627575,0.002310197550063671,0.0031378151031416688,0.44925600996509235,0.07745823315066604
intermittent_v2,quantity,p50_p90,62,29579,1.0,0.05212312789479021,0.08639729289020598,0.20849251157916085,0.3455891715608239,0.01684753823095214,0.02906375730356001,0.4321076469231597,0.11880075608987285
intermittent_v2,quantity,p50_p90,63,29579,0.6666666666666666,0.0784481107091743,0.13583951716592754,0.3137924428366972,0.5433580686637102,0.1482245286633535,0.2567324145728776,0.33929339510056816,0.30213064406265366
intermittent_v2,quantity,p90_p95,0,7124,0.0,0.0,0.0,0.0,0.0,0.0,0.0,0.0,0.0
intermittent_v2,quantity,p90_p95,1,7124,0.0,0.0,0.0,0.0,0.0,0.0,0.0,0.0,0.0
intermittent_v2,quantity,p90_p95,2,7124,0.0,0.0,0.0,0.0,0.0,0.0,0.0,0.0,0.0
intermittent_v2,quantity,p90_p95,3,7124,0.0,0.0,0.0,0.0,0.0,0.0,0.0,0.0,0.0
intermittent_v2,quantity,p90_p95,4,7124,0.0,0.0,0.0,0.0,0.0,0.0,0.0,0.0,0.0
intermittent_v2,quantity,p90_p95,5,7124,0.3333333333333333,0.07095732734418865,0.12290169612943114,0.2838293093767546,0.49160678451772455,0.04169006176305446,0.07220930514429486,0.15915386012582047,0.27566257195863153
intermittent_v2,quantity,p90_p95,6,7124,0.0,0.0,0.0,0.0,0.0,0.0,0.0,0.0,0.0
intermittent_v2,quantity,p90_p95,7,7124,0.0,0.0,0.0,0.0,0.0,0.0,0.0,0.0,0.0
intermittent_v2,quantity,p90_p95,8,7124,0.3333333333333333,0.01493776904360846,0.02587297493525941,0.05975107617443384,0.10349189974103765,0.0014504959760434212,0.0025123327266814146,0.1340474285490673,0.23217695687094336
intermittent_v2,quantity,p90_p95,9,7124,0.0,0.0,0.0,0.0,0.0,0.0,0.0,0.0,0.0
intermittent_v2,quantity,p90_p95,10,7124,0.0,0.0,0.0,0.0,0.0,0.0,0.0,0.0,0.0
intermittent_v2,quantity,p90_p95,11,7124,0.0,0.0,0.0,0.0,0.0,0.0,0.0,0.0,0.0
intermittent_v2,quantity,p90_p95,12,7124,0.0,0.0,0.0,0.0,0.0,0.0,0.0,0.0,0.0
intermittent_v2,quantity,p90_p95,13,7124,0.3333333333333333,0.07436131386861314,0.12879757373801415,0.29744525547445255,0.5151902949520566,0.13672094329028636,0.23680762023751914,0.16001362572068353,0.277151729651534
intermittent_v2,quantity,p90_p95,14,7124,0.3333333333333333,0.00494806288601909,0.008570296317630956,0.01979225154407636,0.034281185270523824,0.0,0.0,0.14499709158079,0.25114232956764576
intermittent_v2,quantity,p90_p95,15,7124,0.3333333333333333,0.08304089462848586,0.143831048602511,0.33216357851394346,0.575324194410044,0.1413063821822946,0.24474983337347975,0.15956004900893578,0.2763661117416569
intermittent_v2,quantity,p90_p95,16,7124,0.6666666666666666,0.04104669661239004,0.05628385778449133,0.16418678644956017,0.22513543113796533,0.010621373760059892,0.009220042807556669,0.2964817109884031,0.25855746081294406
intermittent_v2,quantity,p90_p95,17,7124,0.3333333333333333,0.01338199513381995,0.023178295478415635,0.0535279805352798,0.09271318191366254,0.004117536964252293,0.007131783224127887,0.15559380701232903,0.2694963790884205
intermittent_v2,quantity,p90_p95,18,7124,0.3333333333333333,0.07316816395283549,0.1267309774628407,0.29267265581134194,0.5069239098513628,0.043748830245180614,0.07577519675635881,0.14748495433478556,0.2554514342598243
intermittent_v2,quantity,p90_p95,19,7124,0.0,0.0,0.0,0.0,0.0,0.0,0.0,0.0,0.0
intermittent_v2,quantity,p90_p95,20,7124,0.0,0.0,0.0,0.0,0.0,0.0,0.0,0.0,0.0
intermittent_v2,quantity,p90_p95,21,7124,0.6666666666666666,0.08295901179112858,0.1415369364661118,0.3318360471645143,0.5661477458644472,0.16825753322103687,0.29143059629504414,0.2874775626940753,0.2503398455182804
intermittent_v2,quantity,p90_p95,22,7124,0.3333333333333333,0.0006550626988583193,0.0011346018765658,0.002620250795433277,0.0045384075062632,0.0,0.0,0.15315694273227737,0.2652756063442213
intermittent_v2,quantity,p90_p95,23,7124,0.0,0.0,0.0,0.0,0.0,0.0,0.0,0.0,0.0
intermittent_v2,quantity,p90_p95,24,7124,0.0,0.0,0.0,0.0,0.0,0.0,0.0,0.0,0.0
intermittent_v2,quantity,p90_p95,25,7124,0.0,0.0,0.0,0.0,0.0,0.0,0.0,0.0,0.0
intermittent_v2,quantity,p90_p95,26,7124,0.0,0.0,0.0,0.0,0.0,0.0,0.0,0.0,0.0
intermittent_v2,quantity,p90_p95,27,7124,0.0,0.0,0.0,0.0,0.0,0.0,0.0,0.0,0.0
intermittent_v2,quantity,p90_p95,28,7124,0.6666666666666666,0.08216357851394347,0.139373946219261,0.3286543140557739,0.557495784877044,0.04309376754632229,0.07439759832931354,0.2915440875725042,0.2549911380227135
intermittent_v2,quantity,p90_p95,29,7124,0.0,0.0,0.0,0.0,0.0,0.0,0.0,0.0,0.0
intermittent_v2,quantity,p90_p95,30,7124,0.0,0.0,0.0,0.0,0.0,0.0,0.0,0.0,0.0
intermittent_v2,quantity,p90_p95,31,7124,0.0,0.0,0.0,0.0,0.0,0.0,0.0,0.0,0.0
intermittent_v2,quantity,p90_p95,32,7124,0.3333333333333333,0.000292438704847464,0.0005065186948954465,0.001169754819389856,0.002026074779581786,0.0,0.0,0.1559243174393972,0.2700688399405339
intermittent_v2,quantity,p90_p95,33,7124,0.0,0.0,0.0,0.0,0.0,0.0,0.0,0.0,0.0
intermittent_v2,quantity,p90_p95,34,7124,0.0,0.0,0.0,0.0,0.0,0.0,0.0,0.0,0.0
intermittent_v2,quantity,p90_p95,35,7124,0.3333333333333333,0.024810499719258843,0.04297304607492968,0.09924199887703537,0.17189218429971873,0.0038835860003743217,0.00672656826821153,0.15722412393187907,0.2723201708255204
intermittent_v2,quantity,p90_p95,36,7124,0.3333333333333333,0.002655343440014973,0.004599189749650654,0.010621373760059892,0.018396758998602616,0.0,0.0,0.13173455183726576,0.22817093689446027
intermittent_v2,quantity,p90_p95,37,7124,0.0,0.0,0.0,0.0,0.0,0.0,0.0,0.0,0.0
intermittent_v2,quantity,p90_p95,38,7124,0.0,0.0,0.0,0.0,0.0,0.0,0.0,0.0,0.0
intermittent_v2,quantity,p90_p95,39,7124,0.3333333333333333,0.029746865057084033,0.051523081644764816,0.11898746022833613,0.20609232657905927,0.0,0.0,0.15867513921739296,0.2748334030225895
intermittent_v2,quantity,p90_p95,40,7124,0.3333333333333333,0.00003509264458169568,0.000060782243387453585,0.00014037057832678272,0.00024312897354981434,0.0,0.0,0.13847278555234274,0.23984190004224717
intermittent_v2,quantity,p90_p95,41,7124,0.0,0.0,0.0,0.0,0.0,0.0,0.0,0.0,0.0
intermittent_v2,quantity,p90_p95,42,7124,0.0,0.0,0.0,0.0,0.0,0.0,0.0,0.0,0.0
intermittent_v2,quantity,p90_p95,43,7124,0.0,0.0,0.0,0.0,0.0,0.0,0.0,0.0,0.0
intermittent_v2,quantity,p90_p95,44,7124,0.0,0.0,0.0,0.0,0.0,0.0,0.0,0.0,0.0
intermittent_v2,quantity,p90_p95,45,7124,0.0,0.0,0.0,0.0,0.0,0.0,0.0,0.0,0.0
intermittent_v2,quantity,p90_p95,46,7124,0.0,0.0,0.0,0.0,0.0,0.0,0.0,0.0,0.0
intermittent_v2,quantity,p90_p95,47,7124,0.0,0.0,0.0,0.0,0.0,0.0,0.0,0.0,0.0
intermittent_v2,quantity,p90_p95,48,7124,0.3333333333333333,0.06562324536777091,0.1136627951345382,0.26249298147108363,0.4546511805381528,0.019464720194647202,0.033713884332240915,0.1475267887947748,0.25552389367003286
intermittent_v2,quantity,p90_p95,49,7124,0.0,0.0,0.0,0.0,0.0,0.0,0.0,0.0,0.0
intermittent_v2,quantity,p90_p95,50,7124,0.0,0.0,0.0,0.0,0.0,0.0,0.0,0.0,0.0
intermittent_v2,quantity,p90_p95,51,7124,0.6666666666666666,0.08334503088152723,0.14296211490183483,0.3333801235261089,0.5718484596073393,0.10799176492607149,0.18704722365099047,0.28266706424793003,0.24570816621501834
intermittent_v2,quantity,p90_p95,52,7124,0.0,0.0,0.0,0.0,0.0,0.0,0.0,0.0,0.0
intermittent_v2,quantity,p90_p95,53,7124,0.0,0.0,0.0,0.0,0.0,0.0,0.0,0.0,0.0
intermittent_v2,quantity,p90_p95,54,7124,0.0,0.0,0.0,0.0,0.0,0.0,0.0,0.0,0.0
intermittent_v2,quantity,p90_p95,55,7124,0.3333333333333333,0.08309938236945537,0.14393235234149007,0.3323975294778215,0.5757294093659603,0.2297398465281677,0.3979210867098628,0.14933561189967143,0.25865686718961833
intermittent_v2,quantity,p90_p95,56,7124,0.0,0.0,0.0,0.0,0.0,0.0,0.0,0.0,0.0
intermittent_v2,quantity,p90_p95,57,7124,0.0,0.0,0.0,0.0,0.0,0.0,0.0,0.0,0.0
intermittent_v2,quantity,p90_p95,58,7124,0.0,0.0,0.0,0.0,0.0,0.0,0.0,0.0,0.0
intermittent_v2,quantity,p90_p95,59,7124,0.0,0.0,0.0,0.0,0.0,0.0,0.0,0.0,0.0
intermittent_v2,quantity,p90_p95,60,7124,0.0,0.0,0.0,0.0,0.0,0.0,0.0,0.0,0.0
intermittent_v2,quantity,p90_p95,61,7124,0.3333333333333333,0.03518622496724686,0.060944329369820124,0.14074489986898744,0.2437773174792805,0.0065038367958075985,0.011264975774474729,0.14768686095675362,0.2558011467874576
intermittent_v2,quantity,p90_p95,62,7124,0.3333333333333333,0.06376333520494104,0.11044133623500316,0.25505334081976416,0.4417653449400126,0.007533221036870672,0.013047921580506702,0.1326737023873161,0.2297975933631037
intermittent_v2,quantity,p90_p95,63,7124,0.3333333333333333,0.0698226651693805,0.1209364035932368,0.279290660677522,0.4837456143729472,0.03387609956953023,0.05867512561668852,0.14766567414241094,0.2557644501485655
intermittent_v2,quantity,p95_p99,0,3405,0.0,0.0,0.0,0.0,0.0,0.0,0.0,0.0,0.0
intermittent_v2,quantity,p95_p99,1,3405,0.0,0.0,0.0,0.0,0.0,0.0,0.0,0.0,0.0
intermittent_v2,quantity,p95_p99,2,3405,0.0,0.0,0.0,0.0,0.0,0.0,0.0,0.0,0.0
intermittent_v2,quantity,p95_p99,3,3405,0.0,0.0,0.0,0.0,0.0,0.0,0.0,0.0,0.0
intermittent_v2,quantity,p95_p99,4,3405,0.0,0.0,0.0,0.0,0.0,0.0,0.0,0.0,0.0
intermittent_v2,quantity,p95_p99,5,3405,0.3333333333333333,0.0707537934410181,0.12254916506807696,0.2830151737640724,0.49019666027230785,0.035535976505139504,0.061550116803475524,0.1400885008430998,0.24264040101640433
intermittent_v2,quantity,p95_p99,6,3405,0.0,0.0,0.0,0.0,0.0,0.0,0.0,0.0,0.0
intermittent_v2,quantity,p95_p99,7,3405,0.0,0.0,0.0,0.0,0.0,0.0,0.0,0.0,0.0
intermittent_v2,quantity,p95_p99,8,3405,0.3333333333333333,0.036930983847283404,0.06396634039700039,0.14772393538913361,0.25586536158800155,0.0005873715124816446,0.0010173573025367855,0.1103972387492907,0.19121362652908308
intermittent_v2,quantity,p95_p99,9,3405,0.0,0.0,0.0,0.0,0.0,0.0,0.0,0.0,0.0
intermittent_v2,quantity,p95_p99,10,3405,0.0,0.0,0.0,0.0,0.0,0.0,0.0,0.0,0.0
intermittent_v2,quantity,p95_p99,11,3405,0.0,0.0,0.0,0.0,0.0,0.0,0.0,0.0,0.0
intermittent_v2,quantity,p95_p99,12,3405,0.0,0.0,0.0,0.0,0.0,0.0,0.0,0.0,0.0
intermittent_v2,quantity,p95_p99,13,3405,0.3333333333333333,0.0793196279980421,0.13738562573007174,0.3172785119921684,0.549542502920287,0.09946157611355849,0.17227250322956233,0.1409739165912743,0.24417398607806423
intermittent_v2,quantity,p95_p99,14,3405,0.3333333333333333,0.004845814977973568,0.00839319774592848,0.019383259911894272,0.03357279098371392,0.0,0.0,0.13941941272329403,0.24148150639816
intermittent_v2,quantity,p95_p99,15,3405,0.3333333333333333,0.08333333333333333,0.14433756729740646,0.3333333333333333,0.5773502691896258,0.18208516886930984,0.3153807637864035,0.14142117016290953,0.24494865198800306
intermittent_v2,quantity,p95_p99,16,3405,0.6666666666666666,0.04180127263827704,0.04745941224033661,0.16720509055310817,0.18983764896134644,0.009789525208027412,0.014015099495387788,0.26872221529181434,0.23354907858631535
intermittent_v2,quantity,p95_p99,17,3405,0.3333333333333333,0.030151737640724426,0.05222434153022165,0.1206069505628977,0.2088973661208866,0.014880078316201665,0.02577305166426523,0.14063994898521281,0.24359553721628358
intermittent_v2,quantity,p95_p99,18,3405,0.3333333333333333,0.06771904062652961,0.11729281900497023,0.27087616250611846,0.4691712760198809,0.0029368575624082235,0.005086786512683928,0.1324471509531311,0.2294051947685677
intermittent_v2,quantity,p95_p99,19,3405,0.0,0.0,0.0,0.0,0.0,0.0,0.0,0.0,0.0
intermittent_v2,quantity,p95_p99,20,3405,0.0,0.0,0.0,0.0,0.0,0.0,0.0,0.0,0.0
intermittent_v2,quantity,p95_p99,21,3405,0.6666666666666666,0.08264806656877141,0.14308707032232806,0.33059226627508564,0.5723482812893123,0.07567302985805188,0.13106953247682254,0.2770187761016649,0.25070329771840516
intermittent_v2,quantity,p95_p99,22,3405,0.3333333333333333,0.00036710719530102793,0.000635848314085491,0.0014684287812041117,0.002543393256341964,0.0,0.0,0.15171098907788594,0.26277114114942546
intermittent_v2,quantity,p95_p99,23,3405,0.0,0.0,0.0,0.0,0.0,0.0,0.0,0.0,0.0
intermittent_v2,quantity,p95_p99,24,3405,0.0,0.0,0.0,0.0,0.0,0.0,0.0,0.0,0.0
intermittent_v2,quantity,p95_p99,25,3405,0.0,0.0,0.0,0.0,0.0,0.0,0.0,0.0,0.0
intermittent_v2,quantity,p95_p99,26,3405,0.0,0.0,0.0,0.0,0.0,0.0,0.0,0.0,0.0
intermittent_v2,quantity,p95_p99,27,3405,0.0,0.0,0.0,0.0,0.0,0.0,0.0,0.0,0.0
intermittent_v2,quantity,p95_p99,28,3405,0.6666666666666666,0.04779735682819383,0.08177220276978575,0.19118942731277533,0.327088811079143,0.0022515907978463046,0.0038998696597243444,0.26035253614003895,0.22983254975618078
intermittent_v2,quantity,p95_p99,29,3405,0.0,0.0,0.0,0.0,0.0,0.0,0.0,0.0,0.0
intermittent_v2,quantity,p95_p99,30,3405,0.0,0.0,0.0,0.0,0.0,0.0,0.0,0.0,0.0
intermittent_v2,quantity,p95_p99,31,3405,0.0,0.0,0.0,0.0,0.0,0.0,0.0,0.0,0.0
intermittent_v2,quantity,p95_p99,32,3405,0.3333333333333333,0.00036710719530102793,0.000635848314085491,0.0014684287812041117,0.002543393256341964,0.0002936857562408223,0.0005086786512683928,0.1574031174182892,0.2726301966382066
intermittent_v2,quantity,p95_p99,33,3405,0.0,0.0,0.0,0.0,0.0,0.0,0.0,0.0,0.0
intermittent_v2,quantity,p95_p99,34,3405,0.0,0.0,0.0,0.0,0.0,0.0,0.0,0.0,0.0
intermittent_v2,quantity,p95_p99,35,3405,0.3333333333333333,0.023201174743024962,0.04018561345020302,0.09280469897209985,0.1607424538008121,0.0001957905041605482,0.00033911910084559514,0.13806336596293792,0.23913276451178403
intermittent_v2,quantity,p95_p99,36,3405,0.3333333333333333,0.00026921194322075383,0.0004662887636626934,0.0010768477728830153,0.0018651550546507736,0.0,0.0,0.13794770475589868,0.23893243342472736
intermittent_v2,quantity,p95_p99,37,3405,0.0,0.0,0.0,0.0,0.0,0.0,0.0,0.0,0.0
intermittent_v2,quantity,p95_p99,38,3405,0.0,0.0,0.0,0.0,0.0,0.0,0.0,0.0,0.0
intermittent_v2,quantity,p95_p99,39,3405,0.3333333333333333,0.015002447381302006,0.02598500110229373,0.060009789525208024,0.10394000440917492,0.0,0.0,0.13937514741632068,0.24140483663746956
intermittent_v2,quantity,p95_p99,40,3405,0.0,0.0,0.0,0.0,0.0,0.0,0.0,0.0,0.0
intermittent_v2,quantity,p95_p99,41,3405,0.0,0.0,0.0,0.0,0.0,0.0,0.0,0.0,0.0
intermittent_v2,quantity,p95_p99,42,3405,0.0,0.0,0.0,0.0,0.0,0.0,0.0,0.0,0.0
intermittent_v2,quantity,p95_p99,43,3405,0.0,0.0,0.0,0.0,0.0,0.0,0.0,0.0,0.0
intermittent_v2,quantity,p95_p99,44,3405,0.0,0.0,0.0,0.0,0.0,0.0,0.0,0.0,0.0
intermittent_v2,quantity,p95_p99,45,3405,0.0,0.0,0.0,0.0,0.0,0.0,0.0,0.0,0.0
intermittent_v2,quantity,p95_p99,46,3405,0.0,0.0,0.0,0.0,0.0,0.0,0.0,0.0,0.0
intermittent_v2,quantity,p95_p99,47,3405,0.0,0.0,0.0,0.0,0.0,0.0,0.0,0.0,0.0
intermittent_v2,quantity,p95_p99,48,3405,0.3333333333333333,0.07063142437591777,0.12233721563004846,0.28252569750367107,0.48934886252019383,0.008223201174743025,0.014243002235514998,0.13321476400958718,0.23073473958290291
intermittent_v2,quantity,p95_p99,49,3405,0.0,0.0,0.0,0.0,0.0,0.0,0.0,0.0,0.0
intermittent_v2,quantity,p95_p99,50,3405,0.0,0.0,0.0,0.0,0.0,0.0,0.0,0.0,0.0
intermittent_v2,quantity,p95_p99,51,3405,0.6666666666666666,0.08901125795398923,0.1394966058074744,0.3560450318159569,0.5579864232298976,0.2014684287812041,0.3489535547701174,0.2530224026373525,0.22181453088957437
intermittent_v2,quantity,p95_p99,52,3405,0.0,0.0,0.0,0.0,0.0,0.0,0.0,0.0,0.0
intermittent_v2,quantity,p95_p99,53,3405,0.0,0.0,0.0,0.0,0.0,0.0,0.0,0.0,0.0
intermittent_v2,quantity,p95_p99,54,3405,0.0,0.0,0.0,0.0,0.0,0.0,0.0,0.0,0.0
intermittent_v2,quantity,p95_p99,55,3405,0.3333333333333333,0.08313754282917278,0.14399844819656085,0.3325501713166911,0.5759937927862434,0.3094468918257464,0.5359777388864632,0.13540172384480312,0.23452266513160938
intermittent_v2,quantity,p95_p99,56,3405,0.0,0.0,0.0,0.0,0.0,0.0,0.0,0.0,0.0
intermittent_v2,quantity,p95_p99,57,3405,0.0,0.0,0.0,0.0,0.0,0.0,0.0,0.0,0.0
intermittent_v2,quantity,p95_p99,58,3405,0.0,0.0,0.0,0.0,0.0,0.0,0.0,0.0,0.0
intermittent_v2,quantity,p95_p99,59,3405,0.0,0.0,0.0,0.0,0.0,0.0,0.0,0.0,0.0
intermittent_v2,quantity,p95_p99,60,3405,0.0,0.0,0.0,0.0,0.0,0.0,0.0,0.0,0.0
intermittent_v2,quantity,p95_p99,61,3405,0.3333333333333333,0.02459618208516887,0.0426018370437279,0.09838472834067548,0.1704073481749116,0.006265296133137543,0.010851811227059045,0.1332306542404453,0.2307622622700932
intermittent_v2,quantity,p95_p99,62,3405,0.6666666666666666,0.07219774840920215,0.1249865889966909,0.2887909936368086,0.4999463559867636,0.04473813020068527,0.07748871454321851,0.2589375672299161,0.22998068369901964
intermittent_v2,quantity,p95_p99,63,3405,0.3333333333333333,0.07591776798825257,0.13149343135287953,0.3036710719530103,0.5259737254115181,0.006167400881057269,0.010682251676636247,0.13287747151270596,0.23015053184129283
intermittent_v2,quantity_region,body_le_p95,0,81739,0.6666666666666666,0.01739989478706615,0.030134853104216913,0.0695995791482646,0.12053941241686765,0.013310659538286496,0.023054738602563508,0.28752807214378245,0.26316271717455475
intermittent_v2,quantity_region,body_le_p95,1,81739,1.0,0.005167871721781116,0.0029950603339694236,0.020671486887124463,0.011980241335877695,0.0009216326763641998,0.0006838319073086562,0.48211146600605764,0.19901813365113463
intermittent_v2,quantity_region,body_le_p95,2,81739,1.0,0.00020594004493978803,0.0003170005389798297,0.0008237601797591521,0.0012680021559193188,0.00006932635176190885,0.0001096525090817419,0.5440554871644613,0.09474016971868068
intermittent_v2,quantity_region,body_le_p95,3,81739,0.6666666666666666,2.039010345938495e-6,1.7658347581620334e-6,8.15604138375398e-6,7.0633390326481334e-6,0.0,0.0,0.36325788497924805,0.3302195193802677
intermittent_v2,quantity_region,body_le_p95,4,81739,1.0,0.0005056745657927468,0.0006440650805436393,0.002022698263170987,0.0025762603221745574,0.00003670218622689291,0.000044110538120896865,0.3587293611866045,0.09995628967612956
intermittent_v2,quantity_region,body_le_p95,5,81739,1.0,0.02913236031759625,0.04782257113008998,0.116529441270385,0.19129028452035993,0.015247719366928066,0.02518682113500031,0.4399814577771372,0.12683009691777908
intermittent_v2,quantity_region,body_le_p95,6,81739,1.0,0.005760204227276249,0.007798536472844617,0.023040816909104995,0.031194145891378467,0.003119685829285898,0.0046515023791232225,0.3148113864531157,0.08513069829366775
intermittent_v2,quantity_region,body_le_p95,7,81739,0.6666666666666666,0.010456045053972603,0.018028352293794757,0.04182418021589041,0.07211340917517903,0.004306389850622102,0.007458886018476428,0.28997831629148235,0.2585912913313701
intermittent_v2,quantity_region,body_le_p95,8,81739,1.0,0.009531353862089496,0.015515111058371391,0.038125415448357985,0.062060444233485564,0.005464547727115167,0.0071976672426694475,0.4917033519852172,0.04675453204837563
intermittent_v2,quantity_region,body_le_p95,9,81739,1.0,0.018476492249721675,0.03160569913852861,0.0739059689988867,0.12642279655411445,0.00768299098349625,0.012823047994206064,0.4358868735264763,0.20127356702274135
intermittent_v2,quantity_region,body_le_p95,10,81739,1.0,0.04096167883955843,0.06801051198684793,0.16384671535823372,0.27204204794739173,0.07013787787959236,0.12107998082182662,0.34793239979527074,0.16761121988795727
intermittent_v2,quantity_region,body_le_p95,11,81739,1.0,0.03235807468487095,0.052813054533621576,0.1294322987394838,0.2112522181344863,0.02233531932941028,0.03302221138688813,0.4562841815272112,0.22762073230552318
intermittent_v2,quantity_region,body_le_p95,12,81739,1.0,0.024790287785920226,0.041399259211424025,0.0991611511436809,0.1655970368456961,0.0036131263330030135,0.0040389516552481845,0.47979834587884446,0.22608298918766806
intermittent_v2,quantity_region,body_le_p95,13,81739,1.0,0.03346117928202368,0.055056079028593566,0.13384471712809473,0.22022431611437426,0.06194513430961149,0.1066458456116443,0.46075701157987653,0.11411301861526191
intermittent_v2,quantity_region,body_le_p95,14,81739,1.0,0.005701072927244033,0.006367012478615997,0.022804291708976132,0.025468049914463987,0.0025569189738068733,0.004084070026803085,0.4367301943773328,0.1380609450951554
intermittent_v2,quantity_region,body_le_p95,15,81739,1.0,0.036334144859451016,0.06289285591373063,0.14533657943780406,0.2515714236549225,0.05661108324463638,0.0980108954712222,0.4407707218390315,0.05208121154055554
intermittent_v2,quantity_region,body_le_p95,16,81739,1.0,0.01660060273145826,0.015124810537971132,0.06640241092583304,0.06049924215188453,0.007401607555756738,0.00885870284956373,0.44414802031922584,0.05718138042655485
intermittent_v2,quantity_region,body_le_p95,17,81739,1.0,0.007228291676351965,0.01245090238242536,0.02891316670540786,0.04980360952970144,0.0030748276016752513,0.005304581721367563,0.4947190816341059,0.05383034670083578
intermittent_v2,quantity_region,body_le_p95,18,81739,1.0,0.05950953645138796,0.04722725694542928,0.23803814580555183,0.18890902778171711,0.026503056476508562,0.017871910212185517,0.42834244546633204,0.08741896797400127
intermittent_v2,quantity_region,body_le_p95,19,81739,1.0,0.0024243833013208706,0.002091010080525218,0.009697533205283482,0.008364040322100872,0.0003343976967339132,0.0002849074652199247,0.3718238408327299,0.10914926386271752
intermittent_v2,quantity_region,body_le_p95,20,81739,1.0,0.002976955105070203,0.003088331911914697,0.011907820420280811,0.012353327647658788,0.0012234062075630974,0.0011619783094386083,0.5076671995544499,0.2200064116333375
intermittent_v2,quantity_region,body_le_p95,21,81739,1.0,0.03980657947858427,0.05852393577449785,0.15922631791433708,0.2340957430979914,0.08634801012980338,0.1446268745917582,0.39656858519138827,0.15092753426528585
intermittent_v2,quantity_region,body_le_p95,22,81739,1.0,0.012784594869034367,0.01638683086271318,0.05113837947613747,0.06554732345085272,0.0008686184073697991,0.000500700569610128,0.47795762895233623,0.19821045094400608
intermittent_v2,quantity_region,body_le_p95,23,81739,1.0,0.010077808634801013,0.01607364529953353,0.04031123453920405,0.06429458119813412,0.006997883507260916,0.010975140198968699,0.3564531539534859,0.04878027173558468
intermittent_v2,quantity_region,body_le_p95,24,81739,0.6666666666666666,0.000683068465889396,0.0010712331443731979,0.002732273863557584,0.004284932577492791,0.00046897237956585396,0.0008017123168891404,0.28902009830818204,0.25109349208073417
intermittent_v2,quantity_region,body_le_p95,25,81739,1.0,0.012155560177312341,0.014192790835858463,0.048622240709249365,0.05677116334343385,0.004053552567725729,0.004349984740346522,0.4491568756142581,0.11878368114751454
intermittent_v2,quantity_region,body_le_p95,26,81739,1.0,0.039260124705872756,0.06670365189013547,0.15704049882349103,0.26681460756054187,0.047088904929103614,0.08150740283308384,0.4410383760338546,0.24161699596084807
intermittent_v2,quantity_region,body_le_p95,27,81739,1.0,0.0012713229506926516,0.0015321005560990795,0.0050852918027706065,0.006128402224396318,0.000819682159067275,0.001008030294234797,0.4763923849159493,0.1694630836976587
intermittent_v2,quantity_region,body_le_p95,28,81739,1.0,0.035377849007205864,0.05768279726648481,0.14151139602882346,0.23073118906593923,0.010737428481712117,0.013872834816422793,0.5551410767760855,0.11851777096168287
intermittent_v2,quantity_region,body_le_p95,29,81739,1.0,0.0014048781283516234,0.0019731605415565265,0.005619512513406494,0.007892642166226106,0.0007503558073053662,0.0012573338689223998,0.4770713284447181,0.07047520345442689
intermittent_v2,quantity_region,body_le_p95,30,81739,1.0,0.0012009770937577737,0.0010870100699334403,0.004803908375031095,0.004348040279733761,0.0003833339450364371,0.00047890272066436484,0.3404757860014966,0.17679602457546775
intermittent_v2,quantity_region,body_le_p95,31,81739,0.6666666666666666,0.02238629458805874,0.03870799969667317,0.08954517835223497,0.15483199878669268,0.025879119310651382,0.04482394950118505,0.14339676709807872,0.1652131119319854
intermittent_v2,quantity_region,body_le_p95,32,81739,1.0,0.00738529547298923,0.009409211362828164,0.02954118189195692,0.037636845451312656,0.0005872349796302866,0.0008718861646262779,0.3892713026618293,0.08208505988420448
intermittent_v2,quantity_region,body_le_p95,33,81739,1.0,0.020792808002707806,0.033143713788845175,0.08317123201083122,0.1325748551553807,0.004653021609431646,0.007974509767859742,0.2755656655218723,0.06227605411123786
intermittent_v2,quantity_region,body_le_p95,34,81739,1.0,0.0054227480150234285,0.008636753943330277,0.021690992060093714,0.03454701577332111,0.00034663175880954425,0.00022635770091597107,0.4968118084438364,0.18966566441331345
intermittent_v2,quantity_region,body_le_p95,35,81739,1.0,0.017085887193791623,0.028739595623087366,0.06834354877516649,0.11495838249234946,0.005272880754596949,0.008567137277651049,0.5065832933687876,0.06400689042779026
intermittent_v2,quantity_region,body_le_p95,36,81739,1.0,0.006257722751685242,0.009194371270030723,0.02503089100674097,0.03677748508012289,0.002234755339148591,0.0026670629452590112,0.4537137601563457,0.07153469131934787
intermittent_v2,quantity_region,body_le_p95,37,81739,1.0,0.0001692378587128951,0.00026932887773400174,0.0006769514348515804,0.001077315510936007,0.00009787249660504776,0.00015904280698320265,0.5647728798748834,0.06358941273026471
intermittent_v2,quantity_region,body_le_p95,38,81739,1.0,0.000531162195116978,0.00040286969510621476,0.002124648780467912,0.001611478780424859,0.00038333394503643715,0.00036381338862625254,0.45500689835126434,0.04490847890994361
intermittent_v2,quantity_region,body_le_p95,39,81739,1.0,0.031391583780896105,0.0378063009680139,0.12556633512358442,0.1512252038720556,0.013910128579992414,0.023669960480409327,0.43699435975447526,0.11028862816731966
intermittent_v2,quantity_region,body_le_p95,40,81739,1.0,0.0006025275572248253,0.0005380814633673919,0.002410110228899301,0.0021523258534695677,0.00015088676559944864,0.0002508231372976879,0.5066886605117832,0.14054983248027894
intermittent_v2,quantity_region,body_le_p95,41,81739,1.0,0.003316450327668963,0.0029360734768747684,0.013265801310675852,0.011744293907499074,0.00028546144843138934,0.00016655107807910657,0.377297582982151,0.2346019824556872
intermittent_v2,quantity_region,body_le_p95,42,81739,1.0,0.01470126459421655,0.024016891859338904,0.0588050583768662,0.09606756743735562,0.013008886007087599,0.022151391358176637,0.3640904275870471,0.08159227958389928
intermittent_v2,quantity_region,body_le_p95,43,81739,1.0,0.0010776169678284949,0.0009905498829450375,0.004310467871313979,0.00396219953178015,0.0003180856139664053,0.0003943469203510245,0.47686493394287494,0.1517403993109929
intermittent_v2,quantity_region,body_le_p95,44,81739,0.6666666666666666,0.00007442387762675508,0.00009654127243347808,0.00029769551050702034,0.0003861650897339123,0.000012234062075630972,0.0000211900170979444,0.28992509714558595,0.26114509406574477
intermittent_v2,quantity_region,body_le_p95,45,81739,1.0,0.0006708344038137649,0.0007033876436742781,0.0026833376152550596,0.0028135505746971125,0.0014313852628488237,0.0024052614079482634,0.43441208170239926,0.059448863692609925
intermittent_v2,quantity_region,body_le_p95,46,81739,1.0,0.0022418918753593755,0.003663709682435114,0.008967567501437502,0.014654838729740455,0.0005097525864846238,0.0008299648786013984,0.4812560009981341,0.25112467031207375
intermittent_v2,quantity_region,body_le_p95,47,81739,0.6666666666666666,0.0005066940709657161,0.0007076107720469855,0.0020267762838628643,0.002830443088187942,0.00018351093113446457,0.00030731613274154245,0.3873188063433349,0.3556537446348889
intermittent_v2,quantity_region,body_le_p95,48,81739,1.0,0.02655505124032999,0.04475198965972982,0.10622020496131997,0.17900795863891927,0.014334242731947623,0.02408859898077583,0.5615166961999614,0.11548399051811248
intermittent_v2,quantity_region,body_le_p95,49,81739,1.0,0.00952727584139762,0.0158708792785825,0.03810910336559048,0.06348351711433,0.00444504255414592,0.007561306908762488,0.41083857692243303,0.1773351329954465
intermittent_v2,quantity_region,body_le_p95,50,81739,1.0,0.03992586158382167,0.0687433132597895,0.1597034463352867,0.274973253039158,0.08155633581684793,0.1407726042201982,0.42970615625122216,0.1654560463531453
intermittent_v2,quantity_region,body_le_p95,51,81739,1.0,0.04043153614961442,0.0607118983248264,0.1617261445984577,0.2428475932993056,0.04147347043638899,0.07118787531833783,0.504228184942746,0.1217365403934481
intermittent_v2,quantity_region,body_le_p95,52,81739,1.0,0.003439810453598242,0.004510239610082497,0.013759241814392968,0.018040958440329987,0.0003017735311988973,0.00034976011683352404,0.36509902175448755,0.03576681216388642
intermittent_v2,quantity_region,body_le_p95,53,81739,1.0,0.01641097476928598,0.02267590755659283,0.06564389907714392,0.09070363022637132,0.009762781536353515,0.014881387589446474,0.351554558407575,0.10549907623595933
intermittent_v2,quantity_region,body_le_p95,54,81739,1.0,0.04066194431870547,0.07020609355796423,0.16264777727482188,0.2808243742318569,0.08133612269948658,0.14086770213043084,0.3932427022596081,0.23630664233298543
intermittent_v2,quantity_region,body_le_p95,55,81739,1.0,0.03942324553354784,0.05569022941371321,0.15769298213419136,0.22276091765485284,0.06608840333255851,0.1099235998808423,0.44435879817666796,0.12711115309925217
intermittent_v2,quantity_region,body_le_p95,56,81739,1.0,0.0031920706965667144,0.004885536337001917,0.012768282786266858,0.019542145348007668,0.003853729553823756,0.006643095707067618,0.4590119897130229,0.18382266426899446
intermittent_v2,quantity_region,body_le_p95,57,81739,1.0,0.0007116146107325349,0.0010871348458838515,0.0028464584429301397,0.004348539383535406,0.00019166697251821855,0.0003214401350467309,0.3979431621638345,0.1546971461980692
intermittent_v2,quantity_region,body_le_p95,58,81739,1.0,0.0017117491854153671,0.0027635330890164425,0.0068469967416614685,0.01105413235606577,0.00026507134497200444,0.00042772585922516915,0.4131356995743937,0.07451848533915724
intermittent_v2,quantity_region,body_le_p95,59,81739,1.0,0.003952621555601774,0.006025552954072925,0.015810486222407095,0.0241022118162917,0.0008890085108291839,0.0012343879653248734,0.43635693968097106,0.10776879832318839
intermittent_v2,quantity_region,body_le_p95,60,81739,1.0,0.04523952254533739,0.05681659191450003,0.18095809018134956,0.22726636765800012,0.09427976037550416,0.16085506643674308,0.2983067508867171,0.07814074654818015
intermittent_v2,quantity_region,body_le_p95,61,81739,1.0,0.02128013147538711,0.022744912660069068,0.08512052590154844,0.09097965064027627,0.003445927484636057,0.00370480717250881,0.3762403301905793,0.052751200888013994
intermittent_v2,quantity_region,body_le_p95,62,81739,1.0,0.024533372482331978,0.040820092273477916,0.09813348992932791,0.16328036909391166,0.006838840700277713,0.011590945809008005,0.4583355609292594,0.0974159021154719
intermittent_v2,quantity_region,body_le_p95,63,81739,1.0,0.03538192702789774,0.060687608151154836,0.14152770811159096,0.24275043260461934,0.057259488534644826,0.09865739445278225,0.5209184114401029,0.11593677335206083
intermittent_v2,quantity_region,extreme_tail_gt_p99,0,1141,0.0,0.0,0.0,0.0,0.0,0.0,0.0,0.0,0.0
intermittent_v2,quantity_region,extreme_tail_gt_p99,1,1141,0.0,0.0,0.0,0.0,0.0,0.0,0.0,0.0,0.0
intermittent_v2,quantity_region,extreme_tail_gt_p99,2,1141,0.0,0.0,0.0,0.0,0.0,0.0,0.0,0.0,0.0
intermittent_v2,quantity_region,extreme_tail_gt_p99,3,1141,0.0,0.0,0.0,0.0,0.0,0.0,0.0,0.0,0.0
intermittent_v2,quantity_region,extreme_tail_gt_p99,4,1141,0.0,0.0,0.0,0.0,0.0,0.0,0.0,0.0,0.0
intermittent_v2,quantity_region,extreme_tail_gt_p99,5,1141,0.3333333333333333,0.08333333333333333,0.14433756729740646,0.3333333333333333,0.5773502691896258,0.026292725679228746,0.04554033674589511,0.12863464307408914,0.2228017374178104
intermittent_v2,quantity_region,extreme_tail_gt_p99,6,1141,0.0,0.0,0.0,0.0,0.0,0.0,0.0,0.0,0.0
intermittent_v2,quantity_region,extreme_tail_gt_p99,7,1141,0.0,0.0,0.0,0.0,0.0,0.0,0.0,0.0,0.0
intermittent_v2,quantity_region,extreme_tail_gt_p99,8,1141,0.3333333333333333,0.06536663745252702,0.11321833718771145,0.2614665498101081,0.4528733487508458,0.0011685655857434998,0.002024014966484227,0.10325981404084289,0.17885124429885402
intermittent_v2,quantity_region,extreme_tail_gt_p99,9,1141,0.0,0.0,0.0,0.0,0.0,0.0,0.0,0.0,0.0
intermittent_v2,quantity_region,extreme_tail_gt_p99,10,1141,0.0,0.0,0.0,0.0,0.0,0.0,0.0,0.0,0.0
intermittent_v2,quantity_region,extreme_tail_gt_p99,11,1141,0.0,0.0,0.0,0.0,0.0,0.0,0.0,0.0,0.0
intermittent_v2,quantity_region,extreme_tail_gt_p99,12,1141,0.0,0.0,0.0,0.0,0.0,0.0,0.0,0.0,0.0
intermittent_v2,quantity_region,extreme_tail_gt_p99,13,1141,0.3333333333333333,0.07676015191352614,0.13295248311093266,0.30704060765410457,0.5318099324437306,0.06281040023371312,0.1087908044485272,0.1285899047941546,0.22272424844392053
intermittent_v2,quantity_region,extreme_tail_gt_p99,14,1141,0.3333333333333333,0.00007303534910896874,0.0001265009354052642,0.00029214139643587495,0.0005060037416210568,0.0,0.0,0.12212404608726501,0.21152505264902616
intermittent_v2,quantity_region,extreme_tail_gt_p99,15,1141,0.3333333333333333,0.08333333333333333,0.14433756729740646,0.3333333333333333,0.5773502691896258,0.24423020742039148,0.42301912799520347,0.1296305916321894,0.22452677092216503
intermittent_v2,quantity_region,extreme_tail_gt_p99,16,1141,0.3333333333333333,0.010590125620800467,0.01834263563376331,0.04236050248320187,0.07337054253505323,0.0,0.0,0.12849770188331602,0.2225645483177424
intermittent_v2,quantity_region,extreme_tail_gt_p99,17,1141,0.3333333333333333,0.0018258837277242187,0.003162523385131605,0.007303534910896875,0.01265009354052642,0.0,0.0,0.12601763725280762,0.21826895037164729
intermittent_v2,quantity_region,extreme_tail_gt_p99,18,1141,0.3333333333333333,0.05506865322816243,0.09538170529556919,0.22027461291264971,0.38152682118227677,0.0,0.0,0.11772815863396824,0.20391115223556158
intermittent_v2,quantity_region,extreme_tail_gt_p99,19,1141,0.0,0.0,0.0,0.0,0.0,0.0,0.0,0.0,0.0
intermittent_v2,quantity_region,extreme_tail_gt_p99,20,1141,0.0,0.0,0.0,0.0,0.0,0.0,0.0,0.0,0.0
intermittent_v2,quantity_region,extreme_tail_gt_p99,21,1141,0.3333333333333333,0.08333333333333333,0.14433756729740646,0.3333333333333333,0.5773502691896258,0.022494887525562373,0.03896228810482137,0.1031017693604707,0.1785775028825834
intermittent_v2,quantity_region,extreme_tail_gt_p99,22,1141,0.0,0.0,0.0,0.0,0.0,0.0,0.0,0.0,0.0
intermittent_v2,quantity_region,extreme_tail_gt_p99,23,1141,0.0,0.0,0.0,0.0,0.0,0.0,0.0,0.0,0.0
intermittent_v2,quantity_region,extreme_tail_gt_p99,24,1141,0.0,0.0,0.0,0.0,0.0,0.0,0.0,0.0,0.0
intermittent_v2,quantity_region,extreme_tail_gt_p99,25,1141,0.0,0.0,0.0,0.0,0.0,0.0,0.0,0.0,0.0
intermittent_v2,quantity_region,extreme_tail_gt_p99,26,1141,0.0,0.0,0.0,0.0,0.0,0.0,0.0,0.0,0.0
intermittent_v2,quantity_region,extreme_tail_gt_p99,27,1141,0.0,0.0,0.0,0.0,0.0,0.0,0.0,0.0,0.0
intermittent_v2,quantity_region,extreme_tail_gt_p99,28,1141,0.3333333333333333,0.03381536663745253,0.05856993309263732,0.1352614665498101,0.23427973237054928,0.0,0.0,0.10241891380434331,0.17739476236514007
intermittent_v2,quantity_region,extreme_tail_gt_p99,29,1141,0.0,0.0,0.0,0.0,0.0,0.0,0.0,0.0,0.0
intermittent_v2,quantity_region,extreme_tail_gt_p99,30,1141,0.0,0.0,0.0,0.0,0.0,0.0,0.0,0.0,0.0
intermittent_v2,quantity_region,extreme_tail_gt_p99,31,1141,0.0,0.0,0.0,0.0,0.0,0.0,0.0,0.0,0.0
intermittent_v2,quantity_region,extreme_tail_gt_p99,32,1141,0.0,0.0,0.0,0.0,0.0,0.0,0.0,0.0,0.0
intermittent_v2,quantity_region,extreme_tail_gt_p99,33,1141,0.0,0.0,0.0,0.0,0.0,0.0,0.0,0.0,0.0
intermittent_v2,quantity_region,extreme_tail_gt_p99,34,1141,0.0,0.0,0.0,0.0,0.0,0.0,0.0,0.0,0.0
intermittent_v2,quantity_region,extreme_tail_gt_p99,35,1141,0.3333333333333333,0.06273736488460414,0.10866430351312194,0.2509494595384166,0.43465721405248775,0.0,0.0,0.1272697272946495,0.22043763393976848
intermittent_v2,quantity_region,extreme_tail_gt_p99,36,1141,0.0,0.0,0.0,0.0,0.0,0.0,0.0,0.0,0.0
intermittent_v2,quantity_region,extreme_tail_gt_p99,37,1141,0.0,0.0,0.0,0.0,0.0,0.0,0.0,0.0,0.0
intermittent_v2,quantity_region,extreme_tail_gt_p99,38,1141,0.0,0.0,0.0,0.0,0.0,0.0,0.0,0.0,0.0
intermittent_v2,quantity_region,extreme_tail_gt_p99,39,1141,0.3333333333333333,0.014753140520011686,0.02555318895186337,0.059012562080046745,0.10221275580745348,0.0,0.0,0.12721707718600536,0.22034644127657277
intermittent_v2,quantity_region,extreme_tail_gt_p99,40,1141,0.0,0.0,0.0,0.0,0.0,0.0,0.0,0.0,0.0
intermittent_v2,quantity_region,extreme_tail_gt_p99,41,1141,0.0,0.0,0.0,0.0,0.0,0.0,0.0,0.0,0.0
intermittent_v2,quantity_region,extreme_tail_gt_p99,42,1141,0.0,0.0,0.0,0.0,0.0,0.0,0.0,0.0,0.0
intermittent_v2,quantity_region,extreme_tail_gt_p99,43,1141,0.0,0.0,0.0,0.0,0.0,0.0,0.0,0.0,0.0
intermittent_v2,quantity_region,extreme_tail_gt_p99,44,1141,0.0,0.0,0.0,0.0,0.0,0.0,0.0,0.0,0.0
intermittent_v2,quantity_region,extreme_tail_gt_p99,45,1141,0.0,0.0,0.0,0.0,0.0,0.0,0.0,0.0,0.0
intermittent_v2,quantity_region,extreme_tail_gt_p99,46,1141,0.0,0.0,0.0,0.0,0.0,0.0,0.0,0.0,0.0
intermittent_v2,quantity_region,extreme_tail_gt_p99,47,1141,0.0,0.0,0.0,0.0,0.0,0.0,0.0,0.0,0.0
intermittent_v2,quantity_region,extreme_tail_gt_p99,48,1141,0.3333333333333333,0.053461875547765124,0.09259868471665339,0.2138475021910605,0.37039473886661356,0.0,0.0,0.1197510398585071,0.20741488529414004
intermittent_v2,quantity_region,extreme_tail_gt_p99,49,1141,0.0,0.0,0.0,0.0,0.0,0.0,0.0,0.0,0.0
intermittent_v2,quantity_region,extreme_tail_gt_p99,50,1141,0.0,0.0,0.0,0.0,0.0,0.0,0.0,0.0,0.0
intermittent_v2,quantity_region,extreme_tail_gt_p99,51,1141,0.6666666666666666,0.08384458077709611,0.14238628583814564,0.33537832310838445,0.5695451433525826,0.2307917031843412,0.3997429558806348,0.23204757838292697,0.20420610656339622
intermittent_v2,quantity_region,extreme_tail_gt_p99,52,1141,0.0,0.0,0.0,0.0,0.0,0.0,0.0,0.0,0.0
intermittent_v2,quantity_region,extreme_tail_gt_p99,53,1141,0.0,0.0,0.0,0.0,0.0,0.0,0.0,0.0,0.0
intermittent_v2,quantity_region,extreme_tail_gt_p99,54,1141,0.0,0.0,0.0,0.0,0.0,0.0,0.0,0.0,0.0
intermittent_v2,quantity_region,extreme_tail_gt_p99,55,1141,0.3333333333333333,0.08333333333333333,0.14433756729740646,0.3333333333333333,0.5773502691896258,0.3032427695004382,0.5252318838026568,0.12046772558508718,0.20865622138563616
intermittent_v2,quantity_region,extreme_tail_gt_p99,56,1141,0.0,0.0,0.0,0.0,0.0,0.0,0.0,0.0,0.0
intermittent_v2,quantity_region,extreme_tail_gt_p99,57,1141,0.0,0.0,0.0,0.0,0.0,0.0,0.0,0.0,0.0
intermittent_v2,quantity_region,extreme_tail_gt_p99,58,1141,0.0,0.0,0.0,0.0,0.0,0.0,0.0,0.0,0.0
intermittent_v2,quantity_region,extreme_tail_gt_p99,59,1141,0.0,0.0,0.0,0.0,0.0,0.0,0.0,0.0,0.0
intermittent_v2,quantity_region,extreme_tail_gt_p99,60,1141,0.0,0.0,0.0,0.0,0.0,0.0,0.0,0.0,0.0
intermittent_v2,quantity_region,extreme_tail_gt_p99,61,1141,0.3333333333333333,0.07310838445807771,0.12662743634066945,0.29243353783231085,0.5065097453626778,0.030090563832895118,0.05211838538696884,0.11839361293808921,0.2050637529004145
intermittent_v2,quantity_region,extreme_tail_gt_p99,62,1141,0.3333333333333333,0.06806894536955886,0.11789887179770624,0.27227578147823545,0.47159548719082495,0.07887817703768624,0.13662101023768533,0.1026976059626612,0.17787747134301768
intermittent_v2,quantity_region,extreme_tail_gt_p99,63,1141,0.3333333333333333,0.06719252118025125,0.11638086057284305,0.268770084721005,0.4655234422913722,0.0,0.0,0.11782236273090045,0.2040743185177293
intermittent_v2,quantity_region,tail_p95_p99,0,3405,0.0,0.0,0.0,0.0,0.0,0.0,0.0,0.0,0.0
intermittent_v2,quantity_region,tail_p95_p99,1,3405,0.0,0.0,0.0,0.0,0.0,0.0,0.0,0.0,0.0
intermittent_v2,quantity_region,tail_p95_p99,2,3405,0.0,0.0,0.0,0.0,0.0,0.0,0.0,0.0,0.0
intermittent_v2,quantity_region,tail_p95_p99,3,3405,0.0,0.0,0.0,0.0,0.0,0.0,0.0,0.0,0.0
intermittent_v2,quantity_region,tail_p95_p99,4,3405,0.0,0.0,0.0,0.0,0.0,0.0,0.0,0.0,0.0
intermittent_v2,quantity_region,tail_p95_p99,5,3405,0.3333333333333333,0.0707537934410181,0.12254916506807696,0.2830151737640724,0.49019666027230785,0.035535976505139504,0.061550116803475524,0.1400885008430998,0.24264040101640433
intermittent_v2,quantity_region,tail_p95_p99,6,3405,0.0,0.0,0.0,0.0,0.0,0.0,0.0,0.0,0.0
intermittent_v2,quantity_region,tail_p95_p99,7,3405,0.0,0.0,0.0,0.0,0.0,0.0,0.0,0.0,0.0
intermittent_v2,quantity_region,tail_p95_p99,8,3405,0.3333333333333333,0.036930983847283404,0.06396634039700039,0.14772393538913361,0.25586536158800155,0.0005873715124816446,0.0010173573025367855,0.1103972387492907,0.19121362652908308
intermittent_v2,quantity_region,tail_p95_p99,9,3405,0.0,0.0,0.0,0.0,0.0,0.0,0.0,0.0,0.0
intermittent_v2,quantity_region,tail_p95_p99,10,3405,0.0,0.0,0.0,0.0,0.0,0.0,0.0,0.0,0.0
intermittent_v2,quantity_region,tail_p95_p99,11,3405,0.0,0.0,0.0,0.0,0.0,0.0,0.0,0.0,0.0
intermittent_v2,quantity_region,tail_p95_p99,12,3405,0.0,0.0,0.0,0.0,0.0,0.0,0.0,0.0,0.0
intermittent_v2,quantity_region,tail_p95_p99,13,3405,0.3333333333333333,0.0793196279980421,0.13738562573007174,0.3172785119921684,0.549542502920287,0.09946157611355849,0.17227250322956233,0.1409739165912743,0.24417398607806423
intermittent_v2,quantity_region,tail_p95_p99,14,3405,0.3333333333333333,0.004845814977973568,0.00839319774592848,0.019383259911894272,0.03357279098371392,0.0,0.0,0.13941941272329403,0.24148150639816
intermittent_v2,quantity_region,tail_p95_p99,15,3405,0.3333333333333333,0.08333333333333333,0.14433756729740646,0.3333333333333333,0.5773502691896258,0.18208516886930984,0.3153807637864035,0.14142117016290953,0.24494865198800306
intermittent_v2,quantity_region,tail_p95_p99,16,3405,0.6666666666666666,0.04180127263827704,0.04745941224033661,0.16720509055310817,0.18983764896134644,0.009789525208027412,0.014015099495387788,0.26872221529181434,0.23354907858631535
intermittent_v2,quantity_region,tail_p95_p99,17,3405,0.3333333333333333,0.030151737640724426,0.05222434153022165,0.1206069505628977,0.2088973661208866,0.014880078316201665,0.02577305166426523,0.14063994898521281,0.24359553721628358
intermittent_v2,quantity_region,tail_p95_p99,18,3405,0.3333333333333333,0.06771904062652961,0.11729281900497023,0.27087616250611846,0.4691712760198809,0.0029368575624082235,0.005086786512683928,0.1324471509531311,0.2294051947685677
intermittent_v2,quantity_region,tail_p95_p99,19,3405,0.0,0.0,0.0,0.0,0.0,0.0,0.0,0.0,0.0
intermittent_v2,quantity_region,tail_p95_p99,20,3405,0.0,0.0,0.0,0.0,0.0,0.0,0.0,0.0,0.0
intermittent_v2,quantity_region,tail_p95_p99,21,3405,0.6666666666666666,0.08264806656877141,0.14308707032232806,0.33059226627508564,0.5723482812893123,0.07567302985805188,0.13106953247682254,0.2770187761016649,0.25070329771840516
intermittent_v2,quantity_region,tail_p95_p99,22,3405,0.3333333333333333,0.00036710719530102793,0.000635848314085491,0.0014684287812041117,0.002543393256341964,0.0,0.0,0.15171098907788594,0.26277114114942546
intermittent_v2,quantity_region,tail_p95_p99,23,3405,0.0,0.0,0.0,0.0,0.0,0.0,0.0,0.0,0.0
intermittent_v2,quantity_region,tail_p95_p99,24,3405,0.0,0.0,0.0,0.0,0.0,0.0,0.0,0.0,0.0
intermittent_v2,quantity_region,tail_p95_p99,25,3405,0.0,0.0,0.0,0.0,0.0,0.0,0.0,0.0,0.0
intermittent_v2,quantity_region,tail_p95_p99,26,3405,0.0,0.0,0.0,0.0,0.0,0.0,0.0,0.0,0.0
intermittent_v2,quantity_region,tail_p95_p99,27,3405,0.0,0.0,0.0,0.0,0.0,0.0,0.0,0.0,0.0
intermittent_v2,quantity_region,tail_p95_p99,28,3405,0.6666666666666666,0.04779735682819383,0.08177220276978575,0.19118942731277533,0.327088811079143,0.0022515907978463046,0.0038998696597243444,0.26035253614003895,0.22983254975618078
intermittent_v2,quantity_region,tail_p95_p99,29,3405,0.0,0.0,0.0,0.0,0.0,0.0,0.0,0.0,0.0
intermittent_v2,quantity_region,tail_p95_p99,30,3405,0.0,0.0,0.0,0.0,0.0,0.0,0.0,0.0,0.0
intermittent_v2,quantity_region,tail_p95_p99,31,3405,0.0,0.0,0.0,0.0,0.0,0.0,0.0,0.0,0.0
intermittent_v2,quantity_region,tail_p95_p99,32,3405,0.3333333333333333,0.00036710719530102793,0.000635848314085491,0.0014684287812041117,0.002543393256341964,0.0002936857562408223,0.0005086786512683928,0.1574031174182892,0.2726301966382066
intermittent_v2,quantity_region,tail_p95_p99,33,3405,0.0,0.0,0.0,0.0,0.0,0.0,0.0,0.0,0.0
intermittent_v2,quantity_region,tail_p95_p99,34,3405,0.0,0.0,0.0,0.0,0.0,0.0,0.0,0.0,0.0
intermittent_v2,quantity_region,tail_p95_p99,35,3405,0.3333333333333333,0.023201174743024962,0.04018561345020302,0.09280469897209985,0.1607424538008121,0.0001957905041605482,0.00033911910084559514,0.13806336596293792,0.23913276451178403
intermittent_v2,quantity_region,tail_p95_p99,36,3405,0.3333333333333333,0.00026921194322075383,0.0004662887636626934,0.0010768477728830153,0.0018651550546507736,0.0,0.0,0.13794770475589868,0.23893243342472736
intermittent_v2,quantity_region,tail_p95_p99,37,3405,0.0,0.0,0.0,0.0,0.0,0.0,0.0,0.0,0.0
intermittent_v2,quantity_region,tail_p95_p99,38,3405,0.0,0.0,0.0,0.0,0.0,0.0,0.0,0.0,0.0
intermittent_v2,quantity_region,tail_p95_p99,39,3405,0.3333333333333333,0.015002447381302006,0.02598500110229373,0.060009789525208024,0.10394000440917492,0.0,0.0,0.13937514741632068,0.24140483663746956
intermittent_v2,quantity_region,tail_p95_p99,40,3405,0.0,0.0,0.0,0.0,0.0,0.0,0.0,0.0,0.0
intermittent_v2,quantity_region,tail_p95_p99,41,3405,0.0,0.0,0.0,0.0,0.0,0.0,0.0,0.0,0.0
intermittent_v2,quantity_region,tail_p95_p99,42,3405,0.0,0.0,0.0,0.0,0.0,0.0,0.0,0.0,0.0
intermittent_v2,quantity_region,tail_p95_p99,43,3405,0.0,0.0,0.0,0.0,0.0,0.0,0.0,0.0,0.0
intermittent_v2,quantity_region,tail_p95_p99,44,3405,0.0,0.0,0.0,0.0,0.0,0.0,0.0,0.0,0.0
intermittent_v2,quantity_region,tail_p95_p99,45,3405,0.0,0.0,0.0,0.0,0.0,0.0,0.0,0.0,0.0
intermittent_v2,quantity_region,tail_p95_p99,46,3405,0.0,0.0,0.0,0.0,0.0,0.0,0.0,0.0,0.0
intermittent_v2,quantity_region,tail_p95_p99,47,3405,0.0,0.0,0.0,0.0,0.0,0.0,0.0,0.0,0.0
intermittent_v2,quantity_region,tail_p95_p99,48,3405,0.3333333333333333,0.07063142437591777,0.12233721563004846,0.28252569750367107,0.48934886252019383,0.008223201174743025,0.014243002235514998,0.13321476400958718,0.23073473958290291
intermittent_v2,quantity_region,tail_p95_p99,49,3405,0.0,0.0,0.0,0.0,0.0,0.0,0.0,0.0,0.0
intermittent_v2,quantity_region,tail_p95_p99,50,3405,0.0,0.0,0.0,0.0,0.0,0.0,0.0,0.0,0.0
intermittent_v2,quantity_region,tail_p95_p99,51,3405,0.6666666666666666,0.08901125795398923,0.1394966058074744,0.3560450318159569,0.5579864232298976,0.2014684287812041,0.3489535547701174,0.2530224026373525,0.22181453088957437
intermittent_v2,quantity_region,tail_p95_p99,52,3405,0.0,0.0,0.0,0.0,0.0,0.0,0.0,0.0,0.0
intermittent_v2,quantity_region,tail_p95_p99,53,3405,0.0,0.0,0.0,0.0,0.0,0.0,0.0,0.0,0.0
intermittent_v2,quantity_region,tail_p95_p99,54,3405,0.0,0.0,0.0,0.0,0.0,0.0,0.0,0.0,0.0
intermittent_v2,quantity_region,tail_p95_p99,55,3405,0.3333333333333333,0.08313754282917278,0.14399844819656085,0.3325501713166911,0.5759937927862434,0.3094468918257464,0.5359777388864632,0.13540172384480312,0.23452266513160938
intermittent_v2,quantity_region,tail_p95_p99,56,3405,0.0,0.0,0.0,0.0,0.0,0.0,0.0,0.0,0.0
intermittent_v2,quantity_region,tail_p95_p99,57,3405,0.0,0.0,0.0,0.0,0.0,0.0,0.0,0.0,0.0
intermittent_v2,quantity_region,tail_p95_p99,58,3405,0.0,0.0,0.0,0.0,0.0,0.0,0.0,0.0,0.0
intermittent_v2,quantity_region,tail_p95_p99,59,3405,0.0,0.0,0.0,0.0,0.0,0.0,0.0,0.0,0.0
intermittent_v2,quantity_region,tail_p95_p99,60,3405,0.0,0.0,0.0,0.0,0.0,0.0,0.0,0.0,0.0
intermittent_v2,quantity_region,tail_p95_p99,61,3405,0.3333333333333333,0.02459618208516887,0.0426018370437279,0.09838472834067548,0.1704073481749116,0.006265296133137543,0.010851811227059045,0.1332306542404453,0.2307622622700932
intermittent_v2,quantity_region,tail_p95_p99,62,3405,0.6666666666666666,0.07219774840920215,0.1249865889966909,0.2887909936368086,0.4999463559867636,0.04473813020068527,0.07748871454321851,0.2589375672299161,0.22998068369901964
intermittent_v2,quantity_region,tail_p95_p99,63,3405,0.3333333333333333,0.07591776798825257,0.13149343135287953,0.3036710719530103,0.5259737254115181,0.006167400881057269,0.010682251676636247,0.13287747151270596,0.23015053184129283
raf_spare_parts,history,history_le_64,0,6690,0.3333333333333333,0.08333333333333333,0.14433756729740646,0.3333333333333333,0.5773502691896258,0.001046337817638266,0.0018123102620302154,0.23506825024890377,0.4071501526774167
raf_spare_parts,history,history_le_64,1,6690,0.0,0.0,0.0,0.0,0.0,0.0,0.0,0.0,0.0
raf_spare_parts,history,history_le_64,2,6690,0.0,0.0,0.0,0.0,0.0,0.0,0.0,0.0,0.0
raf_spare_parts,history,history_le_64,3,6690,0.6666666666666666,0.030044843049327353,0.05200683534004543,0.12017937219730941,0.20802734136018172,0.0004484304932735426,0.0007767043980129496,0.34397260038977623,0.31474186630552986
raf_spare_parts,history,history_le_64,4,6690,0.0,0.0,0.0,0.0,0.0,0.0,0.0,0.0,0.0
raf_spare_parts,history,history_le_64,5,6690,0.3333333333333333,0.02154957648231191,0.037324961348955625,0.08619830592924764,0.1492998453958225,0.07274539113104135,0.12599871345543404,0.2247552281170222,0.3892874743654155
raf_spare_parts,history,history_le_64,6,6690,0.3333333333333333,0.03820378674638764,0.0661708996862699,0.15281514698555057,0.2646835987450796,0.0005979073243647235,0.001035605864017266,0.23468431584887653,0.4064851587897961
raf_spare_parts,history,history_le_64,7,6690,0.0,0.0,0.0,0.0,0.0,0.0,0.0,0.0,0.0
raf_spare_parts,history,history_le_64,8,6690,0.3333333333333333,0.04181614349775784,0.07242768511470754,0.16726457399103137,0.28971074045883016,0.04912805181863478,0.08509228182675202,0.21043041837024848,0.36447617607524563
raf_spare_parts,history,history_le_64,9,6690,0.3333333333333333,0.00001245640259093174,0.000021575122167026376,0.00004982561036372696,0.0000863004886681055,0.0,0.0,0.09631096323331197,0.16681548164599447
raf_spare_parts,history,history_le_64,10,6690,0.0,0.0,0.0,0.0,0.0,0.0,0.0,0.0,0.0
raf_spare_parts,history,history_le_64,11,6690,0.6666666666666666,0.0966243148978575,0.1343150718089666,0.38649725959143,0.5372602872358664,0.12247135027404084,0.21122109392899702,0.40129641596474436,0.3628108307469143
raf_spare_parts,history,history_le_64,12,6690,0.6666666666666666,0.06858495266567015,0.06942812966786008,0.2743398106626806,0.2777125186714403,0.023617339312406577,0.03512037591935944,0.411769428901309,0.36365411192834446
raf_spare_parts,history,history_le_64,13,6690,0.0,0.0,0.0,0.0,0.0,0.0,0.0,0.0,0.0
raf_spare_parts,history,history_le_64,14,6690,0.0,0.0,0.0,0.0,0.0,0.0,0.0,0.0,0.0
raf_spare_parts,history,history_le_64,15,6690,0.3333333333333333,0.08333333333333333,0.14433756729740646,0.3333333333333333,0.5773502691896258,0.21016442451420028,0.36401546120206896,0.240857297770111,0.4171770771115783
raf_spare_parts,history,history_le_64,16,6690,0.0,0.0,0.0,0.0,0.0,0.0,0.0,0.0,0.0
raf_spare_parts,history,history_le_64,17,6690,0.3333333333333333,0.04070752366716492,0.07050749924184219,0.1628300946686597,0.28202999696736875,0.06761335326357748,0.11710976312261916,0.22284797107727125,0.38598400826947343
raf_spare_parts,history,history_le_64,18,6690,0.3333333333333333,0.00012456402590931738,0.00021575122167026374,0.0004982561036372695,0.000863004886681055,0.0,0.0,0.12205943117539088,0.21141313633873357
raf_spare_parts,history,history_le_64,19,6690,0.3333333333333333,0.03933731938216243,0.06813423580346929,0.15734927752864972,0.27253694321387717,0.02436472346786248,0.04220093895870359,0.19313826735025472,0.33452529193646235
raf_spare_parts,history,history_le_64,20,6690,0.0,0.0,0.0,0.0,0.0,0.0,0.0,0.0,0.0
raf_spare_parts,history,history_le_64,21,6690,0.0,0.0,0.0,0.0,0.0,0.0,0.0,0.0,0.0
raf_spare_parts,history,history_le_64,22,6690,0.6666666666666666,0.006900847035376183,0.011887951048338797,0.02760338814150473,0.04755180419335519,0.00014947683109118088,0.0002589014660043165,0.3047828376113217,0.31265489304702654
raf_spare_parts,history,history_le_64,23,6690,0.0,0.0,0.0,0.0,0.0,0.0,0.0,0.0,0.0
raf_spare_parts,history,history_le_64,24,6690,0.3333333333333333,0.03862730443447932,0.0669044538399488,0.1545092177379173,0.2676178153597952,0.007722969606377678,0.013376575743556352,0.18352275951298466,0.3178707438217339
raf_spare_parts,history,history_le_64,25,6690,0.6666666666666666,0.023779272546088692,0.036502129167313054,0.09511709018435477,0.14600851666925221,0.007274539113104136,0.012599871345543403,0.33561587300062756,0.30126285395796376
raf_spare_parts,history,history_le_64,26,6690,0.0,0.0,0.0,0.0,0.0,0.0,0.0,0.0,0.0
raf_spare_parts,history,history_le_64,27,6690,0.0,0.0,0.0,0.0,0.0,0.0,0.0,0.0,0.0
raf_spare_parts,history,history_le_64,28,6690,0.3333333333333333,0.08333333333333333,0.14433756729740646,0.3333333333333333,0.5773502691896258,0.0,0.0,0.22990393583965826,0.3982052977343434
raf_spare_parts,history,history_le_64,29,6690,0.0,0.0,0.0,0.0,0.0,0.0,0.0,0.0,0.0
raf_spare_parts,history,history_le_64,30,6690,0.0,0.0,0.0,0.0,0.0,0.0,0.0,0.0,0.0
raf_spare_parts,history,history_le_64,31,6690,0.0,0.0,0.0,0.0,0.0,0.0,0.0,0.0,0.0
raf_spare_parts,history,history_le_64,32,6690,0.0,0.0,0.0,0.0,0.0,0.0,0.0,0.0,0.0
raf_spare_parts,history,history_le_64,33,6690,0.3333333333333333,0.059342301943198804,0.10278388200371363,0.23736920777279522,0.41113552801485453,0.01963129048330842,0.03400239253523357,0.19894900389397274,0.3445897828595792
raf_spare_parts,history,history_le_64,34,6690,0.3333333333333333,0.04839312406576981,0.08381934961889746,0.19357249626307924,0.33527739847558985,0.004085700049825611,0.007076640070784651,0.1908752537154681,0.33060563734279086
raf_spare_parts,history,history_le_64,35,6690,0.0,0.0,0.0,0.0,0.0,0.0,0.0,0.0,0.0
raf_spare_parts,history,history_le_64,36,6690,0.0,0.0,0.0,0.0,0.0,0.0,0.0,0.0,0.0
raf_spare_parts,history,history_le_64,37,6690,0.3333333333333333,0.0003238664673642252,0.0005609531763426858,0.0012954658694569008,0.002243812705370743,0.0,0.0,0.0730104339428437,0.12645778107165662
raf_spare_parts,history,history_le_64,38,6690,0.3333333333333333,0.00001245640259093174,0.000021575122167026376,0.00004982561036372696,0.0000863004886681055,0.0,0.0,0.12051682670911153,0.20874126702715506
raf_spare_parts,history,history_le_64,39,6690,0.0,0.0,0.0,0.0,0.0,0.0,0.0,0.0,0.0
raf_spare_parts,history,history_le_64,40,6690,0.0,0.0,0.0,0.0,0.0,0.0,0.0,0.0,0.0
raf_spare_parts,history,history_le_64,41,6690,0.0,0.0,0.0,0.0,0.0,0.0,0.0,0.0,0.0
raf_spare_parts,history,history_le_64,42,6690,0.0,0.0,0.0,0.0,0.0,0.0,0.0,0.0,0.0
raf_spare_parts,history,history_le_64,43,6690,0.3333333333333333,0.04338565022421525,0.07514615050775285,0.173542600896861,0.3005846020310114,0.06148480318883906,0.10649480301644218,0.19095859541620566,0.33074998940285755
raf_spare_parts,history,history_le_64,44,6690,0.3333333333333333,0.0003861484803188839,0.0006688287871778176,0.0015445939212755356,0.0026753151487112705,0.0,0.0,0.09349265262003868,0.1619340244722945
raf_spare_parts,history,history_le_64,45,6690,0.3333333333333333,0.006477329347284504,0.011219063526853713,0.025909317389138015,0.04487625410741485,0.0,0.0,0.23726892731128593,0.41096183716051404
raf_spare_parts,history,history_le_64,46,6690,0.0,0.0,0.0,0.0,0.0,0.0,0.0,0.0,0.0
raf_spare_parts,history,history_le_64,47,6690,0.0,0.0,0.0,0.0,0.0,0.0,0.0,0.0,0.0
raf_spare_parts,history,history_le_64,48,6690,0.3333333333333333,0.038614848031888395,0.06688287871778176,0.15445939212755358,0.26753151487112703,0.07269556552067763,0.12591241296676592,0.22536465625288668,0.39034303486029476
raf_spare_parts,history,history_le_64,49,6690,0.6666666666666666,0.00013702042850024913,0.00012012519632527348,0.0005480817140009965,0.0004805007853010939,0.00004982561036372696,0.0000863004886681055,0.2709547612402174,0.25598142323881606
raf_spare_parts,history,history_le_64,50,6690,0.0,0.0,0.0,0.0,0.0,0.0,0.0,0.0,0.0
raf_spare_parts,history,history_le_64,51,6690,0.0,0.0,0.0,0.0,0.0,0.0,0.0,0.0,0.0
raf_spare_parts,history,history_le_64,52,6690,0.3333333333333333,0.00006228201295465869,0.00010787561083513189,0.00024912805181863477,0.00043150244334052754,0.0,0.0,0.09598065117994943,0.16624336438721815
raf_spare_parts,history,history_le_64,53,6690,0.3333333333333333,0.005132037867463877,0.008888950332814866,0.020528151469855507,0.03555580133125946,0.0,0.0,0.2586569192918759,0.4480069259427715
raf_spare_parts,history,history_le_64,54,6690,0.0,0.0,0.0,0.0,0.0,0.0,0.0,0.0,0.0
raf_spare_parts,history,history_le_64,55,6690,0.0,0.0,0.0,0.0,0.0,0.0,0.0,0.0,0.0
raf_spare_parts,history,history_le_64,56,6690,0.6666666666666666,0.0448181365221724,0.07736853248650839,0.1792725460886896,0.30947412994603357,0.16143497757847533,0.2794841425447684,0.3464600886042708,0.36393218718461434
raf_spare_parts,history,history_le_64,57,6690,0.0,0.0,0.0,0.0,0.0,0.0,0.0,0.0,0.0
raf_spare_parts,history,history_le_64,58,6690,0.3333333333333333,0.01963129048330842,0.034002392535233565,0.07852516193323368,0.13600957014093426,0.0,0.0,0.1847590535702641,0.32001206794203735
raf_spare_parts,history,history_le_64,59,6690,0.3333333333333333,0.00024912805181863477,0.00043150244334052754,0.000996512207274539,0.0017260097733621102,0.0,0.0,0.05936739643414815,0.102827346937028
raf_spare_parts,history,history_le_64,60,6690,0.0,0.0,0.0,0.0,0.0,0.0,0.0,0.0,0.0
raf_spare_parts,history,history_le_64,61,6690,0.3333333333333333,0.00004982561036372696,0.0000863004886681055,0.00019930244145490784,0.000345201954672422,0.0,0.0,0.16007108489672342,0.2772512518637961
raf_spare_parts,history,history_le_64,62,6690,0.3333333333333333,0.00003736920777279522,0.00006472536650107912,0.00014947683109118088,0.0002589014660043165,0.0,0.0,0.10806039306852554,0.18716609108054996
raf_spare_parts,history,history_le_64,63,6690,0.3333333333333333,0.03663428001993024,0.06345243429322456,0.14653712007972097,0.25380973717289823,0.09327354260089686,0.16155451478669347,0.196712064113758,0.3407152895067753
raf_spare_parts,overall,overall,0,6690,0.3333333333333333,0.08333333333333333,0.14433756729740646,0.3333333333333333,0.5773502691896258,0.001046337817638266,0.0018123102620302154,0.23506825024890377,0.4071501526774167
raf_spare_parts,overall,overall,1,6690,0.0,0.0,0.0,0.0,0.0,0.0,0.0,0.0,0.0
raf_spare_parts,overall,overall,2,6690,0.0,0.0,0.0,0.0,0.0,0.0,0.0,0.0,0.0
raf_spare_parts,overall,overall,3,6690,0.6666666666666666,0.030044843049327353,0.05200683534004543,0.12017937219730941,0.20802734136018172,0.0004484304932735426,0.0007767043980129496,0.34397260038977623,0.31474186630552986
raf_spare_parts,overall,overall,4,6690,0.0,0.0,0.0,0.0,0.0,0.0,0.0,0.0,0.0
raf_spare_parts,overall,overall,5,6690,0.3333333333333333,0.02154957648231191,0.037324961348955625,0.08619830592924764,0.1492998453958225,0.07274539113104135,0.12599871345543404,0.2247552281170222,0.3892874743654155
raf_spare_parts,overall,overall,6,6690,0.3333333333333333,0.03820378674638764,0.0661708996862699,0.15281514698555057,0.2646835987450796,0.0005979073243647235,0.001035605864017266,0.23468431584887653,0.4064851587897961
raf_spare_parts,overall,overall,7,6690,0.0,0.0,0.0,0.0,0.0,0.0,0.0,0.0,0.0
raf_spare_parts,overall,overall,8,6690,0.3333333333333333,0.04181614349775784,0.07242768511470754,0.16726457399103137,0.28971074045883016,0.04912805181863478,0.08509228182675202,0.21043041837024848,0.36447617607524563
raf_spare_parts,overall,overall,9,6690,0.3333333333333333,0.00001245640259093174,0.000021575122167026376,0.00004982561036372696,0.0000863004886681055,0.0,0.0,0.09631096323331197,0.16681548164599447
raf_spare_parts,overall,overall,10,6690,0.0,0.0,0.0,0.0,0.0,0.0,0.0,0.0,0.0
raf_spare_parts,overall,overall,11,6690,0.6666666666666666,0.0966243148978575,0.1343150718089666,0.38649725959143,0.5372602872358664,0.12247135027404084,0.21122109392899702,0.40129641596474436,0.3628108307469143
raf_spare_parts,overall,overall,12,6690,0.6666666666666666,0.06858495266567015,0.06942812966786008,0.2743398106626806,0.2777125186714403,0.023617339312406577,0.03512037591935944,0.411769428901309,0.36365411192834446
raf_spare_parts,overall,overall,13,6690,0.0,0.0,0.0,0.0,0.0,0.0,0.0,0.0,0.0
raf_spare_parts,overall,overall,14,6690,0.0,0.0,0.0,0.0,0.0,0.0,0.0,0.0,0.0
raf_spare_parts,overall,overall,15,6690,0.3333333333333333,0.08333333333333333,0.14433756729740646,0.3333333333333333,0.5773502691896258,0.21016442451420028,0.36401546120206896,0.240857297770111,0.4171770771115783
raf_spare_parts,overall,overall,16,6690,0.0,0.0,0.0,0.0,0.0,0.0,0.0,0.0,0.0
raf_spare_parts,overall,overall,17,6690,0.3333333333333333,0.04070752366716492,0.07050749924184219,0.1628300946686597,0.28202999696736875,0.06761335326357748,0.11710976312261916,0.22284797107727125,0.38598400826947343
raf_spare_parts,overall,overall,18,6690,0.3333333333333333,0.00012456402590931738,0.00021575122167026374,0.0004982561036372695,0.000863004886681055,0.0,0.0,0.12205943117539088,0.21141313633873357
raf_spare_parts,overall,overall,19,6690,0.3333333333333333,0.03933731938216243,0.06813423580346929,0.15734927752864972,0.27253694321387717,0.02436472346786248,0.04220093895870359,0.19313826735025472,0.33452529193646235
raf_spare_parts,overall,overall,20,6690,0.0,0.0,0.0,0.0,0.0,0.0,0.0,0.0,0.0
raf_spare_parts,overall,overall,21,6690,0.0,0.0,0.0,0.0,0.0,0.0,0.0,0.0,0.0
raf_spare_parts,overall,overall,22,6690,0.6666666666666666,0.006900847035376183,0.011887951048338797,0.02760338814150473,0.04755180419335519,0.00014947683109118088,0.0002589014660043165,0.3047828376113217,0.31265489304702654
raf_spare_parts,overall,overall,23,6690,0.0,0.0,0.0,0.0,0.0,0.0,0.0,0.0,0.0
raf_spare_parts,overall,overall,24,6690,0.3333333333333333,0.03862730443447932,0.0669044538399488,0.1545092177379173,0.2676178153597952,0.007722969606377678,0.013376575743556352,0.18352275951298466,0.3178707438217339
raf_spare_parts,overall,overall,25,6690,0.6666666666666666,0.023779272546088692,0.036502129167313054,0.09511709018435477,0.14600851666925221,0.007274539113104136,0.012599871345543403,0.33561587300062756,0.30126285395796376
raf_spare_parts,overall,overall,26,6690,0.0,0.0,0.0,0.0,0.0,0.0,0.0,0.0,0.0
raf_spare_parts,overall,overall,27,6690,0.0,0.0,0.0,0.0,0.0,0.0,0.0,0.0,0.0
raf_spare_parts,overall,overall,28,6690,0.3333333333333333,0.08333333333333333,0.14433756729740646,0.3333333333333333,0.5773502691896258,0.0,0.0,0.22990393583965826,0.3982052977343434
raf_spare_parts,overall,overall,29,6690,0.0,0.0,0.0,0.0,0.0,0.0,0.0,0.0,0.0
raf_spare_parts,overall,overall,30,6690,0.0,0.0,0.0,0.0,0.0,0.0,0.0,0.0,0.0
raf_spare_parts,overall,overall,31,6690,0.0,0.0,0.0,0.0,0.0,0.0,0.0,0.0,0.0
raf_spare_parts,overall,overall,32,6690,0.0,0.0,0.0,0.0,0.0,0.0,0.0,0.0,0.0
raf_spare_parts,overall,overall,33,6690,0.3333333333333333,0.059342301943198804,0.10278388200371363,0.23736920777279522,0.41113552801485453,0.01963129048330842,0.03400239253523357,0.19894900389397274,0.3445897828595792
raf_spare_parts,overall,overall,34,6690,0.3333333333333333,0.04839312406576981,0.08381934961889746,0.19357249626307924,0.33527739847558985,0.004085700049825611,0.007076640070784651,0.1908752537154681,0.33060563734279086
raf_spare_parts,overall,overall,35,6690,0.0,0.0,0.0,0.0,0.0,0.0,0.0,0.0,0.0
raf_spare_parts,overall,overall,36,6690,0.0,0.0,0.0,0.0,0.0,0.0,0.0,0.0,0.0
raf_spare_parts,overall,overall,37,6690,0.3333333333333333,0.0003238664673642252,0.0005609531763426858,0.0012954658694569008,0.002243812705370743,0.0,0.0,0.0730104339428437,0.12645778107165662
raf_spare_parts,overall,overall,38,6690,0.3333333333333333,0.00001245640259093174,0.000021575122167026376,0.00004982561036372696,0.0000863004886681055,0.0,0.0,0.12051682670911153,0.20874126702715506
raf_spare_parts,overall,overall,39,6690,0.0,0.0,0.0,0.0,0.0,0.0,0.0,0.0,0.0
raf_spare_parts,overall,overall,40,6690,0.0,0.0,0.0,0.0,0.0,0.0,0.0,0.0,0.0
raf_spare_parts,overall,overall,41,6690,0.0,0.0,0.0,0.0,0.0,0.0,0.0,0.0,0.0
raf_spare_parts,overall,overall,42,6690,0.0,0.0,0.0,0.0,0.0,0.0,0.0,0.0,0.0
raf_spare_parts,overall,overall,43,6690,0.3333333333333333,0.04338565022421525,0.07514615050775285,0.173542600896861,0.3005846020310114,0.06148480318883906,0.10649480301644218,0.19095859541620566,0.33074998940285755
raf_spare_parts,overall,overall,44,6690,0.3333333333333333,0.0003861484803188839,0.0006688287871778176,0.0015445939212755356,0.0026753151487112705,0.0,0.0,0.09349265262003868,0.1619340244722945
raf_spare_parts,overall,overall,45,6690,0.3333333333333333,0.006477329347284504,0.011219063526853713,0.025909317389138015,0.04487625410741485,0.0,0.0,0.23726892731128593,0.41096183716051404
raf_spare_parts,overall,overall,46,6690,0.0,0.0,0.0,0.0,0.0,0.0,0.0,0.0,0.0
raf_spare_parts,overall,overall,47,6690,0.0,0.0,0.0,0.0,0.0,0.0,0.0,0.0,0.0
raf_spare_parts,overall,overall,48,6690,0.3333333333333333,0.038614848031888395,0.06688287871778176,0.15445939212755358,0.26753151487112703,0.07269556552067763,0.12591241296676592,0.22536465625288668,0.39034303486029476
raf_spare_parts,overall,overall,49,6690,0.6666666666666666,0.00013702042850024913,0.00012012519632527348,0.0005480817140009965,0.0004805007853010939,0.00004982561036372696,0.0000863004886681055,0.2709547612402174,0.25598142323881606
raf_spare_parts,overall,overall,50,6690,0.0,0.0,0.0,0.0,0.0,0.0,0.0,0.0,0.0
raf_spare_parts,overall,overall,51,6690,0.0,0.0,0.0,0.0,0.0,0.0,0.0,0.0,0.0
raf_spare_parts,overall,overall,52,6690,0.3333333333333333,0.00006228201295465869,0.00010787561083513189,0.00024912805181863477,0.00043150244334052754,0.0,0.0,0.09598065117994943,0.16624336438721815
raf_spare_parts,overall,overall,53,6690,0.3333333333333333,0.005132037867463877,0.008888950332814866,0.020528151469855507,0.03555580133125946,0.0,0.0,0.2586569192918759,0.4480069259427715
raf_spare_parts,overall,overall,54,6690,0.0,0.0,0.0,0.0,0.0,0.0,0.0,0.0,0.0
raf_spare_parts,overall,overall,55,6690,0.0,0.0,0.0,0.0,0.0,0.0,0.0,0.0,0.0
raf_spare_parts,overall,overall,56,6690,0.6666666666666666,0.0448181365221724,0.07736853248650839,0.1792725460886896,0.30947412994603357,0.16143497757847533,0.2794841425447684,0.3464600886042708,0.36393218718461434
raf_spare_parts,overall,overall,57,6690,0.0,0.0,0.0,0.0,0.0,0.0,0.0,0.0,0.0
raf_spare_parts,overall,overall,58,6690,0.3333333333333333,0.01963129048330842,0.034002392535233565,0.07852516193323368,0.13600957014093426,0.0,0.0,0.1847590535702641,0.32001206794203735
raf_spare_parts,overall,overall,59,6690,0.3333333333333333,0.00024912805181863477,0.00043150244334052754,0.000996512207274539,0.0017260097733621102,0.0,0.0,0.05936739643414815,0.102827346937028
raf_spare_parts,overall,overall,60,6690,0.0,0.0,0.0,0.0,0.0,0.0,0.0,0.0,0.0
raf_spare_parts,overall,overall,61,6690,0.3333333333333333,0.00004982561036372696,0.0000863004886681055,0.00019930244145490784,0.000345201954672422,0.0,0.0,0.16007108489672342,0.2772512518637961
raf_spare_parts,overall,overall,62,6690,0.3333333333333333,0.00003736920777279522,0.00006472536650107912,0.00014947683109118088,0.0002589014660043165,0.0,0.0,0.10806039306852554,0.18716609108054996
raf_spare_parts,overall,overall,63,6690,0.3333333333333333,0.03663428001993024,0.06345243429322456,0.14653712007972097,0.25380973717289823,0.09327354260089686,0.16155451478669347,0.196712064113758,0.3407152895067753
raf_spare_parts,quantity,gt_p99,0,50,0.3333333333333333,0.08333333333333333,0.14433756729740646,0.3333333333333333,0.5773502691896258,0.0,0.0,0.1475874314705531,0.25562892986558783
raf_spare_parts,quantity,gt_p99,1,50,0.0,0.0,0.0,0.0,0.0,0.0,0.0,0.0,0.0
raf_spare_parts,quantity,gt_p99,2,50,0.0,0.0,0.0,0.0,0.0,0.0,0.0,0.0,0.0
raf_spare_parts,quantity,gt_p99,3,50,0.0,0.0,0.0,0.0,0.0,0.0,0.0,0.0,0.0
raf_spare_parts,quantity,gt_p99,4,50,0.0,0.0,0.0,0.0,0.0,0.0,0.0,0.0,0.0
raf_spare_parts,quantity,gt_p99,5,50,0.3333333333333333,0.08,0.13856406460551016,0.32,0.5542562584220406,0.3133333333333333,0.5427092530382482,0.2473760959174898,0.4284679667071243
raf_spare_parts,quantity,gt_p99,6,50,0.3333333333333333,0.0033333333333333335,0.005773502691896258,0.013333333333333334,0.023094010767585032,0.0,0.0,0.22062021493911743,0.3821254214513176
raf_spare_parts,quantity,gt_p99,7,50,0.0,0.0,0.0,0.0,0.0,0.0,0.0,0.0,0.0
raf_spare_parts,quantity,gt_p99,8,50,0.0,0.0,0.0,0.0,0.0,0.0,0.0,0.0,0.0
raf_spare_parts,quantity,gt_p99,9,50,0.0,0.0,0.0,0.0,0.0,0.0,0.0,0.0,0.0
raf_spare_parts,quantity,gt_p99,10,50,0.0,0.0,0.0,0.0,0.0,0.0,0.0,0.0,0.0
raf_spare_parts,quantity,gt_p99,11,50,0.6666666666666666,0.08666666666666667,0.14153915830374764,0.3466666666666667,0.5661566332149905,0.32,0.5542562584220407,0.35916215856870015,0.3110873980196759
raf_spare_parts,quantity,gt_p99,12,50,0.6666666666666666,0.08333333333333333,0.13576941236277534,0.3333333333333333,0.5430776494511014,0.22666666666666668,0.39259818304894556,0.3782498250818915,0.3362520113796028
raf_spare_parts,quantity,gt_p99,13,50,0.0,0.0,0.0,0.0,0.0,0.0,0.0,0.0,0.0
raf_spare_parts,quantity,gt_p99,14,50,0.0,0.0,0.0,0.0,0.0,0.0,0.0,0.0,0.0
raf_spare_parts,quantity,gt_p99,15,50,0.3333333333333333,0.08333333333333333,0.14433756729740646,0.3333333333333333,0.5773502691896258,0.013333333333333334,0.023094010767585032,0.15336604793866476,0.26563778718581144
raf_spare_parts,quantity,gt_p99,16,50,0.0,0.0,0.0,0.0,0.0,0.0,0.0,0.0,0.0
raf_spare_parts,quantity,gt_p99,17,50,0.3333333333333333,0.0033333333333333335,0.005773502691896258,0.013333333333333334,0.023094010767585032,0.013333333333333334,0.023094010767585032,0.21177600820859274,0.3668068060414062
raf_spare_parts,quantity,gt_p99,18,50,0.0,0.0,0.0,0.0,0.0,0.0,0.0,0.0,0.0
raf_spare_parts,quantity,gt_p99,19,50,0.3333333333333333,0.08,0.13856406460551018,0.32,0.5542562584220407,0.0,0.0,0.1524945373336474,0.26412828653858633
raf_spare_parts,quantity,gt_p99,20,50,0.0,0.0,0.0,0.0,0.0,0.0,0.0,0.0,0.0
raf_spare_parts,quantity,gt_p99,21,50,0.0,0.0,0.0,0.0,0.0,0.0,0.0,0.0,0.0
raf_spare_parts,quantity,gt_p99,22,50,0.3333333333333333,0.0016666666666666668,0.002886751345948129,0.006666666666666667,0.011547005383792516,0.0,0.0,0.19447692235310873,0.3368439104152118
raf_spare_parts,quantity,gt_p99,23,50,0.0,0.0,0.0,0.0,0.0,0.0,0.0,0.0,0.0
raf_spare_parts,quantity,gt_p99,24,50,0.3333333333333333,0.07666666666666667,0.13279056191361394,0.3066666666666667,0.5311622476544557,0.0,0.0,0.10674947899752768,0.18489552130522474
raf_spare_parts,quantity,gt_p99,25,50,0.3333333333333333,0.008333333333333333,0.014433756729740645,0.03333333333333333,0.05773502691896258,0.0,0.0,0.17909714579582214,0.3102053560089347
raf_spare_parts,quantity,gt_p99,26,50,0.0,0.0,0.0,0.0,0.0,0.0,0.0,0.0,0.0
raf_spare_parts,quantity,gt_p99,27,50,0.0,0.0,0.0,0.0,0.0,0.0,0.0,0.0,0.0
raf_spare_parts,quantity,gt_p99,28,50,0.3333333333333333,0.08333333333333333,0.14433756729740646,0.3333333333333333,0.5773502691896258,0.0,0.0,0.17061539749304455,0.2955145370115128
raf_spare_parts,quantity,gt_p99,29,50,0.0,0.0,0.0,0.0,0.0,0.0,0.0,0.0,0.0
raf_spare_parts,quantity,gt_p99,30,50,0.0,0.0,0.0,0.0,0.0,0.0,0.0,0.0,0.0
raf_spare_parts,quantity,gt_p99,31,50,0.0,0.0,0.0,0.0,0.0,0.0,0.0,0.0,0.0
raf_spare_parts,quantity,gt_p99,32,50,0.0,0.0,0.0,0.0,0.0,0.0,0.0,0.0,0.0
raf_spare_parts,quantity,gt_p99,33,50,0.3333333333333333,0.06333333333333334,0.10969655114602889,0.25333333333333335,0.43878620458411555,0.0,0.0,0.09193990484141468,0.15924458642837802
raf_spare_parts,quantity,gt_p99,34,50,0.3333333333333333,0.08,0.13856406460551018,0.32,0.5542562584220407,0.0,0.0,0.1396249696198437,0.24183754138683025
raf_spare_parts,quantity,gt_p99,35,50,0.0,0.0,0.0,0.0,0.0,0.0,0.0,0.0,0.0
raf_spare_parts,quantity,gt_p99,36,50,0.0,0.0,0.0,0.0,0.0,0.0,0.0,0.0,0.0
raf_spare_parts,quantity,gt_p99,37,50,0.3333333333333333,0.006666666666666667,0.011547005383792516,0.02666666666666667,0.046188021535170064,0.0,0.0,0.07169605791568756,0.12418121501237164
raf_spare_parts,quantity,gt_p99,38,50,0.0,0.0,0.0,0.0,0.0,0.0,0.0,0.0,0.0
raf_spare_parts,quantity,gt_p99,39,50,0.0,0.0,0.0,0.0,0.0,0.0,0.0,0.0,0.0
raf_spare_parts,quantity,gt_p99,40,50,0.0,0.0,0.0,0.0,0.0,0.0,0.0,0.0,0.0
raf_spare_parts,quantity,gt_p99,41,50,0.0,0.0,0.0,0.0,0.0,0.0,0.0,0.0,0.0
raf_spare_parts,quantity,gt_p99,42,50,0.0,0.0,0.0,0.0,0.0,0.0,0.0,0.0,0.0
raf_spare_parts,quantity,gt_p99,43,50,0.3333333333333333,0.08,0.13856406460551016,0.32,0.5542562584220406,0.006666666666666667,0.011547005383792516,0.11586862657633092,0.20069034823343065
raf_spare_parts,quantity,gt_p99,44,50,0.0,0.0,0.0,0.0,0.0,0.0,0.0,0.0,0.0
raf_spare_parts,quantity,gt_p99,45,50,0.0,0.0,0.0,0.0,0.0,0.0,0.0,0.0,0.0
raf_spare_parts,quantity,gt_p99,46,50,0.0,0.0,0.0,0.0,0.0,0.0,0.0,0.0,0.0
raf_spare_parts,quantity,gt_p99,47,50,0.0,0.0,0.0,0.0,0.0,0.0,0.0,0.0,0.0
raf_spare_parts,quantity,gt_p99,48,50,0.3333333333333333,0.0033333333333333335,0.005773502691896258,0.013333333333333334,0.023094010767585032,0.0,0.0,0.2075723111629486,0.3595257891787234
raf_spare_parts,quantity,gt_p99,49,50,0.0,0.0,0.0,0.0,0.0,0.0,0.0,0.0,0.0
raf_spare_parts,quantity,gt_p99,50,50,0.0,0.0,0.0,0.0,0.0,0.0,0.0,0.0,0.0
raf_spare_parts,quantity,gt_p99,51,50,0.0,0.0,0.0,0.0,0.0,0.0,0.0,0.0,0.0
raf_spare_parts,quantity,gt_p99,52,50,0.0,0.0,0.0,0.0,0.0,0.0,0.0,0.0,0.0
raf_spare_parts,quantity,gt_p99,53,50,0.0,0.0,0.0,0.0,0.0,0.0,0.0,0.0,0.0
raf_spare_parts,quantity,gt_p99,54,50,0.0,0.0,0.0,0.0,0.0,0.0,0.0,0.0,0.0
raf_spare_parts,quantity,gt_p99,55,50,0.0,0.0,0.0,0.0,0.0,0.0,0.0,0.0,0.0
raf_spare_parts,quantity,gt_p99,56,50,0.3333333333333333,0.0033333333333333335,0.005773502691896258,0.013333333333333334,0.023094010767585032,0.013333333333333334,0.023094010767585032,0.2361147701740265,0.40896277835886247
raf_spare_parts,quantity,gt_p99,57,50,0.0,0.0,0.0,0.0,0.0,0.0,0.0,0.0,0.0
raf_spare_parts,quantity,gt_p99,58,50,0.3333333333333333,0.0033333333333333335,0.005773502691896258,0.013333333333333334,0.023094010767585032,0.0,0.0,0.15856415530045828,0.2746411732396356
raf_spare_parts,quantity,gt_p99,59,50,0.3333333333333333,0.006666666666666667,0.011547005383792516,0.02666666666666667,0.046188021535170064,0.0,0.0,0.05792407070597013,0.1003274334439523
raf_spare_parts,quantity,gt_p99,60,50,0.0,0.0,0.0,0.0,0.0,0.0,0.0,0.0,0.0
raf_spare_parts,quantity,gt_p99,61,50,0.0,0.0,0.0,0.0,0.0,0.0,0.0,0.0,0.0
raf_spare_parts,quantity,gt_p99,62,50,0.0,0.0,0.0,0.0,0.0,0.0,0.0,0.0,0.0
raf_spare_parts,quantity,gt_p99,63,50,0.3333333333333333,0.08,0.13856406460551018,0.32,0.5542562584220407,0.09333333333333334,0.16165807537309523,0.16097026359703806,0.2788086750578248
raf_spare_parts,quantity,le_p50,0,3626,0.3333333333333333,0.08333333333333333,0.14433756729740646,0.3333333333333333,0.5773502691896258,0.0015627872770729914,0.0027068269653126413,0.24788941961315367,0.4293570694287431
raf_spare_parts,quantity,le_p50,1,3626,0.0,0.0,0.0,0.0,0.0,0.0,0.0,0.0,0.0
raf_spare_parts,quantity,le_p50,2,3626,0.0,0.0,0.0,0.0,0.0,0.0,0.0,0.0,0.0
raf_spare_parts,quantity,le_p50,3,3626,0.6666666666666666,0.03003769075197647,0.05196710854031627,0.12015076300790588,0.20786843416126508,0.00018385732671446958,0.00031845023121325196,0.34247777520880035,0.3127973949087396
raf_spare_parts,quantity,le_p50,4,3626,0.0,0.0,0.0,0.0,0.0,0.0,0.0,0.0,0.0
raf_spare_parts,quantity,le_p50,5,3626,0.3333333333333333,0.00494116565545137,0.008558349963856146,0.01976466262180548,0.03423339985542458,0.014248942820371391,0.024679892919027027,0.21387271927308668,0.37043841613390155
raf_spare_parts,quantity,le_p50,6,3626,0.3333333333333333,0.06012134583563155,0.10413322560673338,0.2404853833425262,0.4165329024269335,0.0010112152969295827,0.0017514762716728857,0.23514114474454298,0.40727640964745593
raf_spare_parts,quantity,le_p50,7,3626,0.0,0.0,0.0,0.0,0.0,0.0,0.0,0.0,0.0
raf_spare_parts,quantity,le_p50,8,3626,0.3333333333333333,0.057294539437396576,0.09923705330182964,0.2291781577495863,0.39694821320731855,0.056536127964699395,0.09792344609807498,0.21089131023766186,0.36527446420640086
raf_spare_parts,quantity,le_p50,9,3626,0.0,0.0,0.0,0.0,0.0,0.0,0.0,0.0,0.0
raf_spare_parts,quantity,le_p50,10,3626,0.0,0.0,0.0,0.0,0.0,0.0,0.0,0.0,0.0
raf_spare_parts,quantity,le_p50,11,3626,0.6666666666666666,0.10479867622724766,0.12980477821141526,0.41919470490899063,0.519219112845661,0.04283875712447141,0.07277058126678403,0.4055823723542997,0.36687038942327266
raf_spare_parts,quantity,le_p50,12,3626,0.6666666666666666,0.07351994851994852,0.11382631031210122,0.29407979407979407,0.4553052412484049,0.0061592204449347305,0.005420674016475663,0.4116177630498865,0.36396287077943457
raf_spare_parts,quantity,le_p50,13,3626,0.0,0.0,0.0,0.0,0.0,0.0,0.0,0.0,0.0
raf_spare_parts,quantity,le_p50,14,3626,0.0,0.0,0.0,0.0,0.0,0.0,0.0,0.0,0.0
raf_spare_parts,quantity,le_p50,15,3626,0.3333333333333333,0.08333333333333333,0.14433756729740646,0.3333333333333333,0.5773502691896258,0.28948336091193233,0.5013998890452652,0.25362199662713186,0.43928618407525477
raf_spare_parts,quantity,le_p50,16,3626,0.0,0.0,0.0,0.0,0.0,0.0,0.0,0.0,0.0
raf_spare_parts,quantity,le_p50,17,3626,0.3333333333333333,0.06281025923883067,0.10879056023822718,0.2512410369553227,0.43516224095290873,0.10047802904945763,0.1740330513580422,0.22578053169678533,0.3910633522587475
raf_spare_parts,quantity,le_p50,18,3626,0.3333333333333333,0.000022982165839308697,0.000039806278901656495,0.00009192866335723479,0.00015922511560662598,0.0,0.0,0.08736286560694377,0.15131692192603824
raf_spare_parts,quantity,le_p50,19,3626,0.3333333333333333,0.01760433903291046,0.03049160963866887,0.07041735613164184,0.12196643855467548,0.01305387019672734,0.02260996641614089,0.20329525978592192,0.3521177188871308
raf_spare_parts,quantity,le_p50,20,3626,0.0,0.0,0.0,0.0,0.0,0.0,0.0,0.0,0.0
raf_spare_parts,quantity,le_p50,21,3626,0.0,0.0,0.0,0.0,0.0,0.0,0.0,0.0,0.0
raf_spare_parts,quantity,le_p50,22,3626,0.6666666666666666,0.01144511858797573,0.019763847539814913,0.04578047435190292,0.07905539015925965,0.00018385732671446958,0.000318450231213252,0.30252201674289947,0.3136765509015206
raf_spare_parts,quantity,le_p50,23,3626,0.0,0.0,0.0,0.0,0.0,0.0,0.0,0.0,0.0
raf_spare_parts,quantity,le_p50,24,3626,0.3333333333333333,0.017098731384445672,0.02961587150283243,0.06839492553778269,0.11846348601132972,0.004872219157933444,0.008438931127151175,0.20697417906001478,0.358489793986804
raf_spare_parts,quantity,le_p50,25,3626,0.6666666666666666,0.01459367530796102,0.020739529724334634,0.05837470123184408,0.08295811889733853,0.006986578415149844,0.012101108786103574,0.3477764226562034,0.31665708969064993
raf_spare_parts,quantity,le_p50,26,3626,0.0,0.0,0.0,0.0,0.0,0.0,0.0,0.0,0.0
raf_spare_parts,quantity,le_p50,27,3626,0.0,0.0,0.0,0.0,0.0,0.0,0.0,0.0,0.0
raf_spare_parts,quantity,le_p50,28,3626,0.3333333333333333,0.08333333333333333,0.14433756729740646,0.3333333333333333,0.5773502691896258,0.0,0.0,0.2345289352717569,0.40621603173571547
raf_spare_parts,quantity,le_p50,29,3626,0.0,0.0,0.0,0.0,0.0,0.0,0.0,0.0,0.0
raf_spare_parts,quantity,le_p50,30,3626,0.0,0.0,0.0,0.0,0.0,0.0,0.0,0.0,0.0
raf_spare_parts,quantity,le_p50,31,3626,0.0,0.0,0.0,0.0,0.0,0.0,0.0,0.0,0.0
raf_spare_parts,quantity,le_p50,32,3626,0.0,0.0,0.0,0.0,0.0,0.0,0.0,0.0,0.0
raf_spare_parts,quantity,le_p50,33,3626,0.3333333333333333,0.05170987313844457,0.08956412752872711,0.2068394925537783,0.35825651011490844,0.0190292333149476,0.03295959893057158,0.21637957529668453,0.3747804181340332
raf_spare_parts,quantity,le_p50,34,3626,0.3333333333333333,0.028176135318992462,0.04880249793343086,0.11270454127596985,0.19520999173372344,0.003401360544217687,0.00589132927744516,0.2009882772986561,0.3481219080070147
raf_spare_parts,quantity,le_p50,35,3626,0.0,0.0,0.0,0.0,0.0,0.0,0.0,0.0,0.0
raf_spare_parts,quantity,le_p50,36,3626,0.0,0.0,0.0,0.0,0.0,0.0,0.0,0.0,0.0
raf_spare_parts,quantity,le_p50,37,3626,0.3333333333333333,0.000045964331678617394,0.000079612557803313,0.00018385732671446958,0.000318450231213252,0.0,0.0,0.08429688960313797,0.1460064957126596
raf_spare_parts,quantity,le_p50,38,3626,0.3333333333333333,0.000022982165839308697,0.000039806278901656495,0.00009192866335723479,0.00015922511560662598,0.0,0.0,0.12051682670911153,0.20874126702715506
raf_spare_parts,quantity,le_p50,39,3626,0.0,0.0,0.0,0.0,0.0,0.0,0.0,0.0,0.0
raf_spare_parts,quantity,le_p50,40,3626,0.0,0.0,0.0,0.0,0.0,0.0,0.0,0.0,0.0
raf_spare_parts,quantity,le_p50,41,3626,0.0,0.0,0.0,0.0,0.0,0.0,0.0,0.0,0.0
raf_spare_parts,quantity,le_p50,42,3626,0.0,0.0,0.0,0.0,0.0,0.0,0.0,0.0,0.0
raf_spare_parts,quantity,le_p50,43,3626,0.3333333333333333,0.02132744989887847,0.03694022682073723,0.08530979959551388,0.1477609072829489,0.035024820739106455,0.06066476904612449,0.2081539380610332,0.3605331965172546
raf_spare_parts,quantity,le_p50,44,3626,0.3333333333333333,0.00039069681926824786,0.0006767067413281603,0.0015627872770729914,0.0027068269653126413,0.0,0.0,0.09193258659512389,0.1592319108539801
raf_spare_parts,quantity,le_p50,45,3626,0.3333333333333333,0.009974259974259974,0.01727592504331892,0.039897039897039896,0.06910370017327568,0.0,0.0,0.23766867830182,0.411654226186495
raf_spare_parts,quantity,le_p50,46,3626,0.0,0.0,0.0,0.0,0.0,0.0,0.0,0.0,0.0
raf_spare_parts,quantity,le_p50,47,3626,0.0,0.0,0.0,0.0,0.0,0.0,0.0,0.0,0.0
raf_spare_parts,quantity,le_p50,48,3626,0.3333333333333333,0.06048906048906049,0.10477012606915988,0.24195624195624196,0.4190805042766395,0.12143776429490716,0.2103363777163529,0.22769099934236078,0.39437237928710067
raf_spare_parts,quantity,le_p50,49,3626,0.6666666666666666,0.00009192866335723479,0.00007961255780331299,0.00036771465342893915,0.00031845023121325196,0.0,0.0,0.2632471372683843,0.25849238490100873
raf_spare_parts,quantity,le_p50,50,3626,0.0,0.0,0.0,0.0,0.0,0.0,0.0,0.0,0.0
raf_spare_parts,quantity,le_p50,51,3626,0.0,0.0,0.0,0.0,0.0,0.0,0.0,0.0,0.0
raf_spare_parts,quantity,le_p50,52,3626,0.3333333333333333,0.000045964331678617394,0.000079612557803313,0.00018385732671446958,0.000318450231213252,0.0,0.0,0.10935076574484508,0.189401082116634
raf_spare_parts,quantity,le_p50,53,3626,0.3333333333333333,0.008710240853097996,0.015086579703727811,0.034840963412391984,0.060346318814911246,0.0,0.0,0.25870254890061095,0.44808595874343016
raf_spare_parts,quantity,le_p50,54,3626,0.0,0.0,0.0,0.0,0.0,0.0,0.0,0.0,0.0
raf_spare_parts,quantity,le_p50,55,3626,0.0,0.0,0.0,0.0,0.0,0.0,0.0,0.0,0.0
raf_spare_parts,quantity,le_p50,56,3626,0.6666666666666666,0.06687810259238831,0.11547820033477207,0.26751241036955326,0.4619128013390883,0.2492186063614635,0.43165928840956297,0.35603990048320605,0.3675283277760347
raf_spare_parts,quantity,le_p50,57,3626,0.0,0.0,0.0,0.0,0.0,0.0,0.0,0.0,0.0
raf_spare_parts,quantity,le_p50,58,3626,0.3333333333333333,0.032634675491818345,0.056524916040352216,0.13053870196727338,0.22609966416140886,0.0,0.0,0.185557043678324,0.3213942273531345
raf_spare_parts,quantity,le_p50,59,3626,0.3333333333333333,0.000022982165839308697,0.0000398062789016565,0.00009192866335723479,0.000159225115606626,0.0,0.0,0.05473447342713674,0.09480288890132944
raf_spare_parts,quantity,le_p50,60,3626,0.0,0.0,0.0,0.0,0.0,0.0,0.0,0.0,0.0
raf_spare_parts,quantity,le_p50,61,3626,0.3333333333333333,0.00009192866335723479,0.000159225115606626,0.00036771465342893915,0.000636900462426504,0.0,0.0,0.16007108489672342,0.2772512518637961
raf_spare_parts,quantity,le_p50,62,3626,0.3333333333333333,0.000022982165839308697,0.0000398062789016565,0.00009192866335723479,0.000159225115606626,0.0,0.0,0.10377475619316101,0.17974315026962787
raf_spare_parts,quantity,le_p50,63,3626,0.3333333333333333,0.015076300790586505,0.02611291895948666,0.06030520316234602,0.10445167583794664,0.03428939143224858,0.05939096812127149,0.20198393641115445,0.3498464401768808
raf_spare_parts,quantity,p50_p90,0,2555,0.3333333333333333,0.08333333333333333,0.14433756729740646,0.3333333333333333,0.5773502691896258,0.0005218525766470972,0.0009038751768135041,0.22898331365395588,0.3966107333341318
raf_spare_parts,quantity,p50_p90,1,2555,0.0,0.0,0.0,0.0,0.0,0.0,0.0,0.0,0.0
raf_spare_parts,quantity,p50_p90,2,2555,0.0,0.0,0.0,0.0,0.0,0.0,0.0,0.0,0.0
raf_spare_parts,quantity,p50_p90,3,2555,0.3333333333333333,0.034605348988910635,0.05993822266244549,0.13842139595564254,0.23975289064978195,0.0009132420091324201,0.0015817815594236322,0.2075561899978561,0.359497866501706
raf_spare_parts,quantity,p50_p90,4,2555,0.0,0.0,0.0,0.0,0.0,0.0,0.0,0.0,0.0
raf_spare_parts,quantity,p50_p90,5,2555,0.3333333333333333,0.03447488584474886,0.059712253868242124,0.13789954337899543,0.2388490154729685,0.11285061969993476,0.19546300698592026,0.2199243371210727,0.38092012571460393
raf_spare_parts,quantity,p50_p90,6,2555,0.3333333333333333,0.01431833007175473,0.024800075163820517,0.05727332028701892,0.09920030065528207,0.0001304631441617743,0.00022596879420337603,0.23208460917776974,0.40198233475066336
raf_spare_parts,quantity,p50_p90,7,2555,0.0,0.0,0.0,0.0,0.0,0.0,0.0,0.0,0.0
raf_spare_parts,quantity,p50_p90,8,2555,0.3333333333333333,0.0273972602739726,0.04745344678270896,0.1095890410958904,0.18981378713083585,0.04657534246575343,0.08067085953060525,0.20884741562462986,0.3617343348913131
raf_spare_parts,quantity,p50_p90,9,2555,0.3333333333333333,0.000032615786040443576,0.00005649219855084401,0.0001304631441617743,0.00022596879420337603,0.0,0.0,0.09631096323331197,0.16681548164599447
raf_spare_parts,quantity,p50_p90,10,2555,0.0,0.0,0.0,0.0,0.0,0.0,0.0,0.0,0.0
raf_spare_parts,quantity,p50_p90,11,2555,0.6666666666666666,0.08747553816046967,0.14088738662151096,0.3499021526418787,0.5635495464860438,0.1973907371167645,0.3418907856297079,0.3930603096863061,0.3624893368483284
raf_spare_parts,quantity,p50_p90,12,2555,0.6666666666666666,0.05984996738421396,0.05501548379104469,0.23939986953685585,0.22006193516417877,0.02648401826484018,0.04154324278796785,0.4124053684208602,0.36255810646602127
raf_spare_parts,quantity,p50_p90,13,2555,0.0,0.0,0.0,0.0,0.0,0.0,0.0,0.0,0.0
raf_spare_parts,quantity,p50_p90,14,2555,0.0,0.0,0.0,0.0,0.0,0.0,0.0,0.0,0.0
raf_spare_parts,quantity,p50_p90,15,2555,0.3333333333333333,0.08333333333333333,0.14433756729740646,0.3333333333333333,0.5773502691896258,0.1354207436399217,0.23455560838310432,0.23481686041779715,0.4067147327174339
raf_spare_parts,quantity,p50_p90,16,2555,0.0,0.0,0.0,0.0,0.0,0.0,0.0,0.0,0.0
raf_spare_parts,quantity,p50_p90,17,2555,0.3333333333333333,0.016960208741030658,0.02937594324643888,0.06784083496412263,0.11750377298575553,0.033789954337899546,0.05852591769867439,0.20825805462514743,0.36071353169620995
raf_spare_parts,quantity,p50_p90,18,2555,0.3333333333333333,0.0002609262883235486,0.00045193758840675205,0.0010437051532941944,0.0018077503536270082,0.0,0.0,0.12842563477655253,0.22243972442727347
raf_spare_parts,quantity,p50_p90,19,2555,0.3333333333333333,0.06223091976516634,0.10778711483501037,0.24892367906066537,0.4311484593400415,0.042270058708414875,0.07321388932189382,0.19521769995011706,0.33812697485033905
raf_spare_parts,quantity,p50_p90,20,2555,0.0,0.0,0.0,0.0,0.0,0.0,0.0,0.0,0.0
raf_spare_parts,quantity,p50_p90,21,2555,0.0,0.0,0.0,0.0,0.0,0.0,0.0,0.0,0.0
raf_spare_parts,quantity,p50_p90,22,2555,0.6666666666666666,0.0017612524461839531,0.0029662439121769307,0.0070450097847358124,0.011864975648707723,0.0,0.0,0.3033759981956122,0.30615411528367026
raf_spare_parts,quantity,p50_p90,23,2555,0.0,0.0,0.0,0.0,0.0,0.0,0.0,0.0,0.0
raf_spare_parts,quantity,p50_p90,24,2555,0.3333333333333333,0.061252446183953035,0.10609234887848505,0.24500978473581214,0.4243693955139402,0.012915851272015657,0.02237091062613423,0.18725844906404335,0.3243411479254718
raf_spare_parts,quantity,p50_p90,25,2555,0.6666666666666666,0.0383235485975212,0.06103544817943594,0.1532941943900848,0.24414179271774375,0.008871493803000651,0.01536587800582957,0.3313037888638026,0.29669014472370187
raf_spare_parts,quantity,p50_p90,26,2555,0.0,0.0,0.0,0.0,0.0,0.0,0.0,0.0,0.0
raf_spare_parts,quantity,p50_p90,27,2555,0.0,0.0,0.0,0.0,0.0,0.0,0.0,0.0,0.0
raf_spare_parts,quantity,p50_p90,28,2555,0.3333333333333333,0.08333333333333333,0.14433756729740646,0.3333333333333333,0.5773502691896258,0.0,0.0,0.23080369678106638,0.3997637293995283
raf_spare_parts,quantity,p50_p90,29,2555,0.0,0.0,0.0,0.0,0.0,0.0,0.0,0.0,0.0
raf_spare_parts,quantity,p50_p90,30,2555,0.0,0.0,0.0,0.0,0.0,0.0,0.0,0.0,0.0
raf_spare_parts,quantity,p50_p90,31,2555,0.0,0.0,0.0,0.0,0.0,0.0,0.0,0.0,0.0
raf_spare_parts,quantity,p50_p90,32,2555,0.0,0.0,0.0,0.0,0.0,0.0,0.0,0.0,0.0
raf_spare_parts,quantity,p50_p90,33,2555,0.3333333333333333,0.0682648401826484,0.1182381715669165,0.2730593607305936,0.472952686267666,0.02361382909328115,0.04090035175081107,0.19474557670301115,0.33730923339891716
raf_spare_parts,quantity,p50_p90,34,2555,0.3333333333333333,0.07048271363339857,0.1220796410683739,0.2819308545335943,0.4883185642734956,0.00547945205479452,0.009490689356541793,0.19211123606985078,0.3327464215778403
raf_spare_parts,quantity,p50_p90,35,2555,0.0,0.0,0.0,0.0,0.0,0.0,0.0,0.0,0.0
raf_spare_parts,quantity,p50_p90,36,2555,0.0,0.0,0.0,0.0,0.0,0.0,0.0,0.0,0.0
raf_spare_parts,quantity,p50_p90,37,2555,0.3333333333333333,0.00029354207436399217,0.0005084297869575961,0.0011741682974559687,0.0020337191478303845,0.0,0.0,0.0724623578566092,0.12550848544388496
raf_spare_parts,quantity,p50_p90,38,2555,0.0,0.0,0.0,0.0,0.0,0.0,0.0,0.0,0.0
raf_spare_parts,quantity,p50_p90,39,2555,0.0,0.0,0.0,0.0,0.0,0.0,0.0,0.0,0.0
raf_spare_parts,quantity,p50_p90,40,2555,0.0,0.0,0.0,0.0,0.0,0.0,0.0,0.0,0.0
raf_spare_parts,quantity,p50_p90,41,2555,0.0,0.0,0.0,0.0,0.0,0.0,0.0,0.0,0.0
raf_spare_parts,quantity,p50_p90,42,2555,0.0,0.0,0.0,0.0,0.0,0.0,0.0,0.0,0.0
raf_spare_parts,quantity,p50_p90,43,2555,0.3333333333333333,0.06715590345727332,0.11631743681618781,0.2686236138290933,0.46526974726475123,0.10554468362687541,0.18280875451053122,0.19457237130087982,0.33700923284228035
raf_spare_parts,quantity,p50_p90,44,2555,0.3333333333333333,0.0004240052185257665,0.0007343985811609721,0.001696020874103066,0.0029375943246438886,0.0,0.0,0.09426341110315078,0.16326901732540938
raf_spare_parts,quantity,p50_p90,45,2555,0.3333333333333333,0.002674494455316373,0.004632360281169209,0.010697977821265492,0.018529441124676835,0.0,0.0,0.23616797155965633,0.4090549258618064
raf_spare_parts,quantity,p50_p90,46,2555,0.0,0.0,0.0,0.0,0.0,0.0,0.0,0.0,0.0
raf_spare_parts,quantity,p50_p90,47,2555,0.0,0.0,0.0,0.0,0.0,0.0,0.0,0.0,0.0
raf_spare_parts,quantity,p50_p90,48,2555,0.3333333333333333,0.014807566862361383,0.02564745814208318,0.05923026744944553,0.10258983256833272,0.01761252446183953,0.03050578721745576,0.21261122994529694,0.36825345252496383
raf_spare_parts,quantity,p50_p90,49,2555,0.6666666666666666,0.00016307893020221786,0.0001494643083808167,0.0006523157208088715,0.0005978572335232668,0.0001304631441617743,0.00022596879420337603,0.2837288975715637,0.2655580907268032
raf_spare_parts,quantity,p50_p90,50,2555,0.0,0.0,0.0,0.0,0.0,0.0,0.0,0.0,0.0
raf_spare_parts,quantity,p50_p90,51,2555,0.0,0.0,0.0,0.0,0.0,0.0,0.0,0.0,0.0
raf_spare_parts,quantity,p50_p90,52,2555,0.3333333333333333,0.00009784735812133073,0.00016947659565253202,0.0003913894324853229,0.0006779063826101281,0.0,0.0,0.08706724147001903,0.15080488590094088
raf_spare_parts,quantity,p50_p90,53,2555,0.3333333333333333,0.001076320939334638,0.0018642425521778522,0.004305283757338552,0.007456970208711409,0.0,0.0,0.2581328701491308,0.4470992462018741
raf_spare_parts,quantity,p50_p90,54,2555,0.0,0.0,0.0,0.0,0.0,0.0,0.0,0.0,0.0
raf_spare_parts,quantity,p50_p90,55,2555,0.0,0.0,0.0,0.0,0.0,0.0,0.0,0.0,0.0
raf_spare_parts,quantity,p50_p90,56,2555,0.6666666666666666,0.02181996086105675,0.03762393146932839,0.087279843444227,0.15049572587731355,0.06771037181996085,0.11693901474563549,0.3142933471873961,0.3491520117624142
raf_spare_parts,quantity,p50_p90,57,2555,0.0,0.0,0.0,0.0,0.0,0.0,0.0,0.0,0.0
raf_spare_parts,quantity,p50_p90,58,2555,0.3333333333333333,0.004957599478147424,0.008586814179728288,0.019830397912589694,0.03434725671891315,0.0,0.0,0.17832716162267484,0.30887170430001964
raf_spare_parts,quantity,p50_p90,59,2555,0.3333333333333333,0.00009784735812133073,0.00016947659565253202,0.0003913894324853229,0.0006779063826101281,0.0,0.0,0.059021830558776855,0.10222880928352289
raf_spare_parts,quantity,p50_p90,60,2555,0.0,0.0,0.0,0.0,0.0,0.0,0.0,0.0,0.0
raf_spare_parts,quantity,p50_p90,61,2555,0.0,0.0,0.0,0.0,0.0,0.0,0.0,0.0,0.0
raf_spare_parts,quantity,p50_p90,62,2555,0.3333333333333333,0.00006523157208088715,0.00011298439710168801,0.0002609262883235486,0.00045193758840675205,0.0,0.0,0.11020321150620778,0.19087756148601098
raf_spare_parts,quantity,p50_p90,63,2555,0.3333333333333333,0.05867579908675799,0.10162946519296837,0.23470319634703196,0.40651786077187346,0.16177429876060012,0.2802013048121863,0.1995323271868029,0.3456001284399994
raf_spare_parts,quantity,p90_p95,0,235,0.3333333333333333,0.08333333333333333,0.14433756729740646,0.3333333333333333,0.5773502691896258,0.0,0.0,0.18838884039973536,0.32629904315132596
raf_spare_parts,quantity,p90_p95,1,235,0.0,0.0,0.0,0.0,0.0,0.0,0.0,0.0,0.0
raf_spare_parts,quantity,p90_p95,2,235,0.0,0.0,0.0,0.0,0.0,0.0,0.0,0.0,0.0
raf_spare_parts,quantity,p90_p95,3,235,0.3333333333333333,0.009219858156028368,0.015969262764819435,0.03687943262411347,0.06387705105927774,0.0,0.0,0.21561416907188222,0.373454695664246
raf_spare_parts,quantity,p90_p95,4,235,0.0,0.0,0.0,0.0,0.0,0.0,0.0,0.0,0.0
raf_spare_parts,quantity,p90_p95,5,235,0.3333333333333333,0.0723404255319149,0.12529729246242943,0.2893617021276596,0.5011891698497177,0.27375886524822696,0.4741642636323309,0.2354132942611875,0.40774778643753956
raf_spare_parts,quantity,p90_p95,6,235,0.3333333333333333,0.0024822695035460994,0.004299416898220618,0.009929078014184398,0.017197667592882472,0.0,0.0,0.23711787235169182,0.4107002022957618
raf_spare_parts,quantity,p90_p95,7,235,0.0,0.0,0.0,0.0,0.0,0.0,0.0,0.0,0.0
raf_spare_parts,quantity,p90_p95,8,235,0.3333333333333333,0.005319148936170213,0.009213036210472751,0.02127659574468085,0.036852144841891005,0.011347517730496455,0.019654477249008536,0.21558631261189778,0.37340644686023405
raf_spare_parts,quantity,p90_p95,9,235,0.0,0.0,0.0,0.0,0.0,0.0,0.0,0.0,0.0
raf_spare_parts,quantity,p90_p95,10,235,0.0,0.0,0.0,0.0,0.0,0.0,0.0,0.0,0.0
raf_spare_parts,quantity,p90_p95,11,235,0.6666666666666666,0.08404255319148936,0.1437273020244099,0.33617021276595743,0.5749092080976396,0.30921985815602837,0.5355845050354826,0.371018940506252,0.33190243549754506
raf_spare_parts,quantity,p90_p95,12,235,0.6666666666666666,0.07553191489361702,0.12172834861112167,0.3021276595744681,0.48691339444448667,0.08226950354609928,0.13882605087225044,0.40843968748654835,0.36124735237630556
raf_spare_parts,quantity,p90_p95,13,235,0.0,0.0,0.0,0.0,0.0,0.0,0.0,0.0,0.0
raf_spare_parts,quantity,p90_p95,14,235,0.0,0.0,0.0,0.0,0.0,0.0,0.0,0.0,0.0
raf_spare_parts,quantity,p90_p95,15,235,0.3333333333333333,0.08333333333333333,0.14433756729740646,0.3333333333333333,0.5773502691896258,0.02411347517730496,0.04176576415414314,0.19436184649771834,0.33664459318695117
raf_spare_parts,quantity,p90_p95,16,235,0.0,0.0,0.0,0.0,0.0,0.0,0.0,0.0,0.0
raf_spare_parts,quantity,p90_p95,17,235,0.3333333333333333,0.0028368794326241137,0.004913619312252134,0.011347517730496455,0.019654477249008536,0.00425531914893617,0.007370428968378201,0.20160484686493874,0.34918983782221696
raf_spare_parts,quantity,p90_p95,18,235,0.0,0.0,0.0,0.0,0.0,0.0,0.0,0.0,0.0
raf_spare_parts,quantity,p90_p95,19,235,0.3333333333333333,0.07872340425531915,0.13635293591499673,0.3148936170212766,0.5454117436599869,0.018439716312056736,0.03193852552963887,0.17622708459874173,0.30523426419475946
raf_spare_parts,quantity,p90_p95,20,235,0.0,0.0,0.0,0.0,0.0,0.0,0.0,0.0,0.0
raf_spare_parts,quantity,p90_p95,21,235,0.0,0.0,0.0,0.0,0.0,0.0,0.0,0.0,0.0
raf_spare_parts,quantity,p90_p95,22,235,0.0,0.0,0.0,0.0,0.0,0.0,0.0,0.0,0.0
raf_spare_parts,quantity,p90_p95,23,235,0.0,0.0,0.0,0.0,0.0,0.0,0.0,0.0,0.0
raf_spare_parts,quantity,p90_p95,24,235,0.3333333333333333,0.07801418439716312,0.1351245310869337,0.3120567375886525,0.5404981243477348,0.0028368794326241137,0.004913619312252134,0.1448682898373315,0.25091923840387215
raf_spare_parts,quantity,p90_p95,25,235,0.6666666666666666,0.023758865248226953,0.03932334723218998,0.09503546099290781,0.1572933889287599,0.0,0.0,0.3392531006764143,0.29552662211242237
raf_spare_parts,quantity,p90_p95,26,235,0.0,0.0,0.0,0.0,0.0,0.0,0.0,0.0,0.0
raf_spare_parts,quantity,p90_p95,27,235,0.0,0.0,0.0,0.0,0.0,0.0,0.0,0.0,0.0
raf_spare_parts,quantity,p90_p95,28,235,0.3333333333333333,0.08333333333333333,0.14433756729740646,0.3333333333333333,0.5773502691896258,0.0,0.0,0.20356397480829388,0.35258314695863596
raf_spare_parts,quantity,p90_p95,29,235,0.0,0.0,0.0,0.0,0.0,0.0,0.0,0.0,0.0
raf_spare_parts,quantity,p90_p95,30,235,0.0,0.0,0.0,0.0,0.0,0.0,0.0,0.0,0.0
raf_spare_parts,quantity,p90_p95,31,235,0.0,0.0,0.0,0.0,0.0,0.0,0.0,0.0,0.0
raf_spare_parts,quantity,p90_p95,32,235,0.0,0.0,0.0,0.0,0.0,0.0,0.0,0.0,0.0
raf_spare_parts,quantity,p90_p95,33,235,0.3333333333333333,0.06666666666666667,0.11547005383792516,0.26666666666666666,0.46188021535170065,0.00425531914893617,0.007370428968378201,0.14141920732056842,0.244945252245341
raf_spare_parts,quantity,p90_p95,34,235,0.3333333333333333,0.08191489361702127,0.1418807576412804,0.3276595744680851,0.5675230305651215,0.0028368794326241137,0.004913619312252134,0.17008471910399622,0.2945953750792023
raf_spare_parts,quantity,p90_p95,35,235,0.0,0.0,0.0,0.0,0.0,0.0,0.0,0.0,0.0
raf_spare_parts,quantity,p90_p95,36,235,0.0,0.0,0.0,0.0,0.0,0.0,0.0,0.0,0.0
raf_spare_parts,quantity,p90_p95,37,235,0.3333333333333333,0.0014184397163120568,0.002456809656126067,0.005673758865248227,0.009827238624504268,0.0,0.0,0.07915280883510907,0.13709668646419565
raf_spare_parts,quantity,p90_p95,38,235,0.0,0.0,0.0,0.0,0.0,0.0,0.0,0.0,0.0
raf_spare_parts,quantity,p90_p95,39,235,0.0,0.0,0.0,0.0,0.0,0.0,0.0,0.0,0.0
raf_spare_parts,quantity,p90_p95,40,235,0.0,0.0,0.0,0.0,0.0,0.0,0.0,0.0,0.0
raf_spare_parts,quantity,p90_p95,41,235,0.0,0.0,0.0,0.0,0.0,0.0,0.0,0.0,0.0
raf_spare_parts,quantity,p90_p95,42,235,0.0,0.0,0.0,0.0,0.0,0.0,0.0,0.0,0.0
raf_spare_parts,quantity,p90_p95,43,235,0.3333333333333333,0.08085106382978723,0.14003815039918582,0.3234042553191489,0.5601526015967433,0.0425531914893617,0.07370428968378201,0.15676464255877406,0.271524325742171
raf_spare_parts,quantity,p90_p95,44,235,0.0,0.0,0.0,0.0,0.0,0.0,0.0,0.0,0.0
raf_spare_parts,quantity,p90_p95,45,235,0.3333333333333333,0.0007092198581560284,0.0012284048280630335,0.0028368794326241137,0.004913619312252134,0.0,0.0,0.22789419690767923,0.3947243277942066
raf_spare_parts,quantity,p90_p95,46,235,0.0,0.0,0.0,0.0,0.0,0.0,0.0,0.0,0.0
raf_spare_parts,quantity,p90_p95,47,235,0.0,0.0,0.0,0.0,0.0,0.0,0.0,0.0,0.0
raf_spare_parts,quantity,p90_p95,48,235,0.3333333333333333,0.0024822695035460994,0.004299416898220618,0.009929078014184398,0.017197667592882472,0.0028368794326241137,0.004913619312252134,0.21152216905639284,0.3663671437328458
raf_spare_parts,quantity,p90_p95,49,235,0.0,0.0,0.0,0.0,0.0,0.0,0.0,0.0,0.0
raf_spare_parts,quantity,p90_p95,50,235,0.0,0.0,0.0,0.0,0.0,0.0,0.0,0.0,0.0
raf_spare_parts,quantity,p90_p95,51,235,0.0,0.0,0.0,0.0,0.0,0.0,0.0,0.0,0.0
raf_spare_parts,quantity,p90_p95,52,235,0.0,0.0,0.0,0.0,0.0,0.0,0.0,0.0,0.0
raf_spare_parts,quantity,p90_p95,53,235,0.0,0.0,0.0,0.0,0.0,0.0,0.0,0.0,0.0
raf_spare_parts,quantity,p90_p95,54,235,0.0,0.0,0.0,0.0,0.0,0.0,0.0,0.0,0.0
raf_spare_parts,quantity,p90_p95,55,235,0.0,0.0,0.0,0.0,0.0,0.0,0.0,0.0,0.0
raf_spare_parts,quantity,p90_p95,56,235,0.3333333333333333,0.0035460992907801418,0.006142024140315168,0.014184397163120567,0.02456809656126067,0.00851063829787234,0.014740857936756401,0.2331742395957311,0.4038696299960449
raf_spare_parts,quantity,p90_p95,57,235,0.0,0.0,0.0,0.0,0.0,0.0,0.0,0.0,0.0
raf_spare_parts,quantity,p90_p95,58,235,0.3333333333333333,0.0003546099290780142,0.0006142024140315168,0.0014184397163120568,0.002456809656126067,0.0,0.0,0.18122307459513345,0.3138875727026158
raf_spare_parts,quantity,p90_p95,59,235,0.3333333333333333,0.0007092198581560284,0.0012284048280630335,0.0028368794326241137,0.004913619312252134,0.0,0.0,0.05688254286845525,0.0985234543118792
raf_spare_parts,quantity,p90_p95,60,235,0.0,0.0,0.0,0.0,0.0,0.0,0.0,0.0,0.0
raf_spare_parts,quantity,p90_p95,61,235,0.0,0.0,0.0,0.0,0.0,0.0,0.0,0.0,0.0
raf_spare_parts,quantity,p90_p95,62,235,0.0,0.0,0.0,0.0,0.0,0.0,0.0,0.0,0.0
raf_spare_parts,quantity,p90_p95,63,235,0.3333333333333333,0.07907801418439717,0.13696713832902824,0.31631205673758866,0.547868553316113,0.2127659574468085,0.3685214484189101,0.18775692983058537,0.32520454193971843
raf_spare_parts,quantity,p95_p99,0,224,0.3333333333333333,0.08333333333333333,0.14433756729740646,0.3333333333333333,0.5773502691896258,0.0,0.0,0.165430549975662,0.2865341176819089
raf_spare_parts,quantity,p95_p99,1,224,0.0,0.0,0.0,0.0,0.0,0.0,0.0,0.0,0.0
raf_spare_parts,quantity,p95_p99,2,224,0.0,0.0,0.0,0.0,0.0,0.0,0.0,0.0,0.0
raf_spare_parts,quantity,p95_p99,3,224,0.3333333333333333,0.006696428571428572,0.01159855451497016,0.026785714285714288,0.04639421805988064,0.0,0.0,0.20001919788342937,0.34644341322327293
raf_spare_parts,quantity,p95_p99,4,224,0.0,0.0,0.0,0.0,0.0,0.0,0.0,0.0,0.0
raf_spare_parts,quantity,p95_p99,5,224,0.3333333333333333,0.07663690476190475,0.13273901278243627,0.306547619047619,0.5309560511297451,0.2976190476190476,0.5154913117764517,0.24507534479824855,0.42448294887302745
raf_spare_parts,quantity,p95_p99,6,224,0.3333333333333333,0.0011160714285714285,0.0019330924191616932,0.004464285714285714,0.007732369676646773,0.0,0.0,0.22045103046629164,0.3818323853485316
raf_spare_parts,quantity,p95_p99,7,224,0.0,0.0,0.0,0.0,0.0,0.0,0.0,0.0,0.0
raf_spare_parts,quantity,p95_p99,8,224,0.3333333333333333,0.003348214285714286,0.00579927725748508,0.013392857142857144,0.02319710902994032,0.008928571428571428,0.015464739353293545,0.2219171369517291,0.38437175627061554
raf_spare_parts,quantity,p95_p99,9,224,0.0,0.0,0.0,0.0,0.0,0.0,0.0,0.0,0.0
raf_spare_parts,quantity,p95_p99,10,224,0.0,0.0,0.0,0.0,0.0,0.0,0.0,0.0,0.0
raf_spare_parts,quantity,p95_p99,11,224,0.6666666666666666,0.08407738095238095,0.1436975373802546,0.3363095238095238,0.5747901495210184,0.3169642857142857,0.54513663214288,0.32410447246262003,0.2983969137247088
raf_spare_parts,quantity,p95_p99,12,224,0.6666666666666666,0.07775297619047619,0.12891631518630986,0.31101190476190477,0.5156652607452394,0.16666666666666666,0.2809782322650684,0.4047520123646438,0.36228970190971277
raf_spare_parts,quantity,p95_p99,13,224,0.0,0.0,0.0,0.0,0.0,0.0,0.0,0.0,0.0
raf_spare_parts,quantity,p95_p99,14,224,0.0,0.0,0.0,0.0,0.0,0.0,0.0,0.0,0.0
raf_spare_parts,quantity,p95_p99,15,224,0.3333333333333333,0.08333333333333333,0.14433756729740646,0.3333333333333333,0.5773502691896258,0.017857142857142856,0.03092947870658709,0.17143548044952608,0.29693496235856015
raf_spare_parts,quantity,p95_p99,16,224,0.0,0.0,0.0,0.0,0.0,0.0,0.0,0.0,0.0
raf_spare_parts,quantity,p95_p99,17,224,0.3333333333333333,0.0018601190476190477,0.003221820698602822,0.007440476190476191,0.012887282794411288,0.0,0.0,0.1756794313589732,0.3042857009585507
raf_spare_parts,quantity,p95_p99,18,224,0.3333333333333333,0.0003720238095238095,0.0006443641397205645,0.001488095238095238,0.002577456558882258,0.0,0.0,0.10582636793454488,0.1832966460431096
raf_spare_parts,quantity,p95_p99,19,224,0.3333333333333333,0.07961309523809525,0.1378939259002008,0.318452380952381,0.5515757036008032,0.014880952380952382,0.025774565588822577,0.16490166924452856,0.28561806938444156
raf_spare_parts,quantity,p95_p99,20,224,0.0,0.0,0.0,0.0,0.0,0.0,0.0,0.0,0.0
raf_spare_parts,quantity,p95_p99,21,224,0.0,0.0,0.0,0.0,0.0,0.0,0.0,0.0,0.0
raf_spare_parts,quantity,p95_p99,22,224,0.3333333333333333,0.0003720238095238095,0.0006443641397205645,0.001488095238095238,0.002577456558882258,0.001488095238095238,0.002577456558882258,0.19168208042780557,0.3320031022014632
raf_spare_parts,quantity,p95_p99,23,224,0.0,0.0,0.0,0.0,0.0,0.0,0.0,0.0,0.0
raf_spare_parts,quantity,p95_p99,24,224,0.3333333333333333,0.07924107142857142,0.13724956176048023,0.3169642857142857,0.5489982470419209,0.001488095238095238,0.002577456558882258,0.12517568492367048,0.2168106461600308
raf_spare_parts,quantity,p95_p99,25,224,0.6666666666666666,0.010044642857142856,0.01459452771274779,0.040178571428571425,0.05837811085099116,0.002976190476190476,0.005154913117764516,0.3036832697689533,0.2665181844270292
raf_spare_parts,quantity,p95_p99,26,224,0.0,0.0,0.0,0.0,0.0,0.0,0.0,0.0,0.0
raf_spare_parts,quantity,p95_p99,27,224,0.0,0.0,0.0,0.0,0.0,0.0,0.0,0.0,0.0
raf_spare_parts,quantity,p95_p99,28,224,0.3333333333333333,0.08333333333333333,0.14433756729740646,0.3333333333333333,0.5773502691896258,0.0,0.0,0.18564134929329157,0.3215402489616217
raf_spare_parts,quantity,p95_p99,29,224,0.0,0.0,0.0,0.0,0.0,0.0,0.0,0.0,0.0
raf_spare_parts,quantity,p95_p99,30,224,0.0,0.0,0.0,0.0,0.0,0.0,0.0,0.0,0.0
raf_spare_parts,quantity,p95_p99,31,224,0.0,0.0,0.0,0.0,0.0,0.0,0.0,0.0,0.0
raf_spare_parts,quantity,p95_p99,32,224,0.0,0.0,0.0,0.0,0.0,0.0,0.0,0.0,0.0
raf_spare_parts,quantity,p95_p99,33,224,0.3333333333333333,0.07254464285714286,0.12565100724551007,0.29017857142857145,0.5026040289820403,0.004464285714285714,0.007732369676646773,0.11926149094206655,0.2065669616980747
raf_spare_parts,quantity,p95_p99,34,224,0.3333333333333333,0.08147321428571429,0.1411157465988036,0.32589285714285715,0.5644629863952144,0.001488095238095238,0.002577456558882258,0.15522731924528763,0.2688616036555524
raf_spare_parts,quantity,p95_p99,35,224,0.0,0.0,0.0,0.0,0.0,0.0,0.0,0.0,0.0
raf_spare_parts,quantity,p95_p99,36,224,0.0,0.0,0.0,0.0,0.0,0.0,0.0,0.0,0.0
raf_spare_parts,quantity,p95_p99,37,224,0.3333333333333333,0.0026041666666666665,0.004510548978043952,0.010416666666666666,0.018042195912175808,0.0,0.0,0.06773154508499872,0.11731447736235988
raf_spare_parts,quantity,p95_p99,38,224,0.0,0.0,0.0,0.0,0.0,0.0,0.0,0.0,0.0
raf_spare_parts,quantity,p95_p99,39,224,0.0,0.0,0.0,0.0,0.0,0.0,0.0,0.0,0.0
raf_spare_parts,quantity,p95_p99,40,224,0.0,0.0,0.0,0.0,0.0,0.0,0.0,0.0,0.0
raf_spare_parts,quantity,p95_p99,41,224,0.0,0.0,0.0,0.0,0.0,0.0,0.0,0.0,0.0
raf_spare_parts,quantity,p95_p99,42,224,0.0,0.0,0.0,0.0,0.0,0.0,0.0,0.0,0.0
raf_spare_parts,quantity,p95_p99,43,224,0.3333333333333333,0.0818452380952381,0.14176011073852418,0.3273809523809524,0.5670404429540967,0.019345238095238096,0.033506935265469356,0.13642449193831646,0.2362941514339348
raf_spare_parts,quantity,p95_p99,44,224,0.3333333333333333,0.0003720238095238095,0.0006443641397205645,0.001488095238095238,0.002577456558882258,0.0,0.0,0.10999391476313274,0.1905150488931463
raf_spare_parts,quantity,p95_p99,45,224,0.3333333333333333,0.000744047619047619,0.001288728279441129,0.002976190476190476,0.005154913117764516,0.0,0.0,0.20503687858581543,0.35513429113596345
raf_spare_parts,quantity,p95_p99,46,224,0.0,0.0,0.0,0.0,0.0,0.0,0.0,0.0,0.0
raf_spare_parts,quantity,p95_p99,47,224,0.0,0.0,0.0,0.0,0.0,0.0,0.0,0.0,0.0
raf_spare_parts,quantity,p95_p99,48,224,0.3333333333333333,0.0018601190476190477,0.003221820698602822,0.007440476190476191,0.012887282794411288,0.001488095238095238,0.002577456558882258,0.18528518279393513,0.3209233504887824
raf_spare_parts,quantity,p95_p99,49,224,0.3333333333333333,0.000744047619047619,0.001288728279441129,0.002976190476190476,0.005154913117764516,0.0,0.0,0.16105306645234427,0.2789520938102269
raf_spare_parts,quantity,p95_p99,50,224,0.0,0.0,0.0,0.0,0.0,0.0,0.0,0.0,0.0
raf_spare_parts,quantity,p95_p99,51,224,0.0,0.0,0.0,0.0,0.0,0.0,0.0,0.0,0.0
raf_spare_parts,quantity,p95_p99,52,224,0.0,0.0,0.0,0.0,0.0,0.0,0.0,0.0,0.0
raf_spare_parts,quantity,p95_p99,53,224,0.0,0.0,0.0,0.0,0.0,0.0,0.0,0.0,0.0
raf_spare_parts,quantity,p95_p99,54,224,0.0,0.0,0.0,0.0,0.0,0.0,0.0,0.0,0.0
raf_spare_parts,quantity,p95_p99,55,224,0.0,0.0,0.0,0.0,0.0,0.0,0.0,0.0,0.0
raf_spare_parts,quantity,p95_p99,56,224,0.3333333333333333,0.0026041666666666665,0.004510548978043952,0.010416666666666666,0.018042195912175808,0.002976190476190476,0.005154913117764516,0.22064876556396484,0.3821748725841412
raf_spare_parts,quantity,p95_p99,57,224,0.0,0.0,0.0,0.0,0.0,0.0,0.0,0.0,0.0
raf_spare_parts,quantity,p95_p99,58,224,0.3333333333333333,0.0003720238095238095,0.0006443641397205645,0.001488095238095238,0.002577456558882258,0.0,0.0,0.08518645167350769,0.14754726241502614
raf_spare_parts,quantity,p95_p99,59,224,0.3333333333333333,0.0037202380952380955,0.006443641397205644,0.014880952380952382,0.025774565588822577,0.0,0.0,0.061008659501870476,0.1056700979589094
raf_spare_parts,quantity,p95_p99,60,224,0.0,0.0,0.0,0.0,0.0,0.0,0.0,0.0,0.0
raf_spare_parts,quantity,p95_p99,61,224,0.0,0.0,0.0,0.0,0.0,0.0,0.0,0.0,0.0
raf_spare_parts,quantity,p95_p99,62,224,0.0,0.0,0.0,0.0,0.0,0.0,0.0,0.0,0.0
raf_spare_parts,quantity,p95_p99,63,224,0.3333333333333333,0.07998511904761905,0.13853829003992135,0.3199404761904762,0.5541531601596854,0.14136904761904762,0.2448583730938145,0.17429624957631726,0.30188995983488687
raf_spare_parts,quantity_region,body_le_p95,0,6416,0.3333333333333333,0.08333333333333333,0.14433756729740646,0.3333333333333333,0.5773502691896258,0.0010910224438902742,0.0018897063050159198,0.23818123120278836,0.4125419938525391
raf_spare_parts,quantity_region,body_le_p95,1,6416,0.0,0.0,0.0,0.0,0.0,0.0,0.0,0.0,0.0
raf_spare_parts,quantity_region,body_le_p95,2,6416,0.0,0.0,0.0,0.0,0.0,0.0,0.0,0.0,0.0
raf_spare_parts,quantity_region,body_le_p95,3,6416,0.6666666666666666,0.031094139650872817,0.053822888463604626,0.12437655860349127,0.2152915538544185,0.0004675810473815461,0.0008098741307211086,0.3440165065684546,0.3147991198924419
raf_spare_parts,quantity_region,body_le_p95,4,6416,0.0,0.0,0.0,0.0,0.0,0.0,0.0,0.0,0.0
raf_spare_parts,quantity_region,body_le_p95,5,6416,0.3333333333333333,0.01917082294264339,0.03320483935956545,0.07668329177057356,0.1328193574382618,0.0630195344970906,0.1091530356183005,0.22118358469510144,0.3831012064921296
raf_spare_parts,quantity_region,body_le_p95,6,6416,0.3333333333333333,0.03977036575228595,0.06888429411855651,0.1590814630091438,0.27553717647422604,0.0006234413965087282,0.0010798321742948112,0.23470744715454842,0.40652522338646524
raf_spare_parts,quantity_region,body_le_p95,7,6416,0.0,0.0,0.0,0.0,0.0,0.0,0.0,0.0,0.0
raf_spare_parts,quantity_region,body_le_p95,8,6416,0.3333333333333333,0.04348503740648379,0.07531829415706308,0.17394014962593515,0.3012731766282523,0.05091438071487947,0.08818629423407626,0.21039954009449183,0.364422693332785
raf_spare_parts,quantity_region,body_le_p95,9,6416,0.3333333333333333,0.00001298836242726517,0.0000224965036311419,0.00005195344970906068,0.0000899860145245676,0.0,0.0,0.09631096323331197,0.16681548164599447
raf_spare_parts,quantity_region,body_le_p95,10,6416,0.0,0.0,0.0,0.0,0.0,0.0,0.0,0.0,0.0
raf_spare_parts,quantity_region,body_le_p95,11,6416,0.6666666666666666,0.0971399625935162,0.13399083943640336,0.3885598503740648,0.5359633577456134,0.11414172901080631,0.19688995499432577,0.4031471928167261,0.36510742731906165
raf_spare_parts,quantity_region,body_le_p95,12,6416,0.6666666666666666,0.06814993765586035,0.07256532762423593,0.2725997506234414,0.2902613104969437,0.0170407315045719,0.02382438152504404,0.41369771770165814,0.36474021584392347
raf_spare_parts,quantity_region,body_le_p95,13,6416,0.0,0.0,0.0,0.0,0.0,0.0,0.0,0.0,0.0
raf_spare_parts,quantity_region,body_le_p95,14,6416,0.0,0.0,0.0,0.0,0.0,0.0,0.0,0.0,0.0
raf_spare_parts,quantity_region,body_le_p95,15,6416,0.3333333333333333,0.08333333333333333,0.14433756729740646,0.3333333333333333,0.5773502691896258,0.21841230257689112,0.37830120506128223,0.24396282295268323,0.42255600451197806
raf_spare_parts,quantity_region,body_le_p95,16,6416,0.0,0.0,0.0,0.0,0.0,0.0,0.0,0.0,0.0
raf_spare_parts,quantity_region,body_le_p95,17,6416,0.3333333333333333,0.04235504987531172,0.07336109834115373,0.16942019950124687,0.2934443933646149,0.07039692435577723,0.1219310496807891,0.22292708381088944,0.38612103554362587
raf_spare_parts,quantity_region,body_le_p95,18,6416,0.3333333333333333,0.00011689526184538653,0.00020246853268027714,0.0004675810473815461,0.0008098741307211086,0.0,0.0,0.1238631048688182,0.21453719081602513
raf_spare_parts,quantity_region,body_le_p95,19,6416,0.3333333333333333,0.037614297589359934,0.06514987451578695,0.15045719035743974,0.2605994980631478,0.02488570241064007,0.04310330095726789,0.19589846453099455,0.33930609369241216
raf_spare_parts,quantity_region,body_le_p95,20,6416,0.0,0.0,0.0,0.0,0.0,0.0,0.0,0.0,0.0
raf_spare_parts,quantity_region,body_le_p95,21,6416,0.0,0.0,0.0,0.0,0.0,0.0,0.0,0.0,0.0
raf_spare_parts,quantity_region,body_le_p95,22,6416,0.6666666666666666,0.007169576059850374,0.01235064195920087,0.028678304239401497,0.04940256783680348,0.00010390689941812137,0.0001799720290491352,0.30483801036170033,0.3127395924414422
raf_spare_parts,quantity_region,body_le_p95,23,6416,0.0,0.0,0.0,0.0,0.0,0.0,0.0,0.0,0.0
raf_spare_parts,quantity_region,body_le_p95,24,6416,0.3333333333333333,0.03691292601828761,0.06393506331970529,0.14765170407315045,0.25574025327882116,0.008000831255195346,0.01385784623678341,0.1891383463501539,0.327597225538026
raf_spare_parts,quantity_region,body_le_p95,25,6416,0.6666666666666666,0.024379156275976723,0.037439677329209976,0.09751662510390689,0.1497587093168399,0.007481296758104738,0.012957986091537737,0.33612896163979844,0.3018299057904445
raf_spare_parts,quantity_region,body_le_p95,26,6416,0.0,0.0,0.0,0.0,0.0,0.0,0.0,0.0,0.0
raf_spare_parts,quantity_region,body_le_p95,27,6416,0.0,0.0,0.0,0.0,0.0,0.0,0.0,0.0,0.0
raf_spare_parts,quantity_region,body_le_p95,28,6416,0.3333333333333333,0.08333333333333333,0.14433756729740646,0.3333333333333333,0.5773502691896258,0.0,0.0,0.23191129966505053,0.4016821538691987
raf_spare_parts,quantity_region,body_le_p95,29,6416,0.0,0.0,0.0,0.0,0.0,0.0,0.0,0.0,0.0
raf_spare_parts,quantity_region,body_le_p95,30,6416,0.0,0.0,0.0,0.0,0.0,0.0,0.0,0.0,0.0
raf_spare_parts,quantity_region,body_le_p95,31,6416,0.0,0.0,0.0,0.0,0.0,0.0,0.0,0.0,0.0
raf_spare_parts,quantity_region,body_le_p95,32,6416,0.0,0.0,0.0,0.0,0.0,0.0,0.0,0.0,0.0
raf_spare_parts,quantity_region,body_le_p95,33,6416,0.3333333333333333,0.058850270157938485,0.10193165795270397,0.23540108063175394,0.40772663181081586,0.020313798836242725,0.035184531679105936,0.20327595396892725,0.35208428023121435
raf_spare_parts,quantity_region,body_le_p95,34,6416,0.3333333333333333,0.046991895261845384,0.0813923501374714,0.18796758104738154,0.3255694005498856,0.004208229426433915,0.007288867176489976,0.1937129848612833,0.33552073186556347
raf_spare_parts,quantity_region,body_le_p95,35,6416,0.0,0.0,0.0,0.0,0.0,0.0,0.0,0.0,0.0
raf_spare_parts,quantity_region,body_le_p95,36,6416,0.0,0.0,0.0,0.0,0.0,0.0,0.0,0.0,0.0
raf_spare_parts,quantity_region,body_le_p95,37,6416,0.3333333333333333,0.00019482543640897756,0.0003374475544671285,0.0007793017456359103,0.001349790217868514,0.0,0.0,0.07582441568374633,0.1313317404184711
raf_spare_parts,quantity_region,body_le_p95,38,6416,0.3333333333333333,0.00001298836242726517,0.0000224965036311419,0.00005195344970906068,0.0000899860145245676,0.0,0.0,0.12051682670911153,0.20874126702715506
raf_spare_parts,quantity_region,body_le_p95,39,6416,0.0,0.0,0.0,0.0,0.0,0.0,0.0,0.0,0.0
raf_spare_parts,quantity_region,body_le_p95,40,6416,0.0,0.0,0.0,0.0,0.0,0.0,0.0,0.0,0.0
raf_spare_parts,quantity_region,body_le_p95,41,6416,0.0,0.0,0.0,0.0,0.0,0.0,0.0,0.0,0.0
raf_spare_parts,quantity_region,body_le_p95,42,6416,0.0,0.0,0.0,0.0,0.0,0.0,0.0,0.0,0.0
raf_spare_parts,quantity_region,body_le_p95,43,6416,0.3333333333333333,0.04175758520365752,0.07232625917412121,0.16703034081463008,0.28930503669648483,0.06338320864505403,0.10978293771997248,0.19581141696191318,0.3391553228800879
raf_spare_parts,quantity_region,body_le_p95,44,6416,0.3333333333333333,0.00038965087281795513,0.000674895108934257,0.0015586034912718205,0.002699580435737028,0.0,0.0,0.09294261054860221,0.16098132365826615
raf_spare_parts,quantity_region,body_le_p95,45,6416,0.3333333333333333,0.006727971737323358,0.011653188880931505,0.02691188694929343,0.04661275552372602,0.0,0.0,0.23739337537586305,0.41117738753126526
raf_spare_parts,quantity_region,body_le_p95,46,6416,0.0,0.0,0.0,0.0,0.0,0.0,0.0,0.0,0.0
raf_spare_parts,quantity_region,body_le_p95,47,6416,0.0,0.0,0.0,0.0,0.0,0.0,0.0,0.0,0.0
raf_spare_parts,quantity_region,body_le_p95,48,6416,0.3333333333333333,0.04017300498753117,0.06958168573112189,0.1606920199501247,0.27832674292448756,0.07574812967581047,0.13119960917681955,0.22544095177745008,0.3904751825852288
raf_spare_parts,quantity_region,body_le_p95,49,6416,0.6666666666666666,0.00011689526184538653,0.00010309193076155669,0.0004675810473815461,0.00041236772304622675,0.00005195344970906068,0.0000899860145245676,0.2752159709731738,0.26195524039568796
raf_spare_parts,quantity_region,body_le_p95,50,6416,0.0,0.0,0.0,0.0,0.0,0.0,0.0,0.0,0.0
raf_spare_parts,quantity_region,body_le_p95,51,6416,0.0,0.0,0.0,0.0,0.0,0.0,0.0,0.0,0.0
raf_spare_parts,quantity_region,body_le_p95,52,6416,0.3333333333333333,0.00006494181213632585,0.00011248251815570951,0.0002597672485453034,0.00044993007262283805,0.0,0.0,0.09598065117994943,0.16624336438721815
raf_spare_parts,quantity_region,body_le_p95,53,6416,0.3333333333333333,0.00535120532003325,0.009268559496030462,0.021404821280133,0.03707423798412185,0.0,0.0,0.2586569192918759,0.4480069259427715
raf_spare_parts,quantity_region,body_le_p95,54,6416,0.0,0.0,0.0,0.0,0.0,0.0,0.0,0.0,0.0
raf_spare_parts,quantity_region,body_le_p95,55,6416,0.0,0.0,0.0,0.0,0.0,0.0,0.0,0.0,0.0
raf_spare_parts,quantity_region,body_le_p95,56,6416,0.6666666666666666,0.04661523275145469,0.08047014442948941,0.18646093100581876,0.32188057771795764,0.16812136325852037,0.2910597744124717,0.34650482136725325,0.3640021015166082
raf_spare_parts,quantity_region,body_le_p95,57,6416,0.0,0.0,0.0,0.0,0.0,0.0,0.0,0.0,0.0
raf_spare_parts,quantity_region,body_le_p95,58,6416,0.3333333333333333,0.020430694098088113,0.03538700021178621,0.08172277639235245,0.14154800084714483,0.0,0.0,0.18485566030798586,0.320179395720125
raf_spare_parts,quantity_region,body_le_p95,59,6416,0.3333333333333333,0.00007793017456359102,0.0001349790217868514,0.0003117206982543641,0.0005399160871474056,0.0,0.0,0.057594175140062966,0.09975603756260942
raf_spare_parts,quantity_region,body_le_p95,60,6416,0.0,0.0,0.0,0.0,0.0,0.0,0.0,0.0,0.0
raf_spare_parts,quantity_region,body_le_p95,61,6416,0.3333333333333333,0.00005195344970906068,0.0000899860145245676,0.00020781379883624273,0.0003599440580982704,0.0,0.0,0.16007108489672342,0.2772512518637961
raf_spare_parts,quantity_region,body_le_p95,62,6416,0.3333333333333333,0.00003896508728179551,0.0000674895108934257,0.00015586034912718204,0.0002699580435737028,0.0,0.0,0.10806039306852554,0.18716609108054996
raf_spare_parts,quantity_region,body_le_p95,63,6416,0.3333333333333333,0.03478283458021613,0.06024563672419801,0.13913133832086452,0.24098254689679205,0.09159393183707398,0.1586453436068127,0.1991523204805811,0.3449419375176064
raf_spare_parts,quantity_region,extreme_tail_gt_p99,0,50,0.3333333333333333,0.08333333333333333,0.14433756729740646,0.3333333333333333,0.5773502691896258,0.0,0.0,0.1475874314705531,0.25562892986558783
raf_spare_parts,quantity_region,extreme_tail_gt_p99,1,50,0.0,0.0,0.0,0.0,0.0,0.0,0.0,0.0,0.0
raf_spare_parts,quantity_region,extreme_tail_gt_p99,2,50,0.0,0.0,0.0,0.0,0.0,0.0,0.0,0.0,0.0
raf_spare_parts,quantity_region,extreme_tail_gt_p99,3,50,0.0,0.0,0.0,0.0,0.0,0.0,0.0,0.0,0.0
raf_spare_parts,quantity_region,extreme_tail_gt_p99,4,50,0.0,0.0,0.0,0.0,0.0,0.0,0.0,0.0,0.0
raf_spare_parts,quantity_region,extreme_tail_gt_p99,5,50,0.3333333333333333,0.08,0.13856406460551016,0.32,0.5542562584220406,0.3133333333333333,0.5427092530382482,0.2473760959174898,0.4284679667071243
raf_spare_parts,quantity_region,extreme_tail_gt_p99,6,50,0.3333333333333333,0.0033333333333333335,0.005773502691896258,0.013333333333333334,0.023094010767585032,0.0,0.0,0.22062021493911743,0.3821254214513176
raf_spare_parts,quantity_region,extreme_tail_gt_p99,7,50,0.0,0.0,0.0,0.0,0.0,0.0,0.0,0.0,0.0
raf_spare_parts,quantity_region,extreme_tail_gt_p99,8,50,0.0,0.0,0.0,0.0,0.0,0.0,0.0,0.0,0.0
raf_spare_parts,quantity_region,extreme_tail_gt_p99,9,50,0.0,0.0,0.0,0.0,0.0,0.0,0.0,0.0,0.0
raf_spare_parts,quantity_region,extreme_tail_gt_p99,10,50,0.0,0.0,0.0,0.0,0.0,0.0,0.0,0.0,0.0
raf_spare_parts,quantity_region,extreme_tail_gt_p99,11,50,0.6666666666666666,0.08666666666666667,0.14153915830374764,0.3466666666666667,0.5661566332149905,0.32,0.5542562584220407,0.35916215856870015,0.3110873980196759
raf_spare_parts,quantity_region,extreme_tail_gt_p99,12,50,0.6666666666666666,0.08333333333333333,0.13576941236277534,0.3333333333333333,0.5430776494511014,0.22666666666666668,0.39259818304894556,0.3782498250818915,0.3362520113796028
raf_spare_parts,quantity_region,extreme_tail_gt_p99,13,50,0.0,0.0,0.0,0.0,0.0,0.0,0.0,0.0,0.0
raf_spare_parts,quantity_region,extreme_tail_gt_p99,14,50,0.0,0.0,0.0,0.0,0.0,0.0,0.0,0.0,0.0
raf_spare_parts,quantity_region,extreme_tail_gt_p99,15,50,0.3333333333333333,0.08333333333333333,0.14433756729740646,0.3333333333333333,0.5773502691896258,0.013333333333333334,0.023094010767585032,0.15336604793866476,0.26563778718581144
raf_spare_parts,quantity_region,extreme_tail_gt_p99,16,50,0.0,0.0,0.0,0.0,0.0,0.0,0.0,0.0,0.0
raf_spare_parts,quantity_region,extreme_tail_gt_p99,17,50,0.3333333333333333,0.0033333333333333335,0.005773502691896258,0.013333333333333334,0.023094010767585032,0.013333333333333334,0.023094010767585032,0.21177600820859274,0.3668068060414062
raf_spare_parts,quantity_region,extreme_tail_gt_p99,18,50,0.0,0.0,0.0,0.0,0.0,0.0,0.0,0.0,0.0
raf_spare_parts,quantity_region,extreme_tail_gt_p99,19,50,0.3333333333333333,0.08,0.13856406460551018,0.32,0.5542562584220407,0.0,0.0,0.1524945373336474,0.26412828653858633
raf_spare_parts,quantity_region,extreme_tail_gt_p99,20,50,0.0,0.0,0.0,0.0,0.0,0.0,0.0,0.0,0.0
raf_spare_parts,quantity_region,extreme_tail_gt_p99,21,50,0.0,0.0,0.0,0.0,0.0,0.0,0.0,0.0,0.0
raf_spare_parts,quantity_region,extreme_tail_gt_p99,22,50,0.3333333333333333,0.0016666666666666668,0.002886751345948129,0.006666666666666667,0.011547005383792516,0.0,0.0,0.19447692235310873,0.3368439104152118
raf_spare_parts,quantity_region,extreme_tail_gt_p99,23,50,0.0,0.0,0.0,0.0,0.0,0.0,0.0,0.0,0.0
raf_spare_parts,quantity_region,extreme_tail_gt_p99,24,50,0.3333333333333333,0.07666666666666667,0.13279056191361394,0.3066666666666667,0.5311622476544557,0.0,0.0,0.10674947899752768,0.18489552130522474
raf_spare_parts,quantity_region,extreme_tail_gt_p99,25,50,0.3333333333333333,0.008333333333333333,0.014433756729740645,0.03333333333333333,0.05773502691896258,0.0,0.0,0.17909714579582214,0.3102053560089347
raf_spare_parts,quantity_region,extreme_tail_gt_p99,26,50,0.0,0.0,0.0,0.0,0.0,0.0,0.0,0.0,0.0
raf_spare_parts,quantity_region,extreme_tail_gt_p99,27,50,0.0,0.0,0.0,0.0,0.0,0.0,0.0,0.0,0.0
raf_spare_parts,quantity_region,extreme_tail_gt_p99,28,50,0.3333333333333333,0.08333333333333333,0.14433756729740646,0.3333333333333333,0.5773502691896258,0.0,0.0,0.17061539749304455,0.2955145370115128
raf_spare_parts,quantity_region,extreme_tail_gt_p99,29,50,0.0,0.0,0.0,0.0,0.0,0.0,0.0,0.0,0.0
raf_spare_parts,quantity_region,extreme_tail_gt_p99,30,50,0.0,0.0,0.0,0.0,0.0,0.0,0.0,0.0,0.0
raf_spare_parts,quantity_region,extreme_tail_gt_p99,31,50,0.0,0.0,0.0,0.0,0.0,0.0,0.0,0.0,0.0
raf_spare_parts,quantity_region,extreme_tail_gt_p99,32,50,0.0,0.0,0.0,0.0,0.0,0.0,0.0,0.0,0.0
raf_spare_parts,quantity_region,extreme_tail_gt_p99,33,50,0.3333333333333333,0.06333333333333334,0.10969655114602889,0.25333333333333335,0.43878620458411555,0.0,0.0,0.09193990484141468,0.15924458642837802
raf_spare_parts,quantity_region,extreme_tail_gt_p99,34,50,0.3333333333333333,0.08,0.13856406460551018,0.32,0.5542562584220407,0.0,0.0,0.1396249696198437,0.24183754138683025
raf_spare_parts,quantity_region,extreme_tail_gt_p99,35,50,0.0,0.0,0.0,0.0,0.0,0.0,0.0,0.0,0.0
raf_spare_parts,quantity_region,extreme_tail_gt_p99,36,50,0.0,0.0,0.0,0.0,0.0,0.0,0.0,0.0,0.0
raf_spare_parts,quantity_region,extreme_tail_gt_p99,37,50,0.3333333333333333,0.006666666666666667,0.011547005383792516,0.02666666666666667,0.046188021535170064,0.0,0.0,0.07169605791568756,0.12418121501237164
raf_spare_parts,quantity_region,extreme_tail_gt_p99,38,50,0.0,0.0,0.0,0.0,0.0,0.0,0.0,0.0,0.0
raf_spare_parts,quantity_region,extreme_tail_gt_p99,39,50,0.0,0.0,0.0,0.0,0.0,0.0,0.0,0.0,0.0
raf_spare_parts,quantity_region,extreme_tail_gt_p99,40,50,0.0,0.0,0.0,0.0,0.0,0.0,0.0,0.0,0.0
raf_spare_parts,quantity_region,extreme_tail_gt_p99,41,50,0.0,0.0,0.0,0.0,0.0,0.0,0.0,0.0,0.0
raf_spare_parts,quantity_region,extreme_tail_gt_p99,42,50,0.0,0.0,0.0,0.0,0.0,0.0,0.0,0.0,0.0
raf_spare_parts,quantity_region,extreme_tail_gt_p99,43,50,0.3333333333333333,0.08,0.13856406460551016,0.32,0.5542562584220406,0.006666666666666667,0.011547005383792516,0.11586862657633092,0.20069034823343065
raf_spare_parts,quantity_region,extreme_tail_gt_p99,44,50,0.0,0.0,0.0,0.0,0.0,0.0,0.0,0.0,0.0
raf_spare_parts,quantity_region,extreme_tail_gt_p99,45,50,0.0,0.0,0.0,0.0,0.0,0.0,0.0,0.0,0.0
raf_spare_parts,quantity_region,extreme_tail_gt_p99,46,50,0.0,0.0,0.0,0.0,0.0,0.0,0.0,0.0,0.0
raf_spare_parts,quantity_region,extreme_tail_gt_p99,47,50,0.0,0.0,0.0,0.0,0.0,0.0,0.0,0.0,0.0
raf_spare_parts,quantity_region,extreme_tail_gt_p99,48,50,0.3333333333333333,0.0033333333333333335,0.005773502691896258,0.013333333333333334,0.023094010767585032,0.0,0.0,0.2075723111629486,0.3595257891787234
raf_spare_parts,quantity_region,extreme_tail_gt_p99,49,50,0.0,0.0,0.0,0.0,0.0,0.0,0.0,0.0,0.0
raf_spare_parts,quantity_region,extreme_tail_gt_p99,50,50,0.0,0.0,0.0,0.0,0.0,0.0,0.0,0.0,0.0
raf_spare_parts,quantity_region,extreme_tail_gt_p99,51,50,0.0,0.0,0.0,0.0,0.0,0.0,0.0,0.0,0.0
raf_spare_parts,quantity_region,extreme_tail_gt_p99,52,50,0.0,0.0,0.0,0.0,0.0,0.0,0.0,0.0,0.0
raf_spare_parts,quantity_region,extreme_tail_gt_p99,53,50,0.0,0.0,0.0,0.0,0.0,0.0,0.0,0.0,0.0
raf_spare_parts,quantity_region,extreme_tail_gt_p99,54,50,0.0,0.0,0.0,0.0,0.0,0.0,0.0,0.0,0.0
raf_spare_parts,quantity_region,extreme_tail_gt_p99,55,50,0.0,0.0,0.0,0.0,0.0,0.0,0.0,0.0,0.0
raf_spare_parts,quantity_region,extreme_tail_gt_p99,56,50,0.3333333333333333,0.0033333333333333335,0.005773502691896258,0.013333333333333334,0.023094010767585032,0.013333333333333334,0.023094010767585032,0.2361147701740265,0.40896277835886247
raf_spare_parts,quantity_region,extreme_tail_gt_p99,57,50,0.0,0.0,0.0,0.0,0.0,0.0,0.0,0.0,0.0
raf_spare_parts,quantity_region,extreme_tail_gt_p99,58,50,0.3333333333333333,0.0033333333333333335,0.005773502691896258,0.013333333333333334,0.023094010767585032,0.0,0.0,0.15856415530045828,0.2746411732396356
raf_spare_parts,quantity_region,extreme_tail_gt_p99,59,50,0.3333333333333333,0.006666666666666667,0.011547005383792516,0.02666666666666667,0.046188021535170064,0.0,0.0,0.05792407070597013,0.1003274334439523
raf_spare_parts,quantity_region,extreme_tail_gt_p99,60,50,0.0,0.0,0.0,0.0,0.0,0.0,0.0,0.0,0.0
raf_spare_parts,quantity_region,extreme_tail_gt_p99,61,50,0.0,0.0,0.0,0.0,0.0,0.0,0.0,0.0,0.0
raf_spare_parts,quantity_region,extreme_tail_gt_p99,62,50,0.0,0.0,0.0,0.0,0.0,0.0,0.0,0.0,0.0
raf_spare_parts,quantity_region,extreme_tail_gt_p99,63,50,0.3333333333333333,0.08,0.13856406460551018,0.32,0.5542562584220407,0.09333333333333334,0.16165807537309523,0.16097026359703806,0.2788086750578248
raf_spare_parts,quantity_region,tail_p95_p99,0,224,0.3333333333333333,0.08333333333333333,0.14433756729740646,0.3333333333333333,0.5773502691896258,0.0,0.0,0.165430549975662,0.2865341176819089
raf_spare_parts,quantity_region,tail_p95_p99,1,224,0.0,0.0,0.0,0.0,0.0,0.0,0.0,0.0,0.0
raf_spare_parts,quantity_region,tail_p95_p99,2,224,0.0,0.0,0.0,0.0,0.0,0.0,0.0,0.0,0.0
raf_spare_parts,quantity_region,tail_p95_p99,3,224,0.3333333333333333,0.006696428571428572,0.01159855451497016,0.026785714285714288,0.04639421805988064,0.0,0.0,0.20001919788342937,0.34644341322327293
raf_spare_parts,quantity_region,tail_p95_p99,4,224,0.0,0.0,0.0,0.0,0.0,0.0,0.0,0.0,0.0
raf_spare_parts,quantity_region,tail_p95_p99,5,224,0.3333333333333333,0.07663690476190475,0.13273901278243627,0.306547619047619,0.5309560511297451,0.2976190476190476,0.5154913117764517,0.24507534479824855,0.42448294887302745
raf_spare_parts,quantity_region,tail_p95_p99,6,224,0.3333333333333333,0.0011160714285714285,0.0019330924191616932,0.004464285714285714,0.007732369676646773,0.0,0.0,0.22045103046629164,0.3818323853485316
raf_spare_parts,quantity_region,tail_p95_p99,7,224,0.0,0.0,0.0,0.0,0.0,0.0,0.0,0.0,0.0
raf_spare_parts,quantity_region,tail_p95_p99,8,224,0.3333333333333333,0.003348214285714286,0.00579927725748508,0.013392857142857144,0.02319710902994032,0.008928571428571428,0.015464739353293545,0.2219171369517291,0.38437175627061554
raf_spare_parts,quantity_region,tail_p95_p99,9,224,0.0,0.0,0.0,0.0,0.0,0.0,0.0,0.0,0.0
raf_spare_parts,quantity_region,tail_p95_p99,10,224,0.0,0.0,0.0,0.0,0.0,0.0,0.0,0.0,0.0
raf_spare_parts,quantity_region,tail_p95_p99,11,224,0.6666666666666666,0.08407738095238095,0.1436975373802546,0.3363095238095238,0.5747901495210184,0.3169642857142857,0.54513663214288,0.32410447246262003,0.2983969137247088
raf_spare_parts,quantity_region,tail_p95_p99,12,224,0.6666666666666666,0.07775297619047619,0.12891631518630986,0.31101190476190477,0.5156652607452394,0.16666666666666666,0.2809782322650684,0.4047520123646438,0.36228970190971277
raf_spare_parts,quantity_region,tail_p95_p99,13,224,0.0,0.0,0.0,0.0,0.0,0.0,0.0,0.0,0.0
raf_spare_parts,quantity_region,tail_p95_p99,14,224,0.0,0.0,0.0,0.0,0.0,0.0,0.0,0.0,0.0
raf_spare_parts,quantity_region,tail_p95_p99,15,224,0.3333333333333333,0.08333333333333333,0.14433756729740646,0.3333333333333333,0.5773502691896258,0.017857142857142856,0.03092947870658709,0.17143548044952608,0.29693496235856015
raf_spare_parts,quantity_region,tail_p95_p99,16,224,0.0,0.0,0.0,0.0,0.0,0.0,0.0,0.0,0.0
raf_spare_parts,quantity_region,tail_p95_p99,17,224,0.3333333333333333,0.0018601190476190477,0.003221820698602822,0.007440476190476191,0.012887282794411288,0.0,0.0,0.1756794313589732,0.3042857009585507
raf_spare_parts,quantity_region,tail_p95_p99,18,224,0.3333333333333333,0.0003720238095238095,0.0006443641397205645,0.001488095238095238,0.002577456558882258,0.0,0.0,0.10582636793454488,0.1832966460431096
raf_spare_parts,quantity_region,tail_p95_p99,19,224,0.3333333333333333,0.07961309523809525,0.1378939259002008,0.318452380952381,0.5515757036008032,0.014880952380952382,0.025774565588822577,0.16490166924452856,0.28561806938444156
raf_spare_parts,quantity_region,tail_p95_p99,20,224,0.0,0.0,0.0,0.0,0.0,0.0,0.0,0.0,0.0
raf_spare_parts,quantity_region,tail_p95_p99,21,224,0.0,0.0,0.0,0.0,0.0,0.0,0.0,0.0,0.0
raf_spare_parts,quantity_region,tail_p95_p99,22,224,0.3333333333333333,0.0003720238095238095,0.0006443641397205645,0.001488095238095238,0.002577456558882258,0.001488095238095238,0.002577456558882258,0.19168208042780557,0.3320031022014632
raf_spare_parts,quantity_region,tail_p95_p99,23,224,0.0,0.0,0.0,0.0,0.0,0.0,0.0,0.0,0.0
raf_spare_parts,quantity_region,tail_p95_p99,24,224,0.3333333333333333,0.07924107142857142,0.13724956176048023,0.3169642857142857,0.5489982470419209,0.001488095238095238,0.002577456558882258,0.12517568492367048,0.2168106461600308
raf_spare_parts,quantity_region,tail_p95_p99,25,224,0.6666666666666666,0.010044642857142856,0.01459452771274779,0.040178571428571425,0.05837811085099116,0.002976190476190476,0.005154913117764516,0.3036832697689533,0.2665181844270292
raf_spare_parts,quantity_region,tail_p95_p99,26,224,0.0,0.0,0.0,0.0,0.0,0.0,0.0,0.0,0.0
raf_spare_parts,quantity_region,tail_p95_p99,27,224,0.0,0.0,0.0,0.0,0.0,0.0,0.0,0.0,0.0
raf_spare_parts,quantity_region,tail_p95_p99,28,224,0.3333333333333333,0.08333333333333333,0.14433756729740646,0.3333333333333333,0.5773502691896258,0.0,0.0,0.18564134929329157,0.3215402489616217
raf_spare_parts,quantity_region,tail_p95_p99,29,224,0.0,0.0,0.0,0.0,0.0,0.0,0.0,0.0,0.0
raf_spare_parts,quantity_region,tail_p95_p99,30,224,0.0,0.0,0.0,0.0,0.0,0.0,0.0,0.0,0.0
raf_spare_parts,quantity_region,tail_p95_p99,31,224,0.0,0.0,0.0,0.0,0.0,0.0,0.0,0.0,0.0
raf_spare_parts,quantity_region,tail_p95_p99,32,224,0.0,0.0,0.0,0.0,0.0,0.0,0.0,0.0,0.0
raf_spare_parts,quantity_region,tail_p95_p99,33,224,0.3333333333333333,0.07254464285714286,0.12565100724551007,0.29017857142857145,0.5026040289820403,0.004464285714285714,0.007732369676646773,0.11926149094206655,0.2065669616980747
raf_spare_parts,quantity_region,tail_p95_p99,34,224,0.3333333333333333,0.08147321428571429,0.1411157465988036,0.32589285714285715,0.5644629863952144,0.001488095238095238,0.002577456558882258,0.15522731924528763,0.2688616036555524
raf_spare_parts,quantity_region,tail_p95_p99,35,224,0.0,0.0,0.0,0.0,0.0,0.0,0.0,0.0,0.0
raf_spare_parts,quantity_region,tail_p95_p99,36,224,0.0,0.0,0.0,0.0,0.0,0.0,0.0,0.0,0.0
raf_spare_parts,quantity_region,tail_p95_p99,37,224,0.3333333333333333,0.0026041666666666665,0.004510548978043952,0.010416666666666666,0.018042195912175808,0.0,0.0,0.06773154508499872,0.11731447736235988
raf_spare_parts,quantity_region,tail_p95_p99,38,224,0.0,0.0,0.0,0.0,0.0,0.0,0.0,0.0,0.0
raf_spare_parts,quantity_region,tail_p95_p99,39,224,0.0,0.0,0.0,0.0,0.0,0.0,0.0,0.0,0.0
raf_spare_parts,quantity_region,tail_p95_p99,40,224,0.0,0.0,0.0,0.0,0.0,0.0,0.0,0.0,0.0
raf_spare_parts,quantity_region,tail_p95_p99,41,224,0.0,0.0,0.0,0.0,0.0,0.0,0.0,0.0,0.0
raf_spare_parts,quantity_region,tail_p95_p99,42,224,0.0,0.0,0.0,0.0,0.0,0.0,0.0,0.0,0.0
raf_spare_parts,quantity_region,tail_p95_p99,43,224,0.3333333333333333,0.0818452380952381,0.14176011073852418,0.3273809523809524,0.5670404429540967,0.019345238095238096,0.033506935265469356,0.13642449193831646,0.2362941514339348
raf_spare_parts,quantity_region,tail_p95_p99,44,224,0.3333333333333333,0.0003720238095238095,0.0006443641397205645,0.001488095238095238,0.002577456558882258,0.0,0.0,0.10999391476313274,0.1905150488931463
raf_spare_parts,quantity_region,tail_p95_p99,45,224,0.3333333333333333,0.000744047619047619,0.001288728279441129,0.002976190476190476,0.005154913117764516,0.0,0.0,0.20503687858581543,0.35513429113596345
raf_spare_parts,quantity_region,tail_p95_p99,46,224,0.0,0.0,0.0,0.0,0.0,0.0,0.0,0.0,0.0
raf_spare_parts,quantity_region,tail_p95_p99,47,224,0.0,0.0,0.0,0.0,0.0,0.0,0.0,0.0,0.0
raf_spare_parts,quantity_region,tail_p95_p99,48,224,0.3333333333333333,0.0018601190476190477,0.003221820698602822,0.007440476190476191,0.012887282794411288,0.001488095238095238,0.002577456558882258,0.18528518279393513,0.3209233504887824
raf_spare_parts,quantity_region,tail_p95_p99,49,224,0.3333333333333333,0.000744047619047619,0.001288728279441129,0.002976190476190476,0.005154913117764516,0.0,0.0,0.16105306645234427,0.2789520938102269
raf_spare_parts,quantity_region,tail_p95_p99,50,224,0.0,0.0,0.0,0.0,0.0,0.0,0.0,0.0,0.0
raf_spare_parts,quantity_region,tail_p95_p99,51,224,0.0,0.0,0.0,0.0,0.0,0.0,0.0,0.0,0.0
raf_spare_parts,quantity_region,tail_p95_p99,52,224,0.0,0.0,0.0,0.0,0.0,0.0,0.0,0.0,0.0
raf_spare_parts,quantity_region,tail_p95_p99,53,224,0.0,0.0,0.0,0.0,0.0,0.0,0.0,0.0,0.0
raf_spare_parts,quantity_region,tail_p95_p99,54,224,0.0,0.0,0.0,0.0,0.0,0.0,0.0,0.0,0.0
raf_spare_parts,quantity_region,tail_p95_p99,55,224,0.0,0.0,0.0,0.0,0.0,0.0,0.0,0.0,0.0
raf_spare_parts,quantity_region,tail_p95_p99,56,224,0.3333333333333333,0.0026041666666666665,0.004510548978043952,0.010416666666666666,0.018042195912175808,0.002976190476190476,0.005154913117764516,0.22064876556396484,0.3821748725841412
raf_spare_parts,quantity_region,tail_p95_p99,57,224,0.0,0.0,0.0,0.0,0.0,0.0,0.0,0.0,0.0
raf_spare_parts,quantity_region,tail_p95_p99,58,224,0.3333333333333333,0.0003720238095238095,0.0006443641397205645,0.001488095238095238,0.002577456558882258,0.0,0.0,0.08518645167350769,0.14754726241502614
raf_spare_parts,quantity_region,tail_p95_p99,59,224,0.3333333333333333,0.0037202380952380955,0.006443641397205644,0.014880952380952382,0.025774565588822577,0.0,0.0,0.061008659501870476,0.1056700979589094
raf_spare_parts,quantity_region,tail_p95_p99,60,224,0.0,0.0,0.0,0.0,0.0,0.0,0.0,0.0,0.0
raf_spare_parts,quantity_region,tail_p95_p99,61,224,0.0,0.0,0.0,0.0,0.0,0.0,0.0,0.0,0.0
raf_spare_parts,quantity_region,tail_p95_p99,62,224,0.0,0.0,0.0,0.0,0.0,0.0,0.0,0.0,0.0
raf_spare_parts,quantity_region,tail_p95_p99,63,224,0.3333333333333333,0.07998511904761905,0.13853829003992135,0.3199404761904762,0.5541531601596854,0.14136904761904762,0.2448583730938145,0.17429624957631726,0.30188995983488687
yellow_trip_hourly,history,history_65_128,0,1475,0.3333333333333333,0.03254237288135593,0.056365043229360076,0.13016949152542373,0.2254601729174403,0.0,0.0,0.22280760956238266,0.385914100075016
yellow_trip_hourly,history,history_65_128,1,1475,0.0,0.0,0.0,0.0,0.0,0.0,0.0,0.0,0.0
yellow_trip_hourly,history,history_65_128,2,1475,0.0,0.0,0.0,0.0,0.0,0.0,0.0,0.0,0.0
yellow_trip_hourly,history,history_65_128,3,1475,0.6666666666666666,0.057288135593220345,0.09790787666247218,0.22915254237288138,0.3916315066498887,0.0503954802259887,0.08611592924734136,0.2655702040999749,0.35813717933236483
yellow_trip_hourly,history,history_65_128,4,1475,0.0,0.0,0.0,0.0,0.0,0.0,0.0,0.0,0.0
yellow_trip_hourly,history,history_65_128,5,1475,0.0,0.0,0.0,0.0,0.0,0.0,0.0,0.0,0.0
yellow_trip_hourly,history,history_65_128,6,1475,0.3333333333333333,0.03005649717514124,0.05205938020489507,0.12022598870056496,0.20823752081958027,0.03502824858757062,0.06067070625382508,0.23019071113794368,0.3987020071213295
yellow_trip_hourly,history,history_65_128,7,1475,0.0,0.0,0.0,0.0,0.0,0.0,0.0,0.0,0.0
yellow_trip_hourly,history,history_65_128,8,1475,0.0,0.0,0.0,0.0,0.0,0.0,0.0,0.0,0.0
yellow_trip_hourly,history,history_65_128,9,1475,0.6666666666666666,0.0005649717514124294,0.0005952346753024146,0.0022598870056497176,0.0023809387012096585,0.00022598870056497178,0.0003914239113150005,0.08354704963072897,0.07342303405793249
yellow_trip_hourly,history,history_65_128,10,1475,0.3333333333333333,0.08011299435028249,0.1387597765611677,0.32045197740112996,0.5550391062446708,0.2614689265536723,0.45287746539145557,0.23987257623537975,0.4154714893821166
yellow_trip_hourly,history,history_65_128,11,1475,0.3333333333333333,0.00039548022598870055,0.0006849918448012509,0.0015819209039548022,0.0027399673792050036,0.0006779661016949153,0.0011742717339450015,0.0526283812664804,0.09115503027365017
yellow_trip_hourly,history,history_65_128,12,1475,0.3333333333333333,0.0007344632768361581,0.0012721277117737518,0.0029378531073446326,0.005088510847095007,0.0,0.0,0.07971708839520429,0.13807404733195316
yellow_trip_hourly,history,history_65_128,13,1475,0.3333333333333333,0.0005084745762711864,0.0008807038004587512,0.002033898305084746,0.0035228152018350048,0.0013559322033898306,0.002348543467890003,0.08774604896704356,0.15198061497434603
yellow_trip_hourly,history,history_65_128,14,1475,0.3333333333333333,0.0005084745762711864,0.0008807038004587512,0.002033898305084746,0.0035228152018350048,0.0011299435028248588,0.0019571195565750025,0.0381589620201676,0.0660932609830214
yellow_trip_hourly,history,history_65_128,15,1475,0.0,0.0,0.0,0.0,0.0,0.0,0.0,0.0,0.0
yellow_trip_hourly,history,history_65_128,16,1475,0.3333333333333333,0.0018079096045197742,0.003131391290520004,0.007231638418079097,0.012525565162080017,0.0006779661016949153,0.0011742717339450015,0.12541481650744876,0.21722483421282918
yellow_trip_hourly,history,history_65_128,17,1475,0.6666666666666666,0.023107344632768364,0.03784269188016298,0.09242937853107346,0.15137076752065193,0.02305084745762712,0.03933956359702782,0.2927644118418717,0.2790970419637016
yellow_trip_hourly,history,history_65_128,18,1475,1.0,0.0026553672316384186,0.004159742403209032,0.010621468926553674,0.01663896961283613,0.0011299435028248588,0.0010356103265436929,0.2158642795049783,0.12195415690682515
yellow_trip_hourly,history,history_65_128,19,1475,0.0,0.0,0.0,0.0,0.0,0.0,0.0,0.0,0.0
yellow_trip_hourly,history,history_65_128,20,1475,0.0,0.0,0.0,0.0,0.0,0.0,0.0,0.0,0.0
yellow_trip_hourly,history,history_65_128,21,1475,0.3333333333333333,0.000056497175141242944,0.00009785597782875013,0.00022598870056497178,0.0003914239113150005,0.0,0.0,0.04254436989625295,0.07368901023631395
yellow_trip_hourly,history,history_65_128,22,1475,0.3333333333333333,0.07971751412429379,0.13807478471636644,0.31887005649717515,0.5522991388654658,0.01062146892655367,0.018396923831805023,0.22975790571045598,0.3979523661311293
yellow_trip_hourly,history,history_65_128,23,1475,0.0,0.0,0.0,0.0,0.0,0.0,0.0,0.0,0.0
yellow_trip_hourly,history,history_65_128,24,1475,0.0,0.0,0.0,0.0,0.0,0.0,0.0,0.0,0.0
yellow_trip_hourly,history,history_65_128,25,1475,0.0,0.0,0.0,0.0,0.0,0.0,0.0,0.0,0.0
yellow_trip_hourly,history,history_65_128,26,1475,0.6666666666666666,0.0034463276836158192,0.005678176908136603,0.013785310734463277,0.022712707632546413,0.004293785310734463,0.0068583009742343585,0.2739199143387167,0.38238624717149716
yellow_trip_hourly,history,history_65_128,27,1475,0.3333333333333333,0.0007344632768361581,0.0012721277117737518,0.0029378531073446326,0.005088510847095007,0.0024858757062146894,0.004305663024465006,0.1314554076928359,0.22768744505367242
yellow_trip_hourly,history,history_65_128,28,1475,0.0,0.0,0.0,0.0,0.0,0.0,0.0,0.0,0.0
yellow_trip_hourly,history,history_65_128,29,1475,0.6666666666666666,0.00011299435028248589,0.00009785597782875013,0.00045197740112994355,0.0003914239113150005,0.0,0.0,0.05390705664952596,0.04905708438117745
yellow_trip_hourly,history,history_65_128,30,1475,0.3333333333333333,0.02305084745762712,0.03992523895413006,0.09220338983050848,0.15970095581652025,0.01830508474576271,0.031705336816515044,0.23124619841186048,0.4005301647064958
yellow_trip_hourly,history,history_65_128,31,1475,0.3333333333333333,0.0002824858757062147,0.0004892798891437506,0.0011299435028248588,0.0019571195565750025,0.0,0.0,0.054777218898137414,0.09487692622889607
yellow_trip_hourly,history,history_65_128,32,1475,0.3333333333333333,0.00045197740112994355,0.000782847822630001,0.0018079096045197742,0.003131391290520004,0.00022598870056497178,0.0003914239113150005,0.052651870685319103,0.09119571514051905
yellow_trip_hourly,history,history_65_128,33,1475,0.0,0.0,0.0,0.0,0.0,0.0,0.0,0.0,0.0
yellow_trip_hourly,history,history_65_128,34,1475,0.0,0.0,0.0,0.0,0.0,0.0,0.0,0.0,0.0
yellow_trip_hourly,history,history_65_128,35,1475,0.3333333333333333,0.0007344632768361581,0.0012721277117737518,0.0029378531073446326,0.005088510847095007,0.0018079096045197742,0.003131391290520004,0.049508374279890306,0.08575101965290624
yellow_trip_hourly,history,history_65_128,36,1475,0.0,0.0,0.0,0.0,0.0,0.0,0.0,0.0,0.0
yellow_trip_hourly,history,history_65_128,37,1475,0.3333333333333333,0.017175141242937852,0.02974821725994004,0.06870056497175141,0.11899286903976015,0.03819209039548022,0.06615064101223508,0.1688410597444888,0.29244129388122686
yellow_trip_hourly,history,history_65_128,38,1475,0.6666666666666666,0.08011299435028248,0.1384663123618947,0.3204519774011299,0.5538652494475788,0.01423728813559322,0.024659706412845032,0.2204067042718331,0.3471885021216919
yellow_trip_hourly,history,history_65_128,39,1475,0.3333333333333333,0.05310734463276836,0.09198461915902512,0.21242937853107344,0.36793847663610046,0.0011299435028248588,0.0019571195565750025,0.22307470606785296,0.38637672479301466
yellow_trip_hourly,history,history_65_128,40,1475,0.3333333333333333,0.00022598870056497178,0.0003914239113150005,0.0009039548022598871,0.001565695645260002,0.0,0.0,0.1085971270998319,0.18809574169292387
yellow_trip_hourly,history,history_65_128,41,1475,0.3333333333333333,0.08016949152542373,0.13885763253899644,0.3206779661016949,0.5554305301559858,0.008813559322033898,0.01526553254128502,0.23105252562679257,0.4001947136027148
yellow_trip_hourly,history,history_65_128,42,1475,0.3333333333333333,0.00016949152542372882,0.0002935679334862504,0.0006779661016949153,0.0011742717339450015,0.0,0.0,0.19924156533347237,0.34509651413712805
yellow_trip_hourly,history,history_65_128,43,1475,0.0,0.0,0.0,0.0,0.0,0.0,0.0,0.0,0.0
yellow_trip_hourly,history,history_65_128,44,1475,0.3333333333333333,0.06621468926553672,0.11468720601529515,0.2648587570621469,0.4587488240611806,0.013559322033898305,0.02348543467890003,0.2114261634630894,0.36620085716743345
yellow_trip_hourly,history,history_65_128,45,1475,0.0,0.0,0.0,0.0,0.0,0.0,0.0,0.0,0.0
yellow_trip_hourly,history,history_65_128,46,1475,0.6666666666666666,0.05830508474576271,0.05699755812063377,0.23322033898305083,0.22799023248253508,0.012203389830508475,0.021136891211010027,0.42125091957884336,0.3673067733314575
yellow_trip_hourly,history,history_65_128,47,1475,0.3333333333333333,0.005480225988700565,0.009492029849388763,0.02192090395480226,0.03796811939755505,0.00519774011299435,0.009002749960245013,0.1645177393076346,0.2849530832271946
yellow_trip_hourly,history,history_65_128,48,1475,0.6666666666666666,0.026045197740112994,0.04437970883152014,0.10418079096045198,0.17751883532608057,0.03570621468926554,0.06184497798777008,0.3198387674769463,0.377894293050264
yellow_trip_hourly,history,history_65_128,49,1475,0.0,0.0,0.0,0.0,0.0,0.0,0.0,0.0,0.0
yellow_trip_hourly,history,history_65_128,50,1475,0.0,0.0,0.0,0.0,0.0,0.0,0.0,0.0,0.0
yellow_trip_hourly,history,history_65_128,51,1475,0.6666666666666666,0.10711864406779663,0.09489890900422657,0.4284745762711865,0.37959563601690627,0.0368361581920904,0.06321587054988997,0.39536721594565155,0.3424030179826172
yellow_trip_hourly,history,history_65_128,52,1475,0.6666666666666666,0.003559322033898305,0.005873804559716426,0.01423728813559322,0.023495218238865703,0.007457627118644068,0.012916989073395018,0.16407730119414832,0.25604598543734247
yellow_trip_hourly,history,history_65_128,53,1475,0.3333333333333333,0.0768361581920904,0.13308412984710016,0.3073446327683616,0.5323365193884007,0.20451977401129942,0.35423863974007547,0.21234832836278514,0.3677980936266631
yellow_trip_hourly,history,history_65_128,54,1475,0.3333333333333333,0.0006779661016949153,0.0011742717339450015,0.002711864406779661,0.004697086935780006,0.0,0.0,0.11796028746498956,0.2043132111647921
yellow_trip_hourly,history,history_65_128,55,1475,1.0,0.0014124293785310734,0.00035282474567222585,0.005649717514124294,0.0014112989826889034,0.0006779661016949153,0.0011742717339450015,0.1890242819432859,0.06798658299705096
yellow_trip_hourly,history,history_65_128,56,1475,0.0,0.0,0.0,0.0,0.0,0.0,0.0,0.0,0.0
yellow_trip_hourly,history,history_65_128,57,1475,0.3333333333333333,0.00022598870056497178,0.0003914239113150005,0.0009039548022598871,0.001565695645260002,0.0,0.0,0.012784869410097599,0.02214404338642218
yellow_trip_hourly,history,history_65_128,58,1475,0.3333333333333333,0.00033898305084745765,0.0005871358669725008,0.0013559322033898306,0.002348543467890003,0.00022598870056497178,0.0003914239113150005,0.028561755393942196,0.04947041149566232
yellow_trip_hourly,history,history_65_128,59,1475,0.3333333333333333,0.0005084745762711864,0.0008807038004587512,0.002033898305084746,0.0035228152018350048,0.0,0.0,0.08387966288460626,0.14528383783788745
yellow_trip_hourly,history,history_65_128,60,1475,0.0,0.0,0.0,0.0,0.0,0.0,0.0,0.0,0.0
yellow_trip_hourly,history,history_65_128,61,1475,0.3333333333333333,0.00039548022598870055,0.0006849918448012509,0.0015819209039548022,0.0027399673792050036,0.0,0.0,0.07859228977135249,0.1361258389671583
yellow_trip_hourly,history,history_65_128,62,1475,0.6666666666666666,0.082090395480226,0.14203797709985583,0.328361581920904,0.5681519083994233,0.20836158192090395,0.3608928462324305,0.25419373698429953,0.3500712879242034
yellow_trip_hourly,history,history_65_128,63,1475,0.6666666666666666,0.0009604519774011298,0.0013804284432622166,0.0038418079096045193,0.005521713773048866,0.0,0.0,0.14833380116356745,0.1441408286774417
yellow_trip_hourly,history,history_gt_128,0,5552,0.3333333333333333,0.01886707492795389,0.03267873236542505,0.07546829971181555,0.1307149294617002,0.0015609990393852064,0.0027037296467813886,0.20268570779331543,0.35106194386608147
yellow_trip_hourly,history,history_gt_128,1,5552,0.0,0.0,0.0,0.0,0.0,0.0,0.0,0.0,0.0
yellow_trip_hourly,history,history_gt_128,2,5552,0.3333333333333333,0.000015009606147934678,0.000025997400449821044,0.00006003842459173871,0.00010398960179928418,0.0,0.0,0.02223335454861323,0.03850929970089072
yellow_trip_hourly,history,history_gt_128,3,5552,1.0,0.01954250720461095,0.014520450002596722,0.0781700288184438,0.05808180001038689,0.0175312199807877,0.01605587328595073,0.29324368157630115,0.30385831851959844
yellow_trip_hourly,history,history_gt_128,4,5552,0.0,0.0,0.0,0.0,0.0,0.0,0.0,0.0,0.0
yellow_trip_hourly,history,history_gt_128,5,5552,0.0,0.0,0.0,0.0,0.0,0.0,0.0,0.0,0.0
yellow_trip_hourly,history,history_gt_128,6,5552,0.3333333333333333,0.00016510566762728147,0.0002859714049480315,0.0006604226705091259,0.001143885619792126,0.00006003842459173871,0.00010398960179928418,0.20543879880146546,0.3558304373700584
yellow_trip_hourly,history,history_gt_128,7,5552,0.0,0.0,0.0,0.0,0.0,0.0,0.0,0.0,0.0
yellow_trip_hourly,history,history_gt_128,8,5552,0.6666666666666666,0.014589337175792506,0.025035861080064017,0.058357348703170026,0.10014344432025607,0.0,0.0,0.13984483088128233,0.16898947923936852
yellow_trip_hourly,history,history_gt_128,9,5552,0.6666666666666666,0.004352785782901057,0.007191136610379552,0.017411143131604228,0.02876454644151821,0.0012007684918347741,0.0020797920359856836,0.06456994282306851,0.05640392952501682
yellow_trip_hourly,history,history_gt_128,10,5552,0.3333333333333333,0.01508465417867435,0.02612738745207015,0.0603386167146974,0.1045095498082806,0.020773294908741594,0.035980402222552325,0.21621077351309173,0.37448804486844217
yellow_trip_hourly,history,history_gt_128,11,5552,0.6666666666666666,0.03971541786743516,0.06863319627250314,0.15886167146974065,0.27453278509001255,0.04713016330451489,0.08163183741243808,0.15038378022276494,0.13987310816109522
yellow_trip_hourly,history,history_gt_128,12,5552,0.3333333333333333,0.010746878001921228,0.018614138722071866,0.042987512007684914,0.07445655488828747,0.0007204610951008646,0.0012478752215914102,0.06398545186168876,0.11082605356969755
yellow_trip_hourly,history,history_gt_128,13,5552,0.3333333333333333,0.04192182997118155,0.07261073945635019,0.1676873198847262,0.29044295782540075,0.15417867435158503,0.26704529742056177,0.1407088536917203,0.24371488366883515
yellow_trip_hourly,history,history_gt_128,14,5552,0.3333333333333333,0.013358549471661865,0.02313768640034073,0.05343419788664746,0.09255074560136292,0.0393852065321806,0.06821717878033043,0.022407544888590883,0.03881100621991971
yellow_trip_hourly,history,history_gt_128,15,5552,0.0,0.0,0.0,0.0,0.0,0.0,0.0,0.0,0.0
yellow_trip_hourly,history,history_gt_128,16,5552,0.3333333333333333,0.007519812680115274,0.013024697625360343,0.030079250720461095,0.052098790501441374,0.0,0.0,0.09549055688692899,0.1653944961712072
yellow_trip_hourly,history,history_gt_128,17,5552,0.6666666666666666,0.07291666666666667,0.07006224177882661,0.2916666666666667,0.28024896711530645,0.03440201729106628,0.05618932616141316,0.29310096830983307,0.2538367773347783
yellow_trip_hourly,history,history_gt_128,18,5552,1.0,0.02098342939481268,0.03145436213277282,0.08393371757925072,0.12581744853109128,0.018551873198847265,0.03026151014771955,0.1550862265448135,0.11963996928729002
yellow_trip_hourly,history,history_gt_128,19,5552,0.3333333333333333,0.0012157780979827088,0.0021057894364355048,0.004863112391930835,0.008423157745742019,0.0,0.0,0.030789402991901207,0.05332881031668609
yellow_trip_hourly,history,history_gt_128,20,5552,0.6666666666666666,0.002206412103746398,0.0019330950948906413,0.008825648414985591,0.007732380379562565,0.0018011527377521615,0.0031196880539785254,0.106760684951062,0.11591066116468977
yellow_trip_hourly,history,history_gt_128,21,5552,0.6666666666666666,0.0008255283381364073,0.0007320934436993996,0.003302113352545629,0.002928373774797598,0.00006003842459173871,0.00010398960179928418,0.04684665201750907,0.055045954445243676
yellow_trip_hourly,history,history_gt_128,22,5552,0.6666666666666666,0.014709414024975984,0.02239315028473576,0.058837656099903934,0.08957260113894304,0.0018611911623439001,0.0032236776557778095,0.2970145686193642,0.3074260252790284
yellow_trip_hourly,history,history_gt_128,23,5552,0.0,0.0,0.0,0.0,0.0,0.0,0.0,0.0,0.0
yellow_trip_hourly,history,history_gt_128,24,5552,0.6666666666666666,0.0001350864553314121,0.0001962760691435822,0.0005403458213256484,0.0007851042765743288,0.0,0.0,0.07567683048546314,0.06594695547373078
yellow_trip_hourly,history,history_gt_128,25,5552,0.3333333333333333,0.0002251440922190202,0.0003899610067473157,0.0009005763688760808,0.0015598440269892627,0.00012007684918347742,0.00020797920359856835,0.02733141535686122,0.04733940004085189
yellow_trip_hourly,history,history_gt_128,26,5552,0.3333333333333333,0.0018611911623439001,0.0032236776557778095,0.007444764649375601,0.012894710623111238,0.0006604226705091259,0.0011438856197921261,0.03151902738678199,0.05459255683906131
yellow_trip_hourly,history,history_gt_128,27,5552,0.3333333333333333,0.04707012487992315,0.0815278478106388,0.1882804995196926,0.3261113912425552,0.16870797310278576,0.2922107810559886,0.1723363541690696,0.29849532141201307
yellow_trip_hourly,history,history_gt_128,28,5552,0.6666666666666666,0.014169068203650338,0.024269085046953374,0.05667627281460135,0.0970763401878135,0.015489913544668589,0.02682931726421532,0.0678277554765473,0.05896629975192687
yellow_trip_hourly,history,history_gt_128,29,5552,0.6666666666666666,0.0015309798270893371,0.0013864196972569033,0.006123919308357349,0.005545678789027613,0.00006003842459173871,0.00010398960179928418,0.05189650066659809,0.04819945560285012
yellow_trip_hourly,history,history_gt_128,30,5552,0.3333333333333333,0.00009005763688760808,0.00015598440269892628,0.0003602305475504323,0.0006239376107957051,0.0,0.0,0.12738329503271315,0.22063433903219537
yellow_trip_hourly,history,history_gt_128,31,5552,0.6666666666666666,0.03785422670509126,0.06548746721388368,0.15141690682036504,0.26194986885553473,0.09690201729106629,0.16783921730404466,0.10607236496729668,0.15846946379330543
yellow_trip_hourly,history,history_gt_128,32,5552,0.3333333333333333,0.00809017771373679,0.014012598842453542,0.03236071085494716,0.05605039536981417,0.0014409221902017292,0.0024957504431828204,0.04367986609888578,0.07565574735107555
yellow_trip_hourly,history,history_gt_128,33,5552,0.3333333333333333,0.001260806916426513,0.0021837816377849677,0.005043227665706052,0.008735126551139871,0.0009005763688760808,0.0015598440269892627,0.05778909956533757,0.1000936565708212
yellow_trip_hourly,history,history_gt_128,34,5552,0.0,0.0,0.0,0.0,0.0,0.0,0.0,0.0,0.0
yellow_trip_hourly,history,history_gt_128,35,5552,0.6666666666666666,0.0238052353506244,0.02906509370289993,0.0952209414024976,0.11626037481159972,0.02653698366954851,0.04534089741147055,0.049543510349615884,0.06698198647881422
yellow_trip_hourly,history,history_gt_128,36,5552,0.3333333333333333,0.000015009606147934678,0.000025997400449821044,0.00006003842459173871,0.00010398960179928418,0.0,0.0,0.005247717723250389,0.009089313720449346
yellow_trip_hourly,history,history_gt_128,37,5552,0.3333333333333333,0.02913364553314121,0.05046095427310265,0.11653458213256485,0.2018438170924106,0.0927593659942363,0.16066393477989405,0.13561780536305795,0.23489692929980333
yellow_trip_hourly,history,history_gt_128,38,5552,0.6666666666666666,0.016405499519692602,0.025396825770562553,0.06562199807877041,0.10158730308225021,0.0,0.0,0.17288136235962617,0.2837439669128278
yellow_trip_hourly,history,history_gt_128,39,5552,0.3333333333333333,0.0022214217098943325,0.003847615266573514,0.00888568683957733,0.015390461066294056,0.0,0.0,0.21083712322754902,0.3651806095517752
yellow_trip_hourly,history,history_gt_128,40,5552,1.0,0.0031970461095100866,0.0026089527984277687,0.012788184438040346,0.010435811193711075,0.0004803073967339097,0.0008319168143942734,0.23691957982710773,0.11325789890380625
yellow_trip_hourly,history,history_gt_128,41,5552,0.3333333333333333,0.02273955331412104,0.03938606168147889,0.09095821325648416,0.15754424672591555,0.03860470701248799,0.06686531395693973,0.19806517346857402,0.34305894365751344
yellow_trip_hourly,history,history_gt_128,42,5552,0.3333333333333333,0.0025816522574447645,0.00447155287736922,0.010326609029779058,0.01788621150947688,0.0,0.0,0.03555027789674526,0.061574887540355644
yellow_trip_hourly,history,history_gt_128,43,5552,0.0,0.0,0.0,0.0,0.0,0.0,0.0,0.0,0.0
yellow_trip_hourly,history,history_gt_128,44,5552,0.3333333333333333,0.01398895292987512,0.024229577219233214,0.05595581171950048,0.09691830887693285,0.0009005763688760808,0.0015598440269892627,0.13391884379035585,0.23195424153577618
yellow_trip_hourly,history,history_gt_128,45,5552,0.6666666666666666,0.002941882804995197,0.002635756929061355,0.011767531219980788,0.01054302771624542,0.0,0.0,0.032276591496017894,0.04272797389122826
yellow_trip_hourly,history,history_gt_128,46,5552,1.0,0.029058597502401532,0.04449697927826983,0.11623439000960613,0.17798791711307932,0.01819164265129683,0.03150884934518311,0.41627180757163057,0.23757494690776926
yellow_trip_hourly,history,history_gt_128,47,5552,0.3333333333333333,0.01585014409221902,0.027453254875011025,0.06340057636887608,0.1098130195000441,0.005883765609990394,0.01019098097632985,0.14200523184527727,0.24596027649661817
yellow_trip_hourly,history,history_gt_128,48,5552,0.6666666666666666,0.007219620557156581,0.011430256097356192,0.028878482228626323,0.04572102438942477,0.005943804034582133,0.009224645552811151,0.17154978108112132,0.21005144136257353
yellow_trip_hourly,history,history_gt_128,49,5552,0.0,0.0,0.0,0.0,0.0,0.0,0.0,0.0,0.0
yellow_trip_hourly,history,history_gt_128,50,5552,0.0,0.0,0.0,0.0,0.0,0.0,0.0,0.0,0.0
yellow_trip_hourly,history,history_gt_128,51,5552,1.0,0.05329911143131605,0.047683506069993026,0.2131964457252642,0.1907340242799721,0.040525936599423634,0.051401061918421365,0.4295185663612335,0.041494282748885065
yellow_trip_hourly,history,history_gt_128,52,5552,0.6666666666666666,0.02955391450528338,0.03143999468673149,0.11821565802113353,0.12575997874692596,0.07294668587896254,0.10627854316982471,0.13413861826312265,0.20302540122027793
yellow_trip_hourly,history,history_gt_128,53,5552,0.3333333333333333,0.014544308357348703,0.02519148103587659,0.05817723342939481,0.10076592414350637,0.01026657060518732,0.017782221907677594,0.16368724616442426,0.28351462690781665
yellow_trip_hourly,history,history_gt_128,54,5552,0.3333333333333333,0.04570425072046109,0.07916208436970507,0.18281700288184435,0.31664833747882026,0.0,0.0,0.15099113233424172,0.2615243126952626
yellow_trip_hourly,history,history_gt_128,55,5552,1.0,0.05469500480307397,0.060387462172923,0.21878001921229587,0.241549848691692,0.0039024975984630166,0.006759324116953472,0.22504888628649153,0.15550069526060617
yellow_trip_hourly,history,history_gt_128,56,5552,0.0,0.0,0.0,0.0,0.0,0.0,0.0,0.0,0.0
yellow_trip_hourly,history,history_gt_128,57,5552,0.3333333333333333,0.006649255523535062,0.011516848399270722,0.02659702209414025,0.04606739359708289,0.0,0.0,0.009802320890094975,0.01697811781373828
yellow_trip_hourly,history,history_gt_128,58,5552,0.3333333333333333,0.005538544668587896,0.009593040765983966,0.022154178674351585,0.038372163063935864,0.00024015369836695484,0.0004159584071971367,0.013523930422086756,0.02342413460908067
yellow_trip_hourly,history,history_gt_128,59,5552,0.6666666666666666,0.040916186359269933,0.07079093574586776,0.16366474543707973,0.283163742983471,0.0,0.0,0.16430074676403658,0.19558311959528926
yellow_trip_hourly,history,history_gt_128,60,5552,0.3333333333333333,0.0005253362151777138,0.0009099090157437366,0.0021013448607108552,0.0036396360629749464,0.0,0.0,0.03501085078432446,0.060640572374662645
yellow_trip_hourly,history,history_gt_128,61,5552,0.6666666666666666,0.0669578530259366,0.060037904881876464,0.2678314121037464,0.24015161952750586,0.00042026897214217097,0.0007279272125949893,0.22687890946500133,0.19859419349392568
yellow_trip_hourly,history,history_gt_128,62,5552,0.6666666666666666,0.0326759125840538,0.036916665643575125,0.1307036503362152,0.1476666625743005,0.03854466858789626,0.054615928901807026,0.2101411749247609,0.27828708105461947
yellow_trip_hourly,history,history_gt_128,63,5552,0.6666666666666666,0.06875900576368876,0.0748869864909305,0.27503602305475505,0.299547945963722,0.020353025936599423,0.03525247500995734,0.2001393431638415,0.19748598395629519
yellow_trip_hourly,history,history_le_64,0,1241,0.0,0.0,0.0,0.0,0.0,0.0,0.0,0.0,0.0
yellow_trip_hourly,history,history_le_64,1,1241,0.0,0.0,0.0,0.0,0.0,0.0,0.0,0.0,0.0
yellow_trip_hourly,history,history_le_64,2,1241,0.0,0.0,0.0,0.0,0.0,0.0,0.0,0.0,0.0
yellow_trip_hourly,history,history_le_64,3,1241,0.3333333333333333,0.08319903303787268,0.1441049523621971,0.33279613215149073,0.5764198094487883,0.0284716626376578,0.049314366264383826,0.22759938535107893,0.3942136991995164
yellow_trip_hourly,history,history_le_64,4,1241,0.0,0.0,0.0,0.0,0.0,0.0,0.0,0.0,0.0
yellow_trip_hourly,history,history_le_64,5,1241,0.0,0.0,0.0,0.0,0.0,0.0,0.0,0.0,0.0
yellow_trip_hourly,history,history_le_64,6,1241,0.3333333333333333,0.08246038141283911,0.1428255702185456,0.32984152565135644,0.5713022808741824,0.29492344883158744,0.5108223977197495,0.25139078397574827,0.4354216104005679
yellow_trip_hourly,history,history_le_64,7,1241,0.0,0.0,0.0,0.0,0.0,0.0,0.0,0.0,0.0
yellow_trip_hourly,history,history_le_64,8,1241,0.0,0.0,0.0,0.0,0.0,0.0,0.0,0.0,0.0
yellow_trip_hourly,history,history_le_64,9,1241,0.0,0.0,0.0,0.0,0.0,0.0,0.0,0.0,0.0
yellow_trip_hourly,history,history_le_64,10,1241,0.3333333333333333,0.08333333333333333,0.14433756729740646,0.3333333333333333,0.5773502691896258,0.018533440773569703,0.03210086105889136,0.2242504941290052,0.3884132494538632
yellow_trip_hourly,history,history_le_64,11,1241,0.0,0.0,0.0,0.0,0.0,0.0,0.0,0.0,0.0
yellow_trip_hourly,history,history_le_64,12,1241,0.0,0.0,0.0,0.0,0.0,0.0,0.0,0.0,0.0
yellow_trip_hourly,history,history_le_64,13,1241,0.0,0.0,0.0,0.0,0.0,0.0,0.0,0.0,0.0
yellow_trip_hourly,history,history_le_64,14,1241,0.0,0.0,0.0,0.0,0.0,0.0,0.0,0.0,0.0
yellow_trip_hourly,history,history_le_64,15,1241,0.0,0.0,0.0,0.0,0.0,0.0,0.0,0.0,0.0
yellow_trip_hourly,history,history_le_64,16,1241,0.3333333333333333,0.00006715014773032501,0.00011630746760467884,0.00026860059092130003,0.00046522987041871535,0.0,0.0,0.14733044306437174,0.2551838128891256
yellow_trip_hourly,history,history_le_64,17,1241,0.3333333333333333,0.00026860059092130003,0.0004652298704187153,0.0010744023636852001,0.0018609194816748612,0.0,0.0,0.1781001811226209,0.30847856254159883
yellow_trip_hourly,history,history_le_64,18,1241,0.0,0.0,0.0,0.0,0.0,0.0,0.0,0.0,0.0
yellow_trip_hourly,history,history_le_64,19,1241,0.0,0.0,0.0,0.0,0.0,0.0,0.0,0.0,0.0
yellow_trip_hourly,history,history_le_64,20,1241,0.0,0.0,0.0,0.0,0.0,0.0,0.0,0.0,0.0
yellow_trip_hourly,history,history_le_64,21,1241,0.0,0.0,0.0,0.0,0.0,0.0,0.0,0.0,0.0
yellow_trip_hourly,history,history_le_64,22,1241,0.3333333333333333,0.08333333333333333,0.14433756729740646,0.3333333333333333,0.5773502691896258,0.0005372011818426001,0.0009304597408374307,0.20756987977213606,0.35952157788630307
yellow_trip_hourly,history,history_le_64,23,1241,0.0,0.0,0.0,0.0,0.0,0.0,0.0,0.0,0.0
yellow_trip_hourly,history,history_le_64,24,1241,0.0,0.0,0.0,0.0,0.0,0.0,0.0,0.0,0.0
yellow_trip_hourly,history,history_le_64,25,1241,0.0,0.0,0.0,0.0,0.0,0.0,0.0,0.0,0.0
yellow_trip_hourly,history,history_le_64,26,1241,0.3333333333333333,0.07366371206016653,0.12758929196233268,0.2946548482406661,0.5103571678493307,0.24818694601128122,0.429872400266893,0.2568315040445806,0.4448452139895452
yellow_trip_hourly,history,history_le_64,27,1241,0.0,0.0,0.0,0.0,0.0,0.0,0.0,0.0,0.0
yellow_trip_hourly,history,history_le_64,28,1241,0.0,0.0,0.0,0.0,0.0,0.0,0.0,0.0,0.0
yellow_trip_hourly,history,history_le_64,29,1241,0.0,0.0,0.0,0.0,0.0,0.0,0.0,0.0,0.0
yellow_trip_hourly,history,history_le_64,30,1241,0.3333333333333333,0.08252753156056943,0.1429418776861503,0.3301101262422777,0.5717675107446012,0.016116035455278,0.027913792225122924,0.23176081073229185,0.40142149939168387
yellow_trip_hourly,history,history_le_64,31,1241,0.0,0.0,0.0,0.0,0.0,0.0,0.0,0.0,0.0
yellow_trip_hourly,history,history_le_64,32,1241,0.0,0.0,0.0,0.0,0.0,0.0,0.0,0.0,0.0
yellow_trip_hourly,history,history_le_64,33,1241,0.0,0.0,0.0,0.0,0.0,0.0,0.0,0.0,0.0
yellow_trip_hourly,history,history_le_64,34,1241,0.0,0.0,0.0,0.0,0.0,0.0,0.0,0.0,0.0
yellow_trip_hourly,history,history_le_64,35,1241,0.0,0.0,0.0,0.0,0.0,0.0,0.0,0.0,0.0
yellow_trip_hourly,history,history_le_64,36,1241,0.0,0.0,0.0,0.0,0.0,0.0,0.0,0.0,0.0
yellow_trip_hourly,history,history_le_64,37,1241,0.0,0.0,0.0,0.0,0.0,0.0,0.0,0.0,0.0
yellow_trip_hourly,history,history_le_64,38,1241,0.3333333333333333,0.08125167875369325,0.1407320358016614,0.325006715014773,0.5629281432066456,0.0013430029546065,0.0023261493520935765,0.2151418268516372,0.37263657494022184
yellow_trip_hourly,history,history_le_64,39,1241,0.3333333333333333,0.08299758259468171,0.14375602995938305,0.33199033037872683,0.5750241198375322,0.0,0.0,0.2204824556489078,0.38188681536145996
yellow_trip_hourly,history,history_le_64,40,1241,0.0,0.0,0.0,0.0,0.0,0.0,0.0,0.0,0.0
yellow_trip_hourly,history,history_le_64,41,1241,0.3333333333333333,0.08333333333333333,0.14433756729740646,0.3333333333333333,0.5773502691896258,0.0,0.0,0.20407670227199867,0.3534712169762086
yellow_trip_hourly,history,history_le_64,42,1241,0.0,0.0,0.0,0.0,0.0,0.0,0.0,0.0,0.0
yellow_trip_hourly,history,history_le_64,43,1241,0.0,0.0,0.0,0.0,0.0,0.0,0.0,0.0,0.0
yellow_trip_hourly,history,history_le_64,44,1241,0.3333333333333333,0.012758528068761751,0.02209841884488898,0.051034112275047006,0.08839367537955592,0.0,0.0,0.22248929111581098,0.38536275635256745
yellow_trip_hourly,history,history_le_64,45,1241,0.0,0.0,0.0,0.0,0.0,0.0,0.0,0.0,0.0
yellow_trip_hourly,history,history_le_64,46,1241,0.6666666666666666,0.001275852806876175,0.0013107185936034875,0.0051034112275047,0.00524287437441395,0.0,0.0,0.4091738047253372,0.35557288473316384
yellow_trip_hourly,history,history_le_64,47,1241,0.0,0.0,0.0,0.0,0.0,0.0,0.0,0.0,0.0
yellow_trip_hourly,history,history_le_64,48,1241,0.3333333333333333,0.08286328229922106,0.14352341502417368,0.33145312919688424,0.5740936600966947,0.314262691377921,0.544318948389897,0.2674673587196521,0.463267054668688
yellow_trip_hourly,history,history_le_64,49,1241,0.0,0.0,0.0,0.0,0.0,0.0,0.0,0.0,0.0
yellow_trip_hourly,history,history_le_64,50,1241,0.0,0.0,0.0,0.0,0.0,0.0,0.0,0.0,0.0
yellow_trip_hourly,history,history_le_64,51,1241,0.6666666666666666,0.001007252215954875,0.0012580576145041094,0.0040290088638195,0.005032230458016438,0.0,0.0,0.39371786680486465,0.3421585419133695
yellow_trip_hourly,history,history_le_64,52,1241,0.0,0.0,0.0,0.0,0.0,0.0,0.0,0.0,0.0
yellow_trip_hourly,history,history_le_64,53,1241,0.3333333333333333,0.08232608111737845,0.14259295528333626,0.3293043244695138,0.5703718211333451,0.06768734891216761,0.11723792734551627,0.22519884422591616,0.39005584000507587
yellow_trip_hourly,history,history_le_64,54,1241,0.0,0.0,0.0,0.0,0.0,0.0,0.0,0.0,0.0
yellow_trip_hourly,history,history_le_64,55,1241,0.0,0.0,0.0,0.0,0.0,0.0,0.0,0.0,0.0
yellow_trip_hourly,history,history_le_64,56,1241,0.0,0.0,0.0,0.0,0.0,0.0,0.0,0.0,0.0
yellow_trip_hourly,history,history_le_64,57,1241,0.0,0.0,0.0,0.0,0.0,0.0,0.0,0.0,0.0
yellow_trip_hourly,history,history_le_64,58,1241,0.0,0.0,0.0,0.0,0.0,0.0,0.0,0.0,0.0
yellow_trip_hourly,history,history_le_64,59,1241,0.0,0.0,0.0,0.0,0.0,0.0,0.0,0.0,0.0
yellow_trip_hourly,history,history_le_64,60,1241,0.0,0.0,0.0,0.0,0.0,0.0,0.0,0.0,0.0
yellow_trip_hourly,history,history_le_64,61,1241,0.0,0.0,0.0,0.0,0.0,0.0,0.0,0.0,0.0
yellow_trip_hourly,history,history_le_64,62,1241,0.3333333333333333,0.08333333333333333,0.14433756729740646,0.3333333333333333,0.5773502691896258,0.009938221864088102,0.017213505205492467,0.20365219085952335,0.35273594164140853
yellow_trip_hourly,history,history_le_64,63,1241,0.0,0.0,0.0,0.0,0.0,0.0,0.0,0.0,0.0
yellow_trip_hourly,overall,overall,0,8268,0.3333333333333333,0.018474842767295597,0.031999366334802375,0.07389937106918239,0.1279974653392095,0.0010482180293501049,0.0018155668842441063,0.209008793128276,0.3620138489268268
yellow_trip_hourly,overall,overall,1,8268,0.0,0.0,0.0,0.0,0.0,0.0,0.0,0.0,0.0
yellow_trip_hourly,overall,overall,2,8268,0.3333333333333333,0.000010079019512981777,0.000017457373886962558,0.00004031607805192711,0.00006982949554785023,0.0,0.0,0.02223335454861323,0.03850929970089072
yellow_trip_hourly,overall,overall,3,8268,1.0,0.03583091436865022,0.02999283019069885,0.14332365747460088,0.1199713207627954,0.025036284470246733,0.013082551797764836,0.30442480357049523,0.3230164373816829
yellow_trip_hourly,overall,overall,4,8268,0.0,0.0,0.0,0.0,0.0,0.0,0.0,0.0,0.0
yellow_trip_hourly,overall,overall,5,8268,0.0,0.0,0.0,0.0,0.0,0.0,0.0,0.0,0.0
yellow_trip_hourly,overall,overall,6,8268,0.3333333333333333,0.017849943557490727,0.030917009153810692,0.07139977422996291,0.12366803661524277,0.050556361877116596,0.0875661874170042,0.24473696659199382,0.42389686062762016
yellow_trip_hourly,overall,overall,7,8268,0.0,0.0,0.0,0.0,0.0,0.0,0.0,0.0,0.0
yellow_trip_hourly,overall,overall,8,8268,0.6666666666666666,0.009796806966618287,0.016811695780904138,0.03918722786647315,0.06724678312361655,0.0,0.0,0.13984483088128233,0.16898947923936852
yellow_trip_hourly,overall,overall,9,8268,0.6666666666666666,0.003023705853894533,0.004926321203293735,0.012094823415578132,0.01970528481317494,0.0008466376390904693,0.001466419406504855,0.06567837705370039,0.057420568630359284
yellow_trip_hourly,overall,overall,10,8268,0.3333333333333333,0.03692952749556523,0.06396381792183083,0.14771810998226093,0.2558552716873233,0.06337687469762941,0.10977196700122059,0.22809115821411605,0.3950654747840802
yellow_trip_hourly,overall,overall,11,8268,0.6666666666666666,0.026739638767940655,0.046209708249699784,0.10695855507176262,0.18483883299879914,0.03176906950491856,0.05502564249170599,0.1502792159022982,0.13973162652873558
yellow_trip_hourly,overall,overall,12,8268,0.3333333333333333,0.007347605224963715,0.012726425563595706,0.02939042089985486,0.050905702254382824,0.0004837929366231253,0.0008379539465742029,0.06426598858999563,0.11131195743651419
yellow_trip_hourly,overall,overall,13,8268,0.3333333333333333,0.02824141267537494,0.04891556163126909,0.11296565070149976,0.19566224652507636,0.10377358490566037,0.17974112154016653,0.1405387376165875,0.24342023398352097
yellow_trip_hourly,overall,overall,14,8268,0.3333333333333333,0.009061038542170618,0.01569417912437934,0.03624415416868247,0.06277671649751736,0.026648927592323818,0.046157296557129,0.022565234270330806,0.039084132240907385
yellow_trip_hourly,overall,overall,15,8268,0.0,0.0,0.0,0.0,0.0,0.0,0.0,0.0,0.0
yellow_trip_hourly,overall,overall,16,8268,0.3333333333333333,0.005382196419932269,0.009322237655638008,0.021528785679729077,0.03728895062255203,0.00012094823415578132,0.00020948848664355073,0.09738084938512015,0.16866857881924058
yellow_trip_hourly,overall,overall,17,8268,0.6666666666666666,0.053126511852926946,0.048266652326095366,0.21250604741170778,0.19306660930438146,0.027213352685050794,0.04474741419124953,0.3001421520345975,0.26011264285984076
yellow_trip_hourly,overall,overall,18,8268,1.0,0.014564183196258669,0.021862592178307143,0.058256732785034675,0.08745036871322857,0.012659248508305111,0.02046004219552012,0.15670565228673594,0.12016986682726313
yellow_trip_hourly,overall,overall,19,8268,0.3333333333333333,0.000816400580551524,0.0014140472848439673,0.003265602322206096,0.005656189139375869,0.0,0.0,0.030789402991901207,0.05332881031668609
yellow_trip_hourly,overall,overall,20,8268,0.6666666666666666,0.0014816158684083213,0.0012980822407877165,0.005926463473633285,0.005192328963150866,0.0012094823415578133,0.002094884866435507,0.106760684951062,0.11591066116468977
yellow_trip_hourly,overall,overall,21,8268,0.6666666666666666,0.0005644250927269795,0.0005035476534751167,0.002257700370907918,0.002014190613900467,0.00004031607805192711,0.00006982949554785023,0.047056648168816335,0.05539299230984249
yellow_trip_hourly,overall,overall,22,8268,0.6666666666666666,0.036606998871149814,0.06129634501381394,0.14642799548459925,0.24518538005525575,0.0032252862441541686,0.0055863596438280195,0.30802687103874915,0.3245660595646148
yellow_trip_hourly,overall,overall,23,8268,0.0,0.0,0.0,0.0,0.0,0.0,0.0,0.0,0.0
yellow_trip_hourly,overall,overall,24,8268,0.6666666666666666,0.000090711175616836,0.0001318002825211863,0.000362844702467344,0.0005272011300847452,0.0,0.0,0.07567683048546314,0.06594695547373078
yellow_trip_hourly,overall,overall,25,8268,0.3333333333333333,0.00015118529269472666,0.0002618606083044384,0.0006047411707789066,0.0010474424332177535,0.00008063215610385422,0.00013965899109570046,0.02733141535686122,0.04733940004085189
yellow_trip_hourly,overall,overall,26,8268,0.6666666666666666,0.012921303015642637,0.019175763076323772,0.05168521206257055,0.07670305230529509,0.03846153846153846,0.06536443633338229,0.28742161847599035,0.418408934439088
yellow_trip_hourly,overall,overall,27,8268,0.3333333333333333,0.031738832446379615,0.0549732703700451,0.12695532978551846,0.2198930814801804,0.11373165618448637,0.1969890069404855,0.1721675855745345,0.2982030056315562
yellow_trip_hourly,overall,overall,28,8268,0.6666666666666666,0.009514594420254797,0.016296802150542467,0.03805837768101919,0.06518720860216987,0.010401548137397194,0.018016009851345362,0.0678277554765473,0.05896629975192687
yellow_trip_hourly,overall,overall,29,8268,0.6666666666666666,0.0010482180293501049,0.0009476958553391795,0.0041928721174004195,0.003790783421356718,0.00004031607805192711,0.00006982949554785023,0.05193099816628057,0.04821428591237598
yellow_trip_hourly,overall,overall,30,8268,0.3333333333333333,0.01655982905982906,0.028682465296279484,0.06623931623931624,0.11472986118511794,0.005684567005321723,0.009845958872246884,0.2312518472989787,0.40053994886599076
yellow_trip_hourly,overall,overall,31,8268,0.6666666666666666,0.02546968230930495,0.044062422065518275,0.1018787292372198,0.1762496882620731,0.06507014997581036,0.11270480581423029,0.10599057950817121,0.1583284429849413
yellow_trip_hourly,overall,overall,32,8268,0.3333333333333333,0.005513223673601033,0.00954918351616852,0.02205289469440413,0.03819673406467408,0.0010079019512981777,0.001745737388696256,0.043811083716237646,0.0758830229311771
yellow_trip_hourly,overall,overall,33,8268,0.3333333333333333,0.0008466376390904693,0.001466419406504855,0.003386550556361877,0.00586567762601942,0.0006047411707789066,0.0010474424332177535,0.05778909956533757,0.1000936565708212
yellow_trip_hourly,overall,overall,34,8268,0.0,0.0,0.0,0.0,0.0,0.0,0.0,0.0,0.0
yellow_trip_hourly,overall,overall,35,8268,0.6666666666666666,0.01611635220125786,0.019736462595335208,0.06446540880503145,0.07894585038134083,0.018142235123367198,0.031005239650717404,0.04962177086555048,0.06711555015467204
yellow_trip_hourly,overall,overall,36,8268,0.3333333333333333,0.000010079019512981777,0.000017457373886962558,0.00004031607805192711,0.00006982949554785023,0.0,0.0,0.005247717723250389,0.009089313720449346
yellow_trip_hourly,overall,overall,37,8268,0.3333333333333333,0.022627398806644092,0.039191804376230946,0.09050959522657637,0.15676721750492378,0.06910175778100307,0.1196877553690153,0.14011663357328288,0.2426891283344371
yellow_trip_hourly,overall,overall,38,8268,0.6666666666666666,0.037504031607805195,0.06284974885463238,0.15001612643122078,0.2513989954185295,0.0027414933075310434,0.004748405697253816,0.20473547221496802,0.338423630590809
yellow_trip_hourly,overall,overall,39,8268,0.3333333333333333,0.02342364134816965,0.040570936913300985,0.0936945653926786,0.16228374765320394,0.00020158039025963554,0.0003491474777392512,0.22091670960564072,0.3826389652779092
yellow_trip_hourly,overall,overall,40,8268,1.0,0.0021871472343170458,0.0018178315732062856,0.008748588937268183,0.0072713262928251424,0.0003225286244154169,0.0005586359643828018,0.23666994999531402,0.11287884933313772
yellow_trip_hourly,overall,overall,41,8268,0.3333333333333333,0.04207990646669892,0.07288453597806868,0.1683196258667957,0.2915381439122747,0.02749556523141429,0.047623715963633864,0.21106382256020564,0.36557326431397846
yellow_trip_hourly,overall,overall,42,8268,0.6666666666666666,0.001763828414771811,0.0029768277915223976,0.007055313659087244,0.01190731116608959,0.0,0.0,0.23479184323021762,0.3188005517508432
yellow_trip_hourly,overall,overall,43,8268,0.0,0.0,0.0,0.0,0.0,0.0,0.0,0.0,0.0
yellow_trip_hourly,overall,overall,44,8268,0.3333333333333333,0.023121270762780196,0.04004721569669211,0.09248508305112078,0.16018886278676844,0.003023705853894533,0.0052372121660887675,0.1808530040555172,0.31324659172561603
yellow_trip_hourly,overall,overall,45,8268,0.6666666666666666,0.0019754878245444286,0.001769922891890257,0.007901951298177714,0.007079691567561028,0.0,0.0,0.032276591496017894,0.04272797389122826
yellow_trip_hourly,overall,overall,46,8268,1.0,0.030106031285276568,0.03929703720583338,0.12042412514110627,0.1571881488233335,0.014392839864537979,0.024929129910582534,0.44067280323557645,0.25981931960566357
yellow_trip_hourly,overall,overall,47,8268,0.3333333333333333,0.011621109498467988,0.02012835209166783,0.04648443799387195,0.08051340836667133,0.00487824544428318,0.008449368961289878,0.1438991721955363,0.2492406774097716
yellow_trip_hourly,overall,overall,48,8268,0.6666666666666666,0.021931946460248347,0.026900470687113844,0.08772778584099339,0.10760188274845538,0.05753104338009998,0.09018200216942734,0.2962027724348937,0.42131951688367486
yellow_trip_hourly,overall,overall,49,8268,0.0,0.0,0.0,0.0,0.0,0.0,0.0,0.0,0.0
yellow_trip_hourly,overall,overall,50,8268,0.0,0.0,0.0,0.0,0.0,0.0,0.0,0.0,0.0
yellow_trip_hourly,overall,overall,51,8268,1.0,0.05505160457990647,0.04785536190049568,0.22020641831962587,0.1914214476019827,0.033784873407514925,0.03310190619028485,0.4621305170332171,0.07032043122111364
yellow_trip_hourly,overall,overall,52,8268,0.6666666666666666,0.020480567650378975,0.02208154923037364,0.0819222706015159,0.08832619692149456,0.05031446540880503,0.07365668019110805,0.13541762302739638,0.20523716081766824
yellow_trip_hourly,overall,overall,53,8268,0.3333333333333333,0.03583091436865022,0.0620609641681519,0.14332365747460088,0.2482438566726076,0.053539751652959204,0.09273357008754511,0.20351630130174067,0.35250057402311086
yellow_trip_hourly,overall,overall,54,8268,0.3333333333333333,0.03081156265118529,0.05336719197244454,0.12324625060474116,0.21346876788977817,0.0,0.0,0.15086147249177165,0.26129973526040307
yellow_trip_hourly,overall,overall,55,8268,1.0,0.03697992259313014,0.040590263872558645,0.14791969037252056,0.16236105549023458,0.0027414933075310434,0.004748405697253816,0.2251026281931545,0.15498269127943565
yellow_trip_hourly,overall,overall,56,8268,0.0,0.0,0.0,0.0,0.0,0.0,0.0,0.0,0.0
yellow_trip_hourly,overall,overall,57,8268,0.3333333333333333,0.004505321722302854,0.007803446127472264,0.018021286889211417,0.031213784509889056,0.0,0.0,0.009829010362309765,0.01702434533564149
yellow_trip_hourly,overall,overall,58,8268,0.3333333333333333,0.0037796323173681663,0.00654651520761096,0.015118529269472665,0.02618606083044384,0.00020158039025963554,0.0003491474777392512,0.013764535621636443,0.023840875039265977
yellow_trip_hourly,overall,overall,59,8268,0.6666666666666666,0.027566118368005158,0.04769355504412249,0.11026447347202063,0.19077422017648996,0.0,0.0,0.16415914281633026,0.19534818471170096
yellow_trip_hourly,overall,overall,60,8268,0.3333333333333333,0.0003527656829543622,0.0006110080860436897,0.001411062731817449,0.0024440323441747586,0.0,0.0,0.03501085078432446,0.060640572374662645
yellow_trip_hourly,overall,overall,61,8268,0.6666666666666666,0.04503305918400258,0.04040225856866159,0.1801322367360103,0.16160903427464637,0.00028221254636348977,0.0004888064688349516,0.22675838308724006,0.19846469985471898
yellow_trip_hourly,overall,overall,62,8268,0.6666666666666666,0.049094904047734235,0.07080558697467862,0.19637961619093694,0.2832223478987145,0.0645460409611353,0.10342879834332318,0.23267739547648594,0.31670341825883624
yellow_trip_hourly,overall,overall,63,8268,0.6666666666666666,0.04634333172069021,0.050524173516498294,0.18537332688276084,0.20209669406599318,0.013667150459603289,0.02367219899072123,0.19995278726630575,0.19724625364063428
yellow_trip_hourly,quantity,gt_p99,0,79,0.0,0.0,0.0,0.0,0.0,0.0,0.0,0.0,0.0
yellow_trip_hourly,quantity,gt_p99,1,79,0.0,0.0,0.0,0.0,0.0,0.0,0.0,0.0,0.0
yellow_trip_hourly,quantity,gt_p99,2,79,0.0,0.0,0.0,0.0,0.0,0.0,0.0,0.0,0.0
yellow_trip_hourly,quantity,gt_p99,3,79,0.0,0.0,0.0,0.0,0.0,0.0,0.0,0.0,0.0
yellow_trip_hourly,quantity,gt_p99,4,79,0.0,0.0,0.0,0.0,0.0,0.0,0.0,0.0,0.0
yellow_trip_hourly,quantity,gt_p99,5,79,0.0,0.0,0.0,0.0,0.0,0.0,0.0,0.0,0.0
yellow_trip_hourly,quantity,gt_p99,6,79,0.0,0.0,0.0,0.0,0.0,0.0,0.0,0.0,0.0
yellow_trip_hourly,quantity,gt_p99,7,79,0.0,0.0,0.0,0.0,0.0,0.0,0.0,0.0,0.0
yellow_trip_hourly,quantity,gt_p99,8,79,0.3333333333333333,0.08333333333333333,0.14433756729740646,0.3333333333333333,0.5773502691896258,0.0,0.0,0.11965733577933492,0.20725258506813737
yellow_trip_hourly,quantity,gt_p99,9,79,0.0,0.0,0.0,0.0,0.0,0.0,0.0,0.0,0.0
yellow_trip_hourly,quantity,gt_p99,10,79,0.0,0.0,0.0,0.0,0.0,0.0,0.0,0.0,0.0
yellow_trip_hourly,quantity,gt_p99,11,79,0.3333333333333333,0.08333333333333333,0.14433756729740646,0.3333333333333333,0.5773502691896258,0.0,0.0,0.12941079501864275,0.22414607202017062
yellow_trip_hourly,quantity,gt_p99,12,79,0.0,0.0,0.0,0.0,0.0,0.0,0.0,0.0,0.0
yellow_trip_hourly,quantity,gt_p99,13,79,0.3333333333333333,0.08333333333333333,0.14433756729740646,0.3333333333333333,0.5773502691896258,0.3333333333333333,0.5773502691896258,0.21705459466966395,0.3759495859841268
yellow_trip_hourly,quantity,gt_p99,14,79,0.0,0.0,0.0,0.0,0.0,0.0,0.0,0.0,0.0
yellow_trip_hourly,quantity,gt_p99,15,79,0.0,0.0,0.0,0.0,0.0,0.0,0.0,0.0,0.0
yellow_trip_hourly,quantity,gt_p99,16,79,0.0,0.0,0.0,0.0,0.0,0.0,0.0,0.0,0.0
yellow_trip_hourly,quantity,gt_p99,17,79,0.3333333333333333,0.08333333333333333,0.14433756729740646,0.3333333333333333,0.5773502691896258,0.0,0.0,0.20615125985085211,0.35706445610600984
yellow_trip_hourly,quantity,gt_p99,18,79,0.0,0.0,0.0,0.0,0.0,0.0,0.0,0.0,0.0
yellow_trip_hourly,quantity,gt_p99,19,79,0.0,0.0,0.0,0.0,0.0,0.0,0.0,0.0,0.0
yellow_trip_hourly,quantity,gt_p99,20,79,0.0,0.0,0.0,0.0,0.0,0.0,0.0,0.0,0.0
yellow_trip_hourly,quantity,gt_p99,21,79,0.0,0.0,0.0,0.0,0.0,0.0,0.0,0.0,0.0
yellow_trip_hourly,quantity,gt_p99,22,79,0.0,0.0,0.0,0.0,0.0,0.0,0.0,0.0,0.0
yellow_trip_hourly,quantity,gt_p99,23,79,0.0,0.0,0.0,0.0,0.0,0.0,0.0,0.0,0.0
yellow_trip_hourly,quantity,gt_p99,24,79,0.0,0.0,0.0,0.0,0.0,0.0,0.0,0.0,0.0
yellow_trip_hourly,quantity,gt_p99,25,79,0.0,0.0,0.0,0.0,0.0,0.0,0.0,0.0,0.0
yellow_trip_hourly,quantity,gt_p99,26,79,0.0,0.0,0.0,0.0,0.0,0.0,0.0,0.0,0.0
yellow_trip_hourly,quantity,gt_p99,27,79,0.3333333333333333,0.08333333333333333,0.14433756729740646,0.3333333333333333,0.5773502691896258,0.3333333333333333,0.5773502691896258,0.2463748256365458,0.4267337157084205
yellow_trip_hourly,quantity,gt_p99,28,79,0.0,0.0,0.0,0.0,0.0,0.0,0.0,0.0,0.0
yellow_trip_hourly,quantity,gt_p99,29,79,0.0,0.0,0.0,0.0,0.0,0.0,0.0,0.0,0.0
yellow_trip_hourly,quantity,gt_p99,30,79,0.0,0.0,0.0,0.0,0.0,0.0,0.0,0.0,0.0
yellow_trip_hourly,quantity,gt_p99,31,79,0.3333333333333333,0.08333333333333333,0.14433756729740646,0.3333333333333333,0.5773502691896258,0.3333333333333333,0.5773502691896258,0.13498260615244193,0.23379673199408876
yellow_trip_hourly,quantity,gt_p99,32,79,0.0,0.0,0.0,0.0,0.0,0.0,0.0,0.0,0.0
yellow_trip_hourly,quantity,gt_p99,33,79,0.0,0.0,0.0,0.0,0.0,0.0,0.0,0.0,0.0
yellow_trip_hourly,quantity,gt_p99,34,79,0.0,0.0,0.0,0.0,0.0,0.0,0.0,0.0,0.0
yellow_trip_hourly,quantity,gt_p99,35,79,0.0,0.0,0.0,0.0,0.0,0.0,0.0,0.0,0.0
yellow_trip_hourly,quantity,gt_p99,36,79,0.0,0.0,0.0,0.0,0.0,0.0,0.0,0.0,0.0
yellow_trip_hourly,quantity,gt_p99,37,79,0.0,0.0,0.0,0.0,0.0,0.0,0.0,0.0,0.0
yellow_trip_hourly,quantity,gt_p99,38,79,0.0,0.0,0.0,0.0,0.0,0.0,0.0,0.0,0.0
yellow_trip_hourly,quantity,gt_p99,39,79,0.0,0.0,0.0,0.0,0.0,0.0,0.0,0.0,0.0
yellow_trip_hourly,quantity,gt_p99,40,79,0.0,0.0,0.0,0.0,0.0,0.0,0.0,0.0,0.0
yellow_trip_hourly,quantity,gt_p99,41,79,0.0,0.0,0.0,0.0,0.0,0.0,0.0,0.0,0.0
yellow_trip_hourly,quantity,gt_p99,42,79,0.0,0.0,0.0,0.0,0.0,0.0,0.0,0.0,0.0
yellow_trip_hourly,quantity,gt_p99,43,79,0.0,0.0,0.0,0.0,0.0,0.0,0.0,0.0,0.0
yellow_trip_hourly,quantity,gt_p99,44,79,0.0,0.0,0.0,0.0,0.0,0.0,0.0,0.0,0.0
yellow_trip_hourly,quantity,gt_p99,45,79,0.0,0.0,0.0,0.0,0.0,0.0,0.0,0.0,0.0
yellow_trip_hourly,quantity,gt_p99,46,79,0.0,0.0,0.0,0.0,0.0,0.0,0.0,0.0,0.0
yellow_trip_hourly,quantity,gt_p99,47,79,0.0,0.0,0.0,0.0,0.0,0.0,0.0,0.0,0.0
yellow_trip_hourly,quantity,gt_p99,48,79,0.0,0.0,0.0,0.0,0.0,0.0,0.0,0.0,0.0
yellow_trip_hourly,quantity,gt_p99,49,79,0.0,0.0,0.0,0.0,0.0,0.0,0.0,0.0,0.0
yellow_trip_hourly,quantity,gt_p99,50,79,0.0,0.0,0.0,0.0,0.0,0.0,0.0,0.0,0.0
yellow_trip_hourly,quantity,gt_p99,51,79,0.0,0.0,0.0,0.0,0.0,0.0,0.0,0.0,0.0
yellow_trip_hourly,quantity,gt_p99,52,79,0.0,0.0,0.0,0.0,0.0,0.0,0.0,0.0,0.0
yellow_trip_hourly,quantity,gt_p99,53,79,0.0,0.0,0.0,0.0,0.0,0.0,0.0,0.0,0.0
yellow_trip_hourly,quantity,gt_p99,54,79,0.3333333333333333,0.08333333333333333,0.14433756729740646,0.3333333333333333,0.5773502691896258,0.0,0.0,0.20983972051475622,0.363453057377611
yellow_trip_hourly,quantity,gt_p99,55,79,0.3333333333333333,0.08333333333333333,0.14433756729740646,0.3333333333333333,0.5773502691896258,0.0,0.0,0.2031682319781951,0.35189770027017386
yellow_trip_hourly,quantity,gt_p99,56,79,0.0,0.0,0.0,0.0,0.0,0.0,0.0,0.0,0.0
yellow_trip_hourly,quantity,gt_p99,57,79,0.0,0.0,0.0,0.0,0.0,0.0,0.0,0.0,0.0
yellow_trip_hourly,quantity,gt_p99,58,79,0.0,0.0,0.0,0.0,0.0,0.0,0.0,0.0,0.0
yellow_trip_hourly,quantity,gt_p99,59,79,0.3333333333333333,0.08333333333333333,0.14433756729740646,0.3333333333333333,0.5773502691896258,0.0,0.0,0.19242210906266158,0.3332848693960896
yellow_trip_hourly,quantity,gt_p99,60,79,0.0,0.0,0.0,0.0,0.0,0.0,0.0,0.0,0.0
yellow_trip_hourly,quantity,gt_p99,61,79,0.6666666666666666,0.16666666666666666,0.14433756729740646,0.6666666666666666,0.5773502691896258,0.0,0.0,0.310237599701821,0.2767644982335662
yellow_trip_hourly,quantity,gt_p99,62,79,0.0,0.0,0.0,0.0,0.0,0.0,0.0,0.0,0.0
yellow_trip_hourly,quantity,gt_p99,63,79,0.3333333333333333,0.08333333333333333,0.14433756729740646,0.3333333333333333,0.5773502691896258,0.0,0.0,0.1821274488284115,0.31545399482370956
yellow_trip_hourly,quantity,le_p50,0,4364,0.3333333333333333,0.03292086770546899,0.05702061549512574,0.13168347082187595,0.22808246198050297,0.001833180568285976,0.0031751618837192984,0.2109822368469703,0.3654319537134831
yellow_trip_hourly,quantity,le_p50,1,4364,0.0,0.0,0.0,0.0,0.0,0.0,0.0,0.0,0.0
yellow_trip_hourly,quantity,le_p50,2,4364,0.0,0.0,0.0,0.0,0.0,0.0,0.0,0.0,0.0
yellow_trip_hourly,quantity,le_p50,3,4364,1.0,0.046478765658417354,0.07471942254953341,0.18591506263366941,0.29887769019813365,0.027956003666361137,0.04075285025511774,0.3187607049849083,0.3113347382500876
yellow_trip_hourly,quantity,le_p50,4,4364,0.0,0.0,0.0,0.0,0.0,0.0,0.0,0.0,0.0
yellow_trip_hourly,quantity,le_p50,5,4364,0.0,0.0,0.0,0.0,0.0,0.0,0.0,0.0,0.0
yellow_trip_hourly,quantity,le_p50,6,4364,0.3333333333333333,0.033799266727772684,0.05854204723107456,0.13519706691109074,0.23416818892429825,0.09570730216926367,0.1657699100125117,0.24473689415557012,0.42389673516405413
yellow_trip_hourly,quantity,le_p50,7,4364,0.0,0.0,0.0,0.0,0.0,0.0,0.0,0.0,0.0
yellow_trip_hourly,quantity,le_p50,8,4364,0.3333333333333333,0.00003819126183929117,0.00006614920591081872,0.00015276504735716468,0.00026459682364327487,0.0,0.0,0.03154731666048368,0.05464155529842185
yellow_trip_hourly,quantity,le_p50,9,4364,0.3333333333333333,0.0011839291170180264,0.00205062538323538,0.0047357164680721054,0.00820250153294152,0.000458295142071494,0.0007937904709298246,0.03743241902601014,0.06483485160325746
yellow_trip_hourly,quantity,le_p50,10,4364,0.3333333333333333,0.06889703635808127,0.11933316746311697,0.27558814543232507,0.47733266985246786,0.11885120684387412,0.20585632879446786,0.2285102645688293,0.3957913882842186
yellow_trip_hourly,quantity,le_p50,11,4364,0.6666666666666666,0.00030553009471432935,0.00048043635905167754,0.0012221203788573174,0.0019217454362067102,0.000687442713107241,0.0011906857063947367,0.12253177381224102,0.11830244896198464
yellow_trip_hourly,quantity,le_p50,12,4364,0.3333333333333333,0.005194011610143599,0.008996292003871345,0.020776046440574396,0.03598516801548538,0.0,0.0,0.07403391202473465,0.12823049710992485
yellow_trip_hourly,quantity,le_p50,13,4364,0.3333333333333333,0.0008020164986251146,0.001389133324127193,0.0032080659945004585,0.005556533296508772,0.001985945615643141,0.0034397587073625733,0.05302503143274595,0.09184204851445273
yellow_trip_hourly,quantity,le_p50,14,4364,0.3333333333333333,0.0006492514512679499,0.0011245365004839182,0.0025970058050717995,0.004498146001935673,0.001374885426214482,0.0023813714127894734,0.016452583653267985,0.02849671080323732
yellow_trip_hourly,quantity,le_p50,15,4364,0.0,0.0,0.0,0.0,0.0,0.0,0.0,0.0,0.0
yellow_trip_hourly,quantity,le_p50,16,4364,0.3333333333333333,0.005098533455545371,0.0088309189890943,0.020394133822181484,0.0353236759563772,0.00015276504735716468,0.00026459682364327487,0.11375590041744872,0.19703099918376685
yellow_trip_hourly,quantity,le_p50,17,4364,0.6666666666666666,0.032939963336388635,0.056459393531943174,0.13175985334555454,0.2258375741277727,0.03597616865261228,0.062312551967991237,0.2436757912621189,0.2539958537497969
yellow_trip_hourly,quantity,le_p50,18,4364,1.0,0.014875496486403912,0.02507061449117612,0.05950198594561565,0.10028245796470447,0.005041246562786435,0.008137158984676766,0.18257602916133622,0.13463980517402807
yellow_trip_hourly,quantity,le_p50,19,4364,0.3333333333333333,0.0003437213565536205,0.0005953428531973683,0.001374885426214482,0.0023813714127894734,0.0,0.0,0.030349082968853136,0.05256615366517693
yellow_trip_hourly,quantity,le_p50,20,4364,0.6666666666666666,0.0017377024136877482,0.001507345773897486,0.006950809654750993,0.006029383095589944,0.001833180568285976,0.0031751618837192984,0.11880096523010135,0.12338371863111572
yellow_trip_hourly,quantity,le_p50,21,4364,0.3333333333333333,0.00007638252367858234,0.00013229841182163743,0.00030553009471432935,0.0005291936472865497,0.0,0.0,0.014426512022813162,0.024987451799515652
yellow_trip_hourly,quantity,le_p50,22,4364,0.6666666666666666,0.06754124656278644,0.11348064971537966,0.27016498625114577,0.45392259886151864,0.005575924228536511,0.009657784062979532,0.3098941474767632,0.32619393920266565
yellow_trip_hourly,quantity,le_p50,23,4364,0.0,0.0,0.0,0.0,0.0,0.0,0.0,0.0,0.0
yellow_trip_hourly,quantity,le_p50,24,4364,0.6666666666666666,0.00007638252367858234,0.00008750717413221509,0.00030553009471432935,0.00035002869652886036,0.0,0.0,0.0833487535516421,0.07230280631088906
yellow_trip_hourly,quantity,le_p50,25,4364,0.3333333333333333,0.00003819126183929117,0.00006614920591081872,0.00015276504735716468,0.00026459682364327487,0.0,0.0,0.030743832389513653,0.053249879718019325
yellow_trip_hourly,quantity,le_p50,26,4364,0.6666666666666666,0.022208218759547815,0.03806955764831469,0.08883287503819126,0.15227823059325876,0.07202871982890315,0.12436071822664696,0.28749937624395067,0.4183799658636047
yellow_trip_hourly,quantity,le_p50,27,4364,0.3333333333333333,0.0005919645585090132,0.00102531269161769,0.0023678582340360527,0.00410125076647076,0.001374885426214482,0.0023813714127894734,0.08274712485651815,0.143322224431735
yellow_trip_hourly,quantity,le_p50,28,4364,0.6666666666666666,0.0010502597005805072,0.0016247004484727916,0.004201038802322029,0.006498801793891167,0.001833180568285976,0.0031751618837192984,0.06929393671452999,0.06083717573995099
yellow_trip_hourly,quantity,le_p50,29,4364,0.6666666666666666,0.0006874427131072411,0.0009988311053026292,0.0027497708524289646,0.003995324421210517,0.0,0.0,0.05678948260841329,0.04979988870089284
yellow_trip_hourly,quantity,le_p50,30,4364,0.3333333333333333,0.03135502597005805,0.05430849805278217,0.1254201038802322,0.21723399221112868,0.010769935838680111,0.018654076066850878,0.23124783823415607,0.40053300496202715
yellow_trip_hourly,quantity,le_p50,31,4364,0.3333333333333333,0.00017186067827681026,0.00029767142659868417,0.000687442713107241,0.0011906857063947367,0.0,0.0,0.04571034759283066,0.07917264446241642
yellow_trip_hourly,quantity,le_p50,32,4364,0.3333333333333333,0.0016231286281698746,0.0028113412512097953,0.006492514512679498,0.011245365004839181,0.00030553009471432935,0.0005291936472865497,0.05047182300511529,0.08741976179548337
yellow_trip_hourly,quantity,le_p50,33,4364,0.3333333333333333,0.0006301558203483043,0.001091461897528509,0.0025206232813932174,0.004365847590114036,0.0005346776657500764,0.0009260888827514621,0.06115258462501295,0.10591938358467778
yellow_trip_hourly,quantity,le_p50,34,4364,0.0,0.0,0.0,0.0,0.0,0.0,0.0,0.0,0.0
yellow_trip_hourly,quantity,le_p50,35,4364,0.6666666666666666,0.001145737855178735,0.0009922380886622807,0.00458295142071494,0.003968952354649123,0.0005346776657500764,0.0009260888827514621,0.044500022096973325,0.060237969713721515
yellow_trip_hourly,quantity,le_p50,36,4364,0.0,0.0,0.0,0.0,0.0,0.0,0.0,0.0,0.0
yellow_trip_hourly,quantity,le_p50,37,4364,0.3333333333333333,0.03305453712190651,0.0572521377158136,0.13221814848762603,0.2290085508632544,0.10747021081576535,0.18614386543304387,0.15345264573691095,0.2657877789721974
yellow_trip_hourly,quantity,le_p50,38,4364,0.6666666666666666,0.0681141154903758,0.11762999629391292,0.2724564619615032,0.4705199851756517,0.0048120989917506875,0.008334799944763159,0.2019415605136636,0.3434805236005956
yellow_trip_hourly,quantity,le_p50,39,4364,0.3333333333333333,0.04424457684081882,0.07663385504768348,0.17697830736327527,0.30653542019073393,0.0003819126183929117,0.0006614920591081872,0.2209412513739976,0.3826814728676109
yellow_trip_hourly,quantity,le_p50,40,4364,1.0,0.0024633363886342806,0.002312148954011293,0.009853345554537122,0.009248595816045172,0.0005346776657500764,0.0009260888827514621,0.24223780693997968,0.11230642828263603
yellow_trip_hourly,quantity,le_p50,41,4364,0.3333333333333333,0.07632523678582341,0.13219918801277122,0.30530094714329364,0.5287967520510849,0.048884815154292695,0.08467098356584796,0.21311683470021195,0.3691291856490251
yellow_trip_hourly,quantity,le_p50,42,4364,0.6666666666666666,0.0005155820348304307,0.0007491233289769718,0.002062328139321723,0.0029964933159078873,0.0,0.0,0.23611778176079193,0.3180084037095802
yellow_trip_hourly,quantity,le_p50,43,4364,0.0,0.0,0.0,0.0,0.0,0.0,0.0,0.0,0.0
yellow_trip_hourly,quantity,le_p50,44,4364,0.3333333333333333,0.04086465016804155,0.07077965032457602,0.1634586006721662,0.2831186012983041,0.0057286892758936754,0.009922380886622808,0.186396214969433,0.3228477146655885
yellow_trip_hourly,quantity,le_p50,45,4364,0.6666666666666666,0.0004010082493125573,0.0004689134264363227,0.0016040329972502293,0.001875653705745291,0.0,0.0,0.03248073921762019,0.04205838696483318
yellow_trip_hourly,quantity,le_p50,46,4364,1.0,0.050622517567980446,0.06447695980819527,0.20249007027192178,0.2579078392327811,0.02512985029025359,0.04352617748931871,0.45425229492522295,0.25467627535581955
yellow_trip_hourly,quantity,le_p50,47,4364,0.3333333333333333,0.015238313473877177,0.02639353315841667,0.06095325389550871,0.10557413263366668,0.008020164986251145,0.01389133324127193,0.15814733030640193,0.27391921117206547
yellow_trip_hourly,quantity,le_p50,48,4364,0.6666666666666666,0.03542239535594256,0.05427141242654794,0.14168958142377025,0.21708564970619176,0.10311640696608615,0.17543727197958842,0.30678322378200523,0.4162499159966416
yellow_trip_hourly,quantity,le_p50,49,4364,0.0,0.0,0.0,0.0,0.0,0.0,0.0,0.0,0.0
yellow_trip_hourly,quantity,le_p50,50,4364,0.0,0.0,0.0,0.0,0.0,0.0,0.0,0.0,0.0
yellow_trip_hourly,quantity,le_p50,51,4364,1.0,0.09160174152153988,0.07928056839056875,0.3664069660861595,0.317122273562275,0.04995417048579285,0.0441749924330006,0.4801048472303792,0.08471508501522476
yellow_trip_hourly,quantity,le_p50,52,4364,0.6666666666666666,0.016002138710663,0.025276528233049045,0.064008554842652,0.10110611293219618,0.04483654139932783,0.07372583471462067,0.16327200913754514,0.24898463974101318
yellow_trip_hourly,quantity,le_p50,53,4364,0.3333333333333333,0.06622364802933088,0.11470272304935965,0.2648945921173235,0.4588108921974386,0.1007485487320501,0.17450160519273974,0.20496235115998573,0.3550052058478691
yellow_trip_hourly,quantity,le_p50,54,4364,0.3333333333333333,0.000458295142071494,0.0007937904709298246,0.001833180568285976,0.0031751618837192984,0.0,0.0,0.0813326145418816,0.14087222069895425
yellow_trip_hourly,quantity,le_p50,55,4364,1.0,0.0037236480293308893,0.005213107241063245,0.014894592117323557,0.02085242896425298,0.00007638252367858234,0.00013229841182163743,0.16895472173779913,0.05095730589566809
yellow_trip_hourly,quantity,le_p50,56,4364,0.0,0.0,0.0,0.0,0.0,0.0,0.0,0.0,0.0
yellow_trip_hourly,quantity,le_p50,57,4364,0.3333333333333333,0.00021005194011610145,0.000363820632509503,0.0008402077604644058,0.001455282530038012,0.0,0.0,0.011478755178607324,0.01988178717699225
yellow_trip_hourly,quantity,le_p50,58,4364,0.3333333333333333,0.00032462572563397493,0.0005622682502419591,0.0012985029025358997,0.0022490730009678364,0.00007638252367858234,0.00013229841182163743,0.017911120737884558,0.031022971138516618
yellow_trip_hourly,quantity,le_p50,59,4364,0.6666666666666666,0.0009356859150626336,0.0015225098736081305,0.0037427436602505346,0.006090039494432522,0.0,0.0,0.07983397078433682,0.06954265457304619
yellow_trip_hourly,quantity,le_p50,60,4364,0.0,0.0,0.0,0.0,0.0,0.0,0.0,0.0,0.0
yellow_trip_hourly,quantity,le_p50,61,4364,0.6666666666666666,0.0007256339749465322,0.0012075627676262127,0.0029025358997861288,0.004830251070504851,0.0,0.0,0.1018457078366532,0.09023977615373992
yellow_trip_hourly,quantity,le_p50,62,4364,0.6666666666666666,0.07911319890009166,0.13465372796630473,0.31645279560036665,0.5386149118652189,0.11503208065994498,0.19785390040472248,0.23694049819627694,0.32071988165033327
yellow_trip_hourly,quantity,le_p50,63,4364,0.6666666666666666,0.0009547815459822793,0.0015555615531940344,0.003819126183929117,0.006222246212776138,0.0003819126183929117,0.0006614920591081872,0.10356729524210095,0.09355845770798635
yellow_trip_hourly,quantity,p50_p90,0,3138,0.3333333333333333,0.0028946250265561926,0.005013637614855736,0.01157850010622477,0.020054550459422945,0.00021244954323348204,0.0003679734029251917,0.1777957933940654,0.30795134753054026
yellow_trip_hourly,quantity,p50_p90,1,3138,0.0,0.0,0.0,0.0,0.0,0.0,0.0,0.0,0.0
yellow_trip_hourly,quantity,p50_p90,2,3138,0.3333333333333333,0.000026556192904185255,0.00004599667536564896,0.00010622477161674102,0.00018398670146259585,0.0,0.0,0.02223335454861323,0.03850929970089072
yellow_trip_hourly,quantity,p50_p90,3,3138,1.0,0.02976949224559167,0.02748950811001692,0.11907796898236668,0.10995803244006767,0.02708731676226896,0.02677433245544292,0.2880559441858325,0.3008844173355435
yellow_trip_hourly,quantity,p50_p90,4,3138,0.0,0.0,0.0,0.0,0.0,0.0,0.0,0.0,0.0
yellow_trip_hourly,quantity,p50_p90,5,3138,0.0,0.0,0.0,0.0,0.0,0.0,0.0,0.0,0.0
yellow_trip_hourly,quantity,p50_p90,6,3138,0.3333333333333333,0.000026556192904185255,0.00004599667536564896,0.00010622477161674102,0.00018398670146259585,0.00010622477161674102,0.00018398670146259585,0.24486517906188965,0.4241189311396437
yellow_trip_hourly,quantity,p50_p90,7,3138,0.0,0.0,0.0,0.0,0.0,0.0,0.0,0.0,0.0
yellow_trip_hourly,quantity,p50_p90,8,3138,0.6666666666666666,0.00570958147439983,0.009614625539461576,0.02283832589759932,0.038458502157846304,0.0,0.0,0.13060509646826352,0.15457791902993936
yellow_trip_hourly,quantity,p50_p90,9,3138,0.6666666666666666,0.006320373911196091,0.01013055238231179,0.025281495644784362,0.04052220952924716,0.0015933715742511153,0.002759800521938938,0.0636989145494829,0.056219037137405704
yellow_trip_hourly,quantity,p50_p90,10,3138,0.3333333333333333,0.0014871468026343745,0.002575813820476342,0.005948587210537498,0.010303255281905368,0.0016995963458678563,0.0029437872234015336,0.20108873450330325,0.34829590498945
yellow_trip_hourly,quantity,p50_p90,11,3138,0.6666666666666666,0.04968663692373062,0.08585287774100128,0.19874654769492248,0.34341151096400513,0.08274909708944125,0.14332564043936216,0.13067607606300038,0.1207010937157244
yellow_trip_hourly,quantity,p50_p90,12,3138,0.3333333333333333,0.012136180157212663,0.021020480642101578,0.04854472062885065,0.08408192256840631,0.0012746972594008922,0.00220784041755115,0.05845225735531507,0.10124227955649731
yellow_trip_hourly,quantity,p50_p90,13,3138,0.3333333333333333,0.052953048650945404,0.09171737067910403,0.21181219460378162,0.3668694827164161,0.1892925430210325,0.32786430200634575,0.11627593638754656,0.2013958295208774
yellow_trip_hourly,quantity,p50_p90,14,3138,0.3333333333333333,0.022971106862120245,0.039787124191286355,0.09188442744848098,0.15914849676514542,0.06830252814956449,0.11830344904044912,0.022805500306145993,0.039500285222272453
yellow_trip_hourly,quantity,p50_p90,15,3138,0.0,0.0,0.0,0.0,0.0,0.0,0.0,0.0,0.0
yellow_trip_hourly,quantity,p50_p90,16,3138,0.3333333333333333,0.007090503505417463,0.012281112322628272,0.02836201402166985,0.049124449290513086,0.00010622477161674102,0.00018398670146259585,0.08100579835279158,0.14030615845471428
yellow_trip_hourly,quantity,p50_p90,17,3138,0.6666666666666666,0.07382621627363502,0.09907560019357527,0.29530486509454007,0.39630240077430107,0.02166985340981517,0.03140033715805486,0.22180800356255012,0.19993867207475852
yellow_trip_hourly,quantity,p50_p90,18,3138,1.0,0.01768642447418738,0.02280484363904094,0.07074569789674952,0.09121937455616376,0.02634374336095177,0.04259321942216183,0.13496148311073963,0.08795125068226468
yellow_trip_hourly,quantity,p50_p90,19,3138,0.3333333333333333,0.001673040152963671,0.0028977905480358844,0.006692160611854684,0.011591162192143538,0.0,0.0,0.030915208712772087,0.05354671221711728
yellow_trip_hourly,quantity,p50_p90,20,3138,0.6666666666666666,0.0014871468026343745,0.0014369820754693736,0.005948587210537498,0.005747928301877495,0.0006373486297004461,0.001103920208775575,0.0859325854250023,0.09746648173556227
yellow_trip_hourly,quantity,p50_p90,21,3138,0.6666666666666666,0.0013809220310176333,0.0012879069102381708,0.005523688124070533,0.005151627640952683,0.00010622477161674102,0.00018398670146259585,0.04637577755687137,0.05566283177174755
yellow_trip_hourly,quantity,p50_p90,22,3138,0.6666666666666666,0.002522838325897599,0.003701232171437846,0.010091353303590397,0.014804928685751385,0.0007435734013171872,0.001287906910238171,0.2574468593240953,0.2556948644375789
yellow_trip_hourly,quantity,p50_p90,23,3138,0.0,0.0,0.0,0.0,0.0,0.0,0.0,0.0,0.0
yellow_trip_hourly,quantity,p50_p90,24,3138,0.3333333333333333,0.00013278096452092628,0.0002299833768282448,0.0005311238580837051,0.0009199335073129792,0.0,0.0,0.03079113165537516,0.05333180444965217
yellow_trip_hourly,quantity,p50_p90,25,3138,0.3333333333333333,0.0003452305077544083,0.0005979567797534364,0.0013809220310176333,0.0023918271190137455,0.00021244954323348204,0.0003679734029251917,0.026806428121068537,0.04643009547513382
yellow_trip_hourly,quantity,p50_p90,26,3138,0.6666666666666666,0.0031601869555980453,0.005404756151370277,0.012640747822392181,0.021619024605481107,0.0011684724877841512,0.0017551212706456666,0.27558200381233194,0.3980519556767408
yellow_trip_hourly,quantity,p50_p90,27,3138,0.3333333333333333,0.06246016571064372,0.10818418046000636,0.2498406628425749,0.43273672184002543,0.21637985978330146,0.37478091087930776,0.15116133960069508,0.26181912032857724
yellow_trip_hourly,quantity,p50_p90,28,3138,0.6666666666666666,0.023608455491820692,0.040684234870746364,0.09443382196728277,0.16273693948298545,0.0248565965583174,0.043052888142247434,0.06886698900980552,0.05972584463843245
yellow_trip_hourly,quantity,p50_p90,29,3138,0.6666666666666666,0.0018058211174845976,0.001613821394119237,0.00722328446993839,0.006455285576476948,0.00010622477161674102,0.00018398670146259585,0.04581444760696123,0.04787133132242005
yellow_trip_hourly,quantity,p50_p90,30,3138,0.3333333333333333,0.000026556192904185255,0.00004599667536564896,0.00010622477161674102,0.00018398670146259585,0.0,0.0,0.23783473173777261,0.41194183917433636
yellow_trip_hourly,quantity,p50_p90,31,3138,0.6666666666666666,0.04652644996813257,0.08044822466277397,0.1861057998725303,0.3217928986510959,0.09007860633099639,0.1560207228402813,0.0918752168892395,0.13400973463254925
yellow_trip_hourly,quantity,p50_p90,32,3138,0.3333333333333333,0.012268961121733589,0.02125046401892982,0.049075844486934354,0.08500185607571928,0.0022307202039515616,0.003863720730714513,0.042585623024561016,0.07376046275051469
yellow_trip_hourly,quantity,p50_p90,33,3138,0.3333333333333333,0.0013543658381134482,0.002345830443648097,0.005417463352453793,0.009383321774592389,0.0008497981729339282,0.0014718936117007668,0.05561272687966528,0.09632406850303164
yellow_trip_hourly,quantity,p50_p90,34,3138,0.0,0.0,0.0,0.0,0.0,0.0,0.0,0.0,0.0
yellow_trip_hourly,quantity,p50_p90,35,3138,0.6666666666666666,0.040869980879541114,0.0510351094891164,0.16347992351816445,0.2041404379564656,0.047057573826216274,0.08040471463267257,0.04980565638096368,0.06724792718119495
yellow_trip_hourly,quantity,p50_p90,36,3138,0.3333333333333333,0.000026556192904185255,0.00004599667536564896,0.00010622477161674102,0.00018398670146259585,0.0,0.0,0.005247717723250389,0.009089313720449346
yellow_trip_hourly,quantity,p50_p90,37,3138,0.3333333333333333,0.013649883152751221,0.023642291137943562,0.054599532611004885,0.09456916455177425,0.032611004886339494,0.05648391734901693,0.09520488832962498,0.16489970371583174
yellow_trip_hourly,quantity,p50_p90,38,3138,0.6666666666666666,0.004089653707244529,0.003549799195136381,0.016358614828978116,0.014199196780545525,0.0005311238580837051,0.0009199335073129792,0.15801220348901648,0.25661237330687453
yellow_trip_hourly,quantity,p50_p90,39,3138,0.3333333333333333,0.0001858933503292968,0.00032197672755954275,0.0007435734013171872,0.001287906910238171,0.0,0.0,0.21279338427952357,0.36856895308666326
yellow_trip_hourly,quantity,p50_p90,40,3138,1.0,0.0023369449755683024,0.0015960249842061525,0.00934777990227321,0.00638409993682461,0.00010622477161674102,0.00018398670146259585,0.2301021380367733,0.11246468862133326
yellow_trip_hourly,quantity,p50_p90,41,3138,0.3333333333333333,0.0047270023369449755,0.008187408215085516,0.018908009347779902,0.03274963286034206,0.004461440407903123,0.007727441461429026,0.1649633196186037,0.2857248509646454
yellow_trip_hourly,quantity,p50_p90,42,3138,0.3333333333333333,0.003930316549819418,0.006807507954116046,0.015721266199277672,0.027230031816464183,0.0,0.0,0.03533526083773321,0.06120246706965273
yellow_trip_hourly,quantity,p50_p90,43,3138,0.0,0.0,0.0,0.0,0.0,0.0,0.0,0.0,0.0
yellow_trip_hourly,quantity,p50_p90,44,3138,0.3333333333333333,0.00408965370724453,0.00708348800630994,0.01635861482897812,0.02833395202523976,0.0,0.0,0.10382396927772662,0.1798283898324927
yellow_trip_hourly,quantity,p50_p90,45,3138,0.6666666666666666,0.0046473337582324204,0.0040952542637766225,0.018589335032929682,0.01638101705510649,0.0,0.0,0.032217955594045826,0.04279746661780203
yellow_trip_hourly,quantity,p50_p90,46,3138,1.0,0.008922880815806247,0.014144482507486605,0.035691523263224986,0.05657793002994642,0.002974293605268749,0.005151627640952684,0.3652713840488861,0.22574346018341943
yellow_trip_hourly,quantity,p50_p90,47,3138,0.3333333333333333,0.009427448480985765,0.016328819754805383,0.03770979392394306,0.06531527901922153,0.0016995963458678563,0.0029437872234015336,0.1118709181885764,0.19376611419199555
yellow_trip_hourly,quantity,p50_p90,48,3138,0.6666666666666666,0.008524537922243468,0.014148520519418558,0.03409815168897387,0.05659408207767423,0.00817930741448906,0.013891909771601145,0.16019315053204716,0.20002449872900543
yellow_trip_hourly,quantity,p50_p90,49,3138,0.0,0.0,0.0,0.0,0.0,0.0,0.0,0.0,0.0
yellow_trip_hourly,quantity,p50_p90,50,3138,0.0,0.0,0.0,0.0,0.0,0.0,0.0,0.0,0.0
yellow_trip_hourly,quantity,p50_p90,51,3138,0.6666666666666666,0.017659868281283197,0.018952472260988174,0.07063947312513279,0.0758098890439527,0.01954535797748035,0.033029072091360495,0.21624819139500615,0.19476119838749945
yellow_trip_hourly,quantity,p50_p90,52,3138,0.6666666666666666,0.0317080943275972,0.027958904225643354,0.1268323773103888,0.11183561690257342,0.07021457403866582,0.09220450910843583,0.10423520092329731,0.1518887372177157
yellow_trip_hourly,quantity,p50_p90,53,3138,0.3333333333333333,0.002310388782664117,0.00400171075681146,0.009241555130656469,0.01600684302724584,0.0009560229445506693,0.0016558803131633626,0.14587376212479966,0.25266076749136956
yellow_trip_hourly,quantity,p50_p90,54,3138,0.3333333333333333,0.06020288931378798,0.1042744630539262,0.2408115572551519,0.4170978522157048,0.0,0.0,0.1333239350668947,0.23092382940087547
yellow_trip_hourly,quantity,p50_p90,55,3138,1.0,0.07191417038453368,0.07477787750035436,0.28765668153813473,0.29911151000141745,0.007117059698321649,0.012327108997993922,0.1965505693204117,0.11818608490493024
yellow_trip_hourly,quantity,p50_p90,56,3138,0.0,0.0,0.0,0.0,0.0,0.0,0.0,0.0,0.0
yellow_trip_hourly,quantity,p50_p90,57,3138,0.3333333333333333,0.01157850010622477,0.020054550459422945,0.04631400042489908,0.08021820183769178,0.0,0.0,0.009787388360063725,0.016952253913038607
yellow_trip_hourly,quantity,p50_p90,58,3138,0.3333333333333333,0.009507117059698322,0.016466809780902328,0.038028468238793287,0.06586723912360931,0.0004248990864669641,0.0007359468058503834,0.013567630741814607,0.023499825783156316
yellow_trip_hourly,quantity,p50_p90,59,3138,0.3333333333333333,0.05098789037603569,0.08831361670204602,0.20395156150414276,0.35325446680818406,0.0,0.0,0.10571804665928035,0.18310902809081075
yellow_trip_hourly,quantity,p50_p90,60,3138,0.3333333333333333,0.000929466751646484,0.0016098836377977136,0.003717867006585936,0.0064395345511908545,0.0,0.0,0.03501085078432446,0.060640572374662645
yellow_trip_hourly,quantity,p50_p90,61,3138,0.6666666666666666,0.07695984703632887,0.0716763994662919,0.3078393881453155,0.2867055978651676,0.0007435734013171872,0.001287906910238171,0.19341017708533914,0.16898878349206745
yellow_trip_hourly,quantity,p50_p90,62,3138,0.6666666666666666,0.019332908434246867,0.02061651857066703,0.07733163373698747,0.08246607428266813,0.010091353303590397,0.012152875250438549,0.1777432151253682,0.22370372715003067
yellow_trip_hourly,quantity,p50_p90,63,3138,0.6666666666666666,0.1001434034416826,0.09959040779294846,0.4005736137667304,0.39836163117179385,0.035479073719991504,0.061451558288507006,0.18645251623787906,0.17795167906266862
yellow_trip_hourly,quantity,p90_p95,0,386,0.0,0.0,0.0,0.0,0.0,0.0,0.0,0.0,0.0
yellow_trip_hourly,quantity,p90_p95,1,386,0.0,0.0,0.0,0.0,0.0,0.0,0.0,0.0,0.0
yellow_trip_hourly,quantity,p90_p95,2,386,0.0,0.0,0.0,0.0,0.0,0.0,0.0,0.0,0.0
yellow_trip_hourly,quantity,p90_p95,3,386,0.0,0.0,0.0,0.0,0.0,0.0,0.0,0.0,0.0
yellow_trip_hourly,quantity,p90_p95,4,386,0.0,0.0,0.0,0.0,0.0,0.0,0.0,0.0,0.0
yellow_trip_hourly,quantity,p90_p95,5,386,0.0,0.0,0.0,0.0,0.0,0.0,0.0,0.0,0.0
yellow_trip_hourly,quantity,p90_p95,6,386,0.0,0.0,0.0,0.0,0.0,0.0,0.0,0.0,0.0
yellow_trip_hourly,quantity,p90_p95,7,386,0.0,0.0,0.0,0.0,0.0,0.0,0.0,0.0,0.0
yellow_trip_hourly,quantity,p90_p95,8,386,0.3333333333333333,0.08095854922279792,0.14022432056095185,0.3238341968911917,0.5608972822438074,0.0,0.0,0.10729922607209948,0.18584771116969545
yellow_trip_hourly,quantity,p90_p95,9,386,0.0,0.0,0.0,0.0,0.0,0.0,0.0,0.0,0.0
yellow_trip_hourly,quantity,p90_p95,10,386,0.0,0.0,0.0,0.0,0.0,0.0,0.0,0.0,0.0
yellow_trip_hourly,quantity,p90_p95,11,386,0.3333333333333333,0.08333333333333333,0.14433756729740646,0.3333333333333333,0.5773502691896258,0.0,0.0,0.12124954040495224,0.21001036437575274
yellow_trip_hourly,quantity,p90_p95,12,386,0.0,0.0,0.0,0.0,0.0,0.0,0.0,0.0,0.0
yellow_trip_hourly,quantity,p90_p95,13,386,0.3333333333333333,0.08333333333333333,0.14433756729740646,0.3333333333333333,0.5773502691896258,0.3333333333333333,0.5773502691896258,0.20369859829879589,0.3528163216840777
yellow_trip_hourly,quantity,p90_p95,14,386,0.0,0.0,0.0,0.0,0.0,0.0,0.0,0.0,0.0
yellow_trip_hourly,quantity,p90_p95,15,386,0.0,0.0,0.0,0.0,0.0,0.0,0.0,0.0,0.0
yellow_trip_hourly,quantity,p90_p95,16,386,0.0,0.0,0.0,0.0,0.0,0.0,0.0,0.0,0.0
yellow_trip_hourly,quantity,p90_p95,17,386,0.3333333333333333,0.08333333333333333,0.14433756729740646,0.3333333333333333,0.5773502691896258,0.0,0.0,0.1984704295897113,0.3437608678494015
yellow_trip_hourly,quantity,p90_p95,18,386,0.0,0.0,0.0,0.0,0.0,0.0,0.0,0.0,0.0
yellow_trip_hourly,quantity,p90_p95,19,386,0.0,0.0,0.0,0.0,0.0,0.0,0.0,0.0,0.0
yellow_trip_hourly,quantity,p90_p95,20,386,0.0,0.0,0.0,0.0,0.0,0.0,0.0,0.0,0.0
yellow_trip_hourly,quantity,p90_p95,21,386,0.0,0.0,0.0,0.0,0.0,0.0,0.0,0.0,0.0
yellow_trip_hourly,quantity,p90_p95,22,386,0.0,0.0,0.0,0.0,0.0,0.0,0.0,0.0,0.0
yellow_trip_hourly,quantity,p90_p95,23,386,0.0,0.0,0.0,0.0,0.0,0.0,0.0,0.0,0.0
yellow_trip_hourly,quantity,p90_p95,24,386,0.0,0.0,0.0,0.0,0.0,0.0,0.0,0.0,0.0
yellow_trip_hourly,quantity,p90_p95,25,386,0.0,0.0,0.0,0.0,0.0,0.0,0.0,0.0,0.0
yellow_trip_hourly,quantity,p90_p95,26,386,0.0,0.0,0.0,0.0,0.0,0.0,0.0,0.0,0.0
yellow_trip_hourly,quantity,p90_p95,27,386,0.3333333333333333,0.08333333333333333,0.14433756729740646,0.3333333333333333,0.5773502691896258,0.3333333333333333,0.5773502691896258,0.23688084515059346,0.41028965914068355
yellow_trip_hourly,quantity,p90_p95,28,386,0.0,0.0,0.0,0.0,0.0,0.0,0.0,0.0,0.0
yellow_trip_hourly,quantity,p90_p95,29,386,0.0,0.0,0.0,0.0,0.0,0.0,0.0,0.0,0.0
yellow_trip_hourly,quantity,p90_p95,30,386,0.0,0.0,0.0,0.0,0.0,0.0,0.0,0.0,0.0
yellow_trip_hourly,quantity,p90_p95,31,386,0.3333333333333333,0.08333333333333333,0.14433756729740646,0.3333333333333333,0.5773502691896258,0.3333333333333333,0.5773502691896258,0.12544132182326342,0.21727074276649083
yellow_trip_hourly,quantity,p90_p95,32,386,0.0,0.0,0.0,0.0,0.0,0.0,0.0,0.0,0.0
yellow_trip_hourly,quantity,p90_p95,33,386,0.0,0.0,0.0,0.0,0.0,0.0,0.0,0.0,0.0
yellow_trip_hourly,quantity,p90_p95,34,386,0.0,0.0,0.0,0.0,0.0,0.0,0.0,0.0,0.0
yellow_trip_hourly,quantity,p90_p95,35,386,0.0,0.0,0.0,0.0,0.0,0.0,0.0,0.0,0.0
yellow_trip_hourly,quantity,p90_p95,36,386,0.0,0.0,0.0,0.0,0.0,0.0,0.0,0.0,0.0
yellow_trip_hourly,quantity,p90_p95,37,386,0.0,0.0,0.0,0.0,0.0,0.0,0.0,0.0,0.0
yellow_trip_hourly,quantity,p90_p95,38,386,0.0,0.0,0.0,0.0,0.0,0.0,0.0,0.0,0.0
yellow_trip_hourly,quantity,p90_p95,39,386,0.0,0.0,0.0,0.0,0.0,0.0,0.0,0.0,0.0
yellow_trip_hourly,quantity,p90_p95,40,386,0.0,0.0,0.0,0.0,0.0,0.0,0.0,0.0,0.0
yellow_trip_hourly,quantity,p90_p95,41,386,0.0,0.0,0.0,0.0,0.0,0.0,0.0,0.0,0.0
yellow_trip_hourly,quantity,p90_p95,42,386,0.0,0.0,0.0,0.0,0.0,0.0,0.0,0.0,0.0
yellow_trip_hourly,quantity,p90_p95,43,386,0.0,0.0,0.0,0.0,0.0,0.0,0.0,0.0,0.0
yellow_trip_hourly,quantity,p90_p95,44,386,0.0,0.0,0.0,0.0,0.0,0.0,0.0,0.0,0.0
yellow_trip_hourly,quantity,p90_p95,45,386,0.0,0.0,0.0,0.0,0.0,0.0,0.0,0.0,0.0
yellow_trip_hourly,quantity,p90_p95,46,386,0.0,0.0,0.0,0.0,0.0,0.0,0.0,0.0,0.0
yellow_trip_hourly,quantity,p90_p95,47,386,0.0,0.0,0.0,0.0,0.0,0.0,0.0,0.0,0.0
yellow_trip_hourly,quantity,p90_p95,48,386,0.0,0.0,0.0,0.0,0.0,0.0,0.0,0.0,0.0
yellow_trip_hourly,quantity,p90_p95,49,386,0.0,0.0,0.0,0.0,0.0,0.0,0.0,0.0,0.0
yellow_trip_hourly,quantity,p90_p95,50,386,0.0,0.0,0.0,0.0,0.0,0.0,0.0,0.0,0.0
yellow_trip_hourly,quantity,p90_p95,51,386,0.0,0.0,0.0,0.0,0.0,0.0,0.0,0.0,0.0
yellow_trip_hourly,quantity,p90_p95,52,386,0.0,0.0,0.0,0.0,0.0,0.0,0.0,0.0,0.0
yellow_trip_hourly,quantity,p90_p95,53,386,0.0,0.0,0.0,0.0,0.0,0.0,0.0,0.0,0.0
yellow_trip_hourly,quantity,p90_p95,54,386,0.3333333333333333,0.08333333333333333,0.14433756729740646,0.3333333333333333,0.5773502691896258,0.0,0.0,0.20218953207160936,0.3502025423066044
yellow_trip_hourly,quantity,p90_p95,55,386,0.3333333333333333,0.08333333333333333,0.14433756729740646,0.3333333333333333,0.5773502691896258,0.0,0.0,0.19046345368568143,0.329892378768642
yellow_trip_hourly,quantity,p90_p95,56,386,0.0,0.0,0.0,0.0,0.0,0.0,0.0,0.0,0.0
yellow_trip_hourly,quantity,p90_p95,57,386,0.0,0.0,0.0,0.0,0.0,0.0,0.0,0.0,0.0
yellow_trip_hourly,quantity,p90_p95,58,386,0.0,0.0,0.0,0.0,0.0,0.0,0.0,0.0,0.0
yellow_trip_hourly,quantity,p90_p95,59,386,0.3333333333333333,0.08333333333333333,0.14433756729740646,0.3333333333333333,0.5773502691896258,0.0,0.0,0.1802376430217878,0.31218075515019855
yellow_trip_hourly,quantity,p90_p95,60,386,0.0,0.0,0.0,0.0,0.0,0.0,0.0,0.0,0.0
yellow_trip_hourly,quantity,p90_p95,61,386,0.6666666666666666,0.16666666666666666,0.14433756729740646,0.6666666666666666,0.5773502691896258,0.0,0.0,0.28734042455598274,0.2581023078309743
yellow_trip_hourly,quantity,p90_p95,62,386,0.0,0.0,0.0,0.0,0.0,0.0,0.0,0.0,0.0
yellow_trip_hourly,quantity,p90_p95,63,386,0.6666666666666666,0.08570811744386875,0.14232552864617942,0.342832469775475,0.5693021145847177,0.0,0.0,0.27361361517002525,0.2667667807047698
yellow_trip_hourly,quantity,p95_p99,0,301,0.0,0.0,0.0,0.0,0.0,0.0,0.0,0.0,0.0
yellow_trip_hourly,quantity,p95_p99,1,301,0.0,0.0,0.0,0.0,0.0,0.0,0.0,0.0,0.0
yellow_trip_hourly,quantity,p95_p99,2,301,0.0,0.0,0.0,0.0,0.0,0.0,0.0,0.0,0.0
yellow_trip_hourly,quantity,p95_p99,3,301,0.0,0.0,0.0,0.0,0.0,0.0,0.0,0.0,0.0
yellow_trip_hourly,quantity,p95_p99,4,301,0.0,0.0,0.0,0.0,0.0,0.0,0.0,0.0,0.0
yellow_trip_hourly,quantity,p95_p99,5,301,0.0,0.0,0.0,0.0,0.0,0.0,0.0,0.0,0.0
yellow_trip_hourly,quantity,p95_p99,6,301,0.0,0.0,0.0,0.0,0.0,0.0,0.0,0.0,0.0
yellow_trip_hourly,quantity,p95_p99,7,301,0.0,0.0,0.0,0.0,0.0,0.0,0.0,0.0,0.0
yellow_trip_hourly,quantity,p95_p99,8,301,0.3333333333333333,0.08333333333333333,0.14433756729740646,0.3333333333333333,0.5773502691896258,0.0,0.0,0.11500080433134753,0.19918723601318095
yellow_trip_hourly,quantity,p95_p99,9,301,0.0,0.0,0.0,0.0,0.0,0.0,0.0,0.0,0.0
yellow_trip_hourly,quantity,p95_p99,10,301,0.0,0.0,0.0,0.0,0.0,0.0,0.0,0.0,0.0
yellow_trip_hourly,quantity,p95_p99,11,301,0.3333333333333333,0.08333333333333333,0.14433756729740646,0.3333333333333333,0.5773502691896258,0.0,0.0,0.12653851274768116,0.2191711331931858
yellow_trip_hourly,quantity,p95_p99,12,301,0.0,0.0,0.0,0.0,0.0,0.0,0.0,0.0,0.0
yellow_trip_hourly,quantity,p95_p99,13,301,0.3333333333333333,0.08333333333333333,0.14433756729740646,0.3333333333333333,0.5773502691896258,0.3333333333333333,0.5773502691896258,0.212402998014938,0.367892784241824
yellow_trip_hourly,quantity,p95_p99,14,301,0.0,0.0,0.0,0.0,0.0,0.0,0.0,0.0,0.0
yellow_trip_hourly,quantity,p95_p99,15,301,0.0,0.0,0.0,0.0,0.0,0.0,0.0,0.0,0.0
yellow_trip_hourly,quantity,p95_p99,16,301,0.0,0.0,0.0,0.0,0.0,0.0,0.0,0.0,0.0
yellow_trip_hourly,quantity,p95_p99,17,301,0.3333333333333333,0.08333333333333333,0.14433756729740646,0.3333333333333333,0.5773502691896258,0.0,0.0,0.2034627038115019,0.35240774044685913
yellow_trip_hourly,quantity,p95_p99,18,301,0.0,0.0,0.0,0.0,0.0,0.0,0.0,0.0,0.0
yellow_trip_hourly,quantity,p95_p99,19,301,0.0,0.0,0.0,0.0,0.0,0.0,0.0,0.0,0.0
yellow_trip_hourly,quantity,p95_p99,20,301,0.0,0.0,0.0,0.0,0.0,0.0,0.0,0.0,0.0
yellow_trip_hourly,quantity,p95_p99,21,301,0.0,0.0,0.0,0.0,0.0,0.0,0.0,0.0,0.0
yellow_trip_hourly,quantity,p95_p99,22,301,0.0,0.0,0.0,0.0,0.0,0.0,0.0,0.0,0.0
yellow_trip_hourly,quantity,p95_p99,23,301,0.0,0.0,0.0,0.0,0.0,0.0,0.0,0.0,0.0
yellow_trip_hourly,quantity,p95_p99,24,301,0.0,0.0,0.0,0.0,0.0,0.0,0.0,0.0,0.0
yellow_trip_hourly,quantity,p95_p99,25,301,0.0,0.0,0.0,0.0,0.0,0.0,0.0,0.0,0.0
yellow_trip_hourly,quantity,p95_p99,26,301,0.0,0.0,0.0,0.0,0.0,0.0,0.0,0.0,0.0
yellow_trip_hourly,quantity,p95_p99,27,301,0.3333333333333333,0.08333333333333333,0.14433756729740646,0.3333333333333333,0.5773502691896258,0.3333333333333333,0.5773502691896258,0.24305474388506987,0.4209831654295819
yellow_trip_hourly,quantity,p95_p99,28,301,0.0,0.0,0.0,0.0,0.0,0.0,0.0,0.0,0.0
yellow_trip_hourly,quantity,p95_p99,29,301,0.0,0.0,0.0,0.0,0.0,0.0,0.0,0.0,0.0
yellow_trip_hourly,quantity,p95_p99,30,301,0.0,0.0,0.0,0.0,0.0,0.0,0.0,0.0,0.0
yellow_trip_hourly,quantity,p95_p99,31,301,0.3333333333333333,0.08333333333333333,0.14433756729740646,0.3333333333333333,0.5773502691896258,0.3333333333333333,0.5773502691896258,0.13157561569910906,0.22789565142801407
yellow_trip_hourly,quantity,p95_p99,32,301,0.0,0.0,0.0,0.0,0.0,0.0,0.0,0.0,0.0
yellow_trip_hourly,quantity,p95_p99,33,301,0.0,0.0,0.0,0.0,0.0,0.0,0.0,0.0,0.0
yellow_trip_hourly,quantity,p95_p99,34,301,0.0,0.0,0.0,0.0,0.0,0.0,0.0,0.0,0.0
yellow_trip_hourly,quantity,p95_p99,35,301,0.0,0.0,0.0,0.0,0.0,0.0,0.0,0.0,0.0
yellow_trip_hourly,quantity,p95_p99,36,301,0.0,0.0,0.0,0.0,0.0,0.0,0.0,0.0,0.0
yellow_trip_hourly,quantity,p95_p99,37,301,0.0,0.0,0.0,0.0,0.0,0.0,0.0,0.0,0.0
yellow_trip_hourly,quantity,p95_p99,38,301,0.0,0.0,0.0,0.0,0.0,0.0,0.0,0.0,0.0
yellow_trip_hourly,quantity,p95_p99,39,301,0.0,0.0,0.0,0.0,0.0,0.0,0.0,0.0,0.0
yellow_trip_hourly,quantity,p95_p99,40,301,0.0,0.0,0.0,0.0,0.0,0.0,0.0,0.0,0.0
yellow_trip_hourly,quantity,p95_p99,41,301,0.0,0.0,0.0,0.0,0.0,0.0,0.0,0.0,0.0
yellow_trip_hourly,quantity,p95_p99,42,301,0.0,0.0,0.0,0.0,0.0,0.0,0.0,0.0,0.0
yellow_trip_hourly,quantity,p95_p99,43,301,0.0,0.0,0.0,0.0,0.0,0.0,0.0,0.0,0.0
yellow_trip_hourly,quantity,p95_p99,44,301,0.0,0.0,0.0,0.0,0.0,0.0,0.0,0.0,0.0
yellow_trip_hourly,quantity,p95_p99,45,301,0.0,0.0,0.0,0.0,0.0,0.0,0.0,0.0,0.0
yellow_trip_hourly,quantity,p95_p99,46,301,0.0,0.0,0.0,0.0,0.0,0.0,0.0,0.0,0.0
yellow_trip_hourly,quantity,p95_p99,47,301,0.0,0.0,0.0,0.0,0.0,0.0,0.0,0.0,0.0
yellow_trip_hourly,quantity,p95_p99,48,301,0.0,0.0,0.0,0.0,0.0,0.0,0.0,0.0,0.0
yellow_trip_hourly,quantity,p95_p99,49,301,0.0,0.0,0.0,0.0,0.0,0.0,0.0,0.0,0.0
yellow_trip_hourly,quantity,p95_p99,50,301,0.0,0.0,0.0,0.0,0.0,0.0,0.0,0.0,0.0
yellow_trip_hourly,quantity,p95_p99,51,301,0.0,0.0,0.0,0.0,0.0,0.0,0.0,0.0,0.0
yellow_trip_hourly,quantity,p95_p99,52,301,0.0,0.0,0.0,0.0,0.0,0.0,0.0,0.0,0.0
yellow_trip_hourly,quantity,p95_p99,53,301,0.0,0.0,0.0,0.0,0.0,0.0,0.0,0.0,0.0
yellow_trip_hourly,quantity,p95_p99,54,301,0.3333333333333333,0.08333333333333333,0.14433756729740646,0.3333333333333333,0.5773502691896258,0.0,0.0,0.2071883075129022,0.3588606753465512
yellow_trip_hourly,quantity,p95_p99,55,301,0.3333333333333333,0.08333333333333333,0.14433756729740646,0.3333333333333333,0.5773502691896258,0.0,0.0,0.19862146221786112,0.34402246403495756
yellow_trip_hourly,quantity,p95_p99,56,301,0.0,0.0,0.0,0.0,0.0,0.0,0.0,0.0,0.0
yellow_trip_hourly,quantity,p95_p99,57,301,0.0,0.0,0.0,0.0,0.0,0.0,0.0,0.0,0.0
yellow_trip_hourly,quantity,p95_p99,58,301,0.0,0.0,0.0,0.0,0.0,0.0,0.0,0.0,0.0
yellow_trip_hourly,quantity,p95_p99,59,301,0.3333333333333333,0.08333333333333333,0.14433756729740646,0.3333333333333333,0.5773502691896258,0.0,0.0,0.18814303695429468,0.32587329909514723
yellow_trip_hourly,quantity,p95_p99,60,301,0.0,0.0,0.0,0.0,0.0,0.0,0.0,0.0,0.0
yellow_trip_hourly,quantity,p95_p99,61,301,0.6666666666666666,0.16666666666666666,0.14433756729740646,0.6666666666666666,0.5773502691896258,0.0,0.0,0.30210655924357716,0.2701554169687502
yellow_trip_hourly,quantity,p95_p99,62,301,0.0,0.0,0.0,0.0,0.0,0.0,0.0,0.0,0.0
yellow_trip_hourly,quantity,p95_p99,63,301,0.3333333333333333,0.08333333333333333,0.14433756729740646,0.3333333333333333,0.5773502691896258,0.0,0.0,0.18069956898029196,0.3129808343796628
yellow_trip_hourly,quantity_region,body_le_p95,0,7888,0.3333333333333333,0.019364858012170385,0.03354091795843636,0.07745943204868154,0.13416367183374545,0.0010987153482082488,0.0019030308061524176,0.209008793128276,0.3620138489268268
yellow_trip_hourly,quantity_region,body_le_p95,1,7888,0.0,0.0,0.0,0.0,0.0,0.0,0.0,0.0,0.0
yellow_trip_hourly,quantity_region,body_le_p95,2,7888,0.3333333333333333,0.000010564570655848546,0.00001829837313608094,0.000042258282623394185,0.00007319349254432376,0.0,0.0,0.02223335454861323,0.03850929970089072
yellow_trip_hourly,quantity_region,body_le_p95,3,7888,1.0,0.03755704868154158,0.031437718054855235,0.15022819472616633,0.12575087221942094,0.026242393509127788,0.013712796433052699,0.30442480357049523,0.3230164373816829
yellow_trip_hourly,quantity_region,body_le_p95,4,7888,0.0,0.0,0.0,0.0,0.0,0.0,0.0,0.0,0.0
yellow_trip_hourly,quantity_region,body_le_p95,5,7888,0.0,0.0,0.0,0.0,0.0,0.0,0.0,0.0,0.0
yellow_trip_hourly,quantity_region,body_le_p95,6,7888,0.3333333333333333,0.018709854631507775,0.03240641882399934,0.0748394185260311,0.12962567529599736,0.05299188640973631,0.09178463965058198,0.24473696659199382,0.42389686062762016
yellow_trip_hourly,quantity_region,body_le_p95,7,7888,0.0,0.0,0.0,0.0,0.0,0.0,0.0,0.0,0.0
yellow_trip_hourly,quantity_region,body_le_p95,8,7888,0.6666666666666666,0.006254225828262339,0.010668375248681151,0.025016903313049357,0.042673500994724604,0.0,0.0,0.13546046120484398,0.1616949090717611
yellow_trip_hourly,quantity_region,body_le_p95,9,7888,0.6666666666666666,0.0031693711967545634,0.005163643979314478,0.012677484787018254,0.020654575917257913,0.0008874239350912779,0.0015370633434307987,0.06567837705370039,0.057420568630359284
yellow_trip_hourly,quantity_region,body_le_p95,10,7888,0.3333333333333333,0.03870858688302908,0.06704523917060055,0.1548343475321163,0.2681809566824022,0.06643002028397565,0.11506017027967694,0.22809115821411605,0.3950654747840802
yellow_trip_hourly,quantity_region,body_le_p95,11,7888,0.6666666666666666,0.024013269100743747,0.04148246032921526,0.09605307640297499,0.16592984131686103,0.03329952670723462,0.05767647212492712,0.1444106188702486,0.13194647794776085
yellow_trip_hourly,quantity_region,body_le_p95,12,7888,0.3333333333333333,0.00770157200811359,0.013339514016203004,0.03080628803245436,0.05335805606481202,0.0005070993914807302,0.000878321910531885,0.06426598858999563,0.11131195743651419
yellow_trip_hourly,quantity_region,body_le_p95,13,7888,0.3333333333333333,0.02558739012846518,0.04431865973558803,0.10234956051386072,0.17727463894235213,0.09271467207572685,0.16058652264224632,0.12911186103231972,0.22362830316775006
yellow_trip_hourly,quantity_region,body_le_p95,14,7888,0.3333333333333333,0.009497549019607842,0.016450237449336765,0.03799019607843137,0.06580094979734706,0.02793272481406356,0.048380898571798,0.022565234270330806,0.039084132240907385
yellow_trip_hourly,quantity_region,body_le_p95,15,7888,0.0,0.0,0.0,0.0,0.0,0.0,0.0,0.0,0.0
yellow_trip_hourly,quantity_region,body_le_p95,16,7888,0.3333333333333333,0.005641480730223123,0.00977133125466722,0.022565922920892493,0.03908532501866888,0.00012677484787018255,0.00021958047763297124,0.09738084938512015,0.16866857881924058
yellow_trip_hourly,quantity_region,body_le_p95,17,7888,0.6666666666666666,0.05167131507775524,0.04569884152669091,0.20668526031102097,0.18279536610676364,0.028524340770791076,0.04690309590938782,0.29220452284494525,0.25397951398966195
yellow_trip_hourly,quantity_region,body_le_p95,18,7888,1.0,0.015265804597701148,0.02291581036133918,0.06106321839080459,0.09166324144535672,0.013269100743745774,0.02144569331548686,0.15670565228673594,0.12016986682726313
yellow_trip_hourly,quantity_region,body_le_p95,19,7888,0.3333333333333333,0.0008557302231237323,0.001482168224022556,0.0034229208924949294,0.005928672896090224,0.0,0.0,0.030789402991901207,0.05332881031668609
yellow_trip_hourly,quantity_region,body_le_p95,20,7888,0.6666666666666666,0.0015529918864097363,0.001360616628655279,0.006211967545638945,0.005442466514621116,0.0012677484787018255,0.0021958047763297123,0.106760684951062,0.11591066116468977
yellow_trip_hourly,quantity_region,body_le_p95,21,7888,0.6666666666666666,0.0005916159567275186,0.0005278057807977009,0.0023664638269100743,0.0021112231231908037,0.000042258282623394185,0.00007319349254432376,0.047056648168816335,0.05539299230984249
yellow_trip_hourly,quantity_region,body_le_p95,22,7888,0.6666666666666666,0.038370520622041916,0.06424926224318125,0.15348208248816766,0.256997048972725,0.0033806626098715348,0.0058554794035459,0.30802687103874915,0.3245660595646148
yellow_trip_hourly,quantity_region,body_le_p95,23,7888,0.0,0.0,0.0,0.0,0.0,0.0,0.0,0.0,0.0
yellow_trip_hourly,quantity_region,body_le_p95,24,7888,0.6666666666666666,0.00009508113590263692,0.0001381496876122171,0.00038032454361054766,0.0005525987504488684,0.0,0.0,0.07567683048546314,0.06594695547373078
yellow_trip_hourly,quantity_region,body_le_p95,25,7888,0.3333333333333333,0.0001584685598377282,0.00027447559704121404,0.0006338742393509128,0.0010979023881648562,0.00008451656524678837,0.0001463869850886475,0.02733141535686122,0.04733940004085189
yellow_trip_hourly,quantity_region,body_le_p95,26,7888,0.6666666666666666,0.013543779580797834,0.020099544766106103,0.054175118323191336,0.08039817906442441,0.04031440162271805,0.0685133315928505,0.28742161847599035,0.418408934439088
yellow_trip_hourly,quantity_region,body_le_p95,27,7888,0.3333333333333333,0.029253296146044622,0.05066819521380812,0.11701318458417849,0.2026727808552325,0.1031524678837052,0.1786653153006943,0.16234475906085807,0.281189371035934
yellow_trip_hourly,quantity_region,body_le_p95,28,7888,0.6666666666666666,0.009972954699121028,0.01708189150363655,0.03989181879648411,0.0683275660145462,0.0109026369168357,0.01888392107643553,0.0678277554765473,0.05896629975192687
yellow_trip_hourly,quantity_region,body_le_p95,29,7888,0.6666666666666666,0.0010987153482082488,0.0009933505745365538,0.004394861392832995,0.003973402298146215,0.000042258282623394185,0.00007319349254432376,0.05193099816628057,0.04821428591237598
yellow_trip_hourly,quantity_region,body_le_p95,30,7888,0.3333333333333333,0.01735758958755916,0.03006422706258098,0.06943035835023664,0.12025690825032392,0.00595841784989858,0.01032028244874965,0.2312518472989787,0.40053994886599076
yellow_trip_hourly,quantity_region,body_le_p95,31,7888,0.6666666666666666,0.02268213319810683,0.03923172480578889,0.09072853279242732,0.15692689922315556,0.05214672075726842,0.09032076979969551,0.09956214505666759,0.14724785778563249
yellow_trip_hourly,quantity_region,body_le_p95,32,7888,0.3333333333333333,0.005778820148749155,0.010009210105436272,0.02311528059499662,0.04003684042174509,0.0010564570655848546,0.0018298373136080939,0.043811083716237646,0.0758830229311771
yellow_trip_hourly,quantity_region,body_le_p95,33,7888,0.3333333333333333,0.0008874239350912779,0.0015370633434307987,0.0035496957403651115,0.006148253373723195,0.0006338742393509128,0.0010979023881648562,0.05778909956533757,0.1000936565708212
yellow_trip_hourly,quantity_region,body_le_p95,34,7888,0.0,0.0,0.0,0.0,0.0,0.0,0.0,0.0,0.0
yellow_trip_hourly,quantity_region,body_le_p95,35,7888,0.6666666666666666,0.016892748478701824,0.020687255671682492,0.0675709939148073,0.08274902268672997,0.01901622718052738,0.032498899775878734,0.04962177086555048,0.06711555015467204
yellow_trip_hourly,quantity_region,body_le_p95,36,7888,0.3333333333333333,0.000010564570655848546,0.00001829837313608094,0.000042258282623394185,0.00007319349254432376,0.0,0.0,0.005247717723250389,0.009089313720449346
yellow_trip_hourly,quantity_region,body_le_p95,37,7888,0.3333333333333333,0.023717461122379987,0.0410798476905017,0.09486984448951995,0.1643193907620068,0.07243069641649763,0.1254536462209709,0.14011663357328288,0.2426891283344371
yellow_trip_hourly,quantity_region,body_le_p95,38,7888,0.6666666666666666,0.039310767410412444,0.06587750044752794,0.15724306964164977,0.26351000179011175,0.0028735632183908046,0.004977157493014015,0.20473547221496802,0.338423630590809
yellow_trip_hourly,quantity_region,body_le_p95,39,7888,0.3333333333333333,0.024552062204192024,0.0425254191682521,0.0982082488167681,0.1701016766730084,0.00021129141311697092,0.00036596746272161875,0.22091670960564072,0.3826389652779092
yellow_trip_hourly,quantity_region,body_le_p95,40,7888,1.0,0.0022925118323191347,0.001905404595242086,0.009170047329276539,0.007621618380968344,0.0003380662609871535,0.0005855479403545899,0.23666994999531402,0.11287884933313772
yellow_trip_hourly,quantity_region,body_le_p95,41,7888,0.3333333333333333,0.044107082488167686,0.07639570784313791,0.17642832995267074,0.30558283137255166,0.028820148749154836,0.0499179619152288,0.21106382256020564,0.36557326431397846
yellow_trip_hourly,quantity_region,body_le_p95,42,7888,0.6666666666666666,0.0018487998647734956,0.003120234809876671,0.007395199459093982,0.012480939239506684,0.0,0.0,0.23479184323021762,0.3188005517508432
yellow_trip_hourly,quantity_region,body_le_p95,43,7888,0.0,0.0,0.0,0.0,0.0,0.0,0.0,0.0,0.0
yellow_trip_hourly,quantity_region,body_le_p95,44,7888,0.3333333333333333,0.024235125084516567,0.04197646797416967,0.09694050033806627,0.1679058718966787,0.0031693711967545643,0.005489511940824282,0.1808530040555172,0.31324659172561603
yellow_trip_hourly,quantity_region,body_le_p95,45,7888,0.6666666666666666,0.0020706558485463155,0.0018551879399275667,0.008282623394185262,0.007420751759710267,0.0,0.0,0.032276591496017894,0.04272797389122826
yellow_trip_hourly,quantity_region,body_le_p95,46,7888,1.0,0.03155637254901961,0.04119015005297038,0.12622549019607843,0.16476060021188152,0.015086206896551725,0.02613007683832358,0.44067280323557645,0.25981931960566357
yellow_trip_hourly,quantity_region,body_le_p95,47,7888,0.3333333333333333,0.012180949966193374,0.021098024225901322,0.048723799864773494,0.08439209690360529,0.005113252197430696,0.008856412597863175,0.1438991721955363,0.2492406774097716
yellow_trip_hourly,quantity_region,body_le_p95,48,7888,0.6666666666666666,0.022988505747126436,0.028196385857132005,0.09195402298850575,0.11278554342852802,0.0603025693035835,0.09452646981957724,0.2962027724348937,0.42131951688367486
yellow_trip_hourly,quantity_region,body_le_p95,49,7888,0.0,0.0,0.0,0.0,0.0,0.0,0.0,0.0,0.0
yellow_trip_hourly,quantity_region,body_le_p95,50,7888,0.0,0.0,0.0,0.0,0.0,0.0,0.0,0.0,0.0
yellow_trip_hourly,quantity_region,body_le_p95,51,7888,1.0,0.05770368492224476,0.05016076726588467,0.23081473968897903,0.20064306906353868,0.03541244083840433,0.03469657205644968,0.4621305170332171,0.07032043122111364
yellow_trip_hourly,quantity_region,body_le_p95,52,7888,0.6666666666666666,0.021467207572684246,0.02314531554725269,0.08586883029073698,0.09258126218901076,0.05273833671399594,0.0772050496729312,0.13541762302739638,0.20523716081766824
yellow_trip_hourly,quantity_region,body_le_p95,53,7888,0.3333333333333333,0.03755704868154158,0.06505071649876773,0.15022819472616633,0.2602028659950709,0.056118999323867484,0.09720095809886195,0.20351630130174067,0.35250057402311086
yellow_trip_hourly,quantity_region,body_le_p95,54,7888,0.3333333333333333,0.028281355645706555,0.048984744885288665,0.11312542258282622,0.19593897954115466,0.0,0.0,0.1427876365055273,0.24731544112024992
yellow_trip_hourly,quantity_region,body_le_p95,55,7888,1.0,0.03474687288708587,0.03561947891199838,0.13898749154834347,0.14247791564799353,0.0028735632183908046,0.004977157493014015,0.21446697960953245,0.13724536723006422
yellow_trip_hourly,quantity_region,body_le_p95,56,7888,0.0,0.0,0.0,0.0,0.0,0.0,0.0,0.0,0.0
yellow_trip_hourly,quantity_region,body_le_p95,57,7888,0.3333333333333333,0.0047223630831643,0.00817937279182818,0.0188894523326572,0.03271749116731272,0.0,0.0,0.009829010362309765,0.01702434533564149
yellow_trip_hourly,quantity_region,body_le_p95,58,7888,0.3333333333333333,0.003961713995943205,0.006861889926030353,0.01584685598377282,0.02744755970412141,0.00021129141311697092,0.00036596746272161875,0.013764535621636443,0.023840875039265977
yellow_trip_hourly,quantity_region,body_le_p95,59,7888,0.6666666666666666,0.024879563894523327,0.04303778528594161,0.09951825557809331,0.17215114114376645,0.0,0.0,0.15409888493100152,0.17872827266834382
yellow_trip_hourly,quantity_region,body_le_p95,60,7888,0.3333333333333333,0.0003697599729546991,0.0006404430597628329,0.0014790398918187965,0.0025617722390513316,0.0,0.0,0.03501085078432446,0.060640572374662645
yellow_trip_hourly,quantity_region,body_le_p95,61,7888,0.6666666666666666,0.03917342799188641,0.035682855124593474,0.15669371196754564,0.1427314204983739,0.0002958079783637593,0.0005123544478102663,0.21141334100727724,0.18480926262317104
yellow_trip_hourly,quantity_region,body_le_p95,62,7888,0.6666666666666666,0.051460023664638276,0.07421660663116668,0.2058400946585531,0.2968664265246667,0.0676555104800541,0.108411423009964,0.23267739547648594,0.31670341825883624
yellow_trip_hourly,quantity_region,body_le_p95,63,7888,0.6666666666666666,0.04456135902636917,0.046615104666306854,0.1782454361054767,0.18646041866522742,0.014325557809330628,0.024812593972525752,0.19353686526417527,0.1878493003492225
yellow_trip_hourly,quantity_region,extreme_tail_gt_p99,0,79,0.0,0.0,0.0,0.0,0.0,0.0,0.0,0.0,0.0
yellow_trip_hourly,quantity_region,extreme_tail_gt_p99,1,79,0.0,0.0,0.0,0.0,0.0,0.0,0.0,0.0,0.0
yellow_trip_hourly,quantity_region,extreme_tail_gt_p99,2,79,0.0,0.0,0.0,0.0,0.0,0.0,0.0,0.0,0.0
yellow_trip_hourly,quantity_region,extreme_tail_gt_p99,3,79,0.0,0.0,0.0,0.0,0.0,0.0,0.0,0.0,0.0
yellow_trip_hourly,quantity_region,extreme_tail_gt_p99,4,79,0.0,0.0,0.0,0.0,0.0,0.0,0.0,0.0,0.0
yellow_trip_hourly,quantity_region,extreme_tail_gt_p99,5,79,0.0,0.0,0.0,0.0,0.0,0.0,0.0,0.0,0.0
yellow_trip_hourly,quantity_region,extreme_tail_gt_p99,6,79,0.0,0.0,0.0,0.0,0.0,0.0,0.0,0.0,0.0
yellow_trip_hourly,quantity_region,extreme_tail_gt_p99,7,79,0.0,0.0,0.0,0.0,0.0,0.0,0.0,0.0,0.0
yellow_trip_hourly,quantity_region,extreme_tail_gt_p99,8,79,0.3333333333333333,0.08333333333333333,0.14433756729740646,0.3333333333333333,0.5773502691896258,0.0,0.0,0.11965733577933492,0.20725258506813737
yellow_trip_hourly,quantity_region,extreme_tail_gt_p99,9,79,0.0,0.0,0.0,0.0,0.0,0.0,0.0,0.0,0.0
yellow_trip_hourly,quantity_region,extreme_tail_gt_p99,10,79,0.0,0.0,0.0,0.0,0.0,0.0,0.0,0.0,0.0
yellow_trip_hourly,quantity_region,extreme_tail_gt_p99,11,79,0.3333333333333333,0.08333333333333333,0.14433756729740646,0.3333333333333333,0.5773502691896258,0.0,0.0,0.12941079501864275,0.22414607202017062
yellow_trip_hourly,quantity_region,extreme_tail_gt_p99,12,79,0.0,0.0,0.0,0.0,0.0,0.0,0.0,0.0,0.0
yellow_trip_hourly,quantity_region,extreme_tail_gt_p99,13,79,0.3333333333333333,0.08333333333333333,0.14433756729740646,0.3333333333333333,0.5773502691896258,0.3333333333333333,0.5773502691896258,0.21705459466966395,0.3759495859841268
yellow_trip_hourly,quantity_region,extreme_tail_gt_p99,14,79,0.0,0.0,0.0,0.0,0.0,0.0,0.0,0.0,0.0
yellow_trip_hourly,quantity_region,extreme_tail_gt_p99,15,79,0.0,0.0,0.0,0.0,0.0,0.0,0.0,0.0,0.0
yellow_trip_hourly,quantity_region,extreme_tail_gt_p99,16,79,0.0,0.0,0.0,0.0,0.0,0.0,0.0,0.0,0.0
yellow_trip_hourly,quantity_region,extreme_tail_gt_p99,17,79,0.3333333333333333,0.08333333333333333,0.14433756729740646,0.3333333333333333,0.5773502691896258,0.0,0.0,0.20615125985085211,0.35706445610600984
yellow_trip_hourly,quantity_region,extreme_tail_gt_p99,18,79,0.0,0.0,0.0,0.0,0.0,0.0,0.0,0.0,0.0
yellow_trip_hourly,quantity_region,extreme_tail_gt_p99,19,79,0.0,0.0,0.0,0.0,0.0,0.0,0.0,0.0,0.0
yellow_trip_hourly,quantity_region,extreme_tail_gt_p99,20,79,0.0,0.0,0.0,0.0,0.0,0.0,0.0,0.0,0.0
yellow_trip_hourly,quantity_region,extreme_tail_gt_p99,21,79,0.0,0.0,0.0,0.0,0.0,0.0,0.0,0.0,0.0
yellow_trip_hourly,quantity_region,extreme_tail_gt_p99,22,79,0.0,0.0,0.0,0.0,0.0,0.0,0.0,0.0,0.0
yellow_trip_hourly,quantity_region,extreme_tail_gt_p99,23,79,0.0,0.0,0.0,0.0,0.0,0.0,0.0,0.0,0.0
yellow_trip_hourly,quantity_region,extreme_tail_gt_p99,24,79,0.0,0.0,0.0,0.0,0.0,0.0,0.0,0.0,0.0
yellow_trip_hourly,quantity_region,extreme_tail_gt_p99,25,79,0.0,0.0,0.0,0.0,0.0,0.0,0.0,0.0,0.0
yellow_trip_hourly,quantity_region,extreme_tail_gt_p99,26,79,0.0,0.0,0.0,0.0,0.0,0.0,0.0,0.0,0.0
yellow_trip_hourly,quantity_region,extreme_tail_gt_p99,27,79,0.3333333333333333,0.08333333333333333,0.14433756729740646,0.3333333333333333,0.5773502691896258,0.3333333333333333,0.5773502691896258,0.2463748256365458,0.4267337157084205
yellow_trip_hourly,quantity_region,extreme_tail_gt_p99,28,79,0.0,0.0,0.0,0.0,0.0,0.0,0.0,0.0,0.0
yellow_trip_hourly,quantity_region,extreme_tail_gt_p99,29,79,0.0,0.0,0.0,0.0,0.0,0.0,0.0,0.0,0.0
yellow_trip_hourly,quantity_region,extreme_tail_gt_p99,30,79,0.0,0.0,0.0,0.0,0.0,0.0,0.0,0.0,0.0
yellow_trip_hourly,quantity_region,extreme_tail_gt_p99,31,79,0.3333333333333333,0.08333333333333333,0.14433756729740646,0.3333333333333333,0.5773502691896258,0.3333333333333333,0.5773502691896258,0.13498260615244193,0.23379673199408876
yellow_trip_hourly,quantity_region,extreme_tail_gt_p99,32,79,0.0,0.0,0.0,0.0,0.0,0.0,0.0,0.0,0.0
yellow_trip_hourly,quantity_region,extreme_tail_gt_p99,33,79,0.0,0.0,0.0,0.0,0.0,0.0,0.0,0.0,0.0
yellow_trip_hourly,quantity_region,extreme_tail_gt_p99,34,79,0.0,0.0,0.0,0.0,0.0,0.0,0.0,0.0,0.0
yellow_trip_hourly,quantity_region,extreme_tail_gt_p99,35,79,0.0,0.0,0.0,0.0,0.0,0.0,0.0,0.0,0.0
yellow_trip_hourly,quantity_region,extreme_tail_gt_p99,36,79,0.0,0.0,0.0,0.0,0.0,0.0,0.0,0.0,0.0
yellow_trip_hourly,quantity_region,extreme_tail_gt_p99,37,79,0.0,0.0,0.0,0.0,0.0,0.0,0.0,0.0,0.0
yellow_trip_hourly,quantity_region,extreme_tail_gt_p99,38,79,0.0,0.0,0.0,0.0,0.0,0.0,0.0,0.0,0.0
yellow_trip_hourly,quantity_region,extreme_tail_gt_p99,39,79,0.0,0.0,0.0,0.0,0.0,0.0,0.0,0.0,0.0
yellow_trip_hourly,quantity_region,extreme_tail_gt_p99,40,79,0.0,0.0,0.0,0.0,0.0,0.0,0.0,0.0,0.0
yellow_trip_hourly,quantity_region,extreme_tail_gt_p99,41,79,0.0,0.0,0.0,0.0,0.0,0.0,0.0,0.0,0.0
yellow_trip_hourly,quantity_region,extreme_tail_gt_p99,42,79,0.0,0.0,0.0,0.0,0.0,0.0,0.0,0.0,0.0
yellow_trip_hourly,quantity_region,extreme_tail_gt_p99,43,79,0.0,0.0,0.0,0.0,0.0,0.0,0.0,0.0,0.0
yellow_trip_hourly,quantity_region,extreme_tail_gt_p99,44,79,0.0,0.0,0.0,0.0,0.0,0.0,0.0,0.0,0.0
yellow_trip_hourly,quantity_region,extreme_tail_gt_p99,45,79,0.0,0.0,0.0,0.0,0.0,0.0,0.0,0.0,0.0
yellow_trip_hourly,quantity_region,extreme_tail_gt_p99,46,79,0.0,0.0,0.0,0.0,0.0,0.0,0.0,0.0,0.0
yellow_trip_hourly,quantity_region,extreme_tail_gt_p99,47,79,0.0,0.0,0.0,0.0,0.0,0.0,0.0,0.0,0.0
yellow_trip_hourly,quantity_region,extreme_tail_gt_p99,48,79,0.0,0.0,0.0,0.0,0.0,0.0,0.0,0.0,0.0
yellow_trip_hourly,quantity_region,extreme_tail_gt_p99,49,79,0.0,0.0,0.0,0.0,0.0,0.0,0.0,0.0,0.0
yellow_trip_hourly,quantity_region,extreme_tail_gt_p99,50,79,0.0,0.0,0.0,0.0,0.0,0.0,0.0,0.0,0.0
yellow_trip_hourly,quantity_region,extreme_tail_gt_p99,51,79,0.0,0.0,0.0,0.0,0.0,0.0,0.0,0.0,0.0
yellow_trip_hourly,quantity_region,extreme_tail_gt_p99,52,79,0.0,0.0,0.0,0.0,0.0,0.0,0.0,0.0,0.0
yellow_trip_hourly,quantity_region,extreme_tail_gt_p99,53,79,0.0,0.0,0.0,0.0,0.0,0.0,0.0,0.0,0.0
yellow_trip_hourly,quantity_region,extreme_tail_gt_p99,54,79,0.3333333333333333,0.08333333333333333,0.14433756729740646,0.3333333333333333,0.5773502691896258,0.0,0.0,0.20983972051475622,0.363453057377611
yellow_trip_hourly,quantity_region,extreme_tail_gt_p99,55,79,0.3333333333333333,0.08333333333333333,0.14433756729740646,0.3333333333333333,0.5773502691896258,0.0,0.0,0.2031682319781951,0.35189770027017386
yellow_trip_hourly,quantity_region,extreme_tail_gt_p99,56,79,0.0,0.0,0.0,0.0,0.0,0.0,0.0,0.0,0.0
yellow_trip_hourly,quantity_region,extreme_tail_gt_p99,57,79,0.0,0.0,0.0,0.0,0.0,0.0,0.0,0.0,0.0
yellow_trip_hourly,quantity_region,extreme_tail_gt_p99,58,79,0.0,0.0,0.0,0.0,0.0,0.0,0.0,0.0,0.0
yellow_trip_hourly,quantity_region,extreme_tail_gt_p99,59,79,0.3333333333333333,0.08333333333333333,0.14433756729740646,0.3333333333333333,0.5773502691896258,0.0,0.0,0.19242210906266158,0.3332848693960896
yellow_trip_hourly,quantity_region,extreme_tail_gt_p99,60,79,0.0,0.0,0.0,0.0,0.0,0.0,0.0,0.0,0.0
yellow_trip_hourly,quantity_region,extreme_tail_gt_p99,61,79,0.6666666666666666,0.16666666666666666,0.14433756729740646,0.6666666666666666,0.5773502691896258,0.0,0.0,0.310237599701821,0.2767644982335662
yellow_trip_hourly,quantity_region,extreme_tail_gt_p99,62,79,0.0,0.0,0.0,0.0,0.0,0.0,0.0,0.0,0.0
yellow_trip_hourly,quantity_region,extreme_tail_gt_p99,63,79,0.3333333333333333,0.08333333333333333,0.14433756729740646,0.3333333333333333,0.5773502691896258,0.0,0.0,0.1821274488284115,0.31545399482370956
yellow_trip_hourly,quantity_region,tail_p95_p99,0,301,0.0,0.0,0.0,0.0,0.0,0.0,0.0,0.0,0.0
yellow_trip_hourly,quantity_region,tail_p95_p99,1,301,0.0,0.0,0.0,0.0,0.0,0.0,0.0,0.0,0.0
yellow_trip_hourly,quantity_region,tail_p95_p99,2,301,0.0,0.0,0.0,0.0,0.0,0.0,0.0,0.0,0.0
yellow_trip_hourly,quantity_region,tail_p95_p99,3,301,0.0,0.0,0.0,0.0,0.0,0.0,0.0,0.0,0.0
yellow_trip_hourly,quantity_region,tail_p95_p99,4,301,0.0,0.0,0.0,0.0,0.0,0.0,0.0,0.0,0.0
yellow_trip_hourly,quantity_region,tail_p95_p99,5,301,0.0,0.0,0.0,0.0,0.0,0.0,0.0,0.0,0.0
yellow_trip_hourly,quantity_region,tail_p95_p99,6,301,0.0,0.0,0.0,0.0,0.0,0.0,0.0,0.0,0.0
yellow_trip_hourly,quantity_region,tail_p95_p99,7,301,0.0,0.0,0.0,0.0,0.0,0.0,0.0,0.0,0.0
yellow_trip_hourly,quantity_region,tail_p95_p99,8,301,0.3333333333333333,0.08333333333333333,0.14433756729740646,0.3333333333333333,0.5773502691896258,0.0,0.0,0.11500080433134753,0.19918723601318095
yellow_trip_hourly,quantity_region,tail_p95_p99,9,301,0.0,0.0,0.0,0.0,0.0,0.0,0.0,0.0,0.0
yellow_trip_hourly,quantity_region,tail_p95_p99,10,301,0.0,0.0,0.0,0.0,0.0,0.0,0.0,0.0,0.0
yellow_trip_hourly,quantity_region,tail_p95_p99,11,301,0.3333333333333333,0.08333333333333333,0.14433756729740646,0.3333333333333333,0.5773502691896258,0.0,0.0,0.12653851274768116,0.2191711331931858
yellow_trip_hourly,quantity_region,tail_p95_p99,12,301,0.0,0.0,0.0,0.0,0.0,0.0,0.0,0.0,0.0
yellow_trip_hourly,quantity_region,tail_p95_p99,13,301,0.3333333333333333,0.08333333333333333,0.14433756729740646,0.3333333333333333,0.5773502691896258,0.3333333333333333,0.5773502691896258,0.212402998014938,0.367892784241824
yellow_trip_hourly,quantity_region,tail_p95_p99,14,301,0.0,0.0,0.0,0.0,0.0,0.0,0.0,0.0,0.0
yellow_trip_hourly,quantity_region,tail_p95_p99,15,301,0.0,0.0,0.0,0.0,0.0,0.0,0.0,0.0,0.0
yellow_trip_hourly,quantity_region,tail_p95_p99,16,301,0.0,0.0,0.0,0.0,0.0,0.0,0.0,0.0,0.0
yellow_trip_hourly,quantity_region,tail_p95_p99,17,301,0.3333333333333333,0.08333333333333333,0.14433756729740646,0.3333333333333333,0.5773502691896258,0.0,0.0,0.2034627038115019,0.35240774044685913
yellow_trip_hourly,quantity_region,tail_p95_p99,18,301,0.0,0.0,0.0,0.0,0.0,0.0,0.0,0.0,0.0
yellow_trip_hourly,quantity_region,tail_p95_p99,19,301,0.0,0.0,0.0,0.0,0.0,0.0,0.0,0.0,0.0
yellow_trip_hourly,quantity_region,tail_p95_p99,20,301,0.0,0.0,0.0,0.0,0.0,0.0,0.0,0.0,0.0
yellow_trip_hourly,quantity_region,tail_p95_p99,21,301,0.0,0.0,0.0,0.0,0.0,0.0,0.0,0.0,0.0
yellow_trip_hourly,quantity_region,tail_p95_p99,22,301,0.0,0.0,0.0,0.0,0.0,0.0,0.0,0.0,0.0
yellow_trip_hourly,quantity_region,tail_p95_p99,23,301,0.0,0.0,0.0,0.0,0.0,0.0,0.0,0.0,0.0
yellow_trip_hourly,quantity_region,tail_p95_p99,24,301,0.0,0.0,0.0,0.0,0.0,0.0,0.0,0.0,0.0
yellow_trip_hourly,quantity_region,tail_p95_p99,25,301,0.0,0.0,0.0,0.0,0.0,0.0,0.0,0.0,0.0
yellow_trip_hourly,quantity_region,tail_p95_p99,26,301,0.0,0.0,0.0,0.0,0.0,0.0,0.0,0.0,0.0
yellow_trip_hourly,quantity_region,tail_p95_p99,27,301,0.3333333333333333,0.08333333333333333,0.14433756729740646,0.3333333333333333,0.5773502691896258,0.3333333333333333,0.5773502691896258,0.24305474388506987,0.4209831654295819
yellow_trip_hourly,quantity_region,tail_p95_p99,28,301,0.0,0.0,0.0,0.0,0.0,0.0,0.0,0.0,0.0
yellow_trip_hourly,quantity_region,tail_p95_p99,29,301,0.0,0.0,0.0,0.0,0.0,0.0,0.0,0.0,0.0
yellow_trip_hourly,quantity_region,tail_p95_p99,30,301,0.0,0.0,0.0,0.0,0.0,0.0,0.0,0.0,0.0
yellow_trip_hourly,quantity_region,tail_p95_p99,31,301,0.3333333333333333,0.08333333333333333,0.14433756729740646,0.3333333333333333,0.5773502691896258,0.3333333333333333,0.5773502691896258,0.13157561569910906,0.22789565142801407
yellow_trip_hourly,quantity_region,tail_p95_p99,32,301,0.0,0.0,0.0,0.0,0.0,0.0,0.0,0.0,0.0
yellow_trip_hourly,quantity_region,tail_p95_p99,33,301,0.0,0.0,0.0,0.0,0.0,0.0,0.0,0.0,0.0
yellow_trip_hourly,quantity_region,tail_p95_p99,34,301,0.0,0.0,0.0,0.0,0.0,0.0,0.0,0.0,0.0
yellow_trip_hourly,quantity_region,tail_p95_p99,35,301,0.0,0.0,0.0,0.0,0.0,0.0,0.0,0.0,0.0
yellow_trip_hourly,quantity_region,tail_p95_p99,36,301,0.0,0.0,0.0,0.0,0.0,0.0,0.0,0.0,0.0
yellow_trip_hourly,quantity_region,tail_p95_p99,37,301,0.0,0.0,0.0,0.0,0.0,0.0,0.0,0.0,0.0
yellow_trip_hourly,quantity_region,tail_p95_p99,38,301,0.0,0.0,0.0,0.0,0.0,0.0,0.0,0.0,0.0
yellow_trip_hourly,quantity_region,tail_p95_p99,39,301,0.0,0.0,0.0,0.0,0.0,0.0,0.0,0.0,0.0
yellow_trip_hourly,quantity_region,tail_p95_p99,40,301,0.0,0.0,0.0,0.0,0.0,0.0,0.0,0.0,0.0
yellow_trip_hourly,quantity_region,tail_p95_p99,41,301,0.0,0.0,0.0,0.0,0.0,0.0,0.0,0.0,0.0
yellow_trip_hourly,quantity_region,tail_p95_p99,42,301,0.0,0.0,0.0,0.0,0.0,0.0,0.0,0.0,0.0
yellow_trip_hourly,quantity_region,tail_p95_p99,43,301,0.0,0.0,0.0,0.0,0.0,0.0,0.0,0.0,0.0
yellow_trip_hourly,quantity_region,tail_p95_p99,44,301,0.0,0.0,0.0,0.0,0.0,0.0,0.0,0.0,0.0
yellow_trip_hourly,quantity_region,tail_p95_p99,45,301,0.0,0.0,0.0,0.0,0.0,0.0,0.0,0.0,0.0
yellow_trip_hourly,quantity_region,tail_p95_p99,46,301,0.0,0.0,0.0,0.0,0.0,0.0,0.0,0.0,0.0
yellow_trip_hourly,quantity_region,tail_p95_p99,47,301,0.0,0.0,0.0,0.0,0.0,0.0,0.0,0.0,0.0
yellow_trip_hourly,quantity_region,tail_p95_p99,48,301,0.0,0.0,0.0,0.0,0.0,0.0,0.0,0.0,0.0
yellow_trip_hourly,quantity_region,tail_p95_p99,49,301,0.0,0.0,0.0,0.0,0.0,0.0,0.0,0.0,0.0
yellow_trip_hourly,quantity_region,tail_p95_p99,50,301,0.0,0.0,0.0,0.0,0.0,0.0,0.0,0.0,0.0
yellow_trip_hourly,quantity_region,tail_p95_p99,51,301,0.0,0.0,0.0,0.0,0.0,0.0,0.0,0.0,0.0
yellow_trip_hourly,quantity_region,tail_p95_p99,52,301,0.0,0.0,0.0,0.0,0.0,0.0,0.0,0.0,0.0
yellow_trip_hourly,quantity_region,tail_p95_p99,53,301,0.0,0.0,0.0,0.0,0.0,0.0,0.0,0.0,0.0
yellow_trip_hourly,quantity_region,tail_p95_p99,54,301,0.3333333333333333,0.08333333333333333,0.14433756729740646,0.3333333333333333,0.5773502691896258,0.0,0.0,0.2071883075129022,0.3588606753465512
yellow_trip_hourly,quantity_region,tail_p95_p99,55,301,0.3333333333333333,0.08333333333333333,0.14433756729740646,0.3333333333333333,0.5773502691896258,0.0,0.0,0.19862146221786112,0.34402246403495756
yellow_trip_hourly,quantity_region,tail_p95_p99,56,301,0.0,0.0,0.0,0.0,0.0,0.0,0.0,0.0,0.0
yellow_trip_hourly,quantity_region,tail_p95_p99,57,301,0.0,0.0,0.0,0.0,0.0,0.0,0.0,0.0,0.0
yellow_trip_hourly,quantity_region,tail_p95_p99,58,301,0.0,0.0,0.0,0.0,0.0,0.0,0.0,0.0,0.0
yellow_trip_hourly,quantity_region,tail_p95_p99,59,301,0.3333333333333333,0.08333333333333333,0.14433756729740646,0.3333333333333333,0.5773502691896258,0.0,0.0,0.18814303695429468,0.32587329909514723
yellow_trip_hourly,quantity_region,tail_p95_p99,60,301,0.0,0.0,0.0,0.0,0.0,0.0,0.0,0.0,0.0
yellow_trip_hourly,quantity_region,tail_p95_p99,61,301,0.6666666666666666,0.16666666666666666,0.14433756729740646,0.6666666666666666,0.5773502691896258,0.0,0.0,0.30210655924357716,0.2701554169687502
yellow_trip_hourly,quantity_region,tail_p95_p99,62,301,0.0,0.0,0.0,0.0,0.0,0.0,0.0,0.0,0.0
yellow_trip_hourly,quantity_region,tail_p95_p99,63,301,0.3333333333333333,0.08333333333333333,0.14433756729740646,0.3333333333333333,0.5773502691896258,0.0,0.0,0.18069956898029196,0.3129808343796628
