dataset,seed,scope_type,scope,prototype_id,event_count,selection_count,selection_share,event_hit_share,rank1_count,rank1_share,selected_similarity_mean,prototype_used
intermittent_v2,42,history,history_65_128,0,28456,0,0.0,0.0,0,0.0,0.0,false
intermittent_v2,42,history,history_65_128,1,28456,616,0.005411863930278324,0.021647455721113297,0,0.0,0.2926147106018933,true
intermittent_v2,42,history,history_65_128,2,28456,42,0.00036899072251897664,0.0014759628900759066,6,0.00021085184143941523,0.35436737324510303,true
intermittent_v2,42,history,history_65_128,3,28456,0,0.0,0.0,0,0.0,0.0,false
intermittent_v2,42,history,history_65_128,4,28456,1,8.785493393308968e-6,0.00003514197357323587,0,0.0,0.45110830664634705,true
intermittent_v2,42,history,history_65_128,5,28456,0,0.0,0.0,0,0.0,0.0,false
intermittent_v2,42,history,history_65_128,6,28456,1,8.785493393308968e-6,0.00003514197357323587,0,0.0,0.4190468192100525,true
intermittent_v2,42,history,history_65_128,7,28456,0,0.0,0.0,0,0.0,0.0,false
intermittent_v2,42,history,history_65_128,8,28456,6463,0.05678064380095586,0.22712257520382345,404,0.014197357323587293,0.39555193058444343,true
intermittent_v2,42,history,history_65_128,9,28456,107,0.0009400477930840596,0.0037601911723362386,39,0.0013705369693561991,0.3713885395326347,true
intermittent_v2,42,history,history_65_128,10,28456,150,0.0013178240089963453,0.005271296035985381,0,0.0,0.2516410309076309,true
intermittent_v2,42,history,history_65_128,11,28456,6749,0.059293294911442224,0.2371731796457689,1760,0.06184987348889514,0.2901001659600465,true
intermittent_v2,42,history,history_65_128,12,28456,29,0.00025477930840596007,0.0010191172336238403,0,0.0,0.4174174676681387,true
intermittent_v2,42,history,history_65_128,13,28456,369,0.003241847062131009,0.012967388248524036,18,0.0006325555243182458,0.2833317869562444,true
intermittent_v2,42,history,history_65_128,14,28456,474,0.004164323868428451,0.016657295473713803,9,0.0003162777621591229,0.28785757333794726,true
intermittent_v2,42,history,history_65_128,15,28456,0,0.0,0.0,0,0.0,0.0,false
intermittent_v2,42,history,history_65_128,16,28456,3041,0.026716685409052573,0.1068667416362103,883,0.031030362665167274,0.42691464195397294,true
intermittent_v2,42,history,history_65_128,17,28456,10,0.00008785493393308968,0.0003514197357323587,2,0.00007028394714647174,0.4139179527759552,true
intermittent_v2,42,history,history_65_128,18,28456,23,0.00020206634804610627,0.0008082653921844251,1,0.00003514197357323587,0.44384687361509906,true
intermittent_v2,42,history,history_65_128,19,28456,190,0.001669243744728704,0.006676974978914816,0,0.0,0.29840693018938363,true
intermittent_v2,42,history,history_65_128,20,28456,1224,0.010753443913410177,0.04301377565364071,73,0.0025653640708462187,0.2813356077188955,true
intermittent_v2,42,history,history_65_128,21,28456,17206,0.1511631993252741,0.6046527973010964,5660,0.19890357042451504,0.40187560674008777,true
intermittent_v2,42,history,history_65_128,22,28456,1306,0.011473854371661513,0.04589541748664605,0,0.0,0.2821326493121581,true
intermittent_v2,42,history,history_65_128,23,28456,51,0.0004480601630587574,0.0017922406522350295,1,0.00003514197357323587,0.4039476163247052,true
intermittent_v2,42,history,history_65_128,24,28456,0,0.0,0.0,0,0.0,0.0,false
intermittent_v2,42,history,history_65_128,25,28456,31,0.000272350295192578,0.001089401180770312,0,0.0,0.3181917465502216,true
intermittent_v2,42,history,history_65_128,26,28456,8755,0.07691699465842002,0.30766797863368006,3618,0.1271436603879674,0.2932026614875946,true
intermittent_v2,42,history,history_65_128,27,28456,132,0.0011596851279167839,0.0046387405116671354,17,0.0005974135507450098,0.3681812762762561,true
intermittent_v2,42,history,history_65_128,28,28456,14867,0.13061393027832444,0.5224557211132977,1862,0.0654343547933652,0.4070157510948669,true
intermittent_v2,42,history,history_65_128,29,28456,3,0.000026356480179926904,0.00010542592071970762,0,0.0,0.28200353185335797,true
intermittent_v2,42,history,history_65_128,30,28456,154,0.001352965982569581,0.005411863930278324,3,0.00010542592071970762,0.2708604224510007,true
intermittent_v2,42,history,history_65_128,31,28456,0,0.0,0.0,0,0.0,0.0,false
intermittent_v2,42,history,history_65_128,32,28456,27,0.00023720832161934214,0.0009488332864773686,1,0.00003514197357323587,0.39707305696275497,true
intermittent_v2,42,history,history_65_128,33,28456,158,0.001388107956142817,0.005552431824571268,0,0.0,0.29747583985894543,true
intermittent_v2,42,history,history_65_128,34,28456,0,0.0,0.0,0,0.0,0.0,false
intermittent_v2,42,history,history_65_128,35,28456,166,0.0014583919032892887,0.005833567613157155,39,0.0013705369693561991,0.41340822950903194,true
intermittent_v2,42,history,history_65_128,36,28456,1106,0.009716755692999719,0.038867022771998876,33,0.0011596851279167839,0.4295936306066151,true
intermittent_v2,42,history,history_65_128,37,28456,0,0.0,0.0,0,0.0,0.0,false
intermittent_v2,42,history,history_65_128,38,28456,7,0.00006149845375316278,0.00024599381501265113,1,0.00003514197357323587,0.35364366854940144,true
intermittent_v2,42,history,history_65_128,39,28456,5344,0.046949676693843125,0.1877987067753725,507,0.01781698060163059,0.28389867052469336,true
intermittent_v2,42,history,history_65_128,40,28456,333,0.0029255692999718866,0.011702277199887546,36,0.0012651110486364915,0.3910337284699575,true
intermittent_v2,42,history,history_65_128,41,28456,431,0.003786547652516165,0.01514619061006466,11,0.0003865617093055946,0.30544139116380165,true
intermittent_v2,42,history,history_65_128,42,28456,0,0.0,0.0,0,0.0,0.0,false
intermittent_v2,42,history,history_65_128,43,28456,198,0.0017395276918751757,0.006958110767500703,10,0.0003514197357323587,0.26992436016749854,true
intermittent_v2,42,history,history_65_128,44,28456,0,0.0,0.0,0,0.0,0.0,false
intermittent_v2,42,history,history_65_128,45,28456,89,0.0007819089120044982,0.0031276356480179927,1,0.00003514197357323587,0.3566237102063854,true
intermittent_v2,42,history,history_65_128,46,28456,0,0.0,0.0,0,0.0,0.0,false
intermittent_v2,42,history,history_65_128,47,28456,0,0.0,0.0,0,0.0,0.0,false
intermittent_v2,42,history,history_65_128,48,28456,0,0.0,0.0,0,0.0,0.0,false
intermittent_v2,42,history,history_65_128,49,28456,21,0.00018449536125948832,0.0007379814450379533,5,0.00017570986786617936,0.4253071929727282,true
intermittent_v2,42,history,history_65_128,50,28456,0,0.0,0.0,0,0.0,0.0,false
intermittent_v2,42,history,history_65_128,51,28456,17740,0.1558546527973011,0.6234186111892044,8320,0.29238122012932244,0.4020294182430932,true
intermittent_v2,42,history,history_65_128,52,28456,0,0.0,0.0,0,0.0,0.0,false
intermittent_v2,42,history,history_65_128,53,28456,4728,0.0415378127635648,0.1661512510542592,792,0.02783244307000281,0.28823132414919167,true
intermittent_v2,42,history,history_65_128,54,28456,9442,0.08295262861962328,0.33181051447849313,3356,0.1179364633117796,0.2936568103921638,true
intermittent_v2,42,history,history_65_128,55,28456,6,0.00005271296035985381,0.00021085184143941523,1,0.00003514197357323587,0.44583139816919964,true
intermittent_v2,42,history,history_65_128,56,28456,0,0.0,0.0,0,0.0,0.0,false
intermittent_v2,42,history,history_65_128,57,28456,52,0.00045684565645206636,0.0018273826258082655,9,0.0003162777621591229,0.39774247860679257,true
intermittent_v2,42,history,history_65_128,58,28456,0,0.0,0.0,0,0.0,0.0,false
intermittent_v2,42,history,history_65_128,59,28456,120,0.0010542592071970762,0.004217036828788305,4,0.0001405678942929435,0.2960392670085033,true
intermittent_v2,42,history,history_65_128,60,28456,114,0.0010015462468372224,0.00400618498734889,0,0.0,0.28468027266494017,true
intermittent_v2,42,history,history_65_128,61,28456,6,0.00005271296035985381,0.00021085184143941523,0,0.0,0.2825891623894374,true
intermittent_v2,42,history,history_65_128,62,28456,11742,0.1031592634242339,0.4126370536969356,974,0.03422828226033174,0.3872630756441647,true
intermittent_v2,42,history,history_65_128,63,28456,0,0.0,0.0,0,0.0,0.0,false
intermittent_v2,42,history,history_gt_128,0,32741,0,0.0,0.0,0,0.0,0.0,false
intermittent_v2,42,history,history_gt_128,1,32741,2117,0.016164747564216122,0.06465899025686449,11,0.0003359701902812987,0.2924702654526264,true
intermittent_v2,42,history,history_gt_128,2,32741,72,0.0005497694022784887,0.002199077609113955,5,0.00015271372285513576,0.4937082909875446,true
intermittent_v2,42,history,history_gt_128,3,32741,0,0.0,0.0,0,0.0,0.0,false
intermittent_v2,42,history,history_gt_128,4,32741,31,0.00023670627042546042,0.0009468250817018417,4,0.00012217097828410862,0.547696852876294,true
intermittent_v2,42,history,history_gt_128,5,32741,290,0.0022143489813994687,0.008857395925597875,7,0.00021379921199719007,0.5417592103111333,true
intermittent_v2,42,history,history_gt_128,6,32741,6,0.000045814116856540725,0.0001832564674261629,0,0.0,0.43052443365255993,true
intermittent_v2,42,history,history_gt_128,7,32741,0,0.0,0.0,0,0.0,0.0,false
intermittent_v2,42,history,history_gt_128,8,32741,699,0.005337344613786995,0.02134937845514798,121,0.0036956720930942854,0.5112736951213367,true
intermittent_v2,42,history,history_gt_128,9,32741,22,0.00016798509514064934,0.0006719403805625974,6,0.0001832564674261629,0.2527868022972887,true
intermittent_v2,42,history,history_gt_128,10,32741,120,0.0009162823371308146,0.0036651293485232585,0,0.0,0.23589854097614685,true
intermittent_v2,42,history,history_gt_128,11,32741,22939,0.17515500442869797,0.7006200177147919,3132,0.09565987599645705,0.3039170722662883,true
intermittent_v2,42,history,history_gt_128,12,32741,460,0.0035124156256681224,0.01404966250267249,193,0.005894749702208241,0.5417441761364108,true
intermittent_v2,42,history,history_gt_128,13,32741,118,0.000901010964845301,0.003604043859381204,0,0.0,0.46349172319396065,true
intermittent_v2,42,history,history_gt_128,14,32741,712,0.005436608533642833,0.021746434134571332,17,0.0005192266577074616,0.3004426664850685,true
intermittent_v2,42,history,history_gt_128,15,32741,4,0.000030542744571027155,0.00012217097828410862,0,0.0,0.46887507289648056,true
intermittent_v2,42,history,history_gt_128,16,32741,1343,0.010254726489722367,0.04101890595888947,456,0.013927491524388382,0.5297016748632856,true
intermittent_v2,42,history,history_gt_128,17,32741,3,0.000022907058428270363,0.00009162823371308145,0,0.0,0.4887271324793498,true
intermittent_v2,42,history,history_gt_128,18,32741,1099,0.00839161907088971,0.03356647628355884,391,0.011942213127271617,0.5435174657497979,true
intermittent_v2,42,history,history_gt_128,19,32741,316,0.0024128768211111452,0.009651507284444581,11,0.0003359701902812987,0.3537255546808997,true
intermittent_v2,42,history,history_gt_128,20,32741,732,0.0055893222564979686,0.022357289025991874,36,0.0010995388045569774,0.3652450360276334,true
intermittent_v2,42,history,history_gt_128,21,32741,443,0.0033826089612412572,0.013530435844965029,49,0.0014965944839803304,0.4460136339438419,true
intermittent_v2,42,history,history_gt_128,22,32741,8133,0.06210103539904096,0.24840414159616384,82,0.0025045050548242265,0.28039173899772907,true
intermittent_v2,42,history,history_gt_128,23,32741,0,0.0,0.0,0,0.0,0.0,false
intermittent_v2,42,history,history_gt_128,24,32741,0,0.0,0.0,0,0.0,0.0,false
intermittent_v2,42,history,history_gt_128,25,32741,448,0.003420787391955041,0.013683149567820165,31,0.0009468250817018417,0.5769175604384925,true
intermittent_v2,42,history,history_gt_128,26,32741,26724,0.2040560764790324,0.8162243059161296,6533,0.19953575028252038,0.3092570071556248,true
intermittent_v2,42,history,history_gt_128,27,32741,787,0.006009284994349592,0.02403713997739837,130,0.00397055679423353,0.5444624944290636,true
intermittent_v2,42,history,history_gt_128,28,32741,634,0.0048410250145078035,0.019364100058031214,96,0.0029321034788186064,0.5149998067869372,true
intermittent_v2,42,history,history_gt_128,29,32741,626,0.00477993952536575,0.019119758101463,67,0.002046363886258819,0.5169714397896593,true
intermittent_v2,42,history,history_gt_128,30,32741,12,0.00009162823371308145,0.0003665129348523258,0,0.0,0.4751030256350835,true
intermittent_v2,42,history,history_gt_128,31,32741,0,0.0,0.0,0,0.0,0.0,false
intermittent_v2,42,history,history_gt_128,32,32741,5,0.00003817843071378394,0.00015271372285513576,0,0.0,0.4287799596786499,true
intermittent_v2,42,history,history_gt_128,33,32741,903,0.00689502458690938,0.02758009834763752,4,0.00012217097828410862,0.35540838653463064,true
intermittent_v2,42,history,history_gt_128,34,32741,195,0.0014889587978375736,0.005955835191350295,28,0.0008551968479887603,0.5026689977217943,true
intermittent_v2,42,history,history_gt_128,35,32741,69,0.0005268623438502184,0.0021074493754008735,6,0.0001832564674261629,0.5147484532300977,true
intermittent_v2,42,history,history_gt_128,36,32741,431,0.0032909807275281755,0.013163922910112702,44,0.0013438807611251948,0.5353917829398489,true
intermittent_v2,42,history,history_gt_128,37,32741,6,0.000045814116856540725,0.0001832564674261629,1,0.000030542744571027155,0.513684039314588,true
intermittent_v2,42,history,history_gt_128,38,32741,115,0.0008781039064170306,0.0035124156256681224,26,0.0007941113588467059,0.46800146439801094,true
intermittent_v2,42,history,history_gt_128,39,32741,17569,0.134151369842094,0.536605479368376,2792,0.08527534284230781,0.32033594840606056,true
intermittent_v2,42,history,history_gt_128,40,32741,2,0.000015271372285513577,0.00006108548914205431,0,0.0,0.5694909989833832,true
intermittent_v2,42,history,history_gt_128,41,32741,439,0.00335206621667023,0.01340826486668092,0,0.0,0.23676953364613387,true
intermittent_v2,42,history,history_gt_128,42,32741,16,0.00012217097828410862,0.0004886839131364345,3,0.00009162823371308145,0.46588916704058647,true
intermittent_v2,42,history,history_gt_128,43,32741,183,0.0013973305641244921,0.0055893222564979686,13,0.00039705567942335297,0.3712972419672325,true
intermittent_v2,42,history,history_gt_128,44,32741,0,0.0,0.0,0,0.0,0.0,false
intermittent_v2,42,history,history_gt_128,45,32741,31,0.00023670627042546042,0.0009468250817018417,0,0.0,0.5005601442629292,true
intermittent_v2,42,history,history_gt_128,46,32741,61,0.0004657768547081641,0.0018631074188326564,3,0.00009162823371308145,0.513643709851093,true
intermittent_v2,42,history,history_gt_128,47,32741,0,0.0,0.0,0,0.0,0.0,false
intermittent_v2,42,history,history_gt_128,48,32741,446,0.0034055160196695277,0.01362206407867811,64,0.001954735652545738,0.5767641913463182,true
intermittent_v2,42,history,history_gt_128,49,32741,9,0.00006872117528481109,0.00027488470113924435,1,0.000030542744571027155,0.5224107868141599,true
intermittent_v2,42,history,history_gt_128,50,32741,17,0.0001298066644268654,0.0005192266577074616,1,0.000030542744571027155,0.49653955592828636,true
intermittent_v2,42,history,history_gt_128,51,32741,2100,0.016034940899789255,0.06413976359915702,1141,0.03484927155554198,0.545184014368625,true
intermittent_v2,42,history,history_gt_128,52,32741,151,0.001152988607556275,0.0046119544302251,0,0.0,0.5199599070659536,true
intermittent_v2,42,history,history_gt_128,53,32741,7939,0.06061971228734614,0.24247884914938456,1221,0.03729269112122415,0.3157289051010291,true
intermittent_v2,42,history,history_gt_128,54,32741,27980,0.21364649827433493,0.8545859930973397,15836,0.483674903026786,0.3125031701561391,true
intermittent_v2,42,history,history_gt_128,55,32741,1212,0.009254451605021228,0.03701780642008491,86,0.002626676033108335,0.5715833886621808,true
intermittent_v2,42,history,history_gt_128,56,32741,66,0.0005039552854219481,0.0020158211416877922,3,0.00009162823371308145,0.5442823293534192,true
intermittent_v2,42,history,history_gt_128,57,32741,561,0.004283619926086558,0.01713447970434623,36,0.0010995388045569774,0.5617077149278127,true
intermittent_v2,42,history,history_gt_128,58,32741,38,0.00029015607342475794,0.0011606242936990317,0,0.0,0.41459470242261887,true
intermittent_v2,42,history,history_gt_128,59,32741,27,0.00020616352585443328,0.0008246541034177331,0,0.0,0.404978491641857,true
intermittent_v2,42,history,history_gt_128,60,32741,483,0.0036880364069515285,0.014752145627806114,10,0.0003054274457102715,0.3576378800422262,true
intermittent_v2,42,history,history_gt_128,61,32741,939,0.007169909288048624,0.028679637152194497,36,0.0010995388045569774,0.35605017761516367,true
intermittent_v2,42,history,history_gt_128,62,32741,29,0.00022143489813994686,0.0008857395925597874,0,0.0,0.46608417198575774,true
intermittent_v2,42,history,history_gt_128,63,32741,52,0.00039705567942335297,0.0015882227176934119,8,0.00024434195656821724,0.46624911347260845,true
intermittent_v2,42,history,history_le_64,0,25088,0,0.0,0.0,0,0.0,0.0,false
intermittent_v2,42,history,history_le_64,1,25088,51,0.0005082110969387755,0.002032844387755102,0,0.0,0.29881859512305725,true
intermittent_v2,42,history,history_le_64,2,25088,73,0.0007274394132653062,0.0029097576530612247,5,0.0001992984693877551,0.42403751530059397,true
intermittent_v2,42,history,history_le_64,3,25088,0,0.0,0.0,0,0.0,0.0,false
intermittent_v2,42,history,history_le_64,4,25088,371,0.003696986607142857,0.014787946428571428,3,0.00011957908163265306,0.43473829453524876,true
intermittent_v2,42,history,history_le_64,5,25088,65,0.000647720025510204,0.002590880102040816,6,0.00023915816326530612,0.4813548509891217,true
intermittent_v2,42,history,history_le_64,6,25088,17,0.00016940369897959184,0.0006776147959183673,0,0.0,0.37668714803807873,true
intermittent_v2,42,history,history_le_64,7,25088,0,0.0,0.0,0,0.0,0.0,false
intermittent_v2,42,history,history_le_64,8,25088,4214,0.0419921875,0.16796875,600,0.02391581632653061,0.42488587757649443,true
intermittent_v2,42,history,history_le_64,9,25088,19,0.00018933354591836734,0.0007573341836734694,1,0.00003985969387755102,0.37037882522532817,true
intermittent_v2,42,history,history_le_64,10,25088,1,9.964923469387754e-6,0.00003985969387755102,0,0.0,0.24168071150779724,true
intermittent_v2,42,history,history_le_64,11,25088,827,0.008240991709183673,0.03296396683673469,36,0.0014349489795918368,0.2793925899962704,true
intermittent_v2,42,history,history_le_64,12,25088,22,0.0002192283163265306,0.0008769132653061224,2,0.00007971938775510203,0.42969048700549384,true
intermittent_v2,42,history,history_le_64,13,25088,60,0.0005978954081632653,0.0023915816326530613,7,0.00027901785714285713,0.3714086289207141,true
intermittent_v2,42,history,history_le_64,14,25088,280,0.0027901785714285715,0.011160714285714286,7,0.00027901785714285713,0.25905622371605463,true
intermittent_v2,42,history,history_le_64,15,25088,9,0.0000896843112244898,0.0003587372448979592,4,0.00015943877551020407,0.40372616052627563,true
intermittent_v2,42,history,history_le_64,16,25088,727,0.007244499362244898,0.02897799744897959,187,0.007453762755102041,0.4500779356228436,true
intermittent_v2,42,history,history_le_64,17,25088,2,0.00001992984693877551,0.00007971938775510203,0,0.0,0.4994671195745468,true
intermittent_v2,42,history,history_le_64,18,25088,505,0.005032286352040816,0.020129145408163265,113,0.0045041454081632655,0.41404715625956506,true
intermittent_v2,42,history,history_le_64,19,25088,0,0.0,0.0,0,0.0,0.0,false
intermittent_v2,42,history,history_le_64,20,25088,161,0.0016043526785714285,0.006417410714285714,2,0.00007971938775510203,0.27372220408472214,true
intermittent_v2,42,history,history_le_64,21,25088,21911,0.2183414381377551,0.8733657525510204,15847,0.6316565688775511,0.4278649717159945,true
intermittent_v2,42,history,history_le_64,22,25088,877,0.00873923788265306,0.03495695153061224,24,0.0009566326530612245,0.2544635277551555,true
intermittent_v2,42,history,history_le_64,23,25088,454,0.004524075255102041,0.018096301020408163,108,0.00430484693877551,0.4128194617082894,true
intermittent_v2,42,history,history_le_64,24,25088,0,0.0,0.0,0,0.0,0.0,false
intermittent_v2,42,history,history_le_64,25,25088,20,0.0001992984693877551,0.0007971938775510204,5,0.0001992984693877551,0.3704188734292984,true
intermittent_v2,42,history,history_le_64,26,25088,2540,0.0253109056122449,0.1012436224489796,1391,0.05544483418367347,0.27625063101900377,true
intermittent_v2,42,history,history_le_64,27,25088,69,0.0006875797193877551,0.0027503188775510204,12,0.00047831632653061223,0.29953909071459284,true
intermittent_v2,42,history,history_le_64,28,25088,20229,0.2015804368622449,0.8063217474489796,223,0.008888711734693877,0.42435493002926,true
intermittent_v2,42,history,history_le_64,29,25088,571,0.0056899713010204085,0.022759885204081634,113,0.0045041454081632655,0.31100471779677996,true
intermittent_v2,42,history,history_le_64,30,25088,58,0.0005779655612244898,0.002311862244897959,0,0.0,0.24536753728471952,true
intermittent_v2,42,history,history_le_64,31,25088,0,0.0,0.0,0,0.0,0.0,false
intermittent_v2,42,history,history_le_64,32,25088,8,0.00007971938775510203,0.00031887755102040814,0,0.0,0.4310314431786537,true
intermittent_v2,42,history,history_le_64,33,25088,24,0.00023915816326530612,0.0009566326530612245,0,0.0,0.25672739433745545,true
intermittent_v2,42,history,history_le_64,34,25088,6,0.00005978954081632653,0.00023915816326530612,0,0.0,0.4943135579427083,true
intermittent_v2,42,history,history_le_64,35,25088,87,0.0008669483418367347,0.0034677933673469387,9,0.0003587372448979592,0.4611585143653826,true
intermittent_v2,42,history,history_le_64,36,25088,3978,0.03964046556122449,0.15856186224489796,347,0.013831313775510204,0.40577242207278436,true
intermittent_v2,42,history,history_le_64,37,25088,0,0.0,0.0,0,0.0,0.0,false
intermittent_v2,42,history,history_le_64,38,25088,2,0.00001992984693877551,0.00007971938775510203,0,0.0,0.3871619999408722,true
intermittent_v2,42,history,history_le_64,39,25088,1076,0.010722257653061224,0.042889030612244895,72,0.0028698979591836736,0.26456773492981955,true
intermittent_v2,42,history,history_le_64,40,25088,21,0.00020926339285714285,0.0008370535714285714,0,0.0,0.4167165883949825,true
intermittent_v2,42,history,history_le_64,41,25088,315,0.003138950892857143,0.012555803571428572,17,0.0006776147959183673,0.2805485847450438,true
intermittent_v2,42,history,history_le_64,42,25088,1,9.964923469387754e-6,0.00003985969387755102,0,0.0,0.3161856532096863,true
intermittent_v2,42,history,history_le_64,43,25088,308,0.0030691964285714285,0.012276785714285714,40,0.0015943877551020409,0.37785391833681564,true
intermittent_v2,42,history,history_le_64,44,25088,0,0.0,0.0,0,0.0,0.0,false
intermittent_v2,42,history,history_le_64,45,25088,30,0.00029894770408163266,0.0011957908163265306,5,0.0001992984693877551,0.3714053233464559,true
intermittent_v2,42,history,history_le_64,46,25088,0,0.0,0.0,0,0.0,0.0,false
intermittent_v2,42,history,history_le_64,47,25088,0,0.0,0.0,0,0.0,0.0,false
intermittent_v2,42,history,history_le_64,48,25088,5,0.00004982461734693878,0.0001992984693877551,0,0.0,0.45745410919189455,true
intermittent_v2,42,history,history_le_64,49,25088,3,0.000029894770408163265,0.00011957908163265306,0,0.0,0.45560253659884137,true
intermittent_v2,42,history,history_le_64,50,25088,0,0.0,0.0,0,0.0,0.0,false
intermittent_v2,42,history,history_le_64,51,25088,20767,0.2069415656887755,0.827766262755102,3496,0.13934948979591838,0.4230106468563357,true
intermittent_v2,42,history,history_le_64,52,25088,425,0.004235092474489796,0.016940369897959183,56,0.002232142857142857,0.34705245838445775,true
intermittent_v2,42,history,history_le_64,53,25088,1159,0.011549346301020409,0.046197385204081634,185,0.007374043367346939,0.26751963666947987,true
intermittent_v2,42,history,history_le_64,54,25088,2378,0.02369658801020408,0.09478635204081633,752,0.029974489795918366,0.27569803027506634,true
intermittent_v2,42,history,history_le_64,55,25088,7,0.00006975446428571428,0.00027901785714285713,1,0.00003985969387755102,0.4348077816622598,true
intermittent_v2,42,history,history_le_64,56,25088,0,0.0,0.0,0,0.0,0.0,false
intermittent_v2,42,history,history_le_64,57,25088,29,0.0002889827806122449,0.0011559311224489796,1,0.00003985969387755102,0.45028211947145136,true
intermittent_v2,42,history,history_le_64,58,25088,1,9.964923469387754e-6,0.00003985969387755102,0,0.0,0.44195520877838135,true
intermittent_v2,42,history,history_le_64,59,25088,34,0.00033880739795918367,0.0013552295918367347,5,0.0001992984693877551,0.3100576856557061,true
intermittent_v2,42,history,history_le_64,60,25088,11,0.0001096141581632653,0.0004384566326530612,0,0.0,0.3578177893703634,true
intermittent_v2,42,history,history_le_64,61,25088,2,0.00001992984693877551,0.00007971938775510203,0,0.0,0.29296981543302536,true
intermittent_v2,42,history,history_le_64,62,25088,15542,0.1548748405612245,0.619499362244898,1406,0.05604272959183673,0.4242200222009705,true
intermittent_v2,42,history,history_le_64,63,25088,0,0.0,0.0,0,0.0,0.0,false
intermittent_v2,42,overall,overall,0,86285,0,0.0,0.0,0,0.0,0.0,false
intermittent_v2,42,overall,overall,1,86285,2784,0.00806629193950281,0.03226516775801124,11,0.00012748449904386626,0.2926185208495878,true
intermittent_v2,42,overall,overall,2,86285,187,0.0005418091209364316,0.0021672364837457265,16,0.00018543199860926002,0.4352147874028925,true
intermittent_v2,42,overall,overall,3,86285,0,0.0,0.0,0,0.0,0.0,false
intermittent_v2,42,overall,overall,4,86285,403,0.001167642116242684,0.004670568464970736,7,0.00008112649939155126,0.44346803478508373,true
intermittent_v2,42,overall,overall,5,86285,355,0.0010285681172857392,0.004114272469142957,13,0.00015066349887002376,0.5306992571958353,true
intermittent_v2,42,overall,overall,6,86285,24,0.0000695369994784725,0.00027814799791389,0,0.0,0.39191145574053127,true
intermittent_v2,42,overall,overall,7,86285,0,0.0,0.0,0,0.0,0.0,false
intermittent_v2,42,overall,overall,8,86285,11376,0.03296053775279597,0.13184215101118388,1125,0.013038187402213594,0.4135286153625545,true
intermittent_v2,42,overall,overall,9,86285,148,0.0004288114967839138,0.0017152459871356551,46,0.0005331169960016226,0.35362892607982094,true
intermittent_v2,42,overall,overall,10,86285,271,0.0007851886191110853,0.0031407544764443414,0,0.0,0.24463343271140242,true
intermittent_v2,42,overall,overall,11,86285,30515,0.08841339746189952,0.3536535898475981,4928,0.05711305557165208,0.30019653982328875,true
intermittent_v2,42,overall,overall,12,86285,511,0.0014805586138958104,0.0059222344555832414,195,0.002259952483050356,0.5298642236775848,true
intermittent_v2,42,overall,overall,13,86285,547,0.001584864113113519,0.006339456452454076,25,0.00028973749782696876,0.3318573500164248,true
intermittent_v2,42,overall,overall,14,86285,1466,0.004247551718143362,0.01699020687257345,33,0.0003824534971315988,0.2884689024147688,true
intermittent_v2,42,overall,overall,15,86285,13,0.00003766587471750594,0.00015066349887002376,4,0.000046357999652315004,0.4237719797171079,true
intermittent_v2,42,overall,overall,16,86285,5111,0.014808483513936373,0.059233934055745494,1526,0.017685576867358173,0.45721843762888503,true
intermittent_v2,42,overall,overall,17,86285,15,0.000043460624674045313,0.00017384249869618125,2,0.000023178999826157502,0.44028634428977964,true
intermittent_v2,42,overall,overall,18,86285,1627,0.004714029089644782,0.018856116358579127,505,0.005852697456104769,0.5019225487788909,true
intermittent_v2,42,overall,overall,19,86285,506,0.001466071739004462,0.005864286956017848,11,0.00012748449904386626,0.33295373916036997,true
intermittent_v2,42,overall,overall,20,86285,2117,0.006133742828996929,0.024534971315987714,111,0.0012864344903517413,0.3097701582795446,true
intermittent_v2,42,overall,overall,21,86285,39560,0.11462015414034885,0.4584806165613954,21556,0.24982326012632555,0.4167645380352939,true
intermittent_v2,42,overall,overall,22,86285,10316,0.0298893202758301,0.1195572811033204,106,0.0012284869907863475,0.278407887467185,true
intermittent_v2,42,overall,overall,23,86285,505,0.0014631743640261922,0.005852697456104769,109,0.0012632554905255837,0.4119234931646007,true
intermittent_v2,42,overall,overall,24,86285,0,0.0,0.0,0,0.0,0.0,false
intermittent_v2,42,overall,overall,25,86285,499,0.0014457901141565741,0.0057831604566262965,36,0.000417221996870835,0.5525679132025801,true
intermittent_v2,42,overall,overall,26,86285,38019,0.11015529929883526,0.44062119719534104,11542,0.13376600799675495,0.3033549057928688,true
intermittent_v2,42,overall,overall,27,86285,988,0.0028626064785304516,0.011450425914121806,159,0.0018427304861795214,0.5038057781816253,true
intermittent_v2,42,overall,overall,28,86285,35730,0.10352320797357593,0.41409283189430374,2181,0.025276699310424755,0.4187486405987183,true
intermittent_v2,42,overall,overall,29,86285,1200,0.003476849973923625,0.0139073998956945,180,0.002086109984354175,0.4183781881382068,true
intermittent_v2,42,overall,overall,30,86285,224,0.0006490119951324101,0.0025960479805296403,3,0.00003476849973923625,0.27520115414102164,true
intermittent_v2,42,overall,overall,31,86285,0,0.0,0.0,0,0.0,0.0,false
intermittent_v2,42,overall,overall,32,86285,40,0.0001158949991307875,0.00046357999652315,1,0.000011589499913078751,0.4078280970454216,true
intermittent_v2,42,overall,overall,33,86285,1085,0.003143651851422611,0.012574607405690445,4,0.000046357999652315004,0.34478932092404035,true
intermittent_v2,42,overall,overall,34,86285,201,0.0005823723706322073,0.002329489482528829,28,0.00032450599756620504,0.5024195816089858,true
intermittent_v2,42,overall,overall,35,86285,322,0.0009329547430028394,0.0037318189720113577,54,0.0006258329953062526,0.44802546621479605,true
intermittent_v2,42,overall,overall,36,86285,5515,0.015979023005157328,0.06391609202062931,424,0.00491394796314539,0.4206794395110657,true
intermittent_v2,42,overall,overall,37,86285,6,0.000017384249869618125,0.0000695369994784725,1,0.000011589499913078751,0.513684039314588,true
intermittent_v2,42,overall,overall,38,86285,124,0.00035927449730544127,0.001437097989221765,27,0.0003129164976531263,0.4602419200443452,true
intermittent_v2,42,overall,overall,39,86285,23989,0.06950512835371153,0.2780205134148461,3371,0.03906820420698847,0.3097174394770322,true
intermittent_v2,42,overall,overall,40,86285,356,0.0010314654922640087,0.004125861969056035,36,0.000417221996870835,0.39355129756954277,true
intermittent_v2,42,overall,overall,41,86285,1185,0.00343338934924958,0.01373355739699832,28,0.00032450599756620504,0.2733838557442532,true
intermittent_v2,42,overall,overall,42,86285,17,0.00004925537463058469,0.00019702149852233875,3,0.00003476849973923625,0.45708307799171,true
intermittent_v2,42,overall,overall,43,86285,689,0.0019962913600278147,0.007985165440111259,63,0.0007301384945239612,0.34509640847736933,true
intermittent_v2,42,overall,overall,44,86285,0,0.0,0.0,0,0.0,0.0,false
intermittent_v2,42,overall,overall,45,86285,150,0.00043460624674045313,0.0017384249869618125,6,0.0000695369994784725,0.3893268958727519,true
intermittent_v2,42,overall,overall,46,86285,61,0.00017673987367445096,0.0007069594946978038,3,0.00003476849973923625,0.513643709851093,true
intermittent_v2,42,overall,overall,47,86285,0,0.0,0.0,0,0.0,0.0,false
intermittent_v2,42,overall,overall,48,86285,451,0.0013067161151996292,0.005226864460798517,64,0.0007417279944370401,0.575441463162788,true
intermittent_v2,42,overall,overall,49,86285,33,0.0000956133742828997,0.0003824534971315988,6,0.0000695369994784725,0.4545441134409471,true
intermittent_v2,42,overall,overall,50,86285,17,0.00004925537463058469,0.00019702149852233875,1,0.000011589499913078751,0.49653955592828636,true
intermittent_v2,42,overall,overall,51,86285,40607,0.1176537057425972,0.4706148229703888,12957,0.15016515037376138,0.42016278998872386,true
intermittent_v2,42,overall,overall,52,86285,576,0.00166888798748334,0.00667555194993336,56,0.0006490119951324101,0.39238062635478044,true
intermittent_v2,42,overall,overall,53,86285,13826,0.0400591064495567,0.1602364257982268,2198,0.025473720808947095,0.3022844450364802,true
intermittent_v2,42,overall,overall,54,86285,39800,0.11531552413513357,0.4612620965405343,19944,0.2311409862664426,0.30583307087149975,true
intermittent_v2,42,overall,overall,55,86285,1225,0.0035492843483803673,0.01419713739352147,88,0.0010198759923509301,0.5701858856483382,true
intermittent_v2,42,overall,overall,56,86285,66,0.0001912267485657994,0.0007649069942631976,3,0.00003476849973923625,0.5442823293534192,true
intermittent_v2,42,overall,overall,57,86285,642,0.0018601147360491396,0.007440458944196558,46,0.0005331169960016226,0.5433937981724739,true
intermittent_v2,42,overall,overall,58,86285,39,0.00011299762415251781,0.00045199049661007125,0,0.0,0.4152962538676384,true
intermittent_v2,42,overall,overall,59,86285,181,0.0005244248710668135,0.002097699484267254,9,0.00010430549921770876,0.31492316368864387,true
intermittent_v2,42,overall,overall,60,86285,608,0.0017616039867879702,0.007046415947151881,10,0.0001158949991307875,0.3439615835974875,true
intermittent_v2,42,overall,overall,61,86285,947,0.002743814104421394,0.010975256417685576,36,0.000417221996870835,0.35545152205474273,true
intermittent_v2,42,overall,overall,62,86285,27313,0.07913600278147997,0.3165440111259199,2380,0.027583009793127427,0.40837648959282585,true
intermittent_v2,42,overall,overall,63,86285,52,0.00015066349887002376,0.000602653995480095,8,0.00009271599930463001,0.46624911347260845,true
intermittent_v2,42,quantity,gt_p99,0,1141,0,0.0,0.0,0,0.0,0.0,false
intermittent_v2,42,quantity,gt_p99,1,1141,0,0.0,0.0,0,0.0,0.0,false
intermittent_v2,42,quantity,gt_p99,2,1141,0,0.0,0.0,0,0.0,0.0,false
intermittent_v2,42,quantity,gt_p99,3,1141,0,0.0,0.0,0,0.0,0.0,false
intermittent_v2,42,quantity,gt_p99,4,1141,0,0.0,0.0,0,0.0,0.0,false
intermittent_v2,42,quantity,gt_p99,5,1141,0,0.0,0.0,0,0.0,0.0,false
intermittent_v2,42,quantity,gt_p99,6,1141,0,0.0,0.0,0,0.0,0.0,false
intermittent_v2,42,quantity,gt_p99,7,1141,0,0.0,0.0,0,0.0,0.0,false
intermittent_v2,42,quantity,gt_p99,8,1141,895,0.19609991235758106,0.7843996494303243,4,0.0035056967572304996,0.30977944212252867,true
intermittent_v2,42,quantity,gt_p99,9,1141,0,0.0,0.0,0,0.0,0.0,false
intermittent_v2,42,quantity,gt_p99,10,1141,0,0.0,0.0,0,0.0,0.0,false
intermittent_v2,42,quantity,gt_p99,11,1141,0,0.0,0.0,0,0.0,0.0,false
intermittent_v2,42,quantity,gt_p99,12,1141,0,0.0,0.0,0,0.0,0.0,false
intermittent_v2,42,quantity,gt_p99,13,1141,0,0.0,0.0,0,0.0,0.0,false
intermittent_v2,42,quantity,gt_p99,14,1141,0,0.0,0.0,0,0.0,0.0,false
intermittent_v2,42,quantity,gt_p99,15,1141,0,0.0,0.0,0,0.0,0.0,false
intermittent_v2,42,quantity,gt_p99,16,1141,0,0.0,0.0,0,0.0,0.0,false
intermittent_v2,42,quantity,gt_p99,17,1141,0,0.0,0.0,0,0.0,0.0,false
intermittent_v2,42,quantity,gt_p99,18,1141,0,0.0,0.0,0,0.0,0.0,false
intermittent_v2,42,quantity,gt_p99,19,1141,0,0.0,0.0,0,0.0,0.0,false
intermittent_v2,42,quantity,gt_p99,20,1141,0,0.0,0.0,0,0.0,0.0,false
intermittent_v2,42,quantity,gt_p99,21,1141,1141,0.25,1.0,77,0.06748466257668712,0.3093053080814121,true
intermittent_v2,42,quantity,gt_p99,22,1141,0,0.0,0.0,0,0.0,0.0,false
intermittent_v2,42,quantity,gt_p99,23,1141,0,0.0,0.0,0,0.0,0.0,false
intermittent_v2,42,quantity,gt_p99,24,1141,0,0.0,0.0,0,0.0,0.0,false
intermittent_v2,42,quantity,gt_p99,25,1141,0,0.0,0.0,0,0.0,0.0,false
intermittent_v2,42,quantity,gt_p99,26,1141,0,0.0,0.0,0,0.0,0.0,false
intermittent_v2,42,quantity,gt_p99,27,1141,0,0.0,0.0,0,0.0,0.0,false
intermittent_v2,42,quantity,gt_p99,28,1141,463,0.10144609991235758,0.4057843996494303,0,0.0,0.30725674141302994,true
intermittent_v2,42,quantity,gt_p99,29,1141,0,0.0,0.0,0,0.0,0.0,false
intermittent_v2,42,quantity,gt_p99,30,1141,0,0.0,0.0,0,0.0,0.0,false
intermittent_v2,42,quantity,gt_p99,31,1141,0,0.0,0.0,0,0.0,0.0,false
intermittent_v2,42,quantity,gt_p99,32,1141,0,0.0,0.0,0,0.0,0.0,false
intermittent_v2,42,quantity,gt_p99,33,1141,0,0.0,0.0,0,0.0,0.0,false
intermittent_v2,42,quantity,gt_p99,34,1141,0,0.0,0.0,0,0.0,0.0,false
intermittent_v2,42,quantity,gt_p99,35,1141,0,0.0,0.0,0,0.0,0.0,false
intermittent_v2,42,quantity,gt_p99,36,1141,0,0.0,0.0,0,0.0,0.0,false
intermittent_v2,42,quantity,gt_p99,37,1141,0,0.0,0.0,0,0.0,0.0,false
intermittent_v2,42,quantity,gt_p99,38,1141,0,0.0,0.0,0,0.0,0.0,false
intermittent_v2,42,quantity,gt_p99,39,1141,0,0.0,0.0,0,0.0,0.0,false
intermittent_v2,42,quantity,gt_p99,40,1141,0,0.0,0.0,0,0.0,0.0,false
intermittent_v2,42,quantity,gt_p99,41,1141,0,0.0,0.0,0,0.0,0.0,false
intermittent_v2,42,quantity,gt_p99,42,1141,0,0.0,0.0,0,0.0,0.0,false
intermittent_v2,42,quantity,gt_p99,43,1141,0,0.0,0.0,0,0.0,0.0,false
intermittent_v2,42,quantity,gt_p99,44,1141,0,0.0,0.0,0,0.0,0.0,false
intermittent_v2,42,quantity,gt_p99,45,1141,0,0.0,0.0,0,0.0,0.0,false
intermittent_v2,42,quantity,gt_p99,46,1141,0,0.0,0.0,0,0.0,0.0,false
intermittent_v2,42,quantity,gt_p99,47,1141,0,0.0,0.0,0,0.0,0.0,false
intermittent_v2,42,quantity,gt_p99,48,1141,0,0.0,0.0,0,0.0,0.0,false
intermittent_v2,42,quantity,gt_p99,49,1141,0,0.0,0.0,0,0.0,0.0,false
intermittent_v2,42,quantity,gt_p99,50,1141,0,0.0,0.0,0,0.0,0.0,false
intermittent_v2,42,quantity,gt_p99,51,1141,1133,0.24824715162138475,0.992988606485539,790,0.6923751095530236,0.3118005117429429,true
intermittent_v2,42,quantity,gt_p99,52,1141,0,0.0,0.0,0,0.0,0.0,false
intermittent_v2,42,quantity,gt_p99,53,1141,0,0.0,0.0,0,0.0,0.0,false
intermittent_v2,42,quantity,gt_p99,54,1141,0,0.0,0.0,0,0.0,0.0,false
intermittent_v2,42,quantity,gt_p99,55,1141,0,0.0,0.0,0,0.0,0.0,false
intermittent_v2,42,quantity,gt_p99,56,1141,0,0.0,0.0,0,0.0,0.0,false
intermittent_v2,42,quantity,gt_p99,57,1141,0,0.0,0.0,0,0.0,0.0,false
intermittent_v2,42,quantity,gt_p99,58,1141,0,0.0,0.0,0,0.0,0.0,false
intermittent_v2,42,quantity,gt_p99,59,1141,0,0.0,0.0,0,0.0,0.0,false
intermittent_v2,42,quantity,gt_p99,60,1141,0,0.0,0.0,0,0.0,0.0,false
intermittent_v2,42,quantity,gt_p99,61,1141,0,0.0,0.0,0,0.0,0.0,false
intermittent_v2,42,quantity,gt_p99,62,1141,932,0.2042068361086766,0.8168273444347064,270,0.2366345311130587,0.3080928178879836,true
intermittent_v2,42,quantity,gt_p99,63,1141,0,0.0,0.0,0,0.0,0.0,false
intermittent_v2,42,quantity,le_p50,0,45036,0,0.0,0.0,0,0.0,0.0,false
intermittent_v2,42,quantity,le_p50,1,45036,2781,0.015437649880095923,0.06175059952038369,11,0.0002442490452082778,0.2926091550521523,true
intermittent_v2,42,quantity,le_p50,2,45036,151,0.0008382183142374989,0.0033528732569499957,15,0.0003330668798294698,0.4395286456638614,true
intermittent_v2,42,quantity,le_p50,3,45036,0,0.0,0.0,0,0.0,0.0,false
intermittent_v2,42,quantity,le_p50,4,45036,35,0.00019428901323385737,0.0007771560529354295,4,0.00008881783462119193,0.5334064151559558,true
intermittent_v2,42,quantity,le_p50,5,45036,292,0.0016209254818367528,0.006483701927347011,7,0.0001554312105870859,0.5412860087131801,true
intermittent_v2,42,quantity,le_p50,6,45036,11,0.00006106226130206945,0.0002442490452082778,0,0.0,0.4083536511117762,true
intermittent_v2,42,quantity,le_p50,7,45036,0,0.0,0.0,0,0.0,0.0,false
intermittent_v2,42,quantity,le_p50,8,45036,462,0.0025646149746869173,0.01025845989874767,116,0.002575717204014566,0.5624102364370833,true
intermittent_v2,42,quantity,le_p50,9,45036,28,0.0001554312105870859,0.0006217248423483436,10,0.00022204458655297984,0.27450645342469215,true
intermittent_v2,42,quantity,le_p50,10,45036,271,0.0015043520738964385,0.006017408295585754,0,0.0,0.24463343271140242,true
intermittent_v2,42,quantity,le_p50,11,45036,30473,0.16915911715072388,0.6766364686028955,4918,0.10920152766675549,0.3000402955717147,true
intermittent_v2,42,quantity,le_p50,12,45036,465,0.002581268318678391,0.010325073274713563,194,0.0043076649791278085,0.5407843470573426,true
intermittent_v2,42,quantity,le_p50,13,45036,492,0.002731148414601652,0.010924593658406609,14,0.0003108624211741718,0.32458157031759016,true
intermittent_v2,42,quantity,le_p50,14,45036,1466,0.008137934097166712,0.032551736388666846,33,0.0007327471356248335,0.2884689024147688,true
intermittent_v2,42,quantity,le_p50,15,45036,11,0.00006106226130206945,0.0002442490452082778,3,0.00006661337596589395,0.4326878948645158,true
intermittent_v2,42,quantity,le_p50,16,45036,1049,0.005823119282351896,0.023292477129407584,344,0.007638333777422506,0.5602075350750504,true
intermittent_v2,42,quantity,le_p50,17,45036,4,0.000022204458655297982,0.00008881783462119193,0,0.0,0.4773021638393402,true
intermittent_v2,42,quantity,le_p50,18,45036,1207,0.006700195399236167,0.026800781596944667,432,0.009592326139088728,0.5319038762741081,true
intermittent_v2,42,quantity,le_p50,19,45036,504,0.002797761790567546,0.011191047162270184,11,0.0002442490452082778,0.3324670647049234,true
intermittent_v2,42,quantity,le_p50,20,45036,2115,0.011740607513988808,0.04696243005595523,111,0.002464694910738076,0.3097396215155333,true
intermittent_v2,42,quantity,le_p50,21,45036,78,0.00043298694377831066,0.0017319477751132426,0,0.0,0.5679512004821728,true
intermittent_v2,42,quantity,le_p50,22,45036,10312,0.0572430944133582,0.2289723776534328,106,0.0023536726174615864,0.2784103654921806,true
intermittent_v2,42,quantity,le_p50,23,45036,2,0.000011102229327648991,0.000044408917310595964,0,0.0,0.36586181819438934,true
intermittent_v2,42,quantity,le_p50,24,45036,0,0.0,0.0,0,0.0,0.0,false
intermittent_v2,42,quantity,le_p50,25,45036,483,0.0026811883826272317,0.010724753530508927,33,0.0007327471356248335,0.5586804922816669,true
intermittent_v2,42,quantity,le_p50,26,45036,37872,0.21023181454836132,0.8409272581934453,11481,0.25492938982147617,0.3033096137457383,true
intermittent_v2,42,quantity,le_p50,27,45036,845,0.004690691890931699,0.018762767563726798,132,0.002930988542499334,0.5273827991718372,true
intermittent_v2,42,quantity,le_p50,28,45036,453,0.0025146549427124965,0.010058619770849986,44,0.0009769961808331112,0.5325394053727586,true
intermittent_v2,42,quantity,le_p50,29,45036,971,0.005390132338573586,0.021560529354294342,120,0.002664535038635758,0.430931176065662,true
intermittent_v2,42,quantity,le_p50,30,45036,219,0.0012156941113775645,0.004862776445510258,1,0.000022204458655297982,0.2732963508258672,true
intermittent_v2,42,quantity,le_p50,31,45036,0,0.0,0.0,0,0.0,0.0,false
intermittent_v2,42,quantity,le_p50,32,45036,7,0.00003885780264677147,0.0001554312105870859,0,0.0,0.3931105690343039,true
intermittent_v2,42,quantity,le_p50,33,45036,1073,0.005956346034283684,0.023825384137134736,4,0.00008881783462119193,0.343418167395394,true
intermittent_v2,42,quantity,le_p50,34,45036,197,0.0010935695887734258,0.004374278355093703,28,0.0006217248423483436,0.5022292200683942,true
intermittent_v2,42,quantity,le_p50,35,45036,118,0.0006550315303312905,0.002620126121325162,19,0.0004218847144506617,0.4854946010193582,true
intermittent_v2,42,quantity,le_p50,36,45036,463,0.0025701660893507417,0.010280664357402967,46,0.0010214050981437073,0.5298832376240139,true
intermittent_v2,42,quantity,le_p50,37,45036,6,0.000033306687982946975,0.0001332267519317879,1,0.000022204458655297982,0.513684039314588,true
intermittent_v2,42,quantity,le_p50,38,45036,101,0.0005606625810462741,0.0022426503241850964,27,0.0005995203836930455,0.4669764868103632,true
intermittent_v2,42,quantity,le_p50,39,45036,23951,0.1329547473132605,0.531818989253042,3371,0.0748512301270095,0.3097663838897728,true
intermittent_v2,42,quantity,le_p50,40,45036,2,0.000011102229327648991,0.000044408917310595964,0,0.0,0.5694909989833832,true
intermittent_v2,42,quantity,le_p50,41,45036,1138,0.006317168487432277,0.025268673949729106,23,0.0005107025490718537,0.2717653151686665,true
intermittent_v2,42,quantity,le_p50,42,45036,17,0.00009436894928501643,0.0003774757971400657,3,0.00006661337596589395,0.45708307799171,true
intermittent_v2,42,quantity,le_p50,43,45036,430,0.0023869793054445334,0.009547917221778134,32,0.0007105426769695354,0.32927382428978763,true
intermittent_v2,42,quantity,le_p50,44,45036,0,0.0,0.0,0,0.0,0.0,false
intermittent_v2,42,quantity,le_p50,45,45036,34,0.00018873789857003285,0.0007549515942801314,0,0.0,0.48448341997230754,true
intermittent_v2,42,quantity,le_p50,46,45036,61,0.00033861799449329423,0.001354471977973177,3,0.00006661337596589395,0.513643709851093,true
intermittent_v2,42,quantity,le_p50,47,45036,0,0.0,0.0,0,0.0,0.0,false
intermittent_v2,42,quantity,le_p50,48,45036,447,0.0024813482547295495,0.009925393018918198,64,0.0014210853539390709,0.576473101806854,true
intermittent_v2,42,quantity,le_p50,49,45036,20,0.00011102229327648992,0.0004440891731059597,5,0.00011102229327648992,0.4828741282224655,true
intermittent_v2,42,quantity,le_p50,50,45036,17,0.00009436894928501643,0.0003774757971400657,1,0.000022204458655297982,0.49653955592828636,true
intermittent_v2,42,quantity,le_p50,51,45036,1687,0.009364730437871924,0.0374589217514877,954,0.021183053557154278,0.5711022968573477,true
intermittent_v2,42,quantity,le_p50,52,45036,151,0.0008382183142374989,0.0033528732569499957,0,0.0,0.5199599070659536,true
intermittent_v2,42,quantity,le_p50,53,45036,13823,0.07673305799804601,0.30693223199218406,2197,0.04878319566568967,0.3022762552536509,true
intermittent_v2,42,quantity,le_p50,54,45036,39716,0.22046806998845367,0.8818722799538147,19926,0.44244604316546765,0.30577345036530373,true
intermittent_v2,42,quantity,le_p50,55,45036,1193,0.006622479793942624,0.026489919175770496,87,0.0019317879030109246,0.5697952970325297,true
intermittent_v2,42,quantity,le_p50,56,45036,65,0.0003608224531485922,0.001443289812594369,3,0.00006661337596589395,0.5423452831231631,true
intermittent_v2,42,quantity,le_p50,57,45036,541,0.003003153033129052,0.012012612132516209,38,0.0008437694289013234,0.5556836692606014,true
intermittent_v2,42,quantity,le_p50,58,45036,39,0.00021649347188915533,0.0008659738875566213,0,0.0,0.4152962538676384,true
intermittent_v2,42,quantity,le_p50,59,45036,179,0.0009936495248245847,0.003974598099298339,9,0.00019984012789768185,0.31526485160409407,true
intermittent_v2,42,quantity,le_p50,60,45036,607,0.003369526600941469,0.013478106403765877,10,0.00022204458655297984,0.3440611876019536,true
intermittent_v2,42,quantity,le_p50,61,45036,946,0.005251354471977973,0.021005417887911892,36,0.0007993605115907274,0.3554197755852915,true
intermittent_v2,42,quantity,le_p50,62,45036,11,0.00006106226130206945,0.0002442490452082778,1,0.000022204458655297982,0.5498769608410922,true
intermittent_v2,42,quantity,le_p50,63,45036,52,0.0002886579625188738,0.0011546318500754952,8,0.00017763566924238386,0.46624911347260845,true
intermittent_v2,42,quantity,p50_p90,0,29579,0,0.0,0.0,0,0.0,0.0,false
intermittent_v2,42,quantity,p50_p90,1,29579,3,0.000025355826768991516,0.00010142330707596606,0,0.0,0.30130061507225037,true
intermittent_v2,42,quantity,p50_p90,2,29579,36,0.0003042699212278982,0.0012170796849115928,1,0.000033807769025322016,0.4171205485860507,true
intermittent_v2,42,quantity,p50_p90,3,29579,0,0.0,0.0,0,0.0,0.0,false
intermittent_v2,42,quantity,p50_p90,4,29579,368,0.0031103147503296256,0.012441259001318502,3,0.00010142330707596606,0.43491411273894104,true
intermittent_v2,42,quantity,p50_p90,5,29579,63,0.0005324723621488218,0.002129889448595287,6,0.00020284661415193213,0.48163050413131714,true
intermittent_v2,42,quantity,p50_p90,6,29579,13,0.00010987524933229656,0.00043950099732918625,0,0.0,0.37799882888793945,true
intermittent_v2,42,quantity,p50_p90,7,29579,0,0.0,0.0,0,0.0,0.0,false
intermittent_v2,42,quantity,p50_p90,8,29579,7233,0.061132898340038544,0.24453159336015418,968,0.03272592041651171,0.4360447117159282,true
intermittent_v2,42,quantity,p50_p90,9,29579,120,0.0010142330707596605,0.004056932283038642,36,0.0012170796849115928,0.37209083636601764,true
intermittent_v2,42,quantity,p50_p90,10,29579,0,0.0,0.0,0,0.0,0.0,false
intermittent_v2,42,quantity,p50_p90,11,29579,42,0.0003549815747658812,0.0014199262990635248,10,0.0003380776902532202,0.41355918454272406,true
intermittent_v2,42,quantity,p50_p90,12,29579,46,0.0003887893437912032,0.0015551573751648128,1,0.000033807769025322016,0.41947601994742517,true
intermittent_v2,42,quantity,p50_p90,13,29579,55,0.00046485682409817776,0.001859427296392711,11,0.0003718854592785422,0.3969425065950914,true
intermittent_v2,42,quantity,p50_p90,14,29579,0,0.0,0.0,0,0.0,0.0,false
intermittent_v2,42,quantity,p50_p90,15,29579,2,0.000016903884512661008,0.00006761553805064403,1,0.000033807769025322016,0.37473444640636444,true
intermittent_v2,42,quantity,p50_p90,16,29579,3115,0.02632780012846952,0.10531120051387809,985,0.03330065248994219,0.4399063503187311,true
intermittent_v2,42,quantity,p50_p90,17,29579,11,0.00009297136481963555,0.0003718854592785422,2,0.00006761553805064403,0.42682604627175763,true
intermittent_v2,42,quantity,p50_p90,18,29579,420,0.003549815747658812,0.014199262990635248,73,0.0024679671388485075,0.4157619242866834,true
intermittent_v2,42,quantity,p50_p90,19,29579,2,0.000016903884512661008,0.00006761553805064403,0,0.0,0.4555957019329071,true
intermittent_v2,42,quantity,p50_p90,20,29579,2,0.000016903884512661008,0.00006761553805064403,0,0.0,0.3420627862215042,true
intermittent_v2,42,quantity,p50_p90,21,29579,27944,0.23618107441089964,0.9447242976435986,17110,0.5784509280232597,0.4326299356524357,true
intermittent_v2,42,quantity,p50_p90,22,29579,4,0.000033807769025322016,0.00013523107610128807,0,0.0,0.27201953902840614,true
intermittent_v2,42,quantity,p50_p90,23,29579,503,0.004251326954934244,0.017005307819736977,109,0.0036850468237601,0.4121066409776035,true
intermittent_v2,42,quantity,p50_p90,24,29579,0,0.0,0.0,0,0.0,0.0,false
intermittent_v2,42,quantity,p50_p90,25,29579,16,0.00013523107610128807,0.0005409243044051523,3,0.00010142330707596606,0.3680444322526455,true
intermittent_v2,42,quantity,p50_p90,26,29579,147,0.0012424355116805843,0.004969742046722337,61,0.002062273910544643,0.3150236160576749,true
intermittent_v2,42,quantity,p50_p90,27,29579,143,0.0012086277426552623,0.004834510970621049,27,0.0009128097636836945,0.36448701778491893,true
intermittent_v2,42,quantity,p50_p90,28,29579,25950,0.2193279015517766,0.8773116062071064,1195,0.04040028398525981,0.42874790284789827,true
intermittent_v2,42,quantity,p50_p90,29,29579,229,0.0019354947766996855,0.007741979106798742,60,0.002028466141519321,0.36515132666415,true
intermittent_v2,42,quantity,p50_p90,30,29579,5,0.000042259711281652524,0.0001690388451266101,2,0.00006761553805064403,0.3586315393447876,true
intermittent_v2,42,quantity,p50_p90,31,29579,0,0.0,0.0,0,0.0,0.0,false
intermittent_v2,42,quantity,p50_p90,32,29579,33,0.00027891409445890663,0.0011156563778356265,1,0.000033807769025322016,0.41094999692656775,true
intermittent_v2,42,quantity,p50_p90,33,29579,12,0.00010142330707596606,0.00040569322830386425,0,0.0,0.46739329894383747,true
intermittent_v2,42,quantity,p50_p90,34,29579,4,0.000033807769025322016,0.00013523107610128807,0,0.0,0.51179488748312,true
intermittent_v2,42,quantity,p50_p90,35,29579,204,0.001724196220291423,0.006896784881165692,35,0.0011832719158862708,0.4263521431415689,true
intermittent_v2,42,quantity,p50_p90,36,29579,4814,0.04068765002197505,0.1627506000879002,378,0.012779336691571724,0.4113933663949909,true
intermittent_v2,42,quantity,p50_p90,37,29579,0,0.0,0.0,0,0.0,0.0,false
intermittent_v2,42,quantity,p50_p90,38,29579,23,0.0001943946718956016,0.0007775786875824064,0,0.0,0.4306683877240057,true
intermittent_v2,42,quantity,p50_p90,39,29579,38,0.0003211738057405592,0.0012846952229622368,0,0.0,0.27886829133096497,true
intermittent_v2,42,quantity,p50_p90,40,29579,351,0.0029666317319720073,0.011866526927888029,36,0.0012170796849115928,0.39236189420746265,true
intermittent_v2,42,quantity,p50_p90,41,29579,47,0.00039724128604753375,0.001588965144190135,5,0.0001690388451266101,0.3125731998935659,true
intermittent_v2,42,quantity,p50_p90,42,29579,0,0.0,0.0,0,0.0,0.0,false
intermittent_v2,42,quantity,p50_p90,43,29579,259,0.0021890530443896008,0.008756212177558403,31,0.0010480408397849825,0.3713655636922733,true
intermittent_v2,42,quantity,p50_p90,44,29579,0,0.0,0.0,0,0.0,0.0,false
intermittent_v2,42,quantity,p50_p90,45,29579,116,0.0009804253017343385,0.003921701206937354,6,0.00020284661415193213,0.36143619053322695,true
intermittent_v2,42,quantity,p50_p90,46,29579,0,0.0,0.0,0,0.0,0.0,false
intermittent_v2,42,quantity,p50_p90,47,29579,0,0.0,0.0,0,0.0,0.0,false
intermittent_v2,42,quantity,p50_p90,48,29579,4,0.000033807769025322016,0.00013523107610128807,0,0.0,0.4601558446884155,true
intermittent_v2,42,quantity,p50_p90,49,29579,13,0.00010987524933229656,0.00043950099732918625,1,0.000033807769025322016,0.4109594753155342,true
intermittent_v2,42,quantity,p50_p90,50,29579,0,0.0,0.0,0,0.0,0.0,false
intermittent_v2,42,quantity,p50_p90,51,29579,27306,0.23078873525136076,0.923154941005443,6847,0.23148179451637987,0.42917326079513846,true
intermittent_v2,42,quantity,p50_p90,52,29579,425,0.0035920754589404643,0.014368301835761857,56,0.001893235065418033,0.34705245838445775,true
intermittent_v2,42,quantity,p50_p90,53,29579,3,0.000025355826768991516,0.00010142330707596606,1,0.000033807769025322016,0.3400202343861262,true
intermittent_v2,42,quantity,p50_p90,54,29579,84,0.0007099631495317624,0.0028398525981270495,18,0.0006085398424557964,0.3340222140153249,true
intermittent_v2,42,quantity,p50_p90,55,29579,32,0.00027046215220257613,0.0010818486088103045,1,0.000033807769025322016,0.5847475174814463,true
intermittent_v2,42,quantity,p50_p90,56,29579,1,8.451942256330504e-6,0.000033807769025322016,0,0.0,0.6701903343200684,true
intermittent_v2,42,quantity,p50_p90,57,29579,101,0.000853646167889381,0.003414584671557524,8,0.00027046215220257613,0.4775638946212164,true
intermittent_v2,42,quantity,p50_p90,58,29579,0,0.0,0.0,0,0.0,0.0,false
intermittent_v2,42,quantity,p50_p90,59,29579,2,0.000016903884512661008,0.00006761553805064403,0,0.0,0.28434209525585175,true
intermittent_v2,42,quantity,p50_p90,60,29579,1,8.451942256330504e-6,0.000033807769025322016,0,0.0,0.2835019528865814,true
intermittent_v2,42,quantity,p50_p90,61,29579,1,8.451942256330504e-6,0.000033807769025322016,0,0.0,0.38548368215560913,true
intermittent_v2,42,quantity,p50_p90,62,29579,17970,0.15188140234625916,0.6075256093850366,1491,0.05040738361675513,0.4282847002521779,true
intermittent_v2,42,quantity,p50_p90,63,29579,0,0.0,0.0,0,0.0,0.0,false
intermittent_v2,42,quantity,p90_p95,0,7124,0,0.0,0.0,0,0.0,0.0,false
intermittent_v2,42,quantity,p90_p95,1,7124,0,0.0,0.0,0,0.0,0.0,false
intermittent_v2,42,quantity,p90_p95,2,7124,0,0.0,0.0,0,0.0,0.0,false
intermittent_v2,42,quantity,p90_p95,3,7124,0,0.0,0.0,0,0.0,0.0,false
intermittent_v2,42,quantity,p90_p95,4,7124,0,0.0,0.0,0,0.0,0.0,false
intermittent_v2,42,quantity,p90_p95,5,7124,0,0.0,0.0,0,0.0,0.0,false
intermittent_v2,42,quantity,p90_p95,6,7124,0,0.0,0.0,0,0.0,0.0,false
intermittent_v2,42,quantity,p90_p95,7,7124,0,0.0,0.0,0,0.0,0.0,false
intermittent_v2,42,quantity,p90_p95,8,7124,1277,0.04481330713082538,0.17925322852330153,31,0.004351487928130264,0.40214228564720184,true
intermittent_v2,42,quantity,p90_p95,9,7124,0,0.0,0.0,0,0.0,0.0,false
intermittent_v2,42,quantity,p90_p95,10,7124,0,0.0,0.0,0,0.0,0.0,false
intermittent_v2,42,quantity,p90_p95,11,7124,0,0.0,0.0,0,0.0,0.0,false
intermittent_v2,42,quantity,p90_p95,12,7124,0,0.0,0.0,0,0.0,0.0,false
intermittent_v2,42,quantity,p90_p95,13,7124,0,0.0,0.0,0,0.0,0.0,false
intermittent_v2,42,quantity,p90_p95,14,7124,0,0.0,0.0,0,0.0,0.0,false
intermittent_v2,42,quantity,p90_p95,15,7124,0,0.0,0.0,0,0.0,0.0,false
intermittent_v2,42,quantity,p90_p95,16,7124,511,0.01793234138124649,0.07172936552498596,109,0.015300393037619315,0.4142938493049308,true
intermittent_v2,42,quantity,p90_p95,17,7124,0,0.0,0.0,0,0.0,0.0,false
intermittent_v2,42,quantity,p90_p95,18,7124,0,0.0,0.0,0,0.0,0.0,false
intermittent_v2,42,quantity,p90_p95,19,7124,0,0.0,0.0,0,0.0,0.0,false
intermittent_v2,42,quantity,p90_p95,20,7124,0,0.0,0.0,0,0.0,0.0,false
intermittent_v2,42,quantity,p90_p95,21,7124,7021,0.24638545760808533,0.9855418304323413,3596,0.5047725996631106,0.4049956181792686,true
intermittent_v2,42,quantity,p90_p95,22,7124,0,0.0,0.0,0,0.0,0.0,false
intermittent_v2,42,quantity,p90_p95,23,7124,0,0.0,0.0,0,0.0,0.0,false
intermittent_v2,42,quantity,p90_p95,24,7124,0,0.0,0.0,0,0.0,0.0,false
intermittent_v2,42,quantity,p90_p95,25,7124,0,0.0,0.0,0,0.0,0.0,false
intermittent_v2,42,quantity,p90_p95,26,7124,0,0.0,0.0,0,0.0,0.0,false
intermittent_v2,42,quantity,p90_p95,27,7124,0,0.0,0.0,0,0.0,0.0,false
intermittent_v2,42,quantity,p90_p95,28,7124,6927,0.24308674901740596,0.9723469960696238,919,0.12900056148231331,0.40165082298695687,true
intermittent_v2,42,quantity,p90_p95,29,7124,0,0.0,0.0,0,0.0,0.0,false
intermittent_v2,42,quantity,p90_p95,30,7124,0,0.0,0.0,0,0.0,0.0,false
intermittent_v2,42,quantity,p90_p95,31,7124,0,0.0,0.0,0,0.0,0.0,false
intermittent_v2,42,quantity,p90_p95,32,7124,0,0.0,0.0,0,0.0,0.0,false
intermittent_v2,42,quantity,p90_p95,33,7124,0,0.0,0.0,0,0.0,0.0,false
intermittent_v2,42,quantity,p90_p95,34,7124,0,0.0,0.0,0,0.0,0.0,false
intermittent_v2,42,quantity,p90_p95,35,7124,0,0.0,0.0,0,0.0,0.0,false
intermittent_v2,42,quantity,p90_p95,36,7124,227,0.007966030320044918,0.03186412128017967,0,0.0,0.39520365551179726,true
intermittent_v2,42,quantity,p90_p95,37,7124,0,0.0,0.0,0,0.0,0.0,false
intermittent_v2,42,quantity,p90_p95,38,7124,0,0.0,0.0,0,0.0,0.0,false
intermittent_v2,42,quantity,p90_p95,39,7124,0,0.0,0.0,0,0.0,0.0,false
intermittent_v2,42,quantity,p90_p95,40,7124,3,0.00010527793374508703,0.0004211117349803481,0,0.0,0.4154183566570282,true
intermittent_v2,42,quantity,p90_p95,41,7124,0,0.0,0.0,0,0.0,0.0,false
intermittent_v2,42,quantity,p90_p95,42,7124,0,0.0,0.0,0,0.0,0.0,false
intermittent_v2,42,quantity,p90_p95,43,7124,0,0.0,0.0,0,0.0,0.0,false
intermittent_v2,42,quantity,p90_p95,44,7124,0,0.0,0.0,0,0.0,0.0,false
intermittent_v2,42,quantity,p90_p95,45,7124,0,0.0,0.0,0,0.0,0.0,false
intermittent_v2,42,quantity,p90_p95,46,7124,0,0.0,0.0,0,0.0,0.0,false
intermittent_v2,42,quantity,p90_p95,47,7124,0,0.0,0.0,0,0.0,0.0,false
intermittent_v2,42,quantity,p90_p95,48,7124,0,0.0,0.0,0,0.0,0.0,false
intermittent_v2,42,quantity,p90_p95,49,7124,0,0.0,0.0,0,0.0,0.0,false
intermittent_v2,42,quantity,p90_p95,50,7124,0,0.0,0.0,0,0.0,0.0,false
intermittent_v2,42,quantity,p90_p95,51,7124,7079,0.2484208309938237,0.9936833239752948,2308,0.32397529477821446,0.4028581973396295,true
intermittent_v2,42,quantity,p90_p95,52,7124,0,0.0,0.0,0,0.0,0.0,false
intermittent_v2,42,quantity,p90_p95,53,7124,0,0.0,0.0,0,0.0,0.0,false
intermittent_v2,42,quantity,p90_p95,54,7124,0,0.0,0.0,0,0.0,0.0,false
intermittent_v2,42,quantity,p90_p95,55,7124,0,0.0,0.0,0,0.0,0.0,false
intermittent_v2,42,quantity,p90_p95,56,7124,0,0.0,0.0,0,0.0,0.0,false
intermittent_v2,42,quantity,p90_p95,57,7124,0,0.0,0.0,0,0.0,0.0,false
intermittent_v2,42,quantity,p90_p95,58,7124,0,0.0,0.0,0,0.0,0.0,false
intermittent_v2,42,quantity,p90_p95,59,7124,0,0.0,0.0,0,0.0,0.0,false
intermittent_v2,42,quantity,p90_p95,60,7124,0,0.0,0.0,0,0.0,0.0,false
intermittent_v2,42,quantity,p90_p95,61,7124,0,0.0,0.0,0,0.0,0.0,false
intermittent_v2,42,quantity,p90_p95,62,7124,5451,0.19129000561482312,0.7651600224592925,161,0.022599663110612015,0.3980211071619483,true
intermittent_v2,42,quantity,p90_p95,63,7124,0,0.0,0.0,0,0.0,0.0,false
intermittent_v2,42,quantity,p95_p99,0,3405,0,0.0,0.0,0,0.0,0.0,false
intermittent_v2,42,quantity,p95_p99,1,3405,0,0.0,0.0,0,0.0,0.0,false
intermittent_v2,42,quantity,p95_p99,2,3405,0,0.0,0.0,0,0.0,0.0,false
intermittent_v2,42,quantity,p95_p99,3,3405,0,0.0,0.0,0,0.0,0.0,false
intermittent_v2,42,quantity,p95_p99,4,3405,0,0.0,0.0,0,0.0,0.0,false
intermittent_v2,42,quantity,p95_p99,5,3405,0,0.0,0.0,0,0.0,0.0,false
intermittent_v2,42,quantity,p95_p99,6,3405,0,0.0,0.0,0,0.0,0.0,false
intermittent_v2,42,quantity,p95_p99,7,3405,0,0.0,0.0,0,0.0,0.0,false
intermittent_v2,42,quantity,p95_p99,8,3405,1509,0.11079295154185022,0.4431718061674009,6,0.001762114537444934,0.3311917162478721,true
intermittent_v2,42,quantity,p95_p99,9,3405,0,0.0,0.0,0,0.0,0.0,false
intermittent_v2,42,quantity,p95_p99,10,3405,0,0.0,0.0,0,0.0,0.0,false
intermittent_v2,42,quantity,p95_p99,11,3405,0,0.0,0.0,0,0.0,0.0,false
intermittent_v2,42,quantity,p95_p99,12,3405,0,0.0,0.0,0,0.0,0.0,false
intermittent_v2,42,quantity,p95_p99,13,3405,0,0.0,0.0,0,0.0,0.0,false
intermittent_v2,42,quantity,p95_p99,14,3405,0,0.0,0.0,0,0.0,0.0,false
intermittent_v2,42,quantity,p95_p99,15,3405,0,0.0,0.0,0,0.0,0.0,false
intermittent_v2,42,quantity,p95_p99,16,3405,436,0.032011747430249635,0.12804698972099854,88,0.025844346549192366,0.38342498208678094,true
intermittent_v2,42,quantity,p95_p99,17,3405,0,0.0,0.0,0,0.0,0.0,false
intermittent_v2,42,quantity,p95_p99,18,3405,0,0.0,0.0,0,0.0,0.0,false
intermittent_v2,42,quantity,p95_p99,19,3405,0,0.0,0.0,0,0.0,0.0,false
intermittent_v2,42,quantity,p95_p99,20,3405,0,0.0,0.0,0,0.0,0.0,false
intermittent_v2,42,quantity,p95_p99,21,3405,3376,0.24787077826725404,0.9914831130690162,773,0.22701908957415565,0.3427436070525533,true
intermittent_v2,42,quantity,p95_p99,22,3405,0,0.0,0.0,0,0.0,0.0,false
intermittent_v2,42,quantity,p95_p99,23,3405,0,0.0,0.0,0,0.0,0.0,false
intermittent_v2,42,quantity,p95_p99,24,3405,0,0.0,0.0,0,0.0,0.0,false
intermittent_v2,42,quantity,p95_p99,25,3405,0,0.0,0.0,0,0.0,0.0,false
intermittent_v2,42,quantity,p95_p99,26,3405,0,0.0,0.0,0,0.0,0.0,false
intermittent_v2,42,quantity,p95_p99,27,3405,0,0.0,0.0,0,0.0,0.0,false
intermittent_v2,42,quantity,p95_p99,28,3405,1937,0.1422173274596182,0.5688693098384728,23,0.006754772393538913,0.3459707676564287,true
intermittent_v2,42,quantity,p95_p99,29,3405,0,0.0,0.0,0,0.0,0.0,false
intermittent_v2,42,quantity,p95_p99,30,3405,0,0.0,0.0,0,0.0,0.0,false
intermittent_v2,42,quantity,p95_p99,31,3405,0,0.0,0.0,0,0.0,0.0,false
intermittent_v2,42,quantity,p95_p99,32,3405,0,0.0,0.0,0,0.0,0.0,false
intermittent_v2,42,quantity,p95_p99,33,3405,0,0.0,0.0,0,0.0,0.0,false
intermittent_v2,42,quantity,p95_p99,34,3405,0,0.0,0.0,0,0.0,0.0,false
intermittent_v2,42,quantity,p95_p99,35,3405,0,0.0,0.0,0,0.0,0.0,false
intermittent_v2,42,quantity,p95_p99,36,3405,11,0.0008076358296622614,0.0032305433186490457,0,0.0,0.41384311426769604,true
intermittent_v2,42,quantity,p95_p99,37,3405,0,0.0,0.0,0,0.0,0.0,false
intermittent_v2,42,quantity,p95_p99,38,3405,0,0.0,0.0,0,0.0,0.0,false
intermittent_v2,42,quantity,p95_p99,39,3405,0,0.0,0.0,0,0.0,0.0,false
intermittent_v2,42,quantity,p95_p99,40,3405,0,0.0,0.0,0,0.0,0.0,false
intermittent_v2,42,quantity,p95_p99,41,3405,0,0.0,0.0,0,0.0,0.0,false
intermittent_v2,42,quantity,p95_p99,42,3405,0,0.0,0.0,0,0.0,0.0,false
intermittent_v2,42,quantity,p95_p99,43,3405,0,0.0,0.0,0,0.0,0.0,false
intermittent_v2,42,quantity,p95_p99,44,3405,0,0.0,0.0,0,0.0,0.0,false
intermittent_v2,42,quantity,p95_p99,45,3405,0,0.0,0.0,0,0.0,0.0,false
intermittent_v2,42,quantity,p95_p99,46,3405,0,0.0,0.0,0,0.0,0.0,false
intermittent_v2,42,quantity,p95_p99,47,3405,0,0.0,0.0,0,0.0,0.0,false
intermittent_v2,42,quantity,p95_p99,48,3405,0,0.0,0.0,0,0.0,0.0,false
intermittent_v2,42,quantity,p95_p99,49,3405,0,0.0,0.0,0,0.0,0.0,false
intermittent_v2,42,quantity,p95_p99,50,3405,0,0.0,0.0,0,0.0,0.0,false
intermittent_v2,42,quantity,p95_p99,51,3405,3402,0.2497797356828194,0.9991189427312775,2058,0.6044052863436123,0.3450889536242566,true
intermittent_v2,42,quantity,p95_p99,52,3405,0,0.0,0.0,0,0.0,0.0,false
intermittent_v2,42,quantity,p95_p99,53,3405,0,0.0,0.0,0,0.0,0.0,false
intermittent_v2,42,quantity,p95_p99,54,3405,0,0.0,0.0,0,0.0,0.0,false
intermittent_v2,42,quantity,p95_p99,55,3405,0,0.0,0.0,0,0.0,0.0,false
intermittent_v2,42,quantity,p95_p99,56,3405,0,0.0,0.0,0,0.0,0.0,false
intermittent_v2,42,quantity,p95_p99,57,3405,0,0.0,0.0,0,0.0,0.0,false
intermittent_v2,42,quantity,p95_p99,58,3405,0,0.0,0.0,0,0.0,0.0,false
intermittent_v2,42,quantity,p95_p99,59,3405,0,0.0,0.0,0,0.0,0.0,false
intermittent_v2,42,quantity,p95_p99,60,3405,0,0.0,0.0,0,0.0,0.0,false
intermittent_v2,42,quantity,p95_p99,61,3405,0,0.0,0.0,0,0.0,0.0,false
intermittent_v2,42,quantity,p95_p99,62,3405,2949,0.21651982378854626,0.866079295154185,457,0.1342143906020558,0.33737090157225563,true
intermittent_v2,42,quantity,p95_p99,63,3405,0,0.0,0.0,0,0.0,0.0,false
intermittent_v2,42,quantity_region,body_le_p95,0,81739,0,0.0,0.0,0,0.0,0.0,false
intermittent_v2,42,quantity_region,body_le_p95,1,81739,2784,0.008514907204639157,0.03405962881855663,11,0.0001345746828319407,0.2926185208495878,true
intermittent_v2,42,quantity_region,body_le_p95,2,81739,187,0.0005719424020357479,0.0022877696081429915,16,0.00019574499321009555,0.4352147874028925,true
intermittent_v2,42,quantity_region,body_le_p95,3,81739,0,0.0,0.0,0,0.0,0.0,false
intermittent_v2,42,quantity_region,body_le_p95,4,81739,403,0.0012325817541198204,0.0049303270164792815,7,0.0000856384345294168,0.44346803478508373,true
intermittent_v2,42,quantity_region,body_le_p95,5,81739,355,0.0010857730092122487,0.004343092036848995,13,0.00015904280698320265,0.5306992571958353,true
intermittent_v2,42,quantity_region,body_le_p95,6,81739,24,0.00007340437245378583,0.00029361748981514334,0,0.0,0.39191145574053127,true
intermittent_v2,42,quantity_region,body_le_p95,7,81739,0,0.0,0.0,0,0.0,0.0,false
intermittent_v2,42,quantity_region,body_le_p95,8,81739,8972,0.02744100123564027,0.10976400494256108,1115,0.013640979214328533,0.43772632945237605,true
intermittent_v2,42,quantity_region,body_le_p95,9,81739,148,0.00045266029679834596,0.0018106411871933838,46,0.0005627668554790247,0.35362892607982094,true
intermittent_v2,42,quantity_region,body_le_p95,10,81739,271,0.0008288577056239984,0.0033154308224959935,0,0.0,0.24463343271140242,true
intermittent_v2,42,quantity_region,body_le_p95,11,81739,30515,0.09333060105946978,0.3733224042378791,4928,0.06028945790870943,0.30019653982328875,true
intermittent_v2,42,quantity_region,body_le_p95,12,81739,511,0.0015629014301618567,0.006251605720647427,195,0.0023856421047480396,0.5298642236775848,true
intermittent_v2,42,quantity_region,body_le_p95,13,81739,547,0.0016730079888425354,0.006692031955370142,25,0.0003058515518907743,0.3318573500164248,true
intermittent_v2,42,quantity_region,body_le_p95,14,81739,1466,0.004483783750718751,0.017935135002875004,33,0.00040372404849582205,0.2884689024147688,true
intermittent_v2,42,quantity_region,body_le_p95,15,81739,13,0.00003976070174580066,0.00015904280698320265,4,0.00004893624830252389,0.4237719797171079,true
intermittent_v2,42,quantity_region,body_le_p95,16,81739,4675,0.014298560050893699,0.057194240203574796,1438,0.017592581264757337,0.4641005652473572,true
intermittent_v2,42,quantity_region,body_le_p95,17,81739,15,0.00004587773278361614,0.00018351093113446457,2,0.000024468124151261944,0.44028634428977964,true
intermittent_v2,42,quantity_region,body_le_p95,18,81739,1627,0.004976204749262898,0.019904818997051592,505,0.006178201348193641,0.5019225487788909,true
intermittent_v2,42,quantity_region,body_le_p95,19,81739,506,0.001547608852567318,0.006190435410269272,11,0.0001345746828319407,0.33295373916036997,true
intermittent_v2,42,quantity_region,body_le_p95,20,81739,2117,0.006474877353527692,0.025899509414110768,111,0.0013579808903950378,0.3097701582795446,true
intermittent_v2,42,quantity_region,body_le_p95,21,81739,35043,0.10717955932908403,0.4287182373163361,20706,0.2533184893380149,0.4273944967824078,true
intermittent_v2,42,quantity_region,body_le_p95,22,81739,10316,0.03155164609305228,0.1262065843722091,106,0.001296810580016883,0.278407887467185,true
intermittent_v2,42,quantity_region,body_le_p95,23,81739,505,0.0015445503370484102,0.006178201348193641,109,0.001333512766243776,0.4119234931646007,true
intermittent_v2,42,quantity_region,body_le_p95,24,81739,0,0.0,0.0,0,0.0,0.0,false
intermittent_v2,42,quantity_region,body_le_p95,25,81739,499,0.0015261992439349638,0.006104796975739855,36,0.000440426234722715,0.5525679132025801,true
intermittent_v2,42,quantity_region,body_le_p95,26,81739,38019,0.11628170151335347,0.4651268060534139,11542,0.14120554447693268,0.3033549057928688,true
intermittent_v2,42,quantity_region,body_le_p95,27,81739,988,0.00302181333268085,0.0120872533307234,159,0.0019452158700253245,0.5038057781816253,true
intermittent_v2,42,quantity_region,body_le_p95,28,81739,33330,0.10194032224519507,0.4077612889807803,2158,0.02640110595921164,0.42452696310733484,true
intermittent_v2,42,quantity_region,body_le_p95,29,81739,1200,0.0036702186226892915,0.014680874490757166,180,0.002202131173613575,0.4183781881382068,true
intermittent_v2,42,quantity_region,body_le_p95,30,81739,224,0.0006851074762353344,0.0027404299049413375,3,0.00003670218622689292,0.27520115414102164,true
intermittent_v2,42,quantity_region,body_le_p95,31,81739,0,0.0,0.0,0,0.0,0.0,false
intermittent_v2,42,quantity_region,body_le_p95,32,81739,40,0.00012234062075630972,0.0004893624830252389,1,0.000012234062075630972,0.4078280970454216,true
intermittent_v2,42,quantity_region,body_le_p95,33,81739,1085,0.003318489338014901,0.013273957352059605,4,0.00004893624830252389,0.34478932092404035,true
intermittent_v2,42,quantity_region,body_le_p95,34,81739,201,0.0006147616193004563,0.0024590464772018253,28,0.0003425537381176672,0.5024195816089858,true
intermittent_v2,42,quantity_region,body_le_p95,35,81739,322,0.0009848419970882932,0.003939367988353173,54,0.0006606393520840725,0.44802546621479605,true
intermittent_v2,42,quantity_region,body_le_p95,36,81739,5504,0.016834069416068218,0.06733627766427287,424,0.005187242320067532,0.4206931022250332,true
intermittent_v2,42,quantity_region,body_le_p95,37,81739,6,0.00001835109311344646,0.00007340437245378583,1,0.000012234062075630972,0.513684039314588,true
intermittent_v2,42,quantity_region,body_le_p95,38,81739,124,0.00037925592434456015,0.0015170236973782406,27,0.00033031967604203624,0.4602419200443452,true
intermittent_v2,42,quantity_region,body_le_p95,39,81739,23989,0.07337072878307785,0.2934829151323114,3371,0.041241023256952,0.3097174394770322,true
intermittent_v2,42,quantity_region,body_le_p95,40,81739,356,0.0010888315247311565,0.004355326098924626,36,0.000440426234722715,0.39355129756954277,true
intermittent_v2,42,quantity_region,body_le_p95,41,81739,1185,0.0036243408899056754,0.014497363559622702,28,0.0003425537381176672,0.2733838557442532,true
intermittent_v2,42,quantity_region,body_le_p95,42,81739,17,0.00005199476382143163,0.00020797905528572653,3,0.00003670218622689292,0.45708307799171,true
intermittent_v2,42,quantity_region,body_le_p95,43,81739,689,0.002107317192527435,0.00842926877010974,63,0.0007707459107647512,0.34509640847736933,true
intermittent_v2,42,quantity_region,body_le_p95,44,81739,0,0.0,0.0,0,0.0,0.0,false
intermittent_v2,42,quantity_region,body_le_p95,45,81739,150,0.00045877732783616143,0.0018351093113446457,6,0.00007340437245378583,0.3893268958727519,true
intermittent_v2,42,quantity_region,body_le_p95,46,81739,61,0.0001865694466533723,0.0007462777866134892,3,0.00003670218622689292,0.513643709851093,true
intermittent_v2,42,quantity_region,body_le_p95,47,81739,0,0.0,0.0,0,0.0,0.0,false
intermittent_v2,42,quantity_region,body_le_p95,48,81739,451,0.001379390499027392,0.005517561996109568,64,0.0007829799728403822,0.575441463162788,true
intermittent_v2,42,quantity_region,body_le_p95,49,81739,33,0.00010093101212395551,0.00040372404849582205,6,0.00007340437245378583,0.4545441134409471,true
intermittent_v2,42,quantity_region,body_le_p95,50,81739,17,0.00005199476382143163,0.00020797905528572653,1,0.000012234062075630972,0.49653955592828636,true
intermittent_v2,42,quantity_region,body_le_p95,51,81739,36072,0.1103267717980401,0.4413070871921604,10109,0.12367413352255349,0.43064670140379335,true
intermittent_v2,42,quantity_region,body_le_p95,52,81739,576,0.00176170493889086,0.00704681975556344,56,0.0006851074762353344,0.39238062635478044,true
intermittent_v2,42,quantity_region,body_le_p95,53,81739,13826,0.04228703556441846,0.16914814225767383,2198,0.026890468442236876,0.3022844450364802,true
intermittent_v2,42,quantity_region,body_le_p95,54,81739,39800,0.12172891765252816,0.48691567061011265,19944,0.2439961340363841,0.30583307087149975,true
intermittent_v2,42,quantity_region,body_le_p95,55,81739,1225,0.003746681510661985,0.01498672604264794,88,0.0010765974626555255,0.5701858856483382,true
intermittent_v2,42,quantity_region,body_le_p95,56,81739,66,0.00020186202424791102,0.0008074480969916441,3,0.00003670218622689292,0.5442823293534192,true
intermittent_v2,42,quantity_region,body_le_p95,57,81739,642,0.001963566963138771,0.007854267852555084,46,0.0005627668554790247,0.5433937981724739,true
intermittent_v2,42,quantity_region,body_le_p95,58,81739,39,0.00011928210523740198,0.0004771284209496079,0,0.0,0.4152962538676384,true
intermittent_v2,42,quantity_region,body_le_p95,59,81739,181,0.0005535913089223015,0.002214365235689206,9,0.00011010655868067875,0.31492316368864387,true
intermittent_v2,42,quantity_region,body_le_p95,60,81739,608,0.0018595774354959076,0.0074383097419836305,10,0.00012234062075630972,0.3439615835974875,true
intermittent_v2,42,quantity_region,body_le_p95,61,81739,947,0.0028964141964056326,0.01158565678562253,36,0.000440426234722715,0.35545152205474273,true
intermittent_v2,42,quantity_region,body_le_p95,62,81739,23432,0.07166713563904624,0.28666854255618496,1653,0.020222904611017996,0.421301543412456,true
intermittent_v2,42,quantity_region,body_le_p95,63,81739,52,0.00015904280698320265,0.0006361712279328106,8,0.00009787249660504777,0.46624911347260845,true
intermittent_v2,42,quantity_region,extreme_tail_gt_p99,0,1141,0,0.0,0.0,0,0.0,0.0,false
intermittent_v2,42,quantity_region,extreme_tail_gt_p99,1,1141,0,0.0,0.0,0,0.0,0.0,false
intermittent_v2,42,quantity_region,extreme_tail_gt_p99,2,1141,0,0.0,0.0,0,0.0,0.0,false
intermittent_v2,42,quantity_region,extreme_tail_gt_p99,3,1141,0,0.0,0.0,0,0.0,0.0,false
intermittent_v2,42,quantity_region,extreme_tail_gt_p99,4,1141,0,0.0,0.0,0,0.0,0.0,false
intermittent_v2,42,quantity_region,extreme_tail_gt_p99,5,1141,0,0.0,0.0,0,0.0,0.0,false
intermittent_v2,42,quantity_region,extreme_tail_gt_p99,6,1141,0,0.0,0.0,0,0.0,0.0,false
intermittent_v2,42,quantity_region,extreme_tail_gt_p99,7,1141,0,0.0,0.0,0,0.0,0.0,false
intermittent_v2,42,quantity_region,extreme_tail_gt_p99,8,1141,895,0.19609991235758106,0.7843996494303243,4,0.0035056967572304996,0.30977944212252867,true
intermittent_v2,42,quantity_region,extreme_tail_gt_p99,9,1141,0,0.0,0.0,0,0.0,0.0,false
intermittent_v2,42,quantity_region,extreme_tail_gt_p99,10,1141,0,0.0,0.0,0,0.0,0.0,false
intermittent_v2,42,quantity_region,extreme_tail_gt_p99,11,1141,0,0.0,0.0,0,0.0,0.0,false
intermittent_v2,42,quantity_region,extreme_tail_gt_p99,12,1141,0,0.0,0.0,0,0.0,0.0,false
intermittent_v2,42,quantity_region,extreme_tail_gt_p99,13,1141,0,0.0,0.0,0,0.0,0.0,false
intermittent_v2,42,quantity_region,extreme_tail_gt_p99,14,1141,0,0.0,0.0,0,0.0,0.0,false
intermittent_v2,42,quantity_region,extreme_tail_gt_p99,15,1141,0,0.0,0.0,0,0.0,0.0,false
intermittent_v2,42,quantity_region,extreme_tail_gt_p99,16,1141,0,0.0,0.0,0,0.0,0.0,false
intermittent_v2,42,quantity_region,extreme_tail_gt_p99,17,1141,0,0.0,0.0,0,0.0,0.0,false
intermittent_v2,42,quantity_region,extreme_tail_gt_p99,18,1141,0,0.0,0.0,0,0.0,0.0,false
intermittent_v2,42,quantity_region,extreme_tail_gt_p99,19,1141,0,0.0,0.0,0,0.0,0.0,false
intermittent_v2,42,quantity_region,extreme_tail_gt_p99,20,1141,0,0.0,0.0,0,0.0,0.0,false
intermittent_v2,42,quantity_region,extreme_tail_gt_p99,21,1141,1141,0.25,1.0,77,0.06748466257668712,0.3093053080814121,true
intermittent_v2,42,quantity_region,extreme_tail_gt_p99,22,1141,0,0.0,0.0,0,0.0,0.0,false
intermittent_v2,42,quantity_region,extreme_tail_gt_p99,23,1141,0,0.0,0.0,0,0.0,0.0,false
intermittent_v2,42,quantity_region,extreme_tail_gt_p99,24,1141,0,0.0,0.0,0,0.0,0.0,false
intermittent_v2,42,quantity_region,extreme_tail_gt_p99,25,1141,0,0.0,0.0,0,0.0,0.0,false
intermittent_v2,42,quantity_region,extreme_tail_gt_p99,26,1141,0,0.0,0.0,0,0.0,0.0,false
intermittent_v2,42,quantity_region,extreme_tail_gt_p99,27,1141,0,0.0,0.0,0,0.0,0.0,false
intermittent_v2,42,quantity_region,extreme_tail_gt_p99,28,1141,463,0.10144609991235758,0.4057843996494303,0,0.0,0.30725674141302994,true
intermittent_v2,42,quantity_region,extreme_tail_gt_p99,29,1141,0,0.0,0.0,0,0.0,0.0,false
intermittent_v2,42,quantity_region,extreme_tail_gt_p99,30,1141,0,0.0,0.0,0,0.0,0.0,false
intermittent_v2,42,quantity_region,extreme_tail_gt_p99,31,1141,0,0.0,0.0,0,0.0,0.0,false
intermittent_v2,42,quantity_region,extreme_tail_gt_p99,32,1141,0,0.0,0.0,0,0.0,0.0,false
intermittent_v2,42,quantity_region,extreme_tail_gt_p99,33,1141,0,0.0,0.0,0,0.0,0.0,false
intermittent_v2,42,quantity_region,extreme_tail_gt_p99,34,1141,0,0.0,0.0,0,0.0,0.0,false
intermittent_v2,42,quantity_region,extreme_tail_gt_p99,35,1141,0,0.0,0.0,0,0.0,0.0,false
intermittent_v2,42,quantity_region,extreme_tail_gt_p99,36,1141,0,0.0,0.0,0,0.0,0.0,false
intermittent_v2,42,quantity_region,extreme_tail_gt_p99,37,1141,0,0.0,0.0,0,0.0,0.0,false
intermittent_v2,42,quantity_region,extreme_tail_gt_p99,38,1141,0,0.0,0.0,0,0.0,0.0,false
intermittent_v2,42,quantity_region,extreme_tail_gt_p99,39,1141,0,0.0,0.0,0,0.0,0.0,false
intermittent_v2,42,quantity_region,extreme_tail_gt_p99,40,1141,0,0.0,0.0,0,0.0,0.0,false
intermittent_v2,42,quantity_region,extreme_tail_gt_p99,41,1141,0,0.0,0.0,0,0.0,0.0,false
intermittent_v2,42,quantity_region,extreme_tail_gt_p99,42,1141,0,0.0,0.0,0,0.0,0.0,false
intermittent_v2,42,quantity_region,extreme_tail_gt_p99,43,1141,0,0.0,0.0,0,0.0,0.0,false
intermittent_v2,42,quantity_region,extreme_tail_gt_p99,44,1141,0,0.0,0.0,0,0.0,0.0,false
intermittent_v2,42,quantity_region,extreme_tail_gt_p99,45,1141,0,0.0,0.0,0,0.0,0.0,false
intermittent_v2,42,quantity_region,extreme_tail_gt_p99,46,1141,0,0.0,0.0,0,0.0,0.0,false
intermittent_v2,42,quantity_region,extreme_tail_gt_p99,47,1141,0,0.0,0.0,0,0.0,0.0,false
intermittent_v2,42,quantity_region,extreme_tail_gt_p99,48,1141,0,0.0,0.0,0,0.0,0.0,false
intermittent_v2,42,quantity_region,extreme_tail_gt_p99,49,1141,0,0.0,0.0,0,0.0,0.0,false
intermittent_v2,42,quantity_region,extreme_tail_gt_p99,50,1141,0,0.0,0.0,0,0.0,0.0,false
intermittent_v2,42,quantity_region,extreme_tail_gt_p99,51,1141,1133,0.24824715162138475,0.992988606485539,790,0.6923751095530236,0.3118005117429429,true
intermittent_v2,42,quantity_region,extreme_tail_gt_p99,52,1141,0,0.0,0.0,0,0.0,0.0,false
intermittent_v2,42,quantity_region,extreme_tail_gt_p99,53,1141,0,0.0,0.0,0,0.0,0.0,false
intermittent_v2,42,quantity_region,extreme_tail_gt_p99,54,1141,0,0.0,0.0,0,0.0,0.0,false
intermittent_v2,42,quantity_region,extreme_tail_gt_p99,55,1141,0,0.0,0.0,0,0.0,0.0,false
intermittent_v2,42,quantity_region,extreme_tail_gt_p99,56,1141,0,0.0,0.0,0,0.0,0.0,false
intermittent_v2,42,quantity_region,extreme_tail_gt_p99,57,1141,0,0.0,0.0,0,0.0,0.0,false
intermittent_v2,42,quantity_region,extreme_tail_gt_p99,58,1141,0,0.0,0.0,0,0.0,0.0,false
intermittent_v2,42,quantity_region,extreme_tail_gt_p99,59,1141,0,0.0,0.0,0,0.0,0.0,false
intermittent_v2,42,quantity_region,extreme_tail_gt_p99,60,1141,0,0.0,0.0,0,0.0,0.0,false
intermittent_v2,42,quantity_region,extreme_tail_gt_p99,61,1141,0,0.0,0.0,0,0.0,0.0,false
intermittent_v2,42,quantity_region,extreme_tail_gt_p99,62,1141,932,0.2042068361086766,0.8168273444347064,270,0.2366345311130587,0.3080928178879836,true
intermittent_v2,42,quantity_region,extreme_tail_gt_p99,63,1141,0,0.0,0.0,0,0.0,0.0,false
intermittent_v2,42,quantity_region,tail_p95_p99,0,3405,0,0.0,0.0,0,0.0,0.0,false
intermittent_v2,42,quantity_region,tail_p95_p99,1,3405,0,0.0,0.0,0,0.0,0.0,false
intermittent_v2,42,quantity_region,tail_p95_p99,2,3405,0,0.0,0.0,0,0.0,0.0,false
intermittent_v2,42,quantity_region,tail_p95_p99,3,3405,0,0.0,0.0,0,0.0,0.0,false
intermittent_v2,42,quantity_region,tail_p95_p99,4,3405,0,0.0,0.0,0,0.0,0.0,false
intermittent_v2,42,quantity_region,tail_p95_p99,5,3405,0,0.0,0.0,0,0.0,0.0,false
intermittent_v2,42,quantity_region,tail_p95_p99,6,3405,0,0.0,0.0,0,0.0,0.0,false
intermittent_v2,42,quantity_region,tail_p95_p99,7,3405,0,0.0,0.0,0,0.0,0.0,false
intermittent_v2,42,quantity_region,tail_p95_p99,8,3405,1509,0.11079295154185022,0.4431718061674009,6,0.001762114537444934,0.3311917162478721,true
intermittent_v2,42,quantity_region,tail_p95_p99,9,3405,0,0.0,0.0,0,0.0,0.0,false
intermittent_v2,42,quantity_region,tail_p95_p99,10,3405,0,0.0,0.0,0,0.0,0.0,false
intermittent_v2,42,quantity_region,tail_p95_p99,11,3405,0,0.0,0.0,0,0.0,0.0,false
intermittent_v2,42,quantity_region,tail_p95_p99,12,3405,0,0.0,0.0,0,0.0,0.0,false
intermittent_v2,42,quantity_region,tail_p95_p99,13,3405,0,0.0,0.0,0,0.0,0.0,false
intermittent_v2,42,quantity_region,tail_p95_p99,14,3405,0,0.0,0.0,0,0.0,0.0,false
intermittent_v2,42,quantity_region,tail_p95_p99,15,3405,0,0.0,0.0,0,0.0,0.0,false
intermittent_v2,42,quantity_region,tail_p95_p99,16,3405,436,0.032011747430249635,0.12804698972099854,88,0.025844346549192366,0.38342498208678094,true
intermittent_v2,42,quantity_region,tail_p95_p99,17,3405,0,0.0,0.0,0,0.0,0.0,false
intermittent_v2,42,quantity_region,tail_p95_p99,18,3405,0,0.0,0.0,0,0.0,0.0,false
intermittent_v2,42,quantity_region,tail_p95_p99,19,3405,0,0.0,0.0,0,0.0,0.0,false
intermittent_v2,42,quantity_region,tail_p95_p99,20,3405,0,0.0,0.0,0,0.0,0.0,false
intermittent_v2,42,quantity_region,tail_p95_p99,21,3405,3376,0.24787077826725404,0.9914831130690162,773,0.22701908957415565,0.3427436070525533,true
intermittent_v2,42,quantity_region,tail_p95_p99,22,3405,0,0.0,0.0,0,0.0,0.0,false
intermittent_v2,42,quantity_region,tail_p95_p99,23,3405,0,0.0,0.0,0,0.0,0.0,false
intermittent_v2,42,quantity_region,tail_p95_p99,24,3405,0,0.0,0.0,0,0.0,0.0,false
intermittent_v2,42,quantity_region,tail_p95_p99,25,3405,0,0.0,0.0,0,0.0,0.0,false
intermittent_v2,42,quantity_region,tail_p95_p99,26,3405,0,0.0,0.0,0,0.0,0.0,false
intermittent_v2,42,quantity_region,tail_p95_p99,27,3405,0,0.0,0.0,0,0.0,0.0,false
intermittent_v2,42,quantity_region,tail_p95_p99,28,3405,1937,0.1422173274596182,0.5688693098384728,23,0.006754772393538913,0.3459707676564287,true
intermittent_v2,42,quantity_region,tail_p95_p99,29,3405,0,0.0,0.0,0,0.0,0.0,false
intermittent_v2,42,quantity_region,tail_p95_p99,30,3405,0,0.0,0.0,0,0.0,0.0,false
intermittent_v2,42,quantity_region,tail_p95_p99,31,3405,0,0.0,0.0,0,0.0,0.0,false
intermittent_v2,42,quantity_region,tail_p95_p99,32,3405,0,0.0,0.0,0,0.0,0.0,false
intermittent_v2,42,quantity_region,tail_p95_p99,33,3405,0,0.0,0.0,0,0.0,0.0,false
intermittent_v2,42,quantity_region,tail_p95_p99,34,3405,0,0.0,0.0,0,0.0,0.0,false
intermittent_v2,42,quantity_region,tail_p95_p99,35,3405,0,0.0,0.0,0,0.0,0.0,false
intermittent_v2,42,quantity_region,tail_p95_p99,36,3405,11,0.0008076358296622614,0.0032305433186490457,0,0.0,0.41384311426769604,true
intermittent_v2,42,quantity_region,tail_p95_p99,37,3405,0,0.0,0.0,0,0.0,0.0,false
intermittent_v2,42,quantity_region,tail_p95_p99,38,3405,0,0.0,0.0,0,0.0,0.0,false
intermittent_v2,42,quantity_region,tail_p95_p99,39,3405,0,0.0,0.0,0,0.0,0.0,false
intermittent_v2,42,quantity_region,tail_p95_p99,40,3405,0,0.0,0.0,0,0.0,0.0,false
intermittent_v2,42,quantity_region,tail_p95_p99,41,3405,0,0.0,0.0,0,0.0,0.0,false
intermittent_v2,42,quantity_region,tail_p95_p99,42,3405,0,0.0,0.0,0,0.0,0.0,false
intermittent_v2,42,quantity_region,tail_p95_p99,43,3405,0,0.0,0.0,0,0.0,0.0,false
intermittent_v2,42,quantity_region,tail_p95_p99,44,3405,0,0.0,0.0,0,0.0,0.0,false
intermittent_v2,42,quantity_region,tail_p95_p99,45,3405,0,0.0,0.0,0,0.0,0.0,false
intermittent_v2,42,quantity_region,tail_p95_p99,46,3405,0,0.0,0.0,0,0.0,0.0,false
intermittent_v2,42,quantity_region,tail_p95_p99,47,3405,0,0.0,0.0,0,0.0,0.0,false
intermittent_v2,42,quantity_region,tail_p95_p99,48,3405,0,0.0,0.0,0,0.0,0.0,false
intermittent_v2,42,quantity_region,tail_p95_p99,49,3405,0,0.0,0.0,0,0.0,0.0,false
intermittent_v2,42,quantity_region,tail_p95_p99,50,3405,0,0.0,0.0,0,0.0,0.0,false
intermittent_v2,42,quantity_region,tail_p95_p99,51,3405,3402,0.2497797356828194,0.9991189427312775,2058,0.6044052863436123,0.3450889536242566,true
intermittent_v2,42,quantity_region,tail_p95_p99,52,3405,0,0.0,0.0,0,0.0,0.0,false
intermittent_v2,42,quantity_region,tail_p95_p99,53,3405,0,0.0,0.0,0,0.0,0.0,false
intermittent_v2,42,quantity_region,tail_p95_p99,54,3405,0,0.0,0.0,0,0.0,0.0,false
intermittent_v2,42,quantity_region,tail_p95_p99,55,3405,0,0.0,0.0,0,0.0,0.0,false
intermittent_v2,42,quantity_region,tail_p95_p99,56,3405,0,0.0,0.0,0,0.0,0.0,false
intermittent_v2,42,quantity_region,tail_p95_p99,57,3405,0,0.0,0.0,0,0.0,0.0,false
intermittent_v2,42,quantity_region,tail_p95_p99,58,3405,0,0.0,0.0,0,0.0,0.0,false
intermittent_v2,42,quantity_region,tail_p95_p99,59,3405,0,0.0,0.0,0,0.0,0.0,false
intermittent_v2,42,quantity_region,tail_p95_p99,60,3405,0,0.0,0.0,0,0.0,0.0,false
intermittent_v2,42,quantity_region,tail_p95_p99,61,3405,0,0.0,0.0,0,0.0,0.0,false
intermittent_v2,42,quantity_region,tail_p95_p99,62,3405,2949,0.21651982378854626,0.866079295154185,457,0.1342143906020558,0.33737090157225563,true
intermittent_v2,42,quantity_region,tail_p95_p99,63,3405,0,0.0,0.0,0,0.0,0.0,false
intermittent_v2,52,history,history_65_128,0,28456,1521,0.013362735451222942,0.053450941804891766,64,0.002249086308687096,0.3277545037197487,true
intermittent_v2,52,history,history_65_128,1,28456,0,0.0,0.0,0,0.0,0.0,false
intermittent_v2,52,history,history_65_128,2,28456,0,0.0,0.0,0,0.0,0.0,false
intermittent_v2,52,history,history_65_128,3,28456,0,0.0,0.0,0,0.0,0.0,false
intermittent_v2,52,history,history_65_128,4,28456,0,0.0,0.0,0,0.0,0.0,false
intermittent_v2,52,history,history_65_128,5,28456,15020,0.1319581107675007,0.5278324430700028,2837,0.09969777902727017,0.473103705205311,true
intermittent_v2,52,history,history_65_128,6,28456,801,0.007037180208040484,0.028148720832161935,8,0.000281135788585887,0.3189430276069153,true
intermittent_v2,52,history,history_65_128,7,28456,2760,0.024247961765532754,0.09699184706213101,346,0.012159122856339612,0.32523780019170995,true
intermittent_v2,52,history,history_65_128,8,28456,237,0.0020821619342142254,0.008328647736856902,165,0.005798425639583919,0.5178207132635237,true
intermittent_v2,52,history,history_65_128,9,28456,0,0.0,0.0,0,0.0,0.0,false
intermittent_v2,52,history,history_65_128,10,28456,115,0.0010103317402305313,0.004041326960922125,0,0.0,0.2954889385596566,true
intermittent_v2,52,history,history_65_128,11,28456,5,0.00004392746696654484,0.00017570986786617936,0,0.0,0.5755916237831116,true
intermittent_v2,52,history,history_65_128,12,28456,0,0.0,0.0,0,0.0,0.0,false
intermittent_v2,52,history,history_65_128,13,28456,15940,0.14004076468934495,0.5601630587573798,6710,0.2358026426764127,0.4753590679396799,true
intermittent_v2,52,history,history_65_128,14,28456,0,0.0,0.0,0,0.0,0.0,false
intermittent_v2,52,history,history_65_128,15,28456,17819,0.1565487067753725,0.62619482710149,7509,0.26388107956142814,0.47731412523449374,true
intermittent_v2,52,history,history_65_128,16,28456,7471,0.0656364211414113,0.2625456845656452,212,0.007450098397526005,0.47782576612688393,true
intermittent_v2,52,history,history_65_128,17,28456,3386,0.029747680629744165,0.11899072251897666,390,0.013705369693561991,0.4715732646477835,true
intermittent_v2,52,history,history_65_128,18,28456,7660,0.0672968793927467,0.2691875175709868,687,0.024142535844813046,0.31838438522177637,true
intermittent_v2,52,history,history_65_128,19,28456,253,0.002222729828507169,0.008890919314028675,1,0.00003514197357323587,0.3074571006736265,true
intermittent_v2,52,history,history_65_128,20,28456,0,0.0,0.0,0,0.0,0.0,false
intermittent_v2,52,history,history_65_128,21,28456,679,0.005965350014056789,0.023861400056227156,76,0.0026707899915659264,0.5197477647499764,true
intermittent_v2,52,history,history_65_128,22,28456,27,0.00023720832161934214,0.0009488332864773686,4,0.0001405678942929435,0.566755230780001,true
intermittent_v2,52,history,history_65_128,23,28456,3530,0.03101279167838066,0.12405116671352263,441,0.01549761034579702,0.31106022508556375,true
intermittent_v2,52,history,history_65_128,24,28456,24,0.00021085184143941523,0.0008434073657576609,0,0.0,0.26622698580225307,true
intermittent_v2,52,history,history_65_128,25,28456,3902,0.03428099522069159,0.13712398088276637,280,0.009839752600506044,0.3082444707799544,true
intermittent_v2,52,history,history_65_128,26,28456,0,0.0,0.0,0,0.0,0.0,false
intermittent_v2,52,history,history_65_128,27,28456,46,0.00040413269609221254,0.0016165307843688502,9,0.0003162777621591229,0.5351226861062257,true
intermittent_v2,52,history,history_65_128,28,28456,584,0.0051307281416924375,0.02052291256676975,18,0.0006325555243182458,0.5021869947444902,true
intermittent_v2,52,history,history_65_128,29,28456,0,0.0,0.0,0,0.0,0.0,false
intermittent_v2,52,history,history_65_128,30,28456,53,0.0004656311498453753,0.0018625245993815012,14,0.0004919876300253023,0.536830447192462,true
intermittent_v2,52,history,history_65_128,31,28456,3775,0.03316523755974136,0.13266095023896543,323,0.011350857464155187,0.3115538235492264,true
intermittent_v2,52,history,history_65_128,32,28456,544,0.004779308405960078,0.019117233623840314,15,0.0005271296035985381,0.31534615148077993,true
intermittent_v2,52,history,history_65_128,33,28456,0,0.0,0.0,0,0.0,0.0,false
intermittent_v2,52,history,history_65_128,34,28456,1,8.785493393308968e-6,0.00003514197357323587,0,0.0,0.6247434020042419,true
intermittent_v2,52,history,history_65_128,35,28456,5741,0.05043751757098679,0.20175007028394715,191,0.006712116952488052,0.46224456186120966,true
intermittent_v2,52,history,history_65_128,36,28456,36,0.0003162777621591229,0.0012651110486364915,0,0.0,0.4754113546676106,true
intermittent_v2,52,history,history_65_128,37,28456,0,0.0,0.0,0,0.0,0.0,false
intermittent_v2,52,history,history_65_128,38,28456,64,0.000562271577171774,0.002249086308687096,4,0.0001405678942929435,0.48555847397074103,true
intermittent_v2,52,history,history_65_128,39,28456,5501,0.04832899915659263,0.19331599662637053,0,0.0,0.48224469257623276,true
intermittent_v2,52,history,history_65_128,40,28456,0,0.0,0.0,0,0.0,0.0,false
intermittent_v2,52,history,history_65_128,41,28456,0,0.0,0.0,0,0.0,0.0,false
intermittent_v2,52,history,history_65_128,42,28456,1404,0.012334832724205791,0.049339330896823165,247,0.00868006747258926,0.32086648072442436,true
intermittent_v2,52,history,history_65_128,43,28456,1,8.785493393308968e-6,0.00003514197357323587,0,0.0,0.5445472002029419,true
intermittent_v2,52,history,history_65_128,44,28456,41,0.0003602052291256677,0.0014408209165026708,1,0.00003514197357323587,0.33027608220170185,true
intermittent_v2,52,history,history_65_128,45,28456,1,8.785493393308968e-6,0.00003514197357323587,0,0.0,0.2927451431751251,true
intermittent_v2,52,history,history_65_128,46,28456,0,0.0,0.0,0,0.0,0.0,false
intermittent_v2,52,history,history_65_128,47,28456,0,0.0,0.0,0,0.0,0.0,false
intermittent_v2,52,history,history_65_128,48,28456,0,0.0,0.0,0,0.0,0.0,false
intermittent_v2,52,history,history_65_128,49,28456,32,0.000281135788585887,0.001124543154343548,0,0.0,0.5100479237735271,true
intermittent_v2,52,history,history_65_128,50,28456,92,0.0008082653921844251,0.0032330615687377003,39,0.0013705369693561991,0.5268806876695674,true
intermittent_v2,52,history,history_65_128,51,28456,1,8.785493393308968e-6,0.00003514197357323587,0,0.0,0.33898651599884033,true
intermittent_v2,52,history,history_65_128,52,28456,464,0.004076468934495361,0.016305875737981444,0,0.0,0.3050028618810506,true
intermittent_v2,52,history,history_65_128,53,28456,241,0.002117303907787461,0.008469215631149845,51,0.0017922406522350295,0.2940382156134641,true
intermittent_v2,52,history,history_65_128,54,28456,0,0.0,0.0,0,0.0,0.0,false
intermittent_v2,52,history,history_65_128,55,28456,1599,0.01404800393590104,0.05619201574360416,116,0.004076468934495361,0.30234720028140083,true
intermittent_v2,52,history,history_65_128,56,28456,229,0.0020118779870677535,0.008047511948271014,86,0.003022209727298285,0.5655727999439406,true
intermittent_v2,52,history,history_65_128,57,28456,0,0.0,0.0,0,0.0,0.0,false
intermittent_v2,52,history,history_65_128,58,28456,149,0.0013090385156030362,0.005236154062412145,0,0.0,0.2990468889474869,true
intermittent_v2,52,history,history_65_128,59,28456,230,0.0020206634804610627,0.00808265392184425,38,0.0013353949957829632,0.5694177746772766,true
intermittent_v2,52,history,history_65_128,60,28456,9802,0.08611540624121451,0.34446162496485805,7564,0.26581388810795614,0.3255669462455216,true
intermittent_v2,52,history,history_65_128,61,28456,2037,0.017896050042170368,0.07158420016868147,10,0.0003514197357323587,0.30721322023874414,true
intermittent_v2,52,history,history_65_128,62,28456,3,0.000026356480179926904,0.00010542592071970762,0,0.0,0.5415991544723511,true
intermittent_v2,52,history,history_65_128,63,28456,3,0.000026356480179926904,0.00010542592071970762,0,0.0,0.5845755537350973,true
intermittent_v2,52,history,history_gt_128,0,32741,14719,0.11238966433523716,0.44955865734094863,3064,0.0935829693656272,0.3512263734166215,true
intermittent_v2,52,history,history_gt_128,1,32741,879,0.006711768119483217,0.026847072477932866,111,0.0033902446473840137,0.6916341756526656,true
intermittent_v2,52,history,history_gt_128,2,32741,5,0.00003817843071378394,0.00015271372285513576,0,0.0,0.6867530465126037,true
intermittent_v2,52,history,history_gt_128,3,32741,1,7.635686142756789e-6,0.000030542744571027155,0,0.0,0.6452746391296387,true
intermittent_v2,52,history,history_gt_128,4,32741,2,0.000015271372285513577,0.00006108548914205431,0,0.0,0.38422590494155884,true
intermittent_v2,52,history,history_gt_128,5,32741,285,0.002176170550685685,0.00870468220274274,0,0.0,0.44584158282530933,true
intermittent_v2,52,history,history_gt_128,6,32741,3052,0.023304114107693716,0.09321645643077486,268,0.008185455545035277,0.3463197429646124,true
intermittent_v2,52,history,history_gt_128,7,32741,6623,0.050571149323478205,0.20228459729391282,705,0.021532634922574144,0.3998536005397947,true
intermittent_v2,52,history,history_gt_128,8,32741,4,0.000030542744571027155,0.00012217097828410862,2,0.00006108548914205431,0.6815950870513916,true
intermittent_v2,52,history,history_gt_128,9,32741,2,0.000015271372285513577,0.00006108548914205431,0,0.0,0.6652610898017883,true
intermittent_v2,52,history,history_gt_128,10,32741,712,0.005436608533642833,0.021746434134571332,38,0.0011606242936990317,0.586351015029496,true
intermittent_v2,52,history,history_gt_128,11,32741,904,0.006902660273052136,0.027610641092208545,533,0.016279282856357474,0.7229918356226609,true
intermittent_v2,52,history,history_gt_128,12,32741,72,0.0005497694022784887,0.002199077609113955,27,0.0008246541034177331,0.676651805639267,true
intermittent_v2,52,history,history_gt_128,13,32741,856,0.006536147338199811,0.026144589352799244,192,0.005864206957637213,0.6159620498106858,true
intermittent_v2,52,history,history_gt_128,14,32741,9,0.00006872117528481109,0.00027488470113924435,0,0.0,0.5665374332004123,true
intermittent_v2,52,history,history_gt_128,15,32741,463,0.003535322684096393,0.014141290736385571,266,0.008124370055893223,0.5046349895824367,true
intermittent_v2,52,history,history_gt_128,16,32741,207,0.0015805870315506552,0.006322348126202621,39,0.001191167038270059,0.5527928317514594,true
intermittent_v2,52,history,history_gt_128,17,32741,41,0.0003130631318530283,0.0012522525274121133,0,0.0,0.4618036885087083,true
intermittent_v2,52,history,history_gt_128,18,32741,19005,0.14511621514309275,0.580464860572371,1973,0.06026083503863657,0.3365995211284181,true
intermittent_v2,52,history,history_gt_128,19,32741,1220,0.009315537094163282,0.03726214837665313,52,0.0015882227176934119,0.5503235458839135,true
intermittent_v2,52,history,history_gt_128,20,32741,205,0.0015653156592651415,0.006261262637060566,0,0.0,0.744566406854769,true
intermittent_v2,52,history,history_gt_128,21,32741,155,0.0011835313521273022,0.004734125408509209,9,0.00027488470113924435,0.683300507068634,true
intermittent_v2,52,history,history_gt_128,22,32741,373,0.002848110931248282,0.011392443724993128,67,0.002046363886258819,0.6893211307538418,true
intermittent_v2,52,history,history_gt_128,23,32741,4554,0.034772914694114414,0.13909165877645766,982,0.029992975168748662,0.33343146296056886,true
intermittent_v2,52,history,history_gt_128,24,32741,18,0.00013744235056962218,0.0005497694022784887,1,0.000030542744571027155,0.5995548814535141,true
intermittent_v2,52,history,history_gt_128,25,32741,4735,0.036154973885953394,0.14461989554381358,444,0.013560978589536055,0.32939834073894003,true
intermittent_v2,52,history,history_gt_128,26,32741,115,0.0008781039064170306,0.0035124156256681224,1,0.000030542744571027155,0.733294763772384,true
intermittent_v2,52,history,history_gt_128,27,32741,139,0.0010613603738431935,0.004245441495372774,29,0.0008857395925597874,0.6732514084671899,true
intermittent_v2,52,history,history_gt_128,28,32741,672,0.005131181087932562,0.020524724351730247,444,0.013560978589536055,0.6645712969558579,true
intermittent_v2,52,history,history_gt_128,29,32741,17,0.0001298066644268654,0.0005192266577074616,3,0.00009162823371308145,0.5991206712582532,true
intermittent_v2,52,history,history_gt_128,30,32741,27,0.00020616352585443328,0.0008246541034177331,1,0.000030542744571027155,0.6716124238791289,true
intermittent_v2,52,history,history_gt_128,31,32741,17604,0.1344186188570905,0.537674475428362,5941,0.1814544454964723,0.3273158901276046,true
intermittent_v2,52,history,history_gt_128,32,32741,5238,0.039995724015760056,0.15998289606304023,106,0.003237530924528878,0.2992641914404044,true
intermittent_v2,52,history,history_gt_128,33,32741,0,0.0,0.0,0,0.0,0.0,false
intermittent_v2,52,history,history_gt_128,34,32741,82,0.0006261262637060566,0.0025045050548242265,10,0.0003054274457102715,0.6871792732215509,true
intermittent_v2,52,history,history_gt_128,35,32741,121,0.0009239180232735714,0.0036956720930942854,5,0.00015271372285513576,0.6066464843336216,true
intermittent_v2,52,history,history_gt_128,36,32741,13,0.00009926391985583824,0.00039705567942335297,0,0.0,0.692735506938054,true
intermittent_v2,52,history,history_gt_128,37,32741,3,0.000022907058428270363,0.00009162823371308145,0,0.0,0.6359907190004984,true
intermittent_v2,52,history,history_gt_128,38,32741,5,0.00003817843071378394,0.00015271372285513576,0,0.0,0.6762099742889405,true
intermittent_v2,52,history,history_gt_128,39,32741,390,0.0029779175956751473,0.01191167038270059,33,0.0010079105708438961,0.528276444092775,true
intermittent_v2,52,history,history_gt_128,40,32741,8,0.00006108548914205431,0.00024434195656821724,0,0.0,0.6640254333615303,true
intermittent_v2,52,history,history_gt_128,41,32741,51,0.0003894199932805962,0.0015576799731223847,8,0.00024434195656821724,0.6984671623099084,true
intermittent_v2,52,history,history_gt_128,42,32741,12274,0.09372041171619681,0.37488164686478725,2900,0.08857395925597875,0.33166292340961945,true
intermittent_v2,52,history,history_gt_128,43,32741,247,0.0018860144772609266,0.0075440579090437065,1,0.000030542744571027155,0.6662957079497426,true
intermittent_v2,52,history,history_gt_128,44,32741,17,0.0001298066644268654,0.0005192266577074616,2,0.00006108548914205431,0.4464067133033977,true
intermittent_v2,52,history,history_gt_128,45,32741,31,0.00023670627042546042,0.0009468250817018417,1,0.000030542744571027155,0.5085271140260081,true
intermittent_v2,52,history,history_gt_128,46,32741,22,0.00016798509514064934,0.0006719403805625974,2,0.00006108548914205431,0.7146155021407388,true
intermittent_v2,52,history,history_gt_128,47,32741,430,0.003283345041385419,0.013133380165541676,44,0.0013438807611251948,0.6992055023132369,true
intermittent_v2,52,history,history_gt_128,48,32741,20,0.00015271372285513576,0.000610854891420543,6,0.0001832564674261629,0.6694069474935531,true
intermittent_v2,52,history,history_gt_128,49,32741,52,0.00039705567942335297,0.0015882227176934119,7,0.00021379921199719007,0.6463253033848909,true
intermittent_v2,52,history,history_gt_128,50,32741,28,0.00021379921199719007,0.0008551968479887603,6,0.0001832564674261629,0.6455673490251813,true
intermittent_v2,52,history,history_gt_128,51,32741,261,0.001992914083259522,0.007971656333038087,27,0.0008246541034177331,0.6459165414174398,true
intermittent_v2,52,history,history_gt_128,52,32741,2331,0.017798784398766074,0.0711951375950643,18,0.0005497694022784887,0.328507931907,true
intermittent_v2,52,history,history_gt_128,53,32741,2023,0.015446993066796982,0.06178797226718793,145,0.0044286979627989375,0.27797535986253313,true
intermittent_v2,52,history,history_gt_128,54,32741,19,0.00014507803671237897,0.0005803121468495159,1,0.000030542744571027155,0.660801256957807,true
intermittent_v2,52,history,history_gt_128,55,32741,1859,0.01419474053938487,0.05677896215753948,224,0.006841574783910082,0.3311570226793458,true
intermittent_v2,52,history,history_gt_128,56,32741,978,0.007467701047616139,0.029870804190464555,311,0.009498793561589445,0.6937517105679815,true
intermittent_v2,52,history,history_gt_128,57,32741,0,0.0,0.0,0,0.0,0.0,false
intermittent_v2,52,history,history_gt_128,58,32741,1125,0.008590146910601386,0.03436058764240554,15,0.0004581411685654073,0.3162968705230289,true
intermittent_v2,52,history,history_gt_128,59,32741,293,0.0022372560398277387,0.008949024159310955,0,0.0,0.7079460230296789,true
intermittent_v2,52,history,history_gt_128,60,32741,22973,0.17541461775755168,0.7016584710302067,13456,0.41098317094774134,0.3506953133424926,true
intermittent_v2,52,history,history_gt_128,61,32741,2189,0.01671451696649461,0.06685806786597843,170,0.005192266577074616,0.367194190689449,true
intermittent_v2,52,history,history_gt_128,62,32741,44,0.0003359701902812987,0.0013438807611251948,10,0.0003054274457102715,0.7028666219928048,true
intermittent_v2,52,history,history_gt_128,63,32741,162,0.0012369811551265998,0.004947924620506399,41,0.0012522525274121133,0.6597825851705339,true
intermittent_v2,52,history,history_le_64,0,25088,826,0.008231026785714286,0.032924107142857144,136,0.005420918367346939,0.28942587190548963,true
intermittent_v2,52,history,history_le_64,1,25088,17,0.00016940369897959184,0.0006776147959183673,1,0.00003985969387755102,0.5766470502404606,true
intermittent_v2,52,history,history_le_64,2,25088,4,0.00003985969387755102,0.00015943877551020407,1,0.00003985969387755102,0.4666684865951538,true
intermittent_v2,52,history,history_le_64,3,25088,0,0.0,0.0,0,0.0,0.0,false
intermittent_v2,52,history,history_le_64,4,25088,0,0.0,0.0,0,0.0,0.0,false
intermittent_v2,52,history,history_le_64,5,25088,16306,0.16248804209183673,0.6499521683673469,1239,0.04938616071428571,0.4937737523178871,true
intermittent_v2,52,history,history_le_64,6,25088,937,0.009337133290816327,0.03734853316326531,416,0.016581632653061226,0.281549254072514,true
intermittent_v2,52,history,history_le_64,7,25088,842,0.00839046556122449,0.03356186224489796,5,0.0001992984693877551,0.3218788560170176,true
intermittent_v2,52,history,history_le_64,8,25088,75,0.0007473692602040816,0.0029894770408163264,51,0.002032844387755102,0.5166342707475027,true
intermittent_v2,52,history,history_le_64,9,25088,0,0.0,0.0,0,0.0,0.0,false
intermittent_v2,52,history,history_le_64,10,25088,13,0.00012954400510204082,0.0005181760204081633,0,0.0,0.24985221372200891,true
intermittent_v2,52,history,history_le_64,11,25088,27,0.00026905293367346936,0.0010762117346938774,1,0.00003985969387755102,0.5586461468979165,true
intermittent_v2,52,history,history_le_64,12,25088,0,0.0,0.0,0,0.0,0.0,false
intermittent_v2,52,history,history_le_64,13,25088,19222,0.19154575892857142,0.7661830357142857,9458,0.37699298469387754,0.4985584334064604,true
intermittent_v2,52,history,history_le_64,14,25088,1,9.964923469387754e-6,0.00003985969387755102,0,0.0,0.517193078994751,true
intermittent_v2,52,history,history_le_64,15,25088,21888,0.2181122448979592,0.8724489795918368,8799,0.35072544642857145,0.49953920094906323,true
intermittent_v2,52,history,history_le_64,16,25088,4445,0.04429408482142857,0.17717633928571427,12,0.00047831632653061223,0.48170210589708173,true
intermittent_v2,52,history,history_le_64,17,25088,4894,0.04876833545918367,0.1950733418367347,514,0.020487882653061226,0.4938556590784702,true
intermittent_v2,52,history,history_le_64,18,25088,1715,0.01708984375,0.068359375,84,0.0033482142857142855,0.33698375560451876,true
intermittent_v2,52,history,history_le_64,19,25088,100,0.0009964923469387755,0.003985969387755102,1,0.00003985969387755102,0.29591403603553773,true
intermittent_v2,52,history,history_le_64,20,25088,0,0.0,0.0,0,0.0,0.0,false
intermittent_v2,52,history,history_le_64,21,25088,2656,0.02646683673469388,0.10586734693877552,374,0.014907525510204082,0.5232692762356566,true
intermittent_v2,52,history,history_le_64,22,25088,28,0.00027901785714285713,0.0011160714285714285,10,0.0003985969387755102,0.585560257945742,true
intermittent_v2,52,history,history_le_64,23,25088,1273,0.012685347576530613,0.05074139030612245,183,0.007294323979591837,0.29853925929468444,true
intermittent_v2,52,history,history_le_64,24,25088,1,9.964923469387754e-6,0.00003985969387755102,0,0.0,0.6019976139068604,true
intermittent_v2,52,history,history_le_64,25,25088,607,0.006048708545918368,0.02419483418367347,2,0.00007971938775510203,0.31339429770604,true
intermittent_v2,52,history,history_le_64,26,25088,10,0.00009964923469387755,0.0003985969387755102,0,0.0,0.567432975769043,true
intermittent_v2,52,history,history_le_64,27,25088,17,0.00016940369897959184,0.0006776147959183673,4,0.00015943877551020407,0.5387576555504519,true
intermittent_v2,52,history,history_le_64,28,25088,130,0.001295440051020408,0.005181760204081632,13,0.0005181760204081633,0.528013548713464,true
intermittent_v2,52,history,history_le_64,29,25088,3,0.000029894770408163265,0.00011957908163265306,0,0.0,0.30654825766881305,true
intermittent_v2,52,history,history_le_64,30,25088,73,0.0007274394132653062,0.0029097576530612247,0,0.0,0.4949388965351941,true
intermittent_v2,52,history,history_le_64,31,25088,554,0.005520567602040816,0.022082270408163265,82,0.003268494897959184,0.3058291323725067,true
intermittent_v2,52,history,history_le_64,32,25088,108,0.0010762117346938774,0.00430484693877551,9,0.0003587372448979592,0.23092147652749662,true
intermittent_v2,52,history,history_le_64,33,25088,14,0.00013950892857142856,0.0005580357142857143,4,0.00015943877551020407,0.22409053253276007,true
intermittent_v2,52,history,history_le_64,34,25088,2,0.00001992984693877551,0.00007971938775510203,0,0.0,0.5667625963687897,true
intermittent_v2,52,history,history_le_64,35,25088,12380,0.1233657525510204,0.4934630102040816,1045,0.04165338010204082,0.49745875498782455,true
intermittent_v2,52,history,history_le_64,36,25088,6,0.00005978954081632653,0.00023915816326530612,0,0.0,0.55805175503095,true
intermittent_v2,52,history,history_le_64,37,25088,0,0.0,0.0,0,0.0,0.0,false
intermittent_v2,52,history,history_le_64,38,25088,5,0.00004982461734693878,0.0001992984693877551,0,0.0,0.4652544140815735,true
intermittent_v2,52,history,history_le_64,39,25088,1717,0.017109773596938774,0.0684390943877551,2,0.00007971938775510203,0.4949979513414946,true
intermittent_v2,52,history,history_le_64,40,25088,0,0.0,0.0,0,0.0,0.0,false
intermittent_v2,52,history,history_le_64,41,25088,27,0.00026905293367346936,0.0010762117346938774,0,0.0,0.5466347888663963,true
intermittent_v2,52,history,history_le_64,42,25088,191,0.0019033003826530613,0.007613201530612245,7,0.00027901785714285713,0.34058054462465315,true
intermittent_v2,52,history,history_le_64,43,25088,77,0.0007672991071428571,0.0030691964285714285,10,0.0003985969387755102,0.5685542845106745,true
intermittent_v2,52,history,history_le_64,44,25088,2,0.00001992984693877551,0.00007971938775510203,0,0.0,0.3277009278535843,true
intermittent_v2,52,history,history_le_64,45,25088,0,0.0,0.0,0,0.0,0.0,false
intermittent_v2,52,history,history_le_64,46,25088,0,0.0,0.0,0,0.0,0.0,false
intermittent_v2,52,history,history_le_64,47,25088,0,0.0,0.0,0,0.0,0.0,false
intermittent_v2,52,history,history_le_64,48,25088,0,0.0,0.0,0,0.0,0.0,false
intermittent_v2,52,history,history_le_64,49,25088,122,0.0012157206632653062,0.004862882653061225,0,0.0,0.5400808487759262,true
intermittent_v2,52,history,history_le_64,50,25088,18,0.0001793686224489796,0.0007174744897959184,0,0.0,0.5294075989060931,true
intermittent_v2,52,history,history_le_64,51,25088,0,0.0,0.0,0,0.0,0.0,false
intermittent_v2,52,history,history_le_64,52,25088,0,0.0,0.0,0,0.0,0.0,false
intermittent_v2,52,history,history_le_64,53,25088,5,0.00004982461734693878,0.0001992984693877551,0,0.0,0.2883834183216095,true
intermittent_v2,52,history,history_le_64,54,25088,0,0.0,0.0,0,0.0,0.0,false
intermittent_v2,52,history,history_le_64,55,25088,115,0.001145966198979592,0.004583864795918368,2,0.00007971938775510203,0.26085897204668623,true
intermittent_v2,52,history,history_le_64,56,25088,1680,0.016741071428571428,0.06696428571428571,545,0.021723533163265307,0.5238480760228066,true
intermittent_v2,52,history,history_le_64,57,25088,2,0.00001992984693877551,0.00007971938775510203,0,0.0,0.4150192439556122,true
intermittent_v2,52,history,history_le_64,58,25088,329,0.0032784598214285715,0.013113839285714286,47,0.0018734056122448979,0.4277124803479319,true
intermittent_v2,52,history,history_le_64,59,25088,3044,0.030333227040816327,0.12133290816326531,151,0.006018813775510204,0.49890360840242576,true
intermittent_v2,52,history,history_le_64,60,25088,3044,0.030333227040816327,0.12133290816326531,1868,0.07445790816326531,0.3396350916196028,true
intermittent_v2,52,history,history_le_64,61,25088,426,0.004245057397959184,0.016980229591836735,9,0.0003587372448979592,0.3248340270608803,true
intermittent_v2,52,history,history_le_64,62,25088,366,0.0036471619897959183,0.014588647959183673,3,0.00011957908163265306,0.5525943838019188,true
intermittent_v2,52,history,history_le_64,63,25088,8,0.00007971938775510203,0.00031887755102040814,0,0.0,0.5647123008966446,true
intermittent_v2,52,overall,overall,0,86285,17066,0.04944660137915049,0.19778640551660195,3264,0.037828127716289045,0.346143288449017,true
intermittent_v2,52,overall,overall,1,86285,896,0.0025960479805296403,0.010384191922118561,112,0.0012980239902648202,0.6894525002821216,true
intermittent_v2,52,overall,overall,2,86285,9,0.00002607637480442719,0.00010430549921770876,1,0.000011589499913078751,0.5889376865492927,true
intermittent_v2,52,overall,overall,3,86285,1,2.8973749782696877e-6,0.000011589499913078751,0,0.0,0.6452746391296387,true
intermittent_v2,52,overall,overall,4,86285,2,5.7947499565393755e-6,0.000023178999826157502,0,0.0,0.38422590494155884,true
intermittent_v2,52,overall,overall,5,86285,31611,0.0915889204380831,0.3663556817523324,4076,0.04723880164570899,0.48352020842695426,true
intermittent_v2,52,overall,overall,6,86285,4790,0.013878426145911804,0.05551370458364722,692,0.008019933939850496,0.3290715807321674,true
intermittent_v2,52,overall,overall,7,86285,10225,0.029625659152807557,0.11850263661123023,1056,0.012238511908211161,0.3732918065203431,true
intermittent_v2,52,overall,overall,8,86285,316,0.0009155704931332213,0.0036622819725328853,218,0.0025265109810511674,0.5196122142333018,true
intermittent_v2,52,overall,overall,9,86285,2,5.7947499565393755e-6,0.000023178999826157502,0,0.0,0.6652610898017883,true
intermittent_v2,52,overall,overall,10,86285,840,0.0024337949817465378,0.009735179926986151,38,0.00044040099669699254,0.5413228921592236,true
intermittent_v2,52,overall,overall,11,86285,936,0.0027119429796604276,0.01084777191864171,534,0.006188792953584053,0.7174637003077401,true
intermittent_v2,52,overall,overall,12,86285,72,0.0002086109984354175,0.00083444399374167,27,0.0003129164976531263,0.676651805639267,true
intermittent_v2,52,overall,overall,13,86285,36018,0.10435765196731761,0.41743060786927044,16360,0.18960421857796836,0.491081605434378,true
intermittent_v2,52,overall,overall,14,86285,10,0.000028973749782696876,0.0001158949991307875,0,0.0,0.5616029977798462,true
intermittent_v2,52,overall,overall,15,86285,40170,0.11638755287709335,0.4655502115083734,16574,0.19208437155936722,0.4897391194449392,true
intermittent_v2,52,overall,overall,16,86285,12123,0.035124876861563424,0.1404995074462537,263,0.0030480384771397113,0.48052711998837166,true
intermittent_v2,52,overall,overall,17,86285,8321,0.02410905719418207,0.09643622877672828,904,0.01047690792142319,0.4846305276837261,true
intermittent_v2,52,overall,overall,18,86285,28380,0.08222750188329374,0.32891000753317495,2744,0.031801587761488094,0.33170632243502973,true
intermittent_v2,52,overall,overall,19,86285,1573,0.004557570840818218,0.018230283363272873,54,0.0006258329953062526,0.49508758808159936,true
intermittent_v2,52,overall,overall,20,86285,205,0.000593961870545286,0.002375847482181144,0,0.0,0.744566406854769,true
intermittent_v2,52,overall,overall,21,86285,3490,0.01011183867416121,0.04044735469664484,459,0.0053195804601031465,0.5296915497257239,true
intermittent_v2,52,overall,overall,22,86285,428,0.0012400764906994263,0.004960305962797705,81,0.0009387494929593788,0.6748010752914108,true
intermittent_v2,52,overall,overall,23,86285,9357,0.027110737671669466,0.10844295068667786,1606,0.018612736860404475,0.32024473164012013,true
intermittent_v2,52,overall,overall,24,86285,43,0.00012458712406559656,0.0004983484962623862,1,0.000011589499913078751,0.413568212542423,true
intermittent_v2,52,overall,overall,25,86285,9244,0.02678333429912499,0.10713333719649996,726,0.008413976936895173,0.3194181530819807,true
intermittent_v2,52,overall,overall,26,86285,125,0.00036217187228371097,0.0014486874891348439,1,0.000011589499913078751,0.7200258207321167,true
intermittent_v2,52,overall,overall,27,86285,202,0.0005852697456104769,0.0023410789824419077,42,0.00048675899634930753,0.6304775716939776,true
intermittent_v2,52,overall,overall,28,86285,1386,0.0040157617198817875,0.01606304687952715,475,0.005505012458712407,0.5833411816867743,true
intermittent_v2,52,overall,overall,29,86285,20,0.00005794749956539375,0.000231789998261575,3,0.00003476849973923625,0.5552348092198371,true
intermittent_v2,52,overall,overall,30,86285,153,0.0004432983716752622,0.0017731934867010488,15,0.00017384249869618125,0.540628030019648,true
intermittent_v2,52,overall,overall,31,86285,21933,0.06354812539838905,0.2541925015935562,6346,0.07354696644839775,0.32406027233114715,true
intermittent_v2,52,overall,overall,32,86285,5890,0.01706553862200846,0.06826215448803384,130,0.0015066349887002375,0.2994963770178866,true
intermittent_v2,52,overall,overall,33,86285,14,0.00004056324969577563,0.00016225299878310252,4,0.000046357999652315004,0.22409053253276007,true
intermittent_v2,52,overall,overall,34,86285,85,0.00024627687315292347,0.0009851074926116939,10,0.0001158949991307875,0.6836113999871647,true
intermittent_v2,52,overall,overall,35,86285,18242,0.05285391435359564,0.21141565741438256,1241,0.01438256939213073,0.4871006271789738,true
intermittent_v2,52,overall,overall,36,86285,55,0.00015935562380483282,0.0006374224952193313,0,0.0,0.5357941979711706,true
intermittent_v2,52,overall,overall,37,86285,3,8.692124934809062e-6,0.00003476849973923625,0,0.0,0.6359907190004984,true
intermittent_v2,52,overall,overall,38,86285,74,0.0002144057483919569,0.0008576229935678276,4,0.000046357999652315004,0.49706843616189184,true
intermittent_v2,52,overall,overall,39,86285,7608,0.022043228834675785,0.08817291533870314,35,0.00040563249695775626,0.4874825643416647,true
intermittent_v2,52,overall,overall,40,86285,8,0.000023178999826157502,0.00009271599930463001,0,0.0,0.6640254333615303,true
intermittent_v2,52,overall,overall,41,86285,78,0.00022599524830503562,0.0009039809932201425,8,0.00009271599930463001,0.6459098022717696,true
intermittent_v2,52,overall,overall,42,86285,13869,0.040183693573622295,0.16073477429448918,3154,0.03655328272585038,0.33069277849088397,true
intermittent_v2,52,overall,overall,43,86285,325,0.0009416468679376485,0.003766587471750594,11,0.00012748449904386626,0.6427638983726501,true
intermittent_v2,52,overall,overall,44,86285,60,0.00017384249869618125,0.000695369994784725,3,0.00003476849973923625,0.36309392253557843,true
intermittent_v2,52,overall,overall,45,86285,32,0.00009271599930463001,0.00037086399721852003,1,0.000011589499913078751,0.501783927436918,true
intermittent_v2,52,overall,overall,46,86285,22,0.00006374224952193313,0.00025496899808773253,2,0.000023178999826157502,0.7146155021407388,true
intermittent_v2,52,overall,overall,47,86285,430,0.0012458712406559656,0.004983484962623862,44,0.0005099379961754651,0.6992055023132369,true
intermittent_v2,52,overall,overall,48,86285,20,0.00005794749956539375,0.000231789998261575,6,0.0000695369994784725,0.6694069474935531,true
intermittent_v2,52,overall,overall,49,86285,206,0.0005968592455235556,0.0023874369820942225,7,0.00008112649939155126,0.5622345285797582,true
intermittent_v2,52,overall,overall,50,86285,138,0.0003998377470012169,0.0015993509880048676,45,0.0005215274960885438,0.551291636366775,true
intermittent_v2,52,overall,overall,51,86285,262,0.0007591122443066582,0.0030364489772266327,27,0.0003129164976531263,0.6447450527708039,true
intermittent_v2,52,overall,overall,52,86285,2795,0.008098163064263777,0.03239265225705511,18,0.0002086109984354175,0.32460583799213755,true
intermittent_v2,52,overall,overall,53,86285,2269,0.006574143825693921,0.026296575302775686,196,0.0022715419829634352,0.27970439843823597,true
intermittent_v2,52,overall,overall,54,86285,19,0.00005505012458712407,0.00022020049834849627,1,0.000011589499913078751,0.660801256957807,true
intermittent_v2,52,overall,overall,55,86285,3573,0.010352320797357595,0.04140928318943038,342,0.003963608970272933,0.31600136025643233,true
intermittent_v2,52,overall,overall,56,86285,2887,0.008364721562264588,0.03345888624905835,942,0.010917308918120183,0.5847142749708913,true
intermittent_v2,52,overall,overall,57,86285,2,5.7947499565393755e-6,0.000023178999826157502,0,0.0,0.4150192439556122,true
intermittent_v2,52,overall,overall,58,86285,1603,0.004644492090166309,0.018577968360665238,62,0.0007185489946108825,0.33756043158206656,true
intermittent_v2,52,overall,overall,59,86285,3567,0.010334936547487976,0.041339746189951905,189,0.0021904154835718837,0.5206214905804467,true
intermittent_v2,52,overall,overall,60,86285,35819,0.10378107434664194,0.41512429738656775,22888,0.2652604740105464,0.3428789150843339,true
intermittent_v2,52,overall,overall,61,86285,4652,0.013478588398910587,0.053914353595642346,189,0.0021904154835718837,0.33705088318432086,true
intermittent_v2,52,overall,overall,62,86285,413,0.001196615866025381,0.004786463464101524,13,0.00015066349887002376,0.5685241484324522,true
intermittent_v2,52,overall,overall,63,86285,173,0.000501245871240656,0.002004983484962624,41,0.00047516949643622877,0.6540821032717049,true
intermittent_v2,52,quantity,gt_p99,0,1141,0,0.0,0.0,0,0.0,0.0,false
intermittent_v2,52,quantity,gt_p99,1,1141,0,0.0,0.0,0,0.0,0.0,false
intermittent_v2,52,quantity,gt_p99,2,1141,0,0.0,0.0,0,0.0,0.0,false
intermittent_v2,52,quantity,gt_p99,3,1141,0,0.0,0.0,0,0.0,0.0,false
intermittent_v2,52,quantity,gt_p99,4,1141,0,0.0,0.0,0,0.0,0.0,false
intermittent_v2,52,quantity,gt_p99,5,1141,1141,0.25,1.0,90,0.07887817703768624,0.3859039292222674,true
intermittent_v2,52,quantity,gt_p99,6,1141,0,0.0,0.0,0,0.0,0.0,false
intermittent_v2,52,quantity,gt_p99,7,1141,0,0.0,0.0,0,0.0,0.0,false
intermittent_v2,52,quantity,gt_p99,8,1141,0,0.0,0.0,0,0.0,0.0,false
intermittent_v2,52,quantity,gt_p99,9,1141,0,0.0,0.0,0,0.0,0.0,false
intermittent_v2,52,quantity,gt_p99,10,1141,0,0.0,0.0,0,0.0,0.0,false
intermittent_v2,52,quantity,gt_p99,11,1141,0,0.0,0.0,0,0.0,0.0,false
intermittent_v2,52,quantity,gt_p99,12,1141,0,0.0,0.0,0,0.0,0.0,false
intermittent_v2,52,quantity,gt_p99,13,1141,1051,0.23028045574057843,0.9211218229623137,215,0.18843120070113936,0.3857697143824638,true
intermittent_v2,52,quantity,gt_p99,14,1141,0,0.0,0.0,0,0.0,0.0,false
intermittent_v2,52,quantity,gt_p99,15,1141,1141,0.25,1.0,836,0.7326906222611744,0.38889177489656823,true
intermittent_v2,52,quantity,gt_p99,16,1141,145,0.0317703768624014,0.1270815074496056,0,0.0,0.3854931056499481,true
intermittent_v2,52,quantity,gt_p99,17,1141,25,0.005477651183172656,0.021910604732690624,0,0.0,0.37805291175842287,true
intermittent_v2,52,quantity,gt_p99,18,1141,0,0.0,0.0,0,0.0,0.0,false
intermittent_v2,52,quantity,gt_p99,19,1141,0,0.0,0.0,0,0.0,0.0,false
intermittent_v2,52,quantity,gt_p99,20,1141,0,0.0,0.0,0,0.0,0.0,false
intermittent_v2,52,quantity,gt_p99,21,1141,0,0.0,0.0,0,0.0,0.0,false
intermittent_v2,52,quantity,gt_p99,22,1141,0,0.0,0.0,0,0.0,0.0,false
intermittent_v2,52,quantity,gt_p99,23,1141,0,0.0,0.0,0,0.0,0.0,false
intermittent_v2,52,quantity,gt_p99,24,1141,0,0.0,0.0,0,0.0,0.0,false
intermittent_v2,52,quantity,gt_p99,25,1141,0,0.0,0.0,0,0.0,0.0,false
intermittent_v2,52,quantity,gt_p99,26,1141,0,0.0,0.0,0,0.0,0.0,false
intermittent_v2,52,quantity,gt_p99,27,1141,0,0.0,0.0,0,0.0,0.0,false
intermittent_v2,52,quantity,gt_p99,28,1141,0,0.0,0.0,0,0.0,0.0,false
intermittent_v2,52,quantity,gt_p99,29,1141,0,0.0,0.0,0,0.0,0.0,false
intermittent_v2,52,quantity,gt_p99,30,1141,0,0.0,0.0,0,0.0,0.0,false
intermittent_v2,52,quantity,gt_p99,31,1141,0,0.0,0.0,0,0.0,0.0,false
intermittent_v2,52,quantity,gt_p99,32,1141,0,0.0,0.0,0,0.0,0.0,false
intermittent_v2,52,quantity,gt_p99,33,1141,0,0.0,0.0,0,0.0,0.0,false
intermittent_v2,52,quantity,gt_p99,34,1141,0,0.0,0.0,0,0.0,0.0,false
intermittent_v2,52,quantity,gt_p99,35,1141,859,0.18821209465381245,0.7528483786152498,0,0.0,0.3818091818839485,true
intermittent_v2,52,quantity,gt_p99,36,1141,0,0.0,0.0,0,0.0,0.0,false
intermittent_v2,52,quantity,gt_p99,37,1141,0,0.0,0.0,0,0.0,0.0,false
intermittent_v2,52,quantity,gt_p99,38,1141,0,0.0,0.0,0,0.0,0.0,false
intermittent_v2,52,quantity,gt_p99,39,1141,202,0.04425942156003506,0.17703768624014024,0,0.0,0.38165123155801606,true
intermittent_v2,52,quantity,gt_p99,40,1141,0,0.0,0.0,0,0.0,0.0,false
intermittent_v2,52,quantity,gt_p99,41,1141,0,0.0,0.0,0,0.0,0.0,false
intermittent_v2,52,quantity,gt_p99,42,1141,0,0.0,0.0,0,0.0,0.0,false
intermittent_v2,52,quantity,gt_p99,43,1141,0,0.0,0.0,0,0.0,0.0,false
intermittent_v2,52,quantity,gt_p99,44,1141,0,0.0,0.0,0,0.0,0.0,false
intermittent_v2,52,quantity,gt_p99,45,1141,0,0.0,0.0,0,0.0,0.0,false
intermittent_v2,52,quantity,gt_p99,46,1141,0,0.0,0.0,0,0.0,0.0,false
intermittent_v2,52,quantity,gt_p99,47,1141,0,0.0,0.0,0,0.0,0.0,false
intermittent_v2,52,quantity,gt_p99,48,1141,0,0.0,0.0,0,0.0,0.0,false
intermittent_v2,52,quantity,gt_p99,49,1141,0,0.0,0.0,0,0.0,0.0,false
intermittent_v2,52,quantity,gt_p99,50,1141,0,0.0,0.0,0,0.0,0.0,false
intermittent_v2,52,quantity,gt_p99,51,1141,0,0.0,0.0,0,0.0,0.0,false
intermittent_v2,52,quantity,gt_p99,52,1141,0,0.0,0.0,0,0.0,0.0,false
intermittent_v2,52,quantity,gt_p99,53,1141,0,0.0,0.0,0,0.0,0.0,false
intermittent_v2,52,quantity,gt_p99,54,1141,0,0.0,0.0,0,0.0,0.0,false
intermittent_v2,52,quantity,gt_p99,55,1141,0,0.0,0.0,0,0.0,0.0,false
intermittent_v2,52,quantity,gt_p99,56,1141,0,0.0,0.0,0,0.0,0.0,false
intermittent_v2,52,quantity,gt_p99,57,1141,0,0.0,0.0,0,0.0,0.0,false
intermittent_v2,52,quantity,gt_p99,58,1141,0,0.0,0.0,0,0.0,0.0,false
intermittent_v2,52,quantity,gt_p99,59,1141,0,0.0,0.0,0,0.0,0.0,false
intermittent_v2,52,quantity,gt_p99,60,1141,0,0.0,0.0,0,0.0,0.0,false
intermittent_v2,52,quantity,gt_p99,61,1141,0,0.0,0.0,0,0.0,0.0,false
intermittent_v2,52,quantity,gt_p99,62,1141,0,0.0,0.0,0,0.0,0.0,false
intermittent_v2,52,quantity,gt_p99,63,1141,0,0.0,0.0,0,0.0,0.0,false
intermittent_v2,52,quantity,le_p50,0,45036,17066,0.09473532285282885,0.3789412914113154,3264,0.07247535305089262,0.346143288449017,true
intermittent_v2,52,quantity,le_p50,1,45036,848,0.004707345234923173,0.01882938093969269,112,0.0024868993693933743,0.6918081169561395,true
intermittent_v2,52,quantity,le_p50,2,45036,9,0.00004996003197442046,0.00019984012789768185,1,0.000022204458655297982,0.5889376865492927,true
intermittent_v2,52,quantity,le_p50,3,45036,1,5.5511146638244955e-6,0.000022204458655297982,0,0.0,0.6452746391296387,true
intermittent_v2,52,quantity,le_p50,4,45036,2,0.000011102229327648991,0.000044408917310595964,0,0.0,0.38422590494155884,true
intermittent_v2,52,quantity,le_p50,5,45036,13,0.00007216449062971845,0.0002886579625188738,1,0.000022204458655297982,0.5960569725586817,true
intermittent_v2,52,quantity,le_p50,6,45036,4790,0.026589839239719335,0.10635935695887734,692,0.015365485389466204,0.3290715807321674,true
intermittent_v2,52,quantity,le_p50,7,45036,10186,0.05654365396571632,0.22617461586286527,1056,0.02344790833999467,0.37320852117719383,true
intermittent_v2,52,quantity,le_p50,8,45036,9,0.00004996003197442046,0.00019984012789768185,6,0.0001332267519317879,0.5778195261955261,true
intermittent_v2,52,quantity,le_p50,9,45036,2,0.000011102229327648991,0.000044408917310595964,0,0.0,0.6652610898017883,true
intermittent_v2,52,quantity,le_p50,10,45036,837,0.004646282973621103,0.01858513189448441,38,0.0008437694289013234,0.5410958264677328,true
intermittent_v2,52,quantity,le_p50,11,45036,883,0.00490163424815703,0.01960653699262812,534,0.011857180921929123,0.7230531418040007,true
intermittent_v2,52,quantity,le_p50,12,45036,72,0.0003996802557953637,0.0015987210231814548,27,0.0005995203836930455,0.676651805639267,true
intermittent_v2,52,quantity,le_p50,13,45036,465,0.002581268318678391,0.010325073274713563,78,0.0017319477751132426,0.7490371270846296,true
intermittent_v2,52,quantity,le_p50,14,45036,10,0.00005551114663824496,0.00022204458655297984,0,0.0,0.5616029977798462,true
intermittent_v2,52,quantity,le_p50,15,45036,126,0.0006994404476418865,0.002797761790567546,4,0.00008881783462119193,0.6842519094546636,true
intermittent_v2,52,quantity,le_p50,16,45036,71,0.0003941291411315392,0.0015765165645261568,25,0.0005551114663824496,0.6928147866692341,true
intermittent_v2,52,quantity,le_p50,17,45036,10,0.00005551114663824496,0.00022204458655297984,1,0.000022204458655297982,0.5303061097860337,true
intermittent_v2,52,quantity,le_p50,18,45036,28065,0.15579203304023448,0.6231681321609379,2711,0.060196287414512835,0.33045243233118426,true
intermittent_v2,52,quantity,le_p50,19,45036,1564,0.00868194333422151,0.03472777333688604,53,0.0011768363087307932,0.4945903357851993,true
intermittent_v2,52,quantity,le_p50,20,45036,205,0.0011379785060840217,0.004551914024336087,0,0.0,0.744566406854769,true
intermittent_v2,52,quantity,le_p50,21,45036,204,0.0011324273914201971,0.0045297095656807885,15,0.0003330668798294698,0.6587892957762176,true
intermittent_v2,52,quantity,le_p50,22,45036,357,0.001981747934985345,0.00792699173994138,67,0.001487698729904965,0.6866456001412635,true
intermittent_v2,52,quantity,le_p50,23,45036,9343,0.051864064304112265,0.20745625721644906,1604,0.03561595168309797,0.3200276863118202,true
intermittent_v2,52,quantity,le_p50,24,45036,43,0.00023869793054445332,0.0009547917221778133,1,0.000022204458655297982,0.413568212542423,true
intermittent_v2,52,quantity,le_p50,25,45036,9235,0.05126454392041922,0.2050581756816769,726,0.016120436983746336,0.31928708819389084,true
intermittent_v2,52,quantity,le_p50,26,45036,123,0.000682787103650413,0.002731148414601652,1,0.000022204458655297982,0.7228539149935652,true
intermittent_v2,52,quantity,le_p50,27,45036,149,0.0008271160849098499,0.0033084643396393996,29,0.0006439293010036415,0.6659037150792627,true
intermittent_v2,52,quantity,le_p50,28,45036,616,0.0034194866329158896,0.013677946531663559,440,0.009769961808331113,0.6824588943030927,true
intermittent_v2,52,quantity,le_p50,29,45036,20,0.00011102229327648992,0.0004440891731059597,3,0.00006661337596589395,0.5552348092198371,true
intermittent_v2,52,quantity,le_p50,30,45036,59,0.00032751576516564527,0.001310063060662581,6,0.0001332267519317879,0.6112929188599021,true
intermittent_v2,52,quantity,le_p50,31,45036,21920,0.12168043343103295,0.4867217337241318,6344,0.1408650857092104,0.3240403170588623,true
intermittent_v2,52,quantity,le_p50,32,45036,5890,0.03269606536992628,0.13078426147970512,130,0.002886579625188738,0.2994963770178866,true
intermittent_v2,52,quantity,le_p50,33,45036,14,0.00007771560529354295,0.0003108624211741718,4,0.00008881783462119193,0.22409053253276007,true
intermittent_v2,52,quantity,le_p50,34,45036,81,0.0004496402877697842,0.0017985611510791368,10,0.00022204458655297984,0.6869447282802912,true
intermittent_v2,52,quantity,le_p50,35,45036,121,0.000671684874322764,0.002686739497291056,8,0.00017763566924238386,0.6102711760308132,true
intermittent_v2,52,quantity,le_p50,36,45036,15,0.00008326671995736744,0.0003330668798294698,0,0.0,0.6748926023642222,true
intermittent_v2,52,quantity,le_p50,37,45036,3,0.000016653343991473487,0.00006661337596589395,0,0.0,0.6359907190004984,true
intermittent_v2,52,quantity,le_p50,38,45036,6,0.000033306687982946975,0.0001332267519317879,0,0.0,0.6455096155405045,true
intermittent_v2,52,quantity,le_p50,39,45036,137,0.000760502708943956,0.003042010835775824,33,0.0007327471356248335,0.6985424952785464,true
intermittent_v2,52,quantity,le_p50,40,45036,8,0.000044408917310595964,0.00017763566924238386,0,0.0,0.6640254333615303,true
intermittent_v2,52,quantity,le_p50,41,45036,55,0.00030531130651034727,0.001221245226041389,8,0.00017763566924238386,0.6889493042772467,true
intermittent_v2,52,quantity,le_p50,42,45036,13831,0.0767774669153566,0.3071098676614264,3152,0.06998845368149925,0.3304964511925086,true
intermittent_v2,52,quantity,le_p50,43,45036,297,0.0016486810551558752,0.006594724220623501,11,0.0002442490452082778,0.6483398884635181,true
intermittent_v2,52,quantity,le_p50,44,45036,60,0.0003330668798294698,0.001332267519317879,3,0.00006661337596589395,0.36309392253557843,true
intermittent_v2,52,quantity,le_p50,45,45036,32,0.00017763566924238386,0.0007105426769695354,1,0.000022204458655297982,0.501783927436918,true
intermittent_v2,52,quantity,le_p50,46,45036,22,0.0001221245226041389,0.0004884980904165556,2,0.000044408917310595964,0.7146155021407388,true
intermittent_v2,52,quantity,le_p50,47,45036,428,0.0023758770761168843,0.009503508304467537,44,0.0009769961808331112,0.6992836631486349,true
intermittent_v2,52,quantity,le_p50,48,45036,20,0.00011102229327648992,0.0004440891731059597,6,0.0001332267519317879,0.6694069474935531,true
intermittent_v2,52,quantity,le_p50,49,45036,77,0.0004274358291144862,0.0017097433164579448,7,0.0001554312105870859,0.6222438661309032,true
intermittent_v2,52,quantity,le_p50,50,45036,38,0.00021094235722533085,0.0008437694289013234,6,0.0001332267519317879,0.632144283307226,true
intermittent_v2,52,quantity,le_p50,51,45036,262,0.001454392041922018,0.005817568167688072,27,0.0005995203836930455,0.6447450527708039,true
intermittent_v2,52,quantity,le_p50,52,45036,2790,0.015487609912070344,0.061950439648281376,17,0.0003774757971400657,0.3241424922127023,true
intermittent_v2,52,quantity,le_p50,53,45036,2269,0.012595479172217781,0.050381916688871126,196,0.004352073896438405,0.27970439843823597,true
intermittent_v2,52,quantity,le_p50,54,45036,19,0.00010547117861266542,0.0004218847144506617,1,0.000022204458655297982,0.660801256957807,true
intermittent_v2,52,quantity,le_p50,55,45036,3572,0.0198285815791811,0.0793143263167244,342,0.007593924860111911,0.3159241581592221,true
intermittent_v2,52,quantity,le_p50,56,45036,1080,0.005995203836930456,0.023980815347721823,371,0.008237854161115553,0.6798538291343936,true
intermittent_v2,52,quantity,le_p50,57,45036,0,0.0,0.0,0,0.0,0.0,false
intermittent_v2,52,quantity,le_p50,58,45036,1382,0.007671640465405453,0.030686561861621813,20,0.0004440891731059597,0.31847349994218815,true
intermittent_v2,52,quantity,le_p50,59,45036,343,0.001904032329691802,0.007616129318767208,9,0.00019984012789768185,0.6895649469628626,true
intermittent_v2,52,quantity,le_p50,60,45036,35211,0.19546029842792434,0.7818411937116974,22581,0.5013988808952837,0.34098713417395976,true
intermittent_v2,52,quantity,le_p50,61,45036,4563,0.025329736211031174,0.1013189448441247,158,0.0035083044675370814,0.3331811196960014,true
intermittent_v2,52,quantity,le_p50,62,45036,47,0.0002609023891997513,0.0010436095567990052,9,0.00019984012789768185,0.6935876240121558,true
intermittent_v2,52,quantity,le_p50,63,45036,168,0.0009325872635225154,0.0037303490540900614,41,0.0009103828048672173,0.6563093683549336,true
intermittent_v2,52,quantity,p50_p90,0,29579,0,0.0,0.0,0,0.0,0.0,false
intermittent_v2,52,quantity,p50_p90,1,29579,48,0.00040569322830386425,0.001622772913215457,0,0.0,0.6478366057078043,true
intermittent_v2,52,quantity,p50_p90,2,29579,0,0.0,0.0,0,0.0,0.0,false
intermittent_v2,52,quantity,p50_p90,3,29579,0,0.0,0.0,0,0.0,0.0,false
intermittent_v2,52,quantity,p50_p90,4,29579,0,0.0,0.0,0,0.0,0.0,false
intermittent_v2,52,quantity,p50_p90,5,29579,21500,0.18171675851110586,0.7268670340444234,2731,0.09232901720815444,0.4988475660612417,true
intermittent_v2,52,quantity,p50_p90,6,29579,0,0.0,0.0,0,0.0,0.0,false
intermittent_v2,52,quantity,p50_p90,7,29579,39,0.0003296257479968897,0.0013185029919875588,0,0.0,0.3950442297336383,true
intermittent_v2,52,quantity,p50_p90,8,29579,307,0.002594746272693465,0.01037898509077386,212,0.007167247033368268,0.5179058109510217,true
intermittent_v2,52,quantity,p50_p90,9,29579,0,0.0,0.0,0,0.0,0.0,false
intermittent_v2,52,quantity,p50_p90,10,29579,3,0.000025355826768991516,0.00010142330707596606,0,0.0,0.604674220085144,true
intermittent_v2,52,quantity,p50_p90,11,29579,53,0.00044795293958551675,0.001791811758342067,0,0.0,0.6243414957568331,true
intermittent_v2,52,quantity,p50_p90,12,29579,0,0.0,0.0,0,0.0,0.0,false
intermittent_v2,52,quantity,p50_p90,13,29579,24904,0.2104871699516549,0.8419486798066196,12129,0.4100544305081308,0.5023980799666314,true
intermittent_v2,52,quantity,p50_p90,14,29579,0,0.0,0.0,0,0.0,0.0,false
intermittent_v2,52,quantity,p50_p90,15,29579,28399,0.24002670813753,0.96010683255012,10854,0.3669495250008452,0.5035427851472767,true
intermittent_v2,52,quantity,p50_p90,16,29579,7637,0.06454748301159606,0.25818993204638424,108,0.003651239054734778,0.4920928349736256,true
intermittent_v2,52,quantity,p50_p90,17,29579,5910,0.04995097873491328,0.19980391493965313,663,0.022414550863788497,0.5015318172333002,true
intermittent_v2,52,quantity,p50_p90,18,29579,315,0.002662361810744109,0.010649447242976435,33,0.0011156563778356265,0.4434219597824036,true
intermittent_v2,52,quantity,p50_p90,19,29579,9,0.00007606748030697455,0.0003042699212278982,1,0.000033807769025322016,0.5814989871448941,true
intermittent_v2,52,quantity,p50_p90,20,29579,0,0.0,0.0,0,0.0,0.0,false
intermittent_v2,52,quantity,p50_p90,21,29579,3214,0.02716454241184624,0.10865816964738496,444,0.015010649447242976,0.52310645535783,true
intermittent_v2,52,quantity,p50_p90,22,29579,71,0.0006000879001994659,0.0024003516007978635,14,0.00047330876635450826,0.6152448024548275,true
intermittent_v2,52,quantity,p50_p90,23,29579,14,0.00011832719158862706,0.00047330876635450826,2,0.00006761553805064403,0.4650914818048477,true
intermittent_v2,52,quantity,p50_p90,24,29579,0,0.0,0.0,0,0.0,0.0,false
intermittent_v2,52,quantity,p50_p90,25,29579,9,0.00007606748030697455,0.0003042699212278982,0,0.0,0.45390529102749294,true
intermittent_v2,52,quantity,p50_p90,26,29579,2,0.000016903884512661008,0.00006761553805064403,0,0.0,0.5460980236530304,true
intermittent_v2,52,quantity,p50_p90,27,29579,53,0.00044795293958551675,0.001791811758342067,13,0.00043950099732918625,0.5308833195353454,true
intermittent_v2,52,quantity,p50_p90,28,29579,657,0.005552926062409142,0.022211704249636567,33,0.0011156563778356265,0.5103129525435025,true
intermittent_v2,52,quantity,p50_p90,29,29579,0,0.0,0.0,0,0.0,0.0,false
intermittent_v2,52,quantity,p50_p90,30,29579,94,0.0007944825720950675,0.00317793028838027,9,0.0003042699212278982,0.4962745359603395,true
intermittent_v2,52,quantity,p50_p90,31,29579,13,0.00010987524933229656,0.00043950099732918625,2,0.00006761553805064403,0.35770793144519514,true
intermittent_v2,52,quantity,p50_p90,32,29579,0,0.0,0.0,0,0.0,0.0,false
intermittent_v2,52,quantity,p50_p90,33,29579,0,0.0,0.0,0,0.0,0.0,false
intermittent_v2,52,quantity,p50_p90,34,29579,4,0.000033807769025322016,0.00013523107610128807,0,0.0,0.6161115020513535,true
intermittent_v2,52,quantity,p50_p90,35,29579,14193,0.11995841644409885,0.4798336657763954,1148,0.03881131884106968,0.4995986351077051,true
intermittent_v2,52,quantity,p50_p90,36,29579,40,0.0003380776902532202,0.0013523107610128808,0,0.0,0.48363229632377625,true
intermittent_v2,52,quantity,p50_p90,37,29579,0,0.0,0.0,0,0.0,0.0,false
intermittent_v2,52,quantity,p50_p90,38,29579,68,0.0005747320734304744,0.0022989282937218975,4,0.00013523107610128807,0.48397068504024954,true
intermittent_v2,52,quantity,p50_p90,39,29579,4113,0.034762838500287364,0.13905135400114946,2,0.00006761553805064403,0.50307073807328,true
intermittent_v2,52,quantity,p50_p90,40,29579,0,0.0,0.0,0,0.0,0.0,false
intermittent_v2,52,quantity,p50_p90,41,29579,23,0.0001943946718956016,0.0007775786875824064,0,0.0,0.5429892539978027,true
intermittent_v2,52,quantity,p50_p90,42,29579,38,0.0003211738057405592,0.0012846952229622368,2,0.00006761553805064403,0.402150748591674,true
intermittent_v2,52,quantity,p50_p90,43,29579,28,0.00023665438317725413,0.0009466175327090165,0,0.0,0.5836185749088015,true
intermittent_v2,52,quantity,p50_p90,44,29579,0,0.0,0.0,0,0.0,0.0,false
intermittent_v2,52,quantity,p50_p90,45,29579,0,0.0,0.0,0,0.0,0.0,false
intermittent_v2,52,quantity,p50_p90,46,29579,0,0.0,0.0,0,0.0,0.0,false
intermittent_v2,52,quantity,p50_p90,47,29579,2,0.000016903884512661008,0.00006761553805064403,0,0.0,0.6824790835380554,true
intermittent_v2,52,quantity,p50_p90,48,29579,0,0.0,0.0,0,0.0,0.0,false
intermittent_v2,52,quantity,p50_p90,49,29579,129,0.001090300551066635,0.00436120220426654,0,0.0,0.5264150015143461,true
intermittent_v2,52,quantity,p50_p90,50,29579,100,0.0008451942256330505,0.003380776902532202,39,0.0013185029919875588,0.5205676305294037,true
intermittent_v2,52,quantity,p50_p90,51,29579,0,0.0,0.0,0,0.0,0.0,false
intermittent_v2,52,quantity,p50_p90,52,29579,5,0.000042259711281652524,0.0001690388451266101,1,0.000033807769025322016,0.5831527829170227,true
intermittent_v2,52,quantity,p50_p90,53,29579,0,0.0,0.0,0,0.0,0.0,false
intermittent_v2,52,quantity,p50_p90,54,29579,0,0.0,0.0,0,0.0,0.0,false
intermittent_v2,52,quantity,p50_p90,55,29579,1,8.451942256330504e-6,0.000033807769025322016,0,0.0,0.5917672514915466,true
intermittent_v2,52,quantity,p50_p90,56,29579,1807,0.015272659657189222,0.06109063862875689,571,0.019304236113458873,0.5278516748067617,true
intermittent_v2,52,quantity,p50_p90,57,29579,2,0.000016903884512661008,0.00006761553805064403,0,0.0,0.4150192439556122,true
intermittent_v2,52,quantity,p50_p90,58,29579,221,0.0018678792386490415,0.007471516954596166,42,0.0014199262990635248,0.45691852898619295,true
intermittent_v2,52,quantity,p50_p90,59,29579,3224,0.027249061834409546,0.10899624733763819,180,0.006085398424557963,0.502647667522392,true
intermittent_v2,52,quantity,p50_p90,60,29579,608,0.005138780891848947,0.020555123567395788,307,0.01037898509077386,0.4524372993527274,true
intermittent_v2,52,quantity,p50_p90,61,29579,89,0.0007522228608134149,0.0030088914432536596,31,0.0010480408397849825,0.5354523528157995,true
intermittent_v2,52,quantity,p50_p90,62,29579,365,0.0030849589235606343,0.012339835694242537,4,0.00013523107610128807,0.5527737347230519,true
intermittent_v2,52,quantity,p50_p90,63,29579,5,0.000042259711281652524,0.0001690388451266101,0,0.0,0.5792459964752197,true
intermittent_v2,52,quantity,p90_p95,0,7124,0,0.0,0.0,0,0.0,0.0,false
intermittent_v2,52,quantity,p90_p95,1,7124,0,0.0,0.0,0,0.0,0.0,false
intermittent_v2,52,quantity,p90_p95,2,7124,0,0.0,0.0,0,0.0,0.0,false
intermittent_v2,52,quantity,p90_p95,3,7124,0,0.0,0.0,0,0.0,0.0,false
intermittent_v2,52,quantity,p90_p95,4,7124,0,0.0,0.0,0,0.0,0.0,false
intermittent_v2,52,quantity,p90_p95,5,7124,6066,0.21287198203256597,0.8514879281302639,891,0.1250701852891634,0.47746158037746145,true
intermittent_v2,52,quantity,p90_p95,6,7124,0,0.0,0.0,0,0.0,0.0,false
intermittent_v2,52,quantity,p90_p95,7,7124,0,0.0,0.0,0,0.0,0.0,false
intermittent_v2,52,quantity,p90_p95,8,7124,0,0.0,0.0,0,0.0,0.0,false
intermittent_v2,52,quantity,p90_p95,9,7124,0,0.0,0.0,0,0.0,0.0,false
intermittent_v2,52,quantity,p90_p95,10,7124,0,0.0,0.0,0,0.0,0.0,false
intermittent_v2,52,quantity,p90_p95,11,7124,0,0.0,0.0,0,0.0,0.0,false
intermittent_v2,52,quantity,p90_p95,12,7124,0,0.0,0.0,0,0.0,0.0,false
intermittent_v2,52,quantity,p90_p95,13,7124,6357,0.22308394160583941,0.8923357664233577,2922,0.41016282987085906,0.4800408771620506,true
intermittent_v2,52,quantity,p90_p95,14,7124,0,0.0,0.0,0,0.0,0.0,false
intermittent_v2,52,quantity,p90_p95,15,7124,7099,0.2491226838854576,0.9964907355418304,3020,0.4239191465468838,0.47868014702680733,true
intermittent_v2,52,quantity,p90_p95,16,7124,2998,0.10520774845592364,0.42083099382369454,118,0.01656372824256036,0.47515128366027853,true
intermittent_v2,52,quantity,p90_p95,17,7124,1144,0.040145985401459854,0.16058394160583941,88,0.012352610892756879,0.46678142103698705,true
intermittent_v2,52,quantity,p90_p95,18,7124,0,0.0,0.0,0,0.0,0.0,false
intermittent_v2,52,quantity,p90_p95,19,7124,0,0.0,0.0,0,0.0,0.0,false
intermittent_v2,52,quantity,p90_p95,20,7124,0,0.0,0.0,0,0.0,0.0,false
intermittent_v2,52,quantity,p90_p95,21,7124,71,0.002491577765300393,0.009966311061201572,0,0.0,0.45743706990295735,true
intermittent_v2,52,quantity,p90_p95,22,7124,0,0.0,0.0,0,0.0,0.0,false
intermittent_v2,52,quantity,p90_p95,23,7124,0,0.0,0.0,0,0.0,0.0,false
intermittent_v2,52,quantity,p90_p95,24,7124,0,0.0,0.0,0,0.0,0.0,false
intermittent_v2,52,quantity,p90_p95,25,7124,0,0.0,0.0,0,0.0,0.0,false
intermittent_v2,52,quantity,p90_p95,26,7124,0,0.0,0.0,0,0.0,0.0,false
intermittent_v2,52,quantity,p90_p95,27,7124,0,0.0,0.0,0,0.0,0.0,false
intermittent_v2,52,quantity,p90_p95,28,7124,97,0.0034039865244244807,0.013615946097697923,2,0.00028074115665356543,0.47298143973055573,true
intermittent_v2,52,quantity,p90_p95,29,7124,0,0.0,0.0,0,0.0,0.0,false
intermittent_v2,52,quantity,p90_p95,30,7124,0,0.0,0.0,0,0.0,0.0,false
intermittent_v2,52,quantity,p90_p95,31,7124,0,0.0,0.0,0,0.0,0.0,false
intermittent_v2,52,quantity,p90_p95,32,7124,0,0.0,0.0,0,0.0,0.0,false
intermittent_v2,52,quantity,p90_p95,33,7124,0,0.0,0.0,0,0.0,0.0,false
intermittent_v2,52,quantity,p90_p95,34,7124,0,0.0,0.0,0,0.0,0.0,false
intermittent_v2,52,quantity,p90_p95,35,7124,2121,0.07443149915777653,0.2977259966311061,83,0.011650758001122965,0.4716723717956372,true
intermittent_v2,52,quantity,p90_p95,36,7124,0,0.0,0.0,0,0.0,0.0,false
intermittent_v2,52,quantity,p90_p95,37,7124,0,0.0,0.0,0,0.0,0.0,false
intermittent_v2,52,quantity,p90_p95,38,7124,0,0.0,0.0,0,0.0,0.0,false
intermittent_v2,52,quantity,p90_p95,39,7124,2543,0.0892405951712521,0.3569623806850084,0,0.0,0.4760254176521789,true
intermittent_v2,52,quantity,p90_p95,40,7124,0,0.0,0.0,0,0.0,0.0,false
intermittent_v2,52,quantity,p90_p95,41,7124,0,0.0,0.0,0,0.0,0.0,false
intermittent_v2,52,quantity,p90_p95,42,7124,0,0.0,0.0,0,0.0,0.0,false
intermittent_v2,52,quantity,p90_p95,43,7124,0,0.0,0.0,0,0.0,0.0,false
intermittent_v2,52,quantity,p90_p95,44,7124,0,0.0,0.0,0,0.0,0.0,false
intermittent_v2,52,quantity,p90_p95,45,7124,0,0.0,0.0,0,0.0,0.0,false
intermittent_v2,52,quantity,p90_p95,46,7124,0,0.0,0.0,0,0.0,0.0,false
intermittent_v2,52,quantity,p90_p95,47,7124,0,0.0,0.0,0,0.0,0.0,false
intermittent_v2,52,quantity,p90_p95,48,7124,0,0.0,0.0,0,0.0,0.0,false
intermittent_v2,52,quantity,p90_p95,49,7124,0,0.0,0.0,0,0.0,0.0,false
intermittent_v2,52,quantity,p90_p95,50,7124,0,0.0,0.0,0,0.0,0.0,false
intermittent_v2,52,quantity,p90_p95,51,7124,0,0.0,0.0,0,0.0,0.0,false
intermittent_v2,52,quantity,p90_p95,52,7124,0,0.0,0.0,0,0.0,0.0,false
intermittent_v2,52,quantity,p90_p95,53,7124,0,0.0,0.0,0,0.0,0.0,false
intermittent_v2,52,quantity,p90_p95,54,7124,0,0.0,0.0,0,0.0,0.0,false
intermittent_v2,52,quantity,p90_p95,55,7124,0,0.0,0.0,0,0.0,0.0,false
intermittent_v2,52,quantity,p90_p95,56,7124,0,0.0,0.0,0,0.0,0.0,false
intermittent_v2,52,quantity,p90_p95,57,7124,0,0.0,0.0,0,0.0,0.0,false
intermittent_v2,52,quantity,p90_p95,58,7124,0,0.0,0.0,0,0.0,0.0,false
intermittent_v2,52,quantity,p90_p95,59,7124,0,0.0,0.0,0,0.0,0.0,false
intermittent_v2,52,quantity,p90_p95,60,7124,0,0.0,0.0,0,0.0,0.0,false
intermittent_v2,52,quantity,p90_p95,61,7124,0,0.0,0.0,0,0.0,0.0,false
intermittent_v2,52,quantity,p90_p95,62,7124,0,0.0,0.0,0,0.0,0.0,false
intermittent_v2,52,quantity,p90_p95,63,7124,0,0.0,0.0,0,0.0,0.0,false
intermittent_v2,52,quantity,p95_p99,0,3405,0,0.0,0.0,0,0.0,0.0,false
intermittent_v2,52,quantity,p95_p99,1,3405,0,0.0,0.0,0,0.0,0.0,false
intermittent_v2,52,quantity,p95_p99,2,3405,0,0.0,0.0,0,0.0,0.0,false
intermittent_v2,52,quantity,p95_p99,3,3405,0,0.0,0.0,0,0.0,0.0,false
intermittent_v2,52,quantity,p95_p99,4,3405,0,0.0,0.0,0,0.0,0.0,false
intermittent_v2,52,quantity,p95_p99,5,3405,2891,0.21226138032305433,0.8490455212922173,363,0.1066079295154185,0.42026550252929934,true
intermittent_v2,52,quantity,p95_p99,6,3405,0,0.0,0.0,0,0.0,0.0,false
intermittent_v2,52,quantity,p95_p99,7,3405,0,0.0,0.0,0,0.0,0.0,false
intermittent_v2,52,quantity,p95_p99,8,3405,0,0.0,0.0,0,0.0,0.0,false
intermittent_v2,52,quantity,p95_p99,9,3405,0,0.0,0.0,0,0.0,0.0,false
intermittent_v2,52,quantity,p95_p99,10,3405,0,0.0,0.0,0,0.0,0.0,false
intermittent_v2,52,quantity,p95_p99,11,3405,0,0.0,0.0,0,0.0,0.0,false
intermittent_v2,52,quantity,p95_p99,12,3405,0,0.0,0.0,0,0.0,0.0,false
intermittent_v2,52,quantity,p95_p99,13,3405,3241,0.2379588839941263,0.9518355359765052,1016,0.2983847283406755,0.42292174977382296,true
intermittent_v2,52,quantity,p95_p99,14,3405,0,0.0,0.0,0,0.0,0.0,false
intermittent_v2,52,quantity,p95_p99,15,3405,3405,0.25,1.0,1860,0.5462555066079295,0.42426351048872857,true
intermittent_v2,52,quantity,p95_p99,16,3405,1272,0.0933920704845815,0.373568281938326,12,0.003524229074889868,0.422741663788662,true
intermittent_v2,52,quantity,p95_p99,17,3405,1232,0.09045521292217328,0.3618208516886931,152,0.044640234948604994,0.42191984695563844,true
intermittent_v2,52,quantity,p95_p99,18,3405,0,0.0,0.0,0,0.0,0.0,false
intermittent_v2,52,quantity,p95_p99,19,3405,0,0.0,0.0,0,0.0,0.0,false
intermittent_v2,52,quantity,p95_p99,20,3405,0,0.0,0.0,0,0.0,0.0,false
intermittent_v2,52,quantity,p95_p99,21,3405,1,0.00007342143906020558,0.0002936857562408223,0,0.0,0.4883127212524414,true
intermittent_v2,52,quantity,p95_p99,22,3405,0,0.0,0.0,0,0.0,0.0,false
intermittent_v2,52,quantity,p95_p99,23,3405,0,0.0,0.0,0,0.0,0.0,false
intermittent_v2,52,quantity,p95_p99,24,3405,0,0.0,0.0,0,0.0,0.0,false
intermittent_v2,52,quantity,p95_p99,25,3405,0,0.0,0.0,0,0.0,0.0,false
intermittent_v2,52,quantity,p95_p99,26,3405,0,0.0,0.0,0,0.0,0.0,false
intermittent_v2,52,quantity,p95_p99,27,3405,0,0.0,0.0,0,0.0,0.0,false
intermittent_v2,52,quantity,p95_p99,28,3405,16,0.0011747430249632893,0.004698972099853157,0,0.0,0.4350868407636881,true
intermittent_v2,52,quantity,p95_p99,29,3405,0,0.0,0.0,0,0.0,0.0,false
intermittent_v2,52,quantity,p95_p99,30,3405,0,0.0,0.0,0,0.0,0.0,false
intermittent_v2,52,quantity,p95_p99,31,3405,0,0.0,0.0,0,0.0,0.0,false
intermittent_v2,52,quantity,p95_p99,32,3405,0,0.0,0.0,0,0.0,0.0,false
intermittent_v2,52,quantity,p95_p99,33,3405,0,0.0,0.0,0,0.0,0.0,false
intermittent_v2,52,quantity,p95_p99,34,3405,0,0.0,0.0,0,0.0,0.0,false
intermittent_v2,52,quantity,p95_p99,35,3405,948,0.06960352422907488,0.27841409691629954,2,0.0005873715124816446,0.4141900978888137,true
intermittent_v2,52,quantity,p95_p99,36,3405,0,0.0,0.0,0,0.0,0.0,false
intermittent_v2,52,quantity,p95_p99,37,3405,0,0.0,0.0,0,0.0,0.0,false
intermittent_v2,52,quantity,p95_p99,38,3405,0,0.0,0.0,0,0.0,0.0,false
intermittent_v2,52,quantity,p95_p99,39,3405,613,0.04500734214390602,0.18002936857562407,0,0.0,0.41812544224896203,true
intermittent_v2,52,quantity,p95_p99,40,3405,0,0.0,0.0,0,0.0,0.0,false
intermittent_v2,52,quantity,p95_p99,41,3405,0,0.0,0.0,0,0.0,0.0,false
intermittent_v2,52,quantity,p95_p99,42,3405,0,0.0,0.0,0,0.0,0.0,false
intermittent_v2,52,quantity,p95_p99,43,3405,0,0.0,0.0,0,0.0,0.0,false
intermittent_v2,52,quantity,p95_p99,44,3405,0,0.0,0.0,0,0.0,0.0,false
intermittent_v2,52,quantity,p95_p99,45,3405,0,0.0,0.0,0,0.0,0.0,false
intermittent_v2,52,quantity,p95_p99,46,3405,0,0.0,0.0,0,0.0,0.0,false
intermittent_v2,52,quantity,p95_p99,47,3405,0,0.0,0.0,0,0.0,0.0,false
intermittent_v2,52,quantity,p95_p99,48,3405,0,0.0,0.0,0,0.0,0.0,false
intermittent_v2,52,quantity,p95_p99,49,3405,0,0.0,0.0,0,0.0,0.0,false
intermittent_v2,52,quantity,p95_p99,50,3405,0,0.0,0.0,0,0.0,0.0,false
intermittent_v2,52,quantity,p95_p99,51,3405,0,0.0,0.0,0,0.0,0.0,false
intermittent_v2,52,quantity,p95_p99,52,3405,0,0.0,0.0,0,0.0,0.0,false
intermittent_v2,52,quantity,p95_p99,53,3405,0,0.0,0.0,0,0.0,0.0,false
intermittent_v2,52,quantity,p95_p99,54,3405,0,0.0,0.0,0,0.0,0.0,false
intermittent_v2,52,quantity,p95_p99,55,3405,0,0.0,0.0,0,0.0,0.0,false
intermittent_v2,52,quantity,p95_p99,56,3405,0,0.0,0.0,0,0.0,0.0,false
intermittent_v2,52,quantity,p95_p99,57,3405,0,0.0,0.0,0,0.0,0.0,false
intermittent_v2,52,quantity,p95_p99,58,3405,0,0.0,0.0,0,0.0,0.0,false
intermittent_v2,52,quantity,p95_p99,59,3405,0,0.0,0.0,0,0.0,0.0,false
intermittent_v2,52,quantity,p95_p99,60,3405,0,0.0,0.0,0,0.0,0.0,false
intermittent_v2,52,quantity,p95_p99,61,3405,0,0.0,0.0,0,0.0,0.0,false
intermittent_v2,52,quantity,p95_p99,62,3405,1,0.00007342143906020558,0.0002936857562408223,0,0.0,0.4394418001174927,true
intermittent_v2,52,quantity,p95_p99,63,3405,0,0.0,0.0,0,0.0,0.0,false
intermittent_v2,52,quantity_region,body_le_p95,0,81739,17066,0.052196625845679544,0.20878650338271817,3264,0.03993197861485949,0.346143288449017,true
intermittent_v2,52,quantity_region,body_le_p95,1,81739,896,0.0027404299049413375,0.01096171961976535,112,0.0013702149524706688,0.6894525002821216,true
intermittent_v2,52,quantity_region,body_le_p95,2,81739,9,0.000027526639670169688,0.00011010655868067875,1,0.000012234062075630972,0.5889376865492927,true
intermittent_v2,52,quantity_region,body_le_p95,3,81739,1,3.058515518907743e-6,0.000012234062075630972,0,0.0,0.6452746391296387,true
intermittent_v2,52,quantity_region,body_le_p95,4,81739,2,6.117031037815486e-6,0.000024468124151261944,0,0.0,0.38422590494155884,true
intermittent_v2,52,quantity_region,body_le_p95,5,81739,27579,0.08435079949595664,0.33740319798382656,3623,0.04432400690001101,0.4941895412280953,true
intermittent_v2,52,quantity_region,body_le_p95,6,81739,4790,0.01465028933556809,0.05860115734227236,692,0.008465970956336633,0.3290715807321674,true
intermittent_v2,52,quantity_region,body_le_p95,7,81739,10225,0.03127332118083167,0.12509328472332668,1056,0.012919169551866306,0.3732918065203431,true
intermittent_v2,52,quantity_region,body_le_p95,8,81739,316,0.0009664909039748468,0.003865963615899387,218,0.002667025532487552,0.5196122142333018,true
intermittent_v2,52,quantity_region,body_le_p95,9,81739,2,6.117031037815486e-6,0.000024468124151261944,0,0.0,0.6652610898017883,true
intermittent_v2,52,quantity_region,body_le_p95,10,81739,840,0.0025691530358825042,0.010276612143530017,38,0.0004648943588739769,0.5413228921592236,true
intermittent_v2,52,quantity_region,body_le_p95,11,81739,936,0.0028627705256976475,0.01145108210279059,534,0.0065329891483869385,0.7174637003077401,true
intermittent_v2,52,quantity_region,body_le_p95,12,81739,72,0.0002202131173613575,0.00088085246944543,27,0.00033031967604203624,0.676651805639267,true
intermittent_v2,52,quantity_region,body_le_p95,13,81739,31726,0.09703446335286706,0.3881378534114682,15129,0.18508912514222098,0.5015332504476612,true
intermittent_v2,52,quantity_region,body_le_p95,14,81739,10,0.00003058515518907743,0.00012234062075630972,0,0.0,0.5616029977798462,true
intermittent_v2,52,quantity_region,body_le_p95,15,81739,35624,0.10895655684556943,0.4358262273822777,13878,0.16978431348560663,0.4992274213937824,true
intermittent_v2,52,quantity_region,body_le_p95,16,81739,10706,0.032744467145426295,0.13097786858170518,251,0.003070749580983374,0.4886798411134513,true
intermittent_v2,52,quantity_region,body_le_p95,17,81739,7064,0.021605353625564296,0.08642141450225718,752,0.009200014680874492,0.49594479708564243,true
intermittent_v2,52,quantity_region,body_le_p95,18,81739,28380,0.08680067042660175,0.347202681706407,2744,0.03357026633553139,0.33170632243502973,true
intermittent_v2,52,quantity_region,body_le_p95,19,81739,1573,0.004811044911241879,0.019244179644967517,54,0.0006606393520840725,0.49508758808159936,true
intermittent_v2,52,quantity_region,body_le_p95,20,81739,205,0.0006269956813760873,0.002507982725504349,0,0.0,0.744566406854769,true
intermittent_v2,52,quantity_region,body_le_p95,21,81739,3489,0.010671160645469115,0.04268464258187646,459,0.005615434492714616,0.5297034095217895,true
intermittent_v2,52,quantity_region,body_le_p95,22,81739,428,0.001309044642092514,0.005236178568370056,81,0.0009909590281261087,0.6748010752914108,true
intermittent_v2,52,quantity_region,body_le_p95,23,81739,9357,0.02861852971041975,0.114474118841679,1606,0.01964790369346334,0.32024473164012013,true
intermittent_v2,52,quantity_region,body_le_p95,24,81739,43,0.00013151616731303295,0.0005260646692521318,1,0.000012234062075630972,0.413568212542423,true
intermittent_v2,52,quantity_region,body_le_p95,25,81739,9244,0.028272917456783175,0.1130916698271327,726,0.008881929066908085,0.3194181530819807,true
intermittent_v2,52,quantity_region,body_le_p95,26,81739,125,0.0003823144398634679,0.0015292577594538715,1,0.000012234062075630972,0.7200258207321167,true
intermittent_v2,52,quantity_region,body_le_p95,27,81739,202,0.000617820134819364,0.002471280539277456,42,0.0005138306071765008,0.6304775716939776,true
intermittent_v2,52,quantity_region,body_le_p95,28,81739,1370,0.004190166260903608,0.016760665043614432,475,0.005811179485924712,0.5850726192450001,true
intermittent_v2,52,quantity_region,body_le_p95,29,81739,20,0.00006117031037815486,0.00024468124151261943,3,0.00003670218622689292,0.5552348092198371,true
intermittent_v2,52,quantity_region,body_le_p95,30,81739,153,0.00046795287439288464,0.0018718114975715386,15,0.00018351093113446457,0.540628030019648,true
intermittent_v2,52,quantity_region,body_le_p95,31,81739,21933,0.06708242087620353,0.2683296835048141,6346,0.07763735793195414,0.32406027233114715,true
intermittent_v2,52,quantity_region,body_le_p95,32,81739,5890,0.018014656406366607,0.07205862562546643,130,0.0015904280698320263,0.2994963770178866,true
intermittent_v2,52,quantity_region,body_le_p95,33,81739,14,0.0000428192172647084,0.0001712768690588336,4,0.00004893624830252389,0.22409053253276007,true
intermittent_v2,52,quantity_region,body_le_p95,34,81739,85,0.00025997381910715817,0.0010398952764286327,10,0.00012234062075630972,0.6836113999871647,true
intermittent_v2,52,quantity_region,body_le_p95,35,81739,16435,0.050266702553248756,0.20106681021299502,1239,0.015158002911706775,0.4968094518382679,true
intermittent_v2,52,quantity_region,body_le_p95,36,81739,55,0.00016821835353992586,0.0006728734141597034,0,0.0,0.5357941979711706,true
intermittent_v2,52,quantity_region,body_le_p95,37,81739,3,9.17554655672323e-6,0.00003670218622689292,0,0.0,0.6359907190004984,true
intermittent_v2,52,quantity_region,body_le_p95,38,81739,74,0.00022633014839917298,0.0009053205935966919,4,0.00004893624830252389,0.49706843616189184,true
intermittent_v2,52,quantity_region,body_le_p95,39,81739,6793,0.020776495919940297,0.08310598367976119,35,0.000428192172647084,0.4968884005061169,true
intermittent_v2,52,quantity_region,body_le_p95,40,81739,8,0.000024468124151261944,0.00009787249660504777,0,0.0,0.6640254333615303,true
intermittent_v2,52,quantity_region,body_le_p95,41,81739,78,0.00023856421047480396,0.0009542568418992158,8,0.00009787249660504777,0.6459098022717696,true
intermittent_v2,52,quantity_region,body_le_p95,42,81739,13869,0.04241855173173149,0.16967420692692595,3154,0.03858623178654008,0.33069277849088397,true
intermittent_v2,52,quantity_region,body_le_p95,43,81739,325,0.0009940175436450164,0.003976070174580066,11,0.0001345746828319407,0.6427638983726501,true
intermittent_v2,52,quantity_region,body_le_p95,44,81739,60,0.00018351093113446457,0.0007340437245378583,3,0.00003670218622689292,0.36309392253557843,true
intermittent_v2,52,quantity_region,body_le_p95,45,81739,32,0.00009787249660504777,0.0003914899864201911,1,0.000012234062075630972,0.501783927436918,true
intermittent_v2,52,quantity_region,body_le_p95,46,81739,22,0.00006728734141597035,0.0002691493656638814,2,0.000024468124151261944,0.7146155021407388,true
intermittent_v2,52,quantity_region,body_le_p95,47,81739,430,0.0013151616731303295,0.005260646692521318,44,0.0005382987313277628,0.6992055023132369,true
intermittent_v2,52,quantity_region,body_le_p95,48,81739,20,0.00006117031037815486,0.00024468124151261943,6,0.00007340437245378583,0.6694069474935531,true
intermittent_v2,52,quantity_region,body_le_p95,49,81739,206,0.000630054196894995,0.00252021678757998,7,0.0000856384345294168,0.5622345285797582,true
intermittent_v2,52,quantity_region,body_le_p95,50,81739,138,0.00042207514160926853,0.0016883005664370741,45,0.0005505327934033937,0.551291636366775,true
intermittent_v2,52,quantity_region,body_le_p95,51,81739,262,0.0008013310659538286,0.0032053242638153145,27,0.00033031967604203624,0.6447450527708039,true
intermittent_v2,52,quantity_region,body_le_p95,52,81739,2795,0.008548550875347142,0.03419420350138857,18,0.0002202131173613575,0.32460583799213755,true
intermittent_v2,52,quantity_region,body_le_p95,53,81739,2269,0.006939771712401669,0.027759086849606675,196,0.0023978761668236705,0.27970439843823597,true
intermittent_v2,52,quantity_region,body_le_p95,54,81739,19,0.00005811179485924711,0.00023244717943698845,1,0.000012234062075630972,0.660801256957807,true
intermittent_v2,52,quantity_region,body_le_p95,55,81739,3573,0.010928075949057366,0.043712303796229465,342,0.004184049229865793,0.31600136025643233,true
intermittent_v2,52,quantity_region,body_le_p95,56,81739,2887,0.008829934303086654,0.035319737212346616,942,0.011524486475244376,0.5847142749708913,true
intermittent_v2,52,quantity_region,body_le_p95,57,81739,2,6.117031037815486e-6,0.000024468124151261944,0,0.0,0.4150192439556122,true
intermittent_v2,52,quantity_region,body_le_p95,58,81739,1603,0.004902800376809112,0.01961120150723645,62,0.0007585118486891203,0.33756043158206656,true
intermittent_v2,52,quantity_region,body_le_p95,59,81739,3567,0.010909724855943919,0.043638899423775676,189,0.002312237732294254,0.5206214905804467,true
intermittent_v2,52,quantity_region,body_le_p95,60,81739,35819,0.10955296737175645,0.4382118694870258,22888,0.28001321278704167,0.3428789150843339,true
intermittent_v2,52,quantity_region,body_le_p95,61,81739,4652,0.01422821419395882,0.05691285677583528,189,0.002312237732294254,0.33705088318432086,true
intermittent_v2,52,quantity_region,body_le_p95,62,81739,412,0.00126010839378999,0.00504043357515996,13,0.00015904280698320265,0.5688374551031196,true
intermittent_v2,52,quantity_region,body_le_p95,63,81739,173,0.0005291231847710396,0.0021164927390841582,41,0.0005015965451008698,0.6540821032717049,true
intermittent_v2,52,quantity_region,extreme_tail_gt_p99,0,1141,0,0.0,0.0,0,0.0,0.0,false
intermittent_v2,52,quantity_region,extreme_tail_gt_p99,1,1141,0,0.0,0.0,0,0.0,0.0,false
intermittent_v2,52,quantity_region,extreme_tail_gt_p99,2,1141,0,0.0,0.0,0,0.0,0.0,false
intermittent_v2,52,quantity_region,extreme_tail_gt_p99,3,1141,0,0.0,0.0,0,0.0,0.0,false
intermittent_v2,52,quantity_region,extreme_tail_gt_p99,4,1141,0,0.0,0.0,0,0.0,0.0,false
intermittent_v2,52,quantity_region,extreme_tail_gt_p99,5,1141,1141,0.25,1.0,90,0.07887817703768624,0.3859039292222674,true
intermittent_v2,52,quantity_region,extreme_tail_gt_p99,6,1141,0,0.0,0.0,0,0.0,0.0,false
intermittent_v2,52,quantity_region,extreme_tail_gt_p99,7,1141,0,0.0,0.0,0,0.0,0.0,false
intermittent_v2,52,quantity_region,extreme_tail_gt_p99,8,1141,0,0.0,0.0,0,0.0,0.0,false
intermittent_v2,52,quantity_region,extreme_tail_gt_p99,9,1141,0,0.0,0.0,0,0.0,0.0,false
intermittent_v2,52,quantity_region,extreme_tail_gt_p99,10,1141,0,0.0,0.0,0,0.0,0.0,false
intermittent_v2,52,quantity_region,extreme_tail_gt_p99,11,1141,0,0.0,0.0,0,0.0,0.0,false
intermittent_v2,52,quantity_region,extreme_tail_gt_p99,12,1141,0,0.0,0.0,0,0.0,0.0,false
intermittent_v2,52,quantity_region,extreme_tail_gt_p99,13,1141,1051,0.23028045574057843,0.9211218229623137,215,0.18843120070113936,0.3857697143824638,true
intermittent_v2,52,quantity_region,extreme_tail_gt_p99,14,1141,0,0.0,0.0,0,0.0,0.0,false
intermittent_v2,52,quantity_region,extreme_tail_gt_p99,15,1141,1141,0.25,1.0,836,0.7326906222611744,0.38889177489656823,true
intermittent_v2,52,quantity_region,extreme_tail_gt_p99,16,1141,145,0.0317703768624014,0.1270815074496056,0,0.0,0.3854931056499481,true
intermittent_v2,52,quantity_region,extreme_tail_gt_p99,17,1141,25,0.005477651183172656,0.021910604732690624,0,0.0,0.37805291175842287,true
intermittent_v2,52,quantity_region,extreme_tail_gt_p99,18,1141,0,0.0,0.0,0,0.0,0.0,false
intermittent_v2,52,quantity_region,extreme_tail_gt_p99,19,1141,0,0.0,0.0,0,0.0,0.0,false
intermittent_v2,52,quantity_region,extreme_tail_gt_p99,20,1141,0,0.0,0.0,0,0.0,0.0,false
intermittent_v2,52,quantity_region,extreme_tail_gt_p99,21,1141,0,0.0,0.0,0,0.0,0.0,false
intermittent_v2,52,quantity_region,extreme_tail_gt_p99,22,1141,0,0.0,0.0,0,0.0,0.0,false
intermittent_v2,52,quantity_region,extreme_tail_gt_p99,23,1141,0,0.0,0.0,0,0.0,0.0,false
intermittent_v2,52,quantity_region,extreme_tail_gt_p99,24,1141,0,0.0,0.0,0,0.0,0.0,false
intermittent_v2,52,quantity_region,extreme_tail_gt_p99,25,1141,0,0.0,0.0,0,0.0,0.0,false
intermittent_v2,52,quantity_region,extreme_tail_gt_p99,26,1141,0,0.0,0.0,0,0.0,0.0,false
intermittent_v2,52,quantity_region,extreme_tail_gt_p99,27,1141,0,0.0,0.0,0,0.0,0.0,false
intermittent_v2,52,quantity_region,extreme_tail_gt_p99,28,1141,0,0.0,0.0,0,0.0,0.0,false
intermittent_v2,52,quantity_region,extreme_tail_gt_p99,29,1141,0,0.0,0.0,0,0.0,0.0,false
intermittent_v2,52,quantity_region,extreme_tail_gt_p99,30,1141,0,0.0,0.0,0,0.0,0.0,false
intermittent_v2,52,quantity_region,extreme_tail_gt_p99,31,1141,0,0.0,0.0,0,0.0,0.0,false
intermittent_v2,52,quantity_region,extreme_tail_gt_p99,32,1141,0,0.0,0.0,0,0.0,0.0,false
intermittent_v2,52,quantity_region,extreme_tail_gt_p99,33,1141,0,0.0,0.0,0,0.0,0.0,false
intermittent_v2,52,quantity_region,extreme_tail_gt_p99,34,1141,0,0.0,0.0,0,0.0,0.0,false
intermittent_v2,52,quantity_region,extreme_tail_gt_p99,35,1141,859,0.18821209465381245,0.7528483786152498,0,0.0,0.3818091818839485,true
intermittent_v2,52,quantity_region,extreme_tail_gt_p99,36,1141,0,0.0,0.0,0,0.0,0.0,false
intermittent_v2,52,quantity_region,extreme_tail_gt_p99,37,1141,0,0.0,0.0,0,0.0,0.0,false
intermittent_v2,52,quantity_region,extreme_tail_gt_p99,38,1141,0,0.0,0.0,0,0.0,0.0,false
intermittent_v2,52,quantity_region,extreme_tail_gt_p99,39,1141,202,0.04425942156003506,0.17703768624014024,0,0.0,0.38165123155801606,true
intermittent_v2,52,quantity_region,extreme_tail_gt_p99,40,1141,0,0.0,0.0,0,0.0,0.0,false
intermittent_v2,52,quantity_region,extreme_tail_gt_p99,41,1141,0,0.0,0.0,0,0.0,0.0,false
intermittent_v2,52,quantity_region,extreme_tail_gt_p99,42,1141,0,0.0,0.0,0,0.0,0.0,false
intermittent_v2,52,quantity_region,extreme_tail_gt_p99,43,1141,0,0.0,0.0,0,0.0,0.0,false
intermittent_v2,52,quantity_region,extreme_tail_gt_p99,44,1141,0,0.0,0.0,0,0.0,0.0,false
intermittent_v2,52,quantity_region,extreme_tail_gt_p99,45,1141,0,0.0,0.0,0,0.0,0.0,false
intermittent_v2,52,quantity_region,extreme_tail_gt_p99,46,1141,0,0.0,0.0,0,0.0,0.0,false
intermittent_v2,52,quantity_region,extreme_tail_gt_p99,47,1141,0,0.0,0.0,0,0.0,0.0,false
intermittent_v2,52,quantity_region,extreme_tail_gt_p99,48,1141,0,0.0,0.0,0,0.0,0.0,false
intermittent_v2,52,quantity_region,extreme_tail_gt_p99,49,1141,0,0.0,0.0,0,0.0,0.0,false
intermittent_v2,52,quantity_region,extreme_tail_gt_p99,50,1141,0,0.0,0.0,0,0.0,0.0,false
intermittent_v2,52,quantity_region,extreme_tail_gt_p99,51,1141,0,0.0,0.0,0,0.0,0.0,false
intermittent_v2,52,quantity_region,extreme_tail_gt_p99,52,1141,0,0.0,0.0,0,0.0,0.0,false
intermittent_v2,52,quantity_region,extreme_tail_gt_p99,53,1141,0,0.0,0.0,0,0.0,0.0,false
intermittent_v2,52,quantity_region,extreme_tail_gt_p99,54,1141,0,0.0,0.0,0,0.0,0.0,false
intermittent_v2,52,quantity_region,extreme_tail_gt_p99,55,1141,0,0.0,0.0,0,0.0,0.0,false
intermittent_v2,52,quantity_region,extreme_tail_gt_p99,56,1141,0,0.0,0.0,0,0.0,0.0,false
intermittent_v2,52,quantity_region,extreme_tail_gt_p99,57,1141,0,0.0,0.0,0,0.0,0.0,false
intermittent_v2,52,quantity_region,extreme_tail_gt_p99,58,1141,0,0.0,0.0,0,0.0,0.0,false
intermittent_v2,52,quantity_region,extreme_tail_gt_p99,59,1141,0,0.0,0.0,0,0.0,0.0,false
intermittent_v2,52,quantity_region,extreme_tail_gt_p99,60,1141,0,0.0,0.0,0,0.0,0.0,false
intermittent_v2,52,quantity_region,extreme_tail_gt_p99,61,1141,0,0.0,0.0,0,0.0,0.0,false
intermittent_v2,52,quantity_region,extreme_tail_gt_p99,62,1141,0,0.0,0.0,0,0.0,0.0,false
intermittent_v2,52,quantity_region,extreme_tail_gt_p99,63,1141,0,0.0,0.0,0,0.0,0.0,false
intermittent_v2,52,quantity_region,tail_p95_p99,0,3405,0,0.0,0.0,0,0.0,0.0,false
intermittent_v2,52,quantity_region,tail_p95_p99,1,3405,0,0.0,0.0,0,0.0,0.0,false
intermittent_v2,52,quantity_region,tail_p95_p99,2,3405,0,0.0,0.0,0,0.0,0.0,false
intermittent_v2,52,quantity_region,tail_p95_p99,3,3405,0,0.0,0.0,0,0.0,0.0,false
intermittent_v2,52,quantity_region,tail_p95_p99,4,3405,0,0.0,0.0,0,0.0,0.0,false
intermittent_v2,52,quantity_region,tail_p95_p99,5,3405,2891,0.21226138032305433,0.8490455212922173,363,0.1066079295154185,0.42026550252929934,true
intermittent_v2,52,quantity_region,tail_p95_p99,6,3405,0,0.0,0.0,0,0.0,0.0,false
intermittent_v2,52,quantity_region,tail_p95_p99,7,3405,0,0.0,0.0,0,0.0,0.0,false
intermittent_v2,52,quantity_region,tail_p95_p99,8,3405,0,0.0,0.0,0,0.0,0.0,false
intermittent_v2,52,quantity_region,tail_p95_p99,9,3405,0,0.0,0.0,0,0.0,0.0,false
intermittent_v2,52,quantity_region,tail_p95_p99,10,3405,0,0.0,0.0,0,0.0,0.0,false
intermittent_v2,52,quantity_region,tail_p95_p99,11,3405,0,0.0,0.0,0,0.0,0.0,false
intermittent_v2,52,quantity_region,tail_p95_p99,12,3405,0,0.0,0.0,0,0.0,0.0,false
intermittent_v2,52,quantity_region,tail_p95_p99,13,3405,3241,0.2379588839941263,0.9518355359765052,1016,0.2983847283406755,0.42292174977382296,true
intermittent_v2,52,quantity_region,tail_p95_p99,14,3405,0,0.0,0.0,0,0.0,0.0,false
intermittent_v2,52,quantity_region,tail_p95_p99,15,3405,3405,0.25,1.0,1860,0.5462555066079295,0.42426351048872857,true
intermittent_v2,52,quantity_region,tail_p95_p99,16,3405,1272,0.0933920704845815,0.373568281938326,12,0.003524229074889868,0.422741663788662,true
intermittent_v2,52,quantity_region,tail_p95_p99,17,3405,1232,0.09045521292217328,0.3618208516886931,152,0.044640234948604994,0.42191984695563844,true
intermittent_v2,52,quantity_region,tail_p95_p99,18,3405,0,0.0,0.0,0,0.0,0.0,false
intermittent_v2,52,quantity_region,tail_p95_p99,19,3405,0,0.0,0.0,0,0.0,0.0,false
intermittent_v2,52,quantity_region,tail_p95_p99,20,3405,0,0.0,0.0,0,0.0,0.0,false
intermittent_v2,52,quantity_region,tail_p95_p99,21,3405,1,0.00007342143906020558,0.0002936857562408223,0,0.0,0.4883127212524414,true
intermittent_v2,52,quantity_region,tail_p95_p99,22,3405,0,0.0,0.0,0,0.0,0.0,false
intermittent_v2,52,quantity_region,tail_p95_p99,23,3405,0,0.0,0.0,0,0.0,0.0,false
intermittent_v2,52,quantity_region,tail_p95_p99,24,3405,0,0.0,0.0,0,0.0,0.0,false
intermittent_v2,52,quantity_region,tail_p95_p99,25,3405,0,0.0,0.0,0,0.0,0.0,false
intermittent_v2,52,quantity_region,tail_p95_p99,26,3405,0,0.0,0.0,0,0.0,0.0,false
intermittent_v2,52,quantity_region,tail_p95_p99,27,3405,0,0.0,0.0,0,0.0,0.0,false
intermittent_v2,52,quantity_region,tail_p95_p99,28,3405,16,0.0011747430249632893,0.004698972099853157,0,0.0,0.4350868407636881,true
intermittent_v2,52,quantity_region,tail_p95_p99,29,3405,0,0.0,0.0,0,0.0,0.0,false
intermittent_v2,52,quantity_region,tail_p95_p99,30,3405,0,0.0,0.0,0,0.0,0.0,false
intermittent_v2,52,quantity_region,tail_p95_p99,31,3405,0,0.0,0.0,0,0.0,0.0,false
intermittent_v2,52,quantity_region,tail_p95_p99,32,3405,0,0.0,0.0,0,0.0,0.0,false
intermittent_v2,52,quantity_region,tail_p95_p99,33,3405,0,0.0,0.0,0,0.0,0.0,false
intermittent_v2,52,quantity_region,tail_p95_p99,34,3405,0,0.0,0.0,0,0.0,0.0,false
intermittent_v2,52,quantity_region,tail_p95_p99,35,3405,948,0.06960352422907488,0.27841409691629954,2,0.0005873715124816446,0.4141900978888137,true
intermittent_v2,52,quantity_region,tail_p95_p99,36,3405,0,0.0,0.0,0,0.0,0.0,false
intermittent_v2,52,quantity_region,tail_p95_p99,37,3405,0,0.0,0.0,0,0.0,0.0,false
intermittent_v2,52,quantity_region,tail_p95_p99,38,3405,0,0.0,0.0,0,0.0,0.0,false
intermittent_v2,52,quantity_region,tail_p95_p99,39,3405,613,0.04500734214390602,0.18002936857562407,0,0.0,0.41812544224896203,true
intermittent_v2,52,quantity_region,tail_p95_p99,40,3405,0,0.0,0.0,0,0.0,0.0,false
intermittent_v2,52,quantity_region,tail_p95_p99,41,3405,0,0.0,0.0,0,0.0,0.0,false
intermittent_v2,52,quantity_region,tail_p95_p99,42,3405,0,0.0,0.0,0,0.0,0.0,false
intermittent_v2,52,quantity_region,tail_p95_p99,43,3405,0,0.0,0.0,0,0.0,0.0,false
intermittent_v2,52,quantity_region,tail_p95_p99,44,3405,0,0.0,0.0,0,0.0,0.0,false
intermittent_v2,52,quantity_region,tail_p95_p99,45,3405,0,0.0,0.0,0,0.0,0.0,false
intermittent_v2,52,quantity_region,tail_p95_p99,46,3405,0,0.0,0.0,0,0.0,0.0,false
intermittent_v2,52,quantity_region,tail_p95_p99,47,3405,0,0.0,0.0,0,0.0,0.0,false
intermittent_v2,52,quantity_region,tail_p95_p99,48,3405,0,0.0,0.0,0,0.0,0.0,false
intermittent_v2,52,quantity_region,tail_p95_p99,49,3405,0,0.0,0.0,0,0.0,0.0,false
intermittent_v2,52,quantity_region,tail_p95_p99,50,3405,0,0.0,0.0,0,0.0,0.0,false
intermittent_v2,52,quantity_region,tail_p95_p99,51,3405,0,0.0,0.0,0,0.0,0.0,false
intermittent_v2,52,quantity_region,tail_p95_p99,52,3405,0,0.0,0.0,0,0.0,0.0,false
intermittent_v2,52,quantity_region,tail_p95_p99,53,3405,0,0.0,0.0,0,0.0,0.0,false
intermittent_v2,52,quantity_region,tail_p95_p99,54,3405,0,0.0,0.0,0,0.0,0.0,false
intermittent_v2,52,quantity_region,tail_p95_p99,55,3405,0,0.0,0.0,0,0.0,0.0,false
intermittent_v2,52,quantity_region,tail_p95_p99,56,3405,0,0.0,0.0,0,0.0,0.0,false
intermittent_v2,52,quantity_region,tail_p95_p99,57,3405,0,0.0,0.0,0,0.0,0.0,false
intermittent_v2,52,quantity_region,tail_p95_p99,58,3405,0,0.0,0.0,0,0.0,0.0,false
intermittent_v2,52,quantity_region,tail_p95_p99,59,3405,0,0.0,0.0,0,0.0,0.0,false
intermittent_v2,52,quantity_region,tail_p95_p99,60,3405,0,0.0,0.0,0,0.0,0.0,false
intermittent_v2,52,quantity_region,tail_p95_p99,61,3405,0,0.0,0.0,0,0.0,0.0,false
intermittent_v2,52,quantity_region,tail_p95_p99,62,3405,1,0.00007342143906020558,0.0002936857562408223,0,0.0,0.4394418001174927,true
intermittent_v2,52,quantity_region,tail_p95_p99,63,3405,0,0.0,0.0,0,0.0,0.0,false
intermittent_v2,62,history,history_65_128,0,28456,0,0.0,0.0,0,0.0,0.0,false
intermittent_v2,62,history,history_65_128,1,28456,92,0.0008082653921844251,0.0032330615687377003,1,0.00003514197357323587,0.25296388031995815,true
intermittent_v2,62,history,history_65_128,2,28456,0,0.0,0.0,0,0.0,0.0,false
intermittent_v2,62,history,history_65_128,3,28456,0,0.0,0.0,0,0.0,0.0,false
intermittent_v2,62,history,history_65_128,4,28456,0,0.0,0.0,0,0.0,0.0,false
intermittent_v2,62,history,history_65_128,5,28456,5,0.00004392746696654484,0.00017570986786617936,0,0.0,0.38555520176887514,true
intermittent_v2,62,history,history_65_128,6,28456,19,0.0001669243744728704,0.0006676974978914816,0,0.0,0.20289961758412814,true
intermittent_v2,62,history,history_65_128,7,28456,21,0.00018449536125948832,0.0007379814450379533,0,0.0,0.4526177233173734,true
intermittent_v2,62,history,history_65_128,8,28456,4,0.00003514197357323587,0.0001405678942929435,0,0.0,0.3943861946463585,true
intermittent_v2,62,history,history_65_128,9,28456,3372,0.02962468372223784,0.11849873488895137,457,0.016059881922968793,0.22011897847065226,true
intermittent_v2,62,history,history_65_128,10,28456,9153,0.08041362102895698,0.3216544841158279,4146,0.14569862243463594,0.2308402901299043,true
intermittent_v2,62,history,history_65_128,11,28456,99,0.0008697638459375878,0.0034790553837503514,0,0.0,0.28808078756838135,true
intermittent_v2,62,history,history_65_128,12,28456,3603,0.03165413269609221,0.12661653078436885,77,0.002705931965139162,0.22720703846368398,true
intermittent_v2,62,history,history_65_128,13,28456,65,0.0005710570705650829,0.0022842282822603316,2,0.00007028394714647174,0.45893156390923723,true
intermittent_v2,62,history,history_65_128,14,28456,910,0.007994798987911162,0.03197919595164465,16,0.000562271577171774,0.4532159727025818,true
intermittent_v2,62,history,history_65_128,15,28456,0,0.0,0.0,0,0.0,0.0,false
intermittent_v2,62,history,history_65_128,16,28456,32,0.000281135788585887,0.001124543154343548,3,0.00010542592071970762,0.3758081831037998,true
intermittent_v2,62,history,history_65_128,17,28456,1,8.785493393308968e-6,0.00003514197357323587,0,0.0,0.48482704162597656,true
intermittent_v2,62,history,history_65_128,18,28456,13996,0.12296176553275232,0.49184706213100926,1318,0.04631712116952488,0.4348433019987819,true
intermittent_v2,62,history,history_65_128,19,28456,11,0.00009664042732639866,0.0003865617093055946,0,0.0,0.2015381787310947,true
intermittent_v2,62,history,history_65_128,20,28456,128,0.001124543154343548,0.004498172617374192,24,0.0008434073657576609,0.43304066359996796,true
intermittent_v2,62,history,history_65_128,21,28456,35,0.0003074922687658139,0.0012299690750632556,0,0.0,0.24302612585680824,true
intermittent_v2,62,history,history_65_128,22,28456,1270,0.01115757660950239,0.04463030643800956,0,0.0,0.4674440668793175,true
intermittent_v2,62,history,history_65_128,23,28456,0,0.0,0.0,0,0.0,0.0,false
intermittent_v2,62,history,history_65_128,24,28456,27,0.00023720832161934214,0.0009488332864773686,0,0.0,0.40960125128428143,true
intermittent_v2,62,history,history_65_128,25,28456,162,0.0014232499297160528,0.005692999718864211,0,0.0,0.17598859699052058,true
intermittent_v2,62,history,history_65_128,26,28456,90,0.0007906944053978071,0.0031627776215912284,2,0.00007028394714647174,0.2773662971125709,true
intermittent_v2,62,history,history_65_128,27,28456,0,0.0,0.0,0,0.0,0.0,false
intermittent_v2,62,history,history_65_128,28,28456,0,0.0,0.0,0,0.0,0.0,false
intermittent_v2,62,history,history_65_128,29,28456,139,0.0012211835816699466,0.0048847343266797865,0,0.0,0.453393601470714,true
intermittent_v2,62,history,history_65_128,30,28456,182,0.0015989597975822323,0.006395839190328929,2,0.00007028394714647174,0.24169412545941688,true
intermittent_v2,62,history,history_65_128,31,28456,0,0.0,0.0,0,0.0,0.0,false
intermittent_v2,62,history,history_65_128,32,28456,806,0.007081107675007028,0.028324430700028113,7,0.00024599381501265113,0.4697738425163714,true
intermittent_v2,62,history,history_65_128,33,28456,6440,0.056578577452909756,0.22631430981163903,109,0.00383047511948271,0.22617440840217823,true
intermittent_v2,62,history,history_65_128,34,28456,1146,0.010068175428732078,0.04027270171492831,1,0.00003514197357323587,0.22397068583684443,true
intermittent_v2,62,history,history_65_128,35,28456,0,0.0,0.0,0,0.0,0.0,false
intermittent_v2,62,history,history_65_128,36,28456,29,0.00025477930840596007,0.0010191172336238403,1,0.00003514197357323587,0.4030238687992096,true
intermittent_v2,62,history,history_65_128,37,28456,3,0.000026356480179926904,0.00010542592071970762,0,0.0,0.5298154354095459,true
intermittent_v2,62,history,history_65_128,38,28456,0,0.0,0.0,0,0.0,0.0,false
intermittent_v2,62,history,history_65_128,39,28456,0,0.0,0.0,0,0.0,0.0,false
intermittent_v2,62,history,history_65_128,40,28456,176,0.0015462468372223785,0.006184987348889514,0,0.0,0.4551062292673371,true
intermittent_v2,62,history,history_65_128,41,28456,457,0.004014970480742198,0.016059881922968793,1,0.00003514197357323587,0.21840246784739212,true
intermittent_v2,62,history,history_65_128,42,28456,0,0.0,0.0,0,0.0,0.0,false
intermittent_v2,62,history,history_65_128,43,28456,2,0.000017570986786617936,0.00007028394714647174,1,0.00003514197357323587,0.3963676989078522,true
intermittent_v2,62,history,history_65_128,44,28456,0,0.0,0.0,0,0.0,0.0,false
intermittent_v2,62,history,history_65_128,45,28456,12,0.00010542592071970762,0.00042170368287883047,0,0.0,0.3927000289162,true
intermittent_v2,62,history,history_65_128,46,28456,680,0.005974135507450099,0.023896542029800395,56,0.001967950520101209,0.22087256014347076,true
intermittent_v2,62,history,history_65_128,47,28456,0,0.0,0.0,0,0.0,0.0,false
intermittent_v2,62,history,history_65_128,48,28456,13645,0.11987805735170087,0.4795122294068035,1290,0.04533314590947428,0.4370004391049937,true
intermittent_v2,62,history,history_65_128,49,28456,4675,0.04107218161371943,0.16428872645487771,506,0.01778183862805735,0.22508671776336783,true
intermittent_v2,62,history,history_65_128,50,28456,9735,0.08552677818386281,0.34210711273545125,4822,0.1694545965701434,0.23279599514246965,true
intermittent_v2,62,history,history_65_128,51,28456,339,0.00297828226033174,0.01191312904132696,3,0.00010542592071970762,0.4168116145253533,true
intermittent_v2,62,history,history_65_128,52,28456,0,0.0,0.0,0,0.0,0.0,false
intermittent_v2,62,history,history_65_128,53,28456,0,0.0,0.0,0,0.0,0.0,false
intermittent_v2,62,history,history_65_128,54,28456,3,0.000026356480179926904,0.00010542592071970762,0,0.0,0.5026240746180216,true
intermittent_v2,62,history,history_65_128,55,28456,18172,0.15964998594321056,0.6385999437728422,13105,0.4605355636772561,0.4436470471255296,true
intermittent_v2,62,history,history_65_128,56,28456,8,0.00007028394714647174,0.000281135788585887,0,0.0,0.21157873049378395,true
intermittent_v2,62,history,history_65_128,57,28456,9,0.00007906944053978072,0.0003162777621591229,0,0.0,0.24440950651963553,true
intermittent_v2,62,history,history_65_128,58,28456,10,0.00008785493393308968,0.0003514197357323587,0,0.0,0.41689141690731046,true
intermittent_v2,62,history,history_65_128,59,28456,21,0.00018449536125948832,0.0007379814450379533,3,0.00010542592071970762,0.3785464877174014,true
intermittent_v2,62,history,history_65_128,60,28456,849,0.007458883890919314,0.029835535563677257,4,0.0001405678942929435,0.20679845975973019,true
intermittent_v2,62,history,history_65_128,61,28456,7273,0.06389689344953613,0.2555875737981445,424,0.01490019679505201,0.4325652706988589,true
intermittent_v2,62,history,history_65_128,62,28456,3,0.000026356480179926904,0.00010542592071970762,0,0.0,0.4678417940934499,true
intermittent_v2,62,history,history_65_128,63,28456,15915,0.13982112735451224,0.559284509418049,2075,0.07291959516446443,0.43758418375577635,true
intermittent_v2,62,history,history_gt_128,0,32741,1,7.635686142756789e-6,0.000030542744571027155,0,0.0,0.5164409279823303,true
intermittent_v2,62,history,history_gt_128,1,32741,1132,0.008643596713600684,0.034574386854402735,100,0.003054274457102715,0.5179091891991271,true
intermittent_v2,62,history,history_gt_128,2,32741,6,0.000045814116856540725,0.0001832564674261629,0,0.0,0.6080139875411987,true
intermittent_v2,62,history,history_gt_128,3,32741,1,7.635686142756789e-6,0.000030542744571027155,0,0.0,0.44449901580810547,true
intermittent_v2,62,history,history_gt_128,4,32741,89,0.0006795760667053541,0.0027183042668214165,2,0.00006108548914205431,0.24315099150277256,true
intermittent_v2,62,history,history_gt_128,5,32741,410,0.003130631318530283,0.012522525274121132,0,0.0,0.4032965963933526,true
intermittent_v2,62,history,history_gt_128,6,32741,774,0.005910021074493754,0.023640084297975015,73,0.002229620353684982,0.23235455438379168,true
intermittent_v2,62,history,history_gt_128,7,32741,9,0.00006872117528481109,0.00027488470113924435,0,0.0,0.6073336402575175,true
intermittent_v2,62,history,history_gt_128,8,32741,57,0.00043523411013713693,0.0017409364405485477,7,0.00021379921199719007,0.5264301310505783,true
intermittent_v2,62,history,history_gt_128,9,32741,13597,0.10382242448306404,0.4152896979322562,1147,0.03503252802296814,0.3096944313457172,true
intermittent_v2,62,history,history_gt_128,10,32741,27814,0.2123789743746373,0.8495158974985492,12233,0.37362939433737513,0.2710607823859828,true
intermittent_v2,62,history,history_gt_128,11,32741,183,0.0013973305641244921,0.0055893222564979686,15,0.0004581411685654073,0.3837156599499489,true
intermittent_v2,62,history,history_gt_128,12,32741,18780,0.1433981857609725,0.57359274304389,463,0.014141290736385571,0.23894645742329654,true
intermittent_v2,62,history,history_gt_128,13,32741,403,0.0030771815155309855,0.012308726062123942,33,0.0010079105708438961,0.5850295176724938,true
intermittent_v2,62,history,history_gt_128,14,32741,408,0.0031153599462447694,0.012461439784979078,9,0.00027488470113924435,0.45504335248294997,true
intermittent_v2,62,history,history_gt_128,15,32741,2,0.000015271372285513577,0.00006108548914205431,0,0.0,0.3993127644062042,true
intermittent_v2,62,history,history_gt_128,16,32741,29,0.00022143489813994686,0.0008857395925597874,0,0.0,0.5170489066633684,true
intermittent_v2,62,history,history_gt_128,17,32741,5,0.00003817843071378394,0.00015271372285513576,0,0.0,0.6487708449363708,true
intermittent_v2,62,history,history_gt_128,18,32741,2076,0.01585168443236309,0.06340673772945236,416,0.012705781741547295,0.567595188227807,true
intermittent_v2,62,history,history_gt_128,19,32741,227,0.001733300754405791,0.006933203017623164,17,0.0005192266577074616,0.3492958987796359,true
intermittent_v2,62,history,history_gt_128,20,32741,389,0.0029702819095323908,0.011881127638129563,165,0.00503955285421948,0.5039901707733199,true
intermittent_v2,62,history,history_gt_128,21,32741,475,0.0036269509178094746,0.014507803671237898,9,0.00027488470113924435,0.23284885816766243,true
intermittent_v2,62,history,history_gt_128,22,32741,244,0.0018631074188326564,0.007452429675330626,22,0.0006719403805625974,0.5550704854922216,true
intermittent_v2,62,history,history_gt_128,23,32741,23,0.00017562078128340614,0.0007024831251336245,1,0.000030542744571027155,0.33719123705573706,true
intermittent_v2,62,history,history_gt_128,24,32741,5,0.00003817843071378394,0.00015271372285513576,0,0.0,0.5846951603889465,true
intermittent_v2,62,history,history_gt_128,25,32741,1931,0.014744509941663358,0.05897803976665343,225,0.006872117528481109,0.5074483856176818,true
intermittent_v2,62,history,history_gt_128,26,32741,116,0.0008857395925597874,0.00354295837023915,2,0.00006108548914205431,0.34370903086302607,true
intermittent_v2,62,history,history_gt_128,27,32741,0,0.0,0.0,0,0.0,0.0,false
intermittent_v2,62,history,history_gt_128,28,32741,1,7.635686142756789e-6,0.000030542744571027155,0,0.0,0.6558236479759216,true
intermittent_v2,62,history,history_gt_128,29,32741,7,0.00005344980299929752,0.00021379921199719007,1,0.000030542744571027155,0.5843620044844491,true
intermittent_v2,62,history,history_gt_128,30,32741,334,0.0025503191716807674,0.01020127668672307,15,0.0004581411685654073,0.23917907103756722,true
intermittent_v2,62,history,history_gt_128,31,32741,4,0.000030542744571027155,0.00012217097828410862,0,0.0,0.27743448689579964,true
intermittent_v2,62,history,history_gt_128,32,32741,338,0.0025808619162517943,0.010323447665007177,9,0.00027488470113924435,0.4350303888497268,true
intermittent_v2,62,history,history_gt_128,33,32741,10573,0.08073210958736753,0.3229284383494701,522,0.015943312666076175,0.27275686542936295,true
intermittent_v2,62,history,history_gt_128,34,32741,3228,0.024647994868818912,0.09859197947527565,46,0.001404966250267249,0.35905457432110605,true
intermittent_v2,62,history,history_gt_128,35,32741,2,0.000015271372285513577,0.00006108548914205431,0,0.0,0.574914962053299,true
intermittent_v2,62,history,history_gt_128,36,32741,62,0.00047341254085092084,0.0018936501634036834,5,0.00015271372285513576,0.49692065725403445,true
intermittent_v2,62,history,history_gt_128,37,32741,153,0.0011682599798417885,0.004673039919367154,23,0.0007024831251336245,0.5460333421923755,true
intermittent_v2,62,history,history_gt_128,38,32741,47,0.00035887724870956907,0.0014355089948382763,7,0.00021379921199719007,0.5269643100018196,true
intermittent_v2,62,history,history_gt_128,39,32741,9,0.00006872117528481109,0.00027488470113924435,5,0.00015271372285513576,0.5043772392802768,true
intermittent_v2,62,history,history_gt_128,40,32741,33,0.00025197764271097403,0.0010079105708438961,1,0.000030542744571027155,0.5053742383465623,true
intermittent_v2,62,history,history_gt_128,41,32741,1527,0.011659692739989616,0.04663877095995846,33,0.0010079105708438961,0.21123033155734117,true
intermittent_v2,62,history,history_gt_128,42,32741,494,0.0037720289545218532,0.015088115818087413,33,0.0010079105708438961,0.29635459988525037,true
intermittent_v2,62,history,history_gt_128,43,32741,29,0.00022143489813994686,0.0008857395925597874,3,0.00009162823371308145,0.4444129690527916,true
intermittent_v2,62,history,history_gt_128,44,32741,13,0.00009926391985583824,0.00039705567942335297,0,0.0,0.5066813689011794,true
intermittent_v2,62,history,history_gt_128,45,32741,456,0.0034818728810970955,0.013927491524388382,344,0.01050670413243334,0.41360048426870716,true
intermittent_v2,62,history,history_gt_128,46,32741,1187,0.009063559451452307,0.03625423780580923,7,0.00021379921199719007,0.21002144955581944,true
intermittent_v2,62,history,history_gt_128,47,32741,67,0.0005115909715647048,0.002046363886258819,1,0.000030542744571027155,0.46275091671676777,true
intermittent_v2,62,history,history_gt_128,48,32741,1455,0.011109923337711127,0.04443969335084451,657,0.02006658318316484,0.5596608756743755,true
intermittent_v2,62,history,history_gt_128,49,32741,3771,0.02879417244433585,0.1151766897773434,462,0.014110747991814545,0.20878471568912402,true
intermittent_v2,62,history,history_gt_128,50,32741,27130,0.20715616505299167,0.8286246602119667,14179,0.433065575272594,0.24974412884806252,true
intermittent_v2,62,history,history_gt_128,51,32741,24,0.0001832564674261629,0.0007330258697046516,0,0.0,0.4606405993302663,true
intermittent_v2,62,history,history_gt_128,52,32741,3,0.000022907058428270363,0.00009162823371308145,0,0.0,0.3783106009165446,true
intermittent_v2,62,history,history_gt_128,53,32741,2,0.000015271372285513577,0.00006108548914205431,0,0.0,0.47267483174800873,true
intermittent_v2,62,history,history_gt_128,54,32741,62,0.00047341254085092084,0.0018936501634036834,0,0.0,0.19908424851394468,true
intermittent_v2,62,history,history_gt_128,55,32741,1773,0.013538071531107785,0.05415228612443114,710,0.02168534864542928,0.5017485475883064,true
intermittent_v2,62,history,history_gt_128,56,32741,110,0.0008399254757032467,0.003359701902812987,0,0.0,0.2821519357236949,true
intermittent_v2,62,history,history_gt_128,57,32741,45,0.0003436058764240555,0.001374423505696222,1,0.000030542744571027155,0.23361783193217384,true
intermittent_v2,62,history,history_gt_128,58,32741,21,0.00016034940899789255,0.0006413976359915702,3,0.00009162823371308145,0.544042991740363,true
intermittent_v2,62,history,history_gt_128,59,32741,76,0.0005803121468495159,0.0023212485873980635,16,0.0004886839131364345,0.5427952518588618,true
intermittent_v2,62,history,history_gt_128,60,32741,6764,0.051647781069606914,0.20659112427842766,217,0.006627775571912892,0.21156081186644932,true
intermittent_v2,62,history,history_gt_128,61,32741,956,0.007299715952475489,0.029198863809901957,350,0.010689960599859504,0.5332282419671075,true
intermittent_v2,62,history,history_gt_128,62,32741,54,0.00041232705170886656,0.0016493082068354662,11,0.0003359701902812987,0.5988330107044291,true
intermittent_v2,62,history,history_gt_128,63,32741,968,0.007391344186188571,0.029565376744754283,141,0.004306526984514829,0.5510886451306422,true
intermittent_v2,62,history,history_le_64,0,25088,0,0.0,0.0,0,0.0,0.0,false
intermittent_v2,62,history,history_le_64,1,25088,165,0.0016442123724489796,0.006576849489795918,2,0.00007971938775510203,0.21403606868151462,true
intermittent_v2,62,history,history_le_64,2,25088,0,0.0,0.0,0,0.0,0.0,false
intermittent_v2,62,history,history_le_64,3,25088,0,0.0,0.0,0,0.0,0.0,false
intermittent_v2,62,history,history_le_64,4,25088,2,0.00001992984693877551,0.00007971938775510203,0,0.0,0.4862644225358963,true
intermittent_v2,62,history,history_le_64,5,25088,226,0.0022520727040816328,0.009008290816326531,103,0.004105548469387755,0.09668691586538226,true
intermittent_v2,62,history,history_le_64,6,25088,43,0.00042849170918367346,0.0017139668367346938,0,0.0,0.0722702536298785,true
intermittent_v2,62,history,history_le_64,7,25088,1,9.964923469387754e-6,0.00003985969387755102,0,0.0,0.42496246099472046,true
intermittent_v2,62,history,history_le_64,8,25088,0,0.0,0.0,0,0.0,0.0,false
intermittent_v2,62,history,history_le_64,9,25088,1004,0.010004783163265306,0.04001913265306122,234,0.00932716836734694,0.23597380460473705,true
intermittent_v2,62,history,history_le_64,10,25088,2100,0.020926339285714284,0.08370535714285714,782,0.0311702806122449,0.2004303180200181,true
intermittent_v2,62,history,history_le_64,11,25088,6,0.00005978954081632653,0.00023915816326530612,0,0.0,0.40056999027729034,true
intermittent_v2,62,history,history_le_64,12,25088,1350,0.013452646683673469,0.053810586734693876,124,0.004942602040816327,0.1636119070050686,true
intermittent_v2,62,history,history_le_64,13,25088,80,0.0007971938775510204,0.0031887755102040817,1,0.00003985969387755102,0.43986288383603095,true
intermittent_v2,62,history,history_le_64,14,25088,2997,0.0298648756377551,0.1194595025510204,569,0.02268016581632653,0.4601087017997249,true
intermittent_v2,62,history,history_le_64,15,25088,0,0.0,0.0,0,0.0,0.0,false
intermittent_v2,62,history,history_le_64,16,25088,841,0.008380500637755101,0.033522002551020405,123,0.004902742346938775,0.37507293257290913,true
intermittent_v2,62,history,history_le_64,17,25088,5,0.00004982461734693878,0.0001992984693877551,0,0.0,0.4597011744976044,true
intermittent_v2,62,history,history_le_64,18,25088,15813,0.15757533482142858,0.6303013392857143,1546,0.061623086734693876,0.436654429637993,true
intermittent_v2,62,history,history_le_64,19,25088,61,0.0006078603316326531,0.0024314413265306123,0,0.0,0.07269736709164791,true
intermittent_v2,62,history,history_le_64,20,25088,81,0.0008071588010204082,0.0032286352040816328,0,0.0,0.35531245282402746,true
intermittent_v2,62,history,history_le_64,21,25088,3,0.000029894770408163265,0.00011957908163265306,0,0.0,0.07290154695510864,true
intermittent_v2,62,history,history_le_64,22,25088,297,0.0029595822704081634,0.011838329081632654,4,0.00015943877551020407,0.474775214789291,true
intermittent_v2,62,history,history_le_64,23,25088,0,0.0,0.0,0,0.0,0.0,false
intermittent_v2,62,history,history_le_64,24,25088,595,0.005929129464285714,0.023716517857142856,114,0.004544005102040816,0.4543812202806232,true
intermittent_v2,62,history,history_le_64,25,25088,87,0.0008669483418367347,0.0034677933673469387,7,0.00027901785714285713,0.32371674341031875,true
intermittent_v2,62,history,history_le_64,26,25088,159,0.001584422831632653,0.006337691326530612,0,0.0,0.280313473303199,true
intermittent_v2,62,history,history_le_64,27,25088,57,0.000568000637755102,0.002272002551020408,0,0.0,0.29489380487224515,true
intermittent_v2,62,history,history_le_64,28,25088,0,0.0,0.0,0,0.0,0.0,false
intermittent_v2,62,history,history_le_64,29,25088,12,0.00011957908163265306,0.00047831632653061223,0,0.0,0.432392622033755,true
intermittent_v2,62,history,history_le_64,30,25088,285,0.00284000318877551,0.01136001275510204,59,0.00235172193877551,0.14319297083767882,true
intermittent_v2,62,history,history_le_64,31,25088,21,0.00020926339285714285,0.0008370535714285714,0,0.0,0.07350060840447743,true
intermittent_v2,62,history,history_le_64,32,25088,185,0.0018435108418367347,0.007374043367346939,0,0.0,0.467504151125212,true
intermittent_v2,62,history,history_le_64,33,25088,2283,0.022749920280612245,0.09099968112244898,502,0.02000956632653061,0.27788789537145814,true
intermittent_v2,62,history,history_le_64,34,25088,659,0.00656688456632653,0.02626753826530612,0,0.0,0.17658420856222398,true
intermittent_v2,62,history,history_le_64,35,25088,0,0.0,0.0,0,0.0,0.0,false
intermittent_v2,62,history,history_le_64,36,25088,488,0.004862882653061225,0.0194515306122449,118,0.00470344387755102,0.393028445969351,true
intermittent_v2,62,history,history_le_64,37,25088,1,9.964923469387754e-6,0.00003985969387755102,0,0.0,0.37654170393943787,true
intermittent_v2,62,history,history_le_64,38,25088,276,0.0027503188775510204,0.011001275510204082,56,0.002232142857142857,0.38740259738288063,true
intermittent_v2,62,history,history_le_64,39,25088,0,0.0,0.0,0,0.0,0.0,false
intermittent_v2,62,history,history_le_64,40,25088,18,0.0001793686224489796,0.0007174744897959184,0,0.0,0.4560563150379393,true
intermittent_v2,62,history,history_le_64,41,25088,6,0.00005978954081632653,0.00023915816326530612,0,0.0,0.11892447620630264,true
intermittent_v2,62,history,history_le_64,42,25088,40,0.0003985969387755102,0.0015943877551020409,0,0.0,0.40503463223576547,true
intermittent_v2,62,history,history_le_64,43,25088,12,0.00011957908163265306,0.00047831632653061223,0,0.0,0.44640598197778064,true
intermittent_v2,62,history,history_le_64,44,25088,0,0.0,0.0,0,0.0,0.0,false
intermittent_v2,62,history,history_le_64,45,25088,8,0.00007971938775510203,0.00031887755102040814,0,0.0,0.3571849502623081,true
intermittent_v2,62,history,history_le_64,46,25088,249,0.002481265943877551,0.009925063775510204,57,0.002272002551020408,0.22701927807679292,true
intermittent_v2,62,history,history_le_64,47,25088,0,0.0,0.0,0,0.0,0.0,false
intermittent_v2,62,history,history_le_64,48,25088,14094,0.14044563137755103,0.5617825255102041,1582,0.06305803571428571,0.4175520973261306,true
intermittent_v2,62,history,history_le_64,49,25088,660,0.006576849489795918,0.026307397959183673,109,0.004344706632653061,0.18923388139250386,true
intermittent_v2,62,history,history_le_64,50,25088,2142,0.021344866071428572,0.08537946428571429,952,0.03794642857142857,0.1727663699630887,true
intermittent_v2,62,history,history_le_64,51,25088,3211,0.03199736926020408,0.1279894770408163,31,0.0012356505102040817,0.43732693266066686,true
intermittent_v2,62,history,history_le_64,52,25088,0,0.0,0.0,0,0.0,0.0,false
intermittent_v2,62,history,history_le_64,53,25088,0,0.0,0.0,0,0.0,0.0,false
intermittent_v2,62,history,history_le_64,54,25088,0,0.0,0.0,0,0.0,0.0,false
intermittent_v2,62,history,history_le_64,55,25088,18464,0.1839923469387755,0.735969387755102,6160,0.24553571428571427,0.43204441238226987,true
intermittent_v2,62,history,history_le_64,56,25088,60,0.0005978954081632653,0.0023915816326530613,0,0.0,0.19036106939117114,true
intermittent_v2,62,history,history_le_64,57,25088,0,0.0,0.0,0,0.0,0.0,false
intermittent_v2,62,history,history_le_64,58,25088,6,0.00005978954081632653,0.00023915816326530612,0,0.0,0.40142471591631573,true
intermittent_v2,62,history,history_le_64,59,25088,32,0.00031887755102040814,0.0012755102040816326,1,0.00003985969387755102,0.3713424960151315,true
intermittent_v2,62,history,history_le_64,60,25088,334,0.00332828443877551,0.01331313775510204,0,0.0,0.14084006306920258,true
intermittent_v2,62,history,history_le_64,61,25088,9051,0.09019252232142858,0.3607700892857143,13,0.0005181760204081633,0.4158894819849671,true
intermittent_v2,62,history,history_le_64,62,25088,163,0.001624282525510204,0.006497130102040816,0,0.0,0.31245633484395735,true
intermittent_v2,62,history,history_le_64,63,25088,21619,0.21543168048469388,0.8617267219387755,11839,0.47189891581632654,0.4310523846660436,true
intermittent_v2,62,overall,overall,0,86285,1,2.8973749782696877e-6,0.000011589499913078751,0,0.0,0.5164409279823303,true
intermittent_v2,62,overall,overall,1,86285,1389,0.004024453844816596,0.016097815379266384,103,0.0011937184910471113,0.4642633768864636,true
intermittent_v2,62,overall,overall,2,86285,6,0.000017384249869618125,0.0000695369994784725,0,0.0,0.6080139875411987,true
intermittent_v2,62,overall,overall,3,86285,1,2.8973749782696877e-6,0.000011589499913078751,0,0.0,0.44449901580810547,true
intermittent_v2,62,overall,overall,4,86285,91,0.0002636611230225416,0.0010546444920901663,2,0.000023178999826157502,0.2484941438331709,true
intermittent_v2,62,overall,overall,5,86285,641,0.0018572173610708698,0.007428869444283479,103,0.0011937184910471113,0.295055574907481,true
intermittent_v2,62,overall,overall,6,86285,836,0.0024222054818334587,0.009688821927333835,73,0.0008460334936547487,0.2234511228866483,true
intermittent_v2,62,overall,overall,7,86285,31,0.00008981862432636032,0.00035927449730544127,0,0.0,0.49664314235410384,true
intermittent_v2,62,overall,overall,8,86285,61,0.00017673987367445096,0.0007069594946978038,7,0.00008112649939155126,0.5177715122699738,true
intermittent_v2,62,overall,overall,9,86285,17973,0.0520745204844411,0.2082980819377644,1838,0.021301500840238744,0.2887706046978197,true
intermittent_v2,62,overall,overall,10,86285,39067,0.11319174827606189,0.45276699310424756,17161,0.19888740800834445,0.25784087451518617,true
intermittent_v2,62,overall,overall,11,86285,288,0.00083444399374167,0.00333777597496668,15,0.00017384249869618125,0.3511923044506047,true
intermittent_v2,62,overall,overall,12,86285,23733,0.0687634003592745,0.275053601437098,664,0.00769542794228429,0.23287900831968167,true
intermittent_v2,62,overall,overall,13,86285,548,0.0015877614880917888,0.006351045952367155,36,0.000417221996870835,0.5488804342755436,true
intermittent_v2,62,overall,overall,14,86285,4315,0.012502173031233701,0.050008692124934806,594,0.006884162948368778,0.4581761303050217,true
intermittent_v2,62,overall,overall,15,86285,2,5.7947499565393755e-6,0.000023178999826157502,0,0.0,0.3993127644062042,true
intermittent_v2,62,overall,overall,16,86285,902,0.0026134322303992584,0.010453728921597034,126,0.0014602769890479225,0.379663654596869,true
intermittent_v2,62,overall,overall,17,86285,11,0.000031871124760966566,0.00012748449904386626,0,0.0,0.5479261035268957,true
intermittent_v2,62,overall,overall,18,86285,31885,0.09238280118212899,0.36953120472851597,3280,0.0380135597148983,0.44438485060064176,true
intermittent_v2,62,overall,overall,19,86285,299,0.0008663151185026366,0.0034652604740105465,17,0.00019702149852233875,0.28743019525622043,true
intermittent_v2,62,overall,overall,20,86285,598,0.0017326302370052732,0.006930520948021093,189,0.0021904154835718837,0.46866503352903605,true
intermittent_v2,62,overall,overall,21,86285,513,0.0014863533638523499,0.0059454134554093995,9,0.00010430549921770876,0.2326078492699674,true
intermittent_v2,62,overall,overall,22,86285,1811,0.005247146085646404,0.020988584342585617,26,0.0003013269977400475,0.4804524584148287,true
intermittent_v2,62,overall,overall,23,86285,23,0.00006663962450020282,0.0002665584980008113,1,0.000011589499913078751,0.33719123705573706,true
intermittent_v2,62,overall,overall,24,86285,627,0.0018166541113750943,0.007266616445500377,114,0.0013212029900909776,0.4534920823821231,true
intermittent_v2,62,overall,overall,25,86285,2180,0.006316277452627919,0.025265109810511676,232,0.00268876397983427,0.47548456055821353,true
intermittent_v2,62,overall,overall,26,86285,365,0.001057541867068436,0.004230167468273744,4,0.000046357999652315004,0.2997344015765782,true
intermittent_v2,62,overall,overall,27,86285,57,0.0001651503737613722,0.0006606014950454888,0,0.0,0.29489380487224515,true
intermittent_v2,62,overall,overall,28,86285,1,2.8973749782696877e-6,0.000011589499913078751,0,0.0,0.6558236479759216,true
intermittent_v2,62,overall,overall,29,86285,158,0.00045778524656661066,0.0018311409862664426,1,0.000011589499913078751,0.45760098797611043,true
intermittent_v2,62,overall,overall,30,86285,801,0.00232079735759402,0.00928318943037608,76,0.0008808019933939851,0.20559817384381995,true
intermittent_v2,62,overall,overall,31,86285,25,0.00007243437445674219,0.00028973749782696876,0,0.0,0.10613002896308898,true
intermittent_v2,62,overall,overall,32,86285,1329,0.0038506113461204148,0.015402445384481659,16,0.00018543199860926002,0.4606217129101333,true
intermittent_v2,62,overall,overall,33,86285,19296,0.05590774758069189,0.22363099032276756,1133,0.013130903401518224,0.2578171431088164,true
intermittent_v2,62,overall,overall,34,86285,5033,0.014582488265631337,0.05832995306252535,47,0.0005447064959147013,0.3044044437353586,true
intermittent_v2,62,overall,overall,35,86285,2,5.7947499565393755e-6,0.000023178999826157502,0,0.0,0.574914962053299,true
intermittent_v2,62,overall,overall,36,86285,579,0.0016775801124181491,0.0067103204496725966,124,0.001437097989221765,0.40465398027283334,true
intermittent_v2,62,overall,overall,37,86285,157,0.00045488787158834095,0.0018195514863533638,23,0.0002665584980008113,0.544643881309564,true
intermittent_v2,62,overall,overall,38,86285,323,0.0009358521179811091,0.0037434084719244363,63,0.0007301384945239612,0.407710338847556,true
intermittent_v2,62,overall,overall,39,86285,9,0.00002607637480442719,0.00010430549921770876,5,0.00005794749956539375,0.5043772392802768,true
intermittent_v2,62,overall,overall,40,86285,227,0.0006577041200672191,0.0026308164802688765,1,0.000011589499913078751,0.4624892506042766,true
intermittent_v2,62,overall,overall,41,86285,1990,0.005765776206756679,0.023063104827026715,34,0.0003940429970446775,0.21259909093043014,true
intermittent_v2,62,overall,overall,42,86285,534,0.0015471982383960133,0.006188792953584053,33,0.0003824534971315988,0.3044954262785474,true
intermittent_v2,62,overall,overall,43,86285,43,0.00012458712406559656,0.0004983484962623862,4,0.000046357999652315004,0.44273449497860534,true
intermittent_v2,62,overall,overall,44,86285,13,0.00003766587471750594,0.00015066349887002376,0,0.0,0.5066813689011794,true
intermittent_v2,62,overall,overall,45,86285,476,0.0013791504896563714,0.005516601958625486,344,0.00398678797009909,0.412125421797528,true
intermittent_v2,62,overall,overall,46,86285,2116,0.006130845454018659,0.024523381816074635,120,0.00139073998956945,0.21550879100257053,true
intermittent_v2,62,overall,overall,47,86285,67,0.00019412412354406907,0.0007764964941762763,1,0.000011589499913078751,0.46275091671676777,true
intermittent_v2,62,overall,overall,48,86285,29194,0.08458596511560526,0.33834386046242104,3529,0.04089934519325491,0.4337246292186182,true
intermittent_v2,62,overall,overall,49,86285,9106,0.026383496552123777,0.1055339862084951,1077,0.012481891406385814,0.21573708874659386,true
intermittent_v2,62,overall,overall,50,86285,39007,0.1130179057773657,0.4520716231094628,19953,0.2312452917656603,0.24128727645860523,true
intermittent_v2,62,overall,overall,51,86285,3574,0.010355218172335864,0.041420872689343455,34,0.0003940429970446775,0.4355375748409128,true
intermittent_v2,62,overall,overall,52,86285,3,8.692124934809062e-6,0.00003476849973923625,0,0.0,0.3783106009165446,true
intermittent_v2,62,overall,overall,53,86285,2,5.7947499565393755e-6,0.000023178999826157502,0,0.0,0.47267483174800873,true
intermittent_v2,62,overall,overall,54,86285,65,0.0001883293735875297,0.0007533174943501188,0,0.0,0.21309377894951748,true
intermittent_v2,62,overall,overall,55,86285,38409,0.11128527554036044,0.44514110216144176,19975,0.23150026076374805,0.4407514474593304,true
intermittent_v2,62,overall,overall,56,86285,178,0.0005157327461320044,0.0020629309845280174,0,0.0,0.2480393648147583,true
intermittent_v2,62,overall,overall,57,86285,54,0.00015645824882656314,0.0006258329953062526,1,0.000011589499913078751,0.23541644436341744,true
intermittent_v2,62,overall,overall,58,86285,37,0.00010720287419597845,0.0004288114967839138,3,0.00003476849973923625,0.48655041327347626,true
intermittent_v2,62,overall,overall,59,86285,129,0.00037376137219678973,0.001495045488787159,20,0.000231789998261575,0.47352616477382276,true
intermittent_v2,62,overall,overall,60,86285,7947,0.02302543895230921,0.09210175580923684,221,0.002561279480790404,0.2080797539783299,true
intermittent_v2,62,overall,overall,61,86285,17280,0.050066639624500205,0.20026655849800082,787,0.009120936431592976,0.4293998330184776,true
intermittent_v2,62,overall,overall,62,86285,220,0.0006374224952193313,0.002549689980877325,11,0.00012748449904386626,0.3848676842722026,true
intermittent_v2,62,overall,overall,63,86285,38502,0.11155473141333952,0.4462189256533581,14055,0.16289042127832185,0.4367702352359576,true
intermittent_v2,62,quantity,gt_p99,0,1141,0,0.0,0.0,0,0.0,0.0,false
intermittent_v2,62,quantity,gt_p99,1,1141,0,0.0,0.0,0,0.0,0.0,false
intermittent_v2,62,quantity,gt_p99,2,1141,0,0.0,0.0,0,0.0,0.0,false
intermittent_v2,62,quantity,gt_p99,3,1141,0,0.0,0.0,0,0.0,0.0,false
intermittent_v2,62,quantity,gt_p99,4,1141,0,0.0,0.0,0,0.0,0.0,false
intermittent_v2,62,quantity,gt_p99,5,1141,0,0.0,0.0,0,0.0,0.0,false
intermittent_v2,62,quantity,gt_p99,6,1141,0,0.0,0.0,0,0.0,0.0,false
intermittent_v2,62,quantity,gt_p99,7,1141,0,0.0,0.0,0,0.0,0.0,false
intermittent_v2,62,quantity,gt_p99,8,1141,0,0.0,0.0,0,0.0,0.0,false
intermittent_v2,62,quantity,gt_p99,9,1141,0,0.0,0.0,0,0.0,0.0,false
intermittent_v2,62,quantity,gt_p99,10,1141,0,0.0,0.0,0,0.0,0.0,false
intermittent_v2,62,quantity,gt_p99,11,1141,0,0.0,0.0,0,0.0,0.0,false
intermittent_v2,62,quantity,gt_p99,12,1141,0,0.0,0.0,0,0.0,0.0,false
intermittent_v2,62,quantity,gt_p99,13,1141,0,0.0,0.0,0,0.0,0.0,false
intermittent_v2,62,quantity,gt_p99,14,1141,1,0.00021910604732690623,0.0008764241893076249,0,0.0,0.36637213826179504,true
intermittent_v2,62,quantity,gt_p99,15,1141,0,0.0,0.0,0,0.0,0.0,false
intermittent_v2,62,quantity,gt_p99,16,1141,0,0.0,0.0,0,0.0,0.0,false
intermittent_v2,62,quantity,gt_p99,17,1141,0,0.0,0.0,0,0.0,0.0,false
intermittent_v2,62,quantity,gt_p99,18,1141,754,0.16520595968448729,0.6608238387379491,0,0.0,0.3531844759019047,true
intermittent_v2,62,quantity,gt_p99,19,1141,0,0.0,0.0,0,0.0,0.0,false
intermittent_v2,62,quantity,gt_p99,20,1141,0,0.0,0.0,0,0.0,0.0,false
intermittent_v2,62,quantity,gt_p99,21,1141,0,0.0,0.0,0,0.0,0.0,false
intermittent_v2,62,quantity,gt_p99,22,1141,0,0.0,0.0,0,0.0,0.0,false
intermittent_v2,62,quantity,gt_p99,23,1141,0,0.0,0.0,0,0.0,0.0,false
intermittent_v2,62,quantity,gt_p99,24,1141,0,0.0,0.0,0,0.0,0.0,false
intermittent_v2,62,quantity,gt_p99,25,1141,0,0.0,0.0,0,0.0,0.0,false
intermittent_v2,62,quantity,gt_p99,26,1141,0,0.0,0.0,0,0.0,0.0,false
intermittent_v2,62,quantity,gt_p99,27,1141,0,0.0,0.0,0,0.0,0.0,false
intermittent_v2,62,quantity,gt_p99,28,1141,0,0.0,0.0,0,0.0,0.0,false
intermittent_v2,62,quantity,gt_p99,29,1141,0,0.0,0.0,0,0.0,0.0,false
intermittent_v2,62,quantity,gt_p99,30,1141,0,0.0,0.0,0,0.0,0.0,false
intermittent_v2,62,quantity,gt_p99,31,1141,0,0.0,0.0,0,0.0,0.0,false
intermittent_v2,62,quantity,gt_p99,32,1141,0,0.0,0.0,0,0.0,0.0,false
intermittent_v2,62,quantity,gt_p99,33,1141,0,0.0,0.0,0,0.0,0.0,false
intermittent_v2,62,quantity,gt_p99,34,1141,0,0.0,0.0,0,0.0,0.0,false
intermittent_v2,62,quantity,gt_p99,35,1141,0,0.0,0.0,0,0.0,0.0,false
intermittent_v2,62,quantity,gt_p99,36,1141,0,0.0,0.0,0,0.0,0.0,false
intermittent_v2,62,quantity,gt_p99,37,1141,0,0.0,0.0,0,0.0,0.0,false
intermittent_v2,62,quantity,gt_p99,38,1141,0,0.0,0.0,0,0.0,0.0,false
intermittent_v2,62,quantity,gt_p99,39,1141,0,0.0,0.0,0,0.0,0.0,false
intermittent_v2,62,quantity,gt_p99,40,1141,0,0.0,0.0,0,0.0,0.0,false
intermittent_v2,62,quantity,gt_p99,41,1141,0,0.0,0.0,0,0.0,0.0,false
intermittent_v2,62,quantity,gt_p99,42,1141,0,0.0,0.0,0,0.0,0.0,false
intermittent_v2,62,quantity,gt_p99,43,1141,0,0.0,0.0,0,0.0,0.0,false
intermittent_v2,62,quantity,gt_p99,44,1141,0,0.0,0.0,0,0.0,0.0,false
intermittent_v2,62,quantity,gt_p99,45,1141,0,0.0,0.0,0,0.0,0.0,false
intermittent_v2,62,quantity,gt_p99,46,1141,0,0.0,0.0,0,0.0,0.0,false
intermittent_v2,62,quantity,gt_p99,47,1141,0,0.0,0.0,0,0.0,0.0,false
intermittent_v2,62,quantity,gt_p99,48,1141,732,0.16038562664329536,0.6415425065731815,0,0.0,0.3592531195755213,true
intermittent_v2,62,quantity,gt_p99,49,1141,0,0.0,0.0,0,0.0,0.0,false
intermittent_v2,62,quantity,gt_p99,50,1141,0,0.0,0.0,0,0.0,0.0,false
intermittent_v2,62,quantity,gt_p99,51,1141,15,0.003286590709903593,0.013146362839614373,0,0.0,0.384342223405838,true
intermittent_v2,62,quantity,gt_p99,52,1141,0,0.0,0.0,0,0.0,0.0,false
intermittent_v2,62,quantity,gt_p99,53,1141,0,0.0,0.0,0,0.0,0.0,false
intermittent_v2,62,quantity,gt_p99,54,1141,0,0.0,0.0,0,0.0,0.0,false
intermittent_v2,62,quantity,gt_p99,55,1141,1141,0.25,1.0,1038,0.9097283085013146,0.36140317675526157,true
intermittent_v2,62,quantity,gt_p99,56,1141,0,0.0,0.0,0,0.0,0.0,false
intermittent_v2,62,quantity,gt_p99,57,1141,0,0.0,0.0,0,0.0,0.0,false
intermittent_v2,62,quantity,gt_p99,58,1141,0,0.0,0.0,0,0.0,0.0,false
intermittent_v2,62,quantity,gt_p99,59,1141,0,0.0,0.0,0,0.0,0.0,false
intermittent_v2,62,quantity,gt_p99,60,1141,0,0.0,0.0,0,0.0,0.0,false
intermittent_v2,62,quantity,gt_p99,61,1141,1001,0.21932515337423314,0.8773006134969326,103,0.09027169149868536,0.35518083881426765,true
intermittent_v2,62,quantity,gt_p99,62,1141,0,0.0,0.0,0,0.0,0.0,false
intermittent_v2,62,quantity,gt_p99,63,1141,920,0.20157756354075373,0.8063102541630149,0,0.0,0.35346708819270134,true
intermittent_v2,62,quantity,le_p50,0,45036,1,5.5511146638244955e-6,0.000022204458655297982,0,0.0,0.5164409279823303,true
intermittent_v2,62,quantity,le_p50,1,45036,1332,0.007394084732214229,0.029576338928856916,102,0.0022648547828403942,0.4677616216119256,true
intermittent_v2,62,quantity,le_p50,2,45036,6,0.000033306687982946975,0.0001332267519317879,0,0.0,0.6080139875411987,true
intermittent_v2,62,quantity,le_p50,3,45036,1,5.5511146638244955e-6,0.000022204458655297982,0,0.0,0.44449901580810547,true
intermittent_v2,62,quantity,le_p50,4,45036,91,0.0005051514344080291,0.0020206057376321164,2,0.000044408917310595964,0.2484941438331709,true
intermittent_v2,62,quantity,le_p50,5,45036,637,0.003536060040856204,0.014144240163424816,103,0.0022870592414956925,0.2944616799299814,true
intermittent_v2,62,quantity,le_p50,6,45036,836,0.004640731858957279,0.018562927435829116,73,0.0016209254818367528,0.2234511228866483,true
intermittent_v2,62,quantity,le_p50,7,45036,9,0.00004996003197442046,0.00019984012789768185,0,0.0,0.6073336402575175,true
intermittent_v2,62,quantity,le_p50,8,45036,57,0.0003164135358379963,0.0012656541433519852,7,0.0001554312105870859,0.5264301310505783,true
intermittent_v2,62,quantity,le_p50,9,45036,17717,0.09834909849897859,0.39339639399591436,1782,0.039568345323741004,0.2879905889238961,true
intermittent_v2,62,quantity,le_p50,10,45036,38761,0.2151667554845013,0.8606670219380052,17101,0.3797184474642508,0.2574813683555817,true
intermittent_v2,62,quantity,le_p50,11,45036,242,0.001343369748645528,0.005373478994582112,15,0.0003330668798294698,0.33475998450409283,true
intermittent_v2,62,quantity,le_p50,12,45036,23682,0.1314614974686917,0.5258459898747668,663,0.014721556088462564,0.23276623971733335,true
intermittent_v2,62,quantity,le_p50,13,45036,425,0.0023592237321254108,0.009436894928501643,35,0.0007771560529354295,0.5750096287446863,true
intermittent_v2,62,quantity,le_p50,14,45036,170,0.0009436894928501643,0.003774757971400657,8,0.00017763566924238386,0.48934922446222867,true
intermittent_v2,62,quantity,le_p50,15,45036,2,0.000011102229327648991,0.000044408917310595964,0,0.0,0.3993127644062042,true
intermittent_v2,62,quantity,le_p50,16,45036,31,0.00017208455457855937,0.0006883382183142375,0,0.0,0.4998612336574062,true
intermittent_v2,62,quantity,le_p50,17,45036,5,0.00002775557331912248,0.00011102229327648992,0,0.0,0.6487708449363708,true
intermittent_v2,62,quantity,le_p50,18,45036,2063,0.011451949551469935,0.04580779820587974,415,0.009214850341948664,0.5678089366800508,true
intermittent_v2,62,quantity,le_p50,19,45036,299,0.0016597832844835244,0.0066391331379340975,17,0.0003774757971400657,0.28743019525622043,true
intermittent_v2,62,quantity,le_p50,20,45036,358,0.0019872990496491694,0.007949196198596678,143,0.0031752375877076118,0.49334822074827533,true
intermittent_v2,62,quantity,le_p50,21,45036,493,0.0027366995292654765,0.010946798117061906,9,0.00019984012789768185,0.22594140012962008,true
intermittent_v2,62,quantity,le_p50,22,45036,184,0.0010214050981437073,0.004085620392574829,21,0.0004662936317612577,0.5863284399004086,true
intermittent_v2,62,quantity,le_p50,23,45036,23,0.00012767563726796342,0.0005107025490718537,1,0.000022204458655297982,0.33719123705573706,true
intermittent_v2,62,quantity,le_p50,24,45036,18,0.00009992006394884092,0.0003996802557953637,0,0.0,0.4592176543341743,true
intermittent_v2,62,quantity,le_p50,25,45036,2121,0.011773914201971755,0.04709565680788702,229,0.005084821032063238,0.47984961199168885,true
intermittent_v2,62,quantity,le_p50,26,45036,244,0.001354471977973177,0.005417887911892708,2,0.000044408917310595964,0.28937376500679884,true
intermittent_v2,62,quantity,le_p50,27,45036,0,0.0,0.0,0,0.0,0.0,false
intermittent_v2,62,quantity,le_p50,28,45036,0,0.0,0.0,0,0.0,0.0,false
intermittent_v2,62,quantity,le_p50,29,45036,13,0.00007216449062971845,0.0002886579625188738,1,0.000022204458655297982,0.5015025093005254,true
intermittent_v2,62,quantity,le_p50,30,45036,798,0.004429789501731948,0.01771915800692779,76,0.0016875388578026468,0.20523034420067487,true
intermittent_v2,62,quantity,le_p50,31,45036,25,0.0001387778665956124,0.0005551114663824496,0,0.0,0.10613002896308898,true
intermittent_v2,62,quantity,le_p50,32,45036,288,0.0015987210231814548,0.006394884092725819,0,0.0,0.4237626572656963,true
intermittent_v2,62,quantity,le_p50,33,45036,18205,0.10105804245492495,0.4042321698196998,803,0.017830180300204283,0.2518966841395301,true
intermittent_v2,62,quantity,le_p50,34,45036,4992,0.027711164401811882,0.11084465760724753,47,0.0010436095567990052,0.303992265020124,true
intermittent_v2,62,quantity,le_p50,35,45036,2,0.000011102229327648991,0.000044408917310595964,0,0.0,0.574914962053299,true
intermittent_v2,62,quantity,le_p50,36,45036,156,0.0008659738875566213,0.0034638955502264853,27,0.0005995203836930455,0.43112269416451454,true
intermittent_v2,62,quantity,le_p50,37,45036,130,0.0007216449062971845,0.002886579625188738,23,0.0005107025490718537,0.535432475919907,true
intermittent_v2,62,quantity,le_p50,38,45036,52,0.0002886579625188738,0.0011546318500754952,7,0.0001554312105870859,0.5127053822462375,true
intermittent_v2,62,quantity,le_p50,39,45036,9,0.00004996003197442046,0.00019984012789768185,5,0.00011102229327648992,0.5043772392802768,true
intermittent_v2,62,quantity,le_p50,40,45036,37,0.00020539124256150636,0.0008215649702460254,1,0.000022204458655297982,0.4891372202215968,true
intermittent_v2,62,quantity,le_p50,41,45036,1990,0.011046718181010747,0.04418687272404299,34,0.0007549515942801314,0.21259909093043014,true
intermittent_v2,62,quantity,le_p50,42,45036,491,0.0027255972999378274,0.01090238919975131,32,0.0007105426769695354,0.29534796719456397,true
intermittent_v2,62,quantity,le_p50,43,45036,27,0.00014988009592326138,0.0005995203836930455,3,0.00006661337596589395,0.44779605639201625,true
intermittent_v2,62,quantity,le_p50,44,45036,13,0.00007216449062971845,0.0002886579625188738,0,0.0,0.5066813689011794,true
intermittent_v2,62,quantity,le_p50,45,45036,456,0.0025313082867039704,0.010125233146815881,344,0.007638333777422506,0.4134790406546049,true
intermittent_v2,62,quantity,le_p50,46,45036,2116,0.011746158628652633,0.04698463451461053,120,0.002664535038635758,0.21550879100257053,true
intermittent_v2,62,quantity,le_p50,47,45036,67,0.00037192468247624125,0.001487698729904965,1,0.000022204458655297982,0.46275091671676777,true
intermittent_v2,62,quantity,le_p50,48,45036,1410,0.00782707167599254,0.03130828670397016,663,0.014721556088462564,0.5623791594877311,true
intermittent_v2,62,quantity,le_p50,49,45036,8999,0.049954480859756636,0.19981792343902655,1065,0.023647748467892353,0.2145661556315968,true
intermittent_v2,62,quantity,le_p50,50,45036,38955,0.21624367172928324,0.864974686917133,19942,0.4428013145039524,0.24124446946158065,true
intermittent_v2,62,quantity,le_p50,51,45036,25,0.0001387778665956124,0.0005551114663824496,0,0.0,0.46117075920104983,true
intermittent_v2,62,quantity,le_p50,52,45036,3,0.000016653343991473487,0.00006661337596589395,0,0.0,0.3783106009165446,true
intermittent_v2,62,quantity,le_p50,53,45036,2,0.000011102229327648991,0.000044408917310595964,0,0.0,0.47267483174800873,true
intermittent_v2,62,quantity,le_p50,54,45036,63,0.00034972022382094326,0.001398880895283773,0,0.0,0.20361098245022788,true
intermittent_v2,62,quantity,le_p50,55,45036,1447,0.008032462918554046,0.032129851674216184,445,0.009880984101607603,0.5101110805662731,true
intermittent_v2,62,quantity,le_p50,56,45036,178,0.0009880984101607604,0.0039523936406430414,0,0.0,0.2480393648147583,true
intermittent_v2,62,quantity,le_p50,57,45036,54,0.00029976019184652276,0.001199040767386091,1,0.000022204458655297982,0.23541644436341744,true
intermittent_v2,62,quantity,le_p50,58,45036,30,0.0001665334399147349,0.0006661337596589396,3,0.00006661337596589395,0.5017931093772252,true
intermittent_v2,62,quantity,le_p50,59,45036,81,0.0004496402877697842,0.0017985611510791368,16,0.0003552713384847677,0.5335450271765391,true
intermittent_v2,62,quantity,le_p50,60,45036,7918,0.04395372590816236,0.17581490363264943,216,0.004796163069544364,0.20751039471499794,true
intermittent_v2,62,quantity,le_p50,61,45036,579,0.003214095390354383,0.012856381561417532,307,0.006816768807176481,0.5901397485704208,true
intermittent_v2,62,quantity,le_p50,62,45036,54,0.00029976019184652276,0.001199040767386091,11,0.0002442490452082778,0.5988330107044291,true
intermittent_v2,62,quantity,le_p50,63,45036,671,0.0037247979394262366,0.014899191757704947,115,0.002553512745359268,0.5945679317776741,true
intermittent_v2,62,quantity,p50_p90,0,29579,0,0.0,0.0,0,0.0,0.0,false
intermittent_v2,62,quantity,p50_p90,1,29579,57,0.00048176070861083876,0.001927042834443355,1,0.000033807769025322016,0.38251492119672004,true
intermittent_v2,62,quantity,p50_p90,2,29579,0,0.0,0.0,0,0.0,0.0,false
intermittent_v2,62,quantity,p50_p90,3,29579,0,0.0,0.0,0,0.0,0.0,false
intermittent_v2,62,quantity,p50_p90,4,29579,0,0.0,0.0,0,0.0,0.0,false
intermittent_v2,62,quantity,p50_p90,5,29579,4,0.000033807769025322016,0.00013523107610128807,0,0.0,0.38963335007429123,true
intermittent_v2,62,quantity,p50_p90,6,29579,0,0.0,0.0,0,0.0,0.0,false
intermittent_v2,62,quantity,p50_p90,7,29579,22,0.0001859427296392711,0.0007437709185570844,0,0.0,0.451360665939071,true
intermittent_v2,62,quantity,p50_p90,8,29579,4,0.000033807769025322016,0.00013523107610128807,0,0.0,0.3943861946463585,true
intermittent_v2,62,quantity,p50_p90,9,29579,256,0.002163697217620609,0.008654788870482436,56,0.001893235065418033,0.342753180739237,true
intermittent_v2,62,quantity,p50_p90,10,29579,306,0.0025862943304371345,0.010345177321748538,60,0.002028466141519321,0.30337949625514693,true
intermittent_v2,62,quantity,p50_p90,11,29579,46,0.0003887893437912032,0.0015551573751648128,0,0.0,0.4376405963431234,true
intermittent_v2,62,quantity,p50_p90,12,29579,51,0.00043104905507285575,0.001724196220291423,1,0.000033807769025322016,0.2852434404924804,true
intermittent_v2,62,quantity,p50_p90,13,29579,123,0.001039588897528652,0.004158355590114608,1,0.000033807769025322016,0.45859663224801783,true
intermittent_v2,62,quantity,p50_p90,14,29579,3523,0.029776192569052368,0.11910477027620947,586,0.019811352648838702,0.46172518353552905,true
intermittent_v2,62,quantity,p50_p90,15,29579,0,0.0,0.0,0,0.0,0.0,false
intermittent_v2,62,quantity,p50_p90,16,29579,871,0.007361641705263869,0.029446566821055477,126,0.004259778897190574,0.37538566957864095,true
intermittent_v2,62,quantity,p50_p90,17,29579,6,0.00005071165353798303,0.00020284661415193213,0,0.0,0.46388881901899975,true
intermittent_v2,62,quantity,p50_p90,18,29579,20046,0.1694276344704013,0.6777105378816052,1900,0.06423476114811183,0.4422089724656435,true
intermittent_v2,62,quantity,p50_p90,19,29579,0,0.0,0.0,0,0.0,0.0,false
intermittent_v2,62,quantity,p50_p90,20,29579,240,0.002028466141519321,0.008113864566077284,46,0.0015551573751648128,0.43184594592700404,true
intermittent_v2,62,quantity,p50_p90,21,29579,20,0.0001690388451266101,0.0006761553805064404,0,0.0,0.3969358205795288,true
intermittent_v2,62,quantity,p50_p90,22,29579,1556,0.013151222150850265,0.05260488860340106,5,0.0001690388451266101,0.4689316249100592,true
intermittent_v2,62,quantity,p50_p90,23,29579,0,0.0,0.0,0,0.0,0.0,false
intermittent_v2,62,quantity,p50_p90,24,29579,609,0.005147232834105278,0.02058893133642111,114,0.00385408566888671,0.4533228536544762,true
intermittent_v2,62,quantity,p50_p90,25,29579,59,0.0004986645931234998,0.001994658372493999,3,0.00010142330707596606,0.318564660720906,true
intermittent_v2,62,quantity,p50_p90,26,29579,121,0.001022685013015991,0.004090740052063964,2,0.00006761553805064403,0.320626924907373,true
intermittent_v2,62,quantity,p50_p90,27,29579,57,0.00048176070861083876,0.001927042834443355,0,0.0,0.29489380487224515,true
intermittent_v2,62,quantity,p50_p90,28,29579,1,8.451942256330504e-6,0.000033807769025322016,0,0.0,0.6558236479759216,true
intermittent_v2,62,quantity,p50_p90,29,29579,145,0.0012255316271679233,0.004902126508671693,0,0.0,0.4536649895125422,true
intermittent_v2,62,quantity,p50_p90,30,29579,3,0.000025355826768991516,0.00010142330707596606,0,0.0,0.3034408589204152,true
intermittent_v2,62,quantity,p50_p90,31,29579,0,0.0,0.0,0,0.0,0.0,false
intermittent_v2,62,quantity,p50_p90,32,29579,1001,0.008460394198586836,0.03384157679434734,13,0.00043950099732918625,0.4708742728004684,true
intermittent_v2,62,quantity,p50_p90,33,29579,1091,0.009221069001656581,0.036884276006626325,330,0.011156563778356266,0.35660903635891505,true
intermittent_v2,62,quantity,p50_p90,34,29579,41,0.0003465296325095507,0.0013861185300382028,0,0.0,0.35458971560001373,true
intermittent_v2,62,quantity,p50_p90,35,29579,0,0.0,0.0,0,0.0,0.0,false
intermittent_v2,62,quantity,p50_p90,36,29579,423,0.0035751715744278033,0.014300686297711213,97,0.003279353595456236,0.39489246876668144,true
intermittent_v2,62,quantity,p50_p90,37,29579,27,0.00022820244092092363,0.0009128097636836945,0,0.0,0.5889950924449496,true
intermittent_v2,62,quantity,p50_p90,38,29579,271,0.0022904763514655668,0.009161905405862267,56,0.001893235065418033,0.38756368845371303,true
intermittent_v2,62,quantity,p50_p90,39,29579,0,0.0,0.0,0,0.0,0.0,false
intermittent_v2,62,quantity,p50_p90,40,29579,190,0.001605869028702796,0.006423476114811184,0,0.0,0.4572999091524827,true
intermittent_v2,62,quantity,p50_p90,41,29579,0,0.0,0.0,0,0.0,0.0,false
intermittent_v2,62,quantity,p50_p90,42,29579,43,0.0003634335170222117,0.0014537340680888468,1,0.000033807769025322016,0.40894664512124174,true
intermittent_v2,62,quantity,p50_p90,43,29579,16,0.00013523107610128807,0.0005409243044051523,1,0.000033807769025322016,0.4341931100934744,true
intermittent_v2,62,quantity,p50_p90,44,29579,0,0.0,0.0,0,0.0,0.0,false
intermittent_v2,62,quantity,p50_p90,45,29579,20,0.0001690388451266101,0.0006761553805064404,0,0.0,0.38126291185617445,true
intermittent_v2,62,quantity,p50_p90,46,29579,0,0.0,0.0,0,0.0,0.0,false
intermittent_v2,62,quantity,p50_p90,47,29579,0,0.0,0.0,0,0.0,0.0,false
intermittent_v2,62,quantity,p50_p90,48,29579,18556,0.15683424050846884,0.6273369620338753,2366,0.07998918151391189,0.4295095734420291,true
intermittent_v2,62,quantity,p50_p90,49,29579,107,0.000904357821427364,0.003617431285709456,12,0.00040569322830386425,0.3142158467078877,true
intermittent_v2,62,quantity,p50_p90,50,29579,52,0.00043950099732918625,0.001758003989316745,11,0.0003718854592785422,0.27335547971037716,true
intermittent_v2,62,quantity,p50_p90,51,29579,3253,0.02749416815984313,0.10997667263937252,34,0.0011494641468609487,0.43699828546083125,true
intermittent_v2,62,quantity,p50_p90,52,29579,0,0.0,0.0,0,0.0,0.0,false
intermittent_v2,62,quantity,p50_p90,53,29579,0,0.0,0.0,0,0.0,0.0,false
intermittent_v2,62,quantity,p50_p90,54,29579,2,0.000016903884512661008,0.00006761553805064403,0,0.0,0.5118018686771393,true
intermittent_v2,62,quantity,p50_p90,55,29579,25320,0.2140031779302884,0.8560127117211536,10421,0.3523107610128808,0.4429625220655642,true
intermittent_v2,62,quantity,p50_p90,56,29579,0,0.0,0.0,0,0.0,0.0,false
intermittent_v2,62,quantity,p50_p90,57,29579,0,0.0,0.0,0,0.0,0.0,false
intermittent_v2,62,quantity,p50_p90,58,29579,7,0.00005916359579431353,0.00023665438317725413,0,0.0,0.4212245728288378,true
intermittent_v2,62,quantity,p50_p90,59,29579,48,0.00040569322830386425,0.001622772913215457,4,0.00013523107610128807,0.37224433446923894,true
intermittent_v2,62,quantity,p50_p90,60,29579,29,0.00024510632543358463,0.0009804253017343385,5,0.0001690388451266101,0.3635344659460002,true
intermittent_v2,62,quantity,p50_p90,61,29579,11687,0.09877784914973461,0.39511139659893846,174,0.005882551810406031,0.4268319949238684,true
intermittent_v2,62,quantity,p50_p90,62,29579,166,0.0014030224145508638,0.005612089658203455,0,0.0,0.31526450579424936,true
intermittent_v2,62,quantity,p50_p90,63,29579,27840,0.23530207241624126,0.9412082896649651,13153,0.4446735859900605,0.4386341888264849,true
intermittent_v2,62,quantity,p90_p95,0,7124,0,0.0,0.0,0,0.0,0.0,false
intermittent_v2,62,quantity,p90_p95,1,7124,0,0.0,0.0,0,0.0,0.0,false
intermittent_v2,62,quantity,p90_p95,2,7124,0,0.0,0.0,0,0.0,0.0,false
intermittent_v2,62,quantity,p90_p95,3,7124,0,0.0,0.0,0,0.0,0.0,false
intermittent_v2,62,quantity,p90_p95,4,7124,0,0.0,0.0,0,0.0,0.0,false
intermittent_v2,62,quantity,p90_p95,5,7124,0,0.0,0.0,0,0.0,0.0,false
intermittent_v2,62,quantity,p90_p95,6,7124,0,0.0,0.0,0,0.0,0.0,false
intermittent_v2,62,quantity,p90_p95,7,7124,0,0.0,0.0,0,0.0,0.0,false
intermittent_v2,62,quantity,p90_p95,8,7124,0,0.0,0.0,0,0.0,0.0,false
intermittent_v2,62,quantity,p90_p95,9,7124,0,0.0,0.0,0,0.0,0.0,false
intermittent_v2,62,quantity,p90_p95,10,7124,0,0.0,0.0,0,0.0,0.0,false
intermittent_v2,62,quantity,p90_p95,11,7124,0,0.0,0.0,0,0.0,0.0,false
intermittent_v2,62,quantity,p90_p95,12,7124,0,0.0,0.0,0,0.0,0.0,false
intermittent_v2,62,quantity,p90_p95,13,7124,0,0.0,0.0,0,0.0,0.0,false
intermittent_v2,62,quantity,p90_p95,14,7124,423,0.014844188658057271,0.059376754632229085,0,0.0,0.43499127474237,true
intermittent_v2,62,quantity,p90_p95,15,7124,0,0.0,0.0,0,0.0,0.0,false
intermittent_v2,62,quantity,p90_p95,16,7124,0,0.0,0.0,0,0.0,0.0,false
intermittent_v2,62,quantity,p90_p95,17,7124,0,0.0,0.0,0,0.0,0.0,false
intermittent_v2,62,quantity,p90_p95,18,7124,6255,0.21950449185850646,0.8780179674340258,935,0.13124649073554184,0.44245486300435666,true
intermittent_v2,62,quantity,p90_p95,19,7124,0,0.0,0.0,0,0.0,0.0,false
intermittent_v2,62,quantity,p90_p95,20,7124,0,0.0,0.0,0,0.0,0.0,false
intermittent_v2,62,quantity,p90_p95,21,7124,0,0.0,0.0,0,0.0,0.0,false
intermittent_v2,62,quantity,p90_p95,22,7124,56,0.0019651880965749578,0.007860752386299831,0,0.0,0.4594708281968321,true
intermittent_v2,62,quantity,p90_p95,23,7124,0,0.0,0.0,0,0.0,0.0,false
intermittent_v2,62,quantity,p90_p95,24,7124,0,0.0,0.0,0,0.0,0.0,false
intermittent_v2,62,quantity,p90_p95,25,7124,0,0.0,0.0,0,0.0,0.0,false
intermittent_v2,62,quantity,p90_p95,26,7124,0,0.0,0.0,0,0.0,0.0,false
intermittent_v2,62,quantity,p90_p95,27,7124,0,0.0,0.0,0,0.0,0.0,false
intermittent_v2,62,quantity,p90_p95,28,7124,0,0.0,0.0,0,0.0,0.0,false
intermittent_v2,62,quantity,p90_p95,29,7124,0,0.0,0.0,0,0.0,0.0,false
intermittent_v2,62,quantity,p90_p95,30,7124,0,0.0,0.0,0,0.0,0.0,false
intermittent_v2,62,quantity,p90_p95,31,7124,0,0.0,0.0,0,0.0,0.0,false
intermittent_v2,62,quantity,p90_p95,32,7124,25,0.0008773161145423919,0.0035092644581695676,0,0.0,0.46777295231819155,true
intermittent_v2,62,quantity,p90_p95,33,7124,0,0.0,0.0,0,0.0,0.0,false
intermittent_v2,62,quantity,p90_p95,34,7124,0,0.0,0.0,0,0.0,0.0,false
intermittent_v2,62,quantity,p90_p95,35,7124,0,0.0,0.0,0,0.0,0.0,false
intermittent_v2,62,quantity,p90_p95,36,7124,0,0.0,0.0,0,0.0,0.0,false
intermittent_v2,62,quantity,p90_p95,37,7124,0,0.0,0.0,0,0.0,0.0,false
intermittent_v2,62,quantity,p90_p95,38,7124,0,0.0,0.0,0,0.0,0.0,false
intermittent_v2,62,quantity,p90_p95,39,7124,0,0.0,0.0,0,0.0,0.0,false
intermittent_v2,62,quantity,p90_p95,40,7124,0,0.0,0.0,0,0.0,0.0,false
intermittent_v2,62,quantity,p90_p95,41,7124,0,0.0,0.0,0,0.0,0.0,false
intermittent_v2,62,quantity,p90_p95,42,7124,0,0.0,0.0,0,0.0,0.0,false
intermittent_v2,62,quantity,p90_p95,43,7124,0,0.0,0.0,0,0.0,0.0,false
intermittent_v2,62,quantity,p90_p95,44,7124,0,0.0,0.0,0,0.0,0.0,false
intermittent_v2,62,quantity,p90_p95,45,7124,0,0.0,0.0,0,0.0,0.0,false
intermittent_v2,62,quantity,p90_p95,46,7124,0,0.0,0.0,0,0.0,0.0,false
intermittent_v2,62,quantity,p90_p95,47,7124,0,0.0,0.0,0,0.0,0.0,false
intermittent_v2,62,quantity,p90_p95,48,7124,5610,0.19686973610331274,0.787478944413251,416,0.058394160583941604,0.44258036638432435,true
intermittent_v2,62,quantity,p90_p95,49,7124,0,0.0,0.0,0,0.0,0.0,false
intermittent_v2,62,quantity,p90_p95,50,7124,0,0.0,0.0,0,0.0,0.0,false
intermittent_v2,62,quantity,p90_p95,51,7124,46,0.0016142616507580012,0.006457046603032005,0,0.0,0.4451429954041605,true
intermittent_v2,62,quantity,p90_p95,52,7124,0,0.0,0.0,0,0.0,0.0,false
intermittent_v2,62,quantity,p90_p95,53,7124,0,0.0,0.0,0,0.0,0.0,false
intermittent_v2,62,quantity,p90_p95,54,7124,0,0.0,0.0,0,0.0,0.0,false
intermittent_v2,62,quantity,p90_p95,55,7124,7104,0.2492981471083661,0.9971925884334644,4910,0.6892195395845031,0.4480068356990143,true
intermittent_v2,62,quantity,p90_p95,56,7124,0,0.0,0.0,0,0.0,0.0,false
intermittent_v2,62,quantity,p90_p95,57,7124,0,0.0,0.0,0,0.0,0.0,false
intermittent_v2,62,quantity,p90_p95,58,7124,0,0.0,0.0,0,0.0,0.0,false
intermittent_v2,62,quantity,p90_p95,59,7124,0,0.0,0.0,0,0.0,0.0,false
intermittent_v2,62,quantity,p90_p95,60,7124,0,0.0,0.0,0,0.0,0.0,false
intermittent_v2,62,quantity,p90_p95,61,7124,3008,0.10555867490174059,0.42223469960696236,139,0.019511510387422795,0.44306058287026084,true
intermittent_v2,62,quantity,p90_p95,62,7124,0,0.0,0.0,0,0.0,0.0,false
intermittent_v2,62,quantity,p90_p95,63,7124,5969,0.2094679955081415,0.837871982032566,724,0.10162829870859068,0.4429970224272328,true
intermittent_v2,62,quantity,p95_p99,0,3405,0,0.0,0.0,0,0.0,0.0,false
intermittent_v2,62,quantity,p95_p99,1,3405,0,0.0,0.0,0,0.0,0.0,false
intermittent_v2,62,quantity,p95_p99,2,3405,0,0.0,0.0,0,0.0,0.0,false
intermittent_v2,62,quantity,p95_p99,3,3405,0,0.0,0.0,0,0.0,0.0,false
intermittent_v2,62,quantity,p95_p99,4,3405,0,0.0,0.0,0,0.0,0.0,false
intermittent_v2,62,quantity,p95_p99,5,3405,0,0.0,0.0,0,0.0,0.0,false
intermittent_v2,62,quantity,p95_p99,6,3405,0,0.0,0.0,0,0.0,0.0,false
intermittent_v2,62,quantity,p95_p99,7,3405,0,0.0,0.0,0,0.0,0.0,false
intermittent_v2,62,quantity,p95_p99,8,3405,0,0.0,0.0,0,0.0,0.0,false
intermittent_v2,62,quantity,p95_p99,9,3405,0,0.0,0.0,0,0.0,0.0,false
intermittent_v2,62,quantity,p95_p99,10,3405,0,0.0,0.0,0,0.0,0.0,false
intermittent_v2,62,quantity,p95_p99,11,3405,0,0.0,0.0,0,0.0,0.0,false
intermittent_v2,62,quantity,p95_p99,12,3405,0,0.0,0.0,0,0.0,0.0,false
intermittent_v2,62,quantity,p95_p99,13,3405,0,0.0,0.0,0,0.0,0.0,false
intermittent_v2,62,quantity,p95_p99,14,3405,198,0.014537444933920705,0.05814977973568282,0,0.0,0.41825823816988206,true
intermittent_v2,62,quantity,p95_p99,15,3405,0,0.0,0.0,0,0.0,0.0,false
intermittent_v2,62,quantity,p95_p99,16,3405,0,0.0,0.0,0,0.0,0.0,false
intermittent_v2,62,quantity,p95_p99,17,3405,0,0.0,0.0,0,0.0,0.0,false
intermittent_v2,62,quantity,p95_p99,18,3405,2767,0.20315712187958884,0.8126284875183554,30,0.00881057268722467,0.39734145285939326,true
intermittent_v2,62,quantity,p95_p99,19,3405,0,0.0,0.0,0,0.0,0.0,false
intermittent_v2,62,quantity,p95_p99,20,3405,0,0.0,0.0,0,0.0,0.0,false
intermittent_v2,62,quantity,p95_p99,21,3405,0,0.0,0.0,0,0.0,0.0,false
intermittent_v2,62,quantity,p95_p99,22,3405,15,0.0011013215859030838,0.004405286343612335,0,0.0,0.4551329672336578,true
intermittent_v2,62,quantity,p95_p99,23,3405,0,0.0,0.0,0,0.0,0.0,false
intermittent_v2,62,quantity,p95_p99,24,3405,0,0.0,0.0,0,0.0,0.0,false
intermittent_v2,62,quantity,p95_p99,25,3405,0,0.0,0.0,0,0.0,0.0,false
intermittent_v2,62,quantity,p95_p99,26,3405,0,0.0,0.0,0,0.0,0.0,false
intermittent_v2,62,quantity,p95_p99,27,3405,0,0.0,0.0,0,0.0,0.0,false
intermittent_v2,62,quantity,p95_p99,28,3405,0,0.0,0.0,0,0.0,0.0,false
intermittent_v2,62,quantity,p95_p99,29,3405,0,0.0,0.0,0,0.0,0.0,false
intermittent_v2,62,quantity,p95_p99,30,3405,0,0.0,0.0,0,0.0,0.0,false
intermittent_v2,62,quantity,p95_p99,31,3405,0,0.0,0.0,0,0.0,0.0,false
intermittent_v2,62,quantity,p95_p99,32,3405,15,0.0011013215859030838,0.004405286343612335,3,0.000881057268722467,0.47220935225486754,true
intermittent_v2,62,quantity,p95_p99,33,3405,0,0.0,0.0,0,0.0,0.0,false
intermittent_v2,62,quantity,p95_p99,34,3405,0,0.0,0.0,0,0.0,0.0,false
intermittent_v2,62,quantity,p95_p99,35,3405,0,0.0,0.0,0,0.0,0.0,false
intermittent_v2,62,quantity,p95_p99,36,3405,0,0.0,0.0,0,0.0,0.0,false
intermittent_v2,62,quantity,p95_p99,37,3405,0,0.0,0.0,0,0.0,0.0,false
intermittent_v2,62,quantity,p95_p99,38,3405,0,0.0,0.0,0,0.0,0.0,false
intermittent_v2,62,quantity,p95_p99,39,3405,0,0.0,0.0,0,0.0,0.0,false
intermittent_v2,62,quantity,p95_p99,40,3405,0,0.0,0.0,0,0.0,0.0,false
intermittent_v2,62,quantity,p95_p99,41,3405,0,0.0,0.0,0,0.0,0.0,false
intermittent_v2,62,quantity,p95_p99,42,3405,0,0.0,0.0,0,0.0,0.0,false
intermittent_v2,62,quantity,p95_p99,43,3405,0,0.0,0.0,0,0.0,0.0,false
intermittent_v2,62,quantity,p95_p99,44,3405,0,0.0,0.0,0,0.0,0.0,false
intermittent_v2,62,quantity,p95_p99,45,3405,0,0.0,0.0,0,0.0,0.0,false
intermittent_v2,62,quantity,p95_p99,46,3405,0,0.0,0.0,0,0.0,0.0,false
intermittent_v2,62,quantity,p95_p99,47,3405,0,0.0,0.0,0,0.0,0.0,false
intermittent_v2,62,quantity,p95_p99,48,3405,2886,0.2118942731277533,0.8475770925110132,84,0.024669603524229075,0.39964429202876156,true
intermittent_v2,62,quantity,p95_p99,49,3405,0,0.0,0.0,0,0.0,0.0,false
intermittent_v2,62,quantity,p95_p99,50,3405,0,0.0,0.0,0,0.0,0.0,false
intermittent_v2,62,quantity,p95_p99,51,3405,235,0.01725403817914831,0.06901615271659324,0,0.0,0.4139782542878009,true
intermittent_v2,62,quantity,p95_p99,52,3405,0,0.0,0.0,0,0.0,0.0,false
intermittent_v2,62,quantity,p95_p99,53,3405,0,0.0,0.0,0,0.0,0.0,false
intermittent_v2,62,quantity,p95_p99,54,3405,0,0.0,0.0,0,0.0,0.0,false
intermittent_v2,62,quantity,p95_p99,55,3405,3397,0.24941262848751836,0.9976505139500734,3161,0.9283406754772393,0.4062051715344094,true
intermittent_v2,62,quantity,p95_p99,56,3405,0,0.0,0.0,0,0.0,0.0,false
intermittent_v2,62,quantity,p95_p99,57,3405,0,0.0,0.0,0,0.0,0.0,false
intermittent_v2,62,quantity,p95_p99,58,3405,0,0.0,0.0,0,0.0,0.0,false
intermittent_v2,62,quantity,p95_p99,59,3405,0,0.0,0.0,0,0.0,0.0,false
intermittent_v2,62,quantity,p95_p99,60,3405,0,0.0,0.0,0,0.0,0.0,false
intermittent_v2,62,quantity,p95_p99,61,3405,1005,0.07378854625550661,0.29515418502202645,64,0.018795888399412628,0.39969196272133595,true
intermittent_v2,62,quantity,p95_p99,62,3405,0,0.0,0.0,0,0.0,0.0,false
intermittent_v2,62,quantity,p95_p99,63,3405,3102,0.2277533039647577,0.9110132158590308,63,0.018502202643171806,0.3986324145381179,true
intermittent_v2,62,quantity_region,body_le_p95,0,81739,1,3.058515518907743e-6,0.000012234062075630972,0,0.0,0.5164409279823303,true
intermittent_v2,62,quantity_region,body_le_p95,1,81739,1389,0.004248278055762855,0.01699311222305142,103,0.00126010839378999,0.4642633768864636,true
intermittent_v2,62,quantity_region,body_le_p95,2,81739,6,0.00001835109311344646,0.00007340437245378583,0,0.0,0.6080139875411987,true
intermittent_v2,62,quantity_region,body_le_p95,3,81739,1,3.058515518907743e-6,0.000012234062075630972,0,0.0,0.44449901580810547,true
intermittent_v2,62,quantity_region,body_le_p95,4,81739,91,0.0002783249122206046,0.0011132996488824184,2,0.000024468124151261944,0.2484941438331709,true
intermittent_v2,62,quantity_region,body_le_p95,5,81739,641,0.001960508447619863,0.007842033790479453,103,0.00126010839378999,0.295055574907481,true
intermittent_v2,62,quantity_region,body_le_p95,6,81739,836,0.0025569189738068733,0.010227675895227493,73,0.000893086531521061,0.2234511228866483,true
intermittent_v2,62,quantity_region,body_le_p95,7,81739,31,0.00009481398108614004,0.00037925592434456015,0,0.0,0.49664314235410384,true
intermittent_v2,62,quantity_region,body_le_p95,8,81739,61,0.0001865694466533723,0.0007462777866134892,7,0.0000856384345294168,0.5177715122699738,true
intermittent_v2,62,quantity_region,body_le_p95,9,81739,17973,0.054970699421328865,0.21988279768531546,1838,0.022486206095009727,0.2887706046978197,true
intermittent_v2,62,quantity_region,body_le_p95,10,81739,39067,0.1194870257771688,0.4779481031086752,17161,0.2099487392799031,0.25784087451518617,true
intermittent_v2,62,quantity_region,body_le_p95,11,81739,288,0.00088085246944543,0.00352340987778172,15,0.00018351093113446457,0.3511923044506047,true
intermittent_v2,62,quantity_region,body_le_p95,12,81739,23733,0.07258774881023747,0.29035099524094987,664,0.008123417218218965,0.23287900831968167,true
intermittent_v2,62,quantity_region,body_le_p95,13,81739,548,0.0016760665043614432,0.006704266017445773,36,0.000440426234722715,0.5488804342755436,true
intermittent_v2,62,quantity_region,body_le_p95,14,81739,4116,0.01258884987582427,0.05035539950329708,594,0.007267032872924797,0.4601186829373834,true
intermittent_v2,62,quantity_region,body_le_p95,15,81739,2,6.117031037815486e-6,0.000024468124151261944,0,0.0,0.3993127644062042,true
intermittent_v2,62,quantity_region,body_le_p95,16,81739,902,0.002758780998054784,0.011035123992219136,126,0.0015414918215295025,0.379663654596869,true
intermittent_v2,62,quantity_region,body_le_p95,17,81739,11,0.00003364367070798517,0.0001345746828319407,0,0.0,0.5479261035268957,true
intermittent_v2,62,quantity_region,body_le_p95,18,81739,28364,0.08675173417829922,0.3470069367131969,3250,0.03976070174580066,0.45139846518507565,true
intermittent_v2,62,quantity_region,body_le_p95,19,81739,299,0.0009144961401534151,0.0036579845606136605,17,0.00020797905528572653,0.28743019525622043,true
intermittent_v2,62,quantity_region,body_le_p95,20,81739,598,0.0018289922803068303,0.007315969121227321,189,0.002312237732294254,0.46866503352903605,true
intermittent_v2,62,quantity_region,body_le_p95,21,81739,513,0.0015690184611996721,0.0062760738447986885,9,0.00011010655868067875,0.2326078492699674,true
intermittent_v2,62,quantity_region,body_le_p95,22,81739,1796,0.005493093871958306,0.021972375487833224,26,0.0003180856139664053,0.4806639240984131,true
intermittent_v2,62,quantity_region,body_le_p95,23,81739,23,0.00007034585693487808,0.00028138342773951233,1,0.000012234062075630972,0.33719123705573706,true
intermittent_v2,62,quantity_region,body_le_p95,24,81739,627,0.0019176892303551549,0.007670756921420619,114,0.0013946830766219309,0.4534920823821231,true
intermittent_v2,62,quantity_region,body_le_p95,25,81739,2180,0.00666756383121888,0.02667025532487552,232,0.0028383024015463856,0.47548456055821353,true
intermittent_v2,62,quantity_region,body_le_p95,26,81739,365,0.0011163581644013261,0.0044654326576053045,4,0.00004893624830252389,0.2997344015765782,true
intermittent_v2,62,quantity_region,body_le_p95,27,81739,57,0.00017433538457774136,0.0006973415383109654,0,0.0,0.29489380487224515,true
intermittent_v2,62,quantity_region,body_le_p95,28,81739,1,3.058515518907743e-6,0.000012234062075630972,0,0.0,0.6558236479759216,true
intermittent_v2,62,quantity_region,body_le_p95,29,81739,158,0.0004832454519874234,0.0019329818079496935,1,0.000012234062075630972,0.45760098797611043,true
intermittent_v2,62,quantity_region,body_le_p95,30,81739,801,0.002449870930645102,0.009799483722580408,76,0.0009297887177479538,0.20559817384381995,true
intermittent_v2,62,quantity_region,body_le_p95,31,81739,25,0.00007646288797269357,0.0003058515518907743,0,0.0,0.10613002896308898,true
intermittent_v2,62,quantity_region,body_le_p95,32,81739,1314,0.004018889391844774,0.016075557567379096,13,0.00015904280698320265,0.4604894339221798,true
intermittent_v2,62,quantity_region,body_le_p95,33,81739,19296,0.059017115452843806,0.23606846181137522,1133,0.01386119233168989,0.2578171431088164,true
intermittent_v2,62,quantity_region,body_le_p95,34,81739,5033,0.01539350860666267,0.06157403442665068,47,0.0005750009175546557,0.3044044437353586,true
intermittent_v2,62,quantity_region,body_le_p95,35,81739,2,6.117031037815486e-6,0.000024468124151261944,0,0.0,0.574914962053299,true
intermittent_v2,62,quantity_region,body_le_p95,36,81739,579,0.0017708804854475832,0.007083521941790333,124,0.0015170236973782406,0.40465398027283334,true
intermittent_v2,62,quantity_region,body_le_p95,37,81739,157,0.00048018693646851565,0.0019207477458740626,23,0.00028138342773951233,0.544643881309564,true
intermittent_v2,62,quantity_region,body_le_p95,38,81739,323,0.000987900512607201,0.003951602050428804,63,0.0007707459107647512,0.407710338847556,true
intermittent_v2,62,quantity_region,body_le_p95,39,81739,9,0.000027526639670169688,0.00011010655868067875,5,0.00006117031037815486,0.5043772392802768,true
intermittent_v2,62,quantity_region,body_le_p95,40,81739,227,0.0006942830227920576,0.0027771320911682304,1,0.000012234062075630972,0.4624892506042766,true
intermittent_v2,62,quantity_region,body_le_p95,41,81739,1990,0.006086445882626409,0.024345783530505635,34,0.00041595811057145305,0.21259909093043014,true
intermittent_v2,62,quantity_region,body_le_p95,42,81739,534,0.0016332472870967346,0.0065329891483869385,33,0.00040372404849582205,0.3044954262785474,true
intermittent_v2,62,quantity_region,body_le_p95,43,81739,43,0.00013151616731303295,0.0005260646692521318,4,0.00004893624830252389,0.44273449497860534,true
intermittent_v2,62,quantity_region,body_le_p95,44,81739,13,0.00003976070174580066,0.00015904280698320265,0,0.0,0.5066813689011794,true
intermittent_v2,62,quantity_region,body_le_p95,45,81739,476,0.0014558533870000856,0.0058234135480003425,344,0.0042085173540170545,0.412125421797528,true
intermittent_v2,62,quantity_region,body_le_p95,46,81739,2116,0.006471818838008784,0.025887275352035135,120,0.0014680874490757166,0.21550879100257053,true
intermittent_v2,62,quantity_region,body_le_p95,47,81739,67,0.0002049205397668188,0.0008196821590672752,1,0.000012234062075630972,0.46275091671676777,true
intermittent_v2,62,quantity_region,body_le_p95,48,81739,25576,0.07822459291158443,0.3128983716463377,3445,0.0421463438505487,0.43970167794354287,true
intermittent_v2,62,quantity_region,body_le_p95,49,81739,9106,0.02785084231517391,0.11140336926069563,1077,0.013176084855454557,0.21573708874659386,true
intermittent_v2,62,quantity_region,body_le_p95,50,81739,39007,0.11930351484603433,0.4772140593841373,19953,0.24410624059506478,0.24128727645860523,true
intermittent_v2,62,quantity_region,body_le_p95,51,81739,3324,0.010166505584849338,0.040666022339397354,34,0.00041595811057145305,0.4372928006536407,true
intermittent_v2,62,quantity_region,body_le_p95,52,81739,3,9.17554655672323e-6,0.00003670218622689292,0,0.0,0.3783106009165446,true
intermittent_v2,62,quantity_region,body_le_p95,53,81739,2,6.117031037815486e-6,0.000024468124151261944,0,0.0,0.47267483174800873,true
intermittent_v2,62,quantity_region,body_le_p95,54,81739,65,0.0001988035087290033,0.0007952140349160131,0,0.0,0.21309377894951748,true
intermittent_v2,62,quantity_region,body_le_p95,55,81739,33871,0.10359497914092416,0.41437991656369666,15776,0.1930045633051542,0.4468891486252334,true
intermittent_v2,62,quantity_region,body_le_p95,56,81739,178,0.0005444157623655782,0.002177663049462313,0,0.0,0.2480393648147583,true
intermittent_v2,62,quantity_region,body_le_p95,57,81739,54,0.00016515983802101812,0.0006606393520840725,1,0.000012234062075630972,0.23541644436341744,true
intermittent_v2,62,quantity_region,body_le_p95,58,81739,37,0.00011316507419958649,0.00045266029679834596,3,0.00003670218622689292,0.48655041327347626,true
intermittent_v2,62,quantity_region,body_le_p95,59,81739,129,0.00039454850193909884,0.0015781940077563953,20,0.00024468124151261943,0.47352616477382276,true
intermittent_v2,62,quantity_region,body_le_p95,60,81739,7947,0.02430602282875983,0.09722409131503933,221,0.0027037277187144447,0.2080797539783299,true
intermittent_v2,62,quantity_region,body_le_p95,61,81739,15274,0.046715766035796864,0.18686306414318746,620,0.007585118486891203,0.4362185853326744,true
intermittent_v2,62,quantity_region,body_le_p95,62,81739,220,0.0006728734141597034,0.0026914936566388137,11,0.0001345746828319407,0.3848676842722026,true
intermittent_v2,62,quantity_region,body_le_p95,63,81739,34480,0.10545761509193897,0.4218304603677559,13992,0.17117899656222857,0.44242401757599514,true
intermittent_v2,62,quantity_region,extreme_tail_gt_p99,0,1141,0,0.0,0.0,0,0.0,0.0,false
intermittent_v2,62,quantity_region,extreme_tail_gt_p99,1,1141,0,0.0,0.0,0,0.0,0.0,false
intermittent_v2,62,quantity_region,extreme_tail_gt_p99,2,1141,0,0.0,0.0,0,0.0,0.0,false
intermittent_v2,62,quantity_region,extreme_tail_gt_p99,3,1141,0,0.0,0.0,0,0.0,0.0,false
intermittent_v2,62,quantity_region,extreme_tail_gt_p99,4,1141,0,0.0,0.0,0,0.0,0.0,false
intermittent_v2,62,quantity_region,extreme_tail_gt_p99,5,1141,0,0.0,0.0,0,0.0,0.0,false
intermittent_v2,62,quantity_region,extreme_tail_gt_p99,6,1141,0,0.0,0.0,0,0.0,0.0,false
intermittent_v2,62,quantity_region,extreme_tail_gt_p99,7,1141,0,0.0,0.0,0,0.0,0.0,false
intermittent_v2,62,quantity_region,extreme_tail_gt_p99,8,1141,0,0.0,0.0,0,0.0,0.0,false
intermittent_v2,62,quantity_region,extreme_tail_gt_p99,9,1141,0,0.0,0.0,0,0.0,0.0,false
intermittent_v2,62,quantity_region,extreme_tail_gt_p99,10,1141,0,0.0,0.0,0,0.0,0.0,false
intermittent_v2,62,quantity_region,extreme_tail_gt_p99,11,1141,0,0.0,0.0,0,0.0,0.0,false
intermittent_v2,62,quantity_region,extreme_tail_gt_p99,12,1141,0,0.0,0.0,0,0.0,0.0,false
intermittent_v2,62,quantity_region,extreme_tail_gt_p99,13,1141,0,0.0,0.0,0,0.0,0.0,false
intermittent_v2,62,quantity_region,extreme_tail_gt_p99,14,1141,1,0.00021910604732690623,0.0008764241893076249,0,0.0,0.36637213826179504,true
intermittent_v2,62,quantity_region,extreme_tail_gt_p99,15,1141,0,0.0,0.0,0,0.0,0.0,false
intermittent_v2,62,quantity_region,extreme_tail_gt_p99,16,1141,0,0.0,0.0,0,0.0,0.0,false
intermittent_v2,62,quantity_region,extreme_tail_gt_p99,17,1141,0,0.0,0.0,0,0.0,0.0,false
intermittent_v2,62,quantity_region,extreme_tail_gt_p99,18,1141,754,0.16520595968448729,0.6608238387379491,0,0.0,0.3531844759019047,true
intermittent_v2,62,quantity_region,extreme_tail_gt_p99,19,1141,0,0.0,0.0,0,0.0,0.0,false
intermittent_v2,62,quantity_region,extreme_tail_gt_p99,20,1141,0,0.0,0.0,0,0.0,0.0,false
intermittent_v2,62,quantity_region,extreme_tail_gt_p99,21,1141,0,0.0,0.0,0,0.0,0.0,false
intermittent_v2,62,quantity_region,extreme_tail_gt_p99,22,1141,0,0.0,0.0,0,0.0,0.0,false
intermittent_v2,62,quantity_region,extreme_tail_gt_p99,23,1141,0,0.0,0.0,0,0.0,0.0,false
intermittent_v2,62,quantity_region,extreme_tail_gt_p99,24,1141,0,0.0,0.0,0,0.0,0.0,false
intermittent_v2,62,quantity_region,extreme_tail_gt_p99,25,1141,0,0.0,0.0,0,0.0,0.0,false
intermittent_v2,62,quantity_region,extreme_tail_gt_p99,26,1141,0,0.0,0.0,0,0.0,0.0,false
intermittent_v2,62,quantity_region,extreme_tail_gt_p99,27,1141,0,0.0,0.0,0,0.0,0.0,false
intermittent_v2,62,quantity_region,extreme_tail_gt_p99,28,1141,0,0.0,0.0,0,0.0,0.0,false
intermittent_v2,62,quantity_region,extreme_tail_gt_p99,29,1141,0,0.0,0.0,0,0.0,0.0,false
intermittent_v2,62,quantity_region,extreme_tail_gt_p99,30,1141,0,0.0,0.0,0,0.0,0.0,false
intermittent_v2,62,quantity_region,extreme_tail_gt_p99,31,1141,0,0.0,0.0,0,0.0,0.0,false
intermittent_v2,62,quantity_region,extreme_tail_gt_p99,32,1141,0,0.0,0.0,0,0.0,0.0,false
intermittent_v2,62,quantity_region,extreme_tail_gt_p99,33,1141,0,0.0,0.0,0,0.0,0.0,false
intermittent_v2,62,quantity_region,extreme_tail_gt_p99,34,1141,0,0.0,0.0,0,0.0,0.0,false
intermittent_v2,62,quantity_region,extreme_tail_gt_p99,35,1141,0,0.0,0.0,0,0.0,0.0,false
intermittent_v2,62,quantity_region,extreme_tail_gt_p99,36,1141,0,0.0,0.0,0,0.0,0.0,false
intermittent_v2,62,quantity_region,extreme_tail_gt_p99,37,1141,0,0.0,0.0,0,0.0,0.0,false
intermittent_v2,62,quantity_region,extreme_tail_gt_p99,38,1141,0,0.0,0.0,0,0.0,0.0,false
intermittent_v2,62,quantity_region,extreme_tail_gt_p99,39,1141,0,0.0,0.0,0,0.0,0.0,false
intermittent_v2,62,quantity_region,extreme_tail_gt_p99,40,1141,0,0.0,0.0,0,0.0,0.0,false
intermittent_v2,62,quantity_region,extreme_tail_gt_p99,41,1141,0,0.0,0.0,0,0.0,0.0,false
intermittent_v2,62,quantity_region,extreme_tail_gt_p99,42,1141,0,0.0,0.0,0,0.0,0.0,false
intermittent_v2,62,quantity_region,extreme_tail_gt_p99,43,1141,0,0.0,0.0,0,0.0,0.0,false
intermittent_v2,62,quantity_region,extreme_tail_gt_p99,44,1141,0,0.0,0.0,0,0.0,0.0,false
intermittent_v2,62,quantity_region,extreme_tail_gt_p99,45,1141,0,0.0,0.0,0,0.0,0.0,false
intermittent_v2,62,quantity_region,extreme_tail_gt_p99,46,1141,0,0.0,0.0,0,0.0,0.0,false
intermittent_v2,62,quantity_region,extreme_tail_gt_p99,47,1141,0,0.0,0.0,0,0.0,0.0,false
intermittent_v2,62,quantity_region,extreme_tail_gt_p99,48,1141,732,0.16038562664329536,0.6415425065731815,0,0.0,0.3592531195755213,true
intermittent_v2,62,quantity_region,extreme_tail_gt_p99,49,1141,0,0.0,0.0,0,0.0,0.0,false
intermittent_v2,62,quantity_region,extreme_tail_gt_p99,50,1141,0,0.0,0.0,0,0.0,0.0,false
intermittent_v2,62,quantity_region,extreme_tail_gt_p99,51,1141,15,0.003286590709903593,0.013146362839614373,0,0.0,0.384342223405838,true
intermittent_v2,62,quantity_region,extreme_tail_gt_p99,52,1141,0,0.0,0.0,0,0.0,0.0,false
intermittent_v2,62,quantity_region,extreme_tail_gt_p99,53,1141,0,0.0,0.0,0,0.0,0.0,false
intermittent_v2,62,quantity_region,extreme_tail_gt_p99,54,1141,0,0.0,0.0,0,0.0,0.0,false
intermittent_v2,62,quantity_region,extreme_tail_gt_p99,55,1141,1141,0.25,1.0,1038,0.9097283085013146,0.36140317675526157,true
intermittent_v2,62,quantity_region,extreme_tail_gt_p99,56,1141,0,0.0,0.0,0,0.0,0.0,false
intermittent_v2,62,quantity_region,extreme_tail_gt_p99,57,1141,0,0.0,0.0,0,0.0,0.0,false
intermittent_v2,62,quantity_region,extreme_tail_gt_p99,58,1141,0,0.0,0.0,0,0.0,0.0,false
intermittent_v2,62,quantity_region,extreme_tail_gt_p99,59,1141,0,0.0,0.0,0,0.0,0.0,false
intermittent_v2,62,quantity_region,extreme_tail_gt_p99,60,1141,0,0.0,0.0,0,0.0,0.0,false
intermittent_v2,62,quantity_region,extreme_tail_gt_p99,61,1141,1001,0.21932515337423314,0.8773006134969326,103,0.09027169149868536,0.35518083881426765,true
intermittent_v2,62,quantity_region,extreme_tail_gt_p99,62,1141,0,0.0,0.0,0,0.0,0.0,false
intermittent_v2,62,quantity_region,extreme_tail_gt_p99,63,1141,920,0.20157756354075373,0.8063102541630149,0,0.0,0.35346708819270134,true
intermittent_v2,62,quantity_region,tail_p95_p99,0,3405,0,0.0,0.0,0,0.0,0.0,false
intermittent_v2,62,quantity_region,tail_p95_p99,1,3405,0,0.0,0.0,0,0.0,0.0,false
intermittent_v2,62,quantity_region,tail_p95_p99,2,3405,0,0.0,0.0,0,0.0,0.0,false
intermittent_v2,62,quantity_region,tail_p95_p99,3,3405,0,0.0,0.0,0,0.0,0.0,false
intermittent_v2,62,quantity_region,tail_p95_p99,4,3405,0,0.0,0.0,0,0.0,0.0,false
intermittent_v2,62,quantity_region,tail_p95_p99,5,3405,0,0.0,0.0,0,0.0,0.0,false
intermittent_v2,62,quantity_region,tail_p95_p99,6,3405,0,0.0,0.0,0,0.0,0.0,false
intermittent_v2,62,quantity_region,tail_p95_p99,7,3405,0,0.0,0.0,0,0.0,0.0,false
intermittent_v2,62,quantity_region,tail_p95_p99,8,3405,0,0.0,0.0,0,0.0,0.0,false
intermittent_v2,62,quantity_region,tail_p95_p99,9,3405,0,0.0,0.0,0,0.0,0.0,false
intermittent_v2,62,quantity_region,tail_p95_p99,10,3405,0,0.0,0.0,0,0.0,0.0,false
intermittent_v2,62,quantity_region,tail_p95_p99,11,3405,0,0.0,0.0,0,0.0,0.0,false
intermittent_v2,62,quantity_region,tail_p95_p99,12,3405,0,0.0,0.0,0,0.0,0.0,false
intermittent_v2,62,quantity_region,tail_p95_p99,13,3405,0,0.0,0.0,0,0.0,0.0,false
intermittent_v2,62,quantity_region,tail_p95_p99,14,3405,198,0.014537444933920705,0.05814977973568282,0,0.0,0.41825823816988206,true
intermittent_v2,62,quantity_region,tail_p95_p99,15,3405,0,0.0,0.0,0,0.0,0.0,false
intermittent_v2,62,quantity_region,tail_p95_p99,16,3405,0,0.0,0.0,0,0.0,0.0,false
intermittent_v2,62,quantity_region,tail_p95_p99,17,3405,0,0.0,0.0,0,0.0,0.0,false
intermittent_v2,62,quantity_region,tail_p95_p99,18,3405,2767,0.20315712187958884,0.8126284875183554,30,0.00881057268722467,0.39734145285939326,true
intermittent_v2,62,quantity_region,tail_p95_p99,19,3405,0,0.0,0.0,0,0.0,0.0,false
intermittent_v2,62,quantity_region,tail_p95_p99,20,3405,0,0.0,0.0,0,0.0,0.0,false
intermittent_v2,62,quantity_region,tail_p95_p99,21,3405,0,0.0,0.0,0,0.0,0.0,false
intermittent_v2,62,quantity_region,tail_p95_p99,22,3405,15,0.0011013215859030838,0.004405286343612335,0,0.0,0.4551329672336578,true
intermittent_v2,62,quantity_region,tail_p95_p99,23,3405,0,0.0,0.0,0,0.0,0.0,false
intermittent_v2,62,quantity_region,tail_p95_p99,24,3405,0,0.0,0.0,0,0.0,0.0,false
intermittent_v2,62,quantity_region,tail_p95_p99,25,3405,0,0.0,0.0,0,0.0,0.0,false
intermittent_v2,62,quantity_region,tail_p95_p99,26,3405,0,0.0,0.0,0,0.0,0.0,false
intermittent_v2,62,quantity_region,tail_p95_p99,27,3405,0,0.0,0.0,0,0.0,0.0,false
intermittent_v2,62,quantity_region,tail_p95_p99,28,3405,0,0.0,0.0,0,0.0,0.0,false
intermittent_v2,62,quantity_region,tail_p95_p99,29,3405,0,0.0,0.0,0,0.0,0.0,false
intermittent_v2,62,quantity_region,tail_p95_p99,30,3405,0,0.0,0.0,0,0.0,0.0,false
intermittent_v2,62,quantity_region,tail_p95_p99,31,3405,0,0.0,0.0,0,0.0,0.0,false
intermittent_v2,62,quantity_region,tail_p95_p99,32,3405,15,0.0011013215859030838,0.004405286343612335,3,0.000881057268722467,0.47220935225486754,true
intermittent_v2,62,quantity_region,tail_p95_p99,33,3405,0,0.0,0.0,0,0.0,0.0,false
intermittent_v2,62,quantity_region,tail_p95_p99,34,3405,0,0.0,0.0,0,0.0,0.0,false
intermittent_v2,62,quantity_region,tail_p95_p99,35,3405,0,0.0,0.0,0,0.0,0.0,false
intermittent_v2,62,quantity_region,tail_p95_p99,36,3405,0,0.0,0.0,0,0.0,0.0,false
intermittent_v2,62,quantity_region,tail_p95_p99,37,3405,0,0.0,0.0,0,0.0,0.0,false
intermittent_v2,62,quantity_region,tail_p95_p99,38,3405,0,0.0,0.0,0,0.0,0.0,false
intermittent_v2,62,quantity_region,tail_p95_p99,39,3405,0,0.0,0.0,0,0.0,0.0,false
intermittent_v2,62,quantity_region,tail_p95_p99,40,3405,0,0.0,0.0,0,0.0,0.0,false
intermittent_v2,62,quantity_region,tail_p95_p99,41,3405,0,0.0,0.0,0,0.0,0.0,false
intermittent_v2,62,quantity_region,tail_p95_p99,42,3405,0,0.0,0.0,0,0.0,0.0,false
intermittent_v2,62,quantity_region,tail_p95_p99,43,3405,0,0.0,0.0,0,0.0,0.0,false
intermittent_v2,62,quantity_region,tail_p95_p99,44,3405,0,0.0,0.0,0,0.0,0.0,false
intermittent_v2,62,quantity_region,tail_p95_p99,45,3405,0,0.0,0.0,0,0.0,0.0,false
intermittent_v2,62,quantity_region,tail_p95_p99,46,3405,0,0.0,0.0,0,0.0,0.0,false
intermittent_v2,62,quantity_region,tail_p95_p99,47,3405,0,0.0,0.0,0,0.0,0.0,false
intermittent_v2,62,quantity_region,tail_p95_p99,48,3405,2886,0.2118942731277533,0.8475770925110132,84,0.024669603524229075,0.39964429202876156,true
intermittent_v2,62,quantity_region,tail_p95_p99,49,3405,0,0.0,0.0,0,0.0,0.0,false
intermittent_v2,62,quantity_region,tail_p95_p99,50,3405,0,0.0,0.0,0,0.0,0.0,false
intermittent_v2,62,quantity_region,tail_p95_p99,51,3405,235,0.01725403817914831,0.06901615271659324,0,0.0,0.4139782542878009,true
intermittent_v2,62,quantity_region,tail_p95_p99,52,3405,0,0.0,0.0,0,0.0,0.0,false
intermittent_v2,62,quantity_region,tail_p95_p99,53,3405,0,0.0,0.0,0,0.0,0.0,false
intermittent_v2,62,quantity_region,tail_p95_p99,54,3405,0,0.0,0.0,0,0.0,0.0,false
intermittent_v2,62,quantity_region,tail_p95_p99,55,3405,3397,0.24941262848751836,0.9976505139500734,3161,0.9283406754772393,0.4062051715344094,true
intermittent_v2,62,quantity_region,tail_p95_p99,56,3405,0,0.0,0.0,0,0.0,0.0,false
intermittent_v2,62,quantity_region,tail_p95_p99,57,3405,0,0.0,0.0,0,0.0,0.0,false
intermittent_v2,62,quantity_region,tail_p95_p99,58,3405,0,0.0,0.0,0,0.0,0.0,false
intermittent_v2,62,quantity_region,tail_p95_p99,59,3405,0,0.0,0.0,0,0.0,0.0,false
intermittent_v2,62,quantity_region,tail_p95_p99,60,3405,0,0.0,0.0,0,0.0,0.0,false
intermittent_v2,62,quantity_region,tail_p95_p99,61,3405,1005,0.07378854625550661,0.29515418502202645,64,0.018795888399412628,0.39969196272133595,true
intermittent_v2,62,quantity_region,tail_p95_p99,62,3405,0,0.0,0.0,0,0.0,0.0,false
intermittent_v2,62,quantity_region,tail_p95_p99,63,3405,3102,0.2277533039647577,0.9110132158590308,63,0.018502202643171806,0.3986324145381179,true
yellow_trip_hourly,42,history,history_65_128,0,1475,0,0.0,0.0,0,0.0,0.0,false
yellow_trip_hourly,42,history,history_65_128,1,1475,0,0.0,0.0,0,0.0,0.0,false
yellow_trip_hourly,42,history,history_65_128,2,1475,0,0.0,0.0,0,0.0,0.0,false
yellow_trip_hourly,42,history,history_65_128,3,1475,9,0.0015254237288135593,0.006101694915254237,2,0.0013559322033898306,0.12382554594013426,true
yellow_trip_hourly,42,history,history_65_128,4,1475,0,0.0,0.0,0,0.0,0.0,false
yellow_trip_hourly,42,history,history_65_128,5,1475,0,0.0,0.0,0,0.0,0.0,false
yellow_trip_hourly,42,history,history_65_128,6,1475,0,0.0,0.0,0,0.0,0.0,false
yellow_trip_hourly,42,history,history_65_128,7,1475,0,0.0,0.0,0,0.0,0.0,false
yellow_trip_hourly,42,history,history_65_128,8,1475,0,0.0,0.0,0,0.0,0.0,false
yellow_trip_hourly,42,history,history_65_128,9,1475,3,0.0005084745762711864,0.002033898305084746,0,0.0,0.11283619205156963,true
yellow_trip_hourly,42,history,history_65_128,10,1475,0,0.0,0.0,0,0.0,0.0,false
yellow_trip_hourly,42,history,history_65_128,11,1475,7,0.0011864406779661016,0.0047457627118644066,3,0.002033898305084746,0.1578851437994412,true
yellow_trip_hourly,42,history,history_65_128,12,1475,13,0.0022033898305084745,0.008813559322033898,0,0.0,0.2391512651856129,true
yellow_trip_hourly,42,history,history_65_128,13,1475,0,0.0,0.0,0,0.0,0.0,false
yellow_trip_hourly,42,history,history_65_128,14,1475,0,0.0,0.0,0,0.0,0.0,false
yellow_trip_hourly,42,history,history_65_128,15,1475,0,0.0,0.0,0,0.0,0.0,false
yellow_trip_hourly,42,history,history_65_128,16,1475,0,0.0,0.0,0,0.0,0.0,false
yellow_trip_hourly,42,history,history_65_128,17,1475,0,0.0,0.0,0,0.0,0.0,false
yellow_trip_hourly,42,history,history_65_128,18,1475,44,0.007457627118644068,0.029830508474576273,3,0.002033898305084746,0.356426462192427,true
yellow_trip_hourly,42,history,history_65_128,19,1475,0,0.0,0.0,0,0.0,0.0,false
yellow_trip_hourly,42,history,history_65_128,20,1475,0,0.0,0.0,0,0.0,0.0,false
yellow_trip_hourly,42,history,history_65_128,21,1475,1,0.00016949152542372882,0.0006779661016949153,0,0.0,0.12763310968875885,true
yellow_trip_hourly,42,history,history_65_128,22,1475,0,0.0,0.0,0,0.0,0.0,false
yellow_trip_hourly,42,history,history_65_128,23,1475,0,0.0,0.0,0,0.0,0.0,false
yellow_trip_hourly,42,history,history_65_128,24,1475,0,0.0,0.0,0,0.0,0.0,false
yellow_trip_hourly,42,history,history_65_128,25,1475,0,0.0,0.0,0,0.0,0.0,false
yellow_trip_hourly,42,history,history_65_128,26,1475,59,0.01,0.04,18,0.012203389830508475,0.7107884449473882,true
yellow_trip_hourly,42,history,history_65_128,27,1475,0,0.0,0.0,0,0.0,0.0,false
yellow_trip_hourly,42,history,history_65_128,28,1475,0,0.0,0.0,0,0.0,0.0,false
yellow_trip_hourly,42,history,history_65_128,29,1475,0,0.0,0.0,0,0.0,0.0,false
yellow_trip_hourly,42,history,history_65_128,30,1475,408,0.06915254237288136,0.27661016949152545,81,0.05491525423728814,0.6937385952355815,true
yellow_trip_hourly,42,history,history_65_128,31,1475,5,0.000847457627118644,0.003389830508474576,0,0.0,0.16433165669441224,true
yellow_trip_hourly,42,history,history_65_128,32,1475,8,0.0013559322033898306,0.005423728813559322,1,0.0006779661016949153,0.15795561205595732,true
yellow_trip_hourly,42,history,history_65_128,33,1475,0,0.0,0.0,0,0.0,0.0,false
yellow_trip_hourly,42,history,history_65_128,34,1475,0,0.0,0.0,0,0.0,0.0,false
yellow_trip_hourly,42,history,history_65_128,35,1475,13,0.0022033898305084745,0.008813559322033898,8,0.005423728813559322,0.14852512283967093,true
yellow_trip_hourly,42,history,history_65_128,36,1475,0,0.0,0.0,0,0.0,0.0,false
yellow_trip_hourly,42,history,history_65_128,37,1475,304,0.05152542372881356,0.20610169491525424,169,0.11457627118644068,0.5065231792334663,true
yellow_trip_hourly,42,history,history_65_128,38,1475,1416,0.24,0.96,63,0.04271186440677966,0.62061957269907,true
yellow_trip_hourly,42,history,history_65_128,39,1475,0,0.0,0.0,0,0.0,0.0,false
yellow_trip_hourly,42,history,history_65_128,40,1475,0,0.0,0.0,0,0.0,0.0,false
yellow_trip_hourly,42,history,history_65_128,41,1475,0,0.0,0.0,0,0.0,0.0,false
yellow_trip_hourly,42,history,history_65_128,42,1475,0,0.0,0.0,0,0.0,0.0,false
yellow_trip_hourly,42,history,history_65_128,43,1475,0,0.0,0.0,0,0.0,0.0,false
yellow_trip_hourly,42,history,history_65_128,44,1475,1172,0.19864406779661017,0.7945762711864407,60,0.04067796610169491,0.6342784903892682,true
yellow_trip_hourly,42,history,history_65_128,45,1475,0,0.0,0.0,0,0.0,0.0,false
yellow_trip_hourly,42,history,history_65_128,46,1475,0,0.0,0.0,0,0.0,0.0,false
yellow_trip_hourly,42,history,history_65_128,47,1475,0,0.0,0.0,0,0.0,0.0,false
yellow_trip_hourly,42,history,history_65_128,48,1475,0,0.0,0.0,0,0.0,0.0,false
yellow_trip_hourly,42,history,history_65_128,49,1475,0,0.0,0.0,0,0.0,0.0,false
yellow_trip_hourly,42,history,history_65_128,50,1475,0,0.0,0.0,0,0.0,0.0,false
yellow_trip_hourly,42,history,history_65_128,51,1475,1066,0.18067796610169493,0.7227118644067797,162,0.10983050847457627,0.5912068770258333,true
yellow_trip_hourly,42,history,history_65_128,52,1475,0,0.0,0.0,0,0.0,0.0,false
yellow_trip_hourly,42,history,history_65_128,53,1475,1360,0.2305084745762712,0.9220338983050848,905,0.6135593220338983,0.6370449850883554,true
yellow_trip_hourly,42,history,history_65_128,54,1475,0,0.0,0.0,0,0.0,0.0,false
yellow_trip_hourly,42,history,history_65_128,55,1475,9,0.0015254237288135593,0.006101694915254237,0,0.0,0.11480506343974008,true
yellow_trip_hourly,42,history,history_65_128,56,1475,0,0.0,0.0,0,0.0,0.0,false
yellow_trip_hourly,42,history,history_65_128,57,1475,0,0.0,0.0,0,0.0,0.0,false
yellow_trip_hourly,42,history,history_65_128,58,1475,0,0.0,0.0,0,0.0,0.0,false
yellow_trip_hourly,42,history,history_65_128,59,1475,0,0.0,0.0,0,0.0,0.0,false
yellow_trip_hourly,42,history,history_65_128,60,1475,0,0.0,0.0,0,0.0,0.0,false
yellow_trip_hourly,42,history,history_65_128,61,1475,0,0.0,0.0,0,0.0,0.0,false
yellow_trip_hourly,42,history,history_65_128,62,1475,1,0.00016949152542372882,0.0006779661016949153,0,0.0,0.10909754037857056,true
yellow_trip_hourly,42,history,history_65_128,63,1475,2,0.00033898305084745765,0.0013559322033898306,0,0.0,0.15712187439203262,true
yellow_trip_hourly,42,history,history_gt_128,0,5552,0,0.0,0.0,0,0.0,0.0,false
yellow_trip_hourly,42,history,history_gt_128,1,5552,0,0.0,0.0,0,0.0,0.0,false
yellow_trip_hourly,42,history,history_gt_128,2,5552,0,0.0,0.0,0,0.0,0.0,false
yellow_trip_hourly,42,history,history_gt_128,3,5552,711,0.03201548991354467,0.1280619596541787,175,0.03152017291066282,0.10620785706824559,true
yellow_trip_hourly,42,history,history_gt_128,4,5552,0,0.0,0.0,0,0.0,0.0,false
yellow_trip_hourly,42,history,history_gt_128,5,5552,0,0.0,0.0,0,0.0,0.0,false
yellow_trip_hourly,42,history,history_gt_128,6,5552,0,0.0,0.0,0,0.0,0.0,false
yellow_trip_hourly,42,history,history_gt_128,7,5552,0,0.0,0.0,0,0.0,0.0,false
yellow_trip_hourly,42,history,history_gt_128,8,5552,966,0.0434978386167147,0.1739913544668588,0,0.0,0.3276231394729752,true
yellow_trip_hourly,42,history,history_gt_128,9,5552,9,0.0004052593659942363,0.0016210374639769453,0,0.0,0.10423360847764546,true
yellow_trip_hourly,42,history,history_gt_128,10,5552,0,0.0,0.0,0,0.0,0.0,false
yellow_trip_hourly,42,history,history_gt_128,11,5552,2642,0.11896613832853026,0.47586455331412103,785,0.14139048991354466,0.2765955230493287,true
yellow_trip_hourly,42,history,history_gt_128,12,5552,716,0.032240634005763685,0.12896253602305474,12,0.002161383285302594,0.1919563555850663,true
yellow_trip_hourly,42,history,history_gt_128,13,5552,0,0.0,0.0,0,0.0,0.0,false
yellow_trip_hourly,42,history,history_gt_128,14,5552,0,0.0,0.0,0,0.0,0.0,false
yellow_trip_hourly,42,history,history_gt_128,15,5552,0,0.0,0.0,0,0.0,0.0,false
yellow_trip_hourly,42,history,history_gt_128,16,5552,0,0.0,0.0,0,0.0,0.0,false
yellow_trip_hourly,42,history,history_gt_128,17,5552,0,0.0,0.0,0,0.0,0.0,false
yellow_trip_hourly,42,history,history_gt_128,18,5552,1272,0.05727665706051873,0.22910662824207492,297,0.053494236311239195,0.2917043632540688,true
yellow_trip_hourly,42,history,history_gt_128,19,5552,81,0.0036473342939481266,0.014589337175792506,0,0.0,0.09236820897570362,true
yellow_trip_hourly,42,history,history_gt_128,20,5552,0,0.0,0.0,0,0.0,0.0,false
yellow_trip_hourly,42,history,history_gt_128,21,5552,31,0.001395893371757925,0.0055835734870317,0,0.0,0.10747347916326215,true
yellow_trip_hourly,42,history,history_gt_128,22,5552,0,0.0,0.0,0,0.0,0.0,false
yellow_trip_hourly,42,history,history_gt_128,23,5552,0,0.0,0.0,0,0.0,0.0,false
yellow_trip_hourly,42,history,history_gt_128,24,5552,0,0.0,0.0,0,0.0,0.0,false
yellow_trip_hourly,42,history,history_gt_128,25,5552,0,0.0,0.0,0,0.0,0.0,false
yellow_trip_hourly,42,history,history_gt_128,26,5552,0,0.0,0.0,0,0.0,0.0,false
yellow_trip_hourly,42,history,history_gt_128,27,5552,0,0.0,0.0,0,0.0,0.0,false
yellow_trip_hourly,42,history,history_gt_128,28,5552,937,0.04219200288184438,0.16876801152737753,258,0.04646974063400577,0.10689635888107812,true
yellow_trip_hourly,42,history,history_gt_128,29,5552,0,0.0,0.0,0,0.0,0.0,false
yellow_trip_hourly,42,history,history_gt_128,30,5552,6,0.00027017291066282423,0.001080691642651297,0,0.0,0.38214988509813946,true
yellow_trip_hourly,42,history,history_gt_128,31,5552,2520,0.11347262247838617,0.4538904899135447,1614,0.29070605187319887,0.28823662726947713,true
yellow_trip_hourly,42,history,history_gt_128,32,5552,539,0.024270533141210374,0.0970821325648415,24,0.004322766570605188,0.13103959829665734,true
yellow_trip_hourly,42,history,history_gt_128,33,5552,0,0.0,0.0,0,0.0,0.0,false
yellow_trip_hourly,42,history,history_gt_128,34,5552,0,0.0,0.0,0,0.0,0.0,false
yellow_trip_hourly,42,history,history_gt_128,35,5552,1248,0.056195965417867436,0.22478386167146974,438,0.07889048991354466,0.12575131270270318,true
yellow_trip_hourly,42,history,history_gt_128,36,5552,0,0.0,0.0,0,0.0,0.0,false
yellow_trip_hourly,42,history,history_gt_128,37,5552,1941,0.08740093659942363,0.34960374639769454,1545,0.2782780979827089,0.40685341608917386,true
yellow_trip_hourly,42,history,history_gt_128,38,5552,1014,0.045659221902017294,0.18263688760806918,0,0.0,0.5003503918118731,true
yellow_trip_hourly,42,history,history_gt_128,39,5552,0,0.0,0.0,0,0.0,0.0,false
yellow_trip_hourly,42,history,history_gt_128,40,5552,59,0.0026567002881844382,0.010626801152737753,8,0.001440922190201729,0.12517026597160405,true
yellow_trip_hourly,42,history,history_gt_128,41,5552,0,0.0,0.0,0,0.0,0.0,false
yellow_trip_hourly,42,history,history_gt_128,42,5552,0,0.0,0.0,0,0.0,0.0,false
yellow_trip_hourly,42,history,history_gt_128,43,5552,0,0.0,0.0,0,0.0,0.0,false
yellow_trip_hourly,42,history,history_gt_128,44,5552,932,0.04196685878962536,0.16786743515850144,15,0.002701729106628242,0.40175653137106754,true
yellow_trip_hourly,42,history,history_gt_128,45,5552,0,0.0,0.0,0,0.0,0.0,false
yellow_trip_hourly,42,history,history_gt_128,46,5552,12,0.0005403458213256485,0.002161383285302594,0,0.0,0.15264991546670595,true
yellow_trip_hourly,42,history,history_gt_128,47,5552,0,0.0,0.0,0,0.0,0.0,false
yellow_trip_hourly,42,history,history_gt_128,48,5552,0,0.0,0.0,0,0.0,0.0,false
yellow_trip_hourly,42,history,history_gt_128,49,5552,0,0.0,0.0,0,0.0,0.0,false
yellow_trip_hourly,42,history,history_gt_128,50,5552,0,0.0,0.0,0,0.0,0.0,false
yellow_trip_hourly,42,history,history_gt_128,51,5552,1506,0.06781340057636888,0.2712536023054755,129,0.023234870317002883,0.46035436483453784,true
yellow_trip_hourly,42,history,history_gt_128,52,5552,0,0.0,0.0,0,0.0,0.0,false
yellow_trip_hourly,42,history,history_gt_128,53,5552,969,0.04363292507204611,0.17453170028818443,171,0.03079971181556196,0.4910617384932728,true
yellow_trip_hourly,42,history,history_gt_128,54,5552,0,0.0,0.0,0,0.0,0.0,false
yellow_trip_hourly,42,history,history_gt_128,55,5552,333,0.014994596541786743,0.05997838616714697,0,0.0,0.0987646498748132,true
yellow_trip_hourly,42,history,history_gt_128,56,5552,0,0.0,0.0,0,0.0,0.0,false
yellow_trip_hourly,42,history,history_gt_128,57,5552,0,0.0,0.0,0,0.0,0.0,false
yellow_trip_hourly,42,history,history_gt_128,58,5552,0,0.0,0.0,0,0.0,0.0,false
yellow_trip_hourly,42,history,history_gt_128,59,5552,0,0.0,0.0,0,0.0,0.0,false
yellow_trip_hourly,42,history,history_gt_128,60,5552,35,0.0015760086455331413,0.006304034582132565,0,0.0,0.10503255235297339,true
yellow_trip_hourly,42,history,history_gt_128,61,5552,1885,0.0848793227665706,0.3395172910662824,0,0.0,0.3114371588992187,true
yellow_trip_hourly,42,history,history_gt_128,62,5552,562,0.025306195965417867,0.10122478386167147,81,0.014589337175792506,0.10467859532591287,true
yellow_trip_hourly,42,history,history_gt_128,63,5552,1282,0.05772694524495677,0.2309077809798271,0,0.0,0.20555756812371814,true
yellow_trip_hourly,42,history,history_le_64,0,1241,0,0.0,0.0,0,0.0,0.0,false
yellow_trip_hourly,42,history,history_le_64,1,1241,0,0.0,0.0,0,0.0,0.0,false
yellow_trip_hourly,42,history,history_le_64,2,1241,0,0.0,0.0,0,0.0,0.0,false
yellow_trip_hourly,42,history,history_le_64,3,1241,0,0.0,0.0,0,0.0,0.0,false
yellow_trip_hourly,42,history,history_le_64,4,1241,0,0.0,0.0,0,0.0,0.0,false
yellow_trip_hourly,42,history,history_le_64,5,1241,0,0.0,0.0,0,0.0,0.0,false
yellow_trip_hourly,42,history,history_le_64,6,1241,0,0.0,0.0,0,0.0,0.0,false
yellow_trip_hourly,42,history,history_le_64,7,1241,0,0.0,0.0,0,0.0,0.0,false
yellow_trip_hourly,42,history,history_le_64,8,1241,0,0.0,0.0,0,0.0,0.0,false
yellow_trip_hourly,42,history,history_le_64,9,1241,0,0.0,0.0,0,0.0,0.0,false
yellow_trip_hourly,42,history,history_le_64,10,1241,0,0.0,0.0,0,0.0,0.0,false
yellow_trip_hourly,42,history,history_le_64,11,1241,0,0.0,0.0,0,0.0,0.0,false
yellow_trip_hourly,42,history,history_le_64,12,1241,0,0.0,0.0,0,0.0,0.0,false
yellow_trip_hourly,42,history,history_le_64,13,1241,0,0.0,0.0,0,0.0,0.0,false
yellow_trip_hourly,42,history,history_le_64,14,1241,0,0.0,0.0,0,0.0,0.0,false
yellow_trip_hourly,42,history,history_le_64,15,1241,0,0.0,0.0,0,0.0,0.0,false
yellow_trip_hourly,42,history,history_le_64,16,1241,0,0.0,0.0,0,0.0,0.0,false
yellow_trip_hourly,42,history,history_le_64,17,1241,0,0.0,0.0,0,0.0,0.0,false
yellow_trip_hourly,42,history,history_le_64,18,1241,0,0.0,0.0,0,0.0,0.0,false
yellow_trip_hourly,42,history,history_le_64,19,1241,0,0.0,0.0,0,0.0,0.0,false
yellow_trip_hourly,42,history,history_le_64,20,1241,0,0.0,0.0,0,0.0,0.0,false
yellow_trip_hourly,42,history,history_le_64,21,1241,0,0.0,0.0,0,0.0,0.0,false
yellow_trip_hourly,42,history,history_le_64,22,1241,0,0.0,0.0,0,0.0,0.0,false
yellow_trip_hourly,42,history,history_le_64,23,1241,0,0.0,0.0,0,0.0,0.0,false
yellow_trip_hourly,42,history,history_le_64,24,1241,0,0.0,0.0,0,0.0,0.0,false
yellow_trip_hourly,42,history,history_le_64,25,1241,0,0.0,0.0,0,0.0,0.0,false
yellow_trip_hourly,42,history,history_le_64,26,1241,1097,0.2209911361804996,0.8839645447219984,924,0.7445608380338437,0.7704945121337418,true
yellow_trip_hourly,42,history,history_le_64,27,1241,0,0.0,0.0,0,0.0,0.0,false
yellow_trip_hourly,42,history,history_le_64,28,1241,0,0.0,0.0,0,0.0,0.0,false
yellow_trip_hourly,42,history,history_le_64,29,1241,0,0.0,0.0,0,0.0,0.0,false
yellow_trip_hourly,42,history,history_le_64,30,1241,1229,0.2475825946817083,0.9903303787268332,60,0.048348106365834004,0.6952824321968756,true
yellow_trip_hourly,42,history,history_le_64,31,1241,0,0.0,0.0,0,0.0,0.0,false
yellow_trip_hourly,42,history,history_le_64,32,1241,0,0.0,0.0,0,0.0,0.0,false
yellow_trip_hourly,42,history,history_le_64,33,1241,0,0.0,0.0,0,0.0,0.0,false
yellow_trip_hourly,42,history,history_le_64,34,1241,0,0.0,0.0,0,0.0,0.0,false
yellow_trip_hourly,42,history,history_le_64,35,1241,0,0.0,0.0,0,0.0,0.0,false
yellow_trip_hourly,42,history,history_le_64,36,1241,0,0.0,0.0,0,0.0,0.0,false
yellow_trip_hourly,42,history,history_le_64,37,1241,0,0.0,0.0,0,0.0,0.0,false
yellow_trip_hourly,42,history,history_le_64,38,1241,1210,0.24375503626107978,0.9750201450443191,5,0.0040290088638195,0.6454254805549117,true
yellow_trip_hourly,42,history,history_le_64,39,1241,0,0.0,0.0,0,0.0,0.0,false
yellow_trip_hourly,42,history,history_le_64,40,1241,0,0.0,0.0,0,0.0,0.0,false
yellow_trip_hourly,42,history,history_le_64,41,1241,0,0.0,0.0,0,0.0,0.0,false
yellow_trip_hourly,42,history,history_le_64,42,1241,0,0.0,0.0,0,0.0,0.0,false
yellow_trip_hourly,42,history,history_le_64,43,1241,0,0.0,0.0,0,0.0,0.0,false
yellow_trip_hourly,42,history,history_le_64,44,1241,190,0.038275584206285254,0.15310233682514102,0,0.0,0.667467873347433,true
yellow_trip_hourly,42,history,history_le_64,45,1241,0,0.0,0.0,0,0.0,0.0,false
yellow_trip_hourly,42,history,history_le_64,46,1241,0,0.0,0.0,0,0.0,0.0,false
yellow_trip_hourly,42,history,history_le_64,47,1241,0,0.0,0.0,0,0.0,0.0,false
yellow_trip_hourly,42,history,history_le_64,48,1241,0,0.0,0.0,0,0.0,0.0,false
yellow_trip_hourly,42,history,history_le_64,49,1241,0,0.0,0.0,0,0.0,0.0,false
yellow_trip_hourly,42,history,history_le_64,50,1241,0,0.0,0.0,0,0.0,0.0,false
yellow_trip_hourly,42,history,history_le_64,51,1241,12,0.0024174053182917004,0.009669621273166801,0,0.0,0.6190750251213709,true
yellow_trip_hourly,42,history,history_le_64,52,1241,0,0.0,0.0,0,0.0,0.0,false
yellow_trip_hourly,42,history,history_le_64,53,1241,1226,0.24697824335213536,0.9879129734085415,252,0.20306204673650283,0.6755965326777484,true
yellow_trip_hourly,42,history,history_le_64,54,1241,0,0.0,0.0,0,0.0,0.0,false
yellow_trip_hourly,42,history,history_le_64,55,1241,0,0.0,0.0,0,0.0,0.0,false
yellow_trip_hourly,42,history,history_le_64,56,1241,0,0.0,0.0,0,0.0,0.0,false
yellow_trip_hourly,42,history,history_le_64,57,1241,0,0.0,0.0,0,0.0,0.0,false
yellow_trip_hourly,42,history,history_le_64,58,1241,0,0.0,0.0,0,0.0,0.0,false
yellow_trip_hourly,42,history,history_le_64,59,1241,0,0.0,0.0,0,0.0,0.0,false
yellow_trip_hourly,42,history,history_le_64,60,1241,0,0.0,0.0,0,0.0,0.0,false
yellow_trip_hourly,42,history,history_le_64,61,1241,0,0.0,0.0,0,0.0,0.0,false
yellow_trip_hourly,42,history,history_le_64,62,1241,0,0.0,0.0,0,0.0,0.0,false
yellow_trip_hourly,42,history,history_le_64,63,1241,0,0.0,0.0,0,0.0,0.0,false
yellow_trip_hourly,42,overall,overall,0,8268,0,0.0,0.0,0,0.0,0.0,false
yellow_trip_hourly,42,overall,overall,1,8268,0,0.0,0.0,0,0.0,0.0,false
yellow_trip_hourly,42,overall,overall,2,8268,0,0.0,0.0,0,0.0,0.0,false
yellow_trip_hourly,42,overall,overall,3,8268,720,0.02177068214804064,0.08708272859216255,177,0.021407837445573296,0.1064280781791442,true
yellow_trip_hourly,42,overall,overall,4,8268,0,0.0,0.0,0,0.0,0.0,false
yellow_trip_hourly,42,overall,overall,5,8268,0,0.0,0.0,0,0.0,0.0,false
yellow_trip_hourly,42,overall,overall,6,8268,0,0.0,0.0,0,0.0,0.0,false
yellow_trip_hourly,42,overall,overall,7,8268,0,0.0,0.0,0,0.0,0.0,false
yellow_trip_hourly,42,overall,overall,8,8268,966,0.02920899854862119,0.11683599419448476,0,0.0,0.3276231394729752,true
yellow_trip_hourly,42,overall,overall,9,8268,12,0.000362844702467344,0.001451378809869376,0,0.0,0.10638425437112649,true
yellow_trip_hourly,42,overall,overall,10,8268,0,0.0,0.0,0,0.0,0.0,false
yellow_trip_hourly,42,overall,overall,11,8268,2649,0.08009796806966618,0.3203918722786647,788,0.09530720851475569,0.2762818300879285,true
yellow_trip_hourly,42,overall,overall,12,8268,729,0.022042815674891147,0.08817126269956459,12,0.001451378809869376,0.1927979657699869,true
yellow_trip_hourly,42,overall,overall,13,8268,0,0.0,0.0,0,0.0,0.0,false
yellow_trip_hourly,42,overall,overall,14,8268,0,0.0,0.0,0,0.0,0.0,false
yellow_trip_hourly,42,overall,overall,15,8268,0,0.0,0.0,0,0.0,0.0,false
yellow_trip_hourly,42,overall,overall,16,8268,0,0.0,0.0,0,0.0,0.0,false
yellow_trip_hourly,42,overall,overall,17,8268,0,0.0,0.0,0,0.0,0.0,false
yellow_trip_hourly,42,overall,overall,18,8268,1316,0.03979196903725206,0.15916787614900824,300,0.036284470246734396,0.2938683240088467,true
yellow_trip_hourly,42,overall,overall,19,8268,81,0.0024492017416545718,0.009796806966618287,0,0.0,0.09236820897570362,true
yellow_trip_hourly,42,overall,overall,20,8268,0,0.0,0.0,0,0.0,0.0,false
yellow_trip_hourly,42,overall,overall,21,8268,32,0.0009675858732462506,0.0038703434929850023,0,0.0,0.10810346761718392,true
yellow_trip_hourly,42,overall,overall,22,8268,0,0.0,0.0,0,0.0,0.0,false
yellow_trip_hourly,42,overall,overall,23,8268,0,0.0,0.0,0,0.0,0.0,false
yellow_trip_hourly,42,overall,overall,24,8268,0,0.0,0.0,0,0.0,0.0,false
yellow_trip_hourly,42,overall,overall,25,8268,0,0.0,0.0,0,0.0,0.0,false
yellow_trip_hourly,42,overall,overall,26,8268,1156,0.0349540396710208,0.1398161586840832,942,0.11393323657474601,0.7674472301579677,true
yellow_trip_hourly,42,overall,overall,27,8268,0,0.0,0.0,0,0.0,0.0,false
yellow_trip_hourly,42,overall,overall,28,8268,937,0.028332123850991774,0.1133284954039671,258,0.031204644412191583,0.10689635888107812,true
yellow_trip_hourly,42,overall,overall,29,8268,0,0.0,0.0,0,0.0,0.0,false
yellow_trip_hourly,42,overall,overall,30,8268,1643,0.049679487179487176,0.1987179487179487,141,0.017053701015965168,0.6937555418969361,true
yellow_trip_hourly,42,overall,overall,31,8268,2525,0.07634857281083696,0.3053942912433478,1614,0.19521044992743106,0.28799127089210075,true
yellow_trip_hourly,42,overall,overall,32,8268,547,0.016539671020803098,0.06615868408321239,25,0.003023705853894533,0.13143325114871293,true
yellow_trip_hourly,42,overall,overall,33,8268,0,0.0,0.0,0,0.0,0.0,false
yellow_trip_hourly,42,overall,overall,34,8268,0,0.0,0.0,0,0.0,0.0,false
yellow_trip_hourly,42,overall,overall,35,8268,1261,0.03812893081761006,0.15251572327044025,446,0.05394291243347847,0.12598609425050697,true
yellow_trip_hourly,42,overall,overall,36,8268,0,0.0,0.0,0,0.0,0.0,false
yellow_trip_hourly,42,overall,overall,37,8268,2245,0.06788219641993228,0.2715287856797291,1714,0.2073052733430092,0.4203499007198487,true
yellow_trip_hourly,42,overall,overall,38,8268,3640,0.11006289308176101,0.44025157232704404,68,0.00822447992259313,0.5953619350853202,true
yellow_trip_hourly,42,overall,overall,39,8268,0,0.0,0.0,0,0.0,0.0,false
yellow_trip_hourly,42,overall,overall,40,8268,59,0.0017839864537977745,0.007135945815191098,8,0.0009675858732462506,0.12517026597160405,true
yellow_trip_hourly,42,overall,overall,41,8268,0,0.0,0.0,0,0.0,0.0,false
yellow_trip_hourly,42,overall,overall,42,8268,0,0.0,0.0,0,0.0,0.0,false
yellow_trip_hourly,42,overall,overall,43,8268,0,0.0,0.0,0,0.0,0.0,false
yellow_trip_hourly,42,overall,overall,44,8268,2294,0.06936381228834058,0.27745524915336234,75,0.009071117561683599,0.5425590121665517,true
yellow_trip_hourly,42,overall,overall,45,8268,0,0.0,0.0,0,0.0,0.0,false
yellow_trip_hourly,42,overall,overall,46,8268,12,0.000362844702467344,0.001451378809869376,0,0.0,0.15264991546670595,true
yellow_trip_hourly,42,overall,overall,47,8268,0,0.0,0.0,0,0.0,0.0,false
yellow_trip_hourly,42,overall,overall,48,8268,0,0.0,0.0,0,0.0,0.0,false
yellow_trip_hourly,42,overall,overall,49,8268,0,0.0,0.0,0,0.0,0.0,false
yellow_trip_hourly,42,overall,overall,50,8268,0,0.0,0.0,0,0.0,0.0,false
yellow_trip_hourly,42,overall,overall,51,8268,2584,0.07813255926463473,0.31253023705853894,291,0.03519593613933237,0.5150731829147867,true
yellow_trip_hourly,42,overall,overall,52,8268,0,0.0,0.0,0,0.0,0.0,false
yellow_trip_hourly,42,overall,overall,53,8268,3555,0.10749274310595065,0.4299709724238026,1328,0.1606192549588776,0.610548903905222,true
yellow_trip_hourly,42,overall,overall,54,8268,0,0.0,0.0,0,0.0,0.0,false
yellow_trip_hourly,42,overall,overall,55,8268,342,0.010341074020319304,0.041364296081277216,0,0.0,0.09918676602125864,true
yellow_trip_hourly,42,overall,overall,56,8268,0,0.0,0.0,0,0.0,0.0,false
yellow_trip_hourly,42,overall,overall,57,8268,0,0.0,0.0,0,0.0,0.0,false
yellow_trip_hourly,42,overall,overall,58,8268,0,0.0,0.0,0,0.0,0.0,false
yellow_trip_hourly,42,overall,overall,59,8268,0,0.0,0.0,0,0.0,0.0,false
yellow_trip_hourly,42,overall,overall,60,8268,35,0.0010582970488630867,0.004233188195452347,0,0.0,0.10503255235297339,true
yellow_trip_hourly,42,overall,overall,61,8268,1885,0.05699685534591195,0.2279874213836478,0,0.0,0.3114371588992187,true
yellow_trip_hourly,42,overall,overall,62,8268,563,0.01702346395742622,0.06809385582970488,81,0.009796806966618287,0.10468644425140604,true
yellow_trip_hourly,42,overall,overall,63,8268,1284,0.038824383164005806,0.15529753265602322,0,0.0,0.20548212311790554,true
yellow_trip_hourly,42,quantity,gt_p99,0,79,0,0.0,0.0,0,0.0,0.0,false
yellow_trip_hourly,42,quantity,gt_p99,1,79,0,0.0,0.0,0,0.0,0.0,false
yellow_trip_hourly,42,quantity,gt_p99,2,79,0,0.0,0.0,0,0.0,0.0,false
yellow_trip_hourly,42,quantity,gt_p99,3,79,0,0.0,0.0,0,0.0,0.0,false
yellow_trip_hourly,42,quantity,gt_p99,4,79,0,0.0,0.0,0,0.0,0.0,false
yellow_trip_hourly,42,quantity,gt_p99,5,79,0,0.0,0.0,0,0.0,0.0,false
yellow_trip_hourly,42,quantity,gt_p99,6,79,0,0.0,0.0,0,0.0,0.0,false
yellow_trip_hourly,42,quantity,gt_p99,7,79,0,0.0,0.0,0,0.0,0.0,false
yellow_trip_hourly,42,quantity,gt_p99,8,79,79,0.25,1.0,0,0.0,0.3589720073380048,true
yellow_trip_hourly,42,quantity,gt_p99,9,79,0,0.0,0.0,0,0.0,0.0,false
yellow_trip_hourly,42,quantity,gt_p99,10,79,0,0.0,0.0,0,0.0,0.0,false
yellow_trip_hourly,42,quantity,gt_p99,11,79,79,0.25,1.0,0,0.0,0.3882323850559283,true
yellow_trip_hourly,42,quantity,gt_p99,12,79,0,0.0,0.0,0,0.0,0.0,false
yellow_trip_hourly,42,quantity,gt_p99,13,79,0,0.0,0.0,0,0.0,0.0,false
yellow_trip_hourly,42,quantity,gt_p99,14,79,0,0.0,0.0,0,0.0,0.0,false
yellow_trip_hourly,42,quantity,gt_p99,15,79,0,0.0,0.0,0,0.0,0.0,false
yellow_trip_hourly,42,quantity,gt_p99,16,79,0,0.0,0.0,0,0.0,0.0,false
yellow_trip_hourly,42,quantity,gt_p99,17,79,0,0.0,0.0,0,0.0,0.0,false
yellow_trip_hourly,42,quantity,gt_p99,18,79,0,0.0,0.0,0,0.0,0.0,false
yellow_trip_hourly,42,quantity,gt_p99,19,79,0,0.0,0.0,0,0.0,0.0,false
yellow_trip_hourly,42,quantity,gt_p99,20,79,0,0.0,0.0,0,0.0,0.0,false
yellow_trip_hourly,42,quantity,gt_p99,21,79,0,0.0,0.0,0,0.0,0.0,false
yellow_trip_hourly,42,quantity,gt_p99,22,79,0,0.0,0.0,0,0.0,0.0,false
yellow_trip_hourly,42,quantity,gt_p99,23,79,0,0.0,0.0,0,0.0,0.0,false
yellow_trip_hourly,42,quantity,gt_p99,24,79,0,0.0,0.0,0,0.0,0.0,false
yellow_trip_hourly,42,quantity,gt_p99,25,79,0,0.0,0.0,0,0.0,0.0,false
yellow_trip_hourly,42,quantity,gt_p99,26,79,0,0.0,0.0,0,0.0,0.0,false
yellow_trip_hourly,42,quantity,gt_p99,27,79,0,0.0,0.0,0,0.0,0.0,false
yellow_trip_hourly,42,quantity,gt_p99,28,79,0,0.0,0.0,0,0.0,0.0,false
yellow_trip_hourly,42,quantity,gt_p99,29,79,0,0.0,0.0,0,0.0,0.0,false
yellow_trip_hourly,42,quantity,gt_p99,30,79,0,0.0,0.0,0,0.0,0.0,false
yellow_trip_hourly,42,quantity,gt_p99,31,79,79,0.25,1.0,79,1.0,0.4049478184573258,true
yellow_trip_hourly,42,quantity,gt_p99,32,79,0,0.0,0.0,0,0.0,0.0,false
yellow_trip_hourly,42,quantity,gt_p99,33,79,0,0.0,0.0,0,0.0,0.0,false
yellow_trip_hourly,42,quantity,gt_p99,34,79,0,0.0,0.0,0,0.0,0.0,false
yellow_trip_hourly,42,quantity,gt_p99,35,79,0,0.0,0.0,0,0.0,0.0,false
yellow_trip_hourly,42,quantity,gt_p99,36,79,0,0.0,0.0,0,0.0,0.0,false
yellow_trip_hourly,42,quantity,gt_p99,37,79,0,0.0,0.0,0,0.0,0.0,false
yellow_trip_hourly,42,quantity,gt_p99,38,79,0,0.0,0.0,0,0.0,0.0,false
yellow_trip_hourly,42,quantity,gt_p99,39,79,0,0.0,0.0,0,0.0,0.0,false
yellow_trip_hourly,42,quantity,gt_p99,40,79,0,0.0,0.0,0,0.0,0.0,false
yellow_trip_hourly,42,quantity,gt_p99,41,79,0,0.0,0.0,0,0.0,0.0,false
yellow_trip_hourly,42,quantity,gt_p99,42,79,0,0.0,0.0,0,0.0,0.0,false
yellow_trip_hourly,42,quantity,gt_p99,43,79,0,0.0,0.0,0,0.0,0.0,false
yellow_trip_hourly,42,quantity,gt_p99,44,79,0,0.0,0.0,0,0.0,0.0,false
yellow_trip_hourly,42,quantity,gt_p99,45,79,0,0.0,0.0,0,0.0,0.0,false
yellow_trip_hourly,42,quantity,gt_p99,46,79,0,0.0,0.0,0,0.0,0.0,false
yellow_trip_hourly,42,quantity,gt_p99,47,79,0,0.0,0.0,0,0.0,0.0,false
yellow_trip_hourly,42,quantity,gt_p99,48,79,0,0.0,0.0,0,0.0,0.0,false
yellow_trip_hourly,42,quantity,gt_p99,49,79,0,0.0,0.0,0,0.0,0.0,false
yellow_trip_hourly,42,quantity,gt_p99,50,79,0,0.0,0.0,0,0.0,0.0,false
yellow_trip_hourly,42,quantity,gt_p99,51,79,0,0.0,0.0,0,0.0,0.0,false
yellow_trip_hourly,42,quantity,gt_p99,52,79,0,0.0,0.0,0,0.0,0.0,false
yellow_trip_hourly,42,quantity,gt_p99,53,79,0,0.0,0.0,0,0.0,0.0,false
yellow_trip_hourly,42,quantity,gt_p99,54,79,0,0.0,0.0,0,0.0,0.0,false
yellow_trip_hourly,42,quantity,gt_p99,55,79,0,0.0,0.0,0,0.0,0.0,false
yellow_trip_hourly,42,quantity,gt_p99,56,79,0,0.0,0.0,0,0.0,0.0,false
yellow_trip_hourly,42,quantity,gt_p99,57,79,0,0.0,0.0,0,0.0,0.0,false
yellow_trip_hourly,42,quantity,gt_p99,58,79,0,0.0,0.0,0,0.0,0.0,false
yellow_trip_hourly,42,quantity,gt_p99,59,79,0,0.0,0.0,0,0.0,0.0,false
yellow_trip_hourly,42,quantity,gt_p99,60,79,0,0.0,0.0,0,0.0,0.0,false
yellow_trip_hourly,42,quantity,gt_p99,61,79,79,0.25,1.0,0,0.0,0.39892552359194694,true
yellow_trip_hourly,42,quantity,gt_p99,62,79,0,0.0,0.0,0,0.0,0.0,false
yellow_trip_hourly,42,quantity,gt_p99,63,79,0,0.0,0.0,0,0.0,0.0,false
yellow_trip_hourly,42,quantity,le_p50,0,4364,0,0.0,0.0,0,0.0,0.0,false
yellow_trip_hourly,42,quantity,le_p50,1,4364,0,0.0,0.0,0,0.0,0.0,false
yellow_trip_hourly,42,quantity,le_p50,2,4364,0,0.0,0.0,0,0.0,0.0,false
yellow_trip_hourly,42,quantity,le_p50,3,4364,28,0.0016040329972502293,0.006416131989000917,9,0.002062328139321723,0.11672841145523957,true
yellow_trip_hourly,42,quantity,le_p50,4,4364,0,0.0,0.0,0,0.0,0.0,false
yellow_trip_hourly,42,quantity,le_p50,5,4364,0,0.0,0.0,0,0.0,0.0,false
yellow_trip_hourly,42,quantity,le_p50,6,4364,0,0.0,0.0,0,0.0,0.0,false
yellow_trip_hourly,42,quantity,le_p50,7,4364,0,0.0,0.0,0,0.0,0.0,false
yellow_trip_hourly,42,quantity,le_p50,8,4364,0,0.0,0.0,0,0.0,0.0,false
yellow_trip_hourly,42,quantity,le_p50,9,4364,0,0.0,0.0,0,0.0,0.0,false
yellow_trip_hourly,42,quantity,le_p50,10,4364,0,0.0,0.0,0,0.0,0.0,false
yellow_trip_hourly,42,quantity,le_p50,11,4364,15,0.0008593033913840513,0.0034372135655362053,9,0.002062328139321723,0.13150098075469335,true
yellow_trip_hourly,42,quantity,le_p50,12,4364,272,0.015582034830430797,0.06232813932172319,0,0.0,0.22210173607420394,true
yellow_trip_hourly,42,quantity,le_p50,13,4364,0,0.0,0.0,0,0.0,0.0,false
yellow_trip_hourly,42,quantity,le_p50,14,4364,0,0.0,0.0,0,0.0,0.0,false
yellow_trip_hourly,42,quantity,le_p50,15,4364,0,0.0,0.0,0,0.0,0.0,false
yellow_trip_hourly,42,quantity,le_p50,16,4364,0,0.0,0.0,0,0.0,0.0,false
yellow_trip_hourly,42,quantity,le_p50,17,4364,0,0.0,0.0,0,0.0,0.0,false
yellow_trip_hourly,42,quantity,le_p50,18,4364,765,0.04382447296058662,0.17529789184234648,63,0.014436296975252063,0.3364382666018274,true
yellow_trip_hourly,42,quantity,le_p50,19,4364,18,0.0010311640696608615,0.004124656278643446,0,0.0,0.09104724890655941,true
yellow_trip_hourly,42,quantity,le_p50,20,4364,0,0.0,0.0,0,0.0,0.0,false
yellow_trip_hourly,42,quantity,le_p50,21,4364,0,0.0,0.0,0,0.0,0.0,false
yellow_trip_hourly,42,quantity,le_p50,22,4364,0,0.0,0.0,0,0.0,0.0,false
yellow_trip_hourly,42,quantity,le_p50,23,4364,0,0.0,0.0,0,0.0,0.0,false
yellow_trip_hourly,42,quantity,le_p50,24,4364,0,0.0,0.0,0,0.0,0.0,false
yellow_trip_hourly,42,quantity,le_p50,25,4364,0,0.0,0.0,0,0.0,0.0,false
yellow_trip_hourly,42,quantity,le_p50,26,4364,1155,0.06616636113657196,0.2646654445462878,941,0.21562786434463796,0.7674779705154947,true
yellow_trip_hourly,42,quantity,le_p50,27,4364,0,0.0,0.0,0,0.0,0.0,false
yellow_trip_hourly,42,quantity,le_p50,28,4364,51,0.0029216315307057745,0.011686526122823098,24,0.005499541704857928,0.1139371395111084,true
yellow_trip_hourly,42,quantity,le_p50,29,4364,0,0.0,0.0,0,0.0,0.0,false
yellow_trip_hourly,42,quantity,le_p50,30,4364,1642,0.09406507791017416,0.3762603116406966,141,0.03230980751604033,0.6937435147024682,true
yellow_trip_hourly,42,quantity,le_p50,31,4364,9,0.0005155820348304307,0.002062328139321723,0,0.0,0.13713104277849197,true
yellow_trip_hourly,42,quantity,le_p50,32,4364,85,0.004869385884509624,0.019477543538038496,4,0.0009165902841429881,0.15141546901534586,true
yellow_trip_hourly,42,quantity,le_p50,33,4364,0,0.0,0.0,0,0.0,0.0,false
yellow_trip_hourly,42,quantity,le_p50,34,4364,0,0.0,0.0,0,0.0,0.0,false
yellow_trip_hourly,42,quantity,le_p50,35,4364,30,0.0017186067827681026,0.0068744271310724105,7,0.0016040329972502293,0.11304716070493062,true
yellow_trip_hourly,42,quantity,le_p50,36,4364,0,0.0,0.0,0,0.0,0.0,false
yellow_trip_hourly,42,quantity,le_p50,37,4364,1731,0.09916361136571952,0.3966544454628781,1407,0.32241063244729606,0.4603579372107328,true
yellow_trip_hourly,42,quantity,le_p50,38,4364,3560,0.20394133822181484,0.8157653528872594,63,0.014436296975252063,0.5985363835950246,true
yellow_trip_hourly,42,quantity,le_p50,39,4364,0,0.0,0.0,0,0.0,0.0,false
yellow_trip_hourly,42,quantity,le_p50,40,4364,31,0.0017758936755270394,0.007103574702108158,7,0.0016040329972502293,0.12959308153198612,true
yellow_trip_hourly,42,quantity,le_p50,41,4364,0,0.0,0.0,0,0.0,0.0,false
yellow_trip_hourly,42,quantity,le_p50,42,4364,0,0.0,0.0,0,0.0,0.0,false
yellow_trip_hourly,42,quantity,le_p50,43,4364,0,0.0,0.0,0,0.0,0.0,false
yellow_trip_hourly,42,quantity,le_p50,44,4364,2140,0.12259395050412465,0.4903758020164986,75,0.017186067827681027,0.559188644908299,true
yellow_trip_hourly,42,quantity,le_p50,45,4364,0,0.0,0.0,0,0.0,0.0,false
yellow_trip_hourly,42,quantity,le_p50,46,4364,4,0.00022914757103574703,0.0009165902841429881,0,0.0,0.16899452358484268,true
yellow_trip_hourly,42,quantity,le_p50,47,4364,0,0.0,0.0,0,0.0,0.0,false
yellow_trip_hourly,42,quantity,le_p50,48,4364,0,0.0,0.0,0,0.0,0.0,false
yellow_trip_hourly,42,quantity,le_p50,49,4364,0,0.0,0.0,0,0.0,0.0,false
yellow_trip_hourly,42,quantity,le_p50,50,4364,0,0.0,0.0,0,0.0,0.0,false
yellow_trip_hourly,42,quantity,le_p50,51,4364,2392,0.13703024747937673,0.5481209899175069,288,0.06599450045829514,0.5260880541766567,true
yellow_trip_hourly,42,quantity,le_p50,52,4364,0,0.0,0.0,0,0.0,0.0,false
yellow_trip_hourly,42,quantity,le_p50,53,4364,3468,0.19867094408799266,0.7946837763519706,1319,0.3022456461961503,0.6148870534799572,true
yellow_trip_hourly,42,quantity,le_p50,54,4364,0,0.0,0.0,0,0.0,0.0,false
yellow_trip_hourly,42,quantity,le_p50,55,4364,9,0.0005155820348304307,0.002062328139321723,0,0.0,0.11280405521392822,true
yellow_trip_hourly,42,quantity,le_p50,56,4364,0,0.0,0.0,0,0.0,0.0,false
yellow_trip_hourly,42,quantity,le_p50,57,4364,0,0.0,0.0,0,0.0,0.0,false
yellow_trip_hourly,42,quantity,le_p50,58,4364,0,0.0,0.0,0,0.0,0.0,false
yellow_trip_hourly,42,quantity,le_p50,59,4364,0,0.0,0.0,0,0.0,0.0,false
yellow_trip_hourly,42,quantity,le_p50,60,4364,0,0.0,0.0,0,0.0,0.0,false
yellow_trip_hourly,42,quantity,le_p50,61,4364,1,0.00005728689275893676,0.00022914757103574703,0,0.0,0.17184226214885712,true
yellow_trip_hourly,42,quantity,le_p50,62,4364,48,0.002749770852428964,0.010999083409715857,7,0.0016040329972502293,0.10892414984603722,true
yellow_trip_hourly,42,quantity,le_p50,63,4364,2,0.00011457378551787351,0.00045829514207149406,0,0.0,0.12873240560293198,true
yellow_trip_hourly,42,quantity,p50_p90,0,3138,0,0.0,0.0,0,0.0,0.0,false
yellow_trip_hourly,42,quantity,p50_p90,1,3138,0,0.0,0.0,0,0.0,0.0,false
yellow_trip_hourly,42,quantity,p50_p90,2,3138,0,0.0,0.0,0,0.0,0.0,false
yellow_trip_hourly,42,quantity,p50_p90,3,3138,692,0.055130656469088594,0.22052262587635438,168,0.05353728489483748,0.10601130168820393,true
yellow_trip_hourly,42,quantity,p50_p90,4,3138,0,0.0,0.0,0,0.0,0.0,false
yellow_trip_hourly,42,quantity,p50_p90,5,3138,0,0.0,0.0,0,0.0,0.0,false
yellow_trip_hourly,42,quantity,p50_p90,6,3138,0,0.0,0.0,0,0.0,0.0,false
yellow_trip_hourly,42,quantity,p50_p90,7,3138,0,0.0,0.0,0,0.0,0.0,false
yellow_trip_hourly,42,quantity,p50_p90,8,3138,211,0.016810070108349267,0.06724028043339707,0,0.0,0.30126923463920846,true
yellow_trip_hourly,42,quantity,p50_p90,9,3138,12,0.0009560229445506692,0.0038240917782026767,0,0.0,0.10638425437112649,true
yellow_trip_hourly,42,quantity,p50_p90,10,3138,0,0.0,0.0,0,0.0,0.0,false
yellow_trip_hourly,42,quantity,p50_p90,11,3138,1868,0.14882090503505419,0.5952836201402167,779,0.24824729126832376,0.23798525159105627,true
yellow_trip_hourly,42,quantity,p50_p90,12,3138,457,0.03640854047163799,0.14563416188655195,12,0.0038240917782026767,0.17535677206594522,true
yellow_trip_hourly,42,quantity,p50_p90,13,3138,0,0.0,0.0,0,0.0,0.0,false
yellow_trip_hourly,42,quantity,p50_p90,14,3138,0,0.0,0.0,0,0.0,0.0,false
yellow_trip_hourly,42,quantity,p50_p90,15,3138,0,0.0,0.0,0,0.0,0.0,false
yellow_trip_hourly,42,quantity,p50_p90,16,3138,0,0.0,0.0,0,0.0,0.0,false
yellow_trip_hourly,42,quantity,p50_p90,17,3138,0,0.0,0.0,0,0.0,0.0,false
yellow_trip_hourly,42,quantity,p50_p90,18,3138,551,0.04389738687061823,0.1755895474824729,237,0.07552581261950286,0.23476486469191346,true
yellow_trip_hourly,42,quantity,p50_p90,19,3138,63,0.005019120458891013,0.020076481835564052,0,0.0,0.09274562613831626,true
yellow_trip_hourly,42,quantity,p50_p90,20,3138,0,0.0,0.0,0,0.0,0.0,false
yellow_trip_hourly,42,quantity,p50_p90,21,3138,32,0.0025493945188017845,0.010197578075207138,0,0.0,0.10810346761718392,true
yellow_trip_hourly,42,quantity,p50_p90,22,3138,0,0.0,0.0,0,0.0,0.0,false
yellow_trip_hourly,42,quantity,p50_p90,23,3138,0,0.0,0.0,0,0.0,0.0,false
yellow_trip_hourly,42,quantity,p50_p90,24,3138,0,0.0,0.0,0,0.0,0.0,false
yellow_trip_hourly,42,quantity,p50_p90,25,3138,0,0.0,0.0,0,0.0,0.0,false
yellow_trip_hourly,42,quantity,p50_p90,26,3138,1,0.00007966857871255577,0.00031867431485022306,1,0.00031867431485022306,0.7319421172142029,true
yellow_trip_hourly,42,quantity,p50_p90,27,3138,0,0.0,0.0,0,0.0,0.0,false
yellow_trip_hourly,42,quantity,p50_p90,28,3138,886,0.07058636073932441,0.28234544295729763,234,0.0745697896749522,0.10649107692607639,true
yellow_trip_hourly,42,quantity,p50_p90,29,3138,0,0.0,0.0,0,0.0,0.0,false
yellow_trip_hourly,42,quantity,p50_p90,30,3138,1,0.00007966857871255577,0.00031867431485022306,0,0.0,0.7135041952133179,true
yellow_trip_hourly,42,quantity,p50_p90,31,3138,1750,0.1394200127469726,0.5576800509878904,848,0.27023581899298915,0.24564518303530558,true
yellow_trip_hourly,42,quantity,p50_p90,32,3138,462,0.036806883365200764,0.14722753346080306,21,0.006692160611854685,0.12775686907368305,true
yellow_trip_hourly,42,quantity,p50_p90,33,3138,0,0.0,0.0,0,0.0,0.0,false
yellow_trip_hourly,42,quantity,p50_p90,34,3138,0,0.0,0.0,0,0.0,0.0,false
yellow_trip_hourly,42,quantity,p50_p90,35,3138,1231,0.09807202039515615,0.3922880815806246,439,0.13989802421924794,0.1263014216317964,true
yellow_trip_hourly,42,quantity,p50_p90,36,3138,0,0.0,0.0,0,0.0,0.0,false
yellow_trip_hourly,42,quantity,p50_p90,37,3138,514,0.04094964945825366,0.16379859783301465,307,0.09783301465901849,0.28561466498887494,true
yellow_trip_hourly,42,quantity,p50_p90,38,3138,80,0.006373486297004461,0.025493945188017845,5,0.0015933715742511153,0.4540989764034748,true
yellow_trip_hourly,42,quantity,p50_p90,39,3138,0,0.0,0.0,0,0.0,0.0,false
yellow_trip_hourly,42,quantity,p50_p90,40,3138,28,0.0022307202039515616,0.008922880815806247,1,0.00031867431485022306,0.12027357731546674,true
yellow_trip_hourly,42,quantity,p50_p90,41,3138,0,0.0,0.0,0,0.0,0.0,false
yellow_trip_hourly,42,quantity,p50_p90,42,3138,0,0.0,0.0,0,0.0,0.0,false
yellow_trip_hourly,42,quantity,p50_p90,43,3138,0,0.0,0.0,0,0.0,0.0,false
yellow_trip_hourly,42,quantity,p50_p90,44,3138,154,0.012268961121733589,0.049075844486934354,0,0.0,0.31147190783317985,true
yellow_trip_hourly,42,quantity,p50_p90,45,3138,0,0.0,0.0,0,0.0,0.0,false
yellow_trip_hourly,42,quantity,p50_p90,46,3138,8,0.0006373486297004461,0.0025493945188017845,0,0.0,0.1444776114076376,true
yellow_trip_hourly,42,quantity,p50_p90,47,3138,0,0.0,0.0,0,0.0,0.0,false
yellow_trip_hourly,42,quantity,p50_p90,48,3138,0,0.0,0.0,0,0.0,0.0,false
yellow_trip_hourly,42,quantity,p50_p90,49,3138,0,0.0,0.0,0,0.0,0.0,false
yellow_trip_hourly,42,quantity,p50_p90,50,3138,0,0.0,0.0,0,0.0,0.0,false
yellow_trip_hourly,42,quantity,p50_p90,51,3138,192,0.015296367112810707,0.06118546845124283,3,0.0009560229445506692,0.37784624511065584,true
yellow_trip_hourly,42,quantity,p50_p90,52,3138,0,0.0,0.0,0,0.0,0.0,false
yellow_trip_hourly,42,quantity,p50_p90,53,3138,87,0.006931166347992352,0.027724665391969407,9,0.0028680688336520078,0.437621286374399,true
yellow_trip_hourly,42,quantity,p50_p90,54,3138,0,0.0,0.0,0,0.0,0.0,false
yellow_trip_hourly,42,quantity,p50_p90,55,3138,333,0.02652963671128107,0.10611854684512428,0,0.0,0.09881873117821352,true
yellow_trip_hourly,42,quantity,p50_p90,56,3138,0,0.0,0.0,0,0.0,0.0,false
yellow_trip_hourly,42,quantity,p50_p90,57,3138,0,0.0,0.0,0,0.0,0.0,false
yellow_trip_hourly,42,quantity,p50_p90,58,3138,0,0.0,0.0,0,0.0,0.0,false
yellow_trip_hourly,42,quantity,p50_p90,59,3138,0,0.0,0.0,0,0.0,0.0,false
yellow_trip_hourly,42,quantity,p50_p90,60,3138,35,0.002788400254939452,0.011153601019757807,0,0.0,0.10503255235297339,true
yellow_trip_hourly,42,quantity,p50_p90,61,3138,1118,0.08906947100063735,0.3562778840025494,0,0.0,0.26771913882018417,true
yellow_trip_hourly,42,quantity,p50_p90,62,3138,515,0.041029318036966224,0.1641172721478649,74,0.023581899298916506,0.10429147363287732,true
yellow_trip_hourly,42,quantity,p50_p90,63,3138,1271,0.10125876354365838,0.40503505417463354,0,0.0,0.20488977468009073,true
yellow_trip_hourly,42,quantity,p90_p95,0,386,0,0.0,0.0,0,0.0,0.0,false
yellow_trip_hourly,42,quantity,p90_p95,1,386,0,0.0,0.0,0,0.0,0.0,false
yellow_trip_hourly,42,quantity,p90_p95,2,386,0,0.0,0.0,0,0.0,0.0,false
yellow_trip_hourly,42,quantity,p90_p95,3,386,0,0.0,0.0,0,0.0,0.0,false
yellow_trip_hourly,42,quantity,p90_p95,4,386,0,0.0,0.0,0,0.0,0.0,false
yellow_trip_hourly,42,quantity,p90_p95,5,386,0,0.0,0.0,0,0.0,0.0,false
yellow_trip_hourly,42,quantity,p90_p95,6,386,0,0.0,0.0,0,0.0,0.0,false
yellow_trip_hourly,42,quantity,p90_p95,7,386,0,0.0,0.0,0,0.0,0.0,false
yellow_trip_hourly,42,quantity,p90_p95,8,386,375,0.24287564766839378,0.9715025906735751,0,0.0,0.32189767821629844,true
yellow_trip_hourly,42,quantity,p90_p95,9,386,0,0.0,0.0,0,0.0,0.0,false
yellow_trip_hourly,42,quantity,p90_p95,10,386,0,0.0,0.0,0,0.0,0.0,false
yellow_trip_hourly,42,quantity,p90_p95,11,386,386,0.25,1.0,0,0.0,0.36374862121485674,true
yellow_trip_hourly,42,quantity,p90_p95,12,386,0,0.0,0.0,0,0.0,0.0,false
yellow_trip_hourly,42,quantity,p90_p95,13,386,0,0.0,0.0,0,0.0,0.0,false
yellow_trip_hourly,42,quantity,p90_p95,14,386,0,0.0,0.0,0,0.0,0.0,false
yellow_trip_hourly,42,quantity,p90_p95,15,386,0,0.0,0.0,0,0.0,0.0,false
yellow_trip_hourly,42,quantity,p90_p95,16,386,0,0.0,0.0,0,0.0,0.0,false
yellow_trip_hourly,42,quantity,p90_p95,17,386,0,0.0,0.0,0,0.0,0.0,false
yellow_trip_hourly,42,quantity,p90_p95,18,386,0,0.0,0.0,0,0.0,0.0,false
yellow_trip_hourly,42,quantity,p90_p95,19,386,0,0.0,0.0,0,0.0,0.0,false
yellow_trip_hourly,42,quantity,p90_p95,20,386,0,0.0,0.0,0,0.0,0.0,false
yellow_trip_hourly,42,quantity,p90_p95,21,386,0,0.0,0.0,0,0.0,0.0,false
yellow_trip_hourly,42,quantity,p90_p95,22,386,0,0.0,0.0,0,0.0,0.0,false
yellow_trip_hourly,42,quantity,p90_p95,23,386,0,0.0,0.0,0,0.0,0.0,false
yellow_trip_hourly,42,quantity,p90_p95,24,386,0,0.0,0.0,0,0.0,0.0,false
yellow_trip_hourly,42,quantity,p90_p95,25,386,0,0.0,0.0,0,0.0,0.0,false
yellow_trip_hourly,42,quantity,p90_p95,26,386,0,0.0,0.0,0,0.0,0.0,false
yellow_trip_hourly,42,quantity,p90_p95,27,386,0,0.0,0.0,0,0.0,0.0,false
yellow_trip_hourly,42,quantity,p90_p95,28,386,0,0.0,0.0,0,0.0,0.0,false
yellow_trip_hourly,42,quantity,p90_p95,29,386,0,0.0,0.0,0,0.0,0.0,false
yellow_trip_hourly,42,quantity,p90_p95,30,386,0,0.0,0.0,0,0.0,0.0,false
yellow_trip_hourly,42,quantity,p90_p95,31,386,386,0.25,1.0,386,1.0,0.37632396546979024,true
yellow_trip_hourly,42,quantity,p90_p95,32,386,0,0.0,0.0,0,0.0,0.0,false
yellow_trip_hourly,42,quantity,p90_p95,33,386,0,0.0,0.0,0,0.0,0.0,false
yellow_trip_hourly,42,quantity,p90_p95,34,386,0,0.0,0.0,0,0.0,0.0,false
yellow_trip_hourly,42,quantity,p90_p95,35,386,0,0.0,0.0,0,0.0,0.0,false
yellow_trip_hourly,42,quantity,p90_p95,36,386,0,0.0,0.0,0,0.0,0.0,false
yellow_trip_hourly,42,quantity,p90_p95,37,386,0,0.0,0.0,0,0.0,0.0,false
yellow_trip_hourly,42,quantity,p90_p95,38,386,0,0.0,0.0,0,0.0,0.0,false
yellow_trip_hourly,42,quantity,p90_p95,39,386,0,0.0,0.0,0,0.0,0.0,false
yellow_trip_hourly,42,quantity,p90_p95,40,386,0,0.0,0.0,0,0.0,0.0,false
yellow_trip_hourly,42,quantity,p90_p95,41,386,0,0.0,0.0,0,0.0,0.0,false
yellow_trip_hourly,42,quantity,p90_p95,42,386,0,0.0,0.0,0,0.0,0.0,false
yellow_trip_hourly,42,quantity,p90_p95,43,386,0,0.0,0.0,0,0.0,0.0,false
yellow_trip_hourly,42,quantity,p90_p95,44,386,0,0.0,0.0,0,0.0,0.0,false
yellow_trip_hourly,42,quantity,p90_p95,45,386,0,0.0,0.0,0,0.0,0.0,false
yellow_trip_hourly,42,quantity,p90_p95,46,386,0,0.0,0.0,0,0.0,0.0,false
yellow_trip_hourly,42,quantity,p90_p95,47,386,0,0.0,0.0,0,0.0,0.0,false
yellow_trip_hourly,42,quantity,p90_p95,48,386,0,0.0,0.0,0,0.0,0.0,false
yellow_trip_hourly,42,quantity,p90_p95,49,386,0,0.0,0.0,0,0.0,0.0,false
yellow_trip_hourly,42,quantity,p90_p95,50,386,0,0.0,0.0,0,0.0,0.0,false
yellow_trip_hourly,42,quantity,p90_p95,51,386,0,0.0,0.0,0,0.0,0.0,false
yellow_trip_hourly,42,quantity,p90_p95,52,386,0,0.0,0.0,0,0.0,0.0,false
yellow_trip_hourly,42,quantity,p90_p95,53,386,0,0.0,0.0,0,0.0,0.0,false
yellow_trip_hourly,42,quantity,p90_p95,54,386,0,0.0,0.0,0,0.0,0.0,false
yellow_trip_hourly,42,quantity,p90_p95,55,386,0,0.0,0.0,0,0.0,0.0,false
yellow_trip_hourly,42,quantity,p90_p95,56,386,0,0.0,0.0,0,0.0,0.0,false
yellow_trip_hourly,42,quantity,p90_p95,57,386,0,0.0,0.0,0,0.0,0.0,false
yellow_trip_hourly,42,quantity,p90_p95,58,386,0,0.0,0.0,0,0.0,0.0,false
yellow_trip_hourly,42,quantity,p90_p95,59,386,0,0.0,0.0,0,0.0,0.0,false
yellow_trip_hourly,42,quantity,p90_p95,60,386,0,0.0,0.0,0,0.0,0.0,false
yellow_trip_hourly,42,quantity,p90_p95,61,386,386,0.25,1.0,0,0.0,0.3625021583830137,true
yellow_trip_hourly,42,quantity,p90_p95,62,386,0,0.0,0.0,0,0.0,0.0,false
yellow_trip_hourly,42,quantity,p90_p95,63,386,11,0.007124352331606218,0.02849740932642487,0,0.0,0.2878797867081382,true
yellow_trip_hourly,42,quantity,p95_p99,0,301,0,0.0,0.0,0,0.0,0.0,false
yellow_trip_hourly,42,quantity,p95_p99,1,301,0,0.0,0.0,0,0.0,0.0,false
yellow_trip_hourly,42,quantity,p95_p99,2,301,0,0.0,0.0,0,0.0,0.0,false
yellow_trip_hourly,42,quantity,p95_p99,3,301,0,0.0,0.0,0,0.0,0.0,false
yellow_trip_hourly,42,quantity,p95_p99,4,301,0,0.0,0.0,0,0.0,0.0,false
yellow_trip_hourly,42,quantity,p95_p99,5,301,0,0.0,0.0,0,0.0,0.0,false
yellow_trip_hourly,42,quantity,p95_p99,6,301,0,0.0,0.0,0,0.0,0.0,false
yellow_trip_hourly,42,quantity,p95_p99,7,301,0,0.0,0.0,0,0.0,0.0,false
yellow_trip_hourly,42,quantity,p95_p99,8,301,301,0.25,1.0,0,0.0,0.3450024129940426,true
yellow_trip_hourly,42,quantity,p95_p99,9,301,0,0.0,0.0,0,0.0,0.0,false
yellow_trip_hourly,42,quantity,p95_p99,10,301,0,0.0,0.0,0,0.0,0.0,false
yellow_trip_hourly,42,quantity,p95_p99,11,301,301,0.25,1.0,0,0.0,0.37961553824304345,true
yellow_trip_hourly,42,quantity,p95_p99,12,301,0,0.0,0.0,0,0.0,0.0,false
yellow_trip_hourly,42,quantity,p95_p99,13,301,0,0.0,0.0,0,0.0,0.0,false
yellow_trip_hourly,42,quantity,p95_p99,14,301,0,0.0,0.0,0,0.0,0.0,false
yellow_trip_hourly,42,quantity,p95_p99,15,301,0,0.0,0.0,0,0.0,0.0,false
yellow_trip_hourly,42,quantity,p95_p99,16,301,0,0.0,0.0,0,0.0,0.0,false
yellow_trip_hourly,42,quantity,p95_p99,17,301,0,0.0,0.0,0,0.0,0.0,false
yellow_trip_hourly,42,quantity,p95_p99,18,301,0,0.0,0.0,0,0.0,0.0,false
yellow_trip_hourly,42,quantity,p95_p99,19,301,0,0.0,0.0,0,0.0,0.0,false
yellow_trip_hourly,42,quantity,p95_p99,20,301,0,0.0,0.0,0,0.0,0.0,false
yellow_trip_hourly,42,quantity,p95_p99,21,301,0,0.0,0.0,0,0.0,0.0,false
yellow_trip_hourly,42,quantity,p95_p99,22,301,0,0.0,0.0,0,0.0,0.0,false
yellow_trip_hourly,42,quantity,p95_p99,23,301,0,0.0,0.0,0,0.0,0.0,false
yellow_trip_hourly,42,quantity,p95_p99,24,301,0,0.0,0.0,0,0.0,0.0,false
yellow_trip_hourly,42,quantity,p95_p99,25,301,0,0.0,0.0,0,0.0,0.0,false
yellow_trip_hourly,42,quantity,p95_p99,26,301,0,0.0,0.0,0,0.0,0.0,false
yellow_trip_hourly,42,quantity,p95_p99,27,301,0,0.0,0.0,0,0.0,0.0,false
yellow_trip_hourly,42,quantity,p95_p99,28,301,0,0.0,0.0,0,0.0,0.0,false
yellow_trip_hourly,42,quantity,p95_p99,29,301,0,0.0,0.0,0,0.0,0.0,false
yellow_trip_hourly,42,quantity,p95_p99,30,301,0,0.0,0.0,0,0.0,0.0,false
yellow_trip_hourly,42,quantity,p95_p99,31,301,301,0.25,1.0,301,1.0,0.39472684709732714,true
yellow_trip_hourly,42,quantity,p95_p99,32,301,0,0.0,0.0,0,0.0,0.0,false
yellow_trip_hourly,42,quantity,p95_p99,33,301,0,0.0,0.0,0,0.0,0.0,false
yellow_trip_hourly,42,quantity,p95_p99,34,301,0,0.0,0.0,0,0.0,0.0,false
yellow_trip_hourly,42,quantity,p95_p99,35,301,0,0.0,0.0,0,0.0,0.0,false
yellow_trip_hourly,42,quantity,p95_p99,36,301,0,0.0,0.0,0,0.0,0.0,false
yellow_trip_hourly,42,quantity,p95_p99,37,301,0,0.0,0.0,0,0.0,0.0,false
yellow_trip_hourly,42,quantity,p95_p99,38,301,0,0.0,0.0,0,0.0,0.0,false
yellow_trip_hourly,42,quantity,p95_p99,39,301,0,0.0,0.0,0,0.0,0.0,false
yellow_trip_hourly,42,quantity,p95_p99,40,301,0,0.0,0.0,0,0.0,0.0,false
yellow_trip_hourly,42,quantity,p95_p99,41,301,0,0.0,0.0,0,0.0,0.0,false
yellow_trip_hourly,42,quantity,p95_p99,42,301,0,0.0,0.0,0,0.0,0.0,false
yellow_trip_hourly,42,quantity,p95_p99,43,301,0,0.0,0.0,0,0.0,0.0,false
yellow_trip_hourly,42,quantity,p95_p99,44,301,0,0.0,0.0,0,0.0,0.0,false
yellow_trip_hourly,42,quantity,p95_p99,45,301,0,0.0,0.0,0,0.0,0.0,false
yellow_trip_hourly,42,quantity,p95_p99,46,301,0,0.0,0.0,0,0.0,0.0,false
yellow_trip_hourly,42,quantity,p95_p99,47,301,0,0.0,0.0,0,0.0,0.0,false
yellow_trip_hourly,42,quantity,p95_p99,48,301,0,0.0,0.0,0,0.0,0.0,false
yellow_trip_hourly,42,quantity,p95_p99,49,301,0,0.0,0.0,0,0.0,0.0,false
yellow_trip_hourly,42,quantity,p95_p99,50,301,0,0.0,0.0,0,0.0,0.0,false
yellow_trip_hourly,42,quantity,p95_p99,51,301,0,0.0,0.0,0,0.0,0.0,false
yellow_trip_hourly,42,quantity,p95_p99,52,301,0,0.0,0.0,0,0.0,0.0,false
yellow_trip_hourly,42,quantity,p95_p99,53,301,0,0.0,0.0,0,0.0,0.0,false
yellow_trip_hourly,42,quantity,p95_p99,54,301,0,0.0,0.0,0,0.0,0.0,false
yellow_trip_hourly,42,quantity,p95_p99,55,301,0,0.0,0.0,0,0.0,0.0,false
yellow_trip_hourly,42,quantity,p95_p99,56,301,0,0.0,0.0,0,0.0,0.0,false
yellow_trip_hourly,42,quantity,p95_p99,57,301,0,0.0,0.0,0,0.0,0.0,false
yellow_trip_hourly,42,quantity,p95_p99,58,301,0,0.0,0.0,0,0.0,0.0,false
yellow_trip_hourly,42,quantity,p95_p99,59,301,0,0.0,0.0,0,0.0,0.0,false
yellow_trip_hourly,42,quantity,p95_p99,60,301,0,0.0,0.0,0,0.0,0.0,false
yellow_trip_hourly,42,quantity,p95_p99,61,301,301,0.25,1.0,0,0.0,0.38583473608739355,true
yellow_trip_hourly,42,quantity,p95_p99,62,301,0,0.0,0.0,0,0.0,0.0,false
yellow_trip_hourly,42,quantity,p95_p99,63,301,0,0.0,0.0,0,0.0,0.0,false
yellow_trip_hourly,42,quantity_region,body_le_p95,0,7888,0,0.0,0.0,0,0.0,0.0,false
yellow_trip_hourly,42,quantity_region,body_le_p95,1,7888,0,0.0,0.0,0,0.0,0.0,false
yellow_trip_hourly,42,quantity_region,body_le_p95,2,7888,0,0.0,0.0,0,0.0,0.0,false
yellow_trip_hourly,42,quantity_region,body_le_p95,3,7888,720,0.02281947261663286,0.09127789046653144,177,0.022439148073022313,0.1064280781791442,true
yellow_trip_hourly,42,quantity_region,body_le_p95,4,7888,0,0.0,0.0,0,0.0,0.0,false
yellow_trip_hourly,42,quantity_region,body_le_p95,5,7888,0,0.0,0.0,0,0.0,0.0,false
yellow_trip_hourly,42,quantity_region,body_le_p95,6,7888,0,0.0,0.0,0,0.0,0.0,false
yellow_trip_hourly,42,quantity_region,body_le_p95,7,7888,0,0.0,0.0,0,0.0,0.0,false
yellow_trip_hourly,42,quantity_region,body_le_p95,8,7888,586,0.018572515212981745,0.07429006085192698,0,0.0,0.31447003044366023,true
yellow_trip_hourly,42,quantity_region,body_le_p95,9,7888,12,0.00038032454361054766,0.0015212981744421906,0,0.0,0.10638425437112649,true
yellow_trip_hourly,42,quantity_region,body_le_p95,10,7888,0,0.0,0.0,0,0.0,0.0,false
yellow_trip_hourly,42,quantity_region,body_le_p95,11,7888,2269,0.07191303245436105,0.2876521298174442,788,0.09989858012170386,0.2586760389917797,true
yellow_trip_hourly,42,quantity_region,body_le_p95,12,7888,729,0.02310471602434077,0.09241886409736308,12,0.0015212981744421906,0.1927979657699869,true
yellow_trip_hourly,42,quantity_region,body_le_p95,13,7888,0,0.0,0.0,0,0.0,0.0,false
yellow_trip_hourly,42,quantity_region,body_le_p95,14,7888,0,0.0,0.0,0,0.0,0.0,false
yellow_trip_hourly,42,quantity_region,body_le_p95,15,7888,0,0.0,0.0,0,0.0,0.0,false
yellow_trip_hourly,42,quantity_region,body_le_p95,16,7888,0,0.0,0.0,0,0.0,0.0,false
yellow_trip_hourly,42,quantity_region,body_le_p95,17,7888,0,0.0,0.0,0,0.0,0.0,false
yellow_trip_hourly,42,quantity_region,body_le_p95,18,7888,1316,0.04170892494929006,0.16683569979716023,300,0.03803245436105477,0.2938683240088467,true
yellow_trip_hourly,42,quantity_region,body_le_p95,19,7888,81,0.002567190669371197,0.010268762677484788,0,0.0,0.09236820897570362,true
yellow_trip_hourly,42,quantity_region,body_le_p95,20,7888,0,0.0,0.0,0,0.0,0.0,false
yellow_trip_hourly,42,quantity_region,body_le_p95,21,7888,32,0.0010141987829614604,0.004056795131845842,0,0.0,0.10810346761718392,true
yellow_trip_hourly,42,quantity_region,body_le_p95,22,7888,0,0.0,0.0,0,0.0,0.0,false
yellow_trip_hourly,42,quantity_region,body_le_p95,23,7888,0,0.0,0.0,0,0.0,0.0,false
yellow_trip_hourly,42,quantity_region,body_le_p95,24,7888,0,0.0,0.0,0,0.0,0.0,false
yellow_trip_hourly,42,quantity_region,body_le_p95,25,7888,0,0.0,0.0,0,0.0,0.0,false
yellow_trip_hourly,42,quantity_region,body_le_p95,26,7888,1156,0.036637931034482756,0.14655172413793102,942,0.11942190669371197,0.7674472301579677,true
yellow_trip_hourly,42,quantity_region,body_le_p95,27,7888,0,0.0,0.0,0,0.0,0.0,false
yellow_trip_hourly,42,quantity_region,body_le_p95,28,7888,937,0.029697008113590263,0.11878803245436105,258,0.0327079107505071,0.10689635888107812,true
yellow_trip_hourly,42,quantity_region,body_le_p95,29,7888,0,0.0,0.0,0,0.0,0.0,false
yellow_trip_hourly,42,quantity_region,body_le_p95,30,7888,1643,0.05207276876267748,0.20829107505070993,141,0.01787525354969574,0.6937555418969361,true
yellow_trip_hourly,42,quantity_region,body_le_p95,31,7888,2145,0.0679830121703854,0.2719320486815416,1234,0.15644016227180527,0.26870596753758985,true
yellow_trip_hourly,42,quantity_region,body_le_p95,32,7888,547,0.017336460446247464,0.06934584178498986,25,0.003169371196754564,0.13143325114871293,true
yellow_trip_hourly,42,quantity_region,body_le_p95,33,7888,0,0.0,0.0,0,0.0,0.0,false
yellow_trip_hourly,42,quantity_region,body_le_p95,34,7888,0,0.0,0.0,0,0.0,0.0,false
yellow_trip_hourly,42,quantity_region,body_le_p95,35,7888,1261,0.03996577079107505,0.1598630831643002,446,0.05654158215010142,0.12598609425050697,true
yellow_trip_hourly,42,quantity_region,body_le_p95,36,7888,0,0.0,0.0,0,0.0,0.0,false
yellow_trip_hourly,42,quantity_region,body_le_p95,37,7888,2245,0.07115238336713996,0.2846095334685598,1714,0.2172920892494929,0.4203499007198487,true
yellow_trip_hourly,42,quantity_region,body_le_p95,38,7888,3640,0.11536511156186613,0.4614604462474645,68,0.008620689655172414,0.5953619350853202,true
yellow_trip_hourly,42,quantity_region,body_le_p95,39,7888,0,0.0,0.0,0,0.0,0.0,false
yellow_trip_hourly,42,quantity_region,body_le_p95,40,7888,59,0.0018699290060851927,0.007479716024340771,8,0.0010141987829614604,0.12517026597160405,true
yellow_trip_hourly,42,quantity_region,body_le_p95,41,7888,0,0.0,0.0,0,0.0,0.0,false
yellow_trip_hourly,42,quantity_region,body_le_p95,42,7888,0,0.0,0.0,0,0.0,0.0,false
yellow_trip_hourly,42,quantity_region,body_le_p95,43,7888,0,0.0,0.0,0,0.0,0.0,false
yellow_trip_hourly,42,quantity_region,body_le_p95,44,7888,2294,0.0727053752535497,0.2908215010141988,75,0.009508113590263692,0.5425590121665517,true
yellow_trip_hourly,42,quantity_region,body_le_p95,45,7888,0,0.0,0.0,0,0.0,0.0,false
yellow_trip_hourly,42,quantity_region,body_le_p95,46,7888,12,0.00038032454361054766,0.0015212981744421906,0,0.0,0.15264991546670595,true
yellow_trip_hourly,42,quantity_region,body_le_p95,47,7888,0,0.0,0.0,0,0.0,0.0,false
yellow_trip_hourly,42,quantity_region,body_le_p95,48,7888,0,0.0,0.0,0,0.0,0.0,false
yellow_trip_hourly,42,quantity_region,body_le_p95,49,7888,0,0.0,0.0,0,0.0,0.0,false
yellow_trip_hourly,42,quantity_region,body_le_p95,50,7888,0,0.0,0.0,0,0.0,0.0,false
yellow_trip_hourly,42,quantity_region,body_le_p95,51,7888,2584,0.08189655172413793,0.3275862068965517,291,0.03689148073022312,0.5150731829147867,true
yellow_trip_hourly,42,quantity_region,body_le_p95,52,7888,0,0.0,0.0,0,0.0,0.0,false
yellow_trip_hourly,42,quantity_region,body_le_p95,53,7888,3555,0.11267114604462475,0.450684584178499,1328,0.16835699797160245,0.610548903905222,true
yellow_trip_hourly,42,quantity_region,body_le_p95,54,7888,0,0.0,0.0,0,0.0,0.0,false
yellow_trip_hourly,42,quantity_region,body_le_p95,55,7888,342,0.010839249492900608,0.04335699797160243,0,0.0,0.09918676602125864,true
yellow_trip_hourly,42,quantity_region,body_le_p95,56,7888,0,0.0,0.0,0,0.0,0.0,false
yellow_trip_hourly,42,quantity_region,body_le_p95,57,7888,0,0.0,0.0,0,0.0,0.0,false
yellow_trip_hourly,42,quantity_region,body_le_p95,58,7888,0,0.0,0.0,0,0.0,0.0,false
yellow_trip_hourly,42,quantity_region,body_le_p95,59,7888,0,0.0,0.0,0,0.0,0.0,false
yellow_trip_hourly,42,quantity_region,body_le_p95,60,7888,35,0.0011092799188640973,0.004437119675456389,0,0.0,0.10503255235297339,true
yellow_trip_hourly,42,quantity_region,body_le_p95,61,7888,1505,0.04769903651115619,0.19079614604462475,0,0.0,0.2919652309627628,true
yellow_trip_hourly,42,quantity_region,body_le_p95,62,7888,563,0.017843559837728194,0.07137423935091278,81,0.010268762677484788,0.10468644425140604,true
yellow_trip_hourly,42,quantity_region,body_le_p95,63,7888,1284,0.0406947261663286,0.1627789046653144,0,0.0,0.20548212311790554,true
yellow_trip_hourly,42,quantity_region,extreme_tail_gt_p99,0,79,0,0.0,0.0,0,0.0,0.0,false
yellow_trip_hourly,42,quantity_region,extreme_tail_gt_p99,1,79,0,0.0,0.0,0,0.0,0.0,false
yellow_trip_hourly,42,quantity_region,extreme_tail_gt_p99,2,79,0,0.0,0.0,0,0.0,0.0,false
yellow_trip_hourly,42,quantity_region,extreme_tail_gt_p99,3,79,0,0.0,0.0,0,0.0,0.0,false
yellow_trip_hourly,42,quantity_region,extreme_tail_gt_p99,4,79,0,0.0,0.0,0,0.0,0.0,false
yellow_trip_hourly,42,quantity_region,extreme_tail_gt_p99,5,79,0,0.0,0.0,0,0.0,0.0,false
yellow_trip_hourly,42,quantity_region,extreme_tail_gt_p99,6,79,0,0.0,0.0,0,0.0,0.0,false
yellow_trip_hourly,42,quantity_region,extreme_tail_gt_p99,7,79,0,0.0,0.0,0,0.0,0.0,false
yellow_trip_hourly,42,quantity_region,extreme_tail_gt_p99,8,79,79,0.25,1.0,0,0.0,0.3589720073380048,true
yellow_trip_hourly,42,quantity_region,extreme_tail_gt_p99,9,79,0,0.0,0.0,0,0.0,0.0,false
yellow_trip_hourly,42,quantity_region,extreme_tail_gt_p99,10,79,0,0.0,0.0,0,0.0,0.0,false
yellow_trip_hourly,42,quantity_region,extreme_tail_gt_p99,11,79,79,0.25,1.0,0,0.0,0.3882323850559283,true
yellow_trip_hourly,42,quantity_region,extreme_tail_gt_p99,12,79,0,0.0,0.0,0,0.0,0.0,false
yellow_trip_hourly,42,quantity_region,extreme_tail_gt_p99,13,79,0,0.0,0.0,0,0.0,0.0,false
yellow_trip_hourly,42,quantity_region,extreme_tail_gt_p99,14,79,0,0.0,0.0,0,0.0,0.0,false
yellow_trip_hourly,42,quantity_region,extreme_tail_gt_p99,15,79,0,0.0,0.0,0,0.0,0.0,false
yellow_trip_hourly,42,quantity_region,extreme_tail_gt_p99,16,79,0,0.0,0.0,0,0.0,0.0,false
yellow_trip_hourly,42,quantity_region,extreme_tail_gt_p99,17,79,0,0.0,0.0,0,0.0,0.0,false
yellow_trip_hourly,42,quantity_region,extreme_tail_gt_p99,18,79,0,0.0,0.0,0,0.0,0.0,false
yellow_trip_hourly,42,quantity_region,extreme_tail_gt_p99,19,79,0,0.0,0.0,0,0.0,0.0,false
yellow_trip_hourly,42,quantity_region,extreme_tail_gt_p99,20,79,0,0.0,0.0,0,0.0,0.0,false
yellow_trip_hourly,42,quantity_region,extreme_tail_gt_p99,21,79,0,0.0,0.0,0,0.0,0.0,false
yellow_trip_hourly,42,quantity_region,extreme_tail_gt_p99,22,79,0,0.0,0.0,0,0.0,0.0,false
yellow_trip_hourly,42,quantity_region,extreme_tail_gt_p99,23,79,0,0.0,0.0,0,0.0,0.0,false
yellow_trip_hourly,42,quantity_region,extreme_tail_gt_p99,24,79,0,0.0,0.0,0,0.0,0.0,false
yellow_trip_hourly,42,quantity_region,extreme_tail_gt_p99,25,79,0,0.0,0.0,0,0.0,0.0,false
yellow_trip_hourly,42,quantity_region,extreme_tail_gt_p99,26,79,0,0.0,0.0,0,0.0,0.0,false
yellow_trip_hourly,42,quantity_region,extreme_tail_gt_p99,27,79,0,0.0,0.0,0,0.0,0.0,false
yellow_trip_hourly,42,quantity_region,extreme_tail_gt_p99,28,79,0,0.0,0.0,0,0.0,0.0,false
yellow_trip_hourly,42,quantity_region,extreme_tail_gt_p99,29,79,0,0.0,0.0,0,0.0,0.0,false
yellow_trip_hourly,42,quantity_region,extreme_tail_gt_p99,30,79,0,0.0,0.0,0,0.0,0.0,false
yellow_trip_hourly,42,quantity_region,extreme_tail_gt_p99,31,79,79,0.25,1.0,79,1.0,0.4049478184573258,true
yellow_trip_hourly,42,quantity_region,extreme_tail_gt_p99,32,79,0,0.0,0.0,0,0.0,0.0,false
yellow_trip_hourly,42,quantity_region,extreme_tail_gt_p99,33,79,0,0.0,0.0,0,0.0,0.0,false
yellow_trip_hourly,42,quantity_region,extreme_tail_gt_p99,34,79,0,0.0,0.0,0,0.0,0.0,false
yellow_trip_hourly,42,quantity_region,extreme_tail_gt_p99,35,79,0,0.0,0.0,0,0.0,0.0,false
yellow_trip_hourly,42,quantity_region,extreme_tail_gt_p99,36,79,0,0.0,0.0,0,0.0,0.0,false
yellow_trip_hourly,42,quantity_region,extreme_tail_gt_p99,37,79,0,0.0,0.0,0,0.0,0.0,false
yellow_trip_hourly,42,quantity_region,extreme_tail_gt_p99,38,79,0,0.0,0.0,0,0.0,0.0,false
yellow_trip_hourly,42,quantity_region,extreme_tail_gt_p99,39,79,0,0.0,0.0,0,0.0,0.0,false
yellow_trip_hourly,42,quantity_region,extreme_tail_gt_p99,40,79,0,0.0,0.0,0,0.0,0.0,false
yellow_trip_hourly,42,quantity_region,extreme_tail_gt_p99,41,79,0,0.0,0.0,0,0.0,0.0,false
yellow_trip_hourly,42,quantity_region,extreme_tail_gt_p99,42,79,0,0.0,0.0,0,0.0,0.0,false
yellow_trip_hourly,42,quantity_region,extreme_tail_gt_p99,43,79,0,0.0,0.0,0,0.0,0.0,false
yellow_trip_hourly,42,quantity_region,extreme_tail_gt_p99,44,79,0,0.0,0.0,0,0.0,0.0,false
yellow_trip_hourly,42,quantity_region,extreme_tail_gt_p99,45,79,0,0.0,0.0,0,0.0,0.0,false
yellow_trip_hourly,42,quantity_region,extreme_tail_gt_p99,46,79,0,0.0,0.0,0,0.0,0.0,false
yellow_trip_hourly,42,quantity_region,extreme_tail_gt_p99,47,79,0,0.0,0.0,0,0.0,0.0,false
yellow_trip_hourly,42,quantity_region,extreme_tail_gt_p99,48,79,0,0.0,0.0,0,0.0,0.0,false
yellow_trip_hourly,42,quantity_region,extreme_tail_gt_p99,49,79,0,0.0,0.0,0,0.0,0.0,false
yellow_trip_hourly,42,quantity_region,extreme_tail_gt_p99,50,79,0,0.0,0.0,0,0.0,0.0,false
yellow_trip_hourly,42,quantity_region,extreme_tail_gt_p99,51,79,0,0.0,0.0,0,0.0,0.0,false
yellow_trip_hourly,42,quantity_region,extreme_tail_gt_p99,52,79,0,0.0,0.0,0,0.0,0.0,false
yellow_trip_hourly,42,quantity_region,extreme_tail_gt_p99,53,79,0,0.0,0.0,0,0.0,0.0,false
yellow_trip_hourly,42,quantity_region,extreme_tail_gt_p99,54,79,0,0.0,0.0,0,0.0,0.0,false
yellow_trip_hourly,42,quantity_region,extreme_tail_gt_p99,55,79,0,0.0,0.0,0,0.0,0.0,false
yellow_trip_hourly,42,quantity_region,extreme_tail_gt_p99,56,79,0,0.0,0.0,0,0.0,0.0,false
yellow_trip_hourly,42,quantity_region,extreme_tail_gt_p99,57,79,0,0.0,0.0,0,0.0,0.0,false
yellow_trip_hourly,42,quantity_region,extreme_tail_gt_p99,58,79,0,0.0,0.0,0,0.0,0.0,false
yellow_trip_hourly,42,quantity_region,extreme_tail_gt_p99,59,79,0,0.0,0.0,0,0.0,0.0,false
yellow_trip_hourly,42,quantity_region,extreme_tail_gt_p99,60,79,0,0.0,0.0,0,0.0,0.0,false
yellow_trip_hourly,42,quantity_region,extreme_tail_gt_p99,61,79,79,0.25,1.0,0,0.0,0.39892552359194694,true
yellow_trip_hourly,42,quantity_region,extreme_tail_gt_p99,62,79,0,0.0,0.0,0,0.0,0.0,false
yellow_trip_hourly,42,quantity_region,extreme_tail_gt_p99,63,79,0,0.0,0.0,0,0.0,0.0,false
yellow_trip_hourly,42,quantity_region,tail_p95_p99,0,301,0,0.0,0.0,0,0.0,0.0,false
yellow_trip_hourly,42,quantity_region,tail_p95_p99,1,301,0,0.0,0.0,0,0.0,0.0,false
yellow_trip_hourly,42,quantity_region,tail_p95_p99,2,301,0,0.0,0.0,0,0.0,0.0,false
yellow_trip_hourly,42,quantity_region,tail_p95_p99,3,301,0,0.0,0.0,0,0.0,0.0,false
yellow_trip_hourly,42,quantity_region,tail_p95_p99,4,301,0,0.0,0.0,0,0.0,0.0,false
yellow_trip_hourly,42,quantity_region,tail_p95_p99,5,301,0,0.0,0.0,0,0.0,0.0,false
yellow_trip_hourly,42,quantity_region,tail_p95_p99,6,301,0,0.0,0.0,0,0.0,0.0,false
yellow_trip_hourly,42,quantity_region,tail_p95_p99,7,301,0,0.0,0.0,0,0.0,0.0,false
yellow_trip_hourly,42,quantity_region,tail_p95_p99,8,301,301,0.25,1.0,0,0.0,0.3450024129940426,true
yellow_trip_hourly,42,quantity_region,tail_p95_p99,9,301,0,0.0,0.0,0,0.0,0.0,false
yellow_trip_hourly,42,quantity_region,tail_p95_p99,10,301,0,0.0,0.0,0,0.0,0.0,false
yellow_trip_hourly,42,quantity_region,tail_p95_p99,11,301,301,0.25,1.0,0,0.0,0.37961553824304345,true
yellow_trip_hourly,42,quantity_region,tail_p95_p99,12,301,0,0.0,0.0,0,0.0,0.0,false
yellow_trip_hourly,42,quantity_region,tail_p95_p99,13,301,0,0.0,0.0,0,0.0,0.0,false
yellow_trip_hourly,42,quantity_region,tail_p95_p99,14,301,0,0.0,0.0,0,0.0,0.0,false
yellow_trip_hourly,42,quantity_region,tail_p95_p99,15,301,0,0.0,0.0,0,0.0,0.0,false
yellow_trip_hourly,42,quantity_region,tail_p95_p99,16,301,0,0.0,0.0,0,0.0,0.0,false
yellow_trip_hourly,42,quantity_region,tail_p95_p99,17,301,0,0.0,0.0,0,0.0,0.0,false
yellow_trip_hourly,42,quantity_region,tail_p95_p99,18,301,0,0.0,0.0,0,0.0,0.0,false
yellow_trip_hourly,42,quantity_region,tail_p95_p99,19,301,0,0.0,0.0,0,0.0,0.0,false
yellow_trip_hourly,42,quantity_region,tail_p95_p99,20,301,0,0.0,0.0,0,0.0,0.0,false
yellow_trip_hourly,42,quantity_region,tail_p95_p99,21,301,0,0.0,0.0,0,0.0,0.0,false
yellow_trip_hourly,42,quantity_region,tail_p95_p99,22,301,0,0.0,0.0,0,0.0,0.0,false
yellow_trip_hourly,42,quantity_region,tail_p95_p99,23,301,0,0.0,0.0,0,0.0,0.0,false
yellow_trip_hourly,42,quantity_region,tail_p95_p99,24,301,0,0.0,0.0,0,0.0,0.0,false
yellow_trip_hourly,42,quantity_region,tail_p95_p99,25,301,0,0.0,0.0,0,0.0,0.0,false
yellow_trip_hourly,42,quantity_region,tail_p95_p99,26,301,0,0.0,0.0,0,0.0,0.0,false
yellow_trip_hourly,42,quantity_region,tail_p95_p99,27,301,0,0.0,0.0,0,0.0,0.0,false
yellow_trip_hourly,42,quantity_region,tail_p95_p99,28,301,0,0.0,0.0,0,0.0,0.0,false
yellow_trip_hourly,42,quantity_region,tail_p95_p99,29,301,0,0.0,0.0,0,0.0,0.0,false
yellow_trip_hourly,42,quantity_region,tail_p95_p99,30,301,0,0.0,0.0,0,0.0,0.0,false
yellow_trip_hourly,42,quantity_region,tail_p95_p99,31,301,301,0.25,1.0,301,1.0,0.39472684709732714,true
yellow_trip_hourly,42,quantity_region,tail_p95_p99,32,301,0,0.0,0.0,0,0.0,0.0,false
yellow_trip_hourly,42,quantity_region,tail_p95_p99,33,301,0,0.0,0.0,0,0.0,0.0,false
yellow_trip_hourly,42,quantity_region,tail_p95_p99,34,301,0,0.0,0.0,0,0.0,0.0,false
yellow_trip_hourly,42,quantity_region,tail_p95_p99,35,301,0,0.0,0.0,0,0.0,0.0,false
yellow_trip_hourly,42,quantity_region,tail_p95_p99,36,301,0,0.0,0.0,0,0.0,0.0,false
yellow_trip_hourly,42,quantity_region,tail_p95_p99,37,301,0,0.0,0.0,0,0.0,0.0,false
yellow_trip_hourly,42,quantity_region,tail_p95_p99,38,301,0,0.0,0.0,0,0.0,0.0,false
yellow_trip_hourly,42,quantity_region,tail_p95_p99,39,301,0,0.0,0.0,0,0.0,0.0,false
yellow_trip_hourly,42,quantity_region,tail_p95_p99,40,301,0,0.0,0.0,0,0.0,0.0,false
yellow_trip_hourly,42,quantity_region,tail_p95_p99,41,301,0,0.0,0.0,0,0.0,0.0,false
yellow_trip_hourly,42,quantity_region,tail_p95_p99,42,301,0,0.0,0.0,0,0.0,0.0,false
yellow_trip_hourly,42,quantity_region,tail_p95_p99,43,301,0,0.0,0.0,0,0.0,0.0,false
yellow_trip_hourly,42,quantity_region,tail_p95_p99,44,301,0,0.0,0.0,0,0.0,0.0,false
yellow_trip_hourly,42,quantity_region,tail_p95_p99,45,301,0,0.0,0.0,0,0.0,0.0,false
yellow_trip_hourly,42,quantity_region,tail_p95_p99,46,301,0,0.0,0.0,0,0.0,0.0,false
yellow_trip_hourly,42,quantity_region,tail_p95_p99,47,301,0,0.0,0.0,0,0.0,0.0,false
yellow_trip_hourly,42,quantity_region,tail_p95_p99,48,301,0,0.0,0.0,0,0.0,0.0,false
yellow_trip_hourly,42,quantity_region,tail_p95_p99,49,301,0,0.0,0.0,0,0.0,0.0,false
yellow_trip_hourly,42,quantity_region,tail_p95_p99,50,301,0,0.0,0.0,0,0.0,0.0,false
yellow_trip_hourly,42,quantity_region,tail_p95_p99,51,301,0,0.0,0.0,0,0.0,0.0,false
yellow_trip_hourly,42,quantity_region,tail_p95_p99,52,301,0,0.0,0.0,0,0.0,0.0,false
yellow_trip_hourly,42,quantity_region,tail_p95_p99,53,301,0,0.0,0.0,0,0.0,0.0,false
yellow_trip_hourly,42,quantity_region,tail_p95_p99,54,301,0,0.0,0.0,0,0.0,0.0,false
yellow_trip_hourly,42,quantity_region,tail_p95_p99,55,301,0,0.0,0.0,0,0.0,0.0,false
yellow_trip_hourly,42,quantity_region,tail_p95_p99,56,301,0,0.0,0.0,0,0.0,0.0,false
yellow_trip_hourly,42,quantity_region,tail_p95_p99,57,301,0,0.0,0.0,0,0.0,0.0,false
yellow_trip_hourly,42,quantity_region,tail_p95_p99,58,301,0,0.0,0.0,0,0.0,0.0,false
yellow_trip_hourly,42,quantity_region,tail_p95_p99,59,301,0,0.0,0.0,0,0.0,0.0,false
yellow_trip_hourly,42,quantity_region,tail_p95_p99,60,301,0,0.0,0.0,0,0.0,0.0,false
yellow_trip_hourly,42,quantity_region,tail_p95_p99,61,301,301,0.25,1.0,0,0.0,0.38583473608739355,true
yellow_trip_hourly,42,quantity_region,tail_p95_p99,62,301,0,0.0,0.0,0,0.0,0.0,false
yellow_trip_hourly,42,quantity_region,tail_p95_p99,63,301,0,0.0,0.0,0,0.0,0.0,false
yellow_trip_hourly,52,history,history_65_128,0,1475,576,0.0976271186440678,0.3905084745762712,0,0.0,0.668422828687148,true
yellow_trip_hourly,52,history,history_65_128,1,1475,0,0.0,0.0,0,0.0,0.0,false
yellow_trip_hourly,52,history,history_65_128,2,1475,0,0.0,0.0,0,0.0,0.0,false
yellow_trip_hourly,52,history,history_65_128,3,1475,0,0.0,0.0,0,0.0,0.0,false
yellow_trip_hourly,52,history,history_65_128,4,1475,0,0.0,0.0,0,0.0,0.0,false
yellow_trip_hourly,52,history,history_65_128,5,1475,0,0.0,0.0,0,0.0,0.0,false
yellow_trip_hourly,52,history,history_65_128,6,1475,0,0.0,0.0,0,0.0,0.0,false
yellow_trip_hourly,52,history,history_65_128,7,1475,0,0.0,0.0,0,0.0,0.0,false
yellow_trip_hourly,52,history,history_65_128,8,1475,0,0.0,0.0,0,0.0,0.0,false
yellow_trip_hourly,52,history,history_65_128,9,1475,0,0.0,0.0,0,0.0,0.0,false
yellow_trip_hourly,52,history,history_65_128,10,1475,1418,0.24033898305084747,0.9613559322033899,1157,0.7844067796610169,0.7196177287061393,true
yellow_trip_hourly,52,history,history_65_128,11,1475,0,0.0,0.0,0,0.0,0.0,false
yellow_trip_hourly,52,history,history_65_128,12,1475,0,0.0,0.0,0,0.0,0.0,false
yellow_trip_hourly,52,history,history_65_128,13,1475,0,0.0,0.0,0,0.0,0.0,false
yellow_trip_hourly,52,history,history_65_128,14,1475,0,0.0,0.0,0,0.0,0.0,false
yellow_trip_hourly,52,history,history_65_128,15,1475,0,0.0,0.0,0,0.0,0.0,false
yellow_trip_hourly,52,history,history_65_128,16,1475,32,0.005423728813559322,0.02169491525423729,3,0.002033898305084746,0.37624444952234626,true
yellow_trip_hourly,52,history,history_65_128,17,1475,15,0.002542372881355932,0.010169491525423728,1,0.0006779661016949153,0.322476535042127,true
yellow_trip_hourly,52,history,history_65_128,18,1475,2,0.00033898305084745765,0.0013559322033898306,2,0.0013559322033898306,0.1381993554532528,true
yellow_trip_hourly,52,history,history_65_128,19,1475,0,0.0,0.0,0,0.0,0.0,false
yellow_trip_hourly,52,history,history_65_128,20,1475,0,0.0,0.0,0,0.0,0.0,false
yellow_trip_hourly,52,history,history_65_128,21,1475,0,0.0,0.0,0,0.0,0.0,false
yellow_trip_hourly,52,history,history_65_128,22,1475,1411,0.23915254237288136,0.9566101694915254,47,0.031864406779661014,0.689273717131368,true
yellow_trip_hourly,52,history,history_65_128,23,1475,0,0.0,0.0,0,0.0,0.0,false
yellow_trip_hourly,52,history,history_65_128,24,1475,0,0.0,0.0,0,0.0,0.0,false
yellow_trip_hourly,52,history,history_65_128,25,1475,0,0.0,0.0,0,0.0,0.0,false
yellow_trip_hourly,52,history,history_65_128,26,1475,2,0.00033898305084745765,0.0013559322033898306,1,0.0006779661016949153,0.11097129806876183,true
yellow_trip_hourly,52,history,history_65_128,27,1475,13,0.0022033898305084745,0.008813559322033898,11,0.007457627118644068,0.39436622307850766,true
yellow_trip_hourly,52,history,history_65_128,28,1475,0,0.0,0.0,0,0.0,0.0,false
yellow_trip_hourly,52,history,history_65_128,29,1475,1,0.00016949152542372882,0.0006779661016949153,0,0.0,0.09593106806278229,true
yellow_trip_hourly,52,history,history_65_128,30,1475,0,0.0,0.0,0,0.0,0.0,false
yellow_trip_hourly,52,history,history_65_128,31,1475,0,0.0,0.0,0,0.0,0.0,false
yellow_trip_hourly,52,history,history_65_128,32,1475,0,0.0,0.0,0,0.0,0.0,false
yellow_trip_hourly,52,history,history_65_128,33,1475,0,0.0,0.0,0,0.0,0.0,false
yellow_trip_hourly,52,history,history_65_128,34,1475,0,0.0,0.0,0,0.0,0.0,false
yellow_trip_hourly,52,history,history_65_128,35,1475,0,0.0,0.0,0,0.0,0.0,false
yellow_trip_hourly,52,history,history_65_128,36,1475,0,0.0,0.0,0,0.0,0.0,false
yellow_trip_hourly,52,history,history_65_128,37,1475,0,0.0,0.0,0,0.0,0.0,false
yellow_trip_hourly,52,history,history_65_128,38,1475,0,0.0,0.0,0,0.0,0.0,false
yellow_trip_hourly,52,history,history_65_128,39,1475,0,0.0,0.0,0,0.0,0.0,false
yellow_trip_hourly,52,history,history_65_128,40,1475,4,0.0006779661016949153,0.002711864406779661,0,0.0,0.3257913812994957,true
yellow_trip_hourly,52,history,history_65_128,41,1475,1419,0.2405084745762712,0.9620338983050848,39,0.026440677966101694,0.6931575768803777,true
yellow_trip_hourly,52,history,history_65_128,42,1475,0,0.0,0.0,0,0.0,0.0,false
yellow_trip_hourly,52,history,history_65_128,43,1475,0,0.0,0.0,0,0.0,0.0,false
yellow_trip_hourly,52,history,history_65_128,44,1475,0,0.0,0.0,0,0.0,0.0,false
yellow_trip_hourly,52,history,history_65_128,45,1475,0,0.0,0.0,0,0.0,0.0,false
yellow_trip_hourly,52,history,history_65_128,46,1475,360,0.061016949152542375,0.2440677966101695,0,0.0,0.6745965479148759,true
yellow_trip_hourly,52,history,history_65_128,47,1475,97,0.016440677966101696,0.06576271186440678,23,0.015593220338983051,0.49355321792290385,true
yellow_trip_hourly,52,history,history_65_128,48,1475,456,0.07728813559322034,0.30915254237288137,158,0.10711864406779661,0.7368213123919671,true
yellow_trip_hourly,52,history,history_65_128,49,1475,0,0.0,0.0,0,0.0,0.0,false
yellow_trip_hourly,52,history,history_65_128,50,1475,0,0.0,0.0,0,0.0,0.0,false
yellow_trip_hourly,52,history,history_65_128,51,1475,0,0.0,0.0,0,0.0,0.0,false
yellow_trip_hourly,52,history,history_65_128,52,1475,61,0.010338983050847458,0.04135593220338983,33,0.022372881355932205,0.45911483930759744,true
yellow_trip_hourly,52,history,history_65_128,53,1475,0,0.0,0.0,0,0.0,0.0,false
yellow_trip_hourly,52,history,history_65_128,54,1475,12,0.002033898305084746,0.008135593220338983,0,0.0,0.3538808623949687,true
yellow_trip_hourly,52,history,history_65_128,55,1475,6,0.001016949152542373,0.004067796610169492,0,0.0,0.2039797455072403,true
yellow_trip_hourly,52,history,history_65_128,56,1475,0,0.0,0.0,0,0.0,0.0,false
yellow_trip_hourly,52,history,history_65_128,57,1475,0,0.0,0.0,0,0.0,0.0,false
yellow_trip_hourly,52,history,history_65_128,58,1475,0,0.0,0.0,0,0.0,0.0,false
yellow_trip_hourly,52,history,history_65_128,59,1475,0,0.0,0.0,0,0.0,0.0,false
yellow_trip_hourly,52,history,history_65_128,60,1475,0,0.0,0.0,0,0.0,0.0,false
yellow_trip_hourly,52,history,history_65_128,61,1475,0,0.0,0.0,0,0.0,0.0,false
yellow_trip_hourly,52,history,history_65_128,62,1475,0,0.0,0.0,0,0.0,0.0,false
yellow_trip_hourly,52,history,history_65_128,63,1475,15,0.002542372881355932,0.010169491525423728,0,0.0,0.2878795290986697,true
yellow_trip_hourly,52,history,history_gt_128,0,5552,1257,0.05660122478386167,0.22640489913544667,26,0.004682997118155619,0.6080571233799463,true
yellow_trip_hourly,52,history,history_gt_128,1,5552,0,0.0,0.0,0,0.0,0.0,false
yellow_trip_hourly,52,history,history_gt_128,2,5552,0,0.0,0.0,0,0.0,0.0,false
yellow_trip_hourly,52,history,history_gt_128,3,5552,511,0.023009726224783863,0.09203890489913545,117,0.021073487031700287,0.12967585327573952,true
yellow_trip_hourly,52,history,history_gt_128,4,5552,0,0.0,0.0,0,0.0,0.0,false
yellow_trip_hourly,52,history,history_gt_128,5,5552,0,0.0,0.0,0,0.0,0.0,false
yellow_trip_hourly,52,history,history_gt_128,6,5552,0,0.0,0.0,0,0.0,0.0,false
yellow_trip_hourly,52,history,history_gt_128,7,5552,0,0.0,0.0,0,0.0,0.0,false
yellow_trip_hourly,52,history,history_gt_128,8,5552,6,0.00027017291066282423,0.001080691642651297,0,0.0,0.09191135317087173,true
yellow_trip_hourly,52,history,history_gt_128,9,5552,0,0.0,0.0,0,0.0,0.0,false
yellow_trip_hourly,52,history,history_gt_128,10,5552,1005,0.045253962536023054,0.18101585014409222,346,0.06231988472622478,0.6486323205392752,true
yellow_trip_hourly,52,history,history_gt_128,11,5552,4,0.00018011527377521613,0.0007204610951008645,0,0.0,0.1745558176189661,true
yellow_trip_hourly,52,history,history_gt_128,12,5552,0,0.0,0.0,0,0.0,0.0,false
yellow_trip_hourly,52,history,history_gt_128,13,5552,0,0.0,0.0,0,0.0,0.0,false
yellow_trip_hourly,52,history,history_gt_128,14,5552,0,0.0,0.0,0,0.0,0.0,false
yellow_trip_hourly,52,history,history_gt_128,15,5552,0,0.0,0.0,0,0.0,0.0,false
yellow_trip_hourly,52,history,history_gt_128,16,5552,501,0.02255943804034582,0.09023775216138329,0,0.0,0.286471670660787,true
yellow_trip_hourly,52,history,history_gt_128,17,5552,3103,0.13972442363112392,0.5588976945244957,22,0.003962536023054755,0.44105726524904165,true
yellow_trip_hourly,52,history,history_gt_128,18,5552,36,0.0016210374639769453,0.006484149855907781,5,0.0009005763688760807,0.10453485490547286,true
yellow_trip_hourly,52,history,history_gt_128,19,5552,0,0.0,0.0,0,0.0,0.0,false
yellow_trip_hourly,52,history,history_gt_128,20,5552,67,0.0030169308357348703,0.012067723342939481,0,0.0,0.23004738252554366,true
yellow_trip_hourly,52,history,history_gt_128,21,5552,0,0.0,0.0,0,0.0,0.0,false
yellow_trip_hourly,52,history,history_gt_128,22,5552,899,0.040480907780979826,0.1619236311239193,31,0.0055835734870317,0.6138890722437085,true
yellow_trip_hourly,52,history,history_gt_128,23,5552,0,0.0,0.0,0,0.0,0.0,false
yellow_trip_hourly,52,history,history_gt_128,24,5552,8,0.00036023054755043225,0.001440922190201729,0,0.0,0.10618285648524761,true
yellow_trip_hourly,52,history,history_gt_128,25,5552,0,0.0,0.0,0,0.0,0.0,false
yellow_trip_hourly,52,history,history_gt_128,26,5552,124,0.0055835734870317,0.0223342939481268,11,0.0019812680115273776,0.09455708216034597,true
yellow_trip_hourly,52,history,history_gt_128,27,5552,3136,0.14121037463976946,0.5648414985590778,2810,0.5061239193083573,0.5170090625072088,true
yellow_trip_hourly,52,history,history_gt_128,28,5552,7,0.00031520172910662824,0.001260806916426513,0,0.0,0.09658690754856382,true
yellow_trip_hourly,52,history,history_gt_128,29,5552,42,0.0018912103746397695,0.007564841498559078,0,0.0,0.09525889566256887,true
yellow_trip_hourly,52,history,history_gt_128,30,5552,0,0.0,0.0,0,0.0,0.0,false
yellow_trip_hourly,52,history,history_gt_128,31,5552,0,0.0,0.0,0,0.0,0.0,false
yellow_trip_hourly,52,history,history_gt_128,32,5552,0,0.0,0.0,0,0.0,0.0,false
yellow_trip_hourly,52,history,history_gt_128,33,5552,84,0.003782420749279539,0.015129682997118156,15,0.002701729106628242,0.17336729869601272,true
yellow_trip_hourly,52,history,history_gt_128,34,5552,0,0.0,0.0,0,0.0,0.0,false
yellow_trip_hourly,52,history,history_gt_128,35,5552,0,0.0,0.0,0,0.0,0.0,false
yellow_trip_hourly,52,history,history_gt_128,36,5552,0,0.0,0.0,0,0.0,0.0,false
yellow_trip_hourly,52,history,history_gt_128,37,5552,0,0.0,0.0,0,0.0,0.0,false
yellow_trip_hourly,52,history,history_gt_128,38,5552,0,0.0,0.0,0,0.0,0.0,false
yellow_trip_hourly,52,history,history_gt_128,39,5552,0,0.0,0.0,0,0.0,0.0,false
yellow_trip_hourly,52,history,history_gt_128,40,5552,134,0.006033861671469741,0.024135446685878963,0,0.0,0.3516280688901446,true
yellow_trip_hourly,52,history,history_gt_128,41,5552,1515,0.06821865994236312,0.2728746397694525,643,0.11581412103746398,0.5941955204057221,true
yellow_trip_hourly,52,history,history_gt_128,42,5552,172,0.007744956772334294,0.030979827089337175,0,0.0,0.10665083369023579,true
yellow_trip_hourly,52,history,history_gt_128,43,5552,0,0.0,0.0,0,0.0,0.0,false
yellow_trip_hourly,52,history,history_gt_128,44,5552,0,0.0,0.0,0,0.0,0.0,false
yellow_trip_hourly,52,history,history_gt_128,45,5552,83,0.003737391930835735,0.01494956772334294,0,0.0,0.08073122960975371,true
yellow_trip_hourly,52,history,history_gt_128,46,5552,140,0.006304034582132565,0.02521613832853026,0,0.0,0.6138054962669101,true
yellow_trip_hourly,52,history,history_gt_128,47,5552,1056,0.04755043227665706,0.19020172910662825,98,0.017651296829971182,0.42601569553583185,true
yellow_trip_hourly,52,history,history_gt_128,48,5552,28,0.001260806916426513,0.005043227665706052,7,0.001260806916426513,0.4058157908064978,true
yellow_trip_hourly,52,history,history_gt_128,49,5552,0,0.0,0.0,0,0.0,0.0,false
yellow_trip_hourly,52,history,history_gt_128,50,5552,0,0.0,0.0,0,0.0,0.0,false
yellow_trip_hourly,52,history,history_gt_128,51,5552,1,0.00004502881844380403,0.00018011527377521613,0,0.0,0.38234156370162964,true
yellow_trip_hourly,52,history,history_gt_128,52,5552,1390,0.0625900576368876,0.2503602305475504,1082,0.19488472622478387,0.36771449440782017,true
yellow_trip_hourly,52,history,history_gt_128,53,5552,0,0.0,0.0,0,0.0,0.0,false
yellow_trip_hourly,52,history,history_gt_128,54,5552,3045,0.13711275216138327,0.5484510086455331,0,0.0,0.45297339700272515,true
yellow_trip_hourly,52,history,history_gt_128,55,5552,553,0.02490093659942363,0.09960374639769452,0,0.0,0.1776483206459023,true
yellow_trip_hourly,52,history,history_gt_128,56,5552,0,0.0,0.0,0,0.0,0.0,false
yellow_trip_hourly,52,history,history_gt_128,57,5552,0,0.0,0.0,0,0.0,0.0,false
yellow_trip_hourly,52,history,history_gt_128,58,5552,0,0.0,0.0,0,0.0,0.0,false
yellow_trip_hourly,52,history,history_gt_128,59,5552,2,0.00009005763688760806,0.00036023054755043225,0,0.0,0.1122620552778244,true
yellow_trip_hourly,52,history,history_gt_128,60,5552,0,0.0,0.0,0,0.0,0.0,false
yellow_trip_hourly,52,history,history_gt_128,61,5552,0,0.0,0.0,0,0.0,0.0,false
yellow_trip_hourly,52,history,history_gt_128,62,5552,0,0.0,0.0,0,0.0,0.0,false
yellow_trip_hourly,52,history,history_gt_128,63,5552,3299,0.1485500720461095,0.594200288184438,339,0.06105907780979827,0.3948604613678063,true
yellow_trip_hourly,52,history,history_le_64,0,1241,0,0.0,0.0,0,0.0,0.0,false
yellow_trip_hourly,52,history,history_le_64,1,1241,0,0.0,0.0,0,0.0,0.0,false
yellow_trip_hourly,52,history,history_le_64,2,1241,0,0.0,0.0,0,0.0,0.0,false
yellow_trip_hourly,52,history,history_le_64,3,1241,0,0.0,0.0,0,0.0,0.0,false
yellow_trip_hourly,52,history,history_le_64,4,1241,0,0.0,0.0,0,0.0,0.0,false
yellow_trip_hourly,52,history,history_le_64,5,1241,0,0.0,0.0,0,0.0,0.0,false
yellow_trip_hourly,52,history,history_le_64,6,1241,0,0.0,0.0,0,0.0,0.0,false
yellow_trip_hourly,52,history,history_le_64,7,1241,0,0.0,0.0,0,0.0,0.0,false
yellow_trip_hourly,52,history,history_le_64,8,1241,0,0.0,0.0,0,0.0,0.0,false
yellow_trip_hourly,52,history,history_le_64,9,1241,0,0.0,0.0,0,0.0,0.0,false
yellow_trip_hourly,52,history,history_le_64,10,1241,1241,0.25,1.0,69,0.055600322320709106,0.6727514823870155,true
yellow_trip_hourly,52,history,history_le_64,11,1241,0,0.0,0.0,0,0.0,0.0,false
yellow_trip_hourly,52,history,history_le_64,12,1241,0,0.0,0.0,0,0.0,0.0,false
yellow_trip_hourly,52,history,history_le_64,13,1241,0,0.0,0.0,0,0.0,0.0,false
yellow_trip_hourly,52,history,history_le_64,14,1241,0,0.0,0.0,0,0.0,0.0,false
yellow_trip_hourly,52,history,history_le_64,15,1241,0,0.0,0.0,0,0.0,0.0,false
yellow_trip_hourly,52,history,history_le_64,16,1241,1,0.000201450443190975,0.0008058017727639,0,0.0,0.44199132919311523,true
yellow_trip_hourly,52,history,history_le_64,17,1241,0,0.0,0.0,0,0.0,0.0,false
yellow_trip_hourly,52,history,history_le_64,18,1241,0,0.0,0.0,0,0.0,0.0,false
yellow_trip_hourly,52,history,history_le_64,19,1241,0,0.0,0.0,0,0.0,0.0,false
yellow_trip_hourly,52,history,history_le_64,20,1241,0,0.0,0.0,0,0.0,0.0,false
yellow_trip_hourly,52,history,history_le_64,21,1241,0,0.0,0.0,0,0.0,0.0,false
yellow_trip_hourly,52,history,history_le_64,22,1241,1241,0.25,1.0,2,0.0016116035455278,0.6227096393164082,true
yellow_trip_hourly,52,history,history_le_64,23,1241,0,0.0,0.0,0,0.0,0.0,false
yellow_trip_hourly,52,history,history_le_64,24,1241,0,0.0,0.0,0,0.0,0.0,false
yellow_trip_hourly,52,history,history_le_64,25,1241,0,0.0,0.0,0,0.0,0.0,false
yellow_trip_hourly,52,history,history_le_64,26,1241,0,0.0,0.0,0,0.0,0.0,false
yellow_trip_hourly,52,history,history_le_64,27,1241,0,0.0,0.0,0,0.0,0.0,false
yellow_trip_hourly,52,history,history_le_64,28,1241,0,0.0,0.0,0,0.0,0.0,false
yellow_trip_hourly,52,history,history_le_64,29,1241,0,0.0,0.0,0,0.0,0.0,false
yellow_trip_hourly,52,history,history_le_64,30,1241,0,0.0,0.0,0,0.0,0.0,false
yellow_trip_hourly,52,history,history_le_64,31,1241,0,0.0,0.0,0,0.0,0.0,false
yellow_trip_hourly,52,history,history_le_64,32,1241,0,0.0,0.0,0,0.0,0.0,false
yellow_trip_hourly,52,history,history_le_64,33,1241,0,0.0,0.0,0,0.0,0.0,false
yellow_trip_hourly,52,history,history_le_64,34,1241,0,0.0,0.0,0,0.0,0.0,false
yellow_trip_hourly,52,history,history_le_64,35,1241,0,0.0,0.0,0,0.0,0.0,false
yellow_trip_hourly,52,history,history_le_64,36,1241,0,0.0,0.0,0,0.0,0.0,false
yellow_trip_hourly,52,history,history_le_64,37,1241,0,0.0,0.0,0,0.0,0.0,false
yellow_trip_hourly,52,history,history_le_64,38,1241,0,0.0,0.0,0,0.0,0.0,false
yellow_trip_hourly,52,history,history_le_64,39,1241,0,0.0,0.0,0,0.0,0.0,false
yellow_trip_hourly,52,history,history_le_64,40,1241,0,0.0,0.0,0,0.0,0.0,false
yellow_trip_hourly,52,history,history_le_64,41,1241,1241,0.25,1.0,0,0.0,0.612230106815996,true
yellow_trip_hourly,52,history,history_le_64,42,1241,0,0.0,0.0,0,0.0,0.0,false
yellow_trip_hourly,52,history,history_le_64,43,1241,0,0.0,0.0,0,0.0,0.0,false
yellow_trip_hourly,52,history,history_le_64,44,1241,0,0.0,0.0,0,0.0,0.0,false
yellow_trip_hourly,52,history,history_le_64,45,1241,0,0.0,0.0,0,0.0,0.0,false
yellow_trip_hourly,52,history,history_le_64,46,1241,6,0.0012087026591458502,0.004834810636583401,0,0.0,0.643166055281957,true
yellow_trip_hourly,52,history,history_le_64,47,1241,0,0.0,0.0,0,0.0,0.0,false
yellow_trip_hourly,52,history,history_le_64,48,1241,1234,0.24858984689766317,0.9943593875906527,1170,0.9427880741337631,0.8024020761589563,true
yellow_trip_hourly,52,history,history_le_64,49,1241,0,0.0,0.0,0,0.0,0.0,false
yellow_trip_hourly,52,history,history_le_64,50,1241,0,0.0,0.0,0,0.0,0.0,false
yellow_trip_hourly,52,history,history_le_64,51,1241,0,0.0,0.0,0,0.0,0.0,false
yellow_trip_hourly,52,history,history_le_64,52,1241,0,0.0,0.0,0,0.0,0.0,false
yellow_trip_hourly,52,history,history_le_64,53,1241,0,0.0,0.0,0,0.0,0.0,false
yellow_trip_hourly,52,history,history_le_64,54,1241,0,0.0,0.0,0,0.0,0.0,false
yellow_trip_hourly,52,history,history_le_64,55,1241,0,0.0,0.0,0,0.0,0.0,false
yellow_trip_hourly,52,history,history_le_64,56,1241,0,0.0,0.0,0,0.0,0.0,false
yellow_trip_hourly,52,history,history_le_64,57,1241,0,0.0,0.0,0,0.0,0.0,false
yellow_trip_hourly,52,history,history_le_64,58,1241,0,0.0,0.0,0,0.0,0.0,false
yellow_trip_hourly,52,history,history_le_64,59,1241,0,0.0,0.0,0,0.0,0.0,false
yellow_trip_hourly,52,history,history_le_64,60,1241,0,0.0,0.0,0,0.0,0.0,false
yellow_trip_hourly,52,history,history_le_64,61,1241,0,0.0,0.0,0,0.0,0.0,false
yellow_trip_hourly,52,history,history_le_64,62,1241,0,0.0,0.0,0,0.0,0.0,false
yellow_trip_hourly,52,history,history_le_64,63,1241,0,0.0,0.0,0,0.0,0.0,false
yellow_trip_hourly,52,overall,overall,0,8268,1833,0.055424528301886794,0.22169811320754718,26,0.0031446540880503146,0.627026379384828,true
yellow_trip_hourly,52,overall,overall,1,8268,0,0.0,0.0,0,0.0,0.0,false
yellow_trip_hourly,52,overall,overall,2,8268,0,0.0,0.0,0,0.0,0.0,false
yellow_trip_hourly,52,overall,overall,3,8268,511,0.015451136913401064,0.061804547653604255,117,0.014150943396226415,0.12967585327573952,true
yellow_trip_hourly,52,overall,overall,4,8268,0,0.0,0.0,0,0.0,0.0,false
yellow_trip_hourly,52,overall,overall,5,8268,0,0.0,0.0,0,0.0,0.0,false
yellow_trip_hourly,52,overall,overall,6,8268,0,0.0,0.0,0,0.0,0.0,false
yellow_trip_hourly,52,overall,overall,7,8268,0,0.0,0.0,0,0.0,0.0,false
yellow_trip_hourly,52,overall,overall,8,8268,6,0.000181422351233672,0.000725689404934688,0,0.0,0.09191135317087173,true
yellow_trip_hourly,52,overall,overall,9,8268,0,0.0,0.0,0,0.0,0.0,false
yellow_trip_hourly,52,overall,overall,10,8268,3664,0.1107885824866957,0.4431543299467828,1572,0.19013062409288825,0.6842734746423481,true
yellow_trip_hourly,52,overall,overall,11,8268,4,0.00012094823415578132,0.0004837929366231253,0,0.0,0.1745558176189661,true
yellow_trip_hourly,52,overall,overall,12,8268,0,0.0,0.0,0,0.0,0.0,false
yellow_trip_hourly,52,overall,overall,13,8268,0,0.0,0.0,0,0.0,0.0,false
yellow_trip_hourly,52,overall,overall,14,8268,0,0.0,0.0,0,0.0,0.0,false
yellow_trip_hourly,52,overall,overall,15,8268,0,0.0,0.0,0,0.0,0.0,false
yellow_trip_hourly,52,overall,overall,16,8268,534,0.01614658925979681,0.06458635703918723,3,0.000362844702467344,0.29214254815536045,true
yellow_trip_hourly,52,overall,overall,17,8268,3118,0.09427914852443155,0.3771165940977262,23,0.0027818093855829706,0.44048679990167033,true
yellow_trip_hourly,52,overall,overall,18,8268,38,0.0011490082244799227,0.004596032897919691,7,0.0008466376390904693,0.10630667072377707,true
yellow_trip_hourly,52,overall,overall,19,8268,0,0.0,0.0,0,0.0,0.0,false
yellow_trip_hourly,52,overall,overall,20,8268,67,0.0020258829221093374,0.00810353168843735,0,0.0,0.23004738252554366,true
yellow_trip_hourly,52,overall,overall,21,8268,0,0.0,0.0,0,0.0,0.0,false
yellow_trip_hourly,52,overall,overall,22,8268,3551,0.10737179487179487,0.42948717948717946,80,0.009675858732462506,0.6469259795018634,true
yellow_trip_hourly,52,overall,overall,23,8268,0,0.0,0.0,0,0.0,0.0,false
yellow_trip_hourly,52,overall,overall,24,8268,8,0.00024189646831156264,0.0009675858732462506,0,0.0,0.10618285648524761,true
yellow_trip_hourly,52,overall,overall,25,8268,0,0.0,0.0,0,0.0,0.0,false
yellow_trip_hourly,52,overall,overall,26,8268,126,0.003809869375907112,0.015239477503628448,12,0.001451378809869376,0.09481762527000337,true
yellow_trip_hourly,52,overall,overall,27,8268,3149,0.09521649733913885,0.3808659893565554,2821,0.3411949685534591,0.5165027567236035,true
yellow_trip_hourly,52,overall,overall,28,8268,7,0.00021165940977261731,0.0008466376390904693,0,0.0,0.09658690754856382,true
yellow_trip_hourly,52,overall,overall,29,8268,43,0.0013001935171746493,0.005200774068698597,0,0.0,0.0952745275788529,true
yellow_trip_hourly,52,overall,overall,30,8268,0,0.0,0.0,0,0.0,0.0,false
yellow_trip_hourly,52,overall,overall,31,8268,0,0.0,0.0,0,0.0,0.0,false
yellow_trip_hourly,52,overall,overall,32,8268,0,0.0,0.0,0,0.0,0.0,false
yellow_trip_hourly,52,overall,overall,33,8268,84,0.0025399129172714078,0.010159651669085631,15,0.00181422351233672,0.17336729869601272,true
yellow_trip_hourly,52,overall,overall,34,8268,0,0.0,0.0,0,0.0,0.0,false
yellow_trip_hourly,52,overall,overall,35,8268,0,0.0,0.0,0,0.0,0.0,false
yellow_trip_hourly,52,overall,overall,36,8268,0,0.0,0.0,0,0.0,0.0,false
yellow_trip_hourly,52,overall,overall,37,8268,0,0.0,0.0,0,0.0,0.0,false
yellow_trip_hourly,52,overall,overall,38,8268,0,0.0,0.0,0,0.0,0.0,false
yellow_trip_hourly,52,overall,overall,39,8268,0,0.0,0.0,0,0.0,0.0,false
yellow_trip_hourly,52,overall,overall,40,8268,138,0.0041727140783744555,0.016690856313497822,0,0.0,0.35087917939476343,true
yellow_trip_hourly,52,overall,overall,41,8268,4175,0.12623971940009676,0.504958877600387,682,0.08248669569424287,0.633191467680617,true
yellow_trip_hourly,52,overall,overall,42,8268,172,0.005200774068698597,0.02080309627479439,0,0.0,0.10665083369023579,true
yellow_trip_hourly,52,overall,overall,43,8268,0,0.0,0.0,0,0.0,0.0,false
yellow_trip_hourly,52,overall,overall,44,8268,0,0.0,0.0,0,0.0,0.0,false
yellow_trip_hourly,52,overall,overall,45,8268,83,0.0025096758587324626,0.01003870343492985,0,0.0,0.08073122960975371,true
yellow_trip_hourly,52,overall,overall,46,8268,506,0.015299951620706338,0.06119980648282535,0,0.0,0.6574041957676175,true
yellow_trip_hourly,52,overall,overall,47,8268,1153,0.03486332849540397,0.13945331398161587,121,0.01463473633284954,0.43169751658660893,true
yellow_trip_hourly,52,overall,overall,48,8268,1718,0.05194726656990808,0.2077890662796323,1335,0.16146589259796806,0.7785317360730332,true
yellow_trip_hourly,52,overall,overall,49,8268,0,0.0,0.0,0,0.0,0.0,false
yellow_trip_hourly,52,overall,overall,50,8268,0,0.0,0.0,0,0.0,0.0,false
yellow_trip_hourly,52,overall,overall,51,8268,1,0.00003023705853894533,0.00012094823415578132,0,0.0,0.38234156370162964,true
yellow_trip_hourly,52,overall,overall,52,8268,1451,0.04387397194000968,0.17549588776003872,1115,0.13485728108369618,0.3715569623877557,true
yellow_trip_hourly,52,overall,overall,53,8268,0,0.0,0.0,0,0.0,0.0,false
yellow_trip_hourly,52,overall,overall,54,8268,3057,0.09243468795355587,0.3697387518142235,0,0.0,0.45258441747531497,true
yellow_trip_hourly,52,overall,overall,55,8268,559,0.01690251572327044,0.06761006289308176,0,0.0,0.17793094774638177,true
yellow_trip_hourly,52,overall,overall,56,8268,0,0.0,0.0,0,0.0,0.0,false
yellow_trip_hourly,52,overall,overall,57,8268,0,0.0,0.0,0,0.0,0.0,false
yellow_trip_hourly,52,overall,overall,58,8268,0,0.0,0.0,0,0.0,0.0,false
yellow_trip_hourly,52,overall,overall,59,8268,2,0.00006047411707789066,0.00024189646831156264,0,0.0,0.1122620552778244,true
yellow_trip_hourly,52,overall,overall,60,8268,0,0.0,0.0,0,0.0,0.0,false
yellow_trip_hourly,52,overall,overall,61,8268,0,0.0,0.0,0,0.0,0.0,false
yellow_trip_hourly,52,overall,overall,62,8268,0,0.0,0.0,0,0.0,0.0,false
yellow_trip_hourly,52,overall,overall,63,8268,3314,0.10020561199806483,0.4008224479922593,339,0.04100145137880987,0.3943762386810118,true
yellow_trip_hourly,52,quantity,gt_p99,0,79,0,0.0,0.0,0,0.0,0.0,false
yellow_trip_hourly,52,quantity,gt_p99,1,79,0,0.0,0.0,0,0.0,0.0,false
yellow_trip_hourly,52,quantity,gt_p99,2,79,0,0.0,0.0,0,0.0,0.0,false
yellow_trip_hourly,52,quantity,gt_p99,3,79,0,0.0,0.0,0,0.0,0.0,false
yellow_trip_hourly,52,quantity,gt_p99,4,79,0,0.0,0.0,0,0.0,0.0,false
yellow_trip_hourly,52,quantity,gt_p99,5,79,0,0.0,0.0,0,0.0,0.0,false
yellow_trip_hourly,52,quantity,gt_p99,6,79,0,0.0,0.0,0,0.0,0.0,false
yellow_trip_hourly,52,quantity,gt_p99,7,79,0,0.0,0.0,0,0.0,0.0,false
yellow_trip_hourly,52,quantity,gt_p99,8,79,0,0.0,0.0,0,0.0,0.0,false
yellow_trip_hourly,52,quantity,gt_p99,9,79,0,0.0,0.0,0,0.0,0.0,false
yellow_trip_hourly,52,quantity,gt_p99,10,79,0,0.0,0.0,0,0.0,0.0,false
yellow_trip_hourly,52,quantity,gt_p99,11,79,0,0.0,0.0,0,0.0,0.0,false
yellow_trip_hourly,52,quantity,gt_p99,12,79,0,0.0,0.0,0,0.0,0.0,false
yellow_trip_hourly,52,quantity,gt_p99,13,79,0,0.0,0.0,0,0.0,0.0,false
yellow_trip_hourly,52,quantity,gt_p99,14,79,0,0.0,0.0,0,0.0,0.0,false
yellow_trip_hourly,52,quantity,gt_p99,15,79,0,0.0,0.0,0,0.0,0.0,false
yellow_trip_hourly,52,quantity,gt_p99,16,79,0,0.0,0.0,0,0.0,0.0,false
yellow_trip_hourly,52,quantity,gt_p99,17,79,79,0.25,1.0,0,0.0,0.6184537795525563,true
yellow_trip_hourly,52,quantity,gt_p99,18,79,0,0.0,0.0,0,0.0,0.0,false
yellow_trip_hourly,52,quantity,gt_p99,19,79,0,0.0,0.0,0,0.0,0.0,false
yellow_trip_hourly,52,quantity,gt_p99,20,79,0,0.0,0.0,0,0.0,0.0,false
yellow_trip_hourly,52,quantity,gt_p99,21,79,0,0.0,0.0,0,0.0,0.0,false
yellow_trip_hourly,52,quantity,gt_p99,22,79,0,0.0,0.0,0,0.0,0.0,false
yellow_trip_hourly,52,quantity,gt_p99,23,79,0,0.0,0.0,0,0.0,0.0,false
yellow_trip_hourly,52,quantity,gt_p99,24,79,0,0.0,0.0,0,0.0,0.0,false
yellow_trip_hourly,52,quantity,gt_p99,25,79,0,0.0,0.0,0,0.0,0.0,false
yellow_trip_hourly,52,quantity,gt_p99,26,79,0,0.0,0.0,0,0.0,0.0,false
yellow_trip_hourly,52,quantity,gt_p99,27,79,79,0.25,1.0,79,1.0,0.7391244769096375,true
yellow_trip_hourly,52,quantity,gt_p99,28,79,0,0.0,0.0,0,0.0,0.0,false
yellow_trip_hourly,52,quantity,gt_p99,29,79,0,0.0,0.0,0,0.0,0.0,false
yellow_trip_hourly,52,quantity,gt_p99,30,79,0,0.0,0.0,0,0.0,0.0,false
yellow_trip_hourly,52,quantity,gt_p99,31,79,0,0.0,0.0,0,0.0,0.0,false
yellow_trip_hourly,52,quantity,gt_p99,32,79,0,0.0,0.0,0,0.0,0.0,false
yellow_trip_hourly,52,quantity,gt_p99,33,79,0,0.0,0.0,0,0.0,0.0,false
yellow_trip_hourly,52,quantity,gt_p99,34,79,0,0.0,0.0,0,0.0,0.0,false
yellow_trip_hourly,52,quantity,gt_p99,35,79,0,0.0,0.0,0,0.0,0.0,false
yellow_trip_hourly,52,quantity,gt_p99,36,79,0,0.0,0.0,0,0.0,0.0,false
yellow_trip_hourly,52,quantity,gt_p99,37,79,0,0.0,0.0,0,0.0,0.0,false
yellow_trip_hourly,52,quantity,gt_p99,38,79,0,0.0,0.0,0,0.0,0.0,false
yellow_trip_hourly,52,quantity,gt_p99,39,79,0,0.0,0.0,0,0.0,0.0,false
yellow_trip_hourly,52,quantity,gt_p99,40,79,0,0.0,0.0,0,0.0,0.0,false
yellow_trip_hourly,52,quantity,gt_p99,41,79,0,0.0,0.0,0,0.0,0.0,false
yellow_trip_hourly,52,quantity,gt_p99,42,79,0,0.0,0.0,0,0.0,0.0,false
yellow_trip_hourly,52,quantity,gt_p99,43,79,0,0.0,0.0,0,0.0,0.0,false
yellow_trip_hourly,52,quantity,gt_p99,44,79,0,0.0,0.0,0,0.0,0.0,false
yellow_trip_hourly,52,quantity,gt_p99,45,79,0,0.0,0.0,0,0.0,0.0,false
yellow_trip_hourly,52,quantity,gt_p99,46,79,0,0.0,0.0,0,0.0,0.0,false
yellow_trip_hourly,52,quantity,gt_p99,47,79,0,0.0,0.0,0,0.0,0.0,false
yellow_trip_hourly,52,quantity,gt_p99,48,79,0,0.0,0.0,0,0.0,0.0,false
yellow_trip_hourly,52,quantity,gt_p99,49,79,0,0.0,0.0,0,0.0,0.0,false
yellow_trip_hourly,52,quantity,gt_p99,50,79,0,0.0,0.0,0,0.0,0.0,false
yellow_trip_hourly,52,quantity,gt_p99,51,79,0,0.0,0.0,0,0.0,0.0,false
yellow_trip_hourly,52,quantity,gt_p99,52,79,0,0.0,0.0,0,0.0,0.0,false
yellow_trip_hourly,52,quantity,gt_p99,53,79,0,0.0,0.0,0,0.0,0.0,false
yellow_trip_hourly,52,quantity,gt_p99,54,79,79,0.25,1.0,0,0.0,0.6295191615442687,true
yellow_trip_hourly,52,quantity,gt_p99,55,79,0,0.0,0.0,0,0.0,0.0,false
yellow_trip_hourly,52,quantity,gt_p99,56,79,0,0.0,0.0,0,0.0,0.0,false
yellow_trip_hourly,52,quantity,gt_p99,57,79,0,0.0,0.0,0,0.0,0.0,false
yellow_trip_hourly,52,quantity,gt_p99,58,79,0,0.0,0.0,0,0.0,0.0,false
yellow_trip_hourly,52,quantity,gt_p99,59,79,0,0.0,0.0,0,0.0,0.0,false
yellow_trip_hourly,52,quantity,gt_p99,60,79,0,0.0,0.0,0,0.0,0.0,false
yellow_trip_hourly,52,quantity,gt_p99,61,79,0,0.0,0.0,0,0.0,0.0,false
yellow_trip_hourly,52,quantity,gt_p99,62,79,0,0.0,0.0,0,0.0,0.0,false
yellow_trip_hourly,52,quantity,gt_p99,63,79,79,0.25,1.0,0,0.0,0.5463823464852345,true
yellow_trip_hourly,52,quantity,le_p50,0,4364,1724,0.09876260311640697,0.3950504124656279,24,0.005499541704857928,0.6329467105409109,true
yellow_trip_hourly,52,quantity,le_p50,1,4364,0,0.0,0.0,0,0.0,0.0,false
yellow_trip_hourly,52,quantity,le_p50,2,4364,0,0.0,0.0,0,0.0,0.0,false
yellow_trip_hourly,52,quantity,le_p50,3,4364,89,0.005098533455545371,0.020394133822181484,30,0.0068744271310724105,0.1622568845246615,true
yellow_trip_hourly,52,quantity,le_p50,4,4364,0,0.0,0.0,0,0.0,0.0,false
yellow_trip_hourly,52,quantity,le_p50,5,4364,0,0.0,0.0,0,0.0,0.0,false
yellow_trip_hourly,52,quantity,le_p50,6,4364,0,0.0,0.0,0,0.0,0.0,false
yellow_trip_hourly,52,quantity,le_p50,7,4364,0,0.0,0.0,0,0.0,0.0,false
yellow_trip_hourly,52,quantity,le_p50,8,4364,2,0.00011457378551787351,0.00045829514207149406,0,0.0,0.09464194998145103,true
yellow_trip_hourly,52,quantity,le_p50,9,4364,0,0.0,0.0,0,0.0,0.0,false
yellow_trip_hourly,52,quantity,le_p50,10,4364,3608,0.20669110907424382,0.8267644362969753,1556,0.3565536205316224,0.685530793706488,true
yellow_trip_hourly,52,quantity,le_p50,11,4364,1,0.00005728689275893676,0.00022914757103574703,0,0.0,0.23609434068202972,true
yellow_trip_hourly,52,quantity,le_p50,12,4364,0,0.0,0.0,0,0.0,0.0,false
yellow_trip_hourly,52,quantity,le_p50,13,4364,0,0.0,0.0,0,0.0,0.0,false
yellow_trip_hourly,52,quantity,le_p50,14,4364,0,0.0,0.0,0,0.0,0.0,false
yellow_trip_hourly,52,quantity,le_p50,15,4364,0,0.0,0.0,0,0.0,0.0,false
yellow_trip_hourly,52,quantity,le_p50,16,4364,267,0.015295600366636113,0.06118240146654445,2,0.00045829514207149406,0.3412677012523462,true
yellow_trip_hourly,52,quantity,le_p50,17,4364,12,0.000687442713107241,0.002749770852428964,0,0.0,0.22416137779752413,true
yellow_trip_hourly,52,quantity,le_p50,18,4364,8,0.00045829514207149406,0.0018331805682859762,1,0.00022914757103574703,0.12494998890906572,true
yellow_trip_hourly,52,quantity,le_p50,19,4364,0,0.0,0.0,0,0.0,0.0,false
yellow_trip_hourly,52,quantity,le_p50,20,4364,47,0.0026924839596700273,0.01076993583868011,0,0.0,0.24630644045611647,true
yellow_trip_hourly,52,quantity,le_p50,21,4364,0,0.0,0.0,0,0.0,0.0,false
yellow_trip_hourly,52,quantity,le_p50,22,4364,3466,0.1985563703024748,0.7942254812098992,73,0.016727772685609533,0.650250765177396,true
yellow_trip_hourly,52,quantity,le_p50,23,4364,0,0.0,0.0,0,0.0,0.0,false
yellow_trip_hourly,52,quantity,le_p50,24,4364,3,0.00017186067827681026,0.000687442713107241,0,0.0,0.12919862568378448,true
yellow_trip_hourly,52,quantity,le_p50,25,4364,0,0.0,0.0,0,0.0,0.0,false
yellow_trip_hourly,52,quantity,le_p50,26,4364,8,0.00045829514207149406,0.0018331805682859762,2,0.00045829514207149406,0.09502015821635723,true
yellow_trip_hourly,52,quantity,le_p50,27,4364,31,0.0017758936755270394,0.007103574702108158,18,0.004124656278643446,0.24824137456955447,true
yellow_trip_hourly,52,quantity,le_p50,28,4364,4,0.00022914757103574703,0.0009165902841429881,0,0.0,0.09394467063248158,true
yellow_trip_hourly,52,quantity,le_p50,29,4364,4,0.00022914757103574703,0.0009165902841429881,0,0.0,0.09301013685762882,true
yellow_trip_hourly,52,quantity,le_p50,30,4364,0,0.0,0.0,0,0.0,0.0,false
yellow_trip_hourly,52,quantity,le_p50,31,4364,0,0.0,0.0,0,0.0,0.0,false
yellow_trip_hourly,52,quantity,le_p50,32,4364,0,0.0,0.0,0,0.0,0.0,false
yellow_trip_hourly,52,quantity,le_p50,33,4364,33,0.001890467461044913,0.007561869844179652,7,0.0016040329972502293,0.18345775387503885,true
yellow_trip_hourly,52,quantity,le_p50,34,4364,0,0.0,0.0,0,0.0,0.0,false
yellow_trip_hourly,52,quantity,le_p50,35,4364,0,0.0,0.0,0,0.0,0.0,false
yellow_trip_hourly,52,quantity,le_p50,36,4364,0,0.0,0.0,0,0.0,0.0,false
yellow_trip_hourly,52,quantity,le_p50,37,4364,0,0.0,0.0,0,0.0,0.0,false
yellow_trip_hourly,52,quantity,le_p50,38,4364,0,0.0,0.0,0,0.0,0.0,false
yellow_trip_hourly,52,quantity,le_p50,39,4364,0,0.0,0.0,0,0.0,0.0,false
yellow_trip_hourly,52,quantity,le_p50,40,4364,88,0.005041246562786435,0.02016498625114574,0,0.0,0.35420285300775006,true
yellow_trip_hourly,52,quantity,le_p50,41,4364,3997,0.22897571035747022,0.9159028414298809,640,0.1466544454628781,0.6393505041006359,true
yellow_trip_hourly,52,quantity,le_p50,42,4364,24,0.001374885426214482,0.005499541704857928,0,0.0,0.11062864928195874,true
yellow_trip_hourly,52,quantity,le_p50,43,4364,0,0.0,0.0,0,0.0,0.0,false
yellow_trip_hourly,52,quantity,le_p50,44,4364,0,0.0,0.0,0,0.0,0.0,false
yellow_trip_hourly,52,quantity,le_p50,45,4364,5,0.00028643446379468377,0.001145737855178735,0,0.0,0.07998864948749543,true
yellow_trip_hourly,52,quantity,le_p50,46,4364,495,0.028357011915673695,0.11342804766269478,0,0.0,0.6587763189065335,true
yellow_trip_hourly,52,quantity,le_p50,47,4364,798,0.04571494042163153,0.18285976168652612,105,0.024060494958753436,0.4744419909192058,true
yellow_trip_hourly,52,quantity,le_p50,48,4364,1709,0.09790329972502292,0.39161319890009166,1334,0.3056828597616865,0.7806074070069021,true
yellow_trip_hourly,52,quantity,le_p50,49,4364,0,0.0,0.0,0,0.0,0.0,false
yellow_trip_hourly,52,quantity,le_p50,50,4364,0,0.0,0.0,0,0.0,0.0,false
yellow_trip_hourly,52,quantity,le_p50,51,4364,1,0.00005728689275893676,0.00022914757103574703,0,0.0,0.38234156370162964,true
yellow_trip_hourly,52,quantity,le_p50,52,4364,788,0.04514207149404216,0.18056828597616864,567,0.12992667277726855,0.4498471244224134,true
yellow_trip_hourly,52,quantity,le_p50,53,4364,0,0.0,0.0,0,0.0,0.0,false
yellow_trip_hourly,52,quantity,le_p50,54,4364,24,0.001374885426214482,0.005499541704857928,0,0.0,0.24399784362564483,true
yellow_trip_hourly,52,quantity,le_p50,55,4364,170,0.009738771769019248,0.03895508707607699,0,0.0,0.2122607480515452,true
yellow_trip_hourly,52,quantity,le_p50,56,4364,0,0.0,0.0,0,0.0,0.0,false
yellow_trip_hourly,52,quantity,le_p50,57,4364,0,0.0,0.0,0,0.0,0.0,false
yellow_trip_hourly,52,quantity,le_p50,58,4364,0,0.0,0.0,0,0.0,0.0,false
yellow_trip_hourly,52,quantity,le_p50,59,4364,2,0.00011457378551787351,0.00045829514207149406,0,0.0,0.1122620552778244,true
yellow_trip_hourly,52,quantity,le_p50,60,4364,0,0.0,0.0,0,0.0,0.0,false
yellow_trip_hourly,52,quantity,le_p50,61,4364,0,0.0,0.0,0,0.0,0.0,false
yellow_trip_hourly,52,quantity,le_p50,62,4364,0,0.0,0.0,0,0.0,0.0,false
yellow_trip_hourly,52,quantity,le_p50,63,4364,48,0.002749770852428964,0.010999083409715857,5,0.001145737855178735,0.18196948012337089,true
yellow_trip_hourly,52,quantity,p50_p90,0,3138,109,0.008683875079668578,0.03473550031867431,2,0.0006373486297004461,0.5333873801821962,true
yellow_trip_hourly,52,quantity,p50_p90,1,3138,0,0.0,0.0,0,0.0,0.0,false
yellow_trip_hourly,52,quantity,p50_p90,2,3138,0,0.0,0.0,0,0.0,0.0,false
yellow_trip_hourly,52,quantity,p50_p90,3,3138,422,0.033620140216698534,0.13448056086679414,87,0.027724665391969407,0.12280449834409483,true
yellow_trip_hourly,52,quantity,p50_p90,4,3138,0,0.0,0.0,0,0.0,0.0,false
yellow_trip_hourly,52,quantity,p50_p90,5,3138,0,0.0,0.0,0,0.0,0.0,false
yellow_trip_hourly,52,quantity,p50_p90,6,3138,0,0.0,0.0,0,0.0,0.0,false
yellow_trip_hourly,52,quantity,p50_p90,7,3138,0,0.0,0.0,0,0.0,0.0,false
yellow_trip_hourly,52,quantity,p50_p90,8,3138,4,0.00031867431485022306,0.0012746972594008922,0,0.0,0.09054605476558208,true
yellow_trip_hourly,52,quantity,p50_p90,9,3138,0,0.0,0.0,0,0.0,0.0,false
yellow_trip_hourly,52,quantity,p50_p90,10,3138,56,0.004461440407903123,0.017845761631612493,16,0.005098789037603569,0.6032662035099098,true
yellow_trip_hourly,52,quantity,p50_p90,11,3138,3,0.0002390057361376673,0.0009560229445506692,0,0.0,0.1540429765979449,true
yellow_trip_hourly,52,quantity,p50_p90,12,3138,0,0.0,0.0,0,0.0,0.0,false
yellow_trip_hourly,52,quantity,p50_p90,13,3138,0,0.0,0.0,0,0.0,0.0,false
yellow_trip_hourly,52,quantity,p50_p90,14,3138,0,0.0,0.0,0,0.0,0.0,false
yellow_trip_hourly,52,quantity,p50_p90,15,3138,0,0.0,0.0,0,0.0,0.0,false
yellow_trip_hourly,52,quantity,p50_p90,16,3138,267,0.02127151051625239,0.08508604206500955,1,0.00031867431485022306,0.24301739505837472,true
yellow_trip_hourly,52,quantity,p50_p90,17,3138,2340,0.1864244741873805,0.745697896749522,23,0.007329509241555131,0.3881771273369718,true
yellow_trip_hourly,52,quantity,p50_p90,18,3138,30,0.002390057361376673,0.009560229445506692,6,0.0019120458891013384,0.1013351192077001,true
yellow_trip_hourly,52,quantity,p50_p90,19,3138,0,0.0,0.0,0,0.0,0.0,false
yellow_trip_hourly,52,quantity,p50_p90,20,3138,20,0.0015933715742511153,0.006373486297004461,0,0.0,0.19183859638869763,true
yellow_trip_hourly,52,quantity,p50_p90,21,3138,0,0.0,0.0,0,0.0,0.0,false
yellow_trip_hourly,52,quantity,p50_p90,22,3138,85,0.00677182919056724,0.02708731676226896,7,0.0022307202039515616,0.5113529541913201,true
yellow_trip_hourly,52,quantity,p50_p90,23,3138,0,0.0,0.0,0,0.0,0.0,false
yellow_trip_hourly,52,quantity,p50_p90,24,3138,5,0.0003983428935627788,0.0015933715742511153,0,0.0,0.09237339496612548,true
yellow_trip_hourly,52,quantity,p50_p90,25,3138,0,0.0,0.0,0,0.0,0.0,false
yellow_trip_hourly,52,quantity,p50_p90,26,3138,118,0.00940089228808158,0.03760356915232632,10,0.0031867431485022306,0.09480389422279294,true
yellow_trip_hourly,52,quantity,p50_p90,27,3138,2352,0.18738049713193117,0.7495219885277247,2037,0.6491395793499044,0.4534840188020853,true
yellow_trip_hourly,52,quantity,p50_p90,28,3138,3,0.0002390057361376673,0.0009560229445506692,0,0.0,0.10010989010334015,true
yellow_trip_hourly,52,quantity,p50_p90,29,3138,39,0.003107074569789675,0.0124282982791587,0,0.0,0.09550677278102973,true
yellow_trip_hourly,52,quantity,p50_p90,30,3138,0,0.0,0.0,0,0.0,0.0,false
yellow_trip_hourly,52,quantity,p50_p90,31,3138,0,0.0,0.0,0,0.0,0.0,false
yellow_trip_hourly,52,quantity,p50_p90,32,3138,0,0.0,0.0,0,0.0,0.0,false
yellow_trip_hourly,52,quantity,p50_p90,33,3138,51,0.0040630975143403445,0.016252390057361378,8,0.0025493945188017845,0.16683818063899583,true
yellow_trip_hourly,52,quantity,p50_p90,34,3138,0,0.0,0.0,0,0.0,0.0,false
yellow_trip_hourly,52,quantity,p50_p90,35,3138,0,0.0,0.0,0,0.0,0.0,false
yellow_trip_hourly,52,quantity,p50_p90,36,3138,0,0.0,0.0,0,0.0,0.0,false
yellow_trip_hourly,52,quantity,p50_p90,37,3138,0,0.0,0.0,0,0.0,0.0,false
yellow_trip_hourly,52,quantity,p50_p90,38,3138,0,0.0,0.0,0,0.0,0.0,false
yellow_trip_hourly,52,quantity,p50_p90,39,3138,0,0.0,0.0,0,0.0,0.0,false
yellow_trip_hourly,52,quantity,p50_p90,40,3138,50,0.003983428935627789,0.015933715742511154,0,0.0,0.34502951383590696,true
yellow_trip_hourly,52,quantity,p50_p90,41,3138,178,0.014181007010834927,0.05672402804333971,42,0.01338432122370937,0.4948899588558111,true
yellow_trip_hourly,52,quantity,p50_p90,42,3138,148,0.011790949649458253,0.04716379859783301,0,0.0,0.10600578251319963,true
yellow_trip_hourly,52,quantity,p50_p90,43,3138,0,0.0,0.0,0,0.0,0.0,false
yellow_trip_hourly,52,quantity,p50_p90,44,3138,0,0.0,0.0,0,0.0,0.0,false
yellow_trip_hourly,52,quantity,p50_p90,45,3138,78,0.00621414913957935,0.0248565965583174,0,0.0,0.08077883089964207,true
yellow_trip_hourly,52,quantity,p50_p90,46,3138,11,0.0008763543658381135,0.003505417463352454,0,0.0,0.5956586545163934,true
yellow_trip_hourly,52,quantity,p50_p90,47,3138,355,0.028282345442957296,0.11312938177182918,16,0.005098789037603569,0.3356127545657292,true
yellow_trip_hourly,52,quantity,p50_p90,48,3138,9,0.0007170172084130019,0.0028680688336520078,1,0.00031867431485022306,0.3843848887417052,true
yellow_trip_hourly,52,quantity,p50_p90,49,3138,0,0.0,0.0,0,0.0,0.0,false
yellow_trip_hourly,52,quantity,p50_p90,50,3138,0,0.0,0.0,0,0.0,0.0,false
yellow_trip_hourly,52,quantity,p50_p90,51,3138,0,0.0,0.0,0,0.0,0.0,false
yellow_trip_hourly,52,quantity,p50_p90,52,3138,663,0.05282026768642448,0.2112810707456979,548,0.17463352453792225,0.27850621173419565,true
yellow_trip_hourly,52,quantity,p50_p90,53,3138,0,0.0,0.0,0,0.0,0.0,false
yellow_trip_hourly,52,quantity,p50_p90,54,3138,2267,0.18060866794136393,0.7224346717654557,0,0.0,0.39997180520068404,true
yellow_trip_hourly,52,quantity,p50_p90,55,3138,389,0.030991077119184193,0.12396430847673677,0,0.0,0.1629282072531227,true
yellow_trip_hourly,52,quantity,p50_p90,56,3138,0,0.0,0.0,0,0.0,0.0,false
yellow_trip_hourly,52,quantity,p50_p90,57,3138,0,0.0,0.0,0,0.0,0.0,false
yellow_trip_hourly,52,quantity,p50_p90,58,3138,0,0.0,0.0,0,0.0,0.0,false
yellow_trip_hourly,52,quantity,p50_p90,59,3138,0,0.0,0.0,0,0.0,0.0,false
yellow_trip_hourly,52,quantity,p50_p90,60,3138,0,0.0,0.0,0,0.0,0.0,false
yellow_trip_hourly,52,quantity,p50_p90,61,3138,0,0.0,0.0,0,0.0,0.0,false
yellow_trip_hourly,52,quantity,p50_p90,62,3138,0,0.0,0.0,0,0.0,0.0,false
yellow_trip_hourly,52,quantity,p50_p90,63,3138,2500,0.19917144678138943,0.7966857871255577,334,0.1064372211599745,0.35446777403354646,true
yellow_trip_hourly,52,quantity,p90_p95,0,386,0,0.0,0.0,0,0.0,0.0,false
yellow_trip_hourly,52,quantity,p90_p95,1,386,0,0.0,0.0,0,0.0,0.0,false
yellow_trip_hourly,52,quantity,p90_p95,2,386,0,0.0,0.0,0,0.0,0.0,false
yellow_trip_hourly,52,quantity,p90_p95,3,386,0,0.0,0.0,0,0.0,0.0,false
yellow_trip_hourly,52,quantity,p90_p95,4,386,0,0.0,0.0,0,0.0,0.0,false
yellow_trip_hourly,52,quantity,p90_p95,5,386,0,0.0,0.0,0,0.0,0.0,false
yellow_trip_hourly,52,quantity,p90_p95,6,386,0,0.0,0.0,0,0.0,0.0,false
yellow_trip_hourly,52,quantity,p90_p95,7,386,0,0.0,0.0,0,0.0,0.0,false
yellow_trip_hourly,52,quantity,p90_p95,8,386,0,0.0,0.0,0,0.0,0.0,false
yellow_trip_hourly,52,quantity,p90_p95,9,386,0,0.0,0.0,0,0.0,0.0,false
yellow_trip_hourly,52,quantity,p90_p95,10,386,0,0.0,0.0,0,0.0,0.0,false
yellow_trip_hourly,52,quantity,p90_p95,11,386,0,0.0,0.0,0,0.0,0.0,false
yellow_trip_hourly,52,quantity,p90_p95,12,386,0,0.0,0.0,0,0.0,0.0,false
yellow_trip_hourly,52,quantity,p90_p95,13,386,0,0.0,0.0,0,0.0,0.0,false
yellow_trip_hourly,52,quantity,p90_p95,14,386,0,0.0,0.0,0,0.0,0.0,false
yellow_trip_hourly,52,quantity,p90_p95,15,386,0,0.0,0.0,0,0.0,0.0,false
yellow_trip_hourly,52,quantity,p90_p95,16,386,0,0.0,0.0,0,0.0,0.0,false
yellow_trip_hourly,52,quantity,p90_p95,17,386,386,0.25,1.0,0,0.0,0.595411288769134,true
yellow_trip_hourly,52,quantity,p90_p95,18,386,0,0.0,0.0,0,0.0,0.0,false
yellow_trip_hourly,52,quantity,p90_p95,19,386,0,0.0,0.0,0,0.0,0.0,false
yellow_trip_hourly,52,quantity,p90_p95,20,386,0,0.0,0.0,0,0.0,0.0,false
yellow_trip_hourly,52,quantity,p90_p95,21,386,0,0.0,0.0,0,0.0,0.0,false
yellow_trip_hourly,52,quantity,p90_p95,22,386,0,0.0,0.0,0,0.0,0.0,false
yellow_trip_hourly,52,quantity,p90_p95,23,386,0,0.0,0.0,0,0.0,0.0,false
yellow_trip_hourly,52,quantity,p90_p95,24,386,0,0.0,0.0,0,0.0,0.0,false
yellow_trip_hourly,52,quantity,p90_p95,25,386,0,0.0,0.0,0,0.0,0.0,false
yellow_trip_hourly,52,quantity,p90_p95,26,386,0,0.0,0.0,0,0.0,0.0,false
yellow_trip_hourly,52,quantity,p90_p95,27,386,386,0.25,1.0,386,1.0,0.7106425354517804,true
yellow_trip_hourly,52,quantity,p90_p95,28,386,0,0.0,0.0,0,0.0,0.0,false
yellow_trip_hourly,52,quantity,p90_p95,29,386,0,0.0,0.0,0,0.0,0.0,false
yellow_trip_hourly,52,quantity,p90_p95,30,386,0,0.0,0.0,0,0.0,0.0,false
yellow_trip_hourly,52,quantity,p90_p95,31,386,0,0.0,0.0,0,0.0,0.0,false
yellow_trip_hourly,52,quantity,p90_p95,32,386,0,0.0,0.0,0,0.0,0.0,false
yellow_trip_hourly,52,quantity,p90_p95,33,386,0,0.0,0.0,0,0.0,0.0,false
yellow_trip_hourly,52,quantity,p90_p95,34,386,0,0.0,0.0,0,0.0,0.0,false
yellow_trip_hourly,52,quantity,p90_p95,35,386,0,0.0,0.0,0,0.0,0.0,false
yellow_trip_hourly,52,quantity,p90_p95,36,386,0,0.0,0.0,0,0.0,0.0,false
yellow_trip_hourly,52,quantity,p90_p95,37,386,0,0.0,0.0,0,0.0,0.0,false
yellow_trip_hourly,52,quantity,p90_p95,38,386,0,0.0,0.0,0,0.0,0.0,false
yellow_trip_hourly,52,quantity,p90_p95,39,386,0,0.0,0.0,0,0.0,0.0,false
yellow_trip_hourly,52,quantity,p90_p95,40,386,0,0.0,0.0,0,0.0,0.0,false
yellow_trip_hourly,52,quantity,p90_p95,41,386,0,0.0,0.0,0,0.0,0.0,false
yellow_trip_hourly,52,quantity,p90_p95,42,386,0,0.0,0.0,0,0.0,0.0,false
yellow_trip_hourly,52,quantity,p90_p95,43,386,0,0.0,0.0,0,0.0,0.0,false
yellow_trip_hourly,52,quantity,p90_p95,44,386,0,0.0,0.0,0,0.0,0.0,false
yellow_trip_hourly,52,quantity,p90_p95,45,386,0,0.0,0.0,0,0.0,0.0,false
yellow_trip_hourly,52,quantity,p90_p95,46,386,0,0.0,0.0,0,0.0,0.0,false
yellow_trip_hourly,52,quantity,p90_p95,47,386,0,0.0,0.0,0,0.0,0.0,false
yellow_trip_hourly,52,quantity,p90_p95,48,386,0,0.0,0.0,0,0.0,0.0,false
yellow_trip_hourly,52,quantity,p90_p95,49,386,0,0.0,0.0,0,0.0,0.0,false
yellow_trip_hourly,52,quantity,p90_p95,50,386,0,0.0,0.0,0,0.0,0.0,false
yellow_trip_hourly,52,quantity,p90_p95,51,386,0,0.0,0.0,0,0.0,0.0,false
yellow_trip_hourly,52,quantity,p90_p95,52,386,0,0.0,0.0,0,0.0,0.0,false
yellow_trip_hourly,52,quantity,p90_p95,53,386,0,0.0,0.0,0,0.0,0.0,false
yellow_trip_hourly,52,quantity,p90_p95,54,386,386,0.25,1.0,0,0.0,0.6065685962148281,true
yellow_trip_hourly,52,quantity,p90_p95,55,386,0,0.0,0.0,0,0.0,0.0,false
yellow_trip_hourly,52,quantity,p90_p95,56,386,0,0.0,0.0,0,0.0,0.0,false
yellow_trip_hourly,52,quantity,p90_p95,57,386,0,0.0,0.0,0,0.0,0.0,false
yellow_trip_hourly,52,quantity,p90_p95,58,386,0,0.0,0.0,0,0.0,0.0,false
yellow_trip_hourly,52,quantity,p90_p95,59,386,0,0.0,0.0,0,0.0,0.0,false
yellow_trip_hourly,52,quantity,p90_p95,60,386,0,0.0,0.0,0,0.0,0.0,false
yellow_trip_hourly,52,quantity,p90_p95,61,386,0,0.0,0.0,0,0.0,0.0,false
yellow_trip_hourly,52,quantity,p90_p95,62,386,0,0.0,0.0,0,0.0,0.0,false
yellow_trip_hourly,52,quantity,p90_p95,63,386,386,0.25,1.0,0,0.0,0.5329610588019376,true
yellow_trip_hourly,52,quantity,p95_p99,0,301,0,0.0,0.0,0,0.0,0.0,false
yellow_trip_hourly,52,quantity,p95_p99,1,301,0,0.0,0.0,0,0.0,0.0,false
yellow_trip_hourly,52,quantity,p95_p99,2,301,0,0.0,0.0,0,0.0,0.0,false
yellow_trip_hourly,52,quantity,p95_p99,3,301,0,0.0,0.0,0,0.0,0.0,false
yellow_trip_hourly,52,quantity,p95_p99,4,301,0,0.0,0.0,0,0.0,0.0,false
yellow_trip_hourly,52,quantity,p95_p99,5,301,0,0.0,0.0,0,0.0,0.0,false
yellow_trip_hourly,52,quantity,p95_p99,6,301,0,0.0,0.0,0,0.0,0.0,false
yellow_trip_hourly,52,quantity,p95_p99,7,301,0,0.0,0.0,0,0.0,0.0,false
yellow_trip_hourly,52,quantity,p95_p99,8,301,0,0.0,0.0,0,0.0,0.0,false
yellow_trip_hourly,52,quantity,p95_p99,9,301,0,0.0,0.0,0,0.0,0.0,false
yellow_trip_hourly,52,quantity,p95_p99,10,301,0,0.0,0.0,0,0.0,0.0,false
yellow_trip_hourly,52,quantity,p95_p99,11,301,0,0.0,0.0,0,0.0,0.0,false
yellow_trip_hourly,52,quantity,p95_p99,12,301,0,0.0,0.0,0,0.0,0.0,false
yellow_trip_hourly,52,quantity,p95_p99,13,301,0,0.0,0.0,0,0.0,0.0,false
yellow_trip_hourly,52,quantity,p95_p99,14,301,0,0.0,0.0,0,0.0,0.0,false
yellow_trip_hourly,52,quantity,p95_p99,15,301,0,0.0,0.0,0,0.0,0.0,false
yellow_trip_hourly,52,quantity,p95_p99,16,301,0,0.0,0.0,0,0.0,0.0,false
yellow_trip_hourly,52,quantity,p95_p99,17,301,301,0.25,1.0,0,0.0,0.6103881114345057,true
yellow_trip_hourly,52,quantity,p95_p99,18,301,0,0.0,0.0,0,0.0,0.0,false
yellow_trip_hourly,52,quantity,p95_p99,19,301,0,0.0,0.0,0,0.0,0.0,false
yellow_trip_hourly,52,quantity,p95_p99,20,301,0,0.0,0.0,0,0.0,0.0,false
yellow_trip_hourly,52,quantity,p95_p99,21,301,0,0.0,0.0,0,0.0,0.0,false
yellow_trip_hourly,52,quantity,p95_p99,22,301,0,0.0,0.0,0,0.0,0.0,false
yellow_trip_hourly,52,quantity,p95_p99,23,301,0,0.0,0.0,0,0.0,0.0,false
yellow_trip_hourly,52,quantity,p95_p99,24,301,0,0.0,0.0,0,0.0,0.0,false
yellow_trip_hourly,52,quantity,p95_p99,25,301,0,0.0,0.0,0,0.0,0.0,false
yellow_trip_hourly,52,quantity,p95_p99,26,301,0,0.0,0.0,0,0.0,0.0,false
yellow_trip_hourly,52,quantity,p95_p99,27,301,301,0.25,1.0,301,1.0,0.7291642316552096,true
yellow_trip_hourly,52,quantity,p95_p99,28,301,0,0.0,0.0,0,0.0,0.0,false
yellow_trip_hourly,52,quantity,p95_p99,29,301,0,0.0,0.0,0,0.0,0.0,false
yellow_trip_hourly,52,quantity,p95_p99,30,301,0,0.0,0.0,0,0.0,0.0,false
yellow_trip_hourly,52,quantity,p95_p99,31,301,0,0.0,0.0,0,0.0,0.0,false
yellow_trip_hourly,52,quantity,p95_p99,32,301,0,0.0,0.0,0,0.0,0.0,false
yellow_trip_hourly,52,quantity,p95_p99,33,301,0,0.0,0.0,0,0.0,0.0,false
yellow_trip_hourly,52,quantity,p95_p99,34,301,0,0.0,0.0,0,0.0,0.0,false
yellow_trip_hourly,52,quantity,p95_p99,35,301,0,0.0,0.0,0,0.0,0.0,false
yellow_trip_hourly,52,quantity,p95_p99,36,301,0,0.0,0.0,0,0.0,0.0,false
yellow_trip_hourly,52,quantity,p95_p99,37,301,0,0.0,0.0,0,0.0,0.0,false
yellow_trip_hourly,52,quantity,p95_p99,38,301,0,0.0,0.0,0,0.0,0.0,false
yellow_trip_hourly,52,quantity,p95_p99,39,301,0,0.0,0.0,0,0.0,0.0,false
yellow_trip_hourly,52,quantity,p95_p99,40,301,0,0.0,0.0,0,0.0,0.0,false
yellow_trip_hourly,52,quantity,p95_p99,41,301,0,0.0,0.0,0,0.0,0.0,false
yellow_trip_hourly,52,quantity,p95_p99,42,301,0,0.0,0.0,0,0.0,0.0,false
yellow_trip_hourly,52,quantity,p95_p99,43,301,0,0.0,0.0,0,0.0,0.0,false
yellow_trip_hourly,52,quantity,p95_p99,44,301,0,0.0,0.0,0,0.0,0.0,false
yellow_trip_hourly,52,quantity,p95_p99,45,301,0,0.0,0.0,0,0.0,0.0,false
yellow_trip_hourly,52,quantity,p95_p99,46,301,0,0.0,0.0,0,0.0,0.0,false
yellow_trip_hourly,52,quantity,p95_p99,47,301,0,0.0,0.0,0,0.0,0.0,false
yellow_trip_hourly,52,quantity,p95_p99,48,301,0,0.0,0.0,0,0.0,0.0,false
yellow_trip_hourly,52,quantity,p95_p99,49,301,0,0.0,0.0,0,0.0,0.0,false
yellow_trip_hourly,52,quantity,p95_p99,50,301,0,0.0,0.0,0,0.0,0.0,false
yellow_trip_hourly,52,quantity,p95_p99,51,301,0,0.0,0.0,0,0.0,0.0,false
yellow_trip_hourly,52,quantity,p95_p99,52,301,0,0.0,0.0,0,0.0,0.0,false
yellow_trip_hourly,52,quantity,p95_p99,53,301,0,0.0,0.0,0,0.0,0.0,false
yellow_trip_hourly,52,quantity,p95_p99,54,301,301,0.25,1.0,0,0.0,0.6215649225387067,true
yellow_trip_hourly,52,quantity,p95_p99,55,301,0,0.0,0.0,0,0.0,0.0,false
yellow_trip_hourly,52,quantity,p95_p99,56,301,0,0.0,0.0,0,0.0,0.0,false
yellow_trip_hourly,52,quantity,p95_p99,57,301,0,0.0,0.0,0,0.0,0.0,false
yellow_trip_hourly,52,quantity,p95_p99,58,301,0,0.0,0.0,0,0.0,0.0,false
yellow_trip_hourly,52,quantity,p95_p99,59,301,0,0.0,0.0,0,0.0,0.0,false
yellow_trip_hourly,52,quantity,p95_p99,60,301,0,0.0,0.0,0,0.0,0.0,false
yellow_trip_hourly,52,quantity,p95_p99,61,301,0,0.0,0.0,0,0.0,0.0,false
yellow_trip_hourly,52,quantity,p95_p99,62,301,0,0.0,0.0,0,0.0,0.0,false
yellow_trip_hourly,52,quantity,p95_p99,63,301,301,0.25,1.0,0,0.0,0.5420987069408759,true
yellow_trip_hourly,52,quantity_region,body_le_p95,0,7888,1833,0.05809457403651116,0.23237829614604463,26,0.0032961460446247464,0.627026379384828,true
yellow_trip_hourly,52,quantity_region,body_le_p95,1,7888,0,0.0,0.0,0,0.0,0.0,false
yellow_trip_hourly,52,quantity_region,body_le_p95,2,7888,0,0.0,0.0,0,0.0,0.0,false
yellow_trip_hourly,52,quantity_region,body_le_p95,3,7888,511,0.01619548681541582,0.06478194726166328,117,0.01483265720081136,0.12967585327573952,true
yellow_trip_hourly,52,quantity_region,body_le_p95,4,7888,0,0.0,0.0,0,0.0,0.0,false
yellow_trip_hourly,52,quantity_region,body_le_p95,5,7888,0,0.0,0.0,0,0.0,0.0,false
yellow_trip_hourly,52,quantity_region,body_le_p95,6,7888,0,0.0,0.0,0,0.0,0.0,false
yellow_trip_hourly,52,quantity_region,body_le_p95,7,7888,0,0.0,0.0,0,0.0,0.0,false
yellow_trip_hourly,52,quantity_region,body_le_p95,8,7888,6,0.00019016227180527383,0.0007606490872210953,0,0.0,0.09191135317087173,true
yellow_trip_hourly,52,quantity_region,body_le_p95,9,7888,0,0.0,0.0,0,0.0,0.0,false
yellow_trip_hourly,52,quantity_region,body_le_p95,10,7888,3664,0.11612576064908722,0.4645030425963489,1572,0.19929006085192696,0.6842734746423481,true
yellow_trip_hourly,52,quantity_region,body_le_p95,11,7888,4,0.00012677484787018255,0.0005070993914807302,0,0.0,0.1745558176189661,true
yellow_trip_hourly,52,quantity_region,body_le_p95,12,7888,0,0.0,0.0,0,0.0,0.0,false
yellow_trip_hourly,52,quantity_region,body_le_p95,13,7888,0,0.0,0.0,0,0.0,0.0,false
yellow_trip_hourly,52,quantity_region,body_le_p95,14,7888,0,0.0,0.0,0,0.0,0.0,false
yellow_trip_hourly,52,quantity_region,body_le_p95,15,7888,0,0.0,0.0,0,0.0,0.0,false
yellow_trip_hourly,52,quantity_region,body_le_p95,16,7888,534,0.01692444219066937,0.06769776876267748,3,0.00038032454361054766,0.29214254815536045,true
yellow_trip_hourly,52,quantity_region,body_le_p95,17,7888,2738,0.08677738336713996,0.3471095334685598,23,0.0029158215010141987,0.41667391233271367,true
yellow_trip_hourly,52,quantity_region,body_le_p95,18,7888,38,0.0012043610547667343,0.004817444219066937,7,0.0008874239350912779,0.10630667072377707,true
yellow_trip_hourly,52,quantity_region,body_le_p95,19,7888,0,0.0,0.0,0,0.0,0.0,false
yellow_trip_hourly,52,quantity_region,body_le_p95,20,7888,67,0.002123478701825558,0.008493914807302232,0,0.0,0.23004738252554366,true
yellow_trip_hourly,52,quantity_region,body_le_p95,21,7888,0,0.0,0.0,0,0.0,0.0,false
yellow_trip_hourly,52,quantity_region,body_le_p95,22,7888,3551,0.11254437119675456,0.45017748478701824,80,0.010141987829614604,0.6469259795018634,true
yellow_trip_hourly,52,quantity_region,body_le_p95,23,7888,0,0.0,0.0,0,0.0,0.0,false
yellow_trip_hourly,52,quantity_region,body_le_p95,24,7888,8,0.0002535496957403651,0.0010141987829614604,0,0.0,0.10618285648524761,true
yellow_trip_hourly,52,quantity_region,body_le_p95,25,7888,0,0.0,0.0,0,0.0,0.0,false
yellow_trip_hourly,52,quantity_region,body_le_p95,26,7888,126,0.003993407707910751,0.015973630831643004,12,0.0015212981744421906,0.09481762527000337,true
yellow_trip_hourly,52,quantity_region,body_le_p95,27,7888,2769,0.08775988843813387,0.3510395537525355,2441,0.3094574036511156,0.4870342771825742,true
yellow_trip_hourly,52,quantity_region,body_le_p95,28,7888,7,0.00022185598377281947,0.0008874239350912779,0,0.0,0.09658690754856382,true
yellow_trip_hourly,52,quantity_region,body_le_p95,29,7888,43,0.0013628296146044625,0.00545131845841785,0,0.0,0.0952745275788529,true
yellow_trip_hourly,52,quantity_region,body_le_p95,30,7888,0,0.0,0.0,0,0.0,0.0,false
yellow_trip_hourly,52,quantity_region,body_le_p95,31,7888,0,0.0,0.0,0,0.0,0.0,false
yellow_trip_hourly,52,quantity_region,body_le_p95,32,7888,0,0.0,0.0,0,0.0,0.0,false
yellow_trip_hourly,52,quantity_region,body_le_p95,33,7888,84,0.0026622718052738336,0.010649087221095335,15,0.0019016227180527383,0.17336729869601272,true
yellow_trip_hourly,52,quantity_region,body_le_p95,34,7888,0,0.0,0.0,0,0.0,0.0,false
yellow_trip_hourly,52,quantity_region,body_le_p95,35,7888,0,0.0,0.0,0,0.0,0.0,false
yellow_trip_hourly,52,quantity_region,body_le_p95,36,7888,0,0.0,0.0,0,0.0,0.0,false
yellow_trip_hourly,52,quantity_region,body_le_p95,37,7888,0,0.0,0.0,0,0.0,0.0,false
yellow_trip_hourly,52,quantity_region,body_le_p95,38,7888,0,0.0,0.0,0,0.0,0.0,false
yellow_trip_hourly,52,quantity_region,body_le_p95,39,7888,0,0.0,0.0,0,0.0,0.0,false
yellow_trip_hourly,52,quantity_region,body_le_p95,40,7888,138,0.0043737322515212985,0.017494929006085194,0,0.0,0.35087917939476343,true
yellow_trip_hourly,52,quantity_region,body_le_p95,41,7888,4175,0.13232124746450305,0.5292849898580122,682,0.0864604462474645,0.633191467680617,true
yellow_trip_hourly,52,quantity_region,body_le_p95,42,7888,172,0.00545131845841785,0.0218052738336714,0,0.0,0.10665083369023579,true
yellow_trip_hourly,52,quantity_region,body_le_p95,43,7888,0,0.0,0.0,0,0.0,0.0,false
yellow_trip_hourly,52,quantity_region,body_le_p95,44,7888,0,0.0,0.0,0,0.0,0.0,false
yellow_trip_hourly,52,quantity_region,body_le_p95,45,7888,83,0.002630578093306288,0.010522312373225153,0,0.0,0.08073122960975371,true
yellow_trip_hourly,52,quantity_region,body_le_p95,46,7888,506,0.016037018255578094,0.06414807302231237,0,0.0,0.6574041957676175,true
yellow_trip_hourly,52,quantity_region,body_le_p95,47,7888,1153,0.03654284989858012,0.1461713995943205,121,0.01533975659229209,0.43169751658660893,true
yellow_trip_hourly,52,quantity_region,body_le_p95,48,7888,1718,0.05444979716024341,0.21779918864097364,1335,0.1692444219066937,0.7785317360730332,true
yellow_trip_hourly,52,quantity_region,body_le_p95,49,7888,0,0.0,0.0,0,0.0,0.0,false
yellow_trip_hourly,52,quantity_region,body_le_p95,50,7888,0,0.0,0.0,0,0.0,0.0,false
yellow_trip_hourly,52,quantity_region,body_le_p95,51,7888,1,0.00003169371196754564,0.00012677484787018255,0,0.0,0.38234156370162964,true
yellow_trip_hourly,52,quantity_region,body_le_p95,52,7888,1451,0.04598757606490872,0.18395030425963488,1115,0.14135395537525355,0.3715569623877557,true
yellow_trip_hourly,52,quantity_region,body_le_p95,53,7888,0,0.0,0.0,0,0.0,0.0,false
yellow_trip_hourly,52,quantity_region,body_le_p95,54,7888,2677,0.08484406693711967,0.3393762677484787,0,0.0,0.42836290951658196,true
yellow_trip_hourly,52,quantity_region,body_le_p95,55,7888,559,0.01771678498985801,0.07086713995943204,0,0.0,0.17793094774638177,true
yellow_trip_hourly,52,quantity_region,body_le_p95,56,7888,0,0.0,0.0,0,0.0,0.0,false
yellow_trip_hourly,52,quantity_region,body_le_p95,57,7888,0,0.0,0.0,0,0.0,0.0,false
yellow_trip_hourly,52,quantity_region,body_le_p95,58,7888,0,0.0,0.0,0,0.0,0.0,false
yellow_trip_hourly,52,quantity_region,body_le_p95,59,7888,2,0.00006338742393509128,0.0002535496957403651,0,0.0,0.1122620552778244,true
yellow_trip_hourly,52,quantity_region,body_le_p95,60,7888,0,0.0,0.0,0,0.0,0.0,false
yellow_trip_hourly,52,quantity_region,body_le_p95,61,7888,0,0.0,0.0,0,0.0,0.0,false
yellow_trip_hourly,52,quantity_region,body_le_p95,62,7888,0,0.0,0.0,0,0.0,0.0,false
yellow_trip_hourly,52,quantity_region,body_le_p95,63,7888,2934,0.0929893509127789,0.3719574036511156,339,0.042976673427991885,0.37512847267462024,true
yellow_trip_hourly,52,quantity_region,extreme_tail_gt_p99,0,79,0,0.0,0.0,0,0.0,0.0,false
yellow_trip_hourly,52,quantity_region,extreme_tail_gt_p99,1,79,0,0.0,0.0,0,0.0,0.0,false
yellow_trip_hourly,52,quantity_region,extreme_tail_gt_p99,2,79,0,0.0,0.0,0,0.0,0.0,false
yellow_trip_hourly,52,quantity_region,extreme_tail_gt_p99,3,79,0,0.0,0.0,0,0.0,0.0,false
yellow_trip_hourly,52,quantity_region,extreme_tail_gt_p99,4,79,0,0.0,0.0,0,0.0,0.0,false
yellow_trip_hourly,52,quantity_region,extreme_tail_gt_p99,5,79,0,0.0,0.0,0,0.0,0.0,false
yellow_trip_hourly,52,quantity_region,extreme_tail_gt_p99,6,79,0,0.0,0.0,0,0.0,0.0,false
yellow_trip_hourly,52,quantity_region,extreme_tail_gt_p99,7,79,0,0.0,0.0,0,0.0,0.0,false
yellow_trip_hourly,52,quantity_region,extreme_tail_gt_p99,8,79,0,0.0,0.0,0,0.0,0.0,false
yellow_trip_hourly,52,quantity_region,extreme_tail_gt_p99,9,79,0,0.0,0.0,0,0.0,0.0,false
yellow_trip_hourly,52,quantity_region,extreme_tail_gt_p99,10,79,0,0.0,0.0,0,0.0,0.0,false
yellow_trip_hourly,52,quantity_region,extreme_tail_gt_p99,11,79,0,0.0,0.0,0,0.0,0.0,false
yellow_trip_hourly,52,quantity_region,extreme_tail_gt_p99,12,79,0,0.0,0.0,0,0.0,0.0,false
yellow_trip_hourly,52,quantity_region,extreme_tail_gt_p99,13,79,0,0.0,0.0,0,0.0,0.0,false
yellow_trip_hourly,52,quantity_region,extreme_tail_gt_p99,14,79,0,0.0,0.0,0,0.0,0.0,false
yellow_trip_hourly,52,quantity_region,extreme_tail_gt_p99,15,79,0,0.0,0.0,0,0.0,0.0,false
yellow_trip_hourly,52,quantity_region,extreme_tail_gt_p99,16,79,0,0.0,0.0,0,0.0,0.0,false
yellow_trip_hourly,52,quantity_region,extreme_tail_gt_p99,17,79,79,0.25,1.0,0,0.0,0.6184537795525563,true
yellow_trip_hourly,52,quantity_region,extreme_tail_gt_p99,18,79,0,0.0,0.0,0,0.0,0.0,false
yellow_trip_hourly,52,quantity_region,extreme_tail_gt_p99,19,79,0,0.0,0.0,0,0.0,0.0,false
yellow_trip_hourly,52,quantity_region,extreme_tail_gt_p99,20,79,0,0.0,0.0,0,0.0,0.0,false
yellow_trip_hourly,52,quantity_region,extreme_tail_gt_p99,21,79,0,0.0,0.0,0,0.0,0.0,false
yellow_trip_hourly,52,quantity_region,extreme_tail_gt_p99,22,79,0,0.0,0.0,0,0.0,0.0,false
yellow_trip_hourly,52,quantity_region,extreme_tail_gt_p99,23,79,0,0.0,0.0,0,0.0,0.0,false
yellow_trip_hourly,52,quantity_region,extreme_tail_gt_p99,24,79,0,0.0,0.0,0,0.0,0.0,false
yellow_trip_hourly,52,quantity_region,extreme_tail_gt_p99,25,79,0,0.0,0.0,0,0.0,0.0,false
yellow_trip_hourly,52,quantity_region,extreme_tail_gt_p99,26,79,0,0.0,0.0,0,0.0,0.0,false
yellow_trip_hourly,52,quantity_region,extreme_tail_gt_p99,27,79,79,0.25,1.0,79,1.0,0.7391244769096375,true
yellow_trip_hourly,52,quantity_region,extreme_tail_gt_p99,28,79,0,0.0,0.0,0,0.0,0.0,false
yellow_trip_hourly,52,quantity_region,extreme_tail_gt_p99,29,79,0,0.0,0.0,0,0.0,0.0,false
yellow_trip_hourly,52,quantity_region,extreme_tail_gt_p99,30,79,0,0.0,0.0,0,0.0,0.0,false
yellow_trip_hourly,52,quantity_region,extreme_tail_gt_p99,31,79,0,0.0,0.0,0,0.0,0.0,false
yellow_trip_hourly,52,quantity_region,extreme_tail_gt_p99,32,79,0,0.0,0.0,0,0.0,0.0,false
yellow_trip_hourly,52,quantity_region,extreme_tail_gt_p99,33,79,0,0.0,0.0,0,0.0,0.0,false
yellow_trip_hourly,52,quantity_region,extreme_tail_gt_p99,34,79,0,0.0,0.0,0,0.0,0.0,false
yellow_trip_hourly,52,quantity_region,extreme_tail_gt_p99,35,79,0,0.0,0.0,0,0.0,0.0,false
yellow_trip_hourly,52,quantity_region,extreme_tail_gt_p99,36,79,0,0.0,0.0,0,0.0,0.0,false
yellow_trip_hourly,52,quantity_region,extreme_tail_gt_p99,37,79,0,0.0,0.0,0,0.0,0.0,false
yellow_trip_hourly,52,quantity_region,extreme_tail_gt_p99,38,79,0,0.0,0.0,0,0.0,0.0,false
yellow_trip_hourly,52,quantity_region,extreme_tail_gt_p99,39,79,0,0.0,0.0,0,0.0,0.0,false
yellow_trip_hourly,52,quantity_region,extreme_tail_gt_p99,40,79,0,0.0,0.0,0,0.0,0.0,false
yellow_trip_hourly,52,quantity_region,extreme_tail_gt_p99,41,79,0,0.0,0.0,0,0.0,0.0,false
yellow_trip_hourly,52,quantity_region,extreme_tail_gt_p99,42,79,0,0.0,0.0,0,0.0,0.0,false
yellow_trip_hourly,52,quantity_region,extreme_tail_gt_p99,43,79,0,0.0,0.0,0,0.0,0.0,false
yellow_trip_hourly,52,quantity_region,extreme_tail_gt_p99,44,79,0,0.0,0.0,0,0.0,0.0,false
yellow_trip_hourly,52,quantity_region,extreme_tail_gt_p99,45,79,0,0.0,0.0,0,0.0,0.0,false
yellow_trip_hourly,52,quantity_region,extreme_tail_gt_p99,46,79,0,0.0,0.0,0,0.0,0.0,false
yellow_trip_hourly,52,quantity_region,extreme_tail_gt_p99,47,79,0,0.0,0.0,0,0.0,0.0,false
yellow_trip_hourly,52,quantity_region,extreme_tail_gt_p99,48,79,0,0.0,0.0,0,0.0,0.0,false
yellow_trip_hourly,52,quantity_region,extreme_tail_gt_p99,49,79,0,0.0,0.0,0,0.0,0.0,false
yellow_trip_hourly,52,quantity_region,extreme_tail_gt_p99,50,79,0,0.0,0.0,0,0.0,0.0,false
yellow_trip_hourly,52,quantity_region,extreme_tail_gt_p99,51,79,0,0.0,0.0,0,0.0,0.0,false
yellow_trip_hourly,52,quantity_region,extreme_tail_gt_p99,52,79,0,0.0,0.0,0,0.0,0.0,false
yellow_trip_hourly,52,quantity_region,extreme_tail_gt_p99,53,79,0,0.0,0.0,0,0.0,0.0,false
yellow_trip_hourly,52,quantity_region,extreme_tail_gt_p99,54,79,79,0.25,1.0,0,0.0,0.6295191615442687,true
yellow_trip_hourly,52,quantity_region,extreme_tail_gt_p99,55,79,0,0.0,0.0,0,0.0,0.0,false
yellow_trip_hourly,52,quantity_region,extreme_tail_gt_p99,56,79,0,0.0,0.0,0,0.0,0.0,false
yellow_trip_hourly,52,quantity_region,extreme_tail_gt_p99,57,79,0,0.0,0.0,0,0.0,0.0,false
yellow_trip_hourly,52,quantity_region,extreme_tail_gt_p99,58,79,0,0.0,0.0,0,0.0,0.0,false
yellow_trip_hourly,52,quantity_region,extreme_tail_gt_p99,59,79,0,0.0,0.0,0,0.0,0.0,false
yellow_trip_hourly,52,quantity_region,extreme_tail_gt_p99,60,79,0,0.0,0.0,0,0.0,0.0,false
yellow_trip_hourly,52,quantity_region,extreme_tail_gt_p99,61,79,0,0.0,0.0,0,0.0,0.0,false
yellow_trip_hourly,52,quantity_region,extreme_tail_gt_p99,62,79,0,0.0,0.0,0,0.0,0.0,false
yellow_trip_hourly,52,quantity_region,extreme_tail_gt_p99,63,79,79,0.25,1.0,0,0.0,0.5463823464852345,true
yellow_trip_hourly,52,quantity_region,tail_p95_p99,0,301,0,0.0,0.0,0,0.0,0.0,false
yellow_trip_hourly,52,quantity_region,tail_p95_p99,1,301,0,0.0,0.0,0,0.0,0.0,false
yellow_trip_hourly,52,quantity_region,tail_p95_p99,2,301,0,0.0,0.0,0,0.0,0.0,false
yellow_trip_hourly,52,quantity_region,tail_p95_p99,3,301,0,0.0,0.0,0,0.0,0.0,false
yellow_trip_hourly,52,quantity_region,tail_p95_p99,4,301,0,0.0,0.0,0,0.0,0.0,false
yellow_trip_hourly,52,quantity_region,tail_p95_p99,5,301,0,0.0,0.0,0,0.0,0.0,false
yellow_trip_hourly,52,quantity_region,tail_p95_p99,6,301,0,0.0,0.0,0,0.0,0.0,false
yellow_trip_hourly,52,quantity_region,tail_p95_p99,7,301,0,0.0,0.0,0,0.0,0.0,false
yellow_trip_hourly,52,quantity_region,tail_p95_p99,8,301,0,0.0,0.0,0,0.0,0.0,false
yellow_trip_hourly,52,quantity_region,tail_p95_p99,9,301,0,0.0,0.0,0,0.0,0.0,false
yellow_trip_hourly,52,quantity_region,tail_p95_p99,10,301,0,0.0,0.0,0,0.0,0.0,false
yellow_trip_hourly,52,quantity_region,tail_p95_p99,11,301,0,0.0,0.0,0,0.0,0.0,false
yellow_trip_hourly,52,quantity_region,tail_p95_p99,12,301,0,0.0,0.0,0,0.0,0.0,false
yellow_trip_hourly,52,quantity_region,tail_p95_p99,13,301,0,0.0,0.0,0,0.0,0.0,false
yellow_trip_hourly,52,quantity_region,tail_p95_p99,14,301,0,0.0,0.0,0,0.0,0.0,false
yellow_trip_hourly,52,quantity_region,tail_p95_p99,15,301,0,0.0,0.0,0,0.0,0.0,false
yellow_trip_hourly,52,quantity_region,tail_p95_p99,16,301,0,0.0,0.0,0,0.0,0.0,false
yellow_trip_hourly,52,quantity_region,tail_p95_p99,17,301,301,0.25,1.0,0,0.0,0.6103881114345057,true
yellow_trip_hourly,52,quantity_region,tail_p95_p99,18,301,0,0.0,0.0,0,0.0,0.0,false
yellow_trip_hourly,52,quantity_region,tail_p95_p99,19,301,0,0.0,0.0,0,0.0,0.0,false
yellow_trip_hourly,52,quantity_region,tail_p95_p99,20,301,0,0.0,0.0,0,0.0,0.0,false
yellow_trip_hourly,52,quantity_region,tail_p95_p99,21,301,0,0.0,0.0,0,0.0,0.0,false
yellow_trip_hourly,52,quantity_region,tail_p95_p99,22,301,0,0.0,0.0,0,0.0,0.0,false
yellow_trip_hourly,52,quantity_region,tail_p95_p99,23,301,0,0.0,0.0,0,0.0,0.0,false
yellow_trip_hourly,52,quantity_region,tail_p95_p99,24,301,0,0.0,0.0,0,0.0,0.0,false
yellow_trip_hourly,52,quantity_region,tail_p95_p99,25,301,0,0.0,0.0,0,0.0,0.0,false
yellow_trip_hourly,52,quantity_region,tail_p95_p99,26,301,0,0.0,0.0,0,0.0,0.0,false
yellow_trip_hourly,52,quantity_region,tail_p95_p99,27,301,301,0.25,1.0,301,1.0,0.7291642316552096,true
yellow_trip_hourly,52,quantity_region,tail_p95_p99,28,301,0,0.0,0.0,0,0.0,0.0,false
yellow_trip_hourly,52,quantity_region,tail_p95_p99,29,301,0,0.0,0.0,0,0.0,0.0,false
yellow_trip_hourly,52,quantity_region,tail_p95_p99,30,301,0,0.0,0.0,0,0.0,0.0,false
yellow_trip_hourly,52,quantity_region,tail_p95_p99,31,301,0,0.0,0.0,0,0.0,0.0,false
yellow_trip_hourly,52,quantity_region,tail_p95_p99,32,301,0,0.0,0.0,0,0.0,0.0,false
yellow_trip_hourly,52,quantity_region,tail_p95_p99,33,301,0,0.0,0.0,0,0.0,0.0,false
yellow_trip_hourly,52,quantity_region,tail_p95_p99,34,301,0,0.0,0.0,0,0.0,0.0,false
yellow_trip_hourly,52,quantity_region,tail_p95_p99,35,301,0,0.0,0.0,0,0.0,0.0,false
yellow_trip_hourly,52,quantity_region,tail_p95_p99,36,301,0,0.0,0.0,0,0.0,0.0,false
yellow_trip_hourly,52,quantity_region,tail_p95_p99,37,301,0,0.0,0.0,0,0.0,0.0,false
yellow_trip_hourly,52,quantity_region,tail_p95_p99,38,301,0,0.0,0.0,0,0.0,0.0,false
yellow_trip_hourly,52,quantity_region,tail_p95_p99,39,301,0,0.0,0.0,0,0.0,0.0,false
yellow_trip_hourly,52,quantity_region,tail_p95_p99,40,301,0,0.0,0.0,0,0.0,0.0,false
yellow_trip_hourly,52,quantity_region,tail_p95_p99,41,301,0,0.0,0.0,0,0.0,0.0,false
yellow_trip_hourly,52,quantity_region,tail_p95_p99,42,301,0,0.0,0.0,0,0.0,0.0,false
yellow_trip_hourly,52,quantity_region,tail_p95_p99,43,301,0,0.0,0.0,0,0.0,0.0,false
yellow_trip_hourly,52,quantity_region,tail_p95_p99,44,301,0,0.0,0.0,0,0.0,0.0,false
yellow_trip_hourly,52,quantity_region,tail_p95_p99,45,301,0,0.0,0.0,0,0.0,0.0,false
yellow_trip_hourly,52,quantity_region,tail_p95_p99,46,301,0,0.0,0.0,0,0.0,0.0,false
yellow_trip_hourly,52,quantity_region,tail_p95_p99,47,301,0,0.0,0.0,0,0.0,0.0,false
yellow_trip_hourly,52,quantity_region,tail_p95_p99,48,301,0,0.0,0.0,0,0.0,0.0,false
yellow_trip_hourly,52,quantity_region,tail_p95_p99,49,301,0,0.0,0.0,0,0.0,0.0,false
yellow_trip_hourly,52,quantity_region,tail_p95_p99,50,301,0,0.0,0.0,0,0.0,0.0,false
yellow_trip_hourly,52,quantity_region,tail_p95_p99,51,301,0,0.0,0.0,0,0.0,0.0,false
yellow_trip_hourly,52,quantity_region,tail_p95_p99,52,301,0,0.0,0.0,0,0.0,0.0,false
yellow_trip_hourly,52,quantity_region,tail_p95_p99,53,301,0,0.0,0.0,0,0.0,0.0,false
yellow_trip_hourly,52,quantity_region,tail_p95_p99,54,301,301,0.25,1.0,0,0.0,0.6215649225387067,true
yellow_trip_hourly,52,quantity_region,tail_p95_p99,55,301,0,0.0,0.0,0,0.0,0.0,false
yellow_trip_hourly,52,quantity_region,tail_p95_p99,56,301,0,0.0,0.0,0,0.0,0.0,false
yellow_trip_hourly,52,quantity_region,tail_p95_p99,57,301,0,0.0,0.0,0,0.0,0.0,false
yellow_trip_hourly,52,quantity_region,tail_p95_p99,58,301,0,0.0,0.0,0,0.0,0.0,false
yellow_trip_hourly,52,quantity_region,tail_p95_p99,59,301,0,0.0,0.0,0,0.0,0.0,false
yellow_trip_hourly,52,quantity_region,tail_p95_p99,60,301,0,0.0,0.0,0,0.0,0.0,false
yellow_trip_hourly,52,quantity_region,tail_p95_p99,61,301,0,0.0,0.0,0,0.0,0.0,false
yellow_trip_hourly,52,quantity_region,tail_p95_p99,62,301,0,0.0,0.0,0,0.0,0.0,false
yellow_trip_hourly,52,quantity_region,tail_p95_p99,63,301,301,0.25,1.0,0,0.0,0.5420987069408759,true
yellow_trip_hourly,62,history,history_65_128,0,1475,0,0.0,0.0,0,0.0,0.0,false
yellow_trip_hourly,62,history,history_65_128,1,1475,0,0.0,0.0,0,0.0,0.0,false
yellow_trip_hourly,62,history,history_65_128,2,1475,0,0.0,0.0,0,0.0,0.0,false
yellow_trip_hourly,62,history,history_65_128,3,1475,1005,0.17033898305084746,0.6813559322033899,221,0.14983050847457627,0.6728850663597904,true
yellow_trip_hourly,62,history,history_65_128,4,1475,0,0.0,0.0,0,0.0,0.0,false
yellow_trip_hourly,62,history,history_65_128,5,1475,0,0.0,0.0,0,0.0,0.0,false
yellow_trip_hourly,62,history,history_65_128,6,1475,532,0.09016949152542372,0.3606779661016949,155,0.10508474576271186,0.6905721334138311,true
yellow_trip_hourly,62,history,history_65_128,7,1475,0,0.0,0.0,0,0.0,0.0,false
yellow_trip_hourly,62,history,history_65_128,8,1475,0,0.0,0.0,0,0.0,0.0,false
yellow_trip_hourly,62,history,history_65_128,9,1475,7,0.0011864406779661016,0.0047457627118644066,1,0.0006779661016949153,0.1378049568406173,true
yellow_trip_hourly,62,history,history_65_128,10,1475,0,0.0,0.0,0,0.0,0.0,false
yellow_trip_hourly,62,history,history_65_128,11,1475,0,0.0,0.0,0,0.0,0.0,false
yellow_trip_hourly,62,history,history_65_128,12,1475,0,0.0,0.0,0,0.0,0.0,false
yellow_trip_hourly,62,history,history_65_128,13,1475,9,0.0015254237288135593,0.006101694915254237,6,0.004067796610169492,0.2632381469011307,true
yellow_trip_hourly,62,history,history_65_128,14,1475,9,0.0015254237288135593,0.006101694915254237,5,0.003389830508474576,0.1144768860605028,true
yellow_trip_hourly,62,history,history_65_128,15,1475,0,0.0,0.0,0,0.0,0.0,false
yellow_trip_hourly,62,history,history_65_128,16,1475,0,0.0,0.0,0,0.0,0.0,false
yellow_trip_hourly,62,history,history_65_128,17,1475,394,0.06677966101694915,0.2671186440677966,101,0.06847457627118644,0.555816700483488,true
yellow_trip_hourly,62,history,history_65_128,18,1475,1,0.00016949152542372882,0.0006779661016949153,0,0.0,0.15296702086925507,true
yellow_trip_hourly,62,history,history_65_128,19,1475,0,0.0,0.0,0,0.0,0.0,false
yellow_trip_hourly,62,history,history_65_128,20,1475,0,0.0,0.0,0,0.0,0.0,false
yellow_trip_hourly,62,history,history_65_128,21,1475,0,0.0,0.0,0,0.0,0.0,false
yellow_trip_hourly,62,history,history_65_128,22,1475,0,0.0,0.0,0,0.0,0.0,false
yellow_trip_hourly,62,history,history_65_128,23,1475,0,0.0,0.0,0,0.0,0.0,false
yellow_trip_hourly,62,history,history_65_128,24,1475,0,0.0,0.0,0,0.0,0.0,false
yellow_trip_hourly,62,history,history_65_128,25,1475,0,0.0,0.0,0,0.0,0.0,false
yellow_trip_hourly,62,history,history_65_128,26,1475,0,0.0,0.0,0,0.0,0.0,false
yellow_trip_hourly,62,history,history_65_128,27,1475,0,0.0,0.0,0,0.0,0.0,false
yellow_trip_hourly,62,history,history_65_128,28,1475,0,0.0,0.0,0,0.0,0.0,false
yellow_trip_hourly,62,history,history_65_128,29,1475,1,0.00016949152542372882,0.0006779661016949153,0,0.0,0.0657901018857956,true
yellow_trip_hourly,62,history,history_65_128,30,1475,0,0.0,0.0,0,0.0,0.0,false
yellow_trip_hourly,62,history,history_65_128,31,1475,0,0.0,0.0,0,0.0,0.0,false
yellow_trip_hourly,62,history,history_65_128,32,1475,0,0.0,0.0,0,0.0,0.0,false
yellow_trip_hourly,62,history,history_65_128,33,1475,0,0.0,0.0,0,0.0,0.0,false
yellow_trip_hourly,62,history,history_65_128,34,1475,0,0.0,0.0,0,0.0,0.0,false
yellow_trip_hourly,62,history,history_65_128,35,1475,0,0.0,0.0,0,0.0,0.0,false
yellow_trip_hourly,62,history,history_65_128,36,1475,0,0.0,0.0,0,0.0,0.0,false
yellow_trip_hourly,62,history,history_65_128,37,1475,0,0.0,0.0,0,0.0,0.0,false
yellow_trip_hourly,62,history,history_65_128,38,1475,2,0.00033898305084745765,0.0013559322033898306,0,0.0,0.04060054011642933,true
yellow_trip_hourly,62,history,history_65_128,39,1475,940,0.15932203389830507,0.6372881355932203,5,0.003389830508474576,0.6692241182035589,true
yellow_trip_hourly,62,history,history_65_128,40,1475,0,0.0,0.0,0,0.0,0.0,false
yellow_trip_hourly,62,history,history_65_128,41,1475,0,0.0,0.0,0,0.0,0.0,false
yellow_trip_hourly,62,history,history_65_128,42,1475,3,0.0005084745762711864,0.002033898305084746,0,0.0,0.5977246960004171,true
yellow_trip_hourly,62,history,history_65_128,43,1475,0,0.0,0.0,0,0.0,0.0,false
yellow_trip_hourly,62,history,history_65_128,44,1475,0,0.0,0.0,0,0.0,0.0,false
yellow_trip_hourly,62,history,history_65_128,45,1475,0,0.0,0.0,0,0.0,0.0,false
yellow_trip_hourly,62,history,history_65_128,46,1475,672,0.11389830508474576,0.45559322033898303,54,0.03661016949152542,0.5891562108216541,true
yellow_trip_hourly,62,history,history_65_128,47,1475,0,0.0,0.0,0,0.0,0.0,false
yellow_trip_hourly,62,history,history_65_128,48,1475,5,0.000847457627118644,0.003389830508474576,0,0.0,0.22269499003887178,true
yellow_trip_hourly,62,history,history_65_128,49,1475,0,0.0,0.0,0,0.0,0.0,false
yellow_trip_hourly,62,history,history_65_128,50,1475,0,0.0,0.0,0,0.0,0.0,false
yellow_trip_hourly,62,history,history_65_128,51,1475,830,0.14067796610169492,0.5627118644067797,1,0.0006779661016949153,0.5948947708111212,true
yellow_trip_hourly,62,history,history_65_128,52,1475,2,0.00033898305084745765,0.0013559322033898306,0,0.0,0.03311706427484751,true
yellow_trip_hourly,62,history,history_65_128,53,1475,0,0.0,0.0,0,0.0,0.0,false
yellow_trip_hourly,62,history,history_65_128,54,1475,0,0.0,0.0,0,0.0,0.0,false
yellow_trip_hourly,62,history,history_65_128,55,1475,10,0.001694915254237288,0.006779661016949152,3,0.002033898305084746,0.24828803688287734,true
yellow_trip_hourly,62,history,history_65_128,56,1475,0,0.0,0.0,0,0.0,0.0,false
yellow_trip_hourly,62,history,history_65_128,57,1475,4,0.0006779661016949153,0.002711864406779661,0,0.0,0.0383546082302928,true
yellow_trip_hourly,62,history,history_65_128,58,1475,6,0.001016949152542373,0.004067796610169492,1,0.0006779661016949153,0.08568526618182659,true
yellow_trip_hourly,62,history,history_65_128,59,1475,9,0.0015254237288135593,0.006101694915254237,0,0.0,0.2516389886538188,true
yellow_trip_hourly,62,history,history_65_128,60,1475,0,0.0,0.0,0,0.0,0.0,false
yellow_trip_hourly,62,history,history_65_128,61,1475,7,0.0011864406779661016,0.0047457627118644066,0,0.0,0.23577686931405747,true
yellow_trip_hourly,62,history,history_65_128,62,1475,1452,0.24610169491525424,0.984406779661017,922,0.6250847457627119,0.6534836705743281,true
yellow_trip_hourly,62,history,history_65_128,63,1475,0,0.0,0.0,0,0.0,0.0,false
yellow_trip_hourly,62,history,history_gt_128,0,5552,0,0.0,0.0,0,0.0,0.0,false
yellow_trip_hourly,62,history,history_gt_128,1,5552,0,0.0,0.0,0,0.0,0.0,false
yellow_trip_hourly,62,history,history_gt_128,2,5552,1,0.00004502881844380403,0.00018011527377521613,0,0.0,0.06670006364583969,true
yellow_trip_hourly,62,history,history_gt_128,3,5552,80,0.0036023054755043226,0.01440922190201729,0,0.0,0.6438473343849183,true
yellow_trip_hourly,62,history,history_gt_128,4,5552,0,0.0,0.0,0,0.0,0.0,false
yellow_trip_hourly,62,history,history_gt_128,5,5552,0,0.0,0.0,0,0.0,0.0,false
yellow_trip_hourly,62,history,history_gt_128,6,5552,11,0.0004953170028818444,0.0019812680115273776,1,0.00018011527377521613,0.6163163964043964,true
yellow_trip_hourly,62,history,history_gt_128,7,5552,0,0.0,0.0,0,0.0,0.0,false
yellow_trip_hourly,62,history,history_gt_128,8,5552,0,0.0,0.0,0,0.0,0.0,false
yellow_trip_hourly,62,history,history_gt_128,9,5552,281,0.012653097982708934,0.050612391930835735,20,0.0036023054755043226,0.08947621999156008,true
yellow_trip_hourly,62,history,history_gt_128,10,5552,0,0.0,0.0,0,0.0,0.0,false
yellow_trip_hourly,62,history,history_gt_128,11,5552,0,0.0,0.0,0,0.0,0.0,false
yellow_trip_hourly,62,history,history_gt_128,12,5552,0,0.0,0.0,0,0.0,0.0,false
yellow_trip_hourly,62,history,history_gt_128,13,5552,2793,0.12576548991354466,0.5030619596541787,2568,0.46253602305475505,0.4221265610751609,true
yellow_trip_hourly,62,history,history_gt_128,14,5552,890,0.04007564841498559,0.16030259365994237,656,0.11815561959654179,0.06722263466577265,true
yellow_trip_hourly,62,history,history_gt_128,15,5552,0,0.0,0.0,0,0.0,0.0,false
yellow_trip_hourly,62,history,history_gt_128,16,5552,0,0.0,0.0,0,0.0,0.0,false
yellow_trip_hourly,62,history,history_gt_128,17,5552,1755,0.07902557636887608,0.31610230547550433,551,0.0992435158501441,0.4382456396804576,true
yellow_trip_hourly,62,history,history_gt_128,18,5552,90,0.004052593659942363,0.016210374639769452,7,0.001260806916426513,0.06901946147489879,true
yellow_trip_hourly,62,history,history_gt_128,19,5552,0,0.0,0.0,0,0.0,0.0,false
yellow_trip_hourly,62,history,history_gt_128,20,5552,80,0.0036023054755043226,0.01440922190201729,30,0.005403458213256484,0.09023467232764233,true
yellow_trip_hourly,62,history,history_gt_128,21,5552,24,0.001080691642651297,0.004322766570605188,1,0.00018011527377521613,0.03306647688926508,true
yellow_trip_hourly,62,history,history_gt_128,22,5552,81,0.0036473342939481266,0.014589337175792506,0,0.0,0.2771546336143841,true
yellow_trip_hourly,62,history,history_gt_128,23,5552,0,0.0,0.0,0,0.0,0.0,false
yellow_trip_hourly,62,history,history_gt_128,24,5552,1,0.00004502881844380403,0.00018011527377521613,0,0.0,0.12084763497114182,true
yellow_trip_hourly,62,history,history_gt_128,25,5552,15,0.0006754322766570605,0.002701729106628242,2,0.00036023054755043225,0.08199424607058366,true
yellow_trip_hourly,62,history,history_gt_128,26,5552,0,0.0,0.0,0,0.0,0.0,false
yellow_trip_hourly,62,history,history_gt_128,27,5552,0,0.0,0.0,0,0.0,0.0,false
yellow_trip_hourly,62,history,history_gt_128,28,5552,0,0.0,0.0,0,0.0,0.0,false
yellow_trip_hourly,62,history,history_gt_128,29,5552,60,0.002701729106628242,0.010806916426512969,1,0.00018011527377521613,0.06043060633722538,true
yellow_trip_hourly,62,history,history_gt_128,30,5552,0,0.0,0.0,0,0.0,0.0,false
yellow_trip_hourly,62,history,history_gt_128,31,5552,2,0.00009005763688760806,0.00036023054755043225,0,0.0,0.02998046763241291,true
yellow_trip_hourly,62,history,history_gt_128,32,5552,0,0.0,0.0,0,0.0,0.0,false
yellow_trip_hourly,62,history,history_gt_128,33,5552,0,0.0,0.0,0,0.0,0.0,false
yellow_trip_hourly,62,history,history_gt_128,34,5552,0,0.0,0.0,0,0.0,0.0,false
yellow_trip_hourly,62,history,history_gt_128,35,5552,338,0.015219740634005764,0.060878962536023054,4,0.0007204610951008645,0.022879218346144474,true
yellow_trip_hourly,62,history,history_gt_128,36,5552,1,0.00004502881844380403,0.00018011527377521613,0,0.0,0.015743153169751167,true
yellow_trip_hourly,62,history,history_gt_128,37,5552,0,0.0,0.0,0,0.0,0.0,false
yellow_trip_hourly,62,history,history_gt_128,38,5552,79,0.0035572766570605187,0.014229106628242075,0,0.0,0.01829369526700547,true
yellow_trip_hourly,62,history,history_gt_128,39,5552,148,0.006664265129682997,0.026657060518731988,0,0.0,0.6325113696826471,true
yellow_trip_hourly,62,history,history_gt_128,40,5552,20,0.0009005763688760807,0.0036023054755043226,0,0.0,0.23396040461957454,true
yellow_trip_hourly,62,history,history_gt_128,41,5552,0,0.0,0.0,0,0.0,0.0,false
yellow_trip_hourly,62,history,history_gt_128,42,5552,0,0.0,0.0,0,0.0,0.0,false
yellow_trip_hourly,62,history,history_gt_128,43,5552,0,0.0,0.0,0,0.0,0.0,false
yellow_trip_hourly,62,history,history_gt_128,44,5552,0,0.0,0.0,0,0.0,0.0,false
yellow_trip_hourly,62,history,history_gt_128,45,5552,113,0.005088256484149856,0.020353025936599423,0,0.0,0.016098544878299984,true
yellow_trip_hourly,62,history,history_gt_128,46,5552,1784,0.08033141210374639,0.32132564841498557,303,0.05457492795389049,0.4823600109812758,true
yellow_trip_hourly,62,history,history_gt_128,47,5552,0,0.0,0.0,0,0.0,0.0,false
yellow_trip_hourly,62,history,history_gt_128,48,5552,453,0.020398054755043228,0.08159221902017291,92,0.016570605187319884,0.10883355243686611,true
yellow_trip_hourly,62,history,history_gt_128,49,5552,0,0.0,0.0,0,0.0,0.0,false
yellow_trip_hourly,62,history,history_gt_128,50,5552,0,0.0,0.0,0,0.0,0.0,false
yellow_trip_hourly,62,history,history_gt_128,51,5552,2044,0.09203890489913545,0.3681556195965418,546,0.09834293948126802,0.445859770547533,true
yellow_trip_hourly,62,history,history_gt_128,52,5552,579,0.026071685878962535,0.10428674351585014,133,0.023955331412103747,0.03470136038154775,true
yellow_trip_hourly,62,history,history_gt_128,53,5552,0,0.0,0.0,0,0.0,0.0,false
yellow_trip_hourly,62,history,history_gt_128,54,5552,0,0.0,0.0,0,0.0,0.0,false
yellow_trip_hourly,62,history,history_gt_128,55,5552,2758,0.12418948126801153,0.49675792507204614,65,0.01170749279538905,0.398733688338759,true
yellow_trip_hourly,62,history,history_gt_128,56,5552,0,0.0,0.0,0,0.0,0.0,false
yellow_trip_hourly,62,history,history_gt_128,57,5552,443,0.019947766570605187,0.07979106628242075,0,0.0,0.029406962670284927,true
yellow_trip_hourly,62,history,history_gt_128,58,5552,369,0.01661563400576369,0.06646253602305476,4,0.0007204610951008645,0.04057179126626027,true
yellow_trip_hourly,62,history,history_gt_128,59,5552,2724,0.12265850144092219,0.49063400576368876,0,0.0,0.38064018501428537,true
yellow_trip_hourly,62,history,history_gt_128,60,5552,0,0.0,0.0,0,0.0,0.0,false
yellow_trip_hourly,62,history,history_gt_128,61,5552,2576,0.11599423631123919,0.46397694524495675,7,0.001260806916426513,0.3691995694957853,true
yellow_trip_hourly,62,history,history_gt_128,62,5552,1615,0.07272154178674352,0.2908861671469741,561,0.10104466858789625,0.5257449294483698,true
yellow_trip_hourly,62,history,history_gt_128,63,5552,0,0.0,0.0,0,0.0,0.0,false
yellow_trip_hourly,62,history,history_le_64,0,1241,0,0.0,0.0,0,0.0,0.0,false
yellow_trip_hourly,62,history,history_le_64,1,1241,0,0.0,0.0,0,0.0,0.0,false
yellow_trip_hourly,62,history,history_le_64,2,1241,0,0.0,0.0,0,0.0,0.0,false
yellow_trip_hourly,62,history,history_le_64,3,1241,1239,0.24959709911361805,0.9983883964544722,106,0.0854149879129734,0.6827981560532368,true
yellow_trip_hourly,62,history,history_le_64,4,1241,0,0.0,0.0,0,0.0,0.0,false
yellow_trip_hourly,62,history,history_le_64,5,1241,0,0.0,0.0,0,0.0,0.0,false
yellow_trip_hourly,62,history,history_le_64,6,1241,1228,0.24738114423851731,0.9895245769540693,1098,0.8847703464947623,0.7541723519272447,true
yellow_trip_hourly,62,history,history_le_64,7,1241,0,0.0,0.0,0,0.0,0.0,false
yellow_trip_hourly,62,history,history_le_64,8,1241,0,0.0,0.0,0,0.0,0.0,false
yellow_trip_hourly,62,history,history_le_64,9,1241,0,0.0,0.0,0,0.0,0.0,false
yellow_trip_hourly,62,history,history_le_64,10,1241,0,0.0,0.0,0,0.0,0.0,false
yellow_trip_hourly,62,history,history_le_64,11,1241,0,0.0,0.0,0,0.0,0.0,false
yellow_trip_hourly,62,history,history_le_64,12,1241,0,0.0,0.0,0,0.0,0.0,false
yellow_trip_hourly,62,history,history_le_64,13,1241,0,0.0,0.0,0,0.0,0.0,false
yellow_trip_hourly,62,history,history_le_64,14,1241,0,0.0,0.0,0,0.0,0.0,false
yellow_trip_hourly,62,history,history_le_64,15,1241,0,0.0,0.0,0,0.0,0.0,false
yellow_trip_hourly,62,history,history_le_64,16,1241,0,0.0,0.0,0,0.0,0.0,false
yellow_trip_hourly,62,history,history_le_64,17,1241,4,0.0008058017727639,0.0032232070910556,0,0.0,0.5343005433678627,true
yellow_trip_hourly,62,history,history_le_64,18,1241,0,0.0,0.0,0,0.0,0.0,false
yellow_trip_hourly,62,history,history_le_64,19,1241,0,0.0,0.0,0,0.0,0.0,false
yellow_trip_hourly,62,history,history_le_64,20,1241,0,0.0,0.0,0,0.0,0.0,false
yellow_trip_hourly,62,history,history_le_64,21,1241,0,0.0,0.0,0,0.0,0.0,false
yellow_trip_hourly,62,history,history_le_64,22,1241,0,0.0,0.0,0,0.0,0.0,false
yellow_trip_hourly,62,history,history_le_64,23,1241,0,0.0,0.0,0,0.0,0.0,false
yellow_trip_hourly,62,history,history_le_64,24,1241,0,0.0,0.0,0,0.0,0.0,false
yellow_trip_hourly,62,history,history_le_64,25,1241,0,0.0,0.0,0,0.0,0.0,false
yellow_trip_hourly,62,history,history_le_64,26,1241,0,0.0,0.0,0,0.0,0.0,false
yellow_trip_hourly,62,history,history_le_64,27,1241,0,0.0,0.0,0,0.0,0.0,false
yellow_trip_hourly,62,history,history_le_64,28,1241,0,0.0,0.0,0,0.0,0.0,false
yellow_trip_hourly,62,history,history_le_64,29,1241,0,0.0,0.0,0,0.0,0.0,false
yellow_trip_hourly,62,history,history_le_64,30,1241,0,0.0,0.0,0,0.0,0.0,false
yellow_trip_hourly,62,history,history_le_64,31,1241,0,0.0,0.0,0,0.0,0.0,false
yellow_trip_hourly,62,history,history_le_64,32,1241,0,0.0,0.0,0,0.0,0.0,false
yellow_trip_hourly,62,history,history_le_64,33,1241,0,0.0,0.0,0,0.0,0.0,false
yellow_trip_hourly,62,history,history_le_64,34,1241,0,0.0,0.0,0,0.0,0.0,false
yellow_trip_hourly,62,history,history_le_64,35,1241,0,0.0,0.0,0,0.0,0.0,false
yellow_trip_hourly,62,history,history_le_64,36,1241,0,0.0,0.0,0,0.0,0.0,false
yellow_trip_hourly,62,history,history_le_64,37,1241,0,0.0,0.0,0,0.0,0.0,false
yellow_trip_hourly,62,history,history_le_64,38,1241,0,0.0,0.0,0,0.0,0.0,false
yellow_trip_hourly,62,history,history_le_64,39,1241,1236,0.24899274778404512,0.9959709911361805,0,0.0,0.6614473669467235,true
yellow_trip_hourly,62,history,history_le_64,40,1241,0,0.0,0.0,0,0.0,0.0,false
yellow_trip_hourly,62,history,history_le_64,41,1241,0,0.0,0.0,0,0.0,0.0,false
yellow_trip_hourly,62,history,history_le_64,42,1241,0,0.0,0.0,0,0.0,0.0,false
yellow_trip_hourly,62,history,history_le_64,43,1241,0,0.0,0.0,0,0.0,0.0,false
yellow_trip_hourly,62,history,history_le_64,44,1241,0,0.0,0.0,0,0.0,0.0,false
yellow_trip_hourly,62,history,history_le_64,45,1241,0,0.0,0.0,0,0.0,0.0,false
yellow_trip_hourly,62,history,history_le_64,46,1241,13,0.0026188557614826753,0.010475423045930701,0,0.0,0.5843553588940547,true
yellow_trip_hourly,62,history,history_le_64,47,1241,0,0.0,0.0,0,0.0,0.0,false
yellow_trip_hourly,62,history,history_le_64,48,1241,0,0.0,0.0,0,0.0,0.0,false
yellow_trip_hourly,62,history,history_le_64,49,1241,0,0.0,0.0,0,0.0,0.0,false
yellow_trip_hourly,62,history,history_le_64,50,1241,0,0.0,0.0,0,0.0,0.0,false
yellow_trip_hourly,62,history,history_le_64,51,1241,3,0.0006043513295729251,0.0024174053182917004,0,0.0,0.562078575293223,true
yellow_trip_hourly,62,history,history_le_64,52,1241,0,0.0,0.0,0,0.0,0.0,false
yellow_trip_hourly,62,history,history_le_64,53,1241,0,0.0,0.0,0,0.0,0.0,false
yellow_trip_hourly,62,history,history_le_64,54,1241,0,0.0,0.0,0,0.0,0.0,false
yellow_trip_hourly,62,history,history_le_64,55,1241,0,0.0,0.0,0,0.0,0.0,false
yellow_trip_hourly,62,history,history_le_64,56,1241,0,0.0,0.0,0,0.0,0.0,false
yellow_trip_hourly,62,history,history_le_64,57,1241,0,0.0,0.0,0,0.0,0.0,false
yellow_trip_hourly,62,history,history_le_64,58,1241,0,0.0,0.0,0,0.0,0.0,false
yellow_trip_hourly,62,history,history_le_64,59,1241,0,0.0,0.0,0,0.0,0.0,false
yellow_trip_hourly,62,history,history_le_64,60,1241,0,0.0,0.0,0,0.0,0.0,false
yellow_trip_hourly,62,history,history_le_64,61,1241,0,0.0,0.0,0,0.0,0.0,false
yellow_trip_hourly,62,history,history_le_64,62,1241,1241,0.25,1.0,37,0.029814665592264304,0.6109565725785701,true
yellow_trip_hourly,62,history,history_le_64,63,1241,0,0.0,0.0,0,0.0,0.0,false
yellow_trip_hourly,62,overall,overall,0,8268,0,0.0,0.0,0,0.0,0.0,false
yellow_trip_hourly,62,overall,overall,1,8268,0,0.0,0.0,0,0.0,0.0,false
yellow_trip_hourly,62,overall,overall,2,8268,1,0.00003023705853894533,0.00012094823415578132,0,0.0,0.06670006364583969,true
yellow_trip_hourly,62,overall,overall,3,8268,2324,0.07027092404450895,0.2810836961780358,327,0.03955007256894049,0.677170479256602,true
yellow_trip_hourly,62,overall,overall,4,8268,0,0.0,0.0,0,0.0,0.0,false
yellow_trip_hourly,62,overall,overall,5,8268,0,0.0,0.0,0,0.0,0.0,false
yellow_trip_hourly,62,overall,overall,6,8268,1771,0.05354983067247218,0.21419932268988873,1254,0.1516690856313498,0.7342108997759814,true
yellow_trip_hourly,62,overall,overall,7,8268,0,0.0,0.0,0,0.0,0.0,false
yellow_trip_hourly,62,overall,overall,8,8268,0,0.0,0.0,0,0.0,0.0,false
yellow_trip_hourly,62,overall,overall,9,8268,288,0.008708272859216255,0.03483309143686502,21,0.0025399129172714078,0.09065087678997467,true
yellow_trip_hourly,62,overall,overall,10,8268,0,0.0,0.0,0,0.0,0.0,false
yellow_trip_hourly,62,overall,overall,11,8268,0,0.0,0.0,0,0.0,0.0,false
yellow_trip_hourly,62,overall,overall,12,8268,0,0.0,0.0,0,0.0,0.0,false
yellow_trip_hourly,62,overall,overall,13,8268,2802,0.08472423802612482,0.33889695210449927,2574,0.3113207547169811,0.42161621284976253,true
yellow_trip_hourly,62,overall,overall,14,8268,899,0.027183115626511854,0.10873246250604741,661,0.07994678277697145,0.06769570281099242,true
yellow_trip_hourly,62,overall,overall,15,8268,0,0.0,0.0,0,0.0,0.0,false
yellow_trip_hourly,62,overall,overall,16,8268,0,0.0,0.0,0,0.0,0.0,false
yellow_trip_hourly,62,overall,overall,17,8268,2153,0.0651003870343493,0.2604015481373972,652,0.07885824866956942,0.45993965620212207,true
yellow_trip_hourly,62,overall,overall,18,8268,91,0.002751572327044025,0.0110062893081761,7,0.0008466376390904693,0.06994196212758402,true
yellow_trip_hourly,62,overall,overall,19,8268,0,0.0,0.0,0,0.0,0.0,false
yellow_trip_hourly,62,overall,overall,20,8268,80,0.0024189646831156266,0.009675858732462506,30,0.00362844702467344,0.09023467232764233,true
yellow_trip_hourly,62,overall,overall,21,8268,24,0.000725689404934688,0.002902757619738752,1,0.00012094823415578132,0.03306647688926508,true
yellow_trip_hourly,62,overall,overall,22,8268,81,0.0024492017416545718,0.009796806966618287,0,0.0,0.2771546336143841,true
yellow_trip_hourly,62,overall,overall,23,8268,0,0.0,0.0,0,0.0,0.0,false
yellow_trip_hourly,62,overall,overall,24,8268,1,0.00003023705853894533,0.00012094823415578132,0,0.0,0.12084763497114182,true
yellow_trip_hourly,62,overall,overall,25,8268,15,0.00045355587808418,0.00181422351233672,2,0.00024189646831156264,0.08199424607058366,true
yellow_trip_hourly,62,overall,overall,26,8268,0,0.0,0.0,0,0.0,0.0,false
yellow_trip_hourly,62,overall,overall,27,8268,0,0.0,0.0,0,0.0,0.0,false
yellow_trip_hourly,62,overall,overall,28,8268,0,0.0,0.0,0,0.0,0.0,false
yellow_trip_hourly,62,overall,overall,29,8268,61,0.0018444605708756651,0.0073778422835026605,1,0.00012094823415578132,0.06051846691998882,true
yellow_trip_hourly,62,overall,overall,30,8268,0,0.0,0.0,0,0.0,0.0,false
yellow_trip_hourly,62,overall,overall,31,8268,2,0.00006047411707789066,0.00024189646831156264,0,0.0,0.02998046763241291,true
yellow_trip_hourly,62,overall,overall,32,8268,0,0.0,0.0,0,0.0,0.0,false
yellow_trip_hourly,62,overall,overall,33,8268,0,0.0,0.0,0,0.0,0.0,false
yellow_trip_hourly,62,overall,overall,34,8268,0,0.0,0.0,0,0.0,0.0,false
yellow_trip_hourly,62,overall,overall,35,8268,338,0.010220125786163521,0.040880503144654086,4,0.0004837929366231253,0.022879218346144474,true
yellow_trip_hourly,62,overall,overall,36,8268,1,0.00003023705853894533,0.00012094823415578132,0,0.0,0.015743153169751167,true
yellow_trip_hourly,62,overall,overall,37,8268,0,0.0,0.0,0,0.0,0.0,false
yellow_trip_hourly,62,overall,overall,38,8268,81,0.0024492017416545718,0.009796806966618287,0,0.0,0.018844481559583837,true
yellow_trip_hourly,62,overall,overall,39,8268,2324,0.07027092404450895,0.2810836961780358,5,0.0006047411707789066,0.6627501288169222,true
yellow_trip_hourly,62,overall,overall,40,8268,20,0.0006047411707789066,0.0024189646831156266,0,0.0,0.23396040461957454,true
yellow_trip_hourly,62,overall,overall,41,8268,0,0.0,0.0,0,0.0,0.0,false
yellow_trip_hourly,62,overall,overall,42,8268,3,0.000090711175616836,0.000362844702467344,0,0.0,0.5977246960004171,true
yellow_trip_hourly,62,overall,overall,43,8268,0,0.0,0.0,0,0.0,0.0,false
yellow_trip_hourly,62,overall,overall,44,8268,0,0.0,0.0,0,0.0,0.0,false
yellow_trip_hourly,62,overall,overall,45,8268,113,0.0034167876149008227,0.01366715045960329,0,0.0,0.016098544878299984,true
yellow_trip_hourly,62,overall,overall,46,8268,2469,0.07465529753265603,0.2986211901306241,357,0.043178519593613934,0.5119642984724059,true
yellow_trip_hourly,62,overall,overall,47,8268,0,0.0,0.0,0,0.0,0.0,false
yellow_trip_hourly,62,overall,overall,48,8268,458,0.013848572810836962,0.05539429124334785,92,0.011127237542331882,0.11007658123164783,true
yellow_trip_hourly,62,overall,overall,49,8268,0,0.0,0.0,0,0.0,0.0,false
yellow_trip_hourly,62,overall,overall,50,8268,0,0.0,0.0,0,0.0,0.0,false
yellow_trip_hourly,62,overall,overall,51,8268,2877,0.08699201741654572,0.3479680696661829,547,0.06615868408321239,0.4889768044832352,true
yellow_trip_hourly,62,overall,overall,52,8268,581,0.017567731011127238,0.07027092404450895,133,0.016086115142718915,0.03469590669443347,true
yellow_trip_hourly,62,overall,overall,53,8268,0,0.0,0.0,0,0.0,0.0,false
yellow_trip_hourly,62,overall,overall,54,8268,0,0.0,0.0,0,0.0,0.0,false
yellow_trip_hourly,62,overall,overall,55,8268,2768,0.08369617803580068,0.3347847121432027,68,0.00822447992259313,0.398190170811823,true
yellow_trip_hourly,62,overall,overall,56,8268,0,0.0,0.0,0,0.0,0.0,false
yellow_trip_hourly,62,overall,overall,57,8268,447,0.013515965166908563,0.05406386066763425,0,0.0,0.029487031086929294,true
yellow_trip_hourly,62,overall,overall,58,8268,375,0.011338896952104499,0.045355587808417995,5,0.0006047411707789066,0.04129360686490933,true
yellow_trip_hourly,62,overall,overall,59,8268,2733,0.08263788098693758,0.33055152394775034,0,0.0,0.3802153731711664,true
yellow_trip_hourly,62,overall,overall,60,8268,0,0.0,0.0,0,0.0,0.0,false
yellow_trip_hourly,62,overall,overall,61,8268,2583,0.0781023222060958,0.3124092888243832,7,0.0008466376390904693,0.3688379903625015,true
yellow_trip_hourly,62,overall,overall,62,8268,4308,0.1302612481857765,0.521044992743106,1520,0.18384131591678762,0.5933457421780518,true
yellow_trip_hourly,62,overall,overall,63,8268,0,0.0,0.0,0,0.0,0.0,false
yellow_trip_hourly,62,quantity,gt_p99,0,79,0,0.0,0.0,0,0.0,0.0,false
yellow_trip_hourly,62,quantity,gt_p99,1,79,0,0.0,0.0,0,0.0,0.0,false
yellow_trip_hourly,62,quantity,gt_p99,2,79,0,0.0,0.0,0,0.0,0.0,false
yellow_trip_hourly,62,quantity,gt_p99,3,79,0,0.0,0.0,0,0.0,0.0,false
yellow_trip_hourly,62,quantity,gt_p99,4,79,0,0.0,0.0,0,0.0,0.0,false
yellow_trip_hourly,62,quantity,gt_p99,5,79,0,0.0,0.0,0,0.0,0.0,false
yellow_trip_hourly,62,quantity,gt_p99,6,79,0,0.0,0.0,0,0.0,0.0,false
yellow_trip_hourly,62,quantity,gt_p99,7,79,0,0.0,0.0,0,0.0,0.0,false
yellow_trip_hourly,62,quantity,gt_p99,8,79,0,0.0,0.0,0,0.0,0.0,false
yellow_trip_hourly,62,quantity,gt_p99,9,79,0,0.0,0.0,0,0.0,0.0,false
yellow_trip_hourly,62,quantity,gt_p99,10,79,0,0.0,0.0,0,0.0,0.0,false
yellow_trip_hourly,62,quantity,gt_p99,11,79,0,0.0,0.0,0,0.0,0.0,false
yellow_trip_hourly,62,quantity,gt_p99,12,79,0,0.0,0.0,0,0.0,0.0,false
yellow_trip_hourly,62,quantity,gt_p99,13,79,79,0.25,1.0,79,1.0,0.6511637840089919,true
yellow_trip_hourly,62,quantity,gt_p99,14,79,0,0.0,0.0,0,0.0,0.0,false
yellow_trip_hourly,62,quantity,gt_p99,15,79,0,0.0,0.0,0,0.0,0.0,false
yellow_trip_hourly,62,quantity,gt_p99,16,79,0,0.0,0.0,0,0.0,0.0,false
yellow_trip_hourly,62,quantity,gt_p99,17,79,0,0.0,0.0,0,0.0,0.0,false
yellow_trip_hourly,62,quantity,gt_p99,18,79,0,0.0,0.0,0,0.0,0.0,false
yellow_trip_hourly,62,quantity,gt_p99,19,79,0,0.0,0.0,0,0.0,0.0,false
yellow_trip_hourly,62,quantity,gt_p99,20,79,0,0.0,0.0,0,0.0,0.0,false
yellow_trip_hourly,62,quantity,gt_p99,21,79,0,0.0,0.0,0,0.0,0.0,false
yellow_trip_hourly,62,quantity,gt_p99,22,79,0,0.0,0.0,0,0.0,0.0,false
yellow_trip_hourly,62,quantity,gt_p99,23,79,0,0.0,0.0,0,0.0,0.0,false
yellow_trip_hourly,62,quantity,gt_p99,24,79,0,0.0,0.0,0,0.0,0.0,false
yellow_trip_hourly,62,quantity,gt_p99,25,79,0,0.0,0.0,0,0.0,0.0,false
yellow_trip_hourly,62,quantity,gt_p99,26,79,0,0.0,0.0,0,0.0,0.0,false
yellow_trip_hourly,62,quantity,gt_p99,27,79,0,0.0,0.0,0,0.0,0.0,false
yellow_trip_hourly,62,quantity,gt_p99,28,79,0,0.0,0.0,0,0.0,0.0,false
yellow_trip_hourly,62,quantity,gt_p99,29,79,0,0.0,0.0,0,0.0,0.0,false
yellow_trip_hourly,62,quantity,gt_p99,30,79,0,0.0,0.0,0,0.0,0.0,false
yellow_trip_hourly,62,quantity,gt_p99,31,79,0,0.0,0.0,0,0.0,0.0,false
yellow_trip_hourly,62,quantity,gt_p99,32,79,0,0.0,0.0,0,0.0,0.0,false
yellow_trip_hourly,62,quantity,gt_p99,33,79,0,0.0,0.0,0,0.0,0.0,false
yellow_trip_hourly,62,quantity,gt_p99,34,79,0,0.0,0.0,0,0.0,0.0,false
yellow_trip_hourly,62,quantity,gt_p99,35,79,0,0.0,0.0,0,0.0,0.0,false
yellow_trip_hourly,62,quantity,gt_p99,36,79,0,0.0,0.0,0,0.0,0.0,false
yellow_trip_hourly,62,quantity,gt_p99,37,79,0,0.0,0.0,0,0.0,0.0,false
yellow_trip_hourly,62,quantity,gt_p99,38,79,0,0.0,0.0,0,0.0,0.0,false
yellow_trip_hourly,62,quantity,gt_p99,39,79,0,0.0,0.0,0,0.0,0.0,false
yellow_trip_hourly,62,quantity,gt_p99,40,79,0,0.0,0.0,0,0.0,0.0,false
yellow_trip_hourly,62,quantity,gt_p99,41,79,0,0.0,0.0,0,0.0,0.0,false
yellow_trip_hourly,62,quantity,gt_p99,42,79,0,0.0,0.0,0,0.0,0.0,false
yellow_trip_hourly,62,quantity,gt_p99,43,79,0,0.0,0.0,0,0.0,0.0,false
yellow_trip_hourly,62,quantity,gt_p99,44,79,0,0.0,0.0,0,0.0,0.0,false
yellow_trip_hourly,62,quantity,gt_p99,45,79,0,0.0,0.0,0,0.0,0.0,false
yellow_trip_hourly,62,quantity,gt_p99,46,79,0,0.0,0.0,0,0.0,0.0,false
yellow_trip_hourly,62,quantity,gt_p99,47,79,0,0.0,0.0,0,0.0,0.0,false
yellow_trip_hourly,62,quantity,gt_p99,48,79,0,0.0,0.0,0,0.0,0.0,false
yellow_trip_hourly,62,quantity,gt_p99,49,79,0,0.0,0.0,0,0.0,0.0,false
yellow_trip_hourly,62,quantity,gt_p99,50,79,0,0.0,0.0,0,0.0,0.0,false
yellow_trip_hourly,62,quantity,gt_p99,51,79,0,0.0,0.0,0,0.0,0.0,false
yellow_trip_hourly,62,quantity,gt_p99,52,79,0,0.0,0.0,0,0.0,0.0,false
yellow_trip_hourly,62,quantity,gt_p99,53,79,0,0.0,0.0,0,0.0,0.0,false
yellow_trip_hourly,62,quantity,gt_p99,54,79,0,0.0,0.0,0,0.0,0.0,false
yellow_trip_hourly,62,quantity,gt_p99,55,79,79,0.25,1.0,0,0.0,0.6095046959345853,true
yellow_trip_hourly,62,quantity,gt_p99,56,79,0,0.0,0.0,0,0.0,0.0,false
yellow_trip_hourly,62,quantity,gt_p99,57,79,0,0.0,0.0,0,0.0,0.0,false
yellow_trip_hourly,62,quantity,gt_p99,58,79,0,0.0,0.0,0,0.0,0.0,false
yellow_trip_hourly,62,quantity,gt_p99,59,79,79,0.25,1.0,0,0.0,0.5772663271879848,true
yellow_trip_hourly,62,quantity,gt_p99,60,79,0,0.0,0.0,0,0.0,0.0,false
yellow_trip_hourly,62,quantity,gt_p99,61,79,79,0.25,1.0,0,0.0,0.5317872755135162,true
yellow_trip_hourly,62,quantity,gt_p99,62,79,0,0.0,0.0,0,0.0,0.0,false
yellow_trip_hourly,62,quantity,gt_p99,63,79,0,0.0,0.0,0,0.0,0.0,false
yellow_trip_hourly,62,quantity,le_p50,0,4364,0,0.0,0.0,0,0.0,0.0,false
yellow_trip_hourly,62,quantity,le_p50,1,4364,0,0.0,0.0,0,0.0,0.0,false
yellow_trip_hourly,62,quantity,le_p50,2,4364,0,0.0,0.0,0,0.0,0.0,false
yellow_trip_hourly,62,quantity,le_p50,3,4364,2317,0.13273373052245646,0.5309349220898258,327,0.07493125572868928,0.6772968189748239,true
yellow_trip_hourly,62,quantity,le_p50,4,4364,0,0.0,0.0,0,0.0,0.0,false
yellow_trip_hourly,62,quantity,le_p50,5,4364,0,0.0,0.0,0,0.0,0.0,false
yellow_trip_hourly,62,quantity,le_p50,6,4364,1770,0.10139780018331805,0.4055912007332722,1253,0.287121906507791,0.7342106824667104,true
yellow_trip_hourly,62,quantity,le_p50,7,4364,0,0.0,0.0,0,0.0,0.0,false
yellow_trip_hourly,62,quantity,le_p50,8,4364,0,0.0,0.0,0,0.0,0.0,false
yellow_trip_hourly,62,quantity,le_p50,9,4364,62,0.003551787351054079,0.014207149404216315,6,0.001374885426214482,0.11229725707803041,true
yellow_trip_hourly,62,quantity,le_p50,10,4364,0,0.0,0.0,0,0.0,0.0,false
yellow_trip_hourly,62,quantity,le_p50,11,4364,0,0.0,0.0,0,0.0,0.0,false
yellow_trip_hourly,62,quantity,le_p50,12,4364,0,0.0,0.0,0,0.0,0.0,false
yellow_trip_hourly,62,quantity,le_p50,13,4364,42,0.0024060494958753438,0.009624197983501375,26,0.005957836846929423,0.15907509429823785,true
yellow_trip_hourly,62,quantity,le_p50,14,4364,34,0.0019477543538038496,0.007791017415215398,18,0.004124656278643446,0.04935775095980395,true
yellow_trip_hourly,62,quantity,le_p50,15,4364,0,0.0,0.0,0,0.0,0.0,false
yellow_trip_hourly,62,quantity,le_p50,16,4364,0,0.0,0.0,0,0.0,0.0,false
yellow_trip_hourly,62,quantity,le_p50,17,4364,1713,0.09813244729605866,0.39252978918423465,471,0.10792850595783685,0.5068659959888326,true
yellow_trip_hourly,62,quantity,le_p50,18,4364,6,0.0003437213565536205,0.001374885426214482,2,0.00045829514207149406,0.08633983197311561,true
yellow_trip_hourly,62,quantity,le_p50,19,4364,0,0.0,0.0,0,0.0,0.0,false
yellow_trip_hourly,62,quantity,le_p50,20,4364,44,0.0025206232813932174,0.01008249312557287,24,0.005499541704857928,0.11009645523418757,true
yellow_trip_hourly,62,quantity,le_p50,21,4364,4,0.00022914757103574703,0.0009165902841429881,0,0.0,0.043279536068439484,true
yellow_trip_hourly,62,quantity,le_p50,22,4364,71,0.00406736938588451,0.01626947754353804,0,0.0,0.2794316772528937,true
yellow_trip_hourly,62,quantity,le_p50,23,4364,0,0.0,0.0,0,0.0,0.0,false
yellow_trip_hourly,62,quantity,le_p50,24,4364,1,0.00005728689275893676,0.00022914757103574703,0,0.0,0.12084763497114182,true
yellow_trip_hourly,62,quantity,le_p50,25,4364,2,0.00011457378551787351,0.00045829514207149406,0,0.0,0.09223149716854095,true
yellow_trip_hourly,62,quantity,le_p50,26,4364,0,0.0,0.0,0,0.0,0.0,false
yellow_trip_hourly,62,quantity,le_p50,27,4364,0,0.0,0.0,0,0.0,0.0,false
yellow_trip_hourly,62,quantity,le_p50,28,4364,0,0.0,0.0,0,0.0,0.0,false
yellow_trip_hourly,62,quantity,le_p50,29,4364,32,0.0018331805682859762,0.007332722273143905,0,0.0,0.07735831096761103,true
yellow_trip_hourly,62,quantity,le_p50,30,4364,0,0.0,0.0,0,0.0,0.0,false
yellow_trip_hourly,62,quantity,le_p50,31,4364,0,0.0,0.0,0,0.0,0.0,false
yellow_trip_hourly,62,quantity,le_p50,32,4364,0,0.0,0.0,0,0.0,0.0,false
yellow_trip_hourly,62,quantity,le_p50,33,4364,0,0.0,0.0,0,0.0,0.0,false
yellow_trip_hourly,62,quantity,le_p50,34,4364,0,0.0,0.0,0,0.0,0.0,false
yellow_trip_hourly,62,quantity,le_p50,35,4364,30,0.0017186067827681026,0.0068744271310724105,0,0.0,0.020452905585989355,true
yellow_trip_hourly,62,quantity,le_p50,36,4364,0,0.0,0.0,0,0.0,0.0,false
yellow_trip_hourly,62,quantity,le_p50,37,4364,0,0.0,0.0,0,0.0,0.0,false
yellow_trip_hourly,62,quantity,le_p50,38,4364,7,0.0004010082493125573,0.0016040329972502293,0,0.0,0.007288297945966146,true
yellow_trip_hourly,62,quantity,le_p50,39,4364,2317,0.13273373052245646,0.5309349220898258,5,0.001145737855178735,0.6628237541219928,true
yellow_trip_hourly,62,quantity,le_p50,40,4364,10,0.0005728689275893675,0.00229147571035747,0,0.0,0.24291748628020288,true
yellow_trip_hourly,62,quantity,le_p50,41,4364,0,0.0,0.0,0,0.0,0.0,false
yellow_trip_hourly,62,quantity,le_p50,42,4364,3,0.00017186067827681026,0.000687442713107241,0,0.0,0.5977246960004171,true
yellow_trip_hourly,62,quantity,le_p50,43,4364,0,0.0,0.0,0,0.0,0.0,false
yellow_trip_hourly,62,quantity,le_p50,44,4364,0,0.0,0.0,0,0.0,0.0,false
yellow_trip_hourly,62,quantity,le_p50,45,4364,16,0.0009165902841429881,0.0036663611365719525,0,0.0,0.01745356816536514,true
yellow_trip_hourly,62,quantity,le_p50,46,4364,2152,0.1232813932172319,0.4931255728689276,329,0.07538955087076077,0.5349860422842925,true
yellow_trip_hourly,62,quantity,le_p50,47,4364,0,0.0,0.0,0,0.0,0.0,false
yellow_trip_hourly,62,quantity,le_p50,48,4364,146,0.008363886342804766,0.033455545371219066,16,0.0036663611365719525,0.1397422643391135,true
yellow_trip_hourly,62,quantity,le_p50,49,4364,0,0.0,0.0,0,0.0,0.0,false
yellow_trip_hourly,62,quantity,le_p50,50,4364,0,0.0,0.0,0,0.0,0.0,false
yellow_trip_hourly,62,quantity,le_p50,51,4364,2404,0.13771769019248395,0.5508707607699358,366,0.0838680109990834,0.5318849238128511,true
yellow_trip_hourly,62,quantity,le_p50,52,4364,50,0.0028643446379468377,0.011457378551787351,20,0.00458295142071494,0.039968902990221974,true
yellow_trip_hourly,62,quantity,le_p50,53,4364,0,0.0,0.0,0,0.0,0.0,false
yellow_trip_hourly,62,quantity,le_p50,54,4364,0,0.0,0.0,0,0.0,0.0,false
yellow_trip_hourly,62,quantity,le_p50,55,4364,16,0.0009165902841429881,0.0036663611365719525,1,0.00022914757103574703,0.1817993619479239,true
yellow_trip_hourly,62,quantity,le_p50,56,4364,0,0.0,0.0,0,0.0,0.0,false
yellow_trip_hourly,62,quantity,le_p50,57,4364,11,0.0006301558203483043,0.0025206232813932174,0,0.0,0.03443626553582197,true
yellow_trip_hourly,62,quantity,le_p50,58,4364,17,0.0009738771769019248,0.003895508707607699,1,0.00022914757103574703,0.05373336221365368,true
yellow_trip_hourly,62,quantity,le_p50,59,4364,47,0.0026924839596700273,0.01076993583868011,0,0.0,0.12723985707518606,true
yellow_trip_hourly,62,quantity,le_p50,60,4364,0,0.0,0.0,0,0.0,0.0,false
yellow_trip_hourly,62,quantity,le_p50,61,4364,37,0.00211961503208066,0.00847846012832264,0,0.0,0.13369486136110248,true
yellow_trip_hourly,62,quantity,le_p50,62,4364,4095,0.23458982584784602,0.9383593033913841,1499,0.34349220898258476,0.6018973447427935,true
yellow_trip_hourly,62,quantity,le_p50,63,4364,0,0.0,0.0,0,0.0,0.0,false
yellow_trip_hourly,62,quantity,p50_p90,0,3138,0,0.0,0.0,0,0.0,0.0,false
yellow_trip_hourly,62,quantity,p50_p90,1,3138,0,0.0,0.0,0,0.0,0.0,false
yellow_trip_hourly,62,quantity,p50_p90,2,3138,1,0.00007966857871255577,0.00031867431485022306,0,0.0,0.06670006364583969,true
yellow_trip_hourly,62,quantity,p50_p90,3,3138,7,0.0005576800509878904,0.0022307202039515616,0,0.0,0.6353520325251988,true
yellow_trip_hourly,62,quantity,p50_p90,4,3138,0,0.0,0.0,0,0.0,0.0,false
yellow_trip_hourly,62,quantity,p50_p90,5,3138,0,0.0,0.0,0,0.0,0.0,false
yellow_trip_hourly,62,quantity,p50_p90,6,3138,1,0.00007966857871255577,0.00031867431485022306,1,0.00031867431485022306,0.734595537185669,true
yellow_trip_hourly,62,quantity,p50_p90,7,3138,0,0.0,0.0,0,0.0,0.0,false
yellow_trip_hourly,62,quantity,p50_p90,8,3138,0,0.0,0.0,0,0.0,0.0,false
yellow_trip_hourly,62,quantity,p50_p90,9,3138,226,0.018005098789037603,0.07202039515615041,15,0.004780114722753346,0.08471248927732221,true
yellow_trip_hourly,62,quantity,p50_p90,10,3138,0,0.0,0.0,0,0.0,0.0,false
yellow_trip_hourly,62,quantity,p50_p90,11,3138,0,0.0,0.0,0,0.0,0.0,false
yellow_trip_hourly,62,quantity,p50_p90,12,3138,0,0.0,0.0,0,0.0,0.0,false
yellow_trip_hourly,62,quantity,p50_p90,13,3138,1994,0.1588591459528362,0.6354365838113448,1782,0.5678776290630975,0.34882780916263967,true
yellow_trip_hourly,62,quantity,p50_p90,14,3138,865,0.06891332058636074,0.27565328234544295,643,0.20490758444869345,0.06841650091843798,true
yellow_trip_hourly,62,quantity,p50_p90,15,3138,0,0.0,0.0,0,0.0,0.0,false
yellow_trip_hourly,62,quantity,p50_p90,16,3138,0,0.0,0.0,0,0.0,0.0,false
yellow_trip_hourly,62,quantity,p50_p90,17,3138,440,0.03505417463352454,0.14021669853409816,181,0.05768005098789038,0.2772468833506785,true
yellow_trip_hourly,62,quantity,p50_p90,18,3138,85,0.00677182919056724,0.02708731676226896,5,0.0015933715742511153,0.06878446543260533,true
yellow_trip_hourly,62,quantity,p50_p90,19,3138,0,0.0,0.0,0,0.0,0.0,false
yellow_trip_hourly,62,quantity,p50_p90,20,3138,36,0.0028680688336520078,0.011472275334608031,6,0.0019120458891013384,0.06595915988630925,true
yellow_trip_hourly,62,quantity,p50_p90,21,3138,20,0.0015933715742511153,0.006373486297004461,1,0.00031867431485022306,0.0310238650534302,true
yellow_trip_hourly,62,quantity,p50_p90,22,3138,10,0.0007966857871255577,0.0031867431485022306,0,0.0,0.2609876237809658,true
yellow_trip_hourly,62,quantity,p50_p90,23,3138,0,0.0,0.0,0,0.0,0.0,false
yellow_trip_hourly,62,quantity,p50_p90,24,3138,0,0.0,0.0,0,0.0,0.0,false
yellow_trip_hourly,62,quantity,p50_p90,25,3138,13,0.001035691523263225,0.0041427660930529,2,0.0006373486297004461,0.08041928436320561,true
yellow_trip_hourly,62,quantity,p50_p90,26,3138,0,0.0,0.0,0,0.0,0.0,false
yellow_trip_hourly,62,quantity,p50_p90,27,3138,0,0.0,0.0,0,0.0,0.0,false
yellow_trip_hourly,62,quantity,p50_p90,28,3138,0,0.0,0.0,0,0.0,0.0,false
yellow_trip_hourly,62,quantity,p50_p90,29,3138,29,0.002310388782664117,0.009241555130656469,1,0.00031867431485022306,0.04193657003985397,true
yellow_trip_hourly,62,quantity,p50_p90,30,3138,0,0.0,0.0,0,0.0,0.0,false
yellow_trip_hourly,62,quantity,p50_p90,31,3138,2,0.00015933715742511153,0.0006373486297004461,0,0.0,0.02998046763241291,true
yellow_trip_hourly,62,quantity,p50_p90,32,3138,0,0.0,0.0,0,0.0,0.0,false
yellow_trip_hourly,62,quantity,p50_p90,33,3138,0,0.0,0.0,0,0.0,0.0,false
yellow_trip_hourly,62,quantity,p50_p90,34,3138,0,0.0,0.0,0,0.0,0.0,false
yellow_trip_hourly,62,quantity,p50_p90,35,3138,308,0.024537922243467177,0.09815168897386871,4,0.0012746972594008922,0.02311554751109465,true
yellow_trip_hourly,62,quantity,p50_p90,36,3138,1,0.00007966857871255577,0.00031867431485022306,0,0.0,0.015743153169751167,true
yellow_trip_hourly,62,quantity,p50_p90,37,3138,0,0.0,0.0,0,0.0,0.0,false
yellow_trip_hourly,62,quantity,p50_p90,38,3138,74,0.0058954748247291265,0.023581899298916506,0,0.0,0.0199376340635747,true
yellow_trip_hourly,62,quantity,p50_p90,39,3138,7,0.0005576800509878904,0.0022307202039515616,0,0.0,0.6383801528385707,true
yellow_trip_hourly,62,quantity,p50_p90,40,3138,10,0.0007966857871255577,0.0031867431485022306,0,0.0,0.22500332295894623,true
yellow_trip_hourly,62,quantity,p50_p90,41,3138,0,0.0,0.0,0,0.0,0.0,false
yellow_trip_hourly,62,quantity,p50_p90,42,3138,0,0.0,0.0,0,0.0,0.0,false
yellow_trip_hourly,62,quantity,p50_p90,43,3138,0,0.0,0.0,0,0.0,0.0,false
yellow_trip_hourly,62,quantity,p50_p90,44,3138,0,0.0,0.0,0,0.0,0.0,false
yellow_trip_hourly,62,quantity,p50_p90,45,3138,97,0.007727852135117909,0.030911408540471638,0,0.0,0.01587503588249542,true
yellow_trip_hourly,62,quantity,p50_p90,46,3138,317,0.02525493945188018,0.10101975780752072,28,0.008922880815806247,0.35567788622262725,true
yellow_trip_hourly,62,quantity,p50_p90,47,3138,0,0.0,0.0,0,0.0,0.0,false
yellow_trip_hourly,62,quantity,p50_p90,48,3138,312,0.0248565965583174,0.0994263862332696,76,0.024219247928616953,0.09619456285443635,true
yellow_trip_hourly,62,quantity,p50_p90,49,3138,0,0.0,0.0,0,0.0,0.0,false
yellow_trip_hourly,62,quantity,p50_p90,50,3138,0,0.0,0.0,0,0.0,0.0,false
yellow_trip_hourly,62,quantity,p50_p90,51,3138,473,0.03768323773103888,0.1507329509241555,181,0.05768005098789038,0.2708983290743626,true
yellow_trip_hourly,62,quantity,p50_p90,52,3138,531,0.04230401529636711,0.16921606118546845,113,0.036010197578075206,0.03419939103569632,true
yellow_trip_hourly,62,quantity,p50_p90,53,3138,0,0.0,0.0,0,0.0,0.0,false
yellow_trip_hourly,62,quantity,p50_p90,54,3138,0,0.0,0.0,0,0.0,0.0,false
yellow_trip_hourly,62,quantity,p50_p90,55,3138,1986,0.15822179732313577,0.6328871892925431,67,0.021351179094964947,0.32790476952989894,true
yellow_trip_hourly,62,quantity,p50_p90,56,3138,0,0.0,0.0,0,0.0,0.0,false
yellow_trip_hourly,62,quantity,p50_p90,57,3138,436,0.03473550031867431,0.13894200127469725,0,0.0,0.029362165080191176,true
yellow_trip_hourly,62,quantity,p50_p90,58,3138,358,0.028521351179094965,0.11408540471637986,4,0.0012746972594008922,0.04070289222544382,true
yellow_trip_hourly,62,quantity,p50_p90,59,3138,1920,0.15296367112810708,0.6118546845124283,0,0.0,0.31715413997784103,true
yellow_trip_hourly,62,quantity,p50_p90,60,3138,0,0.0,0.0,0,0.0,0.0,false
yellow_trip_hourly,62,quantity,p50_p90,61,3138,1780,0.14181007010834926,0.567240280433397,7,0.0022307202039515616,0.3125113924358333,true
yellow_trip_hourly,62,quantity,p50_p90,62,3138,213,0.016969407265774377,0.06787762906309751,21,0.006692160611854685,0.4289381717432273,true
yellow_trip_hourly,62,quantity,p50_p90,63,3138,0,0.0,0.0,0,0.0,0.0,false
yellow_trip_hourly,62,quantity,p90_p95,0,386,0,0.0,0.0,0,0.0,0.0,false
yellow_trip_hourly,62,quantity,p90_p95,1,386,0,0.0,0.0,0,0.0,0.0,false
yellow_trip_hourly,62,quantity,p90_p95,2,386,0,0.0,0.0,0,0.0,0.0,false
yellow_trip_hourly,62,quantity,p90_p95,3,386,0,0.0,0.0,0,0.0,0.0,false
yellow_trip_hourly,62,quantity,p90_p95,4,386,0,0.0,0.0,0,0.0,0.0,false
yellow_trip_hourly,62,quantity,p90_p95,5,386,0,0.0,0.0,0,0.0,0.0,false
yellow_trip_hourly,62,quantity,p90_p95,6,386,0,0.0,0.0,0,0.0,0.0,false
yellow_trip_hourly,62,quantity,p90_p95,7,386,0,0.0,0.0,0,0.0,0.0,false
yellow_trip_hourly,62,quantity,p90_p95,8,386,0,0.0,0.0,0,0.0,0.0,false
yellow_trip_hourly,62,quantity,p90_p95,9,386,0,0.0,0.0,0,0.0,0.0,false
yellow_trip_hourly,62,quantity,p90_p95,10,386,0,0.0,0.0,0,0.0,0.0,false
yellow_trip_hourly,62,quantity,p90_p95,11,386,0,0.0,0.0,0,0.0,0.0,false
yellow_trip_hourly,62,quantity,p90_p95,12,386,0,0.0,0.0,0,0.0,0.0,false
yellow_trip_hourly,62,quantity,p90_p95,13,386,386,0.25,1.0,386,1.0,0.6110957948963877,true
yellow_trip_hourly,62,quantity,p90_p95,14,386,0,0.0,0.0,0,0.0,0.0,false
yellow_trip_hourly,62,quantity,p90_p95,15,386,0,0.0,0.0,0,0.0,0.0,false
yellow_trip_hourly,62,quantity,p90_p95,16,386,0,0.0,0.0,0,0.0,0.0,false
yellow_trip_hourly,62,quantity,p90_p95,17,386,0,0.0,0.0,0,0.0,0.0,false
yellow_trip_hourly,62,quantity,p90_p95,18,386,0,0.0,0.0,0,0.0,0.0,false
yellow_trip_hourly,62,quantity,p90_p95,19,386,0,0.0,0.0,0,0.0,0.0,false
yellow_trip_hourly,62,quantity,p90_p95,20,386,0,0.0,0.0,0,0.0,0.0,false
yellow_trip_hourly,62,quantity,p90_p95,21,386,0,0.0,0.0,0,0.0,0.0,false
yellow_trip_hourly,62,quantity,p90_p95,22,386,0,0.0,0.0,0,0.0,0.0,false
yellow_trip_hourly,62,quantity,p90_p95,23,386,0,0.0,0.0,0,0.0,0.0,false
yellow_trip_hourly,62,quantity,p90_p95,24,386,0,0.0,0.0,0,0.0,0.0,false
yellow_trip_hourly,62,quantity,p90_p95,25,386,0,0.0,0.0,0,0.0,0.0,false
yellow_trip_hourly,62,quantity,p90_p95,26,386,0,0.0,0.0,0,0.0,0.0,false
yellow_trip_hourly,62,quantity,p90_p95,27,386,0,0.0,0.0,0,0.0,0.0,false
yellow_trip_hourly,62,quantity,p90_p95,28,386,0,0.0,0.0,0,0.0,0.0,false
yellow_trip_hourly,62,quantity,p90_p95,29,386,0,0.0,0.0,0,0.0,0.0,false
yellow_trip_hourly,62,quantity,p90_p95,30,386,0,0.0,0.0,0,0.0,0.0,false
yellow_trip_hourly,62,quantity,p90_p95,31,386,0,0.0,0.0,0,0.0,0.0,false
yellow_trip_hourly,62,quantity,p90_p95,32,386,0,0.0,0.0,0,0.0,0.0,false
yellow_trip_hourly,62,quantity,p90_p95,33,386,0,0.0,0.0,0,0.0,0.0,false
yellow_trip_hourly,62,quantity,p90_p95,34,386,0,0.0,0.0,0,0.0,0.0,false
yellow_trip_hourly,62,quantity,p90_p95,35,386,0,0.0,0.0,0,0.0,0.0,false
yellow_trip_hourly,62,quantity,p90_p95,36,386,0,0.0,0.0,0,0.0,0.0,false
yellow_trip_hourly,62,quantity,p90_p95,37,386,0,0.0,0.0,0,0.0,0.0,false
yellow_trip_hourly,62,quantity,p90_p95,38,386,0,0.0,0.0,0,0.0,0.0,false
yellow_trip_hourly,62,quantity,p90_p95,39,386,0,0.0,0.0,0,0.0,0.0,false
yellow_trip_hourly,62,quantity,p90_p95,40,386,0,0.0,0.0,0,0.0,0.0,false
yellow_trip_hourly,62,quantity,p90_p95,41,386,0,0.0,0.0,0,0.0,0.0,false
yellow_trip_hourly,62,quantity,p90_p95,42,386,0,0.0,0.0,0,0.0,0.0,false
yellow_trip_hourly,62,quantity,p90_p95,43,386,0,0.0,0.0,0,0.0,0.0,false
yellow_trip_hourly,62,quantity,p90_p95,44,386,0,0.0,0.0,0,0.0,0.0,false
yellow_trip_hourly,62,quantity,p90_p95,45,386,0,0.0,0.0,0,0.0,0.0,false
yellow_trip_hourly,62,quantity,p90_p95,46,386,0,0.0,0.0,0,0.0,0.0,false
yellow_trip_hourly,62,quantity,p90_p95,47,386,0,0.0,0.0,0,0.0,0.0,false
yellow_trip_hourly,62,quantity,p90_p95,48,386,0,0.0,0.0,0,0.0,0.0,false
yellow_trip_hourly,62,quantity,p90_p95,49,386,0,0.0,0.0,0,0.0,0.0,false
yellow_trip_hourly,62,quantity,p90_p95,50,386,0,0.0,0.0,0,0.0,0.0,false
yellow_trip_hourly,62,quantity,p90_p95,51,386,0,0.0,0.0,0,0.0,0.0,false
yellow_trip_hourly,62,quantity,p90_p95,52,386,0,0.0,0.0,0,0.0,0.0,false
yellow_trip_hourly,62,quantity,p90_p95,53,386,0,0.0,0.0,0,0.0,0.0,false
yellow_trip_hourly,62,quantity,p90_p95,54,386,0,0.0,0.0,0,0.0,0.0,false
yellow_trip_hourly,62,quantity,p90_p95,55,386,386,0.25,1.0,0,0.0,0.5713903610570443,true
yellow_trip_hourly,62,quantity,p90_p95,56,386,0,0.0,0.0,0,0.0,0.0,false
yellow_trip_hourly,62,quantity,p90_p95,57,386,0,0.0,0.0,0,0.0,0.0,false
yellow_trip_hourly,62,quantity,p90_p95,58,386,0,0.0,0.0,0,0.0,0.0,false
yellow_trip_hourly,62,quantity,p90_p95,59,386,386,0.25,1.0,0,0.0,0.5407129290653634,true
yellow_trip_hourly,62,quantity,p90_p95,60,386,0,0.0,0.0,0,0.0,0.0,false
yellow_trip_hourly,62,quantity,p90_p95,61,386,386,0.25,1.0,0,0.0,0.4995191152849346,true
yellow_trip_hourly,62,quantity,p90_p95,62,386,0,0.0,0.0,0,0.0,0.0,false
yellow_trip_hourly,62,quantity,p90_p95,63,386,0,0.0,0.0,0,0.0,0.0,false
yellow_trip_hourly,62,quantity,p95_p99,0,301,0,0.0,0.0,0,0.0,0.0,false
yellow_trip_hourly,62,quantity,p95_p99,1,301,0,0.0,0.0,0,0.0,0.0,false
yellow_trip_hourly,62,quantity,p95_p99,2,301,0,0.0,0.0,0,0.0,0.0,false
yellow_trip_hourly,62,quantity,p95_p99,3,301,0,0.0,0.0,0,0.0,0.0,false
yellow_trip_hourly,62,quantity,p95_p99,4,301,0,0.0,0.0,0,0.0,0.0,false
yellow_trip_hourly,62,quantity,p95_p99,5,301,0,0.0,0.0,0,0.0,0.0,false
yellow_trip_hourly,62,quantity,p95_p99,6,301,0,0.0,0.0,0,0.0,0.0,false
yellow_trip_hourly,62,quantity,p95_p99,7,301,0,0.0,0.0,0,0.0,0.0,false
yellow_trip_hourly,62,quantity,p95_p99,8,301,0,0.0,0.0,0,0.0,0.0,false
yellow_trip_hourly,62,quantity,p95_p99,9,301,0,0.0,0.0,0,0.0,0.0,false
yellow_trip_hourly,62,quantity,p95_p99,10,301,0,0.0,0.0,0,0.0,0.0,false
yellow_trip_hourly,62,quantity,p95_p99,11,301,0,0.0,0.0,0,0.0,0.0,false
yellow_trip_hourly,62,quantity,p95_p99,12,301,0,0.0,0.0,0,0.0,0.0,false
yellow_trip_hourly,62,quantity,p95_p99,13,301,301,0.25,1.0,301,1.0,0.637208994044814,true
yellow_trip_hourly,62,quantity,p95_p99,14,301,0,0.0,0.0,0,0.0,0.0,false
yellow_trip_hourly,62,quantity,p95_p99,15,301,0,0.0,0.0,0,0.0,0.0,false
yellow_trip_hourly,62,quantity,p95_p99,16,301,0,0.0,0.0,0,0.0,0.0,false
yellow_trip_hourly,62,quantity,p95_p99,17,301,0,0.0,0.0,0,0.0,0.0,false
yellow_trip_hourly,62,quantity,p95_p99,18,301,0,0.0,0.0,0,0.0,0.0,false
yellow_trip_hourly,62,quantity,p95_p99,19,301,0,0.0,0.0,0,0.0,0.0,false
yellow_trip_hourly,62,quantity,p95_p99,20,301,0,0.0,0.0,0,0.0,0.0,false
yellow_trip_hourly,62,quantity,p95_p99,21,301,0,0.0,0.0,0,0.0,0.0,false
yellow_trip_hourly,62,quantity,p95_p99,22,301,0,0.0,0.0,0,0.0,0.0,false
yellow_trip_hourly,62,quantity,p95_p99,23,301,0,0.0,0.0,0,0.0,0.0,false
yellow_trip_hourly,62,quantity,p95_p99,24,301,0,0.0,0.0,0,0.0,0.0,false
yellow_trip_hourly,62,quantity,p95_p99,25,301,0,0.0,0.0,0,0.0,0.0,false
yellow_trip_hourly,62,quantity,p95_p99,26,301,0,0.0,0.0,0,0.0,0.0,false
yellow_trip_hourly,62,quantity,p95_p99,27,301,0,0.0,0.0,0,0.0,0.0,false
yellow_trip_hourly,62,quantity,p95_p99,28,301,0,0.0,0.0,0,0.0,0.0,false
yellow_trip_hourly,62,quantity,p95_p99,29,301,0,0.0,0.0,0,0.0,0.0,false
yellow_trip_hourly,62,quantity,p95_p99,30,301,0,0.0,0.0,0,0.0,0.0,false
yellow_trip_hourly,62,quantity,p95_p99,31,301,0,0.0,0.0,0,0.0,0.0,false
yellow_trip_hourly,62,quantity,p95_p99,32,301,0,0.0,0.0,0,0.0,0.0,false
yellow_trip_hourly,62,quantity,p95_p99,33,301,0,0.0,0.0,0,0.0,0.0,false
yellow_trip_hourly,62,quantity,p95_p99,34,301,0,0.0,0.0,0,0.0,0.0,false
yellow_trip_hourly,62,quantity,p95_p99,35,301,0,0.0,0.0,0,0.0,0.0,false
yellow_trip_hourly,62,quantity,p95_p99,36,301,0,0.0,0.0,0,0.0,0.0,false
yellow_trip_hourly,62,quantity,p95_p99,37,301,0,0.0,0.0,0,0.0,0.0,false
yellow_trip_hourly,62,quantity,p95_p99,38,301,0,0.0,0.0,0,0.0,0.0,false
yellow_trip_hourly,62,quantity,p95_p99,39,301,0,0.0,0.0,0,0.0,0.0,false
yellow_trip_hourly,62,quantity,p95_p99,40,301,0,0.0,0.0,0,0.0,0.0,false
yellow_trip_hourly,62,quantity,p95_p99,41,301,0,0.0,0.0,0,0.0,0.0,false
yellow_trip_hourly,62,quantity,p95_p99,42,301,0,0.0,0.0,0,0.0,0.0,false
yellow_trip_hourly,62,quantity,p95_p99,43,301,0,0.0,0.0,0,0.0,0.0,false
yellow_trip_hourly,62,quantity,p95_p99,44,301,0,0.0,0.0,0,0.0,0.0,false
yellow_trip_hourly,62,quantity,p95_p99,45,301,0,0.0,0.0,0,0.0,0.0,false
yellow_trip_hourly,62,quantity,p95_p99,46,301,0,0.0,0.0,0,0.0,0.0,false
yellow_trip_hourly,62,quantity,p95_p99,47,301,0,0.0,0.0,0,0.0,0.0,false
yellow_trip_hourly,62,quantity,p95_p99,48,301,0,0.0,0.0,0,0.0,0.0,false
yellow_trip_hourly,62,quantity,p95_p99,49,301,0,0.0,0.0,0,0.0,0.0,false
yellow_trip_hourly,62,quantity,p95_p99,50,301,0,0.0,0.0,0,0.0,0.0,false
yellow_trip_hourly,62,quantity,p95_p99,51,301,0,0.0,0.0,0,0.0,0.0,false
yellow_trip_hourly,62,quantity,p95_p99,52,301,0,0.0,0.0,0,0.0,0.0,false
yellow_trip_hourly,62,quantity,p95_p99,53,301,0,0.0,0.0,0,0.0,0.0,false
yellow_trip_hourly,62,quantity,p95_p99,54,301,0,0.0,0.0,0,0.0,0.0,false
yellow_trip_hourly,62,quantity,p95_p99,55,301,301,0.25,1.0,0,0.0,0.5958643866535833,true
yellow_trip_hourly,62,quantity,p95_p99,56,301,0,0.0,0.0,0,0.0,0.0,false
yellow_trip_hourly,62,quantity,p95_p99,57,301,0,0.0,0.0,0,0.0,0.0,false
yellow_trip_hourly,62,quantity,p95_p99,58,301,0,0.0,0.0,0,0.0,0.0,false
yellow_trip_hourly,62,quantity,p95_p99,59,301,301,0.25,1.0,0,0.0,0.564429110862884,true
yellow_trip_hourly,62,quantity,p95_p99,60,301,0,0.0,0.0,0,0.0,0.0,false
yellow_trip_hourly,62,quantity,p95_p99,61,301,301,0.25,1.0,0,0.0,0.5204849416433379,true
yellow_trip_hourly,62,quantity,p95_p99,62,301,0,0.0,0.0,0,0.0,0.0,false
yellow_trip_hourly,62,quantity,p95_p99,63,301,0,0.0,0.0,0,0.0,0.0,false
yellow_trip_hourly,62,quantity_region,body_le_p95,0,7888,0,0.0,0.0,0,0.0,0.0,false
yellow_trip_hourly,62,quantity_region,body_le_p95,1,7888,0,0.0,0.0,0,0.0,0.0,false
yellow_trip_hourly,62,quantity_region,body_le_p95,2,7888,1,0.00003169371196754564,0.00012677484787018255,0,0.0,0.06670006364583969,true
yellow_trip_hourly,62,quantity_region,body_le_p95,3,7888,2324,0.07365618661257607,0.2946247464503043,327,0.0414553752535497,0.677170479256602,true
yellow_trip_hourly,62,quantity_region,body_le_p95,4,7888,0,0.0,0.0,0,0.0,0.0,false
yellow_trip_hourly,62,quantity_region,body_le_p95,5,7888,0,0.0,0.0,0,0.0,0.0,false
yellow_trip_hourly,62,quantity_region,body_le_p95,6,7888,1771,0.056129563894523324,0.2245182555780933,1254,0.15897565922920892,0.7342108997759814,true
yellow_trip_hourly,62,quantity_region,body_le_p95,7,7888,0,0.0,0.0,0,0.0,0.0,false
yellow_trip_hourly,62,quantity_region,body_le_p95,8,7888,0,0.0,0.0,0,0.0,0.0,false
yellow_trip_hourly,62,quantity_region,body_le_p95,9,7888,288,0.009127789046653144,0.036511156186612576,21,0.0026622718052738336,0.09065087678997467,true
yellow_trip_hourly,62,quantity_region,body_le_p95,10,7888,0,0.0,0.0,0,0.0,0.0,false
yellow_trip_hourly,62,quantity_region,body_le_p95,11,7888,0,0.0,0.0,0,0.0,0.0,false
yellow_trip_hourly,62,quantity_region,body_le_p95,12,7888,0,0.0,0.0,0,0.0,0.0,false
yellow_trip_hourly,62,quantity_region,body_le_p95,13,7888,2422,0.07676217038539554,0.30704868154158216,2194,0.27814401622718055,0.3873355830969592,true
yellow_trip_hourly,62,quantity_region,body_le_p95,14,7888,899,0.02849264705882353,0.11397058823529412,661,0.08379817444219068,0.06769570281099242,true
yellow_trip_hourly,62,quantity_region,body_le_p95,15,7888,0,0.0,0.0,0,0.0,0.0,false
yellow_trip_hourly,62,quantity_region,body_le_p95,16,7888,0,0.0,0.0,0,0.0,0.0,false
yellow_trip_hourly,62,quantity_region,body_le_p95,17,7888,2153,0.06823656186612576,0.272946247464503,652,0.08265720081135902,0.45993965620212207,true
yellow_trip_hourly,62,quantity_region,body_le_p95,18,7888,91,0.0028841277890466533,0.011536511156186613,7,0.0008874239350912779,0.06994196212758402,true
yellow_trip_hourly,62,quantity_region,body_le_p95,19,7888,0,0.0,0.0,0,0.0,0.0,false
yellow_trip_hourly,62,quantity_region,body_le_p95,20,7888,80,0.002535496957403651,0.010141987829614604,30,0.0038032454361054766,0.09023467232764233,true
yellow_trip_hourly,62,quantity_region,body_le_p95,21,7888,24,0.0007606490872210953,0.0030425963488843813,1,0.00012677484787018255,0.03306647688926508,true
yellow_trip_hourly,62,quantity_region,body_le_p95,22,7888,81,0.002567190669371197,0.010268762677484788,0,0.0,0.2771546336143841,true
yellow_trip_hourly,62,quantity_region,body_le_p95,23,7888,0,0.0,0.0,0,0.0,0.0,false
yellow_trip_hourly,62,quantity_region,body_le_p95,24,7888,1,0.00003169371196754564,0.00012677484787018255,0,0.0,0.12084763497114182,true
yellow_trip_hourly,62,quantity_region,body_le_p95,25,7888,15,0.0004754056795131846,0.0019016227180527383,2,0.0002535496957403651,0.08199424607058366,true
yellow_trip_hourly,62,quantity_region,body_le_p95,26,7888,0,0.0,0.0,0,0.0,0.0,false
yellow_trip_hourly,62,quantity_region,body_le_p95,27,7888,0,0.0,0.0,0,0.0,0.0,false
yellow_trip_hourly,62,quantity_region,body_le_p95,28,7888,0,0.0,0.0,0,0.0,0.0,false
yellow_trip_hourly,62,quantity_region,body_le_p95,29,7888,61,0.001933316430020284,0.007733265720081136,1,0.00012677484787018255,0.06051846691998882,true
yellow_trip_hourly,62,quantity_region,body_le_p95,30,7888,0,0.0,0.0,0,0.0,0.0,false
yellow_trip_hourly,62,quantity_region,body_le_p95,31,7888,2,0.00006338742393509128,0.0002535496957403651,0,0.0,0.02998046763241291,true
yellow_trip_hourly,62,quantity_region,body_le_p95,32,7888,0,0.0,0.0,0,0.0,0.0,false
yellow_trip_hourly,62,quantity_region,body_le_p95,33,7888,0,0.0,0.0,0,0.0,0.0,false
yellow_trip_hourly,62,quantity_region,body_le_p95,34,7888,0,0.0,0.0,0,0.0,0.0,false
yellow_trip_hourly,62,quantity_region,body_le_p95,35,7888,338,0.010712474645030426,0.042849898580121705,4,0.0005070993914807302,0.022879218346144474,true
yellow_trip_hourly,62,quantity_region,body_le_p95,36,7888,1,0.00003169371196754564,0.00012677484787018255,0,0.0,0.015743153169751167,true
yellow_trip_hourly,62,quantity_region,body_le_p95,37,7888,0,0.0,0.0,0,0.0,0.0,false
yellow_trip_hourly,62,quantity_region,body_le_p95,38,7888,81,0.002567190669371197,0.010268762677484788,0,0.0,0.018844481559583837,true
yellow_trip_hourly,62,quantity_region,body_le_p95,39,7888,2324,0.07365618661257607,0.2946247464503043,5,0.0006338742393509128,0.6627501288169222,true
yellow_trip_hourly,62,quantity_region,body_le_p95,40,7888,20,0.0006338742393509128,0.002535496957403651,0,0.0,0.23396040461957454,true
yellow_trip_hourly,62,quantity_region,body_le_p95,41,7888,0,0.0,0.0,0,0.0,0.0,false
yellow_trip_hourly,62,quantity_region,body_le_p95,42,7888,3,0.00009508113590263692,0.00038032454361054766,0,0.0,0.5977246960004171,true
yellow_trip_hourly,62,quantity_region,body_le_p95,43,7888,0,0.0,0.0,0,0.0,0.0,false
yellow_trip_hourly,62,quantity_region,body_le_p95,44,7888,0,0.0,0.0,0,0.0,0.0,false
yellow_trip_hourly,62,quantity_region,body_le_p95,45,7888,113,0.0035813894523326574,0.01432555780933063,0,0.0,0.016098544878299984,true
yellow_trip_hourly,62,quantity_region,body_le_p95,46,7888,2469,0.07825177484787019,0.31300709939148075,357,0.04525862068965517,0.5119642984724059,true
yellow_trip_hourly,62,quantity_region,body_le_p95,47,7888,0,0.0,0.0,0,0.0,0.0,false
yellow_trip_hourly,62,quantity_region,body_le_p95,48,7888,458,0.014515720081135903,0.05806288032454361,92,0.011663286004056795,0.11007658123164783,true
yellow_trip_hourly,62,quantity_region,body_le_p95,49,7888,0,0.0,0.0,0,0.0,0.0,false
yellow_trip_hourly,62,quantity_region,body_le_p95,50,7888,0,0.0,0.0,0,0.0,0.0,false
yellow_trip_hourly,62,quantity_region,body_le_p95,51,7888,2877,0.0911828093306288,0.3647312373225152,547,0.06934584178498986,0.4889768044832352,true
yellow_trip_hourly,62,quantity_region,body_le_p95,52,7888,581,0.018414046653144018,0.07365618661257607,133,0.01686105476673428,0.03469590669443347,true
yellow_trip_hourly,62,quantity_region,body_le_p95,53,7888,0,0.0,0.0,0,0.0,0.0,false
yellow_trip_hourly,62,quantity_region,body_le_p95,54,7888,0,0.0,0.0,0,0.0,0.0,false
yellow_trip_hourly,62,quantity_region,body_le_p95,55,7888,2388,0.07568458417849899,0.30273833671399597,68,0.008620689655172414,0.36628322506095695,true
yellow_trip_hourly,62,quantity_region,body_le_p95,56,7888,0,0.0,0.0,0,0.0,0.0,false
yellow_trip_hourly,62,quantity_region,body_le_p95,57,7888,447,0.014167089249492901,0.056668356997971604,0,0.0,0.029487031086929294,true
yellow_trip_hourly,62,quantity_region,body_le_p95,58,7888,375,0.011885141987829615,0.04754056795131846,5,0.0006338742393509128,0.04129360686490933,true
yellow_trip_hourly,62,quantity_region,body_le_p95,59,7888,2353,0.07457530425963489,0.29830121703853957,0,0.0,0.3500345995151801,true
yellow_trip_hourly,62,quantity_region,body_le_p95,60,7888,0,0.0,0.0,0,0.0,0.0,false
yellow_trip_hourly,62,quantity_region,body_le_p95,61,7888,2203,0.06982124746450304,0.27928498985801214,7,0.0008874239350912779,0.3422747920590689,true
yellow_trip_hourly,62,quantity_region,body_le_p95,62,7888,4308,0.13653651115618662,0.5461460446247465,1520,0.1926977687626775,0.5933457421780518,true
yellow_trip_hourly,62,quantity_region,body_le_p95,63,7888,0,0.0,0.0,0,0.0,0.0,false
yellow_trip_hourly,62,quantity_region,extreme_tail_gt_p99,0,79,0,0.0,0.0,0,0.0,0.0,false
yellow_trip_hourly,62,quantity_region,extreme_tail_gt_p99,1,79,0,0.0,0.0,0,0.0,0.0,false
yellow_trip_hourly,62,quantity_region,extreme_tail_gt_p99,2,79,0,0.0,0.0,0,0.0,0.0,false
yellow_trip_hourly,62,quantity_region,extreme_tail_gt_p99,3,79,0,0.0,0.0,0,0.0,0.0,false
yellow_trip_hourly,62,quantity_region,extreme_tail_gt_p99,4,79,0,0.0,0.0,0,0.0,0.0,false
yellow_trip_hourly,62,quantity_region,extreme_tail_gt_p99,5,79,0,0.0,0.0,0,0.0,0.0,false
yellow_trip_hourly,62,quantity_region,extreme_tail_gt_p99,6,79,0,0.0,0.0,0,0.0,0.0,false
yellow_trip_hourly,62,quantity_region,extreme_tail_gt_p99,7,79,0,0.0,0.0,0,0.0,0.0,false
yellow_trip_hourly,62,quantity_region,extreme_tail_gt_p99,8,79,0,0.0,0.0,0,0.0,0.0,false
yellow_trip_hourly,62,quantity_region,extreme_tail_gt_p99,9,79,0,0.0,0.0,0,0.0,0.0,false
yellow_trip_hourly,62,quantity_region,extreme_tail_gt_p99,10,79,0,0.0,0.0,0,0.0,0.0,false
yellow_trip_hourly,62,quantity_region,extreme_tail_gt_p99,11,79,0,0.0,0.0,0,0.0,0.0,false
yellow_trip_hourly,62,quantity_region,extreme_tail_gt_p99,12,79,0,0.0,0.0,0,0.0,0.0,false
yellow_trip_hourly,62,quantity_region,extreme_tail_gt_p99,13,79,79,0.25,1.0,79,1.0,0.6511637840089919,true
yellow_trip_hourly,62,quantity_region,extreme_tail_gt_p99,14,79,0,0.0,0.0,0,0.0,0.0,false
yellow_trip_hourly,62,quantity_region,extreme_tail_gt_p99,15,79,0,0.0,0.0,0,0.0,0.0,false
yellow_trip_hourly,62,quantity_region,extreme_tail_gt_p99,16,79,0,0.0,0.0,0,0.0,0.0,false
yellow_trip_hourly,62,quantity_region,extreme_tail_gt_p99,17,79,0,0.0,0.0,0,0.0,0.0,false
yellow_trip_hourly,62,quantity_region,extreme_tail_gt_p99,18,79,0,0.0,0.0,0,0.0,0.0,false
yellow_trip_hourly,62,quantity_region,extreme_tail_gt_p99,19,79,0,0.0,0.0,0,0.0,0.0,false
yellow_trip_hourly,62,quantity_region,extreme_tail_gt_p99,20,79,0,0.0,0.0,0,0.0,0.0,false
yellow_trip_hourly,62,quantity_region,extreme_tail_gt_p99,21,79,0,0.0,0.0,0,0.0,0.0,false
yellow_trip_hourly,62,quantity_region,extreme_tail_gt_p99,22,79,0,0.0,0.0,0,0.0,0.0,false
yellow_trip_hourly,62,quantity_region,extreme_tail_gt_p99,23,79,0,0.0,0.0,0,0.0,0.0,false
yellow_trip_hourly,62,quantity_region,extreme_tail_gt_p99,24,79,0,0.0,0.0,0,0.0,0.0,false
yellow_trip_hourly,62,quantity_region,extreme_tail_gt_p99,25,79,0,0.0,0.0,0,0.0,0.0,false
yellow_trip_hourly,62,quantity_region,extreme_tail_gt_p99,26,79,0,0.0,0.0,0,0.0,0.0,false
yellow_trip_hourly,62,quantity_region,extreme_tail_gt_p99,27,79,0,0.0,0.0,0,0.0,0.0,false
yellow_trip_hourly,62,quantity_region,extreme_tail_gt_p99,28,79,0,0.0,0.0,0,0.0,0.0,false
yellow_trip_hourly,62,quantity_region,extreme_tail_gt_p99,29,79,0,0.0,0.0,0,0.0,0.0,false
yellow_trip_hourly,62,quantity_region,extreme_tail_gt_p99,30,79,0,0.0,0.0,0,0.0,0.0,false
yellow_trip_hourly,62,quantity_region,extreme_tail_gt_p99,31,79,0,0.0,0.0,0,0.0,0.0,false
yellow_trip_hourly,62,quantity_region,extreme_tail_gt_p99,32,79,0,0.0,0.0,0,0.0,0.0,false
yellow_trip_hourly,62,quantity_region,extreme_tail_gt_p99,33,79,0,0.0,0.0,0,0.0,0.0,false
yellow_trip_hourly,62,quantity_region,extreme_tail_gt_p99,34,79,0,0.0,0.0,0,0.0,0.0,false
yellow_trip_hourly,62,quantity_region,extreme_tail_gt_p99,35,79,0,0.0,0.0,0,0.0,0.0,false
yellow_trip_hourly,62,quantity_region,extreme_tail_gt_p99,36,79,0,0.0,0.0,0,0.0,0.0,false
yellow_trip_hourly,62,quantity_region,extreme_tail_gt_p99,37,79,0,0.0,0.0,0,0.0,0.0,false
yellow_trip_hourly,62,quantity_region,extreme_tail_gt_p99,38,79,0,0.0,0.0,0,0.0,0.0,false
yellow_trip_hourly,62,quantity_region,extreme_tail_gt_p99,39,79,0,0.0,0.0,0,0.0,0.0,false
yellow_trip_hourly,62,quantity_region,extreme_tail_gt_p99,40,79,0,0.0,0.0,0,0.0,0.0,false
yellow_trip_hourly,62,quantity_region,extreme_tail_gt_p99,41,79,0,0.0,0.0,0,0.0,0.0,false
yellow_trip_hourly,62,quantity_region,extreme_tail_gt_p99,42,79,0,0.0,0.0,0,0.0,0.0,false
yellow_trip_hourly,62,quantity_region,extreme_tail_gt_p99,43,79,0,0.0,0.0,0,0.0,0.0,false
yellow_trip_hourly,62,quantity_region,extreme_tail_gt_p99,44,79,0,0.0,0.0,0,0.0,0.0,false
yellow_trip_hourly,62,quantity_region,extreme_tail_gt_p99,45,79,0,0.0,0.0,0,0.0,0.0,false
yellow_trip_hourly,62,quantity_region,extreme_tail_gt_p99,46,79,0,0.0,0.0,0,0.0,0.0,false
yellow_trip_hourly,62,quantity_region,extreme_tail_gt_p99,47,79,0,0.0,0.0,0,0.0,0.0,false
yellow_trip_hourly,62,quantity_region,extreme_tail_gt_p99,48,79,0,0.0,0.0,0,0.0,0.0,false
yellow_trip_hourly,62,quantity_region,extreme_tail_gt_p99,49,79,0,0.0,0.0,0,0.0,0.0,false
yellow_trip_hourly,62,quantity_region,extreme_tail_gt_p99,50,79,0,0.0,0.0,0,0.0,0.0,false
yellow_trip_hourly,62,quantity_region,extreme_tail_gt_p99,51,79,0,0.0,0.0,0,0.0,0.0,false
yellow_trip_hourly,62,quantity_region,extreme_tail_gt_p99,52,79,0,0.0,0.0,0,0.0,0.0,false
yellow_trip_hourly,62,quantity_region,extreme_tail_gt_p99,53,79,0,0.0,0.0,0,0.0,0.0,false
yellow_trip_hourly,62,quantity_region,extreme_tail_gt_p99,54,79,0,0.0,0.0,0,0.0,0.0,false
yellow_trip_hourly,62,quantity_region,extreme_tail_gt_p99,55,79,79,0.25,1.0,0,0.0,0.6095046959345853,true
yellow_trip_hourly,62,quantity_region,extreme_tail_gt_p99,56,79,0,0.0,0.0,0,0.0,0.0,false
yellow_trip_hourly,62,quantity_region,extreme_tail_gt_p99,57,79,0,0.0,0.0,0,0.0,0.0,false
yellow_trip_hourly,62,quantity_region,extreme_tail_gt_p99,58,79,0,0.0,0.0,0,0.0,0.0,false
yellow_trip_hourly,62,quantity_region,extreme_tail_gt_p99,59,79,79,0.25,1.0,0,0.0,0.5772663271879848,true
yellow_trip_hourly,62,quantity_region,extreme_tail_gt_p99,60,79,0,0.0,0.0,0,0.0,0.0,false
yellow_trip_hourly,62,quantity_region,extreme_tail_gt_p99,61,79,79,0.25,1.0,0,0.0,0.5317872755135162,true
yellow_trip_hourly,62,quantity_region,extreme_tail_gt_p99,62,79,0,0.0,0.0,0,0.0,0.0,false
yellow_trip_hourly,62,quantity_region,extreme_tail_gt_p99,63,79,0,0.0,0.0,0,0.0,0.0,false
yellow_trip_hourly,62,quantity_region,tail_p95_p99,0,301,0,0.0,0.0,0,0.0,0.0,false
yellow_trip_hourly,62,quantity_region,tail_p95_p99,1,301,0,0.0,0.0,0,0.0,0.0,false
yellow_trip_hourly,62,quantity_region,tail_p95_p99,2,301,0,0.0,0.0,0,0.0,0.0,false
yellow_trip_hourly,62,quantity_region,tail_p95_p99,3,301,0,0.0,0.0,0,0.0,0.0,false
yellow_trip_hourly,62,quantity_region,tail_p95_p99,4,301,0,0.0,0.0,0,0.0,0.0,false
yellow_trip_hourly,62,quantity_region,tail_p95_p99,5,301,0,0.0,0.0,0,0.0,0.0,false
yellow_trip_hourly,62,quantity_region,tail_p95_p99,6,301,0,0.0,0.0,0,0.0,0.0,false
yellow_trip_hourly,62,quantity_region,tail_p95_p99,7,301,0,0.0,0.0,0,0.0,0.0,false
yellow_trip_hourly,62,quantity_region,tail_p95_p99,8,301,0,0.0,0.0,0,0.0,0.0,false
yellow_trip_hourly,62,quantity_region,tail_p95_p99,9,301,0,0.0,0.0,0,0.0,0.0,false
yellow_trip_hourly,62,quantity_region,tail_p95_p99,10,301,0,0.0,0.0,0,0.0,0.0,false
yellow_trip_hourly,62,quantity_region,tail_p95_p99,11,301,0,0.0,0.0,0,0.0,0.0,false
yellow_trip_hourly,62,quantity_region,tail_p95_p99,12,301,0,0.0,0.0,0,0.0,0.0,false
yellow_trip_hourly,62,quantity_region,tail_p95_p99,13,301,301,0.25,1.0,301,1.0,0.637208994044814,true
yellow_trip_hourly,62,quantity_region,tail_p95_p99,14,301,0,0.0,0.0,0,0.0,0.0,false
yellow_trip_hourly,62,quantity_region,tail_p95_p99,15,301,0,0.0,0.0,0,0.0,0.0,false
yellow_trip_hourly,62,quantity_region,tail_p95_p99,16,301,0,0.0,0.0,0,0.0,0.0,false
yellow_trip_hourly,62,quantity_region,tail_p95_p99,17,301,0,0.0,0.0,0,0.0,0.0,false
yellow_trip_hourly,62,quantity_region,tail_p95_p99,18,301,0,0.0,0.0,0,0.0,0.0,false
yellow_trip_hourly,62,quantity_region,tail_p95_p99,19,301,0,0.0,0.0,0,0.0,0.0,false
yellow_trip_hourly,62,quantity_region,tail_p95_p99,20,301,0,0.0,0.0,0,0.0,0.0,false
yellow_trip_hourly,62,quantity_region,tail_p95_p99,21,301,0,0.0,0.0,0,0.0,0.0,false
yellow_trip_hourly,62,quantity_region,tail_p95_p99,22,301,0,0.0,0.0,0,0.0,0.0,false
yellow_trip_hourly,62,quantity_region,tail_p95_p99,23,301,0,0.0,0.0,0,0.0,0.0,false
yellow_trip_hourly,62,quantity_region,tail_p95_p99,24,301,0,0.0,0.0,0,0.0,0.0,false
yellow_trip_hourly,62,quantity_region,tail_p95_p99,25,301,0,0.0,0.0,0,0.0,0.0,false
yellow_trip_hourly,62,quantity_region,tail_p95_p99,26,301,0,0.0,0.0,0,0.0,0.0,false
yellow_trip_hourly,62,quantity_region,tail_p95_p99,27,301,0,0.0,0.0,0,0.0,0.0,false
yellow_trip_hourly,62,quantity_region,tail_p95_p99,28,301,0,0.0,0.0,0,0.0,0.0,false
yellow_trip_hourly,62,quantity_region,tail_p95_p99,29,301,0,0.0,0.0,0,0.0,0.0,false
yellow_trip_hourly,62,quantity_region,tail_p95_p99,30,301,0,0.0,0.0,0,0.0,0.0,false
yellow_trip_hourly,62,quantity_region,tail_p95_p99,31,301,0,0.0,0.0,0,0.0,0.0,false
yellow_trip_hourly,62,quantity_region,tail_p95_p99,32,301,0,0.0,0.0,0,0.0,0.0,false
yellow_trip_hourly,62,quantity_region,tail_p95_p99,33,301,0,0.0,0.0,0,0.0,0.0,false
yellow_trip_hourly,62,quantity_region,tail_p95_p99,34,301,0,0.0,0.0,0,0.0,0.0,false
yellow_trip_hourly,62,quantity_region,tail_p95_p99,35,301,0,0.0,0.0,0,0.0,0.0,false
yellow_trip_hourly,62,quantity_region,tail_p95_p99,36,301,0,0.0,0.0,0,0.0,0.0,false
yellow_trip_hourly,62,quantity_region,tail_p95_p99,37,301,0,0.0,0.0,0,0.0,0.0,false
yellow_trip_hourly,62,quantity_region,tail_p95_p99,38,301,0,0.0,0.0,0,0.0,0.0,false
yellow_trip_hourly,62,quantity_region,tail_p95_p99,39,301,0,0.0,0.0,0,0.0,0.0,false
yellow_trip_hourly,62,quantity_region,tail_p95_p99,40,301,0,0.0,0.0,0,0.0,0.0,false
yellow_trip_hourly,62,quantity_region,tail_p95_p99,41,301,0,0.0,0.0,0,0.0,0.0,false
yellow_trip_hourly,62,quantity_region,tail_p95_p99,42,301,0,0.0,0.0,0,0.0,0.0,false
yellow_trip_hourly,62,quantity_region,tail_p95_p99,43,301,0,0.0,0.0,0,0.0,0.0,false
yellow_trip_hourly,62,quantity_region,tail_p95_p99,44,301,0,0.0,0.0,0,0.0,0.0,false
yellow_trip_hourly,62,quantity_region,tail_p95_p99,45,301,0,0.0,0.0,0,0.0,0.0,false
yellow_trip_hourly,62,quantity_region,tail_p95_p99,46,301,0,0.0,0.0,0,0.0,0.0,false
yellow_trip_hourly,62,quantity_region,tail_p95_p99,47,301,0,0.0,0.0,0,0.0,0.0,false
yellow_trip_hourly,62,quantity_region,tail_p95_p99,48,301,0,0.0,0.0,0,0.0,0.0,false
yellow_trip_hourly,62,quantity_region,tail_p95_p99,49,301,0,0.0,0.0,0,0.0,0.0,false
yellow_trip_hourly,62,quantity_region,tail_p95_p99,50,301,0,0.0,0.0,0,0.0,0.0,false
yellow_trip_hourly,62,quantity_region,tail_p95_p99,51,301,0,0.0,0.0,0,0.0,0.0,false
yellow_trip_hourly,62,quantity_region,tail_p95_p99,52,301,0,0.0,0.0,0,0.0,0.0,false
yellow_trip_hourly,62,quantity_region,tail_p95_p99,53,301,0,0.0,0.0,0,0.0,0.0,false
yellow_trip_hourly,62,quantity_region,tail_p95_p99,54,301,0,0.0,0.0,0,0.0,0.0,false
yellow_trip_hourly,62,quantity_region,tail_p95_p99,55,301,301,0.25,1.0,0,0.0,0.5958643866535833,true
yellow_trip_hourly,62,quantity_region,tail_p95_p99,56,301,0,0.0,0.0,0,0.0,0.0,false
yellow_trip_hourly,62,quantity_region,tail_p95_p99,57,301,0,0.0,0.0,0,0.0,0.0,false
yellow_trip_hourly,62,quantity_region,tail_p95_p99,58,301,0,0.0,0.0,0,0.0,0.0,false
yellow_trip_hourly,62,quantity_region,tail_p95_p99,59,301,301,0.25,1.0,0,0.0,0.564429110862884,true
yellow_trip_hourly,62,quantity_region,tail_p95_p99,60,301,0,0.0,0.0,0,0.0,0.0,false
yellow_trip_hourly,62,quantity_region,tail_p95_p99,61,301,301,0.25,1.0,0,0.0,0.5204849416433379,true
yellow_trip_hourly,62,quantity_region,tail_p95_p99,62,301,0,0.0,0.0,0,0.0,0.0,false
yellow_trip_hourly,62,quantity_region,tail_p95_p99,63,301,0,0.0,0.0,0,0.0,0.0,false
raf_spare_parts,42,history,history_le_64,0,6690,0,0.0,0.0,0,0.0,0.0,false
raf_spare_parts,42,history,history_le_64,1,6690,0,0.0,0.0,0,0.0,0.0,false
raf_spare_parts,42,history,history_le_64,2,6690,0,0.0,0.0,0,0.0,0.0,false
raf_spare_parts,42,history,history_le_64,3,6690,2411,0.09009715994020927,0.36038863976083707,9,0.0013452914798206279,0.6175688412465381,true
raf_spare_parts,42,history,history_le_64,4,6690,0,0.0,0.0,0,0.0,0.0,false
raf_spare_parts,42,history,history_le_64,5,6690,0,0.0,0.0,0,0.0,0.0,false
raf_spare_parts,42,history,history_le_64,6,6690,0,0.0,0.0,0,0.0,0.0,false
raf_spare_parts,42,history,history_le_64,7,6690,0,0.0,0.0,0,0.0,0.0,false
raf_spare_parts,42,history,history_le_64,8,6690,3357,0.12544843049327353,0.5017937219730941,986,0.14738415545590433,0.6312912551107455,true
raf_spare_parts,42,history,history_le_64,9,6690,1,0.00003736920777279522,0.00014947683109118088,0,0.0,0.2889328896999359,true
raf_spare_parts,42,history,history_le_64,10,6690,0,0.0,0.0,0,0.0,0.0,false
raf_spare_parts,42,history,history_le_64,11,6690,1067,0.0398729446935725,0.15949177877429,7,0.0010463378176382662,0.4977688647338801,true
raf_spare_parts,42,history,history_le_64,12,6690,1791,0.06692825112107623,0.2677130044843049,428,0.06397608370702541,0.5463886805448633,true
raf_spare_parts,42,history,history_le_64,13,6690,0,0.0,0.0,0,0.0,0.0,false
raf_spare_parts,42,history,history_le_64,14,6690,0,0.0,0.0,0,0.0,0.0,false
raf_spare_parts,42,history,history_le_64,15,6690,0,0.0,0.0,0,0.0,0.0,false
raf_spare_parts,42,history,history_le_64,16,6690,0,0.0,0.0,0,0.0,0.0,false
raf_spare_parts,42,history,history_le_64,17,6690,3268,0.12212257100149476,0.48849028400597905,1357,0.20284005979073244,0.6685439132318137,true
raf_spare_parts,42,history,history_le_64,18,6690,10,0.0003736920777279522,0.0014947683109118087,0,0.0,0.36617829352617265,true
raf_spare_parts,42,history,history_le_64,19,6690,3158,0.1180119581464873,0.4720478325859492,489,0.07309417040358744,0.5794148020507641,true
raf_spare_parts,42,history,history_le_64,20,6690,0,0.0,0.0,0,0.0,0.0,false
raf_spare_parts,42,history,history_le_64,21,6690,0,0.0,0.0,0,0.0,0.0,false
raf_spare_parts,42,history,history_le_64,22,6690,2,0.00007473841554559044,0.00029895366218236175,0,0.0,0.2895924896001816,true
raf_spare_parts,42,history,history_le_64,23,6690,0,0.0,0.0,0,0.0,0.0,false
raf_spare_parts,42,history,history_le_64,24,6690,0,0.0,0.0,0,0.0,0.0,false
raf_spare_parts,42,history,history_le_64,25,6690,148,0.005530642750373692,0.022122571001494767,0,0.0,0.4241723330641115,true
raf_spare_parts,42,history,history_le_64,26,6690,0,0.0,0.0,0,0.0,0.0,false
raf_spare_parts,42,history,history_le_64,27,6690,0,0.0,0.0,0,0.0,0.0,false
raf_spare_parts,42,history,history_le_64,28,6690,0,0.0,0.0,0,0.0,0.0,false
raf_spare_parts,42,history,history_le_64,29,6690,0,0.0,0.0,0,0.0,0.0,false
raf_spare_parts,42,history,history_le_64,30,6690,0,0.0,0.0,0,0.0,0.0,false
raf_spare_parts,42,history,history_le_64,31,6690,0,0.0,0.0,0,0.0,0.0,false
raf_spare_parts,42,history,history_le_64,32,6690,0,0.0,0.0,0,0.0,0.0,false
raf_spare_parts,42,history,history_le_64,33,6690,0,0.0,0.0,0,0.0,0.0,false
raf_spare_parts,42,history,history_le_64,34,6690,3885,0.14517937219730942,0.5807174887892377,82,0.012257100149476832,0.5726257611464043,true
raf_spare_parts,42,history,history_le_64,35,6690,0,0.0,0.0,0,0.0,0.0,false
raf_spare_parts,42,history,history_le_64,36,6690,0,0.0,0.0,0,0.0,0.0,false
raf_spare_parts,42,history,history_le_64,37,6690,0,0.0,0.0,0,0.0,0.0,false
raf_spare_parts,42,history,history_le_64,38,6690,1,0.00003736920777279522,0.00014947683109118088,0,0.0,0.3615504801273346,true
raf_spare_parts,42,history,history_le_64,39,6690,0,0.0,0.0,0,0.0,0.0,false
raf_spare_parts,42,history,history_le_64,40,6690,0,0.0,0.0,0,0.0,0.0,false
raf_spare_parts,42,history,history_le_64,41,6690,0,0.0,0.0,0,0.0,0.0,false
raf_spare_parts,42,history,history_le_64,42,6690,0,0.0,0.0,0,0.0,0.0,false
raf_spare_parts,42,history,history_le_64,43,6690,0,0.0,0.0,0,0.0,0.0,false
raf_spare_parts,42,history,history_le_64,44,6690,31,0.0011584454409566518,0.004633781763826607,0,0.0,0.28047795786011603,true
raf_spare_parts,42,history,history_le_64,45,6690,0,0.0,0.0,0,0.0,0.0,false
raf_spare_parts,42,history,history_le_64,46,6690,0,0.0,0.0,0,0.0,0.0,false
raf_spare_parts,42,history,history_le_64,47,6690,0,0.0,0.0,0,0.0,0.0,false
raf_spare_parts,42,history,history_le_64,48,6690,3100,0.11584454409566518,0.4633781763826607,1459,0.2180866965620329,0.67609396875866,true
raf_spare_parts,42,history,history_le_64,49,6690,5,0.0001868460388639761,0.0007473841554559044,0,0.0,0.30413782596588135,true
raf_spare_parts,42,history,history_le_64,50,6690,0,0.0,0.0,0,0.0,0.0,false
raf_spare_parts,42,history,history_le_64,51,6690,0,0.0,0.0,0,0.0,0.0,false
raf_spare_parts,42,history,history_le_64,52,6690,0,0.0,0.0,0,0.0,0.0,false
raf_spare_parts,42,history,history_le_64,53,6690,0,0.0,0.0,0,0.0,0.0,false
raf_spare_parts,42,history,history_le_64,54,6690,0,0.0,0.0,0,0.0,0.0,false
raf_spare_parts,42,history,history_le_64,55,6690,0,0.0,0.0,0,0.0,0.0,false
raf_spare_parts,42,history,history_le_64,56,6690,8,0.00029895366218236175,0.001195814648729447,1,0.00014947683109118088,0.31372729130089283,true
raf_spare_parts,42,history,history_le_64,57,6690,0,0.0,0.0,0,0.0,0.0,false
raf_spare_parts,42,history,history_le_64,58,6690,1576,0.058893871449925264,0.23557548579970106,0,0.0,0.5542771607107922,true
raf_spare_parts,42,history,history_le_64,59,6690,0,0.0,0.0,0,0.0,0.0,false
raf_spare_parts,42,history,history_le_64,60,6690,0,0.0,0.0,0,0.0,0.0,false
raf_spare_parts,42,history,history_le_64,61,6690,0,0.0,0.0,0,0.0,0.0,false
raf_spare_parts,42,history,history_le_64,62,6690,0,0.0,0.0,0,0.0,0.0,false
raf_spare_parts,42,history,history_le_64,63,6690,2941,0.10990284005979073,0.4396113602391629,1872,0.27982062780269057,0.590136192341274,true
raf_spare_parts,42,overall,overall,0,6690,0,0.0,0.0,0,0.0,0.0,false
raf_spare_parts,42,overall,overall,1,6690,0,0.0,0.0,0,0.0,0.0,false
raf_spare_parts,42,overall,overall,2,6690,0,0.0,0.0,0,0.0,0.0,false
raf_spare_parts,42,overall,overall,3,6690,2411,0.09009715994020927,0.36038863976083707,9,0.0013452914798206279,0.6175688412465381,true
raf_spare_parts,42,overall,overall,4,6690,0,0.0,0.0,0,0.0,0.0,false
raf_spare_parts,42,overall,overall,5,6690,0,0.0,0.0,0,0.0,0.0,false
raf_spare_parts,42,overall,overall,6,6690,0,0.0,0.0,0,0.0,0.0,false
raf_spare_parts,42,overall,overall,7,6690,0,0.0,0.0,0,0.0,0.0,false
raf_spare_parts,42,overall,overall,8,6690,3357,0.12544843049327353,0.5017937219730941,986,0.14738415545590433,0.6312912551107455,true
raf_spare_parts,42,overall,overall,9,6690,1,0.00003736920777279522,0.00014947683109118088,0,0.0,0.2889328896999359,true
raf_spare_parts,42,overall,overall,10,6690,0,0.0,0.0,0,0.0,0.0,false
raf_spare_parts,42,overall,overall,11,6690,1067,0.0398729446935725,0.15949177877429,7,0.0010463378176382662,0.4977688647338801,true
raf_spare_parts,42,overall,overall,12,6690,1791,0.06692825112107623,0.2677130044843049,428,0.06397608370702541,0.5463886805448633,true
raf_spare_parts,42,overall,overall,13,6690,0,0.0,0.0,0,0.0,0.0,false
raf_spare_parts,42,overall,overall,14,6690,0,0.0,0.0,0,0.0,0.0,false
raf_spare_parts,42,overall,overall,15,6690,0,0.0,0.0,0,0.0,0.0,false
raf_spare_parts,42,overall,overall,16,6690,0,0.0,0.0,0,0.0,0.0,false
raf_spare_parts,42,overall,overall,17,6690,3268,0.12212257100149476,0.48849028400597905,1357,0.20284005979073244,0.6685439132318137,true
raf_spare_parts,42,overall,overall,18,6690,10,0.0003736920777279522,0.0014947683109118087,0,0.0,0.36617829352617265,true
raf_spare_parts,42,overall,overall,19,6690,3158,0.1180119581464873,0.4720478325859492,489,0.07309417040358744,0.5794148020507641,true
raf_spare_parts,42,overall,overall,20,6690,0,0.0,0.0,0,0.0,0.0,false
raf_spare_parts,42,overall,overall,21,6690,0,0.0,0.0,0,0.0,0.0,false
raf_spare_parts,42,overall,overall,22,6690,2,0.00007473841554559044,0.00029895366218236175,0,0.0,0.2895924896001816,true
raf_spare_parts,42,overall,overall,23,6690,0,0.0,0.0,0,0.0,0.0,false
raf_spare_parts,42,overall,overall,24,6690,0,0.0,0.0,0,0.0,0.0,false
raf_spare_parts,42,overall,overall,25,6690,148,0.005530642750373692,0.022122571001494767,0,0.0,0.4241723330641115,true
raf_spare_parts,42,overall,overall,26,6690,0,0.0,0.0,0,0.0,0.0,false
raf_spare_parts,42,overall,overall,27,6690,0,0.0,0.0,0,0.0,0.0,false
raf_spare_parts,42,overall,overall,28,6690,0,0.0,0.0,0,0.0,0.0,false
raf_spare_parts,42,overall,overall,29,6690,0,0.0,0.0,0,0.0,0.0,false
raf_spare_parts,42,overall,overall,30,6690,0,0.0,0.0,0,0.0,0.0,false
raf_spare_parts,42,overall,overall,31,6690,0,0.0,0.0,0,0.0,0.0,false
raf_spare_parts,42,overall,overall,32,6690,0,0.0,0.0,0,0.0,0.0,false
raf_spare_parts,42,overall,overall,33,6690,0,0.0,0.0,0,0.0,0.0,false
raf_spare_parts,42,overall,overall,34,6690,3885,0.14517937219730942,0.5807174887892377,82,0.012257100149476832,0.5726257611464043,true
raf_spare_parts,42,overall,overall,35,6690,0,0.0,0.0,0,0.0,0.0,false
raf_spare_parts,42,overall,overall,36,6690,0,0.0,0.0,0,0.0,0.0,false
raf_spare_parts,42,overall,overall,37,6690,0,0.0,0.0,0,0.0,0.0,false
raf_spare_parts,42,overall,overall,38,6690,1,0.00003736920777279522,0.00014947683109118088,0,0.0,0.3615504801273346,true
raf_spare_parts,42,overall,overall,39,6690,0,0.0,0.0,0,0.0,0.0,false
raf_spare_parts,42,overall,overall,40,6690,0,0.0,0.0,0,0.0,0.0,false
raf_spare_parts,42,overall,overall,41,6690,0,0.0,0.0,0,0.0,0.0,false
raf_spare_parts,42,overall,overall,42,6690,0,0.0,0.0,0,0.0,0.0,false
raf_spare_parts,42,overall,overall,43,6690,0,0.0,0.0,0,0.0,0.0,false
raf_spare_parts,42,overall,overall,44,6690,31,0.0011584454409566518,0.004633781763826607,0,0.0,0.28047795786011603,true
raf_spare_parts,42,overall,overall,45,6690,0,0.0,0.0,0,0.0,0.0,false
raf_spare_parts,42,overall,overall,46,6690,0,0.0,0.0,0,0.0,0.0,false
raf_spare_parts,42,overall,overall,47,6690,0,0.0,0.0,0,0.0,0.0,false
raf_spare_parts,42,overall,overall,48,6690,3100,0.11584454409566518,0.4633781763826607,1459,0.2180866965620329,0.67609396875866,true
raf_spare_parts,42,overall,overall,49,6690,5,0.0001868460388639761,0.0007473841554559044,0,0.0,0.30413782596588135,true
raf_spare_parts,42,overall,overall,50,6690,0,0.0,0.0,0,0.0,0.0,false
raf_spare_parts,42,overall,overall,51,6690,0,0.0,0.0,0,0.0,0.0,false
raf_spare_parts,42,overall,overall,52,6690,0,0.0,0.0,0,0.0,0.0,false
raf_spare_parts,42,overall,overall,53,6690,0,0.0,0.0,0,0.0,0.0,false
raf_spare_parts,42,overall,overall,54,6690,0,0.0,0.0,0,0.0,0.0,false
raf_spare_parts,42,overall,overall,55,6690,0,0.0,0.0,0,0.0,0.0,false
raf_spare_parts,42,overall,overall,56,6690,8,0.00029895366218236175,0.001195814648729447,1,0.00014947683109118088,0.31372729130089283,true
raf_spare_parts,42,overall,overall,57,6690,0,0.0,0.0,0,0.0,0.0,false
raf_spare_parts,42,overall,overall,58,6690,1576,0.058893871449925264,0.23557548579970106,0,0.0,0.5542771607107922,true
raf_spare_parts,42,overall,overall,59,6690,0,0.0,0.0,0,0.0,0.0,false
raf_spare_parts,42,overall,overall,60,6690,0,0.0,0.0,0,0.0,0.0,false
raf_spare_parts,42,overall,overall,61,6690,0,0.0,0.0,0,0.0,0.0,false
raf_spare_parts,42,overall,overall,62,6690,0,0.0,0.0,0,0.0,0.0,false
raf_spare_parts,42,overall,overall,63,6690,2941,0.10990284005979073,0.4396113602391629,1872,0.27982062780269057,0.590136192341274,true
raf_spare_parts,42,quantity,gt_p99,0,50,0,0.0,0.0,0,0.0,0.0,false
raf_spare_parts,42,quantity,gt_p99,1,50,0,0.0,0.0,0,0.0,0.0,false
raf_spare_parts,42,quantity,gt_p99,2,50,0,0.0,0.0,0,0.0,0.0,false
raf_spare_parts,42,quantity,gt_p99,3,50,0,0.0,0.0,0,0.0,0.0,false
raf_spare_parts,42,quantity,gt_p99,4,50,0,0.0,0.0,0,0.0,0.0,false
raf_spare_parts,42,quantity,gt_p99,5,50,0,0.0,0.0,0,0.0,0.0,false
raf_spare_parts,42,quantity,gt_p99,6,50,0,0.0,0.0,0,0.0,0.0,false
raf_spare_parts,42,quantity,gt_p99,7,50,0,0.0,0.0,0,0.0,0.0,false
raf_spare_parts,42,quantity,gt_p99,8,50,0,0.0,0.0,0,0.0,0.0,false
raf_spare_parts,42,quantity,gt_p99,9,50,0,0.0,0.0,0,0.0,0.0,false
raf_spare_parts,42,quantity,gt_p99,10,50,0,0.0,0.0,0,0.0,0.0,false
raf_spare_parts,42,quantity,gt_p99,11,50,2,0.01,0.04,0,0.0,0.5335204899311066,true
raf_spare_parts,42,quantity,gt_p99,12,50,48,0.24,0.96,34,0.68,0.4914753468086322,true
raf_spare_parts,42,quantity,gt_p99,13,50,0,0.0,0.0,0,0.0,0.0,false
raf_spare_parts,42,quantity,gt_p99,14,50,0,0.0,0.0,0,0.0,0.0,false
raf_spare_parts,42,quantity,gt_p99,15,50,0,0.0,0.0,0,0.0,0.0,false
raf_spare_parts,42,quantity,gt_p99,16,50,0,0.0,0.0,0,0.0,0.0,false
raf_spare_parts,42,quantity,gt_p99,17,50,2,0.01,0.04,2,0.04,0.6353280246257782,true
raf_spare_parts,42,quantity,gt_p99,18,50,0,0.0,0.0,0,0.0,0.0,false
raf_spare_parts,42,quantity,gt_p99,19,50,48,0.24,0.96,0,0.0,0.45748361200094223,true
raf_spare_parts,42,quantity,gt_p99,20,50,0,0.0,0.0,0,0.0,0.0,false
raf_spare_parts,42,quantity,gt_p99,21,50,0,0.0,0.0,0,0.0,0.0,false
raf_spare_parts,42,quantity,gt_p99,22,50,0,0.0,0.0,0,0.0,0.0,false
raf_spare_parts,42,quantity,gt_p99,23,50,0,0.0,0.0,0,0.0,0.0,false
raf_spare_parts,42,quantity,gt_p99,24,50,0,0.0,0.0,0,0.0,0.0,false
raf_spare_parts,42,quantity,gt_p99,25,50,0,0.0,0.0,0,0.0,0.0,false
raf_spare_parts,42,quantity,gt_p99,26,50,0,0.0,0.0,0,0.0,0.0,false
raf_spare_parts,42,quantity,gt_p99,27,50,0,0.0,0.0,0,0.0,0.0,false
raf_spare_parts,42,quantity,gt_p99,28,50,0,0.0,0.0,0,0.0,0.0,false
raf_spare_parts,42,quantity,gt_p99,29,50,0,0.0,0.0,0,0.0,0.0,false
raf_spare_parts,42,quantity,gt_p99,30,50,0,0.0,0.0,0,0.0,0.0,false
raf_spare_parts,42,quantity,gt_p99,31,50,0,0.0,0.0,0,0.0,0.0,false
raf_spare_parts,42,quantity,gt_p99,32,50,0,0.0,0.0,0,0.0,0.0,false
raf_spare_parts,42,quantity,gt_p99,33,50,0,0.0,0.0,0,0.0,0.0,false
raf_spare_parts,42,quantity,gt_p99,34,50,48,0.24,0.96,0,0.0,0.4188749088595311,true
raf_spare_parts,42,quantity,gt_p99,35,50,0,0.0,0.0,0,0.0,0.0,false
raf_spare_parts,42,quantity,gt_p99,36,50,0,0.0,0.0,0,0.0,0.0,false
raf_spare_parts,42,quantity,gt_p99,37,50,0,0.0,0.0,0,0.0,0.0,false
raf_spare_parts,42,quantity,gt_p99,38,50,0,0.0,0.0,0,0.0,0.0,false
raf_spare_parts,42,quantity,gt_p99,39,50,0,0.0,0.0,0,0.0,0.0,false
raf_spare_parts,42,quantity,gt_p99,40,50,0,0.0,0.0,0,0.0,0.0,false
raf_spare_parts,42,quantity,gt_p99,41,50,0,0.0,0.0,0,0.0,0.0,false
raf_spare_parts,42,quantity,gt_p99,42,50,0,0.0,0.0,0,0.0,0.0,false
raf_spare_parts,42,quantity,gt_p99,43,50,0,0.0,0.0,0,0.0,0.0,false
raf_spare_parts,42,quantity,gt_p99,44,50,0,0.0,0.0,0,0.0,0.0,false
raf_spare_parts,42,quantity,gt_p99,45,50,0,0.0,0.0,0,0.0,0.0,false
raf_spare_parts,42,quantity,gt_p99,46,50,0,0.0,0.0,0,0.0,0.0,false
raf_spare_parts,42,quantity,gt_p99,47,50,0,0.0,0.0,0,0.0,0.0,false
raf_spare_parts,42,quantity,gt_p99,48,50,2,0.01,0.04,0,0.0,0.6227169334888458,true
raf_spare_parts,42,quantity,gt_p99,49,50,0,0.0,0.0,0,0.0,0.0,false
raf_spare_parts,42,quantity,gt_p99,50,50,0,0.0,0.0,0,0.0,0.0,false
raf_spare_parts,42,quantity,gt_p99,51,50,0,0.0,0.0,0,0.0,0.0,false
raf_spare_parts,42,quantity,gt_p99,52,50,0,0.0,0.0,0,0.0,0.0,false
raf_spare_parts,42,quantity,gt_p99,53,50,0,0.0,0.0,0,0.0,0.0,false
raf_spare_parts,42,quantity,gt_p99,54,50,0,0.0,0.0,0,0.0,0.0,false
raf_spare_parts,42,quantity,gt_p99,55,50,0,0.0,0.0,0,0.0,0.0,false
raf_spare_parts,42,quantity,gt_p99,56,50,0,0.0,0.0,0,0.0,0.0,false
raf_spare_parts,42,quantity,gt_p99,57,50,0,0.0,0.0,0,0.0,0.0,false
raf_spare_parts,42,quantity,gt_p99,58,50,2,0.01,0.04,0,0.0,0.4756924659013748,true
raf_spare_parts,42,quantity,gt_p99,59,50,0,0.0,0.0,0,0.0,0.0,false
raf_spare_parts,42,quantity,gt_p99,60,50,0,0.0,0.0,0,0.0,0.0,false
raf_spare_parts,42,quantity,gt_p99,61,50,0,0.0,0.0,0,0.0,0.0,false
raf_spare_parts,42,quantity,gt_p99,62,50,0,0.0,0.0,0,0.0,0.0,false
raf_spare_parts,42,quantity,gt_p99,63,50,48,0.24,0.96,14,0.28,0.48291079079111415,true
raf_spare_parts,42,quantity,le_p50,0,3626,0,0.0,0.0,0,0.0,0.0,false
raf_spare_parts,42,quantity,le_p50,1,3626,0,0.0,0.0,0,0.0,0.0,false
raf_spare_parts,42,quantity,le_p50,2,3626,0,0.0,0.0,0,0.0,0.0,false
raf_spare_parts,42,quantity,le_p50,3,3626,1306,0.09004412575841148,0.3601765030336459,2,0.0005515719801434088,0.6130843657036105,true
raf_spare_parts,42,quantity,le_p50,4,3626,0,0.0,0.0,0,0.0,0.0,false
raf_spare_parts,42,quantity,le_p50,5,3626,0,0.0,0.0,0,0.0,0.0,false
raf_spare_parts,42,quantity,le_p50,6,3626,0,0.0,0.0,0,0.0,0.0,false
raf_spare_parts,42,quantity,le_p50,7,3626,0,0.0,0.0,0,0.0,0.0,false
raf_spare_parts,42,quantity,le_p50,8,3626,2493,0.17188361831218973,0.6875344732487589,615,0.16960838389409819,0.6326739307129856,true
raf_spare_parts,42,quantity,le_p50,9,3626,0,0.0,0.0,0,0.0,0.0,false
raf_spare_parts,42,quantity,le_p50,10,3626,0,0.0,0.0,0,0.0,0.0,false
raf_spare_parts,42,quantity,le_p50,11,3626,934,0.06439602868174296,0.25758411472697185,6,0.001654715940430226,0.5024439259342515,true
raf_spare_parts,42,quantity,le_p50,12,3626,231,0.015926640926640926,0.0637065637065637,37,0.01020408163265306,0.543961794732453,true
raf_spare_parts,42,quantity,le_p50,13,3626,0,0.0,0.0,0,0.0,0.0,false
raf_spare_parts,42,quantity,le_p50,14,3626,0,0.0,0.0,0,0.0,0.0,false
raf_spare_parts,42,quantity,le_p50,15,3626,0,0.0,0.0,0,0.0,0.0,false
raf_spare_parts,42,quantity,le_p50,16,3626,0,0.0,0.0,0,0.0,0.0,false
raf_spare_parts,42,quantity,le_p50,17,3626,2733,0.188430777716492,0.753723110865968,1093,0.3014340871483729,0.677341595090356,true
raf_spare_parts,42,quantity,le_p50,18,3626,1,0.0000689464975179261,0.0002757859900717044,0,0.0,0.2620885968208313,true
raf_spare_parts,42,quantity,le_p50,19,3626,766,0.05281301709873138,0.21125206839492552,142,0.03916161059018202,0.6098857793577658,true
raf_spare_parts,42,quantity,le_p50,20,3626,0,0.0,0.0,0,0.0,0.0,false
raf_spare_parts,42,quantity,le_p50,21,3626,0,0.0,0.0,0,0.0,0.0,false
raf_spare_parts,42,quantity,le_p50,22,3626,1,0.0000689464975179261,0.0002757859900717044,0,0.0,0.28129157423973083,true
raf_spare_parts,42,quantity,le_p50,23,3626,0,0.0,0.0,0,0.0,0.0,false
raf_spare_parts,42,quantity,le_p50,24,3626,0,0.0,0.0,0,0.0,0.0,false
raf_spare_parts,42,quantity,le_p50,25,3626,79,0.005446773303916161,0.021787093215664643,0,0.0,0.42388742634012727,true
raf_spare_parts,42,quantity,le_p50,26,3626,0,0.0,0.0,0,0.0,0.0,false
raf_spare_parts,42,quantity,le_p50,27,3626,0,0.0,0.0,0,0.0,0.0,false
raf_spare_parts,42,quantity,le_p50,28,3626,0,0.0,0.0,0,0.0,0.0,false
raf_spare_parts,42,quantity,le_p50,29,3626,0,0.0,0.0,0,0.0,0.0,false
raf_spare_parts,42,quantity,le_p50,30,3626,0,0.0,0.0,0,0.0,0.0,false
raf_spare_parts,42,quantity,le_p50,31,3626,0,0.0,0.0,0,0.0,0.0,false
raf_spare_parts,42,quantity,le_p50,32,3626,0,0.0,0.0,0,0.0,0.0,false
raf_spare_parts,42,quantity,le_p50,33,3626,0,0.0,0.0,0,0.0,0.0,false
raf_spare_parts,42,quantity,le_p50,34,3626,1226,0.08452840595697739,0.33811362382790955,37,0.01020408163265306,0.6029648318959683,true
raf_spare_parts,42,quantity,le_p50,35,3626,0,0.0,0.0,0,0.0,0.0,false
raf_spare_parts,42,quantity,le_p50,36,3626,0,0.0,0.0,0,0.0,0.0,false
raf_spare_parts,42,quantity,le_p50,37,3626,0,0.0,0.0,0,0.0,0.0,false
raf_spare_parts,42,quantity,le_p50,38,3626,1,0.0000689464975179261,0.0002757859900717044,0,0.0,0.3615504801273346,true
raf_spare_parts,42,quantity,le_p50,39,3626,0,0.0,0.0,0,0.0,0.0,false
raf_spare_parts,42,quantity,le_p50,40,3626,0,0.0,0.0,0,0.0,0.0,false
raf_spare_parts,42,quantity,le_p50,41,3626,0,0.0,0.0,0,0.0,0.0,false
raf_spare_parts,42,quantity,le_p50,42,3626,0,0.0,0.0,0,0.0,0.0,false
raf_spare_parts,42,quantity,le_p50,43,3626,0,0.0,0.0,0,0.0,0.0,false
raf_spare_parts,42,quantity,le_p50,44,3626,17,0.0011720904578047435,0.004688361831218974,0,0.0,0.2757977597853717,true
raf_spare_parts,42,quantity,le_p50,45,3626,0,0.0,0.0,0,0.0,0.0,false
raf_spare_parts,42,quantity,le_p50,46,3626,0,0.0,0.0,0,0.0,0.0,false
raf_spare_parts,42,quantity,le_p50,47,3626,0,0.0,0.0,0,0.0,0.0,false
raf_spare_parts,42,quantity,le_p50,48,3626,2632,0.18146718146718147,0.7258687258687259,1321,0.3643132928847215,0.6830729980270823,true
raf_spare_parts,42,quantity,le_p50,49,3626,2,0.0001378929950358522,0.0005515719801434088,0,0.0,0.2730346620082855,true
raf_spare_parts,42,quantity,le_p50,50,3626,0,0.0,0.0,0,0.0,0.0,false
raf_spare_parts,42,quantity,le_p50,51,3626,0,0.0,0.0,0,0.0,0.0,false
raf_spare_parts,42,quantity,le_p50,52,3626,0,0.0,0.0,0,0.0,0.0,false
raf_spare_parts,42,quantity,le_p50,53,3626,0,0.0,0.0,0,0.0,0.0,false
raf_spare_parts,42,quantity,le_p50,54,3626,0,0.0,0.0,0,0.0,0.0,false
raf_spare_parts,42,quantity,le_p50,55,3626,0,0.0,0.0,0,0.0,0.0,false
raf_spare_parts,42,quantity,le_p50,56,3626,6,0.0004136789851075565,0.001654715940430226,0,0.0,0.3340504417816798,true
raf_spare_parts,42,quantity,le_p50,57,3626,0,0.0,0.0,0,0.0,0.0,false
raf_spare_parts,42,quantity,le_p50,58,3626,1420,0.09790402647545504,0.39161610590182017,0,0.0,0.556671131034972,true
raf_spare_parts,42,quantity,le_p50,59,3626,0,0.0,0.0,0,0.0,0.0,false
raf_spare_parts,42,quantity,le_p50,60,3626,0,0.0,0.0,0,0.0,0.0,false
raf_spare_parts,42,quantity,le_p50,61,3626,0,0.0,0.0,0,0.0,0.0,false
raf_spare_parts,42,quantity,le_p50,62,3626,0,0.0,0.0,0,0.0,0.0,false
raf_spare_parts,42,quantity,le_p50,63,3626,656,0.04522890237175951,0.18091560948703805,373,0.10286817429674573,0.6059518092334634,true
raf_spare_parts,42,quantity,p50_p90,0,2555,0,0.0,0.0,0,0.0,0.0,false
raf_spare_parts,42,quantity,p50_p90,1,2555,0,0.0,0.0,0,0.0,0.0,false
raf_spare_parts,42,quantity,p50_p90,2,2555,0,0.0,0.0,0,0.0,0.0,false
raf_spare_parts,42,quantity,p50_p90,3,2555,1061,0.1038160469667319,0.4152641878669276,7,0.0027397260273972603,0.6226685699935683,true
raf_spare_parts,42,quantity,p50_p90,4,2555,0,0.0,0.0,0,0.0,0.0,false
raf_spare_parts,42,quantity,p50_p90,5,2555,0,0.0,0.0,0,0.0,0.0,false
raf_spare_parts,42,quantity,p50_p90,6,2555,0,0.0,0.0,0,0.0,0.0,false
raf_spare_parts,42,quantity,p50_p90,7,2555,0,0.0,0.0,0,0.0,0.0,false
raf_spare_parts,42,quantity,p50_p90,8,2555,840,0.0821917808219178,0.3287671232876712,357,0.13972602739726028,0.6265422468738896,true
raf_spare_parts,42,quantity,p50_p90,9,2555,1,0.00009784735812133073,0.0003913894324853229,0,0.0,0.2889328896999359,true
raf_spare_parts,42,quantity,p50_p90,10,2555,0,0.0,0.0,0,0.0,0.0,false
raf_spare_parts,42,quantity,p50_p90,11,2555,127,0.012426614481409002,0.04970645792563601,0,0.0,0.46498623490333557,true
raf_spare_parts,42,quantity,p50_p90,12,2555,1106,0.10821917808219178,0.4328767123287671,190,0.07436399217221135,0.5562402753944208,true
raf_spare_parts,42,quantity,p50_p90,13,2555,0,0.0,0.0,0,0.0,0.0,false
raf_spare_parts,42,quantity,p50_p90,14,2555,0,0.0,0.0,0,0.0,0.0,false
raf_spare_parts,42,quantity,p50_p90,15,2555,0,0.0,0.0,0,0.0,0.0,false
raf_spare_parts,42,quantity,p50_p90,16,2555,0,0.0,0.0,0,0.0,0.0,false
raf_spare_parts,42,quantity,p50_p90,17,2555,520,0.050880626223091974,0.2035225048923679,259,0.10136986301369863,0.6247741638754423,true
raf_spare_parts,42,quantity,p50_p90,18,2555,8,0.0007827788649706458,0.0031311154598825833,0,0.0,0.38527690432965755,true
raf_spare_parts,42,quantity,p50_p90,19,2555,1908,0.18669275929549903,0.7467710371819961,324,0.12681017612524462,0.5856530998503512,true
raf_spare_parts,42,quantity,p50_p90,20,2555,0,0.0,0.0,0,0.0,0.0,false
raf_spare_parts,42,quantity,p50_p90,21,2555,0,0.0,0.0,0,0.0,0.0,false
raf_spare_parts,42,quantity,p50_p90,22,2555,1,0.00009784735812133073,0.0003913894324853229,0,0.0,0.2978934049606323,true
raf_spare_parts,42,quantity,p50_p90,23,2555,0,0.0,0.0,0,0.0,0.0,false
raf_spare_parts,42,quantity,p50_p90,24,2555,0,0.0,0.0,0,0.0,0.0,false
raf_spare_parts,42,quantity,p50_p90,25,2555,64,0.0062622309197651665,0.025048923679060666,0,0.0,0.421434880932793,true
raf_spare_parts,42,quantity,p50_p90,26,2555,0,0.0,0.0,0,0.0,0.0,false
raf_spare_parts,42,quantity,p50_p90,27,2555,0,0.0,0.0,0,0.0,0.0,false
raf_spare_parts,42,quantity,p50_p90,28,2555,0,0.0,0.0,0,0.0,0.0,false
raf_spare_parts,42,quantity,p50_p90,29,2555,0,0.0,0.0,0,0.0,0.0,false
raf_spare_parts,42,quantity,p50_p90,30,2555,0,0.0,0.0,0,0.0,0.0,false
raf_spare_parts,42,quantity,p50_p90,31,2555,0,0.0,0.0,0,0.0,0.0,false
raf_spare_parts,42,quantity,p50_p90,32,2555,0,0.0,0.0,0,0.0,0.0,false
raf_spare_parts,42,quantity,p50_p90,33,2555,0,0.0,0.0,0,0.0,0.0,false
raf_spare_parts,42,quantity,p50_p90,34,2555,2161,0.2114481409001957,0.8457925636007828,42,0.01643835616438356,0.5763337082095523,true
raf_spare_parts,42,quantity,p50_p90,35,2555,0,0.0,0.0,0,0.0,0.0,false
raf_spare_parts,42,quantity,p50_p90,36,2555,0,0.0,0.0,0,0.0,0.0,false
raf_spare_parts,42,quantity,p50_p90,37,2555,0,0.0,0.0,0,0.0,0.0,false
raf_spare_parts,42,quantity,p50_p90,38,2555,0,0.0,0.0,0,0.0,0.0,false
raf_spare_parts,42,quantity,p50_p90,39,2555,0,0.0,0.0,0,0.0,0.0,false
raf_spare_parts,42,quantity,p50_p90,40,2555,0,0.0,0.0,0,0.0,0.0,false
raf_spare_parts,42,quantity,p50_p90,41,2555,0,0.0,0.0,0,0.0,0.0,false
raf_spare_parts,42,quantity,p50_p90,42,2555,0,0.0,0.0,0,0.0,0.0,false
raf_spare_parts,42,quantity,p50_p90,43,2555,0,0.0,0.0,0,0.0,0.0,false
raf_spare_parts,42,quantity,p50_p90,44,2555,13,0.0012720156555772995,0.005088062622309198,0,0.0,0.28279023330945235,true
raf_spare_parts,42,quantity,p50_p90,45,2555,0,0.0,0.0,0,0.0,0.0,false
raf_spare_parts,42,quantity,p50_p90,46,2555,0,0.0,0.0,0,0.0,0.0,false
raf_spare_parts,42,quantity,p50_p90,47,2555,0,0.0,0.0,0,0.0,0.0,false
raf_spare_parts,42,quantity,p50_p90,48,2555,454,0.04442270058708415,0.1776908023483366,135,0.05283757338551859,0.6378336898358908,true
raf_spare_parts,42,quantity,p50_p90,49,2555,3,0.00029354207436399217,0.0011741682974559687,0,0.0,0.32487326860427856,true
raf_spare_parts,42,quantity,p50_p90,50,2555,0,0.0,0.0,0,0.0,0.0,false
raf_spare_parts,42,quantity,p50_p90,51,2555,0,0.0,0.0,0,0.0,0.0,false
raf_spare_parts,42,quantity,p50_p90,52,2555,0,0.0,0.0,0,0.0,0.0,false
raf_spare_parts,42,quantity,p50_p90,53,2555,0,0.0,0.0,0,0.0,0.0,false
raf_spare_parts,42,quantity,p50_p90,54,2555,0,0.0,0.0,0,0.0,0.0,false
raf_spare_parts,42,quantity,p50_p90,55,2555,0,0.0,0.0,0,0.0,0.0,false
raf_spare_parts,42,quantity,p50_p90,56,2555,2,0.00019569471624266145,0.0007827788649706458,1,0.0003913894324853229,0.25275783985853195,true
raf_spare_parts,42,quantity,p50_p90,57,2555,0,0.0,0.0,0,0.0,0.0,false
raf_spare_parts,42,quantity,p50_p90,58,2555,152,0.01487279843444227,0.05949119373776908,0,0.0,0.5349814848680245,true
raf_spare_parts,42,quantity,p50_p90,59,2555,0,0.0,0.0,0,0.0,0.0,false
raf_spare_parts,42,quantity,p50_p90,60,2555,0,0.0,0.0,0,0.0,0.0,false
raf_spare_parts,42,quantity,p50_p90,61,2555,0,0.0,0.0,0,0.0,0.0,false
raf_spare_parts,42,quantity,p50_p90,62,2555,0,0.0,0.0,0,0.0,0.0,false
raf_spare_parts,42,quantity,p50_p90,63,2555,1799,0.17602739726027397,0.7041095890410959,1240,0.48532289628180036,0.5985969815604086,true
raf_spare_parts,42,quantity,p90_p95,0,235,0,0.0,0.0,0,0.0,0.0,false
raf_spare_parts,42,quantity,p90_p95,1,235,0,0.0,0.0,0,0.0,0.0,false
raf_spare_parts,42,quantity,p90_p95,2,235,0,0.0,0.0,0,0.0,0.0,false
raf_spare_parts,42,quantity,p90_p95,3,235,26,0.027659574468085105,0.11063829787234042,0,0.0,0.6468425072156466,true
raf_spare_parts,42,quantity,p90_p95,4,235,0,0.0,0.0,0,0.0,0.0,false
raf_spare_parts,42,quantity,p90_p95,5,235,0,0.0,0.0,0,0.0,0.0,false
raf_spare_parts,42,quantity,p90_p95,6,235,0,0.0,0.0,0,0.0,0.0,false
raf_spare_parts,42,quantity,p90_p95,7,235,0,0.0,0.0,0,0.0,0.0,false
raf_spare_parts,42,quantity,p90_p95,8,235,15,0.015957446808510637,0.06382978723404255,8,0.03404255319148936,0.6467589378356934,true
raf_spare_parts,42,quantity,p90_p95,9,235,0,0.0,0.0,0,0.0,0.0,false
raf_spare_parts,42,quantity,p90_p95,10,235,0,0.0,0.0,0,0.0,0.0,false
raf_spare_parts,42,quantity,p90_p95,11,235,2,0.002127659574468085,0.00851063829787234,0,0.0,0.4733542799949646,true
raf_spare_parts,42,quantity,p90_p95,12,235,203,0.21595744680851064,0.8638297872340426,57,0.2425531914893617,0.5392945814015243,true
raf_spare_parts,42,quantity,p90_p95,13,235,0,0.0,0.0,0,0.0,0.0,false
raf_spare_parts,42,quantity,p90_p95,14,235,0,0.0,0.0,0,0.0,0.0,false
raf_spare_parts,42,quantity,p90_p95,15,235,0,0.0,0.0,0,0.0,0.0,false
raf_spare_parts,42,quantity,p90_p95,16,235,0,0.0,0.0,0,0.0,0.0,false
raf_spare_parts,42,quantity,p90_p95,17,235,8,0.00851063829787234,0.03404255319148936,3,0.01276595744680851,0.6048145405948162,true
raf_spare_parts,42,quantity,p90_p95,18,235,0,0.0,0.0,0,0.0,0.0,false
raf_spare_parts,42,quantity,p90_p95,19,235,222,0.23617021276595745,0.9446808510638298,13,0.05531914893617021,0.5286812537962252,true
raf_spare_parts,42,quantity,p90_p95,20,235,0,0.0,0.0,0,0.0,0.0,false
raf_spare_parts,42,quantity,p90_p95,21,235,0,0.0,0.0,0,0.0,0.0,false
raf_spare_parts,42,quantity,p90_p95,22,235,0,0.0,0.0,0,0.0,0.0,false
raf_spare_parts,42,quantity,p90_p95,23,235,0,0.0,0.0,0,0.0,0.0,false
raf_spare_parts,42,quantity,p90_p95,24,235,0,0.0,0.0,0,0.0,0.0,false
raf_spare_parts,42,quantity,p90_p95,25,235,2,0.002127659574468085,0.00851063829787234,0,0.0,0.5407620072364807,true
raf_spare_parts,42,quantity,p90_p95,26,235,0,0.0,0.0,0,0.0,0.0,false
raf_spare_parts,42,quantity,p90_p95,27,235,0,0.0,0.0,0,0.0,0.0,false
raf_spare_parts,42,quantity,p90_p95,28,235,0,0.0,0.0,0,0.0,0.0,false
raf_spare_parts,42,quantity,p90_p95,29,235,0,0.0,0.0,0,0.0,0.0,false
raf_spare_parts,42,quantity,p90_p95,30,235,0,0.0,0.0,0,0.0,0.0,false
raf_spare_parts,42,quantity,p90_p95,31,235,0,0.0,0.0,0,0.0,0.0,false
raf_spare_parts,42,quantity,p90_p95,32,235,0,0.0,0.0,0,0.0,0.0,false
raf_spare_parts,42,quantity,p90_p95,33,235,0,0.0,0.0,0,0.0,0.0,false
raf_spare_parts,42,quantity,p90_p95,34,235,231,0.24574468085106382,0.9829787234042553,2,0.00851063829787234,0.5102541573119886,true
raf_spare_parts,42,quantity,p90_p95,35,235,0,0.0,0.0,0,0.0,0.0,false
raf_spare_parts,42,quantity,p90_p95,36,235,0,0.0,0.0,0,0.0,0.0,false
raf_spare_parts,42,quantity,p90_p95,37,235,0,0.0,0.0,0,0.0,0.0,false
raf_spare_parts,42,quantity,p90_p95,38,235,0,0.0,0.0,0,0.0,0.0,false
raf_spare_parts,42,quantity,p90_p95,39,235,0,0.0,0.0,0,0.0,0.0,false
raf_spare_parts,42,quantity,p90_p95,40,235,0,0.0,0.0,0,0.0,0.0,false
raf_spare_parts,42,quantity,p90_p95,41,235,0,0.0,0.0,0,0.0,0.0,false
raf_spare_parts,42,quantity,p90_p95,42,235,0,0.0,0.0,0,0.0,0.0,false
raf_spare_parts,42,quantity,p90_p95,43,235,0,0.0,0.0,0,0.0,0.0,false
raf_spare_parts,42,quantity,p90_p95,44,235,0,0.0,0.0,0,0.0,0.0,false
raf_spare_parts,42,quantity,p90_p95,45,235,0,0.0,0.0,0,0.0,0.0,false
raf_spare_parts,42,quantity,p90_p95,46,235,0,0.0,0.0,0,0.0,0.0,false
raf_spare_parts,42,quantity,p90_p95,47,235,0,0.0,0.0,0,0.0,0.0,false
raf_spare_parts,42,quantity,p90_p95,48,235,7,0.007446808510638298,0.029787234042553193,2,0.00851063829787234,0.6345665071691785,true
raf_spare_parts,42,quantity,p90_p95,49,235,0,0.0,0.0,0,0.0,0.0,false
raf_spare_parts,42,quantity,p90_p95,50,235,0,0.0,0.0,0,0.0,0.0,false
raf_spare_parts,42,quantity,p90_p95,51,235,0,0.0,0.0,0,0.0,0.0,false
raf_spare_parts,42,quantity,p90_p95,52,235,0,0.0,0.0,0,0.0,0.0,false
raf_spare_parts,42,quantity,p90_p95,53,235,0,0.0,0.0,0,0.0,0.0,false
raf_spare_parts,42,quantity,p90_p95,54,235,0,0.0,0.0,0,0.0,0.0,false
raf_spare_parts,42,quantity,p90_p95,55,235,0,0.0,0.0,0,0.0,0.0,false
raf_spare_parts,42,quantity,p90_p95,56,235,0,0.0,0.0,0,0.0,0.0,false
raf_spare_parts,42,quantity,p90_p95,57,235,0,0.0,0.0,0,0.0,0.0,false
raf_spare_parts,42,quantity,p90_p95,58,235,1,0.0010638297872340426,0.00425531914893617,0,0.0,0.5436692237854004,true
raf_spare_parts,42,quantity,p90_p95,59,235,0,0.0,0.0,0,0.0,0.0,false
raf_spare_parts,42,quantity,p90_p95,60,235,0,0.0,0.0,0,0.0,0.0,false
raf_spare_parts,42,quantity,p90_p95,61,235,0,0.0,0.0,0,0.0,0.0,false
raf_spare_parts,42,quantity,p90_p95,62,235,0,0.0,0.0,0,0.0,0.0,false
raf_spare_parts,42,quantity,p90_p95,63,235,223,0.2372340425531915,0.948936170212766,150,0.6382978723404256,0.5632707894917561,true
raf_spare_parts,42,quantity,p95_p99,0,224,0,0.0,0.0,0,0.0,0.0,false
raf_spare_parts,42,quantity,p95_p99,1,224,0,0.0,0.0,0,0.0,0.0,false
raf_spare_parts,42,quantity,p95_p99,2,224,0,0.0,0.0,0,0.0,0.0,false
raf_spare_parts,42,quantity,p95_p99,3,224,18,0.020089285714285716,0.08035714285714286,0,0.0,0.6000575936502881,true
raf_spare_parts,42,quantity,p95_p99,4,224,0,0.0,0.0,0,0.0,0.0,false
raf_spare_parts,42,quantity,p95_p99,5,224,0,0.0,0.0,0,0.0,0.0,false
raf_spare_parts,42,quantity,p95_p99,6,224,0,0.0,0.0,0,0.0,0.0,false
raf_spare_parts,42,quantity,p95_p99,7,224,0,0.0,0.0,0,0.0,0.0,false
raf_spare_parts,42,quantity,p95_p99,8,224,9,0.010044642857142858,0.04017857142857143,6,0.026785714285714284,0.6657514108551873,true
raf_spare_parts,42,quantity,p95_p99,9,224,0,0.0,0.0,0,0.0,0.0,false
raf_spare_parts,42,quantity,p95_p99,10,224,0,0.0,0.0,0,0.0,0.0,false
raf_spare_parts,42,quantity,p95_p99,11,224,2,0.002232142857142857,0.008928571428571428,1,0.004464285714285714,0.38487523794174194,true
raf_spare_parts,42,quantity,p95_p99,12,224,203,0.2265625,0.90625,110,0.49107142857142855,0.5155546355423669,true
raf_spare_parts,42,quantity,p95_p99,13,224,0,0.0,0.0,0,0.0,0.0,false
raf_spare_parts,42,quantity,p95_p99,14,224,0,0.0,0.0,0,0.0,0.0,false
raf_spare_parts,42,quantity,p95_p99,15,224,0,0.0,0.0,0,0.0,0.0,false
raf_spare_parts,42,quantity,p95_p99,16,224,0,0.0,0.0,0,0.0,0.0,false
raf_spare_parts,42,quantity,p95_p99,17,224,5,0.005580357142857143,0.022321428571428572,0,0.0,0.5270382940769196,true
raf_spare_parts,42,quantity,p95_p99,18,224,1,0.0011160714285714285,0.004464285714285714,0,0.0,0.31747910380363464,true
raf_spare_parts,42,quantity,p95_p99,19,224,214,0.23883928571428573,0.9553571428571429,10,0.044642857142857144,0.49470500773358567,true
raf_spare_parts,42,quantity,p95_p99,20,224,0,0.0,0.0,0,0.0,0.0,false
raf_spare_parts,42,quantity,p95_p99,21,224,0,0.0,0.0,0,0.0,0.0,false
raf_spare_parts,42,quantity,p95_p99,22,224,0,0.0,0.0,0,0.0,0.0,false
raf_spare_parts,42,quantity,p95_p99,23,224,0,0.0,0.0,0,0.0,0.0,false
raf_spare_parts,42,quantity,p95_p99,24,224,0,0.0,0.0,0,0.0,0.0,false
raf_spare_parts,42,quantity,p95_p99,25,224,3,0.0033482142857142855,0.013392857142857142,0,0.0,0.4123474061489105,true
raf_spare_parts,42,quantity,p95_p99,26,224,0,0.0,0.0,0,0.0,0.0,false
raf_spare_parts,42,quantity,p95_p99,27,224,0,0.0,0.0,0,0.0,0.0,false
raf_spare_parts,42,quantity,p95_p99,28,224,0,0.0,0.0,0,0.0,0.0,false
raf_spare_parts,42,quantity,p95_p99,29,224,0,0.0,0.0,0,0.0,0.0,false
raf_spare_parts,42,quantity,p95_p99,30,224,0,0.0,0.0,0,0.0,0.0,false
raf_spare_parts,42,quantity,p95_p99,31,224,0,0.0,0.0,0,0.0,0.0,false
raf_spare_parts,42,quantity,p95_p99,32,224,0,0.0,0.0,0,0.0,0.0,false
raf_spare_parts,42,quantity,p95_p99,33,224,0,0.0,0.0,0,0.0,0.0,false
raf_spare_parts,42,quantity,p95_p99,34,224,219,0.24441964285714285,0.9776785714285714,1,0.004464285714285714,0.4656819577358629,true
raf_spare_parts,42,quantity,p95_p99,35,224,0,0.0,0.0,0,0.0,0.0,false
raf_spare_parts,42,quantity,p95_p99,36,224,0,0.0,0.0,0,0.0,0.0,false
raf_spare_parts,42,quantity,p95_p99,37,224,0,0.0,0.0,0,0.0,0.0,false
raf_spare_parts,42,quantity,p95_p99,38,224,0,0.0,0.0,0,0.0,0.0,false
raf_spare_parts,42,quantity,p95_p99,39,224,0,0.0,0.0,0,0.0,0.0,false
raf_spare_parts,42,quantity,p95_p99,40,224,0,0.0,0.0,0,0.0,0.0,false
raf_spare_parts,42,quantity,p95_p99,41,224,0,0.0,0.0,0,0.0,0.0,false
raf_spare_parts,42,quantity,p95_p99,42,224,0,0.0,0.0,0,0.0,0.0,false
raf_spare_parts,42,quantity,p95_p99,43,224,0,0.0,0.0,0,0.0,0.0,false
raf_spare_parts,42,quantity,p95_p99,44,224,1,0.0011160714285714285,0.004464285714285714,0,0.0,0.3299817442893982,true
raf_spare_parts,42,quantity,p95_p99,45,224,0,0.0,0.0,0,0.0,0.0,false
raf_spare_parts,42,quantity,p95_p99,46,224,0,0.0,0.0,0,0.0,0.0,false
raf_spare_parts,42,quantity,p95_p99,47,224,0,0.0,0.0,0,0.0,0.0,false
raf_spare_parts,42,quantity,p95_p99,48,224,5,0.005580357142857143,0.022321428571428572,1,0.004464285714285714,0.5558555483818054,true
raf_spare_parts,42,quantity,p95_p99,49,224,0,0.0,0.0,0,0.0,0.0,false
raf_spare_parts,42,quantity,p95_p99,50,224,0,0.0,0.0,0,0.0,0.0,false
raf_spare_parts,42,quantity,p95_p99,51,224,0,0.0,0.0,0,0.0,0.0,false
raf_spare_parts,42,quantity,p95_p99,52,224,0,0.0,0.0,0,0.0,0.0,false
raf_spare_parts,42,quantity,p95_p99,53,224,0,0.0,0.0,0,0.0,0.0,false
raf_spare_parts,42,quantity,p95_p99,54,224,0,0.0,0.0,0,0.0,0.0,false
raf_spare_parts,42,quantity,p95_p99,55,224,0,0.0,0.0,0,0.0,0.0,false
raf_spare_parts,42,quantity,p95_p99,56,224,0,0.0,0.0,0,0.0,0.0,false
raf_spare_parts,42,quantity,p95_p99,57,224,0,0.0,0.0,0,0.0,0.0,false
raf_spare_parts,42,quantity,p95_p99,58,224,1,0.0011160714285714285,0.004464285714285714,0,0.0,0.25555935502052307,true
raf_spare_parts,42,quantity,p95_p99,59,224,0,0.0,0.0,0,0.0,0.0,false
raf_spare_parts,42,quantity,p95_p99,60,224,0,0.0,0.0,0,0.0,0.0,false
raf_spare_parts,42,quantity,p95_p99,61,224,0,0.0,0.0,0,0.0,0.0,false
raf_spare_parts,42,quantity,p95_p99,62,224,0,0.0,0.0,0,0.0,0.0,false
raf_spare_parts,42,quantity,p95_p99,63,224,215,0.23995535714285715,0.9598214285714286,95,0.42410714285714285,0.5228887487289517,true
raf_spare_parts,42,quantity_region,body_le_p95,0,6416,0,0.0,0.0,0,0.0,0.0,false
raf_spare_parts,42,quantity_region,body_le_p95,1,6416,0,0.0,0.0,0,0.0,0.0,false
raf_spare_parts,42,quantity_region,body_le_p95,2,6416,0,0.0,0.0,0,0.0,0.0,false
raf_spare_parts,42,quantity_region,body_le_p95,3,6416,2393,0.09324345386533665,0.3729738154613466,9,0.0014027431421446384,0.6177005597825734,true
raf_spare_parts,42,quantity_region,body_le_p95,4,6416,0,0.0,0.0,0,0.0,0.0,false
raf_spare_parts,42,quantity_region,body_le_p95,5,6416,0,0.0,0.0,0,0.0,0.0,false
raf_spare_parts,42,quantity_region,body_le_p95,6,6416,0,0.0,0.0,0,0.0,0.0,false
raf_spare_parts,42,quantity_region,body_le_p95,7,6416,0,0.0,0.0,0,0.0,0.0,false
raf_spare_parts,42,quantity_region,body_le_p95,8,6416,3348,0.13045511221945136,0.5218204488778054,980,0.1527431421446384,0.6311986202834755,true
raf_spare_parts,42,quantity_region,body_le_p95,9,6416,1,0.00003896508728179551,0.00015586034912718204,0,0.0,0.2889328896999359,true
raf_spare_parts,42,quantity_region,body_le_p95,10,6416,0,0.0,0.0,0,0.0,0.0,false
raf_spare_parts,42,quantity_region,body_le_p95,11,6416,1063,0.04141988778054863,0.1656795511221945,6,0.0009351620947630922,0.49791400490621296,true
raf_spare_parts,42,quantity_region,body_le_p95,12,6416,1540,0.06000623441396509,0.24002493765586036,284,0.0442643391521197,0.5521647527233347,true
raf_spare_parts,42,quantity_region,body_le_p95,13,6416,0,0.0,0.0,0,0.0,0.0,false
raf_spare_parts,42,quantity_region,body_le_p95,14,6416,0,0.0,0.0,0,0.0,0.0,false
raf_spare_parts,42,quantity_region,body_le_p95,15,6416,0,0.0,0.0,0,0.0,0.0,false
raf_spare_parts,42,quantity_region,body_le_p95,16,6416,0,0.0,0.0,0,0.0,0.0,false
raf_spare_parts,42,quantity_region,body_le_p95,17,6416,3261,0.12706514962593515,0.5082605985037406,1355,0.21119077306733167,0.6687812514326683,true
raf_spare_parts,42,quantity_region,body_le_p95,18,6416,9,0.0003506857855361596,0.0014027431421446384,0,0.0,0.3715893146064546,true
raf_spare_parts,42,quantity_region,body_le_p95,19,6416,2896,0.1128428927680798,0.4513715710723192,479,0.0746571072319202,0.5876953935929836,true
raf_spare_parts,42,quantity_region,body_le_p95,20,6416,0,0.0,0.0,0,0.0,0.0,false
raf_spare_parts,42,quantity_region,body_le_p95,21,6416,0,0.0,0.0,0,0.0,0.0,false
raf_spare_parts,42,quantity_region,body_le_p95,22,6416,2,0.00007793017456359102,0.0003117206982543641,0,0.0,0.2895924896001816,true
raf_spare_parts,42,quantity_region,body_le_p95,23,6416,0,0.0,0.0,0,0.0,0.0,false
raf_spare_parts,42,quantity_region,body_le_p95,24,6416,0,0.0,0.0,0,0.0,0.0,false
raf_spare_parts,42,quantity_region,body_le_p95,25,6416,145,0.005649937655860349,0.022599750623441398,0,0.0,0.424416986724426,true
raf_spare_parts,42,quantity_region,body_le_p95,26,6416,0,0.0,0.0,0,0.0,0.0,false
raf_spare_parts,42,quantity_region,body_le_p95,27,6416,0,0.0,0.0,0,0.0,0.0,false
raf_spare_parts,42,quantity_region,body_le_p95,28,6416,0,0.0,0.0,0,0.0,0.0,false
raf_spare_parts,42,quantity_region,body_le_p95,29,6416,0,0.0,0.0,0,0.0,0.0,false
raf_spare_parts,42,quantity_region,body_le_p95,30,6416,0,0.0,0.0,0,0.0,0.0,false
raf_spare_parts,42,quantity_region,body_le_p95,31,6416,0,0.0,0.0,0,0.0,0.0,false
raf_spare_parts,42,quantity_region,body_le_p95,32,6416,0,0.0,0.0,0,0.0,0.0,false
raf_spare_parts,42,quantity_region,body_le_p95,33,6416,0,0.0,0.0,0,0.0,0.0,false
raf_spare_parts,42,quantity_region,body_le_p95,34,6416,3618,0.14097568578553615,0.5639027431421446,81,0.012624688279301745,0.5811389545838499,true
raf_spare_parts,42,quantity_region,body_le_p95,35,6416,0,0.0,0.0,0,0.0,0.0,false
raf_spare_parts,42,quantity_region,body_le_p95,36,6416,0,0.0,0.0,0,0.0,0.0,false
raf_spare_parts,42,quantity_region,body_le_p95,37,6416,0,0.0,0.0,0,0.0,0.0,false
raf_spare_parts,42,quantity_region,body_le_p95,38,6416,1,0.00003896508728179551,0.00015586034912718204,0,0.0,0.3615504801273346,true
raf_spare_parts,42,quantity_region,body_le_p95,39,6416,0,0.0,0.0,0,0.0,0.0,false
raf_spare_parts,42,quantity_region,body_le_p95,40,6416,0,0.0,0.0,0,0.0,0.0,false
raf_spare_parts,42,quantity_region,body_le_p95,41,6416,0,0.0,0.0,0,0.0,0.0,false
raf_spare_parts,42,quantity_region,body_le_p95,42,6416,0,0.0,0.0,0,0.0,0.0,false
raf_spare_parts,42,quantity_region,body_le_p95,43,6416,0,0.0,0.0,0,0.0,0.0,false
raf_spare_parts,42,quantity_region,body_le_p95,44,6416,30,0.0011689526184538654,0.0046758104738154616,0,0.0,0.27882783164580666,true
raf_spare_parts,42,quantity_region,body_le_p95,45,6416,0,0.0,0.0,0,0.0,0.0,false
raf_spare_parts,42,quantity_region,body_le_p95,46,6416,0,0.0,0.0,0,0.0,0.0,false
raf_spare_parts,42,quantity_region,body_le_p95,47,6416,0,0.0,0.0,0,0.0,0.0,false
raf_spare_parts,42,quantity_region,body_le_p95,48,6416,3093,0.12051901496259351,0.48207605985037405,1458,0.2272443890274314,0.6763228553323503,true
raf_spare_parts,42,quantity_region,body_le_p95,49,6416,5,0.00019482543640897756,0.0007793017456359103,0,0.0,0.30413782596588135,true
raf_spare_parts,42,quantity_region,body_le_p95,50,6416,0,0.0,0.0,0,0.0,0.0,false
raf_spare_parts,42,quantity_region,body_le_p95,51,6416,0,0.0,0.0,0,0.0,0.0,false
raf_spare_parts,42,quantity_region,body_le_p95,52,6416,0,0.0,0.0,0,0.0,0.0,false
raf_spare_parts,42,quantity_region,body_le_p95,53,6416,0,0.0,0.0,0,0.0,0.0,false
raf_spare_parts,42,quantity_region,body_le_p95,54,6416,0,0.0,0.0,0,0.0,0.0,false
raf_spare_parts,42,quantity_region,body_le_p95,55,6416,0,0.0,0.0,0,0.0,0.0,false
raf_spare_parts,42,quantity_region,body_le_p95,56,6416,8,0.0003117206982543641,0.0012468827930174563,1,0.00015586034912718204,0.31372729130089283,true
raf_spare_parts,42,quantity_region,body_le_p95,57,6416,0,0.0,0.0,0,0.0,0.0,false
raf_spare_parts,42,quantity_region,body_le_p95,58,6416,1573,0.06129208229426434,0.24516832917705736,0,0.0,0.5545669809239576,true
raf_spare_parts,42,quantity_region,body_le_p95,59,6416,0,0.0,0.0,0,0.0,0.0,false
raf_spare_parts,42,quantity_region,body_le_p95,60,6416,0,0.0,0.0,0,0.0,0.0,false
raf_spare_parts,42,quantity_region,body_le_p95,61,6416,0,0.0,0.0,0,0.0,0.0,false
raf_spare_parts,42,quantity_region,body_le_p95,62,6416,0,0.0,0.0,0,0.0,0.0,false
raf_spare_parts,42,quantity_region,body_le_p95,63,6416,2678,0.10434850374064839,0.41739401496259354,1763,0.27478179551122195,0.5974569614417433,true
raf_spare_parts,42,quantity_region,extreme_tail_gt_p99,0,50,0,0.0,0.0,0,0.0,0.0,false
raf_spare_parts,42,quantity_region,extreme_tail_gt_p99,1,50,0,0.0,0.0,0,0.0,0.0,false
raf_spare_parts,42,quantity_region,extreme_tail_gt_p99,2,50,0,0.0,0.0,0,0.0,0.0,false
raf_spare_parts,42,quantity_region,extreme_tail_gt_p99,3,50,0,0.0,0.0,0,0.0,0.0,false
raf_spare_parts,42,quantity_region,extreme_tail_gt_p99,4,50,0,0.0,0.0,0,0.0,0.0,false
raf_spare_parts,42,quantity_region,extreme_tail_gt_p99,5,50,0,0.0,0.0,0,0.0,0.0,false
raf_spare_parts,42,quantity_region,extreme_tail_gt_p99,6,50,0,0.0,0.0,0,0.0,0.0,false
raf_spare_parts,42,quantity_region,extreme_tail_gt_p99,7,50,0,0.0,0.0,0,0.0,0.0,false
raf_spare_parts,42,quantity_region,extreme_tail_gt_p99,8,50,0,0.0,0.0,0,0.0,0.0,false
raf_spare_parts,42,quantity_region,extreme_tail_gt_p99,9,50,0,0.0,0.0,0,0.0,0.0,false
raf_spare_parts,42,quantity_region,extreme_tail_gt_p99,10,50,0,0.0,0.0,0,0.0,0.0,false
raf_spare_parts,42,quantity_region,extreme_tail_gt_p99,11,50,2,0.01,0.04,0,0.0,0.5335204899311066,true
raf_spare_parts,42,quantity_region,extreme_tail_gt_p99,12,50,48,0.24,0.96,34,0.68,0.4914753468086322,true
raf_spare_parts,42,quantity_region,extreme_tail_gt_p99,13,50,0,0.0,0.0,0,0.0,0.0,false
raf_spare_parts,42,quantity_region,extreme_tail_gt_p99,14,50,0,0.0,0.0,0,0.0,0.0,false
raf_spare_parts,42,quantity_region,extreme_tail_gt_p99,15,50,0,0.0,0.0,0,0.0,0.0,false
raf_spare_parts,42,quantity_region,extreme_tail_gt_p99,16,50,0,0.0,0.0,0,0.0,0.0,false
raf_spare_parts,42,quantity_region,extreme_tail_gt_p99,17,50,2,0.01,0.04,2,0.04,0.6353280246257782,true
raf_spare_parts,42,quantity_region,extreme_tail_gt_p99,18,50,0,0.0,0.0,0,0.0,0.0,false
raf_spare_parts,42,quantity_region,extreme_tail_gt_p99,19,50,48,0.24,0.96,0,0.0,0.45748361200094223,true
raf_spare_parts,42,quantity_region,extreme_tail_gt_p99,20,50,0,0.0,0.0,0,0.0,0.0,false
raf_spare_parts,42,quantity_region,extreme_tail_gt_p99,21,50,0,0.0,0.0,0,0.0,0.0,false
raf_spare_parts,42,quantity_region,extreme_tail_gt_p99,22,50,0,0.0,0.0,0,0.0,0.0,false
raf_spare_parts,42,quantity_region,extreme_tail_gt_p99,23,50,0,0.0,0.0,0,0.0,0.0,false
raf_spare_parts,42,quantity_region,extreme_tail_gt_p99,24,50,0,0.0,0.0,0,0.0,0.0,false
raf_spare_parts,42,quantity_region,extreme_tail_gt_p99,25,50,0,0.0,0.0,0,0.0,0.0,false
raf_spare_parts,42,quantity_region,extreme_tail_gt_p99,26,50,0,0.0,0.0,0,0.0,0.0,false
raf_spare_parts,42,quantity_region,extreme_tail_gt_p99,27,50,0,0.0,0.0,0,0.0,0.0,false
raf_spare_parts,42,quantity_region,extreme_tail_gt_p99,28,50,0,0.0,0.0,0,0.0,0.0,false
raf_spare_parts,42,quantity_region,extreme_tail_gt_p99,29,50,0,0.0,0.0,0,0.0,0.0,false
raf_spare_parts,42,quantity_region,extreme_tail_gt_p99,30,50,0,0.0,0.0,0,0.0,0.0,false
raf_spare_parts,42,quantity_region,extreme_tail_gt_p99,31,50,0,0.0,0.0,0,0.0,0.0,false
raf_spare_parts,42,quantity_region,extreme_tail_gt_p99,32,50,0,0.0,0.0,0,0.0,0.0,false
raf_spare_parts,42,quantity_region,extreme_tail_gt_p99,33,50,0,0.0,0.0,0,0.0,0.0,false
raf_spare_parts,42,quantity_region,extreme_tail_gt_p99,34,50,48,0.24,0.96,0,0.0,0.4188749088595311,true
raf_spare_parts,42,quantity_region,extreme_tail_gt_p99,35,50,0,0.0,0.0,0,0.0,0.0,false
raf_spare_parts,42,quantity_region,extreme_tail_gt_p99,36,50,0,0.0,0.0,0,0.0,0.0,false
raf_spare_parts,42,quantity_region,extreme_tail_gt_p99,37,50,0,0.0,0.0,0,0.0,0.0,false
raf_spare_parts,42,quantity_region,extreme_tail_gt_p99,38,50,0,0.0,0.0,0,0.0,0.0,false
raf_spare_parts,42,quantity_region,extreme_tail_gt_p99,39,50,0,0.0,0.0,0,0.0,0.0,false
raf_spare_parts,42,quantity_region,extreme_tail_gt_p99,40,50,0,0.0,0.0,0,0.0,0.0,false
raf_spare_parts,42,quantity_region,extreme_tail_gt_p99,41,50,0,0.0,0.0,0,0.0,0.0,false
raf_spare_parts,42,quantity_region,extreme_tail_gt_p99,42,50,0,0.0,0.0,0,0.0,0.0,false
raf_spare_parts,42,quantity_region,extreme_tail_gt_p99,43,50,0,0.0,0.0,0,0.0,0.0,false
raf_spare_parts,42,quantity_region,extreme_tail_gt_p99,44,50,0,0.0,0.0,0,0.0,0.0,false
raf_spare_parts,42,quantity_region,extreme_tail_gt_p99,45,50,0,0.0,0.0,0,0.0,0.0,false
raf_spare_parts,42,quantity_region,extreme_tail_gt_p99,46,50,0,0.0,0.0,0,0.0,0.0,false
raf_spare_parts,42,quantity_region,extreme_tail_gt_p99,47,50,0,0.0,0.0,0,0.0,0.0,false
raf_spare_parts,42,quantity_region,extreme_tail_gt_p99,48,50,2,0.01,0.04,0,0.0,0.6227169334888458,true
raf_spare_parts,42,quantity_region,extreme_tail_gt_p99,49,50,0,0.0,0.0,0,0.0,0.0,false
raf_spare_parts,42,quantity_region,extreme_tail_gt_p99,50,50,0,0.0,0.0,0,0.0,0.0,false
raf_spare_parts,42,quantity_region,extreme_tail_gt_p99,51,50,0,0.0,0.0,0,0.0,0.0,false
raf_spare_parts,42,quantity_region,extreme_tail_gt_p99,52,50,0,0.0,0.0,0,0.0,0.0,false
raf_spare_parts,42,quantity_region,extreme_tail_gt_p99,53,50,0,0.0,0.0,0,0.0,0.0,false
raf_spare_parts,42,quantity_region,extreme_tail_gt_p99,54,50,0,0.0,0.0,0,0.0,0.0,false
raf_spare_parts,42,quantity_region,extreme_tail_gt_p99,55,50,0,0.0,0.0,0,0.0,0.0,false
raf_spare_parts,42,quantity_region,extreme_tail_gt_p99,56,50,0,0.0,0.0,0,0.0,0.0,false
raf_spare_parts,42,quantity_region,extreme_tail_gt_p99,57,50,0,0.0,0.0,0,0.0,0.0,false
raf_spare_parts,42,quantity_region,extreme_tail_gt_p99,58,50,2,0.01,0.04,0,0.0,0.4756924659013748,true
raf_spare_parts,42,quantity_region,extreme_tail_gt_p99,59,50,0,0.0,0.0,0,0.0,0.0,false
raf_spare_parts,42,quantity_region,extreme_tail_gt_p99,60,50,0,0.0,0.0,0,0.0,0.0,false
raf_spare_parts,42,quantity_region,extreme_tail_gt_p99,61,50,0,0.0,0.0,0,0.0,0.0,false
raf_spare_parts,42,quantity_region,extreme_tail_gt_p99,62,50,0,0.0,0.0,0,0.0,0.0,false
raf_spare_parts,42,quantity_region,extreme_tail_gt_p99,63,50,48,0.24,0.96,14,0.28,0.48291079079111415,true
raf_spare_parts,42,quantity_region,tail_p95_p99,0,224,0,0.0,0.0,0,0.0,0.0,false
raf_spare_parts,42,quantity_region,tail_p95_p99,1,224,0,0.0,0.0,0,0.0,0.0,false
raf_spare_parts,42,quantity_region,tail_p95_p99,2,224,0,0.0,0.0,0,0.0,0.0,false
raf_spare_parts,42,quantity_region,tail_p95_p99,3,224,18,0.020089285714285716,0.08035714285714286,0,0.0,0.6000575936502881,true
raf_spare_parts,42,quantity_region,tail_p95_p99,4,224,0,0.0,0.0,0,0.0,0.0,false
raf_spare_parts,42,quantity_region,tail_p95_p99,5,224,0,0.0,0.0,0,0.0,0.0,false
raf_spare_parts,42,quantity_region,tail_p95_p99,6,224,0,0.0,0.0,0,0.0,0.0,false
raf_spare_parts,42,quantity_region,tail_p95_p99,7,224,0,0.0,0.0,0,0.0,0.0,false
raf_spare_parts,42,quantity_region,tail_p95_p99,8,224,9,0.010044642857142858,0.04017857142857143,6,0.026785714285714284,0.6657514108551873,true
raf_spare_parts,42,quantity_region,tail_p95_p99,9,224,0,0.0,0.0,0,0.0,0.0,false
raf_spare_parts,42,quantity_region,tail_p95_p99,10,224,0,0.0,0.0,0,0.0,0.0,false
raf_spare_parts,42,quantity_region,tail_p95_p99,11,224,2,0.002232142857142857,0.008928571428571428,1,0.004464285714285714,0.38487523794174194,true
raf_spare_parts,42,quantity_region,tail_p95_p99,12,224,203,0.2265625,0.90625,110,0.49107142857142855,0.5155546355423669,true
raf_spare_parts,42,quantity_region,tail_p95_p99,13,224,0,0.0,0.0,0,0.0,0.0,false
raf_spare_parts,42,quantity_region,tail_p95_p99,14,224,0,0.0,0.0,0,0.0,0.0,false
raf_spare_parts,42,quantity_region,tail_p95_p99,15,224,0,0.0,0.0,0,0.0,0.0,false
raf_spare_parts,42,quantity_region,tail_p95_p99,16,224,0,0.0,0.0,0,0.0,0.0,false
raf_spare_parts,42,quantity_region,tail_p95_p99,17,224,5,0.005580357142857143,0.022321428571428572,0,0.0,0.5270382940769196,true
raf_spare_parts,42,quantity_region,tail_p95_p99,18,224,1,0.0011160714285714285,0.004464285714285714,0,0.0,0.31747910380363464,true
raf_spare_parts,42,quantity_region,tail_p95_p99,19,224,214,0.23883928571428573,0.9553571428571429,10,0.044642857142857144,0.49470500773358567,true
raf_spare_parts,42,quantity_region,tail_p95_p99,20,224,0,0.0,0.0,0,0.0,0.0,false
raf_spare_parts,42,quantity_region,tail_p95_p99,21,224,0,0.0,0.0,0,0.0,0.0,false
raf_spare_parts,42,quantity_region,tail_p95_p99,22,224,0,0.0,0.0,0,0.0,0.0,false
raf_spare_parts,42,quantity_region,tail_p95_p99,23,224,0,0.0,0.0,0,0.0,0.0,false
raf_spare_parts,42,quantity_region,tail_p95_p99,24,224,0,0.0,0.0,0,0.0,0.0,false
raf_spare_parts,42,quantity_region,tail_p95_p99,25,224,3,0.0033482142857142855,0.013392857142857142,0,0.0,0.4123474061489105,true
raf_spare_parts,42,quantity_region,tail_p95_p99,26,224,0,0.0,0.0,0,0.0,0.0,false
raf_spare_parts,42,quantity_region,tail_p95_p99,27,224,0,0.0,0.0,0,0.0,0.0,false
raf_spare_parts,42,quantity_region,tail_p95_p99,28,224,0,0.0,0.0,0,0.0,0.0,false
raf_spare_parts,42,quantity_region,tail_p95_p99,29,224,0,0.0,0.0,0,0.0,0.0,false
raf_spare_parts,42,quantity_region,tail_p95_p99,30,224,0,0.0,0.0,0,0.0,0.0,false
raf_spare_parts,42,quantity_region,tail_p95_p99,31,224,0,0.0,0.0,0,0.0,0.0,false
raf_spare_parts,42,quantity_region,tail_p95_p99,32,224,0,0.0,0.0,0,0.0,0.0,false
raf_spare_parts,42,quantity_region,tail_p95_p99,33,224,0,0.0,0.0,0,0.0,0.0,false
raf_spare_parts,42,quantity_region,tail_p95_p99,34,224,219,0.24441964285714285,0.9776785714285714,1,0.004464285714285714,0.4656819577358629,true
raf_spare_parts,42,quantity_region,tail_p95_p99,35,224,0,0.0,0.0,0,0.0,0.0,false
raf_spare_parts,42,quantity_region,tail_p95_p99,36,224,0,0.0,0.0,0,0.0,0.0,false
raf_spare_parts,42,quantity_region,tail_p95_p99,37,224,0,0.0,0.0,0,0.0,0.0,false
raf_spare_parts,42,quantity_region,tail_p95_p99,38,224,0,0.0,0.0,0,0.0,0.0,false
raf_spare_parts,42,quantity_region,tail_p95_p99,39,224,0,0.0,0.0,0,0.0,0.0,false
raf_spare_parts,42,quantity_region,tail_p95_p99,40,224,0,0.0,0.0,0,0.0,0.0,false
raf_spare_parts,42,quantity_region,tail_p95_p99,41,224,0,0.0,0.0,0,0.0,0.0,false
raf_spare_parts,42,quantity_region,tail_p95_p99,42,224,0,0.0,0.0,0,0.0,0.0,false
raf_spare_parts,42,quantity_region,tail_p95_p99,43,224,0,0.0,0.0,0,0.0,0.0,false
raf_spare_parts,42,quantity_region,tail_p95_p99,44,224,1,0.0011160714285714285,0.004464285714285714,0,0.0,0.3299817442893982,true
raf_spare_parts,42,quantity_region,tail_p95_p99,45,224,0,0.0,0.0,0,0.0,0.0,false
raf_spare_parts,42,quantity_region,tail_p95_p99,46,224,0,0.0,0.0,0,0.0,0.0,false
raf_spare_parts,42,quantity_region,tail_p95_p99,47,224,0,0.0,0.0,0,0.0,0.0,false
raf_spare_parts,42,quantity_region,tail_p95_p99,48,224,5,0.005580357142857143,0.022321428571428572,1,0.004464285714285714,0.5558555483818054,true
raf_spare_parts,42,quantity_region,tail_p95_p99,49,224,0,0.0,0.0,0,0.0,0.0,false
raf_spare_parts,42,quantity_region,tail_p95_p99,50,224,0,0.0,0.0,0,0.0,0.0,false
raf_spare_parts,42,quantity_region,tail_p95_p99,51,224,0,0.0,0.0,0,0.0,0.0,false
raf_spare_parts,42,quantity_region,tail_p95_p99,52,224,0,0.0,0.0,0,0.0,0.0,false
raf_spare_parts,42,quantity_region,tail_p95_p99,53,224,0,0.0,0.0,0,0.0,0.0,false
raf_spare_parts,42,quantity_region,tail_p95_p99,54,224,0,0.0,0.0,0,0.0,0.0,false
raf_spare_parts,42,quantity_region,tail_p95_p99,55,224,0,0.0,0.0,0,0.0,0.0,false
raf_spare_parts,42,quantity_region,tail_p95_p99,56,224,0,0.0,0.0,0,0.0,0.0,false
raf_spare_parts,42,quantity_region,tail_p95_p99,57,224,0,0.0,0.0,0,0.0,0.0,false
raf_spare_parts,42,quantity_region,tail_p95_p99,58,224,1,0.0011160714285714285,0.004464285714285714,0,0.0,0.25555935502052307,true
raf_spare_parts,42,quantity_region,tail_p95_p99,59,224,0,0.0,0.0,0,0.0,0.0,false
raf_spare_parts,42,quantity_region,tail_p95_p99,60,224,0,0.0,0.0,0,0.0,0.0,false
raf_spare_parts,42,quantity_region,tail_p95_p99,61,224,0,0.0,0.0,0,0.0,0.0,false
raf_spare_parts,42,quantity_region,tail_p95_p99,62,224,0,0.0,0.0,0,0.0,0.0,false
raf_spare_parts,42,quantity_region,tail_p95_p99,63,224,215,0.23995535714285715,0.9598214285714286,95,0.42410714285714285,0.5228887487289517,true
raf_spare_parts,52,history,history_le_64,0,6690,6690,0.25,1.0,21,0.003139013452914798,0.7052047507467113,true
raf_spare_parts,52,history,history_le_64,1,6690,0,0.0,0.0,0,0.0,0.0,false
raf_spare_parts,52,history,history_le_64,2,6690,0,0.0,0.0,0,0.0,0.0,false
raf_spare_parts,52,history,history_le_64,3,6690,0,0.0,0.0,0,0.0,0.0,false
raf_spare_parts,52,history,history_le_64,4,6690,0,0.0,0.0,0,0.0,0.0,false
raf_spare_parts,52,history,history_le_64,5,6690,0,0.0,0.0,0,0.0,0.0,false
raf_spare_parts,52,history,history_le_64,6,6690,0,0.0,0.0,0,0.0,0.0,false
raf_spare_parts,52,history,history_le_64,7,6690,0,0.0,0.0,0,0.0,0.0,false
raf_spare_parts,52,history,history_le_64,8,6690,0,0.0,0.0,0,0.0,0.0,false
raf_spare_parts,52,history,history_le_64,9,6690,0,0.0,0.0,0,0.0,0.0,false
raf_spare_parts,52,history,history_le_64,10,6690,0,0.0,0.0,0,0.0,0.0,false
raf_spare_parts,52,history,history_le_64,11,6690,6690,0.25,1.0,2451,0.3663677130044843,0.7061203831603531,true
raf_spare_parts,52,history,history_le_64,12,6690,0,0.0,0.0,0,0.0,0.0,false
raf_spare_parts,52,history,history_le_64,13,6690,0,0.0,0.0,0,0.0,0.0,false
raf_spare_parts,52,history,history_le_64,14,6690,0,0.0,0.0,0,0.0,0.0,false
raf_spare_parts,52,history,history_le_64,15,6690,6690,0.25,1.0,4218,0.6304932735426009,0.722571893310333,true
raf_spare_parts,52,history,history_le_64,16,6690,0,0.0,0.0,0,0.0,0.0,false
raf_spare_parts,52,history,history_le_64,17,6690,0,0.0,0.0,0,0.0,0.0,false
raf_spare_parts,52,history,history_le_64,18,6690,0,0.0,0.0,0,0.0,0.0,false
raf_spare_parts,52,history,history_le_64,19,6690,0,0.0,0.0,0,0.0,0.0,false
raf_spare_parts,52,history,history_le_64,20,6690,0,0.0,0.0,0,0.0,0.0,false
raf_spare_parts,52,history,history_le_64,21,6690,0,0.0,0.0,0,0.0,0.0,false
raf_spare_parts,52,history,history_le_64,22,6690,0,0.0,0.0,0,0.0,0.0,false
raf_spare_parts,52,history,history_le_64,23,6690,0,0.0,0.0,0,0.0,0.0,false
raf_spare_parts,52,history,history_le_64,24,6690,0,0.0,0.0,0,0.0,0.0,false
raf_spare_parts,52,history,history_le_64,25,6690,0,0.0,0.0,0,0.0,0.0,false
raf_spare_parts,52,history,history_le_64,26,6690,0,0.0,0.0,0,0.0,0.0,false
raf_spare_parts,52,history,history_le_64,27,6690,0,0.0,0.0,0,0.0,0.0,false
raf_spare_parts,52,history,history_le_64,28,6690,6690,0.25,1.0,0,0.0,0.6897118075189748,true
raf_spare_parts,52,history,history_le_64,29,6690,0,0.0,0.0,0,0.0,0.0,false
raf_spare_parts,52,history,history_le_64,30,6690,0,0.0,0.0,0,0.0,0.0,false
raf_spare_parts,52,history,history_le_64,31,6690,0,0.0,0.0,0,0.0,0.0,false
raf_spare_parts,52,history,history_le_64,32,6690,0,0.0,0.0,0,0.0,0.0,false
raf_spare_parts,52,history,history_le_64,33,6690,0,0.0,0.0,0,0.0,0.0,false
raf_spare_parts,52,history,history_le_64,34,6690,0,0.0,0.0,0,0.0,0.0,false
raf_spare_parts,52,history,history_le_64,35,6690,0,0.0,0.0,0,0.0,0.0,false
raf_spare_parts,52,history,history_le_64,36,6690,0,0.0,0.0,0,0.0,0.0,false
raf_spare_parts,52,history,history_le_64,37,6690,0,0.0,0.0,0,0.0,0.0,false
raf_spare_parts,52,history,history_le_64,38,6690,0,0.0,0.0,0,0.0,0.0,false
raf_spare_parts,52,history,history_le_64,39,6690,0,0.0,0.0,0,0.0,0.0,false
raf_spare_parts,52,history,history_le_64,40,6690,0,0.0,0.0,0,0.0,0.0,false
raf_spare_parts,52,history,history_le_64,41,6690,0,0.0,0.0,0,0.0,0.0,false
raf_spare_parts,52,history,history_le_64,42,6690,0,0.0,0.0,0,0.0,0.0,false
raf_spare_parts,52,history,history_le_64,43,6690,0,0.0,0.0,0,0.0,0.0,false
raf_spare_parts,52,history,history_le_64,44,6690,0,0.0,0.0,0,0.0,0.0,false
raf_spare_parts,52,history,history_le_64,45,6690,0,0.0,0.0,0,0.0,0.0,false
raf_spare_parts,52,history,history_le_64,46,6690,0,0.0,0.0,0,0.0,0.0,false
raf_spare_parts,52,history,history_le_64,47,6690,0,0.0,0.0,0,0.0,0.0,false
raf_spare_parts,52,history,history_le_64,48,6690,0,0.0,0.0,0,0.0,0.0,false
raf_spare_parts,52,history,history_le_64,49,6690,0,0.0,0.0,0,0.0,0.0,false
raf_spare_parts,52,history,history_le_64,50,6690,0,0.0,0.0,0,0.0,0.0,false
raf_spare_parts,52,history,history_le_64,51,6690,0,0.0,0.0,0,0.0,0.0,false
raf_spare_parts,52,history,history_le_64,52,6690,0,0.0,0.0,0,0.0,0.0,false
raf_spare_parts,52,history,history_le_64,53,6690,0,0.0,0.0,0,0.0,0.0,false
raf_spare_parts,52,history,history_le_64,54,6690,0,0.0,0.0,0,0.0,0.0,false
raf_spare_parts,52,history,history_le_64,55,6690,0,0.0,0.0,0,0.0,0.0,false
raf_spare_parts,52,history,history_le_64,56,6690,0,0.0,0.0,0,0.0,0.0,false
raf_spare_parts,52,history,history_le_64,57,6690,0,0.0,0.0,0,0.0,0.0,false
raf_spare_parts,52,history,history_le_64,58,6690,0,0.0,0.0,0,0.0,0.0,false
raf_spare_parts,52,history,history_le_64,59,6690,0,0.0,0.0,0,0.0,0.0,false
raf_spare_parts,52,history,history_le_64,60,6690,0,0.0,0.0,0,0.0,0.0,false
raf_spare_parts,52,history,history_le_64,61,6690,0,0.0,0.0,0,0.0,0.0,false
raf_spare_parts,52,history,history_le_64,62,6690,0,0.0,0.0,0,0.0,0.0,false
raf_spare_parts,52,history,history_le_64,63,6690,0,0.0,0.0,0,0.0,0.0,false
raf_spare_parts,52,overall,overall,0,6690,6690,0.25,1.0,21,0.003139013452914798,0.7052047507467113,true
raf_spare_parts,52,overall,overall,1,6690,0,0.0,0.0,0,0.0,0.0,false
raf_spare_parts,52,overall,overall,2,6690,0,0.0,0.0,0,0.0,0.0,false
raf_spare_parts,52,overall,overall,3,6690,0,0.0,0.0,0,0.0,0.0,false
raf_spare_parts,52,overall,overall,4,6690,0,0.0,0.0,0,0.0,0.0,false
raf_spare_parts,52,overall,overall,5,6690,0,0.0,0.0,0,0.0,0.0,false
raf_spare_parts,52,overall,overall,6,6690,0,0.0,0.0,0,0.0,0.0,false
raf_spare_parts,52,overall,overall,7,6690,0,0.0,0.0,0,0.0,0.0,false
raf_spare_parts,52,overall,overall,8,6690,0,0.0,0.0,0,0.0,0.0,false
raf_spare_parts,52,overall,overall,9,6690,0,0.0,0.0,0,0.0,0.0,false
raf_spare_parts,52,overall,overall,10,6690,0,0.0,0.0,0,0.0,0.0,false
raf_spare_parts,52,overall,overall,11,6690,6690,0.25,1.0,2451,0.3663677130044843,0.7061203831603531,true
raf_spare_parts,52,overall,overall,12,6690,0,0.0,0.0,0,0.0,0.0,false
raf_spare_parts,52,overall,overall,13,6690,0,0.0,0.0,0,0.0,0.0,false
raf_spare_parts,52,overall,overall,14,6690,0,0.0,0.0,0,0.0,0.0,false
raf_spare_parts,52,overall,overall,15,6690,6690,0.25,1.0,4218,0.6304932735426009,0.722571893310333,true
raf_spare_parts,52,overall,overall,16,6690,0,0.0,0.0,0,0.0,0.0,false
raf_spare_parts,52,overall,overall,17,6690,0,0.0,0.0,0,0.0,0.0,false
raf_spare_parts,52,overall,overall,18,6690,0,0.0,0.0,0,0.0,0.0,false
raf_spare_parts,52,overall,overall,19,6690,0,0.0,0.0,0,0.0,0.0,false
raf_spare_parts,52,overall,overall,20,6690,0,0.0,0.0,0,0.0,0.0,false
raf_spare_parts,52,overall,overall,21,6690,0,0.0,0.0,0,0.0,0.0,false
raf_spare_parts,52,overall,overall,22,6690,0,0.0,0.0,0,0.0,0.0,false
raf_spare_parts,52,overall,overall,23,6690,0,0.0,0.0,0,0.0,0.0,false
raf_spare_parts,52,overall,overall,24,6690,0,0.0,0.0,0,0.0,0.0,false
raf_spare_parts,52,overall,overall,25,6690,0,0.0,0.0,0,0.0,0.0,false
raf_spare_parts,52,overall,overall,26,6690,0,0.0,0.0,0,0.0,0.0,false
raf_spare_parts,52,overall,overall,27,6690,0,0.0,0.0,0,0.0,0.0,false
raf_spare_parts,52,overall,overall,28,6690,6690,0.25,1.0,0,0.0,0.6897118075189748,true
raf_spare_parts,52,overall,overall,29,6690,0,0.0,0.0,0,0.0,0.0,false
raf_spare_parts,52,overall,overall,30,6690,0,0.0,0.0,0,0.0,0.0,false
raf_spare_parts,52,overall,overall,31,6690,0,0.0,0.0,0,0.0,0.0,false
raf_spare_parts,52,overall,overall,32,6690,0,0.0,0.0,0,0.0,0.0,false
raf_spare_parts,52,overall,overall,33,6690,0,0.0,0.0,0,0.0,0.0,false
raf_spare_parts,52,overall,overall,34,6690,0,0.0,0.0,0,0.0,0.0,false
raf_spare_parts,52,overall,overall,35,6690,0,0.0,0.0,0,0.0,0.0,false
raf_spare_parts,52,overall,overall,36,6690,0,0.0,0.0,0,0.0,0.0,false
raf_spare_parts,52,overall,overall,37,6690,0,0.0,0.0,0,0.0,0.0,false
raf_spare_parts,52,overall,overall,38,6690,0,0.0,0.0,0,0.0,0.0,false
raf_spare_parts,52,overall,overall,39,6690,0,0.0,0.0,0,0.0,0.0,false
raf_spare_parts,52,overall,overall,40,6690,0,0.0,0.0,0,0.0,0.0,false
raf_spare_parts,52,overall,overall,41,6690,0,0.0,0.0,0,0.0,0.0,false
raf_spare_parts,52,overall,overall,42,6690,0,0.0,0.0,0,0.0,0.0,false
raf_spare_parts,52,overall,overall,43,6690,0,0.0,0.0,0,0.0,0.0,false
raf_spare_parts,52,overall,overall,44,6690,0,0.0,0.0,0,0.0,0.0,false
raf_spare_parts,52,overall,overall,45,6690,0,0.0,0.0,0,0.0,0.0,false
raf_spare_parts,52,overall,overall,46,6690,0,0.0,0.0,0,0.0,0.0,false
raf_spare_parts,52,overall,overall,47,6690,0,0.0,0.0,0,0.0,0.0,false
raf_spare_parts,52,overall,overall,48,6690,0,0.0,0.0,0,0.0,0.0,false
raf_spare_parts,52,overall,overall,49,6690,0,0.0,0.0,0,0.0,0.0,false
raf_spare_parts,52,overall,overall,50,6690,0,0.0,0.0,0,0.0,0.0,false
raf_spare_parts,52,overall,overall,51,6690,0,0.0,0.0,0,0.0,0.0,false
raf_spare_parts,52,overall,overall,52,6690,0,0.0,0.0,0,0.0,0.0,false
raf_spare_parts,52,overall,overall,53,6690,0,0.0,0.0,0,0.0,0.0,false
raf_spare_parts,52,overall,overall,54,6690,0,0.0,0.0,0,0.0,0.0,false
raf_spare_parts,52,overall,overall,55,6690,0,0.0,0.0,0,0.0,0.0,false
raf_spare_parts,52,overall,overall,56,6690,0,0.0,0.0,0,0.0,0.0,false
raf_spare_parts,52,overall,overall,57,6690,0,0.0,0.0,0,0.0,0.0,false
raf_spare_parts,52,overall,overall,58,6690,0,0.0,0.0,0,0.0,0.0,false
raf_spare_parts,52,overall,overall,59,6690,0,0.0,0.0,0,0.0,0.0,false
raf_spare_parts,52,overall,overall,60,6690,0,0.0,0.0,0,0.0,0.0,false
raf_spare_parts,52,overall,overall,61,6690,0,0.0,0.0,0,0.0,0.0,false
raf_spare_parts,52,overall,overall,62,6690,0,0.0,0.0,0,0.0,0.0,false
raf_spare_parts,52,overall,overall,63,6690,0,0.0,0.0,0,0.0,0.0,false
raf_spare_parts,52,quantity,gt_p99,0,50,50,0.25,1.0,0,0.0,0.44276229441165926,true
raf_spare_parts,52,quantity,gt_p99,1,50,0,0.0,0.0,0,0.0,0.0,false
raf_spare_parts,52,quantity,gt_p99,2,50,0,0.0,0.0,0,0.0,0.0,false
raf_spare_parts,52,quantity,gt_p99,3,50,0,0.0,0.0,0,0.0,0.0,false
raf_spare_parts,52,quantity,gt_p99,4,50,0,0.0,0.0,0,0.0,0.0,false
raf_spare_parts,52,quantity,gt_p99,5,50,0,0.0,0.0,0,0.0,0.0,false
raf_spare_parts,52,quantity,gt_p99,6,50,0,0.0,0.0,0,0.0,0.0,false
raf_spare_parts,52,quantity,gt_p99,7,50,0,0.0,0.0,0,0.0,0.0,false
raf_spare_parts,52,quantity,gt_p99,8,50,0,0.0,0.0,0,0.0,0.0,false
raf_spare_parts,52,quantity,gt_p99,9,50,0,0.0,0.0,0,0.0,0.0,false
raf_spare_parts,52,quantity,gt_p99,10,50,0,0.0,0.0,0,0.0,0.0,false
raf_spare_parts,52,quantity,gt_p99,11,50,50,0.25,1.0,48,0.96,0.5439659857749939,true
raf_spare_parts,52,quantity,gt_p99,12,50,0,0.0,0.0,0,0.0,0.0,false
raf_spare_parts,52,quantity,gt_p99,13,50,0,0.0,0.0,0,0.0,0.0,false
raf_spare_parts,52,quantity,gt_p99,14,50,0,0.0,0.0,0,0.0,0.0,false
raf_spare_parts,52,quantity,gt_p99,15,50,50,0.25,1.0,2,0.04,0.4600981438159943,true
raf_spare_parts,52,quantity,gt_p99,16,50,0,0.0,0.0,0,0.0,0.0,false
raf_spare_parts,52,quantity,gt_p99,17,50,0,0.0,0.0,0,0.0,0.0,false
raf_spare_parts,52,quantity,gt_p99,18,50,0,0.0,0.0,0,0.0,0.0,false
raf_spare_parts,52,quantity,gt_p99,19,50,0,0.0,0.0,0,0.0,0.0,false
raf_spare_parts,52,quantity,gt_p99,20,50,0,0.0,0.0,0,0.0,0.0,false
raf_spare_parts,52,quantity,gt_p99,21,50,0,0.0,0.0,0,0.0,0.0,false
raf_spare_parts,52,quantity,gt_p99,22,50,0,0.0,0.0,0,0.0,0.0,false
raf_spare_parts,52,quantity,gt_p99,23,50,0,0.0,0.0,0,0.0,0.0,false
raf_spare_parts,52,quantity,gt_p99,24,50,0,0.0,0.0,0,0.0,0.0,false
raf_spare_parts,52,quantity,gt_p99,25,50,0,0.0,0.0,0,0.0,0.0,false
raf_spare_parts,52,quantity,gt_p99,26,50,0,0.0,0.0,0,0.0,0.0,false
raf_spare_parts,52,quantity,gt_p99,27,50,0,0.0,0.0,0,0.0,0.0,false
raf_spare_parts,52,quantity,gt_p99,28,50,50,0.25,1.0,0,0.0,0.5118461924791337,true
raf_spare_parts,52,quantity,gt_p99,29,50,0,0.0,0.0,0,0.0,0.0,false
raf_spare_parts,52,quantity,gt_p99,30,50,0,0.0,0.0,0,0.0,0.0,false
raf_spare_parts,52,quantity,gt_p99,31,50,0,0.0,0.0,0,0.0,0.0,false
raf_spare_parts,52,quantity,gt_p99,32,50,0,0.0,0.0,0,0.0,0.0,false
raf_spare_parts,52,quantity,gt_p99,33,50,0,0.0,0.0,0,0.0,0.0,false
raf_spare_parts,52,quantity,gt_p99,34,50,0,0.0,0.0,0,0.0,0.0,false
raf_spare_parts,52,quantity,gt_p99,35,50,0,0.0,0.0,0,0.0,0.0,false
raf_spare_parts,52,quantity,gt_p99,36,50,0,0.0,0.0,0,0.0,0.0,false
raf_spare_parts,52,quantity,gt_p99,37,50,0,0.0,0.0,0,0.0,0.0,false
raf_spare_parts,52,quantity,gt_p99,38,50,0,0.0,0.0,0,0.0,0.0,false
raf_spare_parts,52,quantity,gt_p99,39,50,0,0.0,0.0,0,0.0,0.0,false
raf_spare_parts,52,quantity,gt_p99,40,50,0,0.0,0.0,0,0.0,0.0,false
raf_spare_parts,52,quantity,gt_p99,41,50,0,0.0,0.0,0,0.0,0.0,false
raf_spare_parts,52,quantity,gt_p99,42,50,0,0.0,0.0,0,0.0,0.0,false
raf_spare_parts,52,quantity,gt_p99,43,50,0,0.0,0.0,0,0.0,0.0,false
raf_spare_parts,52,quantity,gt_p99,44,50,0,0.0,0.0,0,0.0,0.0,false
raf_spare_parts,52,quantity,gt_p99,45,50,0,0.0,0.0,0,0.0,0.0,false
raf_spare_parts,52,quantity,gt_p99,46,50,0,0.0,0.0,0,0.0,0.0,false
raf_spare_parts,52,quantity,gt_p99,47,50,0,0.0,0.0,0,0.0,0.0,false
raf_spare_parts,52,quantity,gt_p99,48,50,0,0.0,0.0,0,0.0,0.0,false
raf_spare_parts,52,quantity,gt_p99,49,50,0,0.0,0.0,0,0.0,0.0,false
raf_spare_parts,52,quantity,gt_p99,50,50,0,0.0,0.0,0,0.0,0.0,false
raf_spare_parts,52,quantity,gt_p99,51,50,0,0.0,0.0,0,0.0,0.0,false
raf_spare_parts,52,quantity,gt_p99,52,50,0,0.0,0.0,0,0.0,0.0,false
raf_spare_parts,52,quantity,gt_p99,53,50,0,0.0,0.0,0,0.0,0.0,false
raf_spare_parts,52,quantity,gt_p99,54,50,0,0.0,0.0,0,0.0,0.0,false
raf_spare_parts,52,quantity,gt_p99,55,50,0,0.0,0.0,0,0.0,0.0,false
raf_spare_parts,52,quantity,gt_p99,56,50,0,0.0,0.0,0,0.0,0.0,false
raf_spare_parts,52,quantity,gt_p99,57,50,0,0.0,0.0,0,0.0,0.0,false
raf_spare_parts,52,quantity,gt_p99,58,50,0,0.0,0.0,0,0.0,0.0,false
raf_spare_parts,52,quantity,gt_p99,59,50,0,0.0,0.0,0,0.0,0.0,false
raf_spare_parts,52,quantity,gt_p99,60,50,0,0.0,0.0,0,0.0,0.0,false
raf_spare_parts,52,quantity,gt_p99,61,50,0,0.0,0.0,0,0.0,0.0,false
raf_spare_parts,52,quantity,gt_p99,62,50,0,0.0,0.0,0,0.0,0.0,false
raf_spare_parts,52,quantity,gt_p99,63,50,0,0.0,0.0,0,0.0,0.0,false
raf_spare_parts,52,quantity,le_p50,0,3626,3626,0.25,1.0,17,0.004688361831218974,0.743668258839461,true
raf_spare_parts,52,quantity,le_p50,1,3626,0,0.0,0.0,0,0.0,0.0,false
raf_spare_parts,52,quantity,le_p50,2,3626,0,0.0,0.0,0,0.0,0.0,false
raf_spare_parts,52,quantity,le_p50,3,3626,0,0.0,0.0,0,0.0,0.0,false
raf_spare_parts,52,quantity,le_p50,4,3626,0,0.0,0.0,0,0.0,0.0,false
raf_spare_parts,52,quantity,le_p50,5,3626,0,0.0,0.0,0,0.0,0.0,false
raf_spare_parts,52,quantity,le_p50,6,3626,0,0.0,0.0,0,0.0,0.0,false
raf_spare_parts,52,quantity,le_p50,7,3626,0,0.0,0.0,0,0.0,0.0,false
raf_spare_parts,52,quantity,le_p50,8,3626,0,0.0,0.0,0,0.0,0.0,false
raf_spare_parts,52,quantity,le_p50,9,3626,0,0.0,0.0,0,0.0,0.0,false
raf_spare_parts,52,quantity,le_p50,10,3626,0,0.0,0.0,0,0.0,0.0,false
raf_spare_parts,52,quantity,le_p50,11,3626,3626,0.25,1.0,460,0.126861555432984,0.7143031911286477,true
raf_spare_parts,52,quantity,le_p50,12,3626,0,0.0,0.0,0,0.0,0.0,false
raf_spare_parts,52,quantity,le_p50,13,3626,0,0.0,0.0,0,0.0,0.0,false
raf_spare_parts,52,quantity,le_p50,14,3626,0,0.0,0.0,0,0.0,0.0,false
raf_spare_parts,52,quantity,le_p50,15,3626,3626,0.25,1.0,3149,0.868450082735797,0.7608659898813955,true
raf_spare_parts,52,quantity,le_p50,16,3626,0,0.0,0.0,0,0.0,0.0,false
raf_spare_parts,52,quantity,le_p50,17,3626,0,0.0,0.0,0,0.0,0.0,false
raf_spare_parts,52,quantity,le_p50,18,3626,0,0.0,0.0,0,0.0,0.0,false
raf_spare_parts,52,quantity,le_p50,19,3626,0,0.0,0.0,0,0.0,0.0,false
raf_spare_parts,52,quantity,le_p50,20,3626,0,0.0,0.0,0,0.0,0.0,false
raf_spare_parts,52,quantity,le_p50,21,3626,0,0.0,0.0,0,0.0,0.0,false
raf_spare_parts,52,quantity,le_p50,22,3626,0,0.0,0.0,0,0.0,0.0,false
raf_spare_parts,52,quantity,le_p50,23,3626,0,0.0,0.0,0,0.0,0.0,false
raf_spare_parts,52,quantity,le_p50,24,3626,0,0.0,0.0,0,0.0,0.0,false
raf_spare_parts,52,quantity,le_p50,25,3626,0,0.0,0.0,0,0.0,0.0,false
raf_spare_parts,52,quantity,le_p50,26,3626,0,0.0,0.0,0,0.0,0.0,false
raf_spare_parts,52,quantity,le_p50,27,3626,0,0.0,0.0,0,0.0,0.0,false
raf_spare_parts,52,quantity,le_p50,28,3626,3626,0.25,1.0,0,0.0,0.7035868058152707,true
raf_spare_parts,52,quantity,le_p50,29,3626,0,0.0,0.0,0,0.0,0.0,false
raf_spare_parts,52,quantity,le_p50,30,3626,0,0.0,0.0,0,0.0,0.0,false
raf_spare_parts,52,quantity,le_p50,31,3626,0,0.0,0.0,0,0.0,0.0,false
raf_spare_parts,52,quantity,le_p50,32,3626,0,0.0,0.0,0,0.0,0.0,false
raf_spare_parts,52,quantity,le_p50,33,3626,0,0.0,0.0,0,0.0,0.0,false
raf_spare_parts,52,quantity,le_p50,34,3626,0,0.0,0.0,0,0.0,0.0,false
raf_spare_parts,52,quantity,le_p50,35,3626,0,0.0,0.0,0,0.0,0.0,false
raf_spare_parts,52,quantity,le_p50,36,3626,0,0.0,0.0,0,0.0,0.0,false
raf_spare_parts,52,quantity,le_p50,37,3626,0,0.0,0.0,0,0.0,0.0,false
raf_spare_parts,52,quantity,le_p50,38,3626,0,0.0,0.0,0,0.0,0.0,false
raf_spare_parts,52,quantity,le_p50,39,3626,0,0.0,0.0,0,0.0,0.0,false
raf_spare_parts,52,quantity,le_p50,40,3626,0,0.0,0.0,0,0.0,0.0,false
raf_spare_parts,52,quantity,le_p50,41,3626,0,0.0,0.0,0,0.0,0.0,false
raf_spare_parts,52,quantity,le_p50,42,3626,0,0.0,0.0,0,0.0,0.0,false
raf_spare_parts,52,quantity,le_p50,43,3626,0,0.0,0.0,0,0.0,0.0,false
raf_spare_parts,52,quantity,le_p50,44,3626,0,0.0,0.0,0,0.0,0.0,false
raf_spare_parts,52,quantity,le_p50,45,3626,0,0.0,0.0,0,0.0,0.0,false
raf_spare_parts,52,quantity,le_p50,46,3626,0,0.0,0.0,0,0.0,0.0,false
raf_spare_parts,52,quantity,le_p50,47,3626,0,0.0,0.0,0,0.0,0.0,false
raf_spare_parts,52,quantity,le_p50,48,3626,0,0.0,0.0,0,0.0,0.0,false
raf_spare_parts,52,quantity,le_p50,49,3626,0,0.0,0.0,0,0.0,0.0,false
raf_spare_parts,52,quantity,le_p50,50,3626,0,0.0,0.0,0,0.0,0.0,false
raf_spare_parts,52,quantity,le_p50,51,3626,0,0.0,0.0,0,0.0,0.0,false
raf_spare_parts,52,quantity,le_p50,52,3626,0,0.0,0.0,0,0.0,0.0,false
raf_spare_parts,52,quantity,le_p50,53,3626,0,0.0,0.0,0,0.0,0.0,false
raf_spare_parts,52,quantity,le_p50,54,3626,0,0.0,0.0,0,0.0,0.0,false
raf_spare_parts,52,quantity,le_p50,55,3626,0,0.0,0.0,0,0.0,0.0,false
raf_spare_parts,52,quantity,le_p50,56,3626,0,0.0,0.0,0,0.0,0.0,false
raf_spare_parts,52,quantity,le_p50,57,3626,0,0.0,0.0,0,0.0,0.0,false
raf_spare_parts,52,quantity,le_p50,58,3626,0,0.0,0.0,0,0.0,0.0,false
raf_spare_parts,52,quantity,le_p50,59,3626,0,0.0,0.0,0,0.0,0.0,false
raf_spare_parts,52,quantity,le_p50,60,3626,0,0.0,0.0,0,0.0,0.0,false
raf_spare_parts,52,quantity,le_p50,61,3626,0,0.0,0.0,0,0.0,0.0,false
raf_spare_parts,52,quantity,le_p50,62,3626,0,0.0,0.0,0,0.0,0.0,false
raf_spare_parts,52,quantity,le_p50,63,3626,0,0.0,0.0,0,0.0,0.0,false
raf_spare_parts,52,quantity,p50_p90,0,2555,2555,0.25,1.0,4,0.0015655577299412916,0.6869499409618677,true
raf_spare_parts,52,quantity,p50_p90,1,2555,0,0.0,0.0,0,0.0,0.0,false
raf_spare_parts,52,quantity,p50_p90,2,2555,0,0.0,0.0,0,0.0,0.0,false
raf_spare_parts,52,quantity,p50_p90,3,2555,0,0.0,0.0,0,0.0,0.0,false
raf_spare_parts,52,quantity,p50_p90,4,2555,0,0.0,0.0,0,0.0,0.0,false
raf_spare_parts,52,quantity,p50_p90,5,2555,0,0.0,0.0,0,0.0,0.0,false
raf_spare_parts,52,quantity,p50_p90,6,2555,0,0.0,0.0,0,0.0,0.0,false
raf_spare_parts,52,quantity,p50_p90,7,2555,0,0.0,0.0,0,0.0,0.0,false
raf_spare_parts,52,quantity,p50_p90,8,2555,0,0.0,0.0,0,0.0,0.0,false
raf_spare_parts,52,quantity,p50_p90,9,2555,0,0.0,0.0,0,0.0,0.0,false
raf_spare_parts,52,quantity,p50_p90,10,2555,0,0.0,0.0,0,0.0,0.0,false
raf_spare_parts,52,quantity,p50_p90,11,2555,2555,0.25,1.0,1513,0.5921722113502935,0.7141946941555829,true
raf_spare_parts,52,quantity,p50_p90,12,2555,0,0.0,0.0,0,0.0,0.0,false
raf_spare_parts,52,quantity,p50_p90,13,2555,0,0.0,0.0,0,0.0,0.0,false
raf_spare_parts,52,quantity,p50_p90,14,2555,0,0.0,0.0,0,0.0,0.0,false
raf_spare_parts,52,quantity,p50_p90,15,2555,2555,0.25,1.0,1038,0.40626223091976515,0.7044505812533914,true
raf_spare_parts,52,quantity,p50_p90,16,2555,0,0.0,0.0,0,0.0,0.0,false
raf_spare_parts,52,quantity,p50_p90,17,2555,0,0.0,0.0,0,0.0,0.0,false
raf_spare_parts,52,quantity,p50_p90,18,2555,0,0.0,0.0,0,0.0,0.0,false
raf_spare_parts,52,quantity,p50_p90,19,2555,0,0.0,0.0,0,0.0,0.0,false
raf_spare_parts,52,quantity,p50_p90,20,2555,0,0.0,0.0,0,0.0,0.0,false
raf_spare_parts,52,quantity,p50_p90,21,2555,0,0.0,0.0,0,0.0,0.0,false
raf_spare_parts,52,quantity,p50_p90,22,2555,0,0.0,0.0,0,0.0,0.0,false
raf_spare_parts,52,quantity,p50_p90,23,2555,0,0.0,0.0,0,0.0,0.0,false
raf_spare_parts,52,quantity,p50_p90,24,2555,0,0.0,0.0,0,0.0,0.0,false
raf_spare_parts,52,quantity,p50_p90,25,2555,0,0.0,0.0,0,0.0,0.0,false
raf_spare_parts,52,quantity,p50_p90,26,2555,0,0.0,0.0,0,0.0,0.0,false
raf_spare_parts,52,quantity,p50_p90,27,2555,0,0.0,0.0,0,0.0,0.0,false
raf_spare_parts,52,quantity,p50_p90,28,2555,2555,0.25,1.0,0,0.0,0.6924110903431991,true
raf_spare_parts,52,quantity,p50_p90,29,2555,0,0.0,0.0,0,0.0,0.0,false
raf_spare_parts,52,quantity,p50_p90,30,2555,0,0.0,0.0,0,0.0,0.0,false
raf_spare_parts,52,quantity,p50_p90,31,2555,0,0.0,0.0,0,0.0,0.0,false
raf_spare_parts,52,quantity,p50_p90,32,2555,0,0.0,0.0,0,0.0,0.0,false
raf_spare_parts,52,quantity,p50_p90,33,2555,0,0.0,0.0,0,0.0,0.0,false
raf_spare_parts,52,quantity,p50_p90,34,2555,0,0.0,0.0,0,0.0,0.0,false
raf_spare_parts,52,quantity,p50_p90,35,2555,0,0.0,0.0,0,0.0,0.0,false
raf_spare_parts,52,quantity,p50_p90,36,2555,0,0.0,0.0,0,0.0,0.0,false
raf_spare_parts,52,quantity,p50_p90,37,2555,0,0.0,0.0,0,0.0,0.0,false
raf_spare_parts,52,quantity,p50_p90,38,2555,0,0.0,0.0,0,0.0,0.0,false
raf_spare_parts,52,quantity,p50_p90,39,2555,0,0.0,0.0,0,0.0,0.0,false
raf_spare_parts,52,quantity,p50_p90,40,2555,0,0.0,0.0,0,0.0,0.0,false
raf_spare_parts,52,quantity,p50_p90,41,2555,0,0.0,0.0,0,0.0,0.0,false
raf_spare_parts,52,quantity,p50_p90,42,2555,0,0.0,0.0,0,0.0,0.0,false
raf_spare_parts,52,quantity,p50_p90,43,2555,0,0.0,0.0,0,0.0,0.0,false
raf_spare_parts,52,quantity,p50_p90,44,2555,0,0.0,0.0,0,0.0,0.0,false
raf_spare_parts,52,quantity,p50_p90,45,2555,0,0.0,0.0,0,0.0,0.0,false
raf_spare_parts,52,quantity,p50_p90,46,2555,0,0.0,0.0,0,0.0,0.0,false
raf_spare_parts,52,quantity,p50_p90,47,2555,0,0.0,0.0,0,0.0,0.0,false
raf_spare_parts,52,quantity,p50_p90,48,2555,0,0.0,0.0,0,0.0,0.0,false
raf_spare_parts,52,quantity,p50_p90,49,2555,0,0.0,0.0,0,0.0,0.0,false
raf_spare_parts,52,quantity,p50_p90,50,2555,0,0.0,0.0,0,0.0,0.0,false
raf_spare_parts,52,quantity,p50_p90,51,2555,0,0.0,0.0,0,0.0,0.0,false
raf_spare_parts,52,quantity,p50_p90,52,2555,0,0.0,0.0,0,0.0,0.0,false
raf_spare_parts,52,quantity,p50_p90,53,2555,0,0.0,0.0,0,0.0,0.0,false
raf_spare_parts,52,quantity,p50_p90,54,2555,0,0.0,0.0,0,0.0,0.0,false
raf_spare_parts,52,quantity,p50_p90,55,2555,0,0.0,0.0,0,0.0,0.0,false
raf_spare_parts,52,quantity,p50_p90,56,2555,0,0.0,0.0,0,0.0,0.0,false
raf_spare_parts,52,quantity,p50_p90,57,2555,0,0.0,0.0,0,0.0,0.0,false
raf_spare_parts,52,quantity,p50_p90,58,2555,0,0.0,0.0,0,0.0,0.0,false
raf_spare_parts,52,quantity,p50_p90,59,2555,0,0.0,0.0,0,0.0,0.0,false
raf_spare_parts,52,quantity,p50_p90,60,2555,0,0.0,0.0,0,0.0,0.0,false
raf_spare_parts,52,quantity,p50_p90,61,2555,0,0.0,0.0,0,0.0,0.0,false
raf_spare_parts,52,quantity,p50_p90,62,2555,0,0.0,0.0,0,0.0,0.0,false
raf_spare_parts,52,quantity,p50_p90,63,2555,0,0.0,0.0,0,0.0,0.0,false
raf_spare_parts,52,quantity,p90_p95,0,235,235,0.25,1.0,0,0.0,0.5651665211992061,true
raf_spare_parts,52,quantity,p90_p95,1,235,0,0.0,0.0,0,0.0,0.0,false
raf_spare_parts,52,quantity,p90_p95,2,235,0,0.0,0.0,0,0.0,0.0,false
raf_spare_parts,52,quantity,p90_p95,3,235,0,0.0,0.0,0,0.0,0.0,false
raf_spare_parts,52,quantity,p90_p95,4,235,0,0.0,0.0,0,0.0,0.0,false
raf_spare_parts,52,quantity,p90_p95,5,235,0,0.0,0.0,0,0.0,0.0,false
raf_spare_parts,52,quantity,p90_p95,6,235,0,0.0,0.0,0,0.0,0.0,false
raf_spare_parts,52,quantity,p90_p95,7,235,0,0.0,0.0,0,0.0,0.0,false
raf_spare_parts,52,quantity,p90_p95,8,235,0,0.0,0.0,0,0.0,0.0,false
raf_spare_parts,52,quantity,p90_p95,9,235,0,0.0,0.0,0,0.0,0.0,false
raf_spare_parts,52,quantity,p90_p95,10,235,0,0.0,0.0,0,0.0,0.0,false
raf_spare_parts,52,quantity,p90_p95,11,235,235,0.25,1.0,218,0.9276595744680851,0.6397025415237914,true
raf_spare_parts,52,quantity,p90_p95,12,235,0,0.0,0.0,0,0.0,0.0,false
raf_spare_parts,52,quantity,p90_p95,13,235,0,0.0,0.0,0,0.0,0.0,false
raf_spare_parts,52,quantity,p90_p95,14,235,0,0.0,0.0,0,0.0,0.0,false
raf_spare_parts,52,quantity,p90_p95,15,235,235,0.25,1.0,17,0.07234042553191489,0.583085539493155,true
raf_spare_parts,52,quantity,p90_p95,16,235,0,0.0,0.0,0,0.0,0.0,false
raf_spare_parts,52,quantity,p90_p95,17,235,0,0.0,0.0,0,0.0,0.0,false
raf_spare_parts,52,quantity,p90_p95,18,235,0,0.0,0.0,0,0.0,0.0,false
raf_spare_parts,52,quantity,p90_p95,19,235,0,0.0,0.0,0,0.0,0.0,false
raf_spare_parts,52,quantity,p90_p95,20,235,0,0.0,0.0,0,0.0,0.0,false
raf_spare_parts,52,quantity,p90_p95,21,235,0,0.0,0.0,0,0.0,0.0,false
raf_spare_parts,52,quantity,p90_p95,22,235,0,0.0,0.0,0,0.0,0.0,false
raf_spare_parts,52,quantity,p90_p95,23,235,0,0.0,0.0,0,0.0,0.0,false
raf_spare_parts,52,quantity,p90_p95,24,235,0,0.0,0.0,0,0.0,0.0,false
raf_spare_parts,52,quantity,p90_p95,25,235,0,0.0,0.0,0,0.0,0.0,false
raf_spare_parts,52,quantity,p90_p95,26,235,0,0.0,0.0,0,0.0,0.0,false
raf_spare_parts,52,quantity,p90_p95,27,235,0,0.0,0.0,0,0.0,0.0,false
raf_spare_parts,52,quantity,p90_p95,28,235,235,0.25,1.0,0,0.0,0.6106919244248816,true
raf_spare_parts,52,quantity,p90_p95,29,235,0,0.0,0.0,0,0.0,0.0,false
raf_spare_parts,52,quantity,p90_p95,30,235,0,0.0,0.0,0,0.0,0.0,false
raf_spare_parts,52,quantity,p90_p95,31,235,0,0.0,0.0,0,0.0,0.0,false
raf_spare_parts,52,quantity,p90_p95,32,235,0,0.0,0.0,0,0.0,0.0,false
raf_spare_parts,52,quantity,p90_p95,33,235,0,0.0,0.0,0,0.0,0.0,false
raf_spare_parts,52,quantity,p90_p95,34,235,0,0.0,0.0,0,0.0,0.0,false
raf_spare_parts,52,quantity,p90_p95,35,235,0,0.0,0.0,0,0.0,0.0,false
raf_spare_parts,52,quantity,p90_p95,36,235,0,0.0,0.0,0,0.0,0.0,false
raf_spare_parts,52,quantity,p90_p95,37,235,0,0.0,0.0,0,0.0,0.0,false
raf_spare_parts,52,quantity,p90_p95,38,235,0,0.0,0.0,0,0.0,0.0,false
raf_spare_parts,52,quantity,p90_p95,39,235,0,0.0,0.0,0,0.0,0.0,false
raf_spare_parts,52,quantity,p90_p95,40,235,0,0.0,0.0,0,0.0,0.0,false
raf_spare_parts,52,quantity,p90_p95,41,235,0,0.0,0.0,0,0.0,0.0,false
raf_spare_parts,52,quantity,p90_p95,42,235,0,0.0,0.0,0,0.0,0.0,false
raf_spare_parts,52,quantity,p90_p95,43,235,0,0.0,0.0,0,0.0,0.0,false
raf_spare_parts,52,quantity,p90_p95,44,235,0,0.0,0.0,0,0.0,0.0,false
raf_spare_parts,52,quantity,p90_p95,45,235,0,0.0,0.0,0,0.0,0.0,false
raf_spare_parts,52,quantity,p90_p95,46,235,0,0.0,0.0,0,0.0,0.0,false
raf_spare_parts,52,quantity,p90_p95,47,235,0,0.0,0.0,0,0.0,0.0,false
raf_spare_parts,52,quantity,p90_p95,48,235,0,0.0,0.0,0,0.0,0.0,false
raf_spare_parts,52,quantity,p90_p95,49,235,0,0.0,0.0,0,0.0,0.0,false
raf_spare_parts,52,quantity,p90_p95,50,235,0,0.0,0.0,0,0.0,0.0,false
raf_spare_parts,52,quantity,p90_p95,51,235,0,0.0,0.0,0,0.0,0.0,false
raf_spare_parts,52,quantity,p90_p95,52,235,0,0.0,0.0,0,0.0,0.0,false
raf_spare_parts,52,quantity,p90_p95,53,235,0,0.0,0.0,0,0.0,0.0,false
raf_spare_parts,52,quantity,p90_p95,54,235,0,0.0,0.0,0,0.0,0.0,false
raf_spare_parts,52,quantity,p90_p95,55,235,0,0.0,0.0,0,0.0,0.0,false
raf_spare_parts,52,quantity,p90_p95,56,235,0,0.0,0.0,0,0.0,0.0,false
raf_spare_parts,52,quantity,p90_p95,57,235,0,0.0,0.0,0,0.0,0.0,false
raf_spare_parts,52,quantity,p90_p95,58,235,0,0.0,0.0,0,0.0,0.0,false
raf_spare_parts,52,quantity,p90_p95,59,235,0,0.0,0.0,0,0.0,0.0,false
raf_spare_parts,52,quantity,p90_p95,60,235,0,0.0,0.0,0,0.0,0.0,false
raf_spare_parts,52,quantity,p90_p95,61,235,0,0.0,0.0,0,0.0,0.0,false
raf_spare_parts,52,quantity,p90_p95,62,235,0,0.0,0.0,0,0.0,0.0,false
raf_spare_parts,52,quantity,p90_p95,63,235,0,0.0,0.0,0,0.0,0.0,false
raf_spare_parts,52,quantity,p95_p99,0,224,224,0.25,1.0,0,0.0,0.496291649926986,true
raf_spare_parts,52,quantity,p95_p99,1,224,0,0.0,0.0,0,0.0,0.0,false
raf_spare_parts,52,quantity,p95_p99,2,224,0,0.0,0.0,0,0.0,0.0,false
raf_spare_parts,52,quantity,p95_p99,3,224,0,0.0,0.0,0,0.0,0.0,false
raf_spare_parts,52,quantity,p95_p99,4,224,0,0.0,0.0,0,0.0,0.0,false
raf_spare_parts,52,quantity,p95_p99,5,224,0,0.0,0.0,0,0.0,0.0,false
raf_spare_parts,52,quantity,p95_p99,6,224,0,0.0,0.0,0,0.0,0.0,false
raf_spare_parts,52,quantity,p95_p99,7,224,0,0.0,0.0,0,0.0,0.0,false
raf_spare_parts,52,quantity,p95_p99,8,224,0,0.0,0.0,0,0.0,0.0,false
raf_spare_parts,52,quantity,p95_p99,9,224,0,0.0,0.0,0,0.0,0.0,false
raf_spare_parts,52,quantity,p95_p99,10,224,0,0.0,0.0,0,0.0,0.0,false
raf_spare_parts,52,quantity,p95_p99,11,224,224,0.25,1.0,212,0.9464285714285714,0.5874381794461182,true
raf_spare_parts,52,quantity,p95_p99,12,224,0,0.0,0.0,0,0.0,0.0,false
raf_spare_parts,52,quantity,p95_p99,13,224,0,0.0,0.0,0,0.0,0.0,false
raf_spare_parts,52,quantity,p95_p99,14,224,0,0.0,0.0,0,0.0,0.0,false
raf_spare_parts,52,quantity,p95_p99,15,224,224,0.25,1.0,12,0.05357142857142857,0.5143064413485783,true
raf_spare_parts,52,quantity,p95_p99,16,224,0,0.0,0.0,0,0.0,0.0,false
raf_spare_parts,52,quantity,p95_p99,17,224,0,0.0,0.0,0,0.0,0.0,false
raf_spare_parts,52,quantity,p95_p99,18,224,0,0.0,0.0,0,0.0,0.0,false
raf_spare_parts,52,quantity,p95_p99,19,224,0,0.0,0.0,0,0.0,0.0,false
raf_spare_parts,52,quantity,p95_p99,20,224,0,0.0,0.0,0,0.0,0.0,false
raf_spare_parts,52,quantity,p95_p99,21,224,0,0.0,0.0,0,0.0,0.0,false
raf_spare_parts,52,quantity,p95_p99,22,224,0,0.0,0.0,0,0.0,0.0,false
raf_spare_parts,52,quantity,p95_p99,23,224,0,0.0,0.0,0,0.0,0.0,false
raf_spare_parts,52,quantity,p95_p99,24,224,0,0.0,0.0,0,0.0,0.0,false
raf_spare_parts,52,quantity,p95_p99,25,224,0,0.0,0.0,0,0.0,0.0,false
raf_spare_parts,52,quantity,p95_p99,26,224,0,0.0,0.0,0,0.0,0.0,false
raf_spare_parts,52,quantity,p95_p99,27,224,0,0.0,0.0,0,0.0,0.0,false
raf_spare_parts,52,quantity,p95_p99,28,224,224,0.25,1.0,0,0.0,0.5569240478798747,true
raf_spare_parts,52,quantity,p95_p99,29,224,0,0.0,0.0,0,0.0,0.0,false
raf_spare_parts,52,quantity,p95_p99,30,224,0,0.0,0.0,0,0.0,0.0,false
raf_spare_parts,52,quantity,p95_p99,31,224,0,0.0,0.0,0,0.0,0.0,false
raf_spare_parts,52,quantity,p95_p99,32,224,0,0.0,0.0,0,0.0,0.0,false
raf_spare_parts,52,quantity,p95_p99,33,224,0,0.0,0.0,0,0.0,0.0,false
raf_spare_parts,52,quantity,p95_p99,34,224,0,0.0,0.0,0,0.0,0.0,false
raf_spare_parts,52,quantity,p95_p99,35,224,0,0.0,0.0,0,0.0,0.0,false
raf_spare_parts,52,quantity,p95_p99,36,224,0,0.0,0.0,0,0.0,0.0,false
raf_spare_parts,52,quantity,p95_p99,37,224,0,0.0,0.0,0,0.0,0.0,false
raf_spare_parts,52,quantity,p95_p99,38,224,0,0.0,0.0,0,0.0,0.0,false
raf_spare_parts,52,quantity,p95_p99,39,224,0,0.0,0.0,0,0.0,0.0,false
raf_spare_parts,52,quantity,p95_p99,40,224,0,0.0,0.0,0,0.0,0.0,false
raf_spare_parts,52,quantity,p95_p99,41,224,0,0.0,0.0,0,0.0,0.0,false
raf_spare_parts,52,quantity,p95_p99,42,224,0,0.0,0.0,0,0.0,0.0,false
raf_spare_parts,52,quantity,p95_p99,43,224,0,0.0,0.0,0,0.0,0.0,false
raf_spare_parts,52,quantity,p95_p99,44,224,0,0.0,0.0,0,0.0,0.0,false
raf_spare_parts,52,quantity,p95_p99,45,224,0,0.0,0.0,0,0.0,0.0,false
raf_spare_parts,52,quantity,p95_p99,46,224,0,0.0,0.0,0,0.0,0.0,false
raf_spare_parts,52,quantity,p95_p99,47,224,0,0.0,0.0,0,0.0,0.0,false
raf_spare_parts,52,quantity,p95_p99,48,224,0,0.0,0.0,0,0.0,0.0,false
raf_spare_parts,52,quantity,p95_p99,49,224,0,0.0,0.0,0,0.0,0.0,false
raf_spare_parts,52,quantity,p95_p99,50,224,0,0.0,0.0,0,0.0,0.0,false
raf_spare_parts,52,quantity,p95_p99,51,224,0,0.0,0.0,0,0.0,0.0,false
raf_spare_parts,52,quantity,p95_p99,52,224,0,0.0,0.0,0,0.0,0.0,false
raf_spare_parts,52,quantity,p95_p99,53,224,0,0.0,0.0,0,0.0,0.0,false
raf_spare_parts,52,quantity,p95_p99,54,224,0,0.0,0.0,0,0.0,0.0,false
raf_spare_parts,52,quantity,p95_p99,55,224,0,0.0,0.0,0,0.0,0.0,false
raf_spare_parts,52,quantity,p95_p99,56,224,0,0.0,0.0,0,0.0,0.0,false
raf_spare_parts,52,quantity,p95_p99,57,224,0,0.0,0.0,0,0.0,0.0,false
raf_spare_parts,52,quantity,p95_p99,58,224,0,0.0,0.0,0,0.0,0.0,false
raf_spare_parts,52,quantity,p95_p99,59,224,0,0.0,0.0,0,0.0,0.0,false
raf_spare_parts,52,quantity,p95_p99,60,224,0,0.0,0.0,0,0.0,0.0,false
raf_spare_parts,52,quantity,p95_p99,61,224,0,0.0,0.0,0,0.0,0.0,false
raf_spare_parts,52,quantity,p95_p99,62,224,0,0.0,0.0,0,0.0,0.0,false
raf_spare_parts,52,quantity,p95_p99,63,224,0,0.0,0.0,0,0.0,0.0,false
raf_spare_parts,52,quantity_region,body_le_p95,0,6416,6416,0.25,1.0,21,0.003273067331670823,0.7145436936083651,true
raf_spare_parts,52,quantity_region,body_le_p95,1,6416,0,0.0,0.0,0,0.0,0.0,false
raf_spare_parts,52,quantity_region,body_le_p95,2,6416,0,0.0,0.0,0,0.0,0.0,false
raf_spare_parts,52,quantity_region,body_le_p95,3,6416,0,0.0,0.0,0,0.0,0.0,false
raf_spare_parts,52,quantity_region,body_le_p95,4,6416,0,0.0,0.0,0,0.0,0.0,false
raf_spare_parts,52,quantity_region,body_le_p95,5,6416,0,0.0,0.0,0,0.0,0.0,false
raf_spare_parts,52,quantity_region,body_le_p95,6,6416,0,0.0,0.0,0,0.0,0.0,false
raf_spare_parts,52,quantity_region,body_le_p95,7,6416,0,0.0,0.0,0,0.0,0.0,false
raf_spare_parts,52,quantity_region,body_le_p95,8,6416,0,0.0,0.0,0,0.0,0.0,false
raf_spare_parts,52,quantity_region,body_le_p95,9,6416,0,0.0,0.0,0,0.0,0.0,false
raf_spare_parts,52,quantity_region,body_le_p95,10,6416,0,0.0,0.0,0,0.0,0.0,false
raf_spare_parts,52,quantity_region,body_le_p95,11,6416,6416,0.25,1.0,2191,0.34149002493765584,0.7115275735439653,true
raf_spare_parts,52,quantity_region,body_le_p95,12,6416,0,0.0,0.0,0,0.0,0.0,false
raf_spare_parts,52,quantity_region,body_le_p95,13,6416,0,0.0,0.0,0,0.0,0.0,false
raf_spare_parts,52,quantity_region,body_le_p95,14,6416,0,0.0,0.0,0,0.0,0.0,false
raf_spare_parts,52,quantity_region,body_le_p95,15,6416,6416,0.25,1.0,4204,0.6552369077306733,0.7318884688580497,true
raf_spare_parts,52,quantity_region,body_le_p95,16,6416,0,0.0,0.0,0,0.0,0.0,false
raf_spare_parts,52,quantity_region,body_le_p95,17,6416,0,0.0,0.0,0,0.0,0.0,false
raf_spare_parts,52,quantity_region,body_le_p95,18,6416,0,0.0,0.0,0,0.0,0.0,false
raf_spare_parts,52,quantity_region,body_le_p95,19,6416,0,0.0,0.0,0,0.0,0.0,false
raf_spare_parts,52,quantity_region,body_le_p95,20,6416,0,0.0,0.0,0,0.0,0.0,false
raf_spare_parts,52,quantity_region,body_le_p95,21,6416,0,0.0,0.0,0,0.0,0.0,false
raf_spare_parts,52,quantity_region,body_le_p95,22,6416,0,0.0,0.0,0,0.0,0.0,false
raf_spare_parts,52,quantity_region,body_le_p95,23,6416,0,0.0,0.0,0,0.0,0.0,false
raf_spare_parts,52,quantity_region,body_le_p95,24,6416,0,0.0,0.0,0,0.0,0.0,false
raf_spare_parts,52,quantity_region,body_le_p95,25,6416,0,0.0,0.0,0,0.0,0.0,false
raf_spare_parts,52,quantity_region,body_le_p95,26,6416,0,0.0,0.0,0,0.0,0.0,false
raf_spare_parts,52,quantity_region,body_le_p95,27,6416,0,0.0,0.0,0,0.0,0.0,false
raf_spare_parts,52,quantity_region,body_le_p95,28,6416,6416,0.25,1.0,0,0.0,0.6957338989951516,true
raf_spare_parts,52,quantity_region,body_le_p95,29,6416,0,0.0,0.0,0,0.0,0.0,false
raf_spare_parts,52,quantity_region,body_le_p95,30,6416,0,0.0,0.0,0,0.0,0.0,false
raf_spare_parts,52,quantity_region,body_le_p95,31,6416,0,0.0,0.0,0,0.0,0.0,false
raf_spare_parts,52,quantity_region,body_le_p95,32,6416,0,0.0,0.0,0,0.0,0.0,false
raf_spare_parts,52,quantity_region,body_le_p95,33,6416,0,0.0,0.0,0,0.0,0.0,false
raf_spare_parts,52,quantity_region,body_le_p95,34,6416,0,0.0,0.0,0,0.0,0.0,false
raf_spare_parts,52,quantity_region,body_le_p95,35,6416,0,0.0,0.0,0,0.0,0.0,false
raf_spare_parts,52,quantity_region,body_le_p95,36,6416,0,0.0,0.0,0,0.0,0.0,false
raf_spare_parts,52,quantity_region,body_le_p95,37,6416,0,0.0,0.0,0,0.0,0.0,false
raf_spare_parts,52,quantity_region,body_le_p95,38,6416,0,0.0,0.0,0,0.0,0.0,false
raf_spare_parts,52,quantity_region,body_le_p95,39,6416,0,0.0,0.0,0,0.0,0.0,false
raf_spare_parts,52,quantity_region,body_le_p95,40,6416,0,0.0,0.0,0,0.0,0.0,false
raf_spare_parts,52,quantity_region,body_le_p95,41,6416,0,0.0,0.0,0,0.0,0.0,false
raf_spare_parts,52,quantity_region,body_le_p95,42,6416,0,0.0,0.0,0,0.0,0.0,false
raf_spare_parts,52,quantity_region,body_le_p95,43,6416,0,0.0,0.0,0,0.0,0.0,false
raf_spare_parts,52,quantity_region,body_le_p95,44,6416,0,0.0,0.0,0,0.0,0.0,false
raf_spare_parts,52,quantity_region,body_le_p95,45,6416,0,0.0,0.0,0,0.0,0.0,false
raf_spare_parts,52,quantity_region,body_le_p95,46,6416,0,0.0,0.0,0,0.0,0.0,false
raf_spare_parts,52,quantity_region,body_le_p95,47,6416,0,0.0,0.0,0,0.0,0.0,false
raf_spare_parts,52,quantity_region,body_le_p95,48,6416,0,0.0,0.0,0,0.0,0.0,false
raf_spare_parts,52,quantity_region,body_le_p95,49,6416,0,0.0,0.0,0,0.0,0.0,false
raf_spare_parts,52,quantity_region,body_le_p95,50,6416,0,0.0,0.0,0,0.0,0.0,false
raf_spare_parts,52,quantity_region,body_le_p95,51,6416,0,0.0,0.0,0,0.0,0.0,false
raf_spare_parts,52,quantity_region,body_le_p95,52,6416,0,0.0,0.0,0,0.0,0.0,false
raf_spare_parts,52,quantity_region,body_le_p95,53,6416,0,0.0,0.0,0,0.0,0.0,false
raf_spare_parts,52,quantity_region,body_le_p95,54,6416,0,0.0,0.0,0,0.0,0.0,false
raf_spare_parts,52,quantity_region,body_le_p95,55,6416,0,0.0,0.0,0,0.0,0.0,false
raf_spare_parts,52,quantity_region,body_le_p95,56,6416,0,0.0,0.0,0,0.0,0.0,false
raf_spare_parts,52,quantity_region,body_le_p95,57,6416,0,0.0,0.0,0,0.0,0.0,false
raf_spare_parts,52,quantity_region,body_le_p95,58,6416,0,0.0,0.0,0,0.0,0.0,false
raf_spare_parts,52,quantity_region,body_le_p95,59,6416,0,0.0,0.0,0,0.0,0.0,false
raf_spare_parts,52,quantity_region,body_le_p95,60,6416,0,0.0,0.0,0,0.0,0.0,false
raf_spare_parts,52,quantity_region,body_le_p95,61,6416,0,0.0,0.0,0,0.0,0.0,false
raf_spare_parts,52,quantity_region,body_le_p95,62,6416,0,0.0,0.0,0,0.0,0.0,false
raf_spare_parts,52,quantity_region,body_le_p95,63,6416,0,0.0,0.0,0,0.0,0.0,false
raf_spare_parts,52,quantity_region,extreme_tail_gt_p99,0,50,50,0.25,1.0,0,0.0,0.44276229441165926,true
raf_spare_parts,52,quantity_region,extreme_tail_gt_p99,1,50,0,0.0,0.0,0,0.0,0.0,false
raf_spare_parts,52,quantity_region,extreme_tail_gt_p99,2,50,0,0.0,0.0,0,0.0,0.0,false
raf_spare_parts,52,quantity_region,extreme_tail_gt_p99,3,50,0,0.0,0.0,0,0.0,0.0,false
raf_spare_parts,52,quantity_region,extreme_tail_gt_p99,4,50,0,0.0,0.0,0,0.0,0.0,false
raf_spare_parts,52,quantity_region,extreme_tail_gt_p99,5,50,0,0.0,0.0,0,0.0,0.0,false
raf_spare_parts,52,quantity_region,extreme_tail_gt_p99,6,50,0,0.0,0.0,0,0.0,0.0,false
raf_spare_parts,52,quantity_region,extreme_tail_gt_p99,7,50,0,0.0,0.0,0,0.0,0.0,false
raf_spare_parts,52,quantity_region,extreme_tail_gt_p99,8,50,0,0.0,0.0,0,0.0,0.0,false
raf_spare_parts,52,quantity_region,extreme_tail_gt_p99,9,50,0,0.0,0.0,0,0.0,0.0,false
raf_spare_parts,52,quantity_region,extreme_tail_gt_p99,10,50,0,0.0,0.0,0,0.0,0.0,false
raf_spare_parts,52,quantity_region,extreme_tail_gt_p99,11,50,50,0.25,1.0,48,0.96,0.5439659857749939,true
raf_spare_parts,52,quantity_region,extreme_tail_gt_p99,12,50,0,0.0,0.0,0,0.0,0.0,false
raf_spare_parts,52,quantity_region,extreme_tail_gt_p99,13,50,0,0.0,0.0,0,0.0,0.0,false
raf_spare_parts,52,quantity_region,extreme_tail_gt_p99,14,50,0,0.0,0.0,0,0.0,0.0,false
raf_spare_parts,52,quantity_region,extreme_tail_gt_p99,15,50,50,0.25,1.0,2,0.04,0.4600981438159943,true
raf_spare_parts,52,quantity_region,extreme_tail_gt_p99,16,50,0,0.0,0.0,0,0.0,0.0,false
raf_spare_parts,52,quantity_region,extreme_tail_gt_p99,17,50,0,0.0,0.0,0,0.0,0.0,false
raf_spare_parts,52,quantity_region,extreme_tail_gt_p99,18,50,0,0.0,0.0,0,0.0,0.0,false
raf_spare_parts,52,quantity_region,extreme_tail_gt_p99,19,50,0,0.0,0.0,0,0.0,0.0,false
raf_spare_parts,52,quantity_region,extreme_tail_gt_p99,20,50,0,0.0,0.0,0,0.0,0.0,false
raf_spare_parts,52,quantity_region,extreme_tail_gt_p99,21,50,0,0.0,0.0,0,0.0,0.0,false
raf_spare_parts,52,quantity_region,extreme_tail_gt_p99,22,50,0,0.0,0.0,0,0.0,0.0,false
raf_spare_parts,52,quantity_region,extreme_tail_gt_p99,23,50,0,0.0,0.0,0,0.0,0.0,false
raf_spare_parts,52,quantity_region,extreme_tail_gt_p99,24,50,0,0.0,0.0,0,0.0,0.0,false
raf_spare_parts,52,quantity_region,extreme_tail_gt_p99,25,50,0,0.0,0.0,0,0.0,0.0,false
raf_spare_parts,52,quantity_region,extreme_tail_gt_p99,26,50,0,0.0,0.0,0,0.0,0.0,false
raf_spare_parts,52,quantity_region,extreme_tail_gt_p99,27,50,0,0.0,0.0,0,0.0,0.0,false
raf_spare_parts,52,quantity_region,extreme_tail_gt_p99,28,50,50,0.25,1.0,0,0.0,0.5118461924791337,true
raf_spare_parts,52,quantity_region,extreme_tail_gt_p99,29,50,0,0.0,0.0,0,0.0,0.0,false
raf_spare_parts,52,quantity_region,extreme_tail_gt_p99,30,50,0,0.0,0.0,0,0.0,0.0,false
raf_spare_parts,52,quantity_region,extreme_tail_gt_p99,31,50,0,0.0,0.0,0,0.0,0.0,false
raf_spare_parts,52,quantity_region,extreme_tail_gt_p99,32,50,0,0.0,0.0,0,0.0,0.0,false
raf_spare_parts,52,quantity_region,extreme_tail_gt_p99,33,50,0,0.0,0.0,0,0.0,0.0,false
raf_spare_parts,52,quantity_region,extreme_tail_gt_p99,34,50,0,0.0,0.0,0,0.0,0.0,false
raf_spare_parts,52,quantity_region,extreme_tail_gt_p99,35,50,0,0.0,0.0,0,0.0,0.0,false
raf_spare_parts,52,quantity_region,extreme_tail_gt_p99,36,50,0,0.0,0.0,0,0.0,0.0,false
raf_spare_parts,52,quantity_region,extreme_tail_gt_p99,37,50,0,0.0,0.0,0,0.0,0.0,false
raf_spare_parts,52,quantity_region,extreme_tail_gt_p99,38,50,0,0.0,0.0,0,0.0,0.0,false
raf_spare_parts,52,quantity_region,extreme_tail_gt_p99,39,50,0,0.0,0.0,0,0.0,0.0,false
raf_spare_parts,52,quantity_region,extreme_tail_gt_p99,40,50,0,0.0,0.0,0,0.0,0.0,false
raf_spare_parts,52,quantity_region,extreme_tail_gt_p99,41,50,0,0.0,0.0,0,0.0,0.0,false
raf_spare_parts,52,quantity_region,extreme_tail_gt_p99,42,50,0,0.0,0.0,0,0.0,0.0,false
raf_spare_parts,52,quantity_region,extreme_tail_gt_p99,43,50,0,0.0,0.0,0,0.0,0.0,false
raf_spare_parts,52,quantity_region,extreme_tail_gt_p99,44,50,0,0.0,0.0,0,0.0,0.0,false
raf_spare_parts,52,quantity_region,extreme_tail_gt_p99,45,50,0,0.0,0.0,0,0.0,0.0,false
raf_spare_parts,52,quantity_region,extreme_tail_gt_p99,46,50,0,0.0,0.0,0,0.0,0.0,false
raf_spare_parts,52,quantity_region,extreme_tail_gt_p99,47,50,0,0.0,0.0,0,0.0,0.0,false
raf_spare_parts,52,quantity_region,extreme_tail_gt_p99,48,50,0,0.0,0.0,0,0.0,0.0,false
raf_spare_parts,52,quantity_region,extreme_tail_gt_p99,49,50,0,0.0,0.0,0,0.0,0.0,false
raf_spare_parts,52,quantity_region,extreme_tail_gt_p99,50,50,0,0.0,0.0,0,0.0,0.0,false
raf_spare_parts,52,quantity_region,extreme_tail_gt_p99,51,50,0,0.0,0.0,0,0.0,0.0,false
raf_spare_parts,52,quantity_region,extreme_tail_gt_p99,52,50,0,0.0,0.0,0,0.0,0.0,false
raf_spare_parts,52,quantity_region,extreme_tail_gt_p99,53,50,0,0.0,0.0,0,0.0,0.0,false
raf_spare_parts,52,quantity_region,extreme_tail_gt_p99,54,50,0,0.0,0.0,0,0.0,0.0,false
raf_spare_parts,52,quantity_region,extreme_tail_gt_p99,55,50,0,0.0,0.0,0,0.0,0.0,false
raf_spare_parts,52,quantity_region,extreme_tail_gt_p99,56,50,0,0.0,0.0,0,0.0,0.0,false
raf_spare_parts,52,quantity_region,extreme_tail_gt_p99,57,50,0,0.0,0.0,0,0.0,0.0,false
raf_spare_parts,52,quantity_region,extreme_tail_gt_p99,58,50,0,0.0,0.0,0,0.0,0.0,false
raf_spare_parts,52,quantity_region,extreme_tail_gt_p99,59,50,0,0.0,0.0,0,0.0,0.0,false
raf_spare_parts,52,quantity_region,extreme_tail_gt_p99,60,50,0,0.0,0.0,0,0.0,0.0,false
raf_spare_parts,52,quantity_region,extreme_tail_gt_p99,61,50,0,0.0,0.0,0,0.0,0.0,false
raf_spare_parts,52,quantity_region,extreme_tail_gt_p99,62,50,0,0.0,0.0,0,0.0,0.0,false
raf_spare_parts,52,quantity_region,extreme_tail_gt_p99,63,50,0,0.0,0.0,0,0.0,0.0,false
raf_spare_parts,52,quantity_region,tail_p95_p99,0,224,224,0.25,1.0,0,0.0,0.496291649926986,true
raf_spare_parts,52,quantity_region,tail_p95_p99,1,224,0,0.0,0.0,0,0.0,0.0,false
raf_spare_parts,52,quantity_region,tail_p95_p99,2,224,0,0.0,0.0,0,0.0,0.0,false
raf_spare_parts,52,quantity_region,tail_p95_p99,3,224,0,0.0,0.0,0,0.0,0.0,false
raf_spare_parts,52,quantity_region,tail_p95_p99,4,224,0,0.0,0.0,0,0.0,0.0,false
raf_spare_parts,52,quantity_region,tail_p95_p99,5,224,0,0.0,0.0,0,0.0,0.0,false
raf_spare_parts,52,quantity_region,tail_p95_p99,6,224,0,0.0,0.0,0,0.0,0.0,false
raf_spare_parts,52,quantity_region,tail_p95_p99,7,224,0,0.0,0.0,0,0.0,0.0,false
raf_spare_parts,52,quantity_region,tail_p95_p99,8,224,0,0.0,0.0,0,0.0,0.0,false
raf_spare_parts,52,quantity_region,tail_p95_p99,9,224,0,0.0,0.0,0,0.0,0.0,false
raf_spare_parts,52,quantity_region,tail_p95_p99,10,224,0,0.0,0.0,0,0.0,0.0,false
raf_spare_parts,52,quantity_region,tail_p95_p99,11,224,224,0.25,1.0,212,0.9464285714285714,0.5874381794461182,true
raf_spare_parts,52,quantity_region,tail_p95_p99,12,224,0,0.0,0.0,0,0.0,0.0,false
raf_spare_parts,52,quantity_region,tail_p95_p99,13,224,0,0.0,0.0,0,0.0,0.0,false
raf_spare_parts,52,quantity_region,tail_p95_p99,14,224,0,0.0,0.0,0,0.0,0.0,false
raf_spare_parts,52,quantity_region,tail_p95_p99,15,224,224,0.25,1.0,12,0.05357142857142857,0.5143064413485783,true
raf_spare_parts,52,quantity_region,tail_p95_p99,16,224,0,0.0,0.0,0,0.0,0.0,false
raf_spare_parts,52,quantity_region,tail_p95_p99,17,224,0,0.0,0.0,0,0.0,0.0,false
raf_spare_parts,52,quantity_region,tail_p95_p99,18,224,0,0.0,0.0,0,0.0,0.0,false
raf_spare_parts,52,quantity_region,tail_p95_p99,19,224,0,0.0,0.0,0,0.0,0.0,false
raf_spare_parts,52,quantity_region,tail_p95_p99,20,224,0,0.0,0.0,0,0.0,0.0,false
raf_spare_parts,52,quantity_region,tail_p95_p99,21,224,0,0.0,0.0,0,0.0,0.0,false
raf_spare_parts,52,quantity_region,tail_p95_p99,22,224,0,0.0,0.0,0,0.0,0.0,false
raf_spare_parts,52,quantity_region,tail_p95_p99,23,224,0,0.0,0.0,0,0.0,0.0,false
raf_spare_parts,52,quantity_region,tail_p95_p99,24,224,0,0.0,0.0,0,0.0,0.0,false
raf_spare_parts,52,quantity_region,tail_p95_p99,25,224,0,0.0,0.0,0,0.0,0.0,false
raf_spare_parts,52,quantity_region,tail_p95_p99,26,224,0,0.0,0.0,0,0.0,0.0,false
raf_spare_parts,52,quantity_region,tail_p95_p99,27,224,0,0.0,0.0,0,0.0,0.0,false
raf_spare_parts,52,quantity_region,tail_p95_p99,28,224,224,0.25,1.0,0,0.0,0.5569240478798747,true
raf_spare_parts,52,quantity_region,tail_p95_p99,29,224,0,0.0,0.0,0,0.0,0.0,false
raf_spare_parts,52,quantity_region,tail_p95_p99,30,224,0,0.0,0.0,0,0.0,0.0,false
raf_spare_parts,52,quantity_region,tail_p95_p99,31,224,0,0.0,0.0,0,0.0,0.0,false
raf_spare_parts,52,quantity_region,tail_p95_p99,32,224,0,0.0,0.0,0,0.0,0.0,false
raf_spare_parts,52,quantity_region,tail_p95_p99,33,224,0,0.0,0.0,0,0.0,0.0,false
raf_spare_parts,52,quantity_region,tail_p95_p99,34,224,0,0.0,0.0,0,0.0,0.0,false
raf_spare_parts,52,quantity_region,tail_p95_p99,35,224,0,0.0,0.0,0,0.0,0.0,false
raf_spare_parts,52,quantity_region,tail_p95_p99,36,224,0,0.0,0.0,0,0.0,0.0,false
raf_spare_parts,52,quantity_region,tail_p95_p99,37,224,0,0.0,0.0,0,0.0,0.0,false
raf_spare_parts,52,quantity_region,tail_p95_p99,38,224,0,0.0,0.0,0,0.0,0.0,false
raf_spare_parts,52,quantity_region,tail_p95_p99,39,224,0,0.0,0.0,0,0.0,0.0,false
raf_spare_parts,52,quantity_region,tail_p95_p99,40,224,0,0.0,0.0,0,0.0,0.0,false
raf_spare_parts,52,quantity_region,tail_p95_p99,41,224,0,0.0,0.0,0,0.0,0.0,false
raf_spare_parts,52,quantity_region,tail_p95_p99,42,224,0,0.0,0.0,0,0.0,0.0,false
raf_spare_parts,52,quantity_region,tail_p95_p99,43,224,0,0.0,0.0,0,0.0,0.0,false
raf_spare_parts,52,quantity_region,tail_p95_p99,44,224,0,0.0,0.0,0,0.0,0.0,false
raf_spare_parts,52,quantity_region,tail_p95_p99,45,224,0,0.0,0.0,0,0.0,0.0,false
raf_spare_parts,52,quantity_region,tail_p95_p99,46,224,0,0.0,0.0,0,0.0,0.0,false
raf_spare_parts,52,quantity_region,tail_p95_p99,47,224,0,0.0,0.0,0,0.0,0.0,false
raf_spare_parts,52,quantity_region,tail_p95_p99,48,224,0,0.0,0.0,0,0.0,0.0,false
raf_spare_parts,52,quantity_region,tail_p95_p99,49,224,0,0.0,0.0,0,0.0,0.0,false
raf_spare_parts,52,quantity_region,tail_p95_p99,50,224,0,0.0,0.0,0,0.0,0.0,false
raf_spare_parts,52,quantity_region,tail_p95_p99,51,224,0,0.0,0.0,0,0.0,0.0,false
raf_spare_parts,52,quantity_region,tail_p95_p99,52,224,0,0.0,0.0,0,0.0,0.0,false
raf_spare_parts,52,quantity_region,tail_p95_p99,53,224,0,0.0,0.0,0,0.0,0.0,false
raf_spare_parts,52,quantity_region,tail_p95_p99,54,224,0,0.0,0.0,0,0.0,0.0,false
raf_spare_parts,52,quantity_region,tail_p95_p99,55,224,0,0.0,0.0,0,0.0,0.0,false
raf_spare_parts,52,quantity_region,tail_p95_p99,56,224,0,0.0,0.0,0,0.0,0.0,false
raf_spare_parts,52,quantity_region,tail_p95_p99,57,224,0,0.0,0.0,0,0.0,0.0,false
raf_spare_parts,52,quantity_region,tail_p95_p99,58,224,0,0.0,0.0,0,0.0,0.0,false
raf_spare_parts,52,quantity_region,tail_p95_p99,59,224,0,0.0,0.0,0,0.0,0.0,false
raf_spare_parts,52,quantity_region,tail_p95_p99,60,224,0,0.0,0.0,0,0.0,0.0,false
raf_spare_parts,52,quantity_region,tail_p95_p99,61,224,0,0.0,0.0,0,0.0,0.0,false
raf_spare_parts,52,quantity_region,tail_p95_p99,62,224,0,0.0,0.0,0,0.0,0.0,false
raf_spare_parts,52,quantity_region,tail_p95_p99,63,224,0,0.0,0.0,0,0.0,0.0,false
raf_spare_parts,62,history,history_le_64,0,6690,0,0.0,0.0,0,0.0,0.0,false
raf_spare_parts,62,history,history_le_64,1,6690,0,0.0,0.0,0,0.0,0.0,false
raf_spare_parts,62,history,history_le_64,2,6690,0,0.0,0.0,0,0.0,0.0,false
raf_spare_parts,62,history,history_le_64,3,6690,1,0.00003736920777279522,0.00014947683109118088,0,0.0,0.4143489599227905,true
raf_spare_parts,62,history,history_le_64,4,6690,0,0.0,0.0,0,0.0,0.0,false
raf_spare_parts,62,history,history_le_64,5,6690,1730,0.06464872944693573,0.2585949177877429,1460,0.21823617339312407,0.6742656843510666,true
raf_spare_parts,62,history,history_le_64,6,6690,3067,0.11461136023916293,0.45844544095665174,12,0.0017937219730941704,0.7040529475466296,true
raf_spare_parts,62,history,history_le_64,7,6690,0,0.0,0.0,0,0.0,0.0,false
raf_spare_parts,62,history,history_le_64,8,6690,0,0.0,0.0,0,0.0,0.0,false
raf_spare_parts,62,history,history_le_64,9,6690,0,0.0,0.0,0,0.0,0.0,false
raf_spare_parts,62,history,history_le_64,10,6690,0,0.0,0.0,0,0.0,0.0,false
raf_spare_parts,62,history,history_le_64,11,6690,0,0.0,0.0,0,0.0,0.0,false
raf_spare_parts,62,history,history_le_64,12,6690,3715,0.13882660687593423,0.5553064275037369,46,0.0068759342301943195,0.6889196061590639,true
raf_spare_parts,62,history,history_le_64,13,6690,0,0.0,0.0,0,0.0,0.0,false
raf_spare_parts,62,history,history_le_64,14,6690,0,0.0,0.0,0,0.0,0.0,false
raf_spare_parts,62,history,history_le_64,15,6690,0,0.0,0.0,0,0.0,0.0,false
raf_spare_parts,62,history,history_le_64,16,6690,0,0.0,0.0,0,0.0,0.0,false
raf_spare_parts,62,history,history_le_64,17,6690,0,0.0,0.0,0,0.0,0.0,false
raf_spare_parts,62,history,history_le_64,18,6690,0,0.0,0.0,0,0.0,0.0,false
raf_spare_parts,62,history,history_le_64,19,6690,0,0.0,0.0,0,0.0,0.0,false
raf_spare_parts,62,history,history_le_64,20,6690,0,0.0,0.0,0,0.0,0.0,false
raf_spare_parts,62,history,history_le_64,21,6690,0,0.0,0.0,0,0.0,0.0,false
raf_spare_parts,62,history,history_le_64,22,6690,552,0.02062780269058296,0.08251121076233184,3,0.0004484304932735426,0.6247560232337834,true
raf_spare_parts,62,history,history_le_64,23,6690,0,0.0,0.0,0,0.0,0.0,false
raf_spare_parts,62,history,history_le_64,24,6690,3101,0.11588191330343797,0.4635276532137519,155,0.023168908819133034,0.550568278538954,true
raf_spare_parts,62,history,history_le_64,25,6690,1761,0.06580717488789238,0.2632286995515695,146,0.021823617339312408,0.5826752859377712,true
raf_spare_parts,62,history,history_le_64,26,6690,0,0.0,0.0,0,0.0,0.0,false
raf_spare_parts,62,history,history_le_64,27,6690,0,0.0,0.0,0,0.0,0.0,false
raf_spare_parts,62,history,history_le_64,28,6690,0,0.0,0.0,0,0.0,0.0,false
raf_spare_parts,62,history,history_le_64,29,6690,0,0.0,0.0,0,0.0,0.0,false
raf_spare_parts,62,history,history_le_64,30,6690,0,0.0,0.0,0,0.0,0.0,false
raf_spare_parts,62,history,history_le_64,31,6690,0,0.0,0.0,0,0.0,0.0,false
raf_spare_parts,62,history,history_le_64,32,6690,0,0.0,0.0,0,0.0,0.0,false
raf_spare_parts,62,history,history_le_64,33,6690,4764,0.1780269058295964,0.7121076233183856,394,0.058893871449925264,0.5968470116819182,true
raf_spare_parts,62,history,history_le_64,34,6690,0,0.0,0.0,0,0.0,0.0,false
raf_spare_parts,62,history,history_le_64,35,6690,0,0.0,0.0,0,0.0,0.0,false
raf_spare_parts,62,history,history_le_64,36,6690,0,0.0,0.0,0,0.0,0.0,false
raf_spare_parts,62,history,history_le_64,37,6690,26,0.0009715994020926756,0.0038863976083707025,0,0.0,0.21903130182853112,true
raf_spare_parts,62,history,history_le_64,38,6690,0,0.0,0.0,0,0.0,0.0,false
raf_spare_parts,62,history,history_le_64,39,6690,0,0.0,0.0,0,0.0,0.0,false
raf_spare_parts,62,history,history_le_64,40,6690,0,0.0,0.0,0,0.0,0.0,false
raf_spare_parts,62,history,history_le_64,41,6690,0,0.0,0.0,0,0.0,0.0,false
raf_spare_parts,62,history,history_le_64,42,6690,0,0.0,0.0,0,0.0,0.0,false
raf_spare_parts,62,history,history_le_64,43,6690,3483,0.13015695067264574,0.520627802690583,1234,0.18445440956651718,0.572875786248617,true
raf_spare_parts,62,history,history_le_64,44,6690,0,0.0,0.0,0,0.0,0.0,false
raf_spare_parts,62,history,history_le_64,45,6690,520,0.01943198804185351,0.07772795216741404,0,0.0,0.7118067819338578,true
raf_spare_parts,62,history,history_le_64,46,6690,0,0.0,0.0,0,0.0,0.0,false
raf_spare_parts,62,history,history_le_64,47,6690,0,0.0,0.0,0,0.0,0.0,false
raf_spare_parts,62,history,history_le_64,48,6690,0,0.0,0.0,0,0.0,0.0,false
raf_spare_parts,62,history,history_le_64,49,6690,6,0.0002242152466367713,0.0008968609865470852,1,0.00014947683109118088,0.5087264577547709,true
raf_spare_parts,62,history,history_le_64,50,6690,0,0.0,0.0,0,0.0,0.0,false
raf_spare_parts,62,history,history_le_64,51,6690,0,0.0,0.0,0,0.0,0.0,false
raf_spare_parts,62,history,history_le_64,52,6690,5,0.0001868460388639761,0.0007473841554559044,0,0.0,0.2879419535398483,true
raf_spare_parts,62,history,history_le_64,53,6690,412,0.015396113602391629,0.061584454409566516,0,0.0,0.7759707578756276,true
raf_spare_parts,62,history,history_le_64,54,6690,0,0.0,0.0,0,0.0,0.0,false
raf_spare_parts,62,history,history_le_64,55,6690,0,0.0,0.0,0,0.0,0.0,false
raf_spare_parts,62,history,history_le_64,56,6690,3590,0.13415545590433484,0.5366218236173393,3239,0.48415545590433484,0.7256529745119196,true
raf_spare_parts,62,history,history_le_64,57,6690,0,0.0,0.0,0,0.0,0.0,false
raf_spare_parts,62,history,history_le_64,58,6690,0,0.0,0.0,0,0.0,0.0,false
raf_spare_parts,62,history,history_le_64,59,6690,20,0.0007473841554559044,0.0029895366218236174,0,0.0,0.17810218930244445,true
raf_spare_parts,62,history,history_le_64,60,6690,0,0.0,0.0,0,0.0,0.0,false
raf_spare_parts,62,history,history_le_64,61,6690,4,0.00014947683109118088,0.0005979073243647235,0,0.0,0.4802132546901703,true
raf_spare_parts,62,history,history_le_64,62,6690,3,0.00011210762331838565,0.0004484304932735426,0,0.0,0.3241811792055766,true
raf_spare_parts,62,history,history_le_64,63,6690,0,0.0,0.0,0,0.0,0.0,false
raf_spare_parts,62,overall,overall,0,6690,0,0.0,0.0,0,0.0,0.0,false
raf_spare_parts,62,overall,overall,1,6690,0,0.0,0.0,0,0.0,0.0,false
raf_spare_parts,62,overall,overall,2,6690,0,0.0,0.0,0,0.0,0.0,false
raf_spare_parts,62,overall,overall,3,6690,1,0.00003736920777279522,0.00014947683109118088,0,0.0,0.4143489599227905,true
raf_spare_parts,62,overall,overall,4,6690,0,0.0,0.0,0,0.0,0.0,false
raf_spare_parts,62,overall,overall,5,6690,1730,0.06464872944693573,0.2585949177877429,1460,0.21823617339312407,0.6742656843510666,true
raf_spare_parts,62,overall,overall,6,6690,3067,0.11461136023916293,0.45844544095665174,12,0.0017937219730941704,0.7040529475466296,true
raf_spare_parts,62,overall,overall,7,6690,0,0.0,0.0,0,0.0,0.0,false
raf_spare_parts,62,overall,overall,8,6690,0,0.0,0.0,0,0.0,0.0,false
raf_spare_parts,62,overall,overall,9,6690,0,0.0,0.0,0,0.0,0.0,false
raf_spare_parts,62,overall,overall,10,6690,0,0.0,0.0,0,0.0,0.0,false
raf_spare_parts,62,overall,overall,11,6690,0,0.0,0.0,0,0.0,0.0,false
raf_spare_parts,62,overall,overall,12,6690,3715,0.13882660687593423,0.5553064275037369,46,0.0068759342301943195,0.6889196061590639,true
raf_spare_parts,62,overall,overall,13,6690,0,0.0,0.0,0,0.0,0.0,false
raf_spare_parts,62,overall,overall,14,6690,0,0.0,0.0,0,0.0,0.0,false
raf_spare_parts,62,overall,overall,15,6690,0,0.0,0.0,0,0.0,0.0,false
raf_spare_parts,62,overall,overall,16,6690,0,0.0,0.0,0,0.0,0.0,false
raf_spare_parts,62,overall,overall,17,6690,0,0.0,0.0,0,0.0,0.0,false
raf_spare_parts,62,overall,overall,18,6690,0,0.0,0.0,0,0.0,0.0,false
raf_spare_parts,62,overall,overall,19,6690,0,0.0,0.0,0,0.0,0.0,false
raf_spare_parts,62,overall,overall,20,6690,0,0.0,0.0,0,0.0,0.0,false
raf_spare_parts,62,overall,overall,21,6690,0,0.0,0.0,0,0.0,0.0,false
raf_spare_parts,62,overall,overall,22,6690,552,0.02062780269058296,0.08251121076233184,3,0.0004484304932735426,0.6247560232337834,true
raf_spare_parts,62,overall,overall,23,6690,0,0.0,0.0,0,0.0,0.0,false
raf_spare_parts,62,overall,overall,24,6690,3101,0.11588191330343797,0.4635276532137519,155,0.023168908819133034,0.550568278538954,true
raf_spare_parts,62,overall,overall,25,6690,1761,0.06580717488789238,0.2632286995515695,146,0.021823617339312408,0.5826752859377712,true
raf_spare_parts,62,overall,overall,26,6690,0,0.0,0.0,0,0.0,0.0,false
raf_spare_parts,62,overall,overall,27,6690,0,0.0,0.0,0,0.0,0.0,false
raf_spare_parts,62,overall,overall,28,6690,0,0.0,0.0,0,0.0,0.0,false
raf_spare_parts,62,overall,overall,29,6690,0,0.0,0.0,0,0.0,0.0,false
raf_spare_parts,62,overall,overall,30,6690,0,0.0,0.0,0,0.0,0.0,false
raf_spare_parts,62,overall,overall,31,6690,0,0.0,0.0,0,0.0,0.0,false
raf_spare_parts,62,overall,overall,32,6690,0,0.0,0.0,0,0.0,0.0,false
raf_spare_parts,62,overall,overall,33,6690,4764,0.1780269058295964,0.7121076233183856,394,0.058893871449925264,0.5968470116819182,true
raf_spare_parts,62,overall,overall,34,6690,0,0.0,0.0,0,0.0,0.0,false
raf_spare_parts,62,overall,overall,35,6690,0,0.0,0.0,0,0.0,0.0,false
raf_spare_parts,62,overall,overall,36,6690,0,0.0,0.0,0,0.0,0.0,false
raf_spare_parts,62,overall,overall,37,6690,26,0.0009715994020926756,0.0038863976083707025,0,0.0,0.21903130182853112,true
raf_spare_parts,62,overall,overall,38,6690,0,0.0,0.0,0,0.0,0.0,false
raf_spare_parts,62,overall,overall,39,6690,0,0.0,0.0,0,0.0,0.0,false
raf_spare_parts,62,overall,overall,40,6690,0,0.0,0.0,0,0.0,0.0,false
raf_spare_parts,62,overall,overall,41,6690,0,0.0,0.0,0,0.0,0.0,false
raf_spare_parts,62,overall,overall,42,6690,0,0.0,0.0,0,0.0,0.0,false
raf_spare_parts,62,overall,overall,43,6690,3483,0.13015695067264574,0.520627802690583,1234,0.18445440956651718,0.572875786248617,true
raf_spare_parts,62,overall,overall,44,6690,0,0.0,0.0,0,0.0,0.0,false
raf_spare_parts,62,overall,overall,45,6690,520,0.01943198804185351,0.07772795216741404,0,0.0,0.7118067819338578,true
raf_spare_parts,62,overall,overall,46,6690,0,0.0,0.0,0,0.0,0.0,false
raf_spare_parts,62,overall,overall,47,6690,0,0.0,0.0,0,0.0,0.0,false
raf_spare_parts,62,overall,overall,48,6690,0,0.0,0.0,0,0.0,0.0,false
raf_spare_parts,62,overall,overall,49,6690,6,0.0002242152466367713,0.0008968609865470852,1,0.00014947683109118088,0.5087264577547709,true
raf_spare_parts,62,overall,overall,50,6690,0,0.0,0.0,0,0.0,0.0,false
raf_spare_parts,62,overall,overall,51,6690,0,0.0,0.0,0,0.0,0.0,false
raf_spare_parts,62,overall,overall,52,6690,5,0.0001868460388639761,0.0007473841554559044,0,0.0,0.2879419535398483,true
raf_spare_parts,62,overall,overall,53,6690,412,0.015396113602391629,0.061584454409566516,0,0.0,0.7759707578756276,true
raf_spare_parts,62,overall,overall,54,6690,0,0.0,0.0,0,0.0,0.0,false
raf_spare_parts,62,overall,overall,55,6690,0,0.0,0.0,0,0.0,0.0,false
raf_spare_parts,62,overall,overall,56,6690,3590,0.13415545590433484,0.5366218236173393,3239,0.48415545590433484,0.7256529745119196,true
raf_spare_parts,62,overall,overall,57,6690,0,0.0,0.0,0,0.0,0.0,false
raf_spare_parts,62,overall,overall,58,6690,0,0.0,0.0,0,0.0,0.0,false
raf_spare_parts,62,overall,overall,59,6690,20,0.0007473841554559044,0.0029895366218236174,0,0.0,0.17810218930244445,true
raf_spare_parts,62,overall,overall,60,6690,0,0.0,0.0,0,0.0,0.0,false
raf_spare_parts,62,overall,overall,61,6690,4,0.00014947683109118088,0.0005979073243647235,0,0.0,0.4802132546901703,true
raf_spare_parts,62,overall,overall,62,6690,3,0.00011210762331838565,0.0004484304932735426,0,0.0,0.3241811792055766,true
raf_spare_parts,62,overall,overall,63,6690,0,0.0,0.0,0,0.0,0.0,false
raf_spare_parts,62,quantity,gt_p99,0,50,0,0.0,0.0,0,0.0,0.0,false
raf_spare_parts,62,quantity,gt_p99,1,50,0,0.0,0.0,0,0.0,0.0,false
raf_spare_parts,62,quantity,gt_p99,2,50,0,0.0,0.0,0,0.0,0.0,false
raf_spare_parts,62,quantity,gt_p99,3,50,0,0.0,0.0,0,0.0,0.0,false
raf_spare_parts,62,quantity,gt_p99,4,50,0,0.0,0.0,0,0.0,0.0,false
raf_spare_parts,62,quantity,gt_p99,5,50,48,0.24,0.96,47,0.94,0.7421282877524694,true
raf_spare_parts,62,quantity,gt_p99,6,50,2,0.01,0.04,0,0.0,0.6618606448173523,true
raf_spare_parts,62,quantity,gt_p99,7,50,0,0.0,0.0,0,0.0,0.0,false
raf_spare_parts,62,quantity,gt_p99,8,50,0,0.0,0.0,0,0.0,0.0,false
raf_spare_parts,62,quantity,gt_p99,9,50,0,0.0,0.0,0,0.0,0.0,false
raf_spare_parts,62,quantity,gt_p99,10,50,0,0.0,0.0,0,0.0,0.0,false
raf_spare_parts,62,quantity,gt_p99,11,50,0,0.0,0.0,0,0.0,0.0,false
raf_spare_parts,62,quantity,gt_p99,12,50,2,0.01,0.04,0,0.0,0.6432741284370422,true
raf_spare_parts,62,quantity,gt_p99,13,50,0,0.0,0.0,0,0.0,0.0,false
raf_spare_parts,62,quantity,gt_p99,14,50,0,0.0,0.0,0,0.0,0.0,false
raf_spare_parts,62,quantity,gt_p99,15,50,0,0.0,0.0,0,0.0,0.0,false
raf_spare_parts,62,quantity,gt_p99,16,50,0,0.0,0.0,0,0.0,0.0,false
raf_spare_parts,62,quantity,gt_p99,17,50,0,0.0,0.0,0,0.0,0.0,false
raf_spare_parts,62,quantity,gt_p99,18,50,0,0.0,0.0,0,0.0,0.0,false
raf_spare_parts,62,quantity,gt_p99,19,50,0,0.0,0.0,0,0.0,0.0,false
raf_spare_parts,62,quantity,gt_p99,20,50,0,0.0,0.0,0,0.0,0.0,false
raf_spare_parts,62,quantity,gt_p99,21,50,0,0.0,0.0,0,0.0,0.0,false
raf_spare_parts,62,quantity,gt_p99,22,50,1,0.005,0.02,0,0.0,0.5834307670593262,true
raf_spare_parts,62,quantity,gt_p99,23,50,0,0.0,0.0,0,0.0,0.0,false
raf_spare_parts,62,quantity,gt_p99,24,50,46,0.23,0.92,0,0.0,0.32024843699258304,true
raf_spare_parts,62,quantity,gt_p99,25,50,5,0.025,0.1,0,0.0,0.5372914373874664,true
raf_spare_parts,62,quantity,gt_p99,26,50,0,0.0,0.0,0,0.0,0.0,false
raf_spare_parts,62,quantity,gt_p99,27,50,0,0.0,0.0,0,0.0,0.0,false
raf_spare_parts,62,quantity,gt_p99,28,50,0,0.0,0.0,0,0.0,0.0,false
raf_spare_parts,62,quantity,gt_p99,29,50,0,0.0,0.0,0,0.0,0.0,false
raf_spare_parts,62,quantity,gt_p99,30,50,0,0.0,0.0,0,0.0,0.0,false
raf_spare_parts,62,quantity,gt_p99,31,50,0,0.0,0.0,0,0.0,0.0,false
raf_spare_parts,62,quantity,gt_p99,32,50,0,0.0,0.0,0,0.0,0.0,false
raf_spare_parts,62,quantity,gt_p99,33,50,38,0.19,0.76,0,0.0,0.27581971452424403,true
raf_spare_parts,62,quantity,gt_p99,34,50,0,0.0,0.0,0,0.0,0.0,false
raf_spare_parts,62,quantity,gt_p99,35,50,0,0.0,0.0,0,0.0,0.0,false
raf_spare_parts,62,quantity,gt_p99,36,50,0,0.0,0.0,0,0.0,0.0,false
raf_spare_parts,62,quantity,gt_p99,37,50,4,0.02,0.08,0,0.0,0.21508817374706268,true
raf_spare_parts,62,quantity,gt_p99,38,50,0,0.0,0.0,0,0.0,0.0,false
raf_spare_parts,62,quantity,gt_p99,39,50,0,0.0,0.0,0,0.0,0.0,false
raf_spare_parts,62,quantity,gt_p99,40,50,0,0.0,0.0,0,0.0,0.0,false
raf_spare_parts,62,quantity,gt_p99,41,50,0,0.0,0.0,0,0.0,0.0,false
raf_spare_parts,62,quantity,gt_p99,42,50,0,0.0,0.0,0,0.0,0.0,false
raf_spare_parts,62,quantity,gt_p99,43,50,48,0.24,0.96,1,0.02,0.34760587972899276,true
raf_spare_parts,62,quantity,gt_p99,44,50,0,0.0,0.0,0,0.0,0.0,false
raf_spare_parts,62,quantity,gt_p99,45,50,0,0.0,0.0,0,0.0,0.0,false
raf_spare_parts,62,quantity,gt_p99,46,50,0,0.0,0.0,0,0.0,0.0,false
raf_spare_parts,62,quantity,gt_p99,47,50,0,0.0,0.0,0,0.0,0.0,false
raf_spare_parts,62,quantity,gt_p99,48,50,0,0.0,0.0,0,0.0,0.0,false
raf_spare_parts,62,quantity,gt_p99,49,50,0,0.0,0.0,0,0.0,0.0,false
raf_spare_parts,62,quantity,gt_p99,50,50,0,0.0,0.0,0,0.0,0.0,false
raf_spare_parts,62,quantity,gt_p99,51,50,0,0.0,0.0,0,0.0,0.0,false
raf_spare_parts,62,quantity,gt_p99,52,50,0,0.0,0.0,0,0.0,0.0,false
raf_spare_parts,62,quantity,gt_p99,53,50,0,0.0,0.0,0,0.0,0.0,false
raf_spare_parts,62,quantity,gt_p99,54,50,0,0.0,0.0,0,0.0,0.0,false
raf_spare_parts,62,quantity,gt_p99,55,50,0,0.0,0.0,0,0.0,0.0,false
raf_spare_parts,62,quantity,gt_p99,56,50,2,0.01,0.04,2,0.04,0.7083443105220795,true
raf_spare_parts,62,quantity,gt_p99,57,50,0,0.0,0.0,0,0.0,0.0,false
raf_spare_parts,62,quantity,gt_p99,58,50,0,0.0,0.0,0,0.0,0.0,false
raf_spare_parts,62,quantity,gt_p99,59,50,4,0.02,0.08,0,0.0,0.17377221211791039,true
raf_spare_parts,62,quantity,gt_p99,60,50,0,0.0,0.0,0,0.0,0.0,false
raf_spare_parts,62,quantity,gt_p99,61,50,0,0.0,0.0,0,0.0,0.0,false
raf_spare_parts,62,quantity,gt_p99,62,50,0,0.0,0.0,0,0.0,0.0,false
raf_spare_parts,62,quantity,gt_p99,63,50,0,0.0,0.0,0,0.0,0.0,false
raf_spare_parts,62,quantity,le_p50,0,3626,0,0.0,0.0,0,0.0,0.0,false
raf_spare_parts,62,quantity,le_p50,1,3626,0,0.0,0.0,0,0.0,0.0,false
raf_spare_parts,62,quantity,le_p50,2,3626,0,0.0,0.0,0,0.0,0.0,false
raf_spare_parts,62,quantity,le_p50,3,3626,1,0.0000689464975179261,0.0002757859900717044,0,0.0,0.4143489599227905,true
raf_spare_parts,62,quantity,le_p50,4,3626,0,0.0,0.0,0,0.0,0.0,false
raf_spare_parts,62,quantity,le_p50,5,3626,215,0.01482349696635411,0.05929398786541644,155,0.042746828461114175,0.64161815781926,true
raf_spare_parts,62,quantity,le_p50,6,3626,2616,0.18036403750689464,0.7214561500275786,11,0.003033645890788748,0.705423434233629,true
raf_spare_parts,62,quantity,le_p50,7,3626,0,0.0,0.0,0,0.0,0.0,false
raf_spare_parts,62,quantity,le_p50,8,3626,0,0.0,0.0,0,0.0,0.0,false
raf_spare_parts,62,quantity,le_p50,9,3626,0,0.0,0.0,0,0.0,0.0,false
raf_spare_parts,62,quantity,le_p50,10,3626,0,0.0,0.0,0,0.0,0.0,false
raf_spare_parts,62,quantity,le_p50,11,3626,0,0.0,0.0,0,0.0,0.0,false
raf_spare_parts,62,quantity,le_p50,12,3626,2968,0.20463320463320464,0.8185328185328186,30,0.00827357970215113,0.6908914944172067,true
raf_spare_parts,62,quantity,le_p50,13,3626,0,0.0,0.0,0,0.0,0.0,false
raf_spare_parts,62,quantity,le_p50,14,3626,0,0.0,0.0,0,0.0,0.0,false
raf_spare_parts,62,quantity,le_p50,15,3626,0,0.0,0.0,0,0.0,0.0,false
raf_spare_parts,62,quantity,le_p50,16,3626,0,0.0,0.0,0,0.0,0.0,false
raf_spare_parts,62,quantity,le_p50,17,3626,0,0.0,0.0,0,0.0,0.0,false
raf_spare_parts,62,quantity,le_p50,18,3626,0,0.0,0.0,0,0.0,0.0,false
raf_spare_parts,62,quantity,le_p50,19,3626,0,0.0,0.0,0,0.0,0.0,false
raf_spare_parts,62,quantity,le_p50,20,3626,0,0.0,0.0,0,0.0,0.0,false
raf_spare_parts,62,quantity,le_p50,21,3626,0,0.0,0.0,0,0.0,0.0,false
raf_spare_parts,62,quantity,le_p50,22,3626,497,0.03426640926640927,0.13706563706563707,2,0.0005515719801434088,0.6262744759889676,true
raf_spare_parts,62,quantity,le_p50,23,3626,0,0.0,0.0,0,0.0,0.0,false
raf_spare_parts,62,quantity,le_p50,24,3626,744,0.05129619415333701,0.20518477661334805,53,0.01461665747380033,0.6209225371800443,true
raf_spare_parts,62,quantity,le_p50,25,3626,556,0.0383342526199669,0.1533370104798676,76,0.020959735245449532,0.6194418416284829,true
raf_spare_parts,62,quantity,le_p50,26,3626,0,0.0,0.0,0,0.0,0.0,false
raf_spare_parts,62,quantity,le_p50,27,3626,0,0.0,0.0,0,0.0,0.0,false
raf_spare_parts,62,quantity,le_p50,28,3626,0,0.0,0.0,0,0.0,0.0,false
raf_spare_parts,62,quantity,le_p50,29,3626,0,0.0,0.0,0,0.0,0.0,false
raf_spare_parts,62,quantity,le_p50,30,3626,0,0.0,0.0,0,0.0,0.0,false
raf_spare_parts,62,quantity,le_p50,31,3626,0,0.0,0.0,0,0.0,0.0,false
raf_spare_parts,62,quantity,le_p50,32,3626,0,0.0,0.0,0,0.0,0.0,false
raf_spare_parts,62,quantity,le_p50,33,3626,2250,0.1551296194153337,0.6205184776613348,207,0.0570876999448428,0.6491387258900536,true
raf_spare_parts,62,quantity,le_p50,34,3626,0,0.0,0.0,0,0.0,0.0,false
raf_spare_parts,62,quantity,le_p50,35,3626,0,0.0,0.0,0,0.0,0.0,false
raf_spare_parts,62,quantity,le_p50,36,3626,0,0.0,0.0,0,0.0,0.0,false
raf_spare_parts,62,quantity,le_p50,37,3626,2,0.0001378929950358522,0.0005515719801434088,0,0.0,0.2528906688094139,true
raf_spare_parts,62,quantity,le_p50,38,3626,0,0.0,0.0,0,0.0,0.0,false
raf_spare_parts,62,quantity,le_p50,39,3626,0,0.0,0.0,0,0.0,0.0,false
raf_spare_parts,62,quantity,le_p50,40,3626,0,0.0,0.0,0,0.0,0.0,false
raf_spare_parts,62,quantity,le_p50,41,3626,0,0.0,0.0,0,0.0,0.0,false
raf_spare_parts,62,quantity,le_p50,42,3626,0,0.0,0.0,0,0.0,0.0,false
raf_spare_parts,62,quantity,le_p50,43,3626,928,0.06398234969663541,0.25592939878654164,381,0.10507446221731936,0.6244618141830995,true
raf_spare_parts,62,quantity,le_p50,44,3626,0,0.0,0.0,0,0.0,0.0,false
raf_spare_parts,62,quantity,le_p50,45,3626,434,0.029922779922779922,0.11969111969111969,0,0.0,0.71300603490546,true
raf_spare_parts,62,quantity,le_p50,46,3626,0,0.0,0.0,0,0.0,0.0,false
raf_spare_parts,62,quantity,le_p50,47,3626,0,0.0,0.0,0,0.0,0.0,false
raf_spare_parts,62,quantity,le_p50,48,3626,0,0.0,0.0,0,0.0,0.0,false
raf_spare_parts,62,quantity,le_p50,49,3626,2,0.0001378929950358522,0.0005515719801434088,0,0.0,0.5167067497968674,true
raf_spare_parts,62,quantity,le_p50,50,3626,0,0.0,0.0,0,0.0,0.0,false
raf_spare_parts,62,quantity,le_p50,51,3626,0,0.0,0.0,0,0.0,0.0,false
raf_spare_parts,62,quantity,le_p50,52,3626,2,0.0001378929950358522,0.0005515719801434088,0,0.0,0.3280522972345352,true
raf_spare_parts,62,quantity,le_p50,53,3626,379,0.026130722559293988,0.10452289023717595,0,0.0,0.7761076467018329,true
raf_spare_parts,62,quantity,le_p50,54,3626,0,0.0,0.0,0,0.0,0.0,false
raf_spare_parts,62,quantity,le_p50,55,3626,0,0.0,0.0,0,0.0,0.0,false
raf_spare_parts,62,quantity,le_p50,56,3626,2904,0.20022062879205738,0.8008825151682295,2711,0.7476558190843905,0.7340692596679385,true
raf_spare_parts,62,quantity,le_p50,57,3626,0,0.0,0.0,0,0.0,0.0,false
raf_spare_parts,62,quantity,le_p50,58,3626,0,0.0,0.0,0,0.0,0.0,false
raf_spare_parts,62,quantity,le_p50,59,3626,1,0.0000689464975179261,0.0002757859900717044,0,0.0,0.16420342028141022,true
raf_spare_parts,62,quantity,le_p50,60,3626,0,0.0,0.0,0,0.0,0.0,false
raf_spare_parts,62,quantity,le_p50,61,3626,4,0.0002757859900717044,0.0011031439602868175,0,0.0,0.4802132546901703,true
raf_spare_parts,62,quantity,le_p50,62,3626,1,0.0000689464975179261,0.0002757859900717044,0,0.0,0.31132426857948303,true
raf_spare_parts,62,quantity,le_p50,63,3626,0,0.0,0.0,0,0.0,0.0,false
raf_spare_parts,62,quantity,p50_p90,0,2555,0,0.0,0.0,0,0.0,0.0,false
raf_spare_parts,62,quantity,p50_p90,1,2555,0,0.0,0.0,0,0.0,0.0,false
raf_spare_parts,62,quantity,p50_p90,2,2555,0,0.0,0.0,0,0.0,0.0,false
raf_spare_parts,62,quantity,p50_p90,3,2555,0,0.0,0.0,0,0.0,0.0,false
raf_spare_parts,62,quantity,p50_p90,4,2555,0,0.0,0.0,0,0.0,0.0,false
raf_spare_parts,62,quantity,p50_p90,5,2555,1057,0.10342465753424658,0.4136986301369863,865,0.3385518590998043,0.6597730113632181,true
raf_spare_parts,62,quantity,p50_p90,6,2555,439,0.04295499021526419,0.17181996086105675,1,0.0003913894324853229,0.6962538275333092,true
raf_spare_parts,62,quantity,p50_p90,7,2555,0,0.0,0.0,0,0.0,0.0,false
raf_spare_parts,62,quantity,p50_p90,8,2555,0,0.0,0.0,0,0.0,0.0,false
raf_spare_parts,62,quantity,p50_p90,9,2555,0,0.0,0.0,0,0.0,0.0,false
raf_spare_parts,62,quantity,p50_p90,10,2555,0,0.0,0.0,0,0.0,0.0,false
raf_spare_parts,62,quantity,p50_p90,11,2555,0,0.0,0.0,0,0.0,0.0,false
raf_spare_parts,62,quantity,p50_p90,12,2555,729,0.0713307240704501,0.2853228962818004,13,0.005088062622309198,0.6809758298681596,true
raf_spare_parts,62,quantity,p50_p90,13,2555,0,0.0,0.0,0,0.0,0.0,false
raf_spare_parts,62,quantity,p50_p90,14,2555,0,0.0,0.0,0,0.0,0.0,false
raf_spare_parts,62,quantity,p50_p90,15,2555,0,0.0,0.0,0,0.0,0.0,false
raf_spare_parts,62,quantity,p50_p90,16,2555,0,0.0,0.0,0,0.0,0.0,false
raf_spare_parts,62,quantity,p50_p90,17,2555,0,0.0,0.0,0,0.0,0.0,false
raf_spare_parts,62,quantity,p50_p90,18,2555,0,0.0,0.0,0,0.0,0.0,false
raf_spare_parts,62,quantity,p50_p90,19,2555,0,0.0,0.0,0,0.0,0.0,false
raf_spare_parts,62,quantity,p50_p90,20,2555,0,0.0,0.0,0,0.0,0.0,false
raf_spare_parts,62,quantity,p50_p90,21,2555,0,0.0,0.0,0,0.0,0.0,false
raf_spare_parts,62,quantity,p50_p90,22,2555,53,0.005185909980430528,0.020743639921722113,0,0.0,0.6122345896262043,true
raf_spare_parts,62,quantity,p50_p90,23,2555,0,0.0,0.0,0,0.0,0.0,false
raf_spare_parts,62,quantity,p50_p90,24,2555,1878,0.1837573385518591,0.7350293542074364,99,0.03874755381604697,0.5617753471921301,true
raf_spare_parts,62,quantity,p50_p90,25,2555,1111,0.10870841487279843,0.43483365949119374,68,0.026614481409001956,0.5724764856586148,true
raf_spare_parts,62,quantity,p50_p90,26,2555,0,0.0,0.0,0,0.0,0.0,false
raf_spare_parts,62,quantity,p50_p90,27,2555,0,0.0,0.0,0,0.0,0.0,false
raf_spare_parts,62,quantity,p50_p90,28,2555,0,0.0,0.0,0,0.0,0.0,false
raf_spare_parts,62,quantity,p50_p90,29,2555,0,0.0,0.0,0,0.0,0.0,false
raf_spare_parts,62,quantity,p50_p90,30,2555,0,0.0,0.0,0,0.0,0.0,false
raf_spare_parts,62,quantity,p50_p90,31,2555,0,0.0,0.0,0,0.0,0.0,false
raf_spare_parts,62,quantity,p50_p90,32,2555,0,0.0,0.0,0,0.0,0.0,false
raf_spare_parts,62,quantity,p50_p90,33,2555,2093,0.2047945205479452,0.8191780821917808,181,0.07084148727984345,0.5842367301090334,true
raf_spare_parts,62,quantity,p50_p90,34,2555,0,0.0,0.0,0,0.0,0.0,false
raf_spare_parts,62,quantity,p50_p90,35,2555,0,0.0,0.0,0,0.0,0.0,false
raf_spare_parts,62,quantity,p50_p90,36,2555,0,0.0,0.0,0,0.0,0.0,false
raf_spare_parts,62,quantity,p50_p90,37,2555,9,0.0008806262230919766,0.0035225048923679062,0,0.0,0.21738707356982762,true
raf_spare_parts,62,quantity,p50_p90,38,2555,0,0.0,0.0,0,0.0,0.0,false
raf_spare_parts,62,quantity,p50_p90,39,2555,0,0.0,0.0,0,0.0,0.0,false
raf_spare_parts,62,quantity,p50_p90,40,2555,0,0.0,0.0,0,0.0,0.0,false
raf_spare_parts,62,quantity,p50_p90,41,2555,0,0.0,0.0,0,0.0,0.0,false
raf_spare_parts,62,quantity,p50_p90,42,2555,0,0.0,0.0,0,0.0,0.0,false
raf_spare_parts,62,quantity,p50_p90,43,2555,2059,0.20146771037181996,0.8058708414872798,809,0.31663405088062624,0.5837171139026395,true
raf_spare_parts,62,quantity,p50_p90,44,2555,0,0.0,0.0,0,0.0,0.0,false
raf_spare_parts,62,quantity,p50_p90,45,2555,82,0.00802348336594912,0.03209393346379648,0,0.0,0.708503914678969,true
raf_spare_parts,62,quantity,p50_p90,46,2555,0,0.0,0.0,0,0.0,0.0,false
raf_spare_parts,62,quantity,p50_p90,47,2555,0,0.0,0.0,0,0.0,0.0,false
raf_spare_parts,62,quantity,p50_p90,48,2555,0,0.0,0.0,0,0.0,0.0,false
raf_spare_parts,62,quantity,p50_p90,49,2555,2,0.00019569471624266145,0.0007827788649706458,1,0.0003913894324853229,0.5263134241104126,true
raf_spare_parts,62,quantity,p50_p90,50,2555,0,0.0,0.0,0,0.0,0.0,false
raf_spare_parts,62,quantity,p50_p90,51,2555,0,0.0,0.0,0,0.0,0.0,false
raf_spare_parts,62,quantity,p50_p90,52,2555,3,0.00029354207436399217,0.0011741682974559687,0,0.0,0.26120172441005707,true
raf_spare_parts,62,quantity,p50_p90,53,2555,33,0.003228962818003914,0.012915851272015656,0,0.0,0.7743986104473923,true
raf_spare_parts,62,quantity,p50_p90,54,2555,0,0.0,0.0,0,0.0,0.0,false
raf_spare_parts,62,quantity,p50_p90,55,2555,0,0.0,0.0,0,0.0,0.0,false
raf_spare_parts,62,quantity,p50_p90,56,2555,667,0.06526418786692759,0.26105675146771035,518,0.20273972602739726,0.6901222017036563,true
raf_spare_parts,62,quantity,p50_p90,57,2555,0,0.0,0.0,0,0.0,0.0,false
raf_spare_parts,62,quantity,p50_p90,58,2555,0,0.0,0.0,0,0.0,0.0,false
raf_spare_parts,62,quantity,p50_p90,59,2555,3,0.00029354207436399217,0.0011741682974559687,0,0.0,0.17706549167633057,true
raf_spare_parts,62,quantity,p50_p90,60,2555,0,0.0,0.0,0,0.0,0.0,false
raf_spare_parts,62,quantity,p50_p90,61,2555,0,0.0,0.0,0,0.0,0.0,false
raf_spare_parts,62,quantity,p50_p90,62,2555,2,0.00019569471624266145,0.0007827788649706458,0,0.0,0.33060963451862335,true
raf_spare_parts,62,quantity,p50_p90,63,2555,0,0.0,0.0,0,0.0,0.0,false
raf_spare_parts,62,quantity,p90_p95,0,235,0,0.0,0.0,0,0.0,0.0,false
raf_spare_parts,62,quantity,p90_p95,1,235,0,0.0,0.0,0,0.0,0.0,false
raf_spare_parts,62,quantity,p90_p95,2,235,0,0.0,0.0,0,0.0,0.0,false
raf_spare_parts,62,quantity,p90_p95,3,235,0,0.0,0.0,0,0.0,0.0,false
raf_spare_parts,62,quantity,p90_p95,4,235,0,0.0,0.0,0,0.0,0.0,false
raf_spare_parts,62,quantity,p90_p95,5,235,204,0.2170212765957447,0.8680851063829788,193,0.8212765957446808,0.7062398827835625,true
raf_spare_parts,62,quantity,p90_p95,6,235,7,0.007446808510638298,0.029787234042553193,0,0.0,0.7113536170550755,true
raf_spare_parts,62,quantity,p90_p95,7,235,0,0.0,0.0,0,0.0,0.0,false
raf_spare_parts,62,quantity,p90_p95,8,235,0,0.0,0.0,0,0.0,0.0,false
raf_spare_parts,62,quantity,p90_p95,9,235,0,0.0,0.0,0,0.0,0.0,false
raf_spare_parts,62,quantity,p90_p95,10,235,0,0.0,0.0,0,0.0,0.0,false
raf_spare_parts,62,quantity,p90_p95,11,235,0,0.0,0.0,0,0.0,0.0,false
raf_spare_parts,62,quantity,p90_p95,12,235,10,0.010638297872340425,0.0425531914893617,1,0.00425531914893617,0.6860244810581207,true
raf_spare_parts,62,quantity,p90_p95,13,235,0,0.0,0.0,0,0.0,0.0,false
raf_spare_parts,62,quantity,p90_p95,14,235,0,0.0,0.0,0,0.0,0.0,false
raf_spare_parts,62,quantity,p90_p95,15,235,0,0.0,0.0,0,0.0,0.0,false
raf_spare_parts,62,quantity,p90_p95,16,235,0,0.0,0.0,0,0.0,0.0,false
raf_spare_parts,62,quantity,p90_p95,17,235,0,0.0,0.0,0,0.0,0.0,false
raf_spare_parts,62,quantity,p90_p95,18,235,0,0.0,0.0,0,0.0,0.0,false
raf_spare_parts,62,quantity,p90_p95,19,235,0,0.0,0.0,0,0.0,0.0,false
raf_spare_parts,62,quantity,p90_p95,20,235,0,0.0,0.0,0,0.0,0.0,false
raf_spare_parts,62,quantity,p90_p95,21,235,0,0.0,0.0,0,0.0,0.0,false
raf_spare_parts,62,quantity,p90_p95,22,235,0,0.0,0.0,0,0.0,0.0,false
raf_spare_parts,62,quantity,p90_p95,23,235,0,0.0,0.0,0,0.0,0.0,false
raf_spare_parts,62,quantity,p90_p95,24,235,220,0.23404255319148937,0.9361702127659575,2,0.00851063829787234,0.43460486951199445,true
raf_spare_parts,62,quantity,p90_p95,25,235,65,0.06914893617021277,0.2765957446808511,0,0.0,0.47699729479276215,true
raf_spare_parts,62,quantity,p90_p95,26,235,0,0.0,0.0,0,0.0,0.0,false
raf_spare_parts,62,quantity,p90_p95,27,235,0,0.0,0.0,0,0.0,0.0,false
raf_spare_parts,62,quantity,p90_p95,28,235,0,0.0,0.0,0,0.0,0.0,false
raf_spare_parts,62,quantity,p90_p95,29,235,0,0.0,0.0,0,0.0,0.0,false
raf_spare_parts,62,quantity,p90_p95,30,235,0,0.0,0.0,0,0.0,0.0,false
raf_spare_parts,62,quantity,p90_p95,31,235,0,0.0,0.0,0,0.0,0.0,false
raf_spare_parts,62,quantity,p90_p95,32,235,0,0.0,0.0,0,0.0,0.0,false
raf_spare_parts,62,quantity,p90_p95,33,235,188,0.2,0.8,3,0.01276595744680851,0.42425762196170524,true
raf_spare_parts,62,quantity,p90_p95,34,235,0,0.0,0.0,0,0.0,0.0,false
raf_spare_parts,62,quantity,p90_p95,35,235,0,0.0,0.0,0,0.0,0.0,false
raf_spare_parts,62,quantity,p90_p95,36,235,0,0.0,0.0,0,0.0,0.0,false
raf_spare_parts,62,quantity,p90_p95,37,235,4,0.00425531914893617,0.01702127659574468,0,0.0,0.23745842650532722,true
raf_spare_parts,62,quantity,p90_p95,38,235,0,0.0,0.0,0,0.0,0.0,false
raf_spare_parts,62,quantity,p90_p95,39,235,0,0.0,0.0,0,0.0,0.0,false
raf_spare_parts,62,quantity,p90_p95,40,235,0,0.0,0.0,0,0.0,0.0,false
raf_spare_parts,62,quantity,p90_p95,41,235,0,0.0,0.0,0,0.0,0.0,false
raf_spare_parts,62,quantity,p90_p95,42,235,0,0.0,0.0,0,0.0,0.0,false
raf_spare_parts,62,quantity,p90_p95,43,235,228,0.2425531914893617,0.9702127659574468,30,0.1276595744680851,0.47029392767632217,true
raf_spare_parts,62,quantity,p90_p95,44,235,0,0.0,0.0,0,0.0,0.0,false
raf_spare_parts,62,quantity,p90_p95,45,235,2,0.002127659574468085,0.00851063829787234,0,0.0,0.6836825907230377,true
raf_spare_parts,62,quantity,p90_p95,46,235,0,0.0,0.0,0,0.0,0.0,false
raf_spare_parts,62,quantity,p90_p95,47,235,0,0.0,0.0,0,0.0,0.0,false
raf_spare_parts,62,quantity,p90_p95,48,235,0,0.0,0.0,0,0.0,0.0,false
raf_spare_parts,62,quantity,p90_p95,49,235,0,0.0,0.0,0,0.0,0.0,false
raf_spare_parts,62,quantity,p90_p95,50,235,0,0.0,0.0,0,0.0,0.0,false
raf_spare_parts,62,quantity,p90_p95,51,235,0,0.0,0.0,0,0.0,0.0,false
raf_spare_parts,62,quantity,p90_p95,52,235,0,0.0,0.0,0,0.0,0.0,false
raf_spare_parts,62,quantity,p90_p95,53,235,0,0.0,0.0,0,0.0,0.0,false
raf_spare_parts,62,quantity,p90_p95,54,235,0,0.0,0.0,0,0.0,0.0,false
raf_spare_parts,62,quantity,p90_p95,55,235,0,0.0,0.0,0,0.0,0.0,false
raf_spare_parts,62,quantity,p90_p95,56,235,10,0.010638297872340425,0.0425531914893617,6,0.02553191489361702,0.6995227187871933,true
raf_spare_parts,62,quantity,p90_p95,57,235,0,0.0,0.0,0,0.0,0.0,false
raf_spare_parts,62,quantity,p90_p95,58,235,0,0.0,0.0,0,0.0,0.0,false
raf_spare_parts,62,quantity,p90_p95,59,235,2,0.002127659574468085,0.00851063829787234,0,0.0,0.17064762860536575,true
raf_spare_parts,62,quantity,p90_p95,60,235,0,0.0,0.0,0,0.0,0.0,false
raf_spare_parts,62,quantity,p90_p95,61,235,0,0.0,0.0,0,0.0,0.0,false
raf_spare_parts,62,quantity,p90_p95,62,235,0,0.0,0.0,0,0.0,0.0,false
raf_spare_parts,62,quantity,p90_p95,63,235,0,0.0,0.0,0,0.0,0.0,false
raf_spare_parts,62,quantity,p95_p99,0,224,0,0.0,0.0,0,0.0,0.0,false
raf_spare_parts,62,quantity,p95_p99,1,224,0,0.0,0.0,0,0.0,0.0,false
raf_spare_parts,62,quantity,p95_p99,2,224,0,0.0,0.0,0,0.0,0.0,false
raf_spare_parts,62,quantity,p95_p99,3,224,0,0.0,0.0,0,0.0,0.0,false
raf_spare_parts,62,quantity,p95_p99,4,224,0,0.0,0.0,0,0.0,0.0,false
raf_spare_parts,62,quantity,p95_p99,5,224,206,0.22991071428571427,0.9196428571428571,200,0.8928571428571429,0.7352260343947457,true
raf_spare_parts,62,quantity,p95_p99,6,224,3,0.0033482142857142855,0.013392857142857142,0,0.0,0.6613530913988749,true
raf_spare_parts,62,quantity,p95_p99,7,224,0,0.0,0.0,0,0.0,0.0,false
raf_spare_parts,62,quantity,p95_p99,8,224,0,0.0,0.0,0,0.0,0.0,false
raf_spare_parts,62,quantity,p95_p99,9,224,0,0.0,0.0,0,0.0,0.0,false
raf_spare_parts,62,quantity,p95_p99,10,224,0,0.0,0.0,0,0.0,0.0,false
raf_spare_parts,62,quantity,p95_p99,11,224,0,0.0,0.0,0,0.0,0.0,false
raf_spare_parts,62,quantity,p95_p99,12,224,6,0.006696428571428571,0.026785714285714284,2,0.008928571428571428,0.6987014015515646,true
raf_spare_parts,62,quantity,p95_p99,13,224,0,0.0,0.0,0,0.0,0.0,false
raf_spare_parts,62,quantity,p95_p99,14,224,0,0.0,0.0,0,0.0,0.0,false
raf_spare_parts,62,quantity,p95_p99,15,224,0,0.0,0.0,0,0.0,0.0,false
raf_spare_parts,62,quantity,p95_p99,16,224,0,0.0,0.0,0,0.0,0.0,false
raf_spare_parts,62,quantity,p95_p99,17,224,0,0.0,0.0,0,0.0,0.0,false
raf_spare_parts,62,quantity,p95_p99,18,224,0,0.0,0.0,0,0.0,0.0,false
raf_spare_parts,62,quantity,p95_p99,19,224,0,0.0,0.0,0,0.0,0.0,false
raf_spare_parts,62,quantity,p95_p99,20,224,0,0.0,0.0,0,0.0,0.0,false
raf_spare_parts,62,quantity,p95_p99,21,224,0,0.0,0.0,0,0.0,0.0,false
raf_spare_parts,62,quantity,p95_p99,22,224,1,0.0011160714285714285,0.004464285714285714,1,0.004464285714285714,0.5750462412834167,true
raf_spare_parts,62,quantity,p95_p99,23,224,0,0.0,0.0,0,0.0,0.0,false
raf_spare_parts,62,quantity,p95_p99,24,224,213,0.23772321428571427,0.9508928571428571,1,0.004464285714285714,0.37552705477101145,true
raf_spare_parts,62,quantity,p95_p99,25,224,24,0.026785714285714284,0.10714285714285714,2,0.008928571428571428,0.49870240315794945,true
raf_spare_parts,62,quantity,p95_p99,26,224,0,0.0,0.0,0,0.0,0.0,false
raf_spare_parts,62,quantity,p95_p99,27,224,0,0.0,0.0,0,0.0,0.0,false
raf_spare_parts,62,quantity,p95_p99,28,224,0,0.0,0.0,0,0.0,0.0,false
raf_spare_parts,62,quantity,p95_p99,29,224,0,0.0,0.0,0,0.0,0.0,false
raf_spare_parts,62,quantity,p95_p99,30,224,0,0.0,0.0,0,0.0,0.0,false
raf_spare_parts,62,quantity,p95_p99,31,224,0,0.0,0.0,0,0.0,0.0,false
raf_spare_parts,62,quantity,p95_p99,32,224,0,0.0,0.0,0,0.0,0.0,false
raf_spare_parts,62,quantity,p95_p99,33,224,195,0.21763392857142858,0.8705357142857143,3,0.013392857142857142,0.35778447282619963,true
raf_spare_parts,62,quantity,p95_p99,34,224,0,0.0,0.0,0,0.0,0.0,false
raf_spare_parts,62,quantity,p95_p99,35,224,0,0.0,0.0,0,0.0,0.0,false
raf_spare_parts,62,quantity,p95_p99,36,224,0,0.0,0.0,0,0.0,0.0,false
raf_spare_parts,62,quantity,p95_p99,37,224,7,0.0078125,0.03125,0,0.0,0.20319463525499618,true
raf_spare_parts,62,quantity,p95_p99,38,224,0,0.0,0.0,0,0.0,0.0,false
raf_spare_parts,62,quantity,p95_p99,39,224,0,0.0,0.0,0,0.0,0.0,false
raf_spare_parts,62,quantity,p95_p99,40,224,0,0.0,0.0,0,0.0,0.0,false
raf_spare_parts,62,quantity,p95_p99,41,224,0,0.0,0.0,0,0.0,0.0,false
raf_spare_parts,62,quantity,p95_p99,42,224,0,0.0,0.0,0,0.0,0.0,false
raf_spare_parts,62,quantity,p95_p99,43,224,220,0.24553571428571427,0.9821428571428571,13,0.05803571428571429,0.4092734758149494,true
raf_spare_parts,62,quantity,p95_p99,44,224,0,0.0,0.0,0,0.0,0.0,false
raf_spare_parts,62,quantity,p95_p99,45,224,2,0.002232142857142857,0.008928571428571428,0,0.0,0.6151106357574463,true
raf_spare_parts,62,quantity,p95_p99,46,224,0,0.0,0.0,0,0.0,0.0,false
raf_spare_parts,62,quantity,p95_p99,47,224,0,0.0,0.0,0,0.0,0.0,false
raf_spare_parts,62,quantity,p95_p99,48,224,0,0.0,0.0,0,0.0,0.0,false
raf_spare_parts,62,quantity,p95_p99,49,224,2,0.002232142857142857,0.008928571428571428,0,0.0,0.4831591993570328,true
raf_spare_parts,62,quantity,p95_p99,50,224,0,0.0,0.0,0,0.0,0.0,false
raf_spare_parts,62,quantity,p95_p99,51,224,0,0.0,0.0,0,0.0,0.0,false
raf_spare_parts,62,quantity,p95_p99,52,224,0,0.0,0.0,0,0.0,0.0,false
raf_spare_parts,62,quantity,p95_p99,53,224,0,0.0,0.0,0,0.0,0.0,false
raf_spare_parts,62,quantity,p95_p99,54,224,0,0.0,0.0,0,0.0,0.0,false
raf_spare_parts,62,quantity,p95_p99,55,224,0,0.0,0.0,0,0.0,0.0,false
raf_spare_parts,62,quantity,p95_p99,56,224,7,0.0078125,0.03125,2,0.008928571428571428,0.6619462966918945,true
raf_spare_parts,62,quantity,p95_p99,57,224,0,0.0,0.0,0,0.0,0.0,false
raf_spare_parts,62,quantity,p95_p99,58,224,0,0.0,0.0,0,0.0,0.0,false
raf_spare_parts,62,quantity,p95_p99,59,224,10,0.011160714285714286,0.044642857142857144,0,0.0,0.18302597850561142,true
raf_spare_parts,62,quantity,p95_p99,60,224,0,0.0,0.0,0,0.0,0.0,false
raf_spare_parts,62,quantity,p95_p99,61,224,0,0.0,0.0,0,0.0,0.0,false
raf_spare_parts,62,quantity,p95_p99,62,224,0,0.0,0.0,0,0.0,0.0,false
raf_spare_parts,62,quantity,p95_p99,63,224,0,0.0,0.0,0,0.0,0.0,false
raf_spare_parts,62,quantity_region,body_le_p95,0,6416,0,0.0,0.0,0,0.0,0.0,false
raf_spare_parts,62,quantity_region,body_le_p95,1,6416,0,0.0,0.0,0,0.0,0.0,false
raf_spare_parts,62,quantity_region,body_le_p95,2,6416,0,0.0,0.0,0,0.0,0.0,false
raf_spare_parts,62,quantity_region,body_le_p95,3,6416,1,0.00003896508728179551,0.00015586034912718204,0,0.0,0.4143489599227905,true
raf_spare_parts,62,quantity_region,body_le_p95,4,6416,0,0.0,0.0,0,0.0,0.0,false
raf_spare_parts,62,quantity_region,body_le_p95,5,6416,1476,0.05751246882793017,0.2300498753117207,1213,0.18905860349127182,0.6635507540853043,true
raf_spare_parts,62,quantity_region,body_le_p95,6,6416,3062,0.11931109725685786,0.47724438902743144,12,0.0018703241895261845,0.7041223414636453,true
raf_spare_parts,62,quantity_region,body_le_p95,7,6416,0,0.0,0.0,0,0.0,0.0,false
raf_spare_parts,62,quantity_region,body_le_p95,8,6416,0,0.0,0.0,0,0.0,0.0,false
raf_spare_parts,62,quantity_region,body_le_p95,9,6416,0,0.0,0.0,0,0.0,0.0,false
raf_spare_parts,62,quantity_region,body_le_p95,10,6416,0,0.0,0.0,0,0.0,0.0,false
raf_spare_parts,62,quantity_region,body_le_p95,11,6416,0,0.0,0.0,0,0.0,0.0,false
raf_spare_parts,62,quantity_region,body_le_p95,12,6416,3707,0.14444357855361595,0.5777743142144638,44,0.00685785536159601,0.6889284003816398,true
raf_spare_parts,62,quantity_region,body_le_p95,13,6416,0,0.0,0.0,0,0.0,0.0,false
raf_spare_parts,62,quantity_region,body_le_p95,14,6416,0,0.0,0.0,0,0.0,0.0,false
raf_spare_parts,62,quantity_region,body_le_p95,15,6416,0,0.0,0.0,0,0.0,0.0,false
raf_spare_parts,62,quantity_region,body_le_p95,16,6416,0,0.0,0.0,0,0.0,0.0,false
raf_spare_parts,62,quantity_region,body_le_p95,17,6416,0,0.0,0.0,0,0.0,0.0,false
raf_spare_parts,62,quantity_region,body_le_p95,18,6416,0,0.0,0.0,0,0.0,0.0,false
raf_spare_parts,62,quantity_region,body_le_p95,19,6416,0,0.0,0.0,0,0.0,0.0,false
raf_spare_parts,62,quantity_region,body_le_p95,20,6416,0,0.0,0.0,0,0.0,0.0,false
raf_spare_parts,62,quantity_region,body_le_p95,21,6416,0,0.0,0.0,0,0.0,0.0,false
raf_spare_parts,62,quantity_region,body_le_p95,22,6416,550,0.021430798004987532,0.08572319201995013,2,0.0003117206982543641,0.6249215414849194,true
raf_spare_parts,62,quantity_region,body_le_p95,23,6416,0,0.0,0.0,0,0.0,0.0,false
raf_spare_parts,62,quantity_region,body_le_p95,24,6416,2842,0.11073877805486285,0.4429551122194514,154,0.024002493765586035,0.5674150390504616,true
raf_spare_parts,62,quantity_region,body_le_p95,25,6416,1732,0.06748753117206982,0.2699501246882793,144,0.022443890274314215,0.5839698981949694,true
raf_spare_parts,62,quantity_region,body_le_p95,26,6416,0,0.0,0.0,0,0.0,0.0,false
raf_spare_parts,62,quantity_region,body_le_p95,27,6416,0,0.0,0.0,0,0.0,0.0,false
raf_spare_parts,62,quantity_region,body_le_p95,28,6416,0,0.0,0.0,0,0.0,0.0,false
raf_spare_parts,62,quantity_region,body_le_p95,29,6416,0,0.0,0.0,0,0.0,0.0,false
raf_spare_parts,62,quantity_region,body_le_p95,30,6416,0,0.0,0.0,0,0.0,0.0,false
raf_spare_parts,62,quantity_region,body_le_p95,31,6416,0,0.0,0.0,0,0.0,0.0,false
raf_spare_parts,62,quantity_region,body_le_p95,32,6416,0,0.0,0.0,0,0.0,0.0,false
raf_spare_parts,62,quantity_region,body_le_p95,33,6416,4531,0.17655081047381546,0.7062032418952618,391,0.06094139650872818,0.6098278619067817,true
raf_spare_parts,62,quantity_region,body_le_p95,34,6416,0,0.0,0.0,0,0.0,0.0,false
raf_spare_parts,62,quantity_region,body_le_p95,35,6416,0,0.0,0.0,0,0.0,0.0,false
raf_spare_parts,62,quantity_region,body_le_p95,36,6416,0,0.0,0.0,0,0.0,0.0,false
raf_spare_parts,62,quantity_region,body_le_p95,37,6416,15,0.0005844763092269327,0.0023379052369077308,0,0.0,0.227473247051239,true
raf_spare_parts,62,quantity_region,body_le_p95,38,6416,0,0.0,0.0,0,0.0,0.0,false
raf_spare_parts,62,quantity_region,body_le_p95,39,6416,0,0.0,0.0,0,0.0,0.0,false
raf_spare_parts,62,quantity_region,body_le_p95,40,6416,0,0.0,0.0,0,0.0,0.0,false
raf_spare_parts,62,quantity_region,body_le_p95,41,6416,0,0.0,0.0,0,0.0,0.0,false
raf_spare_parts,62,quantity_region,body_le_p95,42,6416,0,0.0,0.0,0,0.0,0.0,false
raf_spare_parts,62,quantity_region,body_le_p95,43,6416,3215,0.12527275561097256,0.5010910224438903,1220,0.1901496259351621,0.5874342508857395,true
raf_spare_parts,62,quantity_region,body_le_p95,44,6416,0,0.0,0.0,0,0.0,0.0,false
raf_spare_parts,62,quantity_region,body_le_p95,45,6416,518,0.020183915211970074,0.0807356608478803,0,0.0,0.7121801261275892,true
raf_spare_parts,62,quantity_region,body_le_p95,46,6416,0,0.0,0.0,0,0.0,0.0,false
raf_spare_parts,62,quantity_region,body_le_p95,47,6416,0,0.0,0.0,0,0.0,0.0,false
raf_spare_parts,62,quantity_region,body_le_p95,48,6416,0,0.0,0.0,0,0.0,0.0,false
raf_spare_parts,62,quantity_region,body_le_p95,49,6416,4,0.00015586034912718204,0.0006234413965087282,1,0.00015586034912718204,0.52151008695364,true
raf_spare_parts,62,quantity_region,body_le_p95,50,6416,0,0.0,0.0,0,0.0,0.0,false
raf_spare_parts,62,quantity_region,body_le_p95,51,6416,0,0.0,0.0,0,0.0,0.0,false
raf_spare_parts,62,quantity_region,body_le_p95,52,6416,5,0.00019482543640897756,0.0007793017456359103,0,0.0,0.2879419535398483,true
raf_spare_parts,62,quantity_region,body_le_p95,53,6416,412,0.01605361596009975,0.064214463840399,0,0.0,0.7759707578756276,true
raf_spare_parts,62,quantity_region,body_le_p95,54,6416,0,0.0,0.0,0,0.0,0.0,false
raf_spare_parts,62,quantity_region,body_le_p95,55,6416,0,0.0,0.0,0,0.0,0.0,false
raf_spare_parts,62,quantity_region,body_le_p95,56,6416,3581,0.13953397755610972,0.5581359102244389,3235,0.504208229426434,0.7257871728008668,true
raf_spare_parts,62,quantity_region,body_le_p95,57,6416,0,0.0,0.0,0,0.0,0.0,false
raf_spare_parts,62,quantity_region,body_le_p95,58,6416,0,0.0,0.0,0,0.0,0.0,false
raf_spare_parts,62,quantity_region,body_le_p95,59,6416,6,0.00023379052369077306,0.0009351620947630922,0,0.0,0.1727825254201889,true
raf_spare_parts,62,quantity_region,body_le_p95,60,6416,0,0.0,0.0,0,0.0,0.0,false
raf_spare_parts,62,quantity_region,body_le_p95,61,6416,4,0.00015586034912718204,0.0006234413965087282,0,0.0,0.4802132546901703,true
raf_spare_parts,62,quantity_region,body_le_p95,62,6416,3,0.00011689526184538653,0.0004675810473815461,0,0.0,0.3241811792055766,true
raf_spare_parts,62,quantity_region,body_le_p95,63,6416,0,0.0,0.0,0,0.0,0.0,false
raf_spare_parts,62,quantity_region,extreme_tail_gt_p99,0,50,0,0.0,0.0,0,0.0,0.0,false
raf_spare_parts,62,quantity_region,extreme_tail_gt_p99,1,50,0,0.0,0.0,0,0.0,0.0,false
raf_spare_parts,62,quantity_region,extreme_tail_gt_p99,2,50,0,0.0,0.0,0,0.0,0.0,false
raf_spare_parts,62,quantity_region,extreme_tail_gt_p99,3,50,0,0.0,0.0,0,0.0,0.0,false
raf_spare_parts,62,quantity_region,extreme_tail_gt_p99,4,50,0,0.0,0.0,0,0.0,0.0,false
raf_spare_parts,62,quantity_region,extreme_tail_gt_p99,5,50,48,0.24,0.96,47,0.94,0.7421282877524694,true
raf_spare_parts,62,quantity_region,extreme_tail_gt_p99,6,50,2,0.01,0.04,0,0.0,0.6618606448173523,true
raf_spare_parts,62,quantity_region,extreme_tail_gt_p99,7,50,0,0.0,0.0,0,0.0,0.0,false
raf_spare_parts,62,quantity_region,extreme_tail_gt_p99,8,50,0,0.0,0.0,0,0.0,0.0,false
raf_spare_parts,62,quantity_region,extreme_tail_gt_p99,9,50,0,0.0,0.0,0,0.0,0.0,false
raf_spare_parts,62,quantity_region,extreme_tail_gt_p99,10,50,0,0.0,0.0,0,0.0,0.0,false
raf_spare_parts,62,quantity_region,extreme_tail_gt_p99,11,50,0,0.0,0.0,0,0.0,0.0,false
raf_spare_parts,62,quantity_region,extreme_tail_gt_p99,12,50,2,0.01,0.04,0,0.0,0.6432741284370422,true
raf_spare_parts,62,quantity_region,extreme_tail_gt_p99,13,50,0,0.0,0.0,0,0.0,0.0,false
raf_spare_parts,62,quantity_region,extreme_tail_gt_p99,14,50,0,0.0,0.0,0,0.0,0.0,false
raf_spare_parts,62,quantity_region,extreme_tail_gt_p99,15,50,0,0.0,0.0,0,0.0,0.0,false
raf_spare_parts,62,quantity_region,extreme_tail_gt_p99,16,50,0,0.0,0.0,0,0.0,0.0,false
raf_spare_parts,62,quantity_region,extreme_tail_gt_p99,17,50,0,0.0,0.0,0,0.0,0.0,false
raf_spare_parts,62,quantity_region,extreme_tail_gt_p99,18,50,0,0.0,0.0,0,0.0,0.0,false
raf_spare_parts,62,quantity_region,extreme_tail_gt_p99,19,50,0,0.0,0.0,0,0.0,0.0,false
raf_spare_parts,62,quantity_region,extreme_tail_gt_p99,20,50,0,0.0,0.0,0,0.0,0.0,false
raf_spare_parts,62,quantity_region,extreme_tail_gt_p99,21,50,0,0.0,0.0,0,0.0,0.0,false
raf_spare_parts,62,quantity_region,extreme_tail_gt_p99,22,50,1,0.005,0.02,0,0.0,0.5834307670593262,true
raf_spare_parts,62,quantity_region,extreme_tail_gt_p99,23,50,0,0.0,0.0,0,0.0,0.0,false
raf_spare_parts,62,quantity_region,extreme_tail_gt_p99,24,50,46,0.23,0.92,0,0.0,0.32024843699258304,true
raf_spare_parts,62,quantity_region,extreme_tail_gt_p99,25,50,5,0.025,0.1,0,0.0,0.5372914373874664,true
raf_spare_parts,62,quantity_region,extreme_tail_gt_p99,26,50,0,0.0,0.0,0,0.0,0.0,false
raf_spare_parts,62,quantity_region,extreme_tail_gt_p99,27,50,0,0.0,0.0,0,0.0,0.0,false
raf_spare_parts,62,quantity_region,extreme_tail_gt_p99,28,50,0,0.0,0.0,0,0.0,0.0,false
raf_spare_parts,62,quantity_region,extreme_tail_gt_p99,29,50,0,0.0,0.0,0,0.0,0.0,false
raf_spare_parts,62,quantity_region,extreme_tail_gt_p99,30,50,0,0.0,0.0,0,0.0,0.0,false
raf_spare_parts,62,quantity_region,extreme_tail_gt_p99,31,50,0,0.0,0.0,0,0.0,0.0,false
raf_spare_parts,62,quantity_region,extreme_tail_gt_p99,32,50,0,0.0,0.0,0,0.0,0.0,false
raf_spare_parts,62,quantity_region,extreme_tail_gt_p99,33,50,38,0.19,0.76,0,0.0,0.27581971452424403,true
raf_spare_parts,62,quantity_region,extreme_tail_gt_p99,34,50,0,0.0,0.0,0,0.0,0.0,false
raf_spare_parts,62,quantity_region,extreme_tail_gt_p99,35,50,0,0.0,0.0,0,0.0,0.0,false
raf_spare_parts,62,quantity_region,extreme_tail_gt_p99,36,50,0,0.0,0.0,0,0.0,0.0,false
raf_spare_parts,62,quantity_region,extreme_tail_gt_p99,37,50,4,0.02,0.08,0,0.0,0.21508817374706268,true
raf_spare_parts,62,quantity_region,extreme_tail_gt_p99,38,50,0,0.0,0.0,0,0.0,0.0,false
raf_spare_parts,62,quantity_region,extreme_tail_gt_p99,39,50,0,0.0,0.0,0,0.0,0.0,false
raf_spare_parts,62,quantity_region,extreme_tail_gt_p99,40,50,0,0.0,0.0,0,0.0,0.0,false
raf_spare_parts,62,quantity_region,extreme_tail_gt_p99,41,50,0,0.0,0.0,0,0.0,0.0,false
raf_spare_parts,62,quantity_region,extreme_tail_gt_p99,42,50,0,0.0,0.0,0,0.0,0.0,false
raf_spare_parts,62,quantity_region,extreme_tail_gt_p99,43,50,48,0.24,0.96,1,0.02,0.34760587972899276,true
raf_spare_parts,62,quantity_region,extreme_tail_gt_p99,44,50,0,0.0,0.0,0,0.0,0.0,false
raf_spare_parts,62,quantity_region,extreme_tail_gt_p99,45,50,0,0.0,0.0,0,0.0,0.0,false
raf_spare_parts,62,quantity_region,extreme_tail_gt_p99,46,50,0,0.0,0.0,0,0.0,0.0,false
raf_spare_parts,62,quantity_region,extreme_tail_gt_p99,47,50,0,0.0,0.0,0,0.0,0.0,false
raf_spare_parts,62,quantity_region,extreme_tail_gt_p99,48,50,0,0.0,0.0,0,0.0,0.0,false
raf_spare_parts,62,quantity_region,extreme_tail_gt_p99,49,50,0,0.0,0.0,0,0.0,0.0,false
raf_spare_parts,62,quantity_region,extreme_tail_gt_p99,50,50,0,0.0,0.0,0,0.0,0.0,false
raf_spare_parts,62,quantity_region,extreme_tail_gt_p99,51,50,0,0.0,0.0,0,0.0,0.0,false
raf_spare_parts,62,quantity_region,extreme_tail_gt_p99,52,50,0,0.0,0.0,0,0.0,0.0,false
raf_spare_parts,62,quantity_region,extreme_tail_gt_p99,53,50,0,0.0,0.0,0,0.0,0.0,false
raf_spare_parts,62,quantity_region,extreme_tail_gt_p99,54,50,0,0.0,0.0,0,0.0,0.0,false
raf_spare_parts,62,quantity_region,extreme_tail_gt_p99,55,50,0,0.0,0.0,0,0.0,0.0,false
raf_spare_parts,62,quantity_region,extreme_tail_gt_p99,56,50,2,0.01,0.04,2,0.04,0.7083443105220795,true
raf_spare_parts,62,quantity_region,extreme_tail_gt_p99,57,50,0,0.0,0.0,0,0.0,0.0,false
raf_spare_parts,62,quantity_region,extreme_tail_gt_p99,58,50,0,0.0,0.0,0,0.0,0.0,false
raf_spare_parts,62,quantity_region,extreme_tail_gt_p99,59,50,4,0.02,0.08,0,0.0,0.17377221211791039,true
raf_spare_parts,62,quantity_region,extreme_tail_gt_p99,60,50,0,0.0,0.0,0,0.0,0.0,false
raf_spare_parts,62,quantity_region,extreme_tail_gt_p99,61,50,0,0.0,0.0,0,0.0,0.0,false
raf_spare_parts,62,quantity_region,extreme_tail_gt_p99,62,50,0,0.0,0.0,0,0.0,0.0,false
raf_spare_parts,62,quantity_region,extreme_tail_gt_p99,63,50,0,0.0,0.0,0,0.0,0.0,false
raf_spare_parts,62,quantity_region,tail_p95_p99,0,224,0,0.0,0.0,0,0.0,0.0,false
raf_spare_parts,62,quantity_region,tail_p95_p99,1,224,0,0.0,0.0,0,0.0,0.0,false
raf_spare_parts,62,quantity_region,tail_p95_p99,2,224,0,0.0,0.0,0,0.0,0.0,false
raf_spare_parts,62,quantity_region,tail_p95_p99,3,224,0,0.0,0.0,0,0.0,0.0,false
raf_spare_parts,62,quantity_region,tail_p95_p99,4,224,0,0.0,0.0,0,0.0,0.0,false
raf_spare_parts,62,quantity_region,tail_p95_p99,5,224,206,0.22991071428571427,0.9196428571428571,200,0.8928571428571429,0.7352260343947457,true
raf_spare_parts,62,quantity_region,tail_p95_p99,6,224,3,0.0033482142857142855,0.013392857142857142,0,0.0,0.6613530913988749,true
raf_spare_parts,62,quantity_region,tail_p95_p99,7,224,0,0.0,0.0,0,0.0,0.0,false
raf_spare_parts,62,quantity_region,tail_p95_p99,8,224,0,0.0,0.0,0,0.0,0.0,false
raf_spare_parts,62,quantity_region,tail_p95_p99,9,224,0,0.0,0.0,0,0.0,0.0,false
raf_spare_parts,62,quantity_region,tail_p95_p99,10,224,0,0.0,0.0,0,0.0,0.0,false
raf_spare_parts,62,quantity_region,tail_p95_p99,11,224,0,0.0,0.0,0,0.0,0.0,false
raf_spare_parts,62,quantity_region,tail_p95_p99,12,224,6,0.006696428571428571,0.026785714285714284,2,0.008928571428571428,0.6987014015515646,true
raf_spare_parts,62,quantity_region,tail_p95_p99,13,224,0,0.0,0.0,0,0.0,0.0,false
raf_spare_parts,62,quantity_region,tail_p95_p99,14,224,0,0.0,0.0,0,0.0,0.0,false
raf_spare_parts,62,quantity_region,tail_p95_p99,15,224,0,0.0,0.0,0,0.0,0.0,false
raf_spare_parts,62,quantity_region,tail_p95_p99,16,224,0,0.0,0.0,0,0.0,0.0,false
raf_spare_parts,62,quantity_region,tail_p95_p99,17,224,0,0.0,0.0,0,0.0,0.0,false
raf_spare_parts,62,quantity_region,tail_p95_p99,18,224,0,0.0,0.0,0,0.0,0.0,false
raf_spare_parts,62,quantity_region,tail_p95_p99,19,224,0,0.0,0.0,0,0.0,0.0,false
raf_spare_parts,62,quantity_region,tail_p95_p99,20,224,0,0.0,0.0,0,0.0,0.0,false
raf_spare_parts,62,quantity_region,tail_p95_p99,21,224,0,0.0,0.0,0,0.0,0.0,false
raf_spare_parts,62,quantity_region,tail_p95_p99,22,224,1,0.0011160714285714285,0.004464285714285714,1,0.004464285714285714,0.5750462412834167,true
raf_spare_parts,62,quantity_region,tail_p95_p99,23,224,0,0.0,0.0,0,0.0,0.0,false
raf_spare_parts,62,quantity_region,tail_p95_p99,24,224,213,0.23772321428571427,0.9508928571428571,1,0.004464285714285714,0.37552705477101145,true
raf_spare_parts,62,quantity_region,tail_p95_p99,25,224,24,0.026785714285714284,0.10714285714285714,2,0.008928571428571428,0.49870240315794945,true
raf_spare_parts,62,quantity_region,tail_p95_p99,26,224,0,0.0,0.0,0,0.0,0.0,false
raf_spare_parts,62,quantity_region,tail_p95_p99,27,224,0,0.0,0.0,0,0.0,0.0,false
raf_spare_parts,62,quantity_region,tail_p95_p99,28,224,0,0.0,0.0,0,0.0,0.0,false
raf_spare_parts,62,quantity_region,tail_p95_p99,29,224,0,0.0,0.0,0,0.0,0.0,false
raf_spare_parts,62,quantity_region,tail_p95_p99,30,224,0,0.0,0.0,0,0.0,0.0,false
raf_spare_parts,62,quantity_region,tail_p95_p99,31,224,0,0.0,0.0,0,0.0,0.0,false
raf_spare_parts,62,quantity_region,tail_p95_p99,32,224,0,0.0,0.0,0,0.0,0.0,false
raf_spare_parts,62,quantity_region,tail_p95_p99,33,224,195,0.21763392857142858,0.8705357142857143,3,0.013392857142857142,0.35778447282619963,true
raf_spare_parts,62,quantity_region,tail_p95_p99,34,224,0,0.0,0.0,0,0.0,0.0,false
raf_spare_parts,62,quantity_region,tail_p95_p99,35,224,0,0.0,0.0,0,0.0,0.0,false
raf_spare_parts,62,quantity_region,tail_p95_p99,36,224,0,0.0,0.0,0,0.0,0.0,false
raf_spare_parts,62,quantity_region,tail_p95_p99,37,224,7,0.0078125,0.03125,0,0.0,0.20319463525499618,true
raf_spare_parts,62,quantity_region,tail_p95_p99,38,224,0,0.0,0.0,0,0.0,0.0,false
raf_spare_parts,62,quantity_region,tail_p95_p99,39,224,0,0.0,0.0,0,0.0,0.0,false
raf_spare_parts,62,quantity_region,tail_p95_p99,40,224,0,0.0,0.0,0,0.0,0.0,false
raf_spare_parts,62,quantity_region,tail_p95_p99,41,224,0,0.0,0.0,0,0.0,0.0,false
raf_spare_parts,62,quantity_region,tail_p95_p99,42,224,0,0.0,0.0,0,0.0,0.0,false
raf_spare_parts,62,quantity_region,tail_p95_p99,43,224,220,0.24553571428571427,0.9821428571428571,13,0.05803571428571429,0.4092734758149494,true
raf_spare_parts,62,quantity_region,tail_p95_p99,44,224,0,0.0,0.0,0,0.0,0.0,false
raf_spare_parts,62,quantity_region,tail_p95_p99,45,224,2,0.002232142857142857,0.008928571428571428,0,0.0,0.6151106357574463,true
raf_spare_parts,62,quantity_region,tail_p95_p99,46,224,0,0.0,0.0,0,0.0,0.0,false
raf_spare_parts,62,quantity_region,tail_p95_p99,47,224,0,0.0,0.0,0,0.0,0.0,false
raf_spare_parts,62,quantity_region,tail_p95_p99,48,224,0,0.0,0.0,0,0.0,0.0,false
raf_spare_parts,62,quantity_region,tail_p95_p99,49,224,2,0.002232142857142857,0.008928571428571428,0,0.0,0.4831591993570328,true
raf_spare_parts,62,quantity_region,tail_p95_p99,50,224,0,0.0,0.0,0,0.0,0.0,false
raf_spare_parts,62,quantity_region,tail_p95_p99,51,224,0,0.0,0.0,0,0.0,0.0,false
raf_spare_parts,62,quantity_region,tail_p95_p99,52,224,0,0.0,0.0,0,0.0,0.0,false
raf_spare_parts,62,quantity_region,tail_p95_p99,53,224,0,0.0,0.0,0,0.0,0.0,false
raf_spare_parts,62,quantity_region,tail_p95_p99,54,224,0,0.0,0.0,0,0.0,0.0,false
raf_spare_parts,62,quantity_region,tail_p95_p99,55,224,0,0.0,0.0,0,0.0,0.0,false
raf_spare_parts,62,quantity_region,tail_p95_p99,56,224,7,0.0078125,0.03125,2,0.008928571428571428,0.6619462966918945,true
raf_spare_parts,62,quantity_region,tail_p95_p99,57,224,0,0.0,0.0,0,0.0,0.0,false
raf_spare_parts,62,quantity_region,tail_p95_p99,58,224,0,0.0,0.0,0,0.0,0.0,false
raf_spare_parts,62,quantity_region,tail_p95_p99,59,224,10,0.011160714285714286,0.044642857142857144,0,0.0,0.18302597850561142,true
raf_spare_parts,62,quantity_region,tail_p95_p99,60,224,0,0.0,0.0,0,0.0,0.0,false
raf_spare_parts,62,quantity_region,tail_p95_p99,61,224,0,0.0,0.0,0,0.0,0.0,false
raf_spare_parts,62,quantity_region,tail_p95_p99,62,224,0,0.0,0.0,0,0.0,0.0,false
raf_spare_parts,62,quantity_region,tail_p95_p99,63,224,0,0.0,0.0,0,0.0,0.0,false
insta_market_basket,42,history,history_le_64,0,503733,3392,0.00168343150041788,0.00673372600167152,31,0.00006154053834074798,0.28424358545839395,true
insta_market_basket,42,history,history_le_64,1,503733,193,0.00009578487015939,0.00038313948063756,46,0.00009131821818304538,0.10051640622123865,true
insta_market_basket,42,history,history_le_64,2,503733,0,0.0,0.0,0,0.0,0.0,false
insta_market_basket,42,history,history_le_64,3,503733,455178,0.2259024125876208,0.9036096503504832,212647,0.4221422856950011,0.4631960240242776,true
insta_market_basket,42,history,history_le_64,4,503733,104,0.00005161464505998217,0.0002064585802399287,8,0.000015881429249225285,0.06030442464263895,true
insta_market_basket,42,history,history_le_64,5,503733,3935,0.0019529195029906717,0.007811678011962687,6,0.000011911071936918963,0.29897846890974145,true
insta_market_basket,42,history,history_le_64,6,503733,0,0.0,0.0,0,0.0,0.0,false
insta_market_basket,42,history,history_le_64,7,503733,1,4.962946640382902e-7,1.9851786561531606e-6,0,0.0,0.09339013695716858,true
insta_market_basket,42,history,history_le_64,8,503733,15,7.444419960574352e-6,0.000029777679842297407,0,0.0,0.09711840910216173,true
insta_market_basket,42,history,history_le_64,9,503733,113,0.00005608129703632678,0.00022432518814530713,6,0.000011911071936918963,0.23076777708040863,true
insta_market_basket,42,history,history_le_64,10,503733,725,0.00035981363142776034,0.0014392545257110414,102,0.00020248822292762237,0.3554444603519193,true
insta_market_basket,42,history,history_le_64,11,503733,7,3.474062648268031e-6,0.000013896250593072123,0,0.0,0.0022059367703539984,true
insta_market_basket,42,history,history_le_64,12,503733,3,1.4888839921148704e-6,5.9555359684594815e-6,0,0.0,0.12768745313708982,true
insta_market_basket,42,history,history_le_64,13,503733,147,0.00007295531561362865,0.0002918212624545146,18,0.00003573321581075689,0.2171809173879676,true
insta_market_basket,42,history,history_le_64,14,503733,6,2.9777679842297408e-6,0.000011911071936918963,0,0.0,-0.019280400146575023,true
insta_market_basket,42,history,history_le_64,15,503733,939,0.0004660206895319544,0.0018640827581278177,7,0.000013896250593072123,0.3629838293448043,true
insta_market_basket,42,history,history_le_64,16,503733,523,0.00025956210929202575,0.001038248437168103,47,0.00009330339683919854,0.07634369829120295,true
insta_market_basket,42,history,history_le_64,17,503733,2426,0.0012040108549568919,0.0048160434198275676,630,0.0012506625533764912,0.2347459836404662,true
insta_market_basket,42,history,history_le_64,18,503733,0,0.0,0.0,0,0.0,0.0,false
insta_market_basket,42,history,history_le_64,19,503733,0,0.0,0.0,0,0.0,0.0,false
insta_market_basket,42,history,history_le_64,20,503733,3,1.4888839921148704e-6,5.9555359684594815e-6,0,0.0,-0.08933659518758456,true
insta_market_basket,42,history,history_le_64,21,503733,16,7.940714624612643e-6,0.00003176285849845057,0,0.0,0.2863868335261941,true
insta_market_basket,42,history,history_le_64,22,503733,0,0.0,0.0,0,0.0,0.0,false
insta_market_basket,42,history,history_le_64,23,503733,946,0.00046949475218022245,0.0018779790087208898,20,0.00003970357312306321,0.40895449700932673,true
insta_market_basket,42,history,history_le_64,24,503733,255416,0.1267615979100039,0.5070463916400156,2062,0.004093438388987817,0.47929408990318084,true
insta_market_basket,42,history,history_le_64,25,503733,43455,0.021566484625783897,0.08626593850313559,5107,0.01013830739697419,0.3770168473564717,true
insta_market_basket,42,history,history_le_64,26,503733,590,0.0002928138517825912,0.0011712554071303647,27,0.00005359982371613533,0.3760640424944587,true
insta_market_basket,42,history,history_le_64,27,503733,1,4.962946640382902e-7,1.9851786561531606e-6,0,0.0,-0.1361391395330429,true
insta_market_basket,42,history,history_le_64,28,503733,1278,0.0006342645806409348,0.002537058322563739,240,0.0004764428774767585,0.3563706293383851,true
insta_market_basket,42,history,history_le_64,29,503733,6,2.9777679842297408e-6,0.000011911071936918963,0,0.0,0.3132400761047999,true
insta_market_basket,42,history,history_le_64,30,503733,690,0.0003424433181864202,0.0013697732727456808,145,0.0002878509051422083,0.178393611006955,true
insta_market_basket,42,history,history_le_64,31,503733,17315,0.008593342107822994,0.034373368431291976,1948,0.0038671280221863565,0.3324606774209901,true
insta_market_basket,42,history,history_le_64,32,503733,0,0.0,0.0,0,0.0,0.0,false
insta_market_basket,42,history,history_le_64,33,503733,6,2.9777679842297408e-6,0.000011911071936918963,1,1.9851786561531606e-6,0.0356492519689103,true
insta_market_basket,42,history,history_le_64,34,503733,8,3.970357312306321e-6,0.000015881429249225285,0,0.0,0.2229323872597888,true
insta_market_basket,42,history,history_le_64,35,503733,23,0.000011414777272880673,0.00004565910909152269,1,1.9851786561531606e-6,0.21453242076803808,true
insta_market_basket,42,history,history_le_64,36,503733,0,0.0,0.0,0,0.0,0.0,false
insta_market_basket,42,history,history_le_64,37,503733,8564,0.0042502675028239165,0.017001070011295666,2974,0.005903921323399499,0.45096326398670616,true
insta_market_basket,42,history,history_le_64,38,503733,2,9.925893280765803e-7,3.970357312306321e-6,0,0.0,0.47127510607242584,true
insta_market_basket,42,history,history_le_64,39,503733,7818,0.0038800316834513523,0.01552012673380541,904,0.001794601505162457,0.5371863513910486,true
insta_market_basket,42,history,history_le_64,40,503733,24944,0.012379574099771109,0.049518296399084435,10435,0.02071533927695823,0.35821294283533445,true
insta_market_basket,42,history,history_le_64,41,503733,18,8.933303952689223e-6,0.00003573321581075689,0,0.0,0.28997541384564507,true
insta_market_basket,42,history,history_le_64,42,503733,27,0.000013399955929033833,0.00005359982371613533,0,0.0,0.1882267209390799,true
insta_market_basket,42,history,history_le_64,43,503733,0,0.0,0.0,0,0.0,0.0,false
insta_market_basket,42,history,history_le_64,44,503733,3,1.4888839921148704e-6,5.9555359684594815e-6,0,0.0,0.045764310726857126,true
insta_market_basket,42,history,history_le_64,45,503733,9,4.466651976344611e-6,0.000017866607905378445,0,0.0,-0.012110698968172073,true
insta_market_basket,42,history,history_le_64,46,503733,7,3.474062648268031e-6,0.000013896250593072123,0,0.0,0.038261713327041695,true
insta_market_basket,42,history,history_le_64,47,503733,354300,0.1758371994687662,0.7033487978750648,1654,0.0032834854972773274,0.4549366548344131,true
insta_market_basket,42,history,history_le_64,48,503733,685,0.00033996184486622874,0.001359847379464915,49,0.00009727375415150486,0.3055433930380501,true
insta_market_basket,42,history,history_le_64,49,503733,460458,0.22852284841374298,0.9140913936549719,117648,0.23355229853910703,0.4604095994610711,true
insta_market_basket,42,history,history_le_64,50,503733,227979,0.11314476121278534,0.45257904485114137,128396,0.2548889987354412,0.4490828777458121,true
insta_market_basket,42,history,history_le_64,51,503733,1,4.962946640382902e-7,1.9851786561531606e-6,0,0.0,0.12138693034648895,true
insta_market_basket,42,history,history_le_64,52,503733,141282,0.07011750272465771,0.28047001089863083,18341,0.036410161732505116,0.4008775893539725,true
insta_market_basket,42,history,history_le_64,53,503733,0,0.0,0.0,0,0.0,0.0,false
insta_market_basket,42,history,history_le_64,54,503733,840,0.0004168875177921637,0.0016675500711686548,139,0.0002759398332052893,0.21248129311120248,true
insta_market_basket,42,history,history_le_64,55,503733,21,0.000010422187944804093,0.00004168875177921637,0,0.0,0.04879355503778372,true
insta_market_basket,42,history,history_le_64,56,503733,16,7.940714624612643e-6,0.00003176285849845057,5,9.925893280765803e-6,-0.008883957867510617,true
insta_market_basket,42,history,history_le_64,57,503733,386,0.00019156974031878,0.00076627896127512,69,0.00013697732727456808,0.10448426867918463,true
insta_market_basket,42,history,history_le_64,58,503733,46,0.000022829554545761346,0.00009131821818304538,0,0.0,0.5197111925353175,true
insta_market_basket,42,history,history_le_64,59,503733,53,0.000026303617194029376,0.0001052144687761175,18,0.00003573321581075689,0.09630164045418771,true
insta_market_basket,42,history,history_le_64,60,503733,5,2.4814733201914507e-6,9.925893280765803e-6,0,0.0,0.4006264805793762,true
insta_market_basket,42,history,history_le_64,61,503733,1,4.962946640382902e-7,1.9851786561531606e-6,0,0.0,-0.10210675001144409,true
insta_market_basket,42,history,history_le_64,62,503733,7,3.474062648268031e-6,0.000013896250593072123,2,3.970357312306321e-6,-0.056189004597919326,true
insta_market_basket,42,history,history_le_64,63,503733,0,0.0,0.0,0,0.0,0.0,false
insta_market_basket,42,overall,overall,0,503733,3392,0.00168343150041788,0.00673372600167152,31,0.00006154053834074798,0.28424358545839395,true
insta_market_basket,42,overall,overall,1,503733,193,0.00009578487015939,0.00038313948063756,46,0.00009131821818304538,0.10051640622123865,true
insta_market_basket,42,overall,overall,2,503733,0,0.0,0.0,0,0.0,0.0,false
insta_market_basket,42,overall,overall,3,503733,455178,0.2259024125876208,0.9036096503504832,212647,0.4221422856950011,0.4631960240242776,true
insta_market_basket,42,overall,overall,4,503733,104,0.00005161464505998217,0.0002064585802399287,8,0.000015881429249225285,0.06030442464263895,true
insta_market_basket,42,overall,overall,5,503733,3935,0.0019529195029906717,0.007811678011962687,6,0.000011911071936918963,0.29897846890974145,true
insta_market_basket,42,overall,overall,6,503733,0,0.0,0.0,0,0.0,0.0,false
insta_market_basket,42,overall,overall,7,503733,1,4.962946640382902e-7,1.9851786561531606e-6,0,0.0,0.09339013695716858,true
insta_market_basket,42,overall,overall,8,503733,15,7.444419960574352e-6,0.000029777679842297407,0,0.0,0.09711840910216173,true
insta_market_basket,42,overall,overall,9,503733,113,0.00005608129703632678,0.00022432518814530713,6,0.000011911071936918963,0.23076777708040863,true
insta_market_basket,42,overall,overall,10,503733,725,0.00035981363142776034,0.0014392545257110414,102,0.00020248822292762237,0.3554444603519193,true
insta_market_basket,42,overall,overall,11,503733,7,3.474062648268031e-6,0.000013896250593072123,0,0.0,0.0022059367703539984,true
insta_market_basket,42,overall,overall,12,503733,3,1.4888839921148704e-6,5.9555359684594815e-6,0,0.0,0.12768745313708982,true
insta_market_basket,42,overall,overall,13,503733,147,0.00007295531561362865,0.0002918212624545146,18,0.00003573321581075689,0.2171809173879676,true
insta_market_basket,42,overall,overall,14,503733,6,2.9777679842297408e-6,0.000011911071936918963,0,0.0,-0.019280400146575023,true
insta_market_basket,42,overall,overall,15,503733,939,0.0004660206895319544,0.0018640827581278177,7,0.000013896250593072123,0.3629838293448043,true
insta_market_basket,42,overall,overall,16,503733,523,0.00025956210929202575,0.001038248437168103,47,0.00009330339683919854,0.07634369829120295,true
insta_market_basket,42,overall,overall,17,503733,2426,0.0012040108549568919,0.0048160434198275676,630,0.0012506625533764912,0.2347459836404662,true
insta_market_basket,42,overall,overall,18,503733,0,0.0,0.0,0,0.0,0.0,false
insta_market_basket,42,overall,overall,19,503733,0,0.0,0.0,0,0.0,0.0,false
insta_market_basket,42,overall,overall,20,503733,3,1.4888839921148704e-6,5.9555359684594815e-6,0,0.0,-0.08933659518758456,true
insta_market_basket,42,overall,overall,21,503733,16,7.940714624612643e-6,0.00003176285849845057,0,0.0,0.2863868335261941,true
insta_market_basket,42,overall,overall,22,503733,0,0.0,0.0,0,0.0,0.0,false
insta_market_basket,42,overall,overall,23,503733,946,0.00046949475218022245,0.0018779790087208898,20,0.00003970357312306321,0.40895449700932673,true
insta_market_basket,42,overall,overall,24,503733,255416,0.1267615979100039,0.5070463916400156,2062,0.004093438388987817,0.47929408990318084,true
insta_market_basket,42,overall,overall,25,503733,43455,0.021566484625783897,0.08626593850313559,5107,0.01013830739697419,0.3770168473564717,true
insta_market_basket,42,overall,overall,26,503733,590,0.0002928138517825912,0.0011712554071303647,27,0.00005359982371613533,0.3760640424944587,true
insta_market_basket,42,overall,overall,27,503733,1,4.962946640382902e-7,1.9851786561531606e-6,0,0.0,-0.1361391395330429,true
insta_market_basket,42,overall,overall,28,503733,1278,0.0006342645806409348,0.002537058322563739,240,0.0004764428774767585,0.3563706293383851,true
insta_market_basket,42,overall,overall,29,503733,6,2.9777679842297408e-6,0.000011911071936918963,0,0.0,0.3132400761047999,true
insta_market_basket,42,overall,overall,30,503733,690,0.0003424433181864202,0.0013697732727456808,145,0.0002878509051422083,0.178393611006955,true
insta_market_basket,42,overall,overall,31,503733,17315,0.008593342107822994,0.034373368431291976,1948,0.0038671280221863565,0.3324606774209901,true
insta_market_basket,42,overall,overall,32,503733,0,0.0,0.0,0,0.0,0.0,false
insta_market_basket,42,overall,overall,33,503733,6,2.9777679842297408e-6,0.000011911071936918963,1,1.9851786561531606e-6,0.0356492519689103,true
insta_market_basket,42,overall,overall,34,503733,8,3.970357312306321e-6,0.000015881429249225285,0,0.0,0.2229323872597888,true
insta_market_basket,42,overall,overall,35,503733,23,0.000011414777272880673,0.00004565910909152269,1,1.9851786561531606e-6,0.21453242076803808,true
insta_market_basket,42,overall,overall,36,503733,0,0.0,0.0,0,0.0,0.0,false
insta_market_basket,42,overall,overall,37,503733,8564,0.0042502675028239165,0.017001070011295666,2974,0.005903921323399499,0.45096326398670616,true
insta_market_basket,42,overall,overall,38,503733,2,9.925893280765803e-7,3.970357312306321e-6,0,0.0,0.47127510607242584,true
insta_market_basket,42,overall,overall,39,503733,7818,0.0038800316834513523,0.01552012673380541,904,0.001794601505162457,0.5371863513910486,true
insta_market_basket,42,overall,overall,40,503733,24944,0.012379574099771109,0.049518296399084435,10435,0.02071533927695823,0.35821294283533445,true
insta_market_basket,42,overall,overall,41,503733,18,8.933303952689223e-6,0.00003573321581075689,0,0.0,0.28997541384564507,true
insta_market_basket,42,overall,overall,42,503733,27,0.000013399955929033833,0.00005359982371613533,0,0.0,0.1882267209390799,true
insta_market_basket,42,overall,overall,43,503733,0,0.0,0.0,0,0.0,0.0,false
insta_market_basket,42,overall,overall,44,503733,3,1.4888839921148704e-6,5.9555359684594815e-6,0,0.0,0.045764310726857126,true
insta_market_basket,42,overall,overall,45,503733,9,4.466651976344611e-6,0.000017866607905378445,0,0.0,-0.012110698968172073,true
insta_market_basket,42,overall,overall,46,503733,7,3.474062648268031e-6,0.000013896250593072123,0,0.0,0.038261713327041695,true
insta_market_basket,42,overall,overall,47,503733,354300,0.1758371994687662,0.7033487978750648,1654,0.0032834854972773274,0.4549366548344131,true
insta_market_basket,42,overall,overall,48,503733,685,0.00033996184486622874,0.001359847379464915,49,0.00009727375415150486,0.3055433930380501,true
insta_market_basket,42,overall,overall,49,503733,460458,0.22852284841374298,0.9140913936549719,117648,0.23355229853910703,0.4604095994610711,true
insta_market_basket,42,overall,overall,50,503733,227979,0.11314476121278534,0.45257904485114137,128396,0.2548889987354412,0.4490828777458121,true
insta_market_basket,42,overall,overall,51,503733,1,4.962946640382902e-7,1.9851786561531606e-6,0,0.0,0.12138693034648895,true
insta_market_basket,42,overall,overall,52,503733,141282,0.07011750272465771,0.28047001089863083,18341,0.036410161732505116,0.4008775893539725,true
insta_market_basket,42,overall,overall,53,503733,0,0.0,0.0,0,0.0,0.0,false
insta_market_basket,42,overall,overall,54,503733,840,0.0004168875177921637,0.0016675500711686548,139,0.0002759398332052893,0.21248129311120248,true
insta_market_basket,42,overall,overall,55,503733,21,0.000010422187944804093,0.00004168875177921637,0,0.0,0.04879355503778372,true
insta_market_basket,42,overall,overall,56,503733,16,7.940714624612643e-6,0.00003176285849845057,5,9.925893280765803e-6,-0.008883957867510617,true
insta_market_basket,42,overall,overall,57,503733,386,0.00019156974031878,0.00076627896127512,69,0.00013697732727456808,0.10448426867918463,true
insta_market_basket,42,overall,overall,58,503733,46,0.000022829554545761346,0.00009131821818304538,0,0.0,0.5197111925353175,true
insta_market_basket,42,overall,overall,59,503733,53,0.000026303617194029376,0.0001052144687761175,18,0.00003573321581075689,0.09630164045418771,true
insta_market_basket,42,overall,overall,60,503733,5,2.4814733201914507e-6,9.925893280765803e-6,0,0.0,0.4006264805793762,true
insta_market_basket,42,overall,overall,61,503733,1,4.962946640382902e-7,1.9851786561531606e-6,0,0.0,-0.10210675001144409,true
insta_market_basket,42,overall,overall,62,503733,7,3.474062648268031e-6,0.000013896250593072123,2,3.970357312306321e-6,-0.056189004597919326,true
insta_market_basket,42,overall,overall,63,503733,0,0.0,0.0,0,0.0,0.0,false
insta_market_basket,42,quantity,gt_p99,0,6036,122,0.005053015241882041,0.020212060967528166,0,0.0,0.36324124868775975,true
insta_market_basket,42,quantity,gt_p99,1,6036,1,0.0000414181577203446,0.0001656726308813784,0,0.0,0.22117535769939423,true
insta_market_basket,42,quantity,gt_p99,2,6036,0,0.0,0.0,0,0.0,0.0,false
insta_market_basket,42,quantity,gt_p99,3,6036,5844,0.24204771371769385,0.9681908548707754,4705,0.7794897282968853,0.5299298356909975,true
insta_market_basket,42,quantity,gt_p99,4,6036,0,0.0,0.0,0,0.0,0.0,false
insta_market_basket,42,quantity,gt_p99,5,6036,159,0.006585487077534791,0.026341948310139165,0,0.0,0.4346930444615442,true
insta_market_basket,42,quantity,gt_p99,6,6036,0,0.0,0.0,0,0.0,0.0,false
insta_market_basket,42,quantity,gt_p99,7,6036,0,0.0,0.0,0,0.0,0.0,false
insta_market_basket,42,quantity,gt_p99,8,6036,0,0.0,0.0,0,0.0,0.0,false
insta_market_basket,42,quantity,gt_p99,9,6036,0,0.0,0.0,0,0.0,0.0,false
insta_market_basket,42,quantity,gt_p99,10,6036,4,0.0001656726308813784,0.0006626905235255136,1,0.0001656726308813784,0.4661656692624092,true
insta_market_basket,42,quantity,gt_p99,11,6036,0,0.0,0.0,0,0.0,0.0,false
insta_market_basket,42,quantity,gt_p99,12,6036,0,0.0,0.0,0,0.0,0.0,false
insta_market_basket,42,quantity,gt_p99,13,6036,1,0.0000414181577203446,0.0001656726308813784,0,0.0,0.4942399859428406,true
insta_market_basket,42,quantity,gt_p99,14,6036,0,0.0,0.0,0,0.0,0.0,false
insta_market_basket,42,quantity,gt_p99,15,6036,51,0.0021123260437375746,0.008449304174950299,1,0.0001656726308813784,0.41400645118133694,true
insta_market_basket,42,quantity,gt_p99,16,6036,3,0.00012425447316103378,0.0004970178926441351,1,0.0001656726308813784,0.24279714624087015,true
insta_market_basket,42,quantity,gt_p99,17,6036,0,0.0,0.0,0,0.0,0.0,false
insta_market_basket,42,quantity,gt_p99,18,6036,0,0.0,0.0,0,0.0,0.0,false
insta_market_basket,42,quantity,gt_p99,19,6036,0,0.0,0.0,0,0.0,0.0,false
insta_market_basket,42,quantity,gt_p99,20,6036,0,0.0,0.0,0,0.0,0.0,false
insta_market_basket,42,quantity,gt_p99,21,6036,0,0.0,0.0,0,0.0,0.0,false
insta_market_basket,42,quantity,gt_p99,22,6036,0,0.0,0.0,0,0.0,0.0,false
insta_market_basket,42,quantity,gt_p99,23,6036,28,0.0011597084161696488,0.004638833664678595,0,0.0,0.4528744231377329,true
insta_market_basket,42,quantity,gt_p99,24,6036,5317,0.22022034459907222,0.8808813783962889,26,0.004307488402915839,0.526457862967395,true
insta_market_basket,42,quantity,gt_p99,25,6036,25,0.001035453943008615,0.00414181577203446,10,0.0016567263088137839,0.4718181383609772,true
insta_market_basket,42,quantity,gt_p99,26,6036,10,0.00041418157720344597,0.0016567263088137839,0,0.0,0.4203267186880112,true
insta_market_basket,42,quantity,gt_p99,27,6036,0,0.0,0.0,0,0.0,0.0,false
insta_market_basket,42,quantity,gt_p99,28,6036,14,0.0005798542080848244,0.0023194168323392977,1,0.0001656726308813784,0.47576366790703367,true
insta_market_basket,42,quantity,gt_p99,29,6036,0,0.0,0.0,0,0.0,0.0,false
insta_market_basket,42,quantity,gt_p99,30,6036,16,0.0006626905235255136,0.0026507620941020544,2,0.0003313452617627568,0.3024656483903527,true
insta_market_basket,42,quantity,gt_p99,31,6036,294,0.012176938369781311,0.048707753479125246,20,0.0033134526176275677,0.3774570090075334,true
insta_market_basket,42,quantity,gt_p99,32,6036,0,0.0,0.0,0,0.0,0.0,false
insta_market_basket,42,quantity,gt_p99,33,6036,0,0.0,0.0,0,0.0,0.0,false
insta_market_basket,42,quantity,gt_p99,34,6036,0,0.0,0.0,0,0.0,0.0,false
insta_market_basket,42,quantity,gt_p99,35,6036,0,0.0,0.0,0,0.0,0.0,false
insta_market_basket,42,quantity,gt_p99,36,6036,0,0.0,0.0,0,0.0,0.0,false
insta_market_basket,42,quantity,gt_p99,37,6036,213,0.0088220675944334,0.0352882703777336,68,0.01126573889993373,0.501684458462845,true
insta_market_basket,42,quantity,gt_p99,38,6036,0,0.0,0.0,0,0.0,0.0,false
insta_market_basket,42,quantity,gt_p99,39,6036,182,0.007538104705102717,0.030152418820410868,29,0.004804506295559973,0.549050971374407,true
insta_market_basket,42,quantity,gt_p99,40,6036,678,0.02808151093439364,0.11232604373757456,323,0.053512259774685225,0.4195582734800018,true
insta_market_basket,42,quantity,gt_p99,41,6036,0,0.0,0.0,0,0.0,0.0,false
insta_market_basket,42,quantity,gt_p99,42,6036,0,0.0,0.0,0,0.0,0.0,false
insta_market_basket,42,quantity,gt_p99,43,6036,0,0.0,0.0,0,0.0,0.0,false
insta_market_basket,42,quantity,gt_p99,44,6036,0,0.0,0.0,0,0.0,0.0,false
insta_market_basket,42,quantity,gt_p99,45,6036,0,0.0,0.0,0,0.0,0.0,false
insta_market_basket,42,quantity,gt_p99,46,6036,0,0.0,0.0,0,0.0,0.0,false
insta_market_basket,42,quantity,gt_p99,47,6036,2584,0.10702451954937045,0.4280980781974818,35,0.005798542080848244,0.5483709926004795,true
insta_market_basket,42,quantity,gt_p99,48,6036,3,0.00012425447316103378,0.0004970178926441351,0,0.0,0.36253265539805096,true
insta_market_basket,42,quantity,gt_p99,49,6036,4841,0.20050530152418822,0.8020212060967529,355,0.05881378396288933,0.5301438131037022,true
insta_market_basket,42,quantity,gt_p99,50,6036,358,0.014827700463883367,0.05931080185553347,102,0.016898608349900597,0.5125819061721504,true
insta_market_basket,42,quantity,gt_p99,51,6036,0,0.0,0.0,0,0.0,0.0,false
insta_market_basket,42,quantity,gt_p99,52,6036,3374,0.13974486414844267,0.5589794565937707,357,0.059145129224652086,0.48566743027513803,true
insta_market_basket,42,quantity,gt_p99,53,6036,0,0.0,0.0,0,0.0,0.0,false
insta_market_basket,42,quantity,gt_p99,54,6036,21,0.0008697813121272366,0.0034791252485089465,0,0.0,0.3229996342034567,true
insta_market_basket,42,quantity,gt_p99,55,6036,0,0.0,0.0,0,0.0,0.0,false
insta_market_basket,42,quantity,gt_p99,56,6036,0,0.0,0.0,0,0.0,0.0,false
insta_market_basket,42,quantity,gt_p99,57,6036,0,0.0,0.0,0,0.0,0.0,false
insta_market_basket,42,quantity,gt_p99,58,6036,0,0.0,0.0,0,0.0,0.0,false
insta_market_basket,42,quantity,gt_p99,59,6036,1,0.0000414181577203446,0.0001656726308813784,0,0.0,0.13030855357646942,true
insta_market_basket,42,quantity,gt_p99,60,6036,0,0.0,0.0,0,0.0,0.0,false
insta_market_basket,42,quantity,gt_p99,61,6036,0,0.0,0.0,0,0.0,0.0,false
insta_market_basket,42,quantity,gt_p99,62,6036,0,0.0,0.0,0,0.0,0.0,false
insta_market_basket,42,quantity,gt_p99,63,6036,0,0.0,0.0,0,0.0,0.0,false
insta_market_basket,42,quantity,le_p50,0,247651,1330,0.0013426152125369977,0.005370460850147991,16,0.00006460704782132921,0.2411746984911834,true
insta_market_basket,42,quantity,le_p50,1,247651,169,0.00017060298565319744,0.0006824119426127898,45,0.0001817073219974884,0.09018791309248218,true
insta_market_basket,42,quantity,le_p50,2,247651,0,0.0,0.0,0,0.0,0.0,false
insta_market_basket,42,quantity,le_p50,3,247651,205631,0.20758143516480854,0.8303257406592341,61790,0.24950434280499573,0.4258295613105774,true
insta_market_basket,42,quantity,le_p50,4,247651,99,0.00009993902709861862,0.00039975610839447447,8,0.000032303523910664606,0.05275987561632211,true
insta_market_basket,42,quantity,le_p50,5,247651,1583,0.0015980149484556897,0.006392059793822759,5,0.000020189702444165378,0.23073386258306283,true
insta_market_basket,42,quantity,le_p50,6,247651,0,0.0,0.0,0,0.0,0.0,false
insta_market_basket,42,quantity,le_p50,7,247651,0,0.0,0.0,0,0.0,0.0,false
insta_market_basket,42,quantity,le_p50,8,247651,15,0.000015142276833124033,0.00006056910733249613,0,0.0,0.09711840910216173,true
insta_market_basket,42,quantity,le_p50,9,247651,85,0.00008580623538770286,0.00034322494155081143,5,0.000020189702444165378,0.21461566520909614,true
insta_market_basket,42,quantity,le_p50,10,247651,564,0.0005693496089254637,0.0022773984357018547,81,0.0003270731795954791,0.3405110427634196,true
insta_market_basket,42,quantity,le_p50,11,247651,7,7.066395855457882e-6,0.000028265583421831528,0,0.0,0.0022059367703539984,true
insta_market_basket,42,quantity,le_p50,12,247651,3,3.0284553666248066e-6,0.000012113821466499227,0,0.0,0.12768745313708982,true
insta_market_basket,42,quantity,le_p50,13,247651,117,0.00011810975929836746,0.00047243903719346983,17,0.00006864498831016228,0.19619016799056888,true
insta_market_basket,42,quantity,le_p50,14,247651,5,5.0474256110413445e-6,0.000020189702444165378,0,0.0,-0.016727607720531522,true
insta_market_basket,42,quantity,le_p50,15,247651,270,0.0002725609829962326,0.0010902439319849305,1,4.037940488833076e-6,0.32787971993287407,true
insta_market_basket,42,quantity,le_p50,16,247651,405,0.0004088414744943489,0.0016353658979773955,32,0.00012921409564265843,0.05131296187937102,true
insta_market_basket,42,quantity,le_p50,17,247651,2249,0.002270332039846397,0.009081328159385588,596,0.002406612531344513,0.22718163031088057,true
insta_market_basket,42,quantity,le_p50,18,247651,0,0.0,0.0,0,0.0,0.0,false
insta_market_basket,42,quantity,le_p50,19,247651,0,0.0,0.0,0,0.0,0.0,false
insta_market_basket,42,quantity,le_p50,20,247651,3,3.0284553666248066e-6,0.000012113821466499227,0,0.0,-0.08933659518758456,true
insta_market_basket,42,quantity,le_p50,21,247651,2,2.018970244416538e-6,8.075880977666152e-6,0,0.0,0.3162442743778229,true
insta_market_basket,42,quantity,le_p50,22,247651,0,0.0,0.0,0,0.0,0.0,false
insta_market_basket,42,quantity,le_p50,23,247651,347,0.0003502913374062693,0.0014011653496250772,12,0.000048455285865996906,0.38745130538425115,true
insta_market_basket,42,quantity,le_p50,24,247651,75895,0.07661487334999657,0.3064594933999863,1026,0.004142926941542735,0.4451336958938957,true
insta_market_basket,42,quantity,le_p50,25,247651,39387,0.039760590508417085,0.15904236203366834,4283,0.017294499113672063,0.3678734673471915,true
insta_market_basket,42,quantity,le_p50,26,247651,301,0.0003038550217846889,0.0012154200871387557,23,0.00009287263124316074,0.3530141187961711,true
insta_market_basket,42,quantity,le_p50,27,247651,1,1.009485122208269e-6,4.037940488833076e-6,0,0.0,-0.1361391395330429,true
insta_market_basket,42,quantity,le_p50,28,247651,784,0.0007914363358112828,0.0031657453432451313,176,0.0007106775260346213,0.3281563867124959,true
insta_market_basket,42,quantity,le_p50,29,247651,3,3.0284553666248066e-6,0.000012113821466499227,0,0.0,0.2621476352214813,true
insta_market_basket,42,quantity,le_p50,30,247651,386,0.0003896612571723918,0.0015586450286895672,105,0.00042398375132747296,0.14653500296441485,true
insta_market_basket,42,quantity,le_p50,31,247651,7192,0.00726021699892187,0.02904086799568748,911,0.0036785637853269317,0.30308326455312196,true
insta_market_basket,42,quantity,le_p50,32,247651,0,0.0,0.0,0,0.0,0.0,false
insta_market_basket,42,quantity,le_p50,33,247651,4,4.037940488833076e-6,0.000016151761955332303,1,4.037940488833076e-6,-0.03789752791635692,true
insta_market_basket,42,quantity,le_p50,34,247651,7,7.066395855457882e-6,0.000028265583421831528,0,0.0,0.2144721151728715,true
insta_market_basket,42,quantity,le_p50,35,247651,22,0.000022208672688581916,0.00008883469075432766,1,4.037940488833076e-6,0.20059824133799833,true
insta_market_basket,42,quantity,le_p50,36,247651,0,0.0,0.0,0,0.0,0.0,false
insta_market_basket,42,quantity,le_p50,37,247651,3051,0.0030799391078574286,0.012319756431429714,1063,0.0042923307396295594,0.41472815067767704,true
insta_market_basket,42,quantity,le_p50,38,247651,1,1.009485122208269e-6,4.037940488833076e-6,0,0.0,0.480492502450943,true
insta_market_basket,42,quantity,le_p50,39,247651,2768,0.0027942548182724883,0.011177019273089953,341,0.0013769377066920787,0.5293857670157631,true
insta_market_basket,42,quantity,le_p50,40,247651,8098,0.008174810519642561,0.032699242078570244,3331,0.013450379768302975,0.3230279884522801,true
insta_market_basket,42,quantity,le_p50,41,247651,15,0.000015142276833124033,0.00006056910733249613,0,0.0,0.29471169312795004,true
insta_market_basket,42,quantity,le_p50,42,247651,23,0.000023218157810790186,0.00009287263124316074,0,0.0,0.18675699052603348,true
insta_market_basket,42,quantity,le_p50,43,247651,0,0.0,0.0,0,0.0,0.0,false
insta_market_basket,42,quantity,le_p50,44,247651,2,2.018970244416538e-6,8.075880977666152e-6,0,0.0,-0.05544775937596569,true
insta_market_basket,42,quantity,le_p50,45,247651,9,9.08536609987442e-6,0.00003634146439949768,0,0.0,-0.012110698968172073,true
insta_market_basket,42,quantity,le_p50,46,247651,7,7.066395855457882e-6,0.000028265583421831528,0,0.0,0.038261713327041695,true
insta_market_basket,42,quantity,le_p50,47,247651,196513,0.19837694982051354,0.7935077992820542,661,0.002669078663118663,0.41567900644496675,true
insta_market_basket,42,quantity,le_p50,48,247651,455,0.00045931573060476236,0.0018372629224190494,41,0.0001655555600421561,0.2931427300467596,true
insta_market_basket,42,quantity,le_p50,49,247651,232506,0.23471134782415576,0.938845391296623,59860,0.2417111176615479,0.42315728869482416,true
insta_market_basket,42,quantity,le_p50,50,247651,160978,0.1625048960028427,0.6500195840113708,104684,0.4227077621330017,0.4296535017570912,true
insta_market_basket,42,quantity,le_p50,51,247651,1,1.009485122208269e-6,4.037940488833076e-6,0,0.0,0.12138693034648895,true
insta_market_basket,42,quantity,le_p50,52,247651,48428,0.048887345498302044,0.19554938199320818,8352,0.033724878962733844,0.3431276734833241,true
insta_market_basket,42,quantity,le_p50,53,247651,0,0.0,0.0,0,0.0,0.0,false
insta_market_basket,42,quantity,le_p50,54,247651,481,0.00048556234378217735,0.0019422493751287094,98,0.0003957181679056414,0.18217039126210618,true
insta_market_basket,42,quantity,le_p50,55,247651,21,0.000021199187566373645,0.00008479675026549458,0,0.0,0.04879355503778372,true
insta_market_basket,42,quantity,le_p50,56,247651,16,0.000016151761955332303,0.00006460704782132921,5,0.000020189702444165378,-0.008883957867510617,true
insta_market_basket,42,quantity,le_p50,57,247651,292,0.0002947696556848145,0.001179078622739258,61,0.00024631436981881763,0.08107092033486418,true
insta_market_basket,42,quantity,le_p50,58,247651,15,0.000015142276833124033,0.00006056910733249613,0,0.0,0.5111610372861226,true
insta_market_basket,42,quantity,le_p50,59,247651,47,0.000047445800743788636,0.00018978320297515454,18,0.00007268292879899536,0.09165832009959093,true
insta_market_basket,42,quantity,le_p50,60,247651,3,3.0284553666248066e-6,0.000012113821466499227,0,0.0,0.3820068637530009,true
insta_market_basket,42,quantity,le_p50,61,247651,1,1.009485122208269e-6,4.037940488833076e-6,0,0.0,-0.10210675001144409,true
insta_market_basket,42,quantity,le_p50,62,247651,7,7.066395855457882e-6,0.000028265583421831528,2,8.075880977666152e-6,-0.056189004597919326,true
insta_market_basket,42,quantity,le_p50,63,247651,0,0.0,0.0,0,0.0,0.0,false
insta_market_basket,42,quantity,p50_p90,0,202534,1463,0.0018058696317655308,0.007223478527062123,10,0.00004937442602229749,0.29537063615106335,true
insta_market_basket,42,quantity,p50_p90,1,202534,21,0.000025921573661706183,0.00010368629464682473,1,4.937442602229749e-6,0.16037485891553974,true
insta_market_basket,42,quantity,p50_p90,2,202534,0,0.0,0.0,0,0.0,0.0,false
insta_market_basket,42,quantity,p50_p90,3,202534,197097,0.2432887811429192,0.9731551245716769,110816,0.5471476394086918,0.4872672195651904,true
insta_market_basket,42,quantity,p50_p90,4,202534,5,6.171803252787186e-6,0.000024687213011148745,0,0.0,0.2096864953637123,true
insta_market_basket,42,quantity,p50_p90,5,202534,1573,0.0019416493033268488,0.007766597213307395,1,4.937442602229749e-6,0.3160185268766307,true
insta_market_basket,42,quantity,p50_p90,6,202534,0,0.0,0.0,0,0.0,0.0,false
insta_market_basket,42,quantity,p50_p90,7,202534,1,1.2343606505574372e-6,4.937442602229749e-6,0,0.0,0.09339013695716858,true
insta_market_basket,42,quantity,p50_p90,8,202534,0,0.0,0.0,0,0.0,0.0,false
insta_market_basket,42,quantity,p50_p90,9,202534,23,0.00002839029496282106,0.00011356117985128423,1,4.937442602229749e-6,0.2719390832859537,true
insta_market_basket,42,quantity,p50_p90,10,202534,138,0.00017034176977692635,0.0006813670791077054,18,0.00008887396684013549,0.4000052363760229,true
insta_market_basket,42,quantity,p50_p90,11,202534,0,0.0,0.0,0,0.0,0.0,false
insta_market_basket,42,quantity,p50_p90,12,202534,0,0.0,0.0,0,0.0,0.0,false
insta_market_basket,42,quantity,p50_p90,13,202534,22,0.00002715593431226362,0.00010862373724905448,0,0.0,0.28789079731160944,true
insta_market_basket,42,quantity,p50_p90,14,202534,1,1.2343606505574372e-6,4.937442602229749e-6,0,0.0,-0.032044362276792526,true
insta_market_basket,42,quantity,p50_p90,15,202534,429,0.0005295407190891406,0.0021181628763565622,5,0.000024687213011148745,0.3643838747606411,true
insta_market_basket,42,quantity,p50_p90,16,202534,95,0.00011726426180295655,0.0004690570472118262,13,0.00006418675382898674,0.1537600176310853,true
insta_market_basket,42,quantity,p50_p90,17,202534,174,0.00021477875319699408,0.0008591150127879763,34,0.00016787304847581147,0.3289431233933174,true
insta_market_basket,42,quantity,p50_p90,18,202534,0,0.0,0.0,0,0.0,0.0,false
insta_market_basket,42,quantity,p50_p90,19,202534,0,0.0,0.0,0,0.0,0.0,false
insta_market_basket,42,quantity,p50_p90,20,202534,0,0.0,0.0,0,0.0,0.0,false
insta_market_basket,42,quantity,p50_p90,21,202534,14,0.000017281049107804123,0.00006912419643121649,0,0.0,0.2821214848331043,true
insta_market_basket,42,quantity,p50_p90,22,202534,0,0.0,0.0,0,0.0,0.0,false
insta_market_basket,42,quantity,p50_p90,23,202534,409,0.0005048535060779919,0.0020194140243119676,8,0.00003949954081783799,0.40994372311751825,true
insta_market_basket,42,quantity,p50_p90,24,202534,133836,0.16520189202800517,0.6608075681120207,881,0.004349886932564409,0.4862949075177312,true
insta_market_basket,42,quantity,p50_p90,25,202534,3716,0.004586884177471437,0.01834753670988575,754,0.003722831722081231,0.4649184211803875,true
insta_market_basket,42,quantity,p50_p90,26,202534,237,0.0002925434741821126,0.0011701738967284504,4,0.000019749770408918996,0.3952004405265116,true
insta_market_basket,42,quantity,p50_p90,27,202534,0,0.0,0.0,0,0.0,0.0,false
insta_market_basket,42,quantity,p50_p90,28,202534,390,0.0004814006537174005,0.001925602614869602,54,0.00026662190052040643,0.3935915761269056,true
insta_market_basket,42,quantity,p50_p90,29,202534,2,2.4687213011148745e-6,9.874885204459498e-6,0,0.0,0.34565939009189606,true
insta_market_basket,42,quantity,p50_p90,30,202534,244,0.0003011839987360147,0.0012047359949440587,33,0.00016293560587358173,0.20898124587828995,true
insta_market_basket,42,quantity,p50_p90,31,202534,7978,0.009847729270147234,0.039390917080588936,844,0.004167201556281908,0.347769693152305,true
insta_market_basket,42,quantity,p50_p90,32,202534,0,0.0,0.0,0,0.0,0.0,false
insta_market_basket,42,quantity,p50_p90,33,202534,1,1.2343606505574372e-6,4.937442602229749e-6,0,0.0,0.17622873187065125,true
insta_market_basket,42,quantity,p50_p90,34,202534,1,1.2343606505574372e-6,4.937442602229749e-6,0,0.0,0.28215429186820984,true
insta_market_basket,42,quantity,p50_p90,35,202534,1,1.2343606505574372e-6,4.937442602229749e-6,0,0.0,0.5210843682289124,true
insta_market_basket,42,quantity,p50_p90,36,202534,0,0.0,0.0,0,0.0,0.0,false
insta_market_basket,42,quantity,p50_p90,37,202534,3944,0.004868318405798533,0.01947327362319413,1384,0.006833420561485973,0.46137945129182834,true
insta_market_basket,42,quantity,p50_p90,38,202534,1,1.2343606505574372e-6,4.937442602229749e-6,0,0.0,0.4620577096939087,true
insta_market_basket,42,quantity,p50_p90,39,202534,3732,0.0046066339478803555,0.018426535791521422,411,0.0020292889095164268,0.539035680537119,true
insta_market_basket,42,quantity,p50_p90,40,202534,12232,0.015098699477618573,0.06039479791047429,5104,0.02520070704178064,0.36395988725320705,true
insta_market_basket,42,quantity,p50_p90,41,202534,3,3.7030819516723117e-6,0.000014812327806689247,0,0.0,0.2662940174341202,true
insta_market_basket,42,quantity,p50_p90,42,202534,3,3.7030819516723117e-6,0.000014812327806689247,0,0.0,0.1522527647515138,true
insta_market_basket,42,quantity,p50_p90,43,202534,0,0.0,0.0,0,0.0,0.0,false
insta_market_basket,42,quantity,p50_p90,44,202534,1,1.2343606505574372e-6,4.937442602229749e-6,0,0.0,0.24818845093250275,true
insta_market_basket,42,quantity,p50_p90,45,202534,0,0.0,0.0,0,0.0,0.0,false
insta_market_basket,42,quantity,p50_p90,46,202534,0,0.0,0.0,0,0.0,0.0,false
insta_market_basket,42,quantity,p50_p90,47,202534,131195,0.16194194554988298,0.6477677821995319,739,0.0036487700830477848,0.49753948988303076,true
insta_market_basket,42,quantity,p50_p90,48,202534,217,0.0002678562611709639,0.0010714250446838556,8,0.00003949954081783799,0.3296455760842644,true
insta_market_basket,42,quantity,p50_p90,49,202534,182086,0.22475979341740152,0.8990391736696061,51780,0.25566077794345643,0.4927832757678561,true
insta_market_basket,42,quantity,p50_p90,50,202534,61341,0.07571691666584376,0.30286766666337506,22061,0.10892492124779049,0.4944683762755933,true
insta_market_basket,42,quantity,p50_p90,51,202534,0,0.0,0.0,0,0.0,0.0,false
insta_market_basket,42,quantity,p50_p90,52,202534,67117,0.08284658378346352,0.33138633513385407,7528,0.03716906790958555,0.4167600916546701,true
insta_market_basket,42,quantity,p50_p90,53,202534,0,0.0,0.0,0,0.0,0.0,false
insta_market_basket,42,quantity,p50_p90,54,202534,289,0.00035673022801109935,0.0014269209120443974,35,0.0001728104910780412,0.2438344182462712,true
insta_market_basket,42,quantity,p50_p90,55,202534,0,0.0,0.0,0,0.0,0.0,false
insta_market_basket,42,quantity,p50_p90,56,202534,0,0.0,0.0,0,0.0,0.0,false
insta_market_basket,42,quantity,p50_p90,57,202534,78,0.00009628013074348011,0.00038512052297392043,7,0.000034562098215608246,0.17038228983680406,true
insta_market_basket,42,quantity,p50_p90,58,202534,20,0.000024687213011148745,0.00009874885204459498,0,0.0,0.510872109234333,true
insta_market_basket,42,quantity,p50_p90,59,202534,5,6.171803252787186e-6,0.000024687213011148745,0,0.0,0.13314746916294098,true
insta_market_basket,42,quantity,p50_p90,60,202534,1,1.2343606505574372e-6,4.937442602229749e-6,0,0.0,0.37099140882492065,true
insta_market_basket,42,quantity,p50_p90,61,202534,0,0.0,0.0,0,0.0,0.0,false
insta_market_basket,42,quantity,p50_p90,62,202534,0,0.0,0.0,0,0.0,0.0,false
insta_market_basket,42,quantity,p50_p90,63,202534,0,0.0,0.0,0,0.0,0.0,false
insta_market_basket,42,quantity,p90_p95,0,27322,250,0.0022875338555010615,0.009150135422004246,4,0.00014640216675206792,0.34010054886341096,true
insta_market_basket,42,quantity,p90_p95,1,27322,1,9.150135422004245e-6,0.00003660054168801698,0,0.0,0.3292445242404938,true
insta_market_basket,42,quantity,p90_p95,2,27322,0,0.0,0.0,0,0.0,0.0,false
insta_market_basket,42,quantity,p90_p95,3,27322,26812,0.24533343093477783,0.9813337237391113,19711,0.7214332772125027,0.5141321971697679,true
insta_market_basket,42,quantity,p90_p95,4,27322,0,0.0,0.0,0,0.0,0.0,false
insta_market_basket,42,quantity,p90_p95,5,27322,312,0.0028548422516653247,0.011419369006661299,0,0.0,0.38273164861572856,true
insta_market_basket,42,quantity,p90_p95,6,27322,0,0.0,0.0,0,0.0,0.0,false
insta_market_basket,42,quantity,p90_p95,7,27322,0,0.0,0.0,0,0.0,0.0,false
insta_market_basket,42,quantity,p90_p95,8,27322,0,0.0,0.0,0,0.0,0.0,false
insta_market_basket,42,quantity,p90_p95,9,27322,3,0.000027450406266012737,0.00010980162506405095,0,0.0,0.31287896633148193,true
insta_market_basket,42,quantity,p90_p95,10,27322,8,0.00007320108337603396,0.00029280433350413584,1,0.00003660054168801698,0.4140610657632351,true
insta_market_basket,42,quantity,p90_p95,11,27322,0,0.0,0.0,0,0.0,0.0,false
insta_market_basket,42,quantity,p90_p95,12,27322,0,0.0,0.0,0,0.0,0.0,false
insta_market_basket,42,quantity,p90_p95,13,27322,4,0.00003660054168801698,0.00014640216675206792,0,0.0,0.30754779651761055,true
insta_market_basket,42,quantity,p90_p95,14,27322,0,0.0,0.0,0,0.0,0.0,false
insta_market_basket,42,quantity,p90_p95,15,27322,90,0.0008235121879803821,0.0032940487519215285,0,0.0,0.38534604410330453,true
insta_market_basket,42,quantity,p90_p95,16,27322,10,0.00009150135422004246,0.00036600541688016985,0,0.0,0.18823526613414288,true
insta_market_basket,42,quantity,p90_p95,17,27322,0,0.0,0.0,0,0.0,0.0,false
insta_market_basket,42,quantity,p90_p95,18,27322,0,0.0,0.0,0,0.0,0.0,false
insta_market_basket,42,quantity,p90_p95,19,27322,0,0.0,0.0,0,0.0,0.0,false
insta_market_basket,42,quantity,p90_p95,20,27322,0,0.0,0.0,0,0.0,0.0,false
insta_market_basket,42,quantity,p90_p95,21,27322,0,0.0,0.0,0,0.0,0.0,false
insta_market_basket,42,quantity,p90_p95,22,27322,0,0.0,0.0,0,0.0,0.0,false
insta_market_basket,42,quantity,p90_p95,23,27322,81,0.0007411609691823439,0.0029646438767293756,0,0.0,0.4318271018104789,true
insta_market_basket,42,quantity,p90_p95,24,27322,22769,0.20833943342361466,0.8333577336944586,73,0.0026718395432252396,0.510216919124366,true
insta_market_basket,42,quantity,p90_p95,25,27322,213,0.0019489788448869042,0.007795915379547617,38,0.0013908205841446453,0.4670523644682947,true
insta_market_basket,42,quantity,p90_p95,26,27322,20,0.00018300270844008492,0.0007320108337603397,0,0.0,0.415014910697937,true
insta_market_basket,42,quantity,p90_p95,27,27322,0,0.0,0.0,0,0.0,0.0,false
insta_market_basket,42,quantity,p90_p95,28,27322,50,0.00045750677110021227,0.001830027084400849,6,0.0002196032501281019,0.4271953493356705,true
insta_market_basket,42,quantity,p90_p95,29,27322,1,9.150135422004245e-6,0.00003660054168801698,0,0.0,0.40167877078056335,true
insta_market_basket,42,quantity,p90_p95,30,27322,23,0.00021045311470609766,0.0008418124588243906,4,0.00014640216675206792,0.23885793595210367,true
insta_market_basket,42,quantity,p90_p95,31,27322,1091,0.009982797745406632,0.03993119098162653,99,0.0036234536271136813,0.37273528715074883,true
insta_market_basket,42,quantity,p90_p95,32,27322,0,0.0,0.0,0,0.0,0.0,false
insta_market_basket,42,quantity,p90_p95,33,27322,0,0.0,0.0,0,0.0,0.0,false
insta_market_basket,42,quantity,p90_p95,34,27322,0,0.0,0.0,0,0.0,0.0,false
insta_market_basket,42,quantity,p90_p95,35,27322,0,0.0,0.0,0,0.0,0.0,false
insta_market_basket,42,quantity,p90_p95,36,27322,0,0.0,0.0,0,0.0,0.0,false
insta_market_basket,42,quantity,p90_p95,37,27322,722,0.006606397774687065,0.02642559109874826,236,0.008637727838372009,0.4904315545948589,true
insta_market_basket,42,quantity,p90_p95,38,27322,0,0.0,0.0,0,0.0,0.0,false
insta_market_basket,42,quantity,p90_p95,39,27322,626,0.005727984774174658,0.02291193909669863,75,0.0027450406266012737,0.5475591500631918,true
insta_market_basket,42,quantity,p90_p95,40,27322,2145,0.019627040480199108,0.07850816192079643,931,0.034075104311543813,0.39606595728155614,true
insta_market_basket,42,quantity,p90_p95,41,27322,0,0.0,0.0,0,0.0,0.0,false
insta_market_basket,42,quantity,p90_p95,42,27322,1,9.150135422004245e-6,0.00003660054168801698,0,0.0,0.3299523890018463,true
insta_market_basket,42,quantity,p90_p95,43,27322,0,0.0,0.0,0,0.0,0.0,false
insta_market_basket,42,quantity,p90_p95,44,27322,0,0.0,0.0,0,0.0,0.0,false
insta_market_basket,42,quantity,p90_p95,45,27322,0,0.0,0.0,0,0.0,0.0,false
insta_market_basket,42,quantity,p90_p95,46,27322,0,0.0,0.0,0,0.0,0.0,false
insta_market_basket,42,quantity,p90_p95,47,27322,14525,0.13290571700461168,0.5316228680184467,113,0.004135861210745919,0.5293452712980687,true
insta_market_basket,42,quantity,p90_p95,48,27322,6,0.000054900812532025474,0.0002196032501281019,0,0.0,0.34813304245471954,true
insta_market_basket,42,quantity,p90_p95,49,27322,23780,0.21759022033526096,0.8703608813410438,3799,0.13904545787277653,0.5166477414065012,true
insta_market_basket,42,quantity,p90_p95,50,27322,3547,0.03245553034184906,0.12982212136739624,1054,0.0385769709391699,0.5096735913072266,true
insta_market_basket,42,quantity,p90_p95,51,27322,0,0.0,0.0,0,0.0,0.0,false
insta_market_basket,42,quantity,p90_p95,52,27322,12157,0.11123819632530561,0.44495278530122245,1175,0.04300563648341996,0.4578242788401258,true
insta_market_basket,42,quantity,p90_p95,53,27322,0,0.0,0.0,0,0.0,0.0,false
insta_market_basket,42,quantity,p90_p95,54,27322,27,0.00024705365639411463,0.0009882146255764585,3,0.00010980162506405095,0.2763929063523257,true
insta_market_basket,42,quantity,p90_p95,55,27322,0,0.0,0.0,0,0.0,0.0,false
insta_market_basket,42,quantity,p90_p95,56,27322,0,0.0,0.0,0,0.0,0.0,false
insta_market_basket,42,quantity,p90_p95,57,27322,9,0.00008235121879803821,0.00032940487519215285,0,0.0,0.21105126043160757,true
insta_market_basket,42,quantity,p90_p95,58,27322,5,0.00004575067711002123,0.00018300270844008492,0,0.0,0.5726008176803589,true
insta_market_basket,42,quantity,p90_p95,59,27322,0,0.0,0.0,0,0.0,0.0,false
insta_market_basket,42,quantity,p90_p95,60,27322,0,0.0,0.0,0,0.0,0.0,false
insta_market_basket,42,quantity,p90_p95,61,27322,0,0.0,0.0,0,0.0,0.0,false
insta_market_basket,42,quantity,p90_p95,62,27322,0,0.0,0.0,0,0.0,0.0,false
insta_market_basket,42,quantity,p90_p95,63,27322,0,0.0,0.0,0,0.0,0.0,false
insta_market_basket,42,quantity,p95_p99,0,20190,227,0.002810797424467558,0.011243189697870233,1,0.00004952947003467063,0.36089904245300963,true
insta_market_basket,42,quantity,p95_p99,1,20190,1,0.000012382367508667657,0.00004952947003467063,0,0.0,0.23961716890335083,true
insta_market_basket,42,quantity,p95_p99,2,20190,0,0.0,0.0,0,0.0,0.0,false
insta_market_basket,42,quantity,p95_p99,3,20190,19794,0.2450965824665676,0.9803863298662704,15625,0.7738979692917286,0.5229944274291687,true
insta_market_basket,42,quantity,p95_p99,4,20190,0,0.0,0.0,0,0.0,0.0,false
insta_market_basket,42,quantity,p95_p99,5,20190,308,0.0038137691926696383,0.015255076770678553,0,0.0,0.407801816481855,true
insta_market_basket,42,quantity,p95_p99,6,20190,0,0.0,0.0,0,0.0,0.0,false
insta_market_basket,42,quantity,p95_p99,7,20190,0,0.0,0.0,0,0.0,0.0,false
insta_market_basket,42,quantity,p95_p99,8,20190,0,0.0,0.0,0,0.0,0.0,false
insta_market_basket,42,quantity,p95_p99,9,20190,2,0.000024764735017335315,0.00009905894006934126,0,0.0,0.32059572637081146,true
insta_market_basket,42,quantity,p95_p99,10,20190,11,0.00013620604259534423,0.0005448241703813769,1,0.00004952947003467063,0.47919380122965033,true
insta_market_basket,42,quantity,p95_p99,11,20190,0,0.0,0.0,0,0.0,0.0,false
insta_market_basket,42,quantity,p95_p99,12,20190,0,0.0,0.0,0,0.0,0.0,false
insta_market_basket,42,quantity,p95_p99,13,20190,3,0.00003714710252600297,0.00014858841010401187,1,0.00004952947003467063,0.30443882942199707,true
insta_market_basket,42,quantity,p95_p99,14,20190,0,0.0,0.0,0,0.0,0.0,false
insta_market_basket,42,quantity,p95_p99,15,20190,99,0.001225854383358098,0.004903417533432392,0,0.0,0.4060417790003497,true
insta_market_basket,42,quantity,p95_p99,16,20190,10,0.00012382367508667657,0.0004952947003467063,1,0.00004952947003467063,0.1928058870136738,true
insta_market_basket,42,quantity,p95_p99,17,20190,3,0.00003714710252600297,0.00014858841010401187,0,0.0,0.4420554240544637,true
insta_market_basket,42,quantity,p95_p99,18,20190,0,0.0,0.0,0,0.0,0.0,false
insta_market_basket,42,quantity,p95_p99,19,20190,0,0.0,0.0,0,0.0,0.0,false
insta_market_basket,42,quantity,p95_p99,20,20190,0,0.0,0.0,0,0.0,0.0,false
insta_market_basket,42,quantity,p95_p99,21,20190,0,0.0,0.0,0,0.0,0.0,false
insta_market_basket,42,quantity,p95_p99,22,20190,0,0.0,0.0,0,0.0,0.0,false
insta_market_basket,42,quantity,p95_p99,23,20190,81,0.0010029717682020801,0.004011887072808321,0,0.0,0.4580233253446626,true
insta_market_basket,42,quantity,p95_p99,24,20190,17599,0.2179172857850421,0.8716691431401684,56,0.0027736503219415553,0.5191139658708008,true
insta_market_basket,42,quantity,p95_p99,25,20190,114,0.001411589895988113,0.005646359583952452,22,0.0010896483407627539,0.4817577480224141,true
insta_market_basket,42,quantity,p95_p99,26,20190,22,0.00027241208519068847,0.0010896483407627539,0,0.0,0.42974843220277265,true
insta_market_basket,42,quantity,p95_p99,27,20190,0,0.0,0.0,0,0.0,0.0,false
insta_market_basket,42,quantity,p95_p99,28,20190,40,0.0004952947003467063,0.001981178801386825,3,0.00014858841010401187,0.4161470901221037,true
insta_market_basket,42,quantity,p95_p99,29,20190,0,0.0,0.0,0,0.0,0.0,false
insta_market_basket,42,quantity,p95_p99,30,20190,21,0.0002600297176820208,0.0010401188707280832,1,0.00004952947003467063,0.24783207405181157,true
insta_market_basket,42,quantity,p95_p99,31,20190,760,0.009410599306587419,0.037642397226349676,74,0.0036651807825656265,0.37453765786792104,true
insta_market_basket,42,quantity,p95_p99,32,20190,0,0.0,0.0,0,0.0,0.0,false
insta_market_basket,42,quantity,p95_p99,33,20190,1,0.000012382367508667657,0.00004952947003467063,0,0.0,0.18925689160823822,true
insta_market_basket,42,quantity,p95_p99,34,20190,0,0.0,0.0,0,0.0,0.0,false
insta_market_basket,42,quantity,p95_p99,35,20190,0,0.0,0.0,0,0.0,0.0,false
insta_market_basket,42,quantity,p95_p99,36,20190,0,0.0,0.0,0,0.0,0.0,false
insta_market_basket,42,quantity,p95_p99,37,20190,634,0.007850421000495295,0.03140168400198118,223,0.011045071817731551,0.4985534339109054,true
insta_market_basket,42,quantity,p95_p99,38,20190,0,0.0,0.0,0,0.0,0.0,false
insta_market_basket,42,quantity,p95_p99,39,20190,510,0.006315007429420505,0.02526002971768202,48,0.00237741456166419,0.549024759963447,true
insta_market_basket,42,quantity,p95_p99,40,20190,1791,0.022176820208023775,0.0887072808320951,746,0.03694898464586429,0.4094939513838138,true
insta_market_basket,42,quantity,p95_p99,41,20190,0,0.0,0.0,0,0.0,0.0,false
insta_market_basket,42,quantity,p95_p99,42,20190,0,0.0,0.0,0,0.0,0.0,false
insta_market_basket,42,quantity,p95_p99,43,20190,0,0.0,0.0,0,0.0,0.0,false
insta_market_basket,42,quantity,p95_p99,44,20190,0,0.0,0.0,0,0.0,0.0,false
insta_market_basket,42,quantity,p95_p99,45,20190,0,0.0,0.0,0,0.0,0.0,false
insta_market_basket,42,quantity,p95_p99,46,20190,0,0.0,0.0,0,0.0,0.0,false
insta_market_basket,42,quantity,p95_p99,47,20190,9483,0.11742199108469539,0.46968796433878157,106,0.005250123823675087,0.5396292448196245,true
insta_market_basket,42,quantity,p95_p99,48,20190,4,0.00004952947003467063,0.00019811788013868252,0,0.0,0.3019489571452141,true
insta_market_basket,42,quantity,p95_p99,49,20190,17245,0.21353392768697374,0.854135710747895,1854,0.09182763744427935,0.5237129453186212,true
insta_market_basket,42,quantity,p95_p99,50,20190,1755,0.021731054977711738,0.08692421991084695,495,0.02451708766716196,0.509517242086579,true
insta_market_basket,42,quantity,p95_p99,51,20190,0,0.0,0.0,0,0.0,0.0,false
insta_market_basket,42,quantity,p95_p99,52,20190,10206,0.1263744427934621,0.5054977711738484,929,0.04601287766220902,0.47459355952021437,true
insta_market_basket,42,quantity,p95_p99,53,20190,0,0.0,0.0,0,0.0,0.0,false
insta_market_basket,42,quantity,p95_p99,54,20190,22,0.00027241208519068847,0.0010896483407627539,3,0.00014858841010401187,0.27939001606269315,true
insta_market_basket,42,quantity,p95_p99,55,20190,0,0.0,0.0,0,0.0,0.0,false
insta_market_basket,42,quantity,p95_p99,56,20190,0,0.0,0.0,0,0.0,0.0,false
insta_market_basket,42,quantity,p95_p99,57,20190,7,0.0000866765725606736,0.0003467062902426944,1,0.00004952947003467063,0.20984843160424912,true
insta_market_basket,42,quantity,p95_p99,58,20190,6,0.00007429420505200594,0.00029717682020802375,0,0.0,0.5264755040407181,true
insta_market_basket,42,quantity,p95_p99,59,20190,0,0.0,0.0,0,0.0,0.0,false
insta_market_basket,42,quantity,p95_p99,60,20190,1,0.000012382367508667657,0.00004952947003467063,0,0.0,0.48612040281295776,true
insta_market_basket,42,quantity,p95_p99,61,20190,0,0.0,0.0,0,0.0,0.0,false
insta_market_basket,42,quantity,p95_p99,62,20190,0,0.0,0.0,0,0.0,0.0,false
insta_market_basket,42,quantity,p95_p99,63,20190,0,0.0,0.0,0,0.0,0.0,false
insta_market_basket,42,quantity_region,body_le_p95,0,477507,3043,0.001593170361900454,0.006372681447601816,30,0.00006282630411700771,0.27535810939800603,true
insta_market_basket,42,quantity_region,body_le_p95,1,477507,191,0.00009999853405290394,0.00039999413621161575,46,0.00009633366631274516,0.09915640771778177,true
insta_market_basket,42,quantity_region,body_le_p95,2,477507,0,0.0,0.0,0,0.0,0.0,false
insta_market_basket,42,quantity_region,body_le_p95,3,477507,429540,0.2248867555868291,0.8995470223473164,192317,0.40275221096235236,0.4595324723355485,true
insta_market_basket,42,quantity_region,body_le_p95,4,477507,104,0.000054449463568073346,0.00021779785427229338,8,0.00001675368109786872,0.06030442464263895,true
insta_market_basket,42,quantity_region,body_le_p95,5,477507,3468,0.0018156801889815228,0.007262720755926091,6,0.000012565260823401542,0.2830914422185801,true
insta_market_basket,42,quantity_region,body_le_p95,6,477507,0,0.0,0.0,0,0.0,0.0,false
insta_market_basket,42,quantity_region,body_le_p95,7,477507,1,5.235525343083975e-7,2.09421013723359e-6,0,0.0,0.09339013695716858,true
insta_market_basket,42,quantity_region,body_le_p95,8,477507,15,7.853288014625964e-6,0.000031413152058503856,0,0.0,0.09711840910216173,true
insta_market_basket,42,quantity_region,body_le_p95,9,477507,111,0.00005811433130823213,0.00023245732523292852,6,0.000012565260823401542,0.22914925547157255,true
insta_market_basket,42,quantity_region,body_le_p95,10,477507,710,0.00037172229935896226,0.001486889197435849,100,0.00020942101372335904,0.35290343558389536,true
insta_market_basket,42,quantity_region,body_le_p95,11,477507,7,3.664867740158783e-6,0.000014659470960635131,0,0.0,0.0022059367703539984,true
insta_market_basket,42,quantity_region,body_le_p95,12,477507,3,1.5706576029251927e-6,6.282630411700771e-6,0,0.0,0.12768745313708982,true
insta_market_basket,42,quantity_region,body_le_p95,13,477507,143,0.00007486801240610085,0.0002994720496244034,17,0.000035601572332971035,0.21341285581693992,true
insta_market_basket,42,quantity_region,body_le_p95,14,477507,6,3.1413152058503854e-6,0.000012565260823401542,0,0.0,-0.019280400146575023,true
insta_market_basket,42,quantity_region,body_le_p95,15,477507,789,0.0004130829495693257,0.0016523317982773027,6,0.000012565260823401542,0.3542830806381349,true
insta_market_basket,42,quantity_region,body_le_p95,16,477507,510,0.00026701179249728275,0.001068047169989131,45,0.00009423945617551157,0.07308098803419567,true
insta_market_basket,42,quantity_region,body_le_p95,17,477507,2423,0.0012685677906292474,0.0050742711625169894,630,0.0013193523864571618,0.2344893066610019,true
insta_market_basket,42,quantity_region,body_le_p95,18,477507,0,0.0,0.0,0,0.0,0.0,false
insta_market_basket,42,quantity_region,body_le_p95,19,477507,0,0.0,0.0,0,0.0,0.0,false
insta_market_basket,42,quantity_region,body_le_p95,20,477507,3,1.5706576029251927e-6,6.282630411700771e-6,0,0.0,-0.08933659518758456,true
insta_market_basket,42,quantity_region,body_le_p95,21,477507,16,8.37684054893436e-6,0.00003350736219573744,0,0.0,0.2863868335261941,true
insta_market_basket,42,quantity_region,body_le_p95,22,477507,0,0.0,0.0,0,0.0,0.0,false
insta_market_basket,42,quantity_region,body_le_p95,23,477507,837,0.0004382134712161288,0.0017528538848645152,20,0.00004188420274467181,0.4027366558781946,true
insta_market_basket,42,quantity_region,body_le_p95,24,477507,232500,0.12172596422670244,0.48690385690680976,1980,0.004146536071722509,0.475201359672916,true
insta_market_basket,42,quantity_region,body_le_p95,25,477507,43316,0.02267820157610255,0.0907128063044102,5075,0.010628116446460471,0.3766864730155577,true
insta_market_basket,42,quantity_region,body_le_p95,26,477507,558,0.00029214231414408586,0.0011685692565763434,27,0.00005654367370530694,0.3731542157282966,true
insta_market_basket,42,quantity_region,body_le_p95,27,477507,1,5.235525343083975e-7,2.09421013723359e-6,0,0.0,-0.1361391395330429,true
insta_market_basket,42,quantity_region,body_le_p95,28,477507,1224,0.0006408283019934786,0.0025633132079739144,236,0.0004942335923871273,0.35305154357751106,true
insta_market_basket,42,quantity_region,body_le_p95,29,477507,6,3.1413152058503854e-6,0.000012565260823401542,0,0.0,0.3132400761047999,true
insta_market_basket,42,quantity_region,body_le_p95,30,477507,653,0.0003418798049033836,0.0013675192196135344,142,0.0002973778394871698,0.17312047115691465,true
insta_market_basket,42,quantity_region,body_le_p95,31,477507,16261,0.008513487760388853,0.03405395104155541,1854,0.0038826655944310764,0.3296805638593327,true
insta_market_basket,42,quantity_region,body_le_p95,32,477507,0,0.0,0.0,0,0.0,0.0,false
insta_market_basket,42,quantity_region,body_le_p95,33,477507,5,2.617762671541988e-6,0.000010471050686167952,1,2.09421013723359e-6,0.004927724041044712,true
insta_market_basket,42,quantity_region,body_le_p95,34,477507,8,4.18842027446718e-6,0.00001675368109786872,0,0.0,0.2229323872597888,true
insta_market_basket,42,quantity_region,body_le_p95,35,477507,23,0.000012041708289093145,0.00004816683315637258,1,2.09421013723359e-6,0.21453242076803808,true
insta_market_basket,42,quantity_region,body_le_p95,36,477507,0,0.0,0.0,0,0.0,0.0,false
insta_market_basket,42,quantity_region,body_le_p95,37,477507,7717,0.004040254907257904,0.016161019629031617,2683,0.005618765798197723,0.4456534567876185,true
insta_market_basket,42,quantity_region,body_le_p95,38,477507,2,1.047105068616795e-6,4.18842027446718e-6,0,0.0,0.47127510607242584,true
insta_market_basket,42,quantity_region,body_le_p95,39,477507,7126,0.003730835359481641,0.014923341437926564,827,0.0017319117834921792,0.5360360638231432,true
insta_market_basket,42,quantity_region,body_le_p95,40,477507,22475,0.011766843208581235,0.04706737283432494,9366,0.019614372145329805,0.35227583847549415,true
insta_market_basket,42,quantity_region,body_le_p95,41,477507,18,9.423945617551157e-6,0.00003769578247020463,0,0.0,0.28997541384564507,true
insta_market_basket,42,quantity_region,body_le_p95,42,477507,27,0.000014135918426326735,0.00005654367370530694,0,0.0,0.1882267209390799,true
insta_market_basket,42,quantity_region,body_le_p95,43,477507,0,0.0,0.0,0,0.0,0.0,false
insta_market_basket,42,quantity_region,body_le_p95,44,477507,3,1.5706576029251927e-6,6.282630411700771e-6,0,0.0,0.045764310726857126,true
insta_market_basket,42,quantity_region,body_le_p95,45,477507,9,4.7119728087755785e-6,0.000018847891235102314,0,0.0,-0.012110698968172073,true
insta_market_basket,42,quantity_region,body_le_p95,46,477507,7,3.664867740158783e-6,0.000014659470960635131,0,0.0,0.038261713327041695,true
insta_market_basket,42,quantity_region,body_le_p95,47,477507,342233,0.17917695447396584,0.7167078178958634,1513,0.003168539937634422,0.45188442387007804,true
insta_market_basket,42,quantity_region,body_le_p95,48,477507,678,0.0003549686182610936,0.0014198744730443743,49,0.00010261629672444593,0.30531243427181315,true
insta_market_basket,42,quantity_region,body_le_p95,49,477507,438372,0.22951077156984087,0.9180430862793635,115439,0.24175352403210842,0.45714924175675276,true
insta_market_basket,42,quantity_region,body_le_p95,50,477507,225866,0.11825271671410052,0.4730108668564021,127799,0.26763796132831563,0.44851265043583777,true
insta_market_basket,42,quantity_region,body_le_p95,51,477507,1,5.235525343083975e-7,2.09421013723359e-6,0,0.0,0.12138693034648895,true
insta_market_basket,42,quantity_region,body_le_p95,52,477507,127702,0.06685870573625098,0.2674348229450039,17055,0.035716753890518885,0.39274595386835226,true
insta_market_basket,42,quantity_region,body_le_p95,53,477507,0,0.0,0.0,0,0.0,0.0,false
insta_market_basket,42,quantity_region,body_le_p95,54,477507,797,0.0004172713698437929,0.0016690854793751716,136,0.0002848125786637683,0.2077223507424821,true
insta_market_basket,42,quantity_region,body_le_p95,55,477507,21,0.000010994603220476348,0.000043978412881905394,0,0.0,0.04879355503778372,true
insta_market_basket,42,quantity_region,body_le_p95,56,477507,16,8.37684054893436e-6,0.00003350736219573744,5,0.000010471050686167952,-0.008883957867510617,true
insta_market_basket,42,quantity_region,body_le_p95,57,477507,379,0.0001984264105028827,0.0007937056420115308,68,0.00014240628933188414,0.10253822873070059,true
insta_market_basket,42,quantity_region,body_le_p95,58,477507,40,0.000020942101372335904,0.00008376840548934361,0,0.0,0.5186965458095074,true
insta_market_basket,42,quantity_region,body_le_p95,59,477507,52,0.000027224731784036673,0.00010889892713614669,18,0.00003769578247020463,0.09564766135568228,true
insta_market_basket,42,quantity_region,body_le_p95,60,477507,4,2.09421013723359e-6,8.37684054893436e-6,0,0.0,0.37925300002098083,true
insta_market_basket,42,quantity_region,body_le_p95,61,477507,1,5.235525343083975e-7,2.09421013723359e-6,0,0.0,-0.10210675001144409,true
insta_market_basket,42,quantity_region,body_le_p95,62,477507,7,3.664867740158783e-6,0.000014659470960635131,2,4.18842027446718e-6,-0.056189004597919326,true
insta_market_basket,42,quantity_region,body_le_p95,63,477507,0,0.0,0.0,0,0.0,0.0,false
insta_market_basket,42,quantity_region,extreme_tail_gt_p99,0,6036,122,0.005053015241882041,0.020212060967528166,0,0.0,0.36324124868775975,true
insta_market_basket,42,quantity_region,extreme_tail_gt_p99,1,6036,1,0.0000414181577203446,0.0001656726308813784,0,0.0,0.22117535769939423,true
insta_market_basket,42,quantity_region,extreme_tail_gt_p99,2,6036,0,0.0,0.0,0,0.0,0.0,false
insta_market_basket,42,quantity_region,extreme_tail_gt_p99,3,6036,5844,0.24204771371769385,0.9681908548707754,4705,0.7794897282968853,0.5299298356909975,true
insta_market_basket,42,quantity_region,extreme_tail_gt_p99,4,6036,0,0.0,0.0,0,0.0,0.0,false
insta_market_basket,42,quantity_region,extreme_tail_gt_p99,5,6036,159,0.006585487077534791,0.026341948310139165,0,0.0,0.4346930444615442,true
insta_market_basket,42,quantity_region,extreme_tail_gt_p99,6,6036,0,0.0,0.0,0,0.0,0.0,false
insta_market_basket,42,quantity_region,extreme_tail_gt_p99,7,6036,0,0.0,0.0,0,0.0,0.0,false
insta_market_basket,42,quantity_region,extreme_tail_gt_p99,8,6036,0,0.0,0.0,0,0.0,0.0,false
insta_market_basket,42,quantity_region,extreme_tail_gt_p99,9,6036,0,0.0,0.0,0,0.0,0.0,false
insta_market_basket,42,quantity_region,extreme_tail_gt_p99,10,6036,4,0.0001656726308813784,0.0006626905235255136,1,0.0001656726308813784,0.4661656692624092,true
insta_market_basket,42,quantity_region,extreme_tail_gt_p99,11,6036,0,0.0,0.0,0,0.0,0.0,false
insta_market_basket,42,quantity_region,extreme_tail_gt_p99,12,6036,0,0.0,0.0,0,0.0,0.0,false
insta_market_basket,42,quantity_region,extreme_tail_gt_p99,13,6036,1,0.0000414181577203446,0.0001656726308813784,0,0.0,0.4942399859428406,true
insta_market_basket,42,quantity_region,extreme_tail_gt_p99,14,6036,0,0.0,0.0,0,0.0,0.0,false
insta_market_basket,42,quantity_region,extreme_tail_gt_p99,15,6036,51,0.0021123260437375746,0.008449304174950299,1,0.0001656726308813784,0.41400645118133694,true
insta_market_basket,42,quantity_region,extreme_tail_gt_p99,16,6036,3,0.00012425447316103378,0.0004970178926441351,1,0.0001656726308813784,0.24279714624087015,true
insta_market_basket,42,quantity_region,extreme_tail_gt_p99,17,6036,0,0.0,0.0,0,0.0,0.0,false
insta_market_basket,42,quantity_region,extreme_tail_gt_p99,18,6036,0,0.0,0.0,0,0.0,0.0,false
insta_market_basket,42,quantity_region,extreme_tail_gt_p99,19,6036,0,0.0,0.0,0,0.0,0.0,false
insta_market_basket,42,quantity_region,extreme_tail_gt_p99,20,6036,0,0.0,0.0,0,0.0,0.0,false
insta_market_basket,42,quantity_region,extreme_tail_gt_p99,21,6036,0,0.0,0.0,0,0.0,0.0,false
insta_market_basket,42,quantity_region,extreme_tail_gt_p99,22,6036,0,0.0,0.0,0,0.0,0.0,false
insta_market_basket,42,quantity_region,extreme_tail_gt_p99,23,6036,28,0.0011597084161696488,0.004638833664678595,0,0.0,0.4528744231377329,true
insta_market_basket,42,quantity_region,extreme_tail_gt_p99,24,6036,5317,0.22022034459907222,0.8808813783962889,26,0.004307488402915839,0.526457862967395,true
insta_market_basket,42,quantity_region,extreme_tail_gt_p99,25,6036,25,0.001035453943008615,0.00414181577203446,10,0.0016567263088137839,0.4718181383609772,true
insta_market_basket,42,quantity_region,extreme_tail_gt_p99,26,6036,10,0.00041418157720344597,0.0016567263088137839,0,0.0,0.4203267186880112,true
insta_market_basket,42,quantity_region,extreme_tail_gt_p99,27,6036,0,0.0,0.0,0,0.0,0.0,false
insta_market_basket,42,quantity_region,extreme_tail_gt_p99,28,6036,14,0.0005798542080848244,0.0023194168323392977,1,0.0001656726308813784,0.47576366790703367,true
insta_market_basket,42,quantity_region,extreme_tail_gt_p99,29,6036,0,0.0,0.0,0,0.0,0.0,false
insta_market_basket,42,quantity_region,extreme_tail_gt_p99,30,6036,16,0.0006626905235255136,0.0026507620941020544,2,0.0003313452617627568,0.3024656483903527,true
insta_market_basket,42,quantity_region,extreme_tail_gt_p99,31,6036,294,0.012176938369781311,0.048707753479125246,20,0.0033134526176275677,0.3774570090075334,true
insta_market_basket,42,quantity_region,extreme_tail_gt_p99,32,6036,0,0.0,0.0,0,0.0,0.0,false
insta_market_basket,42,quantity_region,extreme_tail_gt_p99,33,6036,0,0.0,0.0,0,0.0,0.0,false
insta_market_basket,42,quantity_region,extreme_tail_gt_p99,34,6036,0,0.0,0.0,0,0.0,0.0,false
insta_market_basket,42,quantity_region,extreme_tail_gt_p99,35,6036,0,0.0,0.0,0,0.0,0.0,false
insta_market_basket,42,quantity_region,extreme_tail_gt_p99,36,6036,0,0.0,0.0,0,0.0,0.0,false
insta_market_basket,42,quantity_region,extreme_tail_gt_p99,37,6036,213,0.0088220675944334,0.0352882703777336,68,0.01126573889993373,0.501684458462845,true
insta_market_basket,42,quantity_region,extreme_tail_gt_p99,38,6036,0,0.0,0.0,0,0.0,0.0,false
insta_market_basket,42,quantity_region,extreme_tail_gt_p99,39,6036,182,0.007538104705102717,0.030152418820410868,29,0.004804506295559973,0.549050971374407,true
insta_market_basket,42,quantity_region,extreme_tail_gt_p99,40,6036,678,0.02808151093439364,0.11232604373757456,323,0.053512259774685225,0.4195582734800018,true
insta_market_basket,42,quantity_region,extreme_tail_gt_p99,41,6036,0,0.0,0.0,0,0.0,0.0,false
insta_market_basket,42,quantity_region,extreme_tail_gt_p99,42,6036,0,0.0,0.0,0,0.0,0.0,false
insta_market_basket,42,quantity_region,extreme_tail_gt_p99,43,6036,0,0.0,0.0,0,0.0,0.0,false
insta_market_basket,42,quantity_region,extreme_tail_gt_p99,44,6036,0,0.0,0.0,0,0.0,0.0,false
insta_market_basket,42,quantity_region,extreme_tail_gt_p99,45,6036,0,0.0,0.0,0,0.0,0.0,false
insta_market_basket,42,quantity_region,extreme_tail_gt_p99,46,6036,0,0.0,0.0,0,0.0,0.0,false
insta_market_basket,42,quantity_region,extreme_tail_gt_p99,47,6036,2584,0.10702451954937045,0.4280980781974818,35,0.005798542080848244,0.5483709926004795,true
insta_market_basket,42,quantity_region,extreme_tail_gt_p99,48,6036,3,0.00012425447316103378,0.0004970178926441351,0,0.0,0.36253265539805096,true
insta_market_basket,42,quantity_region,extreme_tail_gt_p99,49,6036,4841,0.20050530152418822,0.8020212060967529,355,0.05881378396288933,0.5301438131037022,true
insta_market_basket,42,quantity_region,extreme_tail_gt_p99,50,6036,358,0.014827700463883367,0.05931080185553347,102,0.016898608349900597,0.5125819061721504,true
insta_market_basket,42,quantity_region,extreme_tail_gt_p99,51,6036,0,0.0,0.0,0,0.0,0.0,false
insta_market_basket,42,quantity_region,extreme_tail_gt_p99,52,6036,3374,0.13974486414844267,0.5589794565937707,357,0.059145129224652086,0.48566743027513803,true
insta_market_basket,42,quantity_region,extreme_tail_gt_p99,53,6036,0,0.0,0.0,0,0.0,0.0,false
insta_market_basket,42,quantity_region,extreme_tail_gt_p99,54,6036,21,0.0008697813121272366,0.0034791252485089465,0,0.0,0.3229996342034567,true
insta_market_basket,42,quantity_region,extreme_tail_gt_p99,55,6036,0,0.0,0.0,0,0.0,0.0,false
insta_market_basket,42,quantity_region,extreme_tail_gt_p99,56,6036,0,0.0,0.0,0,0.0,0.0,false
insta_market_basket,42,quantity_region,extreme_tail_gt_p99,57,6036,0,0.0,0.0,0,0.0,0.0,false
insta_market_basket,42,quantity_region,extreme_tail_gt_p99,58,6036,0,0.0,0.0,0,0.0,0.0,false
insta_market_basket,42,quantity_region,extreme_tail_gt_p99,59,6036,1,0.0000414181577203446,0.0001656726308813784,0,0.0,0.13030855357646942,true
insta_market_basket,42,quantity_region,extreme_tail_gt_p99,60,6036,0,0.0,0.0,0,0.0,0.0,false
insta_market_basket,42,quantity_region,extreme_tail_gt_p99,61,6036,0,0.0,0.0,0,0.0,0.0,false
insta_market_basket,42,quantity_region,extreme_tail_gt_p99,62,6036,0,0.0,0.0,0,0.0,0.0,false
insta_market_basket,42,quantity_region,extreme_tail_gt_p99,63,6036,0,0.0,0.0,0,0.0,0.0,false
insta_market_basket,42,quantity_region,tail_p95_p99,0,20190,227,0.002810797424467558,0.011243189697870233,1,0.00004952947003467063,0.36089904245300963,true
insta_market_basket,42,quantity_region,tail_p95_p99,1,20190,1,0.000012382367508667657,0.00004952947003467063,0,0.0,0.23961716890335083,true
insta_market_basket,42,quantity_region,tail_p95_p99,2,20190,0,0.0,0.0,0,0.0,0.0,false
insta_market_basket,42,quantity_region,tail_p95_p99,3,20190,19794,0.2450965824665676,0.9803863298662704,15625,0.7738979692917286,0.5229944274291687,true
insta_market_basket,42,quantity_region,tail_p95_p99,4,20190,0,0.0,0.0,0,0.0,0.0,false
insta_market_basket,42,quantity_region,tail_p95_p99,5,20190,308,0.0038137691926696383,0.015255076770678553,0,0.0,0.407801816481855,true
insta_market_basket,42,quantity_region,tail_p95_p99,6,20190,0,0.0,0.0,0,0.0,0.0,false
insta_market_basket,42,quantity_region,tail_p95_p99,7,20190,0,0.0,0.0,0,0.0,0.0,false
insta_market_basket,42,quantity_region,tail_p95_p99,8,20190,0,0.0,0.0,0,0.0,0.0,false
insta_market_basket,42,quantity_region,tail_p95_p99,9,20190,2,0.000024764735017335315,0.00009905894006934126,0,0.0,0.32059572637081146,true
insta_market_basket,42,quantity_region,tail_p95_p99,10,20190,11,0.00013620604259534423,0.0005448241703813769,1,0.00004952947003467063,0.47919380122965033,true
insta_market_basket,42,quantity_region,tail_p95_p99,11,20190,0,0.0,0.0,0,0.0,0.0,false
insta_market_basket,42,quantity_region,tail_p95_p99,12,20190,0,0.0,0.0,0,0.0,0.0,false
insta_market_basket,42,quantity_region,tail_p95_p99,13,20190,3,0.00003714710252600297,0.00014858841010401187,1,0.00004952947003467063,0.30443882942199707,true
insta_market_basket,42,quantity_region,tail_p95_p99,14,20190,0,0.0,0.0,0,0.0,0.0,false
insta_market_basket,42,quantity_region,tail_p95_p99,15,20190,99,0.001225854383358098,0.004903417533432392,0,0.0,0.4060417790003497,true
insta_market_basket,42,quantity_region,tail_p95_p99,16,20190,10,0.00012382367508667657,0.0004952947003467063,1,0.00004952947003467063,0.1928058870136738,true
insta_market_basket,42,quantity_region,tail_p95_p99,17,20190,3,0.00003714710252600297,0.00014858841010401187,0,0.0,0.4420554240544637,true
insta_market_basket,42,quantity_region,tail_p95_p99,18,20190,0,0.0,0.0,0,0.0,0.0,false
insta_market_basket,42,quantity_region,tail_p95_p99,19,20190,0,0.0,0.0,0,0.0,0.0,false
insta_market_basket,42,quantity_region,tail_p95_p99,20,20190,0,0.0,0.0,0,0.0,0.0,false
insta_market_basket,42,quantity_region,tail_p95_p99,21,20190,0,0.0,0.0,0,0.0,0.0,false
insta_market_basket,42,quantity_region,tail_p95_p99,22,20190,0,0.0,0.0,0,0.0,0.0,false
insta_market_basket,42,quantity_region,tail_p95_p99,23,20190,81,0.0010029717682020801,0.004011887072808321,0,0.0,0.4580233253446626,true
insta_market_basket,42,quantity_region,tail_p95_p99,24,20190,17599,0.2179172857850421,0.8716691431401684,56,0.0027736503219415553,0.5191139658708008,true
insta_market_basket,42,quantity_region,tail_p95_p99,25,20190,114,0.001411589895988113,0.005646359583952452,22,0.0010896483407627539,0.4817577480224141,true
insta_market_basket,42,quantity_region,tail_p95_p99,26,20190,22,0.00027241208519068847,0.0010896483407627539,0,0.0,0.42974843220277265,true
insta_market_basket,42,quantity_region,tail_p95_p99,27,20190,0,0.0,0.0,0,0.0,0.0,false
insta_market_basket,42,quantity_region,tail_p95_p99,28,20190,40,0.0004952947003467063,0.001981178801386825,3,0.00014858841010401187,0.4161470901221037,true
insta_market_basket,42,quantity_region,tail_p95_p99,29,20190,0,0.0,0.0,0,0.0,0.0,false
insta_market_basket,42,quantity_region,tail_p95_p99,30,20190,21,0.0002600297176820208,0.0010401188707280832,1,0.00004952947003467063,0.24783207405181157,true
insta_market_basket,42,quantity_region,tail_p95_p99,31,20190,760,0.009410599306587419,0.037642397226349676,74,0.0036651807825656265,0.37453765786792104,true
insta_market_basket,42,quantity_region,tail_p95_p99,32,20190,0,0.0,0.0,0,0.0,0.0,false
insta_market_basket,42,quantity_region,tail_p95_p99,33,20190,1,0.000012382367508667657,0.00004952947003467063,0,0.0,0.18925689160823822,true
insta_market_basket,42,quantity_region,tail_p95_p99,34,20190,0,0.0,0.0,0,0.0,0.0,false
insta_market_basket,42,quantity_region,tail_p95_p99,35,20190,0,0.0,0.0,0,0.0,0.0,false
insta_market_basket,42,quantity_region,tail_p95_p99,36,20190,0,0.0,0.0,0,0.0,0.0,false
insta_market_basket,42,quantity_region,tail_p95_p99,37,20190,634,0.007850421000495295,0.03140168400198118,223,0.011045071817731551,0.4985534339109054,true
insta_market_basket,42,quantity_region,tail_p95_p99,38,20190,0,0.0,0.0,0,0.0,0.0,false
insta_market_basket,42,quantity_region,tail_p95_p99,39,20190,510,0.006315007429420505,0.02526002971768202,48,0.00237741456166419,0.549024759963447,true
insta_market_basket,42,quantity_region,tail_p95_p99,40,20190,1791,0.022176820208023775,0.0887072808320951,746,0.03694898464586429,0.4094939513838138,true
insta_market_basket,42,quantity_region,tail_p95_p99,41,20190,0,0.0,0.0,0,0.0,0.0,false
insta_market_basket,42,quantity_region,tail_p95_p99,42,20190,0,0.0,0.0,0,0.0,0.0,false
insta_market_basket,42,quantity_region,tail_p95_p99,43,20190,0,0.0,0.0,0,0.0,0.0,false
insta_market_basket,42,quantity_region,tail_p95_p99,44,20190,0,0.0,0.0,0,0.0,0.0,false
insta_market_basket,42,quantity_region,tail_p95_p99,45,20190,0,0.0,0.0,0,0.0,0.0,false
insta_market_basket,42,quantity_region,tail_p95_p99,46,20190,0,0.0,0.0,0,0.0,0.0,false
insta_market_basket,42,quantity_region,tail_p95_p99,47,20190,9483,0.11742199108469539,0.46968796433878157,106,0.005250123823675087,0.5396292448196245,true
insta_market_basket,42,quantity_region,tail_p95_p99,48,20190,4,0.00004952947003467063,0.00019811788013868252,0,0.0,0.3019489571452141,true
insta_market_basket,42,quantity_region,tail_p95_p99,49,20190,17245,0.21353392768697374,0.854135710747895,1854,0.09182763744427935,0.5237129453186212,true
insta_market_basket,42,quantity_region,tail_p95_p99,50,20190,1755,0.021731054977711738,0.08692421991084695,495,0.02451708766716196,0.509517242086579,true
insta_market_basket,42,quantity_region,tail_p95_p99,51,20190,0,0.0,0.0,0,0.0,0.0,false
insta_market_basket,42,quantity_region,tail_p95_p99,52,20190,10206,0.1263744427934621,0.5054977711738484,929,0.04601287766220902,0.47459355952021437,true
insta_market_basket,42,quantity_region,tail_p95_p99,53,20190,0,0.0,0.0,0,0.0,0.0,false
insta_market_basket,42,quantity_region,tail_p95_p99,54,20190,22,0.00027241208519068847,0.0010896483407627539,3,0.00014858841010401187,0.27939001606269315,true
insta_market_basket,42,quantity_region,tail_p95_p99,55,20190,0,0.0,0.0,0,0.0,0.0,false
insta_market_basket,42,quantity_region,tail_p95_p99,56,20190,0,0.0,0.0,0,0.0,0.0,false
insta_market_basket,42,quantity_region,tail_p95_p99,57,20190,7,0.0000866765725606736,0.0003467062902426944,1,0.00004952947003467063,0.20984843160424912,true
insta_market_basket,42,quantity_region,tail_p95_p99,58,20190,6,0.00007429420505200594,0.00029717682020802375,0,0.0,0.5264755040407181,true
insta_market_basket,42,quantity_region,tail_p95_p99,59,20190,0,0.0,0.0,0,0.0,0.0,false
insta_market_basket,42,quantity_region,tail_p95_p99,60,20190,1,0.000012382367508667657,0.00004952947003467063,0,0.0,0.48612040281295776,true
insta_market_basket,42,quantity_region,tail_p95_p99,61,20190,0,0.0,0.0,0,0.0,0.0,false
insta_market_basket,42,quantity_region,tail_p95_p99,62,20190,0,0.0,0.0,0,0.0,0.0,false
insta_market_basket,42,quantity_region,tail_p95_p99,63,20190,0,0.0,0.0,0,0.0,0.0,false
insta_market_basket,52,history,history_le_64,0,503733,3775,0.0018735123567445453,0.007494049426978181,140,0.0002779250118614425,0.31950527633792053,true
insta_market_basket,52,history,history_le_64,1,503733,3576,0.0017747497186009255,0.007098998874403702,1955,0.0038810242727794287,0.23457532602564368,true
insta_market_basket,52,history,history_le_64,2,503733,1238,0.0006144127940794032,0.002457651176317613,354,0.0007027532442782188,0.13212909636344244,true
insta_market_basket,52,history,history_le_64,3,503733,3755,0.0018635864634637795,0.007454345853855118,1682,0.003339070499649616,0.4362683155570804,true
insta_market_basket,52,history,history_le_64,4,503733,8,3.970357312306321e-6,0.000015881429249225285,0,0.0,0.268644992262125,true
insta_market_basket,52,history,history_le_64,5,503733,1,4.962946640382902e-7,1.9851786561531606e-6,1,1.9851786561531606e-6,0.05794501677155495,true
insta_market_basket,52,history,history_le_64,6,503733,0,0.0,0.0,0,0.0,0.0,false
insta_market_basket,52,history,history_le_64,7,503733,0,0.0,0.0,0,0.0,0.0,false
insta_market_basket,52,history,history_le_64,8,503733,9546,0.004737628862909518,0.018950515451638072,2638,0.0052369012949320375,0.39175571127732095,true
insta_market_basket,52,history,history_le_64,9,503733,12,5.9555359684594815e-6,0.000023822143873837926,2,3.970357312306321e-6,0.16570150355497995,true
insta_market_basket,52,history,history_le_64,10,503733,593,0.00029430273577470606,0.0011772109430988242,296,0.0005876128822213355,-0.027549101593095867,true
insta_market_basket,52,history,history_le_64,11,503733,21,0.000010422187944804093,0.00004168875177921637,0,0.0,0.14978114054316566,true
insta_market_basket,52,history,history_le_64,12,503733,633,0.00031415452233623766,0.0012566180893449506,81,0.000160799471148406,0.2828285800455665,true
insta_market_basket,52,history,history_le_64,13,503733,475905,0.23618911208914245,0.9447564483565698,1783,0.003539573543921085,0.47403117237359843,true
insta_market_basket,52,history,history_le_64,14,503733,135,0.00006699977964516917,0.0002679991185806767,4,7.940714624612643e-6,0.3748479871286286,true
insta_market_basket,52,history,history_le_64,15,503733,1191,0.0005910869448696036,0.0023643477794784143,26,0.00005161464505998217,0.32000859701199774,true
insta_market_basket,52,history,history_le_64,16,503733,34,0.000016874018577301865,0.00006749607430920746,0,0.0,-0.08612277299877913,true
insta_market_basket,52,history,history_le_64,17,503733,1615,0.0008015158824218385,0.003206063529687354,475,0.0009429598616727512,0.2813772999762807,true
insta_market_basket,52,history,history_le_64,18,503733,126,0.00006253312766882456,0.00025013251067529824,34,0.00006749607430920746,0.16955599297920892,true
insta_market_basket,52,history,history_le_64,19,503733,43,0.000021340670553646476,0.0000853626822145859,0,0.0,0.004886005479885742,true
insta_market_basket,52,history,history_le_64,20,503733,13,6.4518306324977716e-6,0.000025807322529991086,2,3.970357312306321e-6,0.4073844976150073,true
insta_market_basket,52,history,history_le_64,21,503733,265,0.0001315180859701469,0.0005260723438805876,10,0.000019851786561531606,0.14908182470063144,true
insta_market_basket,52,history,history_le_64,22,503733,36,0.000017866607905378445,0.00007146643162151378,1,1.9851786561531606e-6,0.055106340545333095,true
insta_market_basket,52,history,history_le_64,23,503733,0,0.0,0.0,0,0.0,0.0,false
insta_market_basket,52,history,history_le_64,24,503733,0,0.0,0.0,0,0.0,0.0,false
insta_market_basket,52,history,history_le_64,25,503733,54,0.000026799911858067666,0.00010719964743227067,2,3.970357312306321e-6,-0.11577488247443128,true
insta_market_basket,52,history,history_le_64,26,503733,0,0.0,0.0,0,0.0,0.0,false
insta_market_basket,52,history,history_le_64,27,503733,0,0.0,0.0,0,0.0,0.0,false
insta_market_basket,52,history,history_le_64,28,503733,5375,0.0026675838192058094,0.010670335276823237,2589,0.005139627540780532,0.4052424631763336,true
insta_market_basket,52,history,history_le_64,29,503733,492775,0.2445616030714684,0.9782464122858736,123139,0.24445291454004403,0.47372195718744686,true
insta_market_basket,52,history,history_le_64,30,503733,1,4.962946640382902e-7,1.9851786561531606e-6,0,0.0,0.30008092522621155,true
insta_market_basket,52,history,history_le_64,31,503733,736,0.00036527287273218153,0.0014610914909287261,8,0.000015881429249225285,0.5163080708893097,true
insta_market_basket,52,history,history_le_64,32,503733,1,4.962946640382902e-7,1.9851786561531606e-6,0,0.0,0.31619498133659363,true
insta_market_basket,52,history,history_le_64,33,503733,458,0.00022730295612953687,0.0009092118245181475,3,5.9555359684594815e-6,0.40875619454675366,true
insta_market_basket,52,history,history_le_64,34,503733,43,0.000021340670553646476,0.0000853626822145859,3,5.9555359684594815e-6,-0.03636584701666305,true
insta_market_basket,52,history,history_le_64,35,503733,497856,0.24708327625944698,0.9883331050377879,290996,0.5776790482259451,0.4748241434204348,true
insta_market_basket,52,history,history_le_64,36,503733,0,0.0,0.0,0,0.0,0.0,false
insta_market_basket,52,history,history_le_64,37,503733,0,0.0,0.0,0,0.0,0.0,false
insta_market_basket,52,history,history_le_64,38,503733,0,0.0,0.0,0,0.0,0.0,false
insta_market_basket,52,history,history_le_64,39,503733,30,0.000014888839921148703,0.000059555359684594813,1,1.9851786561531606e-6,-0.015905336337164046,true
insta_market_basket,52,history,history_le_64,40,503733,7,3.474062648268031e-6,0.000013896250593072123,0,0.0,-0.08065857293383617,true
insta_market_basket,52,history,history_le_64,41,503733,1,4.962946640382902e-7,1.9851786561531606e-6,0,0.0,0.17677995562553406,true
insta_market_basket,52,history,history_le_64,42,503733,9,4.466651976344611e-6,0.000017866607905378445,2,3.970357312306321e-6,0.19760330932007897,true
insta_market_basket,52,history,history_le_64,43,503733,0,0.0,0.0,0,0.0,0.0,false
insta_market_basket,52,history,history_le_64,44,503733,484095,0.24025376538761606,0.9610150615504642,62058,0.12319621704355284,0.4742741151913822,true
insta_market_basket,52,history,history_le_64,45,503733,257,0.00012754772865784057,0.0005101909146313623,16,0.00003176285849845057,0.40599021588086154,true
insta_market_basket,52,history,history_le_64,46,503733,3,1.4888839921148704e-6,5.9555359684594815e-6,0,0.0,0.3883165369431178,true
insta_market_basket,52,history,history_le_64,47,503733,428,0.00021241411620838817,0.0008496564648335527,7,0.000013896250593072123,0.41522345785921977,true
insta_market_basket,52,history,history_le_64,48,503733,352,0.00017469572174147813,0.0006987828869659125,50,0.00009925893280765802,-0.055773222592754544,true
insta_market_basket,52,history,history_le_64,49,503733,5,2.4814733201914507e-6,9.925893280765803e-6,0,0.0,-0.1564189001917839,true
insta_market_basket,52,history,history_le_64,50,503733,0,0.0,0.0,0,0.0,0.0,false
insta_market_basket,52,history,history_le_64,51,503733,7,3.474062648268031e-6,0.000013896250593072123,0,0.0,-0.11892776244453021,true
insta_market_basket,52,history,history_le_64,52,503733,2,9.925893280765803e-7,3.970357312306321e-6,0,0.0,-0.22015295177698135,true
insta_market_basket,52,history,history_le_64,53,503733,10,4.962946640382901e-6,0.000019851786561531606,0,0.0,0.39140709340572355,true
insta_market_basket,52,history,history_le_64,54,503733,848,0.00042085787510447,0.00168343150041788,377,0.0007484123533697415,0.2849750847803903,true
insta_market_basket,52,history,history_le_64,55,503733,525,0.00026055469862010233,0.0010422187944804093,20,0.00003970357312306321,0.3830020429885813,true
insta_market_basket,52,history,history_le_64,56,503733,472,0.00023425108142607293,0.0009370043257042917,125,0.0002481473320191451,0.22702962916760738,true
insta_market_basket,52,history,history_le_64,57,503733,0,0.0,0.0,0,0.0,0.0,false
insta_market_basket,52,history,history_le_64,58,503733,1338,0.0006640422604832322,0.002656169041932929,313,0.0006213609193759393,0.2956281917577579,true
insta_market_basket,52,history,history_le_64,59,503733,23610,0.01171751701794403,0.04687006807177612,14108,0.02800690048100879,0.2563714394382293,true
insta_market_basket,52,history,history_le_64,60,503733,0,0.0,0.0,0,0.0,0.0,false
insta_market_basket,52,history,history_le_64,61,503733,20,9.925893280765803e-6,0.00003970357312306321,0,0.0,0.31244208533316853,true
insta_market_basket,52,history,history_le_64,62,503733,0,0.0,0.0,0,0.0,0.0,false
insta_market_basket,52,history,history_le_64,63,503733,3093,0.0015350393958704315,0.006140157583481726,432,0.0008575971794581653,0.4180547751317983,true
insta_market_basket,52,overall,overall,0,503733,3775,0.0018735123567445453,0.007494049426978181,140,0.0002779250118614425,0.31950527633792053,true
insta_market_basket,52,overall,overall,1,503733,3576,0.0017747497186009255,0.007098998874403702,1955,0.0038810242727794287,0.23457532602564368,true
insta_market_basket,52,overall,overall,2,503733,1238,0.0006144127940794032,0.002457651176317613,354,0.0007027532442782188,0.13212909636344244,true
insta_market_basket,52,overall,overall,3,503733,3755,0.0018635864634637795,0.007454345853855118,1682,0.003339070499649616,0.4362683155570804,true
insta_market_basket,52,overall,overall,4,503733,8,3.970357312306321e-6,0.000015881429249225285,0,0.0,0.268644992262125,true
insta_market_basket,52,overall,overall,5,503733,1,4.962946640382902e-7,1.9851786561531606e-6,1,1.9851786561531606e-6,0.05794501677155495,true
insta_market_basket,52,overall,overall,6,503733,0,0.0,0.0,0,0.0,0.0,false
insta_market_basket,52,overall,overall,7,503733,0,0.0,0.0,0,0.0,0.0,false
insta_market_basket,52,overall,overall,8,503733,9546,0.004737628862909518,0.018950515451638072,2638,0.0052369012949320375,0.39175571127732095,true
insta_market_basket,52,overall,overall,9,503733,12,5.9555359684594815e-6,0.000023822143873837926,2,3.970357312306321e-6,0.16570150355497995,true
insta_market_basket,52,overall,overall,10,503733,593,0.00029430273577470606,0.0011772109430988242,296,0.0005876128822213355,-0.027549101593095867,true
insta_market_basket,52,overall,overall,11,503733,21,0.000010422187944804093,0.00004168875177921637,0,0.0,0.14978114054316566,true
insta_market_basket,52,overall,overall,12,503733,633,0.00031415452233623766,0.0012566180893449506,81,0.000160799471148406,0.2828285800455665,true
insta_market_basket,52,overall,overall,13,503733,475905,0.23618911208914245,0.9447564483565698,1783,0.003539573543921085,0.47403117237359843,true
insta_market_basket,52,overall,overall,14,503733,135,0.00006699977964516917,0.0002679991185806767,4,7.940714624612643e-6,0.3748479871286286,true
insta_market_basket,52,overall,overall,15,503733,1191,0.0005910869448696036,0.0023643477794784143,26,0.00005161464505998217,0.32000859701199774,true
insta_market_basket,52,overall,overall,16,503733,34,0.000016874018577301865,0.00006749607430920746,0,0.0,-0.08612277299877913,true
insta_market_basket,52,overall,overall,17,503733,1615,0.0008015158824218385,0.003206063529687354,475,0.0009429598616727512,0.2813772999762807,true
insta_market_basket,52,overall,overall,18,503733,126,0.00006253312766882456,0.00025013251067529824,34,0.00006749607430920746,0.16955599297920892,true
insta_market_basket,52,overall,overall,19,503733,43,0.000021340670553646476,0.0000853626822145859,0,0.0,0.004886005479885742,true
insta_market_basket,52,overall,overall,20,503733,13,6.4518306324977716e-6,0.000025807322529991086,2,3.970357312306321e-6,0.4073844976150073,true
insta_market_basket,52,overall,overall,21,503733,265,0.0001315180859701469,0.0005260723438805876,10,0.000019851786561531606,0.14908182470063144,true
insta_market_basket,52,overall,overall,22,503733,36,0.000017866607905378445,0.00007146643162151378,1,1.9851786561531606e-6,0.055106340545333095,true
insta_market_basket,52,overall,overall,23,503733,0,0.0,0.0,0,0.0,0.0,false
insta_market_basket,52,overall,overall,24,503733,0,0.0,0.0,0,0.0,0.0,false
insta_market_basket,52,overall,overall,25,503733,54,0.000026799911858067666,0.00010719964743227067,2,3.970357312306321e-6,-0.11577488247443128,true
insta_market_basket,52,overall,overall,26,503733,0,0.0,0.0,0,0.0,0.0,false
insta_market_basket,52,overall,overall,27,503733,0,0.0,0.0,0,0.0,0.0,false
insta_market_basket,52,overall,overall,28,503733,5375,0.0026675838192058094,0.010670335276823237,2589,0.005139627540780532,0.4052424631763336,true
insta_market_basket,52,overall,overall,29,503733,492775,0.2445616030714684,0.9782464122858736,123139,0.24445291454004403,0.47372195718744686,true
insta_market_basket,52,overall,overall,30,503733,1,4.962946640382902e-7,1.9851786561531606e-6,0,0.0,0.30008092522621155,true
insta_market_basket,52,overall,overall,31,503733,736,0.00036527287273218153,0.0014610914909287261,8,0.000015881429249225285,0.5163080708893097,true
insta_market_basket,52,overall,overall,32,503733,1,4.962946640382902e-7,1.9851786561531606e-6,0,0.0,0.31619498133659363,true
insta_market_basket,52,overall,overall,33,503733,458,0.00022730295612953687,0.0009092118245181475,3,5.9555359684594815e-6,0.40875619454675366,true
insta_market_basket,52,overall,overall,34,503733,43,0.000021340670553646476,0.0000853626822145859,3,5.9555359684594815e-6,-0.03636584701666305,true
insta_market_basket,52,overall,overall,35,503733,497856,0.24708327625944698,0.9883331050377879,290996,0.5776790482259451,0.4748241434204348,true
insta_market_basket,52,overall,overall,36,503733,0,0.0,0.0,0,0.0,0.0,false
insta_market_basket,52,overall,overall,37,503733,0,0.0,0.0,0,0.0,0.0,false
insta_market_basket,52,overall,overall,38,503733,0,0.0,0.0,0,0.0,0.0,false
insta_market_basket,52,overall,overall,39,503733,30,0.000014888839921148703,0.000059555359684594813,1,1.9851786561531606e-6,-0.015905336337164046,true
insta_market_basket,52,overall,overall,40,503733,7,3.474062648268031e-6,0.000013896250593072123,0,0.0,-0.08065857293383617,true
insta_market_basket,52,overall,overall,41,503733,1,4.962946640382902e-7,1.9851786561531606e-6,0,0.0,0.17677995562553406,true
insta_market_basket,52,overall,overall,42,503733,9,4.466651976344611e-6,0.000017866607905378445,2,3.970357312306321e-6,0.19760330932007897,true
insta_market_basket,52,overall,overall,43,503733,0,0.0,0.0,0,0.0,0.0,false
insta_market_basket,52,overall,overall,44,503733,484095,0.24025376538761606,0.9610150615504642,62058,0.12319621704355284,0.4742741151913822,true
insta_market_basket,52,overall,overall,45,503733,257,0.00012754772865784057,0.0005101909146313623,16,0.00003176285849845057,0.40599021588086154,true
insta_market_basket,52,overall,overall,46,503733,3,1.4888839921148704e-6,5.9555359684594815e-6,0,0.0,0.3883165369431178,true
insta_market_basket,52,overall,overall,47,503733,428,0.00021241411620838817,0.0008496564648335527,7,0.000013896250593072123,0.41522345785921977,true
insta_market_basket,52,overall,overall,48,503733,352,0.00017469572174147813,0.0006987828869659125,50,0.00009925893280765802,-0.055773222592754544,true
insta_market_basket,52,overall,overall,49,503733,5,2.4814733201914507e-6,9.925893280765803e-6,0,0.0,-0.1564189001917839,true
insta_market_basket,52,overall,overall,50,503733,0,0.0,0.0,0,0.0,0.0,false
insta_market_basket,52,overall,overall,51,503733,7,3.474062648268031e-6,0.000013896250593072123,0,0.0,-0.11892776244453021,true
insta_market_basket,52,overall,overall,52,503733,2,9.925893280765803e-7,3.970357312306321e-6,0,0.0,-0.22015295177698135,true
insta_market_basket,52,overall,overall,53,503733,10,4.962946640382901e-6,0.000019851786561531606,0,0.0,0.39140709340572355,true
insta_market_basket,52,overall,overall,54,503733,848,0.00042085787510447,0.00168343150041788,377,0.0007484123533697415,0.2849750847803903,true
insta_market_basket,52,overall,overall,55,503733,525,0.00026055469862010233,0.0010422187944804093,20,0.00003970357312306321,0.3830020429885813,true
insta_market_basket,52,overall,overall,56,503733,472,0.00023425108142607293,0.0009370043257042917,125,0.0002481473320191451,0.22702962916760738,true
insta_market_basket,52,overall,overall,57,503733,0,0.0,0.0,0,0.0,0.0,false
insta_market_basket,52,overall,overall,58,503733,1338,0.0006640422604832322,0.002656169041932929,313,0.0006213609193759393,0.2956281917577579,true
insta_market_basket,52,overall,overall,59,503733,23610,0.01171751701794403,0.04687006807177612,14108,0.02800690048100879,0.2563714394382293,true
insta_market_basket,52,overall,overall,60,503733,0,0.0,0.0,0,0.0,0.0,false
insta_market_basket,52,overall,overall,61,503733,20,9.925893280765803e-6,0.00003970357312306321,0,0.0,0.31244208533316853,true
insta_market_basket,52,overall,overall,62,503733,0,0.0,0.0,0,0.0,0.0,false
insta_market_basket,52,overall,overall,63,503733,3093,0.0015350393958704315,0.006140157583481726,432,0.0008575971794581653,0.4180547751317983,true
insta_market_basket,52,quantity,gt_p99,0,6036,2,0.0000828363154406892,0.0003313452617627568,0,0.0,0.4480611979961395,true
insta_market_basket,52,quantity,gt_p99,1,6036,47,0.001946653412856196,0.007786613651424784,16,0.0026507620941020544,0.3880671307127527,true
insta_market_basket,52,quantity,gt_p99,2,6036,1,0.0000414181577203446,0.0001656726308813784,0,0.0,0.17902767658233643,true
insta_market_basket,52,quantity,gt_p99,3,6036,64,0.0026507620941020544,0.010603048376408217,22,0.003644797879390325,0.5163500132039189,true
insta_market_basket,52,quantity,gt_p99,4,6036,0,0.0,0.0,0,0.0,0.0,false
insta_market_basket,52,quantity,gt_p99,5,6036,0,0.0,0.0,0,0.0,0.0,false
insta_market_basket,52,quantity,gt_p99,6,6036,0,0.0,0.0,0,0.0,0.0,false
insta_market_basket,52,quantity,gt_p99,7,6036,0,0.0,0.0,0,0.0,0.0,false
insta_market_basket,52,quantity,gt_p99,8,6036,31,0.0012839628893306825,0.00513585155732273,19,0.0031477799867461894,0.6076431832005901,true
insta_market_basket,52,quantity,gt_p99,9,6036,0,0.0,0.0,0,0.0,0.0,false
insta_market_basket,52,quantity,gt_p99,10,6036,0,0.0,0.0,0,0.0,0.0,false
insta_market_basket,52,quantity,gt_p99,11,6036,0,0.0,0.0,0,0.0,0.0,false
insta_market_basket,52,quantity,gt_p99,12,6036,2,0.0000828363154406892,0.0003313452617627568,0,0.0,0.20820307731628418,true
insta_market_basket,52,quantity,gt_p99,13,6036,5872,0.24320742213386348,0.9728296885354539,31,0.00513585155732273,0.5910388355394597,true
insta_market_basket,52,quantity,gt_p99,14,6036,1,0.0000414181577203446,0.0001656726308813784,0,0.0,0.5817133784294128,true
insta_market_basket,52,quantity,gt_p99,15,6036,38,0.0015738899933730947,0.006295559973492379,0,0.0,0.424712692436419,true
insta_market_basket,52,quantity,gt_p99,16,6036,0,0.0,0.0,0,0.0,0.0,false
insta_market_basket,52,quantity,gt_p99,17,6036,17,0.0007041086812458582,0.0028164347249834327,7,0.0011597084161696488,0.38409820724936095,true
insta_market_basket,52,quantity,gt_p99,18,6036,0,0.0,0.0,0,0.0,0.0,false
insta_market_basket,52,quantity,gt_p99,19,6036,0,0.0,0.0,0,0.0,0.0,false
insta_market_basket,52,quantity,gt_p99,20,6036,0,0.0,0.0,0,0.0,0.0,false
insta_market_basket,52,quantity,gt_p99,21,6036,1,0.0000414181577203446,0.0001656726308813784,0,0.0,0.18335971236228943,true
insta_market_basket,52,quantity,gt_p99,22,6036,0,0.0,0.0,0,0.0,0.0,false
insta_market_basket,52,quantity,gt_p99,23,6036,0,0.0,0.0,0,0.0,0.0,false
insta_market_basket,52,quantity,gt_p99,24,6036,0,0.0,0.0,0,0.0,0.0,false
insta_market_basket,52,quantity,gt_p99,25,6036,0,0.0,0.0,0,0.0,0.0,false
insta_market_basket,52,quantity,gt_p99,26,6036,0,0.0,0.0,0,0.0,0.0,false
insta_market_basket,52,quantity,gt_p99,27,6036,0,0.0,0.0,0,0.0,0.0,false
insta_market_basket,52,quantity,gt_p99,28,6036,225,0.009319085487077534,0.037276341948310136,161,0.026673293571901922,0.48783253603511384,true
insta_market_basket,52,quantity,gt_p99,29,6036,5849,0.24225480450629555,0.9690192180251822,1137,0.18836978131212723,0.5960787583042524,true
insta_market_basket,52,quantity,gt_p99,30,6036,0,0.0,0.0,0,0.0,0.0,false
insta_market_basket,52,quantity,gt_p99,31,6036,2,0.0000828363154406892,0.0003313452617627568,0,0.0,0.5818798542022705,true
insta_market_basket,52,quantity,gt_p99,32,6036,0,0.0,0.0,0,0.0,0.0,false
insta_market_basket,52,quantity,gt_p99,33,6036,29,0.0012011265738899933,0.004804506295559973,0,0.0,0.4448063085819113,true
insta_market_basket,52,quantity,gt_p99,34,6036,0,0.0,0.0,0,0.0,0.0,false
insta_market_basket,52,quantity,gt_p99,35,6036,5950,0.24643803843605036,0.9857521537442014,3396,0.562624254473161,0.5969971216726704,true
insta_market_basket,52,quantity,gt_p99,36,6036,0,0.0,0.0,0,0.0,0.0,false
insta_market_basket,52,quantity,gt_p99,37,6036,0,0.0,0.0,0,0.0,0.0,false
insta_market_basket,52,quantity,gt_p99,38,6036,0,0.0,0.0,0,0.0,0.0,false
insta_market_basket,52,quantity,gt_p99,39,6036,0,0.0,0.0,0,0.0,0.0,false
insta_market_basket,52,quantity,gt_p99,40,6036,0,0.0,0.0,0,0.0,0.0,false
insta_market_basket,52,quantity,gt_p99,41,6036,0,0.0,0.0,0,0.0,0.0,false
insta_market_basket,52,quantity,gt_p99,42,6036,0,0.0,0.0,0,0.0,0.0,false
insta_market_basket,52,quantity,gt_p99,43,6036,0,0.0,0.0,0,0.0,0.0,false
insta_market_basket,52,quantity,gt_p99,44,6036,5932,0.24569251159708416,0.9827700463883366,1239,0.20526838966202784,0.5937209607944124,true
insta_market_basket,52,quantity,gt_p99,45,6036,12,0.0004970178926441351,0.0019880715705765406,0,0.0,0.44819435973962146,true
insta_market_basket,52,quantity,gt_p99,46,6036,0,0.0,0.0,0,0.0,0.0,false
insta_market_basket,52,quantity,gt_p99,47,6036,3,0.00012425447316103378,0.0004970178926441351,0,0.0,0.4736931622028351,true
insta_market_basket,52,quantity,gt_p99,48,6036,0,0.0,0.0,0,0.0,0.0,false
insta_market_basket,52,quantity,gt_p99,49,6036,0,0.0,0.0,0,0.0,0.0,false
insta_market_basket,52,quantity,gt_p99,50,6036,0,0.0,0.0,0,0.0,0.0,false
insta_market_basket,52,quantity,gt_p99,51,6036,0,0.0,0.0,0,0.0,0.0,false
insta_market_basket,52,quantity,gt_p99,52,6036,0,0.0,0.0,0,0.0,0.0,false
insta_market_basket,52,quantity,gt_p99,53,6036,0,0.0,0.0,0,0.0,0.0,false
insta_market_basket,52,quantity,gt_p99,54,6036,0,0.0,0.0,0,0.0,0.0,false
insta_market_basket,52,quantity,gt_p99,55,6036,3,0.00012425447316103378,0.0004970178926441351,0,0.0,0.47143998742103577,true
insta_market_basket,52,quantity,gt_p99,56,6036,0,0.0,0.0,0,0.0,0.0,false
insta_market_basket,52,quantity,gt_p99,57,6036,0,0.0,0.0,0,0.0,0.0,false
insta_market_basket,52,quantity,gt_p99,58,6036,48,0.0019880715705765406,0.007952286282306162,4,0.0006626905235255136,0.40670906317730743,true
insta_market_basket,52,quantity,gt_p99,59,6036,7,0.0002899271040424122,0.0011597084161696488,4,0.0006626905235255136,0.3202252515724727,true
insta_market_basket,52,quantity,gt_p99,60,6036,0,0.0,0.0,0,0.0,0.0,false
insta_market_basket,52,quantity,gt_p99,61,6036,0,0.0,0.0,0,0.0,0.0,false
insta_market_basket,52,quantity,gt_p99,62,6036,0,0.0,0.0,0,0.0,0.0,false
insta_market_basket,52,quantity,gt_p99,63,6036,8,0.0003313452617627568,0.0013253810470510272,0,0.0,0.5471083000302315,true
insta_market_basket,52,quantity,le_p50,0,247651,3310,0.00334139575450937,0.01336558301803748,131,0.0005289702040371329,0.30269645599638595,true
insta_market_basket,52,quantity,le_p50,1,247651,1948,0.001966477018061708,0.007865908072246831,1080,0.004360975727939722,0.19418738936611332,true
insta_market_basket,52,quantity,le_p50,2,247651,1075,0.001085196506373889,0.004340786025495556,326,0.0013163685993595826,0.11202737150453898,true
insta_market_basket,52,quantity,le_p50,3,247651,1455,0.0014688008528130313,0.005875203411252125,639,0.002580243972364335,0.39563287264232194,true
insta_market_basket,52,quantity,le_p50,4,247651,6,6.056910733249613e-6,0.000024227642932998453,0,0.0,0.2834589233001073,true
insta_market_basket,52,quantity,le_p50,5,247651,1,1.009485122208269e-6,4.037940488833076e-6,1,4.037940488833076e-6,0.05794501677155495,true
insta_market_basket,52,quantity,le_p50,6,247651,0,0.0,0.0,0,0.0,0.0,false
insta_market_basket,52,quantity,le_p50,7,247651,0,0.0,0.0,0,0.0,0.0,false
insta_market_basket,52,quantity,le_p50,8,247651,7439,0.007509559824107313,0.03003823929642925,1612,0.006509160067998918,0.35299580837515737,true
insta_market_basket,52,quantity,le_p50,9,247651,12,0.000012113821466499227,0.000048455285865996906,2,8.075880977666152e-6,0.16570150355497995,true
insta_market_basket,52,quantity,le_p50,10,247651,568,0.0005733875494142967,0.0022935501976571867,294,0.0011871545037169242,-0.03125851741861226,true
insta_market_basket,52,quantity,le_p50,11,247651,18,0.00001817073219974884,0.00007268292879899536,0,0.0,0.14391954077614677,true
insta_market_basket,52,quantity,le_p50,12,247651,387,0.00039067074229460005,0.0015626829691784002,59,0.00023823848884115147,0.2654986718040229,true
insta_market_basket,52,quantity,le_p50,13,247651,225364,0.22750160508134432,0.9100064203253773,499,0.0020149323039277047,0.4086927064809094,true
insta_market_basket,52,quantity,le_p50,14,247651,78,0.00007873983953224497,0.0003149593581289799,4,0.000016151761955332303,0.3363101832950727,true
insta_market_basket,52,quantity,le_p50,15,247651,488,0.0004926287396376353,0.001970514958550541,19,0.00007672086928782843,0.2750800706357428,true
insta_market_basket,52,quantity,le_p50,16,247651,34,0.00003432249415508114,0.00013728997662032456,0,0.0,-0.08612277299877913,true
insta_market_basket,52,quantity,le_p50,17,247651,884,0.0008923848480321097,0.0035695393921284387,256,0.0010337127651412674,0.25293190901681156,true
insta_market_basket,52,quantity,le_p50,18,247651,115,0.00011609078905395092,0.00046436315621580367,29,0.0001171002741761592,0.15016115854959936,true
insta_market_basket,52,quantity,le_p50,19,247651,43,0.00004340786025495556,0.00017363144101982224,0,0.0,0.004886005479885742,true
insta_market_basket,52,quantity,le_p50,20,247651,9,9.08536609987442e-6,0.00003634146439949768,2,8.075880977666152e-6,0.3768719683090846,true
insta_market_basket,52,quantity,le_p50,21,247651,183,0.0001847357773641132,0.0007389431094564528,8,0.000032303523910664606,0.1263984975207354,true
insta_market_basket,52,quantity,le_p50,22,247651,30,0.000030284553666248065,0.00012113821466499226,1,4.037940488833076e-6,0.051344726141542195,true
insta_market_basket,52,quantity,le_p50,23,247651,0,0.0,0.0,0,0.0,0.0,false
insta_market_basket,52,quantity,le_p50,24,247651,0,0.0,0.0,0,0.0,0.0,false
insta_market_basket,52,quantity,le_p50,25,247651,54,0.00005451219659924652,0.0002180487863969861,2,8.075880977666152e-6,-0.11577488247443128,true
insta_market_basket,52,quantity,le_p50,26,247651,0,0.0,0.0,0,0.0,0.0,false
insta_market_basket,52,quantity,le_p50,27,247651,0,0.0,0.0,0,0.0,0.0,false
insta_market_basket,52,quantity,le_p50,28,247651,1619,0.0016343564128551873,0.006537425651420749,700,0.0028265583421831528,0.36355517148152405,true
insta_market_basket,52,quantity,le_p50,29,247651,241449,0.24373917327206432,0.9749566930882573,69584,0.28097605097496076,0.40617270419353524,true
insta_market_basket,52,quantity,le_p50,30,247651,1,1.009485122208269e-6,4.037940488833076e-6,0,0.0,0.30008092522621155,true
insta_market_basket,52,quantity,le_p50,31,247651,449,0.00045325881987151275,0.001813035279486051,6,0.000024227642932998453,0.4926750353954417,true
insta_market_basket,52,quantity,le_p50,32,247651,1,1.009485122208269e-6,4.037940488833076e-6,0,0.0,0.31619498133659363,true
insta_market_basket,52,quantity,le_p50,33,247651,134,0.00013527100637590803,0.0005410840255036321,1,4.037940488833076e-6,0.3982213242952503,true
insta_market_basket,52,quantity,le_p50,34,247651,42,0.00004239837513274729,0.00016959350053098916,3,0.000012113821466499227,-0.037703424270841335,true
insta_market_basket,52,quantity,le_p50,35,247651,243758,0.2460700744192432,0.9842802976769728,130753,0.5279728327363912,0.406707269554941,true
insta_market_basket,52,quantity,le_p50,36,247651,0,0.0,0.0,0,0.0,0.0,false
insta_market_basket,52,quantity,le_p50,37,247651,0,0.0,0.0,0,0.0,0.0,false
insta_market_basket,52,quantity,le_p50,38,247651,0,0.0,0.0,0,0.0,0.0,false
insta_market_basket,52,quantity,le_p50,39,247651,30,0.000030284553666248065,0.00012113821466499226,1,4.037940488833076e-6,-0.015905336337164046,true
insta_market_basket,52,quantity,le_p50,40,247651,7,7.066395855457882e-6,0.000028265583421831528,0,0.0,-0.08065857293383617,true
insta_market_basket,52,quantity,le_p50,41,247651,0,0.0,0.0,0,0.0,0.0,false
insta_market_basket,52,quantity,le_p50,42,247651,8,8.075880977666152e-6,0.000032303523910664606,2,8.075880977666152e-6,0.1824134299531579,true
insta_market_basket,52,quantity,le_p50,43,247651,0,0.0,0.0,0,0.0,0.0,false
insta_market_basket,52,quantity,le_p50,44,247651,232628,0.23483450500906516,0.9393380200362607,27297,0.11022366152367646,0.4070011086960382,true
insta_market_basket,52,quantity,le_p50,45,247651,97,0.00009792005685420209,0.00039168022741680836,6,0.000024227642932998453,0.38474872523976356,true
insta_market_basket,52,quantity,le_p50,46,247651,2,2.018970244416538e-6,8.075880977666152e-6,0,0.0,0.3227478936314583,true
insta_market_basket,52,quantity,le_p50,47,247651,241,0.0002432859144521928,0.0009731436578087712,7,0.000028265583421831528,0.40224054128055253,true
insta_market_basket,52,quantity,le_p50,48,247651,340,0.00034322494155081143,0.0013728997662032457,50,0.0002018970244416538,-0.060313592126647775,true
insta_market_basket,52,quantity,le_p50,49,247651,4,4.037940488833076e-6,0.000016151761955332303,0,0.0,-0.18142446503043175,true
insta_market_basket,52,quantity,le_p50,50,247651,0,0.0,0.0,0,0.0,0.0,false
insta_market_basket,52,quantity,le_p50,51,247651,7,7.066395855457882e-6,0.000028265583421831528,0,0.0,-0.11892776244453021,true
insta_market_basket,52,quantity,le_p50,52,247651,2,2.018970244416538e-6,8.075880977666152e-6,0,0.0,-0.22015295177698135,true
insta_market_basket,52,quantity,le_p50,53,247651,4,4.037940488833076e-6,0.000016151761955332303,0,0.0,0.36980900168418884,true
insta_market_basket,52,quantity,le_p50,54,247651,636,0.000642032537724459,0.002568130150897836,297,0.0011992683251834235,0.2648659551511782,true
insta_market_basket,52,quantity,le_p50,55,247651,334,0.0003371680308175618,0.0013486721232702473,18,0.00007268292879899536,0.36171819750096895,true
insta_market_basket,52,quantity,le_p50,56,247651,384,0.00038764228692797525,0.001550569147711901,111,0.0004482113942604714,0.20692146711796036,true
insta_market_basket,52,quantity,le_p50,57,247651,0,0.0,0.0,0,0.0,0.0,false
insta_market_basket,52,quantity,le_p50,58,247651,595,0.00060064364771392,0.00240257459085568,164,0.0006622222401686244,0.26323447835263836,true
insta_market_basket,52,quantity,le_p50,59,247651,22024,0.022232900331514913,0.08893160132605965,13356,0.05393073316885456,0.25035927036089695,true
insta_market_basket,52,quantity,le_p50,60,247651,0,0.0,0.0,0,0.0,0.0,false
insta_market_basket,52,quantity,le_p50,61,247651,15,0.000015142276833124033,0.00006056910733249613,0,0.0,0.30416655763983724,true
insta_market_basket,52,quantity,le_p50,62,247651,0,0.0,0.0,0,0.0,0.0,false
insta_market_basket,52,quantity,le_p50,63,247651,2292,0.0023137399001013524,0.00925495960040541,331,0.001336558301803748,0.3794139251009322,true
insta_market_basket,52,quantity,p50_p90,0,202534,430,0.0005307750797396981,0.0021231003189587923,9,0.000044436983420067743,0.4362034909427166,true
insta_market_basket,52,quantity,p50_p90,1,202534,1368,0.0016886053699625742,0.006754421479850297,763,0.0037672687055012987,0.2737900486804153,true
insta_market_basket,52,quantity,p50_p90,2,202534,156,0.00019256026148696022,0.0007702410459478409,27,0.00013331095026020322,0.2623369953287646,true
insta_market_basket,52,quantity,p50_p90,3,202534,1728,0.0021329752041632515,0.008531900816653006,794,0.003920329426170421,0.4500130040191666,true
insta_market_basket,52,quantity,p50_p90,4,202534,2,2.4687213011148745e-6,9.874885204459498e-6,0,0.0,0.2242031991481781,true
insta_market_basket,52,quantity,p50_p90,5,202534,0,0.0,0.0,0,0.0,0.0,false
insta_market_basket,52,quantity,p50_p90,6,202534,0,0.0,0.0,0,0.0,0.0,false
insta_market_basket,52,quantity,p50_p90,7,202534,0,0.0,0.0,0,0.0,0.0,false
insta_market_basket,52,quantity,p50_p90,8,202534,1801,0.0022230835316539447,0.008892334126615779,849,0.004191888769293057,0.5219288164794214,true
insta_market_basket,52,quantity,p50_p90,9,202534,0,0.0,0.0,0,0.0,0.0,false
insta_market_basket,52,quantity,p50_p90,10,202534,23,0.00002839029496282106,0.00011356117985128423,2,9.874885204459498e-6,0.05119316614202588,true
insta_market_basket,52,quantity,p50_p90,11,202534,3,3.7030819516723117e-6,0.000014812327806689247,0,0.0,0.18495073914527893,true
insta_market_basket,52,quantity,p50_p90,12,202534,217,0.0002678562611709639,0.0010714250446838556,21,0.00010368629464682473,0.3055867052675667,true
insta_market_basket,52,quantity,p50_p90,13,202534,198065,0.2444836422526588,0.9779345690106352,1007,0.0049720047004453575,0.5219428144104218,true
insta_market_basket,52,quantity,p50_p90,14,202534,47,0.00005801495057619955,0.0002320598023047982,0,0.0,0.40273302286229234,true
insta_market_basket,52,quantity,p50_p90,15,202534,534,0.0006591485873976715,0.002636594349590686,5,0.000024687213011148745,0.33888572298185654,true
insta_market_basket,52,quantity,p50_p90,16,202534,0,0.0,0.0,0,0.0,0.0,false
insta_market_basket,52,quantity,p50_p90,17,202534,618,0.0007628348820444962,0.003051339528177985,179,0.0008838022257991251,0.3093663327091503,true
insta_market_basket,52,quantity,p50_p90,18,202534,11,0.00001357796715613181,0.00005431186862452724,5,0.000024687213011148745,0.3723201711069454,true
insta_market_basket,52,quantity,p50_p90,19,202534,0,0.0,0.0,0,0.0,0.0,false
insta_market_basket,52,quantity,p50_p90,20,202534,3,3.7030819516723117e-6,0.000014812327806689247,0,0.0,0.450101763010025,true
insta_market_basket,52,quantity,p50_p90,21,202534,75,0.0000925770487918078,0.0003703081951672312,2,9.874885204459498e-6,0.19897530109311143,true
insta_market_basket,52,quantity,p50_p90,22,202534,6,7.406163903344623e-6,0.000029624655613378493,0,0.0,0.07391441256428759,true
insta_market_basket,52,quantity,p50_p90,23,202534,0,0.0,0.0,0,0.0,0.0,false
insta_market_basket,52,quantity,p50_p90,24,202534,0,0.0,0.0,0,0.0,0.0,false
insta_market_basket,52,quantity,p50_p90,25,202534,0,0.0,0.0,0,0.0,0.0,false
insta_market_basket,52,quantity,p50_p90,26,202534,0,0.0,0.0,0,0.0,0.0,false
insta_market_basket,52,quantity,p50_p90,27,202534,0,0.0,0.0,0,0.0,0.0,false
insta_market_basket,52,quantity,p50_p90,28,202534,2569,0.0031710725112820562,0.012684290045128225,1204,0.0059446808930846175,0.4029541162925502,true
insta_market_basket,52,quantity,p50_p90,29,202534,198890,0.24550198978936869,0.9820079591574747,43344,0.21400851215104624,0.5280426546323828,true
insta_market_basket,52,quantity,p50_p90,30,202534,0,0.0,0.0,0,0.0,0.0,false
insta_market_basket,52,quantity,p50_p90,31,202534,247,0.000304887080687687,0.001219548322750748,2,9.874885204459498e-6,0.5497951435174054,true
insta_market_basket,52,quantity,p50_p90,32,202534,0,0.0,0.0,0,0.0,0.0,false
insta_market_basket,52,quantity,p50_p90,33,202534,211,0.00026045009726761927,0.001041800389070477,2,9.874885204459498e-6,0.4048345526812766,true
insta_market_basket,52,quantity,p50_p90,34,202534,1,1.2343606505574372e-6,4.937442602229749e-6,0,0.0,0.01981239765882492,true
insta_market_basket,52,quantity,p50_p90,35,202534,200958,0.24805464761472149,0.9922185904588859,127297,0.6285216309360404,0.5295807233928284,true
insta_market_basket,52,quantity,p50_p90,36,202534,0,0.0,0.0,0,0.0,0.0,false
insta_market_basket,52,quantity,p50_p90,37,202534,0,0.0,0.0,0,0.0,0.0,false
insta_market_basket,52,quantity,p50_p90,38,202534,0,0.0,0.0,0,0.0,0.0,false
insta_market_basket,52,quantity,p50_p90,39,202534,0,0.0,0.0,0,0.0,0.0,false
insta_market_basket,52,quantity,p50_p90,40,202534,0,0.0,0.0,0,0.0,0.0,false
insta_market_basket,52,quantity,p50_p90,41,202534,1,1.2343606505574372e-6,4.937442602229749e-6,0,0.0,0.17677995562553406,true
insta_market_basket,52,quantity,p50_p90,42,202534,1,1.2343606505574372e-6,4.937442602229749e-6,0,0.0,0.3191223442554474,true
insta_market_basket,52,quantity,p50_p90,43,202534,0,0.0,0.0,0,0.0,0.0,false
insta_market_basket,52,quantity,p50_p90,44,202534,198759,0.24534028854414566,0.9813611541765827,26030,0.12852163093604038,0.5257011332008263,true
insta_market_basket,52,quantity,p50_p90,45,202534,117,0.00014442019611522015,0.0005776807844608806,9,0.000044436983420067743,0.4072731589404946,true
insta_market_basket,52,quantity,p50_p90,46,202534,0,0.0,0.0,0,0.0,0.0,false
insta_market_basket,52,quantity,p50_p90,47,202534,154,0.00019009154018584533,0.0007603661607433813,0,0.0,0.42789174364758775,true
insta_market_basket,52,quantity,p50_p90,48,202534,12,0.000014812327806689247,0.00005924931122675699,0,0.0,0.07287058086755376,true
insta_market_basket,52,quantity,p50_p90,49,202534,1,1.2343606505574372e-6,4.937442602229749e-6,0,0.0,-0.056396640837192535,true
insta_market_basket,52,quantity,p50_p90,50,202534,0,0.0,0.0,0,0.0,0.0,false
insta_market_basket,52,quantity,p50_p90,51,202534,0,0.0,0.0,0,0.0,0.0,false
insta_market_basket,52,quantity,p50_p90,52,202534,0,0.0,0.0,0,0.0,0.0,false
insta_market_basket,52,quantity,p50_p90,53,202534,6,7.406163903344623e-6,0.000029624655613378493,0,0.0,0.4058058212200801,true
insta_market_basket,52,quantity,p50_p90,54,202534,198,0.00024440340881037257,0.0009776136352414903,77,0.00038018308037169067,0.3420288895252114,true
insta_market_basket,52,quantity,p50_p90,55,202534,155,0.0001913259008364028,0.0007653036033456112,2,9.874885204459498e-6,0.4125080410511263,true
insta_market_basket,52,quantity,p50_p90,56,202534,82,0.00010121757334570986,0.00040487029338283944,14,0.00006912419643121649,0.31561146622023933,true
insta_market_basket,52,quantity,p50_p90,57,202534,0,0.0,0.0,0,0.0,0.0,false
insta_market_basket,52,quantity,p50_p90,58,202534,568,0.0007011168495166244,0.0028044673980664975,119,0.0005875556696653401,0.30782291922770755,true
insta_market_basket,52,quantity,p50_p90,59,202534,1449,0.0017885885826577266,0.007154354330630906,678,0.00334758608431177,0.3405744112665547,true
insta_market_basket,52,quantity,p50_p90,60,202534,0,0.0,0.0,0,0.0,0.0,false
insta_market_basket,52,quantity,p50_p90,61,202534,5,6.171803252787186e-6,0.000024687213011148745,0,0.0,0.3372686684131622,true
insta_market_basket,52,quantity,p50_p90,62,202534,0,0.0,0.0,0,0.0,0.0,false
insta_market_basket,52,quantity,p50_p90,63,202534,665,0.0008208498326206958,0.0032833993304827833,93,0.00045918216200736665,0.5226061936327837,true
insta_market_basket,52,quantity,p90_p95,0,27322,21,0.00019215284386208916,0.0007686113754483566,0,0.0,0.47149649546259925,true
insta_market_basket,52,quantity,p90_p95,1,27322,117,0.0010705658443744966,0.0042822633774979866,60,0.002196032501281019,0.3114544054509228,true
insta_market_basket,52,quantity,p90_p95,2,27322,4,0.00003660054168801698,0.00014640216675206792,0,0.0,0.35219139605760574,true
insta_market_basket,52,quantity,p90_p95,3,27322,271,0.0024796866993631508,0.009918746797452603,128,0.0046848693360661735,0.48737110873869866,true
insta_market_basket,52,quantity,p90_p95,4,27322,0,0.0,0.0,0,0.0,0.0,false
insta_market_basket,52,quantity,p90_p95,5,27322,0,0.0,0.0,0,0.0,0.0,false
insta_market_basket,52,quantity,p90_p95,6,27322,0,0.0,0.0,0,0.0,0.0,false
insta_market_basket,52,quantity,p90_p95,7,27322,0,0.0,0.0,0,0.0,0.0,false
insta_market_basket,52,quantity,p90_p95,8,27322,151,0.001381670448722641,0.005526681794890564,86,0.0031476465851694607,0.5597777305454608,true
insta_market_basket,52,quantity,p90_p95,9,27322,0,0.0,0.0,0,0.0,0.0,false
insta_market_basket,52,quantity,p90_p95,10,27322,1,9.150135422004245e-6,0.00003660054168801698,0,0.0,0.1063307598233223,true
insta_market_basket,52,quantity,p90_p95,11,27322,0,0.0,0.0,0,0.0,0.0,false
insta_market_basket,52,quantity,p90_p95,12,27322,12,0.00010980162506405095,0.0004392065002562038,0,0.0,0.311905720581611,true
insta_market_basket,52,quantity,p90_p95,13,27322,26832,0.24551643364321793,0.9820657345728717,150,0.005490081253202547,0.565414624840627,true
insta_market_basket,52,quantity,p90_p95,14,27322,3,0.000027450406266012737,0.00010980162506405095,0,0.0,0.5370417435963949,true
insta_market_basket,52,quantity,p90_p95,15,27322,76,0.0006954102920723226,0.0027816411682892906,1,0.00003660054168801698,0.3757209848416479,true
insta_market_basket,52,quantity,p90_p95,16,27322,0,0.0,0.0,0,0.0,0.0,false
insta_market_basket,52,quantity,p90_p95,17,27322,60,0.0005490081253202547,0.002196032501281019,23,0.0008418124588243906,0.3383790497978528,true
insta_market_basket,52,quantity,p90_p95,18,27322,0,0.0,0.0,0,0.0,0.0,false
insta_market_basket,52,quantity,p90_p95,19,27322,0,0.0,0.0,0,0.0,0.0,false
insta_market_basket,52,quantity,p90_p95,20,27322,0,0.0,0.0,0,0.0,0.0,false
insta_market_basket,52,quantity,p90_p95,21,27322,6,0.000054900812532025474,0.0002196032501281019,0,0.0,0.21154186750451723,true
insta_market_basket,52,quantity,p90_p95,22,27322,0,0.0,0.0,0,0.0,0.0,false
insta_market_basket,52,quantity,p90_p95,23,27322,0,0.0,0.0,0,0.0,0.0,false
insta_market_basket,52,quantity,p90_p95,24,27322,0,0.0,0.0,0,0.0,0.0,false
insta_market_basket,52,quantity,p90_p95,25,27322,0,0.0,0.0,0,0.0,0.0,false
insta_market_basket,52,quantity,p90_p95,26,27322,0,0.0,0.0,0,0.0,0.0,false
insta_market_basket,52,quantity,p90_p95,27,27322,0,0.0,0.0,0,0.0,0.0,false
insta_market_basket,52,quantity,p90_p95,28,27322,485,0.004437815679672059,0.017751262718688238,249,0.00911353488031623,0.4568244036018234,true
insta_market_basket,52,quantity,p90_p95,29,27322,26818,0.24538833174730987,0.9815533269892395,5344,0.19559329478076276,0.5704907028718386,true
insta_market_basket,52,quantity,p90_p95,30,27322,0,0.0,0.0,0,0.0,0.0,false
insta_market_basket,52,quantity,p90_p95,31,27322,20,0.00018300270844008492,0.0007320108337603397,0,0.0,0.5744901761412621,true
insta_market_basket,52,quantity,p90_p95,32,27322,0,0.0,0.0,0,0.0,0.0,false
insta_market_basket,52,quantity,p90_p95,33,27322,43,0.0003934558231461826,0.0015738232925847303,0,0.0,0.4191135258175606,true
insta_market_basket,52,quantity,p90_p95,34,27322,0,0.0,0.0,0,0.0,0.0,false
insta_market_basket,52,quantity,p90_p95,35,27322,27163,0.24854512846790133,0.9941805138716053,17153,0.6278090915745553,0.5721067489810461,true
insta_market_basket,52,quantity,p90_p95,36,27322,0,0.0,0.0,0,0.0,0.0,false
insta_market_basket,52,quantity,p90_p95,37,27322,0,0.0,0.0,0,0.0,0.0,false
insta_market_basket,52,quantity,p90_p95,38,27322,0,0.0,0.0,0,0.0,0.0,false
insta_market_basket,52,quantity,p90_p95,39,27322,0,0.0,0.0,0,0.0,0.0,false
insta_market_basket,52,quantity,p90_p95,40,27322,0,0.0,0.0,0,0.0,0.0,false
insta_market_basket,52,quantity,p90_p95,41,27322,0,0.0,0.0,0,0.0,0.0,false
insta_market_basket,52,quantity,p90_p95,42,27322,0,0.0,0.0,0,0.0,0.0,false
insta_market_basket,52,quantity,p90_p95,43,27322,0,0.0,0.0,0,0.0,0.0,false
insta_market_basket,52,quantity,p90_p95,44,27322,26921,0.2463307956957763,0.9853231827831052,4063,0.148708000878413,0.5689872079096262,true
insta_market_basket,52,quantity,p90_p95,45,27322,14,0.00012810189590805945,0.0005124075836322378,1,0.00003660054168801698,0.4392919604267393,true
insta_market_basket,52,quantity,p90_p95,46,27322,1,9.150135422004245e-6,0.00003660054168801698,0,0.0,0.5194538235664368,true
insta_market_basket,52,quantity,p90_p95,47,27322,15,0.00013725203133006369,0.0005490081253202547,0,0.0,0.4351371864477793,true
insta_market_basket,52,quantity,p90_p95,48,27322,0,0.0,0.0,0,0.0,0.0,false
insta_market_basket,52,quantity,p90_p95,49,27322,0,0.0,0.0,0,0.0,0.0,false
insta_market_basket,52,quantity,p90_p95,50,27322,0,0.0,0.0,0,0.0,0.0,false
insta_market_basket,52,quantity,p90_p95,51,27322,0,0.0,0.0,0,0.0,0.0,false
insta_market_basket,52,quantity,p90_p95,52,27322,0,0.0,0.0,0,0.0,0.0,false
insta_market_basket,52,quantity,p90_p95,53,27322,0,0.0,0.0,0,0.0,0.0,false
insta_market_basket,52,quantity,p90_p95,54,27322,10,0.00009150135422004246,0.00036600541688016985,2,0.00007320108337603396,0.3999664008617401,true
insta_market_basket,52,quantity,p90_p95,55,27322,17,0.00015555230217407219,0.0006222092086962887,0,0.0,0.44374729254666495,true
insta_market_basket,52,quantity,p90_p95,56,27322,4,0.00003660054168801698,0.00014640216675206792,0,0.0,0.2961578741669655,true
insta_market_basket,52,quantity,p90_p95,57,27322,0,0.0,0.0,0,0.0,0.0,false
insta_market_basket,52,quantity,p90_p95,58,27322,74,0.0006771100212283142,0.002708440084913257,15,0.0005490081253202547,0.34509258566273227,true
insta_market_basket,52,quantity,p90_p95,59,27322,76,0.0006954102920723226,0.0027816411682892906,41,0.0015006222092086962,0.32590324265000065,true
insta_market_basket,52,quantity,p90_p95,60,27322,0,0.0,0.0,0,0.0,0.0,false
insta_market_basket,52,quantity,p90_p95,61,27322,0,0.0,0.0,0,0.0,0.0,false
insta_market_basket,52,quantity,p90_p95,62,27322,0,0.0,0.0,0,0.0,0.0,false
insta_market_basket,52,quantity,p90_p95,63,27322,73,0.0006679598858063099,0.0026718395432252396,6,0.0002196032501281019,0.5554761953958093,true
insta_market_basket,52,quantity,p95_p99,0,20190,12,0.00014858841010401187,0.0005943536404160475,0,0.0,0.4868415767947833,true
insta_market_basket,52,quantity,p95_p99,1,20190,96,0.001188707280832095,0.00475482912332838,36,0.0017830609212481426,0.3264606688171625,true
insta_market_basket,52,quantity,p95_p99,2,20190,2,0.000024764735017335315,0.00009905894006934126,1,0.00004952947003467063,0.31701619923114777,true
insta_market_basket,52,quantity,p95_p99,3,20190,237,0.0029346210995542348,0.011738484398216939,99,0.004903417533432392,0.5054652023793272,true
insta_market_basket,52,quantity,p95_p99,4,20190,0,0.0,0.0,0,0.0,0.0,false
insta_market_basket,52,quantity,p95_p99,5,20190,0,0.0,0.0,0,0.0,0.0,false
insta_market_basket,52,quantity,p95_p99,6,20190,0,0.0,0.0,0,0.0,0.0,false
insta_market_basket,52,quantity,p95_p99,7,20190,0,0.0,0.0,0,0.0,0.0,false
insta_market_basket,52,quantity,p95_p99,8,20190,124,0.0015354135710747895,0.006141654284299158,72,0.003566121842496285,0.5677986038668502,true
insta_market_basket,52,quantity,p95_p99,9,20190,0,0.0,0.0,0,0.0,0.0,false
insta_market_basket,52,quantity,p95_p99,10,20190,1,0.000012382367508667657,0.00004952947003467063,0,0.0,0.13444706797599792,true
insta_market_basket,52,quantity,p95_p99,11,20190,0,0.0,0.0,0,0.0,0.0,false
insta_market_basket,52,quantity,p95_p99,12,20190,15,0.00018573551263001485,0.0007429420505200594,1,0.00004952947003467063,0.38739435573418934,true
insta_market_basket,52,quantity,p95_p99,13,20190,19772,0.2448241703813769,0.9792966815255076,96,0.00475482912332838,0.5800522553551533,true
insta_market_basket,52,quantity,p95_p99,14,20190,6,0.00007429420505200594,0.00029717682020802375,0,0.0,0.5418322136004766,true
insta_market_basket,52,quantity,p95_p99,15,20190,55,0.0006810302129767211,0.0027241208519068845,1,0.00004952947003467063,0.3860420243306594,true
insta_market_basket,52,quantity,p95_p99,16,20190,0,0.0,0.0,0,0.0,0.0,false
insta_market_basket,52,quantity,p95_p99,17,20190,36,0.00044576523031203565,0.0017830609212481426,10,0.0004952947003467063,0.3558812712629636,true
insta_market_basket,52,quantity,p95_p99,18,20190,0,0.0,0.0,0,0.0,0.0,false
insta_market_basket,52,quantity,p95_p99,19,20190,0,0.0,0.0,0,0.0,0.0,false
insta_market_basket,52,quantity,p95_p99,20,20190,1,0.000012382367508667657,0.00004952947003467063,0,0.0,0.5538454651832581,true
insta_market_basket,52,quantity,p95_p99,21,20190,0,0.0,0.0,0,0.0,0.0,false
insta_market_basket,52,quantity,p95_p99,22,20190,0,0.0,0.0,0,0.0,0.0,false
insta_market_basket,52,quantity,p95_p99,23,20190,0,0.0,0.0,0,0.0,0.0,false
insta_market_basket,52,quantity,p95_p99,24,20190,0,0.0,0.0,0,0.0,0.0,false
insta_market_basket,52,quantity,p95_p99,25,20190,0,0.0,0.0,0,0.0,0.0,false
insta_market_basket,52,quantity,p95_p99,26,20190,0,0.0,0.0,0,0.0,0.0,false
insta_market_basket,52,quantity,p95_p99,27,20190,0,0.0,0.0,0,0.0,0.0,false
insta_market_basket,52,quantity,p95_p99,28,20190,477,0.005906389301634472,0.02362555720653789,275,0.013620604259534423,0.4676543728173154,true
insta_market_basket,52,quantity,p95_p99,29,20190,19769,0.2447870232788509,0.9791480931154036,3730,0.18474492322932146,0.584756755093636,true
insta_market_basket,52,quantity,p95_p99,30,20190,0,0.0,0.0,0,0.0,0.0,false
insta_market_basket,52,quantity,p95_p99,31,20190,18,0.00022288261515601782,0.0008915304606240713,0,0.0,0.5743714223305384,true
insta_market_basket,52,quantity,p95_p99,32,20190,0,0.0,0.0,0,0.0,0.0,false
insta_market_basket,52,quantity,p95_p99,33,20190,41,0.000507677067855374,0.002030708271421496,0,0.0,0.4270079139529205,true
insta_market_basket,52,quantity,p95_p99,34,20190,0,0.0,0.0,0,0.0,0.0,false
insta_market_basket,52,quantity,p95_p99,35,20190,20027,0.24798167409608718,0.9919266963843487,12397,0.6140168400198118,0.586215939803771,true
insta_market_basket,52,quantity,p95_p99,36,20190,0,0.0,0.0,0,0.0,0.0,false
insta_market_basket,52,quantity,p95_p99,37,20190,0,0.0,0.0,0,0.0,0.0,false
insta_market_basket,52,quantity,p95_p99,38,20190,0,0.0,0.0,0,0.0,0.0,false
insta_market_basket,52,quantity,p95_p99,39,20190,0,0.0,0.0,0,0.0,0.0,false
insta_market_basket,52,quantity,p95_p99,40,20190,0,0.0,0.0,0,0.0,0.0,false
insta_market_basket,52,quantity,p95_p99,41,20190,0,0.0,0.0,0,0.0,0.0,false
insta_market_basket,52,quantity,p95_p99,42,20190,0,0.0,0.0,0,0.0,0.0,false
insta_market_basket,52,quantity,p95_p99,43,20190,0,0.0,0.0,0,0.0,0.0,false
insta_market_basket,52,quantity,p95_p99,44,20190,19855,0.24585190688459632,0.9834076275383853,3429,0.1698365527488856,0.5835499865222685,true
insta_market_basket,52,quantity,p95_p99,45,20190,17,0.00021050024764735018,0.0008420009905894007,0,0.0,0.46114586907274585,true
insta_market_basket,52,quantity,p95_p99,46,20190,0,0.0,0.0,0,0.0,0.0,false
insta_market_basket,52,quantity,p95_p99,47,20190,15,0.00018573551263001485,0.0007429420505200594,0,0.0,0.4621469140052795,true
insta_market_basket,52,quantity,p95_p99,48,20190,0,0.0,0.0,0,0.0,0.0,false
insta_market_basket,52,quantity,p95_p99,49,20190,0,0.0,0.0,0,0.0,0.0,false
insta_market_basket,52,quantity,p95_p99,50,20190,0,0.0,0.0,0,0.0,0.0,false
insta_market_basket,52,quantity,p95_p99,51,20190,0,0.0,0.0,0,0.0,0.0,false
insta_market_basket,52,quantity,p95_p99,52,20190,0,0.0,0.0,0,0.0,0.0,false
insta_market_basket,52,quantity,p95_p99,53,20190,0,0.0,0.0,0,0.0,0.0,false
insta_market_basket,52,quantity,p95_p99,54,20190,4,0.00004952947003467063,0.00019811788013868252,1,0.00004952947003467063,0.37068507075309753,true
insta_market_basket,52,quantity,p95_p99,55,20190,16,0.00019811788013868252,0.0007924715205547301,0,0.0,0.46033901907503605,true
insta_market_basket,52,quantity,p95_p99,56,20190,2,0.000024764735017335315,0.00009905894006934126,0,0.0,0.31768493354320526,true
insta_market_basket,52,quantity,p95_p99,57,20190,0,0.0,0.0,0,0.0,0.0,false
insta_market_basket,52,quantity,p95_p99,58,20190,53,0.0006562654779593859,0.0026250619118375436,11,0.0005448241703813769,0.3589377633805545,true
insta_market_basket,52,quantity,p95_p99,59,20190,54,0.0006686478454680535,0.002674591381872214,29,0.0014363546310054483,0.3428623996399067,true
insta_market_basket,52,quantity,p95_p99,60,20190,0,0.0,0.0,0,0.0,0.0,false
insta_market_basket,52,quantity,p95_p99,61,20190,0,0.0,0.0,0,0.0,0.0,false
insta_market_basket,52,quantity,p95_p99,62,20190,0,0.0,0.0,0,0.0,0.0,false
insta_market_basket,52,quantity,p95_p99,63,20190,55,0.0006810302129767211,0.0027241208519068845,2,0.00009905894006934126,0.563035558570515,true
insta_market_basket,52,quantity_region,body_le_p95,0,477507,3761,0.001969081081533883,0.007876324326135532,140,0.00029318941921270265,0.3189030036846903,true
insta_market_basket,52,quantity_region,body_le_p95,1,477507,3433,0.001797355850280729,0.007189423401122916,1903,0.003985281891155522,0.22990445281612434,true
insta_market_basket,52,quantity_region,body_le_p95,2,477507,1235,0.000646587379870871,0.002586349519483484,353,0.0007392561784434574,0.13179170949222438,true
insta_market_basket,52,quantity_region,body_le_p95,3,477507,3454,0.0018083504535012051,0.0072334018140048206,1561,0.0032690620242216343,0.4300364421273554,true
insta_market_basket,52,quantity_region,body_le_p95,4,477507,8,4.18842027446718e-6,0.00001675368109786872,0,0.0,0.268644992262125,true
insta_market_basket,52,quantity_region,body_le_p95,5,477507,1,5.235525343083975e-7,2.09421013723359e-6,1,2.09421013723359e-6,0.05794501677155495,true
insta_market_basket,52,quantity_region,body_le_p95,6,477507,0,0.0,0.0,0,0.0,0.0,false
insta_market_basket,52,quantity_region,body_le_p95,7,477507,0,0.0,0.0,0,0.0,0.0,false
insta_market_basket,52,quantity_region,body_le_p95,8,477507,9391,0.004916681849690162,0.019666727398760648,2547,0.005333953219533954,0.38871856610527084,true
insta_market_basket,52,quantity_region,body_le_p95,9,477507,12,6.282630411700771e-6,0.000025130521646803083,2,4.18842027446718e-6,0.16570150355497995,true
insta_market_basket,52,quantity_region,body_le_p95,10,477507,592,0.00030994310031057134,0.0012397724012422854,296,0.0006198862006211427,-0.027822743771422038,true
insta_market_basket,52,quantity_region,body_le_p95,11,477507,21,0.000010994603220476348,0.000043978412881905394,0,0.0,0.14978114054316566,true
insta_market_basket,52,quantity_region,body_le_p95,12,477507,616,0.00032250836113397293,0.0012900334445358917,80,0.00016753681097868723,0.28052462610097106,true
insta_market_basket,52,quantity_region,body_le_p95,13,477507,450261,0.2357352876502334,0.9429411506009336,1656,0.0034680119872588255,0.4678496069019692,true
insta_market_basket,52,quantity_region,body_le_p95,14,477507,128,0.00006701472439147488,0.00026805889756589954,4,8.37684054893436e-6,0.3654044656432234,true
insta_market_basket,52,quantity_region,body_le_p95,15,477507,1098,0.0005748606826706205,0.002299442730682482,25,0.00005235525343083976,0.31307727266896096,true
insta_market_basket,52,quantity_region,body_le_p95,16,477507,34,0.000017800786166485517,0.00007120314466594207,0,0.0,-0.08612277299877913,true
insta_market_basket,52,quantity_region,body_le_p95,17,477507,1562,0.000817789058589717,0.003271156234358868,458,0.0009591482428529843,0.2785422177804017,true
insta_market_basket,52,quantity_region,body_le_p95,18,477507,126,0.0000659676193228581,0.0002638704772914324,34,0.00007120314466594207,0.16955599297920892,true
insta_market_basket,52,quantity_region,body_le_p95,19,477507,43,0.000022512758975261095,0.00009005103590104438,0,0.0,0.004886005479885742,true
insta_market_basket,52,quantity_region,body_le_p95,20,477507,12,6.282630411700771e-6,0.000025130521646803083,2,4.18842027446718e-6,0.3951794169843197,true
insta_market_basket,52,quantity_region,body_le_p95,21,477507,264,0.00013821786905741695,0.0005528714762296678,10,0.000020942101372335904,0.14895198421706454,true
insta_market_basket,52,quantity_region,body_le_p95,22,477507,36,0.000018847891235102314,0.00007539156494040926,1,2.09421013723359e-6,0.055106340545333095,true
insta_market_basket,52,quantity_region,body_le_p95,23,477507,0,0.0,0.0,0,0.0,0.0,false
insta_market_basket,52,quantity_region,body_le_p95,24,477507,0,0.0,0.0,0,0.0,0.0,false
insta_market_basket,52,quantity_region,body_le_p95,25,477507,54,0.00002827183685265347,0.00011308734741061388,2,4.18842027446718e-6,-0.11577488247443128,true
insta_market_basket,52,quantity_region,body_le_p95,26,477507,0,0.0,0.0,0,0.0,0.0,false
insta_market_basket,52,quantity_region,body_le_p95,27,477507,0,0.0,0.0,0,0.0,0.0,false
insta_market_basket,52,quantity_region,body_le_p95,28,477507,4673,0.002446560992823142,0.009786243971292567,2153,0.00450883442546392,0.39489509589793137,true
insta_market_basket,52,quantity_region,body_le_p95,29,477507,467157,0.24458123126990808,0.9783249250796323,118272,0.2476864213508912,0.46749126418800635,true
insta_market_basket,52,quantity_region,body_le_p95,30,477507,1,5.235525343083975e-7,2.09421013723359e-6,0,0.0,0.30008092522621155,true
insta_market_basket,52,quantity_region,body_le_p95,31,477507,716,0.0003748636145648127,0.0014994544582592507,8,0.00001675368109786872,0.514665216290751,true
insta_market_basket,52,quantity_region,body_le_p95,32,477507,1,5.235525343083975e-7,2.09421013723359e-6,0,0.0,0.31619498133659363,true
insta_market_basket,52,quantity_region,body_le_p95,33,477507,388,0.00020313838331165827,0.0008125535332466331,3,6.282630411700771e-6,0.4041330661893505,true
insta_market_basket,52,quantity_region,body_le_p95,34,477507,43,0.000022512758975261095,0.00009005103590104438,3,6.282630411700771e-6,-0.03636584701666305,true
insta_market_basket,52,quantity_region,body_le_p95,35,477507,471879,0.24705344633691234,0.9882137853476494,275203,0.5763329123970957,0.46855606892089174,true
insta_market_basket,52,quantity_region,body_le_p95,36,477507,0,0.0,0.0,0,0.0,0.0,false
insta_market_basket,52,quantity_region,body_le_p95,37,477507,0,0.0,0.0,0,0.0,0.0,false
insta_market_basket,52,quantity_region,body_le_p95,38,477507,0,0.0,0.0,0,0.0,0.0,false
insta_market_basket,52,quantity_region,body_le_p95,39,477507,30,0.000015706576029251928,0.00006282630411700771,1,2.09421013723359e-6,-0.015905336337164046,true
insta_market_basket,52,quantity_region,body_le_p95,40,477507,7,3.664867740158783e-6,0.000014659470960635131,0,0.0,-0.08065857293383617,true
insta_market_basket,52,quantity_region,body_le_p95,41,477507,1,5.235525343083975e-7,2.09421013723359e-6,0,0.0,0.17677995562553406,true
insta_market_basket,52,quantity_region,body_le_p95,42,477507,9,4.7119728087755785e-6,0.000018847891235102314,2,4.18842027446718e-6,0.19760330932007897,true
insta_market_basket,52,quantity_region,body_le_p95,43,477507,0,0.0,0.0,0,0.0,0.0,false
insta_market_basket,52,quantity_region,body_le_p95,44,477507,458308,0.23994831489381307,0.9597932595752523,57390,0.12018671977583574,0.4679939910971226,true
insta_market_basket,52,quantity_region,body_le_p95,45,477507,228,0.00011936997782231464,0.00047747991128925857,16,0.00003350736219573744,0.39965646223802315,true
insta_market_basket,52,quantity_region,body_le_p95,46,477507,3,1.5706576029251927e-6,6.282630411700771e-6,0,0.0,0.3883165369431178,true
insta_market_basket,52,quantity_region,body_le_p95,47,477507,410,0.000214656539066443,0.000858626156265772,7,0.000014659470960635131,0.4130789189440448,true
insta_market_basket,52,quantity_region,body_le_p95,48,477507,352,0.00018429049207655595,0.0007371619683062238,50,0.00010471050686167952,-0.055773222592754544,true
insta_market_basket,52,quantity_region,body_le_p95,49,477507,5,2.617762671541988e-6,0.000010471050686167952,0,0.0,-0.1564189001917839,true
insta_market_basket,52,quantity_region,body_le_p95,50,477507,0,0.0,0.0,0,0.0,0.0,false
insta_market_basket,52,quantity_region,body_le_p95,51,477507,7,3.664867740158783e-6,0.000014659470960635131,0,0.0,-0.11892776244453021,true
insta_market_basket,52,quantity_region,body_le_p95,52,477507,2,1.047105068616795e-6,4.18842027446718e-6,0,0.0,-0.22015295177698135,true
insta_market_basket,52,quantity_region,body_le_p95,53,477507,10,5.235525343083976e-6,0.000020942101372335904,0,0.0,0.39140709340572355,true
insta_market_basket,52,quantity_region,body_le_p95,54,477507,844,0.00044187833895628756,0.0017675133558251502,376,0.0007874230115998299,0.2845688763160647,true
insta_market_basket,52,quantity_region,body_le_p95,55,477507,506,0.00026491758236004917,0.0010596703294401967,20,0.00004188420274467181,0.3800322693706354,true
insta_market_basket,52,quantity_region,body_le_p95,56,477507,470,0.00024606969112494684,0.0009842787644997874,125,0.0002617762671541988,0.22664386191494526,true
insta_market_basket,52,quantity_region,body_le_p95,57,477507,0,0.0,0.0,0,0.0,0.0,false
insta_market_basket,52,quantity_region,body_le_p95,58,477507,1237,0.0006476344849394878,0.002590537939757951,298,0.00062407462089561,0.2886053226194017,true
insta_market_basket,52,quantity_region,body_le_p95,59,477507,23549,0.012329138630428454,0.04931655452171382,14075,0.029476007681562784,0.2561541270879881,true
insta_market_basket,52,quantity_region,body_le_p95,60,477507,0,0.0,0.0,0,0.0,0.0,false
insta_market_basket,52,quantity_region,body_le_p95,61,477507,20,0.000010471050686167952,0.00004188420274467181,0,0.0,0.31244208533316853,true
insta_market_basket,52,quantity_region,body_le_p95,62,477507,0,0.0,0.0,0,0.0,0.0,false
insta_market_basket,52,quantity_region,body_le_p95,63,477507,3030,0.0015863641789544446,0.0063454567158177785,430,0.0009005103590104439,0.4150823753666772,true
insta_market_basket,52,quantity_region,extreme_tail_gt_p99,0,6036,2,0.0000828363154406892,0.0003313452617627568,0,0.0,0.4480611979961395,true
insta_market_basket,52,quantity_region,extreme_tail_gt_p99,1,6036,47,0.001946653412856196,0.007786613651424784,16,0.0026507620941020544,0.3880671307127527,true
insta_market_basket,52,quantity_region,extreme_tail_gt_p99,2,6036,1,0.0000414181577203446,0.0001656726308813784,0,0.0,0.17902767658233643,true
insta_market_basket,52,quantity_region,extreme_tail_gt_p99,3,6036,64,0.0026507620941020544,0.010603048376408217,22,0.003644797879390325,0.5163500132039189,true
insta_market_basket,52,quantity_region,extreme_tail_gt_p99,4,6036,0,0.0,0.0,0,0.0,0.0,false
insta_market_basket,52,quantity_region,extreme_tail_gt_p99,5,6036,0,0.0,0.0,0,0.0,0.0,false
insta_market_basket,52,quantity_region,extreme_tail_gt_p99,6,6036,0,0.0,0.0,0,0.0,0.0,false
insta_market_basket,52,quantity_region,extreme_tail_gt_p99,7,6036,0,0.0,0.0,0,0.0,0.0,false
insta_market_basket,52,quantity_region,extreme_tail_gt_p99,8,6036,31,0.0012839628893306825,0.00513585155732273,19,0.0031477799867461894,0.6076431832005901,true
insta_market_basket,52,quantity_region,extreme_tail_gt_p99,9,6036,0,0.0,0.0,0,0.0,0.0,false
insta_market_basket,52,quantity_region,extreme_tail_gt_p99,10,6036,0,0.0,0.0,0,0.0,0.0,false
insta_market_basket,52,quantity_region,extreme_tail_gt_p99,11,6036,0,0.0,0.0,0,0.0,0.0,false
insta_market_basket,52,quantity_region,extreme_tail_gt_p99,12,6036,2,0.0000828363154406892,0.0003313452617627568,0,0.0,0.20820307731628418,true
insta_market_basket,52,quantity_region,extreme_tail_gt_p99,13,6036,5872,0.24320742213386348,0.9728296885354539,31,0.00513585155732273,0.5910388355394597,true
insta_market_basket,52,quantity_region,extreme_tail_gt_p99,14,6036,1,0.0000414181577203446,0.0001656726308813784,0,0.0,0.5817133784294128,true
insta_market_basket,52,quantity_region,extreme_tail_gt_p99,15,6036,38,0.0015738899933730947,0.006295559973492379,0,0.0,0.424712692436419,true
insta_market_basket,52,quantity_region,extreme_tail_gt_p99,16,6036,0,0.0,0.0,0,0.0,0.0,false
insta_market_basket,52,quantity_region,extreme_tail_gt_p99,17,6036,17,0.0007041086812458582,0.0028164347249834327,7,0.0011597084161696488,0.38409820724936095,true
insta_market_basket,52,quantity_region,extreme_tail_gt_p99,18,6036,0,0.0,0.0,0,0.0,0.0,false
insta_market_basket,52,quantity_region,extreme_tail_gt_p99,19,6036,0,0.0,0.0,0,0.0,0.0,false
insta_market_basket,52,quantity_region,extreme_tail_gt_p99,20,6036,0,0.0,0.0,0,0.0,0.0,false
insta_market_basket,52,quantity_region,extreme_tail_gt_p99,21,6036,1,0.0000414181577203446,0.0001656726308813784,0,0.0,0.18335971236228943,true
insta_market_basket,52,quantity_region,extreme_tail_gt_p99,22,6036,0,0.0,0.0,0,0.0,0.0,false
insta_market_basket,52,quantity_region,extreme_tail_gt_p99,23,6036,0,0.0,0.0,0,0.0,0.0,false
insta_market_basket,52,quantity_region,extreme_tail_gt_p99,24,6036,0,0.0,0.0,0,0.0,0.0,false
insta_market_basket,52,quantity_region,extreme_tail_gt_p99,25,6036,0,0.0,0.0,0,0.0,0.0,false
insta_market_basket,52,quantity_region,extreme_tail_gt_p99,26,6036,0,0.0,0.0,0,0.0,0.0,false
insta_market_basket,52,quantity_region,extreme_tail_gt_p99,27,6036,0,0.0,0.0,0,0.0,0.0,false
insta_market_basket,52,quantity_region,extreme_tail_gt_p99,28,6036,225,0.009319085487077534,0.037276341948310136,161,0.026673293571901922,0.48783253603511384,true
insta_market_basket,52,quantity_region,extreme_tail_gt_p99,29,6036,5849,0.24225480450629555,0.9690192180251822,1137,0.18836978131212723,0.5960787583042524,true
insta_market_basket,52,quantity_region,extreme_tail_gt_p99,30,6036,0,0.0,0.0,0,0.0,0.0,false
insta_market_basket,52,quantity_region,extreme_tail_gt_p99,31,6036,2,0.0000828363154406892,0.0003313452617627568,0,0.0,0.5818798542022705,true
insta_market_basket,52,quantity_region,extreme_tail_gt_p99,32,6036,0,0.0,0.0,0,0.0,0.0,false
insta_market_basket,52,quantity_region,extreme_tail_gt_p99,33,6036,29,0.0012011265738899933,0.004804506295559973,0,0.0,0.4448063085819113,true
insta_market_basket,52,quantity_region,extreme_tail_gt_p99,34,6036,0,0.0,0.0,0,0.0,0.0,false
insta_market_basket,52,quantity_region,extreme_tail_gt_p99,35,6036,5950,0.24643803843605036,0.9857521537442014,3396,0.562624254473161,0.5969971216726704,true
insta_market_basket,52,quantity_region,extreme_tail_gt_p99,36,6036,0,0.0,0.0,0,0.0,0.0,false
insta_market_basket,52,quantity_region,extreme_tail_gt_p99,37,6036,0,0.0,0.0,0,0.0,0.0,false
insta_market_basket,52,quantity_region,extreme_tail_gt_p99,38,6036,0,0.0,0.0,0,0.0,0.0,false
insta_market_basket,52,quantity_region,extreme_tail_gt_p99,39,6036,0,0.0,0.0,0,0.0,0.0,false
insta_market_basket,52,quantity_region,extreme_tail_gt_p99,40,6036,0,0.0,0.0,0,0.0,0.0,false
insta_market_basket,52,quantity_region,extreme_tail_gt_p99,41,6036,0,0.0,0.0,0,0.0,0.0,false
insta_market_basket,52,quantity_region,extreme_tail_gt_p99,42,6036,0,0.0,0.0,0,0.0,0.0,false
insta_market_basket,52,quantity_region,extreme_tail_gt_p99,43,6036,0,0.0,0.0,0,0.0,0.0,false
insta_market_basket,52,quantity_region,extreme_tail_gt_p99,44,6036,5932,0.24569251159708416,0.9827700463883366,1239,0.20526838966202784,0.5937209607944124,true
insta_market_basket,52,quantity_region,extreme_tail_gt_p99,45,6036,12,0.0004970178926441351,0.0019880715705765406,0,0.0,0.44819435973962146,true
insta_market_basket,52,quantity_region,extreme_tail_gt_p99,46,6036,0,0.0,0.0,0,0.0,0.0,false
insta_market_basket,52,quantity_region,extreme_tail_gt_p99,47,6036,3,0.00012425447316103378,0.0004970178926441351,0,0.0,0.4736931622028351,true
insta_market_basket,52,quantity_region,extreme_tail_gt_p99,48,6036,0,0.0,0.0,0,0.0,0.0,false
insta_market_basket,52,quantity_region,extreme_tail_gt_p99,49,6036,0,0.0,0.0,0,0.0,0.0,false
insta_market_basket,52,quantity_region,extreme_tail_gt_p99,50,6036,0,0.0,0.0,0,0.0,0.0,false
insta_market_basket,52,quantity_region,extreme_tail_gt_p99,51,6036,0,0.0,0.0,0,0.0,0.0,false
insta_market_basket,52,quantity_region,extreme_tail_gt_p99,52,6036,0,0.0,0.0,0,0.0,0.0,false
insta_market_basket,52,quantity_region,extreme_tail_gt_p99,53,6036,0,0.0,0.0,0,0.0,0.0,false
insta_market_basket,52,quantity_region,extreme_tail_gt_p99,54,6036,0,0.0,0.0,0,0.0,0.0,false
insta_market_basket,52,quantity_region,extreme_tail_gt_p99,55,6036,3,0.00012425447316103378,0.0004970178926441351,0,0.0,0.47143998742103577,true
insta_market_basket,52,quantity_region,extreme_tail_gt_p99,56,6036,0,0.0,0.0,0,0.0,0.0,false
insta_market_basket,52,quantity_region,extreme_tail_gt_p99,57,6036,0,0.0,0.0,0,0.0,0.0,false
insta_market_basket,52,quantity_region,extreme_tail_gt_p99,58,6036,48,0.0019880715705765406,0.007952286282306162,4,0.0006626905235255136,0.40670906317730743,true
insta_market_basket,52,quantity_region,extreme_tail_gt_p99,59,6036,7,0.0002899271040424122,0.0011597084161696488,4,0.0006626905235255136,0.3202252515724727,true
insta_market_basket,52,quantity_region,extreme_tail_gt_p99,60,6036,0,0.0,0.0,0,0.0,0.0,false
insta_market_basket,52,quantity_region,extreme_tail_gt_p99,61,6036,0,0.0,0.0,0,0.0,0.0,false
insta_market_basket,52,quantity_region,extreme_tail_gt_p99,62,6036,0,0.0,0.0,0,0.0,0.0,false
insta_market_basket,52,quantity_region,extreme_tail_gt_p99,63,6036,8,0.0003313452617627568,0.0013253810470510272,0,0.0,0.5471083000302315,true
insta_market_basket,52,quantity_region,tail_p95_p99,0,20190,12,0.00014858841010401187,0.0005943536404160475,0,0.0,0.4868415767947833,true
insta_market_basket,52,quantity_region,tail_p95_p99,1,20190,96,0.001188707280832095,0.00475482912332838,36,0.0017830609212481426,0.3264606688171625,true
insta_market_basket,52,quantity_region,tail_p95_p99,2,20190,2,0.000024764735017335315,0.00009905894006934126,1,0.00004952947003467063,0.31701619923114777,true
insta_market_basket,52,quantity_region,tail_p95_p99,3,20190,237,0.0029346210995542348,0.011738484398216939,99,0.004903417533432392,0.5054652023793272,true
insta_market_basket,52,quantity_region,tail_p95_p99,4,20190,0,0.0,0.0,0,0.0,0.0,false
insta_market_basket,52,quantity_region,tail_p95_p99,5,20190,0,0.0,0.0,0,0.0,0.0,false
insta_market_basket,52,quantity_region,tail_p95_p99,6,20190,0,0.0,0.0,0,0.0,0.0,false
insta_market_basket,52,quantity_region,tail_p95_p99,7,20190,0,0.0,0.0,0,0.0,0.0,false
insta_market_basket,52,quantity_region,tail_p95_p99,8,20190,124,0.0015354135710747895,0.006141654284299158,72,0.003566121842496285,0.5677986038668502,true
insta_market_basket,52,quantity_region,tail_p95_p99,9,20190,0,0.0,0.0,0,0.0,0.0,false
insta_market_basket,52,quantity_region,tail_p95_p99,10,20190,1,0.000012382367508667657,0.00004952947003467063,0,0.0,0.13444706797599792,true
insta_market_basket,52,quantity_region,tail_p95_p99,11,20190,0,0.0,0.0,0,0.0,0.0,false
insta_market_basket,52,quantity_region,tail_p95_p99,12,20190,15,0.00018573551263001485,0.0007429420505200594,1,0.00004952947003467063,0.38739435573418934,true
insta_market_basket,52,quantity_region,tail_p95_p99,13,20190,19772,0.2448241703813769,0.9792966815255076,96,0.00475482912332838,0.5800522553551533,true
insta_market_basket,52,quantity_region,tail_p95_p99,14,20190,6,0.00007429420505200594,0.00029717682020802375,0,0.0,0.5418322136004766,true
insta_market_basket,52,quantity_region,tail_p95_p99,15,20190,55,0.0006810302129767211,0.0027241208519068845,1,0.00004952947003467063,0.3860420243306594,true
insta_market_basket,52,quantity_region,tail_p95_p99,16,20190,0,0.0,0.0,0,0.0,0.0,false
insta_market_basket,52,quantity_region,tail_p95_p99,17,20190,36,0.00044576523031203565,0.0017830609212481426,10,0.0004952947003467063,0.3558812712629636,true
insta_market_basket,52,quantity_region,tail_p95_p99,18,20190,0,0.0,0.0,0,0.0,0.0,false
insta_market_basket,52,quantity_region,tail_p95_p99,19,20190,0,0.0,0.0,0,0.0,0.0,false
insta_market_basket,52,quantity_region,tail_p95_p99,20,20190,1,0.000012382367508667657,0.00004952947003467063,0,0.0,0.5538454651832581,true
insta_market_basket,52,quantity_region,tail_p95_p99,21,20190,0,0.0,0.0,0,0.0,0.0,false
insta_market_basket,52,quantity_region,tail_p95_p99,22,20190,0,0.0,0.0,0,0.0,0.0,false
insta_market_basket,52,quantity_region,tail_p95_p99,23,20190,0,0.0,0.0,0,0.0,0.0,false
insta_market_basket,52,quantity_region,tail_p95_p99,24,20190,0,0.0,0.0,0,0.0,0.0,false
insta_market_basket,52,quantity_region,tail_p95_p99,25,20190,0,0.0,0.0,0,0.0,0.0,false
insta_market_basket,52,quantity_region,tail_p95_p99,26,20190,0,0.0,0.0,0,0.0,0.0,false
insta_market_basket,52,quantity_region,tail_p95_p99,27,20190,0,0.0,0.0,0,0.0,0.0,false
insta_market_basket,52,quantity_region,tail_p95_p99,28,20190,477,0.005906389301634472,0.02362555720653789,275,0.013620604259534423,0.4676543728173154,true
insta_market_basket,52,quantity_region,tail_p95_p99,29,20190,19769,0.2447870232788509,0.9791480931154036,3730,0.18474492322932146,0.584756755093636,true
insta_market_basket,52,quantity_region,tail_p95_p99,30,20190,0,0.0,0.0,0,0.0,0.0,false
insta_market_basket,52,quantity_region,tail_p95_p99,31,20190,18,0.00022288261515601782,0.0008915304606240713,0,0.0,0.5743714223305384,true
insta_market_basket,52,quantity_region,tail_p95_p99,32,20190,0,0.0,0.0,0,0.0,0.0,false
insta_market_basket,52,quantity_region,tail_p95_p99,33,20190,41,0.000507677067855374,0.002030708271421496,0,0.0,0.4270079139529205,true
insta_market_basket,52,quantity_region,tail_p95_p99,34,20190,0,0.0,0.0,0,0.0,0.0,false
insta_market_basket,52,quantity_region,tail_p95_p99,35,20190,20027,0.24798167409608718,0.9919266963843487,12397,0.6140168400198118,0.586215939803771,true
insta_market_basket,52,quantity_region,tail_p95_p99,36,20190,0,0.0,0.0,0,0.0,0.0,false
insta_market_basket,52,quantity_region,tail_p95_p99,37,20190,0,0.0,0.0,0,0.0,0.0,false
insta_market_basket,52,quantity_region,tail_p95_p99,38,20190,0,0.0,0.0,0,0.0,0.0,false
insta_market_basket,52,quantity_region,tail_p95_p99,39,20190,0,0.0,0.0,0,0.0,0.0,false
insta_market_basket,52,quantity_region,tail_p95_p99,40,20190,0,0.0,0.0,0,0.0,0.0,false
insta_market_basket,52,quantity_region,tail_p95_p99,41,20190,0,0.0,0.0,0,0.0,0.0,false
insta_market_basket,52,quantity_region,tail_p95_p99,42,20190,0,0.0,0.0,0,0.0,0.0,false
insta_market_basket,52,quantity_region,tail_p95_p99,43,20190,0,0.0,0.0,0,0.0,0.0,false
insta_market_basket,52,quantity_region,tail_p95_p99,44,20190,19855,0.24585190688459632,0.9834076275383853,3429,0.1698365527488856,0.5835499865222685,true
insta_market_basket,52,quantity_region,tail_p95_p99,45,20190,17,0.00021050024764735018,0.0008420009905894007,0,0.0,0.46114586907274585,true
insta_market_basket,52,quantity_region,tail_p95_p99,46,20190,0,0.0,0.0,0,0.0,0.0,false
insta_market_basket,52,quantity_region,tail_p95_p99,47,20190,15,0.00018573551263001485,0.0007429420505200594,0,0.0,0.4621469140052795,true
insta_market_basket,52,quantity_region,tail_p95_p99,48,20190,0,0.0,0.0,0,0.0,0.0,false
insta_market_basket,52,quantity_region,tail_p95_p99,49,20190,0,0.0,0.0,0,0.0,0.0,false
insta_market_basket,52,quantity_region,tail_p95_p99,50,20190,0,0.0,0.0,0,0.0,0.0,false
insta_market_basket,52,quantity_region,tail_p95_p99,51,20190,0,0.0,0.0,0,0.0,0.0,false
insta_market_basket,52,quantity_region,tail_p95_p99,52,20190,0,0.0,0.0,0,0.0,0.0,false
insta_market_basket,52,quantity_region,tail_p95_p99,53,20190,0,0.0,0.0,0,0.0,0.0,false
insta_market_basket,52,quantity_region,tail_p95_p99,54,20190,4,0.00004952947003467063,0.00019811788013868252,1,0.00004952947003467063,0.37068507075309753,true
insta_market_basket,52,quantity_region,tail_p95_p99,55,20190,16,0.00019811788013868252,0.0007924715205547301,0,0.0,0.46033901907503605,true
insta_market_basket,52,quantity_region,tail_p95_p99,56,20190,2,0.000024764735017335315,0.00009905894006934126,0,0.0,0.31768493354320526,true
insta_market_basket,52,quantity_region,tail_p95_p99,57,20190,0,0.0,0.0,0,0.0,0.0,false
insta_market_basket,52,quantity_region,tail_p95_p99,58,20190,53,0.0006562654779593859,0.0026250619118375436,11,0.0005448241703813769,0.3589377633805545,true
insta_market_basket,52,quantity_region,tail_p95_p99,59,20190,54,0.0006686478454680535,0.002674591381872214,29,0.0014363546310054483,0.3428623996399067,true
insta_market_basket,52,quantity_region,tail_p95_p99,60,20190,0,0.0,0.0,0,0.0,0.0,false
insta_market_basket,52,quantity_region,tail_p95_p99,61,20190,0,0.0,0.0,0,0.0,0.0,false
insta_market_basket,52,quantity_region,tail_p95_p99,62,20190,0,0.0,0.0,0,0.0,0.0,false
insta_market_basket,52,quantity_region,tail_p95_p99,63,20190,55,0.0006810302129767211,0.0027241208519068845,2,0.00009905894006934126,0.563035558570515,true
insta_market_basket,62,history,history_le_64,0,503733,268,0.00013300696996226176,0.000532027879849047,33,0.0000655108956530543,0.30169139760754893,true
insta_market_basket,62,history,history_le_64,1,503733,186,0.00009231080751112196,0.00036924323004448786,49,0.00009727375415150486,0.22073884830204268,true
insta_market_basket,62,history,history_le_64,2,503733,9,4.466651976344611e-6,0.000017866607905378445,1,1.9851786561531606e-6,0.09510313802295262,true
insta_market_basket,62,history,history_le_64,3,503733,476092,0.23628191919131764,0.9451276767652705,37012,0.07347543242154078,0.45658752882487413,true
insta_market_basket,62,history,history_le_64,4,503733,18,8.933303952689223e-6,0.00003573321581075689,1,1.9851786561531606e-6,-0.14871844400962195,true
insta_market_basket,62,history,history_le_64,5,503733,0,0.0,0.0,0,0.0,0.0,false
insta_market_basket,62,history,history_le_64,6,503733,4881,0.0024224142551708943,0.009689657020683577,2401,0.004766413953423738,0.39246078113563737,true
insta_market_basket,62,history,history_le_64,7,503733,0,0.0,0.0,0,0.0,0.0,false
insta_market_basket,62,history,history_le_64,8,503733,1,4.962946640382902e-7,1.9851786561531606e-6,0,0.0,-0.01991283893585205,true
insta_market_basket,62,history,history_le_64,9,503733,8,3.970357312306321e-6,0.000015881429249225285,0,0.0,0.2903364934027195,true
insta_market_basket,62,history,history_le_64,10,503733,498413,0.2473597123873163,0.9894388495492652,23490,0.04663184663303774,0.4575208906861803,true
insta_market_basket,62,history,history_le_64,11,503733,0,0.0,0.0,0,0.0,0.0,false
insta_market_basket,62,history,history_le_64,12,503733,2692,0.001336025235591077,0.005344100942364308,828,0.0016437279272948169,0.4746289173816435,true
insta_market_basket,62,history,history_le_64,13,503733,48,0.000023822143873837926,0.0000952885754953517,7,0.000013896250593072123,-0.09427863478291935,true
insta_market_basket,62,history,history_le_64,14,503733,24096,0.011958716224666639,0.047834864898666556,15951,0.03166558474429906,0.42496145981919564,true
insta_market_basket,62,history,history_le_64,15,503733,1,4.962946640382902e-7,1.9851786561531606e-6,0,0.0,0.0771455243229866,true
insta_market_basket,62,history,history_le_64,16,503733,160,0.00007940714624612642,0.0003176285849845057,1,1.9851786561531606e-6,-0.012284956840449012,true
insta_market_basket,62,history,history_le_64,17,503733,292,0.00014491804189918072,0.0005796721675967229,65,0.00012903661264995544,-0.03711264005109464,true
insta_market_basket,62,history,history_le_64,18,503733,0,0.0,0.0,0,0.0,0.0,false
insta_market_basket,62,history,history_le_64,19,503733,87,0.00004317763577133124,0.00017271054308532497,24,0.00004764428774767585,0.0914201782815608,true
insta_market_basket,62,history,history_le_64,20,503733,3,1.4888839921148704e-6,5.9555359684594815e-6,0,0.0,-0.002786272515853246,true
insta_market_basket,62,history,history_le_64,21,503733,1,4.962946640382902e-7,1.9851786561531606e-6,0,0.0,-0.0029227875638753176,true
insta_market_basket,62,history,history_le_64,22,503733,10,4.962946640382901e-6,0.000019851786561531606,0,0.0,0.15447636544704438,true
insta_market_basket,62,history,history_le_64,23,503733,0,0.0,0.0,0,0.0,0.0,false
insta_market_basket,62,history,history_le_64,24,503733,49,0.000024318438537876216,0.00009727375415150486,2,3.970357312306321e-6,0.33252885846459135,true
insta_market_basket,62,history,history_le_64,25,503733,0,0.0,0.0,0,0.0,0.0,false
insta_market_basket,62,history,history_le_64,26,503733,216,0.00010719964743227067,0.00042879858972908266,10,0.000019851786561531606,0.21117674736268344,true
insta_market_basket,62,history,history_le_64,27,503733,0,0.0,0.0,0,0.0,0.0,false
insta_market_basket,62,history,history_le_64,28,503733,490267,0.24331689605406037,0.9732675842162415,1229,0.0024397845684122343,0.45711300680843425,true
insta_market_basket,62,history,history_le_64,29,503733,0,0.0,0.0,0,0.0,0.0,false
insta_market_basket,62,history,history_le_64,30,503733,274,0.0001359847379464915,0.000543938951785966,94,0.0001866067936783971,0.03500973948962217,true
insta_market_basket,62,history,history_le_64,31,503733,501,0.00024864362668318337,0.0009945745067327335,270,0.0005359982371613534,0.1285708647102617,true
insta_market_basket,62,history,history_le_64,32,503733,229,0.00011365147806476844,0.00045460591225907374,13,0.000025807322529991086,0.2800603720082954,true
insta_market_basket,62,history,history_le_64,33,503733,5,2.4814733201914507e-6,9.925893280765803e-6,0,0.0,0.0004667341709136963,true
insta_market_basket,62,history,history_le_64,34,503733,2811,0.0013950843006116335,0.005580337202446534,875,0.0017370313241340154,0.32837488641515133,true
insta_market_basket,62,history,history_le_64,35,503733,1018,0.0005052279679909794,0.0020209118719639175,115,0.00022829554545761345,0.26142911869192714,true
insta_market_basket,62,history,history_le_64,36,503733,31,0.000015385134585186995,0.00006154053834074798,0,0.0,-0.06895559728746453,true
insta_market_basket,62,history,history_le_64,37,503733,3577,0.0017752460132649639,0.007100984053059855,79,0.00015682911383609968,0.38694226294880585,true
insta_market_basket,62,history,history_le_64,38,503733,1112,0.0005518796664105786,0.0022075186656423146,469,0.0009310487897358323,0.06717421979331664,true
insta_market_basket,62,history,history_le_64,39,503733,975,0.00048388729743733286,0.0019355491897493314,216,0.00042879858972908266,0.5029457001808362,true
insta_market_basket,62,history,history_le_64,40,503733,395,0.0001960363922951246,0.0007841455691804984,214,0.00042482823241677634,0.011502789621563007,true
insta_market_basket,62,history,history_le_64,41,503733,94,0.00004665169841959927,0.0001866067936783971,38,0.0000754367889338201,0.07071722831646417,true
insta_market_basket,62,history,history_le_64,42,503733,118,0.00005856277035651823,0.00023425108142607293,14,0.000027792501186144246,0.13918836044258107,true
insta_market_basket,62,history,history_le_64,43,503733,294,0.0001459106312272573,0.0005836425249090292,22,0.00004367393043536953,0.2622592405853223,true
insta_market_basket,62,history,history_le_64,44,503733,0,0.0,0.0,0,0.0,0.0,false
insta_market_basket,62,history,history_le_64,45,503733,3,1.4888839921148704e-6,5.9555359684594815e-6,0,0.0,0.2451382875442505,true
insta_market_basket,62,history,history_le_64,46,503733,8,3.970357312306321e-6,0.000015881429249225285,0,0.0,0.21083810925483704,true
insta_market_basket,62,history,history_le_64,47,503733,200,0.00009925893280765802,0.0003970357312306321,31,0.00006154053834074798,0.14568432739702986,true
insta_market_basket,62,history,history_le_64,48,503733,93,0.00004615540375556098,0.00018462161502224393,24,0.00004764428774767585,-0.09715967123166368,true
insta_market_basket,62,history,history_le_64,49,503733,17,8.437009288650933e-6,0.00003374803715460373,0,0.0,-0.02877464868566569,true
insta_market_basket,62,history,history_le_64,50,503733,0,0.0,0.0,0,0.0,0.0,false
insta_market_basket,62,history,history_le_64,51,503733,0,0.0,0.0,0,0.0,0.0,false
insta_market_basket,62,history,history_le_64,52,503733,150,0.00007444419960574352,0.0002977767984229741,2,3.970357312306321e-6,0.2658820747758728,true
insta_market_basket,62,history,history_le_64,53,503733,44,0.000021836965217684766,0.00008734786087073906,2,3.970357312306321e-6,-0.09452484730387699,true
insta_market_basket,62,history,history_le_64,54,503733,0,0.0,0.0,0,0.0,0.0,false
insta_market_basket,62,history,history_le_64,55,503733,0,0.0,0.0,0,0.0,0.0,false
insta_market_basket,62,history,history_le_64,56,503733,500226,0.24825949461321772,0.9930379784528709,419315,0.8324151882048625,0.4625140676709364,true
insta_market_basket,62,history,history_le_64,57,503733,209,0.00010372558478400264,0.00041490233913601054,98,0.00019454750830300973,0.1642179429716582,true
insta_market_basket,62,history,history_le_64,58,503733,3194,0.0015851651569382987,0.006340660627753195,558,0.0011077296901334636,0.38702878462816676,true
insta_market_basket,62,history,history_le_64,59,503733,32,0.000015881429249225285,0.00006352571699690114,5,9.925893280765803e-6,0.06661554453967256,true
insta_market_basket,62,history,history_le_64,60,503733,1,4.962946640382902e-7,1.9851786561531606e-6,0,0.0,0.08461868762969971,true
insta_market_basket,62,history,history_le_64,61,503733,556,0.0002759398332052893,0.0011037593328211573,37,0.00007345161027766694,0.2588671693350557,true
insta_market_basket,62,history,history_le_64,62,503733,117,0.00005806647569247994,0.00023226590276991977,2,3.970357312306321e-6,0.23167792806982931,true
insta_market_basket,62,history,history_le_64,63,503733,850,0.0004218504644325466,0.0016874018577301864,136,0.00026998429723682984,0.3381268629591282,true
insta_market_basket,62,overall,overall,0,503733,268,0.00013300696996226176,0.000532027879849047,33,0.0000655108956530543,0.30169139760754893,true
insta_market_basket,62,overall,overall,1,503733,186,0.00009231080751112196,0.00036924323004448786,49,0.00009727375415150486,0.22073884830204268,true
insta_market_basket,62,overall,overall,2,503733,9,4.466651976344611e-6,0.000017866607905378445,1,1.9851786561531606e-6,0.09510313802295262,true
insta_market_basket,62,overall,overall,3,503733,476092,0.23628191919131764,0.9451276767652705,37012,0.07347543242154078,0.45658752882487413,true
insta_market_basket,62,overall,overall,4,503733,18,8.933303952689223e-6,0.00003573321581075689,1,1.9851786561531606e-6,-0.14871844400962195,true
insta_market_basket,62,overall,overall,5,503733,0,0.0,0.0,0,0.0,0.0,false
insta_market_basket,62,overall,overall,6,503733,4881,0.0024224142551708943,0.009689657020683577,2401,0.004766413953423738,0.39246078113563737,true
insta_market_basket,62,overall,overall,7,503733,0,0.0,0.0,0,0.0,0.0,false
insta_market_basket,62,overall,overall,8,503733,1,4.962946640382902e-7,1.9851786561531606e-6,0,0.0,-0.01991283893585205,true
insta_market_basket,62,overall,overall,9,503733,8,3.970357312306321e-6,0.000015881429249225285,0,0.0,0.2903364934027195,true
insta_market_basket,62,overall,overall,10,503733,498413,0.2473597123873163,0.9894388495492652,23490,0.04663184663303774,0.4575208906861803,true
insta_market_basket,62,overall,overall,11,503733,0,0.0,0.0,0,0.0,0.0,false
insta_market_basket,62,overall,overall,12,503733,2692,0.001336025235591077,0.005344100942364308,828,0.0016437279272948169,0.4746289173816435,true
insta_market_basket,62,overall,overall,13,503733,48,0.000023822143873837926,0.0000952885754953517,7,0.000013896250593072123,-0.09427863478291935,true
insta_market_basket,62,overall,overall,14,503733,24096,0.011958716224666639,0.047834864898666556,15951,0.03166558474429906,0.42496145981919564,true
insta_market_basket,62,overall,overall,15,503733,1,4.962946640382902e-7,1.9851786561531606e-6,0,0.0,0.0771455243229866,true
insta_market_basket,62,overall,overall,16,503733,160,0.00007940714624612642,0.0003176285849845057,1,1.9851786561531606e-6,-0.012284956840449012,true
insta_market_basket,62,overall,overall,17,503733,292,0.00014491804189918072,0.0005796721675967229,65,0.00012903661264995544,-0.03711264005109464,true
insta_market_basket,62,overall,overall,18,503733,0,0.0,0.0,0,0.0,0.0,false
insta_market_basket,62,overall,overall,19,503733,87,0.00004317763577133124,0.00017271054308532497,24,0.00004764428774767585,0.0914201782815608,true
insta_market_basket,62,overall,overall,20,503733,3,1.4888839921148704e-6,5.9555359684594815e-6,0,0.0,-0.002786272515853246,true
insta_market_basket,62,overall,overall,21,503733,1,4.962946640382902e-7,1.9851786561531606e-6,0,0.0,-0.0029227875638753176,true
insta_market_basket,62,overall,overall,22,503733,10,4.962946640382901e-6,0.000019851786561531606,0,0.0,0.15447636544704438,true
insta_market_basket,62,overall,overall,23,503733,0,0.0,0.0,0,0.0,0.0,false
insta_market_basket,62,overall,overall,24,503733,49,0.000024318438537876216,0.00009727375415150486,2,3.970357312306321e-6,0.33252885846459135,true
insta_market_basket,62,overall,overall,25,503733,0,0.0,0.0,0,0.0,0.0,false
insta_market_basket,62,overall,overall,26,503733,216,0.00010719964743227067,0.00042879858972908266,10,0.000019851786561531606,0.21117674736268344,true
insta_market_basket,62,overall,overall,27,503733,0,0.0,0.0,0,0.0,0.0,false
insta_market_basket,62,overall,overall,28,503733,490267,0.24331689605406037,0.9732675842162415,1229,0.0024397845684122343,0.45711300680843425,true
insta_market_basket,62,overall,overall,29,503733,0,0.0,0.0,0,0.0,0.0,false
insta_market_basket,62,overall,overall,30,503733,274,0.0001359847379464915,0.000543938951785966,94,0.0001866067936783971,0.03500973948962217,true
insta_market_basket,62,overall,overall,31,503733,501,0.00024864362668318337,0.0009945745067327335,270,0.0005359982371613534,0.1285708647102617,true
insta_market_basket,62,overall,overall,32,503733,229,0.00011365147806476844,0.00045460591225907374,13,0.000025807322529991086,0.2800603720082954,true
insta_market_basket,62,overall,overall,33,503733,5,2.4814733201914507e-6,9.925893280765803e-6,0,0.0,0.0004667341709136963,true
insta_market_basket,62,overall,overall,34,503733,2811,0.0013950843006116335,0.005580337202446534,875,0.0017370313241340154,0.32837488641515133,true
insta_market_basket,62,overall,overall,35,503733,1018,0.0005052279679909794,0.0020209118719639175,115,0.00022829554545761345,0.26142911869192714,true
insta_market_basket,62,overall,overall,36,503733,31,0.000015385134585186995,0.00006154053834074798,0,0.0,-0.06895559728746453,true
insta_market_basket,62,overall,overall,37,503733,3577,0.0017752460132649639,0.007100984053059855,79,0.00015682911383609968,0.38694226294880585,true
insta_market_basket,62,overall,overall,38,503733,1112,0.0005518796664105786,0.0022075186656423146,469,0.0009310487897358323,0.06717421979331664,true
insta_market_basket,62,overall,overall,39,503733,975,0.00048388729743733286,0.0019355491897493314,216,0.00042879858972908266,0.5029457001808362,true
insta_market_basket,62,overall,overall,40,503733,395,0.0001960363922951246,0.0007841455691804984,214,0.00042482823241677634,0.011502789621563007,true
insta_market_basket,62,overall,overall,41,503733,94,0.00004665169841959927,0.0001866067936783971,38,0.0000754367889338201,0.07071722831646417,true
insta_market_basket,62,overall,overall,42,503733,118,0.00005856277035651823,0.00023425108142607293,14,0.000027792501186144246,0.13918836044258107,true
insta_market_basket,62,overall,overall,43,503733,294,0.0001459106312272573,0.0005836425249090292,22,0.00004367393043536953,0.2622592405853223,true
insta_market_basket,62,overall,overall,44,503733,0,0.0,0.0,0,0.0,0.0,false
insta_market_basket,62,overall,overall,45,503733,3,1.4888839921148704e-6,5.9555359684594815e-6,0,0.0,0.2451382875442505,true
insta_market_basket,62,overall,overall,46,503733,8,3.970357312306321e-6,0.000015881429249225285,0,0.0,0.21083810925483704,true
insta_market_basket,62,overall,overall,47,503733,200,0.00009925893280765802,0.0003970357312306321,31,0.00006154053834074798,0.14568432739702986,true
insta_market_basket,62,overall,overall,48,503733,93,0.00004615540375556098,0.00018462161502224393,24,0.00004764428774767585,-0.09715967123166368,true
insta_market_basket,62,overall,overall,49,503733,17,8.437009288650933e-6,0.00003374803715460373,0,0.0,-0.02877464868566569,true
insta_market_basket,62,overall,overall,50,503733,0,0.0,0.0,0,0.0,0.0,false
insta_market_basket,62,overall,overall,51,503733,0,0.0,0.0,0,0.0,0.0,false
insta_market_basket,62,overall,overall,52,503733,150,0.00007444419960574352,0.0002977767984229741,2,3.970357312306321e-6,0.2658820747758728,true
insta_market_basket,62,overall,overall,53,503733,44,0.000021836965217684766,0.00008734786087073906,2,3.970357312306321e-6,-0.09452484730387699,true
insta_market_basket,62,overall,overall,54,503733,0,0.0,0.0,0,0.0,0.0,false
insta_market_basket,62,overall,overall,55,503733,0,0.0,0.0,0,0.0,0.0,false
insta_market_basket,62,overall,overall,56,503733,500226,0.24825949461321772,0.9930379784528709,419315,0.8324151882048625,0.4625140676709364,true
insta_market_basket,62,overall,overall,57,503733,209,0.00010372558478400264,0.00041490233913601054,98,0.00019454750830300973,0.1642179429716582,true
insta_market_basket,62,overall,overall,58,503733,3194,0.0015851651569382987,0.006340660627753195,558,0.0011077296901334636,0.38702878462816676,true
insta_market_basket,62,overall,overall,59,503733,32,0.000015881429249225285,0.00006352571699690114,5,9.925893280765803e-6,0.06661554453967256,true
insta_market_basket,62,overall,overall,60,503733,1,4.962946640382902e-7,1.9851786561531606e-6,0,0.0,0.08461868762969971,true
insta_market_basket,62,overall,overall,61,503733,556,0.0002759398332052893,0.0011037593328211573,37,0.00007345161027766694,0.2588671693350557,true
insta_market_basket,62,overall,overall,62,503733,117,0.00005806647569247994,0.00023226590276991977,2,3.970357312306321e-6,0.23167792806982931,true
insta_market_basket,62,overall,overall,63,503733,850,0.0004218504644325466,0.0016874018577301864,136,0.00026998429723682984,0.3381268629591282,true
insta_market_basket,62,quantity,gt_p99,0,6036,8,0.0003313452617627568,0.0013253810470510272,0,0.0,0.4527267552912235,true
insta_market_basket,62,quantity,gt_p99,1,6036,14,0.0005798542080848244,0.0023194168323392977,1,0.0001656726308813784,0.33577404064791544,true
insta_market_basket,62,quantity,gt_p99,2,6036,0,0.0,0.0,0,0.0,0.0,false
insta_market_basket,62,quantity,gt_p99,3,6036,5884,0.24370444002650762,0.9748177601060305,483,0.08001988071570576,0.5664972152350752,true
insta_market_basket,62,quantity,gt_p99,4,6036,0,0.0,0.0,0,0.0,0.0,false
insta_market_basket,62,quantity,gt_p99,5,6036,0,0.0,0.0,0,0.0,0.0,false
insta_market_basket,62,quantity,gt_p99,6,6036,190,0.007869449966865474,0.031477799867461895,112,0.01855533465871438,0.45530787008373363,true
insta_market_basket,62,quantity,gt_p99,7,6036,0,0.0,0.0,0,0.0,0.0,false
insta_market_basket,62,quantity,gt_p99,8,6036,0,0.0,0.0,0,0.0,0.0,false
insta_market_basket,62,quantity,gt_p99,9,6036,0,0.0,0.0,0,0.0,0.0,false
insta_market_basket,62,quantity,gt_p99,10,6036,5887,0.24382869449966865,0.9753147779986746,88,0.0145791915175613,0.5648554033008601,true
insta_market_basket,62,quantity,gt_p99,11,6036,0,0.0,0.0,0,0.0,0.0,false
insta_market_basket,62,quantity,gt_p99,12,6036,27,0.0011182902584493041,0.0044731610337972166,2,0.0003313452617627568,0.5327813812979946,true
insta_market_basket,62,quantity,gt_p99,13,6036,0,0.0,0.0,0,0.0,0.0,false
insta_market_basket,62,quantity,gt_p99,14,6036,39,0.0016153081510934394,0.0064612326043737576,23,0.003810470510271703,0.587981946957417,true
insta_market_basket,62,quantity,gt_p99,15,6036,0,0.0,0.0,0,0.0,0.0,false
insta_market_basket,62,quantity,gt_p99,16,6036,0,0.0,0.0,0,0.0,0.0,false
insta_market_basket,62,quantity,gt_p99,17,6036,0,0.0,0.0,0,0.0,0.0,false
insta_market_basket,62,quantity,gt_p99,18,6036,0,0.0,0.0,0,0.0,0.0,false
insta_market_basket,62,quantity,gt_p99,19,6036,0,0.0,0.0,0,0.0,0.0,false
insta_market_basket,62,quantity,gt_p99,20,6036,0,0.0,0.0,0,0.0,0.0,false
insta_market_basket,62,quantity,gt_p99,21,6036,0,0.0,0.0,0,0.0,0.0,false
insta_market_basket,62,quantity,gt_p99,22,6036,0,0.0,0.0,0,0.0,0.0,false
insta_market_basket,62,quantity,gt_p99,23,6036,0,0.0,0.0,0,0.0,0.0,false
insta_market_basket,62,quantity,gt_p99,24,6036,1,0.0000414181577203446,0.0001656726308813784,0,0.0,0.328810453414917,true
insta_market_basket,62,quantity,gt_p99,25,6036,0,0.0,0.0,0,0.0,0.0,false
insta_market_basket,62,quantity,gt_p99,26,6036,0,0.0,0.0,0,0.0,0.0,false
insta_market_basket,62,quantity,gt_p99,27,6036,0,0.0,0.0,0,0.0,0.0,false
insta_market_basket,62,quantity,gt_p99,28,6036,5830,0.241467859509609,0.965871438038436,4,0.0006626905235255136,0.5656312083221627,true
insta_market_basket,62,quantity,gt_p99,29,6036,0,0.0,0.0,0,0.0,0.0,false
insta_market_basket,62,quantity,gt_p99,30,6036,1,0.0000414181577203446,0.0001656726308813784,0,0.0,0.08390270173549652,true
insta_market_basket,62,quantity,gt_p99,31,6036,4,0.0001656726308813784,0.0006626905235255136,1,0.0001656726308813784,0.17915360629558563,true
insta_market_basket,62,quantity,gt_p99,32,6036,1,0.0000414181577203446,0.0001656726308813784,0,0.0,0.34515348076820374,true
insta_market_basket,62,quantity,gt_p99,33,6036,0,0.0,0.0,0,0.0,0.0,false
insta_market_basket,62,quantity,gt_p99,34,6036,103,0.0042660702451954935,0.017064280980781974,16,0.0026507620941020544,0.4175082618027057,true
insta_market_basket,62,quantity,gt_p99,35,6036,2,0.0000828363154406892,0.0003313452617627568,0,0.0,0.33799465000629425,true
insta_market_basket,62,quantity,gt_p99,36,6036,0,0.0,0.0,0,0.0,0.0,false
insta_market_basket,62,quantity,gt_p99,37,6036,2,0.0000828363154406892,0.0003313452617627568,0,0.0,0.48129622638225555,true
insta_market_basket,62,quantity,gt_p99,38,6036,0,0.0,0.0,0,0.0,0.0,false
insta_market_basket,62,quantity,gt_p99,39,6036,12,0.0004970178926441351,0.0019880715705765406,1,0.0001656726308813784,0.5619448175032934,true
insta_market_basket,62,quantity,gt_p99,40,6036,0,0.0,0.0,0,0.0,0.0,false
insta_market_basket,62,quantity,gt_p99,41,6036,0,0.0,0.0,0,0.0,0.0,false
insta_market_basket,62,quantity,gt_p99,42,6036,1,0.0000414181577203446,0.0001656726308813784,0,0.0,0.14355140924453735,true
insta_market_basket,62,quantity,gt_p99,43,6036,9,0.0003727634194831014,0.0014910536779324055,0,0.0,0.3009305000305176,true
insta_market_basket,62,quantity,gt_p99,44,6036,0,0.0,0.0,0,0.0,0.0,false
insta_market_basket,62,quantity,gt_p99,45,6036,1,0.0000414181577203446,0.0001656726308813784,0,0.0,0.316877156496048,true
insta_market_basket,62,quantity,gt_p99,46,6036,0,0.0,0.0,0,0.0,0.0,false
insta_market_basket,62,quantity,gt_p99,47,6036,0,0.0,0.0,0,0.0,0.0,false
insta_market_basket,62,quantity,gt_p99,48,6036,0,0.0,0.0,0,0.0,0.0,false
insta_market_basket,62,quantity,gt_p99,49,6036,0,0.0,0.0,0,0.0,0.0,false
insta_market_basket,62,quantity,gt_p99,50,6036,0,0.0,0.0,0,0.0,0.0,false
insta_market_basket,62,quantity,gt_p99,51,6036,0,0.0,0.0,0,0.0,0.0,false
insta_market_basket,62,quantity,gt_p99,52,6036,0,0.0,0.0,0,0.0,0.0,false
insta_market_basket,62,quantity,gt_p99,53,6036,0,0.0,0.0,0,0.0,0.0,false
insta_market_basket,62,quantity,gt_p99,54,6036,0,0.0,0.0,0,0.0,0.0,false
insta_market_basket,62,quantity,gt_p99,55,6036,0,0.0,0.0,0,0.0,0.0,false
insta_market_basket,62,quantity,gt_p99,56,6036,5979,0.24763916500994035,0.9905566600397614,5284,0.8754141815772034,0.5724194132303749,true
insta_market_basket,62,quantity,gt_p99,57,6036,0,0.0,0.0,0,0.0,0.0,false
insta_market_basket,62,quantity,gt_p99,58,6036,113,0.00468025182239894,0.01872100728959576,17,0.0028164347249834327,0.47847563384381014,true
insta_market_basket,62,quantity,gt_p99,59,6036,0,0.0,0.0,0,0.0,0.0,false
insta_market_basket,62,quantity,gt_p99,60,6036,0,0.0,0.0,0,0.0,0.0,false
insta_market_basket,62,quantity,gt_p99,61,6036,31,0.0012839628893306825,0.00513585155732273,4,0.0006626905235255136,0.33729482850720804,true
insta_market_basket,62,quantity,gt_p99,62,6036,4,0.0001656726308813784,0.0006626905235255136,0,0.0,0.3787025138735771,true
insta_market_basket,62,quantity,gt_p99,63,6036,1,0.0000414181577203446,0.0001656726308813784,0,0.0,0.36077192425727844,true
insta_market_basket,62,quantity,le_p50,0,247651,152,0.00015344173857565686,0.0006137669543026274,26,0.00010498645270965996,0.24698584374824636,true
insta_market_basket,62,quantity,le_p50,1,247651,74,0.0000747018990434119,0.0002988075961736476,16,0.00006460704782132921,0.1795723552318491,true
insta_market_basket,62,quantity,le_p50,2,247651,9,9.08536609987442e-6,0.00003634146439949768,1,4.037940488833076e-6,0.09510313802295262,true
insta_market_basket,62,quantity,le_p50,3,247651,227367,0.22952360378112746,0.9180944151245098,19488,0.07869138424637898,0.4006244017415579,true
insta_market_basket,62,quantity,le_p50,4,247651,18,0.00001817073219974884,0.00007268292879899536,1,4.037940488833076e-6,-0.14871844400962195,true
insta_market_basket,62,quantity,le_p50,5,247651,0,0.0,0.0,0,0.0,0.0,false
insta_market_basket,62,quantity,le_p50,6,247651,1654,0.0016696883921324768,0.006678753568529907,773,0.0031213279978679676,0.353734483529094,true
insta_market_basket,62,quantity,le_p50,7,247651,0,0.0,0.0,0,0.0,0.0,false
insta_market_basket,62,quantity,le_p50,8,247651,1,1.009485122208269e-6,4.037940488833076e-6,0,0.0,-0.01991283893585205,true
insta_market_basket,62,quantity,le_p50,9,247651,7,7.066395855457882e-6,0.000028265583421831528,0,0.0,0.27111530729702543,true
insta_market_basket,62,quantity,le_p50,10,247651,244852,0.24717445114293907,0.9886978045717563,17026,0.06874997476287195,0.4034154756285608,true
insta_market_basket,62,quantity,le_p50,11,247651,0,0.0,0.0,0,0.0,0.0,false
insta_market_basket,62,quantity,le_p50,12,247651,1294,0.0013062737481375,0.00522509499255,392,0.0015828726716225656,0.4408228695738076,true
insta_market_basket,62,quantity,le_p50,13,247651,44,0.00004441734537716383,0.00017766938150865532,7,0.000028265583421831528,-0.1015599033192054,true
insta_market_basket,62,quantity,le_p50,14,247651,19084,0.019265014072222603,0.07706005628889041,13053,0.05270723720073814,0.39585384397047974,true
insta_market_basket,62,quantity,le_p50,15,247651,1,1.009485122208269e-6,4.037940488833076e-6,0,0.0,0.0771455243229866,true
insta_market_basket,62,quantity,le_p50,16,247651,159,0.00016050813443111475,0.000642032537724459,1,4.037940488833076e-6,-0.012453870850749922,true
insta_market_basket,62,quantity,le_p50,17,247651,289,0.0002917412003181897,0.0011669648012727588,64,0.00025842819128531685,-0.03915647287115094,true
insta_market_basket,62,quantity,le_p50,18,247651,0,0.0,0.0,0,0.0,0.0,false
insta_market_basket,62,quantity,le_p50,19,247651,78,0.00007873983953224497,0.0003149593581289799,22,0.00008883469075432766,0.0784090301872661,true
insta_market_basket,62,quantity,le_p50,20,247651,3,3.0284553666248066e-6,0.000012113821466499227,0,0.0,-0.002786272515853246,true
insta_market_basket,62,quantity,le_p50,21,247651,1,1.009485122208269e-6,4.037940488833076e-6,0,0.0,-0.0029227875638753176,true
insta_market_basket,62,quantity,le_p50,22,247651,9,9.08536609987442e-6,0.00003634146439949768,0,0.0,0.1358817782666948,true
insta_market_basket,62,quantity,le_p50,23,247651,0,0.0,0.0,0,0.0,0.0,false
insta_market_basket,62,quantity,le_p50,24,247651,28,0.000028265583421831528,0.00011306233368732611,2,8.075880977666152e-6,0.3101776896842888,true
insta_market_basket,62,quantity,le_p50,25,247651,0,0.0,0.0,0,0.0,0.0,false
insta_market_basket,62,quantity,le_p50,26,247651,186,0.00018776423273073802,0.0007510569309229521,8,0.000032303523910664606,0.20194046262567814,true
insta_market_basket,62,quantity,le_p50,27,247651,0,0.0,0.0,0,0.0,0.0,false
insta_market_basket,62,quantity,le_p50,28,247651,239208,0.24147691711319558,0.9659076684527823,944,0.0038118158214584235,0.4031180136931192,true
insta_market_basket,62,quantity,le_p50,29,247651,0,0.0,0.0,0,0.0,0.0,false
insta_market_basket,62,quantity,le_p50,30,247651,231,0.0002331910632301101,0.0009327642529204404,86,0.0003472628820396445,0.02520196774899627,true
insta_market_basket,62,quantity,le_p50,31,247651,340,0.00034322494155081143,0.0013728997662032457,185,0.000747018990434119,0.11147213129385337,true
insta_market_basket,62,quantity,le_p50,32,247651,201,0.00020290650956386204,0.0008116260382554482,13,0.00005249322635482998,0.26006334082024235,true
insta_market_basket,62,quantity,le_p50,33,247651,5,5.0474256110413445e-6,0.000020189702444165378,0,0.0,0.0004667341709136963,true
insta_market_basket,62,quantity,le_p50,34,247651,1114,0.0011245664261400115,0.004498265704560046,397,0.001603062374066731,0.2893926729824347,true
insta_market_basket,62,quantity,le_p50,35,247651,612,0.0006178048947914606,0.002471219579165842,89,0.0003593767035061437,0.23545782746567567,true
insta_market_basket,62,quantity,le_p50,36,247651,30,0.000030284553666248065,0.00012113821466499226,0,0.0,-0.06961320616925756,true
insta_market_basket,62,quantity,le_p50,37,247651,3095,0.0031243564532345922,0.012497425812938369,71,0.00028669377470714834,0.3724633837444294,true
insta_market_basket,62,quantity,le_p50,38,247651,1094,0.001104376723695846,0.004417506894783384,459,0.0018534146843743817,0.06599515514773295,true
insta_market_basket,62,quantity,le_p50,39,247651,532,0.000537046085014799,0.002148184340059196,119,0.000480514918171136,0.46624529305705453,true
insta_market_basket,62,quantity,le_p50,40,247651,349,0.00035231030765068584,0.0014092412306027434,193,0.0007793225143447836,-0.0031917036684688794,true
insta_market_basket,62,quantity,le_p50,41,247651,93,0.00009388211636536901,0.00037552846546147603,37,0.0001494037980868238,0.07114415445304927,true
insta_market_basket,62,quantity,le_p50,42,247651,73,0.00007369241392120363,0.0002947696556848145,7,0.000028265583421831528,0.09133719207004529,true
insta_market_basket,62,quantity,le_p50,43,247651,119,0.000120128729542784,0.000480514918171136,4,0.000016151761955332303,0.24391413930834843,true
insta_market_basket,62,quantity,le_p50,44,247651,0,0.0,0.0,0,0.0,0.0,false
insta_market_basket,62,quantity,le_p50,45,247651,0,0.0,0.0,0,0.0,0.0,false
insta_market_basket,62,quantity,le_p50,46,247651,2,2.018970244416538e-6,8.075880977666152e-6,0,0.0,0.21900121122598648,true
insta_market_basket,62,quantity,le_p50,47,247651,170,0.00017161247077540572,0.0006864498831016229,26,0.00010498645270965996,0.13626449321506215,true
insta_market_basket,62,quantity,le_p50,48,247651,88,0.00008883469075432766,0.00035533876301731065,23,0.00009287263124316074,-0.10167010160776871,true
insta_market_basket,62,quantity,le_p50,49,247651,17,0.00001716124707754057,0.00006864498831016228,0,0.0,-0.02877464868566569,true
insta_market_basket,62,quantity,le_p50,50,247651,0,0.0,0.0,0,0.0,0.0,false
insta_market_basket,62,quantity,le_p50,51,247651,0,0.0,0.0,0,0.0,0.0,false
insta_market_basket,62,quantity,le_p50,52,247651,142,0.00014334688735357417,0.0005733875494142967,2,8.075880977666152e-6,0.2580754023859389,true
insta_market_basket,62,quantity,le_p50,53,247651,43,0.00004340786025495556,0.00017363144101982224,2,8.075880977666152e-6,-0.0941306560132436,true
insta_market_basket,62,quantity,le_p50,54,247651,0,0.0,0.0,0,0.0,0.0,false
insta_market_basket,62,quantity,le_p50,55,247651,0,0.0,0.0,0,0.0,0.0,false
insta_market_basket,62,quantity,le_p50,56,247651,245399,0.247726639504787,0.990906558019148,193670,0.7820279344723018,0.4073590105164232,true
insta_market_basket,62,quantity,le_p50,57,247651,165,0.00016656504516436436,0.0006662601806574574,72,0.00029073171519598145,0.14738676888113278,true
insta_market_basket,62,quantity,le_p50,58,247651,1185,0.0011962398698167986,0.004784959479267195,235,0.0009489160148757728,0.33696014517407374,true
insta_market_basket,62,quantity,le_p50,59,247651,31,0.000031294038788456336,0.00012517615515382534,5,0.000020189702444165378,0.0643861801401081,true
insta_market_basket,62,quantity,le_p50,60,247651,1,1.009485122208269e-6,4.037940488833076e-6,0,0.0,0.08461868762969971,true
insta_market_basket,62,quantity,le_p50,61,247651,160,0.00016151761955332302,0.0006460704782132921,6,0.000024227642932998453,0.2284436565823853,true
insta_market_basket,62,quantity,le_p50,62,247651,59,0.00005955962221028787,0.00023823848884115147,1,4.037940488833076e-6,0.1889887104339708,true
insta_market_basket,62,quantity,le_p50,63,247651,736,0.000742981049945286,0.002971924199781144,125,0.0005047425611041345,0.3192819987010728,true
insta_market_basket,62,quantity,p50_p90,0,202534,90,0.00011109245855016935,0.0004443698342006774,7,0.000034562098215608246,0.3473471307092243,true
insta_market_basket,62,quantity,p50_p90,1,202534,85,0.00010492065529738217,0.0004196826211895287,31,0.00015306072066912223,0.22877960932605407,true
insta_market_basket,62,quantity,p50_p90,2,202534,0,0.0,0.0,0,0.0,0.0,false
insta_market_basket,62,quantity,p50_p90,3,202534,196365,0.24238522914671118,0.9695409165868447,13975,0.06900076036616075,0.49729107672842005,true
insta_market_basket,62,quantity,p50_p90,4,202534,0,0.0,0.0,0,0.0,0.0,false
insta_market_basket,62,quantity,p50_p90,5,202534,0,0.0,0.0,0,0.0,0.0,false
insta_market_basket,62,quantity,p50_p90,6,202534,2228,0.00275015552944197,0.01100062211776788,1075,0.00530775079739698,0.393881660290865,true
insta_market_basket,62,quantity,p50_p90,7,202534,0,0.0,0.0,0,0.0,0.0,false
insta_market_basket,62,quantity,p50_p90,8,202534,0,0.0,0.0,0,0.0,0.0,false
insta_market_basket,62,quantity,p50_p90,9,202534,1,1.2343606505574372e-6,4.937442602229749e-6,0,0.0,0.4248847961425781,true
insta_market_basket,62,quantity,p50_p90,10,202534,200690,0.2477238389603721,0.9908953558414884,5675,0.028019986767653826,0.5001489180295994,true
insta_market_basket,62,quantity,p50_p90,11,202534,0,0.0,0.0,0,0.0,0.0,false
insta_market_basket,62,quantity,p50_p90,12,202534,1121,0.0013837182892748872,0.005534873157099549,366,0.0018071039924160881,0.49864010245977075,true
insta_market_basket,62,quantity,p50_p90,13,202534,4,4.937442602229749e-6,0.000019749770408918996,0,0.0,-0.014184680883772671,true
insta_market_basket,62,quantity,p50_p90,14,202534,4542,0.00560646607483188,0.02242586429932752,2629,0.01298053660126201,0.5321248355452304,true
insta_market_basket,62,quantity,p50_p90,15,202534,0,0.0,0.0,0,0.0,0.0,false
insta_market_basket,62,quantity,p50_p90,16,202534,1,1.2343606505574372e-6,4.937442602229749e-6,0,0.0,0.014572370797395706,true
insta_market_basket,62,quantity,p50_p90,17,202534,3,3.7030819516723117e-6,0.000014812327806689247,1,4.937442602229749e-6,0.1597765882809957,true
insta_market_basket,62,quantity,p50_p90,18,202534,0,0.0,0.0,0,0.0,0.0,false
insta_market_basket,62,quantity,p50_p90,19,202534,8,9.874885204459498e-6,0.00003949954081783799,2,9.874885204459498e-6,0.19891874212771654,true
insta_market_basket,62,quantity,p50_p90,20,202534,0,0.0,0.0,0,0.0,0.0,false
insta_market_basket,62,quantity,p50_p90,21,202534,0,0.0,0.0,0,0.0,0.0,false
insta_market_basket,62,quantity,p50_p90,22,202534,1,1.2343606505574372e-6,4.937442602229749e-6,0,0.0,0.32182765007019043,true
insta_market_basket,62,quantity,p50_p90,23,202534,0,0.0,0.0,0,0.0,0.0,false
insta_market_basket,62,quantity,p50_p90,24,202534,13,0.000016046688457246685,0.00006418675382898674,0,0.0,0.35953788803173947,true
insta_market_basket,62,quantity,p50_p90,25,202534,0,0.0,0.0,0,0.0,0.0,false
insta_market_basket,62,quantity,p50_p90,26,202534,30,0.000037030819516723115,0.00014812327806689246,2,9.874885204459498e-6,0.26844171273211637,true
insta_market_basket,62,quantity,p50_p90,27,202534,0,0.0,0.0,0,0.0,0.0,false
insta_market_basket,62,quantity,p50_p90,28,202534,198693,0.2452588207412089,0.9810352829648356,256,0.0012639853061708157,0.4986956210329238,true
insta_market_basket,62,quantity,p50_p90,29,202534,0,0.0,0.0,0,0.0,0.0,false
insta_market_basket,62,quantity,p50_p90,30,202534,38,0.00004690570472118261,0.00018762281888473045,7,0.000034562098215608246,0.08559418209877453,true
insta_market_basket,62,quantity,p50_p90,31,202534,143,0.00017651357302971352,0.0007060542921188541,80,0.0003949954081783799,0.15759994409379216,true
insta_market_basket,62,quantity,p50_p90,32,202534,25,0.000030859016263935935,0.00012343606505574374,0,0.0,0.42013941824436185,true
insta_market_basket,62,quantity,p50_p90,33,202534,0,0.0,0.0,0,0.0,0.0,false
insta_market_basket,62,quantity,p50_p90,34,202534,1208,0.0014911076658733842,0.005964430663493537,384,0.0018959779592562236,0.33243587055006096,true
insta_market_basket,62,quantity,p50_p90,35,202534,365,0.00045054163745346463,0.0018021665498138585,24,0.00011849862245351397,0.29415386333449245,true
insta_market_basket,62,quantity,p50_p90,36,202534,1,1.2343606505574372e-6,4.937442602229749e-6,0,0.0,-0.04922733083367348,true
insta_market_basket,62,quantity,p50_p90,37,202534,433,0.0005344781616913704,0.0021379126467654815,8,0.00003949954081783799,0.4755213476597024,true
insta_market_basket,62,quantity,p50_p90,38,202534,18,0.000022218491710033872,0.00008887396684013549,10,0.00004937442602229749,0.13883514880823591,true
insta_market_basket,62,quantity,p50_p90,39,202534,336,0.0004147451785872989,0.0016589807143491957,81,0.0003999328507806097,0.541122786345936,true
insta_market_basket,62,quantity,p50_p90,40,202534,45,0.000055546229275084676,0.0002221849171003387,20,0.00009874885204459498,0.12190948459837171,true
insta_market_basket,62,quantity,p50_p90,41,202534,1,1.2343606505574372e-6,4.937442602229749e-6,1,4.937442602229749e-6,0.03101309761404991,true
insta_market_basket,62,quantity,p50_p90,42,202534,37,0.00004567134407062518,0.0001826853762825007,7,0.000034562098215608246,0.21139121659704158,true
insta_market_basket,62,quantity,p50_p90,43,202534,136,0.00016787304847581147,0.0006714921939032459,14,0.00006912419643121649,0.26838374948676896,true
insta_market_basket,62,quantity,p50_p90,44,202534,0,0.0,0.0,0,0.0,0.0,false
insta_market_basket,62,quantity,p50_p90,45,202534,2,2.4687213011148745e-6,9.874885204459498e-6,0,0.0,0.20926885306835175,true
insta_market_basket,62,quantity,p50_p90,46,202534,5,6.171803252787186e-6,0.000024687213011148745,0,0.0,0.19544211328029631,true
insta_market_basket,62,quantity,p50_p90,47,202534,27,0.000033327737565050804,0.00013331095026020322,5,0.000024687213011148745,0.19489779378528949,true
insta_market_basket,62,quantity,p50_p90,48,202534,5,6.171803252787186e-6,0.000024687213011148745,1,4.937442602229749e-6,-0.01777609661221504,true
insta_market_basket,62,quantity,p50_p90,49,202534,0,0.0,0.0,0,0.0,0.0,false
insta_market_basket,62,quantity,p50_p90,50,202534,0,0.0,0.0,0,0.0,0.0,false
insta_market_basket,62,quantity,p50_p90,51,202534,0,0.0,0.0,0,0.0,0.0,false
insta_market_basket,62,quantity,p50_p90,52,202534,7,8.640524553902061e-6,0.000034562098215608246,0,0.0,0.3977586712156023,true
insta_market_basket,62,quantity,p50_p90,53,202534,1,1.2343606505574372e-6,4.937442602229749e-6,0,0.0,-0.11147507280111313,true
insta_market_basket,62,quantity,p50_p90,54,202534,0,0.0,0.0,0,0.0,0.0,false
insta_market_basket,62,quantity,p50_p90,55,202534,0,0.0,0.0,0,0.0,0.0,false
insta_market_basket,62,quantity,p50_p90,56,202534,201581,0.24882365430001877,0.9952946172000751,177595,0.8768651189429922,0.5055478618751005,true
insta_market_basket,62,quantity,p50_p90,57,202534,42,0.000051843147323412365,0.00020737258929364946,25,0.00012343606505574374,0.2222591187982332,true
insta_market_basket,62,quantity,p50_p90,58,202534,1380,0.0017034176977692634,0.006813670791077054,219,0.001081299929888315,0.3936404351118034,true
insta_market_basket,62,quantity,p50_p90,59,202534,1,1.2343606505574372e-6,4.937442602229749e-6,0,0.0,0.13572584092617035,true
insta_market_basket,62,quantity,p50_p90,60,202534,0,0.0,0.0,0,0.0,0.0,false
insta_market_basket,62,quantity,p50_p90,61,202534,281,0.00034685534280663987,0.0013874213712265595,23,0.00011356117985128423,0.254494303883819,true
insta_market_basket,62,quantity,p50_p90,62,202534,40,0.00004937442602229749,0.00019749770408918996,0,0.0,0.24699984546750783,true
insta_market_basket,62,quantity,p50_p90,63,202534,103,0.00012713914700741605,0.0005085565880296642,11,0.00005431186862452724,0.45605870817326805,true
insta_market_basket,62,quantity,p90_p95,0,27322,6,0.000054900812532025474,0.0002196032501281019,0,0.0,0.4044688542683919,true
insta_market_basket,62,quantity,p90_p95,1,27322,4,0.00003660054168801698,0.00014640216675206792,1,0.00003660054168801698,0.2836592495441437,true
insta_market_basket,62,quantity,p90_p95,2,27322,0,0.0,0.0,0,0.0,0.0,false
insta_market_basket,62,quantity,p90_p95,3,27322,26738,0.24465632091354952,0.9786252836541981,1772,0.0648561598711661,0.5379543488698798,true
insta_market_basket,62,quantity,p90_p95,4,27322,0,0.0,0.0,0,0.0,0.0,false
insta_market_basket,62,quantity,p90_p95,5,27322,0,0.0,0.0,0,0.0,0.0,false
insta_market_basket,62,quantity,p90_p95,6,27322,421,0.0038522070126637874,0.01540882805065515,223,0.008161920796427788,0.44233192850320185,true
insta_market_basket,62,quantity,p90_p95,7,27322,0,0.0,0.0,0,0.0,0.0,false
insta_market_basket,62,quantity,p90_p95,8,27322,0,0.0,0.0,0,0.0,0.0,false
insta_market_basket,62,quantity,p90_p95,9,27322,0,0.0,0.0,0,0.0,0.0,false
insta_market_basket,62,quantity,p90_p95,10,27322,27057,0.24757521411316888,0.9903008564526755,430,0.015738232925847303,0.5379980366557124,true
insta_market_basket,62,quantity,p90_p95,11,27322,0,0.0,0.0,0,0.0,0.0,false
insta_market_basket,62,quantity,p90_p95,12,27322,136,0.0012444184173925775,0.00497767366957031,45,0.0016470243759607642,0.5373902537805193,true
insta_market_basket,62,quantity,p90_p95,13,27322,0,0.0,0.0,0,0.0,0.0,false
insta_market_basket,62,quantity,p90_p95,14,27322,264,0.002415635751409121,0.009662543005636483,145,0.005307078544762462,0.5682682152273077,true
insta_market_basket,62,quantity,p90_p95,15,27322,0,0.0,0.0,0,0.0,0.0,false
insta_market_basket,62,quantity,p90_p95,16,27322,0,0.0,0.0,0,0.0,0.0,false
insta_market_basket,62,quantity,p90_p95,17,27322,0,0.0,0.0,0,0.0,0.0,false
insta_market_basket,62,quantity,p90_p95,18,27322,0,0.0,0.0,0,0.0,0.0,false
insta_market_basket,62,quantity,p90_p95,19,27322,1,9.150135422004245e-6,0.00003660054168801698,0,0.0,0.24630121886730194,true
insta_market_basket,62,quantity,p90_p95,20,27322,0,0.0,0.0,0,0.0,0.0,false
insta_market_basket,62,quantity,p90_p95,21,27322,0,0.0,0.0,0,0.0,0.0,false
insta_market_basket,62,quantity,p90_p95,22,27322,0,0.0,0.0,0,0.0,0.0,false
insta_market_basket,62,quantity,p90_p95,23,27322,0,0.0,0.0,0,0.0,0.0,false
insta_market_basket,62,quantity,p90_p95,24,27322,2,0.00001830027084400849,0.00007320108337603396,0,0.0,0.30176325142383575,true
insta_market_basket,62,quantity,p90_p95,25,27322,0,0.0,0.0,0,0.0,0.0,false
insta_market_basket,62,quantity,p90_p95,26,27322,0,0.0,0.0,0,0.0,0.0,false
insta_market_basket,62,quantity,p90_p95,27,27322,0,0.0,0.0,0,0.0,0.0,false
insta_market_basket,62,quantity,p90_p95,28,27322,26810,0.24531513066393382,0.9812605226557353,14,0.0005124075836322378,0.5373230254060127,true
insta_market_basket,62,quantity,p90_p95,29,27322,0,0.0,0.0,0,0.0,0.0,false
insta_market_basket,62,quantity,p90_p95,30,27322,2,0.00001830027084400849,0.00007320108337603396,1,0.00003660054168801698,0.0845031701028347,true
insta_market_basket,62,quantity,p90_p95,31,27322,5,0.00004575067711002123,0.00018300270844008492,1,0.00003660054168801698,0.23053719401359557,true
insta_market_basket,62,quantity,p90_p95,32,27322,2,0.00001830027084400849,0.00007320108337603396,0,0.0,0.5062273740768433,true
insta_market_basket,62,quantity,p90_p95,33,27322,0,0.0,0.0,0,0.0,0.0,false
insta_market_basket,62,quantity,p90_p95,34,27322,194,0.0017751262718688236,0.007100505087475294,45,0.0016470243759607642,0.3944821704908745,true
insta_market_basket,62,quantity,p90_p95,35,27322,21,0.00019215284386208916,0.0007686113754483566,0,0.0,0.33443474272886914,true
insta_market_basket,62,quantity,p90_p95,36,27322,0,0.0,0.0,0,0.0,0.0,false
insta_market_basket,62,quantity,p90_p95,37,27322,28,0.0002562037918161189,0.0010248151672644756,0,0.0,0.5211287939122745,true
insta_market_basket,62,quantity,p90_p95,38,27322,0,0.0,0.0,0,0.0,0.0,false
insta_market_basket,62,quantity,p90_p95,39,27322,41,0.00037515555230217406,0.0015006222092086962,6,0.0002196032501281019,0.5666217920256824,true
insta_market_basket,62,quantity,p90_p95,40,27322,1,9.150135422004245e-6,0.00003660054168801698,1,0.00003660054168801698,0.17157967388629913,true
insta_market_basket,62,quantity,p90_p95,41,27322,0,0.0,0.0,0,0.0,0.0,false
insta_market_basket,62,quantity,p90_p95,42,27322,4,0.00003660054168801698,0.00014640216675206792,0,0.0,0.26619742065668106,true
insta_market_basket,62,quantity,p90_p95,43,27322,17,0.00015555230217407219,0.0006222092086962887,3,0.00010980162506405095,0.3031936252818388,true
insta_market_basket,62,quantity,p90_p95,44,27322,0,0.0,0.0,0,0.0,0.0,false
insta_market_basket,62,quantity,p90_p95,45,27322,0,0.0,0.0,0,0.0,0.0,false
insta_market_basket,62,quantity,p90_p95,46,27322,0,0.0,0.0,0,0.0,0.0,false
insta_market_basket,62,quantity,p90_p95,47,27322,2,0.00001830027084400849,0.00007320108337603396,0,0.0,0.24361227452754974,true
insta_market_basket,62,quantity,p90_p95,48,27322,0,0.0,0.0,0,0.0,0.0,false
insta_market_basket,62,quantity,p90_p95,49,27322,0,0.0,0.0,0,0.0,0.0,false
insta_market_basket,62,quantity,p90_p95,50,27322,0,0.0,0.0,0,0.0,0.0,false
insta_market_basket,62,quantity,p90_p95,51,27322,0,0.0,0.0,0,0.0,0.0,false
insta_market_basket,62,quantity,p90_p95,52,27322,1,9.150135422004245e-6,0.00003660054168801698,0,0.0,0.45129337906837463,true
insta_market_basket,62,quantity,p90_p95,53,27322,0,0.0,0.0,0,0.0,0.0,false
insta_market_basket,62,quantity,p90_p95,54,27322,0,0.0,0.0,0,0.0,0.0,false
insta_market_basket,62,quantity,p90_p95,55,27322,0,0.0,0.0,0,0.0,0.0,false
insta_market_basket,62,quantity,p90_p95,56,27322,27198,0.2488653832076715,0.995461532830686,24590,0.9000073201083376,0.5451929825235847,true
insta_market_basket,62,quantity,p90_p95,57,27322,2,0.00001830027084400849,0.00007320108337603396,1,0.00003660054168801698,0.33392511308193207,true
insta_market_basket,62,quantity,p90_p95,58,27322,270,0.002470536563941146,0.009882146255764584,42,0.0015372227508967133,0.45271412426674806,true
insta_market_basket,62,quantity,p90_p95,59,27322,0,0.0,0.0,0,0.0,0.0,false
insta_market_basket,62,quantity,p90_p95,60,27322,0,0.0,0.0,0,0.0,0.0,false
insta_market_basket,62,quantity,p90_p95,61,27322,46,0.0004209062294121953,0.0016836249176487813,1,0.00003660054168801698,0.3032361644765605,true
insta_market_basket,62,quantity,p90_p95,62,27322,8,0.00007320108337603396,0.00029280433350413584,1,0.00003660054168801698,0.2802020935341716,true
insta_market_basket,62,quantity,p90_p95,63,27322,7,0.00006405094795402972,0.0002562037918161189,0,0.0,0.5595979818275997,true
insta_market_basket,62,quantity,p95_p99,0,20190,12,0.00014858841010401187,0.0005943536404160475,0,0.0,0.5001314481099447,true
insta_market_basket,62,quantity,p95_p99,1,20190,9,0.00011144130757800891,0.00044576523031203565,0,0.0,0.27637012634012437,true
insta_market_basket,62,quantity,p95_p99,2,20190,0,0.0,0.0,0,0.0,0.0,false
insta_market_basket,62,quantity,p95_p99,3,20190,19738,0.2444031698860822,0.9776126795443288,1294,0.06409113422486379,0.5533106771819327,true
insta_market_basket,62,quantity,p95_p99,4,20190,0,0.0,0.0,0,0.0,0.0,false
insta_market_basket,62,quantity,p95_p99,5,20190,0,0.0,0.0,0,0.0,0.0,false
insta_market_basket,62,quantity,p95_p99,6,20190,388,0.004804358593363051,0.019217434373452205,218,0.010797424467558197,0.464499125314742,true
insta_market_basket,62,quantity,p95_p99,7,20190,0,0.0,0.0,0,0.0,0.0,false
insta_market_basket,62,quantity,p95_p99,8,20190,0,0.0,0.0,0,0.0,0.0,false
insta_market_basket,62,quantity,p95_p99,9,20190,0,0.0,0.0,0,0.0,0.0,false
insta_market_basket,62,quantity,p95_p99,10,20190,19927,0.24674343734522042,0.9869737493808817,271,0.01342248637939574,0.5520384731560567,true
insta_market_basket,62,quantity,p95_p99,11,20190,0,0.0,0.0,0,0.0,0.0,false
insta_market_basket,62,quantity,p95_p99,12,20190,114,0.001411589895988113,0.005646359583952452,23,0.0011391778107974245,0.5336011025989265,true
insta_market_basket,62,quantity,p95_p99,13,20190,0,0.0,0.0,0,0.0,0.0,false
insta_market_basket,62,quantity,p95_p99,14,20190,167,0.002067855373947499,0.008271421495789995,101,0.005002476473501733,0.5720447285803493,true
insta_market_basket,62,quantity,p95_p99,15,20190,0,0.0,0.0,0,0.0,0.0,false
insta_market_basket,62,quantity,p95_p99,16,20190,0,0.0,0.0,0,0.0,0.0,false
insta_market_basket,62,quantity,p95_p99,17,20190,0,0.0,0.0,0,0.0,0.0,false
insta_market_basket,62,quantity,p95_p99,18,20190,0,0.0,0.0,0,0.0,0.0,false
insta_market_basket,62,quantity,p95_p99,19,20190,0,0.0,0.0,0,0.0,0.0,false
insta_market_basket,62,quantity,p95_p99,20,20190,0,0.0,0.0,0,0.0,0.0,false
insta_market_basket,62,quantity,p95_p99,21,20190,0,0.0,0.0,0,0.0,0.0,false
insta_market_basket,62,quantity,p95_p99,22,20190,0,0.0,0.0,0,0.0,0.0,false
insta_market_basket,62,quantity,p95_p99,23,20190,0,0.0,0.0,0,0.0,0.0,false
insta_market_basket,62,quantity,p95_p99,24,20190,5,0.00006191183754333828,0.00024764735017335313,0,0.0,0.4005218505859375,true
insta_market_basket,62,quantity,p95_p99,25,20190,0,0.0,0.0,0,0.0,0.0,false
insta_market_basket,62,quantity,p95_p99,26,20190,0,0.0,0.0,0,0.0,0.0,false
insta_market_basket,62,quantity,p95_p99,27,20190,0,0.0,0.0,0,0.0,0.0,false
insta_market_basket,62,quantity,p95_p99,28,20190,19726,0.2442545814759782,0.9770183259039128,11,0.0005448241703813769,0.5519506947125046,true
insta_market_basket,62,quantity,p95_p99,29,20190,0,0.0,0.0,0,0.0,0.0,false
insta_market_basket,62,quantity,p95_p99,30,20190,2,0.000024764735017335315,0.00009905894006934126,0,0.0,0.13276305422186852,true
insta_market_basket,62,quantity,p95_p99,31,20190,9,0.00011144130757800891,0.00044576523031203565,3,0.00014858841010401187,0.23415401991870669,true
insta_market_basket,62,quantity,p95_p99,32,20190,0,0.0,0.0,0,0.0,0.0,false
insta_market_basket,62,quantity,p95_p99,33,20190,0,0.0,0.0,0,0.0,0.0,false
insta_market_basket,62,quantity,p95_p99,34,20190,192,0.00237741456166419,0.00950965824665676,33,0.0016344725111441308,0.41439033513112616,true
insta_market_basket,62,quantity,p95_p99,35,20190,18,0.00022288261515601782,0.0008915304606240713,2,0.00009905894006934126,0.3871874113877614,true
insta_market_basket,62,quantity,p95_p99,36,20190,0,0.0,0.0,0,0.0,0.0,false
insta_market_basket,62,quantity,p95_p99,37,20190,19,0.0002352649826646855,0.000941059930658742,0,0.0,0.5191241926268527,true
insta_market_basket,62,quantity,p95_p99,38,20190,0,0.0,0.0,0,0.0,0.0,false
insta_market_basket,62,quantity,p95_p99,39,20190,54,0.0006686478454680535,0.002674591381872214,9,0.00044576523031203565,0.5655087828636169,true
insta_market_basket,62,quantity,p95_p99,40,20190,0,0.0,0.0,0,0.0,0.0,false
insta_market_basket,62,quantity,p95_p99,41,20190,0,0.0,0.0,0,0.0,0.0,false
insta_market_basket,62,quantity,p95_p99,42,20190,3,0.00003714710252600297,0.00014858841010401187,0,0.0,0.24226513504981995,true
insta_market_basket,62,quantity,p95_p99,43,20190,13,0.00016097077761267954,0.0006438831104507182,1,0.00004952947003467063,0.2858136995480611,true
insta_market_basket,62,quantity,p95_p99,44,20190,0,0.0,0.0,0,0.0,0.0,false
insta_market_basket,62,quantity,p95_p99,45,20190,0,0.0,0.0,0,0.0,0.0,false
insta_market_basket,62,quantity,p95_p99,46,20190,1,0.000012382367508667657,0.00004952947003467063,0,0.0,0.2714918851852417,true
insta_market_basket,62,quantity,p95_p99,47,20190,1,0.000012382367508667657,0.00004952947003467063,0,0.0,0.22243665158748627,true
insta_market_basket,62,quantity,p95_p99,48,20190,0,0.0,0.0,0,0.0,0.0,false
insta_market_basket,62,quantity,p95_p99,49,20190,0,0.0,0.0,0,0.0,0.0,false
insta_market_basket,62,quantity,p95_p99,50,20190,0,0.0,0.0,0,0.0,0.0,false
insta_market_basket,62,quantity,p95_p99,51,20190,0,0.0,0.0,0,0.0,0.0,false
insta_market_basket,62,quantity,p95_p99,52,20190,0,0.0,0.0,0,0.0,0.0,false
insta_market_basket,62,quantity,p95_p99,53,20190,0,0.0,0.0,0,0.0,0.0,false
insta_market_basket,62,quantity,p95_p99,54,20190,0,0.0,0.0,0,0.0,0.0,false
insta_market_basket,62,quantity,p95_p99,55,20190,0,0.0,0.0,0,0.0,0.0,false
insta_market_basket,62,quantity,p95_p99,56,20190,20069,0.24850173353145122,0.9940069341258049,18176,0.9002476473501734,0.5598968677072373,true
insta_market_basket,62,quantity,p95_p99,57,20190,0,0.0,0.0,0,0.0,0.0,false
insta_market_basket,62,quantity,p95_p99,58,20190,246,0.0030460624071322437,0.012184249628528975,45,0.002228826151560178,0.4770235993513247,true
insta_market_basket,62,quantity,p95_p99,59,20190,0,0.0,0.0,0,0.0,0.0,false
insta_market_basket,62,quantity,p95_p99,60,20190,0,0.0,0.0,0,0.0,0.0,false
insta_market_basket,62,quantity,p95_p99,61,20190,38,0.000470529965329371,0.001882119861317484,3,0.00014858841010401187,0.3016120646344988,true
insta_market_basket,62,quantity,p95_p99,62,20190,6,0.00007429420505200594,0.00029717682020802375,0,0.0,0.38659384101629257,true
insta_market_basket,62,quantity,p95_p99,63,20190,3,0.00003714710252600297,0.00014858841010401187,0,0.0,0.388092577457428,true
insta_market_basket,62,quantity_region,body_le_p95,0,477507,248,0.0001298410285084826,0.0005193641140339304,33,0.00006910893452870848,0.28721735136763704,true
insta_market_basket,62,quantity_region,body_le_p95,1,477507,163,0.0000853390630922688,0.0003413562523690752,48,0.00010052208658721233,0.20778685937452765,true
insta_market_basket,62,quantity_region,body_le_p95,2,477507,9,4.7119728087755785e-6,0.000018847891235102314,1,2.09421013723359e-6,0.09510313802295262,true
insta_market_basket,62,quantity_region,body_le_p95,3,477507,450470,0.23584471012990385,0.9433788405196154,35235,0.07378949418542555,0.450913832247723,true
insta_market_basket,62,quantity_region,body_le_p95,4,477507,18,9.423945617551157e-6,0.00003769578247020463,1,2.09421013723359e-6,-0.14871844400962195,true
insta_market_basket,62,quantity_region,body_le_p95,5,477507,0,0.0,0.0,0,0.0,0.0,false
insta_market_basket,62,quantity_region,body_le_p95,6,477507,4303,0.002252846555129035,0.00901138622051614,2071,0.004337109194210765,0.3831900805914517,true
insta_market_basket,62,quantity_region,body_le_p95,7,477507,0,0.0,0.0,0,0.0,0.0,false
insta_market_basket,62,quantity_region,body_le_p95,8,477507,1,5.235525343083975e-7,2.09421013723359e-6,0,0.0,-0.01991283893585205,true
insta_market_basket,62,quantity_region,body_le_p95,9,477507,8,4.18842027446718e-6,0.00001675368109786872,0,0.0,0.2903364934027195,true
insta_market_basket,62,quantity_region,body_le_p95,10,477507,472599,0.24743040416161438,0.9897216166464575,23131,0.04844117468435018,0.45219855580684315,true
insta_market_basket,62,quantity_region,body_le_p95,11,477507,0,0.0,0.0,0,0.0,0.0,false
insta_market_basket,62,quantity_region,body_le_p95,12,477507,2551,0.0013355825150207221,0.0053423300600828885,803,0.001681650740198573,0.47137805668367727,true
insta_market_basket,62,quantity_region,body_le_p95,13,477507,48,0.000025130521646803083,0.00010052208658721233,7,0.000014659470960635131,-0.09427863478291935,true
insta_market_basket,62,quantity_region,body_le_p95,14,477507,23890,0.012507670044627618,0.05003068017851047,15827,0.03314506384199603,0.42366716493089496,true
insta_market_basket,62,quantity_region,body_le_p95,15,477507,1,5.235525343083975e-7,2.09421013723359e-6,0,0.0,0.0771455243229866,true
insta_market_basket,62,quantity_region,body_le_p95,16,477507,160,0.00008376840548934361,0.00033507362195737446,1,2.09421013723359e-6,-0.012284956840449012,true
insta_market_basket,62,quantity_region,body_le_p95,17,477507,292,0.0001528773400180521,0.0006115093600722084,65,0.00013612365892018337,-0.03711264005109464,true
insta_market_basket,62,quantity_region,body_le_p95,18,477507,0,0.0,0.0,0,0.0,0.0,false
insta_market_basket,62,quantity_region,body_le_p95,19,477507,87,0.00004554907048483059,0.00018219628193932237,24,0.000050261043293606166,0.0914201782815608,true
insta_market_basket,62,quantity_region,body_le_p95,20,477507,3,1.5706576029251927e-6,6.282630411700771e-6,0,0.0,-0.002786272515853246,true
insta_market_basket,62,quantity_region,body_le_p95,21,477507,1,5.235525343083975e-7,2.09421013723359e-6,0,0.0,-0.0029227875638753176,true
insta_market_basket,62,quantity_region,body_le_p95,22,477507,10,5.235525343083976e-6,0.000020942101372335904,0,0.0,0.15447636544704438,true
insta_market_basket,62,quantity_region,body_le_p95,23,477507,0,0.0,0.0,0,0.0,0.0,false
insta_market_basket,62,quantity_region,body_le_p95,24,477507,43,0.000022512758975261095,0.00009005103590104438,2,4.18842027446718e-6,0.3247091711260552,true
insta_market_basket,62,quantity_region,body_le_p95,25,477507,0,0.0,0.0,0,0.0,0.0,false
insta_market_basket,62,quantity_region,body_le_p95,26,477507,216,0.00011308734741061388,0.0004523493896424555,10,0.000020942101372335904,0.21117674736268344,true
insta_market_basket,62,quantity_region,body_le_p95,27,477507,0,0.0,0.0,0,0.0,0.0,false
insta_market_basket,62,quantity_region,body_le_p95,28,477507,464711,0.24330062177098974,0.973202487083959,1214,0.0025423711066015786,0.4517259396926984,true
insta_market_basket,62,quantity_region,body_le_p95,29,477507,0,0.0,0.0,0,0.0,0.0,false
insta_market_basket,62,quantity_region,body_le_p95,30,477507,271,0.00014188273679757574,0.000567530947190303,94,0.00019685575289995748,0.03410789597777579,true
insta_market_basket,62,quantity_region,body_le_p95,31,477507,488,0.000255493636742498,0.001021974546969992,266,0.000557059896504135,0.12620902175284918,true
insta_market_basket,62,quantity_region,body_le_p95,32,477507,228,0.00011936997782231464,0.00047747991128925857,13,0.000027224731784036673,0.2797748759172432,true
insta_market_basket,62,quantity_region,body_le_p95,33,477507,5,2.617762671541988e-6,0.000010471050686167952,0,0.0,0.0004667341709136963,true
insta_market_basket,62,quantity_region,body_le_p95,34,477507,2516,0.0013172581763199282,0.005269032705279713,826,0.0017298175733549456,0.31816196756841636,true
insta_market_basket,62,quantity_region,body_le_p95,35,477507,998,0.0005225054292397808,0.002090021716959123,113,0.0002366457455073957,0.25900749511361676,true
insta_market_basket,62,quantity_region,body_le_p95,36,477507,31,0.000016230128563560326,0.0000649205142542413,0,0.0,-0.06895559728746453,true
insta_market_basket,62,quantity_region,body_le_p95,37,477507,3556,0.0018617528120006617,0.007447011248002647,79,0.00016544260084145362,0.38618293657345437,true
insta_market_basket,62,quantity_region,body_le_p95,38,477507,1112,0.0005821904181509381,0.0023287616726037526,469,0.0009821845543625538,0.06717421979331664,true
insta_market_basket,62,quantity_region,body_le_p95,39,477507,909,0.0004759092536863334,0.0019036370147453336,206,0.0004314072882701196,0.49845021517232174,true
insta_market_basket,62,quantity_region,body_le_p95,40,477507,395,0.00020680325105181704,0.0008272130042072681,214,0.0004481609693679883,0.011502789621563007,true
insta_market_basket,62,quantity_region,body_le_p95,41,477507,94,0.00004921393822498937,0.00019685575289995748,38,0.00007957998521487643,0.07071722831646417,true
insta_market_basket,62,quantity_region,body_le_p95,42,477507,114,0.00005968498891115732,0.00023873995564462929,14,0.000029318941921270262,0.13643754138447867,true
insta_market_basket,62,quantity_region,body_le_p95,43,477507,272,0.00014240628933188414,0.0005696251573275366,21,0.000043978412881905394,0.2598539122709018,true
insta_market_basket,62,quantity_region,body_le_p95,44,477507,0,0.0,0.0,0,0.0,0.0,false
insta_market_basket,62,quantity_region,body_le_p95,45,477507,2,1.047105068616795e-6,4.18842027446718e-6,0,0.0,0.20926885306835175,true
insta_market_basket,62,quantity_region,body_le_p95,46,477507,7,3.664867740158783e-6,0.000014659470960635131,0,0.0,0.2021732841219221,true
insta_market_basket,62,quantity_region,body_le_p95,47,477507,199,0.00010418695432737112,0.0004167478173094845,31,0.0000649205142542413,0.14529863732572101,true
insta_market_basket,62,quantity_region,body_le_p95,48,477507,93,0.000048690385690680975,0.0001947615427627239,24,0.000050261043293606166,-0.09715967123166368,true
insta_market_basket,62,quantity_region,body_le_p95,49,477507,17,8.900393083242759e-6,0.000035601572332971035,0,0.0,-0.02877464868566569,true
insta_market_basket,62,quantity_region,body_le_p95,50,477507,0,0.0,0.0,0,0.0,0.0,false
insta_market_basket,62,quantity_region,body_le_p95,51,477507,0,0.0,0.0,0,0.0,0.0,false
insta_market_basket,62,quantity_region,body_le_p95,52,477507,150,0.00007853288014625964,0.00031413152058503856,2,4.18842027446718e-6,0.2658820747758728,true
insta_market_basket,62,quantity_region,body_le_p95,53,477507,44,0.000023036311509569493,0.00009214524603827797,2,4.18842027446718e-6,-0.09452484730387699,true
insta_market_basket,62,quantity_region,body_le_p95,54,477507,0,0.0,0.0,0,0.0,0.0,false
insta_market_basket,62,quantity_region,body_le_p95,55,477507,0,0.0,0.0,0,0.0,0.0,false
insta_market_basket,62,quantity_region,body_le_p95,56,477507,474178,0.24825709361328735,0.9930283744531494,395855,0.8290035538746029,0.45700664329648527,true
insta_market_basket,62,quantity_region,body_le_p95,57,477507,209,0.00010942247967045509,0.00043768991868182034,98,0.00020523259344889185,0.1642179429716582,true
insta_market_basket,62,quantity_region,body_le_p95,58,477507,2835,0.0014842714347643071,0.0059370857390572285,496,0.0010387282280678609,0.37557473934306457,true
insta_market_basket,62,quantity_region,body_le_p95,59,477507,32,0.00001675368109786872,0.00006701472439147488,5,0.000010471050686167952,0.06661554453967256,true
insta_market_basket,62,quantity_region,body_le_p95,60,477507,1,5.235525343083975e-7,2.09421013723359e-6,0,0.0,0.08461868762969971,true
insta_market_basket,62,quantity_region,body_le_p95,61,477507,487,0.0002549700842081896,0.0010198803368327584,30,0.00006282630411700771,0.2505395236354344,true
insta_market_basket,62,quantity_region,body_le_p95,62,477507,107,0.00005602012117099854,0.00022408048468399415,2,4.18842027446718e-6,0.21749480824839218,true
insta_market_basket,62,quantity_region,body_le_p95,63,477507,846,0.00044292544402490435,0.0017717017760996174,136,0.0002848125786637683,0.3379229123624461,true
insta_market_basket,62,quantity_region,extreme_tail_gt_p99,0,6036,8,0.0003313452617627568,0.0013253810470510272,0,0.0,0.4527267552912235,true
insta_market_basket,62,quantity_region,extreme_tail_gt_p99,1,6036,14,0.0005798542080848244,0.0023194168323392977,1,0.0001656726308813784,0.33577404064791544,true
insta_market_basket,62,quantity_region,extreme_tail_gt_p99,2,6036,0,0.0,0.0,0,0.0,0.0,false
insta_market_basket,62,quantity_region,extreme_tail_gt_p99,3,6036,5884,0.24370444002650762,0.9748177601060305,483,0.08001988071570576,0.5664972152350752,true
insta_market_basket,62,quantity_region,extreme_tail_gt_p99,4,6036,0,0.0,0.0,0,0.0,0.0,false
insta_market_basket,62,quantity_region,extreme_tail_gt_p99,5,6036,0,0.0,0.0,0,0.0,0.0,false
insta_market_basket,62,quantity_region,extreme_tail_gt_p99,6,6036,190,0.007869449966865474,0.031477799867461895,112,0.01855533465871438,0.45530787008373363,true
insta_market_basket,62,quantity_region,extreme_tail_gt_p99,7,6036,0,0.0,0.0,0,0.0,0.0,false
insta_market_basket,62,quantity_region,extreme_tail_gt_p99,8,6036,0,0.0,0.0,0,0.0,0.0,false
insta_market_basket,62,quantity_region,extreme_tail_gt_p99,9,6036,0,0.0,0.0,0,0.0,0.0,false
insta_market_basket,62,quantity_region,extreme_tail_gt_p99,10,6036,5887,0.24382869449966865,0.9753147779986746,88,0.0145791915175613,0.5648554033008601,true
insta_market_basket,62,quantity_region,extreme_tail_gt_p99,11,6036,0,0.0,0.0,0,0.0,0.0,false
insta_market_basket,62,quantity_region,extreme_tail_gt_p99,12,6036,27,0.0011182902584493041,0.0044731610337972166,2,0.0003313452617627568,0.5327813812979946,true
insta_market_basket,62,quantity_region,extreme_tail_gt_p99,13,6036,0,0.0,0.0,0,0.0,0.0,false
insta_market_basket,62,quantity_region,extreme_tail_gt_p99,14,6036,39,0.0016153081510934394,0.0064612326043737576,23,0.003810470510271703,0.587981946957417,true
insta_market_basket,62,quantity_region,extreme_tail_gt_p99,15,6036,0,0.0,0.0,0,0.0,0.0,false
insta_market_basket,62,quantity_region,extreme_tail_gt_p99,16,6036,0,0.0,0.0,0,0.0,0.0,false
insta_market_basket,62,quantity_region,extreme_tail_gt_p99,17,6036,0,0.0,0.0,0,0.0,0.0,false
insta_market_basket,62,quantity_region,extreme_tail_gt_p99,18,6036,0,0.0,0.0,0,0.0,0.0,false
insta_market_basket,62,quantity_region,extreme_tail_gt_p99,19,6036,0,0.0,0.0,0,0.0,0.0,false
insta_market_basket,62,quantity_region,extreme_tail_gt_p99,20,6036,0,0.0,0.0,0,0.0,0.0,false
insta_market_basket,62,quantity_region,extreme_tail_gt_p99,21,6036,0,0.0,0.0,0,0.0,0.0,false
insta_market_basket,62,quantity_region,extreme_tail_gt_p99,22,6036,0,0.0,0.0,0,0.0,0.0,false
insta_market_basket,62,quantity_region,extreme_tail_gt_p99,23,6036,0,0.0,0.0,0,0.0,0.0,false
insta_market_basket,62,quantity_region,extreme_tail_gt_p99,24,6036,1,0.0000414181577203446,0.0001656726308813784,0,0.0,0.328810453414917,true
insta_market_basket,62,quantity_region,extreme_tail_gt_p99,25,6036,0,0.0,0.0,0,0.0,0.0,false
insta_market_basket,62,quantity_region,extreme_tail_gt_p99,26,6036,0,0.0,0.0,0,0.0,0.0,false
insta_market_basket,62,quantity_region,extreme_tail_gt_p99,27,6036,0,0.0,0.0,0,0.0,0.0,false
insta_market_basket,62,quantity_region,extreme_tail_gt_p99,28,6036,5830,0.241467859509609,0.965871438038436,4,0.0006626905235255136,0.5656312083221627,true
insta_market_basket,62,quantity_region,extreme_tail_gt_p99,29,6036,0,0.0,0.0,0,0.0,0.0,false
insta_market_basket,62,quantity_region,extreme_tail_gt_p99,30,6036,1,0.0000414181577203446,0.0001656726308813784,0,0.0,0.08390270173549652,true
insta_market_basket,62,quantity_region,extreme_tail_gt_p99,31,6036,4,0.0001656726308813784,0.0006626905235255136,1,0.0001656726308813784,0.17915360629558563,true
insta_market_basket,62,quantity_region,extreme_tail_gt_p99,32,6036,1,0.0000414181577203446,0.0001656726308813784,0,0.0,0.34515348076820374,true
insta_market_basket,62,quantity_region,extreme_tail_gt_p99,33,6036,0,0.0,0.0,0,0.0,0.0,false
insta_market_basket,62,quantity_region,extreme_tail_gt_p99,34,6036,103,0.0042660702451954935,0.017064280980781974,16,0.0026507620941020544,0.4175082618027057,true
insta_market_basket,62,quantity_region,extreme_tail_gt_p99,35,6036,2,0.0000828363154406892,0.0003313452617627568,0,0.0,0.33799465000629425,true
insta_market_basket,62,quantity_region,extreme_tail_gt_p99,36,6036,0,0.0,0.0,0,0.0,0.0,false
insta_market_basket,62,quantity_region,extreme_tail_gt_p99,37,6036,2,0.0000828363154406892,0.0003313452617627568,0,0.0,0.48129622638225555,true
insta_market_basket,62,quantity_region,extreme_tail_gt_p99,38,6036,0,0.0,0.0,0,0.0,0.0,false
insta_market_basket,62,quantity_region,extreme_tail_gt_p99,39,6036,12,0.0004970178926441351,0.0019880715705765406,1,0.0001656726308813784,0.5619448175032934,true
insta_market_basket,62,quantity_region,extreme_tail_gt_p99,40,6036,0,0.0,0.0,0,0.0,0.0,false
insta_market_basket,62,quantity_region,extreme_tail_gt_p99,41,6036,0,0.0,0.0,0,0.0,0.0,false
insta_market_basket,62,quantity_region,extreme_tail_gt_p99,42,6036,1,0.0000414181577203446,0.0001656726308813784,0,0.0,0.14355140924453735,true
insta_market_basket,62,quantity_region,extreme_tail_gt_p99,43,6036,9,0.0003727634194831014,0.0014910536779324055,0,0.0,0.3009305000305176,true
insta_market_basket,62,quantity_region,extreme_tail_gt_p99,44,6036,0,0.0,0.0,0,0.0,0.0,false
insta_market_basket,62,quantity_region,extreme_tail_gt_p99,45,6036,1,0.0000414181577203446,0.0001656726308813784,0,0.0,0.316877156496048,true
insta_market_basket,62,quantity_region,extreme_tail_gt_p99,46,6036,0,0.0,0.0,0,0.0,0.0,false
insta_market_basket,62,quantity_region,extreme_tail_gt_p99,47,6036,0,0.0,0.0,0,0.0,0.0,false
insta_market_basket,62,quantity_region,extreme_tail_gt_p99,48,6036,0,0.0,0.0,0,0.0,0.0,false
insta_market_basket,62,quantity_region,extreme_tail_gt_p99,49,6036,0,0.0,0.0,0,0.0,0.0,false
insta_market_basket,62,quantity_region,extreme_tail_gt_p99,50,6036,0,0.0,0.0,0,0.0,0.0,false
insta_market_basket,62,quantity_region,extreme_tail_gt_p99,51,6036,0,0.0,0.0,0,0.0,0.0,false
insta_market_basket,62,quantity_region,extreme_tail_gt_p99,52,6036,0,0.0,0.0,0,0.0,0.0,false
insta_market_basket,62,quantity_region,extreme_tail_gt_p99,53,6036,0,0.0,0.0,0,0.0,0.0,false
insta_market_basket,62,quantity_region,extreme_tail_gt_p99,54,6036,0,0.0,0.0,0,0.0,0.0,false
insta_market_basket,62,quantity_region,extreme_tail_gt_p99,55,6036,0,0.0,0.0,0,0.0,0.0,false
insta_market_basket,62,quantity_region,extreme_tail_gt_p99,56,6036,5979,0.24763916500994035,0.9905566600397614,5284,0.8754141815772034,0.5724194132303749,true
insta_market_basket,62,quantity_region,extreme_tail_gt_p99,57,6036,0,0.0,0.0,0,0.0,0.0,false
insta_market_basket,62,quantity_region,extreme_tail_gt_p99,58,6036,113,0.00468025182239894,0.01872100728959576,17,0.0028164347249834327,0.47847563384381014,true
insta_market_basket,62,quantity_region,extreme_tail_gt_p99,59,6036,0,0.0,0.0,0,0.0,0.0,false
insta_market_basket,62,quantity_region,extreme_tail_gt_p99,60,6036,0,0.0,0.0,0,0.0,0.0,false
insta_market_basket,62,quantity_region,extreme_tail_gt_p99,61,6036,31,0.0012839628893306825,0.00513585155732273,4,0.0006626905235255136,0.33729482850720804,true
insta_market_basket,62,quantity_region,extreme_tail_gt_p99,62,6036,4,0.0001656726308813784,0.0006626905235255136,0,0.0,0.3787025138735771,true
insta_market_basket,62,quantity_region,extreme_tail_gt_p99,63,6036,1,0.0000414181577203446,0.0001656726308813784,0,0.0,0.36077192425727844,true
insta_market_basket,62,quantity_region,tail_p95_p99,0,20190,12,0.00014858841010401187,0.0005943536404160475,0,0.0,0.5001314481099447,true
insta_market_basket,62,quantity_region,tail_p95_p99,1,20190,9,0.00011144130757800891,0.00044576523031203565,0,0.0,0.27637012634012437,true
insta_market_basket,62,quantity_region,tail_p95_p99,2,20190,0,0.0,0.0,0,0.0,0.0,false
insta_market_basket,62,quantity_region,tail_p95_p99,3,20190,19738,0.2444031698860822,0.9776126795443288,1294,0.06409113422486379,0.5533106771819327,true
insta_market_basket,62,quantity_region,tail_p95_p99,4,20190,0,0.0,0.0,0,0.0,0.0,false
insta_market_basket,62,quantity_region,tail_p95_p99,5,20190,0,0.0,0.0,0,0.0,0.0,false
insta_market_basket,62,quantity_region,tail_p95_p99,6,20190,388,0.004804358593363051,0.019217434373452205,218,0.010797424467558197,0.464499125314742,true
insta_market_basket,62,quantity_region,tail_p95_p99,7,20190,0,0.0,0.0,0,0.0,0.0,false
insta_market_basket,62,quantity_region,tail_p95_p99,8,20190,0,0.0,0.0,0,0.0,0.0,false
insta_market_basket,62,quantity_region,tail_p95_p99,9,20190,0,0.0,0.0,0,0.0,0.0,false
insta_market_basket,62,quantity_region,tail_p95_p99,10,20190,19927,0.24674343734522042,0.9869737493808817,271,0.01342248637939574,0.5520384731560567,true
insta_market_basket,62,quantity_region,tail_p95_p99,11,20190,0,0.0,0.0,0,0.0,0.0,false
insta_market_basket,62,quantity_region,tail_p95_p99,12,20190,114,0.001411589895988113,0.005646359583952452,23,0.0011391778107974245,0.5336011025989265,true
insta_market_basket,62,quantity_region,tail_p95_p99,13,20190,0,0.0,0.0,0,0.0,0.0,false
insta_market_basket,62,quantity_region,tail_p95_p99,14,20190,167,0.002067855373947499,0.008271421495789995,101,0.005002476473501733,0.5720447285803493,true
insta_market_basket,62,quantity_region,tail_p95_p99,15,20190,0,0.0,0.0,0,0.0,0.0,false
insta_market_basket,62,quantity_region,tail_p95_p99,16,20190,0,0.0,0.0,0,0.0,0.0,false
insta_market_basket,62,quantity_region,tail_p95_p99,17,20190,0,0.0,0.0,0,0.0,0.0,false
insta_market_basket,62,quantity_region,tail_p95_p99,18,20190,0,0.0,0.0,0,0.0,0.0,false
insta_market_basket,62,quantity_region,tail_p95_p99,19,20190,0,0.0,0.0,0,0.0,0.0,false
insta_market_basket,62,quantity_region,tail_p95_p99,20,20190,0,0.0,0.0,0,0.0,0.0,false
insta_market_basket,62,quantity_region,tail_p95_p99,21,20190,0,0.0,0.0,0,0.0,0.0,false
insta_market_basket,62,quantity_region,tail_p95_p99,22,20190,0,0.0,0.0,0,0.0,0.0,false
insta_market_basket,62,quantity_region,tail_p95_p99,23,20190,0,0.0,0.0,0,0.0,0.0,false
insta_market_basket,62,quantity_region,tail_p95_p99,24,20190,5,0.00006191183754333828,0.00024764735017335313,0,0.0,0.4005218505859375,true
insta_market_basket,62,quantity_region,tail_p95_p99,25,20190,0,0.0,0.0,0,0.0,0.0,false
insta_market_basket,62,quantity_region,tail_p95_p99,26,20190,0,0.0,0.0,0,0.0,0.0,false
insta_market_basket,62,quantity_region,tail_p95_p99,27,20190,0,0.0,0.0,0,0.0,0.0,false
insta_market_basket,62,quantity_region,tail_p95_p99,28,20190,19726,0.2442545814759782,0.9770183259039128,11,0.0005448241703813769,0.5519506947125046,true
insta_market_basket,62,quantity_region,tail_p95_p99,29,20190,0,0.0,0.0,0,0.0,0.0,false
insta_market_basket,62,quantity_region,tail_p95_p99,30,20190,2,0.000024764735017335315,0.00009905894006934126,0,0.0,0.13276305422186852,true
insta_market_basket,62,quantity_region,tail_p95_p99,31,20190,9,0.00011144130757800891,0.00044576523031203565,3,0.00014858841010401187,0.23415401991870669,true
insta_market_basket,62,quantity_region,tail_p95_p99,32,20190,0,0.0,0.0,0,0.0,0.0,false
insta_market_basket,62,quantity_region,tail_p95_p99,33,20190,0,0.0,0.0,0,0.0,0.0,false
insta_market_basket,62,quantity_region,tail_p95_p99,34,20190,192,0.00237741456166419,0.00950965824665676,33,0.0016344725111441308,0.41439033513112616,true
insta_market_basket,62,quantity_region,tail_p95_p99,35,20190,18,0.00022288261515601782,0.0008915304606240713,2,0.00009905894006934126,0.3871874113877614,true
insta_market_basket,62,quantity_region,tail_p95_p99,36,20190,0,0.0,0.0,0,0.0,0.0,false
insta_market_basket,62,quantity_region,tail_p95_p99,37,20190,19,0.0002352649826646855,0.000941059930658742,0,0.0,0.5191241926268527,true
insta_market_basket,62,quantity_region,tail_p95_p99,38,20190,0,0.0,0.0,0,0.0,0.0,false
insta_market_basket,62,quantity_region,tail_p95_p99,39,20190,54,0.0006686478454680535,0.002674591381872214,9,0.00044576523031203565,0.5655087828636169,true
insta_market_basket,62,quantity_region,tail_p95_p99,40,20190,0,0.0,0.0,0,0.0,0.0,false
insta_market_basket,62,quantity_region,tail_p95_p99,41,20190,0,0.0,0.0,0,0.0,0.0,false
insta_market_basket,62,quantity_region,tail_p95_p99,42,20190,3,0.00003714710252600297,0.00014858841010401187,0,0.0,0.24226513504981995,true
insta_market_basket,62,quantity_region,tail_p95_p99,43,20190,13,0.00016097077761267954,0.0006438831104507182,1,0.00004952947003467063,0.2858136995480611,true
insta_market_basket,62,quantity_region,tail_p95_p99,44,20190,0,0.0,0.0,0,0.0,0.0,false
insta_market_basket,62,quantity_region,tail_p95_p99,45,20190,0,0.0,0.0,0,0.0,0.0,false
insta_market_basket,62,quantity_region,tail_p95_p99,46,20190,1,0.000012382367508667657,0.00004952947003467063,0,0.0,0.2714918851852417,true
insta_market_basket,62,quantity_region,tail_p95_p99,47,20190,1,0.000012382367508667657,0.00004952947003467063,0,0.0,0.22243665158748627,true
insta_market_basket,62,quantity_region,tail_p95_p99,48,20190,0,0.0,0.0,0,0.0,0.0,false
insta_market_basket,62,quantity_region,tail_p95_p99,49,20190,0,0.0,0.0,0,0.0,0.0,false
insta_market_basket,62,quantity_region,tail_p95_p99,50,20190,0,0.0,0.0,0,0.0,0.0,false
insta_market_basket,62,quantity_region,tail_p95_p99,51,20190,0,0.0,0.0,0,0.0,0.0,false
insta_market_basket,62,quantity_region,tail_p95_p99,52,20190,0,0.0,0.0,0,0.0,0.0,false
insta_market_basket,62,quantity_region,tail_p95_p99,53,20190,0,0.0,0.0,0,0.0,0.0,false
insta_market_basket,62,quantity_region,tail_p95_p99,54,20190,0,0.0,0.0,0,0.0,0.0,false
insta_market_basket,62,quantity_region,tail_p95_p99,55,20190,0,0.0,0.0,0,0.0,0.0,false
insta_market_basket,62,quantity_region,tail_p95_p99,56,20190,20069,0.24850173353145122,0.9940069341258049,18176,0.9002476473501734,0.5598968677072373,true
insta_market_basket,62,quantity_region,tail_p95_p99,57,20190,0,0.0,0.0,0,0.0,0.0,false
insta_market_basket,62,quantity_region,tail_p95_p99,58,20190,246,0.0030460624071322437,0.012184249628528975,45,0.002228826151560178,0.4770235993513247,true
insta_market_basket,62,quantity_region,tail_p95_p99,59,20190,0,0.0,0.0,0,0.0,0.0,false
insta_market_basket,62,quantity_region,tail_p95_p99,60,20190,0,0.0,0.0,0,0.0,0.0,false
insta_market_basket,62,quantity_region,tail_p95_p99,61,20190,38,0.000470529965329371,0.001882119861317484,3,0.00014858841010401187,0.3016120646344988,true
insta_market_basket,62,quantity_region,tail_p95_p99,62,20190,6,0.00007429420505200594,0.00029717682020802375,0,0.0,0.38659384101629257,true
insta_market_basket,62,quantity_region,tail_p95_p99,63,20190,3,0.00003714710252600297,0.00014858841010401187,0,0.0,0.388092577457428,true
